Date,Open,High,Low,Close,Volume
2014-09-01,20.0,20.0,20.0,20.0,20.0
2014-09-02,20.0,20.0,20.0,20.0,
2014-09-03,20.0,20.0,20.0,20.0,
2014-09-04,20.0,20.0,20.0,20.0,
2014-09-05,20.0,20.0,20.0,20.0,
2014-09-08,20.0,20.0,20.0,20.0,
2014-09-09,20.0,20.0,20.0,20.0,0.0
2014-09-10,20.0,20.0,20.0,20.0,80.0
2014-09-11,20.0,20.0,20.0,20.0,
2014-09-12,20.0,20.0,20.0,20.0,30.0
2014-09-15,20.0,20.0,20.0,20.0,
2014-09-16,20.0,20.0,20.0,20.0,10.0
2014-09-17,20.0,20.0,20.0,20.0,30.0
2014-09-18,20.0,20.0,20.0,20.0,
2014-09-19,20.0,20.0,20.0,20.0,0.0
2014-09-22,20.0,20.0,20.0,20.0,
2014-09-23,20.0,20.0,20.0,20.0,
2014-09-24,20.0,20.0,20.0,20.0,10.0
2014-09-25,20.0,20.0,20.0,20.0,
2014-09-26,20.0,20.0,20.0,20.0,10.0
2014-09-29,20.0,20.0,20.0,20.0,
2014-09-30,20.0,20.0,20.0,20.0,
2014-10-01,20.0,20.0,20.0,20.0,10.0
2014-10-02,20.0,20.0,20.0,20.0,50.0
2014-10-03,20.0,20.0,20.0,20.0,0.0
2014-10-06,20.0,20.0,20.0,20.0,150.0
2014-10-07,20.0,20.0,20.0,20.0,70.0
2014-10-08,20.0,20.0,20.0,20.0,10.0
2014-10-09,20.0,20.0,20.0,20.0,20.0
2014-10-10,20.0,20.0,20.0,20.0,
2014-10-27,16.61,20.49,16.61,20.49,1300.0
2014-10-28,20.0,20.0,20.0,20.0,180.0
2014-10-29,19.95,19.95,17.84,17.84,140.0
2014-10-30,16.52,16.52,14.99,14.99,390.0
2014-10-31,13.55,13.55,13.54,13.54,480.0
2014-11-03,13.51,13.51,13.5,13.5,150.0
2014-11-04,12.51,12.51,12.51,12.51,150.0
2014-11-05,12.12,12.6,12.12,12.6,120.0
2014-11-06,14.0,15.0,14.0,15.0,30.0
2014-11-07,14.4,15.0,14.4,15.0,30.0
2014-11-12,13.1,13.1,13.1,13.1,70.0
2014-11-13,13.03,13.03,13.03,13.03,30.0
2014-11-14,13.03,13.03,13.03,13.03,50.0
2014-11-17,13.0,13.0,13.0,13.0,200.0
2014-11-18,13.0,13.0,12.6,12.6,60.0
2014-11-19,12.6,12.62,12.6,12.62,10.0
2014-11-20,12.55,12.55,12.55,12.55,80.0
2014-11-21,13.8,13.8,13.8,13.8,170.0
2014-11-24,13.75,13.75,13.75,13.75,10.0
2014-11-25,13.75,13.75,12.5,12.5,60.0
2014-11-26,13.0,13.0,12.5,12.5,150.0
2014-11-27,12.5,12.5,12.1,12.1,270.0
2014-11-28,11.51,12.1,11.51,12.1,100.0
2014-12-01,11.9,11.9,11.9,11.9,150.0
2014-12-02,11.4,11.4,11.2,11.2,60.0
2014-12-03,11.25,11.25,11.25,11.25,50.0
2014-12-04,11.25,12.0,11.25,12.0,100.0
2014-12-05,12.0,12.51,12.0,12.51,50.0
2014-12-08,12.51,12.51,12.51,12.51,10.0
2014-12-09,13.0,13.0,12.51,12.51,110.0
2014-12-10,12.5,12.5,12.5,12.5,120.0
2014-12-11,12.0,12.0,11.7,11.7,280.0
2014-12-12,12.0,12.16,12.0,12.16,370.0
2014-12-15,12.0,12.0,12.0,12.0,250.0
2014-12-16,11.5,11.5,11.5,11.5,20.0
2014-12-17,11.31,11.31,11.31,11.31,60.0
2014-12-18,12.0,12.0,12.0,12.0,290.0
2014-12-19,12.0,12.0,12.0,12.0,40.0
2014-12-22,11.51,11.51,11.51,11.51,170.0
2014-12-23,12.0,12.0,12.0,12.0,640.0
2014-12-29,11.98,11.98,11.98,11.98,100.0
2014-12-30,12.0,12.0,12.0,12.0,3450.0
2015-01-02,13.0,13.0,13.0,13.0,200.0
2015-01-05,13.5,13.5,13.5,13.5,10.0
2015-01-07,13.5,14.0,13.5,14.0,310.0
2015-01-08,14.0,14.0,12.25,12.25,310.0
2015-01-09,10.0,10.0,10.0,10.0,750.0
2015-01-13,11.0,11.3,11.0,11.3,480.0
2015-01-14,11.6,11.87,11.6,11.87,120.0
2015-01-15,12.54,12.99,12.54,12.99,110.0
2015-01-16,13.5,13.5,13.5,13.5,40.0
2015-01-19,13.55,13.55,13.55,13.55,30.0
2015-01-20,12.99,13.0,12.99,13.0,30.0
2015-01-21,12.5,12.97,12.5,12.97,60.0
2015-01-22,13.0,13.0,13.0,13.0,470.0
2015-01-23,13.0,13.0,13.0,13.0,10.0
2015-01-26,13.0,13.0,13.0,13.0,80.0
2015-01-27,13.01,13.67,13.01,13.67,60.0
2015-01-28,13.2,13.37,13.2,13.37,180.0
2015-01-30,13.0,13.0,13.0,13.0,60.0
2015-02-02,13.0,13.0,12.8,12.8,10.0
2015-02-03,12.95,12.95,12.56,12.56,70.0
2015-02-04,12.55,12.55,12.55,12.55,10.0
2015-02-05,12.54,12.54,12.54,12.54,10.0
2015-02-06,12.5,12.5,12.0,12.0,390.0
2015-02-09,12.0,12.0,12.0,12.0,0.0
2015-02-10,12.0,12.0,12.0,12.0,390.0
2015-02-11,11.8,11.8,11.8,11.8,0.0
2015-02-13,11.8,12.0,11.8,12.0,330.0
2015-02-16,11.5,11.5,11.5,11.5,50.0
2015-02-17,11.5,11.5,11.5,11.5,0.0
2015-02-18,11.5,11.5,11.5,11.5,0.0
2015-02-19,12.18,12.18,12.18,12.18,30.0
2015-02-20,12.34,12.34,12.34,12.34,980.0
2015-02-23,12.5,12.5,12.5,12.5,290.0
2015-02-24,12.6,12.95,12.6,12.95,110.0
2015-02-25,12.9,13.9,12.9,13.9,460.0
2015-02-26,14.0,14.3,14.0,14.3,130.0
2015-02-27,15.0,15.99,15.0,15.99,360.0
2015-03-02,15.8,17.0,15.8,17.0,520.0
2015-03-03,18.0,19.78,18.0,19.78,560.0
2015-03-04,18.0,18.0,16.2,16.2,520.0
2015-03-05,15.0,15.0,15.0,15.0,960.0
2015-03-06,15.0,15.0,14.0,14.0,530.0
2015-03-09,14.2,14.2,14.2,14.2,160.0
2015-03-10,13.9,13.9,13.5,13.5,30.0
2015-03-11,13.37,13.37,12.9,12.9,820.0
2015-03-12,12.5,12.5,12.4,12.4,1100.0
2015-03-13,13.7,13.7,13.7,13.7,300.0
2015-03-16,12.74,12.74,12.74,12.74,500.0
2015-03-17,12.45,12.45,12.4,12.4,420.0
2015-03-18,12.4,12.4,12.4,12.4,10.0
2015-03-19,12.4,12.5,12.4,12.5,170.0
2015-03-20,12.45,12.45,12.42,12.42,440.0
2015-03-23,12.4,12.4,12.4,12.4,100.0
2015-03-24,13.05,13.48,13.05,13.48,100.0
2015-03-25,13.55,13.55,13.1,13.1,70.0
2015-03-26,12.9,12.9,12.3,12.3,40.0
2015-03-27,12.2,12.2,12.2,12.2,20.0
2015-03-30,11.6,12.2,11.6,12.2,70.0
2015-03-31,12.2,12.2,12.2,12.2,1000.0
2015-04-01,12.2,12.2,12.2,12.2,1610.0
2015-04-02,12.19,12.19,12.19,12.19,10.0
2015-04-07,11.9,11.9,11.9,11.9,80.0
2015-04-08,11.9,11.9,11.9,11.9,110.0
2015-04-09,11.8,11.8,10.9,10.9,410.0
2015-04-10,12.0,12.8,12.0,12.8,250.0
2015-04-13,12.79,12.79,11.99,11.99,250.0
2015-04-14,12.19,13.0,12.19,13.0,3250.0
2015-04-15,12.89,12.89,12.8,12.8,1510.0
2015-04-16,12.8,12.8,12.8,12.8,20.0
2015-04-17,12.8,12.8,12.7,12.7,1050.0
2015-04-20,12.89,12.89,12.85,12.85,1720.0
2015-04-21,12.85,12.85,12.8,12.8,310.0
2015-04-22,12.79,12.79,12.79,12.79,310.0
2015-04-23,12.79,12.79,12.79,12.79,30.0
2015-04-24,12.79,12.79,12.7,12.7,20.0
2015-04-27,12.68,12.68,12.68,12.68,10.0
2015-04-28,12.7,12.7,12.7,12.7,10.0
2015-04-29,12.69,12.69,12.69,12.69,100.0
2015-04-30,12.69,12.69,12.69,12.69,10.0
2015-05-04,12.89,12.89,12.89,12.89,2990.0
2015-05-05,12.85,12.89,12.85,12.89,770.0
2015-05-06,12.89,12.89,12.85,12.85,300.0
2015-05-07,12.85,12.85,12.85,12.85,40.0
2015-05-08,12.85,12.85,12.85,12.85,460.0
2015-05-11,12.89,12.89,12.89,12.89,110.0
2015-05-12,12.89,12.89,12.89,12.89,10.0
2015-05-13,12.84,12.84,12.84,12.84,780.0
2015-05-14,12.85,12.85,12.85,12.85,10.0
2015-05-15,12.85,12.85,12.85,12.85,160.0
2015-05-18,12.88,12.88,12.88,12.88,10.0
2015-05-19,12.41,12.41,12.35,12.35,160.0
2015-05-20,12.4,12.4,12.4,12.4,10.0
2015-05-22,12.3,12.3,12.1,12.1,410.0
2015-05-25,12.1,12.1,12.1,12.1,0.0
2015-05-26,11.8,11.8,11.8,11.8,340.0
2015-05-28,11.55,11.55,11.55,11.55,500.0
2015-05-29,12.0,12.2,12.0,12.2,240.0
2015-06-01,12.2,12.2,11.25,11.25,110.0
2015-06-02,11.15,11.32,11.15,11.32,80.0
2015-06-03,12.05,12.05,12.05,12.05,150.0
2015-06-05,11.8,12.0,11.8,12.0,10.0
2015-06-08,12.0,12.0,12.0,12.0,0.0
2015-06-10,12.0,12.0,12.0,12.0,10.0
2015-06-11,12.0,12.0,12.0,12.0,230.0
2015-06-12,11.5,11.5,11.5,11.5,10.0
2015-06-15,11.4,11.4,11.4,11.4,790.0
2015-06-16,11.4,11.4,11.4,11.4,20.0
2015-06-17,11.2,11.2,11.2,11.2,10.0
2015-06-18,11.2,11.3,11.2,11.3,80.0
2015-06-19,10.4,10.4,10.4,10.4,170.0
2015-06-22,10.45,10.48,10.45,10.48,60.0
2015-06-24,10.45,10.45,10.45,10.45,70.0
2015-06-25,10.45,10.45,10.45,10.45,20.0
2015-06-26,11.0,11.0,11.0,11.0,550.0
2015-06-29,11.0,11.06,11.0,11.06,60.0
2015-06-30,11.05,11.05,11.05,11.05,120.0
2015-07-01,11.05,11.05,11.05,11.05,10.0
2015-07-02,11.05,11.05,11.05,11.05,10.0
2015-07-03,11.05,11.05,11.05,11.05,10.0
2015-07-06,11.02,11.02,11.02,11.02,10.0
2015-07-07,11.0,11.0,11.0,11.0,10.0
2015-07-08,11.0,11.0,11.0,11.0,10.0
2015-07-09,11.0,11.0,11.0,11.0,170.0
2015-07-10,11.5,11.5,11.5,11.5,40.0
2015-07-14,10.3,10.3,10.3,10.3,20.0
2015-07-15,11.88,11.88,11.88,11.88,30.0
2015-07-17,11.88,11.88,11.88,11.88,100.0
2015-07-21,11.5,11.5,11.5,11.5,0.0
2015-07-22,11.5,11.5,11.5,11.5,10.0
2015-07-23,11.5,11.5,11.5,11.5,0.0
2015-07-24,11.18,11.5,11.18,11.5,10.0
2015-07-27,11.4,11.4,11.4,11.4,0.0
2015-07-28,11.4,11.4,11.17,11.17,30.0
2015-07-29,11.17,11.17,11.17,11.17,20.0
2015-07-31,11.0,11.0,11.0,11.0,380.0
2015-08-03,10.55,10.55,10.55,10.55,30.0
2015-08-05,10.4,10.4,10.4,10.4,120.0
2015-08-06,10.0,10.0,9.97,9.97,140.0
2015-08-07,10.4,10.4,10.4,10.4,10.0
2015-08-10,10.4,10.4,10.4,10.4,0.0
2015-08-11,10.4,10.4,10.4,10.4,0.0
2015-08-12,9.0,9.0,9.0,9.0,40.0
2015-08-13,9.4,9.87,9.4,9.87,210.0
2015-08-14,9.87,10.2,9.87,10.2,120.0
2015-08-18,10.4,10.4,10.4,10.4,0.0
2015-08-20,10.01,10.01,10.01,10.01,30.0
2015-08-21,11.4,11.4,11.4,11.4,50.0
2015-08-24,11.4,11.4,10.45,10.45,200.0
2015-08-25,10.3,10.3,10.24,10.24,1150.0
2015-08-26,10.23,10.23,10.23,10.23,110.0
2015-08-27,10.23,10.23,10.23,10.23,100.0
2015-08-28,10.23,10.23,10.23,10.23,100.0
2015-08-31,10.3,10.3,10.3,10.3,150.0
2015-09-01,10.25,10.25,10.24,10.24,830.0
2015-09-02,10.3,10.3,10.3,10.3,140.0
2015-09-03,10.3,10.3,10.3,10.3,110.0
2015-09-04,10.2,10.2,10.2,10.2,730.0
2015-09-07,10.15,10.15,10.15,10.15,110.0
2015-09-08,10.0,10.0,10.0,10.0,50.0
2015-09-09,10.15,10.15,10.15,10.15,30.0
2015-09-10,10.15,10.15,10.15,10.15,10.0
2015-09-11,10.0,10.0,10.0,10.0,210.0
2015-09-14,10.0,10.0,10.0,10.0,10.0
2015-09-15,10.0,10.0,9.9,9.9,580.0
2015-09-16,10.0,10.0,9.9,9.9,1540.0
2015-09-17,10.16,10.4,10.16,10.4,50.0
2015-09-18,10.2,10.2,10.2,10.2,60.0
2015-09-21,10.2,10.2,10.15,10.15,190.0
2015-09-23,10.2,10.2,10.2,10.2,410.0
2015-09-24,10.4,10.4,10.15,10.15,10.0
2015-09-25,10.0,10.0,9.8,9.8,420.0
2015-09-30,9.8,9.8,9.8,9.8,10.0
2015-10-01,9.81,9.81,9.81,9.81,50.0
2015-10-06,9.89,9.89,9.89,9.89,30.0
2015-10-07,9.89,9.89,9.89,9.89,10.0
2015-10-08,9.9,9.9,9.9,9.9,10.0
2015-10-12,9.93,9.93,9.93,9.93,90.0
2015-10-13,10.0,10.0,10.0,10.0,220.0
2015-10-14,10.0,10.0,10.0,10.0,130.0
2015-10-15,10.0,10.0,10.0,10.0,10.0
2015-10-16,9.99,9.99,9.99,9.99,10.0
2015-10-19,9.99,9.99,9.99,9.99,10.0
2015-10-20,9.99,9.99,9.91,9.91,60.0
2015-10-22,9.91,10.0,9.91,10.0,210.0
2015-10-23,10.0,11.0,10.0,11.0,1630.0
2015-10-28,13.2,14.52,13.2,14.52,10820.0
2015-10-29,16.9,16.9,14.44,14.44,7520.0
2015-10-30,15.44,15.44,13.18,13.18,1020.0
2015-11-02,13.0,13.0,11.01,11.01,1960.0
2015-11-03,11.5,11.5,11.5,11.5,2680.0
2015-11-04,11.11,11.11,11.0,11.0,740.0
2015-11-05,10.71,10.71,10.71,10.71,540.0
2015-11-06,11.0,11.0,10.6,10.6,1060.0
2015-11-09,10.6,10.6,10.55,10.55,550.0
2015-11-10,11.02,11.02,10.99,10.99,870.0
2015-11-12,10.98,10.98,10.98,10.98,640.0
2015-11-13,10.93,10.93,10.93,10.93,190.0
2015-11-16,10.51,10.51,10.06,10.06,150.0
2015-11-17,11.0,11.86,11.0,11.86,2360.0
2015-11-18,11.42,11.42,11.29,11.29,1920.0
2015-11-19,11.2,11.2,11.2,11.2,1430.0
2015-11-20,11.0,11.0,11.0,11.0,550.0
2015-11-23,10.7,10.7,10.7,10.7,10.0
2015-11-24,10.65,10.65,10.31,10.31,310.0
2015-11-25,10.2,10.2,10.2,10.2,870.0
2015-11-26,10.24,10.3,10.24,10.3,140.0
2015-12-01,10.3,10.3,9.5,9.5,60.0
2015-12-02,9.5,9.5,9.5,9.5,80.0
2015-12-03,9.8,9.8,9.8,9.8,70.0
2015-12-04,9.9,9.9,9.9,9.9,10.0
2015-12-08,10.65,10.65,10.1,10.1,400.0
2015-12-10,10.0,10.0,9.99,9.99,3380.0
2015-12-11,10.0,10.0,9.5,9.5,490.0
2015-12-14,9.35,9.35,9.34,9.34,1670.0
2015-12-15,8.91,8.91,8.91,8.91,350.0
2015-12-16,8.7,9.2,8.7,9.2,3130.0
2015-12-17,8.9,9.3,8.9,9.3,150.0
2015-12-18,8.99,9.02,8.99,9.02,1130.0
2015-12-21,8.35,8.35,8.35,8.35,40.0
2015-12-22,8.5,9.0,8.5,9.0,250.0
2015-12-23,9.2,9.2,9.2,9.2,80.0
2015-12-28,9.29,9.29,9.29,9.29,50.0
2015-12-29,8.55,8.55,8.0,8.0,2210.0
2015-12-30,8.3,8.3,8.3,8.3,10.0
2016-01-04,8.7,9.0,8.7,9.0,510.0
2016-01-05,9.0,9.0,9.0,9.0,50.0
2016-01-07,9.3,9.3,9.0,9.0,360.0
2016-01-08,9.0,9.0,9.0,9.0,50.0
2016-01-11,8.9,8.9,8.9,8.9,10.0
2016-01-12,8.81,9.3,8.81,9.3,140.0
2016-01-13,9.4,9.4,9.4,9.4,10.0
2016-01-14,10.65,10.65,10.65,10.65,60.0
2016-01-15,10.65,10.65,10.65,10.65,50.0
2016-01-18,10.3,10.3,10.3,10.3,10.0
2016-01-19,10.0,10.0,10.0,10.0,10.0
2016-01-20,9.0,9.0,8.98,8.98,110.0
2016-01-21,8.01,8.01,8.01,8.01,60.0
2016-01-25,9.0,9.0,9.0,9.0,130.0
2016-01-26,9.0,9.0,9.0,9.0,10.0
2016-01-27,8.78,8.99,8.78,8.99,360.0
2016-01-28,9.0,9.0,9.0,9.0,410.0
2016-01-29,9.0,9.0,9.0,9.0,150.0
2016-02-01,9.05,9.05,9.05,9.05,1140.0
2016-02-02,8.7,8.7,8.7,8.7,30.0
2016-02-03,8.7,8.7,8.7,8.7,10.0
2016-02-04,9.03,9.03,9.02,9.02,1900.0
2016-02-05,9.0,9.0,9.0,9.0,250.0
2016-02-08,9.01,9.01,9.0,9.0,1540.0
2016-02-09,9.0,9.0,9.0,9.0,310.0
2016-02-10,9.0,9.0,9.0,9.0,20.0
2016-02-11,9.0,9.0,9.0,9.0,0.0
2016-02-12,9.0,9.0,9.0,9.0,10.0
2016-02-15,9.0,9.0,9.0,9.0,550.0
2016-02-16,8.26,8.75,8.26,8.75,1040.0
2016-02-17,9.0,9.0,9.0,9.0,110.0
2016-02-19,8.75,8.75,8.75,8.75,90.0
2016-02-22,9.0,9.0,8.77,8.77,210.0
2016-02-23,8.8,8.8,8.8,8.8,30.0
2016-02-24,8.8,8.8,8.8,8.8,310.0
2016-02-25,8.8,8.8,8.44,8.44,60.0
2016-02-26,8.8,8.8,8.8,8.8,50.0
2016-02-29,8.58,8.73,8.58,8.73,120.0
2016-03-01,8.8,9.0,8.8,9.0,360.0
2016-03-02,8.82,8.82,8.48,8.48,700.0
2016-03-03,8.8,8.8,8.8,8.8,100.0
2016-03-04,8.0,8.0,8.0,8.0,1230.0
2016-03-07,8.8,8.8,8.75,8.75,220.0
2016-03-09,8.82,8.82,8.82,8.82,330.0
2016-03-10,8.8,8.8,8.8,8.8,350.0
2016-03-11,8.8,8.8,8.8,8.8,800.0
2016-03-14,8.78,8.78,8.77,8.77,500.0
2016-03-15,8.77,8.77,8.77,8.77,0.0
2016-03-16,8.77,8.77,8.6,8.6,20.0
2016-03-17,8.6,8.6,8.6,8.6,40.0
2016-03-18,8.8,8.82,8.8,8.82,410.0
2016-03-21,8.82,9.9,8.82,9.9,330.0
2016-03-22,9.2,10.11,9.2,10.11,940.0
2016-03-23,9.3,9.3,9.2,9.2,1770.0
2016-03-24,9.2,9.2,9.2,9.2,1020.0
2016-03-29,9.2,9.2,9.2,9.2,80.0
2016-03-30,8.5,8.5,8.5,8.5,140.0
2016-03-31,8.51,8.54,8.51,8.54,60.0
2016-04-01,9.3,9.3,9.3,9.3,40.0
2016-04-04,9.0,9.0,9.0,9.0,10.0
2016-04-06,9.0,9.0,9.0,9.0,10.0
2016-04-07,9.0,9.0,9.0,9.0,10.0
2016-04-08,8.76,8.76,8.76,8.76,300.0
2016-04-11,8.76,8.76,8.76,8.76,230.0
2016-04-12,9.29,9.29,9.29,9.29,3980.0
2016-04-13,9.0,9.0,9.0,9.0,1670.0
2016-04-14,9.0,9.0,9.0,9.0,3680.0
2016-04-15,9.0,9.0,9.0,9.0,10.0
2016-04-18,8.99,8.99,8.99,8.99,180.0
2016-04-19,9.0,9.0,9.0,9.0,660.0
2016-04-20,9.0,9.0,9.0,9.0,760.0
2016-04-21,9.0,9.0,9.0,9.0,6830.0
2016-04-22,9.0,9.0,9.0,9.0,6680.0
2016-04-25,8.99,8.99,8.99,8.99,510.0
2016-04-26,8.99,9.0,8.99,9.0,8990.0
2016-04-27,9.33,10.91,9.33,10.91,3010.0
2016-04-28,12.97,14.26,12.97,14.26,3790.0
2016-04-29,16.46,18.1,16.46,18.1,2960.0
2016-05-02,19.9,19.9,19.87,19.87,4490.0
2016-05-04,21.85,21.98,21.85,21.98,7350.0
2016-05-05,21.0,21.22,21.0,21.22,4880.0
2016-05-06,22.63,23.0,22.63,23.0,1970.0
2016-05-09,25.0,27.5,25.0,27.5,1440.0
2016-05-10,30.0,30.0,30.0,30.0,3180.0
2016-05-11,30.0,30.0,30.0,30.0,1660.0
2016-05-12,31.0,31.0,31.0,31.0,610.0
2016-05-13,32.4,32.4,31.0,31.0,2510.0
2016-05-16,31.0,32.4,31.0,32.4,710.0
2016-05-17,32.4,32.4,30.0,30.0,2310.0
2016-05-18,29.49,29.49,27.0,27.0,1830.0
2016-05-19,23.0,23.0,21.51,21.51,1610.0
2016-05-20,21.0,21.0,21.0,21.0,3710.0
2016-05-24,25.2,25.2,25.2,25.2,2080.0
2016-05-25,30.03,33.0,30.03,33.0,5380.0
2016-05-27,39.85,39.85,39.85,39.85,15560.0
2016-05-30,38.0,50.57,38.0,50.57,14230.0
2016-05-31,52.01,63.0,52.01,63.0,15930.0
2016-06-01,65.98,72.57,60.01,63.5,31440.0
2016-06-02,61.99,71.0,55.8,68.0,46340.0
2016-06-03,68.0,68.0,61.2,62.0,9540.0
2016-06-06,62.2,67.6,59.51,64.0,9750.0
2016-06-07,64.4,64.4,60.0,60.12,3280.0
2016-06-08,60.02,63.84,60.02,63.83,9980.0
2016-06-09,63.83,74.0,63.3,72.6,11710.0
2016-06-10,70.51,72.0,67.5,69.3,4360.0
2016-06-13,67.7,69.3,65.0,65.0,980.0
2016-06-14,63.02,64.0,57.0,63.64,2080.0
2016-06-15,64.0,65.8,59.0,59.0,6800.0
2016-06-16,58.1,60.8,56.0,56.5,9720.0
2016-06-17,56.5,58.6,54.5,57.9,1560.0
2016-06-20,58.6,60.95,57.01,59.45,620.0
2016-06-21,59.44,59.44,54.5,56.28,880.0
2016-06-22,56.28,58.0,56.0,56.28,1000.0
2016-06-23,54.44,56.7,54.44,54.65,230.0
2016-06-24,51.99,53.0,47.0,51.8,8520.0
2016-06-27,56.6,56.6,50.95,52.97,1520.0
2016-06-28,52.97,64.08,50.15,64.08,6110.0
2016-06-29,64.83,67.12,52.85,52.85,19320.0
2016-06-30,53.26,55.7,51.51,52.48,7380.0
2016-07-01,52.7,52.7,47.5,48.5,3590.0
2016-07-04,48.5,50.0,46.75,47.3,430.0
2016-07-05,47.1,50.0,45.75,49.0,6310.0
2016-07-06,50.0,52.0,50.0,50.0,2540.0
2016-07-07,50.0,51.5,46.0,47.02,3940.0
2016-07-08,47.7,49.5,47.11,49.5,350.0
2016-07-11,49.8,51.0,48.4,48.4,1080.0
2016-07-12,48.4,48.7,47.51,47.56,1660.0
2016-07-13,47.6,48.85,47.6,47.66,280.0
2016-07-14,49.0,49.0,47.68,47.73,330.0
2016-07-15,47.72,51.98,47.72,50.55,10200.0
2016-07-18,50.55,51.0,48.1,48.21,2009.9999999999998
2016-07-19,49.31,49.31,47.3,48.0,2090.0
2016-07-20,48.3,49.29,47.5,48.1,1120.0
2016-07-21,49.0,49.5,47.7,49.0,2290.0
2016-07-22,50.0,50.85,48.0,50.83,5930.0
2016-07-25,50.5,62.1,50.49,62.1,8530.0
2016-07-26,63.0,76.23,63.0,76.0,16910.0
2016-07-27,77.1,90.18,77.1,87.99,21460.0
2016-07-28,88.56,95.0,88.56,90.53,10590.0
2016-07-29,91.0,97.4,91.0,97.4,13990.0
2016-08-01,100.1,114.9,100.1,110.5,25440.0
2016-08-02,110.0,112.4,100.1,100.2,11990.0
2016-08-03,100.05,104.3,100.0,104.3,4570.0
2016-08-04,104.1,130.0,104.1,130.0,13360.0
2016-08-05,136.2,136.2,122.6,122.75,11230.0
2016-08-08,123.5,127.2,111.15,111.6,7120.0
2016-08-09,113.75,117.8,102.4,110.9,10460.0
2016-08-10,113.0,136.7,102.0,136.7,15310.0
2016-08-11,138.5,159.2,136.7,154.0,12600.0
2016-08-12,154.05,154.2,140.1,150.0,1770.0
2016-08-16,3.77,3.77,3.39,3.42,92640.0
2016-08-17,3.5,3.6,3.42,3.55,136080.0
2016-08-18,3.55,3.62,3.48,3.56,67760.0
2016-08-19,3.44,3.73,3.44,3.52,39800.0
2016-08-22,3.38,3.52,3.35,3.45,36800.0
2016-08-23,3.49,3.85,3.41,3.85,116240.0
2016-08-24,4.0,4.25,4.0,4.21,328160.0
2016-08-25,4.25,4.67,4.25,4.67,359960.0
2016-08-26,4.7,5.35,3.8,5.18,1270000.0
2016-08-29,5.45,5.52,5.0,5.31,781180.0
2016-08-30,5.85,6.93,5.8,6.38,1490000.0
2016-08-31,6.64,6.81,6.01,6.14,746800.0
2016-09-01,6.14,6.35,5.31,5.41,453150.0
2016-09-02,5.35,5.47,5.31,5.43,238980.0
2016-09-05,5.44,6.6,5.1,6.6,1270000.0
2016-09-06,6.72,6.82,5.49,5.49,880590.0
2016-09-07,5.11,5.48,5.03,5.07,387280.0
2016-09-08,5.07,5.34,5.06,5.17,227730.0
2016-09-09,5.2,5.26,5.0,5.1,255230.0
2016-09-12,5.1,5.15,4.2,4.74,607190.0
2016-09-13,4.75,4.83,3.52,3.56,782010.0
2016-09-14,3.5,3.85,3.42,3.7,261459.99999999997
2016-09-15,3.75,4.13,3.7,3.86,403230.0
2016-09-16,3.86,4.17,3.86,4.0,281460.0
2016-09-19,4.16,4.18,3.38,3.41,507120.0
2016-09-20,3.3,3.72,3.15,3.72,634380.0
2016-09-21,3.81,3.93,3.3,3.41,591940.0
2016-09-22,3.41,3.46,2.9,3.01,503390.0
2016-09-23,3.01,3.1,3.0,3.05,195460.0
2016-09-26,3.07,3.7,3.07,3.6,1280000.0
2016-09-27,3.62,3.64,2.95,2.95,1010000.0
2016-09-28,3.0,3.09,2.67,3.03,835860.0
2016-09-29,3.01,3.08,2.45,2.45,1060000.0
2016-09-30,2.45,2.62,2.45,2.57,555450.0
2016-10-03,2.55,2.8,2.29,2.34,994390.0
2016-10-04,2.34,2.48,2.33,2.45,503090.0
2016-10-05,2.48,2.59,2.42,2.57,573990.0
2016-10-06,2.41,2.5,2.15,2.15,761630.0
2016-10-07,2.18,2.2,2.02,2.06,520179.99999999994
2016-10-10,2.09,2.14,2.07,2.12,235390.0
2016-10-11,2.12,2.19,2.12,2.15,520250.0
2016-10-12,2.14,2.26,2.14,2.24,419560.0
2016-10-13,2.25,2.29,2.21,2.26,321760.0
2016-10-14,2.26,2.48,2.26,2.39,490810.0
2016-10-17,2.5,2.57,2.35,2.42,637140.0
2016-10-18,2.5,2.52,2.03,2.05,988350.0
2016-10-19,2.05,2.1,2.02,2.04,234260.0
2016-10-20,2.06,2.12,2.03,2.04,325060.0
2016-10-21,2.06,2.16,2.03,2.14,528160.0
2016-10-24,2.15,2.24,1.75,1.77,1880000.0
2016-10-25,1.74,1.75,1.47,1.59,1900000.0
2016-10-26,1.6,1.69,1.3,1.31,3170000.0
2016-10-27,1.33,1.37,1.11,1.28,2720000.0
2016-10-28,1.25,1.3,1.08,1.1,1850000.0
2016-10-31,1.09,1.12,1.08,1.1,698920.0
2016-11-02,1.1,1.28,1.1,1.25,1210000.0
2016-11-03,1.26,1.29,1.21,1.23,937950.0
2016-11-04,1.24,1.32,1.24,1.28,826770.0
2016-11-07,1.34,1.47,1.29,1.39,4200000.0
2016-11-08,1.4,1.42,1.08,1.11,3790000.0
2016-11-09,1.12,1.17,1.11,1.16,546050.0
2016-11-10,1.16,1.18,1.13,1.14,426850.0
2016-11-14,1.14,1.19,1.12,1.14,1170000.0
2016-11-15,1.14,1.15,1.11,1.15,395610.0
2016-11-16,1.14,1.14,1.03,1.03,1020000.0
2016-11-17,1.02,1.05,1.02,1.03,360550.0
2016-11-18,1.04,1.06,1.03,1.05,400040.0
2016-11-21,1.03,1.06,1.03,1.06,237450.0
2016-11-22,1.06,1.08,1.04,1.08,304290.0
2016-11-23,1.08,1.18,1.08,1.14,3090000.0
2016-11-24,1.14,1.14,1.01,1.05,1780000.0
2016-11-25,1.06,1.07,1.02,1.03,653780.0
2016-11-28,1.04,1.06,1.03,1.04,430290.0
2016-11-29,1.04,1.05,1.03,1.05,250300.0
2016-11-30,1.05,1.08,1.04,1.07,560310.0
2016-12-01,1.08,1.1,1.07,1.09,322370.0
2016-12-02,1.09,1.11,1.09,1.1,466020.0
2016-12-05,1.1,1.13,1.09,1.1,584530.0
2016-12-06,1.11,1.12,1.1,1.11,336010.0
2016-12-07,1.11,1.11,1.0,1.0,1890000.0
2016-12-08,1.01,1.02,0.93,0.97,1130000.0
2016-12-09,0.97,1.0,0.95,0.97,313050.0
2016-12-12,1.0,1.01,0.89,0.91,1180000.0
2016-12-13,0.91,1.01,0.91,1.0,942180.0
2016-12-14,1.0,1.0,0.86,0.91,1790000.0
2016-12-15,0.9,0.92,0.81,0.84,1150000.0
2016-12-16,0.84,0.89,0.84,0.87,780870.0
2016-12-19,0.87,0.88,0.86,0.88,358800.0
2016-12-20,0.87,0.89,0.85,0.88,656050.0
2016-12-21,0.88,0.96,0.83,0.88,2049999.9999999998
2016-12-22,0.89,0.89,0.79,0.8,2310000.0
2016-12-23,0.81,0.81,0.77,0.8,1320000.0
2016-12-27,0.8,0.8,0.78,0.8,81820.0
2016-12-28,0.79,0.85,0.77,0.78,598890.0
2016-12-29,0.78,0.79,0.77,0.79,204890.0
2016-12-30,0.79,0.79,0.77,0.77,199470.0
2017-01-02,0.78,0.78,0.75,0.75,211820.0
2017-01-03,0.75,0.87,0.75,0.84,2130000.0
2017-01-04,0.84,0.85,0.8,0.84,1140000.0
2017-01-05,0.85,0.86,0.84,0.85,338600.0
2017-01-09,0.85,0.86,0.84,0.84,214990.0
2017-01-10,0.85,0.85,0.7,0.7,3180000.0
2017-01-11,0.69,0.7,0.6,0.61,2910000.0
2017-01-12,0.62,0.65,0.61,0.63,920990.0
2017-01-13,0.64,0.66,0.62,0.65,435590.0
2017-01-16,0.65,0.66,0.62,0.65,290290.0
2017-01-17,0.65,0.65,0.62,0.63,649870.0
2017-01-18,0.64,0.67,0.63,0.65,1140000.0
2017-01-19,0.66,0.67,0.6,0.62,889140.0
2017-01-20,0.61,0.63,0.61,0.62,184290.0
2017-01-23,0.62,0.62,0.59,0.61,630000.0
2017-01-24,0.61,0.62,0.6,0.61,246790.0
2017-01-25,0.61,0.66,0.57,0.58,2490000.0
2017-01-26,0.58,0.58,0.54,0.56,929920.0
2017-01-27,0.56,0.56,0.53,0.55,634880.0
2017-01-30,0.58,0.61,0.56,0.6,1040000.0
2017-01-31,0.6,0.6,0.57,0.58,234440.0
2017-02-01,0.59,0.6,0.57,0.58,300510.0
2017-02-02,0.58,0.61,0.58,0.6,632940.0
2017-02-03,0.61,0.61,0.58,0.58,489830.0
2017-02-06,0.58,0.59,0.57,0.58,269040.0
2017-02-07,0.59,0.59,0.54,0.55,1340000.0
2017-02-08,0.55,0.57,0.55,0.56,410690.0
2017-02-09,0.56,0.57,0.55,0.57,194390.0
2017-02-10,0.57,0.57,0.54,0.55,540450.0
2017-02-13,0.55,0.56,0.54,0.55,226080.0
2017-02-14,0.55,0.56,0.53,0.53,491930.0
2017-02-15,0.54,0.55,0.52,0.55,322460.0
2017-02-16,0.55,0.63,0.53,0.61,2790000.0
2017-02-17,0.62,0.63,0.59,0.6,1050000.0
2017-02-20,0.6,0.61,0.59,0.61,388580.0
2017-02-21,0.6,0.61,0.59,0.6,420690.0
2017-02-22,0.61,0.78,0.6,0.78,6510000.0
2017-02-23,0.8,0.86,0.69,0.8,7010000.0
2017-02-24,0.81,0.85,0.77,0.79,4200000.0
2017-02-27,0.75,0.81,0.74,0.79,1290000.0
2017-02-28,0.8,0.8,0.74,0.76,1380000.0
2017-03-01,0.76,0.83,0.76,0.8,2730000.0
2017-03-02,0.81,0.81,0.79,0.79,606600.0
2017-03-03,0.79,0.85,0.75,0.85,2140000.0
2017-03-06,0.86,1.06,0.84,1.02,4370000.0
2017-03-07,1.07,1.16,0.97,0.97,2780000.0
2017-03-08,0.93,0.98,0.9,0.94,1300000.0
2017-03-09,0.91,0.99,0.91,0.96,498560.0
2017-03-10,0.98,0.98,0.91,0.96,355200.0
2017-03-13,0.96,1.1,0.93,1.08,2110000.0
2017-03-14,1.11,1.11,1.03,1.03,708550.0
2017-03-15,1.05,1.08,0.97,1.0,1670000.0
2017-03-16,1.03,1.03,0.99,1.0,809000.0
2017-03-17,1.01,1.01,0.96,0.99,517250.0
2017-03-20,0.99,0.99,0.91,0.93,783770.0
2017-03-21,0.94,0.94,0.77,0.77,1420000.0
2017-03-22,0.75,0.86,0.68,0.82,3240000.0
2017-03-23,0.85,0.89,0.81,0.83,703590.0
2017-03-24,0.85,0.85,0.81,0.83,273410.0
2017-03-27,0.82,0.82,0.79,0.82,210810.0
2017-03-28,0.82,0.9,0.78,0.85,831830.0
2017-03-29,0.85,0.9,0.83,0.84,373280.0
2017-03-30,0.83,0.85,0.8,0.81,255230.0
2017-03-31,0.81,0.84,0.81,0.83,135710.0
2017-04-03,0.78,0.82,0.77,0.77,396440.0
2017-04-04,0.76,0.79,0.76,0.79,277720.0
2017-04-05,0.79,0.83,0.75,0.8,429750.0
2017-04-06,0.78,0.8,0.77,0.79,133390.0
2017-04-07,0.78,0.8,0.77,0.78,107280.0
2017-04-10,0.79,0.81,0.79,0.81,80460.0
2017-04-11,0.81,0.85,0.79,0.79,388960.0
2017-04-12,0.82,0.82,0.78,0.8,89100.0
2017-04-13,0.79,0.8,0.78,0.79,70330.0
2017-04-18,0.79,0.81,0.78,0.79,93840.0
2017-04-19,0.78,0.79,0.77,0.77,116540.0
2017-04-20,0.78,0.8,0.77,0.79,81970.0
2017-04-21,0.77,0.79,0.73,0.75,312110.0
2017-04-24,0.73,0.76,0.71,0.75,270370.0
2017-04-25,0.75,0.77,0.74,0.77,148390.0
2017-04-26,0.77,0.77,0.72,0.74,104820.0
2017-04-27,0.75,0.75,0.73,0.75,74910.0
2017-04-28,0.74,0.76,0.72,0.76,64290.00000000001
2017-05-02,0.77,0.78,0.74,0.77,135990.0
2017-05-04,0.81,1.04,0.81,0.99,3140000.0
2017-05-05,0.98,0.98,0.89,0.91,1600000.0
2017-05-08,0.92,0.98,0.88,0.89,986260.0
2017-05-09,0.87,0.9,0.79,0.79,1090000.0
2017-05-10,0.8,0.83,0.77,0.77,794570.0
2017-05-11,0.77,0.84,0.77,0.78,772210.0
2017-05-12,0.8,0.81,0.79,0.8,226620.0
2017-05-15,0.8,0.81,0.79,0.8,188450.0
2017-05-16,0.8,0.8,0.76,0.78,284360.0
2017-05-17,0.78,0.78,0.74,0.74,326240.0
2017-05-18,0.74,0.74,0.67,0.71,513539.99999999994
2017-05-19,0.71,0.73,0.68,0.69,344600.0
2017-05-22,0.69,0.7,0.63,0.65,698680.0
2017-05-23,0.66,0.68,0.64,0.67,252070.0
2017-05-24,0.67,0.72,0.66,0.71,393790.0
2017-05-25,0.72,0.79,0.72,0.78,755980.0
2017-05-26,0.78,0.81,0.76,0.8,277200.0
2017-05-29,0.8,0.8,0.74,0.77,307280.0
2017-05-30,0.79,0.79,0.73,0.73,264830.0
2017-05-31,0.71,0.74,0.69,0.74,255850.0
2017-06-01,0.73,0.78,0.72,0.77,134040.0
2017-06-02,0.75,0.79,0.75,0.78,143550.0
2017-06-05,0.78,0.82,0.77,0.8,291220.0
2017-06-06,0.81,0.81,0.78,0.78,130830.00000000001
2017-06-07,0.78,0.79,0.76,0.78,140410.0
2017-06-08,0.76,0.78,0.75,0.76,67920.0
2017-06-09,0.76,0.77,0.75,0.75,100840.0
2017-06-12,0.75,0.76,0.73,0.73,168040.0
2017-06-13,0.75,0.75,0.72,0.75,86630.0
2017-06-14,0.75,0.77,0.73,0.75,123330.0
2017-06-16,0.75,0.77,0.74,0.76,39920.0
2017-06-19,0.76,0.76,0.72,0.74,100580.0
2017-06-20,0.73,0.76,0.73,0.73,98820.0
2017-06-21,0.73,0.74,0.71,0.73,178050.0
2017-06-22,0.73,0.74,0.72,0.73,50110.0
2017-06-23,0.73,0.73,0.7,0.72,127930.0
2017-06-26,0.72,0.73,0.71,0.72,90590.0
2017-06-27,0.71,0.76,0.71,0.74,237490.0
2017-06-28,0.74,0.75,0.73,0.73,138660.0
2017-06-29,0.73,0.75,0.72,0.75,75740.0
2017-06-30,0.75,0.75,0.72,0.75,109240.0
2017-07-03,0.74,0.74,0.72,0.73,163220.0
2017-07-04,0.73,0.74,0.73,0.74,26320.0
2017-07-05,0.73,0.74,0.72,0.74,81930.0
2017-07-06,0.74,0.75,0.72,0.74,41240.0
2017-07-07,0.74,0.74,0.73,0.73,19400.0
2017-07-10,0.73,0.75,0.73,0.73,155150.0
2017-07-11,0.73,0.73,0.7,0.73,208660.0
2017-07-12,0.72,0.72,0.7,0.71,140210.0
2017-07-13,0.7,0.72,0.69,0.71,133470.0
2017-07-14,0.71,0.72,0.7,0.72,52320.0
2017-07-17,0.69,0.72,0.69,0.71,47580.0
2017-07-18,0.71,0.72,0.7,0.71,71940.0
2017-07-19,0.72,0.72,0.7,0.71,35250.0
2017-07-20,0.72,0.86,0.72,0.86,2120000.0
2017-07-21,0.86,0.87,0.79,0.79,1110000.0
2017-07-24,0.81,0.81,0.76,0.79,268880.0
2017-07-25,0.8,0.8,0.76,0.77,173710.0
2017-07-26,0.78,0.79,0.75,0.77,299320.0
2017-07-27,0.77,0.78,0.74,0.78,159460.0
2017-07-28,0.78,0.84,0.77,0.8,800920.0
2017-07-31,0.82,0.89,0.82,0.88,681530.0
2017-08-01,0.89,0.9,0.83,0.83,683740.0
2017-08-02,0.83,0.83,0.8,0.81,487610.0
2017-08-03,0.81,0.84,0.8,0.82,302140.0
2017-08-04,0.83,0.85,0.82,0.84,231640.0
2017-08-07,0.84,0.86,0.82,0.85,243650.0
2017-08-08,0.85,0.86,0.78,0.79,406040.0
2017-08-09,0.79,0.79,0.75,0.77,284200.0
2017-08-10,0.76,0.78,0.76,0.78,75520.0
2017-08-11,0.78,0.79,0.77,0.79,51510.0
2017-08-14,0.79,0.81,0.77,0.8,112120.0
2017-08-16,0.8,0.81,0.77,0.79,178200.0
2017-08-17,0.78,0.78,0.76,0.77,142050.0
2017-08-18,0.76,0.77,0.75,0.77,54360.0
2017-08-21,0.77,0.79,0.73,0.79,151860.0
2017-08-22,0.79,0.8,0.77,0.78,175820.0
2017-08-23,0.8,0.8,0.76,0.76,252230.0
2017-08-24,0.77,0.8,0.76,0.8,498690.0
2017-08-25,0.8,0.81,0.77,0.78,314990.0
2017-08-28,0.78,0.79,0.76,0.77,113730.0
2017-08-29,0.77,0.77,0.74,0.76,243780.0
2017-08-30,0.76,0.78,0.75,0.77,254070.0
2017-08-31,0.77,0.77,0.75,0.75,229750.0
2017-09-01,0.74,0.76,0.74,0.76,82830.0
2017-09-04,0.75,0.77,0.75,0.76,133520.0
2017-09-05,0.76,0.79,0.75,0.78,252760.0
2017-09-06,0.79,0.79,0.77,0.79,168590.0
2017-09-07,0.78,0.79,0.76,0.77,144240.0
2017-09-08,0.76,0.78,0.75,0.76,139620.0
2017-09-11,0.77,0.78,0.76,0.77,61500.0
2017-09-12,0.76,0.77,0.75,0.76,43590.0
2017-09-13,0.77,0.77,0.76,0.77,30580.0
2017-09-14,0.77,0.77,0.75,0.76,36570.0
2017-09-15,0.75,0.76,0.75,0.76,29310.0
2017-09-18,0.75,0.75,0.66,0.68,920360.0
2017-09-19,0.68,0.69,0.65,0.67,265890.0
2017-09-20,0.67,0.67,0.65,0.67,216490.0
2017-09-21,0.67,0.7,0.66,0.69,177250.0
2017-09-22,0.69,0.69,0.66,0.67,80280.0
2017-09-25,0.66,0.67,0.65,0.67,65150.00000000001
2017-09-26,0.67,0.67,0.63,0.64,126080.0
2017-09-27,0.64,0.67,0.63,0.66,106500.0
2017-09-28,0.65,0.66,0.64,0.65,38520.0
2017-09-29,0.65,0.66,0.64,0.66,131970.0
2017-10-02,0.66,0.66,0.62,0.63,214780.0
2017-10-03,0.62,0.63,0.6,0.63,139130.0
2017-10-04,0.63,0.64,0.6,0.63,80550.0
2017-10-05,0.64,0.64,0.6,0.62,98420.0
2017-10-06,0.6,0.61,0.6,0.61,113360.0
2017-10-09,0.6,0.61,0.59,0.6,86690.0
2017-10-10,0.61,0.65,0.59,0.64,404970.0
2017-10-11,0.65,0.66,0.64,0.65,158420.0
2017-10-12,0.65,0.66,0.62,0.63,126510.0
2017-10-13,0.63,0.63,0.62,0.63,53830.0
2017-10-16,0.62,0.63,0.62,0.63,49720.0
2017-10-17,0.62,0.63,0.62,0.63,36630.0
2017-10-18,0.62,0.62,0.61,0.61,77670.0
2017-10-19,0.61,0.61,0.59,0.61,98760.0
2017-10-20,0.63,0.65,0.61,0.62,260560.0
2017-10-23,0.61,0.62,0.6,0.62,87650.0
2017-10-24,0.61,0.61,0.59,0.6,74410.0
2017-10-25,0.6,0.61,0.6,0.6,66570.0
2017-10-26,0.6,0.6,0.59,0.6,91370.0
2017-10-27,0.6,0.63,0.6,0.61,136090.0
2017-10-30,0.62,0.63,0.6,0.62,92530.0
2017-10-31,0.61,0.62,0.6,0.61,46370.0
2017-11-02,0.61,0.62,0.61,0.61,27030.0
2017-11-03,0.61,0.64,0.61,0.64,67590.0
2017-11-06,0.64,0.73,0.64,0.7,1190000.0
2017-11-07,0.7,0.75,0.69,0.69,767600.0
2017-11-08,0.69,0.73,0.66,0.72,480260.0
2017-11-09,0.72,0.72,0.69,0.7,70170.0
2017-11-10,0.7,0.73,0.69,0.7,131520.0
2017-11-13,0.71,0.72,0.69,0.69,84720.0
2017-11-14,0.7,0.7,0.67,0.68,88900.0
2017-11-15,0.68,0.69,0.67,0.67,66480.0
2017-11-16,0.67,0.68,0.65,0.66,112780.0
2017-11-17,0.65,0.67,0.65,0.67,68160.0
2017-11-20,0.67,0.69,0.66,0.67,93040.0
2017-11-21,0.67,0.68,0.66,0.68,60560.0
2017-11-22,0.56,0.64,0.55,0.55,1710000.0
2017-11-23,0.52,0.53,0.48,0.52,1040000.0
2017-11-24,0.52,0.53,0.51,0.52,91290.0
2017-11-27,0.52,0.53,0.5,0.5,280770.0
2017-11-28,0.49,0.49,0.46,0.48,255130.0
2017-11-29,0.48,0.49,0.48,0.49,92720.0
2017-11-30,0.48,0.49,0.46,0.46,125130.0
2017-12-01,0.46,0.47,0.43,0.45,227970.0
2017-12-04,0.45,0.45,0.43,0.44,92800.0
2017-12-05,0.43,0.43,0.42,0.43,178610.0
2017-12-06,0.42,0.42,0.4,0.42,160300.0
2017-12-07,0.42,0.44,0.42,0.44,275500.0
2017-12-08,0.43,0.44,0.42,0.44,72350.0
2017-12-11,0.44,0.44,0.43,0.43,31870.0
2017-12-12,0.43,0.45,0.41,0.44,277870.0
2017-12-13,0.44,0.45,0.43,0.44,142510.0
2017-12-14,0.44,0.45,0.42,0.43,186740.0
2017-12-15,0.42,0.43,0.39,0.42,137950.0
2017-12-18,0.41,0.42,0.39,0.41,277290.0
2017-12-19,0.38,0.39,0.34,0.35,1020000.0
2017-12-20,0.35,0.35,0.32,0.33,536520.0
2017-12-21,0.34,0.35,0.33,0.35,185610.0
2017-12-22,0.37,0.38,0.35,0.35,349050.0
2017-12-27,0.35,0.35,0.34,0.35,276890.0
2017-12-28,0.35,0.36,0.34,0.36,79040.0
2017-12-29,0.36,0.36,0.34,0.36,193430.0
2018-01-03,0.36,0.39,0.36,0.38,179260.0
2018-01-04,0.38,0.49,0.38,0.47,966000.0
2018-01-05,0.46,0.55,0.46,0.52,2410000.0
2018-01-08,0.5,0.55,0.5,0.52,1020000.0
2018-01-09,0.51,0.53,0.49,0.5,290760.0
2018-01-10,0.5,0.5,0.46,0.47,324060.0
2018-01-11,0.47,0.51,0.46,0.47,497940.0
2018-01-12,0.47,0.49,0.46,0.47,73050.0
2018-01-15,0.48,0.49,0.47,0.48,44550.0
2018-01-16,0.47,0.5,0.47,0.48,107710.0
2018-01-17,0.49,0.49,0.47,0.47,30370.0
2018-01-18,0.47,0.48,0.46,0.48,83810.0
2018-01-19,0.47,0.49,0.47,0.48,93620.0
2018-01-22,0.49,0.54,0.49,0.5,1160000.0
2018-01-23,0.51,0.52,0.48,0.48,467680.0
2018-01-24,0.48,0.49,0.46,0.48,196350.0
2018-01-25,0.48,0.49,0.47,0.49,68870.0
2018-01-26,0.48,0.48,0.46,0.47,162880.0
2018-01-29,0.47,0.48,0.46,0.47,57060.0
2018-01-30,0.46,0.48,0.46,0.47,21960.0
2018-01-31,0.46,0.47,0.45,0.46,85610.0
2018-02-01,0.45,0.47,0.44,0.44,77660.0
2018-02-02,0.45,0.46,0.44,0.44,71900.0
2018-02-05,0.44,0.47,0.44,0.44,112720.0
2018-02-06,0.44,0.44,0.4,0.43,202210.0
2018-02-07,0.42,0.45,0.42,0.44,56670.0
2018-02-08,0.44,0.46,0.43,0.45,164410.0
2018-02-09,0.44,0.46,0.43,0.46,231360.0
2018-02-12,0.46,0.47,0.44,0.45,153990.0
2018-02-13,0.44,0.45,0.44,0.44,61730.0
2018-02-14,0.44,0.45,0.43,0.44,110760.0
2018-02-15,0.43,0.44,0.43,0.44,46400.0
2018-02-16,0.44,0.44,0.43,0.43,9920.0
2018-02-19,0.42,0.44,0.42,0.43,143070.0
2018-02-20,0.43,0.44,0.42,0.43,40610.0
2018-02-21,0.42,0.43,0.41,0.41,51550.0
2018-02-22,0.42,0.43,0.41,0.41,65450.0
2018-02-23,0.41,0.43,0.41,0.42,64580.0
2018-02-26,0.42,0.43,0.41,0.42,76550.0
2018-02-27,0.42,0.44,0.42,0.44,129770.00000000001
2018-02-28,0.44,0.44,0.42,0.43,30410.0
2018-03-01,0.43,0.44,0.42,0.44,79260.0
2018-03-02,0.43,0.47,0.43,0.45,325300.0
2018-03-05,0.45,0.49,0.44,0.47,638540.0
2018-03-06,0.48,0.48,0.44,0.44,255470.0
2018-03-07,0.44,0.45,0.43,0.44,123570.0
2018-03-08,0.44,0.44,0.42,0.44,63680.0
2018-03-09,0.42,0.45,0.42,0.45,144690.0
2018-03-12,0.45,0.45,0.44,0.45,37440.0
2018-03-13,0.45,0.45,0.44,0.44,91710.0
2018-03-14,0.43,0.45,0.43,0.44,37900.0
2018-03-15,0.43,0.44,0.43,0.44,36340.0
2018-03-16,0.45,0.45,0.43,0.44,44990.0
2018-03-19,0.44,0.44,0.42,0.42,44790.0
2018-03-20,0.43,0.44,0.42,0.43,63060.0
2018-03-21,0.43,0.44,0.43,0.43,12790.0
2018-03-22,0.43,0.44,0.42,0.44,11680.0
2018-03-23,0.43,0.44,0.42,0.44,17080.0
2018-03-26,0.44,0.44,0.4,0.42,102600.0
2018-03-27,0.41,0.42,0.4,0.42,21320.0
2018-03-28,0.42,0.42,0.39,0.4,42110.0
2018-03-29,0.39,0.4,0.38,0.4,96490.0
2018-04-03,0.38,0.38,0.36,0.36,32080.0
2018-04-04,0.35,0.35,0.31,0.31,54840.0
2018-04-05,0.29,0.3,0.29,0.3,92320.0
2018-04-06,0.31,0.31,0.31,0.31,61800.0
2018-04-09,0.31,0.32,0.31,0.32,29000.0
2018-04-10,0.33,0.34,0.33,0.34,41600.0
2018-04-11,0.35,0.36,0.35,0.36,40330.0
2018-04-12,0.36,0.36,0.36,0.36,49390.0
2018-04-13,0.35,0.35,0.35,0.35,10000.0
2018-04-16,0.35,0.35,0.35,0.35,11500.0
2018-04-17,0.35,0.35,0.35,0.35,38360.0
2018-04-18,0.34,0.34,0.34,0.34,20190.0
2018-04-19,0.33,0.33,0.33,0.33,59200.0
2018-04-20,0.33,0.33,0.33,0.33,1170.0
2018-04-23,0.35,0.35,0.35,0.35,21600.0
2018-04-24,0.33,0.33,0.33,0.33,6000.0
2018-04-25,0.32,0.32,0.31,0.31,47480.0
2018-04-26,0.32,0.32,0.32,0.32,14130.0
2018-04-27,0.31,0.31,0.31,0.31,21330.0
2018-04-30,0.31,0.31,0.31,0.31,17850.0
2018-05-02,0.33,0.35,0.33,0.35,40530.0
2018-05-04,0.35,0.35,0.34,0.34,30000.0
2018-05-07,0.34,0.34,0.34,0.34,12840.0
2018-05-08,0.34,0.34,0.34,0.34,1000.0
2018-05-09,0.32,0.32,0.32,0.32,8340.0
2018-05-10,0.33,0.33,0.33,0.33,33400.0
2018-05-11,0.33,0.33,0.33,0.33,7770.0
2018-05-14,0.34,0.34,0.34,0.34,9960.0
2018-05-15,0.33,0.33,0.33,0.33,4100.0
2018-05-16,0.34,0.34,0.34,0.34,15880.0
2018-05-17,0.34,0.34,0.33,0.33,55720.0
2018-05-18,0.32,0.32,0.32,0.32,36710.0
2018-05-21,0.33,0.33,0.33,0.33,16760.0
2018-05-22,0.32,0.32,0.32,0.32,3980.0
2018-05-23,0.33,0.33,0.33,0.33,1020.0
2018-05-25,0.33,0.33,0.33,0.33,11780.0
2018-05-28,0.32,0.32,0.32,0.32,24000.0
2018-05-29,0.33,0.33,0.33,0.33,14990.0
2018-05-30,0.33,0.33,0.33,0.33,9150.0
2018-06-01,0.32,0.32,0.32,0.32,131830.0
2018-06-04,0.32,0.32,0.32,0.32,63780.0
2018-06-05,0.32,0.32,0.32,0.32,11080.0
2018-06-06,0.32,0.32,0.32,0.32,8430.0
2018-06-07,0.33,0.33,0.33,0.33,12670.0
2018-06-08,0.33,0.33,0.33,0.33,5330.0
2018-06-11,0.32,0.32,0.32,0.32,12770.0
2018-06-12,0.32,0.32,0.32,0.32,34630.0
2018-06-13,0.32,0.32,0.32,0.32,27220.0
2018-06-14,0.32,0.32,0.32,0.32,12500.0
2018-06-15,0.32,0.32,0.32,0.32,2000.0
2018-06-18,0.32,0.32,0.32,0.32,3000.0
2018-06-19,0.32,0.33,0.32,0.33,12080.0
2018-06-20,0.32,0.32,0.32,0.32,6350.0
2018-06-21,0.32,0.32,0.32,0.32,1200.0
2018-06-22,0.32,0.32,0.32,0.32,4000.0
2018-06-25,0.32,0.32,0.32,0.32,8660.0
2018-06-26,0.31,0.31,0.31,0.31,8100.0
2018-06-27,0.31,0.31,0.31,0.31,4000.0
2018-06-28,0.32,0.32,0.32,0.32,32000.0
2018-06-29,0.33,0.33,0.32,0.32,3050.0
2018-07-02,0.32,0.32,0.32,0.32,4600.0
2018-07-03,0.32,0.32,0.32,0.32,33560.0
2018-07-04,0.31,0.31,0.31,0.31,700.0
2018-07-05,0.31,0.32,0.31,0.32,3500.0
2018-07-06,0.32,0.32,0.32,0.32,13470.0
2018-07-09,0.32,0.32,0.31,0.31,16770.0
2018-07-10,0.33,0.33,0.33,0.33,10930.0
2018-07-11,0.33,0.33,0.33,0.33,86640.0
2018-07-12,0.33,0.34,0.33,0.34,140790.0
2018-07-13,0.36,0.39,0.36,0.39,234570.0
2018-07-16,0.38,0.4,0.38,0.4,18580.0
2018-07-17,0.4,0.4,0.39,0.39,8400.0
2018-07-18,0.39,0.39,0.39,0.39,95360.0
2018-07-19,0.39,0.4,0.39,0.4,90530.0
2018-07-20,0.41,0.41,0.41,0.41,156100.0
2018-07-23,0.41,0.42,0.41,0.42,27780.0
2018-07-24,0.43,0.43,0.43,0.43,13190.0
2018-07-25,0.4,0.4,0.4,0.4,19970.0
2018-07-26,0.4,0.41,0.4,0.41,2100.0
2018-07-27,0.4,0.41,0.4,0.41,38030.0
2018-07-30,0.41,0.41,0.41,0.41,40300.0
2018-07-31,0.41,0.41,0.41,0.41,22750.0
2018-08-01,0.41,0.42,0.41,0.42,31700.0
2018-08-02,0.41,0.43,0.41,0.43,103360.0
2018-08-03,0.45,0.48,0.45,0.48,274940.0
2018-08-06,0.51,0.51,0.51,0.51,132020.0
2018-08-07,0.46,0.49,0.46,0.49,21880.0
2018-08-08,0.47,0.48,0.47,0.48,56950.0
2018-08-09,0.5,0.52,0.5,0.52,149740.0
2018-08-10,0.54,0.54,0.54,0.54,111860.0
2018-08-13,0.54,0.55,0.54,0.55,193360.0
2018-08-14,0.55,0.55,0.54,0.54,5260.0
2018-08-16,0.54,0.54,0.53,0.53,1170.0
2018-08-17,0.52,0.52,0.52,0.52,83120.0
2018-08-20,0.52,0.52,0.51,0.51,18070.0
2018-08-21,0.5,0.51,0.5,0.51,47320.0
2018-08-22,0.51,0.52,0.51,0.52,25000.0
2018-08-23,0.54,0.54,0.54,0.54,87520.0
2018-08-24,0.56,0.57,0.56,0.57,203070.0
2018-08-27,0.56,0.56,0.56,0.56,14800.0
2018-08-28,0.52,0.54,0.52,0.54,29870.0
2018-08-29,0.55,0.55,0.55,0.55,28740.0
2018-08-30,0.55,0.55,0.55,0.55,18520.0
2018-08-31,0.55,0.55,0.55,0.55,124730.0
2018-09-03,0.55,0.56,0.55,0.56,55560.0
2018-09-04,0.57,0.58,0.57,0.58,70740.0
2018-09-05,0.57,0.57,0.51,0.51,3550.0
2018-09-06,0.52,0.55,0.52,0.55,5020.0
2018-09-07,0.54,0.54,0.54,0.54,4760.0
2018-09-10,0.54,0.54,0.54,0.54,60.0
2018-09-11,0.51,0.51,0.51,0.51,17000.0
2018-09-12,0.52,0.53,0.52,0.53,61300.0
2018-09-13,0.54,0.54,0.54,0.54,3220.0
2018-09-14,0.53,0.53,0.53,0.53,4250.0
2018-09-17,0.52,0.52,0.52,0.52,14220.0
2018-09-18,0.51,0.54,0.51,0.54,65560.0
2018-09-19,0.52,0.52,0.52,0.52,1820.0
2018-09-20,0.51,0.51,0.5,0.5,16500.0
2018-09-21,0.51,0.53,0.51,0.53,8100.0
2018-09-24,0.51,0.51,0.51,0.51,22410.0
2018-09-25,0.52,0.52,0.52,0.52,75170.0
2018-09-26,0.53,0.53,0.53,0.53,1100.0
2018-09-27,0.51,0.54,0.51,0.54,46600.0
2018-10-01,0.52,0.52,0.52,0.52,16000.0
2018-10-02,0.54,0.59,0.54,0.59,130580.00000000001
2018-10-03,0.59,0.59,0.54,0.54,29750.0
2018-10-04,0.53,0.53,0.53,0.53,170.0
2018-10-05,0.53,0.53,0.53,0.53,300.0
2018-10-08,0.51,0.51,0.51,0.51,26180.0
2018-10-09,0.52,0.52,0.52,0.52,1230.0
2018-10-10,0.52,0.52,0.5,0.5,3520.0
2018-10-11,0.5,0.5,0.46,0.46,37760.0
2018-10-12,0.46,0.52,0.46,0.52,61960.0
2018-10-15,0.5,0.5,0.5,0.5,60.0
2018-10-16,0.5,0.5,0.5,0.5,9600.0
2018-10-17,0.5,0.5,0.5,0.5,17300.0
2018-10-18,0.5,0.53,0.5,0.53,18500.0
2018-10-19,0.48,0.52,0.48,0.52,12090.0
2018-10-22,0.54,0.54,0.54,0.54,5000.0
2018-10-23,0.5,0.5,0.5,0.5,71690.0
2018-10-24,0.51,0.51,0.5,0.5,4520.0
2018-10-25,0.53,0.53,0.53,0.53,350.0
2018-10-26,0.5,0.5,0.5,0.5,70.0
2018-10-29,0.5,0.52,0.5,0.52,19570.0
2018-10-30,0.5,0.51,0.5,0.51,2320.0
2018-10-31,0.5,0.5,0.5,0.5,30.0
2018-11-02,0.5,0.5,0.5,0.5,24440.0
2018-11-05,0.5,0.5,0.5,0.5,7000.0
2018-11-06,0.5,0.5,0.47,0.47,14220.0
2018-11-07,0.51,0.51,0.51,0.51,6090.0
2018-11-08,0.52,0.52,0.47,0.47,6950.0
2018-11-09,0.51,0.51,0.51,0.51,2100.0
2018-11-14,0.5,0.5,0.5,0.5,430.0
2018-11-15,0.49,0.49,0.49,0.49,5820.0
2018-11-16,0.49,0.5,0.49,0.5,9760.0
2018-11-19,0.5,0.5,0.5,0.5,40.0
2018-11-20,0.5,0.5,0.5,0.5,500.0
2018-11-21,0.48,0.48,0.48,0.48,42040.0
2018-11-22,0.48,0.48,0.48,0.48,24010.0
2018-11-23,0.48,0.49,0.48,0.49,108530.0
2018-11-26,0.5,0.5,0.5,0.5,9900.0
2018-11-27,0.46,0.5,0.46,0.5,3000.0
2018-11-28,0.5,0.5,0.5,0.5,14000.0
2018-11-29,0.49,0.49,0.49,0.49,22990.0
2018-11-30,0.49,0.5,0.49,0.5,19400.0
2018-12-03,0.5,0.5,0.5,0.5,6250.0
2018-12-04,0.48,0.48,0.48,0.48,5040.0
2018-12-05,0.48,0.48,0.48,0.48,39260.0
2018-12-06,0.49,0.49,0.48,0.48,43500.0
2018-12-07,0.48,0.48,0.48,0.48,87720.0
2018-12-10,0.49,0.49,0.49,0.49,59000.0
2018-12-11,0.49,0.5,0.49,0.5,57000.0
2018-12-12,0.5,0.5,0.5,0.5,5000.0
2018-12-13,0.5,0.51,0.5,0.51,101900.0
2018-12-14,0.51,0.51,0.49,0.49,28110.0
2018-12-17,0.48,0.51,0.48,0.51,61050.0
2018-12-18,0.51,0.51,0.51,0.51,12850.0
2018-12-19,0.52,0.52,0.52,0.52,15500.0
2018-12-20,0.5,0.51,0.5,0.51,60700.0
2018-12-21,0.52,0.53,0.52,0.53,74880.0
2018-12-27,0.56,0.59,0.56,0.59,89680.0
2018-12-28,0.6,0.6,0.58,0.58,74570.0
2019-01-02,0.57,0.74,0.55,0.74,785630.0
2019-01-03,0.78,0.83,0.68,0.7,1830000.0
2019-01-04,0.72,0.73,0.68,0.72,322720.0
2019-01-07,0.74,0.74,0.66,0.67,589060.0
2019-01-08,0.67,0.71,0.66,0.67,1020000.0
2019-01-09,0.68,0.69,0.53,0.56,2020000.0
2019-01-10,0.54,0.63,0.54,0.54,2000000.0
2019-01-11,0.54,0.59,0.53,0.56,1190000.0
2019-01-14,0.56,0.58,0.55,0.57,245700.0
2019-01-15,0.57,0.58,0.55,0.57,301760.0
2019-01-16,0.57,0.57,0.55,0.55,139010.0
2019-01-17,0.56,0.56,0.54,0.56,120180.0
2019-01-18,0.55,0.55,0.54,0.54,197040.0
2019-01-21,0.56,0.57,0.54,0.55,290380.0
2019-01-22,0.55,0.55,0.54,0.54,132680.0
2019-01-23,0.55,0.55,0.53,0.55,64030.0
2019-01-24,0.55,0.55,0.53,0.54,115580.0
2019-01-25,0.54,0.55,0.52,0.54,283190.0
2019-01-28,0.53,0.54,0.51,0.52,175390.0
2019-01-29,0.51,0.56,0.49,0.55,794770.0
2019-01-30,0.56,0.56,0.54,0.56,314370.0
2019-01-31,0.55,0.56,0.54,0.55,123000.0
2019-02-01,0.55,0.55,0.51,0.54,262260.0
2019-02-04,0.53,0.54,0.52,0.53,196370.0
2019-02-05,0.52,0.54,0.52,0.53,313370.0
2019-02-06,0.53,0.53,0.52,0.52,74150.0
2019-02-07,0.52,0.53,0.51,0.52,399680.0
2019-02-08,0.51,0.53,0.5,0.52,185270.0
2019-02-11,0.52,0.53,0.5,0.52,189790.0
2019-02-12,0.5,0.51,0.5,0.51,96420.0
2019-02-13,0.5,0.5,0.49,0.49,182510.0
2019-02-14,0.49,0.52,0.49,0.52,223540.0
2019-02-15,0.51,0.51,0.49,0.5,99940.0
2019-02-18,0.5,0.51,0.49,0.51,33930.0
2019-02-19,0.5,0.51,0.49,0.5,8740.0
2019-02-20,0.49,0.52,0.48,0.51,226290.0
2019-02-21,0.5,0.51,0.49,0.5,106180.0
2019-02-22,0.51,0.51,0.5,0.51,29850.0
2019-02-25,0.5,0.51,0.5,0.51,34850.0
2019-02-26,0.5,0.5,0.49,0.5,9400.0
2019-02-27,0.49,0.51,0.49,0.49,52050.0
2019-02-28,0.5,0.5,0.49,0.49,113870.0
2019-03-01,0.49,0.5,0.48,0.49,69160.0
2019-03-04,0.49,0.5,0.49,0.5,35570.0
2019-03-05,0.496,0.499,0.496,0.497,5200.0
2019-03-06,0.495,0.495,0.492,0.495,7510.0
2019-03-07,0.495,0.495,0.48,0.488,96820.0
2019-03-08,0.481,0.487,0.478,0.48,127200.0
2019-03-11,0.482,0.55,0.481,0.542,593350.0
2019-03-12,0.537,0.551,0.52,0.534,310110.0
2019-03-13,0.533,0.556,0.521,0.542,270750.0
2019-03-14,0.54,0.54,0.52,0.537,117660.0
2019-03-15,0.537,0.545,0.529,0.545,67000.0
2019-03-18,0.545,0.549,0.523,0.542,64790.00000000001
2019-03-19,0.53,0.531,0.505,0.517,422960.0
2019-03-20,0.528,0.53,0.515,0.53,33060.0
2019-03-21,0.53,0.53,0.51,0.528,135970.0
2019-03-22,0.514,0.528,0.514,0.514,6130.0
2019-03-25,0.527,0.527,0.507,0.515,20550.0
2019-03-26,0.508,0.525,0.507,0.516,81040.0
2019-03-27,0.515,0.515,0.49,0.512,62310.0
2019-03-28,0.512,0.512,0.485,0.5,124540.0
2019-03-29,0.505,0.505,0.498,0.505,61690.0
2019-04-01,0.508,0.508,0.491,0.504,22130.0
2019-04-02,0.504,0.506,0.492,0.506,4040.0
2019-04-03,0.506,0.51,0.5,0.51,11400.0
2019-04-04,0.502,0.52,0.5,0.518,19360.0
2019-04-05,0.502,0.51,0.502,0.506,9360.0
2019-04-08,0.506,0.506,0.5,0.504,16530.0
2019-04-09,0.506,0.52,0.506,0.52,46500.0
2019-04-10,0.52,0.52,0.486,0.493,58220.0
2019-04-11,0.496,0.504,0.49,0.504,15300.0
2019-04-12,0.508,0.508,0.49,0.49,7950.0
2019-04-15,0.496,0.51,0.496,0.496,14020.0
2019-04-16,0.496,0.518,0.496,0.514,54600.0
2019-04-17,0.504,0.518,0.504,0.51,24120.0
2019-04-18,0.5,0.51,0.498,0.498,4880.0
2019-04-23,0.498,0.5,0.49,0.49,13780.0
2019-04-24,0.499,0.516,0.499,0.502,69250.0
2019-04-25,0.508,0.508,0.502,0.508,5650.0
2019-04-26,0.502,0.514,0.5,0.512,38710.0
2019-04-29,0.504,0.51,0.5,0.502,40700.0
2019-04-30,0.51,0.51,0.5,0.508,44990.0
2019-05-02,0.508,0.508,0.478,0.5,243970.0
2019-05-06,0.475,0.5,0.475,0.494,66990.0
2019-05-07,0.495,0.495,0.476,0.49,6510.0
2019-05-08,0.48,0.48,0.478,0.48,4080.0
2019-05-09,0.476,0.476,0.45,0.469,117880.0
2019-05-10,0.461,0.48,0.46,0.48,47950.0
2019-05-13,0.48,0.48,0.47,0.471,14450.0
2019-05-14,0.479,0.479,0.45,0.462,63550.0
2019-05-15,0.478,0.479,0.468,0.478,3090.0
2019-05-16,0.468,0.478,0.468,0.47,8500.0
2019-05-17,0.48,0.48,0.454,0.459,8770.0
2019-05-20,0.46,0.469,0.46,0.461,10000.0
2019-05-21,0.462,0.51,0.462,0.51,277240.0
2019-05-22,0.51,0.51,0.488,0.49,41450.0
2019-05-23,0.499,0.5,0.48,0.495,108940.0
2019-05-24,0.495,0.495,0.48,0.49,16079.999999999998
2019-05-27,0.498,0.498,0.48,0.495,130800.00000000001
2019-05-28,0.483,0.491,0.472,0.489,75440.0
2019-05-29,0.477,0.489,0.465,0.485,65230.00000000001
2019-05-30,0.487,0.487,0.468,0.483,37470.0
2019-05-31,0.483,0.483,0.47,0.48,1810.0
2019-06-03,0.47,0.48,0.465,0.48,41300.0
2019-06-04,0.47,0.478,0.466,0.466,12590.0
2019-06-05,0.465,0.478,0.465,0.478,1560.0
2019-06-06,0.466,0.47,0.466,0.467,11510.0
2019-06-07,0.468,0.469,0.468,0.469,14410.0
2019-06-10,0.474,0.478,0.46,0.46,22210.0
2019-06-11,0.455,0.455,0.424,0.44,105500.0
2019-06-12,0.44,0.44,0.42,0.43,61380.0
2019-06-13,0.433,0.44,0.411,0.433,40970.0
2019-06-14,0.433,0.444,0.433,0.443,8600.0
2019-06-17,0.434,0.448,0.434,0.435,6400.0
2019-06-18,0.433,0.442,0.433,0.44,8029.999999999999
2019-06-19,0.44,0.44,0.4,0.405,197990.0
2019-06-21,0.405,0.41,0.364,0.374,281560.0
2019-06-24,0.374,0.385,0.365,0.378,105140.0
2019-06-25,0.379,0.385,0.371,0.372,71650.0
2019-06-26,0.373,0.383,0.369,0.382,52310.0
2019-06-27,0.381,0.381,0.364,0.375,27260.0
2019-06-28,0.366,0.375,0.356,0.374,34470.0
2019-07-01,0.374,0.374,0.37,0.37,1810.0
2019-07-02,0.364,0.364,0.364,0.364,6100.0
2019-07-03,0.36,0.36,0.36,0.36,11000.0
2019-07-04,0.364,0.365,0.364,0.365,5200.0
2019-07-05,0.369,0.369,0.365,0.365,2630.0
2019-07-09,0.361,0.361,0.361,0.361,300.0
2019-07-10,0.36,0.36,0.36,0.36,23260.0
2019-07-11,0.368,0.368,0.368,0.368,1000.0
2019-07-12,0.367,0.368,0.367,0.368,25510.0
2019-07-15,0.37,0.37,0.358,0.358,9290.0
2019-07-17,0.35,0.364,0.35,0.364,5390.0
2019-07-18,0.351,0.351,0.351,0.351,1100.0
2019-07-19,0.35,0.35,0.341,0.341,31660.0
2019-07-22,0.345,0.345,0.345,0.345,10480.0
2019-07-23,0.345,0.345,0.345,0.345,1100.0
2019-07-24,0.333,0.333,0.332,0.332,5700.0
2019-07-25,0.33,0.35,0.33,0.35,18190.0
2019-07-26,0.324,0.368,0.324,0.368,12010.0
2019-07-29,0.35,0.35,0.35,0.35,16880.0
2019-07-30,0.342,0.342,0.342,0.342,1300.0
2019-07-31,0.352,0.352,0.352,0.352,5120.0
2019-08-01,0.351,0.36,0.351,0.36,8400.0
2019-08-02,0.364,0.364,0.364,0.364,100.0
2019-08-05,0.326,0.348,0.326,0.348,24520.0
2019-08-06,0.347,0.347,0.347,0.347,22720.0
2019-08-07,0.35,0.35,0.329,0.329,17900.0
2019-08-08,0.331,0.348,0.331,0.348,5840.0
2019-08-09,0.331,0.34,0.331,0.34,700.0
2019-08-12,0.325,0.325,0.325,0.325,1570.0
2019-08-13,0.339,0.339,0.339,0.339,1700.0
2019-08-16,0.335,0.335,0.335,0.335,100.0
2019-08-19,0.327,0.327,0.327,0.327,11270.0
2019-08-20,0.325,0.325,0.32,0.32,9940.0
2019-08-21,0.319,0.32,0.319,0.32,6330.0
2019-08-22,0.33,0.33,0.311,0.311,17570.0
2019-08-23,0.31,0.31,0.308,0.308,14060.0
2019-08-26,0.301,0.31,0.301,0.31,7780.0
2019-08-27,0.31,0.313,0.31,0.313,10100.0
2019-08-28,0.309,0.309,0.3,0.3,9710.0
2019-08-29,0.3,0.3,0.3,0.3,15000.0
2019-08-30,0.3,0.3,0.3,0.3,32000.0
2019-09-02,0.301,0.301,0.3,0.3,630.0
2019-09-03,0.3,0.3,0.299,0.299,5110.0
2019-09-04,0.3,0.3,0.299,0.299,19050.0
2019-09-05,0.29,0.3,0.29,0.3,4500.0
2019-09-06,0.3,0.306,0.3,0.306,26200.0
2019-09-09,0.308,0.308,0.308,0.308,16680.0
2019-09-10,0.314,0.32,0.314,0.32,32900.0
2019-09-11,0.334,0.36,0.334,0.36,56940.0
2019-09-12,0.364,0.366,0.364,0.366,38400.0
2019-09-13,0.366,0.368,0.366,0.368,26200.0
2019-09-16,0.378,0.378,0.37,0.37,27720.0
2019-09-17,0.37,0.37,0.369,0.369,30270.0
2019-09-18,0.369,0.369,0.35,0.35,20070.0
2019-09-19,0.35,0.366,0.35,0.366,27700.0
2019-09-23,0.35,0.35,0.35,0.35,1200.0
2019-09-24,0.35,0.35,0.35,0.35,250.0
2019-09-25,0.348,0.348,0.348,0.348,10.0
2019-09-26,0.341,0.348,0.341,0.348,1800.0
2019-09-27,0.35,0.35,0.35,0.35,500.0
2019-09-30,0.349,0.349,0.32,0.32,19600.0
2019-10-01,0.32,0.32,0.32,0.32,6850.0
2019-10-02,0.316,0.316,0.316,0.316,11990.0
2019-10-03,0.317,0.317,0.317,0.317,13000.0
2019-10-04,0.317,0.317,0.317,0.317,2760.0
2019-10-07,0.312,0.312,0.312,0.312,0.0
2019-10-08,0.317,0.317,0.317,0.317,100.0
2019-10-09,0.317,0.317,0.317,0.317,5700.0
2019-10-10,0.32,0.32,0.32,0.32,15260.0
2019-10-11,0.32,0.328,0.32,0.328,2500.0
2019-10-14,0.325,0.325,0.325,0.325,200.0
2019-10-15,0.325,0.328,0.325,0.328,32600.0
2019-10-16,0.32,0.32,0.32,0.32,9100.0
2019-10-18,0.306,0.327,0.306,0.327,10760.0
2019-10-21,0.333,0.333,0.33,0.33,16350.000000000002
2019-10-22,0.33,0.33,0.33,0.33,4330.0
2019-10-23,0.333,0.333,0.332,0.332,16980.0
2019-10-25,0.33,0.33,0.33,0.33,1750.0
2019-10-28,0.321,0.321,0.321,0.321,16830.0
2019-10-29,0.32,0.327,0.32,0.327,10160.0
2019-10-30,0.326,0.326,0.326,0.326,3500.0
2019-10-31,0.312,0.312,0.312,0.312,8800.0
2019-11-04,0.31,0.31,0.304,0.304,31230.0
2019-11-05,0.31,0.32,0.31,0.32,33850.0
2019-11-06,0.315,0.315,0.315,0.315,9670.0
2019-11-07,0.32,0.32,0.32,0.32,44870.0
2019-11-08,0.32,0.32,0.32,0.32,37690.0
2019-11-12,0.32,0.32,0.313,0.313,3910.0
2019-11-13,0.312,0.312,0.31,0.31,35080.0
2019-11-14,0.31,0.31,0.305,0.305,21000.0
2019-11-15,0.31,0.31,0.301,0.301,14200.0
2019-11-18,0.302,0.303,0.302,0.303,47480.0
2019-11-19,0.305,0.305,0.301,0.301,34850.0
2019-11-20,0.304,0.304,0.302,0.302,10600.0
2019-11-21,0.301,0.301,0.3,0.3,17460.0
2019-11-22,0.305,0.305,0.305,0.305,17130.0
2019-11-25,0.31,0.31,0.31,0.31,33480.0
2019-11-26,0.301,0.31,0.301,0.31,15900.0
2019-11-27,0.31,0.31,0.31,0.31,18020.0
2019-11-28,0.296,0.301,0.296,0.301,2200.0
2019-11-29,0.301,0.31,0.301,0.31,5390.0
2019-12-02,0.309,0.309,0.3,0.3,29740.0
2019-12-03,0.308,0.308,0.308,0.308,250.0
2019-12-04,0.298,0.302,0.298,0.302,4000.0
2019-12-05,0.302,0.305,0.302,0.305,8310.0
2019-12-06,0.305,0.305,0.3,0.3,1520.0
2019-12-09,0.297,0.3,0.297,0.3,7950.0
2019-12-10,0.299,0.299,0.299,0.299,500.0
2019-12-11,0.292,0.3,0.292,0.3,27200.0
2019-12-12,0.3,0.3,0.3,0.3,1700.0
2019-12-16,0.3,0.301,0.3,0.301,24070.0
2019-12-17,0.299,0.307,0.299,0.307,10900.0
2019-12-18,0.298,0.298,0.297,0.297,54810.0
2019-12-19,0.296,0.303,0.296,0.303,69300.0
2019-12-20,0.294,0.294,0.294,0.294,20150.0
2019-12-23,0.294,0.294,0.293,0.293,15360.0
2019-12-27,0.293,0.296,0.293,0.296,10730.0
2019-12-30,0.292,0.3,0.292,0.3,16000.0
2020-01-02,0.302,0.309,0.302,0.309,17780.0
2020-01-03,0.304,0.304,0.304,0.304,1000.0
2020-01-07,0.306,0.306,0.306,0.306,123190.0
2020-01-08,0.306,0.308,0.306,0.308,83640.0
2020-01-09,0.306,0.306,0.293,0.293,26220.0
2020-01-10,0.301,0.306,0.301,0.306,141330.0
2020-01-13,0.306,0.306,0.3,0.3,31000.0
2020-01-14,0.306,0.31,0.306,0.31,132750.0
2020-01-15,0.318,0.318,0.315,0.315,77580.0
2020-01-16,0.315,0.315,0.315,0.315,16910.0
2020-01-17,0.316,0.316,0.315,0.315,15470.0
2020-01-20,0.31,0.31,0.31,0.31,6830.0
2020-01-21,0.314,0.314,0.295,0.295,19460.0
2020-01-22,0.31,0.31,0.309,0.309,4520.0
2020-01-23,0.309,0.309,0.309,0.309,600.0
2020-01-24,0.304,0.304,0.304,0.304,2500.0
2020-01-27,0.303,0.303,0.303,0.303,21780.0
2020-01-28,0.302,0.306,0.302,0.306,3000.0
2020-01-29,0.302,0.302,0.302,0.302,10050.0
2020-01-30,0.302,0.308,0.302,0.308,34630.0
2020-01-31,0.309,0.309,0.309,0.309,9680.0
2020-02-03,0.31,0.31,0.31,0.31,2200.0
2020-02-04,0.302,0.302,0.3,0.3,52770.0
2020-02-05,0.303,0.303,0.303,0.303,17250.0
2020-02-06,0.308,0.317,0.308,0.317,33610.0
2020-02-07,0.322,0.322,0.322,0.322,54860.0
2020-02-10,0.327,0.327,0.327,0.327,5390.0
2020-02-11,0.323,0.323,0.321,0.321,234730.0
2020-02-12,0.326,0.326,0.326,0.326,3250.0
2020-02-13,0.321,0.325,0.321,0.325,66550.0
2020-02-14,0.329,0.33,0.329,0.33,40960.0
2020-02-17,0.34,0.35,0.34,0.35,88090.0
2020-02-18,0.38,0.38,0.38,0.38,119160.0
2020-02-19,0.37,0.37,0.35,0.35,38600.0
2020-02-20,0.35,0.35,0.34,0.34,16870.0
2020-02-21,0.356,0.356,0.356,0.356,2020.0
2020-02-24,0.329,0.329,0.329,0.329,1200.0
2020-02-25,0.301,0.301,0.301,0.301,51590.0
2020-02-26,0.301,0.301,0.301,0.301,47820.0
2020-02-27,0.32,0.32,0.302,0.302,88110.0
2020-02-28,0.301,0.301,0.301,0.301,274790.0
2020-03-02,0.309,0.309,0.291,0.291,125100.0
2020-03-03,0.293,0.31,0.293,0.31,22110.0
2020-03-04,0.31,0.31,0.309,0.309,16450.0
2020-03-05,0.304,0.304,0.304,0.304,1000.0
2020-03-06,0.295,0.304,0.295,0.304,40100.0
2020-03-09,0.29,0.29,0.29,0.29,137160.0
2020-03-10,0.303,0.303,0.3,0.3,4210.0
2020-03-13,0.223,0.25,0.223,0.25,89900.0
2020-03-16,0.25,0.25,0.231,0.231,8580.0
2020-03-17,0.249,0.249,0.249,0.249,21000.0
2020-03-18,0.231,0.259,0.231,0.259,4200.0
2020-03-19,0.245,0.25,0.245,0.25,31710.0
2020-03-20,0.26,0.26,0.26,0.26,11500.0
2020-03-24,0.26,0.26,0.25,0.25,10930.0
2020-03-25,0.238,0.238,0.238,0.238,1250.0
2020-03-26,0.239,0.25,0.239,0.25,11770.0
2020-03-27,0.25,0.25,0.25,0.25,25100.0
2020-03-30,0.239,0.24,0.239,0.24,25380.0
2020-03-31,0.237,0.237,0.237,0.237,2840.0
2020-04-01,0.232,0.28,0.232,0.268,332870.0
2020-04-02,0.27,0.289,0.266,0.287,289030.0
2020-04-03,0.287,0.287,0.263,0.27,38900.0
2020-04-06,0.262,0.27,0.262,0.262,53580.0
2020-04-07,0.263,0.273,0.263,0.273,39580.0
2020-04-08,0.273,0.273,0.262,0.262,25590.0
2020-04-09,0.264,0.269,0.26,0.269,21250.0
2020-04-14,0.269,0.274,0.255,0.274,67280.0
2020-04-15,0.275,0.275,0.257,0.267,33300.0
2020-04-16,0.262,0.267,0.26,0.267,7100.0
2020-04-17,0.267,0.286,0.26,0.285,86310.0
2020-04-20,0.285,0.285,0.27,0.284,38750.0
2020-04-21,0.284,0.285,0.268,0.279,55080.0
2020-04-22,0.28,0.28,0.265,0.278,145300.0
2020-04-23,0.27,0.278,0.262,0.268,51480.0
2020-04-24,0.27,0.278,0.26,0.27,47330.0
2020-04-27,0.269,0.269,0.269,0.269,2200.0
2020-04-28,0.262,0.268,0.26,0.268,17030.0
2020-04-29,0.268,0.269,0.259,0.269,5710.0
2020-04-30,0.269,0.275,0.26,0.275,85330.0
2020-05-04,0.274,0.276,0.264,0.275,2740.0
2020-05-05,0.264,0.269,0.258,0.269,26980.0
2020-05-06,0.269,0.269,0.264,0.264,14540.0
2020-05-07,0.269,0.269,0.261,0.269,39670.0
2020-05-08,0.26,0.268,0.248,0.248,490550.0
2020-05-11,0.247,0.264,0.247,0.264,175000.0
2020-05-12,0.254,0.263,0.247,0.257,1010000.0
2020-05-13,0.258,0.262,0.252,0.257,51370.0
2020-05-14,0.253,0.258,0.25,0.256,45820.0
2020-05-15,0.256,0.26,0.256,0.26,26270.0
2020-05-18,0.258,0.26,0.255,0.256,20800.0
2020-05-19,0.257,0.26,0.257,0.258,27590.0
2020-05-20,0.26,0.275,0.259,0.27,161580.0
2020-05-21,0.27,0.296,0.27,0.287,240190.0
2020-05-22,0.287,0.287,0.275,0.282,31410.0
2020-05-25,0.285,0.285,0.275,0.284,18200.0
2020-05-26,0.283,0.34,0.276,0.329,697020.0
2020-05-27,0.32,0.328,0.311,0.326,126500.0
2020-05-28,0.325,0.326,0.308,0.32,75900.0
2020-05-29,0.32,0.32,0.286,0.319,51040.0
2020-06-01,0.321,0.43,0.309,0.43,907900.0
2020-06-02,0.461,0.48,0.424,0.437,902370.0
2020-06-03,0.42,0.439,0.398,0.429,136360.0
2020-06-04,0.426,0.428,0.399,0.4,110730.0
2020-06-05,0.42,0.42,0.386,0.399,94190.0
2020-06-08,0.398,0.42,0.383,0.415,42780.0
2020-06-09,0.411,0.411,0.389,0.389,33920.0
2020-06-10,0.387,0.408,0.384,0.399,58180.0
2020-06-12,0.384,0.399,0.384,0.391,13980.0
2020-06-15,0.376,0.39,0.376,0.39,10420.0
2020-06-16,0.391,0.391,0.331,0.386,223080.0
2020-06-17,0.388,0.388,0.348,0.37,44280.0
2020-06-18,0.357,0.368,0.35,0.365,26570.0
2020-06-19,0.352,0.384,0.352,0.376,67680.0
2020-06-22,0.378,0.39,0.372,0.385,44600.0
2020-06-23,0.384,0.387,0.378,0.383,64870.00000000001
2020-06-24,0.383,0.383,0.361,0.376,16660.0
2020-06-25,0.375,0.375,0.361,0.364,37880.0
2020-06-26,0.371,0.371,0.361,0.361,28310.0
2020-06-29,0.369,0.37,0.355,0.36,15270.0
2020-06-30,0.368,0.368,0.361,0.367,23760.0
2020-07-01,0.368,0.38,0.368,0.374,93160.0
2020-07-02,0.378,0.378,0.35,0.37,61700.0
2020-07-03,0.354,0.367,0.354,0.367,15000.0
2020-07-06,0.366,0.366,0.35,0.365,74520.0
2020-07-07,0.364,0.364,0.352,0.362,19550.0
2020-07-08,0.362,0.362,0.35,0.359,33360.0
2020-07-09,0.364,0.364,0.358,0.362,50850.0
2020-07-10,0.364,0.38,0.362,0.374,105780.0
2020-07-13,0.374,0.419,0.374,0.39,134450.0
2020-07-14,0.397,0.421,0.396,0.408,134250.0
2020-07-15,0.397,0.408,0.392,0.405,70560.0
2020-07-16,0.408,0.408,0.38,0.398,60250.0
2020-07-17,0.398,0.429,0.39,0.42,155800.0
2020-07-20,0.426,0.426,0.401,0.41,76150.0
2020-07-21,0.42,0.42,0.395,0.396,79550.0
2020-07-22,0.396,0.409,0.362,0.387,165200.0
2020-07-23,0.39,0.408,0.37,0.388,68320.0
2020-07-24,0.37,0.382,0.36,0.38,140820.0
2020-07-27,0.365,0.38,0.355,0.37,138430.0
2020-07-28,0.378,0.378,0.356,0.368,101060.0
2020-07-29,0.363,0.372,0.34,0.365,114470.0
2020-07-30,0.364,0.365,0.342,0.356,44340.0
2020-07-31,0.365,0.365,0.342,0.364,8860.0
2020-08-03,0.345,0.362,0.345,0.357,54680.0
2020-08-04,0.347,0.365,0.347,0.364,109500.0
2020-08-05,0.364,0.364,0.351,0.36,114600.0
2020-08-06,0.353,0.36,0.349,0.358,31390.0
2020-08-07,0.354,0.36,0.32,0.348,111400.0
2020-08-10,0.348,0.348,0.314,0.326,111990.0
2020-08-11,0.318,0.334,0.314,0.333,33310.0
2020-08-12,0.323,0.33,0.315,0.33,15870.0
2020-08-13,0.317,0.342,0.317,0.338,43260.0
2020-08-14,0.326,0.335,0.322,0.326,17050.0
2020-08-17,0.327,0.335,0.32,0.335,22050.0
2020-08-18,0.334,0.334,0.31,0.324,101910.0
2020-08-19,0.323,0.323,0.291,0.3,312670.0
2020-08-20,0.291,0.314,0.281,0.31,61200.0
2020-08-21,0.312,0.312,0.285,0.31,44210.0
2020-08-24,0.311,0.317,0.29,0.297,96170.0
2020-08-25,0.287,0.299,0.28,0.296,68060.0
2020-08-26,0.295,0.295,0.279,0.289,32950.0
2020-08-27,0.282,0.32,0.278,0.319,171960.0
2020-08-28,0.318,0.322,0.29,0.305,278980.0
2020-08-31,0.309,0.309,0.28,0.287,151540.0
2020-09-01,0.287,0.287,0.27,0.27,133980.0
2020-09-02,0.27,0.287,0.264,0.279,92120.0
2020-09-03,0.279,0.279,0.252,0.266,473490.0
2020-09-04,0.263,0.263,0.25,0.259,95190.0
2020-09-07,0.259,0.274,0.25,0.262,672810.0
2020-09-08,0.262,0.262,0.25,0.258,280610.0
2020-09-09,0.259,0.26,0.25,0.258,83290.0
2020-09-10,0.258,0.258,0.247,0.258,6380.0
2020-09-11,0.248,0.269,0.248,0.264,93960.0
2020-09-14,0.252,0.269,0.25,0.269,349260.0
2020-09-15,0.268,0.268,0.249,0.257,148710.0
2020-09-16,0.247,0.258,0.24,0.25,102820.0
2020-09-17,0.247,0.254,0.236,0.254,101230.0
2020-09-18,0.254,0.259,0.244,0.255,50750.0
2020-09-21,0.244,0.255,0.236,0.24,77800.0
2020-09-22,0.239,0.248,0.225,0.234,173140.0
2020-09-23,0.235,0.239,0.194,0.206,466200.0
2020-09-24,0.209,0.22,0.2,0.22,127290.0
2020-09-25,0.213,0.232,0.213,0.231,111350.0
2020-09-28,0.232,0.232,0.226,0.232,43460.0
2020-09-29,0.232,0.255,0.23,0.254,111630.0
2020-09-30,0.258,0.259,0.242,0.252,96210.0
2020-10-01,0.253,0.253,0.237,0.248,29840.0
2020-10-02,0.237,0.239,0.228,0.239,96760.0
2020-10-05,0.231,0.239,0.231,0.237,16600.0
2020-10-06,0.237,0.237,0.23,0.235,16910.0
2020-10-07,0.235,0.235,0.219,0.23,149470.0
2020-10-08,0.229,0.229,0.22,0.222,32110.0
2020-10-09,0.215,0.227,0.21,0.22,106390.0
2020-10-12,0.221,0.223,0.2,0.21,168920.0
2020-10-13,0.204,0.217,0.19,0.204,258640.0
2020-10-14,0.205,0.205,0.195,0.203,35450.0
2020-10-15,0.197,0.205,0.197,0.203,16050.0
2020-10-16,0.1945,0.222,0.188,0.21,458840.0
2020-10-19,0.215,0.215,0.205,0.213,25940.0
2020-10-20,0.206,0.211,0.202,0.21,131510.0
2020-10-21,0.21,0.21,0.199,0.205,73800.0
2020-10-22,0.2,0.206,0.199,0.205,23950.0
2020-10-23,0.2,0.203,0.186,0.198,285250.0
2020-10-26,0.198,0.199,0.1905,0.197,41730.0
2020-10-27,0.1975,0.1975,0.175,0.184,147820.0
2020-10-28,0.184,0.184,0.16,0.161,219490.0
2020-10-29,0.1725,0.1745,0.156,0.1735,117340.0
2020-10-30,0.174,0.174,0.16,0.169,93930.0
2020-11-02,0.169,0.17,0.165,0.169,46730.0
2020-11-03,0.169,0.178,0.165,0.173,189110.0
2020-11-04,0.17,0.1755,0.1665,0.172,41820.0
2020-11-05,0.17,0.172,0.168,0.172,7570.0
2020-11-06,0.17,0.17,0.163,0.166,61390.0
2020-11-09,0.1665,0.174,0.152,0.168,235340.0
2020-11-10,0.174,0.184,0.16,0.17,568330.0
2020-11-12,0.172,0.172,0.153,0.172,1080000.0
2020-11-13,0.172,0.172,0.155,0.163,1900000.0
2020-11-16,0.167,0.169,0.161,0.1635,667390.0
2020-11-17,0.1635,0.226,0.1615,0.226,2500000.0
2020-11-18,0.246,0.26,0.225,0.23,1570000.0
2020-11-19,0.234,0.234,0.206,0.218,308280.0
2020-11-20,0.223,0.223,0.201,0.221,416420.0
2020-11-23,0.224,0.224,0.211,0.221,229670.0
2020-11-24,0.22,0.221,0.198,0.203,238800.0
2020-11-25,0.203,0.223,0.195,0.223,433690.0
2020-11-26,0.225,0.238,0.217,0.237,326060.0
2020-11-27,0.236,0.236,0.22,0.225,99220.0
2020-11-30,0.22,0.224,0.204,0.219,131580.0
2020-12-01,0.213,0.222,0.207,0.22,107350.0
2020-12-02,0.223,0.226,0.22,0.223,150550.0
2020-12-03,0.226,0.228,0.216,0.228,36990.0
2020-12-04,0.218,0.229,0.218,0.224,45040.0
2020-12-07,0.22,0.245,0.213,0.245,360210.0
2020-12-08,0.248,0.256,0.239,0.243,250480.0
2020-12-09,0.239,0.246,0.225,0.235,165880.0
2020-12-10,0.235,0.239,0.229,0.236,139010.0
2020-12-11,0.238,0.243,0.232,0.242,125910.0
2020-12-14,0.24,0.244,0.23,0.238,120170.0
2020-12-15,0.238,0.238,0.226,0.237,152070.0
2020-12-16,0.235,0.239,0.233,0.238,80010.0
2020-12-17,0.239,0.245,0.234,0.238,276150.0
2020-12-18,0.238,0.238,0.227,0.235,102900.0
2020-12-21,0.23,0.23,0.211,0.225,135730.0
2020-12-22,0.213,0.224,0.213,0.22,32259.999999999996
2020-12-23,0.22,0.229,0.216,0.227,168420.0
2020-12-28,0.222,0.226,0.209,0.212,204120.0
2020-12-29,0.217,0.247,0.216,0.246,458190.0
2020-12-30,0.247,0.289,0.247,0.274,650900.0
2021-01-04,0.278,0.282,0.262,0.262,143960.0
2021-01-05,0.262,0.27,0.252,0.261,77730.0
2021-01-07,0.262,0.27,0.26,0.27,220340.0
2021-01-08,0.271,0.274,0.265,0.272,145370.0
2021-01-11,0.272,0.276,0.261,0.265,99730.0
2021-01-12,0.265,0.279,0.264,0.264,288990.0
2021-01-13,0.262,0.269,0.253,0.261,106230.0
2021-01-14,0.262,0.267,0.26,0.263,123420.0
2021-01-15,0.263,0.264,0.26,0.264,41730.0
2021-01-18,0.26,0.26,0.251,0.259,59670.0
2021-01-19,0.262,0.264,0.254,0.26,195870.0
2021-01-20,0.256,0.263,0.256,0.263,119620.0
2021-01-21,0.263,0.263,0.251,0.254,64489.99999999999
2021-01-22,0.256,0.265,0.251,0.261,256899.99999999997
2021-01-25,0.264,0.267,0.262,0.266,140350.0
2021-01-26,0.265,0.265,0.26,0.263,23090.0
2021-01-27,0.263,0.263,0.252,0.26,50390.0
2021-01-28,0.259,0.26,0.251,0.26,61930.0
2021-01-29,0.26,0.262,0.251,0.257,85830.0
2021-02-01,0.258,0.262,0.255,0.259,73030.0
2021-02-02,0.26,0.26,0.254,0.257,44760.0
2021-02-03,0.257,0.266,0.255,0.264,185540.0
2021-02-04,0.266,0.32,0.266,0.298,1350000.0
2021-02-05,0.281,0.291,0.277,0.277,255630.0
2021-02-08,0.28,0.299,0.278,0.293,172060.0
2021-02-09,0.289,0.293,0.287,0.29,57420.0
2021-02-10,0.287,0.29,0.28,0.281,154520.0
2021-02-11,0.28,0.296,0.28,0.295,165990.0
2021-02-12,0.295,0.31,0.291,0.302,229200.0
2021-02-15,0.302,0.365,0.302,0.357,1130000.0
2021-02-16,0.354,0.354,0.334,0.344,259990.0
2021-02-17,0.344,0.344,0.318,0.337,305770.0
2021-02-18,0.327,0.335,0.32,0.326,124090.0
2021-02-19,0.32,0.334,0.302,0.317,154070.0
2021-02-22,0.32,0.32,0.3,0.306,188220.0
2021-02-23,0.313,0.313,0.296,0.3,124050.0
2021-02-24,0.301,0.312,0.292,0.304,160630.0
2021-02-25,0.304,0.317,0.3,0.305,172310.0
2021-02-26,0.305,0.305,0.29,0.304,135150.0
2021-03-01,0.295,0.306,0.295,0.3,132800.0
2021-03-02,0.3,0.3,0.291,0.3,134550.0
2021-03-03,0.299,0.3,0.293,0.296,112000.0
2021-03-04,0.291,0.295,0.28,0.29,107360.0
2021-03-05,0.297,0.297,0.28,0.284,120730.0
2021-03-08,0.284,0.288,0.274,0.288,105150.0
2021-03-09,0.28,0.298,0.28,0.29,74430.0
2021-03-10,0.289,0.295,0.282,0.291,48040.0
2021-03-11,0.292,0.293,0.28,0.29,70310.0
2021-03-12,0.285,0.29,0.275,0.29,48700.0
2021-03-15,0.288,0.288,0.278,0.285,25590.0
2021-03-16,0.285,0.3,0.281,0.293,199660.0
2021-03-17,0.293,0.293,0.28,0.283,79720.0
2021-03-18,0.28,0.283,0.277,0.283,80080.0
2021-03-19,0.281,0.293,0.281,0.285,78850.0
2021-03-22,0.281,0.285,0.278,0.284,24820.0
2021-03-23,0.278,0.284,0.268,0.283,238250.0
2021-03-24,0.28,0.28,0.27,0.27,22380.0
2021-03-25,0.279,0.279,0.266,0.275,125800.0
2021-03-26,0.27,0.277,0.27,0.277,55940.0
2021-03-29,0.276,0.278,0.264,0.278,45730.0
2021-03-30,0.278,0.278,0.273,0.278,5750.0
2021-03-31,0.278,0.278,0.267,0.277,7810.0
2021-04-01,0.276,0.283,0.275,0.283,50800.0
2021-04-06,0.284,0.308,0.284,0.294,181810.0
2021-04-07,0.293,0.293,0.283,0.291,52000.0
2021-04-08,0.291,0.291,0.284,0.291,8890.0
2021-04-09,0.29,0.293,0.29,0.293,17340.0
2021-04-12,0.29,0.292,0.284,0.292,23080.0
2021-04-13,0.298,0.298,0.282,0.289,67160.0
2021-04-14,0.289,0.298,0.285,0.293,47720.0
2021-04-15,0.292,0.293,0.29,0.293,10500.0
2021-04-16,0.293,0.293,0.285,0.285,23900.0
2021-04-19,0.281,0.294,0.281,0.293,199940.0
2021-04-20,0.293,0.296,0.287,0.29,140810.0
2021-04-21,0.286,0.289,0.286,0.289,43490.0
2021-04-22,0.289,0.289,0.28,0.286,46640.0
2021-04-23,0.281,0.284,0.277,0.284,24260.0
2021-04-26,0.277,0.277,0.25,0.271,275330.0
2021-04-27,0.26,0.271,0.246,0.26,106310.0
2021-04-28,0.259,0.268,0.25,0.268,51310.0
2021-04-29,0.268,0.274,0.264,0.274,65820.0
2021-04-30,0.274,0.28,0.27,0.277,101650.0
2021-05-04,0.277,0.28,0.27,0.28,185190.0
2021-05-05,0.269,0.277,0.269,0.277,73400.0
2021-05-06,0.277,0.277,0.266,0.27,23910.0
2021-05-07,0.275,0.275,0.271,0.273,20560.0
2021-05-10,0.269,0.28,0.269,0.28,138950.0
2021-05-11,0.282,0.282,0.263,0.273,112080.0
2021-05-12,0.273,0.273,0.235,0.262,550520.0
2021-05-13,0.262,0.268,0.25,0.268,41100.0
2021-05-14,0.268,0.269,0.253,0.263,42460.0
2021-05-17,0.263,0.264,0.254,0.262,86760.0
2021-05-18,0.262,0.267,0.254,0.267,31000.0
2021-05-19,0.263,0.269,0.256,0.268,48760.0
2021-05-20,0.269,0.269,0.268,0.269,7010.0
2021-05-21,0.27,0.284,0.269,0.276,274150.0
2021-05-24,0.276,0.276,0.255,0.263,82990.0
2021-05-25,0.256,0.263,0.255,0.261,54390.0
2021-05-26,0.262,0.262,0.254,0.26,58610.0
2021-05-27,0.26,0.273,0.254,0.27,181030.0
2021-05-28,0.27,0.274,0.26,0.27,82840.0
2021-05-31,0.27,0.27,0.26,0.27,50040.0
2021-06-01,0.259,0.268,0.257,0.265,49250.0
2021-06-02,0.265,0.271,0.257,0.269,62370.0
2021-06-04,0.269,0.269,0.259,0.268,52040.0
2021-06-07,0.268,0.268,0.257,0.268,69560.0
2021-06-08,0.264,0.268,0.261,0.261,31850.0
2021-06-09,0.266,0.268,0.26,0.267,65170.0
2021-06-10,0.267,0.272,0.267,0.272,45320.0
2021-06-11,0.272,0.272,0.269,0.27,13530.0
2021-06-14,0.271,0.271,0.262,0.27,57490.0
2021-06-15,0.27,0.273,0.27,0.272,32960.0
2021-06-16,0.268,0.268,0.262,0.265,43090.0
2021-06-17,0.266,0.266,0.259,0.262,69360.0
2021-06-18,0.262,0.264,0.259,0.264,37010.0
2021-06-21,0.265,0.266,0.257,0.266,62150.0
2021-06-22,0.26,0.266,0.259,0.266,13540.0
2021-06-23,0.266,0.266,0.26,0.265,32500.0
2021-06-24,0.265,0.266,0.265,0.266,5960.0
2021-06-25,0.266,0.3,0.266,0.3,959960.0
2021-06-28,0.299,0.3,0.273,0.278,235190.0
2021-06-29,0.278,0.286,0.275,0.278,96800.0
2021-06-30,0.285,0.286,0.273,0.284,61850.0
2021-07-01,0.275,0.29,0.275,0.289,53740.0
2021-07-02,0.292,0.292,0.282,0.289,29720.0
2021-07-05,0.282,0.289,0.27,0.279,143130.0
2021-07-06,0.279,0.279,0.27,0.278,44040.0
2021-07-07,0.276,0.277,0.27,0.277,54850.0
2021-07-08,0.276,0.277,0.271,0.275,17150.0
2021-07-09,0.271,0.275,0.27,0.275,34000.0
2021-07-12,0.274,0.276,0.265,0.275,129150.0
2021-07-13,0.271,0.274,0.27,0.274,22390.0
2021-07-14,0.273,0.273,0.265,0.273,36900.0
2021-07-15,0.264,0.272,0.264,0.271,7500.0
2021-07-16,0.267,0.274,0.265,0.274,26760.0
2021-07-19,0.274,0.274,0.264,0.27,18060.0
2021-07-20,0.269,0.269,0.261,0.265,36000.0
2021-07-21,0.263,0.269,0.261,0.269,13050.0
2021-07-22,0.269,0.274,0.264,0.264,19560.0
2021-07-23,0.274,0.274,0.265,0.273,28620.0
2021-07-26,0.273,0.273,0.265,0.272,25120.0
2021-07-27,0.272,0.274,0.271,0.272,31680.0
2021-07-28,0.269,0.27,0.269,0.27,3700.0
2021-07-29,0.271,0.286,0.271,0.273,90420.0
2021-07-30,0.273,0.28,0.265,0.267,14820.0
2021-08-02,0.278,0.278,0.269,0.274,15950.0
2021-08-03,0.278,0.278,0.269,0.274,10560.0
2021-08-04,0.269,0.274,0.269,0.274,18720.0
2021-08-05,0.269,0.278,0.269,0.275,37280.0
2021-08-06,0.275,0.279,0.271,0.277,64280.0
2021-08-09,0.277,0.277,0.271,0.271,11250.0
2021-08-10,0.272,0.275,0.27,0.27,5930.0
2021-08-11,0.27,0.274,0.267,0.267,26340.0
2021-08-12,0.275,0.275,0.267,0.275,6060.0
2021-08-13,0.27,0.275,0.27,0.275,23290.0
2021-08-16,0.275,0.275,0.267,0.275,91310.0
2021-08-17,0.276,0.276,0.27,0.275,23000.0
2021-08-18,0.27,0.275,0.27,0.275,7190.0
2021-08-19,0.267,0.275,0.267,0.275,350.0
2021-08-20,0.267,0.272,0.252,0.272,84480.0
2021-08-23,0.26,0.275,0.246,0.275,348610.0
2021-08-24,0.274,0.275,0.262,0.27,39030.0
2021-08-25,0.264,0.278,0.264,0.278,40150.0
2021-08-26,0.27,0.27,0.265,0.265,12710.0
2021-08-27,0.265,0.275,0.265,0.274,9350.0
2021-08-30,0.275,0.275,0.266,0.274,31670.0
2021-08-31,0.274,0.274,0.252,0.268,35070.0
2021-09-01,0.273,0.275,0.257,0.274,73300.0
2021-09-02,0.265,0.274,0.252,0.265,144370.0
2021-09-03,0.261,0.264,0.253,0.259,37640.0
2021-09-06,0.263,0.263,0.251,0.261,56990.0
2021-09-07,0.261,0.263,0.255,0.263,38520.0
2021-09-08,0.263,0.263,0.256,0.263,22000.0
2021-09-09,0.255,0.263,0.255,0.263,22000.0
2021-09-10,0.256,0.263,0.256,0.263,8100.0
2021-09-13,0.263,0.263,0.256,0.261,80370.0
2021-09-14,0.263,0.269,0.26,0.269,43900.0
2021-09-15,0.269,0.269,0.269,0.269,2830.0
2021-09-16,0.262,0.262,0.237,0.244,571670.0
2021-09-17,0.241,0.246,0.239,0.245,158320.0
2021-09-20,0.245,0.245,0.24,0.241,100520.0
2021-09-21,0.243,0.247,0.24,0.246,16100.000000000002
2021-09-22,0.246,0.259,0.243,0.256,71470.0
2021-09-23,0.248,0.253,0.246,0.253,24000.0
2021-09-24,0.246,0.248,0.24,0.244,49410.0
2021-09-27,0.241,0.248,0.241,0.248,23700.0
2021-09-28,0.243,0.248,0.24,0.248,15870.0
2021-09-29,0.248,0.248,0.235,0.248,10150.0
2021-09-30,0.248,0.249,0.235,0.248,13260.0
2021-10-01,0.248,0.248,0.241,0.248,5020.0
2021-10-04,0.24,0.248,0.24,0.246,118880.0
2021-10-05,0.24,0.245,0.24,0.244,69980.0
2021-10-06,0.241,0.256,0.232,0.256,241290.0
2021-10-07,0.256,0.256,0.256,0.256,10000.0
2021-10-08,0.258,0.258,0.248,0.254,58760.0
2021-10-11,0.254,0.266,0.245,0.25,212780.0
2021-10-12,0.265,0.265,0.255,0.264,65500.0
2021-10-13,0.254,0.271,0.254,0.27,161940.0
2021-10-14,0.261,0.27,0.26,0.269,24360.0
2021-10-15,0.269,0.278,0.26,0.278,305380.0
2021-10-18,0.275,0.286,0.27,0.286,298200.0
2021-10-19,0.286,0.293,0.27,0.289,157220.0
2021-10-20,0.289,0.305,0.285,0.3,324090.0
2021-10-21,0.299,0.307,0.286,0.3,119110.0
2021-10-22,0.3,0.305,0.3,0.303,24530.0
2021-10-25,0.299,0.3,0.285,0.299,116290.0
2021-10-26,0.284,0.3,0.284,0.3,584290.0
2021-10-27,0.3,0.317,0.291,0.305,357800.0
2021-10-28,0.31,0.35,0.305,0.348,561420.0
2021-10-29,0.348,0.348,0.315,0.34,201070.0
2021-11-02,0.34,0.34,0.31,0.326,128880.0
2021-11-03,0.326,0.328,0.313,0.328,87700.0
2021-11-04,0.328,0.328,0.31,0.323,39090.0
2021-11-05,0.312,0.329,0.312,0.328,46070.0
2021-11-08,0.308,0.328,0.308,0.325,18650.0
2021-11-09,0.324,0.329,0.305,0.327,26880.0
2021-11-10,0.328,0.329,0.31,0.31,25300.0
2021-11-12,0.305,0.33,0.305,0.31,8630.0
2021-11-15,0.315,0.329,0.308,0.308,50400.0
2021-11-16,0.314,0.338,0.3,0.327,967060.0
2021-11-17,0.32,0.326,0.3,0.31,90990.0
2021-11-18,0.316,0.317,0.3,0.3,26780.0
2021-11-19,0.314,0.314,0.3,0.313,102810.0
2021-11-22,0.31,0.31,0.286,0.307,127560.0
2021-11-23,0.307,0.307,0.289,0.306,67990.0
2021-11-24,0.3,0.305,0.29,0.305,4040.0
2021-11-25,0.303,0.303,0.303,0.303,50.0
2021-11-26,0.3,0.3,0.29,0.297,33070.0
2021-11-29,0.29,0.295,0.288,0.295,47250.0
2021-11-30,0.294,0.294,0.288,0.288,30390.0
2021-12-01,0.288,0.305,0.288,0.3,30280.0
2021-12-02,0.3,0.3,0.3,0.3,3000.0
2021-12-03,0.289,0.299,0.285,0.285,17670.0
2021-12-06,0.282,0.298,0.26,0.294,21780.0
2021-12-07,0.29,0.29,0.28,0.29,8430.0
2021-12-08,0.294,0.295,0.294,0.295,14000.0
2021-12-09,0.295,0.295,0.279,0.292,14580.0
2021-12-10,0.28,0.295,0.28,0.295,20490.0
2021-12-13,0.292,0.294,0.268,0.292,7700.0
2021-12-14,0.274,0.292,0.274,0.285,13330.0
2021-12-15,0.277,0.291,0.274,0.285,29440.0
2021-12-16,0.272,0.285,0.27,0.285,97660.0
2021-12-20,0.29,0.29,0.27,0.29,34810.0
2021-12-21,0.28,0.29,0.274,0.274,35010.0
2021-12-22,0.29,0.29,0.28,0.29,15370.0
2021-12-23,0.275,0.29,0.275,0.29,2100.0
2021-12-27,0.275,0.28,0.26,0.263,82100.0
2021-12-28,0.262,0.283,0.256,0.257,146280.0
2021-12-29,0.256,0.28,0.25,0.279,259070.0
2021-12-30,0.268,0.289,0.268,0.285,18860.0
2022-01-03,0.284,0.29,0.284,0.29,41920.0
2022-01-04,0.29,0.296,0.29,0.295,50880.0
2022-01-05,0.296,0.296,0.29,0.295,8840.0
2022-01-07,0.29,0.296,0.29,0.29,3350.0
2022-01-10,0.296,0.296,0.282,0.296,7340.0
2022-01-11,0.29,0.299,0.29,0.297,36300.0
2022-01-12,0.286,0.3,0.286,0.299,37270.0
2022-01-14,0.296,0.298,0.29,0.298,3060.0
2022-01-17,0.282,0.296,0.282,0.296,75560.0
2022-01-18,0.283,0.294,0.283,0.294,1950.0
2022-01-19,0.292,0.292,0.281,0.292,16840.0
2022-01-20,0.292,0.292,0.29,0.29,1010.0
2022-01-21,0.274,0.29,0.274,0.288,14320.0
2022-01-24,0.274,0.286,0.262,0.278,35150.0
2022-01-25,0.27,0.278,0.27,0.278,3770.0
2022-01-26,0.268,0.278,0.268,0.278,8010.0
2022-01-27,0.278,0.278,0.278,0.278,10.0
2022-01-28,0.278,0.278,0.278,0.278,30.0
2022-01-31,0.264,0.292,0.264,0.292,22240.0
2022-02-01,0.264,0.29,0.264,0.29,640.0
2022-02-02,0.27,0.31,0.27,0.309,109300.0
2022-02-03,0.309,0.32,0.282,0.299,165770.0
2022-02-04,0.288,0.299,0.287,0.298,15800.0
2022-02-07,0.287,0.295,0.287,0.295,1840.0
2022-02-08,0.294,0.294,0.294,0.294,50.0
2022-02-09,0.293,0.293,0.293,0.293,100.0
2022-02-10,0.271,0.29,0.271,0.29,3860.0
2022-02-11,0.272,0.294,0.272,0.29,14120.0
2022-02-15,0.285,0.285,0.27,0.271,29790.0
2022-02-16,0.274,0.277,0.268,0.275,60040.0
2022-02-17,0.275,0.275,0.26,0.26,87000.0
2022-02-18,0.254,0.269,0.254,0.265,20680.0
2022-02-21,0.25,0.259,0.25,0.259,41000.0
2022-02-22,0.25,0.266,0.24,0.265,37920.0
2022-02-23,0.264,0.28,0.264,0.28,25150.0
2022-02-24,0.24,0.249,0.22,0.242,129000.0
2022-02-25,0.24,0.26,0.24,0.259,114400.0
2022-02-28,0.231,0.259,0.231,0.259,25970.0
2022-03-01,0.25,0.273,0.246,0.27,4620.0
2022-03-02,0.247,0.26,0.247,0.259,34860.0
2022-03-03,0.259,0.259,0.254,0.258,13680.0
2022-03-04,0.25,0.258,0.25,0.257,14660.0
2022-03-07,0.259,0.259,0.25,0.255,13650.0
2022-03-08,0.255,0.255,0.255,0.255,10100.0
2022-03-09,0.256,0.256,0.246,0.256,11800.0
2022-03-10,0.27,0.288,0.25,0.284,88350.0
2022-03-11,0.284,0.288,0.27,0.279,28560.0
2022-03-14,0.285,0.285,0.266,0.28,4140.0
2022-03-15,0.276,0.276,0.268,0.276,10700.0
2022-03-16,0.266,0.286,0.266,0.286,990.0
2022-03-17,0.28,0.282,0.26,0.26,4620.0
2022-03-18,0.284,0.284,0.263,0.282,8300.0
2022-03-21,0.284,0.284,0.27,0.28,27860.0
2022-03-22,0.282,0.284,0.28,0.284,28240.0
2022-03-23,0.286,0.298,0.28,0.298,61160.0
2022-03-24,0.298,0.308,0.28,0.281,17110.0
2022-03-25,0.299,0.299,0.296,0.296,4040.0
2022-03-28,0.274,0.296,0.274,0.296,6080.0
2022-03-29,0.28,0.29,0.28,0.29,21980.0
2022-03-30,0.29,0.29,0.29,0.29,5160.0
2022-03-31,0.282,0.292,0.264,0.292,6370.0
2022-04-01,0.288,0.291,0.279,0.28,30250.0
2022-04-04,0.271,0.279,0.271,0.279,61100.0
2022-04-05,0.279,0.286,0.279,0.285,10960.0
2022-04-06,0.286,0.292,0.271,0.284,31270.0
2022-04-07,0.271,0.283,0.271,0.283,24620.0
2022-04-08,0.281,0.281,0.281,0.281,930.0
2022-04-11,0.28,0.28,0.28,0.28,10.0
2022-04-12,0.283,0.289,0.283,0.289,10480.0
2022-04-13,0.28,0.28,0.28,0.28,700.0
2022-04-14,0.284,0.284,0.28,0.28,12450.0
2022-04-19,0.265,0.29,0.265,0.28,7150.0
2022-04-20,0.28,0.28,0.266,0.27,4100.0
2022-04-21,0.288,0.288,0.28,0.28,5330.0
2022-04-22,0.286,0.286,0.28,0.28,2970.0
2022-04-25,0.28,0.28,0.28,0.28,6320.0
2022-04-26,0.27,0.279,0.265,0.279,22790.0
2022-04-27,0.28,0.28,0.28,0.28,5000.0
2022-04-28,0.279,0.279,0.279,0.279,30.0
2022-04-29,0.27,0.27,0.258,0.258,121210.0
2022-05-02,0.256,0.259,0.255,0.258,24450.0
2022-05-04,0.251,0.26,0.251,0.26,8150.0
2022-05-05,0.251,0.26,0.25,0.26,35100.0
2022-05-06,0.269,0.269,0.25,0.25,83860.0
2022-05-09,0.245,0.261,0.24,0.26,14870.0
2022-05-10,0.26,0.26,0.24,0.259,6000.0
2022-05-11,0.249,0.25,0.249,0.25,3010.0
2022-05-12,0.26,0.26,0.26,0.26,100.0
2022-05-13,0.268,0.268,0.243,0.243,17530.0
2022-05-16,0.24,0.255,0.234,0.255,15050.0
2022-05-17,0.248,0.248,0.248,0.248,1940.0
2022-05-18,0.24,0.25,0.24,0.245,8189.999999999999
2022-05-19,0.234,0.234,0.234,0.234,260.0
2022-05-20,0.234,0.245,0.206,0.239,78420.0
2022-05-23,0.238,0.259,0.238,0.25,23230.0
2022-05-24,0.245,0.267,0.245,0.267,43900.0
2022-05-25,0.25,0.25,0.25,0.25,6230.0
2022-05-26,0.237,0.25,0.23,0.249,54710.0
2022-05-27,0.231,0.249,0.228,0.249,27510.0
2022-05-31,0.249,0.249,0.23,0.249,2400.0
2022-06-01,0.226,0.242,0.226,0.227,23570.0
2022-06-02,0.234,0.234,0.234,0.234,15270.0
2022-06-03,0.222,0.222,0.222,0.222,400.0
2022-06-06,0.222,0.239,0.222,0.222,150.0
2022-06-07,0.237,0.237,0.225,0.235,9880.0
2022-06-08,0.225,0.235,0.225,0.234,76100.0
2022-06-09,0.233,0.255,0.233,0.249,24500.0
2022-06-13,0.23,0.24,0.222,0.222,21640.0
2022-06-14,0.244,0.244,0.222,0.239,1850.0
2022-06-15,0.222,0.23,0.222,0.229,9920.0
2022-06-17,0.235,0.235,0.222,0.235,11480.0
2022-06-20,0.234,0.234,0.221,0.232,8900.0
2022-06-21,0.212,0.216,0.212,0.215,29780.0
2022-06-22,0.229,0.229,0.228,0.228,930.0
2022-06-23,0.229,0.229,0.229,0.229,100.0
2022-06-24,0.229,0.229,0.229,0.229,2150.0
2022-06-27,0.21,0.228,0.21,0.228,26100.0
2022-06-29,0.21,0.24,0.21,0.24,51530.0
2022-06-30,0.239,0.239,0.239,0.239,500.0
2022-07-01,0.22,0.24,0.22,0.24,75970.0
2022-07-04,0.224,0.255,0.224,0.255,164400.0
2022-07-05,0.258,0.258,0.258,0.258,40.0
2022-07-06,0.25,0.256,0.225,0.254,22480.0
2022-07-07,0.254,0.294,0.236,0.294,616580.0
2022-07-08,0.269,0.288,0.266,0.275,28530.0
2022-07-11,0.27,0.29,0.27,0.29,156060.0
2022-07-12,0.272,0.288,0.27,0.284,26020.0
2022-07-13,0.273,0.296,0.273,0.295,229730.0
2022-07-14,0.281,0.281,0.27,0.274,45580.0
2022-07-15,0.284,0.284,0.28,0.281,13100.0
2022-07-18,0.28,0.295,0.27,0.27,39490.0
2022-07-19,0.29,0.29,0.27,0.287,14940.0
2022-07-20,0.266,0.281,0.266,0.28,116090.0
2022-07-21,0.28,0.28,0.262,0.262,15640.0
2022-07-22,0.264,0.278,0.263,0.268,143840.0
2022-07-25,0.268,0.282,0.268,0.282,234670.0
2022-07-26,0.279,0.279,0.266,0.27,16420.0
2022-07-27,0.265,0.275,0.252,0.253,20950.0
2022-07-28,0.254,0.275,0.254,0.269,80000.0
2022-07-29,0.275,0.275,0.27,0.275,5080.0
2022-08-01,0.261,0.266,0.26,0.266,78670.0
2022-08-02,0.266,0.269,0.26,0.269,58350.0
2022-08-03,0.262,0.269,0.256,0.256,10690.0
2022-08-04,0.266,0.266,0.266,0.266,30.0
2022-08-05,0.26,0.266,0.256,0.266,1590.0
2022-08-08,0.257,0.266,0.256,0.266,10010.0
2022-08-09,0.266,0.266,0.256,0.265,12700.0
2022-08-10,0.257,0.263,0.246,0.263,36630.0
2022-08-11,0.251,0.264,0.25,0.25,44210.0
2022-08-12,0.25,0.258,0.243,0.257,106100.0
2022-08-16,0.257,0.268,0.257,0.26,143320.0
2022-08-17,0.26,0.26,0.252,0.252,2000.0
2022-08-18,0.266,0.266,0.266,0.266,280.0
2022-08-22,0.252,0.284,0.252,0.284,243990.0
2022-08-23,0.268,0.284,0.268,0.268,30790.0
2022-08-24,0.284,0.284,0.28,0.28,40150.0
2022-08-25,0.28,0.28,0.258,0.258,20020.0
2022-08-26,0.28,0.28,0.258,0.27,40070.0
2022-08-29,0.279,0.279,0.253,0.268,20090.0
2022-08-30,0.254,0.267,0.254,0.267,2020.0
2022-08-31,0.253,0.264,0.253,0.264,4520.0
2022-09-01,0.253,0.268,0.252,0.264,16180.0
2022-09-02,0.246,0.264,0.245,0.264,11900.0
2022-09-05,0.246,0.262,0.246,0.262,200.0
2022-09-07,0.25,0.261,0.249,0.261,37870.0
2022-09-08,0.25,0.261,0.25,0.261,10200.0
2022-09-09,0.25,0.256,0.239,0.245,89050.0
2022-09-12,0.257,0.257,0.257,0.257,100.0
2022-09-16,0.25,0.25,0.228,0.229,19900.0
2022-09-19,0.251,0.251,0.251,0.251,40.0
2022-09-20,0.249,0.249,0.249,0.249,690.0
2022-09-22,0.234,0.249,0.234,0.248,2140.0
2022-09-23,0.247,0.255,0.247,0.255,3970.0
2022-09-26,0.255,0.255,0.235,0.255,290.0
2022-09-27,0.235,0.26,0.235,0.26,2640.0
2022-09-28,0.26,0.26,0.26,0.26,40.0
2022-09-29,0.258,0.258,0.258,0.258,230.0
2022-09-30,0.24,0.249,0.236,0.249,21300.0
2022-10-04,0.236,0.249,0.235,0.249,19260.0
2022-10-05,0.235,0.249,0.235,0.249,24450.0
2022-10-06,0.236,0.249,0.228,0.239,16940.0
2022-10-07,0.225,0.225,0.225,0.225,1240.0
2022-10-10,0.23,0.26,0.23,0.23,18270.0
2022-10-11,0.259,0.259,0.259,0.259,40.0
2022-10-12,0.246,0.246,0.23,0.23,5280.0
2022-10-13,0.23,0.258,0.23,0.258,14950.0
2022-10-14,0.258,0.258,0.232,0.257,6320.0
2022-10-17,0.25,0.25,0.25,0.25,2720.0
2022-10-18,0.257,0.257,0.231,0.231,45050.0
2022-10-19,0.249,0.249,0.232,0.249,21080.0
2022-10-20,0.249,0.249,0.232,0.232,11370.0
2022-10-21,0.249,0.249,0.231,0.245,62750.0
2022-10-25,0.231,0.242,0.228,0.242,18740.0
2022-10-26,0.242,0.242,0.228,0.241,10140.0
2022-10-27,0.231,0.241,0.231,0.241,2170.0
2022-10-28,0.241,0.244,0.238,0.244,6010.0
2022-11-02,0.247,0.247,0.229,0.23,20030.0
2022-11-03,0.246,0.247,0.231,0.247,3410.0
2022-11-04,0.231,0.247,0.231,0.247,18070.0
2022-11-07,0.232,0.24,0.232,0.24,11020.0
2022-11-08,0.231,0.239,0.225,0.233,38920.0
2022-11-09,0.234,0.25,0.234,0.25,20180.0
2022-11-10,0.249,0.249,0.24,0.249,17100.0
2022-11-14,0.249,0.249,0.227,0.249,20590.0
2022-11-15,0.248,0.248,0.226,0.239,41860.0
2022-11-16,0.233,0.233,0.226,0.226,9270.0
2022-11-17,0.226,0.238,0.226,0.238,74150.0
2022-11-18,0.239,0.247,0.231,0.243,91080.0
2022-11-21,0.24,0.24,0.24,0.24,15000.0
2022-11-22,0.241,0.243,0.24,0.24,20050.0
2022-11-23,0.24,0.248,0.24,0.248,48710.0
2022-11-24,0.24,0.259,0.24,0.259,78290.0
2022-11-25,0.234,0.25,0.234,0.25,2920.0
2022-11-29,0.25,0.259,0.236,0.24,150240.0
2022-11-30,0.241,0.253,0.24,0.253,63000.0
2022-12-01,0.234,0.254,0.234,0.254,48320.0
2022-12-02,0.254,0.258,0.246,0.249,63050.0
2022-12-05,0.241,0.259,0.24,0.24,74760.0
2022-12-06,0.233,0.255,0.233,0.255,21340.0
2022-12-07,0.255,0.256,0.243,0.256,6120.0
2022-12-08,0.256,0.256,0.256,0.256,2130.0
2022-12-09,0.256,0.256,0.243,0.254,4980.0
2022-12-12,0.254,0.254,0.234,0.254,21870.0
2022-12-14,0.236,0.25,0.236,0.25,26040.0
2022-12-15,0.25,0.25,0.237,0.237,3530.0
2022-12-19,0.237,0.237,0.237,0.237,3390.0
2022-12-20,0.246,0.25,0.237,0.237,23320.0
2022-12-21,0.237,0.248,0.234,0.24,33270.0
2022-12-22,0.24,0.249,0.24,0.249,20010.0
2022-12-23,0.24,0.244,0.236,0.244,6010.0
2022-12-27,0.243,0.25,0.236,0.238,53770.0
2022-12-28,0.234,0.234,0.232,0.232,35790.0
2022-12-29,0.232,0.25,0.23,0.25,27570.0
2022-12-30,0.25,0.254,0.23,0.254,61920.0
2023-01-02,0.238,0.255,0.238,0.255,4260.0
2023-01-03,0.254,0.256,0.254,0.256,48610.0
2023-01-04,0.257,0.262,0.25,0.25,32310.000000000004
2023-01-05,0.25,0.255,0.25,0.255,159550.0
2023-01-09,0.25,0.25,0.242,0.25,16100.000000000002
2023-01-10,0.25,0.257,0.242,0.253,20800.0
2023-01-11,0.251,0.257,0.242,0.257,13310.0
2023-01-12,0.258,0.258,0.258,0.258,1680.0
2023-01-13,0.258,0.258,0.258,0.258,4019.9999999999995
2023-01-16,0.258,0.258,0.244,0.257,12990.0
2023-01-17,0.246,0.254,0.245,0.245,46290.0
2023-01-18,0.245,0.255,0.245,0.247,14200.0
2023-01-19,0.253,0.256,0.248,0.248,12610.0
2023-01-20,0.253,0.256,0.253,0.254,13530.0
2023-01-23,0.258,0.275,0.251,0.264,79040.0
2023-01-24,0.253,0.267,0.253,0.265,5250.0
2023-01-25,0.263,0.263,0.26,0.263,1350.0
2023-01-26,0.263,0.267,0.255,0.266,24820.0
2023-01-27,0.265,0.265,0.265,0.265,730.0
2023-01-30,0.254,0.257,0.247,0.25,50910.0
2023-01-31,0.246,0.25,0.245,0.25,15570.0
2023-02-01,0.249,0.258,0.232,0.235,60360.0
2023-02-02,0.24,0.257,0.238,0.25,5790.0
2023-02-03,0.248,0.249,0.233,0.244,11550.0
2023-02-06,0.248,0.248,0.248,0.248,600.0
2023-02-07,0.248,0.248,0.225,0.238,101990.0
2023-02-08,0.22,0.238,0.22,0.235,83340.0
2023-02-09,0.228,0.236,0.228,0.234,36900.0
2023-02-10,0.233,0.244,0.233,0.244,70170.0
2023-02-13,0.234,0.239,0.234,0.239,10080.0
2023-02-14,0.239,0.24,0.222,0.24,103330.0
2023-02-15,0.24,0.24,0.24,0.24,2009.9999999999998
2023-02-16,0.231,0.235,0.224,0.23,15100.0
2023-02-17,0.234,0.234,0.226,0.234,23390.0
2023-02-20,0.233,0.239,0.225,0.239,12160.0
2023-02-21,0.243,0.243,0.225,0.225,25100.0
2023-02-22,0.23,0.23,0.221,0.221,30330.0
2023-02-23,0.221,0.228,0.22,0.221,49500.0
2023-02-24,0.221,0.227,0.22,0.22,21260.0
2023-02-27,0.224,0.224,0.224,0.224,160.0
2023-02-28,0.222,0.23,0.221,0.23,12800.0
2023-03-01,0.233,0.236,0.23,0.23,2250.0
2023-03-02,0.227,0.23,0.221,0.222,14550.0
2023-03-03,0.228,0.23,0.228,0.23,10710.0
2023-03-06,0.223,0.23,0.223,0.23,500.0
2023-03-07,0.221,0.227,0.219,0.226,46130.0
2023-03-08,0.221,0.23,0.221,0.23,25390.0
2023-03-09,0.229,0.23,0.229,0.23,10800.0
2023-03-10,0.23,0.23,0.225,0.225,1870.0
2023-03-13,0.229,0.23,0.219,0.219,25070.0
2023-03-14,0.226,0.226,0.219,0.225,7400.0
2023-03-15,0.22,0.228,0.215,0.215,21060.0
2023-03-16,0.215,0.219,0.215,0.219,1460.0
2023-03-17,0.219,0.223,0.213,0.222,19840.0
2023-03-20,0.222,0.222,0.2,0.21,22410.0
2023-03-21,0.22,0.23,0.22,0.22,37770.0
2023-03-22,0.221,0.229,0.202,0.229,33790.0
2023-03-23,0.229,0.229,0.229,0.229,0.0
2023-03-24,0.229,0.229,0.213,0.224,0.0
2023-03-27,0.207,0.224,0.207,0.224,34760.0
2023-03-28,0.217,0.228,0.215,0.215,8860.0
2023-03-29,0.225,0.226,0.21,0.21,11010.0
2023-03-30,0.21,0.23,0.21,0.23,73450.0
2023-03-31,0.23,0.23,0.23,0.23,130.0
2023-04-03,0.222,0.237,0.222,0.237,37730.0
2023-04-04,0.225,0.235,0.225,0.235,12230.0
2023-04-05,0.235,0.235,0.234,0.234,4280.0
2023-04-06,0.23,0.235,0.23,0.235,3380.0
2023-04-11,0.234,0.234,0.226,0.226,8220.0
2023-04-12,0.23,0.23,0.23,0.23,9280.0
2023-04-13,0.23,0.23,0.216,0.219,37110.0
2023-04-14,0.22,0.238,0.22,0.237,31620.0
2023-04-17,0.238,0.238,0.237,0.237,6060.0
2023-04-18,0.216,0.235,0.216,0.23,27730.0
2023-04-19,0.23,0.23,0.22,0.229,2690.0
2023-04-20,0.236,0.236,0.222,0.228,5880.0
2023-04-21,0.226,0.226,0.226,0.226,140.0
2023-04-24,0.222,0.234,0.22,0.232,34610.0
2023-04-25,0.232,0.234,0.224,0.234,2009.9999999999998
2023-04-26,0.228,0.228,0.21,0.21,231940.0
2023-04-27,0.22,0.226,0.22,0.226,68140.0
2023-04-28,0.222,0.222,0.212,0.22,22150.0
2023-05-02,0.208,0.216,0.204,0.206,141670.0
2023-05-04,0.206,0.21,0.202,0.204,19770.0
2023-05-05,0.206,0.216,0.206,0.216,9100.0
2023-05-08,0.21,0.218,0.21,0.216,30840.0
2023-05-09,0.21,0.21,0.21,0.21,7770.0
2023-05-10,0.21,0.228,0.208,0.224,76890.0
2023-05-11,0.226,0.226,0.21,0.218,10430.0
2023-05-12,0.212,0.22,0.206,0.22,89770.0
2023-05-15,0.218,0.22,0.206,0.22,27200.0
2023-05-16,0.222,0.222,0.212,0.212,15110.0
2023-05-17,0.21,0.21,0.206,0.206,20940.0
2023-05-18,0.208,0.216,0.208,0.216,12330.0
2023-05-19,0.216,0.216,0.208,0.208,5700.0
2023-05-22,0.214,0.22,0.214,0.216,60280.0
2023-05-23,0.212,0.224,0.21,0.21,41410.0
2023-05-24,0.21,0.214,0.206,0.206,92560.0
2023-05-25,0.206,0.214,0.204,0.206,33510.0
2023-05-26,0.206,0.214,0.206,0.214,12170.0
2023-05-29,0.216,0.226,0.21,0.224,81960.0
2023-05-30,0.226,0.226,0.216,0.216,3210.0
2023-05-31,0.224,0.224,0.224,0.224,10.0
2023-06-01,0.224,0.224,0.21,0.21,53000.0
2023-06-02,0.222,0.222,0.22,0.22,2000.0
2023-06-05,0.212,0.22,0.21,0.22,6260.0
2023-06-07,0.218,0.22,0.218,0.22,17770.0
2023-06-09,0.22,0.22,0.22,0.22,26100.0
2023-06-12,0.212,0.22,0.21,0.22,17630.0
2023-06-13,0.212,0.218,0.212,0.212,11860.0
2023-06-14,0.212,0.218,0.21,0.218,32670.0
2023-06-15,0.212,0.218,0.21,0.218,34290.0
2023-06-16,0.212,0.218,0.2,0.212,150540.0
2023-06-19,0.204,0.21,0.204,0.204,103950.0
2023-06-20,0.204,0.208,0.204,0.208,1230.0
2023-06-21,0.204,0.206,0.202,0.206,40540.0
2023-06-22,0.204,0.208,0.204,0.208,54390.0
2023-06-23,0.204,0.212,0.204,0.212,16300.0
2023-06-26,0.202,0.212,0.202,0.212,21730.0
2023-06-28,0.212,0.214,0.206,0.214,13370.0
2023-06-29,0.212,0.212,0.212,0.212,1070.0
2023-06-30,0.212,0.212,0.202,0.202,10420.0
2023-07-03,0.21,0.21,0.21,0.21,12500.0
2023-07-04,0.206,0.22,0.202,0.22,88510.0
2023-07-05,0.208,0.21,0.197,0.208,364700.0
2023-07-06,0.202,0.208,0.198,0.208,140320.0
2023-07-07,0.202,0.208,0.2,0.208,31740.0
2023-07-10,0.208,0.21,0.208,0.21,30750.0
2023-07-11,0.21,0.21,0.206,0.208,10130.0
2023-07-12,0.204,0.21,0.202,0.202,14350.0
2023-07-13,0.202,0.206,0.202,0.206,9620.0
2023-07-14,0.208,0.208,0.202,0.202,71580.0
2023-07-17,0.204,0.21,0.204,0.208,57040.0
2023-07-18,0.208,0.22,0.202,0.218,78150.0
2023-07-19,0.218,0.218,0.21,0.218,8080.0
2023-07-20,0.21,0.218,0.21,0.21,82360.0
2023-07-21,0.216,0.216,0.216,0.216,5890.0
2023-07-24,0.218,0.218,0.216,0.218,49890.0
2023-07-25,0.218,0.218,0.218,0.218,30000.0
2023-07-26,0.216,0.234,0.21,0.216,201650.0
2023-07-27,0.228,0.228,0.208,0.22,98520.0
2023-07-28,0.22,0.23,0.212,0.226,27950.0
2023-07-31,0.226,0.226,0.216,0.222,12780.0
2023-08-01,0.216,0.224,0.216,0.222,59110.0
2023-08-02,0.222,0.224,0.216,0.22,20010.0
2023-08-03,0.224,0.224,0.206,0.214,69160.0
2023-08-04,0.216,0.216,0.21,0.216,21600.0
2023-08-07,0.21,0.216,0.21,0.216,230.0
2023-08-08,0.216,0.216,0.212,0.216,3230.0
2023-08-09,0.212,0.216,0.212,0.216,5820.0
2023-08-10,0.214,0.214,0.214,0.214,5000.0
2023-08-11,0.21,0.216,0.21,0.216,2050.0
2023-08-14,0.21,0.22,0.21,0.22,8170.0
2023-08-16,0.218,0.22,0.212,0.212,35990.0
2023-08-17,0.212,0.212,0.212,0.212,180.0
2023-08-18,0.212,0.212,0.212,0.212,10030.0
2023-08-21,0.214,0.214,0.206,0.206,19820.0
2023-08-22,0.214,0.218,0.214,0.218,31060.0
2023-08-23,0.218,0.218,0.218,0.218,1000.0
2023-08-24,0.212,0.212,0.212,0.212,8100.0
2023-08-25,0.212,0.212,0.206,0.21,50530.0
2023-08-28,0.21,0.21,0.204,0.204,48550.0
2023-08-29,0.204,0.208,0.202,0.208,37200.0
2023-08-30,0.208,0.208,0.206,0.206,130.0
2023-08-31,0.208,0.208,0.208,0.208,50.0
2023-09-01,0.208,0.208,0.208,0.208,3050.0
2023-09-04,0.206,0.206,0.204,0.204,9110.0
2023-09-05,0.204,0.208,0.202,0.208,16730.0
2023-09-07,0.202,0.206,0.2,0.206,85270.0
2023-09-08,0.206,0.208,0.2,0.204,26560.0
2023-09-11,0.204,0.208,0.2,0.2,23660.0
2023-09-12,0.208,0.208,0.208,0.208,1000.0
2023-09-14,0.2,0.204,0.197,0.199,420.0
2023-09-18,0.206,0.224,0.204,0.22,122360.0
2023-09-19,0.22,0.22,0.204,0.218,15540.0
2023-09-20,0.208,0.214,0.204,0.204,22460.0
2023-09-21,0.212,0.212,0.2,0.206,39380.0
2023-09-22,0.206,0.208,0.206,0.208,310.0
2023-09-25,0.208,0.212,0.206,0.206,21350.0
2023-09-26,0.21,0.21,0.21,0.21,4000.0
2023-09-28,0.206,0.206,0.204,0.204,5020.0
2023-09-29,0.208,0.21,0.208,0.21,300.0
2023-10-02,0.21,0.21,0.21,0.21,11500.0
2023-10-03,0.226,0.3,0.204,0.3,2510000.0
2023-10-04,0.34,0.346,0.282,0.282,2560000.0
2023-10-05,0.284,0.298,0.264,0.298,962750.0
2023-10-06,0.308,0.308,0.278,0.292,241470.0
2023-10-09,0.278,0.286,0.254,0.26,302960.0
2023-10-10,0.258,0.268,0.25,0.26,82050.0
2023-10-11,0.26,0.26,0.25,0.256,86680.0
2023-10-12,0.258,0.266,0.25,0.25,90070.0
2023-10-13,0.252,0.264,0.25,0.262,55420.0
2023-10-16,0.254,0.274,0.25,0.264,72460.0
2023-10-17,0.264,0.268,0.256,0.268,30940.0
2023-10-18,0.258,0.268,0.252,0.262,106070.0
2023-10-19,0.256,0.266,0.252,0.266,18150.0
2023-10-20,0.254,0.256,0.24,0.25,95000.0
2023-10-23,0.256,0.256,0.24,0.24,27340.0
2023-10-24,0.24,0.248,0.24,0.248,6240.0
2023-10-25,0.244,0.244,0.244,0.244,5980.0
2023-10-26,0.25,0.25,0.242,0.242,2340.0
2023-10-27,0.242,0.248,0.242,0.242,2430.0
2023-10-30,0.248,0.248,0.24,0.24,970.0
2023-10-31,0.242,0.26,0.242,0.25,10500.0
2023-11-02,0.254,0.254,0.244,0.252,5560.0
2023-11-03,0.25,0.26,0.25,0.26,65440.0
2023-11-06,0.26,0.29,0.26,0.28,109650.0
2023-11-07,0.26,0.28,0.256,0.28,41640.0
2023-11-08,0.28,0.29,0.28,0.29,52410.0
2023-11-09,0.298,0.306,0.282,0.29,243360.0
2023-11-10,0.284,0.288,0.26,0.26,109080.0
2023-11-13,0.262,0.288,0.262,0.28,27250.0
2023-11-14,0.282,0.286,0.262,0.286,8410.0
2023-11-15,0.286,0.296,0.268,0.288,62710.0
2023-11-16,0.276,0.284,0.27,0.284,13060.0
2023-11-17,0.27,0.286,0.27,0.286,2470.0
2023-11-20,0.286,0.286,0.286,0.286,3050.0
2023-11-21,0.27,0.286,0.266,0.286,5300.0
2023-11-22,0.286,0.286,0.286,0.286,40.0
2023-11-23,0.286,0.286,0.268,0.284,2860.0
2023-11-24,0.27,0.28,0.266,0.28,11330.0
2023-11-27,0.28,0.284,0.268,0.284,23090.0
2023-11-28,0.284,0.284,0.27,0.27,7030.0
2023-11-29,0.27,0.27,0.24,0.24,91630.0
2023-11-30,0.246,0.25,0.22,0.238,176060.0
2023-12-01,0.23,0.236,0.23,0.236,15720.0
2023-12-04,0.22,0.234,0.22,0.234,3430.0
2023-12-05,0.226,0.23,0.226,0.226,19640.0
2023-12-06,0.226,0.234,0.224,0.234,4860.0
2023-12-07,0.23,0.23,0.222,0.23,114750.0
2023-12-08,0.23,0.264,0.222,0.25,65450.0
2023-12-11,0.25,0.264,0.24,0.258,45620.0
2023-12-12,0.258,0.258,0.258,0.258,5490.0
2023-12-13,0.258,0.258,0.244,0.256,700.0
2023-12-14,0.23,0.246,0.23,0.23,80540.0
2023-12-15,0.238,0.24,0.238,0.238,570.0
2023-12-18,0.238,0.242,0.236,0.238,4440.0
2023-12-19,0.238,0.242,0.222,0.228,52600.0
2023-12-20,0.234,0.234,0.23,0.23,3860.0
2023-12-21,0.226,0.228,0.216,0.216,23570.0
2023-12-22,0.216,0.232,0.216,0.22,47240.0
2023-12-27,0.218,0.22,0.206,0.216,201780.0
2023-12-28,0.21,0.23,0.21,0.23,37230.0
2023-12-29,0.22,0.228,0.22,0.228,15130.0
2024-01-02,0.22,0.23,0.22,0.23,10400.0
2024-01-03,0.23,0.238,0.23,0.238,10900.0
2024-01-04,0.236,0.238,0.236,0.238,35220.0
2024-01-05,0.238,0.24,0.23,0.24,11410.0
2024-01-08,0.24,0.24,0.23,0.238,31130.0
2024-01-09,0.228,0.236,0.228,0.236,9810.0
2024-01-10,0.228,0.228,0.22,0.228,35250.0
2024-01-11,0.222,0.23,0.222,0.222,26070.0
2024-01-12,0.23,0.24,0.226,0.238,33660.0
2024-01-15,0.242,0.248,0.238,0.238,290.0
2024-01-16,0.24,0.24,0.24,0.24,100.0
2024-01-17,0.234,0.24,0.228,0.24,12520.0
2024-01-18,0.238,0.238,0.238,0.238,200.0
2024-01-19,0.238,0.238,0.228,0.236,14660.0
2024-01-23,0.23,0.23,0.226,0.226,1050.0
2024-01-24,0.228,0.234,0.228,0.234,8420.0
2024-01-25,0.234,0.236,0.234,0.236,7000.0
2024-01-26,0.236,0.236,0.23,0.23,2560.0
2024-01-29,0.236,0.236,0.236,0.236,70.0
2024-01-30,0.238,0.238,0.22,0.238,33840.0
2024-01-31,0.236,0.236,0.222,0.23,6880.0
2024-02-01,0.232,0.24,0.222,0.224,43880.0
2024-02-02,0.23,0.236,0.23,0.234,3450.0
2024-02-05,0.238,0.238,0.222,0.236,3370.0
2024-02-06,0.23,0.236,0.23,0.236,530.0
2024-02-07,0.23,0.238,0.226,0.238,10140.0
2024-02-08,0.238,0.238,0.234,0.234,7810.0
2024-02-09,0.232,0.238,0.232,0.232,4210.0
2024-02-12,0.224,0.234,0.22,0.22,46140.0
2024-02-13,0.228,0.23,0.216,0.228,40650.0
2024-02-14,0.224,0.224,0.21,0.21,135480.0
2024-02-15,0.218,0.226,0.214,0.224,14740.0
2024-02-16,0.226,0.226,0.22,0.22,26140.0
2024-02-19,0.218,0.218,0.214,0.214,25010.0
2024-02-20,0.218,0.228,0.218,0.228,29940.0
2024-02-21,0.228,0.23,0.22,0.23,2120.0
2024-02-22,0.23,0.234,0.22,0.234,75220.0
2024-02-23,0.234,0.234,0.222,0.23,25260.0
2024-02-26,0.228,0.228,0.222,0.228,1490.0
2024-02-27,0.222,0.224,0.212,0.224,95690.0
2024-02-28,0.226,0.226,0.226,0.226,100.0
2024-02-29,0.218,0.218,0.216,0.216,1590.0
2024-03-01,0.22,0.228,0.216,0.218,28300.0
2024-03-04,0.214,0.228,0.214,0.228,25810.0
2024-03-05,0.218,0.218,0.218,0.218,4840.0
2024-03-06,0.218,0.218,0.218,0.218,9480.0
2024-03-07,0.216,0.218,0.216,0.218,26010.0
2024-03-08,0.218,0.22,0.216,0.22,14700.0
2024-03-11,0.22,0.22,0.212,0.218,6250.0
2024-03-12,0.22,0.222,0.22,0.222,5310.0
2024-03-13,0.222,0.228,0.216,0.228,68410.0
2024-03-14,0.228,0.228,0.228,0.228,5000.0
2024-03-15,0.226,0.228,0.218,0.228,24690.0
2024-03-18,0.22,0.228,0.22,0.228,1610.0
2024-03-19,0.228,0.228,0.228,0.228,610.0
2024-03-20,0.228,0.228,0.228,0.228,50.0
2024-03-21,0.22,0.228,0.22,0.228,370.0
2024-03-22,0.228,0.228,0.216,0.228,19970.0
2024-03-25,0.226,0.226,0.222,0.222,1270.0
2024-03-26,0.218,0.22,0.21,0.212,49110.0
2024-03-27,0.218,0.22,0.214,0.22,26050.0
2024-03-28,0.22,0.22,0.22,0.22,15610.0
2024-04-02,0.219,0.24,0.219,0.234,10440.0
2024-04-03,0.228,0.232,0.228,0.232,13900.0
2024-04-04,0.226,0.232,0.226,0.226,1690.0
2024-04-05,0.231,0.231,0.23,0.23,1200.0
2024-04-08,0.23,0.23,0.224,0.229,9050.0
2024-04-09,0.226,0.229,0.222,0.228,23340.0
2024-04-10,0.223,0.23,0.223,0.23,18000.0
2024-04-11,0.224,0.228,0.222,0.228,2100.0
2024-04-12,0.228,0.228,0.228,0.228,600.0
2024-04-15,0.222,0.227,0.214,0.226,2470.0
2024-04-16,0.227,0.227,0.227,0.227,150.0
2024-04-18,0.221,0.221,0.211,0.214,5910.0
2024-04-19,0.22,0.225,0.215,0.215,6130.0
2024-04-22,0.225,0.225,0.225,0.225,310.0
2024-04-23,0.226,0.226,0.217,0.224,12440.0
2024-04-24,0.224,0.224,0.211,0.224,19400.0
2024-04-25,0.224,0.227,0.219,0.227,12760.0
2024-04-26,0.227,0.227,0.227,0.227,0.0
2024-04-29,0.227,0.227,0.227,0.227,80.0
2024-04-30,0.22,0.221,0.22,0.221,5840.0
2024-05-02,0.22,0.226,0.216,0.226,20860.0
2024-05-06,0.218,0.226,0.217,0.226,13110.0
2024-05-07,0.226,0.227,0.226,0.227,4050.0
2024-05-08,0.221,0.225,0.221,0.221,1350.0
2024-05-09,0.221,0.227,0.22,0.227,9530.0
2024-05-10,0.228,0.228,0.227,0.228,1620.0
2024-05-13,0.228,0.236,0.228,0.231,41250.0
2024-05-14,0.226,0.226,0.226,0.226,650.0
2024-05-15,0.22,0.226,0.218,0.226,65550.0
2024-05-16,0.218,0.226,0.21,0.224,26170.0
2024-05-17,0.222,0.226,0.22,0.22,53500.0
2024-05-20,0.219,0.23,0.219,0.23,60570.0
2024-05-21,0.23,0.234,0.228,0.228,10020.0
2024-05-22,0.225,0.232,0.221,0.232,16450.0
2024-05-23,0.225,0.233,0.225,0.233,870.0
2024-05-24,0.23,0.233,0.222,0.232,6630.0
2024-05-27,0.232,0.233,0.225,0.233,2640.0
2024-05-28,0.233,0.233,0.233,0.233,10.0
2024-05-29,0.226,0.232,0.22,0.229,21420.0
2024-05-31,0.229,0.23,0.222,0.23,2070.0
2024-06-03,0.23,0.23,0.23,0.23,200.0
2024-06-04,0.225,0.225,0.22,0.22,12580.0
2024-06-05,0.22,0.229,0.22,0.228,31030.0
2024-06-06,0.228,0.229,0.22,0.229,23370.0
2024-06-07,0.228,0.229,0.228,0.229,4720.0
2024-06-10,0.221,0.227,0.221,0.227,5450.0
2024-06-11,0.228,0.228,0.228,0.228,540.0
2024-06-12,0.222,0.229,0.22,0.221,24160.0
2024-06-13,0.22,0.228,0.22,0.225,1800.0
2024-06-14,0.225,0.228,0.22,0.228,14590.0
2024-06-17,0.229,0.229,0.229,0.229,40.0
2024-06-19,0.225,0.228,0.222,0.228,1060.0
2024-06-20,0.228,0.228,0.227,0.227,240.0
2024-06-21,0.227,0.227,0.222,0.227,680.0
2024-06-24,0.227,0.228,0.222,0.228,4950.0
2024-06-25,0.222,0.226,0.221,0.226,18970.0
2024-06-26,0.222,0.232,0.221,0.232,88870.0
2024-06-27,0.232,0.234,0.222,0.233,22090.0
2024-06-28,0.233,0.234,0.233,0.233,4410.0
2024-07-01,0.233,0.233,0.225,0.232,2110.0
2024-07-02,0.233,0.233,0.22,0.23,40130.0
2024-07-03,0.222,0.228,0.222,0.228,1560.0
2024-07-04,0.222,0.228,0.222,0.227,45210.0
2024-07-05,0.227,0.227,0.227,0.227,100.0
2024-07-08,0.227,0.227,0.22,0.22,86190.0
2024-07-09,0.22,0.225,0.218,0.219,42390.0
2024-07-10,0.22,0.227,0.22,0.227,52900.0
2024-07-11,0.226,0.226,0.221,0.225,930.0
2024-07-12,0.221,0.225,0.22,0.225,20930.0
2024-07-15,0.221,0.224,0.221,0.221,5070.0
2024-07-16,0.221,0.224,0.215,0.222,54230.0
2024-07-17,0.221,0.221,0.221,0.221,610.0
2024-07-18,0.216,0.227,0.216,0.227,13140.0
2024-07-22,0.226,0.226,0.226,0.226,110.0
2024-07-23,0.219,0.224,0.216,0.224,33430.0
2024-07-24,0.224,0.225,0.218,0.225,5650.0
2024-07-25,0.225,0.225,0.216,0.225,4300.0
2024-07-26,0.225,0.225,0.225,0.225,80.0
2024-07-30,0.217,0.217,0.2,0.214,139130.0
2024-07-31,0.214,0.214,0.214,0.214,700.0
2024-08-01,0.214,0.214,0.214,0.214,650.0
2024-08-05,0.208,0.212,0.2,0.211,25950.0
2024-08-06,0.21,0.211,0.21,0.211,4000.0
2024-08-07,0.212,0.212,0.212,0.212,110.0
2024-08-08,0.2,0.212,0.2,0.211,1750.0
2024-08-09,0.211,0.211,0.211,0.211,480.0
2024-08-12,0.202,0.222,0.202,0.222,16530.0
2024-08-16,0.221,0.221,0.221,0.221,100.0
2024-08-19,0.208,0.22,0.208,0.219,5760.0
2024-08-20,0.209,0.221,0.209,0.221,50.0
2024-08-21,0.22,0.221,0.209,0.221,700.0
2024-08-22,0.207,0.22,0.207,0.22,710.0
2024-08-23,0.22,0.22,0.205,0.211,7710.0
2024-08-27,0.206,0.215,0.206,0.215,300.0
2024-08-28,0.219,0.219,0.219,0.219,1170.0
2024-08-29,0.219,0.219,0.211,0.218,20020.0
2024-08-30,0.21,0.21,0.21,0.21,4820.0
2024-09-02,0.207,0.21,0.207,0.21,3640.0
2024-09-04,0.206,0.21,0.205,0.207,20630.0
2024-09-05,0.204,0.204,0.204,0.204,0.0
2024-09-06,0.204,0.204,0.202,0.202,5000.0
2024-09-09,0.202,0.204,0.2,0.203,28180.0
2024-09-10,0.203,0.203,0.203,0.203,5000.0
2024-09-11,0.204,0.205,0.204,0.205,5270.0
2024-09-12,0.203,0.205,0.1995,0.1995,1860.0
2024-09-13,0.204,0.209,0.204,0.209,7100.0
2024-09-16,0.209,0.212,0.204,0.212,9230.0
2024-09-17,0.205,0.212,0.205,0.212,30540.0
2024-09-18,0.214,0.215,0.214,0.215,1450.0
2024-09-19,0.213,0.218,0.206,0.216,3530.0
2024-09-20,0.216,0.216,0.216,0.216,7990.0
2024-09-23,0.219,0.219,0.207,0.219,1280.0
2024-09-24,0.207,0.218,0.207,0.218,3770.0
2024-09-25,0.207,0.217,0.207,0.217,8890.0
2024-09-26,0.207,0.217,0.207,0.217,760.0
2024-09-30,0.216,0.216,0.216,0.216,200.0
2024-10-02,0.215,0.215,0.206,0.206,16400.0
2024-10-03,0.206,0.206,0.202,0.202,17150.0
2024-10-04,0.21,0.21,0.202,0.202,12700.0
2024-10-07,0.202,0.202,0.202,0.202,13000.0
2024-10-08,0.215,0.215,0.215,0.215,1770.0
2024-10-15,0.215,0.215,0.215,0.215,1830.0
2024-10-16,0.204,0.215,0.204,0.215,9150.0
2024-10-17,0.215,0.215,0.215,0.215,1440.0
2024-10-18,0.213,0.213,0.213,0.213,550.0
2024-10-21,0.201,0.212,0.201,0.212,1580.0
2024-10-22,0.2,0.2,0.2,0.2,13400.0
2024-10-23,0.213,0.213,0.213,0.213,10.0
2024-10-24,0.2,0.2,0.2,0.2,11920.0
2024-10-25,0.198,0.198,0.198,0.198,6290.0
2024-10-28,0.198,0.2,0.198,0.2,1240.0
2024-10-30,0.2,0.2,0.199,0.199,3460.0
2024-10-31,0.2,0.2,0.198,0.198,1150.0
2024-11-04,0.2,0.2,0.198,0.198,17050.0
2024-11-06,0.197,0.197,0.197,0.197,13040.0
2024-11-07,0.199,0.199,0.199,0.199,2300.0
2024-11-08,0.199,0.199,0.199,0.199,3250.0
2024-11-12,0.1995,0.1995,0.1995,0.1995,3350.0
2024-11-13,0.2,0.2,0.2,0.2,10000.0
2024-11-14,0.2,0.2,0.2,0.2,30.0
2024-11-18,0.2,0.2,0.2,0.2,10.0
2024-11-19,0.153,0.153,0.153,0.153,920.0
2024-11-20,0.15,0.16,0.15,0.16,40280.0
2024-11-21,0.172,0.172,0.172,0.172,3100.0
2024-11-22,0.189,0.189,0.166,0.166,5470.0
2024-11-25,0.167,0.189,0.167,0.189,13400.0
2024-11-26,0.171,0.189,0.171,0.189,19250.0
2024-11-27,0.174,0.1845,0.174,0.1845,30410.0
2024-11-28,0.178,0.178,0.178,0.178,10000.0
2024-11-29,0.1785,0.1785,0.172,0.172,40510.0
2024-12-02,0.171,0.171,0.171,0.171,15540.0
2024-12-03,0.171,0.178,0.171,0.178,4500.0
2024-12-04,0.17,0.17,0.168,0.168,14450.0
2024-12-05,0.167,0.168,0.167,0.168,6730.0
2024-12-06,0.164,0.164,0.16,0.16,28140.0
2024-12-09,0.16,0.16,0.158,0.158,50380.0
2024-12-10,0.17,0.178,0.17,0.178,6430.0
2024-12-11,0.165,0.172,0.165,0.172,7140.0
2024-12-12,0.182,0.182,0.165,0.165,4120.0
2024-12-13,0.165,0.165,0.165,0.165,4380.0
2024-12-16,0.16,0.16,0.16,0.16,11490.0
2024-12-17,0.158,0.16,0.158,0.16,11280.0
2024-12-18,0.158,0.16,0.158,0.16,2630.0
2024-12-19,0.158,0.158,0.158,0.158,41450.0
2024-12-20,0.15,0.15,0.149,0.149,21520.0
2024-12-23,0.16,0.16,0.16,0.16,10410.0
2024-12-27,0.151,0.176,0.151,0.176,11160.0
2024-12-30,0.1755,0.1755,0.1755,0.1755,7000.0
2025-01-03,0.176,0.2,0.176,0.2,5650.0
2025-01-07,0.182,0.182,0.182,0.182,11220.0
2025-01-08,0.19,0.19,0.18,0.18,580.0
2025-01-09,0.1595,0.1795,0.1595,0.1795,12490.0
2025-01-10,0.1795,0.185,0.1795,0.185,3380.0
2025-01-13,0.1795,0.185,0.1795,0.185,11590.0
2025-01-14,0.18,0.185,0.18,0.185,2000.0
2025-01-15,0.185,0.19,0.185,0.19,2009.9999999999998
2025-01-16,0.19,0.19,0.19,0.19,11230.0
2025-01-17,0.19,0.19,0.19,0.19,18400.0
2025-01-20,0.196,0.196,0.19,0.19,4500.0
2025-01-21,0.185,0.185,0.185,0.185,1480.0
2025-01-23,0.195,0.195,0.195,0.195,3200.0
2025-01-24,0.194,0.194,0.194,0.194,1550.0
2025-01-28,0.1795,0.1795,0.1795,0.1795,6820.0
2025-01-30,0.19,0.19,0.19,0.19,7500.0
2025-01-31,0.19,0.19,0.19,0.19,630.0
2025-02-03,0.19,0.19,0.186,0.186,5060.0
2025-02-04,0.1795,0.1795,0.1795,0.1795,260.0
2025-02-05,0.186,0.186,0.186,0.186,2000.0
2025-02-06,0.186,0.186,0.186,0.186,7800.0
2025-02-10,0.19,0.19,0.19,0.19,200.0
2025-02-11,0.19,0.19,0.1795,0.1795,6670.0
2025-02-12,0.1795,0.1795,0.1795,0.1795,3140.0
2025-02-13,0.182,0.182,0.182,0.182,12200.0
2025-02-17,0.163,0.179,0.163,0.179,20590.0
2025-02-18,0.1645,0.1785,0.1645,0.1785,32920.0
2025-02-19,0.1695,0.1695,0.1695,0.1695,12000.0
2025-02-20,0.165,0.165,0.164,0.164,30000.0
2025-02-21,0.164,0.169,0.164,0.169,11310.0
2025-02-24,0.174,0.174,0.164,0.164,1910.0
2025-02-25,0.1695,0.1695,0.1695,0.1695,100.0
2025-02-26,0.1695,0.17,0.1695,0.17,41670.0
2025-02-27,0.177,0.177,0.1695,0.1695,1670.0
2025-02-28,0.165,0.165,0.165,0.165,11070.0
2025-03-03,0.1615,0.1615,0.1615,0.1615,800.0
2025-03-04,0.161,0.161,0.161,0.161,17150.0
2025-03-05,0.1675,0.1675,0.1675,0.1675,390.0
2025-03-07,0.1675,0.1675,0.1675,0.1675,15720.0
2025-03-11,0.1525,0.1525,0.1525,0.1525,15590.0
2025-03-12,0.1645,0.1645,0.1645,0.1645,680.0
2025-03-13,0.1645,0.165,0.1645,0.165,8390.0
2025-03-14,0.1685,0.177,0.1685,0.177,3490.0
2025-03-17,0.185,0.185,0.185,0.185,5570.0
2025-03-19,0.165,0.18,0.165,0.18,13550.0
2025-03-20,0.17,0.17,0.17,0.17,3000.0
2025-03-24,0.165,0.165,0.165,0.165,6530.0
2025-03-25,0.16,0.16,0.16,0.16,5000.0
2025-03-26,0.16,0.16,0.16,0.16,200.0
2025-03-27,0.17,0.17,0.17,0.17,500.0
2025-03-28,0.17,0.17,0.17,0.17,3000.0
2025-04-01,0.17,0.17,0.17,0.17,134610.0
2025-04-02,0.17,0.17,0.17,0.17,2060.0
2025-04-07,0.151,0.151,0.151,0.151,9670.0
2025-04-08,0.165,0.165,0.152,0.152,4300.0
2025-04-09,0.165,0.165,0.165,0.165,3160.0
2025-04-15,0.155,0.155,0.155,0.155,7000.0
2025-04-16,0.156,0.156,0.156,0.156,13660.0
2025-04-17,0.158,0.158,0.158,0.158,10400.0
2025-04-22,0.167,0.167,0.153,0.153,2000.0
2025-04-24,0.16,0.16,0.16,0.16,3000.0
2025-04-25,0.16,0.16,0.16,0.16,7500.0
2025-04-28,0.16,0.167,0.16,0.167,7940.0
2025-04-30,0.16,0.16,0.16,0.16,5000.0
2025-05-02,0.167,0.167,0.167,0.167,800.0
2025-05-05,0.167,0.167,0.167,0.167,3470.0
2025-05-06,0.167,0.167,0.167,0.167,510.0
2025-05-07,0.167,0.167,0.158,0.158,6100.0
2025-05-08,0.162,0.162,0.162,0.162,66800.0
2025-05-09,0.167,0.17,0.167,0.17,91630.0
2025-05-12,0.17,0.17,0.17,0.17,186200.0
2025-05-13,0.17,0.17,0.17,0.17,34060.0
2025-05-14,0.17,0.17,0.17,0.17,11000.0
2025-05-15,0.17,0.17,0.17,0.17,13000.0
2025-05-16,0.17,0.17,0.17,0.17,36000.0
2025-05-19,0.17,0.17,0.17,0.17,20430.0
2025-05-20,0.17,0.17,0.17,0.17,14380.0
2025-05-21,0.163,0.169,0.163,0.169,28800.0
2025-05-22,0.17,0.17,0.17,0.17,12650.0
2025-05-26,0.169,0.169,0.169,0.169,140.0
2025-05-28,0.169,0.169,0.169,0.169,800.0
2025-05-29,0.167,0.167,0.166,0.166,15000.0
2025-06-02,0.166,0.166,0.165,0.165,6820.0
2025-06-03,0.165,0.165,0.165,0.165,220.0
2025-06-04,0.165,0.165,0.165,0.165,7650.0
2025-06-05,0.166,0.169,0.166,0.169,5880.0
2025-06-06,0.169,0.17,0.169,0.17,26830.0
2025-06-09,0.17,0.17,0.17,0.17,3030.0
2025-06-11,0.17,0.17,0.17,0.17,4000.0
2025-06-12,0.17,0.17,0.17,0.17,2000.0
2025-06-13,0.169,0.169,0.169,0.169,70.0
2025-06-16,0.169,0.169,0.169,0.169,160.0
2025-06-17,0.169,0.169,0.169,0.169,5090.0
2025-06-18,0.169,0.169,0.169,0.169,6910.0
2025-06-20,0.17,0.17,0.17,0.17,300.0
2025-06-23,0.17,0.17,0.17,0.17,5880.0
2025-06-25,0.166,0.166,0.166,0.166,12050.0
2025-06-30,0.166,0.166,0.166,0.166,9060.0
2025-07-01,0.166,0.166,0.16,0.16,24940.0
2025-07-02,0.17,0.17,0.17,0.17,1040.0
2025-07-03,0.16,0.16,0.16,0.16,29000.0
2025-07-04,0.169,0.169,0.169,0.169,17190.0
2025-07-09,0.154,0.155,0.154,0.155,121180.0
2025-07-10,0.149,0.151,0.149,0.151,20000.0
2025-07-11,0.149,0.149,0.149,0.149,29620.0
2025-07-14,0.148,0.149,0.148,0.149,24930.0
2025-07-15,0.168,0.168,0.167,0.167,12390.0
2025-07-16,0.165,0.165,0.165,0.165,6000.0
2025-07-17,0.151,0.164,0.151,0.164,2300.0
2025-07-18,0.162,0.162,0.162,0.162,4000.0
2025-07-21,0.152,0.159,0.152,0.159,12600.0
2025-07-22,0.159,0.159,0.159,0.159,3000.0
2025-07-23,0.159,0.164,0.159,0.164,7710.0
2025-07-25,0.164,0.164,0.164,0.164,1830.0
2025-07-28,0.164,0.164,0.164,0.164,3600.0
2025-07-29,0.152,0.152,0.152,0.152,10000.0
2025-07-30,0.152,0.152,0.152,0.152,10000.0
2025-07-31,0.153,0.164,0.153,0.164,2009.9999999999998
2025-08-01,0.151,0.163,0.151,0.163,20010.0
2025-08-05,0.164,0.164,0.164,0.164,950.0
2025-08-08,0.163,0.163,0.163,0.163,1000.0
2025-08-11,0.163,0.163,0.163,0.163,110.0
2025-08-12,0.15,0.162,0.15,0.162,61000.0
2025-08-13,0.151,0.163,0.151,0.163,12010.0
2025-08-18,0.152,0.163,0.152,0.163,4980.0
2025-08-19,0.163,0.163,0.163,0.163,1000.0
2025-08-26,0.154,0.155,0.154,0.155,2960.0
2025-08-27,0.164,0.164,0.164,0.164,2340.0
2025-08-28,0.164,0.164,0.164,0.164,5000.0
2025-08-29,0.163,0.163,0.163,0.163,310.0
2025-09-01,0.153,0.154,0.153,0.154,4000.0
2025-09-02,0.164,0.164,0.164,0.164,10.0
2025-09-03,0.164,0.164,0.163,0.163,5650.0
2025-09-04,0.155,0.155,0.155,0.155,1000.0
2025-09-05,0.163,0.163,0.163,0.163,240.0
2025-09-08,0.162,0.162,0.162,0.162,820.0
2025-09-11,0.161,0.161,0.161,0.161,17330.0
2025-09-12,0.161,0.161,0.155,0.155,41220.0
2025-09-15,0.155,0.155,0.155,0.155,53200.0
2025-09-16,0.163,0.163,0.163,0.163,22620.0
2025-09-17,0.163,0.163,0.163,0.163,500.0
2025-09-18,0.157,0.163,0.157,0.163,7800.0
2025-09-22,0.157,0.157,0.157,0.157,9150.0
2025-09-23,0.17,0.17,0.17,0.17,79320.0
2025-09-24,0.17,0.17,0.17,0.17,16190.000000000002
2025-09-25,0.17,0.17,0.17,0.17,2000.0
2025-09-29,0.17,0.17,0.162,0.162,460.0
2025-09-30,0.17,0.17,0.17,0.17,990.0
