Date,Open,High,Low,Close,Volume
2014-09-01,3.33,3.46,3.32,3.4,1130.0
2014-09-02,3.41,3.44,3.12,3.36,4570.0
2014-09-03,3.05,3.2,3.05,3.2,700.0
2014-09-04,3.06,3.2,3.05,3.2,5330.0
2014-09-05,3.05,3.2,3.05,3.2,1420.0
2014-09-08,2.7,3.0,2.7,2.83,37650.0
2014-09-09,2.73,2.81,2.63,2.69,5240.0
2014-09-10,2.69,2.84,2.66,2.66,8390.0
2014-09-11,2.8,2.8,2.66,2.77,7610.0
2014-09-12,2.68,2.8,2.67,2.78,13370.0
2014-09-15,2.78,2.78,2.66,2.77,5720.0
2014-09-16,2.75,2.75,2.66,2.73,10740.0
2014-09-17,2.7,2.74,2.65,2.73,5010.0
2014-09-18,2.73,2.73,2.51,2.72,12150.0
2014-09-19,2.71,2.72,2.63,2.72,6310.0
2014-09-22,2.72,2.73,2.6,2.7,9130.0
2014-09-23,2.61,2.71,2.58,2.65,33510.0
2014-09-24,2.6,2.64,2.5,2.64,2790.0
2014-09-25,2.63,2.71,2.59,2.65,45860.0
2014-09-26,2.65,2.65,2.59,2.6,9840.0
2014-09-29,2.67,2.67,2.53,2.66,2600.0
2014-09-30,2.66,2.66,2.56,2.64,6860.0
2014-10-01,2.63,2.63,2.63,2.63,180.0
2014-10-02,2.46,2.63,2.46,2.61,6230.0
2014-10-03,2.5,2.61,2.5,2.61,530.0
2014-10-06,2.55,2.6,2.46,2.58,1950.0
2014-10-07,2.46,2.5,2.4,2.5,4440.0
2014-10-08,2.49,2.49,2.27,2.48,1810.0
2014-10-09,2.35,2.48,2.35,2.48,2130.0
2014-10-10,2.36,2.5,2.26,2.48,5240.0
2014-10-13,2.27,2.47,2.27,2.47,3870.0
2014-10-14,2.33,2.43,2.22,2.28,25290.0
2014-10-15,2.25,2.29,2.18,2.28,3630.0
2014-10-16,2.24,2.3,2.05,2.14,8730.0
2014-10-17,2.13,2.26,2.13,2.26,8540.0
2014-10-20,2.25,2.44,2.25,2.41,23210.0
2014-10-21,2.41,2.43,2.4,2.43,5990.0
2014-10-22,2.37,2.4,2.32,2.4,5370.0
2014-10-23,2.28,2.37,2.28,2.37,50.0
2014-10-24,2.29,2.29,2.2,2.28,2780.0
2014-10-27,2.18,2.3,2.18,2.29,3290.0
2014-10-28,2.36,2.36,2.36,2.36,100.0
2014-10-29,2.19,2.29,2.11,2.11,23590.0
2014-10-30,2.11,2.2,2.11,2.15,220.0
2014-10-31,2.15,2.19,2.11,2.19,1820.0
2014-11-03,2.07,2.19,2.07,2.18,3240.0
2014-11-04,2.03,2.23,2.02,2.23,1500.0
2014-11-05,2.1,2.19,2.02,2.12,23160.0
2014-11-06,2.11,2.15,2.0,2.0,14430.0
2014-11-07,2.03,2.1,2.0,2.07,11600.0
2014-11-10,2.07,2.07,1.97,2.0,2590.0
2014-11-12,1.99,2.04,1.98,2.03,3220.0
2014-11-13,2.0,2.04,2.0,2.04,740.0
2014-11-14,2.03,2.03,1.92,2.0,2330.0
2014-11-17,1.81,1.97,1.68,1.87,19150.0
2014-11-18,1.72,1.72,1.55,1.6,32450.000000000004
2014-11-19,1.55,1.65,1.55,1.6,5820.0
2014-11-20,1.55,1.64,1.55,1.64,1050.0
2014-11-21,1.51,1.64,1.51,1.6,2610.0
2014-11-24,1.5,1.64,1.4,1.52,33020.0
2014-11-25,1.46,1.51,1.37,1.41,17140.0
2014-11-26,1.4,1.92,1.4,1.92,85030.0
2014-11-27,1.91,1.91,1.72,1.86,77530.0
2014-11-28,1.89,2.14,1.8,1.8,140380.0
2014-12-01,1.8,1.91,1.52,1.56,36750.0
2014-12-02,1.64,1.67,1.5,1.56,41690.0
2014-12-03,1.56,1.64,1.51,1.62,24970.0
2014-12-04,1.61,1.73,1.55,1.66,57820.0
2014-12-05,1.66,1.75,1.6,1.65,25270.0
2014-12-08,1.65,1.68,1.55,1.6,20390.0
2014-12-09,1.57,1.69,1.55,1.63,19460.0
2014-12-10,1.6,1.65,1.55,1.55,28390.0
2014-12-11,1.55,1.58,1.55,1.58,5450.0
2014-12-12,1.57,1.57,1.5,1.56,9000.0
2014-12-15,1.58,1.58,1.43,1.5,8050.000000000001
2014-12-16,1.53,1.62,1.52,1.58,77820.0
2014-12-17,1.55,1.58,1.47,1.56,9980.0
2014-12-18,1.57,1.57,1.5,1.57,63020.0
2014-12-19,1.57,1.6,1.5,1.5,6000.0
2014-12-22,1.5,1.58,1.5,1.56,24550.0
2014-12-23,1.51,1.55,1.48,1.5,23220.0
2014-12-29,1.5,1.5,1.42,1.5,16890.0
2014-12-30,1.43,1.55,1.43,1.55,16329.999999999998
2015-01-02,1.55,1.6,1.55,1.6,5310.0
2015-01-05,1.52,1.73,1.5,1.73,65980.0
2015-01-07,1.68,1.79,1.62,1.79,39180.0
2015-01-08,1.78,1.84,1.74,1.84,59550.0
2015-01-09,1.84,1.84,1.68,1.78,14240.0
2015-01-12,1.74,1.74,1.63,1.7,7650.0
2015-01-13,1.59,1.68,1.58,1.63,21390.0
2015-01-14,1.55,1.69,1.54,1.69,17520.0
2015-01-15,1.73,1.74,1.56,1.59,60230.0
2015-01-16,1.68,1.68,1.58,1.59,4280.0
2015-01-19,1.63,1.63,1.54,1.54,14490.0
2015-01-20,1.62,1.62,1.47,1.47,9100.0
2015-01-21,1.47,1.5,1.42,1.5,9340.0
2015-01-22,1.5,1.59,1.5,1.54,12350.0
2015-01-23,1.46,1.6,1.46,1.5,8420.0
2015-01-26,1.5,1.59,1.5,1.5,11570.0
2015-01-27,1.7,1.77,1.61,1.64,82900.0
2015-01-28,1.63,1.69,1.55,1.67,32310.000000000004
2015-01-29,1.67,1.72,1.58,1.58,26120.0
2015-01-30,1.6,1.6,1.5,1.5,43080.0
2015-02-02,1.5,1.58,1.5,1.55,19150.0
2015-02-03,1.55,1.55,1.5,1.52,10870.0
2015-02-04,1.55,1.6,1.49,1.52,36010.0
2015-02-05,1.52,1.52,1.48,1.49,28260.0
2015-02-06,1.48,1.53,1.45,1.52,19550.0
2015-02-09,1.47,1.52,1.47,1.52,700.0
2015-02-10,1.52,1.52,1.46,1.5,4200.0
2015-02-11,1.47,1.51,1.45,1.45,32810.0
2015-02-12,1.51,1.51,1.42,1.5,11370.0
2015-02-13,1.44,1.5,1.43,1.43,13960.0
2015-02-16,1.19,1.231,1.181,1.231,14130.0
2015-02-17,1.206,1.24,1.19,1.24,12010.0
2015-02-18,1.231,1.264,1.198,1.206,15110.0
2015-02-19,1.198,1.223,1.198,1.223,1490.0
2015-02-20,1.223,1.248,1.214,1.214,7650.0
2015-02-23,1.214,1.214,1.214,1.214,4000.0
2015-02-24,1.198,1.298,1.198,1.273,34840.0
2015-02-25,1.273,1.331,1.231,1.248,26390.0
2015-02-26,1.256,1.497,1.256,1.331,209730.0
2015-02-27,1.381,1.381,1.273,1.348,41460.0
2015-03-02,1.339,1.339,1.281,1.306,8770.0
2015-03-03,1.314,1.314,1.256,1.273,9210.0
2015-03-04,1.273,1.289,1.256,1.281,17570.0
2015-03-05,1.306,1.306,1.248,1.298,18740.0
2015-03-06,1.256,1.306,1.256,1.264,9090.0
2015-03-09,1.289,1.373,1.289,1.339,41510.0
2015-03-10,1.348,1.373,1.298,1.298,29860.0
2015-03-11,1.264,1.348,1.248,1.331,34830.0
2015-03-12,1.323,1.331,1.314,1.331,14320.0
2015-03-13,1.281,1.339,1.281,1.339,5470.0
2015-03-16,1.339,1.339,1.323,1.323,370.0
2015-03-17,1.339,1.339,1.314,1.314,3600.0
2015-03-18,1.331,1.331,1.331,1.331,600.0
2015-03-19,1.323,1.348,1.281,1.314,9090.0
2015-03-20,1.281,1.314,1.256,1.314,5040.0
2015-03-23,1.248,1.298,1.248,1.298,3900.0
2015-03-24,1.248,1.264,1.231,1.264,8920.0
2015-03-25,1.24,1.248,1.173,1.248,11530.0
2015-03-26,1.248,1.298,1.223,1.298,5270.0
2015-03-27,1.298,1.298,1.214,1.289,2210.0
2015-03-30,1.289,1.289,1.206,1.206,14210.0
2015-03-31,1.181,1.248,1.09,1.156,94630.0
2015-04-01,1.123,1.181,1.081,1.181,34780.0
2015-04-02,1.19,1.19,1.19,1.19,50.0
2015-04-07,1.206,1.206,1.165,1.165,6910.0
2015-04-08,1.181,1.181,1.106,1.106,9720.0
2015-04-09,1.106,1.165,1.098,1.165,1630.0
2015-04-10,1.098,1.156,1.098,1.156,1040.0
2015-04-13,1.148,1.148,1.131,1.131,6500.0
2015-04-14,1.106,1.19,1.106,1.123,2950.0
2015-04-15,1.123,1.173,1.123,1.173,5240.0
2015-04-16,1.173,1.181,1.156,1.156,2800.0
2015-04-17,1.156,1.156,1.106,1.14,3900.0
2015-04-20,1.106,1.14,1.098,1.14,3340.0
2015-04-21,1.14,1.173,1.098,1.173,5370.0
2015-04-22,1.173,1.19,1.131,1.173,5290.0
2015-04-23,1.131,1.131,1.131,1.131,1080.0
2015-04-24,1.123,1.181,1.123,1.131,2480.0
2015-04-27,1.131,1.173,1.131,1.173,2170.0
2015-04-28,1.148,1.198,1.148,1.198,11960.0
2015-04-29,1.206,1.248,1.181,1.24,16820.0
2015-04-30,1.248,1.439,1.248,1.331,442310.0
2015-05-04,1.373,1.647,1.331,1.531,376160.0
2015-05-05,1.547,1.581,1.414,1.489,100670.0
2015-05-06,1.414,1.497,1.414,1.439,39780.0
2015-05-07,1.439,1.464,1.373,1.423,31760.0
2015-05-08,1.423,1.464,1.373,1.464,15800.0
2015-05-11,1.472,1.481,1.397,1.456,16250.0
2015-05-12,1.406,1.406,1.323,1.331,37910.0
2015-05-13,1.373,1.481,1.289,1.456,51020.0
2015-05-14,1.481,1.481,1.456,1.481,32240.000000000004
2015-05-15,1.464,1.489,1.447,1.489,14880.0
2015-05-18,1.514,1.531,1.431,1.439,20670.0
2015-05-19,1.472,1.472,1.397,1.456,5050.0
2015-05-20,1.414,1.531,1.414,1.522,27640.0
2015-05-21,1.531,1.622,1.497,1.572,73080.0
2015-05-22,1.572,1.647,1.497,1.647,57540.0
2015-05-25,1.647,1.647,1.581,1.63,4600.0
2015-05-26,1.63,1.73,1.589,1.73,34860.0
2015-05-27,1.772,1.838,1.764,1.83,30860.0
2015-05-28,1.83,1.83,1.68,1.747,28160.0
2015-05-29,1.73,1.747,1.68,1.747,8400.0
2015-06-01,1.764,1.764,1.68,1.73,4140.0
2015-06-02,1.73,1.764,1.664,1.664,2270.0
2015-06-03,1.747,1.747,1.639,1.739,2600.0
2015-06-05,1.739,1.788,1.639,1.78,40860.0
2015-06-08,1.78,1.797,1.747,1.797,27220.0
2015-06-09,1.797,1.872,1.797,1.872,10920.0
2015-06-10,1.872,1.972,1.83,1.963,52190.0
2015-06-11,1.963,1.963,1.872,1.93,10980.0
2015-06-12,1.897,1.905,1.805,1.805,28900.0
2015-06-15,1.788,1.788,1.747,1.764,40020.0
2015-06-16,1.722,1.88,1.722,1.88,32420.0
2015-06-17,1.897,2.038,1.88,1.996,83750.0
2015-06-18,1.996,1.996,1.88,1.996,16100.000000000002
2015-06-19,1.996,2.03,1.897,1.988,5110.0
2015-06-22,1.988,2.03,1.913,2.03,2930.0
2015-06-23,1.913,2.021,1.897,1.905,190.0
2015-06-24,2.021,2.021,1.905,1.905,12340.0
2015-06-25,1.905,2.021,1.897,1.905,14990.0
2015-06-26,1.996,1.996,1.913,1.963,1760.0
2015-06-29,1.83,1.955,1.83,1.955,420.0
2015-06-30,1.955,2.013,1.913,1.996,12370.0
2015-07-01,1.888,1.922,1.83,1.83,5780.0
2015-07-02,1.772,1.83,1.772,1.83,21910.0
2015-07-03,1.797,1.797,1.722,1.747,15180.0
2015-07-06,1.739,1.83,1.664,1.805,51620.0
2015-07-07,1.83,1.897,1.83,1.888,43250.0
2015-07-08,1.855,1.888,1.855,1.888,3960.0
2015-07-09,1.855,1.888,1.855,1.888,8880.0
2015-07-10,1.888,2.005,1.888,1.972,68820.0
2015-07-13,1.996,2.005,1.972,2.005,40700.0
2015-07-14,1.996,2.021,1.988,2.005,15200.0
2015-07-15,2.021,2.038,1.996,1.996,12710.0
2015-07-16,2.005,2.121,2.005,2.105,61870.0
2015-07-17,2.155,2.304,2.155,2.246,134590.0
2015-07-20,2.321,2.379,2.246,2.279,50120.0
2015-07-21,2.329,2.379,2.313,2.362,64390.0
2015-07-22,2.379,2.787,2.379,2.62,229870.0
2015-07-23,2.662,2.662,2.579,2.62,16550.0
2015-07-24,2.62,2.62,2.512,2.62,29390.0
2015-07-27,2.579,2.828,2.554,2.828,51510.0
2015-07-28,2.878,3.211,2.853,3.119,146800.0
2015-07-29,3.186,3.369,3.011,3.244,138740.0
2015-07-30,3.369,3.369,3.119,3.211,35960.0
2015-07-31,3.078,3.244,2.912,2.912,34740.0
2015-08-03,3.053,3.053,2.912,2.995,22310.0
2015-08-04,2.995,3.053,2.92,2.995,6680.0
2015-08-05,3.036,3.119,2.853,2.862,20370.0
2015-08-06,2.828,2.912,2.787,2.912,23980.0
2015-08-07,2.912,2.986,2.912,2.928,4390.0
2015-08-10,2.937,3.128,2.937,3.086,9060.0
2015-08-11,3.103,3.352,3.103,3.311,75770.0
2015-08-12,3.319,3.319,3.161,3.303,21400.0
2015-08-13,3.211,3.244,3.211,3.228,6800.0
2015-08-14,3.211,3.211,3.194,3.203,3020.0
2015-08-17,3.194,3.203,3.194,3.203,8060.000000000001
2015-08-18,3.153,3.161,3.103,3.136,9060.0
2015-08-19,3.111,3.111,2.803,2.87,32330.0
2015-08-20,2.912,2.995,2.87,2.953,3330.0
2015-08-21,2.912,2.995,2.886,2.886,8230.0
2015-08-24,2.886,2.886,2.379,2.704,100810.0
2015-08-25,2.704,2.745,2.454,2.562,14340.0
2015-08-26,2.496,2.579,2.437,2.579,14190.0
2015-08-27,2.62,2.878,2.546,2.87,35130.0
2015-08-28,2.886,2.912,2.67,2.745,11470.0
2015-08-31,2.62,2.745,2.595,2.745,4570.0
2015-09-01,2.537,2.737,2.412,2.654,18830.0
2015-09-02,2.629,2.654,2.62,2.654,2980.0
2015-09-03,2.629,2.745,2.629,2.662,1190.0
2015-09-04,2.496,2.695,2.496,2.554,650.0
2015-09-07,2.554,2.554,2.371,2.412,10850.0
2015-09-08,2.371,2.446,2.204,2.371,18070.0
2015-09-09,2.329,2.421,2.204,2.288,15430.0
2015-09-10,2.221,2.321,2.204,2.304,5240.0
2015-09-11,2.304,2.304,2.13,2.271,18530.0
2015-09-14,2.121,2.246,2.121,2.246,19870.0
2015-09-15,2.13,2.246,2.105,2.146,3850.0
2015-09-16,2.146,2.412,2.096,2.396,12920.0
2015-09-17,2.396,2.521,2.171,2.171,37790.0
2015-09-18,2.321,2.354,2.263,2.329,7940.0
2015-09-21,2.329,2.329,2.246,2.288,7660.0
2015-09-22,2.213,2.288,2.204,2.288,1840.0
2015-09-23,2.313,2.313,2.204,2.304,1450.0
2015-09-24,2.204,2.304,2.088,2.155,19750.0
2015-09-25,2.213,2.313,2.163,2.288,740.0
2015-09-28,2.304,2.304,2.113,2.288,4110.0
2015-09-29,2.313,2.313,2.096,2.246,1410.0
2015-09-30,2.313,2.313,2.204,2.288,250.0
2015-10-01,2.288,2.371,2.204,2.362,3850.0
2015-10-02,2.371,2.454,2.337,2.404,7950.0
2015-10-05,2.404,2.446,2.179,2.179,11280.0
2015-10-06,2.313,2.313,2.188,2.263,4950.0
2015-10-07,2.288,2.479,2.288,2.462,14040.0
2015-10-08,2.496,2.579,2.337,2.454,15420.0
2015-10-09,2.446,2.446,2.204,2.254,62630.0
2015-10-12,2.246,2.412,2.246,2.371,13890.0
2015-10-13,2.238,2.313,2.229,2.229,17140.0
2015-10-14,2.263,2.296,2.204,2.246,7660.0
2015-10-15,2.246,2.329,2.179,2.329,21070.0
2015-10-16,2.246,2.288,2.179,2.229,9910.0
2015-10-19,2.246,2.271,2.179,2.271,19120.0
2015-10-20,2.179,2.271,2.146,2.213,4520.0
2015-10-21,2.246,2.271,2.204,2.271,6570.0
2015-10-22,2.254,2.254,2.179,2.254,410.0
2015-10-23,2.254,2.254,2.179,2.246,850.0
2015-10-26,2.179,2.229,2.121,2.229,2930.0
2015-10-27,2.13,2.221,2.13,2.221,3550.0
2015-10-28,2.221,2.221,2.113,2.204,7090.0
2015-10-29,2.238,2.288,2.238,2.288,21290.0
2015-10-30,2.321,2.412,2.321,2.412,24900.0
2015-11-02,2.412,2.412,2.288,2.396,5490.0
2015-11-03,2.396,2.396,2.329,2.337,10820.0
2015-11-04,2.288,2.329,2.171,2.288,5540.0
2015-11-05,2.329,2.329,2.288,2.329,40.0
2015-11-06,2.313,2.487,2.313,2.421,34500.0
2015-11-09,2.479,2.521,2.446,2.504,7860.0
2015-11-10,2.504,2.504,2.387,2.504,11560.0
2015-11-12,2.504,2.745,2.504,2.654,24550.0
2015-11-13,2.745,2.745,2.595,2.679,3520.0
2015-11-16,2.737,2.737,2.487,2.487,28340.0
2015-11-17,2.454,2.462,2.329,2.462,71050.0
2015-11-18,2.346,2.487,2.254,2.288,79590.0
2015-11-19,2.288,2.379,2.246,2.288,47330.0
2015-11-20,2.288,2.371,2.263,2.288,35780.0
2015-11-23,2.288,2.288,2.263,2.288,3360.0
2015-11-24,2.288,2.362,2.288,2.288,4390.0
2015-11-25,2.213,2.288,2.204,2.279,8810.0
2015-11-26,2.204,2.279,2.204,2.279,1620.0
2015-11-27,2.288,2.429,2.288,2.288,26720.0
2015-11-30,2.354,2.354,2.246,2.329,3190.0
2015-12-01,2.288,2.288,2.246,2.288,1920.0
2015-12-02,2.329,2.329,2.204,2.246,2110.0
2015-12-03,2.204,2.321,2.121,2.288,13790.0
2015-12-04,2.246,2.304,2.13,2.238,3420.0
2015-12-07,2.155,2.238,2.155,2.221,8080.0
2015-12-08,2.204,2.288,2.121,2.121,3600.0
2015-12-09,2.121,2.288,1.955,1.996,23990.0
2015-12-10,1.996,2.038,1.93,2.03,11070.0
2015-12-11,2.03,2.03,1.872,1.888,4460.0
2015-12-14,1.83,1.913,1.813,1.813,15250.0
2015-12-15,1.705,1.946,1.705,1.946,12120.0
2015-12-16,2.071,2.071,1.872,1.913,4030.0000000000005
2015-12-17,2.013,2.08,1.83,1.88,34760.0
2015-12-18,1.88,1.913,1.705,1.714,3520.0
2015-12-21,1.83,1.913,1.739,1.739,10150.0
2015-12-22,1.739,1.897,1.739,1.805,3090.0
2015-12-23,1.739,1.805,1.714,1.739,17920.0
2015-12-28,1.639,1.772,1.639,1.764,3270.0
2015-12-29,1.764,1.764,1.664,1.764,13850.0
2015-12-30,1.764,1.863,1.705,1.83,12370.0
2016-01-04,1.988,2.155,1.88,2.038,8050.000000000001
2016-01-05,2.03,2.03,1.88,1.88,2790.0
2016-01-07,1.972,1.972,1.872,1.872,140.0
2016-01-08,1.897,1.897,1.672,1.83,7850.0
2016-01-11,1.83,1.897,1.664,1.747,17130.0
2016-01-12,1.747,1.83,1.581,1.705,25310.0
2016-01-13,1.705,1.705,1.581,1.697,26890.0
2016-01-14,1.697,1.83,1.614,1.822,13940.0
2016-01-15,1.68,1.83,1.68,1.822,14330.0
2016-01-18,1.672,1.813,1.672,1.747,9780.0
2016-01-19,1.772,1.772,1.705,1.705,3660.0
2016-01-20,1.772,1.78,1.722,1.78,1190.0
2016-01-21,1.705,1.772,1.705,1.772,6080.0
2016-01-22,1.788,1.813,1.714,1.78,4300.0
2016-01-25,1.772,1.772,1.772,1.772,360.0
2016-01-26,1.714,1.805,1.714,1.805,1570.0
2016-01-27,1.747,1.905,1.747,1.905,2780.0
2016-01-28,1.913,1.913,1.73,1.897,5470.0
2016-01-29,1.905,1.905,1.73,1.905,1740.0
2016-02-01,1.996,1.996,1.913,1.913,300.0
2016-02-02,1.988,1.988,1.955,1.955,490.0
2016-02-03,1.955,1.955,1.805,1.805,11110.0
2016-02-04,1.747,1.813,1.747,1.747,51720.0
2016-02-05,1.805,1.805,1.805,1.805,10.0
2016-02-08,1.788,1.788,1.747,1.788,7810.0
2016-02-09,1.805,1.805,1.755,1.755,3620.0
2016-02-10,1.755,1.755,1.755,1.755,240.0
2016-02-11,1.788,1.788,1.705,1.747,3330.0
2016-02-12,1.705,1.764,1.705,1.764,3470.0
2016-02-15,1.68,1.764,1.672,1.755,6710.0
2016-02-16,1.68,1.747,1.664,1.747,8450.0
2016-02-17,1.664,1.747,1.581,1.73,18910.0
2016-02-18,1.73,1.73,1.572,1.63,67380.0
2016-02-19,1.564,1.63,1.506,1.581,18310.0
2016-02-22,1.581,1.63,1.581,1.605,19600.0
2016-02-23,1.605,1.605,1.539,1.539,30.0
2016-02-24,1.547,1.622,1.547,1.581,29130.0
2016-02-25,1.605,1.622,1.539,1.597,42090.0
2016-02-26,1.614,1.622,1.564,1.597,14760.0
2016-02-29,1.564,1.597,1.539,1.597,5590.0
2016-03-01,1.597,1.672,1.564,1.672,18620.0
2016-03-02,1.672,1.739,1.672,1.73,7880.0
2016-03-03,1.664,1.664,1.622,1.664,5950.0
2016-03-04,1.655,1.73,1.647,1.73,1790.0
2016-03-07,1.697,1.705,1.614,1.68,12270.0
2016-03-08,1.689,1.689,1.672,1.672,960.0
2016-03-09,1.697,1.697,1.664,1.664,980.0
2016-03-10,1.63,1.68,1.622,1.68,6230.0
2016-03-11,1.68,1.847,1.672,1.788,44370.0
2016-03-14,1.78,1.78,1.68,1.722,24220.0
2016-03-15,1.689,1.722,1.68,1.705,9120.0
2016-03-16,1.747,1.747,1.672,1.747,6570.0
2016-03-17,1.722,1.722,1.664,1.664,8300.0
2016-03-18,1.747,1.747,1.68,1.739,21670.0
2016-03-21,1.705,1.722,1.68,1.705,15350.0
2016-03-22,1.68,1.747,1.639,1.664,61470.0
2016-03-23,1.664,1.722,1.639,1.697,16410.0
2016-03-24,1.722,1.722,1.722,1.722,10.0
2016-03-29,1.655,1.722,1.655,1.664,1510.0
2016-03-30,1.689,1.689,1.63,1.664,11450.0
2016-03-31,1.664,1.664,1.63,1.664,18640.0
2016-04-01,1.622,1.672,1.622,1.664,21920.0
2016-04-04,1.639,1.689,1.639,1.664,18640.0
2016-04-05,1.63,1.664,1.63,1.639,5440.0
2016-04-06,1.63,1.664,1.597,1.647,34860.0
2016-04-07,1.697,2.013,1.689,1.996,389530.0
2016-04-08,2.005,2.163,2.005,2.146,161620.0
2016-04-11,2.146,2.146,2.03,2.105,45070.0
2016-04-12,2.138,2.179,2.055,2.113,59940.0
2016-04-13,2.113,2.171,2.08,2.171,17840.0
2016-04-14,2.238,2.57,2.238,2.454,253910.0
2016-04-15,2.504,2.554,2.454,2.454,89960.0
2016-04-18,2.529,2.529,2.412,2.504,29690.0
2016-04-19,2.496,2.496,2.329,2.462,59140.0
2016-04-20,2.487,2.554,2.487,2.512,28690.0
2016-04-21,2.454,2.562,2.454,2.496,23100.0
2016-04-22,2.379,2.554,2.379,2.554,21050.0
2016-04-25,2.504,2.504,2.421,2.454,22180.0
2016-04-26,2.496,2.496,2.396,2.446,20230.0
2016-04-27,2.454,2.496,2.429,2.429,12080.0
2016-04-28,2.454,2.454,2.429,2.454,9570.0
2016-04-29,2.454,2.496,2.421,2.496,1100.0
2016-05-04,2.379,2.496,2.379,2.496,180.0
2016-05-05,2.371,2.496,2.346,2.496,13260.0
2016-05-06,2.371,2.496,2.371,2.496,530.0
2016-05-09,2.379,2.496,2.371,2.487,10330.0
2016-05-10,2.421,2.487,2.421,2.487,430.0
2016-05-11,2.471,2.82,2.429,2.745,164730.0
2016-05-12,2.712,2.745,2.546,2.579,102610.0
2016-05-13,2.57,2.57,2.454,2.496,66000.0
2016-05-16,2.537,2.612,2.421,2.421,59130.0
2016-05-17,2.412,2.454,2.329,2.412,36930.0
2016-05-18,2.546,2.546,2.412,2.512,11730.0
2016-05-19,2.512,2.512,2.429,2.496,2910.0
2016-05-20,2.521,2.521,2.337,2.454,9420.0
2016-05-23,2.329,2.329,2.246,2.329,54700.0
2016-05-24,2.313,2.313,2.088,2.13,33560.0
2016-05-25,2.105,2.229,2.105,2.196,7130.0
2016-05-27,2.229,2.313,2.229,2.304,6230.0
2016-05-30,2.229,2.271,2.229,2.271,100.0
2016-05-31,2.229,2.238,2.171,2.238,6420.0
2016-06-01,2.229,2.304,2.179,2.179,2230.0
2016-06-02,2.196,2.246,2.196,2.246,1620.0
2016-06-03,2.288,2.288,2.171,2.171,1990.0
2016-06-06,2.171,2.288,2.113,2.13,6760.0
2016-06-07,2.113,2.279,2.113,2.279,1470.0
2016-06-08,2.263,2.604,2.263,2.504,162670.0
2016-06-09,2.637,2.787,2.537,2.537,165090.0
2016-06-10,2.695,2.945,2.554,2.878,184120.0
2016-06-13,2.87,2.87,2.595,2.662,29010.0
2016-06-14,2.704,2.812,2.587,2.587,20660.0
2016-06-15,2.595,2.72,2.595,2.62,15440.0
2016-06-16,2.662,2.662,2.496,2.496,30320.0
2016-06-17,2.529,2.537,2.371,2.379,19060.0
2016-06-20,2.487,2.487,2.362,2.487,3610.0
2016-06-21,2.537,2.562,2.396,2.396,55130.0
2016-06-22,2.421,2.421,2.296,2.313,23280.0
2016-06-23,2.462,2.462,2.329,2.346,28380.0
2016-06-24,2.155,2.346,2.155,2.346,28880.0
2016-06-27,2.412,2.429,2.288,2.337,6670.0
2016-06-28,2.371,2.371,2.263,2.371,16860.0
2016-06-29,2.371,2.371,2.346,2.346,3440.0
2016-06-30,2.346,2.346,2.329,2.329,3130.0
2016-07-01,2.371,2.371,2.271,2.329,910.0
2016-07-04,2.288,2.329,2.271,2.329,680.0
2016-07-05,2.329,2.329,2.271,2.321,24110.0
2016-07-06,2.246,2.321,2.171,2.246,21630.0
2016-07-07,2.279,2.279,2.188,2.246,13560.0
2016-07-08,2.288,2.288,2.263,2.288,3330.0
2016-07-11,2.288,2.304,2.288,2.288,10330.0
2016-07-12,2.238,2.329,2.213,2.304,19910.0
2016-07-13,2.329,2.329,2.213,2.304,5640.0
2016-07-14,2.204,2.496,2.204,2.387,60550.0
2016-07-15,2.412,2.521,2.329,2.371,45580.0
2016-07-18,2.437,2.454,2.296,2.296,26500.0
2016-07-19,2.279,2.346,2.279,2.346,1210.0
2016-07-20,2.329,2.329,2.279,2.296,3930.0
2016-07-21,2.296,2.296,2.288,2.288,1580.0
2016-07-22,2.288,2.321,2.279,2.279,8720.0
2016-07-25,2.288,2.371,2.263,2.371,2390.0
2016-07-26,2.371,2.396,2.263,2.362,31920.0
2016-07-27,2.379,2.379,2.296,2.379,3840.0
2016-07-28,2.296,2.387,2.296,2.379,12460.0
2016-07-29,2.379,2.379,2.379,2.379,0.0
2016-08-01,2.379,2.379,2.296,2.379,15970.0
2016-08-02,2.313,2.313,2.263,2.279,30080.0
2016-08-03,2.279,2.387,2.279,2.296,37460.0
2016-08-04,2.379,2.379,2.288,2.354,1410.0
2016-08-05,2.296,2.313,2.279,2.279,21740.0
2016-08-08,2.288,2.362,2.246,2.354,41200.0
2016-08-09,2.263,2.337,2.254,2.337,12170.0
2016-08-10,2.304,2.329,2.238,2.329,14430.0
2016-08-11,2.288,2.329,2.238,2.329,3720.0
2016-08-12,2.329,2.329,2.229,2.229,19640.0
2016-08-16,2.229,2.304,2.221,2.304,6890.0
2016-08-17,2.221,2.296,2.088,2.105,26190.0
2016-08-18,2.138,2.254,2.113,2.179,29920.0
2016-08-19,2.179,2.179,1.996,2.121,37770.0
2016-08-22,2.105,2.254,2.08,2.163,37150.0
2016-08-23,2.163,2.163,2.146,2.155,8410.0
2016-08-24,2.096,2.146,2.08,2.146,12280.0
2016-08-25,2.08,2.146,2.08,2.146,26980.0
2016-08-26,2.08,2.146,2.046,2.08,66260.0
2016-08-29,2.146,2.146,2.08,2.121,48770.0
2016-08-30,2.08,2.221,2.08,2.213,100770.0
2016-08-31,2.121,2.213,2.088,2.163,23780.0
2016-09-01,2.088,2.088,1.88,1.913,158610.0
2016-09-02,1.905,1.905,1.68,1.888,221020.0
2016-09-05,1.93,1.93,1.805,1.897,21670.0
2016-09-06,1.838,1.897,1.755,1.872,29650.0
2016-09-07,1.905,2.088,1.905,1.955,90130.0
2016-09-08,2.021,2.121,1.922,2.013,22300.0
2016-09-09,2.13,2.13,1.996,2.013,12070.0
2016-09-12,2.021,2.221,1.963,2.221,363270.0
2016-09-13,2.221,2.396,2.08,2.321,40240.0
2016-09-14,2.321,2.396,2.321,2.346,187300.0
2016-09-15,2.371,2.371,2.288,2.354,25030.0
2016-09-16,2.337,2.337,2.288,2.288,10700.0
2016-09-19,2.321,2.321,2.321,2.321,10.0
2016-09-20,2.296,2.296,2.246,2.246,5020.0
2016-09-21,2.254,2.346,2.246,2.337,18410.0
2016-09-22,2.288,2.288,2.246,2.288,2780.0
2016-09-23,2.171,2.246,2.171,2.246,1030.0
2016-09-26,2.263,2.288,2.246,2.246,14220.0
2016-09-27,2.188,2.188,2.171,2.179,2820.0
2016-09-28,2.288,2.288,2.113,2.179,4430.0
2016-09-29,2.121,2.121,2.08,2.121,6360.0
2016-09-30,2.08,2.238,2.08,2.238,4500.0
2016-10-03,2.038,2.196,2.038,2.196,360.0
2016-10-04,2.188,2.246,2.188,2.246,8970.0
2016-10-05,2.088,2.221,2.088,2.221,1010.0
2016-10-06,2.105,2.213,2.088,2.163,11240.0
2016-10-07,2.246,2.246,2.246,2.246,5330.0
2016-10-10,2.229,2.229,2.08,2.221,11740.0
2016-10-11,2.138,2.188,2.138,2.188,960.0
2016-10-12,2.204,2.204,2.105,2.163,8210.0
2016-10-13,2.163,2.204,2.163,2.204,1830.0
2016-10-14,2.113,2.155,2.08,2.155,4100.0
2016-10-17,2.155,2.155,2.08,2.088,12210.0
2016-10-18,2.08,2.146,2.046,2.146,550.0
2016-10-19,2.046,2.155,2.046,2.146,6400.0
2016-10-20,2.071,2.138,2.071,2.138,570.0
2016-10-21,2.071,2.146,2.071,2.146,1480.0
2016-10-24,2.08,2.146,2.08,2.146,2760.0
2016-10-25,2.08,2.138,2.038,2.121,11030.0
2016-10-26,2.021,2.113,2.005,2.105,2009.9999999999998
2016-10-27,2.038,2.096,2.021,2.096,3760.0
2016-10-31,2.038,2.038,1.93,2.038,18560.0
2016-11-02,1.955,2.038,1.955,2.038,4330.0
2016-11-03,1.955,1.988,1.747,1.813,175330.0
2016-11-04,1.788,1.813,1.747,1.788,36000.0
2016-11-07,1.813,1.863,1.813,1.855,14150.0
2016-11-08,1.855,1.913,1.747,1.863,69890.0
2016-11-09,1.68,1.83,1.68,1.822,17780.0
2016-11-10,1.822,1.83,1.788,1.83,13620.0
2016-11-14,1.788,1.813,1.689,1.813,56830.0
2016-11-15,1.722,1.78,1.722,1.78,4090.0
2016-11-16,1.797,1.946,1.797,1.83,62680.0
2016-11-17,1.83,1.83,1.797,1.813,20560.0
2016-11-18,1.872,1.996,1.863,1.863,55220.0
2016-11-21,1.822,1.838,1.714,1.739,90160.0
2016-11-22,1.622,1.622,1.464,1.497,202630.0
2016-11-23,1.472,1.497,1.472,1.497,22690.0
2016-11-24,1.481,1.481,1.348,1.447,29680.0
2016-11-25,1.397,1.472,1.331,1.406,47730.0
2016-11-28,1.447,1.447,1.397,1.406,26430.0
2016-11-29,1.423,1.497,1.406,1.456,27420.0
2016-11-30,1.456,1.456,1.397,1.431,13290.0
2016-12-01,1.414,1.414,1.414,1.414,3250.0
2016-12-02,1.381,1.514,1.381,1.506,15400.0
2016-12-05,1.531,1.539,1.456,1.456,9430.0
2016-12-06,1.547,1.547,1.414,1.489,21650.0
2016-12-07,1.423,1.439,1.406,1.423,20330.0
2016-12-08,1.447,1.447,1.356,1.414,54360.0
2016-12-09,1.414,1.447,1.414,1.447,650.0
2016-12-12,1.431,1.431,1.414,1.431,1660.0
2016-12-13,1.414,1.489,1.414,1.489,13550.0
2016-12-14,1.489,1.497,1.464,1.464,17550.0
2016-12-15,1.497,1.531,1.464,1.472,17710.0
2016-12-16,1.489,1.497,1.431,1.431,12070.0
2016-12-19,1.522,1.522,1.414,1.472,21690.0
2016-12-20,1.414,1.431,1.397,1.431,7890.0
2016-12-21,1.406,1.406,1.323,1.364,60360.0
2016-12-22,1.339,1.348,1.281,1.314,39380.0
2016-12-23,1.289,1.314,1.273,1.298,13800.0
2016-12-27,1.323,1.406,1.323,1.356,54160.0
2016-12-28,1.339,1.348,1.298,1.306,26900.0
2016-12-29,1.331,1.348,1.323,1.331,15350.0
2016-12-30,1.348,1.356,1.323,1.331,19110.0
2017-01-02,1.298,1.323,1.273,1.323,30970.0
2017-01-03,1.314,1.331,1.298,1.331,16910.0
2017-01-04,1.298,1.331,1.298,1.331,9930.0
2017-01-05,1.298,1.381,1.298,1.373,22320.0
2017-01-09,1.306,1.414,1.306,1.414,9830.0
2017-01-10,1.373,1.447,1.373,1.439,15920.0
2017-01-11,1.414,1.439,1.414,1.414,1510.0
2017-01-12,1.356,1.356,1.289,1.331,93230.0
2017-01-13,1.331,1.348,1.256,1.256,64340.0
2017-01-16,1.289,1.323,1.264,1.264,22360.0
2017-01-17,1.314,1.348,1.273,1.331,42380.0
2017-01-18,1.331,1.414,1.289,1.414,55390.0
2017-01-19,1.431,1.447,1.414,1.414,11960.0
2017-01-20,1.431,1.431,1.373,1.373,3720.0
2017-01-23,1.364,1.456,1.364,1.447,21020.0
2017-01-24,1.423,1.456,1.414,1.456,14110.0
2017-01-25,1.456,1.456,1.364,1.406,7900.0
2017-01-26,1.414,1.423,1.406,1.423,5060.0
2017-01-27,1.381,1.423,1.381,1.423,4720.0
2017-01-30,1.397,1.397,1.373,1.373,1200.0
2017-01-31,1.373,1.439,1.373,1.431,3060.0
2017-02-01,1.423,1.423,1.397,1.414,14250.0
2017-02-02,1.414,1.68,1.397,1.655,221280.0
2017-02-03,1.722,1.98,1.68,1.78,411690.0
2017-02-06,1.813,1.872,1.747,1.83,63020.0
2017-02-07,1.797,1.797,1.764,1.797,28190.0
2017-02-08,1.788,1.83,1.788,1.788,23730.0
2017-02-09,1.83,1.83,1.655,1.739,54190.0
2017-02-10,1.739,1.747,1.639,1.747,69810.0
2017-02-13,1.705,1.822,1.705,1.764,19500.0
2017-02-14,1.772,1.813,1.714,1.772,9410.0
2017-02-15,1.78,1.988,1.78,1.922,102020.0
2017-02-16,1.972,2.08,1.922,2.055,216260.0
2017-02-17,2.03,2.121,2.013,2.105,74490.0
2017-02-20,2.08,2.121,2.08,2.121,64590.0
2017-02-21,2.13,2.13,2.038,2.08,28310.0
2017-02-22,2.08,2.113,1.972,2.046,25080.0
2017-02-23,1.996,2.013,1.955,1.955,14960.0
2017-02-24,1.972,1.996,1.847,1.98,35500.0
2017-02-27,1.988,1.988,1.872,1.963,7880.0
2017-02-28,1.963,1.963,1.872,1.913,56540.0
2017-03-01,1.913,1.913,1.855,1.905,12580.0
2017-03-02,1.905,1.905,1.797,1.797,19310.0
2017-03-03,1.797,1.905,1.797,1.905,16690.0
2017-03-06,1.805,1.888,1.805,1.863,3290.0
2017-03-07,1.863,1.863,1.772,1.83,14690.0
2017-03-08,1.855,1.855,1.722,1.822,17300.0
2017-03-09,1.73,1.747,1.664,1.747,18780.0
2017-03-10,1.822,1.872,1.705,1.73,57240.0
2017-03-13,1.847,1.897,1.747,1.88,40720.0
2017-03-14,1.9,2.08,1.9,2.04,19990.0
2017-03-15,2.08,2.16,1.93,2.05,26870.0
2017-03-16,1.94,1.98,1.93,1.97,14470.0
2017-03-17,1.98,2.0,1.93,1.99,5020.0
2017-03-20,2.0,2.03,1.91,2.02,2910.0
2017-03-21,2.02,2.02,1.94,1.94,8410.0
2017-03-22,1.94,1.94,1.85,1.9,11430.0
2017-03-23,1.9,1.9,1.9,1.9,6690.0
2017-03-24,1.98,1.98,1.88,1.88,7340.0
2017-03-27,1.98,1.98,1.97,1.97,760.0
2017-03-28,1.95,1.97,1.9,1.9,19520.0
2017-03-29,1.95,1.95,1.95,1.95,5070.0
2017-03-30,1.95,1.97,1.88,1.89,18770.0
2017-03-31,1.9,1.95,1.9,1.95,7980.0
2017-04-04,1.9,2.0,1.9,2.0,42790.0
2017-04-05,1.95,1.99,1.95,1.95,7720.0
2017-04-06,1.92,2.05,1.92,2.04,18220.0
2017-04-07,1.98,2.0,1.98,2.0,16000.0
2017-04-10,2.02,2.04,2.0,2.03,1540.0
2017-04-11,2.01,2.01,1.9,1.92,19950.0
2017-04-12,1.92,1.95,1.92,1.95,1430.0
2017-04-13,1.9,1.98,1.9,1.98,13990.0
2017-04-18,1.92,1.98,1.92,1.98,1500.0
2017-04-19,1.98,2.0,1.98,2.0,8039.999999999999
2017-04-20,1.98,1.99,1.9,1.97,17020.0
2017-04-21,1.97,1.97,1.91,1.91,810.0
2017-04-24,1.8,1.91,1.74,1.86,21870.0
2017-04-25,1.75,1.75,1.73,1.75,46870.0
2017-04-26,1.73,1.82,1.71,1.75,7460.0
2017-04-27,1.71,1.75,1.7,1.75,6540.0
2017-05-02,1.7,1.75,1.69,1.75,730.0
2017-05-04,1.74,1.74,1.69,1.69,5840.0
2017-05-05,1.69,1.75,1.69,1.75,210.0
2017-05-09,1.69,1.69,1.53,1.65,4880.0
2017-05-10,1.65,1.65,1.6,1.65,1060.0
2017-05-11,1.65,1.73,1.65,1.73,10000.0
2017-05-12,1.63,1.74,1.63,1.67,7010.0
2017-05-15,1.69,1.69,1.64,1.67,8680.0
2017-05-16,1.69,1.69,1.68,1.68,4500.0
2017-05-17,1.69,1.73,1.57,1.67,139280.0
2017-05-18,1.63,1.63,1.62,1.62,110.0
2017-05-19,1.62,1.78,1.62,1.78,13590.0
2017-05-22,1.65,1.77,1.65,1.77,1010.0
2017-05-23,1.78,1.85,1.64,1.76,38770.0
2017-05-24,1.65,1.75,1.65,1.75,3850.0
2017-05-25,1.73,1.74,1.71,1.74,9380.0
2017-05-26,1.7,1.74,1.7,1.74,4360.0
2017-05-29,1.65,1.65,1.61,1.61,16120.000000000002
2017-05-30,1.63,1.79,1.63,1.78,32729.999999999996
2017-05-31,1.72,1.85,1.72,1.8,33800.0
2017-06-01,1.8,1.82,1.8,1.82,1120.0
2017-06-05,1.82,1.85,1.82,1.85,10000.0
2017-06-06,1.8,1.8,1.8,1.8,100.0
2017-06-07,1.8,1.8,1.76,1.8,9340.0
2017-06-08,1.77,1.8,1.77,1.8,500.0
2017-06-09,1.68,1.68,1.64,1.64,4010.0
2017-06-12,1.64,1.77,1.64,1.77,3330.0
2017-06-13,1.77,1.79,1.7,1.78,9800.0
2017-06-14,1.78,1.79,1.72,1.72,1830.0
2017-06-19,1.71,1.71,1.71,1.71,20.0
2017-06-20,1.72,1.72,1.65,1.65,96490.0
2017-06-22,1.66,1.66,1.66,1.66,40.0
2017-06-23,1.66,1.66,1.66,1.66,3260.0
2017-06-26,1.65,1.65,1.65,1.65,100.0
2017-06-27,1.67,1.67,1.67,1.67,980.0
2017-06-28,1.67,1.67,1.67,1.67,10260.0
2017-06-29,1.72,1.73,1.67,1.69,35290.0
2017-06-30,1.69,1.69,1.64,1.67,16790.0
2017-07-03,1.73,1.73,1.72,1.72,20.0
2017-07-04,1.72,1.72,1.67,1.67,1130.0
2017-07-05,1.71,1.71,1.67,1.67,1490.0
2017-07-06,1.65,1.67,1.65,1.67,4120.0
2017-07-07,1.7,1.7,1.7,1.7,4470.0
2017-07-10,1.7,1.7,1.65,1.65,3730.0
2017-07-11,1.65,1.65,1.6,1.6,19810.0
2017-07-12,1.56,1.6,1.54,1.54,27900.0
2017-07-13,1.54,1.54,1.5,1.52,26160.0
2017-07-14,1.51,1.53,1.5,1.5,109670.0
2017-07-17,1.6,1.64,1.54,1.55,145180.0
2017-07-18,1.59,1.59,1.5,1.52,82420.0
2017-07-19,1.5,1.55,1.5,1.53,29580.0
2017-07-20,1.53,1.53,1.5,1.53,6110.0
2017-07-21,1.53,1.55,1.51,1.51,6540.0
2017-07-24,1.55,1.63,1.55,1.6,41020.0
2017-07-25,1.62,1.62,1.6,1.6,3070.0
2017-07-26,1.61,1.66,1.61,1.66,47710.0
2017-07-27,1.65,1.79,1.65,1.74,31580.0
2017-07-28,1.76,1.78,1.67,1.78,2450.0
2017-07-31,1.9,1.9,1.81,1.85,57270.0
2017-08-01,1.85,1.85,1.8,1.8,3620.0
2017-08-02,1.86,1.9,1.85,1.9,29370.0
2017-08-03,1.9,1.91,1.85,1.85,9450.0
2017-08-04,1.85,1.99,1.85,1.98,52290.0
2017-08-07,1.98,1.98,1.85,1.93,31900.0
2017-08-08,1.93,1.93,1.85,1.85,7190.0
2017-08-09,1.85,1.87,1.85,1.87,1250.0
2017-08-10,1.87,1.87,1.84,1.84,2920.0
2017-08-11,1.81,1.85,1.81,1.85,2460.0
2017-08-17,1.84,1.84,1.8,1.83,1420.0
2017-08-18,1.81,1.81,1.79,1.79,7550.0
2017-08-21,1.8,1.81,1.8,1.81,400.0
2017-08-22,1.8,1.8,1.8,1.8,6550.0
2017-08-23,1.8,1.8,1.8,1.8,590.0
2017-08-24,1.8,1.85,1.79,1.79,3890.0
2017-08-25,1.85,1.85,1.78,1.8,8189.999999999999
2017-08-28,1.79,1.79,1.77,1.79,2950.0
2017-08-29,1.79,1.79,1.79,1.79,100.0
2017-08-30,1.79,1.79,1.79,1.79,950.0
2017-08-31,1.79,1.85,1.77,1.81,20820.0
2017-09-01,1.77,1.78,1.73,1.73,12680.0
2017-09-04,1.73,1.73,1.71,1.71,250.0
2017-09-05,1.71,1.78,1.71,1.78,2210.0
2017-09-06,1.69,1.72,1.66,1.71,14020.0
2017-09-07,1.68,1.71,1.68,1.71,52010.0
2017-09-08,1.7,1.7,1.7,1.7,4300.0
2017-09-11,1.71,1.72,1.71,1.72,200.0
2017-09-12,1.71,1.73,1.71,1.72,11530.0
2017-09-14,1.72,1.75,1.72,1.75,1910.0
2017-09-18,1.72,1.89,1.71,1.88,24060.0
2017-09-19,1.88,1.88,1.85,1.85,2310.0
2017-09-20,1.85,1.85,1.85,1.85,420.0
2017-09-21,1.85,1.88,1.85,1.88,23860.0
2017-09-22,1.87,1.87,1.85,1.85,1140.0
2017-09-25,1.86,1.86,1.86,1.86,2750.0
2017-09-26,1.86,1.89,1.85,1.85,3790.0
2017-09-27,1.85,1.86,1.85,1.86,2280.0
2017-09-28,1.88,1.88,1.85,1.85,1770.0
2017-09-29,1.86,1.88,1.86,1.88,3050.0
2017-10-02,1.9,1.92,1.89,1.9,5120.0
2017-10-03,1.89,1.94,1.89,1.92,4170.0
2017-10-04,1.93,2.07,1.92,2.05,36040.0
2017-10-05,2.05,2.08,1.91,1.91,7200.0
2017-10-06,1.93,1.93,1.89,1.89,5350.0
2017-10-09,1.93,1.94,1.9,1.94,18880.0
2017-10-10,1.94,2.05,1.94,1.98,9620.0
2017-10-11,2.2,2.3,2.11,2.2,95380.0
2017-10-12,2.35,2.58,2.32,2.56,101990.0
2017-10-13,2.49,2.53,2.26,2.33,61630.0
2017-10-16,2.32,2.35,2.28,2.3,30410.0
2017-10-17,2.3,2.35,2.24,2.24,14410.0
2017-10-18,2.24,2.35,2.24,2.34,18330.0
2017-10-19,2.34,2.35,2.34,2.34,5420.0
2017-10-20,2.35,2.35,2.33,2.33,180.0
2017-10-23,2.31,2.33,2.26,2.31,21420.0
2017-10-24,2.3,2.3,2.1,2.27,21920.0
2017-10-25,2.25,2.25,2.06,2.15,1640.0
2017-10-26,2.2,2.2,2.1,2.18,140.0
2017-10-27,2.1,2.12,1.89,2.0,14550.0
2017-10-30,2.05,2.05,1.88,1.9,15460.0
2017-10-31,1.9,1.96,1.78,1.96,15260.0
2017-11-02,1.98,1.98,1.85,1.94,32570.0
2017-11-03,1.97,2.04,1.96,2.04,29580.0
2017-11-06,2.04,2.24,2.04,2.24,40520.0
2017-11-07,2.25,2.68,2.25,2.64,218810.0
2017-11-08,2.57,2.77,2.53,2.69,146370.0
2017-11-09,2.74,3.15,2.74,3.14,362230.0
2017-11-10,3.11,3.13,2.81,2.85,107190.0
2017-11-13,2.86,2.97,2.71,2.95,41520.0
2017-11-14,2.9,2.95,2.77,2.85,26770.0
2017-11-15,2.85,2.85,2.7,2.84,33420.0
2017-11-16,2.83,2.92,2.83,2.92,13410.0
2017-11-17,2.94,2.95,2.72,2.86,55930.0
2017-11-20,2.84,3.05,2.84,3.03,41390.0
2017-11-21,3.04,3.05,2.84,2.94,32750.0
2017-11-22,2.94,2.94,2.72,2.73,49740.0
2017-11-23,2.75,2.75,2.72,2.74,3220.0
2017-11-24,2.82,2.82,2.7,2.7,14050.0
2017-11-27,2.77,2.77,2.69,2.71,9360.0
2017-11-28,2.71,2.71,2.63,2.63,19420.0
2017-11-29,2.69,2.69,2.55,2.56,13610.0
2017-11-30,2.65,2.65,2.55,2.65,13540.0
2017-12-01,2.65,2.75,2.64,2.75,8170.0
2017-12-04,2.76,2.76,2.7,2.7,14630.0
2017-12-05,2.68,2.68,2.54,2.58,9150.0
2017-12-06,2.65,2.71,2.55,2.6,7630.0
2017-12-07,2.6,2.72,2.6,2.7,25030.0
2017-12-08,2.67,2.72,2.67,2.7,10220.0
2017-12-11,2.68,2.74,2.64,2.66,36880.0
2017-12-12,2.68,2.8,2.66,2.8,29390.0
2017-12-13,2.8,2.86,2.75,2.8,19930.0
2017-12-14,2.75,2.75,2.24,2.35,196140.0
2017-12-15,2.38,2.5,2.21,2.5,55980.0
2017-12-18,2.35,2.4,2.25,2.39,11470.0
2017-12-19,2.25,2.3,2.25,2.28,3830.0
2017-12-20,2.28,2.3,2.21,2.28,2380.0
2017-12-21,2.22,2.22,2.19,2.19,5800.0
2017-12-22,2.19,2.19,2.08,2.18,17090.0
2017-12-27,2.12,2.12,2.02,2.08,23030.0
2017-12-28,2.08,2.15,2.05,2.15,18000.0
2017-12-29,2.08,2.15,2.08,2.11,2460.0
2018-01-03,2.15,2.15,2.15,2.15,3000.0
2018-01-04,2.14,2.29,2.14,2.29,20700.0
2018-01-05,2.29,2.29,2.25,2.25,8610.0
2018-01-08,2.25,2.25,2.21,2.21,2450.0
2018-01-09,2.21,2.21,2.18,2.18,1110.0
2018-01-10,2.18,2.25,2.15,2.25,3620.0
2018-01-11,2.24,2.24,2.15,2.15,4870.0
2018-01-12,2.19,2.34,2.19,2.34,12570.0
2018-01-15,2.31,2.32,2.22,2.32,2130.0
2018-01-16,2.24,2.25,2.21,2.25,3980.0
2018-01-17,2.22,2.25,2.2,2.22,6940.0
2018-01-18,2.2,2.2,2.16,2.16,4300.0
2018-01-19,2.16,2.2,2.08,2.1,13070.0
2018-01-22,2.05,2.05,2.01,2.05,18270.0
2018-01-23,2.05,2.1,1.91,1.93,33280.0
2018-01-24,1.93,2.01,1.93,2.01,420.0
2018-01-25,1.96,1.99,1.9,1.98,15200.0
2018-01-26,1.98,1.99,1.9,1.96,9780.0
2018-01-29,1.95,1.97,1.95,1.97,1180.0
2018-01-30,1.95,1.97,1.9,1.9,22310.0
2018-01-31,1.88,1.89,1.88,1.89,450.0
2018-02-01,1.9,1.9,1.9,1.9,8950.0
2018-02-02,1.89,1.9,1.89,1.89,10110.0
2018-02-05,1.92,1.93,1.85,1.85,11710.0
2018-02-06,1.83,1.83,1.59,1.65,33810.0
2018-02-07,1.65,1.76,1.63,1.63,69910.0
2018-02-08,1.65,1.76,1.65,1.7,127220.0
2018-02-09,1.68,1.7,1.62,1.65,17250.0
2018-02-12,1.62,1.65,1.62,1.62,7500.0
2018-02-13,1.64,1.65,1.62,1.65,3860.0
2018-02-14,1.65,1.65,1.64,1.65,8410.0
2018-02-15,1.62,1.65,1.58,1.59,42500.0
2018-02-16,1.61,1.7,1.59,1.59,47440.0
2018-02-19,1.59,1.6,1.55,1.55,23810.0
2018-02-20,1.55,1.55,1.53,1.55,12760.0
2018-02-21,1.55,1.55,1.52,1.55,14110.0
2018-02-22,1.53,1.55,1.52,1.53,10530.0
2018-02-23,1.52,1.57,1.52,1.57,1670.0
2018-02-26,1.57,1.62,1.56,1.62,5320.0
2018-02-27,1.64,1.64,1.59,1.6,64450.0
2018-02-28,1.53,1.62,1.53,1.61,1910.0
2018-03-01,1.59,1.61,1.57,1.61,14440.0
2018-03-02,1.61,1.65,1.53,1.53,28150.0
2018-03-05,1.61,1.61,1.52,1.53,10530.0
2018-03-06,1.53,1.53,1.43,1.48,37320.0
2018-03-07,1.43,1.46,1.39,1.39,48570.0
2018-03-08,1.4,1.65,1.4,1.47,73470.0
2018-03-09,1.49,1.5,1.41,1.45,22610.0
2018-03-12,1.48,1.51,1.43,1.5,8680.0
2018-03-13,1.51,1.51,1.36,1.38,77210.0
2018-03-14,1.4,1.4,1.36,1.36,6220.0
2018-03-15,1.36,1.4,1.36,1.4,4430.0
2018-03-16,1.4,1.45,1.38,1.43,67060.0
2018-03-19,1.41,1.43,1.4,1.4,11390.0
2018-03-20,1.38,1.43,1.38,1.43,5400.0
2018-03-21,1.44,1.45,1.44,1.45,2000.0
2018-03-22,1.42,1.43,1.42,1.43,1110.0
2018-03-23,1.44,1.44,1.3,1.3,49770.0
2018-03-26,1.3,1.39,1.3,1.38,8850.0
2018-03-27,1.38,1.39,1.3,1.33,15250.0
2018-03-28,1.3,1.5,1.3,1.5,132460.0
2018-03-29,1.49,1.49,1.43,1.46,45120.0
2018-04-03,1.45,1.49,1.45,1.46,9110.0
2018-04-04,1.49,1.49,1.43,1.49,16270.0
2018-04-05,1.49,1.49,1.45,1.48,500.0
2018-04-06,1.48,1.48,1.42,1.46,29520.0
2018-04-10,1.44,1.49,1.42,1.49,5010.0
2018-04-11,1.49,1.49,1.41,1.49,8930.0
2018-04-12,1.49,1.49,1.49,1.49,1000.0
2018-04-13,1.43,1.49,1.41,1.48,35740.0
2018-04-16,1.48,1.48,1.48,1.48,200.0
2018-04-17,1.48,1.48,1.41,1.44,18360.0
2018-04-18,1.46,1.48,1.41,1.41,35160.0
2018-04-19,1.46,1.46,1.37,1.38,20200.0
2018-04-20,1.4,1.43,1.4,1.43,860.0
2018-04-23,1.44,1.44,1.44,1.44,1220.0
2018-04-24,1.43,1.43,1.4,1.43,1600.0
2018-04-25,1.4,1.43,1.4,1.43,5250.0
2018-04-26,1.44,1.44,1.44,1.44,50.0
2018-04-27,1.43,1.45,1.43,1.44,7080.0
2018-05-02,1.44,1.44,1.44,1.44,100.0
2018-05-04,1.44,1.44,1.37,1.37,6340.0
2018-05-07,1.43,1.43,1.4,1.4,550.0
2018-05-08,1.4,1.4,1.37,1.39,7720.0
2018-05-09,1.35,1.39,1.35,1.39,2100.0
2018-05-10,1.42,1.42,1.42,1.42,190.0
2018-05-11,1.39,1.39,1.39,1.39,0.0
2018-05-14,1.43,1.43,1.38,1.43,20680.0
2018-05-15,1.43,1.43,1.35,1.4,34860.0
2018-05-16,1.43,1.43,1.3,1.33,37850.0
2018-05-17,1.32,1.4,1.31,1.4,5490.0
2018-05-18,1.35,1.35,1.33,1.35,6710.0
2018-05-21,1.39,1.39,1.35,1.35,2420.0
2018-05-22,1.39,1.39,1.3,1.34,24060.0
2018-05-23,1.39,1.39,1.39,1.39,100.0
2018-05-24,1.39,1.39,1.34,1.39,2520.0
2018-05-25,1.32,1.35,1.3,1.35,19330.0
2018-05-28,1.35,1.35,1.35,1.35,1360.0
2018-05-29,1.35,1.36,1.27,1.36,1480.0
2018-05-30,1.36,1.36,1.36,1.36,990.0
2018-06-04,1.36,1.36,1.31,1.36,210.0
2018-06-05,1.36,1.37,1.35,1.37,4980.0
2018-06-06,1.35,1.39,1.35,1.39,4500.0
2018-06-07,1.39,1.39,1.35,1.38,3180.0
2018-06-08,1.35,1.35,1.35,1.35,1860.0
2018-06-11,1.35,1.43,1.35,1.42,5330.0
2018-06-12,1.43,1.43,1.35,1.38,12870.0
2018-06-13,1.36,1.43,1.36,1.43,6010.0
2018-06-14,1.4,1.48,1.4,1.48,30870.0
2018-06-15,1.48,1.6,1.48,1.52,16140.0
2018-06-18,1.59,1.59,1.52,1.55,3850.0
2018-06-19,1.55,1.6,1.55,1.59,5850.0
2018-06-20,1.6,1.63,1.59,1.6,27140.0
2018-06-21,1.6,1.69,1.6,1.67,24070.0
2018-06-22,1.7,1.7,1.65,1.65,38080.0
2018-06-25,1.61,1.64,1.58,1.6,29550.0
2018-06-26,1.64,1.64,1.58,1.61,720.0
2018-06-27,1.61,1.61,1.49,1.54,53840.0
2018-06-28,1.52,1.52,1.41,1.49,1840.0
2018-06-29,1.5,1.5,1.49,1.5,7470.0
2018-07-02,1.49,1.65,1.48,1.65,10590.0
2018-07-03,1.64,1.64,1.49,1.49,27910.0
2018-07-04,1.47,1.5,1.47,1.5,2660.0
2018-07-05,1.51,1.51,1.5,1.5,500.0
2018-07-06,1.51,1.51,1.44,1.48,29230.0
2018-07-09,1.45,1.53,1.44,1.53,8870.0
2018-07-10,1.51,1.58,1.51,1.54,960.0
2018-07-11,1.56,1.57,1.5,1.57,4610.0
2018-07-12,1.59,1.59,1.57,1.57,8900.0
2018-07-13,1.59,1.6,1.55,1.6,9630.0
2018-07-16,1.58,1.58,1.5,1.5,5930.0
2018-07-17,1.46,1.53,1.46,1.53,5160.0
2018-07-18,1.49,1.5,1.49,1.5,2000.0
2018-07-19,1.5,1.55,1.5,1.54,4100.0
2018-07-20,1.58,1.58,1.55,1.58,20.0
2018-07-23,1.55,1.55,1.5,1.54,13780.0
2018-07-24,1.45,1.49,1.45,1.48,42690.0
2018-07-25,1.41,1.49,1.41,1.49,6150.0
2018-07-26,1.48,1.5,1.48,1.5,6010.0
2018-07-27,1.51,1.58,1.51,1.58,5860.0
2018-07-30,1.51,1.57,1.48,1.5,11180.0
2018-07-31,1.52,1.52,1.52,1.52,12990.0
2018-08-01,1.52,1.52,1.45,1.51,9360.0
2018-08-02,1.51,1.51,1.51,1.51,4000.0
2018-08-03,1.46,1.51,1.46,1.51,320.0
2018-08-06,1.51,1.51,1.44,1.44,4390.0
2018-08-07,1.5,1.52,1.5,1.5,58500.0
2018-08-08,1.51,1.51,1.48,1.48,1510.0
2018-08-09,1.48,1.57,1.48,1.53,59940.0
2018-08-10,1.57,1.6,1.51,1.51,22230.0
2018-08-13,1.53,1.53,1.48,1.52,18080.0
2018-08-14,1.52,1.58,1.5,1.58,62520.0
2018-08-16,1.6,1.6,1.57,1.58,8490.0
2018-08-17,1.58,1.58,1.57,1.57,3790.0
2018-08-20,1.6,1.6,1.57,1.6,10280.0
2018-08-21,1.6,1.6,1.57,1.57,10950.0
2018-08-22,1.57,1.57,1.5,1.51,14940.0
2018-08-23,1.55,1.55,1.48,1.5,85500.0
2018-08-24,1.5,1.5,1.47,1.47,18630.0
2018-08-27,1.46,1.48,1.45,1.45,15900.0
2018-08-28,1.45,1.5,1.45,1.46,11180.0
2018-08-29,1.45,1.5,1.45,1.46,14330.0
2018-08-30,1.46,1.46,1.45,1.45,2620.0
2018-08-31,1.43,1.55,1.43,1.46,22760.0
2018-09-03,1.43,1.49,1.4,1.48,43890.0
2018-09-04,1.5,1.5,1.38,1.42,29220.0
2018-09-05,1.4,1.5,1.4,1.5,34120.0
2018-09-06,1.5,1.5,1.35,1.35,10340.0
2018-09-07,1.42,1.44,1.35,1.35,15320.0
2018-09-10,1.31,1.31,1.31,1.31,80.0
2018-09-11,1.32,1.32,1.32,1.32,100.0
2018-09-12,1.33,1.42,1.33,1.42,4520.0
2018-09-13,1.47,1.47,1.37,1.43,5050.0
2018-09-14,1.43,1.43,1.35,1.43,10500.0
2018-09-17,1.4,1.43,1.39,1.39,4010.0
2018-09-18,1.39,1.43,1.39,1.43,300.0
2018-09-19,1.43,1.43,1.43,1.43,1760.0
2018-09-20,1.43,1.43,1.35,1.4,40510.0
2018-09-21,1.42,1.49,1.35,1.44,39260.0
2018-09-24,1.49,1.63,1.41,1.63,109700.0
2018-09-25,1.63,1.74,1.59,1.65,16010.000000000002
2018-09-26,1.61,1.61,1.55,1.57,24490.0
2018-09-27,1.62,1.69,1.62,1.63,14370.0
2018-09-28,1.63,1.74,1.59,1.68,38120.0
2018-10-01,1.68,1.68,1.61,1.61,12440.0
2018-10-02,1.61,1.61,1.55,1.57,5480.0
2018-10-03,1.57,1.59,1.55,1.59,1890.0
2018-10-04,1.59,1.59,1.59,1.59,8990.0
2018-10-05,1.59,1.6,1.57,1.57,9070.0
2018-10-08,1.6,1.63,1.58,1.58,7470.0
2018-10-09,1.63,1.63,1.5,1.57,17480.0
2018-10-10,1.57,1.65,1.57,1.58,13530.0
2018-10-11,1.58,1.6,1.55,1.58,23210.0
2018-10-12,1.55,1.6,1.55,1.6,1210.0
2018-10-15,1.54,1.62,1.54,1.62,2870.0
2018-10-16,1.62,1.62,1.62,1.62,20.0
2018-10-17,1.57,1.62,1.55,1.55,2120.0
2018-10-18,1.62,1.62,1.54,1.62,1380.0
2018-10-19,1.62,1.63,1.55,1.56,10310.0
2018-10-22,1.56,1.56,1.53,1.53,8900.0
2018-10-23,1.5,1.56,1.5,1.5,610.0
2018-10-24,1.56,1.71,1.56,1.71,54500.0
2018-10-25,1.69,1.69,1.64,1.67,9200.0
2018-10-26,1.7,1.72,1.7,1.7,32770.0
2018-10-29,1.72,1.74,1.6,1.65,47420.0
2018-10-30,1.6,1.72,1.51,1.56,43740.0
2018-10-31,1.63,1.65,1.58,1.58,15950.0
2018-11-02,1.65,1.78,1.65,1.77,54730.0
2018-11-05,1.77,1.85,1.77,1.85,39720.0
2018-11-06,1.84,1.86,1.75,1.8,30510.0
2018-11-07,1.8,1.82,1.79,1.79,8270.0
2018-11-08,1.79,1.94,1.74,1.85,21220.0
2018-11-09,1.88,1.88,1.84,1.86,15580.0
2018-11-13,1.87,1.88,1.86,1.87,8240.0
2018-11-14,1.84,1.89,1.8,1.88,26800.0
2018-11-15,1.88,1.88,1.81,1.87,2720.0
2018-11-16,1.88,1.89,1.8,1.89,23740.0
2018-11-19,1.89,1.89,1.87,1.89,4030.0000000000005
2018-11-20,1.89,1.89,1.86,1.86,6100.0
2018-11-21,1.84,1.84,1.71,1.77,14240.0
2018-11-22,1.77,1.77,1.71,1.71,13530.0
2018-11-23,1.66,1.75,1.65,1.7,5650.0
2018-11-26,1.69,1.75,1.69,1.7,4600.0
2018-11-27,1.72,1.72,1.65,1.69,1250.0
2018-11-28,1.69,1.69,1.67,1.67,890.0
2018-11-29,1.69,1.69,1.6,1.61,4080.0
2018-11-30,1.65,1.65,1.62,1.62,1400.0
2018-12-03,1.64,1.64,1.57,1.61,2690.0
2018-12-04,1.6,1.61,1.6,1.61,600.0
2018-12-05,1.63,1.64,1.58,1.58,920.0
2018-12-06,1.58,1.59,1.55,1.58,12280.0
2018-12-07,1.57,1.58,1.53,1.53,1650.0
2018-12-10,1.55,1.8,1.51,1.8,18510.0
2018-12-11,1.78,1.78,1.6,1.61,12410.0
2018-12-12,1.64,1.64,1.61,1.61,5180.0
2018-12-13,1.6,1.63,1.6,1.63,500.0
2018-12-14,1.59,1.62,1.47,1.57,52300.0
2018-12-17,1.57,1.59,1.52,1.58,4490.0
2018-12-18,1.55,1.57,1.55,1.55,290.0
2018-12-19,1.58,1.58,1.51,1.56,26540.0
2018-12-20,1.58,1.58,1.52,1.56,2270.0
2018-12-21,1.52,1.56,1.52,1.55,8930.0
2018-12-27,1.55,1.57,1.51,1.57,22530.0
2018-12-28,1.55,1.55,1.5,1.5,3780.0
2019-01-02,1.5,1.57,1.5,1.57,6220.0
2019-01-03,1.57,1.57,1.52,1.52,5030.0
2019-01-04,1.52,1.52,1.52,1.52,1100.0
2019-01-07,1.52,1.52,1.46,1.52,2150.0
2019-01-08,1.52,1.54,1.5,1.5,9670.0
2019-01-09,1.5,1.5,1.45,1.48,8510.0
2019-01-10,1.5,1.5,1.45,1.45,6510.0
2019-01-11,1.5,1.5,1.49,1.49,1200.0
2019-01-14,1.48,1.49,1.48,1.49,600.0
2019-01-15,1.5,1.5,1.46,1.46,590.0
2019-01-16,1.5,1.5,1.5,1.5,100.0
2019-01-17,1.45,1.49,1.45,1.49,7320.0
2019-01-18,1.5,1.53,1.47,1.48,42070.0
2019-01-21,1.48,1.48,1.48,1.48,1000.0
2019-01-22,1.51,1.54,1.5,1.5,24810.0
2019-01-23,1.49,1.57,1.49,1.52,27400.0
2019-01-24,1.52,1.56,1.45,1.5,26090.0
2019-01-25,1.5,1.7,1.48,1.55,74380.0
2019-01-28,1.53,1.61,1.52,1.56,68670.0
2019-01-29,1.58,1.59,1.56,1.56,12020.0
2019-01-30,1.56,1.56,1.47,1.51,31010.0
2019-01-31,1.51,1.53,1.48,1.53,8600.0
2019-02-01,1.53,1.54,1.52,1.54,6180.0
2019-02-04,1.49,1.5,1.45,1.5,15380.0
2019-02-05,1.5,1.51,1.5,1.51,120.0
2019-02-06,1.5,1.53,1.5,1.53,1730.0
2019-02-07,1.53,1.56,1.52,1.52,8950.0
2019-02-08,1.56,1.56,1.5,1.5,3660.0
2019-02-11,1.49,1.5,1.48,1.5,4960.0
2019-02-12,1.49,1.49,1.45,1.47,22560.0
2019-02-13,1.45,1.47,1.45,1.47,60.0
2019-02-14,1.48,1.48,1.47,1.47,570.0
2019-02-15,1.47,1.47,1.45,1.45,5440.0
2019-02-18,1.46,1.47,1.45,1.45,6510.0
2019-02-19,1.47,1.48,1.43,1.43,15270.0
2019-02-20,1.42,1.46,1.42,1.46,3500.0
2019-02-21,1.45,1.46,1.45,1.46,5000.0
2019-02-22,1.47,1.47,1.45,1.46,8910.0
2019-02-25,1.47,1.47,1.45,1.45,2900.0
2019-02-26,1.45,1.48,1.44,1.44,2480.0
2019-02-27,1.48,1.48,1.44,1.44,5700.0
2019-02-28,1.45,1.54,1.45,1.5,28770.0
2019-03-01,1.5,1.52,1.5,1.5,6390.0
2019-03-04,1.46,1.46,1.38,1.38,25640.0
2019-03-05,1.38,1.39,1.38,1.38,8640.0
2019-03-06,1.38,1.4,1.38,1.4,1070.0
2019-03-07,1.38,1.4,1.38,1.4,50.0
2019-03-08,1.42,1.44,1.39,1.44,7000.0
2019-03-11,1.44,1.44,1.44,1.44,10.0
2019-03-12,1.44,1.45,1.44,1.44,5110.0
2019-03-13,1.44,1.45,1.39,1.44,9270.0
2019-03-14,1.44,1.46,1.44,1.44,6400.0
2019-03-15,1.44,1.44,1.43,1.44,2700.0
2019-03-18,1.44,1.5,1.405,1.45,24220.0
2019-03-19,1.405,1.41,1.405,1.41,400.0
2019-03-20,1.44,1.735,1.4,1.58,169550.0
2019-03-21,1.57,1.57,1.47,1.47,39340.0
2019-03-22,1.5,1.5,1.43,1.495,18160.0
2019-03-25,1.495,1.495,1.42,1.47,9170.0
2019-03-26,1.485,1.55,1.44,1.49,33070.0
2019-03-27,1.525,1.55,1.47,1.51,13190.0
2019-03-28,1.49,1.5,1.44,1.495,36840.0
2019-03-29,1.5,1.52,1.44,1.495,27110.0
2019-04-01,1.45,1.485,1.35,1.445,13780.0
2019-04-02,1.41,1.45,1.35,1.42,54130.0
2019-04-03,1.42,1.42,1.38,1.38,19080.0
2019-04-04,1.42,1.45,1.42,1.45,2220.0
2019-04-05,1.49,1.49,1.41,1.49,27910.0
2019-04-08,1.49,1.49,1.42,1.44,2100.0
2019-04-09,1.49,1.49,1.41,1.41,15550.0
2019-04-10,1.475,1.475,1.475,1.475,20.0
2019-04-11,1.475,1.475,1.44,1.46,2550.0
2019-04-12,1.47,1.47,1.39,1.42,31880.0
2019-04-15,1.42,1.42,1.42,1.42,3100.0
2019-04-16,1.42,1.55,1.38,1.4,127460.0
2019-04-17,1.4,1.4,1.37,1.4,18470.0
2019-04-18,1.4,1.4,1.37,1.37,25350.0
2019-04-23,1.37,1.4,1.36,1.4,3510.0
2019-04-24,1.39,1.4,1.39,1.4,220.0
2019-04-25,1.4,1.4,1.37,1.4,5090.0
2019-04-26,1.37,1.495,1.37,1.37,68920.0
2019-04-29,1.38,1.4,1.38,1.38,5100.0
2019-04-30,1.4,1.4,1.35,1.35,21990.0
2019-05-02,1.39,1.39,1.39,1.39,20.0
2019-05-06,1.35,1.38,1.34,1.38,4210.0
2019-05-07,1.34,1.34,1.34,1.34,1050.0
2019-05-08,1.34,1.38,1.3,1.305,28920.0
2019-05-09,1.3,1.35,1.21,1.305,7940.0
2019-05-10,1.31,1.31,1.31,1.31,240.0
2019-05-13,1.37,1.39,1.31,1.32,13530.0
2019-05-14,1.32,1.38,1.32,1.37,540.0
2019-05-15,1.38,1.38,1.37,1.38,35100.0
2019-05-16,1.37,1.39,1.33,1.39,7360.0
2019-05-17,1.4,1.44,1.34,1.37,30330.0
2019-05-20,1.39,1.39,1.33,1.33,3110.0
2019-05-21,1.38,1.38,1.38,1.38,100.0
2019-05-22,1.37,1.39,1.37,1.39,6100.0
2019-05-23,1.39,1.39,1.31,1.31,13680.0
2019-05-24,1.355,1.355,1.31,1.355,5390.0
2019-05-27,1.355,1.355,1.295,1.355,1080.0
2019-05-28,1.3,1.31,1.3,1.31,280.0
2019-05-29,1.345,1.35,1.28,1.3,29430.0
2019-05-30,1.33,1.33,1.19,1.19,37800.0
2019-05-31,1.245,1.285,1.2,1.285,6740.0
2019-06-03,1.285,1.285,1.23,1.23,2910.0
2019-06-04,1.28,1.28,1.28,1.28,100.0
2019-06-05,1.27,1.275,1.27,1.275,4180.0
2019-06-06,1.275,1.28,1.21,1.21,16020.0
2019-06-07,1.21,1.24,1.21,1.21,8109.999999999999
2019-06-10,1.275,1.31,1.25,1.295,14050.0
2019-06-11,1.31,1.39,1.3,1.35,20000.0
2019-06-12,1.35,1.35,1.3,1.3,2200.0
2019-06-13,1.37,1.46,1.37,1.39,18930.0
2019-06-14,1.42,1.45,1.41,1.41,3420.0
2019-06-17,1.41,1.45,1.37,1.4,2910.0
2019-06-18,1.4,1.4,1.37,1.37,120.0
2019-06-19,1.435,1.435,1.435,1.435,300.0
2019-06-21,1.43,1.43,1.4,1.4,5840.0
2019-06-24,1.435,1.435,1.4,1.42,9710.0
2019-06-25,1.435,1.435,1.4,1.4,1200.0
2019-06-26,1.41,1.41,1.36,1.36,1100.0
2019-06-27,1.41,1.41,1.41,1.41,100.0
2019-06-28,1.34,1.4,1.34,1.4,1200.0
2019-07-01,1.41,1.42,1.4,1.4,6110.0
2019-07-02,1.41,1.41,1.41,1.41,100.0
2019-07-03,1.4,1.4,1.4,1.4,200.0
2019-07-04,1.41,1.41,1.36,1.36,1100.0
2019-07-05,1.41,1.41,1.37,1.41,3900.0
2019-07-08,1.36,1.42,1.36,1.36,1610.0
2019-07-09,1.42,1.42,1.36,1.36,140.0
2019-07-10,1.41,1.41,1.36,1.4,1390.0
2019-07-11,1.41,1.41,1.41,1.41,100.0
2019-07-12,1.41,1.41,1.41,1.41,100.0
2019-07-15,1.4,1.41,1.27,1.35,14180.0
2019-07-16,1.34,1.34,1.29,1.34,4140.0
2019-07-17,1.31,1.31,1.24,1.25,38590.0
2019-07-18,1.28,1.34,1.24,1.3,21050.0
2019-07-19,1.33,1.4,1.27,1.32,34380.0
2019-07-22,1.32,1.35,1.32,1.35,6140.0
2019-07-23,1.37,1.4,1.37,1.38,3640.0
2019-07-24,1.4,1.4,1.37,1.37,580.0
2019-07-25,1.35,1.37,1.3,1.37,14930.0
2019-07-26,1.365,1.365,1.365,1.365,100.0
2019-07-29,1.365,1.365,1.365,1.365,1110.0
2019-07-30,1.37,1.37,1.27,1.28,16100.000000000002
2019-07-31,1.32,1.32,1.28,1.32,5710.0
2019-08-01,1.27,1.3,1.24,1.28,29680.0
2019-08-02,1.29,1.29,1.28,1.28,4260.0
2019-08-05,1.28,1.28,1.24,1.25,22400.0
2019-08-06,1.28,1.28,1.25,1.25,1040.0
2019-08-07,1.28,1.29,1.28,1.29,2020.0
2019-08-08,1.28,1.295,1.26,1.295,3000.0
2019-08-09,1.295,1.34,1.295,1.3,13700.0
2019-08-12,1.3,1.32,1.3,1.32,2410.0
2019-08-13,1.34,1.34,1.31,1.31,5020.0
2019-08-14,1.31,1.31,1.29,1.29,170.0
2019-08-16,1.29,1.3,1.29,1.3,5560.0
2019-08-19,1.31,1.31,1.31,1.31,100.0
2019-08-20,1.31,1.31,1.28,1.28,3240.0
2019-08-21,1.28,1.28,1.27,1.27,10600.0
2019-08-22,1.25,1.25,1.25,1.25,11650.0
2019-08-23,1.25,1.29,1.25,1.29,660.0
2019-08-26,1.26,1.26,1.25,1.25,9980.0
2019-08-27,1.25,1.29,1.21,1.21,10750.0
2019-08-28,1.23,1.23,1.15,1.22,3160.0
2019-08-29,1.23,1.28,1.23,1.23,10260.0
2019-08-30,1.27,1.29,1.25,1.29,5960.0
2019-09-02,1.31,1.31,1.31,1.31,120.0
2019-09-03,1.26,1.26,1.26,1.26,100.0
2019-09-04,1.26,1.26,1.26,1.26,1100.0
2019-09-05,1.29,1.31,1.26,1.27,23190.0
2019-09-06,1.25,1.3,1.25,1.295,7200.0
2019-09-09,1.25,1.29,1.25,1.255,1820.0
2019-09-10,1.295,1.295,1.23,1.275,14610.0
2019-09-11,1.275,1.275,1.23,1.23,8870.0
2019-09-12,1.23,1.23,1.23,1.23,1490.0
2019-09-13,1.23,1.29,1.23,1.29,1660.0
2019-09-16,1.29,1.29,1.29,1.29,100.0
2019-09-17,1.24,1.28,1.23,1.27,9000.0
2019-09-18,1.24,1.27,1.125,1.19,36280.0
2019-09-19,1.14,1.25,1.12,1.12,24320.0
2019-09-20,1.19,1.2,1.19,1.19,1800.0
2019-09-23,1.19,1.22,1.19,1.22,90.0
2019-09-24,1.21,1.21,1.19,1.19,1210.0
2019-09-25,1.2,1.21,1.19,1.19,3140.0
2019-09-26,1.21,1.265,1.21,1.25,11100.0
2019-09-27,1.25,1.27,1.25,1.26,4950.0
2019-09-30,1.205,1.27,1.18,1.23,11230.0
2019-10-01,1.24,1.29,1.15,1.2,24150.0
2019-10-02,1.19,1.19,1.16,1.16,2570.0
2019-10-03,1.19,1.29,1.19,1.23,96730.0
2019-10-04,1.17,1.23,1.17,1.23,250.0
2019-10-07,1.18,1.245,1.155,1.245,2120.0
2019-10-08,1.235,1.25,1.165,1.25,7320.0
2019-10-09,1.25,1.27,1.23,1.23,2230.0
2019-10-10,1.26,1.26,1.23,1.23,1070.0
2019-10-11,1.25,1.27,1.23,1.27,2040.0
2019-10-14,1.27,1.27,1.2,1.2,2110.0
2019-10-15,1.23,1.23,1.165,1.2,19680.0
2019-10-17,1.265,1.265,1.14,1.14,47250.0
2019-10-18,1.14,1.19,1.14,1.14,14520.0
2019-10-21,1.17,1.17,1.08,1.14,31820.0
2019-10-22,1.145,1.17,1.145,1.17,3000.0
2019-10-23,1.16,1.16,1.16,1.16,850.0
2019-10-24,1.16,1.2,1.16,1.2,8890.0
2019-10-25,1.2,1.26,1.2,1.26,7110.0
2019-10-28,1.2,1.25,1.2,1.225,5400.0
2019-10-29,1.25,1.27,1.23,1.25,14210.0
2019-10-30,1.25,1.26,1.23,1.23,2670.0
2019-10-31,1.23,1.23,1.23,1.23,100.0
2019-11-04,1.22,1.22,1.22,1.22,760.0
2019-11-05,1.22,1.24,1.2,1.24,6760.0
2019-11-06,1.23,1.23,1.22,1.22,3990.0
2019-11-07,1.22,1.26,1.22,1.26,9100.0
2019-11-08,1.27,1.27,1.22,1.26,17580.0
2019-11-12,1.27,1.32,1.27,1.32,36300.0
2019-11-13,1.33,1.33,1.33,1.33,1100.0
2019-11-14,1.28,1.315,1.28,1.3,41570.0
2019-11-15,1.3,1.3,1.25,1.26,18700.0
2019-11-18,1.22,1.25,1.22,1.25,2610.0
2019-11-19,1.25,1.3,1.25,1.3,5900.0
2019-11-20,1.3,1.33,1.3,1.3,4600.0
2019-11-21,1.28,1.28,1.22,1.22,7280.0
2019-11-22,1.29,1.29,1.22,1.24,12800.0
2019-11-25,1.26,1.29,1.22,1.24,10360.0
2019-11-26,1.22,1.29,1.22,1.22,7470.0
2019-11-27,1.2,1.22,1.19,1.19,9860.0
2019-11-28,1.21,1.275,1.21,1.275,12000.0
2019-11-29,1.215,1.3,1.2,1.2,26020.0
2019-12-02,1.2,1.24,1.2,1.21,2500.0
2019-12-04,1.23,1.245,1.22,1.245,19040.0
2019-12-05,1.25,1.25,1.25,1.25,10.0
2019-12-06,1.25,1.25,1.205,1.205,1000.0
2019-12-09,1.25,1.25,1.21,1.25,870.0
2019-12-10,1.215,1.25,1.19,1.19,6410.0
2019-12-11,1.24,1.295,1.2,1.21,29500.0
2019-12-12,1.21,1.27,1.21,1.27,2430.0
2019-12-13,1.25,1.25,1.18,1.18,43910.0
2019-12-16,1.18,1.235,1.18,1.185,130.0
2019-12-17,1.19,1.22,1.18,1.22,13490.0
2019-12-18,1.19,1.195,1.19,1.19,2840.0
2019-12-19,1.19,1.22,1.18,1.21,11880.0
2019-12-20,1.2,1.23,1.18,1.18,3570.0
2019-12-23,1.175,1.215,1.175,1.185,4890.0
2019-12-27,1.21,1.21,1.21,1.21,260.0
2019-12-30,1.21,1.21,1.19,1.21,150.0
2020-01-02,1.21,1.28,1.21,1.28,8990.0
2020-01-03,1.26,1.275,1.24,1.275,2360.0
2020-01-07,1.245,1.245,1.245,1.245,10.0
2020-01-08,1.25,1.28,1.25,1.28,6320.0
2020-01-09,1.28,1.4,1.28,1.35,59010.0
2020-01-10,1.35,1.35,1.32,1.35,9000.0
2020-01-13,1.35,1.35,1.34,1.35,34200.0
2020-01-14,1.35,1.35,1.27,1.34,14740.0
2020-01-15,1.34,1.34,1.34,1.34,20.0
2020-01-16,1.335,1.335,1.335,1.335,230.0
2020-01-17,1.34,1.34,1.33,1.34,2100.0
2020-01-20,1.32,1.325,1.26,1.27,9960.0
2020-01-21,1.32,1.33,1.3,1.3,17840.0
2020-01-22,1.335,1.335,1.3,1.3,5020.0
2020-01-23,1.33,1.345,1.3,1.34,6110.0
2020-01-24,1.34,1.34,1.33,1.34,7140.0
2020-01-27,1.32,1.34,1.25,1.28,30530.0
2020-01-28,1.27,1.3,1.225,1.3,23930.0
2020-01-29,1.31,1.33,1.29,1.3,7530.0
2020-01-30,1.32,1.33,1.32,1.33,3100.0
2020-01-31,1.33,1.34,1.33,1.34,10800.0
2020-02-03,1.35,1.44,1.31,1.42,37620.0
2020-02-04,1.43,1.45,1.39,1.45,30130.0
2020-02-05,1.45,1.48,1.45,1.48,24430.0
2020-02-06,1.51,1.575,1.51,1.575,22880.0
2020-02-07,1.58,1.66,1.56,1.6,64769.99999999999
2020-02-10,1.66,1.85,1.64,1.84,128039.99999999999
2020-02-11,1.85,1.945,1.7,1.72,107600.0
2020-02-12,1.7,1.75,1.67,1.75,29040.0
2020-02-13,1.75,1.75,1.7,1.73,18900.0
2020-02-14,1.74,1.75,1.64,1.75,35780.0
2020-02-17,1.75,1.86,1.75,1.76,10900.0
2020-02-18,1.765,1.8,1.76,1.78,23660.0
2020-02-19,1.8,1.8,1.8,1.8,2740.0
2020-02-20,1.8,1.8,1.75,1.75,3230.0
2020-02-21,1.72,1.78,1.68,1.71,20300.0
2020-02-24,1.71,1.75,1.62,1.75,5830.0
2020-02-25,1.61,1.735,1.6,1.69,6910.0
2020-02-26,1.68,1.68,1.535,1.575,28750.0
2020-02-27,1.54,1.54,1.4,1.46,47790.0
2020-02-28,1.38,1.43,1.28,1.34,34470.0
2020-03-02,1.4,1.4,1.35,1.39,25830.0
2020-03-03,1.39,1.4,1.29,1.32,46460.0
2020-03-04,1.29,1.39,1.29,1.34,27350.0
2020-03-05,1.38,1.38,1.37,1.37,6530.0
2020-03-06,1.37,1.37,1.29,1.35,4010.0
2020-03-09,1.37,1.37,1.15,1.24,10420.0
2020-03-10,1.2,1.315,1.2,1.2,35110.0
2020-03-11,1.21,1.24,1.02,1.02,70100.0
2020-03-12,1.0,1.1,0.9,0.98,104900.0
2020-03-13,0.98,1.09,0.98,1.055,16490.0
2020-03-16,1.09,1.12,0.904,1.12,16750.0
2020-03-17,1.14,1.21,1.055,1.15,29990.0
2020-03-18,1.18,1.245,1.065,1.09,21020.0
2020-03-19,1.08,1.16,1.04,1.05,12150.0
2020-03-20,1.1,1.14,1.05,1.07,29210.0
2020-03-23,1.05,1.05,1.0,1.0,19090.0
2020-03-24,1.045,1.045,1.0,1.025,21100.0
2020-03-25,1.03,1.03,0.97,0.97,13730.0
2020-03-26,0.94,1.03,0.94,1.03,7850.0
2020-03-27,1.04,1.04,1.0,1.03,6130.0
2020-03-30,1.02,1.02,0.96,1.02,9040.0
2020-03-31,1.02,1.06,0.966,1.02,46770.0
2020-04-01,1.025,1.03,0.95,1.01,14120.0
2020-04-02,1.025,1.2,1.0,1.195,164770.0
2020-04-03,1.37,1.505,1.33,1.4,342770.0
2020-04-06,1.5,1.68,1.36,1.51,336710.0
2020-04-07,1.53,1.53,1.27,1.3,137420.0
2020-04-08,1.28,1.36,1.235,1.25,45490.0
2020-04-09,1.25,1.325,1.19,1.21,57080.0
2020-04-14,1.22,1.3,1.22,1.25,19130.0
2020-04-15,1.25,1.34,1.25,1.3,58820.0
2020-04-16,1.335,1.34,1.295,1.3,28590.0
2020-04-17,1.35,1.35,1.215,1.28,79520.0
2020-04-20,1.28,1.33,1.2,1.325,58510.0
2020-04-21,1.32,1.32,1.22,1.27,37490.0
2020-04-22,1.275,1.275,1.2,1.27,9800.0
2020-04-23,1.25,1.33,1.25,1.3,10060.0
2020-04-24,1.3,1.33,1.28,1.28,5500.0
2020-04-27,1.25,1.275,1.19,1.25,71240.0
2020-04-28,1.255,1.255,1.19,1.21,25060.0
2020-04-29,1.21,1.22,1.19,1.22,13010.0
2020-04-30,1.215,1.24,1.18,1.18,39700.0
2020-05-04,1.23,1.23,1.14,1.17,13960.0
2020-05-05,1.14,1.24,1.14,1.24,24140.0
2020-05-06,1.24,1.28,1.2,1.21,15910.0
2020-05-07,1.265,1.265,1.2,1.255,16900.0
2020-05-08,1.23,1.36,1.23,1.34,91660.0
2020-05-11,1.36,1.41,1.24,1.3,61530.0
2020-05-12,1.34,1.34,1.24,1.31,33480.0
2020-05-13,1.31,1.38,1.29,1.31,24670.0
2020-05-14,1.28,1.32,1.23,1.31,30260.0
2020-05-15,1.3,1.3,1.21,1.23,35300.0
2020-05-18,1.21,1.21,1.2,1.2,73650.0
2020-05-19,1.2,1.24,1.18,1.19,22640.0
2020-05-20,1.2,1.2,1.185,1.185,11790.0
2020-05-21,1.2,1.25,1.185,1.25,12280.0
2020-05-22,1.25,1.25,1.19,1.22,15740.0
2020-05-25,1.21,1.225,1.165,1.22,46320.0
2020-05-26,1.22,1.285,1.2,1.23,45310.0
2020-05-27,1.23,1.23,1.18,1.22,31130.0
2020-05-28,1.21,1.245,1.19,1.215,31190.0
2020-05-29,1.21,1.245,1.2,1.24,137790.0
2020-06-01,1.24,1.285,1.2,1.26,30030.0
2020-06-02,1.26,1.26,1.185,1.24,24850.0
2020-06-03,1.225,1.28,1.185,1.27,254400.0
2020-06-04,1.265,1.265,1.22,1.255,20690.0
2020-06-05,1.26,1.34,1.26,1.26,105390.0
2020-06-08,1.27,1.33,1.24,1.24,38290.0
2020-06-09,1.27,1.32,1.23,1.28,66230.0
2020-06-10,1.31,1.31,1.24,1.25,39140.0
2020-06-12,1.23,1.275,1.18,1.25,33160.0
2020-06-15,1.27,1.27,1.22,1.22,13690.0
2020-06-16,1.21,1.22,1.18,1.2,38700.0
2020-06-17,1.22,1.23,1.195,1.22,32250.0
2020-06-18,1.2,1.26,1.2,1.24,71360.0
2020-06-19,1.245,1.25,1.2,1.22,39790.0
2020-06-22,1.2,1.275,1.18,1.225,125520.0
2020-06-23,1.245,1.31,1.24,1.28,190210.0
2020-06-24,1.29,1.29,1.23,1.26,72830.0
2020-06-25,1.235,1.26,1.205,1.26,60420.0
2020-06-26,1.26,1.26,1.225,1.23,39900.0
2020-06-29,1.245,1.245,1.21,1.21,10720.0
2020-06-30,1.22,1.23,1.22,1.23,7860.0
2020-07-01,1.23,1.23,1.205,1.21,5000.0
2020-07-02,1.22,1.245,1.2,1.2,25880.0
2020-07-03,1.2,1.24,1.2,1.24,22420.0
2020-07-06,1.2,1.22,1.19,1.22,15360.0
2020-07-07,1.22,1.265,1.2,1.21,54240.0
2020-07-08,1.245,1.245,1.2,1.22,36600.0
2020-07-09,1.22,1.32,1.22,1.23,176210.0
2020-07-10,1.23,1.27,1.225,1.27,25520.0
2020-07-13,1.24,1.285,1.235,1.26,20720.0
2020-07-14,1.27,1.27,1.2,1.22,51960.0
2020-07-15,1.21,1.23,1.2,1.2,18110.0
2020-07-16,1.2,1.21,1.19,1.21,15290.0
2020-07-17,1.195,1.215,1.195,1.215,7150.0
2020-07-20,1.22,1.265,1.21,1.23,76410.0
2020-07-21,1.22,1.23,1.2,1.23,57010.0
2020-07-22,1.21,1.24,1.205,1.225,37430.0
2020-07-23,1.24,1.26,1.2,1.23,82140.0
2020-07-24,1.23,1.23,1.2,1.23,19090.0
2020-07-27,1.23,1.24,1.21,1.24,44930.0
2020-07-28,1.25,1.51,1.25,1.51,624840.0
2020-07-29,1.61,1.67,1.37,1.415,1180000.0
2020-07-30,1.425,1.48,1.2,1.2,427910.0
2020-07-31,1.235,1.28,1.2,1.25,108200.0
2020-08-03,1.245,1.31,1.24,1.295,88880.0
2020-08-04,1.31,1.31,1.23,1.26,60880.0
2020-08-05,1.26,1.38,1.26,1.34,125530.0
2020-08-06,1.345,1.37,1.28,1.33,44430.0
2020-08-07,1.34,1.34,1.27,1.3,26980.0
2020-08-10,1.3,1.445,1.3,1.395,166820.0
2020-08-11,1.45,1.47,1.31,1.33,47670.0
2020-08-12,1.31,1.38,1.27,1.325,40970.0
2020-08-13,1.33,1.35,1.26,1.32,47240.0
2020-08-14,1.31,1.36,1.305,1.33,61580.0
2020-08-17,1.345,1.39,1.315,1.32,73250.0
2020-08-18,1.36,1.36,1.3,1.31,13600.0
2020-08-19,1.31,1.33,1.23,1.27,29460.0
2020-08-20,1.245,1.28,1.22,1.28,41610.0
2020-08-21,1.295,1.295,1.245,1.29,6630.0
2020-08-24,1.3,1.31,1.27,1.31,11440.0
2020-08-25,1.3,1.41,1.26,1.29,47090.0
2020-08-26,1.29,1.29,1.25,1.28,7270.0
2020-08-27,1.29,1.33,1.29,1.33,5010.0
2020-08-28,1.33,1.33,1.22,1.255,14090.0
2020-08-31,1.26,1.3,1.165,1.22,83780.0
2020-09-01,1.215,1.215,1.095,1.18,422190.0
2020-09-02,1.18,1.19,1.17,1.185,41810.0
2020-09-03,1.17,1.195,1.17,1.18,13930.0
2020-09-04,1.16,1.2,1.16,1.2,40600.0
2020-09-07,1.2,1.2,1.16,1.17,40710.0
2020-09-08,1.195,1.2,1.08,1.095,48510.0
2020-09-09,1.095,1.15,1.095,1.14,26460.0
2020-09-10,1.14,1.15,1.11,1.145,13230.0
2020-09-11,1.14,1.15,1.14,1.15,8170.0
2020-09-14,1.15,1.185,1.15,1.185,7450.0
2020-09-15,1.18,1.185,1.16,1.185,1940.0
2020-09-16,1.185,1.185,1.14,1.15,31970.0
2020-09-17,1.15,1.16,1.12,1.16,21370.0
2020-09-18,1.1,1.15,1.1,1.15,24500.0
2020-09-21,1.155,1.155,1.15,1.15,4490.0
2020-09-22,1.15,1.15,1.1,1.13,48100.0
2020-09-23,1.13,1.135,1.09,1.1,21940.0
2020-09-24,1.1,1.11,1.07,1.1,7820.0
2020-09-25,1.1,1.1,1.05,1.08,89770.0
2020-09-28,1.08,1.085,1.04,1.085,108500.0
2020-09-29,1.085,1.12,1.06,1.12,29100.0
2020-09-30,1.12,1.12,1.06,1.1,28850.0
2020-10-01,1.2,1.21,1.12,1.17,66840.0
2020-10-02,1.17,1.17,1.11,1.15,33580.0
2020-10-05,1.16,1.17,1.15,1.17,7190.0
2020-10-06,1.2,1.2,1.2,1.2,1100.0
2020-10-07,1.2,1.2,1.14,1.16,12230.0
2020-10-08,1.16,1.18,1.125,1.125,39750.0
2020-10-09,1.125,1.145,1.125,1.145,15070.0
2020-10-12,1.145,1.2,1.13,1.19,75500.0
2020-10-13,1.14,1.19,1.14,1.185,42750.0
2020-10-14,1.185,1.23,1.145,1.23,114710.0
2020-10-15,1.205,1.205,1.085,1.13,79150.0
2020-10-16,1.09,1.17,1.085,1.155,22730.0
2020-10-19,1.17,1.17,1.155,1.17,3100.0
2020-10-20,1.14,1.14,1.11,1.135,20820.0
2020-10-21,1.12,1.13,1.11,1.13,6180.0
2020-10-22,1.155,1.155,1.11,1.13,6310.0
2020-10-23,1.12,1.125,1.1,1.125,6060.0
2020-10-26,1.13,1.13,1.09,1.12,1330.0
2020-10-27,1.115,1.115,1.115,1.115,100.0
2020-10-28,1.09,1.09,1.03,1.08,25850.0
2020-10-29,1.04,1.095,1.025,1.07,18620.0
2020-10-30,1.095,1.095,1.04,1.07,4130.0
2020-11-02,1.07,1.07,1.01,1.05,25880.0
2020-11-03,1.02,1.05,1.02,1.05,770.0
2020-11-04,1.07,1.07,1.02,1.065,16790.0
2020-11-05,1.025,1.065,1.025,1.06,4630.0
2020-11-06,1.05,1.09,1.025,1.09,12840.0
2020-11-09,1.07,1.11,1.05,1.1,29900.0
2020-11-10,1.1,1.12,1.05,1.12,7410.0
2020-11-12,1.11,1.14,1.11,1.14,12000.0
2020-11-13,1.15,1.15,1.09,1.09,25140.0
2020-11-16,1.14,1.15,1.105,1.15,75610.0
2020-11-17,1.12,1.135,1.12,1.135,5890.0
2020-11-18,1.135,1.155,1.11,1.155,8010.0
2020-11-19,1.135,1.15,1.115,1.15,8300.0
2020-11-20,1.155,1.2,1.155,1.195,109830.0
2020-11-23,1.2,1.21,1.14,1.18,41640.0
2020-11-24,1.16,1.19,1.16,1.18,19770.0
2020-11-25,1.19,1.23,1.16,1.17,20380.0
2020-11-26,1.16,1.19,1.16,1.19,10520.0
2020-11-27,1.21,1.21,1.15,1.18,22510.0
2020-11-30,1.18,1.18,1.15,1.18,31300.0
2020-12-01,1.15,1.18,1.15,1.18,16830.0
2020-12-02,1.15,1.18,1.15,1.18,20070.0
2020-12-03,1.18,1.18,1.15,1.18,24380.0
2020-12-04,1.17,1.18,1.14,1.18,40390.0
2020-12-07,1.16,1.17,1.145,1.17,9850.0
2020-12-08,1.175,1.175,1.14,1.14,17780.0
2020-12-09,1.13,1.15,1.13,1.145,99370.0
2020-12-10,1.13,1.16,1.115,1.16,41090.0
2020-12-11,1.14,1.14,1.12,1.13,35650.0
2020-12-14,1.15,1.15,1.135,1.15,13400.0
2020-12-15,1.115,1.145,1.115,1.145,9330.0
2020-12-16,1.145,1.145,1.12,1.14,30190.0
2020-12-17,1.12,1.16,1.12,1.14,58380.0
2020-12-18,1.165,1.165,1.12,1.16,13670.0
2020-12-21,1.14,1.16,1.12,1.15,41380.0
2020-12-22,1.12,1.155,1.11,1.145,121590.0
2020-12-23,1.145,1.16,1.1,1.14,151010.0
2020-12-28,1.13,1.13,1.11,1.12,44320.0
2020-12-29,1.125,1.125,1.11,1.125,23430.0
2020-12-30,1.125,1.14,1.115,1.14,20490.0
2021-01-04,1.14,1.19,1.14,1.19,37330.0
2021-01-05,1.17,1.2,1.17,1.19,58220.0
2021-01-07,1.2,1.25,1.16,1.25,210090.0
2021-01-08,1.3,1.32,1.3,1.315,141110.0
2021-01-11,1.3,1.31,1.26,1.27,40730.0
2021-01-12,1.275,1.32,1.27,1.31,55420.0
2021-01-13,1.285,1.48,1.285,1.38,157880.0
2021-01-14,1.38,1.43,1.38,1.38,30900.0
2021-01-15,1.4,1.5,1.38,1.475,179130.0
2021-01-18,1.52,1.52,1.4,1.45,111920.0
2021-01-19,1.5,1.55,1.35,1.53,242790.0
2021-01-20,1.52,1.52,1.46,1.49,58080.0
2021-01-21,1.46,1.5,1.4,1.43,62170.0
2021-01-22,1.43,1.47,1.41,1.46,42050.0
2021-01-25,1.42,1.42,1.32,1.38,56240.0
2021-01-26,1.38,1.465,1.37,1.46,99210.0
2021-01-27,1.44,1.44,1.365,1.39,118080.0
2021-01-28,1.37,1.42,1.32,1.42,22180.0
2021-01-29,1.42,1.42,1.315,1.4,88400.0
2021-02-01,1.415,1.415,1.345,1.35,23630.0
2021-02-02,1.37,1.38,1.34,1.35,53110.0
2021-02-03,1.38,1.38,1.33,1.35,19720.0
2021-02-04,1.36,1.375,1.315,1.355,38720.0
2021-02-05,1.355,1.375,1.33,1.375,31060.0
2021-02-08,1.365,1.38,1.35,1.38,39080.0
2021-02-09,1.38,1.44,1.37,1.39,46740.0
2021-02-10,1.4,1.4,1.37,1.37,33480.0
2021-02-11,1.39,1.39,1.35,1.37,42500.0
2021-02-12,1.37,1.375,1.33,1.375,9700.0
2021-02-15,1.375,1.39,1.325,1.36,56490.0
2021-02-16,1.36,1.38,1.36,1.38,16430.0
2021-02-17,1.38,1.395,1.325,1.39,37920.0
2021-02-18,1.39,1.395,1.36,1.395,32460.0
2021-02-19,1.41,1.515,1.37,1.49,138070.0
2021-02-22,1.49,1.49,1.42,1.44,42280.0
2021-02-23,1.42,1.44,1.36,1.39,31750.0
2021-02-24,1.39,1.42,1.36,1.42,4380.0
2021-02-25,1.37,1.46,1.365,1.45,31360.0
2021-02-26,1.38,1.4,1.36,1.39,41500.0
2021-03-01,1.365,1.4,1.365,1.395,11660.0
2021-03-02,1.43,1.43,1.37,1.405,5670.0
2021-03-03,1.405,1.405,1.37,1.395,9430.0
2021-03-04,1.395,1.395,1.345,1.375,21110.0
2021-03-05,1.37,1.375,1.33,1.355,11550.0
2021-03-08,1.355,1.355,1.305,1.335,21410.0
2021-03-09,1.335,1.35,1.32,1.345,12590.0
2021-03-10,1.345,1.375,1.33,1.375,22430.0
2021-03-11,1.4,1.4,1.355,1.385,71280.0
2021-03-12,1.35,1.385,1.35,1.38,23060.0
2021-03-15,1.385,1.385,1.325,1.325,36720.0
2021-03-16,1.38,1.44,1.35,1.39,76210.0
2021-03-17,1.4,1.405,1.37,1.4,31700.0
2021-03-18,1.37,1.4,1.37,1.4,10110.0
2021-03-19,1.38,1.425,1.38,1.42,32990.0
2021-03-22,1.43,1.47,1.42,1.46,69250.0
2021-03-23,1.46,1.46,1.42,1.46,8450.0
2021-03-24,1.465,1.465,1.4,1.42,49870.0
2021-03-25,1.45,1.45,1.355,1.355,30790.0
2021-03-26,1.4,1.415,1.38,1.415,11970.0
2021-03-29,1.415,1.415,1.4,1.4,5100.0
2021-03-30,1.415,1.43,1.4,1.43,11900.0
2021-03-31,1.4,1.43,1.38,1.42,6850.0
2021-04-01,1.43,1.43,1.375,1.4,10110.0
2021-04-06,1.375,1.42,1.37,1.42,14080.0
2021-04-07,1.43,1.43,1.4,1.425,4600.0
2021-04-08,1.425,1.43,1.4,1.43,11130.0
2021-04-09,1.4,1.425,1.4,1.425,15130.0
2021-04-12,1.425,1.425,1.38,1.4,9950.0
2021-04-13,1.39,1.4,1.355,1.39,16740.0
2021-04-14,1.4,1.4,1.36,1.4,3810.0
2021-04-15,1.39,1.4,1.39,1.4,35300.0
2021-04-16,1.385,1.385,1.37,1.38,32220.0
2021-04-19,1.38,1.395,1.365,1.38,6510.0
2021-04-20,1.395,1.4,1.36,1.385,18500.0
2021-04-21,1.385,1.385,1.33,1.365,22820.0
2021-04-22,1.36,1.38,1.35,1.38,6420.0
2021-04-23,1.335,1.37,1.335,1.37,13290.0
2021-04-26,1.35,1.365,1.325,1.365,13300.0
2021-04-27,1.365,1.365,1.33,1.34,1020.0
2021-04-28,1.34,1.37,1.33,1.37,15610.0
2021-04-29,1.365,1.365,1.28,1.3,34900.0
2021-04-30,1.335,1.335,1.28,1.29,8820.0
2021-05-04,1.3,1.32,1.28,1.3,15720.0
2021-05-05,1.33,1.33,1.275,1.31,12900.0
2021-05-06,1.31,1.31,1.27,1.29,10920.0
2021-05-07,1.29,1.29,1.23,1.28,48130.0
2021-05-10,1.285,1.285,1.23,1.275,13600.0
2021-05-11,1.24,1.27,1.14,1.24,109010.0
2021-05-12,1.19,1.24,1.19,1.24,20250.0
2021-05-13,1.24,1.24,1.21,1.235,5580.0
2021-05-14,1.21,1.23,1.19,1.23,14010.0
2021-05-17,1.23,1.23,1.2,1.225,5420.0
2021-05-18,1.2,1.33,1.2,1.295,113420.0
2021-05-19,1.295,1.325,1.28,1.315,22190.0
2021-05-20,1.315,1.32,1.28,1.32,3690.0
2021-05-21,1.32,1.32,1.245,1.295,10070.0
2021-05-24,1.295,1.295,1.24,1.27,15400.0
2021-05-25,1.28,1.28,1.225,1.265,13470.0
2021-05-26,1.265,1.28,1.24,1.28,11660.0
2021-05-27,1.25,1.265,1.23,1.265,35280.0
2021-05-28,1.265,1.27,1.235,1.265,21480.0
2021-05-31,1.28,1.29,1.265,1.29,9900.0
2021-06-01,1.29,1.3,1.265,1.3,20140.0
2021-06-02,1.3,1.3,1.265,1.295,13540.0
2021-06-04,1.285,1.295,1.26,1.295,32630.000000000004
2021-06-07,1.295,1.33,1.285,1.33,13050.0
2021-06-08,1.33,1.33,1.31,1.33,25850.0
2021-06-09,1.33,1.35,1.31,1.345,32270.000000000004
2021-06-10,1.355,1.38,1.3,1.35,46320.0
2021-06-11,1.32,1.375,1.29,1.36,19730.0
2021-06-14,1.37,1.375,1.3,1.355,19480.0
2021-06-15,1.355,1.37,1.33,1.365,20270.0
2021-06-16,1.36,1.4,1.35,1.35,54650.0
2021-06-17,1.39,1.39,1.36,1.36,27000.0
2021-06-18,1.38,1.395,1.38,1.395,18060.0
2021-06-21,1.4,1.41,1.38,1.4,63630.0
2021-06-22,1.41,1.41,1.39,1.4,48110.0
2021-06-23,1.4,1.4,1.38,1.4,10900.0
2021-06-24,1.37,1.415,1.37,1.415,16790.0
2021-06-25,1.39,1.415,1.39,1.415,10050.0
2021-06-28,1.38,1.41,1.36,1.38,17130.0
2021-06-29,1.36,1.4,1.33,1.37,23290.0
2021-06-30,1.36,1.385,1.36,1.385,11780.0
2021-07-01,1.39,1.395,1.39,1.395,2800.0
2021-07-02,1.335,1.38,1.335,1.38,4380.0
2021-07-05,1.4,1.4,1.4,1.4,5000.0
2021-07-06,1.395,1.41,1.39,1.4,15250.0
2021-07-07,1.4,1.435,1.39,1.425,24490.0
2021-07-08,1.425,1.43,1.4,1.425,33020.0
2021-07-09,1.43,1.505,1.43,1.47,57670.0
2021-07-12,1.48,1.5,1.47,1.5,27300.0
2021-07-13,1.51,1.51,1.49,1.51,41070.0
2021-07-14,1.5,1.5,1.48,1.48,15780.0
2021-07-15,1.485,1.485,1.47,1.48,730.0
2021-07-16,1.485,1.485,1.45,1.46,7480.0
2021-07-19,1.48,1.48,1.41,1.41,4610.0
2021-07-20,1.41,1.415,1.32,1.38,55430.0
2021-07-21,1.38,1.455,1.38,1.41,11580.0
2021-07-22,1.455,1.455,1.32,1.39,27160.0
2021-07-23,1.375,1.395,1.375,1.395,4059.9999999999995
2021-07-26,1.39,1.39,1.34,1.38,26520.0
2021-07-27,1.36,1.425,1.34,1.425,15010.0
2021-07-28,1.425,1.425,1.34,1.395,21600.0
2021-07-29,1.37,1.415,1.37,1.405,32830.0
2021-07-30,1.41,1.42,1.405,1.41,15900.0
2021-08-02,1.4,1.4,1.38,1.38,4670.0
2021-08-03,1.4,1.405,1.37,1.395,3860.0
2021-08-04,1.395,1.405,1.38,1.4,2830.0
2021-08-05,1.38,1.39,1.345,1.39,13230.0
2021-08-06,1.38,1.4,1.375,1.395,6910.0
2021-08-09,1.375,1.395,1.375,1.39,6010.0
2021-08-10,1.39,1.39,1.375,1.39,2200.0
2021-08-11,1.355,1.39,1.355,1.385,3920.0
2021-08-12,1.36,1.39,1.36,1.39,11600.0
2021-08-13,1.39,1.45,1.39,1.45,23800.0
2021-08-16,1.445,1.51,1.445,1.49,73710.0
2021-08-17,1.49,1.5,1.435,1.49,9700.0
2021-08-18,1.49,1.49,1.465,1.47,1100.0
2021-08-19,1.45,1.48,1.435,1.46,5700.0
2021-08-20,1.42,1.44,1.42,1.44,3050.0
2021-08-23,1.44,1.5,1.44,1.495,20570.0
2021-08-24,1.46,1.495,1.46,1.495,1250.0
2021-08-25,1.495,1.5,1.48,1.5,6730.0
2021-08-26,1.495,1.5,1.45,1.495,23950.0
2021-08-27,1.495,1.5,1.49,1.5,10650.0
2021-08-30,1.5,1.505,1.47,1.5,8160.0
2021-08-31,1.51,1.51,1.485,1.5,17510.0
2021-09-01,1.41,1.48,1.41,1.465,26810.0
2021-09-02,1.405,1.44,1.405,1.44,15170.0
2021-09-03,1.435,1.465,1.435,1.465,13980.0
2021-09-06,1.48,1.48,1.42,1.46,15790.0
2021-09-07,1.465,1.465,1.41,1.45,9210.0
2021-09-08,1.405,1.44,1.405,1.44,2470.0
2021-09-09,1.44,1.51,1.4,1.48,46650.0
2021-09-10,1.48,1.485,1.44,1.44,54230.0
2021-09-13,1.41,1.49,1.41,1.485,16010.000000000002
2021-09-14,1.485,1.485,1.45,1.45,11500.0
2021-09-15,1.44,1.48,1.44,1.48,1790.0
2021-09-16,1.48,1.505,1.48,1.5,22710.0
2021-09-17,1.5,1.51,1.47,1.51,22700.0
2021-09-20,1.51,1.51,1.435,1.475,20040.0
2021-09-21,1.48,1.74,1.48,1.625,165870.0
2021-09-22,1.7,1.7,1.62,1.7,84850.0
2021-09-23,1.71,1.73,1.67,1.72,28430.0
2021-09-24,1.735,1.74,1.68,1.725,12050.0
2021-09-27,1.725,1.87,1.725,1.85,74760.0
2021-09-28,1.85,1.85,1.77,1.8,35030.0
2021-09-29,1.82,1.84,1.79,1.835,21330.0
2021-09-30,1.835,1.91,1.805,1.82,101040.0
2021-10-01,1.86,1.86,1.81,1.855,11160.0
2021-10-04,1.86,1.86,1.675,1.84,37140.0
2021-10-05,1.84,1.91,1.84,1.885,29130.0
2021-10-06,1.88,1.88,1.8,1.83,10450.0
2021-10-07,1.81,1.825,1.75,1.8,44810.0
2021-10-08,1.8,1.8,1.75,1.795,10900.0
2021-10-11,1.79,1.79,1.76,1.79,5960.0
2021-10-12,1.79,1.795,1.76,1.795,11030.0
2021-10-13,1.765,1.79,1.765,1.79,4830.0
2021-10-14,1.79,1.81,1.77,1.81,3130.0
2021-10-15,1.78,1.815,1.78,1.81,4800.0
2021-10-18,1.81,1.82,1.77,1.8,21950.0
2021-10-19,1.825,1.825,1.79,1.8,7210.0
2021-10-20,1.805,1.82,1.805,1.82,1800.0
2021-10-21,1.815,1.82,1.78,1.78,13250.0
2021-10-22,1.68,1.795,1.68,1.77,14010.0
2021-10-25,1.74,1.75,1.66,1.69,25040.0
2021-10-26,1.69,1.69,1.605,1.61,28540.0
2021-10-27,1.6,1.6,1.56,1.595,6080.0
2021-10-28,1.595,1.645,1.595,1.64,7580.0
2021-10-29,1.615,1.63,1.615,1.63,11510.0
2021-11-02,1.63,1.73,1.595,1.73,11240.0
2021-11-03,1.73,1.73,1.68,1.715,6010.0
2021-11-04,1.71,1.72,1.64,1.72,13230.0
2021-11-05,1.715,1.72,1.67,1.72,4170.0
2021-11-08,1.72,1.72,1.65,1.7,2840.0
2021-11-09,1.72,1.8,1.7,1.8,50030.0
2021-11-10,1.8,1.8,1.73,1.78,35900.0
2021-11-12,1.78,1.8,1.78,1.8,62420.0
2021-11-15,1.76,1.78,1.73,1.77,25450.0
2021-11-16,1.73,1.785,1.71,1.785,3990.0
2021-11-17,1.715,1.78,1.705,1.765,8600.0
2021-11-18,1.765,1.765,1.765,1.765,100.0
2021-11-19,1.765,1.765,1.59,1.61,111460.0
2021-11-22,1.6,1.65,1.585,1.65,17210.0
2021-11-23,1.7,1.7,1.585,1.65,6730.0
2021-11-24,1.585,1.62,1.53,1.62,23200.0
2021-11-25,1.62,1.62,1.55,1.57,18070.0
2021-11-26,1.53,1.55,1.4,1.44,50080.0
2021-11-29,1.44,1.47,1.32,1.47,36810.0
2021-11-30,1.4,1.44,1.34,1.42,26880.0
2021-12-01,1.35,1.4,1.35,1.4,4450.0
2021-12-02,1.38,1.41,1.37,1.41,6670.0
2021-12-03,1.41,1.41,1.365,1.4,13860.0
2021-12-06,1.4,1.41,1.36,1.41,40.0
2021-12-07,1.41,1.41,1.35,1.38,12290.0
2021-12-08,1.38,1.41,1.38,1.41,7450.0
2021-12-09,1.41,1.41,1.38,1.41,2040.0
2021-12-10,1.41,1.45,1.4,1.42,11780.0
2021-12-13,1.42,1.43,1.385,1.4,3670.0
2021-12-14,1.4,1.41,1.38,1.395,12720.0
2021-12-15,1.415,1.415,1.31,1.34,32350.0
2021-12-16,1.385,1.385,1.315,1.38,16620.0
2021-12-17,1.385,1.385,1.35,1.375,2400.0
2021-12-20,1.385,1.385,1.36,1.36,9640.0
2021-12-21,1.38,1.38,1.33,1.36,16050.0
2021-12-22,1.33,1.35,1.325,1.35,10310.0
2021-12-23,1.325,1.33,1.3,1.32,37980.0
2021-12-27,1.3,1.35,1.275,1.31,254810.0
2021-12-28,1.275,1.415,1.275,1.415,53750.0
2021-12-29,1.46,1.46,1.39,1.43,17850.0
2021-12-30,1.4,1.4,1.34,1.34,13650.0
2022-01-03,1.43,1.43,1.32,1.37,15210.0
2022-01-04,1.375,1.375,1.33,1.37,2050.0
2022-01-05,1.365,1.41,1.36,1.41,10350.0
2022-01-07,1.41,1.47,1.405,1.43,28990.0
2022-01-10,1.45,1.495,1.445,1.49,206430.0
2022-01-11,1.49,1.53,1.49,1.52,81240.0
2022-01-12,1.5,1.5,1.44,1.47,18950.0
2022-01-13,1.46,1.5,1.45,1.5,10710.0
2022-01-14,1.45,1.5,1.45,1.5,3870.0
2022-01-17,1.495,1.5,1.465,1.5,14300.0
2022-01-18,1.46,1.5,1.46,1.48,18160.0
2022-01-19,1.51,1.52,1.5,1.5,22120.0
2022-01-20,1.51,1.53,1.51,1.53,6050.0
2022-01-21,1.51,1.52,1.49,1.52,57830.0
2022-01-24,1.5,1.5,1.4,1.47,36410.0
2022-01-25,1.53,1.53,1.47,1.5,8500.0
2022-01-26,1.5,1.5,1.5,1.5,370.0
2022-01-27,1.47,1.49,1.47,1.49,580.0
2022-01-28,1.45,1.45,1.36,1.43,24820.0
2022-01-31,1.5,1.5,1.5,1.5,10.0
2022-02-01,1.49,1.49,1.465,1.48,7340.0
2022-02-02,1.49,1.49,1.46,1.47,3570.0
2022-02-03,1.49,1.49,1.47,1.49,10300.0
2022-02-04,1.49,1.49,1.4,1.485,15350.0
2022-02-07,1.49,1.49,1.42,1.49,3360.0
2022-02-08,1.42,1.47,1.405,1.47,3490.0
2022-02-09,1.42,1.47,1.42,1.47,2460.0
2022-02-10,1.49,1.49,1.47,1.49,2520.0
2022-02-11,1.49,1.52,1.49,1.52,6000.0
2022-02-14,1.51,1.51,1.51,1.51,10.0
2022-02-15,1.51,1.51,1.51,1.51,20.0
2022-02-16,1.44,1.5,1.44,1.47,8060.000000000001
2022-02-17,1.4,1.46,1.4,1.46,3760.0
2022-02-18,1.45,1.45,1.39,1.42,10550.0
2022-02-21,1.4,1.4,1.35,1.38,15160.0
2022-02-22,1.325,1.39,1.325,1.38,9180.0
2022-02-23,1.4,1.4,1.345,1.35,5010.0
2022-02-24,1.3,1.3,1.09,1.15,70910.0
2022-02-25,1.15,1.23,1.125,1.225,43570.0
2022-02-28,1.22,1.22,1.165,1.21,8720.0
2022-03-01,1.17,1.21,1.14,1.2,18830.0
2022-03-02,1.145,1.2,1.1,1.18,51610.0
2022-03-03,1.19,1.19,1.095,1.17,42270.0
2022-03-04,1.17,1.17,1.12,1.16,10550.0
2022-03-07,1.17,1.17,1.08,1.15,36090.0
2022-03-08,1.155,1.16,1.1,1.15,17270.0
2022-03-09,1.17,1.17,1.1,1.1,10360.0
2022-03-10,1.14,1.19,1.14,1.19,10820.0
2022-03-11,1.185,1.24,1.15,1.24,27980.0
2022-03-14,1.24,1.24,1.16,1.21,4010.0
2022-03-15,1.22,1.22,1.16,1.21,3800.0
2022-03-16,1.2,1.245,1.18,1.24,29190.0
2022-03-17,1.24,1.24,1.2,1.22,7910.0
2022-03-18,1.2,1.23,1.2,1.23,3010.0
2022-03-21,1.23,1.24,1.22,1.24,6850.0
2022-03-22,1.24,1.26,1.24,1.26,5760.0
2022-03-23,1.26,1.27,1.205,1.27,11230.0
2022-03-24,1.25,1.26,1.21,1.25,6680.0
2022-03-25,1.25,1.25,1.25,1.25,100.0
2022-03-28,1.25,1.25,1.205,1.25,3810.0
2022-03-29,1.25,1.25,1.205,1.205,9220.0
2022-03-30,1.215,1.25,1.21,1.24,19050.0
2022-03-31,1.24,1.3,1.215,1.3,2890.0
2022-04-01,1.275,1.275,1.24,1.275,1220.0
2022-04-04,1.3,1.3,1.3,1.3,10.0
2022-04-05,1.25,1.29,1.25,1.29,160.0
2022-04-06,1.29,1.29,1.25,1.285,2680.0
2022-04-07,1.28,1.28,1.245,1.265,2110.0
2022-04-08,1.25,1.27,1.25,1.27,2500.0
2022-04-11,1.27,1.33,1.215,1.33,39840.0
2022-04-12,1.3,1.3,1.26,1.3,6060.0
2022-04-13,1.33,1.38,1.32,1.32,22060.0
2022-04-14,1.32,1.32,1.28,1.32,1650.0
2022-04-19,1.3,1.32,1.28,1.32,2360.0
2022-04-20,1.27,1.38,1.27,1.34,28930.0
2022-04-21,1.34,1.34,1.335,1.34,1250.0
2022-04-22,1.34,1.38,1.34,1.36,14000.0
2022-04-25,1.33,1.33,1.29,1.31,15600.0
2022-04-26,1.28,1.37,1.23,1.33,25650.0
2022-04-27,1.37,1.37,1.25,1.28,8160.0
2022-04-28,1.27,1.32,1.255,1.29,3470.0
2022-04-29,1.255,1.28,1.25,1.28,3620.0
2022-05-02,1.315,1.315,1.225,1.28,5300.0
2022-05-04,1.315,1.315,1.24,1.265,8090.0
2022-05-05,1.265,1.265,1.23,1.26,10510.0
2022-05-06,1.26,1.26,1.21,1.26,16510.0
2022-05-09,1.135,1.2,1.135,1.15,38520.0
2022-05-10,1.15,1.19,1.12,1.19,19110.0
2022-05-11,1.19,1.19,1.19,1.19,100.0
2022-05-12,1.12,1.16,1.1,1.16,46600.0
2022-05-13,1.16,1.205,1.16,1.205,4930.0
2022-05-16,1.225,1.235,1.21,1.235,11400.0
2022-05-17,1.235,1.24,1.2,1.2,8870.0
2022-05-18,1.2,1.2,1.15,1.17,10090.0
2022-05-19,1.15,1.17,1.1,1.14,31650.0
2022-05-20,1.14,1.14,1.1,1.11,31330.0
2022-05-23,1.14,1.145,1.1,1.145,20980.0
2022-05-24,1.145,1.145,1.1,1.14,12410.0
2022-05-25,1.145,1.145,1.1,1.135,27240.0
2022-05-26,1.135,1.135,1.12,1.125,2520.0
2022-05-27,1.14,1.14,1.09,1.135,14830.0
2022-05-30,1.135,1.15,1.135,1.15,15960.0
2022-05-31,1.15,1.24,1.15,1.24,7650.0
2022-06-01,1.17,1.21,1.13,1.21,8550.0
2022-06-02,1.24,1.24,1.24,1.24,0.0
2022-06-03,1.215,1.215,1.215,1.215,0.0
2022-06-06,1.165,1.205,1.165,1.205,17190.0
2022-06-07,1.195,1.195,1.125,1.17,8940.0
2022-06-08,1.17,1.17,1.17,1.17,10.0
2022-06-09,1.16,1.185,1.155,1.185,11790.0
2022-06-10,1.16,1.2,1.16,1.2,11960.0
2022-06-13,1.16,1.195,1.135,1.185,14730.0
2022-06-14,1.185,1.185,1.185,1.185,10.0
2022-06-15,1.185,1.185,1.16,1.185,360.0
2022-06-17,1.185,1.185,1.15,1.185,560.0
2022-06-20,1.185,1.185,1.185,1.185,10.0
2022-06-21,1.18,1.185,1.18,1.185,240.0
2022-06-22,1.185,1.185,1.185,1.185,1000.0
2022-06-23,1.185,1.19,1.185,1.19,3380.0
2022-06-24,1.19,1.195,1.19,1.195,1900.0
2022-06-27,1.195,1.195,1.195,1.195,1250.0
2022-06-28,1.135,1.195,1.135,1.195,3100.0
2022-06-29,1.195,1.195,1.145,1.195,40.0
2022-06-30,1.195,1.215,1.195,1.215,2610.0
2022-07-01,1.215,1.215,1.21,1.215,210.0
2022-07-04,1.215,1.215,1.21,1.215,140.0
2022-07-05,1.215,1.215,1.215,1.215,10.0
2022-07-06,1.21,1.21,1.21,1.21,10.0
2022-07-07,1.21,1.21,1.21,1.21,10.0
2022-07-08,1.145,1.21,1.145,1.21,6620.0
2022-07-11,1.155,1.24,1.155,1.21,12210.0
2022-07-12,1.17,1.24,1.17,1.235,3830.0
2022-07-13,1.235,1.235,1.22,1.22,110.0
2022-07-14,1.235,1.235,1.235,1.235,10.0
2022-07-15,1.23,1.35,1.23,1.32,52190.0
2022-07-18,1.32,1.34,1.27,1.34,2300.0
2022-07-19,1.34,1.34,1.34,1.34,2430.0
2022-07-20,1.345,1.345,1.25,1.28,22020.0
2022-07-21,1.32,1.32,1.32,1.32,10.0
2022-07-22,1.25,1.26,1.2,1.2,31120.0
2022-07-25,1.26,1.26,1.26,1.26,3620.0
2022-07-26,1.28,1.28,1.28,1.28,10.0
2022-07-27,1.25,1.265,1.25,1.265,2650.0
2022-07-28,1.26,1.26,1.26,1.26,100.0
2022-07-29,1.26,1.26,1.22,1.26,340.0
2022-08-01,1.26,1.26,1.23,1.24,1020.0
2022-08-02,1.23,1.24,1.21,1.24,15110.0
2022-08-03,1.23,1.24,1.22,1.23,2120.0
2022-08-04,1.23,1.23,1.205,1.225,3230.0
2022-08-05,1.23,1.23,1.205,1.225,2060.0
2022-08-08,1.23,1.265,1.23,1.265,10480.0
2022-08-09,1.26,1.265,1.22,1.26,10960.0
2022-08-10,1.26,1.28,1.26,1.28,16149.999999999998
2022-08-11,1.28,1.345,1.28,1.34,11780.0
2022-08-12,1.34,1.34,1.34,1.34,2870.0
2022-08-16,1.34,1.34,1.3,1.34,7890.0
2022-08-17,1.34,1.34,1.27,1.32,1310.0
2022-08-18,1.34,1.34,1.27,1.27,1610.0
2022-08-19,1.24,1.31,1.24,1.31,110.0
2022-08-22,1.34,1.34,1.305,1.305,200.0
2022-08-23,1.305,1.305,1.25,1.27,6780.0
2022-08-24,1.3,1.3,1.25,1.25,2490.0
2022-08-25,1.285,1.29,1.285,1.29,1120.0
2022-08-26,1.25,1.29,1.25,1.29,260.0
2022-08-29,1.29,1.29,1.28,1.29,2009.9999999999998
2022-08-30,1.28,1.28,1.25,1.28,1170.0
2022-08-31,1.275,1.275,1.275,1.275,10.0
2022-09-01,1.285,1.285,1.285,1.285,10.0
2022-09-02,1.275,1.275,1.2,1.23,33660.0
2022-09-05,1.23,1.23,1.23,1.23,640.0
2022-09-06,1.23,1.23,1.18,1.23,1190.0
2022-09-07,1.23,1.28,1.18,1.23,28020.0
2022-09-08,1.21,1.245,1.2,1.21,14110.0
2022-09-09,1.24,1.24,1.19,1.23,4019.9999999999995
2022-09-12,1.225,1.225,1.19,1.22,7520.0
2022-09-13,1.22,1.22,1.19,1.21,6740.0
2022-09-14,1.21,1.21,1.145,1.195,17300.0
2022-09-15,1.195,1.195,1.15,1.185,4019.9999999999995
2022-09-16,1.14,1.165,1.13,1.165,5940.0
2022-09-19,1.16,1.16,1.155,1.155,140.0
2022-09-20,1.165,1.165,1.1,1.155,22730.0
2022-09-21,1.09,1.16,1.085,1.16,23020.0
2022-09-22,1.11,1.155,1.105,1.155,1510.0
2022-09-23,1.105,1.155,1.105,1.155,1510.0
2022-09-26,1.105,1.145,1.1,1.145,10500.0
2022-09-27,1.145,1.15,1.14,1.15,1020.0
2022-09-28,1.1,1.145,1.1,1.145,11120.0
2022-09-29,1.105,1.125,1.09,1.125,3010.0
2022-09-30,1.125,1.155,1.125,1.155,4580.0
2022-10-03,1.155,1.155,1.14,1.155,9210.0
2022-10-04,1.155,1.18,1.15,1.18,16260.000000000002
2022-10-05,1.18,1.19,1.17,1.19,3460.0
2022-10-06,1.17,1.17,1.135,1.135,9110.0
2022-10-07,1.175,1.175,1.16,1.17,910.0
2022-10-10,1.16,1.17,1.145,1.17,4100.0
2022-10-11,1.17,1.18,1.16,1.18,8640.0
2022-10-12,1.17,1.18,1.17,1.18,5230.0
2022-10-13,1.18,1.19,1.17,1.17,3130.0
2022-10-14,1.17,1.19,1.17,1.19,1670.0
2022-10-17,1.19,1.19,1.19,1.19,10.0
2022-10-18,1.19,1.19,1.19,1.19,10.0
2022-10-19,1.17,1.17,1.15,1.17,8500.0
2022-10-20,1.19,1.19,1.19,1.19,10.0
2022-10-21,1.18,1.18,1.15,1.17,24310.0
2022-10-24,1.15,1.17,1.15,1.17,170.0
2022-10-25,1.17,1.18,1.17,1.18,3430.0
2022-10-26,1.2,1.2,1.18,1.18,1780.0
2022-10-27,1.18,1.2,1.18,1.2,470.0
2022-10-28,1.2,1.2,1.2,1.2,250.0
2022-10-31,1.15,1.2,1.15,1.2,1570.0
2022-11-02,1.2,1.2,1.2,1.2,600.0
2022-11-03,1.15,1.2,1.15,1.195,5990.0
2022-11-04,1.18,1.22,1.17,1.22,30260.0
2022-11-07,1.23,1.23,1.23,1.23,2700.0
2022-11-08,1.23,1.25,1.21,1.25,2290.0
2022-11-09,1.25,1.25,1.21,1.25,29090.0
2022-11-10,1.25,1.26,1.225,1.26,6730.0
2022-11-14,1.26,1.27,1.21,1.24,13310.0
2022-11-15,1.27,1.27,1.26,1.26,410.0
2022-11-16,1.26,1.26,1.215,1.255,1020.0
2022-11-17,1.255,1.265,1.22,1.265,6820.0
2022-11-18,1.26,1.26,1.21,1.26,1310.0
2022-11-21,1.26,1.26,1.225,1.26,3200.0
2022-11-22,1.27,1.27,1.27,1.27,10.0
2022-11-23,1.27,1.27,1.22,1.26,680.0
2022-11-24,1.26,1.27,1.26,1.26,11000.0
2022-11-25,1.26,1.26,1.2,1.26,12120.0
2022-11-28,1.26,1.26,1.26,1.26,100.0
2022-11-29,1.25,1.25,1.21,1.25,3400.0
2022-11-30,1.25,1.25,1.25,1.25,100000.0
2022-12-01,1.25,1.26,1.2,1.26,6010.0
2022-12-02,1.26,1.26,1.24,1.255,2500.0
2022-12-05,1.22,1.255,1.22,1.25,4380.0
2022-12-06,1.25,1.25,1.17,1.21,100000.0
2022-12-07,1.21,1.21,1.21,1.21,100.0
2022-12-08,1.21,1.235,1.18,1.235,16180.0
2022-12-09,1.235,1.24,1.23,1.24,4019.9999999999995
2022-12-12,1.24,1.24,1.2,1.23,420.0
2022-12-13,1.25,1.25,1.2,1.24,2080.0
2022-12-14,1.24,1.24,1.2,1.235,120.0
2022-12-15,1.24,1.24,1.235,1.235,260.0
2022-12-16,1.23,1.235,1.19,1.235,9600.0
2022-12-19,1.24,1.24,1.19,1.23,170.0
2022-12-20,1.23,1.255,1.19,1.255,18490.0
2022-12-21,1.23,1.255,1.19,1.255,2710.0
2022-12-22,1.255,1.255,1.205,1.255,170.0
2022-12-23,1.25,1.25,1.205,1.25,190.0
2022-12-27,1.25,1.25,1.21,1.21,1330.0
2022-12-28,1.25,1.25,1.2,1.2,3800.0
2022-12-29,1.23,1.23,1.185,1.225,100.0
2022-12-30,1.2,1.225,1.2,1.225,2400.0
2023-01-02,1.25,1.25,1.19,1.23,2210.0
2023-01-03,1.23,1.25,1.23,1.25,3540.0
2023-01-04,1.25,1.25,1.205,1.245,4070.0000000000005
2023-01-05,1.25,1.25,1.19,1.235,23720.0
2023-01-09,1.21,1.24,1.2,1.23,35950.0
2023-01-10,1.19,1.225,1.19,1.225,21420.0
2023-01-11,1.195,1.22,1.195,1.22,6020.0
2023-01-12,1.205,1.23,1.19,1.2,30170.0
2023-01-13,1.24,1.26,1.23,1.25,21830.0
2023-01-16,1.26,1.28,1.23,1.28,55960.0
2023-01-17,1.28,1.285,1.23,1.26,24610.0
2023-01-18,1.28,1.28,1.24,1.275,8360.0
2023-01-19,1.235,1.27,1.235,1.27,110.0
2023-01-20,1.235,1.27,1.235,1.27,370.0
2023-01-23,1.24,1.24,1.23,1.23,10550.0
2023-01-24,1.23,1.27,1.23,1.26,3750.0
2023-01-25,1.27,1.27,1.27,1.27,20.0
2023-01-26,1.27,1.28,1.26,1.28,5990.0
2023-01-27,1.275,1.275,1.24,1.27,3660.0
2023-01-30,1.26,1.26,1.205,1.25,11070.0
2023-01-31,1.23,1.25,1.22,1.25,7200.0
2023-02-01,1.255,1.255,1.25,1.25,580.0
2023-02-02,1.255,1.27,1.23,1.27,3710.0
2023-02-03,1.27,1.34,1.27,1.34,38440.0
2023-02-06,1.34,1.34,1.275,1.32,19510.0
2023-02-07,1.32,1.32,1.25,1.27,21480.0
2023-02-08,1.29,1.29,1.24,1.24,3210.0
2023-02-09,1.235,1.28,1.23,1.28,6320.0
2023-02-10,1.27,1.27,1.23,1.26,730.0
2023-02-13,1.27,1.27,1.23,1.25,15930.0
2023-02-14,1.25,1.26,1.23,1.26,9060.0
2023-02-15,1.26,1.3,1.25,1.285,27480.0
2023-02-16,1.26,1.26,1.23,1.23,26810.0
2023-02-17,1.23,1.25,1.23,1.25,5070.0
2023-02-20,1.25,1.25,1.225,1.24,7230.0
2023-02-21,1.24,1.24,1.24,1.24,150.0
2023-02-22,1.24,1.28,1.225,1.25,12760.0
2023-02-23,1.28,1.28,1.28,1.28,100.0
2023-02-24,1.28,1.3,1.225,1.295,31100.0
2023-02-27,1.3,1.3,1.27,1.28,16990.0
2023-02-28,1.29,1.29,1.25,1.28,5670.0
2023-03-01,1.25,1.27,1.24,1.26,35610.0
2023-03-02,1.24,1.26,1.22,1.26,16520.0
2023-03-03,1.255,1.28,1.22,1.28,25630.0
2023-03-06,1.27,1.28,1.22,1.245,19700.0
2023-03-07,1.225,1.24,1.22,1.24,22590.0
2023-03-08,1.24,1.24,1.225,1.24,6090.0
2023-03-09,1.25,1.29,1.225,1.27,151570.0
2023-03-10,1.3,1.335,1.27,1.31,179390.0
2023-03-13,1.37,1.37,1.285,1.305,50780.0
2023-03-14,1.34,1.37,1.325,1.355,109920.0
2023-03-15,1.36,1.53,1.36,1.5,260410.00000000003
2023-03-16,1.51,1.55,1.5,1.53,125850.0
2023-03-17,1.495,1.545,1.48,1.525,11670.0
2023-03-20,1.53,1.53,1.44,1.45,21120.0
2023-03-21,1.42,1.485,1.42,1.485,8590.0
2023-03-22,1.485,1.485,1.47,1.47,1840.0
2023-03-23,1.43,1.43,1.38,1.42,15260.0
2023-03-24,1.4,1.4,1.355,1.39,35640.0
2023-03-27,1.4,1.41,1.355,1.36,25050.0
2023-03-28,1.355,1.38,1.345,1.38,10350.0
2023-03-29,1.35,1.355,1.25,1.32,70560.0
2023-03-30,1.285,1.33,1.285,1.3,41910.0
2023-03-31,1.3,1.34,1.3,1.34,17090.0
2023-04-03,1.345,1.345,1.31,1.34,6110.0
2023-04-04,1.34,1.34,1.3,1.32,8760.0
2023-04-05,1.29,1.305,1.275,1.305,6020.0
2023-04-06,1.285,1.335,1.285,1.325,14160.0
2023-04-11,1.32,1.44,1.3,1.37,40670.0
2023-04-12,1.45,1.5,1.4,1.495,46990.0
2023-04-13,1.5,1.51,1.47,1.495,5330.0
2023-04-14,1.455,1.455,1.4,1.44,8900.0
2023-04-17,1.4,1.42,1.35,1.4,13450.0
2023-04-18,1.365,1.4,1.34,1.39,24540.0
2023-04-19,1.39,1.39,1.34,1.35,3600.0
2023-04-20,1.39,1.39,1.35,1.38,4300.0
2023-04-21,1.38,1.38,1.35,1.37,8300.0
2023-04-24,1.35,1.37,1.27,1.33,54220.0
2023-04-25,1.32,1.33,1.29,1.32,8290.0
2023-04-26,1.35,1.35,1.27,1.3,29440.0
2023-04-27,1.3,1.34,1.3,1.34,1880.0
2023-04-28,1.37,1.37,1.32,1.32,12150.0
2023-05-02,1.31,1.31,1.24,1.31,15750.0
2023-05-04,1.26,1.3,1.26,1.29,18680.0
2023-05-05,1.28,1.31,1.24,1.31,13020.0
2023-05-08,1.32,1.32,1.29,1.3,3120.0
2023-05-09,1.29,1.32,1.29,1.32,21930.0
2023-05-10,1.32,1.39,1.28,1.31,58410.0
2023-05-11,1.29,1.32,1.29,1.32,14720.0
2023-05-12,1.38,1.43,1.36,1.41,43460.0
2023-05-15,1.42,1.46,1.35,1.41,25960.0
2023-05-16,1.4,1.4,1.34,1.37,6160.0
2023-05-17,1.33,1.35,1.27,1.32,56910.0
2023-05-18,1.32,1.33,1.29,1.33,15510.0
2023-05-19,1.33,1.34,1.3,1.34,24040.0
2023-05-22,1.32,1.34,1.32,1.32,5320.0
2023-05-23,1.32,1.32,1.3,1.32,39000.0
2023-05-24,1.32,1.32,1.3,1.32,7900.0
2023-05-25,1.3,1.32,1.3,1.32,2570.0
2023-05-26,1.32,1.34,1.32,1.34,550.0
2023-05-29,1.31,1.34,1.3,1.3,6070.0
2023-05-30,1.31,1.32,1.31,1.32,21520.0
2023-05-31,1.31,1.33,1.31,1.33,6550.0
2023-06-01,1.31,1.34,1.31,1.34,2500.0
2023-06-02,1.33,1.33,1.33,1.33,2000.0
2023-06-05,1.33,1.34,1.32,1.34,6510.0
2023-06-07,1.34,1.36,1.33,1.35,30880.0
2023-06-09,1.36,1.37,1.34,1.37,12870.0
2023-06-12,1.37,1.37,1.33,1.37,6380.0
2023-06-13,1.35,1.37,1.34,1.37,35390.0
2023-06-14,1.38,1.4,1.35,1.4,20130.0
2023-06-15,1.37,1.4,1.37,1.4,7370.0
2023-06-16,1.4,1.4,1.38,1.4,2840.0
2023-06-19,1.4,1.4,1.39,1.4,7230.0
2023-06-20,1.4,1.41,1.4,1.4,3210.0
2023-06-21,1.4,1.41,1.38,1.41,6000.0
2023-06-22,1.38,1.39,1.38,1.39,1500.0
2023-06-23,1.4,1.41,1.39,1.4,6980.0
2023-06-26,1.4,1.4,1.36,1.39,26980.0
2023-06-27,1.38,1.38,1.34,1.36,3850.0
2023-06-28,1.36,1.36,1.36,1.36,10.0
2023-06-29,1.31,1.37,1.3,1.37,33390.0
2023-06-30,1.36,1.39,1.33,1.39,1280.0
2023-07-03,1.41,1.41,1.36,1.41,11770.0
2023-07-04,1.42,1.44,1.39,1.4,19240.0
2023-07-05,1.39,1.4,1.36,1.4,12150.0
2023-07-06,1.39,1.39,1.39,1.39,870.0
2023-07-07,1.39,1.43,1.38,1.42,10030.0
2023-07-10,1.42,1.42,1.38,1.4,17760.0
2023-07-11,1.4,1.4,1.33,1.37,35260.0
2023-07-12,1.37,1.4,1.35,1.4,20410.0
2023-07-13,1.38,1.4,1.35,1.4,5010.0
2023-07-14,1.4,1.4,1.35,1.4,3070.0
2023-07-17,1.4,1.4,1.35,1.39,18050.0
2023-07-18,1.4,1.4,1.35,1.37,18170.0
2023-07-19,1.37,1.39,1.35,1.38,77590.0
2023-07-20,1.38,1.38,1.35,1.38,530.0
2023-07-21,1.38,1.38,1.35,1.38,18020.0
2023-07-24,1.35,1.37,1.35,1.37,10100.0
2023-07-25,1.38,1.38,1.35,1.37,7100.0
2023-07-26,1.37,1.37,1.35,1.37,11970.0
2023-07-27,1.37,1.37,1.35,1.37,7030.0
2023-07-28,1.34,1.36,1.34,1.36,1520.0
2023-07-31,1.34,1.37,1.32,1.32,20850.0
2023-08-01,1.33,1.39,1.33,1.37,32870.0
2023-08-02,1.35,1.35,1.32,1.35,7430.0
2023-08-03,1.37,1.55,1.37,1.54,221330.0
2023-08-04,1.57,1.57,1.46,1.5,51800.0
2023-08-07,1.5,1.5,1.44,1.5,26500.0
2023-08-08,1.46,1.51,1.46,1.51,20180.0
2023-08-09,1.45,1.51,1.45,1.49,20780.0
2023-08-10,1.48,1.52,1.45,1.52,8720.0
2023-08-11,1.52,1.52,1.45,1.49,7120.0
2023-08-14,1.48,1.48,1.4,1.45,32100.0
2023-08-16,1.44,1.44,1.39,1.42,11990.0
2023-08-17,1.39,1.42,1.35,1.42,71810.0
2023-08-18,1.38,1.4,1.35,1.4,31150.0
2023-08-21,1.4,1.4,1.35,1.38,20470.0
2023-08-22,1.38,1.39,1.38,1.39,1890.0
2023-08-23,1.39,1.39,1.39,1.39,2990.0
2023-08-24,1.38,1.38,1.35,1.38,8130.000000000001
2023-08-25,1.35,1.38,1.35,1.38,2900.0
2023-08-28,1.4,1.42,1.4,1.42,2009.9999999999998
2023-08-29,1.42,1.42,1.42,1.42,100.0
2023-08-30,1.37,1.39,1.36,1.39,10590.0
2023-08-31,1.39,1.39,1.36,1.39,19790.0
2023-09-01,1.38,1.38,1.31,1.35,32439.999999999996
2023-09-04,1.34,1.36,1.28,1.36,24840.0
2023-09-05,1.36,1.39,1.32,1.39,28030.0
2023-09-06,1.38,1.38,1.38,1.38,100.0
2023-09-07,1.38,1.38,1.36,1.38,3540.0
2023-09-08,1.38,1.38,1.35,1.38,2780.0
2023-09-11,1.38,1.38,1.3,1.34,31470.0
2023-09-12,1.33,1.34,1.32,1.34,5080.0
2023-09-13,1.34,1.34,1.32,1.34,540.0
2023-09-14,1.34,1.34,1.32,1.34,5300.0
2023-09-15,1.36,1.36,1.36,1.36,100.0
2023-09-18,1.36,1.36,1.3,1.33,19410.0
2023-09-19,1.34,1.34,1.31,1.34,5000.0
2023-09-20,1.34,1.34,1.3,1.33,5960.0
2023-09-21,1.31,1.33,1.29,1.33,3340.0
2023-09-22,1.23,1.3,1.23,1.29,61280.0
2023-09-25,1.29,1.3,1.29,1.3,1910.0
2023-09-26,1.25,1.29,1.25,1.29,7270.0
2023-09-27,1.29,1.29,1.29,1.29,1100.0
2023-09-28,1.23,1.24,1.15,1.24,21540.0
2023-09-29,1.17,1.25,1.17,1.25,3090.0
2023-10-02,1.24,1.24,1.24,1.24,10.0
2023-10-03,1.2,1.24,1.18,1.24,13430.0
2023-10-04,1.18,1.23,1.16,1.22,22160.0
2023-10-05,1.2,1.21,1.16,1.21,9790.0
2023-10-06,1.2,1.23,1.15,1.18,30880.0
2023-10-09,1.18,1.18,1.17,1.17,220.0
2023-10-10,1.17,1.2,1.17,1.2,6880.0
2023-10-11,1.17,1.2,1.17,1.2,20.0
2023-10-12,1.17,1.22,1.17,1.22,4070.0000000000005
2023-10-13,1.22,1.23,1.15,1.23,2120.0
2023-10-16,1.23,1.24,1.23,1.24,5690.0
2023-10-17,1.24,1.24,1.21,1.24,2120.0
2023-10-18,1.22,1.22,1.22,1.22,21000.0
2023-10-19,1.21,1.23,1.21,1.23,510.0
2023-10-20,1.21,1.21,1.2,1.21,6120.0
2023-10-23,1.2,1.2,1.19,1.2,5080.0
2023-10-24,1.19,1.2,1.19,1.2,3250.0
2023-10-25,1.19,1.23,1.18,1.23,11220.0
2023-10-26,1.23,1.23,1.21,1.21,6620.0
2023-10-27,1.21,1.22,1.2,1.22,1000.0
2023-10-30,1.22,1.23,1.18,1.23,6130.0
2023-10-31,1.23,1.24,1.2,1.23,8350.0
2023-11-02,1.23,1.23,1.15,1.2,52460.0
2023-11-03,1.18,1.2,1.16,1.2,18090.0
2023-11-06,1.17,1.2,1.16,1.2,9070.0
2023-11-07,1.2,1.24,1.19,1.21,11960.0
2023-11-08,1.22,1.22,1.22,1.22,1390.0
2023-11-09,1.22,1.22,1.2,1.21,670.0
2023-11-10,1.2,1.2,1.19,1.2,2760.0
2023-11-13,1.21,1.23,1.21,1.23,6230.0
2023-11-14,1.22,1.23,1.22,1.23,210.0
2023-11-15,1.22,1.23,1.2,1.22,5640.0
2023-11-16,1.23,1.23,1.2,1.22,2530.0
2023-11-17,1.21,1.21,1.19,1.21,5570.0
2023-11-20,1.21,1.23,1.16,1.18,20860.0
2023-11-21,1.18,1.18,1.17,1.18,2430.0
2023-11-22,1.17,1.19,1.16,1.19,7270.0
2023-11-23,1.17,1.17,1.15,1.17,19840.0
2023-11-24,1.15,1.16,1.12,1.13,34820.0
2023-11-27,1.12,1.18,1.12,1.17,7380.0
2023-11-28,1.17,1.17,1.14,1.17,4540.0
2023-11-29,1.17,1.18,1.12,1.18,27060.0
2023-11-30,1.18,1.18,1.16,1.17,2100.0
2023-12-01,1.18,1.18,1.14,1.17,400.0
2023-12-04,1.18,1.18,1.14,1.16,2870.0
2023-12-05,1.14,1.16,1.14,1.16,1040.0
2023-12-06,1.14,1.18,1.14,1.18,43310.0
2023-12-07,1.18,1.18,1.16,1.18,1030.0
2023-12-08,1.18,1.19,1.17,1.19,2850.0
2023-12-11,1.17,1.2,1.17,1.2,5660.0
2023-12-12,1.2,1.23,1.2,1.22,18500.0
2023-12-13,1.22,1.22,1.21,1.22,12050.0
2023-12-14,1.22,1.23,1.18,1.2,31560.0
2023-12-15,1.21,1.21,1.17,1.2,6780.0
2023-12-18,1.2,1.2,1.17,1.19,3270.0
2023-12-19,1.17,1.2,1.17,1.2,8600.0
2023-12-20,1.25,1.25,1.21,1.23,74880.0
2023-12-21,1.23,1.23,1.23,1.23,2810.0
2023-12-22,1.21,1.23,1.18,1.19,31570.0
2023-12-27,1.23,1.27,1.21,1.25,117330.0
2023-12-28,1.26,1.29,1.25,1.28,49580.0
2023-12-29,1.28,1.29,1.25,1.28,16660.0
2024-01-02,1.28,1.28,1.23,1.27,40220.0
2024-01-03,1.27,1.27,1.23,1.26,4470.0
2024-01-04,1.27,1.27,1.25,1.27,21360.0
2024-01-05,1.28,1.28,1.24,1.27,12800.0
2024-01-08,1.28,1.29,1.25,1.27,21830.0
2024-01-09,1.27,1.27,1.27,1.27,420.0
2024-01-10,1.26,1.28,1.26,1.28,20240.0
2024-01-11,1.28,1.28,1.25,1.28,4180.0
2024-01-12,1.28,1.29,1.27,1.29,5860.0
2024-01-15,1.29,1.29,1.26,1.28,15210.0
2024-01-16,1.29,1.33,1.29,1.33,20500.0
2024-01-17,1.32,1.32,1.28,1.31,3320.0
2024-01-18,1.31,1.31,1.28,1.3,1310.0
2024-01-19,1.28,1.33,1.28,1.33,6300.0
2024-01-22,1.29,1.32,1.29,1.32,730000.0
2024-01-23,1.31,1.38,1.31,1.37,47660.0
2024-01-24,1.36,1.37,1.31,1.33,33010.0
2024-01-25,1.33,1.34,1.33,1.34,210.0
2024-01-26,1.3,1.34,1.3,1.34,8180.0
2024-01-29,1.32,1.32,1.31,1.32,1490.0
2024-01-30,1.31,1.44,1.3,1.41,90870.0
2024-01-31,1.4,1.4,1.35,1.36,17960.0
2024-02-01,1.35,1.38,1.35,1.38,6160.0
2024-02-02,1.36,1.41,1.36,1.36,20010.0
2024-02-05,1.36,1.36,1.34,1.35,9970.0
2024-02-06,1.34,1.34,1.32,1.34,18350.0
2024-02-07,1.35,1.39,1.35,1.36,31200.0
2024-02-08,1.34,1.36,1.32,1.36,16030.000000000002
2024-02-09,1.35,1.37,1.32,1.35,14890.0
2024-02-12,1.32,1.34,1.3,1.34,10450.0
2024-02-13,1.3,1.31,1.3,1.31,84090.0
2024-02-14,1.33,1.34,1.3,1.34,6600.0
2024-02-15,1.34,1.34,1.31,1.34,18870.0
2024-02-16,1.34,1.36,1.32,1.35,8880.0
2024-02-19,1.35,1.35,1.3,1.33,17370.0
2024-02-20,1.3,1.3,1.29,1.29,10200.0
2024-02-21,1.29,1.31,1.28,1.31,7850.0
2024-02-22,1.29,1.29,1.25,1.27,62740.0
2024-02-23,1.28,1.31,1.27,1.3,19870.0
2024-02-26,1.31,1.31,1.29,1.3,2070.0
2024-02-27,1.3,1.3,1.28,1.3,710.0
2024-02-28,1.28,1.29,1.27,1.29,6250.0
2024-02-29,1.29,1.29,1.29,1.29,1010.0
2024-03-01,1.29,1.3,1.2,1.25,19870.0
2024-03-04,1.25,1.26,1.23,1.26,3520.0
2024-03-05,1.27,1.27,1.2,1.25,4390.0
2024-03-06,1.22,1.23,1.17,1.22,23280.0
2024-03-07,1.23,1.24,1.2,1.23,19500.0
2024-03-08,1.23,1.23,1.2,1.23,270.0
2024-03-11,1.25,1.25,1.19,1.22,2960.0
2024-03-12,1.2,1.2,1.13,1.19,47240.0
2024-03-13,1.19,1.2,1.19,1.2,10010.0
2024-03-14,1.2,1.21,1.19,1.21,6120.0
2024-03-15,1.21,1.22,1.2,1.22,5900.0
2024-03-18,1.22,1.23,1.19,1.19,5380.0
2024-03-19,1.21,1.21,1.17,1.2,480.0
2024-03-20,1.19,1.2,1.19,1.2,1670.0
2024-03-21,1.21,1.23,1.21,1.22,1160.0
2024-03-22,1.21,1.21,1.2,1.21,1590.0
2024-03-25,1.21,1.23,1.21,1.23,2440.0
2024-03-26,1.2,1.25,1.2,1.25,10040.0
2024-03-27,1.21,1.23,1.18,1.23,15980.0
2024-03-28,1.23,1.23,1.23,1.23,40.0
2024-04-02,1.23,1.23,1.2,1.22,14450.0
2024-04-03,1.23,1.24,1.21,1.24,34830.0
2024-04-04,1.26,1.295,1.215,1.295,39100.0
2024-04-05,1.29,1.29,1.255,1.285,8360.0
2024-04-08,1.285,1.3,1.285,1.3,22260.0
2024-04-09,1.31,1.34,1.3,1.3,10540.0
2024-04-10,1.285,1.3,1.27,1.28,8330.0
2024-04-11,1.26,1.28,1.22,1.27,14340.0
2024-04-12,1.26,1.27,1.24,1.27,4910.0
2024-04-15,1.245,1.245,1.2,1.24,48170.0
2024-04-16,1.22,1.24,1.21,1.24,3180.0
2024-04-17,1.22,1.22,1.19,1.21,10100.0
2024-04-18,1.22,1.22,1.195,1.21,16950.0
2024-04-19,1.21,1.21,1.2,1.2,1950.0
2024-04-22,1.2,1.22,1.15,1.2,43710.0
2024-04-23,1.18,1.19,1.17,1.19,4170.0
2024-04-24,1.19,1.22,1.15,1.22,23900.0
2024-04-25,1.2,1.2,1.18,1.2,7300.0
2024-04-26,1.2,1.2,1.2,1.2,100.0
2024-04-29,1.21,1.21,1.18,1.205,14120.0
2024-04-30,1.205,1.205,1.195,1.195,200.0
2024-05-02,1.195,1.2,1.195,1.2,360.0
2024-05-06,1.2,1.215,1.2,1.215,1050.0
2024-05-07,1.19,1.205,1.19,1.205,4000.0
2024-05-08,1.155,1.18,1.155,1.175,50250.0
2024-05-09,1.16,1.175,1.145,1.175,5420.0
2024-05-10,1.175,1.18,1.16,1.16,8650.0
2024-05-13,1.16,1.18,1.16,1.18,3120.0
2024-05-14,1.18,1.19,1.165,1.19,8109.999999999999
2024-05-15,1.19,1.2,1.17,1.2,34410.0
2024-05-16,1.2,1.2,1.155,1.2,10520.0
2024-05-17,1.2,1.2,1.16,1.195,4190.0
2024-05-20,1.19,1.19,1.16,1.19,13710.0
2024-05-21,1.2,1.2,1.165,1.18,26950.0
2024-05-22,1.18,1.19,1.16,1.19,8260.0
2024-05-23,1.19,1.19,1.16,1.19,4460.0
2024-05-24,1.19,1.19,1.15,1.18,21610.0
2024-05-27,1.18,1.18,1.15,1.18,3020.0
2024-05-28,1.18,1.18,1.18,1.18,10.0
2024-05-29,1.18,1.18,1.12,1.18,62760.0
2024-05-31,1.175,1.175,1.125,1.175,10330.0
2024-06-03,1.165,1.165,1.15,1.165,4290.0
2024-06-04,1.165,1.165,1.165,1.165,380.0
2024-06-05,1.155,1.165,1.155,1.165,26300.0
2024-06-06,1.165,1.165,1.15,1.165,2620.0
2024-06-07,1.165,1.18,1.14,1.145,7800.0
2024-06-10,1.14,1.17,1.14,1.17,14100.0
2024-06-11,1.17,1.17,1.165,1.165,2120.0
2024-06-12,1.145,1.16,1.14,1.16,5730.0
2024-06-13,1.13,1.165,1.13,1.165,1440.0
2024-06-14,1.13,1.15,1.13,1.15,6730.0
2024-06-17,1.16,1.165,1.16,1.165,1010.0
2024-06-18,1.165,1.165,1.14,1.16,5020.0
2024-06-19,1.15,1.15,1.14,1.15,5640.0
2024-06-20,1.15,1.16,1.15,1.15,2280.0
2024-06-21,1.15,1.15,1.135,1.145,140.0
2024-06-24,1.15,1.15,1.13,1.13,1900.0
2024-06-25,1.135,1.14,1.07,1.13,60180.0
2024-06-26,1.13,1.13,1.05,1.11,89050.0
2024-06-27,1.11,1.11,1.08,1.11,13420.0
2024-06-28,1.11,1.13,1.095,1.13,1200.0
2024-07-01,1.125,1.125,1.09,1.125,23230.0
2024-07-02,1.125,1.16,1.12,1.145,22030.0
2024-07-03,1.15,1.15,1.075,1.1,22170.0
2024-07-04,1.125,1.13,1.1,1.13,4120.0
2024-07-05,1.085,1.13,1.085,1.125,8080.0
2024-07-08,1.12,1.16,1.12,1.16,21730.0
2024-07-09,1.16,1.16,1.125,1.16,1730.0
2024-07-10,1.175,1.2,1.145,1.18,65780.0
2024-07-11,1.18,1.18,1.15,1.18,8270.0
2024-07-12,1.195,1.195,1.19,1.19,1660.0
2024-07-15,1.195,1.195,1.16,1.18,4180.0
2024-07-16,1.16,1.18,1.16,1.18,330.0
2024-07-17,1.16,1.18,1.14,1.18,9700.0
2024-07-18,1.14,1.18,1.14,1.18,20.0
2024-07-19,1.17,1.17,1.14,1.17,860.0
2024-07-22,1.145,1.18,1.145,1.18,110.0
2024-07-23,1.18,1.18,1.15,1.18,4970.0
2024-07-24,1.18,1.18,1.13,1.16,10020.0
2024-07-25,1.155,1.155,1.115,1.13,10730.0
2024-07-26,1.155,1.155,1.11,1.12,5320.0
2024-07-29,1.15,1.15,1.1,1.14,28860.0
2024-07-30,1.085,1.11,1.08,1.11,33560.0
2024-07-31,1.14,1.14,1.11,1.12,6720.0
2024-08-01,1.1,1.11,1.085,1.11,4480.0
2024-08-02,1.135,1.135,1.08,1.13,1820.0
2024-08-05,1.06,1.1,1.04,1.1,32210.0
2024-08-06,1.05,1.1,1.04,1.1,17780.0
2024-08-07,1.1,1.135,1.1,1.13,13030.0
2024-08-08,1.125,1.125,1.11,1.11,2500.0
2024-08-09,1.125,1.125,1.075,1.125,1230.0
2024-08-12,1.12,1.12,1.04,1.095,28680.0
2024-08-13,1.07,1.07,1.0,1.045,61550.0
2024-08-14,1.045,1.045,1.0,1.045,2510.0
2024-08-16,1.045,1.085,1.025,1.085,28130.0
2024-08-19,1.08,1.08,1.07,1.07,3200.0
2024-08-20,1.035,1.065,1.02,1.02,17650.0
2024-08-21,1.05,1.07,1.02,1.07,3690.0
2024-08-22,1.01,1.05,0.998,1.03,69400.0
2024-08-23,1.025,1.025,1.0,1.02,5830.0
2024-08-26,1.02,1.03,0.98,1.0,29150.0
2024-08-27,0.99,1.02,0.98,1.02,16700.0
2024-08-28,1.03,1.03,0.99,0.99,1100.0
2024-08-29,0.99,1.01,0.99,1.0,2670.0
2024-08-30,1.01,1.01,0.992,1.0,9380.0
2024-09-02,1.0,1.01,0.96,1.005,28580.0
2024-09-03,1.005,1.005,0.98,1.005,12690.0
2024-09-04,0.96,1.0,0.96,0.996,12990.0
2024-09-05,0.96,1.01,0.96,1.0,55340.0
2024-09-06,1.0,1.0,0.98,1.0,2130.0
2024-09-09,1.0,1.01,0.998,1.01,13160.0
2024-09-10,0.982,1.03,0.982,1.03,12420.0
2024-09-11,1.04,1.05,1.0,1.04,24690.0
2024-09-12,1.04,1.04,1.01,1.04,9410.0
2024-09-13,1.03,1.045,1.03,1.045,860.0
2024-09-16,1.06,1.09,1.045,1.09,49050.0
2024-09-17,1.09,1.09,1.035,1.045,17530.0
2024-09-18,1.045,1.08,1.045,1.08,40.0
2024-09-19,1.085,1.085,1.08,1.08,12330.0
2024-09-20,1.08,1.1,1.08,1.1,21890.0
2024-09-23,1.135,1.15,1.07,1.14,48770.0
2024-09-24,1.115,1.13,1.105,1.125,2430.0
2024-09-25,1.125,1.125,1.07,1.11,1040.0
2024-09-26,1.12,1.12,1.07,1.1,14370.0
2024-09-27,1.11,1.12,1.105,1.12,6920.0
2024-09-30,1.12,1.12,1.05,1.055,12040.0
2024-10-01,1.055,1.105,1.03,1.03,8770.0
2024-10-02,1.035,1.075,1.0,1.04,53040.0
2024-10-03,1.045,1.045,1.01,1.04,1810.0
2024-10-04,1.01,1.04,1.01,1.04,2620.0
2024-10-07,1.055,1.055,1.05,1.05,40.0
2024-10-08,1.055,1.055,1.055,1.055,20.0
2024-10-09,1.04,1.055,1.04,1.055,1830.0
2024-10-10,1.005,1.055,1.005,1.055,30.0
2024-10-11,1.05,1.05,1.05,1.05,10.0
2024-10-14,1.055,1.055,1.01,1.05,10190.0
2024-10-15,1.05,1.05,1.0,1.01,19560.0
2024-10-16,1.01,1.03,1.0,1.03,2750.0
2024-10-17,1.02,1.02,0.99,1.0,6820.0
2024-10-18,0.99,1.0,0.99,1.0,3660.0
2024-10-21,0.99,1.0,0.98,1.0,8500.0
2024-10-22,1.0,1.0,1.0,1.0,20.0
2024-10-23,0.99,0.99,0.98,0.99,5260.0
2024-10-24,0.98,0.99,0.98,0.99,19500.0
2024-10-25,0.99,0.99,0.976,0.988,13490.0
2024-10-28,0.988,0.988,0.97,0.984,7800.0
2024-10-29,0.984,0.99,0.94,0.99,35310.0
2024-10-30,0.99,0.99,0.942,0.988,3910.0
2024-10-31,0.986,0.986,0.944,0.98,1420.0
2024-11-04,0.964,0.988,0.94,0.988,31970.0
2024-11-05,0.982,0.982,0.95,0.96,4210.0
2024-11-06,0.98,0.98,0.98,0.98,210.0
2024-11-07,0.982,0.988,0.952,0.988,8460.0
2024-11-08,0.988,0.988,0.964,0.964,7340.0
2024-11-12,0.98,0.98,0.94,0.96,18920.0
2024-11-13,0.96,0.96,0.92,0.95,24960.0
2024-11-14,0.94,0.94,0.78,0.85,81660.0
2024-11-15,0.85,0.85,0.8,0.836,11170.0
2024-11-18,0.8,0.82,0.75,0.776,46090.0
2024-11-19,0.778,0.8,0.77,0.8,7880.0
2024-11-20,0.8,0.808,0.75,0.8,90000.0
2024-11-21,0.802,0.806,0.756,0.8,47270.0
2024-11-22,0.808,0.808,0.76,0.798,490.0
2024-11-25,0.828,0.828,0.762,0.762,24480.0
2024-11-26,0.788,0.788,0.73,0.768,48150.0
2024-11-27,0.73,0.768,0.73,0.766,7360.0
2024-11-28,0.766,0.77,0.75,0.768,4930.0
2024-11-29,0.776,0.776,0.776,0.776,2000.0
2024-12-02,0.784,0.784,0.78,0.78,150.0
2024-12-03,0.762,0.778,0.762,0.778,1070.0
2024-12-04,0.762,0.768,0.75,0.764,129889.99999999999
2024-12-05,0.76,0.76,0.738,0.758,26640.0
2024-12-06,0.756,0.756,0.754,0.756,2510.0
2024-12-09,0.754,0.76,0.73,0.74,46130.0
2024-12-10,0.73,0.74,0.73,0.74,4050.0
2024-12-11,0.748,0.776,0.74,0.77,45190.0
2024-12-12,0.77,0.812,0.77,0.81,45310.0
2024-12-13,0.81,0.81,0.782,0.8,2080.0
2024-12-16,0.81,0.81,0.8,0.81,990.0
2024-12-17,0.8,0.8,0.784,0.784,19170.0
2024-12-18,0.782,0.794,0.772,0.78,43390.0
2024-12-19,0.78,0.78,0.77,0.77,34190.0
2024-12-20,0.772,0.778,0.742,0.76,30630.0
2024-12-23,0.744,0.756,0.72,0.726,51750.0
2024-12-27,0.748,0.748,0.72,0.748,4470.0
2024-12-30,0.722,0.748,0.71,0.73,15510.0
2025-01-02,0.73,0.754,0.72,0.754,2640.0
2025-01-03,0.754,0.766,0.754,0.766,5510.0
2025-01-07,0.764,0.8,0.748,0.78,7630.0
2025-01-08,0.78,0.794,0.752,0.792,14940.0
2025-01-09,0.796,0.85,0.796,0.85,36680.0
2025-01-10,0.812,0.88,0.812,0.876,18180.0
2025-01-13,0.874,0.88,0.814,0.876,10820.0
2025-01-14,0.84,0.86,0.84,0.86,1260.0
2025-01-15,0.86,0.86,0.828,0.856,3760.0
2025-01-16,0.856,0.876,0.82,0.84,7940.0
2025-01-17,0.84,0.84,0.838,0.838,290.0
2025-01-20,0.84,0.866,0.814,0.842,3400.0
2025-01-21,0.838,0.838,0.838,0.838,10.0
2025-01-22,0.828,0.836,0.814,0.836,1700.0
2025-01-23,0.834,0.834,0.804,0.828,4600.0
2025-01-24,0.828,0.828,0.81,0.828,4700.0
2025-01-27,0.826,0.828,0.826,0.828,910.0
2025-01-28,0.824,0.824,0.824,0.824,10.0
2025-01-29,0.82,0.826,0.814,0.826,5900.0
2025-01-30,0.824,0.848,0.814,0.848,6990.0
2025-01-31,0.85,0.876,0.824,0.848,10140.0
2025-02-03,0.868,0.868,0.846,0.846,340.0
2025-02-04,0.814,0.846,0.814,0.846,1250.0
2025-02-05,0.846,0.846,0.818,0.83,1090.0
2025-02-06,0.818,0.846,0.77,0.836,53360.0
2025-02-07,0.802,0.84,0.802,0.84,4650.0
2025-02-10,0.84,0.88,0.818,0.854,53590.0
2025-02-11,0.852,0.852,0.822,0.85,500.0
2025-02-12,0.85,0.86,0.824,0.854,24650.0
2025-02-13,0.826,0.856,0.82,0.842,15250.0
2025-02-14,0.846,0.846,0.82,0.836,3240.0
2025-02-17,0.836,0.84,0.824,0.84,5170.0
2025-02-18,0.84,0.84,0.822,0.838,6660.0
2025-02-19,0.836,0.866,0.82,0.86,54860.0
2025-02-20,0.866,0.866,0.84,0.86,3020.0
2025-02-21,0.862,0.862,0.838,0.86,750.0
2025-02-24,0.86,0.86,0.84,0.86,3610.0
2025-02-25,0.86,0.86,0.836,0.852,7470.0
2025-02-26,0.84,0.852,0.818,0.838,15560.0
2025-02-27,0.838,0.838,0.83,0.83,4580.0
2025-02-28,0.83,0.83,0.8,0.82,5420.0
2025-03-03,0.82,0.82,0.8,0.818,4500.0
2025-03-04,0.808,0.808,0.8,0.8,1590.0
2025-03-05,0.8,0.81,0.79,0.79,1190.0
2025-03-06,0.81,0.818,0.81,0.818,1160.0
2025-03-07,0.802,0.802,0.79,0.798,31090.0
2025-03-10,0.808,0.808,0.76,0.78,18440.0
2025-03-11,0.76,0.766,0.75,0.766,12500.0
2025-03-12,0.768,0.79,0.75,0.79,19790.0
2025-03-13,0.79,0.79,0.768,0.77,2160.0
2025-03-14,0.77,0.82,0.77,0.82,13880.0
2025-03-17,0.794,0.82,0.782,0.82,21600.0
2025-03-18,0.818,0.828,0.8,0.828,21390.0
2025-03-19,0.806,0.828,0.804,0.82,7600.0
2025-03-20,0.82,0.82,0.82,0.82,4010.0
2025-03-21,0.818,0.818,0.782,0.812,54260.0
2025-03-24,0.8,0.812,0.8,0.808,30.0
2025-03-25,0.808,0.808,0.77,0.8,7820.0
2025-03-26,0.8,0.8,0.78,0.78,100.0
2025-03-27,0.78,0.79,0.768,0.79,9470.0
2025-03-28,0.788,0.788,0.788,0.788,90.0
2025-03-31,0.788,0.788,0.77,0.788,1440.0
2025-04-01,0.772,0.788,0.75,0.788,6760.0
2025-04-02,0.788,0.788,0.75,0.78,13710.0
2025-04-03,0.778,0.778,0.776,0.776,60.0
2025-04-04,0.776,0.776,0.73,0.74,11600.0
2025-04-07,0.73,0.73,0.7,0.718,75540.0
2025-04-08,0.718,0.774,0.718,0.774,8260.0
2025-04-09,0.77,0.774,0.718,0.74,40160.0
2025-04-10,0.776,0.82,0.75,0.778,37530.0
2025-04-11,0.776,0.818,0.772,0.818,22930.0
2025-04-14,0.814,0.814,0.78,0.8,3030.0
2025-04-15,0.78,0.804,0.74,0.784,24050.0
2025-04-16,0.77,0.784,0.742,0.78,18710.0
2025-04-17,0.784,0.784,0.784,0.784,10.0
2025-04-22,0.784,0.784,0.74,0.744,15250.0
2025-04-23,0.746,0.812,0.746,0.792,19360.0
2025-04-24,0.79,0.79,0.74,0.77,49580.0
2025-04-25,0.778,0.778,0.744,0.744,40.0
2025-04-28,0.746,0.84,0.746,0.84,31910.0
2025-04-29,0.81,0.828,0.752,0.828,59120.0
2025-04-30,0.772,0.806,0.766,0.78,14390.0
2025-05-02,0.78,0.808,0.78,0.8,2210.0
2025-05-05,0.77,0.808,0.768,0.804,17330.0
2025-05-06,0.802,0.802,0.768,0.8,5120.0
2025-05-07,0.8,0.82,0.794,0.81,15440.0
2025-05-08,0.81,0.818,0.79,0.814,1770.0
2025-05-09,0.814,0.828,0.814,0.828,20660.0
2025-05-12,0.826,0.826,0.79,0.81,10290.0
2025-05-13,0.808,0.808,0.78,0.8,6320.0
2025-05-14,0.8,0.81,0.79,0.81,13740.0
2025-05-15,0.81,0.81,0.794,0.81,3270.0
2025-05-16,0.81,0.96,0.81,0.934,203560.0
2025-05-19,0.94,0.94,0.85,0.9,69980.0
2025-05-20,0.862,0.898,0.852,0.888,231410.0
2025-05-21,0.888,0.888,0.866,0.888,680.0
2025-05-22,0.888,0.888,0.862,0.888,220.0
2025-05-23,0.888,0.888,0.84,0.85,19010.0
2025-05-26,0.84,0.89,0.84,0.89,15300.0
2025-05-27,0.888,0.89,0.88,0.89,3010.0
2025-05-28,0.89,0.89,0.89,0.89,50.0
2025-05-29,0.888,0.898,0.888,0.898,32400.0
2025-05-30,0.898,0.898,0.866,0.898,2000.0
2025-06-02,0.898,0.898,0.864,0.868,1570.0
2025-06-03,0.868,0.88,0.842,0.862,25420.0
2025-06-04,0.84,0.868,0.84,0.868,290.0
2025-06-05,0.868,0.876,0.834,0.876,2720.0
2025-06-06,0.876,0.876,0.876,0.876,60.0
2025-06-09,0.874,0.898,0.87,0.898,51320.0
2025-06-10,0.898,0.898,0.898,0.898,560.0
2025-06-11,0.88,0.88,0.86,0.88,30.0
2025-06-12,0.88,0.88,0.88,0.88,10.0
2025-06-13,0.88,0.88,0.86,0.878,1460.0
2025-06-16,0.898,0.898,0.854,0.88,2530.0
2025-06-17,0.88,0.88,0.854,0.878,820.0
2025-06-18,0.88,0.88,0.876,0.876,30.0
2025-06-20,0.878,0.878,0.878,0.878,10.0
2025-06-23,0.878,0.878,0.878,0.878,10.0
2025-06-24,0.878,0.88,0.87,0.878,152550.0
2025-06-25,0.878,0.878,0.878,0.878,340.0
2025-06-26,0.87,0.878,0.85,0.86,22970.0
2025-06-27,0.824,0.848,0.798,0.836,37000.0
2025-06-30,0.83,0.838,0.82,0.838,220.0
2025-07-01,0.838,0.866,0.836,0.866,24020.0
2025-07-02,0.866,0.89,0.852,0.89,19100.0
2025-07-03,0.89,0.89,0.862,0.89,11750.0
2025-07-04,0.862,0.89,0.862,0.89,3070.0
2025-07-07,0.89,0.898,0.89,0.898,16910.0
2025-07-08,0.898,0.898,0.89,0.894,1740.0
2025-07-09,0.894,0.894,0.892,0.892,270.0
2025-07-10,0.894,0.898,0.87,0.87,10260.0
2025-07-11,0.888,0.888,0.864,0.88,2150.0
2025-07-14,0.88,0.88,0.864,0.878,140.0
2025-07-15,0.88,0.88,0.864,0.878,1330.0
2025-07-16,0.878,0.878,0.84,0.87,3250.0
2025-07-17,0.87,0.87,0.868,0.868,1010.0
2025-07-18,0.868,0.868,0.85,0.866,2060.0
2025-07-21,0.85,0.85,0.842,0.85,2890.0
2025-07-22,0.86,0.86,0.86,0.86,10.0
2025-07-23,0.85,0.86,0.844,0.858,2130.0
2025-07-24,0.858,0.858,0.858,0.858,60.0
2025-07-25,0.85,0.85,0.844,0.85,6820.0
2025-07-28,0.85,0.85,0.85,0.85,2130.0
2025-07-29,0.856,0.856,0.842,0.85,190.0
2025-07-30,0.856,0.856,0.85,0.854,1090.0
2025-07-31,0.854,0.854,0.842,0.854,260.0
2025-08-01,0.854,0.854,0.842,0.854,40.0
2025-08-04,0.85,0.85,0.846,0.85,5220.0
2025-08-05,0.842,0.85,0.83,0.85,2440.0
2025-08-06,0.83,0.848,0.81,0.846,7680.0
2025-08-07,0.83,0.846,0.81,0.846,6420.0
2025-08-08,0.85,0.85,0.816,0.84,250.0
2025-08-11,0.84,0.84,0.816,0.84,1600.0
2025-08-12,0.81,0.84,0.81,0.84,5940.0
2025-08-13,0.84,0.85,0.84,0.85,60650.0
2025-08-14,0.856,0.856,0.85,0.85,870.0
2025-08-18,0.85,0.85,0.85,0.85,10.0
2025-08-19,0.81,0.842,0.81,0.842,460.0
2025-08-20,0.84,0.842,0.812,0.842,3220.0
2025-08-21,0.842,0.842,0.842,0.842,40.0
2025-08-22,0.812,0.842,0.812,0.842,10.0
2025-08-25,0.816,0.854,0.814,0.854,9030.0
2025-08-26,0.854,0.882,0.844,0.882,16820.0
2025-08-27,0.882,0.882,0.882,0.882,100.0
2025-08-28,0.88,0.88,0.844,0.88,130.0
2025-08-29,0.88,0.88,0.88,0.88,10.0
2025-09-01,0.88,0.88,0.85,0.88,220.0
2025-09-02,0.88,0.88,0.844,0.88,5930.0
2025-09-03,0.876,0.876,0.876,0.876,10.0
2025-09-04,0.876,0.876,0.848,0.86,1330.0
2025-09-05,0.86,0.86,0.86,0.86,10.0
2025-09-08,0.86,0.878,0.86,0.878,2850.0
2025-09-09,0.876,0.876,0.876,0.876,540.0
2025-09-10,0.876,0.876,0.828,0.848,10020.0
2025-09-11,0.816,0.848,0.8,0.848,11500.0
2025-09-12,0.848,0.848,0.848,0.848,10.0
2025-09-15,0.834,0.844,0.834,0.844,1560.0
2025-09-16,0.842,0.846,0.812,0.846,2250.0
2025-09-17,0.848,0.848,0.822,0.822,2009.9999999999998
2025-09-18,0.846,0.846,0.82,0.834,7520.0
2025-09-19,0.84,0.84,0.84,0.84,10.0
2025-09-22,0.84,0.84,0.812,0.832,1920.0
2025-09-23,0.832,0.832,0.798,0.82,33990.0
2025-09-24,0.794,0.82,0.794,0.82,140.0
2025-09-25,0.82,0.82,0.796,0.82,4870.0
2025-09-26,0.82,0.826,0.82,0.826,3670.0
2025-09-29,0.82,0.82,0.798,0.82,190.0
2025-09-30,0.81,0.81,0.794,0.81,20090.0
