Date,Open,High,Low,Close,Volume
2014-09-01,14.54,15.5,14.54,15.5,10.0
2014-09-03,14.8,15.49,14.8,15.49,170.0
2014-09-05,15.49,15.49,15.49,15.49,500.0
2014-09-08,15.49,15.49,15.0,15.01,150.0
2014-09-09,14.51,15.01,14.51,14.85,1250.0
2014-09-10,14.51,14.51,14.51,14.51,10.0
2014-09-12,14.53,15.49,14.53,15.49,1260.0
2014-09-15,15.0,15.0,15.0,15.0,0.0
2014-09-16,14.55,15.5,14.55,14.55,480.0
2014-09-17,15.5,16.98,14.7,14.7,210.0
2014-09-18,16.0,16.0,16.0,16.0,100.0
2014-09-19,15.0,16.6,15.0,15.15,400.0
2014-09-22,16.6,16.6,16.6,16.6,250.0
2014-09-23,16.55,16.69,15.5,15.5,160.0
2014-09-24,15.5,15.5,15.13,15.13,2000.0
2014-09-25,15.9,15.9,15.1,15.1,400.0
2014-09-26,15.99,15.99,15.44,15.88,70.0
2014-09-29,15.99,16.01,15.88,15.88,120.0
2014-09-30,15.4,16.49,15.4,16.48,460.0
2014-10-01,15.43,15.85,15.4,15.75,950.0
2014-10-03,15.5,15.5,15.1,15.25,50.0
2014-10-06,15.1,15.1,15.1,15.1,0.0
2014-10-07,15.0,16.2,14.54,16.2,320.0
2014-10-09,14.6,15.87,14.6,15.2,980.0
2014-10-10,15.39,15.39,14.69,14.69,2040.0
2014-10-14,14.52,14.52,14.5,14.5,220.0
2014-10-15,14.8,14.8,14.8,14.8,100.0
2014-10-17,15.3,15.3,14.8,14.8,300.0
2014-10-20,14.75,14.75,14.75,14.75,80.0
2014-10-21,14.8,15.27,14.8,15.27,80.0
2014-10-23,15.0,15.87,15.0,15.52,680.0
2014-10-24,15.7,15.71,15.45,15.45,4010.0
2014-10-27,15.83,15.83,15.3,15.77,3320.0
2014-10-28,15.7,15.7,15.31,15.32,2450.0
2014-10-29,15.41,15.41,15.41,15.41,0.0
2014-10-30,15.33,15.33,15.33,15.33,10.0
2014-10-31,15.69,15.84,15.69,15.8,7830.0
2014-11-03,15.72,15.87,15.72,15.72,10100.0
2014-11-04,15.65,15.72,15.65,15.72,125440.0
2014-11-05,15.74,15.83,15.72,15.72,9050.0
2014-11-06,15.85,16.5,15.85,16.5,2490.0
2014-11-07,16.11,16.7,16.0,16.69,3490.0
2014-11-10,16.6,16.69,16.6,16.69,460.0
2014-11-14,16.02,16.02,16.0,16.0,240.0
2014-11-17,16.05,16.05,16.01,16.01,250.0
2014-11-18,16.01,16.01,16.01,16.01,130.0
2014-11-19,16.01,16.01,16.01,16.01,140.0
2014-11-20,16.01,16.01,16.01,16.01,70.0
2014-11-21,16.0,16.0,16.0,16.0,40.0
2014-11-24,15.61,15.61,15.61,15.61,0.0
2014-11-25,15.61,15.61,15.61,15.61,70.0
2014-11-26,15.62,15.62,15.62,15.62,150.0
2014-11-27,15.8,15.8,15.8,15.8,50.0
2014-11-28,15.61,15.61,15.5,15.5,7060.0
2014-12-01,15.56,15.56,15.56,15.56,0.0
2014-12-02,15.56,15.57,15.56,15.57,300.0
2014-12-03,15.57,15.57,15.57,15.57,100.0
2014-12-05,15.57,16.01,15.56,16.01,60.0
2014-12-08,16.0,16.0,16.0,16.0,100.0
2014-12-10,15.56,15.56,15.56,15.56,10.0
2014-12-12,15.56,15.56,15.22,15.49,250.0
2014-12-15,15.31,15.31,15.22,15.22,560.0
2014-12-16,15.19,15.19,14.56,15.18,5700.0
2014-12-17,15.0,15.68,14.57,15.68,14000.0
2014-12-18,14.6,14.7,14.6,14.69,1640.0
2014-12-19,14.69,14.7,14.69,14.69,550.0
2014-12-22,14.7,14.7,14.7,14.7,100.0
2014-12-29,14.85,15.49,14.85,15.49,230.0
2014-12-30,15.45,15.55,15.45,15.54,990.0
2015-01-07,15.53,15.8,15.53,15.75,230.0
2015-01-08,15.5,15.51,15.5,15.51,100.0
2015-01-12,15.77,15.77,15.5,15.5,490.0
2015-01-13,15.5,15.5,15.5,15.5,90.0
2015-01-14,15.52,15.52,15.52,15.52,70.0
2015-01-16,14.83,14.83,14.83,14.83,180.0
2015-01-19,15.0,15.0,15.0,15.0,100.0
2015-01-20,15.0,15.0,15.0,15.0,330.0
2015-01-21,15.0,15.0,15.0,15.0,700.0
2015-01-22,15.0,15.0,15.0,15.0,800.0
2015-01-23,15.0,15.0,14.85,14.85,0.0
2015-01-26,15.0,15.0,15.0,15.0,150.0
2015-01-28,14.83,14.83,14.83,14.83,110.0
2015-01-29,14.83,14.83,14.83,14.83,10.0
2015-01-30,15.0,15.0,15.0,15.0,200.0
2015-02-09,15.0,15.7,14.72,14.72,360.0
2015-02-10,15.0,15.0,14.74,14.75,450.0
2015-02-12,15.0,15.0,15.0,15.0,450.0
2015-02-13,15.0,15.0,15.0,15.0,110.0
2015-02-16,15.01,15.7,15.01,15.7,2130.0
2015-02-17,15.6,15.6,15.6,15.6,10.0
2015-02-18,15.6,15.6,15.6,15.6,150.0
2015-02-19,15.6,15.8,15.6,15.8,7590.0
2015-02-20,15.41,15.78,15.41,15.78,970.0
2015-02-23,15.78,16.5,15.78,16.5,6430.0
2015-02-25,16.17,16.17,16.17,16.17,70.0
2015-02-26,16.17,16.6,16.17,16.6,950.0
2015-02-27,16.05,16.06,16.05,16.05,650.0
2015-03-02,16.05,16.1,16.05,16.1,140.0
2015-03-03,16.11,16.5,16.1,16.5,3750.0
2015-03-04,16.5,16.5,16.5,16.5,0.0
2015-03-05,16.5,16.68,16.5,16.68,1790.0
2015-03-06,16.5,16.75,16.5,16.65,1010.0
2015-03-09,16.65,16.76,16.65,16.65,440.0
2015-03-10,16.65,16.75,16.4,16.75,630.0
2015-03-11,16.58,16.79,16.58,16.79,330.0
2015-03-12,16.75,17.5,16.75,17.4,1360.0
2015-03-13,17.4,17.4,17.23,17.4,110.0
2015-03-16,17.4,18.0,16.75,18.0,3150.0
2015-03-17,18.5,19.5,18.0,19.25,5320.0
2015-03-18,19.41,19.77,18.17,19.0,1640.0
2015-03-19,19.0,19.0,18.01,19.0,1890.0
2015-03-20,18.9,18.9,18.1,18.8,610.0
2015-03-23,18.78,18.79,17.7,18.7,520.0
2015-03-24,18.75,18.75,17.61,18.55,70.0
2015-03-25,18.49,18.5,18.49,18.5,60.0
2015-03-26,18.3,18.3,17.8,17.8,330.0
2015-03-27,17.34,17.8,17.0,17.75,700.0
2015-03-30,18.79,18.79,18.1,18.1,150.0
2015-03-31,18.35,18.35,18.35,18.35,40.0
2015-04-08,18.0,18.0,17.0,17.96,1040.0
2015-04-09,17.73,17.73,17.02,17.1,520.0
2015-04-10,17.1,17.1,17.1,17.1,0.0
2015-04-13,17.1,17.1,17.1,17.1,100.0
2015-04-14,17.1,17.1,16.81,16.81,170.0
2015-04-15,16.81,17.09,16.81,17.09,390.0
2015-04-16,17.08,17.09,17.08,17.09,340.0
2015-04-21,17.2,17.89,17.01,17.01,200.0
2015-04-22,17.06,17.06,17.06,17.06,10.0
2015-04-23,17.11,17.8,17.11,17.21,1850.0
2015-04-27,17.2,17.79,17.2,17.79,90.0
2015-04-28,17.79,17.79,17.79,17.79,10.0
2015-05-04,16.7,17.26,16.7,17.26,210.0
2015-05-05,17.26,17.26,16.64,16.64,980.0
2015-05-06,16.5,16.99,15.71,16.99,1280.0
2015-05-07,16.89,17.99,16.89,17.99,1580.0
2015-05-08,18.29,18.29,18.29,18.29,10.0
2015-05-11,18.28,18.5,18.2,18.2,6590.0
2015-05-12,18.05,18.99,17.9,18.99,13630.0
2015-05-13,18.99,19.0,18.5,18.96,2260.0
2015-05-14,18.95,19.5,18.95,19.5,1290.0
2015-05-15,19.5,19.5,19.5,19.5,720.0
2015-05-18,18.9,18.9,18.82,18.82,1420.0
2015-05-19,18.8,18.8,18.7,18.8,2020.0
2015-05-21,18.8,18.8,18.8,18.8,60.0
2015-05-22,18.31,18.32,18.31,18.32,260.0
2015-05-25,18.32,19.47,18.32,18.65,80.0
2015-05-27,18.2,19.0,18.2,19.0,170.0
2015-05-28,18.95,18.95,18.0,18.9,180.0
2015-05-29,18.55,18.88,17.51,17.51,16500.0
2015-06-01,18.7,18.99,18.7,18.98,1570.0
2015-06-02,18.97,19.0,18.8,19.0,4480.0
2015-06-03,19.0,19.0,18.7,18.7,430.0
2015-06-05,19.0,19.25,19.0,19.25,660.0
2015-06-08,19.4,20.5,19.4,20.49,5650.0
2015-06-09,19.8,20.48,19.51,20.0,1390.0
2015-06-10,19.99,20.34,19.99,20.34,180.0
2015-06-11,19.9,19.9,19.25,19.5,730.0
2015-06-12,19.88,19.88,19.86,19.86,60.0
2015-06-15,19.83,19.83,19.79,19.79,90.0
2015-06-16,19.79,19.79,19.5,19.5,50.0
2015-06-17,18.26,19.76,17.82,19.76,4570.0
2015-06-18,18.5,19.45,18.32,19.45,740.0
2015-06-19,19.44,19.44,19.44,19.44,10.0
2015-06-22,19.18,19.18,18.99,18.99,250.0
2015-06-23,19.16,19.16,19.16,19.16,1050.0
2015-06-24,19.16,19.16,19.16,19.16,50.0
2015-06-25,19.16,19.16,19.0,19.0,44930.0
2015-06-26,19.16,19.16,19.15,19.15,10.0
2015-06-29,19.0,19.0,19.0,19.0,80.0
2015-06-30,18.8,18.8,18.8,18.8,100.0
2015-07-03,18.41,18.41,18.05,18.05,250.0
2015-07-06,18.39,18.39,17.5,18.39,60.0
2015-07-08,18.5,18.5,18.5,18.5,100.0
2015-07-13,18.01,18.42,17.79,18.42,850.0
2015-07-14,17.8,18.4,17.8,18.4,10.0
2015-07-15,18.1,18.28,17.8,18.28,20.0
2015-07-16,18.27,18.42,17.9,18.42,500.0
2015-07-20,18.3,18.42,18.3,18.42,490.0
2015-07-21,18.42,18.59,18.42,18.59,640.0
2015-07-22,18.21,18.22,18.21,18.22,960.0
2015-07-23,18.59,18.6,18.59,18.6,1100.0
2015-07-24,18.7,18.7,18.6,18.6,570.0
2015-07-27,18.61,18.61,18.6,18.6,120.0
2015-07-28,18.6,18.6,18.6,18.6,150.0
2015-07-29,18.61,18.61,18.61,18.61,0.0
2015-07-30,18.61,19.01,18.6,19.01,1790.0
2015-07-31,19.01,19.01,19.01,19.01,50.0
2015-08-03,19.18,19.2,19.01,19.01,5460.0
2015-08-04,18.61,19.0,18.61,19.0,2810.0
2015-08-05,18.61,19.01,18.6,19.01,4150.0
2015-08-06,19.0,19.0,18.6,19.0,1040.0
2015-08-10,18.94,18.98,18.94,18.98,200.0
2015-08-11,19.01,19.9,18.94,18.94,11110.0
2015-08-12,18.96,19.39,18.94,19.39,2130.0
2015-08-13,18.2,18.97,18.2,18.97,650.0
2015-08-14,18.61,18.65,18.61,18.62,3340.0
2015-08-17,18.51,18.51,18.51,18.51,150.0
2015-08-18,18.51,18.51,18.51,18.51,260.0
2015-08-19,18.51,18.51,18.51,18.51,30.0
2015-08-21,18.51,18.51,18.51,18.51,40.0
2015-08-24,18.51,18.51,18.11,18.11,1260.0
2015-08-25,18.11,18.11,18.11,18.11,70.0
2015-08-26,18.12,18.5,18.11,18.5,1540.0
2015-08-27,18.5,18.79,18.41,18.41,300.0
2015-08-28,18.61,18.96,18.61,18.96,0.0
2015-08-31,18.72,18.73,18.6,18.69,4340.0
2015-09-01,18.68,18.68,18.68,18.68,10.0
2015-09-02,18.69,18.69,18.5,18.5,40.0
2015-09-03,18.32,18.59,18.31,18.59,70.0
2015-09-07,18.45,18.45,18.45,18.45,220.0
2015-09-08,18.31,18.69,18.31,18.31,2100.0
2015-09-09,18.3,18.3,18.3,18.3,60.0
2015-09-10,17.8,17.8,17.8,17.8,1940.0
2015-09-11,17.81,18.3,17.81,18.27,200.0
2015-09-14,18.26,18.31,18.26,18.31,2029.9999999999998
2015-09-15,18.31,18.31,18.13,18.16,70.0
2015-09-16,18.48,18.48,18.1,18.1,30.0
2015-09-17,18.2,18.2,17.73,17.73,2000.0
2015-09-18,18.3,18.48,18.0,18.19,200.0
2015-09-21,18.46,18.46,17.0,18.46,280.0
2015-09-22,18.2,18.44,18.2,18.44,240.0
2015-09-23,18.26,18.26,18.26,18.26,2029.9999999999998
2015-09-24,17.88,17.88,17.03,17.42,51230.0
2015-09-25,17.44,17.44,17.4,17.44,50.0
2015-09-28,17.44,17.79,17.44,17.79,1530.0
2015-09-29,17.8,18.39,17.8,18.29,780.0
2015-09-30,18.39,19.4,18.39,19.4,1550.0
2015-10-02,19.39,19.39,19.3,19.3,120.0
2015-10-07,18.74,18.74,18.66,18.66,600.0
2015-10-08,18.66,19.07,18.66,18.7,180.0
2015-10-09,18.7,19.38,18.7,19.38,20890.0
2015-10-12,19.24,19.89,19.24,19.89,2280.0
2015-10-13,19.89,19.89,18.4,18.78,1170.0
2015-10-14,18.8,19.55,18.78,18.94,2090.0
2015-10-15,18.78,19.09,18.43,19.09,150.0
2015-10-16,19.04,19.1,18.43,19.0,1900.0
2015-10-19,18.87,19.0,18.43,19.0,400.0
2015-10-20,18.81,18.91,18.75,18.75,1420.0
2015-10-21,18.9,18.9,18.85,18.85,40.0
2015-10-22,19.0,19.0,19.0,19.0,630.0
2015-10-23,18.65,18.65,18.51,18.51,27870.0
2015-10-26,18.55,18.55,18.45,18.52,230.0
2015-10-27,19.31,19.31,18.53,18.53,1670.0
2015-10-28,19.34,19.34,18.41,18.49,400.0
2015-10-29,19.32,19.32,18.41,18.52,830.0
2015-10-30,19.11,19.11,18.73,18.8,390.0
2015-11-02,19.29,19.29,18.73,18.8,330.0
2015-11-03,19.0,19.31,18.73,18.77,990.0
2015-11-04,19.37,19.55,18.8,19.03,520.0
2015-11-05,19.04,20.09,19.02,19.06,2950.0
2015-11-10,19.06,19.21,19.06,19.21,130.0
2015-11-12,19.21,19.9,19.21,19.6,2050.0
2015-11-13,19.5,19.5,19.5,19.5,40.0
2015-11-16,19.2,19.5,19.02,19.5,370.0
2015-11-17,19.75,19.75,19.5,19.75,730.0
2015-11-18,19.74,20.41,19.74,20.41,8170.0
2015-11-19,20.4,20.5,20.02,20.4,4120.0
2015-11-20,20.5,20.5,20.25,20.4,230.0
2015-11-23,20.5,21.2,20.4,21.0,8890.0
2015-11-24,21.2,21.2,20.8,21.13,6700.0
2015-11-25,21.13,21.13,20.8,20.8,960.0
2015-11-26,20.8,21.0,20.8,21.0,250.0
2015-11-27,21.0,21.02,21.0,21.0,2630.0
2015-11-30,21.0,21.0,21.0,21.0,570.0
2015-12-01,21.0,21.02,21.0,21.0,2550.0
2015-12-02,21.0,21.15,21.0,21.0,3070.0
2015-12-03,20.51,21.15,20.51,21.15,400.0
2015-12-04,20.5,21.0,19.02,21.0,2150.0
2015-12-07,20.5,21.14,20.5,21.14,180.0
2015-12-08,21.1,21.1,21.1,21.1,380.0
2015-12-09,20.41,20.88,20.4,20.88,2190.0
2015-12-10,20.98,21.2,20.05,20.05,3550.0
2015-12-11,20.2,21.6,20.2,21.0,3830.0
2015-12-14,20.51,21.45,20.51,21.43,1840.0
2015-12-15,21.0,21.0,21.0,21.0,1520.0
2015-12-16,21.0,21.0,20.79,20.79,300.0
2015-12-17,20.78,21.8,20.78,21.8,1110.0
2015-12-18,21.5,21.5,21.5,21.5,290.0
2015-12-21,21.7,21.7,20.4,21.7,1720.0
2015-12-23,21.49,21.5,20.6,21.5,2380.0
2015-12-28,21.6,22.7,21.6,22.7,3100.0
2015-12-29,22.8,23.49,22.8,22.99,3580.0
2015-12-30,22.01,22.99,22.01,22.99,2029.9999999999998
2016-01-04,22.0,22.99,21.11,22.99,390.0
2016-01-05,22.99,22.99,22.96,22.96,1150.0
2016-01-07,22.55,22.88,22.0,22.88,90.0
2016-01-11,21.51,21.99,21.5,21.99,900.0
2016-01-12,21.3,22.44,21.3,21.35,3550.0
2016-01-13,21.4,21.4,21.4,21.4,260.0
2016-01-14,21.35,21.35,19.3,20.81,430.0
2016-01-15,20.81,21.15,20.81,20.81,670.0
2016-01-18,19.5,19.7,19.16,19.16,1040.0
2016-01-19,19.17,19.5,19.17,19.5,1150.0
2016-01-21,19.17,19.17,19.17,19.17,10.0
2016-01-22,19.5,19.5,19.3,19.3,200.0
2016-01-25,19.5,19.5,19.5,19.5,10000.0
2016-01-27,19.99,20.99,19.99,20.5,300.0
2016-01-28,19.5,19.99,19.5,19.99,4150.0
2016-01-29,19.5,20.3,19.5,20.3,15000.0
2016-02-01,19.5,19.99,19.3,19.99,2240.0
2016-02-02,19.5,19.99,19.43,19.99,310.0
2016-02-03,19.46,19.99,19.3,19.3,1020.0
2016-02-04,19.3,19.4,19.3,19.4,110.0
2016-02-05,19.7,19.7,19.4,19.6,2070.0
2016-02-09,19.3,19.3,19.3,19.3,60.0
2016-02-10,19.17,19.98,19.11,19.98,270.0
2016-02-11,19.51,19.51,19.51,19.51,920.0
2016-02-12,19.02,19.89,19.01,19.89,340.0
2016-02-15,19.89,19.89,19.89,19.89,490.0
2016-02-16,19.89,19.89,19.68,19.68,480.0
2016-02-17,19.5,19.5,19.48,19.5,1350.0
2016-02-18,19.04,19.04,17.14,18.5,4690.0
2016-02-22,19.18,19.18,18.4,18.4,110.0
2016-02-23,19.18,19.19,19.18,19.19,110.0
2016-02-25,19.19,19.19,19.19,19.19,390.0
2016-03-01,19.19,19.19,19.19,19.19,40.0
2016-03-03,18.81,19.88,18.81,19.88,80.0
2016-03-04,18.62,19.48,18.62,19.48,590.0
2016-03-07,19.31,19.31,19.31,19.31,100.0
2016-03-10,18.52,19.3,18.5,19.3,150.0
2016-03-11,19.3,19.3,19.3,19.3,50.0
2016-03-14,19.3,19.4,19.3,19.4,90.0
2016-03-15,19.4,19.4,19.4,19.4,220.0
2016-03-16,19.88,19.88,19.44,19.88,6680.0
2016-03-17,19.98,21.29,19.88,20.74,1240.0
2016-03-18,19.47,20.74,19.47,19.5,630.0
2016-03-21,19.5,20.5,18.91,19.79,1580.0
2016-03-22,19.5,19.5,18.94,19.46,580.0
2016-03-23,19.46,19.46,18.65,18.65,1780.0
2016-03-24,19.19,19.29,18.65,19.29,370.0
2016-03-29,18.68,19.28,18.68,18.86,1320.0
2016-03-30,18.83,19.49,18.8,19.4,1200.0
2016-03-31,19.48,19.5,19.2,19.5,1810.0
2016-04-01,19.5,19.5,19.5,19.5,50.0
2016-04-04,19.5,19.5,19.5,19.5,40.0
2016-04-05,19.5,19.5,19.5,19.5,20.0
2016-04-06,19.3,19.3,19.3,19.3,110.0
2016-04-07,19.5,19.5,19.5,19.5,10.0
2016-04-08,19.5,19.5,19.5,19.5,10.0
2016-04-11,19.5,19.5,18.51,19.5,670.0
2016-04-12,19.5,19.5,19.0,19.5,20.0
2016-04-13,19.5,19.5,19.5,19.5,0.0
2016-04-14,19.5,19.5,19.5,19.5,0.0
2016-04-15,19.5,19.5,19.5,19.5,10.0
2016-04-18,19.1,19.4,19.03,19.03,70.0
2016-04-19,19.4,19.49,18.6,19.3,550.0
2016-04-20,19.49,19.49,19.49,19.49,80.0
2016-04-21,19.48,19.48,19.48,19.48,10.0
2016-04-22,19.48,19.48,19.45,19.45,10.0
2016-04-25,19.48,19.48,19.31,19.48,710.0
2016-04-26,19.48,19.48,19.48,19.48,10.0
2016-04-27,19.48,19.5,19.29,19.5,4860.0
2016-04-28,19.5,20.35,19.5,19.98,1000.0
2016-04-29,19.88,20.3,19.88,19.98,330.0
2016-05-02,20.28,20.35,20.28,20.3,970.0
2016-05-04,20.31,20.4,19.93,19.93,10120.0
2016-05-05,19.94,20.3,19.94,20.3,170.0
2016-05-06,20.29,20.3,20.0,20.3,2020.0
2016-05-09,20.35,20.35,20.1,20.1,10.0
2016-05-10,20.1,20.1,20.1,20.1,10.0
2016-05-11,20.1,20.1,19.9,20.1,340.0
2016-05-12,20.26,21.0,20.26,20.61,5290.0
2016-05-13,20.61,21.09,20.4,21.0,1610.0
2016-05-16,21.0,21.0,20.6,20.9,840.0
2016-05-17,21.0,21.0,20.95,20.95,1070.0
2016-05-18,21.0,21.0,21.0,21.0,10.0
2016-05-19,21.0,21.0,20.6,20.6,100.0
2016-05-20,21.0,21.0,21.0,21.0,0.0
2016-05-23,21.0,21.33,20.52,21.33,620.0
2016-05-24,21.0,21.6,20.81,21.6,380.0
2016-05-25,21.6,21.6,21.49,21.5,930.0
2016-05-27,21.5,21.5,21.5,21.5,110.0
2016-05-30,21.45,21.45,21.0,21.0,21150.0
2016-05-31,21.4,21.74,21.0,21.0,1540.0
2016-06-01,21.69,21.69,20.8,21.0,25240.0
2016-06-02,21.3,21.3,20.8,20.8,260.0
2016-06-03,20.59,21.2,20.59,21.2,170.0
2016-06-06,21.2,21.2,21.2,21.2,40.0
2016-06-07,21.2,21.29,21.2,21.29,140.0
2016-06-08,21.29,21.29,21.29,21.29,40.0
2016-06-09,21.3,21.3,21.0,21.3,22970.0
2016-06-10,21.3,21.3,21.0,21.0,80020.0
2016-06-13,21.3,21.3,20.6,21.0,280.0
2016-06-14,21.0,21.44,20.59,21.0,1740.0
2016-06-15,21.0,21.0,21.0,21.0,1620.0
2016-06-16,21.0,21.0,21.0,21.0,4780.0
2016-06-17,20.58,21.0,20.58,21.0,1090.0
2016-06-21,21.0,21.0,21.0,21.0,40.0
2016-06-22,21.0,21.0,21.0,21.0,27570.0
2016-06-23,21.0,21.49,21.0,21.2,770.0
2016-06-24,20.55,20.7,20.55,20.7,390.0
2016-06-27,20.19,20.99,20.0,20.99,3510.0
2016-06-28,20.5,20.7,20.5,20.7,800.0
2016-06-29,20.94,20.94,20.5,20.6,1270.0
2016-06-30,20.5,20.5,20.0,20.5,1670.0
2016-07-01,20.5,20.5,20.5,20.5,260.0
2016-07-04,19.7,20.5,19.7,20.5,50010.0
2016-07-05,20.78,20.78,20.78,20.78,30.0
2016-07-07,20.5,20.5,20.5,20.5,1000.0
2016-07-11,20.5,20.5,20.5,20.5,0.0
2016-07-12,20.5,20.88,20.2,20.88,130.0
2016-07-13,20.2,20.9,20.2,20.9,150.0
2016-07-14,20.2,20.2,20.1,20.1,10.0
2016-07-15,20.5,20.5,20.1,20.49,20.0
2016-07-18,20.5,20.5,20.49,20.49,30.0
2016-07-19,20.49,20.49,20.49,20.49,10.0
2016-07-20,20.49,20.49,20.49,20.49,20.0
2016-07-21,20.25,20.26,20.25,20.26,100.0
2016-07-22,20.49,20.99,20.49,20.99,98910.0
2016-07-25,20.98,20.99,20.98,20.99,70.0
2016-07-26,20.99,21.5,20.99,21.5,1470.0
2016-07-27,21.5,21.5,21.5,21.5,10.0
2016-07-28,21.5,21.5,21.5,21.5,10.0
2016-07-29,21.5,21.5,21.45,21.45,10.0
2016-08-01,21.45,21.45,21.45,21.45,10.0
2016-08-02,21.45,21.45,21.45,21.45,0.0
2016-08-03,21.8,21.8,21.8,21.8,100.0
2016-08-04,21.8,21.8,21.8,21.8,30.0
2016-08-05,21.8,21.8,21.8,21.8,10.0
2016-08-08,21.8,21.8,21.8,21.8,10.0
2016-08-09,21.8,21.8,21.58,21.8,10.0
2016-08-10,21.8,21.8,21.7,21.7,10.0
2016-08-11,21.7,21.7,21.2,21.2,10.0
2016-08-16,21.35,21.35,21.35,21.35,120.0
2016-08-17,21.32,21.35,21.3,21.3,140.0
2016-08-18,21.25,21.25,21.25,21.25,30.0
2016-08-19,21.2,21.2,21.1,21.1,20.0
2016-08-22,21.0,21.0,21.0,21.0,0.0
2016-08-23,21.0,21.0,20.77,20.77,600.0
2016-08-24,20.77,21.6,20.77,21.01,60.0
2016-08-25,21.0,22.9,21.0,22.6,4610.0
2016-08-26,22.9,23.35,22.9,23.0,5230.0
2016-08-29,23.1,23.15,23.1,23.1,430.0
2016-08-30,23.1,23.1,23.1,23.1,670.0
2016-08-31,23.1,23.1,23.1,23.1,40.0
2016-09-01,23.1,24.5,23.1,24.5,900.0
2016-09-02,24.5,29.55,24.5,27.45,14410.0
2016-09-05,27.5,28.34,27.0,27.2,8290.0
2016-09-06,27.2,27.21,26.8,26.95,4760.0
2016-09-07,26.95,26.95,25.92,26.5,7010.0
2016-09-08,26.5,26.5,25.95,25.99,490.0
2016-09-09,25.6,26.59,25.5,25.89,570.0
2016-09-12,25.67,26.2,24.8,25.79,2029.9999999999998
2016-09-13,25.5,25.79,24.8,24.8,2310.0
2016-09-14,25.3,25.3,24.6,25.3,320.0
2016-09-15,25.3,25.6,25.3,25.4,1260.0
2016-09-16,25.5,26.15,25.5,26.15,860.0
2016-09-19,26.15,26.15,26.15,26.15,90.0
2016-09-20,25.65,25.89,25.6,25.6,470.0
2016-09-21,25.6,25.6,24.4,24.9,1860.0
2016-09-22,24.3,24.5,24.3,24.5,120.0
2016-09-23,24.49,24.49,23.8,24.2,120.0
2016-09-26,23.72,23.9,23.72,23.8,500.0
2016-09-27,24.19,24.19,23.5,23.8,900.0
2016-09-28,23.9,25.0,23.9,24.79,4090.0
2016-09-29,24.79,24.9,24.79,24.9,560.0
2016-09-30,24.25,25.3,24.25,25.3,1600.0
2016-10-03,25.3,25.3,25.3,25.3,0.0
2016-10-04,25.0,25.0,24.88,25.0,1090.0
2016-10-05,25.0,25.0,24.32,24.32,250.0
2016-10-06,24.09,24.2,24.0,24.0,810.0
2016-10-07,24.0,24.0,23.89,23.89,240.0
2016-10-10,23.9,23.9,23.51,23.89,680.0
2016-10-11,23.89,23.89,23.89,23.89,40.0
2016-10-12,23.89,23.89,23.02,23.8,1150.0
2016-10-13,23.8,23.8,23.51,23.74,190.0
2016-10-14,23.65,23.74,23.1,23.74,1020.0
2016-10-17,23.79,23.79,23.2,23.51,170.0
2016-10-18,23.74,23.74,23.7,23.7,90.0
2016-10-19,23.52,23.52,23.06,23.49,260.0
2016-10-20,23.49,23.49,23.49,23.49,10.0
2016-10-21,23.49,23.49,23.49,23.49,10.0
2016-10-24,23.52,23.52,23.01,23.51,140.0
2016-10-25,23.52,23.52,23.5,23.5,2470.0
2016-10-26,23.5,23.5,23.5,23.5,180.0
2016-10-27,23.5,23.5,22.0,22.6,1780.0
2016-10-28,22.5,22.7,22.5,22.7,210.0
2016-10-31,22.71,23.53,22.71,23.51,1090.0
2016-11-02,23.51,23.6,23.21,23.21,500.0
2016-11-03,23.41,23.41,22.6,22.6,430.0
2016-11-04,22.61,22.63,22.61,22.63,160.0
2016-11-07,23.0,23.0,23.0,23.0,20.0
2016-11-08,23.2,24.18,23.2,24.18,1250.0
2016-11-09,22.9,25.0,22.9,24.0,4520.0
2016-11-10,24.0,24.0,23.9,23.9,370.0
2016-11-14,23.7,23.7,23.5,23.5,250.0
2016-11-15,23.45,23.45,23.02,23.02,160.0
2016-11-16,23.1,23.1,21.0,22.01,1230.0
2016-11-17,22.01,22.7,22.01,22.7,240.0
2016-11-18,22.68,22.68,22.01,22.1,580.0
2016-11-21,22.1,22.4,22.1,22.4,20.0
2016-11-22,22.11,22.39,21.69,22.18,380.0
2016-11-23,22.38,22.38,22.38,22.38,10.0
2016-11-24,22.38,22.38,21.81,22.38,350.0
2016-11-25,22.38,24.3,21.8,23.7,13300.0
2016-11-28,23.95,24.0,23.8,23.97,4240.0
2016-11-29,23.9,24.15,23.9,24.15,2260.0
2016-11-30,24.15,24.85,24.15,24.51,5440.0
2016-12-01,24.8,25.39,24.65,25.38,12390.0
2016-12-02,25.35,25.35,24.87,25.0,6900.0
2016-12-05,25.1,25.24,24.8,24.95,920.0
2016-12-06,25.15,25.15,24.8,25.0,3730.0
2016-12-07,24.99,25.0,24.3,24.7,730.0
2016-12-08,24.75,25.14,24.55,25.14,7310.0
2016-12-09,24.96,25.08,24.65,24.67,17960.0
2016-12-12,24.9,25.0,24.66,25.0,9790.0
2016-12-13,24.8,25.0,24.8,24.81,22870.0
2016-12-14,25.05,25.05,24.86,24.96,201370.0
2016-12-15,25.2,25.25,24.87,25.0,55060.0
2016-12-16,24.9,24.92,24.78,24.92,1490.0
2016-12-19,24.92,24.92,24.8,24.8,680.0
2016-12-20,24.86,24.86,24.79,24.79,80.0
2016-12-21,24.8,24.8,24.79,24.79,80.0
2016-12-22,24.79,24.79,24.5,24.5,590.0
2016-12-23,24.79,24.9,24.75,24.9,2000.0
2016-12-27,24.9,24.9,24.3,24.3,420.0
2016-12-28,24.44,24.85,24.44,24.85,2800.0
2016-12-29,24.9,25.0,24.9,25.0,1100.0
2016-12-30,24.98,24.98,24.7,24.8,40320.0
2017-01-02,24.9,24.9,24.71,24.71,930.0
2017-01-03,24.71,24.95,24.6,24.95,1680.0
2017-01-04,24.83,24.91,24.8,24.8,33340.0
2017-01-05,24.94,24.94,24.9,24.9,40.0
2017-01-09,24.9,25.09,24.9,25.0,16520.0
2017-01-10,25.0,25.05,24.83,24.83,3410.0
2017-01-11,24.81,25.04,24.81,25.04,120.0
2017-01-12,25.05,25.05,25.05,25.05,10.0
2017-01-13,25.05,25.05,24.91,25.0,1070.0
2017-01-16,25.1,25.1,25.05,25.05,750.0
2017-01-17,25.1,25.1,25.0,25.0,120.0
2017-01-18,25.1,25.1,24.95,25.09,230.0
2017-01-19,25.0,25.0,25.0,25.0,11250.0
2017-01-20,25.05,25.25,25.0,25.1,1500.0
2017-01-23,25.14,25.14,24.91,25.14,440.0
2017-01-24,25.14,25.14,24.91,24.91,70200.0
2017-01-25,25.1,25.15,24.91,25.05,101510.0
2017-01-26,25.05,25.89,25.0,25.52,61440.0
2017-01-27,25.88,25.88,25.02,25.83,3850.0
2017-01-30,25.88,25.88,25.32,25.6,790.0
2017-01-31,25.6,25.87,25.6,25.87,91310.0
2017-02-01,25.88,26.9,25.88,26.7,20210.0
2017-02-02,26.7,26.77,25.78,26.1,2320.0
2017-02-03,26.49,26.49,25.7,26.2,3580.0
2017-02-06,26.2,26.2,25.61,25.87,84560.0
2017-02-07,25.99,25.99,25.6,25.9,110.0
2017-02-08,25.6,25.6,25.4,25.6,870.0
2017-02-09,25.6,26.43,25.5,26.43,1840.0
2017-02-10,26.43,26.43,25.4,26.3,1060.0
2017-02-13,26.43,26.43,26.29,26.29,220.0
2017-02-14,25.8,25.8,25.23,25.8,33130.0
2017-02-15,25.5,25.9,25.5,25.9,190.0
2017-02-16,26.2,26.2,25.99,25.99,170.0
2017-02-17,26.29,26.29,26.0,26.0,10.0
2017-02-20,25.99,25.99,25.9,25.96,420.0
2017-02-21,25.96,25.96,25.5,25.5,1360.0
2017-02-22,25.23,25.6,25.0,25.6,870.0
2017-02-23,25.2,25.3,24.79,25.0,4390.0
2017-02-24,25.0,25.0,24.3,24.5,1110.0
2017-02-27,24.5,24.52,24.5,24.5,360.0
2017-02-28,24.46,24.46,24.3,24.3,1120.0
2017-03-01,24.2,24.95,23.61,24.6,5360.0
2017-03-02,24.63,25.0,24.63,24.9,830.0
2017-03-03,24.7,24.8,24.41,24.8,270.0
2017-03-06,24.85,24.89,24.85,24.89,770.0
2017-03-07,24.9,25.98,24.9,25.45,4630.0
2017-03-08,25.01,25.65,25.01,25.65,4640.0
2017-03-09,25.8,26.7,25.0,25.99,26380.0
2017-03-10,25.99,25.99,25.95,25.95,690.0
2017-03-13,26.0,26.0,25.71,25.71,6760.0
2017-03-14,26.0,26.0,25.4,25.4,560.0
2017-03-15,25.5,25.5,25.5,25.5,120.0
2017-03-16,25.15,25.3,25.1,25.3,130.0
2017-03-17,25.3,26.0,25.3,26.0,780.0
2017-03-20,25.6,25.9,25.12,25.8,290.0
2017-03-21,25.61,25.61,25.11,25.13,1290.0
2017-03-22,25.11,25.5,25.02,25.5,330.0
2017-03-23,25.61,25.61,25.05,25.59,500.0
2017-03-24,25.03,25.11,25.02,25.1,530.0
2017-03-27,25.02,25.1,25.02,25.1,1150.0
2017-03-28,25.1,25.1,24.55,25.0,1160.0
2017-03-29,25.0,25.29,24.56,25.29,480.0
2017-03-30,25.25,25.25,25.0,25.0,230.0
2017-03-31,25.29,25.43,24.55,25.43,350.0
2017-04-04,25.5,25.6,24.7,24.7,10310.0
2017-04-05,25.0,25.65,25.0,25.37,11570.0
2017-04-06,25.3,25.8,25.25,25.8,610.0
2017-04-07,25.31,25.5,25.31,25.5,110.0
2017-04-10,25.5,25.5,25.0,25.0,380.0
2017-04-11,25.6,25.6,25.0,25.0,1850.0
2017-04-12,25.0,25.5,25.0,25.5,110.0
2017-04-13,25.5,25.5,24.5,24.99,630.0
2017-04-18,25.0,25.44,25.0,25.44,200.0
2017-04-19,25.44,25.44,25.44,25.44,10.0
2017-04-20,25.44,25.44,25.44,25.44,10.0
2017-04-21,25.77,25.77,25.0,25.6,530.0
2017-04-24,25.6,25.6,25.2,25.2,10.0
2017-04-25,25.3,25.3,24.81,25.3,120.0
2017-04-26,25.3,25.3,24.82,24.82,130.0
2017-04-27,24.8,24.8,24.69,24.69,290.0
2017-04-28,24.6,24.8,24.51,24.8,420.0
2017-05-02,25.0,25.2,24.9,24.9,370.0
2017-05-04,24.51,25.65,24.51,25.6,2690.0
2017-05-05,25.5,25.5,25.0,25.0,520.0
2017-05-08,24.91,25.1,24.91,25.05,1500.0
2017-05-09,25.05,25.05,25.0,25.0,3190.0
2017-05-10,25.02,25.02,25.02,25.02,400.0
2017-05-11,25.02,25.02,25.0,25.0,4700.0
2017-05-12,25.0,25.2,25.0,25.2,1690.0
2017-05-15,25.2,25.2,25.2,25.2,10.0
2017-05-16,25.05,25.05,25.05,25.05,50.0
2017-05-17,25.02,25.2,24.6,24.8,1990.0
2017-05-18,25.0,26.2,24.5,26.19,17440.0
2017-05-19,26.2,26.2,25.6,25.9,4760.0
2017-05-22,26.2,26.2,25.5,26.0,1860.0
2017-05-23,26.2,27.3,26.01,26.2,18100.0
2017-05-24,26.6,26.6,25.2,26.0,7910.0
2017-05-25,25.3,26.0,25.3,25.97,1130.0
2017-05-26,25.9,25.96,25.55,25.95,570.0
2017-05-29,25.95,25.95,25.7,25.93,500.0
2017-05-30,25.94,25.95,25.7,25.7,5080.0
2017-05-31,25.94,25.94,25.6,25.85,110.0
2017-06-01,25.5,25.66,25.0,25.2,14220.0
2017-06-02,25.1,25.29,24.2,25.29,1850.0
2017-06-05,25.29,25.3,25.2,25.3,450.0
2017-06-06,25.39,25.4,25.3,25.4,590.0
2017-06-07,25.0,25.3,25.0,25.3,340.0
2017-06-08,25.5,25.5,25.0,25.48,1660.0
2017-06-09,25.49,25.6,25.3,25.5,390.0
2017-06-12,25.59,25.59,25.0,25.3,250.0
2017-06-13,25.0,25.4,25.0,25.4,80.0
2017-06-14,25.4,25.5,25.1,25.45,230.0
2017-06-16,25.59,25.59,25.49,25.5,170.0
2017-06-19,25.5,25.5,25.0,25.45,520.0
2017-06-20,25.4,25.4,25.0,25.3,420.0
2017-06-21,25.4,25.4,24.03,25.0,2250.0
2017-06-22,25.1,25.2,25.1,25.2,80.0
2017-06-23,25.34,25.34,24.85,25.0,260.0
2017-06-26,24.9,25.0,24.8,25.0,1730.0
2017-06-27,25.0,25.0,25.0,25.0,290.0
2017-06-28,25.0,25.1,24.5,25.1,7460.0
2017-06-29,25.0,25.0,24.69,25.0,510.0
2017-06-30,25.0,25.0,24.51,24.96,800.0
2017-07-03,24.53,24.99,24.53,24.99,740.0
2017-07-04,24.8,25.0,24.8,25.0,650.0
2017-07-05,24.84,24.86,24.2,24.83,1660.0
2017-07-06,24.25,24.88,24.25,24.88,920.0
2017-07-07,24.95,24.95,24.45,24.94,130.0
2017-07-11,24.95,24.95,24.95,24.95,80.0
2017-07-12,24.9,25.15,24.7,25.15,980.0
2017-07-13,25.0,25.0,24.5,25.0,50.0
2017-07-14,25.0,25.0,25.0,25.0,10.0
2017-07-17,25.0,25.0,24.99,24.99,730.0
2017-07-18,25.0,25.1,24.99,25.1,750.0
2017-07-19,25.2,25.22,25.2,25.22,10.0
2017-07-20,25.2,25.2,25.2,25.2,2480.0
2017-07-21,25.2,25.2,25.0,25.2,140.0
2017-07-24,24.4,24.7,24.4,24.7,60.0
2017-07-25,24.85,24.85,24.84,24.84,110.0
2017-07-26,24.8,24.8,24.4,24.4,160.0
2017-07-27,24.4,24.4,24.39,24.39,10.0
2017-07-28,24.4,24.8,24.2,24.8,110.0
2017-08-01,24.79,24.79,24.79,24.79,10.0
2017-08-02,24.79,24.79,23.35,23.35,1020.0
2017-08-03,23.35,23.4,22.98,23.0,1200.0
2017-08-04,23.0,23.62,23.0,23.15,990.0
2017-08-07,23.16,23.99,23.15,23.99,440.0
2017-08-08,23.95,23.95,23.0,23.5,430.0
2017-08-09,23.0,23.0,22.1,23.0,250.0
2017-08-10,23.0,23.1,23.0,23.0,450.0
2017-08-11,23.1,23.1,22.7,22.7,110.0
2017-08-14,22.6,23.1,22.3,23.1,690.0
2017-08-16,22.6,23.0,22.6,22.6,150.0
2017-08-17,22.5,22.5,22.1,22.1,390.0
2017-08-18,22.2,23.0,22.2,23.0,310.0
2017-08-21,23.0,23.0,23.0,23.0,10.0
2017-08-22,22.9,22.9,22.9,22.9,40.0
2017-08-23,22.44,22.5,22.44,22.5,60.0
2017-08-24,22.5,22.57,22.1,22.57,1240.0
2017-08-25,22.45,22.45,22.45,22.45,0.0
2017-08-28,22.55,22.55,22.41,22.41,110.0
2017-08-29,22.0,22.41,20.11,21.5,1210.0
2017-08-30,21.5,21.68,21.5,21.68,480.0
2017-08-31,21.21,21.94,21.21,21.94,1600.0
2017-09-01,22.0,22.45,22.0,22.45,60.0
2017-09-05,22.5,23.4,21.9,21.9,1710.0
2017-09-06,22.3,22.7,22.3,22.3,590.0
2017-09-07,22.69,22.89,22.69,22.88,340.0
2017-09-08,22.79,22.79,22.3,22.3,1120.0
2017-09-11,22.89,22.89,22.8,22.8,30.0
2017-09-12,22.89,22.89,22.66,22.66,40.0
2017-09-13,22.89,22.89,22.0,22.0,460.0
2017-09-14,22.2,22.49,22.2,22.38,480.0
2017-09-15,22.57,24.13,22.57,23.9,3270.0
2017-09-18,23.9,24.98,23.83,24.98,1400.0
2017-09-19,24.88,24.88,24.1,24.1,20.0
2017-09-20,24.98,25.35,24.98,24.99,1150.0
2017-09-21,25.0,25.0,25.0,25.0,0.0
2017-09-22,24.2,24.9,24.2,24.8,230.0
2017-09-25,24.79,24.79,24.79,24.79,0.0
2017-09-26,24.77,24.77,24.4,24.4,30.0
2017-09-27,24.4,24.4,24.22,24.22,20.0
2017-09-28,24.75,24.75,24.75,24.75,20.0
2017-09-29,24.22,24.78,24.15,24.7,440.0
2017-10-02,24.69,25.2,24.69,24.93,4059.9999999999995
2017-10-03,24.94,24.94,24.66,24.66,270.0
2017-10-04,24.5,24.85,24.3,24.7,1070.0
2017-10-05,24.7,24.93,24.4,24.83,15900.0
2017-10-06,24.9,24.9,24.8,24.87,1130.0
2017-10-09,24.92,24.92,24.75,24.85,940.0
2017-10-10,24.92,24.92,24.8,24.8,1350.0
2017-10-11,24.8,24.89,24.58,24.8,3140.0
2017-10-12,25.0,25.35,24.8,24.8,4500.0
2017-10-13,25.29,25.29,24.65,24.8,3050.0
2017-10-16,24.99,24.99,24.45,24.8,1460.0
2017-10-17,24.68,24.68,24.64,24.64,1180.0
2017-10-18,24.59,24.59,23.55,24.12,1340.0
2017-10-19,23.98,23.98,23.45,23.45,2000.0
2017-10-20,23.47,23.57,23.47,23.57,1270.0
2017-10-23,23.57,23.57,22.7,22.7,3460.0
2017-10-24,22.7,22.7,22.6,22.6,450.0
2017-10-25,22.89,22.9,21.9,22.45,11720.0
2017-10-26,22.39,22.39,21.75,22.32,8119.999999999999
2017-10-27,22.31,22.45,22.31,22.4,23650.0
2017-10-30,22.45,22.55,21.75,21.75,3290.0
2017-10-31,22.0,22.0,21.05,21.4,6430.0
2017-11-02,21.48,21.48,21.3,21.3,1090.0
2017-11-03,21.3,21.7,21.3,21.7,650.0
2017-11-06,21.7,21.7,21.55,21.66,1220.0
2017-11-08,21.66,21.66,21.5,21.5,750.0
2017-11-09,21.49,21.49,21.0,21.0,2290.0
2017-11-10,20.56,21.39,20.56,20.6,1690.0
2017-11-13,20.6,20.6,19.6,19.9,1900.0
2017-11-14,19.9,20.0,19.9,20.0,470.0
2017-11-15,20.6,20.9,20.0,20.06,10010.0
2017-11-16,20.06,20.99,20.0,20.99,550.0
2017-11-17,20.5,20.5,20.0,20.05,40530.0
2017-11-20,20.2,21.89,20.2,20.7,81900.0
2017-11-21,20.7,21.5,20.7,21.5,1480.0
2017-11-22,21.5,21.5,21.38,21.4,260.0
2017-11-23,21.48,22.7,21.48,22.7,2380.0
2017-11-24,22.7,24.18,22.68,24.0,2330.0
2017-11-27,23.99,24.4,23.99,24.4,310.0
2017-11-28,24.35,24.35,22.3,24.29,3230.0
2017-11-29,23.51,24.05,23.5,24.04,3420.0
2017-11-30,24.0,24.0,23.0,23.82,6560.0
2017-12-01,23.82,23.82,22.6,23.61,2440.0
2017-12-04,22.6,23.4,22.5,23.4,1970.0
2017-12-05,23.2,23.2,22.61,23.2,880.0
2017-12-06,23.19,23.19,23.17,23.17,540.0
2017-12-07,23.17,23.17,23.17,23.17,0.0
2017-12-08,23.17,23.17,23.17,23.17,0.0
2017-12-11,23.0,23.0,23.0,23.0,0.0
2017-12-12,23.0,23.17,22.8,23.01,30.0
2017-12-13,22.8,23.19,22.8,23.19,1030.0
2017-12-14,23.2,23.2,22.61,23.0,1200.0
2017-12-15,23.0,23.0,23.0,23.0,100.0
2017-12-18,23.44,23.44,22.81,23.44,580.0
2017-12-19,23.44,23.44,22.8,23.27,50.0
2017-12-20,23.27,23.27,22.85,23.27,220.0
2017-12-21,23.27,23.27,23.27,23.27,90.0
2017-12-22,22.9,23.44,22.41,23.44,1620.0
2017-12-27,22.45,23.0,22.45,23.0,1590.0
2017-12-28,23.0,23.0,22.99,22.99,110.0
2017-12-29,22.9,23.0,22.85,23.0,6010.0
2018-01-05,23.0,23.0,22.4,22.4,360.0
2018-01-08,22.4,22.4,22.4,22.4,170.0
2018-01-10,22.2,22.2,21.5,22.0,530.0
2018-01-12,21.9,21.9,21.8,21.8,1020.0
2018-01-15,21.3,21.7,21.0,21.7,900.0
2018-01-16,21.7,22.0,21.7,22.0,45890.0
2018-01-17,22.0,22.0,21.6,21.6,60.0
2018-01-18,22.0,22.0,21.6,21.6,360.0
2018-01-19,21.6,21.6,21.6,21.6,0.0
2018-01-22,21.4,21.4,21.4,21.4,540.0
2018-01-23,21.3,21.6,21.2,21.6,200.0
2018-01-24,21.6,21.7,21.6,21.7,220.0
2018-01-25,21.5,21.8,21.5,21.8,190.0
2018-01-26,21.7,21.8,21.5,21.8,230.0
2018-01-29,21.8,21.8,21.8,21.8,250.0
2018-01-30,21.8,22.0,21.8,22.0,350.0
2018-01-31,22.0,22.0,22.0,22.0,0.0
2018-02-01,22.0,22.0,22.0,22.0,0.0
2018-02-02,22.0,22.0,22.0,22.0,70.0
2018-02-05,22.1,22.1,21.7,21.7,70.0
2018-02-06,19.6,22.1,19.6,22.1,3090.0
2018-02-09,20.4,22.1,20.4,22.1,550.0
2018-02-12,22.1,22.1,21.5,22.1,450.0
2018-02-13,22.1,22.1,21.5,22.0,20.0
2018-02-14,22.0,23.3,21.6,23.3,1550.0
2018-02-15,22.4,23.9,22.4,23.8,3930.0
2018-02-16,23.1,23.3,23.0,23.3,1100.0
2018-02-19,22.6,23.4,22.6,23.2,840.0
2018-02-20,23.2,23.2,22.8,22.8,150.0
2018-02-21,23.0,23.0,22.3,23.0,420.0
2018-02-22,22.6,23.0,22.6,23.0,50.0
2018-02-23,23.0,23.0,23.0,23.0,10.0
2018-02-26,23.0,24.0,22.3,24.0,530.0
2018-02-27,22.9,23.3,22.6,23.3,1220.0
2018-02-28,22.9,23.4,22.7,23.4,330.0
2018-03-01,23.5,23.5,22.8,23.4,50.0
2018-03-02,23.4,23.4,22.8,23.3,90.0
2018-03-05,23.5,23.5,23.3,23.3,10.0
2018-03-06,23.5,23.5,22.8,23.3,120.0
2018-03-07,23.3,23.3,22.8,22.8,140.0
2018-03-08,22.8,23.2,21.1,23.2,1370.0
2018-03-09,22.3,23.2,22.3,23.2,740.0
2018-03-12,23.2,23.2,23.1,23.1,110.0
2018-03-13,23.2,23.3,23.0,23.3,420.0
2018-03-14,23.3,23.3,22.8,23.0,10.0
2018-03-15,22.9,22.9,22.9,22.9,20.0
2018-03-16,22.5,23.2,22.3,23.2,120.0
2018-03-19,23.0,23.0,22.5,23.0,20.0
2018-03-20,23.0,23.0,22.9,22.9,20.0
2018-03-21,22.9,22.9,22.9,22.9,20.0
2018-03-22,23.1,23.1,23.1,23.1,10.0
2018-03-23,22.3,23.0,21.2,23.0,1350.0
2018-03-26,22.0,22.5,22.0,22.5,190.0
2018-03-27,21.9,22.1,21.9,22.1,400.0
2018-03-28,21.4,22.3,20.0,22.3,3770.0
2018-03-29,22.2,23.0,22.2,23.0,3150.0
2018-04-03,22.2,22.8,22.0,22.0,230.0
2018-04-04,22.0,23.0,21.1,23.0,600.0
2018-04-05,22.0,23.0,22.0,23.0,1030.0
2018-04-06,23.0,23.0,22.0,22.7,1150.0
2018-04-09,22.8,22.8,22.1,22.7,200.0
2018-04-10,22.2,22.8,20.9,22.8,4910.0
2018-04-11,22.6,22.6,22.1,22.6,500.0
2018-04-12,22.2,22.5,22.0,22.5,1150.0
2018-04-13,22.4,22.4,22.4,22.4,0.0
2018-04-16,22.4,22.4,22.4,22.4,10.0
2018-04-17,22.0,22.0,21.8,21.9,220.0
2018-04-18,21.6,22.5,21.6,22.5,50.0
2018-04-19,21.6,23.5,21.3,23.5,2610.0
2018-04-20,22.4,23.7,22.0,23.7,8180.0
2018-04-23,22.9,23.0,22.7,22.7,7750.0
2018-04-24,22.7,24.0,21.8,24.0,3670.0
2018-04-25,23.1,24.0,22.8,24.0,4930.0
2018-04-26,23.5,23.5,22.7,23.1,7570.0
2018-04-27,23.0,23.8,23.0,23.8,4420.0
2018-04-30,23.3,23.5,23.0,23.1,2310.0
2018-05-04,23.3,23.3,22.7,23.0,440.0
2018-05-07,23.1,23.1,22.8,22.8,30.0
2018-05-08,23.0,23.0,22.3,22.7,400.0
2018-05-09,22.1,22.9,22.1,22.9,350.0
2018-05-14,22.9,23.1,22.4,23.1,510.0
2018-05-15,23.0,23.0,23.0,23.0,210.0
2018-05-16,23.0,23.0,23.0,23.0,100.0
2018-05-17,23.0,23.5,23.0,23.5,900.0
2018-05-18,23.0,23.0,23.0,23.0,830.0
2018-05-21,23.0,23.0,22.4,22.4,150.0
2018-05-22,22.8,22.8,22.1,22.1,660.0
2018-05-23,22.2,22.4,21.6,22.4,490.0
2018-05-24,22.1,22.1,22.1,22.1,10.0
2018-05-25,21.6,21.9,21.3,21.9,2270.0
2018-05-28,21.7,23.0,21.4,23.0,740.0
2018-05-29,22.0,23.1,21.8,22.0,3180.0
2018-05-30,21.9,22.0,21.6,22.0,580.0
2018-06-01,22.0,22.0,22.0,22.0,40.0
2018-06-04,22.0,22.0,21.3,22.0,110.0
2018-06-05,22.0,22.0,22.0,22.0,10.0
2018-06-06,21.4,21.9,21.4,21.9,170.0
2018-06-07,21.9,21.9,21.9,21.9,10.0
2018-06-08,21.9,21.9,21.3,21.3,150.0
2018-06-11,21.9,21.9,21.9,21.9,0.0
2018-06-12,21.9,21.9,21.9,21.9,10.0
2018-06-13,21.7,21.7,21.7,21.7,20.0
2018-06-14,21.7,21.7,21.0,21.0,550.0
2018-06-15,21.0,21.7,21.0,21.7,0.0
2018-06-18,21.2,21.2,21.2,21.2,10.0
2018-06-19,21.2,21.2,21.0,21.0,10.0
2018-06-20,21.0,21.0,21.0,21.0,10.0
2018-06-21,21.0,21.0,21.0,21.0,20.0
2018-06-22,21.0,21.0,20.6,20.6,60.0
2018-06-25,20.5,20.5,20.2,20.2,510.0
2018-06-26,20.9,20.9,20.9,20.9,0.0
2018-06-27,20.9,20.9,20.9,20.9,0.0
2018-06-28,20.9,20.9,20.0,20.9,1070.0
2018-06-29,20.3,21.0,20.0,21.0,1690.0
2018-07-02,21.0,21.0,20.2,20.2,380.0
2018-07-03,20.2,20.2,19.5,19.5,390.0
2018-07-04,19.6,19.6,19.6,19.6,120.0
2018-07-10,19.4,19.4,19.4,19.4,100.0
2018-07-11,19.4,19.5,19.4,19.5,90.0
2018-07-12,19.4,19.4,19.4,19.4,10.0
2018-07-13,19.4,19.4,19.4,19.4,0.0
2018-07-16,19.2,19.2,19.0,19.0,5050.0
2018-07-17,18.8,18.85,18.0,18.85,1390.0
2018-07-18,18.85,18.95,18.2,18.95,1590.0
2018-07-19,18.2,18.85,18.2,18.85,10.0
2018-07-20,18.75,18.75,18.1,18.7,160.0
2018-07-24,18.05,18.95,18.0,18.95,1080.0
2018-07-26,18.25,18.5,18.2,18.5,1210.0
2018-07-27,18.45,18.5,18.45,18.5,5900.0
2018-07-30,18.4,18.5,18.2,18.5,710.0
2018-07-31,18.2,18.5,18.2,18.5,2440.0
2018-08-01,18.5,18.5,18.45,18.45,10.0
2018-08-02,18.45,18.45,18.45,18.45,10.0
2018-08-03,18.45,18.45,18.25,18.25,10.0
2018-08-06,18.15,18.15,18.15,18.15,1100.0
2018-08-07,18.05,18.15,18.0,18.15,180.0
2018-08-08,18.15,18.15,17.95,18.15,1190.0
2018-08-09,18.15,18.15,18.1,18.15,50.0
2018-08-10,18.15,18.15,17.8,18.15,850.0
2018-08-13,18.15,18.15,17.8,18.15,1030.0
2018-08-14,18.1,18.1,17.8,18.05,2780.0
2018-08-16,17.9,17.9,17.85,17.85,760.0
2018-08-17,17.7,18.15,17.7,18.15,970.0
2018-08-20,17.5,18.7,17.3,18.7,330.0
2018-08-22,18.0,18.0,17.75,18.0,1700.0
2018-08-23,18.2,18.2,18.2,18.2,300.0
2018-08-27,18.2,18.2,17.8,18.2,1160.0
2018-08-28,18.2,18.25,18.0,18.25,160.0
2018-08-29,18.25,18.25,18.2,18.2,120.0
2018-08-30,18.25,18.25,18.25,18.25,110.0
2018-08-31,18.2,18.2,18.2,18.2,20.0
2018-09-03,18.25,18.25,18.25,18.25,90.0
2018-09-04,18.25,18.25,17.8,17.8,50.0
2018-09-05,17.5,18.2,17.5,18.2,780.0
2018-09-07,17.4,17.9,17.4,17.9,210.0
2018-09-10,17.3,17.7,17.3,17.7,910.0
2018-09-11,17.5,17.9,17.5,17.9,410.0
2018-09-12,18.0,18.0,17.95,17.95,310.0
2018-09-13,17.9,17.95,17.9,17.95,450.0
2018-09-14,17.5,17.95,17.5,17.95,830.0
2018-09-17,17.95,17.95,17.95,17.95,40.0
2018-09-18,17.5,17.95,17.5,17.95,480.0
2018-09-19,17.9,18.4,17.6,18.4,2580.0
2018-09-20,18.0,18.85,18.0,18.85,650.0
2018-09-21,18.55,18.8,18.4,18.8,1690.0
2018-09-24,18.8,19.15,18.8,19.15,210.0
2018-09-25,18.95,18.95,18.1,18.95,2750.0
2018-09-26,18.95,18.95,18.0,18.2,4980.0
2018-09-27,17.75,18.0,17.75,17.75,2530.0
2018-09-28,18.2,18.2,18.1,18.1,800.0
2018-10-01,18.1,18.1,18.1,18.1,100.0
2018-10-02,18.25,18.25,17.7,18.1,220.0
2018-10-03,18.0,18.0,17.4,17.6,1450.0
2018-10-04,17.6,18.0,17.6,18.0,510.0
2018-10-05,18.0,18.0,18.0,18.0,190.0
2018-10-08,18.0,18.0,17.75,18.0,170.0
2018-10-09,18.0,18.15,18.0,18.15,330.0
2018-10-10,18.0,18.0,17.85,18.0,1330.0
2018-10-11,18.0,18.0,17.65,17.95,1890.0
2018-10-12,18.0,18.0,18.0,18.0,10.0
2018-10-15,17.7,17.7,17.1,17.1,2710.0
2018-10-16,17.25,17.5,16.5,17.5,420.0
2018-10-17,17.3,17.95,16.7,17.95,790.0
2018-10-18,17.1,18.0,17.0,18.0,1670.0
2018-10-19,17.3,18.0,17.3,17.9,1430.0
2018-10-22,17.9,17.9,17.9,17.9,30.0
2018-10-23,16.7,17.8,16.7,17.8,4970.0
2018-10-24,17.4,17.4,17.0,17.0,4320.0
2018-10-25,17.15,17.4,17.15,17.4,1150.0
2018-10-26,17.4,18.0,17.4,18.0,1610.0
2018-10-29,17.3,18.0,17.3,17.95,1350.0
2018-10-30,18.0,18.0,17.2,17.2,2300.0
2018-10-31,17.4,17.7,17.4,17.7,1000.0
2018-11-05,17.65,18.1,17.65,18.1,1100.0
2018-11-06,18.15,18.15,18.0,18.0,1020.0
2018-11-07,18.0,18.0,17.0,17.0,6020.0
2018-11-08,17.45,17.45,17.2,17.2,540.0
2018-11-09,17.2,17.2,17.2,17.2,10.0
2018-11-13,17.2,17.2,16.7,17.1,180.0
2018-11-14,16.75,17.25,16.75,17.25,710.0
2018-11-15,17.25,17.25,16.6,17.15,2560.0
2018-11-16,16.5,16.5,16.2,16.2,4270.0
2018-11-19,16.0,16.2,15.6,16.2,1300.0
2018-11-20,15.7,15.95,15.6,15.95,1230.0
2018-11-21,16.1,16.2,15.5,16.2,2020.0
2018-11-22,15.8,15.8,15.45,15.6,6360.0
2018-11-23,16.4,16.4,16.4,16.4,770.0
2018-11-26,16.5,16.5,16.5,16.5,1280.0
2018-11-27,16.05,16.05,15.5,15.5,3200.0
2018-11-28,15.8,15.8,15.25,15.4,1460.0
2018-11-29,16.0,16.0,16.0,16.0,890.0
2018-11-30,17.0,17.0,17.0,17.0,1400.0
2018-12-03,15.8,17.3,15.8,17.3,1430.0
2018-12-04,16.55,17.25,16.25,17.25,1750.0
2018-12-05,17.0,18.0,17.0,18.0,1670.0
2018-12-06,17.05,17.2,17.0,17.2,3590.0
2018-12-07,16.7,16.7,15.25,15.25,4680.0
2018-12-10,15.8,15.8,15.3,15.3,2120.0
2018-12-11,15.8,15.8,15.8,15.8,30.0
2018-12-12,15.2,17.0,15.2,17.0,840.0
2018-12-13,16.0,16.95,16.0,16.95,1680.0
2018-12-14,16.95,16.95,16.95,16.95,780.0
2018-12-17,16.25,16.95,16.25,16.95,930.0
2018-12-18,17.0,17.0,16.35,16.9,450.0
2018-12-19,16.95,16.95,16.95,16.95,0.0
2018-12-20,16.95,16.95,15.4,15.4,1480.0
2018-12-21,15.85,15.85,14.5,15.2,8810.0
2018-12-27,15.0,15.0,14.7,14.7,1750.0
2018-12-28,15.0,15.0,14.1,14.7,3490.0
2019-01-02,14.2,15.1,14.2,15.1,440.0
2019-01-03,14.25,14.25,14.25,14.25,0.0
2019-01-04,14.8,15.6,14.8,15.6,350.0
2019-01-07,14.8,16.25,14.8,16.25,510.0
2019-01-08,15.6,15.95,15.6,15.95,440.0
2019-01-09,15.6,15.6,15.5,15.5,970.0
2019-01-10,16.0,16.0,15.3,15.45,1300.0
2019-01-11,15.15,16.0,15.0,16.0,1800.0
2019-01-14,15.5,15.9,15.5,15.9,1010.0
2019-01-15,15.2,15.2,15.0,15.0,1210.0
2019-01-16,15.0,15.0,14.5,14.65,2040.0
2019-01-17,14.65,14.65,14.3,14.3,120.0
2019-01-18,14.35,14.65,14.35,14.65,170.0
2019-01-21,14.95,14.95,14.95,14.95,30.0
2019-01-22,14.5,14.6,14.5,14.6,870.0
2019-01-23,14.6,14.6,14.6,14.6,1470.0
2019-01-24,14.6,14.6,14.6,14.6,270.0
2019-01-25,14.6,14.6,14.0,14.5,2820.0
2019-01-28,14.15,14.15,14.0,14.0,5310.0
2019-01-29,14.2,14.2,14.2,14.2,620.0
2019-01-30,14.2,14.2,14.1,14.1,1040.0
2019-01-31,14.0,14.1,13.85,14.1,4350.0
2019-02-01,14.6,14.6,13.15,13.15,9210.0
2019-02-04,13.4,13.4,13.2,13.4,6570.0
2019-02-05,13.4,13.8,13.3,13.75,1130.0
2019-02-06,13.8,15.0,13.4,15.0,122190.0
2019-02-07,15.25,16.25,15.25,16.25,440.0
2019-02-08,16.3,17.25,16.1,17.15,13670.0
2019-02-11,17.15,17.15,16.85,17.15,240.0
2019-02-12,16.6,17.4,16.6,17.4,1210.0
2019-02-13,17.15,17.7,16.45,17.7,4320.0
2019-02-14,17.7,18.0,16.8,18.0,1470.0
2019-02-15,17.4,17.6,17.2,17.6,1670.0
2019-02-18,17.6,17.6,17.15,17.6,1620.0
2019-02-19,17.2,17.6,17.2,17.6,840.0
2019-02-20,17.6,17.6,17.6,17.6,450.0
2019-02-21,17.6,17.6,17.35,17.6,850.0
2019-02-22,17.6,18.0,17.6,17.9,1240.0
2019-02-25,17.65,18.0,17.6,18.0,710.0
2019-02-26,18.0,18.0,17.65,17.95,380.0
2019-02-27,18.0,18.0,17.45,18.0,540.0
2019-02-28,18.0,18.0,18.0,18.0,10.0
2019-03-01,17.6,17.9,17.6,17.9,100.0
2019-03-05,17.6,17.9,17.6,17.9,110.0
2019-03-06,17.6,17.7,17.2,17.2,680.0
2019-03-07,17.5,17.7,17.0,17.5,800.0
2019-03-08,17.2,18.0,17.2,18.0,560.0
2019-03-11,18.0,18.2,17.65,18.2,1080.0
2019-03-12,17.7,18.05,17.6,17.8,1950.0
2019-03-13,17.45,17.9,17.4,17.9,1230.0
2019-03-14,17.9,17.9,17.5,17.9,410.0
2019-03-15,17.9,17.9,16.25,17.9,2910.0
2019-03-18,17.15,17.6,17.15,17.6,1450.0
2019-03-19,17.6,17.6,16.55,16.55,1000.0
2019-03-20,16.65,16.65,15.95,15.95,1070.0
2019-03-22,15.85,16.1,15.6,16.1,190.0
2019-03-25,16.2,16.2,15.6,16.2,120.0
2019-03-26,16.2,16.2,16.2,16.2,10.0
2019-03-27,16.2,16.2,16.2,16.2,1450.0
2019-03-28,16.2,16.2,14.05,14.05,25890.0
2019-03-29,14.5,14.5,13.9,14.2,22680.0
2019-04-01,14.9,15.0,14.0,14.6,5030.0
2019-04-02,14.9,14.9,14.9,14.9,280.0
2019-04-03,14.7,14.7,14.2,14.2,970.0
2019-04-04,14.2,15.0,14.2,15.0,10470.0
2019-04-05,15.0,15.0,14.6,14.9,530.0
2019-04-08,14.8,14.8,13.9,14.3,10340.0
2019-04-09,14.2,14.3,13.2,13.3,7100.0
2019-04-10,13.5,13.7,13.3,13.5,4890.0
2019-04-11,13.5,13.5,13.5,13.5,210.0
2019-04-12,13.7,13.7,13.5,13.6,1780.0
2019-04-15,13.5,13.6,13.0,13.3,2360.0
2019-04-16,13.0,13.1,12.5,12.5,6220.0
2019-04-17,12.5,12.7,11.9,12.4,9230.0
2019-04-18,12.4,12.9,12.4,12.9,1310.0
2019-04-23,12.8,12.8,12.6,12.8,2230.0
2019-04-24,12.7,12.8,12.7,12.8,670.0
2019-04-25,12.8,13.8,12.8,13.8,3900.0
2019-04-26,12.9,14.3,12.9,14.3,1680.0
2019-04-29,13.3,13.8,13.3,13.7,3370.0
2019-04-30,13.7,13.7,13.3,13.7,2520.0
2019-05-02,13.7,13.7,13.3,13.3,830.0
2019-05-06,13.4,13.6,13.2,13.2,1030.0
2019-05-07,13.2,13.2,12.9,12.9,850.0
2019-05-08,12.8,12.9,12.5,12.9,690.0
2019-05-09,12.5,12.5,12.5,12.5,40.0
2019-05-10,12.5,12.8,12.5,12.8,1400.0
2019-05-13,12.8,12.8,12.5,12.5,1110.0
2019-05-14,12.5,12.5,12.5,12.5,20.0
2019-05-15,12.5,12.5,12.5,12.5,50.0
2019-05-16,12.5,12.5,12.5,12.5,110.0
2019-05-17,12.5,13.6,12.5,13.5,3410.0
2019-05-20,12.9,13.4,12.9,13.4,350.0
2019-05-21,13.1,13.8,13.1,13.8,1000.0
2019-05-22,13.7,13.7,13.2,13.4,2610.0
2019-05-23,13.4,13.4,13.0,13.1,1990.0
2019-05-24,12.6,13.1,12.6,13.1,210.0
2019-05-27,13.1,13.6,12.7,13.6,410.0
2019-05-28,13.0,13.5,13.0,13.5,150.0
2019-05-29,13.8,13.8,13.8,13.8,100.0
2019-05-30,13.5,13.8,13.5,13.8,1160.0
2019-05-31,13.8,13.8,13.3,13.7,1370.0
2019-06-03,13.2,13.6,13.2,13.6,100.0
2019-06-04,13.7,14.0,13.6,14.0,390.0
2019-06-05,14.0,14.0,13.5,13.5,800.0
2019-06-06,13.5,13.5,13.5,13.5,10.0
2019-06-07,13.3,13.3,13.3,13.3,220.0
2019-06-10,13.3,13.3,13.3,13.3,10.0
2019-06-11,13.3,13.3,13.2,13.2,210.0
2019-06-13,13.0,13.0,13.0,13.0,280.0
2019-06-14,13.0,13.0,13.0,13.0,250.0
2019-06-17,13.1,13.2,13.1,13.2,320.0
2019-06-18,13.8,13.8,13.8,13.8,200.0
2019-06-19,14.2,14.2,14.2,14.2,850.0
2019-06-21,13.4,14.1,13.4,14.1,2210.0
2019-06-24,14.0,14.0,13.6,14.0,1510.0
2019-06-25,14.1,14.2,14.1,14.2,170.0
2019-06-26,14.2,14.2,14.1,14.2,220.0
2019-06-27,14.2,14.2,14.0,14.2,190.0
2019-06-28,14.2,14.3,14.2,14.3,1310.0
2019-07-01,14.3,14.3,13.8,13.8,710.0
2019-07-02,13.6,13.8,13.6,13.8,150.0
2019-07-03,13.8,13.8,13.8,13.8,10.0
2019-07-04,13.6,13.8,13.6,13.8,130.0
2019-07-05,13.8,13.8,13.6,13.6,80.0
2019-07-08,14.1,14.1,14.1,14.1,50.0
2019-07-09,13.6,13.9,13.4,13.9,3210.0
2019-07-10,13.9,13.9,13.9,13.9,50.0
2019-07-11,13.6,13.9,13.6,13.7,4670.0
2019-07-12,14.0,14.0,14.0,14.0,40.0
2019-07-15,14.0,14.0,14.0,14.0,50.0
2019-07-16,14.0,14.0,13.6,13.8,1020.0
2019-07-17,13.8,13.9,13.8,13.9,110.0
2019-07-18,13.9,13.9,13.9,13.9,460.0
2019-07-19,14.0,14.0,13.9,13.9,220.0
2019-07-22,13.9,13.9,13.9,13.9,120.0
2019-07-23,13.9,13.9,13.9,13.9,40.0
2019-07-24,13.9,14.2,13.9,14.0,1760.0
2019-07-25,14.0,14.4,14.0,14.4,500.0
2019-07-26,14.4,14.4,13.9,14.2,1410.0
2019-07-29,14.0,14.2,13.8,14.2,910.0
2019-07-30,14.2,14.2,14.2,14.2,200.0
2019-07-31,14.1,14.1,14.1,14.1,220.0
2019-08-01,14.2,14.2,14.1,14.2,660.0
2019-08-02,13.8,13.8,13.7,13.7,1050.0
2019-08-05,14.0,14.0,13.7,14.0,320.0
2019-08-06,13.6,14.0,13.5,14.0,220.0
2019-08-07,14.0,14.0,13.7,13.7,1590.0
2019-08-08,13.8,13.9,13.8,13.9,230.0
2019-08-09,13.9,14.0,13.9,14.0,340.0
2019-08-12,14.0,14.0,13.6,14.0,540.0
2019-08-13,14.0,14.0,13.7,14.0,1060.0
2019-08-14,14.0,14.0,13.7,13.9,990.0
2019-08-16,13.9,13.9,13.9,13.9,10.0
2019-08-19,13.9,14.0,13.9,14.0,200.0
2019-08-20,13.9,14.0,13.9,14.0,70.0
2019-08-21,14.0,14.0,13.7,13.7,610.0
2019-08-22,13.6,13.6,13.2,13.5,970.0
2019-08-23,13.5,13.5,13.3,13.5,1190.0
2019-08-28,13.6,13.6,13.6,13.6,10.0
2019-08-30,13.6,13.6,13.3,13.3,180.0
2019-09-02,13.4,13.5,13.3,13.5,1360.0
2019-09-03,13.2,13.2,12.7,12.8,1600.0
2019-09-04,13.0,13.0,12.6,12.6,1180.0
2019-09-05,12.6,12.6,12.0,12.0,1820.0
2019-09-06,12.5,12.6,11.8,11.8,13040.0
2019-09-09,11.7,11.7,10.7,11.5,94960.0
2019-09-10,11.5,11.7,11.5,11.6,530.0
2019-09-11,11.6,12.0,11.1,11.7,3560.0
2019-09-12,12.2,13.3,12.0,13.0,12650.0
2019-09-13,13.5,13.5,12.7,12.7,2490.0
2019-09-16,12.9,13.4,12.4,12.4,1680.0
2019-09-17,12.4,13.0,12.4,13.0,790.0
2019-09-18,12.8,12.8,12.4,12.4,1960.0
2019-09-19,12.3,12.3,12.1,12.1,1880.0
2019-09-20,12.0,12.0,11.8,11.8,3060.0
2019-09-23,11.9,12.0,11.6,11.9,7410.0
2019-09-24,11.9,12.1,11.9,12.1,170.0
2019-09-26,11.9,12.1,11.9,12.1,80.0
2019-09-27,12.5,12.5,12.0,12.2,4610.0
2019-09-30,12.1,12.1,12.0,12.0,31570.0
2019-10-01,12.0,12.0,11.5,11.9,8790.0
2019-10-02,12.2,12.2,11.6,12.0,7880.0
2019-10-03,11.9,12.0,11.6,12.0,3830.0
2019-10-04,12.1,12.3,11.8,12.1,8470.0
2019-10-07,11.9,11.9,11.9,11.9,40.0
2019-10-09,11.8,11.8,11.8,11.8,450.0
2019-10-10,11.8,11.8,11.5,11.8,1650.0
2019-10-11,11.6,11.8,11.5,11.8,2250.0
2019-10-14,11.7,11.8,11.5,11.8,50.0
2019-10-15,11.8,11.8,11.1,11.4,1800.0
2019-10-16,11.4,11.4,11.2,11.4,2240.0
2019-10-17,11.4,11.5,11.4,11.5,20.0
2019-10-18,11.4,11.4,11.4,11.4,300.0
2019-10-21,11.4,11.4,11.3,11.4,740.0
2019-10-22,11.3,11.3,11.2,11.3,780.0
2019-10-23,11.4,11.4,11.2,11.2,1370.0
2019-10-24,11.2,11.3,11.2,11.3,420.0
2019-10-25,11.2,11.3,11.1,11.1,1440.0
2019-10-28,11.1,11.2,11.0,11.0,4120.0
2019-10-29,11.0,11.0,11.0,11.0,20.0
2019-10-30,11.0,11.0,11.0,11.0,930.0
2019-10-31,11.0,11.4,10.9,11.4,2690.0
2019-11-04,11.4,11.9,11.4,11.9,1460.0
2019-11-05,11.9,12.0,11.9,11.9,640.0
2019-11-06,11.9,12.2,11.9,12.0,1390.0
2019-11-07,12.2,12.9,12.2,12.9,2300.0
2019-11-08,12.9,13.0,12.4,13.0,3330.0
2019-11-12,13.0,14.3,12.9,14.3,17930.0
2019-11-13,14.3,14.5,14.0,14.0,16280.000000000002
2019-11-14,14.2,14.5,13.8,14.2,15590.0
2019-11-15,14.3,14.4,13.8,13.9,7790.0
2019-11-18,13.9,14.1,13.7,13.9,9570.0
2019-11-19,14.0,14.0,13.7,13.9,2380.0
2019-11-21,13.8,13.9,13.6,13.9,730.0
2019-11-22,13.9,13.9,13.9,13.9,170.0
2019-11-25,13.8,13.9,13.1,13.2,2920.0
2019-11-26,13.5,13.7,13.0,13.0,3000.0
2019-11-27,13.1,13.2,13.0,13.1,1540.0
2019-11-28,13.1,13.6,13.0,13.3,3830.0
2019-11-29,13.5,13.5,13.4,13.4,270.0
2019-12-02,13.1,13.5,13.1,13.3,1500.0
2019-12-03,13.5,13.7,13.3,13.5,7180.0
2019-12-04,13.5,13.7,13.1,13.2,5280.0
2019-12-05,13.2,13.5,13.2,13.5,780.0
2019-12-06,13.4,13.8,13.2,13.8,2610.0
2019-12-09,13.7,13.8,13.7,13.8,580.0
2019-12-10,13.8,13.8,13.2,13.2,4290.0
2019-12-11,13.2,13.8,13.2,13.6,3520.0
2019-12-12,13.6,13.7,13.5,13.5,1100.0
2019-12-13,13.5,13.6,13.5,13.6,1790.0
2019-12-16,13.9,15.8,13.9,15.8,15940.0
2019-12-17,15.7,15.7,14.9,15.4,2380.0
2019-12-18,15.4,15.6,15.3,15.3,1280.0
2019-12-19,15.5,15.5,14.6,15.3,1230.0
2019-12-20,15.0,15.0,15.0,15.0,860.0
2019-12-23,14.9,15.9,14.5,15.7,4040.0
2019-12-27,15.2,15.8,15.2,15.8,4080.0
2019-12-30,17.3,17.3,16.0,16.0,5710.0
2020-01-02,16.2,17.6,16.2,17.4,10720.0
2020-01-03,17.3,17.5,17.0,17.4,1800.0
2020-01-07,17.1,17.6,17.1,17.6,3850.0
2020-01-08,17.7,17.7,17.0,17.2,1340.0
2020-01-09,17.2,17.3,16.9,16.9,170.0
2020-01-10,16.7,16.9,16.0,16.6,3630.0
2020-01-13,16.4,16.6,16.4,16.6,530.0
2020-01-14,16.6,17.0,16.5,16.6,680.0
2020-01-15,16.6,16.9,16.6,16.8,1330.0
2020-01-16,16.9,17.0,16.6,16.9,3480.0
2020-01-17,16.8,16.8,15.6,16.7,2260.0
2020-01-20,16.8,17.0,16.7,17.0,1380.0
2020-01-21,17.0,17.0,16.6,16.6,50.0
2020-01-22,16.9,16.9,16.5,16.7,1440.0
2020-01-23,16.8,16.8,16.5,16.6,230.0
2020-01-24,16.6,16.6,16.3,16.5,2250.0
2020-01-27,16.9,16.9,16.3,16.8,520.0
2020-01-28,16.5,16.8,16.4,16.8,950.0
2020-01-29,16.8,16.8,16.5,16.6,2630.0
2020-01-30,16.5,16.5,15.6,15.6,3960.0
2020-01-31,15.7,15.8,15.4,15.7,3460.0
2020-02-03,15.8,16.4,15.8,16.4,460.0
2020-02-04,16.4,16.4,16.1,16.4,490.0
2020-02-05,16.1,16.3,16.1,16.3,750.0
2020-02-06,16.4,16.6,16.4,16.6,1080.0
2020-02-07,16.6,16.6,16.1,16.4,2330.0
2020-02-10,16.4,16.4,16.1,16.4,290.0
2020-02-11,16.4,16.4,16.4,16.4,50.0
2020-02-12,16.3,16.3,16.3,16.3,110.0
2020-02-13,16.3,16.3,15.6,16.0,2060.0
2020-02-14,16.0,16.0,15.8,16.0,3300.0
2020-02-17,15.6,16.1,15.6,15.9,3430.0
2020-02-18,15.9,16.2,15.9,16.2,1720.0
2020-02-19,16.4,16.4,15.8,16.0,150.0
2020-02-20,16.4,16.4,16.0,16.2,370.0
2020-02-21,16.2,16.4,16.2,16.4,280.0
2020-02-24,16.3,16.3,15.5,15.6,960.0
2020-02-25,15.5,15.5,14.6,15.0,720.0
2020-02-26,14.3,14.8,14.0,14.8,2300.0
2020-02-27,14.8,14.8,14.0,14.8,850.0
2020-02-28,14.0,14.5,13.0,13.8,4330.0
2020-03-02,13.3,14.6,13.3,14.4,5800.0
2020-03-03,14.3,14.9,14.3,14.9,1240.0
2020-03-04,14.7,14.7,14.2,14.2,1330.0
2020-03-05,14.3,14.5,14.1,14.1,1280.0
2020-03-09,13.7,13.7,13.0,13.1,4700.0
2020-03-10,13.2,14.2,13.0,13.7,8830.0
2020-03-11,13.2,13.2,12.5,13.1,810.0
2020-03-12,12.5,12.5,11.5,12.4,2050.0
2020-03-13,12.4,12.4,12.4,12.4,200.0
2020-03-17,12.0,12.7,11.9,12.5,13320.0
2020-03-18,12.4,12.5,11.6,12.0,8119.999999999999
2020-03-19,11.5,12.0,11.5,12.0,1620.0
2020-03-20,12.5,12.5,11.9,12.0,1750.0
2020-03-23,11.6,11.7,11.0,11.5,1350.0
2020-03-24,11.6,11.6,10.8,11.2,3020.0
2020-03-25,10.7,11.7,10.6,11.7,410.0
2020-03-26,10.6,11.3,10.3,11.3,5480.0
2020-03-27,11.3,11.4,10.9,11.0,6710.0
2020-03-30,10.9,10.9,9.9,10.0,2060.0
2020-04-01,9.8,9.8,9.0,9.3,3990.0
2020-04-02,9.0,9.22,8.74,9.0,3560.0
2020-04-03,9.0,9.18,8.9,9.0,11520.0
2020-04-06,9.0,9.24,9.0,9.24,3300.0
2020-04-07,9.22,10.15,9.22,9.98,6260.0
2020-04-08,9.98,10.15,9.6,9.6,14970.0
2020-04-09,10.0,10.0,9.8,9.98,1520.0
2020-04-14,10.0,11.4,10.0,11.4,4330.0
2020-04-15,11.4,11.95,10.2,10.2,8470.0
2020-04-16,11.0,11.8,10.55,11.8,5340.0
2020-04-17,11.9,12.45,10.9,11.2,5120.0
2020-04-20,11.35,11.35,11.2,11.35,910.0
2020-04-21,11.35,11.35,11.0,11.25,800.0
2020-04-22,10.9,11.0,10.9,11.0,100.0
2020-04-23,10.8,11.25,10.7,11.25,1160.0
2020-04-24,11.0,11.9,11.0,11.9,850.0
2020-04-27,11.9,11.9,11.4,11.75,510.0
2020-04-28,11.0,11.2,10.8,11.2,1960.0
2020-04-29,11.2,12.4,11.2,12.3,2150.0
2020-04-30,11.65,11.75,11.25,11.6,2440.0
2020-05-04,11.7,11.7,11.05,11.2,1920.0
2020-05-05,11.2,11.5,11.2,11.5,0.0
2020-05-06,11.55,11.55,11.55,11.55,1090.0
2020-05-07,11.0,11.4,10.9,11.35,1770.0
2020-05-08,11.35,11.35,11.35,11.35,80.0
2020-05-11,10.9,11.3,10.85,10.85,550.0
2020-05-12,10.85,10.9,10.85,10.9,320.0
2020-05-13,10.9,10.9,10.9,10.9,100.0
2020-05-15,10.8,10.8,10.5,10.7,310.0
2020-05-19,10.25,10.6,10.0,10.6,5330.0
2020-05-20,10.5,10.85,10.5,10.5,1940.0
2020-05-21,10.9,10.9,10.35,10.65,460.0
2020-05-22,10.65,10.7,10.6,10.7,510.0
2020-05-25,10.5,11.3,10.5,11.0,3010.0
2020-05-26,11.2,11.35,11.0,11.0,9140.0
2020-05-27,11.35,11.4,10.9,11.1,5690.0
2020-05-28,11.6,11.9,11.2,11.25,4150.0
2020-05-29,11.6,11.6,10.85,10.85,5660.0
2020-06-01,11.35,11.85,11.25,11.8,3170.0
2020-06-02,12.2,12.25,11.8,11.85,1270.0
2020-06-03,11.85,12.25,11.75,11.75,5450.0
2020-06-04,12.2,12.25,11.4,11.75,159010.0
2020-06-05,12.25,12.7,11.6,12.7,1780.0
2020-06-08,12.2,12.8,11.8,12.7,24720.0
2020-06-09,12.8,12.8,12.75,12.75,220.0
2020-06-10,12.3,12.7,12.2,12.7,980.0
2020-06-12,12.0,12.5,12.0,12.5,570.0
2020-06-15,12.8,12.8,12.55,12.8,320.0
2020-06-16,12.8,12.8,12.75,12.75,2930.0
2020-06-17,12.75,12.75,12.1,12.7,1130.0
2020-06-18,12.8,12.8,12.25,12.7,260.0
2020-06-22,12.65,13.9,12.55,13.9,8470.0
2020-06-23,14.2,14.2,13.2,13.5,3710.0
2020-06-24,13.0,13.15,12.0,12.45,3880.0
2020-06-25,13.0,13.0,12.25,12.7,85130.0
2020-06-26,12.7,12.9,12.35,12.35,3200.0
2020-06-29,12.0,12.0,11.9,11.9,75570.0
2020-06-30,12.6,12.6,12.0,12.3,170.0
2020-07-01,12.5,12.65,12.5,12.65,230.0
2020-07-02,12.05,12.45,11.8,12.45,2490.0
2020-07-03,12.45,12.45,11.8,11.9,720.0
2020-07-06,12.35,12.35,12.35,12.35,0.0
2020-07-07,11.75,12.0,11.5,11.8,1700.0
2020-07-08,12.1,12.1,11.6,12.1,350.0
2020-07-09,12.0,12.25,12.0,12.25,960.0
2020-07-10,12.25,12.4,12.0,12.4,530.0
2020-07-13,12.1,12.1,11.8,12.0,1300.0
2020-07-14,12.0,12.3,11.8,11.8,510.0
2020-07-15,12.15,12.15,11.45,12.1,1290.0
2020-07-16,12.05,12.05,11.5,11.5,580.0
2020-07-17,11.75,11.75,10.7,11.0,1890.0
2020-07-20,11.0,11.0,10.9,10.9,1510.0
2020-07-21,11.2,11.95,11.0,11.0,1300.0
2020-07-22,11.8,11.8,11.2,11.8,300.0
2020-07-23,11.8,11.8,11.0,11.0,2080.0
2020-07-24,11.55,11.55,11.3,11.3,360.0
2020-07-27,11.3,11.3,10.9,10.9,400.0
2020-07-28,11.15,11.15,10.55,10.6,1140.0
2020-07-29,10.6,10.6,10.1,10.5,3690.0
2020-07-30,10.5,10.5,9.62,9.62,5630.0
2020-07-31,9.7,10.15,9.7,10.15,7950.0
2020-08-03,10.5,10.6,10.5,10.6,2390.0
2020-08-04,10.6,10.6,10.15,10.55,1320.0
2020-08-05,10.1,11.0,10.1,11.0,1950.0
2020-08-06,11.35,11.35,10.8,10.8,510.0
2020-08-07,11.0,11.0,10.5,11.0,5740.0
2020-08-10,11.3,11.3,10.8,11.3,280.0
2020-08-11,11.25,11.35,10.5,10.9,2260.0
2020-08-12,11.35,11.35,10.6,11.2,450.0
2020-08-13,11.3,11.3,11.3,11.3,100.0
2020-08-14,10.75,11.3,10.75,11.3,80.0
2020-08-17,10.8,11.2,10.75,11.2,770.0
2020-08-18,11.25,11.25,10.75,10.75,520.0
2020-08-19,11.25,11.25,11.15,11.2,300.0
2020-08-21,10.75,11.1,10.55,11.1,4520.0
2020-08-24,11.35,11.35,11.35,11.35,0.0
2020-08-25,11.35,11.35,11.35,11.35,290.0
2020-08-26,10.95,11.35,10.95,11.35,450.0
2020-08-28,11.0,11.3,10.95,11.3,900.0
2020-08-31,11.3,11.3,10.9,11.25,250.0
2020-09-01,11.25,11.25,10.8,11.25,800.0
2020-09-02,11.3,11.7,11.15,11.65,3700.0
2020-09-03,11.4,11.65,11.25,11.25,1660.0
2020-09-04,11.7,11.7,10.85,10.9,130.0
2020-09-07,11.65,11.65,11.65,11.65,0.0
2020-09-08,10.9,11.55,10.9,11.45,1850.0
2020-09-09,10.85,11.45,10.85,10.85,1020.0
2020-09-10,11.45,11.45,11.45,11.45,0.0
2020-09-11,11.65,11.65,11.65,11.65,2580.0
2020-09-14,11.2,11.55,11.2,11.55,1150.0
2020-09-15,10.95,11.7,10.9,11.7,2170.0
2020-09-21,10.95,11.65,10.95,11.65,200.0
2020-09-22,10.95,11.65,10.95,11.3,1180.0
2020-09-23,11.45,11.5,10.9,11.5,1340.0
2020-09-24,11.0,11.45,11.0,11.3,290.0
2020-09-28,11.1,11.3,10.95,11.3,950.0
2020-09-30,10.9,10.95,10.9,10.9,510.0
2020-10-01,10.9,10.9,10.85,10.9,540.0
2020-10-02,10.85,10.9,10.85,10.9,1210.0
2020-10-05,11.25,11.25,11.25,11.25,0.0
2020-10-09,10.85,10.85,10.85,10.85,850.0
2020-10-12,10.85,10.85,10.6,10.6,1060.0
2020-10-13,10.6,10.7,10.6,10.7,400.0
2020-10-14,10.65,10.65,10.55,10.55,2460.0
2020-10-15,10.5,10.6,10.5,10.6,330.0
2020-10-16,10.5,10.6,10.25,10.25,2130.0
2020-10-20,10.4,10.4,10.0,10.2,40400.0
2020-10-21,10.2,10.65,9.82,10.45,7120.0
2020-10-22,10.0,10.0,10.0,10.0,1500.0
2020-10-23,10.0,10.0,10.0,10.0,5680.0
2020-10-26,9.64,10.0,9.1,9.9,930.0
2020-10-27,9.9,9.9,9.34,9.6,2080.0
2020-10-28,9.5,9.7,9.34,9.7,1250.0
2020-10-29,9.76,9.8,9.5,9.8,1100.0
2020-10-30,9.3,9.68,9.3,9.68,150.0
2020-11-02,9.78,9.8,8.88,9.8,1300.0
2020-11-03,9.8,10.0,9.8,9.9,1730.0
2020-11-04,9.24,9.98,9.24,9.98,10.0
2020-11-05,9.98,9.98,9.22,9.94,290.0
2020-11-06,9.94,9.94,9.94,9.94,60.0
2020-11-09,9.94,10.45,9.52,9.52,1510.0
2020-11-10,9.56,10.45,9.56,10.45,290.0
2020-11-12,10.7,10.7,9.92,10.2,2930.0
2020-11-13,9.8,10.35,9.8,10.35,300.0
2020-11-16,10.3,10.5,10.3,10.5,150.0
2020-11-17,10.7,10.7,10.15,10.2,1060.0
2020-11-18,10.65,11.7,10.45,10.7,2220.0
2020-11-19,10.55,10.55,10.55,10.55,190.0
2020-11-23,10.6,11.6,10.6,11.4,560.0
2020-11-24,11.4,11.4,11.4,11.4,200.0
2020-11-25,10.6,11.35,10.45,11.0,1140.0
2020-11-26,10.45,10.95,10.3,10.9,2350.0
2020-11-27,10.9,10.9,10.8,10.8,120.0
2020-11-30,10.8,11.0,10.8,10.95,1570.0
2020-12-01,10.85,11.45,10.55,10.65,14240.0
2020-12-02,10.7,11.5,10.7,11.5,680.0
2020-12-07,10.9,10.9,10.9,10.9,100.0
2020-12-08,11.0,11.0,10.55,10.55,1320.0
2020-12-09,11.0,11.0,10.6,10.9,350.0
2020-12-10,10.9,11.25,10.8,11.25,3890.0
2020-12-11,10.9,10.9,10.45,10.55,2470.0
2020-12-14,10.45,10.5,10.4,10.5,1060.0
2020-12-15,10.25,10.7,10.25,10.7,2160.0
2020-12-16,10.35,10.7,10.35,10.7,510.0
2020-12-17,10.7,10.7,10.35,10.7,500.0
2020-12-18,10.35,10.55,10.35,10.55,1960.0
2020-12-21,10.35,10.6,10.3,10.3,6050.0
2020-12-22,10.45,10.45,10.0,10.3,3050.0
2020-12-23,10.5,10.5,10.2,10.45,590.0
2020-12-28,10.35,10.6,9.82,10.5,3910.0
2020-12-29,10.3,10.55,10.3,10.5,470.0
2020-12-30,10.6,10.6,10.6,10.6,300.0
2021-01-04,10.9,11.5,10.9,11.2,1760.0
2021-01-05,10.95,11.5,10.95,11.5,3670.0
2021-01-07,11.5,12.25,11.5,12.15,5280.0
2021-01-08,12.35,12.5,11.8,11.8,2350.0
2021-01-11,12.0,12.2,11.85,11.9,1860.0
2021-01-12,12.15,12.15,12.15,12.15,2670.0
2021-01-13,12.15,12.15,11.8,11.8,950.0
2021-01-14,11.6,12.1,11.6,12.1,1180.0
2021-01-15,11.6,12.15,11.6,12.1,2290.0
2021-01-18,12.1,12.25,11.7,12.25,2440.0
2021-01-19,12.4,12.7,12.25,12.65,2930.0
2021-01-20,12.7,12.8,12.5,12.65,4510.0
2021-01-21,12.8,12.95,12.8,12.9,700.0
2021-01-22,12.9,12.9,12.7,12.9,1660.0
2021-01-25,12.95,13.15,12.9,13.1,2640.0
2021-01-26,13.1,13.1,13.0,13.0,290.0
2021-01-27,13.15,13.15,12.2,12.5,1610.0
2021-01-28,12.5,13.05,12.2,13.05,8700.0
2021-01-29,13.15,13.15,12.75,12.75,1250.0
2021-02-01,13.15,13.15,13.15,13.15,0.0
2021-02-02,12.8,13.15,12.6,13.15,510.0
2021-02-03,12.9,13.55,12.9,13.55,3420.0
2021-02-04,13.85,14.1,13.5,13.5,9310.0
2021-02-05,14.0,14.0,13.95,13.95,130.0
2021-02-08,13.85,13.85,13.85,13.85,700.0
2021-02-09,13.7,13.7,13.7,13.7,800.0
2021-02-10,13.9,13.9,13.9,13.9,1000.0
2021-02-11,13.6,14.05,13.6,14.05,1520.0
2021-02-15,13.8,14.2,13.8,14.2,1810.0
2021-02-16,14.2,14.4,14.15,14.4,1060.0
2021-02-17,14.4,14.7,14.4,14.6,330.0
2021-02-18,15.0,15.4,14.7,15.0,2910.0
2021-02-19,15.1,15.15,14.6,14.6,950.0
2021-02-22,15.2,15.2,14.6,14.6,100.0
2021-02-23,15.1,15.1,14.2,14.4,650.0
2021-02-24,14.95,14.95,14.5,14.5,130.0
2021-02-25,14.3,14.5,14.2,14.5,810.0
2021-02-26,14.4,14.4,13.55,13.9,1170.0
2021-03-01,14.35,14.35,13.9,14.35,500.0
2021-03-02,13.9,14.3,13.2,14.3,1250.0
2021-03-03,14.3,14.3,14.3,14.3,830.0
2021-03-04,14.3,14.6,14.3,14.6,1320.0
2021-03-05,13.85,14.6,13.85,14.6,810.0
2021-03-08,13.9,14.45,13.9,14.45,470.0
2021-03-10,13.8,14.6,13.8,14.6,300.0
2021-03-11,13.7,14.5,13.7,14.5,220.0
2021-03-12,13.75,14.45,13.75,14.45,80.0
2021-03-15,14.45,14.45,14.4,14.45,200.0
2021-03-16,14.65,14.65,14.65,14.65,0.0
2021-03-17,13.8,14.7,13.8,14.7,990.0
2021-03-19,14.0,14.4,14.0,14.4,240.0
2021-03-22,14.15,14.2,14.15,14.2,2140.0
2021-03-23,13.85,14.2,13.75,14.2,840.0
2021-03-24,14.45,14.45,14.45,14.45,40.0
2021-03-25,14.2,14.2,13.8,14.0,850.0
2021-03-26,14.0,14.0,13.8,13.8,400.0
2021-03-29,13.7,14.2,13.7,13.7,350.0
2021-03-30,13.8,13.8,13.8,13.8,160.0
2021-03-31,13.8,14.15,13.8,14.15,150.0
2021-04-01,14.1,14.45,14.0,14.45,190.0
2021-04-06,14.45,14.55,14.1,14.55,2230.0
2021-04-07,14.15,14.5,14.0,14.5,480.0
2021-04-08,14.1,14.2,13.8,14.2,2540.0
2021-04-09,14.2,14.7,14.2,14.4,2150.0
2021-04-12,14.7,14.7,14.3,14.3,2970.0
2021-04-13,14.3,14.5,14.1,14.5,1760.0
2021-04-14,14.5,14.5,14.0,14.0,12290.0
2021-04-15,14.45,14.7,14.1,14.55,2720.0
2021-04-16,14.55,15.35,14.55,15.25,8140.000000000001
2021-04-19,15.6,15.65,15.2,15.5,2290.0
2021-04-20,15.6,15.6,14.05,14.1,9060.0
2021-04-21,14.1,14.65,14.05,14.65,580.0
2021-04-22,14.65,14.8,14.15,14.8,550.0
2021-04-23,14.05,14.45,13.9,14.45,3220.0
2021-04-26,14.05,14.3,14.0,14.3,380.0
2021-04-27,14.25,14.65,14.25,14.65,3150.0
2021-04-28,14.5,14.9,14.5,14.9,9070.0
2021-04-29,14.9,14.9,14.25,14.9,180.0
2021-04-30,14.9,14.9,14.25,14.85,470.0
2021-05-04,14.95,14.95,14.95,14.95,0.0
2021-05-06,14.65,14.95,14.65,14.9,630.0
2021-05-07,14.85,15.0,14.85,15.0,2680.0
2021-05-10,14.75,15.2,14.75,15.2,1060.0
2021-05-11,14.75,15.2,14.75,15.2,940.0
2021-05-12,14.85,14.85,14.7,14.85,2120.0
2021-05-13,14.7,15.0,14.55,15.0,3310.0
2021-05-14,14.8,15.1,14.7,15.1,250.0
2021-05-17,15.1,15.25,14.7,15.25,2740.0
2021-05-18,15.05,15.3,15.0,15.3,1380.0
2021-05-19,15.3,15.3,14.95,15.25,3170.0
2021-05-20,14.9,15.15,14.8,15.15,500.0
2021-05-21,15.15,15.15,15.0,15.0,1830.0
2021-05-24,15.2,15.6,15.2,15.6,2160.0
2021-05-25,15.7,15.7,15.7,15.7,0.0
2021-05-26,15.7,15.7,15.7,15.7,30.0
2021-05-27,15.7,15.95,15.6,15.6,1480.0
2021-05-28,15.35,15.9,14.5,15.0,11800.0
2021-05-31,14.6,15.0,14.4,14.4,27190.0
2021-06-01,14.3,14.6,14.25,14.6,1140.0
2021-06-02,14.5,14.5,14.3,14.3,6210.0
2021-06-04,14.25,14.75,14.1,14.3,12160.0
2021-06-07,14.3,14.4,14.2,14.4,2750.0
2021-06-08,14.2,14.4,14.2,14.4,230.0
2021-06-09,14.4,14.7,14.4,14.7,210.0
2021-06-10,14.65,14.8,14.65,14.8,170.0
2021-06-11,14.75,14.9,14.6,14.9,10770.0
2021-06-14,14.9,15.25,14.9,15.25,1260.0
2021-06-15,15.0,15.15,14.65,15.15,5240.0
2021-06-16,15.1,15.15,15.1,15.15,600.0
2021-06-18,14.75,14.75,14.7,14.7,720.0
2021-06-21,14.7,15.0,14.7,15.0,690.0
2021-06-22,14.75,15.1,14.75,15.1,200.0
2021-06-24,14.8,15.0,14.8,15.0,300.0
2021-06-25,14.7,14.75,14.7,14.75,3540.0
2021-06-28,14.7,14.7,14.7,14.7,230.0
2021-06-30,14.7,14.95,14.7,14.9,1660.0
2021-07-02,14.85,14.85,14.85,14.85,130.0
2021-07-05,14.9,14.9,14.5,14.5,440.0
2021-07-06,14.5,15.0,14.5,15.0,490.0
2021-07-07,14.5,14.8,14.5,14.8,340.0
2021-07-08,14.55,14.7,14.4,14.7,510.0
2021-07-09,14.7,14.75,14.7,14.75,70.0
2021-07-12,14.85,14.95,14.55,14.95,690.0
2021-07-13,14.95,14.95,14.95,14.95,310.0
2021-07-14,14.95,14.95,14.95,14.95,100.0
2021-07-15,14.55,14.55,14.55,14.55,180.0
2021-07-16,14.8,14.8,14.8,14.8,50.0
2021-07-19,14.55,14.65,14.45,14.65,910.0
2021-07-20,14.65,14.65,14.45,14.45,80.0
2021-07-21,14.4,14.65,14.25,14.65,600.0
2021-07-22,14.65,14.65,14.25,14.25,490.0
2021-07-23,14.65,15.5,14.6,15.4,5440.0
2021-07-26,14.55,15.1,14.55,15.1,190.0
2021-07-27,15.0,15.1,15.0,15.05,270.0
2021-07-28,14.9,15.05,14.9,15.05,100.0
2021-07-29,15.0,15.0,15.0,15.0,70.0
2021-07-30,15.0,15.05,15.0,15.05,380.0
2021-08-03,15.05,15.05,15.05,15.05,1960.0
2021-08-05,15.0,15.0,15.0,15.0,900.0
2021-08-06,14.5,15.1,14.5,15.1,50.0
2021-08-11,15.0,15.15,15.0,15.15,450.0
2021-08-12,14.55,15.1,14.55,15.1,240.0
2021-08-16,14.6,15.05,14.6,14.9,2620.0
2021-08-17,14.95,14.95,14.5,14.95,420.0
2021-08-18,14.8,14.8,14.75,14.75,140.0
2021-08-19,14.5,14.5,14.5,14.5,780.0
2021-08-20,14.75,14.75,14.75,14.75,0.0
2021-08-23,14.75,15.0,14.75,15.0,1610.0
2021-08-25,14.45,14.95,14.45,14.95,40.0
2021-08-27,14.9,14.9,14.35,14.65,150.0
2021-08-30,14.65,14.85,14.65,14.85,600.0
2021-08-31,14.35,14.75,14.35,14.75,460.0
2021-09-01,14.7,14.85,14.7,14.85,550.0
2021-09-02,14.85,14.9,14.85,14.9,90.0
2021-09-03,14.9,14.95,14.9,14.95,80.0
2021-09-06,14.95,14.95,14.95,14.95,190.0
2021-09-07,14.9,14.95,14.45,14.95,170.0
2021-09-08,14.9,14.95,14.9,14.95,40.0
2021-09-09,14.55,14.85,14.45,14.85,220.0
2021-09-10,14.5,14.75,14.45,14.75,120.0
2021-09-13,14.75,14.75,14.75,14.75,50.0
2021-09-14,14.85,14.85,14.85,14.85,170.0
2021-09-15,14.85,14.9,14.85,14.9,100.0
2021-09-16,14.65,14.9,14.65,14.9,110.0
2021-09-17,14.9,15.65,14.7,15.05,5400.0
2021-09-20,15.05,15.05,14.55,14.55,710.0
2021-09-21,14.5,14.6,14.5,14.5,600.0
2021-09-22,14.6,14.6,14.5,14.6,750.0
2021-09-23,14.5,14.7,14.5,14.7,260.0
2021-09-24,14.7,15.1,14.5,14.9,5140.0
2021-09-27,14.9,15.2,14.8,15.2,680.0
2021-09-28,14.9,15.2,14.9,15.2,760.0
2021-09-29,15.2,15.3,14.95,15.2,3610.0
2021-09-30,15.2,15.3,15.2,15.3,110.0
2021-10-01,15.0,15.3,15.0,15.3,100.0
2021-10-04,15.3,15.65,15.3,15.65,2150.0
2021-10-05,15.1,15.4,15.1,15.4,90.0
2021-10-06,14.95,15.4,14.7,15.1,510.0
2021-10-07,14.7,15.1,14.7,14.9,320.0
2021-10-08,14.95,14.95,14.5,14.85,1420.0
2021-10-11,14.85,14.85,14.65,14.85,700.0
2021-10-12,14.65,14.85,14.6,14.85,120.0
2021-10-13,14.85,14.85,14.6,14.65,440.0
2021-10-14,14.65,15.0,14.65,15.0,2110.0
2021-10-15,14.7,14.7,14.6,14.6,700.0
2021-10-18,14.65,14.9,14.65,14.9,10.0
2021-10-19,14.9,14.95,14.9,14.95,220.0
2021-10-21,14.65,14.65,14.65,14.65,60.0
2021-10-22,14.9,14.9,14.9,14.9,60.0
2021-10-25,14.9,14.9,14.9,14.9,70.0
2021-10-26,14.85,14.9,14.6,14.6,1730.0
2021-10-27,14.6,14.9,14.55,14.9,1450.0
2021-10-28,14.9,14.9,14.6,14.9,650.0
2021-10-29,14.9,14.9,14.6,14.9,420.0
2021-11-03,14.65,14.65,14.6,14.6,500.0
2021-11-04,14.85,14.95,14.7,14.95,920.0
2021-11-05,14.95,14.95,14.95,14.95,10.0
2021-11-08,14.95,14.95,14.7,14.9,660.0
2021-11-09,14.9,14.9,14.7,14.7,280.0
2021-11-10,14.95,15.05,14.7,14.7,1960.0
2021-11-12,14.95,14.95,14.95,14.95,220.0
2021-11-15,14.8,14.95,14.6,14.95,820.0
2021-11-16,14.8,14.8,14.6,14.6,500.0
2021-11-17,14.55,14.75,14.5,14.75,740.0
2021-11-18,14.75,14.75,14.45,14.75,1430.0
2021-11-19,14.9,15.0,14.9,15.0,620.0
2021-11-22,14.45,14.85,14.25,14.55,1760.0
2021-11-23,14.6,15.05,14.4,15.0,1630.0
2021-11-24,14.9,15.4,14.9,15.4,3600.0
2021-11-25,15.45,15.45,15.45,15.45,220.0
2021-11-26,14.8,14.85,14.6,14.85,1830.0
2021-11-29,14.85,14.85,14.85,14.85,220.0
2021-11-30,14.7,15.15,14.7,15.1,1320.0
2021-12-01,15.05,15.05,14.75,15.0,150.0
2021-12-02,15.0,15.3,15.0,15.25,1250.0
2021-12-06,15.05,15.05,15.0,15.0,250.0
2021-12-07,15.0,15.0,15.0,15.0,100.0
2021-12-08,15.05,15.05,15.05,15.05,30.0
2021-12-10,14.9,14.9,14.85,14.85,150.0
2021-12-13,14.95,15.05,14.95,15.05,4230.0
2021-12-14,15.1,15.2,14.8,15.0,1560.0
2021-12-15,14.8,14.9,14.7,14.9,1220.0
2021-12-16,14.9,14.9,14.9,14.9,270.0
2021-12-17,15.0,15.0,15.0,15.0,600.0
2021-12-20,14.75,14.75,14.75,14.75,1110.0
2021-12-21,14.6,14.6,14.6,14.6,240.0
2021-12-22,14.85,14.95,14.85,14.95,1220.0
2021-12-23,14.8,14.9,14.65,14.9,1360.0
2021-12-27,14.8,14.9,14.8,14.9,520.0
2021-12-28,14.8,14.8,14.8,14.8,530.0
2021-12-30,14.9,14.95,14.9,14.95,260.0
2022-01-03,14.95,15.65,14.95,15.65,1740.0
2022-01-04,15.65,16.75,15.65,16.75,8760.0
2022-01-05,16.75,16.95,16.7,16.95,520.0
2022-01-07,17.0,17.0,16.5,17.0,760.0
2022-01-10,17.05,17.05,16.55,17.0,980.0
2022-01-11,17.0,17.05,17.0,17.05,270.0
2022-01-12,17.15,17.15,17.05,17.05,530.0
2022-01-13,17.05,17.05,17.05,17.05,1380.0
2022-01-14,17.2,17.2,16.65,16.8,1910.0
2022-01-17,17.0,17.0,17.0,17.0,0.0
2022-01-18,16.55,17.0,15.75,16.3,1070.0
2022-01-20,16.4,16.4,15.9,15.9,1350.0
2022-01-24,15.6,15.6,14.25,15.1,2540.0
2022-01-25,15.3,15.3,15.0,15.0,2140.0
2022-01-26,15.1,15.1,14.7,15.0,2210.0
2022-01-27,14.65,14.65,14.0,14.3,7560.0
2022-01-28,14.4,14.45,13.8,14.0,1950.0
2022-01-31,14.0,14.0,13.75,13.75,3180.0
2022-02-01,13.8,13.95,13.65,13.95,1620.0
2022-02-02,13.85,14.6,13.75,14.6,1800.0
2022-02-03,14.55,14.55,14.3,14.5,360.0
2022-02-04,14.25,14.25,13.8,14.2,2240.0
2022-02-07,14.2,14.25,14.2,14.2,450.0
2022-02-08,13.85,14.1,13.8,14.1,980.0
2022-02-09,14.25,14.25,14.2,14.2,1060.0
2022-02-10,13.8,13.95,13.8,13.95,2720.0
2022-02-11,13.75,13.75,13.6,13.6,630.0
2022-02-14,13.5,13.5,12.75,12.75,2420.0
2022-02-15,13.0,13.6,13.0,13.1,2920.0
2022-02-16,13.1,13.55,13.05,13.55,500.0
2022-02-17,13.05,13.1,12.85,13.0,75730.0
2022-02-18,13.15,13.15,13.15,13.15,220.0
2022-02-21,13.15,13.6,12.9,13.1,6300.0
2022-02-23,13.25,13.25,13.0,13.2,650.0
2022-02-24,12.4,12.8,12.2,12.8,7190.0
2022-02-25,13.05,13.05,13.05,13.05,0.0
2022-02-28,13.0,13.25,13.0,13.25,1160.0
2022-03-02,13.25,13.25,13.25,13.25,150.0
2022-03-04,13.2,13.2,13.1,13.1,2000.0
2022-03-07,13.0,13.0,12.75,13.0,2410.0
2022-03-09,13.0,13.0,13.0,13.0,200.0
2022-03-15,12.9,13.0,12.9,13.0,910.0
2022-03-16,13.0,13.0,13.0,13.0,810.0
2022-03-17,13.0,13.0,13.0,13.0,1650.0
2022-03-18,13.2,13.2,13.2,13.2,0.0
2022-03-21,13.2,13.3,13.2,13.3,150.0
2022-03-24,13.3,13.3,13.15,13.15,160.0
2022-03-25,13.1,13.75,13.1,13.7,1220.0
2022-03-28,13.35,13.65,13.25,13.5,800.0
2022-03-30,13.25,13.25,13.15,13.2,850.0
2022-03-31,13.4,13.4,13.4,13.4,80.0
2022-04-01,13.35,13.6,13.35,13.5,2090.0
2022-04-05,13.5,13.5,13.5,13.5,220.0
2022-04-06,13.3,13.3,13.2,13.2,1780.0
2022-04-07,13.45,13.45,13.45,13.45,0.0
2022-04-11,13.45,13.45,13.45,13.45,100.0
2022-04-13,13.3,13.3,13.3,13.3,110.0
2022-04-14,13.4,13.5,13.4,13.5,2450.0
2022-04-19,13.3,13.6,13.2,13.6,830.0
2022-04-20,13.2,13.6,13.2,13.4,1010.0
2022-04-21,13.1,14.2,13.1,14.0,1960.0
2022-04-22,13.4,14.0,13.4,14.0,100.0
2022-04-25,13.5,13.9,13.5,13.9,740.0
2022-04-26,13.4,13.4,13.4,13.4,330.0
2022-04-27,13.6,13.6,13.6,13.6,0.0
2022-04-29,13.5,13.5,13.1,13.1,1100.0
2022-05-02,13.6,13.6,13.6,13.6,70.0
2022-05-05,13.1,13.6,13.1,13.6,290.0
2022-05-10,13.1,13.1,13.1,13.1,730.0
2022-05-12,13.5,13.5,13.5,13.5,0.0
2022-05-16,13.0,13.4,13.0,13.4,90.0
2022-05-18,13.0,13.3,12.9,13.3,1510.0
2022-05-19,12.9,13.0,12.9,13.0,1600.0
2022-05-20,12.9,13.0,12.9,12.9,800.0
2022-05-23,12.9,12.9,12.8,12.8,520.0
2022-05-24,12.8,12.9,12.4,12.4,620.0
2022-05-25,12.8,12.8,12.8,12.8,0.0
2022-05-26,12.6,12.8,12.6,12.8,3550.0
2022-05-27,12.9,13.2,12.9,13.2,1000.0
2022-05-30,13.2,13.7,13.2,13.6,2940.0
2022-05-31,13.4,13.5,13.4,13.5,90.0
2022-06-01,13.2,13.2,13.1,13.2,670.0
2022-06-02,12.8,12.8,12.8,12.8,70.0
2022-06-03,13.2,13.2,13.2,13.2,0.0
2022-06-06,13.0,13.0,13.0,13.0,30.0
2022-06-07,13.0,13.0,13.0,13.0,2570.0
2022-06-08,13.0,13.1,12.8,13.1,750.0
2022-06-13,13.0,13.2,13.0,13.2,930.0
2022-06-14,13.0,13.1,13.0,13.1,480.0
2022-06-15,13.0,13.0,13.0,13.0,820.0
2022-06-17,13.1,13.1,13.1,13.1,0.0
2022-06-21,12.8,13.1,12.8,13.1,30.0
2022-06-24,13.0,13.1,13.0,13.1,1880.0
2022-06-27,12.9,12.9,12.8,12.8,300.0
2022-06-28,12.8,12.8,12.8,12.8,60.0
2022-06-29,13.2,13.2,13.2,13.2,530.0
2022-07-01,13.2,13.5,13.2,13.5,890.0
2022-07-04,13.2,13.2,13.2,13.2,100.0
2022-07-05,13.2,13.2,12.8,13.2,1070.0
2022-07-06,12.8,12.8,12.7,12.7,410.0
2022-07-08,13.0,13.0,13.0,13.0,0.0
2022-07-12,12.7,12.7,12.7,12.7,30.0
2022-07-13,12.7,13.0,12.7,13.0,220.0
2022-07-20,13.0,13.0,13.0,13.0,270.0
2022-07-21,13.0,13.0,13.0,13.0,60.0
2022-07-22,13.0,13.0,13.0,13.0,90.0
2022-07-25,13.0,13.0,13.0,13.0,40.0
2022-07-26,12.7,12.7,12.6,12.6,290.0
2022-07-27,12.6,13.0,12.6,13.0,250.0
2022-07-28,13.0,13.0,13.0,13.0,1010.0
2022-07-29,13.0,13.0,13.0,13.0,1600.0
2022-08-02,13.0,13.0,13.0,13.0,420.0
2022-08-03,13.0,13.0,13.0,13.0,2070.0
2022-08-04,13.1,13.1,13.0,13.0,1010.0
2022-08-05,13.1,13.1,13.0,13.0,1410.0
2022-08-08,13.0,13.0,13.0,13.0,5160.0
2022-08-16,13.0,13.1,13.0,13.1,2570.0
2022-08-18,12.9,13.0,12.9,13.0,40.0
2022-08-19,13.2,13.2,13.1,13.1,200.0
2022-08-22,13.0,13.0,13.0,13.0,5000.0
2022-08-24,13.0,13.0,12.7,12.7,1470.0
2022-08-25,12.9,12.9,12.9,12.9,150.0
2022-08-30,12.9,12.9,12.9,12.9,550.0
2022-09-01,12.6,12.6,12.4,12.4,460.0
2022-09-02,12.4,13.0,12.4,13.0,1070.0
2022-09-05,13.0,13.0,13.0,13.0,150.0
2022-09-08,12.8,13.5,12.8,13.5,1320.0
2022-09-09,13.0,13.0,13.0,13.0,580.0
2022-09-12,12.7,12.7,12.7,12.7,70.0
2022-09-14,12.7,12.7,12.5,12.6,1600.0
2022-09-15,12.8,12.8,12.8,12.8,20.0
2022-09-19,12.9,12.9,12.9,12.9,0.0
2022-09-20,12.4,12.4,12.4,12.4,1000.0
2022-09-22,12.0,12.0,10.8,11.8,1900.0
2022-09-23,11.8,12.3,11.8,12.3,100.0
2022-09-26,12.3,12.3,12.3,12.3,70.0
2022-09-27,11.8,11.8,11.8,11.8,640.0
2022-09-30,11.8,11.8,11.8,11.8,20.0
2022-10-03,11.8,11.9,11.8,11.9,2290.0
2022-10-04,11.8,11.8,11.7,11.8,1790.0
2022-10-06,11.6,11.8,11.6,11.8,210.0
2022-10-07,11.8,11.8,11.8,11.8,640.0
2022-10-10,11.7,11.8,11.6,11.8,2940.0
2022-10-11,12.0,12.0,12.0,12.0,150.0
2022-10-12,11.8,11.8,11.6,11.6,1680.0
2022-10-17,11.8,11.8,11.8,11.8,650.0
2022-10-18,11.8,12.2,11.5,12.2,1220.0
2022-10-19,11.5,12.0,11.5,12.0,1650.0
2022-10-20,11.7,11.7,11.5,11.5,1650.0
2022-10-21,11.7,11.7,11.5,11.5,1170.0
2022-10-24,11.7,11.7,11.7,11.7,150.0
2022-10-25,11.4,11.4,11.2,11.2,160.0
2022-10-26,11.3,11.3,11.3,11.3,290.0
2022-10-31,11.7,11.7,11.7,11.7,120.0
2022-11-07,11.3,11.5,11.3,11.5,240.0
2022-11-08,11.7,11.7,11.7,11.7,0.0
2022-11-09,11.5,11.5,11.5,11.5,1000.0
2022-11-10,11.4,11.4,11.2,11.2,1590.0
2022-11-14,11.3,11.6,11.3,11.6,670.0
2022-11-15,11.4,11.5,11.4,11.5,290.0
2022-11-17,11.5,11.5,11.4,11.4,2000.0
2022-11-18,11.4,11.4,11.0,11.3,2130.0
2022-11-21,11.3,11.6,11.3,11.6,1490.0
2022-11-22,11.3,11.6,11.3,11.6,6710.0
2022-11-25,11.3,11.6,11.2,11.2,2080.0
2022-11-28,11.3,11.3,11.2,11.2,390.0
2022-11-29,11.2,11.3,11.2,11.2,1300.0
2022-11-30,11.2,11.4,11.2,11.4,1250.0
2022-12-01,11.1,11.1,11.1,11.1,1800.0
2022-12-02,11.1,11.6,11.1,11.5,2870.0
2022-12-05,11.5,12.0,11.5,11.6,2029.9999999999998
2022-12-06,11.5,11.5,11.5,11.5,1650.0
2022-12-07,11.5,11.5,11.5,11.5,140.0
2022-12-08,11.8,12.0,11.5,11.5,2870.0
2022-12-12,11.3,11.3,11.2,11.2,1820.0
2022-12-13,11.2,11.5,11.1,11.5,2550.0
2022-12-14,11.2,11.2,11.2,11.2,270.0
2022-12-19,11.2,11.2,11.2,11.2,1600.0
2022-12-20,11.1,11.2,11.0,11.2,25080.0
2022-12-22,11.5,11.5,11.3,11.3,1980.0
2022-12-27,11.1,11.1,11.1,11.1,290.0
2022-12-28,11.1,11.1,11.0,11.0,710.0
2022-12-30,11.2,11.2,11.2,11.2,1500.0
2023-01-02,11.3,11.3,11.3,11.3,530.0
2023-01-03,11.8,11.8,11.8,11.8,2060.0
2023-01-04,11.9,12.3,11.9,12.3,590.0
2023-01-05,11.9,11.9,11.8,11.8,500.0
2023-01-09,11.9,11.9,11.9,11.9,1690.0
2023-01-10,11.9,12.1,11.7,12.1,1590.0
2023-01-11,11.9,11.9,11.8,11.8,500.0
2023-01-13,11.8,11.8,11.8,11.8,50.0
2023-01-16,11.8,11.8,11.5,11.5,2500.0
2023-01-17,11.8,11.8,11.8,11.8,120.0
2023-01-18,11.8,11.8,11.5,11.5,3750.0
2023-01-19,11.5,11.8,11.4,11.4,9120.0
2023-01-20,11.4,11.4,11.2,11.2,870.0
2023-01-24,11.4,11.4,11.1,11.2,6460.0
2023-01-26,11.2,11.2,11.2,11.2,2580.0
2023-01-27,11.3,11.3,11.3,11.3,70.0
2023-01-30,11.3,11.3,11.1,11.3,1640.0
2023-02-01,11.2,11.2,11.1,11.1,680.0
2023-02-02,11.1,12.0,11.1,12.0,1620.0
2023-02-03,12.0,12.2,12.0,12.0,790.0
2023-02-06,12.0,12.2,11.7,11.7,1610.0
2023-02-07,11.4,11.4,11.3,11.3,2950.0
2023-02-08,11.2,11.5,11.0,11.5,5180.0
2023-02-09,11.5,11.5,11.2,11.2,2540.0
2023-02-10,11.3,11.5,11.0,11.5,5190.0
2023-02-13,11.3,11.3,11.1,11.1,2270.0
2023-02-15,11.3,11.9,11.3,11.9,2280.0
2023-02-16,11.5,11.5,11.5,11.5,540.0
2023-02-17,11.6,11.6,11.5,11.5,1650.0
2023-02-20,11.6,11.6,11.1,11.2,6330.0
2023-02-21,11.4,11.4,11.4,11.4,0.0
2023-02-22,11.2,11.4,11.1,11.4,8680.0
2023-02-23,11.1,11.4,11.1,11.4,2680.0
2023-02-24,11.1,11.2,11.1,11.2,3910.0
2023-02-27,11.1,11.3,11.1,11.2,7280.0
2023-02-28,11.2,11.4,11.0,11.4,7700.0
2023-03-01,11.2,11.4,11.0,11.4,7780.0
2023-03-02,11.1,12.2,11.1,11.8,11910.0
2023-03-03,11.8,11.8,10.8,11.7,17770.0
2023-03-06,11.7,11.7,11.4,11.4,60.0
2023-03-08,11.7,12.0,11.6,11.6,7000.0
2023-03-10,11.8,11.8,11.8,11.8,70.0
2023-03-13,11.8,11.8,11.6,11.6,1090.0
2023-03-14,11.7,11.8,11.7,11.7,440.0
2023-03-15,11.9,12.0,11.7,11.7,600.0
2023-03-16,11.6,11.6,11.5,11.5,700.0
2023-03-17,11.5,11.6,11.5,11.6,220.0
2023-03-20,11.4,11.4,11.3,11.3,2810.0
2023-03-21,11.3,11.3,11.1,11.2,6820.0
2023-03-22,11.2,11.4,11.1,11.4,1640.0
2023-03-23,11.4,11.5,11.2,11.5,2180.0
2023-03-24,11.5,11.5,11.2,11.2,1620.0
2023-03-27,11.2,11.2,11.2,11.2,250.0
2023-03-28,11.3,11.3,11.1,11.2,1260.0
2023-03-29,11.3,11.3,11.3,11.3,90.0
2023-03-30,11.3,11.5,11.3,11.5,530.0
2023-04-03,11.5,11.5,11.5,11.5,120.0
2023-04-04,11.4,11.6,11.4,11.5,1240.0
2023-04-05,11.4,11.4,11.4,11.4,80.0
2023-04-06,11.6,11.6,11.6,11.6,860.0
2023-04-11,11.6,11.8,11.6,11.8,1080.0
2023-04-12,11.6,11.6,11.6,11.6,510.0
2023-04-13,11.4,11.6,11.4,11.6,350.0
2023-04-14,12.0,12.6,12.0,12.6,9080.0
2023-04-17,12.6,13.0,12.6,13.0,2290.0
2023-04-18,13.0,13.4,13.0,13.4,5800.0
2023-04-19,13.0,13.4,13.0,13.4,270.0
2023-04-20,13.4,13.4,13.4,13.4,10.0
2023-04-21,13.4,13.9,13.4,13.9,4390.0
2023-04-24,14.0,14.7,14.0,14.5,9760.0
2023-04-25,14.6,14.7,14.3,14.7,5600.0
2023-04-26,14.5,14.9,14.1,14.9,5270.0
2023-04-27,14.7,14.7,14.2,14.3,1500.0
2023-04-28,14.7,14.8,14.3,14.3,1430.0
2023-05-02,14.7,14.7,14.7,14.7,110.0
2023-05-04,14.7,14.7,14.6,14.6,320.0
2023-05-05,14.6,14.6,14.3,14.3,280.0
2023-05-08,14.3,14.3,14.3,14.3,100.0
2023-05-09,14.5,14.7,14.5,14.7,250.0
2023-05-10,14.5,14.5,14.5,14.5,750.0
2023-05-11,14.5,14.5,14.5,14.5,300.0
2023-05-12,14.3,14.7,14.3,14.7,390.0
2023-05-15,14.7,14.8,14.7,14.8,1760.0
2023-05-16,14.3,14.5,14.2,14.3,790.0
2023-05-17,14.5,14.8,14.4,14.8,2600.0
2023-05-18,14.7,14.8,14.2,14.2,2410.0
2023-05-19,15.0,15.6,14.5,15.5,31910.0
2023-05-22,15.5,15.8,15.5,15.6,1960.0
2023-05-23,15.5,15.7,15.3,15.7,1390.0
2023-05-24,15.3,15.4,15.0,15.0,1310.0
2023-05-25,15.0,15.0,14.8,15.0,600.0
2023-05-26,15.0,15.0,15.0,15.0,10.0
2023-05-29,14.9,14.9,14.6,14.7,610.0
2023-05-30,15.1,15.8,15.1,15.6,3240.0
2023-05-31,15.6,15.8,15.2,15.5,1920.0
2023-06-01,15.5,15.5,15.1,15.1,1250.0
2023-06-02,15.1,15.2,15.0,15.0,1120.0
2023-06-05,14.9,15.0,14.5,15.0,1380.0
2023-06-06,15.0,15.1,14.6,15.1,1270.0
2023-06-07,14.8,15.0,14.5,15.0,500.0
2023-06-09,14.6,15.0,14.6,14.9,750.0
2023-06-12,14.9,14.9,14.8,14.9,2760.0
2023-06-13,14.7,14.7,14.5,14.5,250.0
2023-06-14,14.6,14.6,14.6,14.6,10.0
2023-06-15,14.8,14.8,14.6,14.6,420.0
2023-06-19,14.7,14.7,14.5,14.6,1090.0
2023-06-21,14.4,14.4,14.4,14.4,250.0
2023-06-22,14.4,14.4,14.4,14.4,120.0
2023-06-23,14.3,14.3,14.2,14.2,250.0
2023-06-27,14.1,14.2,14.0,14.0,650.0
2023-06-29,14.0,14.2,14.0,14.2,280.0
2023-06-30,14.3,14.4,14.3,14.4,320.0
2023-07-03,14.4,14.7,14.4,14.6,970.0
2023-07-05,14.5,14.5,14.5,14.5,430.0
2023-07-10,14.5,14.5,14.4,14.4,380.0
2023-07-11,14.4,14.4,14.2,14.3,300.0
2023-07-12,14.3,14.4,14.0,14.4,3750.0
2023-07-13,14.0,14.4,14.0,14.4,1830.0
2023-07-14,14.2,14.7,14.2,14.7,560.0
2023-07-18,14.7,15.0,14.7,15.0,840.0
2023-07-19,15.2,15.2,15.2,15.2,170.0
2023-07-25,15.0,15.0,15.0,15.0,180.0
2023-07-26,15.0,15.1,14.7,15.1,1200.0
2023-07-27,15.0,15.0,15.0,15.0,100.0
2023-07-28,15.1,15.1,15.0,15.0,100.0
2023-07-31,15.0,15.0,14.7,14.7,960.0
2023-08-01,15.0,15.0,14.6,14.6,1070.0
2023-08-02,14.6,14.6,14.6,14.6,70.0
2023-08-03,14.6,14.6,14.6,14.6,250.0
2023-08-04,14.5,14.5,14.5,14.5,210.0
2023-08-07,14.5,14.5,14.5,14.5,190.0
2023-08-08,14.5,14.5,14.4,14.5,380.0
2023-08-09,14.6,14.6,14.4,14.4,250.0
2023-08-10,14.6,14.6,14.6,14.6,20.0
2023-08-11,14.4,14.4,14.3,14.3,440.0
2023-08-14,14.4,14.6,14.4,14.6,230.0
2023-08-16,14.6,14.6,14.2,14.5,440.0
2023-08-17,14.2,14.5,14.2,14.5,60.0
2023-08-18,14.6,14.7,14.1,14.3,5760.0
2023-08-21,14.5,14.6,14.5,14.6,70.0
2023-08-22,14.6,14.6,14.6,14.6,10.0
2023-08-28,14.6,14.6,14.6,14.6,170.0
2023-08-30,14.5,14.7,14.4,14.7,360.0
2023-08-31,14.7,15.1,14.7,15.1,2650.0
2023-09-01,15.0,15.1,15.0,15.1,240.0
2023-09-04,15.1,15.5,14.7,15.5,7820.0
2023-09-05,15.5,15.5,15.4,15.4,50.0
2023-09-06,15.5,15.6,15.0,15.0,4000.0
2023-09-07,15.3,15.3,14.9,15.2,260.0
2023-09-08,15.3,15.3,13.8,14.4,9970.0
2023-09-11,13.8,13.8,13.2,13.7,1290.0
2023-09-12,13.4,13.8,13.4,13.8,330.0
2023-09-13,13.6,13.8,13.6,13.8,5210.0
2023-09-14,13.5,13.8,13.5,13.8,300.0
2023-09-15,13.5,13.8,13.5,13.8,1770.0
2023-09-18,13.8,13.8,13.6,13.8,2540.0
2023-09-19,13.6,13.7,13.6,13.7,50.0
2023-09-20,13.8,13.8,13.8,13.8,0.0
2023-09-21,13.7,13.8,13.5,13.8,2330.0
2023-09-22,13.8,13.8,13.7,13.8,10400.0
2023-09-25,14.2,14.9,14.2,14.7,11330.0
2023-09-26,14.8,15.0,14.3,15.0,6290.0
2023-09-27,15.5,15.5,15.0,15.2,12540.0
2023-09-28,15.4,15.5,15.0,15.4,2610.0
2023-09-29,15.3,15.3,15.1,15.1,380.0
2023-10-02,15.4,15.5,15.0,15.0,1100.0
2023-10-03,15.0,15.2,14.7,14.7,2780.0
2023-10-04,14.9,14.9,14.7,14.7,1660.0
2023-10-05,14.9,14.9,14.8,14.8,3940.0
2023-10-06,14.8,14.9,14.7,14.8,480.0
2023-10-09,14.6,14.9,14.0,14.3,5320.0
2023-10-10,14.3,14.4,14.3,14.4,400.0
2023-10-11,14.1,14.5,14.1,14.5,450.0
2023-10-12,14.3,14.5,14.3,14.5,990.0
2023-10-13,14.5,14.5,14.3,14.3,200.0
2023-10-16,14.3,14.7,14.1,14.4,3780.0
2023-10-17,14.4,14.6,14.2,14.6,890.0
2023-10-18,14.6,14.6,14.6,14.6,210.0
2023-10-19,14.2,14.4,14.0,14.4,870.0
2023-10-20,14.2,14.2,14.2,14.2,300.0
2023-10-23,14.2,14.4,14.1,14.3,1380.0
2023-10-24,14.1,14.1,14.0,14.0,2280.0
2023-10-25,13.9,14.3,13.9,14.3,1560.0
2023-10-26,14.2,14.6,14.2,14.6,2009.9999999999998
2023-10-27,14.4,14.8,14.4,14.8,60.0
2023-10-30,14.8,14.9,14.4,14.4,370.0
2023-10-31,14.4,14.5,14.4,14.4,910.0
2023-11-02,14.3,14.4,14.3,14.4,1050.0
2023-11-03,14.4,14.4,14.4,14.4,10.0
2023-11-06,14.4,14.8,14.3,14.8,970.0
2023-11-07,14.3,14.8,14.3,14.6,190.0
2023-11-08,14.6,14.6,14.4,14.6,580.0
2023-11-09,14.3,14.3,14.2,14.2,1620.0
2023-11-10,14.2,14.2,14.2,14.2,660.0
2023-11-13,14.4,14.5,14.3,14.4,1720.0
2023-11-14,14.3,14.4,13.9,14.3,1200.0
2023-11-15,14.3,14.4,14.1,14.4,940.0
2023-11-16,14.6,14.6,14.1,14.1,790.0
2023-11-17,15.0,15.5,14.9,15.3,12910.0
2023-11-20,15.4,16.4,15.4,16.0,18350.0
2023-11-21,16.0,16.4,15.9,16.3,4770.0
2023-11-22,16.5,16.5,16.0,16.0,4510.0
2023-11-23,16.5,16.5,15.8,16.4,320.0
2023-11-24,16.2,16.2,15.8,15.9,1170.0
2023-11-27,16.2,16.2,15.6,15.7,3660.0
2023-11-28,15.6,15.6,15.6,15.6,1370.0
2023-11-29,15.2,15.2,15.1,15.1,2340.0
2023-11-30,15.1,15.1,15.1,15.1,640.0
2023-12-01,15.4,15.4,14.7,15.1,2080.0
2023-12-04,15.1,15.2,15.0,15.2,390.0
2023-12-05,15.1,15.1,15.1,15.1,0.0
2023-12-06,15.0,15.5,15.0,15.5,1940.0
2023-12-07,15.2,15.4,15.2,15.4,270.0
2023-12-08,15.5,15.6,15.5,15.6,1030.0
2023-12-11,15.7,15.7,15.2,15.6,260.0
2023-12-12,15.6,15.8,15.0,15.0,1140.0
2023-12-13,15.2,15.2,14.8,15.2,5210.0
2023-12-14,15.2,15.3,15.2,15.3,400.0
2023-12-15,15.0,15.4,14.8,15.4,3030.0
2023-12-18,15.5,15.7,15.5,15.7,640.0
2023-12-19,15.7,15.7,15.3,15.5,150.0
2023-12-20,15.5,15.7,15.1,15.7,2610.0
2023-12-21,15.4,15.7,15.4,15.6,980.0
2023-12-22,15.6,15.8,15.3,15.3,340.0
2023-12-27,15.5,16.5,15.3,16.5,2080.0
2023-12-28,16.5,16.8,16.5,16.8,770.0
2023-12-29,16.9,16.9,16.5,16.9,500.0
2024-01-02,17.0,18.3,16.8,18.3,13590.0
2024-01-03,17.8,18.3,17.5,17.8,4930.0
2024-01-04,17.7,17.8,17.4,17.7,780.0
2024-01-05,17.4,17.7,17.3,17.7,2620.0
2024-01-08,17.6,17.6,17.2,17.2,900.0
2024-01-09,17.7,18.2,17.7,18.2,3670.0
2024-01-10,18.2,18.2,17.7,17.7,990.0
2024-01-11,18.0,18.0,17.3,18.0,3080.0
2024-01-12,18.0,18.0,18.0,18.0,450.0
2024-01-15,17.9,18.3,17.6,18.3,13090.0
2024-01-16,18.0,18.9,18.0,18.6,3800.0
2024-01-17,18.9,18.9,18.8,18.8,600.0
2024-01-18,18.8,18.8,18.1,18.7,1430.0
2024-01-19,18.2,18.7,18.2,18.7,760.0
2024-01-22,18.7,18.7,18.3,18.3,2310.0
2024-01-23,18.4,18.7,18.0,18.7,1520.0
2024-01-24,18.7,19.0,18.5,18.6,2780.0
2024-01-25,18.6,19.8,18.6,19.8,9530.0
2024-01-26,19.7,20.0,19.3,19.9,11770.0
2024-01-29,19.9,20.2,19.5,20.2,7050.0
2024-01-30,20.2,20.6,20.0,20.4,2370.0
2024-01-31,20.4,20.4,20.0,20.0,300.0
2024-02-01,20.4,20.6,20.4,20.6,530.0
2024-02-02,20.6,20.6,20.4,20.6,1020.0
2024-02-05,20.6,20.6,20.2,20.6,90.0
2024-02-06,20.2,20.6,20.0,20.6,2820.0
2024-02-07,20.6,20.8,20.4,20.6,1620.0
2024-02-08,20.8,20.8,19.7,20.0,1610.0
2024-02-09,20.0,20.0,19.1,19.1,1660.0
2024-02-12,19.1,19.6,18.6,18.9,3630.0
2024-02-13,18.9,19.0,18.5,19.0,1600.0
2024-02-14,18.9,19.0,18.9,18.9,1300.0
2024-02-15,18.5,18.5,17.8,18.0,8189.999999999999
2024-02-16,18.3,19.8,18.3,19.8,11190.0
2024-02-19,19.5,19.7,19.3,19.5,3730.0
2024-02-20,19.5,19.5,18.9,19.0,4600.0
2024-02-21,18.7,19.0,18.5,19.0,770.0
2024-02-22,18.7,18.9,18.3,18.9,2230.0
2024-02-23,18.6,18.7,18.4,18.7,1150.0
2024-02-26,18.8,18.8,18.1,18.2,2450.0
2024-02-27,18.2,18.6,18.2,18.6,1640.0
2024-02-28,18.3,18.6,18.3,18.5,160.0
2024-02-29,18.5,18.5,18.3,18.3,30.0
2024-03-01,18.2,18.3,17.3,17.5,7190.0
2024-03-04,17.6,18.3,17.6,18.3,1820.0
2024-03-05,18.0,18.2,18.0,18.2,520.0
2024-03-06,18.3,18.3,18.1,18.1,280.0
2024-03-07,18.1,18.3,17.9,17.9,2690.0
2024-03-08,17.9,18.4,17.9,18.3,500.0
2024-03-11,18.3,18.5,17.8,18.5,720.0
2024-03-12,18.5,18.5,18.2,18.5,220.0
2024-03-13,18.3,18.3,18.0,18.0,450.0
2024-03-14,18.0,18.0,18.0,18.0,50.0
2024-03-15,17.9,18.2,17.4,17.4,2120.0
2024-03-18,17.6,17.7,17.6,17.7,520.0
2024-03-19,17.5,17.7,17.3,17.7,230.0
2024-03-20,17.5,17.5,17.2,17.4,590.0
2024-03-21,17.4,17.6,17.4,17.6,380.0
2024-03-22,17.2,17.2,16.7,16.9,1600.0
2024-03-25,16.7,17.2,16.7,16.9,340.0
2024-03-26,16.8,17.7,16.8,17.2,980.0
2024-03-27,17.2,17.6,17.2,17.6,240.0
2024-03-28,17.2,17.5,17.2,17.5,2060.0
2024-04-02,16.9,18.25,16.8,17.35,3050.0
2024-04-03,17.25,17.25,16.9,17.0,520.0
2024-04-04,16.95,17.3,16.7,17.3,2040.0
2024-04-05,17.3,17.4,16.9,17.4,500.0
2024-04-08,17.05,17.3,17.0,17.3,870.0
2024-04-09,17.3,17.6,17.3,17.6,1130.0
2024-04-10,17.6,17.6,16.8,17.4,1950.0
2024-04-11,17.45,17.45,17.2,17.3,1240.0
2024-04-12,17.5,17.6,16.4,16.65,4940.0
2024-04-15,16.65,16.9,16.15,16.3,2230.0
2024-04-16,16.15,16.4,16.0,16.0,1410.0
2024-04-17,16.0,16.15,16.0,16.15,620.0
2024-04-18,16.3,17.1,16.3,17.0,1480.0
2024-04-19,16.95,16.95,15.75,16.35,6260.0
2024-04-22,16.0,16.0,15.2,15.7,10700.0
2024-04-23,15.65,15.65,15.3,15.65,3430.0
2024-04-24,15.4,15.7,15.4,15.7,1600.0
2024-04-25,15.6,15.95,15.45,15.95,1320.0
2024-04-26,15.95,16.0,15.75,16.0,1700.0
2024-04-29,16.0,16.0,15.75,15.95,50.0
2024-04-30,15.95,15.95,15.6,15.95,1310.0
2024-05-02,15.6,15.8,15.5,15.8,1760.0
2024-05-06,15.7,15.7,15.5,15.5,3130.0
2024-05-07,15.8,15.8,15.75,15.8,810.0
2024-05-08,15.5,15.95,15.5,15.65,1640.0
2024-05-09,15.7,15.7,15.35,15.6,800.0
2024-05-10,15.6,15.65,15.35,15.65,860.0
2024-05-13,15.7,16.2,15.2,16.15,2560.0
2024-05-14,16.15,16.8,16.15,16.5,1500.0
2024-05-15,16.3,17.05,16.25,16.95,1460.0
2024-05-16,16.5,17.05,16.5,16.9,240.0
2024-05-17,15.6,16.3,15.35,16.3,4920.0
2024-05-20,16.15,16.15,15.65,16.05,2790.0
2024-05-21,16.0,16.0,15.9,16.0,420.0
2024-05-22,16.0,16.1,16.0,16.1,1500.0
2024-05-23,16.1,17.1,16.1,17.05,1570.0
2024-05-24,17.0,17.0,16.35,16.9,140.0
2024-05-27,16.9,16.9,16.4,16.5,380.0
2024-05-28,16.45,16.75,16.45,16.75,90.0
2024-05-29,16.45,16.75,16.1,16.1,800.0
2024-05-31,16.3,16.3,16.3,16.3,150.0
2024-06-03,16.2,16.3,16.0,16.3,330.0
2024-06-04,16.3,16.3,16.05,16.15,680.0
2024-06-05,16.05,16.2,16.05,16.2,820.0
2024-06-07,16.1,16.2,16.05,16.2,820.0
2024-06-10,16.2,16.2,16.0,16.0,10.0
2024-06-11,16.0,16.0,15.8,16.0,440.0
2024-06-12,16.0,16.0,16.0,16.0,190.0
2024-06-13,15.8,16.15,15.75,16.15,800.0
2024-06-14,15.85,16.0,15.65,15.65,1440.0
2024-06-17,15.95,16.15,15.6,15.6,430.0
2024-06-18,16.0,16.0,15.4,15.65,2260.0
2024-06-19,15.8,16.0,15.7,15.7,2190.0
2024-06-20,15.7,15.8,15.7,15.8,400.0
2024-06-21,15.7,15.8,15.65,15.7,160.0
2024-06-24,15.75,16.0,15.7,16.0,1910.0
2024-06-25,16.0,16.2,16.0,16.2,120.0
2024-06-26,15.9,16.0,15.9,15.9,1350.0
2024-06-27,16.2,16.3,16.0,16.0,280.0
2024-06-28,16.3,16.4,16.0,16.1,100.0
2024-07-01,16.4,16.85,16.2,16.5,590.0
2024-07-02,16.4,16.65,16.25,16.65,50.0
2024-07-03,16.5,16.65,16.2,16.65,440.0
2024-07-04,16.65,16.65,16.05,16.2,1070.0
2024-07-05,16.45,16.45,16.2,16.45,30.0
2024-07-08,16.45,16.45,16.45,16.45,80.0
2024-07-09,16.45,16.65,16.45,16.65,560.0
2024-07-10,16.65,16.75,16.25,16.6,670.0
2024-07-11,16.7,16.8,16.45,16.7,160.0
2024-07-12,16.7,16.7,16.4,16.5,180.0
2024-07-15,16.7,16.7,16.25,16.5,230.0
2024-07-16,16.6,16.65,16.45,16.45,770.0
2024-07-17,16.55,16.55,16.45,16.45,2570.0
2024-07-18,16.45,16.55,16.25,16.25,1020.0
2024-07-19,16.25,16.55,16.25,16.55,130.0
2024-07-22,16.55,16.8,16.55,16.8,350.0
2024-07-23,16.5,16.8,16.5,16.7,1540.0
2024-07-24,16.7,16.7,16.5,16.5,420.0
2024-07-25,16.5,16.7,16.5,16.65,1440.0
2024-07-26,16.7,16.8,16.7,16.8,620.0
2024-07-29,16.75,16.75,16.5,16.5,80.0
2024-07-30,16.8,17.15,16.7,17.0,2040.0
2024-07-31,17.0,17.15,16.85,17.15,580.0
2024-08-01,16.85,17.45,16.85,17.4,490.0
2024-08-02,16.85,17.55,16.85,17.35,4440.0
2024-08-05,17.25,17.25,16.2,16.4,1890.0
2024-08-06,16.4,17.1,16.4,16.6,2170.0
2024-08-07,16.95,17.1,16.6,17.05,1520.0
2024-08-08,17.05,17.55,16.7,17.55,1000.0
2024-08-09,17.5,17.55,16.9,17.55,20.0
2024-08-12,17.55,17.55,16.9,17.45,460.0
2024-08-13,17.45,17.45,17.1,17.4,100.0
2024-08-14,17.1,17.1,17.0,17.1,3250.0
2024-08-16,17.35,17.35,17.35,17.35,10.0
2024-08-19,17.05,17.3,16.95,17.3,890.0
2024-08-20,17.3,17.3,17.0,17.2,1910.0
2024-08-21,17.1,17.1,17.0,17.05,1280.0
2024-08-22,17.2,17.2,17.0,17.0,1410.0
2024-08-23,17.0,17.45,17.0,17.45,4590.0
2024-08-26,17.45,17.5,17.05,17.4,780.0
2024-08-27,17.15,17.4,17.15,17.4,150.0
2024-08-28,17.3,17.35,17.3,17.35,330.0
2024-08-29,17.35,17.55,17.15,17.5,610.0
2024-08-30,17.5,17.55,17.5,17.5,340.0
2024-09-02,17.55,17.55,17.2,17.5,70.0
2024-09-03,17.3,17.5,17.3,17.5,310.0
2024-09-04,17.55,17.55,17.2,17.45,170.0
2024-09-05,17.5,17.55,17.5,17.55,1530.0
2024-09-06,17.2,17.2,16.3,16.95,480.0
2024-09-09,16.95,17.2,16.85,16.85,360.0
2024-09-10,16.8,17.15,16.8,17.15,310.0
2024-09-11,17.15,17.15,16.9,16.9,130.0
2024-09-12,17.0,17.0,16.65,16.9,140.0
2024-09-16,16.65,16.8,16.5,16.8,1470.0
2024-09-17,16.8,17.4,16.8,16.85,1230.0
2024-09-18,17.4,17.5,17.35,17.5,1410.0
2024-09-19,17.65,17.65,17.1,17.6,240.0
2024-09-20,18.3,18.4,17.9,18.2,1510.0
2024-09-23,18.05,18.05,17.9,18.0,170.0
2024-09-24,18.0,18.0,17.9,17.9,370.0
2024-09-26,17.6,17.6,17.0,17.0,1630.0
2024-09-27,17.65,17.65,17.0,17.3,350.0
2024-09-30,17.35,17.65,17.35,17.65,530.0
2024-10-01,17.25,17.6,17.2,17.6,70.0
2024-10-02,17.2,17.4,17.2,17.4,270.0
2024-10-03,17.15,17.3,17.15,17.3,2090.0
2024-10-04,17.3,17.3,17.0,17.3,1190.0
2024-10-07,16.95,17.15,16.95,17.15,100.0
2024-10-08,17.15,17.15,17.15,17.15,10.0
2024-10-09,17.15,17.15,16.95,16.95,20.0
2024-10-10,16.95,17.0,16.9,17.0,690.0
2024-10-11,17.0,17.0,16.7,16.95,110.0
2024-10-14,16.9,16.9,16.9,16.9,10.0
2024-10-15,16.9,16.9,16.7,16.9,90.0
2024-10-17,16.85,16.85,16.2,16.85,680.0
2024-10-21,16.35,16.8,16.35,16.8,30.0
2024-10-22,16.35,16.8,16.35,16.8,0.0
2024-10-24,16.7,16.7,16.6,16.6,10.0
2024-10-25,16.7,16.7,16.35,16.7,0.0
2024-10-28,16.6,16.6,16.2,16.2,220.0
2024-10-29,16.2,16.25,15.6,16.25,550.0
2024-10-30,15.85,16.0,15.75,15.8,290.0
2024-10-31,15.8,16.15,15.6,16.15,200.0
2024-11-04,16.0,16.0,15.2,15.3,370.0
2024-11-05,15.4,15.4,15.35,15.35,530.0
2024-11-06,15.35,15.35,15.35,15.35,130.0
2024-11-07,15.4,15.7,15.4,15.7,60.0
2024-11-08,15.75,15.75,15.75,15.75,30.0
2024-11-12,15.4,15.5,15.2,15.5,720.0
2024-11-13,15.5,15.5,15.5,15.5,40.0
2024-11-14,15.5,15.7,15.5,15.7,340.0
2024-11-15,15.6,15.6,14.1,15.0,8270.0
2024-11-18,14.7,15.0,14.4,14.5,6740.0
2024-11-19,14.5,14.5,13.75,13.75,2550.0
2024-11-20,14.0,14.4,14.0,14.4,1900.0
2024-11-21,14.4,14.75,14.0,14.75,2250.0
2024-11-22,14.75,14.75,14.2,14.75,60.0
2024-11-25,14.1,14.5,14.1,14.25,1450.0
2024-11-26,14.7,14.7,14.7,14.7,50.0
2024-11-27,14.35,14.45,14.0,14.45,5470.0
2024-11-28,14.35,14.35,13.9,14.3,3850.0
2024-11-29,14.0,14.35,14.0,14.3,1590.0
2024-12-02,14.3,14.95,14.3,14.95,1440.0
2024-12-03,15.7,16.0,14.95,15.2,230.0
2024-12-04,15.2,15.4,15.2,15.4,40.0
2024-12-05,14.8,15.4,14.8,15.4,70.0
2024-12-06,15.4,15.4,15.0,15.0,2050.0
2024-12-09,15.0,15.2,14.65,15.2,1160.0
2024-12-10,15.0,15.3,14.6,15.0,3190.0
2024-12-11,15.0,15.0,15.0,15.0,310.0
2024-12-12,15.0,15.0,15.0,15.0,1180.0
2024-12-13,15.3,15.3,15.3,15.3,70.0
2024-12-16,15.25,15.25,15.25,15.25,10.0
2024-12-17,15.15,15.15,14.6,15.15,2280.0
2024-12-18,14.7,14.7,14.65,14.7,2190.0
2024-12-19,14.6,14.65,14.6,14.65,260.0
2024-12-20,14.95,15.3,14.7,15.3,240.0
2024-12-23,15.1,15.3,14.6,15.3,1310.0
2024-12-27,14.35,15.3,14.35,15.3,520.0
2024-12-30,14.6,15.25,14.6,14.9,160.0
2025-01-02,14.6,15.0,14.6,15.0,220.0
2025-01-03,14.7,14.7,14.65,14.65,220.0
2025-01-07,14.7,15.0,14.6,15.0,1460.0
2025-01-08,16.0,16.0,14.95,14.95,110.0
2025-01-09,15.45,16.0,15.45,16.0,1160.0
2025-01-10,15.4,15.5,15.3,15.5,320.0
2025-01-13,15.5,15.8,15.5,15.8,480.0
2025-01-14,15.75,15.75,15.7,15.7,240.0
2025-01-15,15.7,15.7,15.25,15.7,130.0
2025-01-16,15.65,15.7,15.65,15.7,220.0
2025-01-17,15.25,15.6,15.25,15.25,370.0
2025-01-20,15.2,15.45,15.2,15.45,320.0
2025-01-21,15.2,15.25,15.1,15.25,200.0
2025-01-22,15.2,15.3,15.2,15.3,330.0
2025-01-23,15.2,15.25,15.15,15.25,1170.0
2025-01-24,15.15,15.15,14.75,15.05,1520.0
2025-01-27,15.05,15.05,15.05,15.05,100.0
2025-01-28,15.0,15.4,14.95,14.95,2400.0
2025-01-29,15.0,15.0,15.0,15.0,700.0
2025-01-30,15.0,15.0,15.0,15.0,240.0
2025-01-31,14.95,15.0,14.95,15.0,930.0
2025-02-03,14.9,15.0,14.85,15.0,710.0
2025-02-04,14.9,15.0,14.8,14.95,360.0
2025-02-06,15.0,15.0,14.95,14.95,70.0
2025-02-07,15.1,15.1,15.1,15.1,0.0
2025-02-10,14.95,14.95,14.95,14.95,150.0
2025-02-11,14.95,14.95,14.9,14.9,50.0
2025-02-12,15.1,15.1,15.0,15.0,0.0
2025-02-13,15.0,15.05,14.9,15.0,1540.0
2025-02-14,15.0,15.1,15.0,15.1,390.0
2025-02-17,15.1,15.45,14.95,15.45,2060.0
2025-02-18,15.45,15.5,15.25,15.45,1100.0
2025-02-19,15.2,15.2,15.15,15.2,1730.0
2025-02-20,15.2,15.4,15.15,15.15,560.0
2025-02-21,15.45,15.45,15.45,15.45,0.0
2025-02-24,15.05,15.45,15.05,15.45,1260.0
2025-02-26,15.35,15.45,15.05,15.45,3090.0
2025-02-27,15.45,15.45,15.45,15.45,540.0
2025-02-28,15.45,15.45,15.15,15.35,580.0
2025-03-03,15.4,15.45,15.4,15.45,120.0
2025-03-04,15.15,15.4,15.1,15.1,160.0
2025-03-05,15.4,15.45,15.4,15.45,180.0
2025-03-06,15.45,15.45,15.1,15.3,200.0
2025-03-07,15.3,15.4,15.3,15.4,1320.0
2025-03-10,15.2,15.45,15.2,15.45,210.0
2025-03-11,15.15,15.15,15.0,15.0,2620.0
2025-03-12,15.0,15.0,14.9,15.0,10600.0
2025-03-13,15.0,15.0,14.9,15.0,1740.0
2025-03-14,14.95,15.0,14.95,15.0,320.0
2025-03-17,14.9,15.0,14.9,14.9,1750.0
2025-03-18,14.85,14.85,14.8,14.8,1010.0
2025-03-19,14.85,14.85,14.8,14.8,700.0
2025-03-20,14.8,14.8,14.75,14.75,570.0
2025-03-21,14.8,14.8,14.8,14.8,10.0
2025-03-24,14.8,14.8,14.7,14.7,940.0
2025-03-25,14.9,14.9,14.7,14.7,320.0
2025-03-26,14.9,14.9,14.9,14.9,10.0
2025-03-27,14.75,14.75,14.7,14.7,340.0
2025-04-02,14.65,14.9,14.5,14.9,270.0
2025-04-03,14.5,14.5,14.25,14.4,310.0
2025-04-04,14.4,14.4,14.1,14.1,1700.0
2025-04-07,14.0,14.0,13.6,13.8,2460.0
2025-04-08,13.8,14.1,13.8,14.1,390.0
2025-04-09,14.0,14.0,14.0,14.0,200.0
2025-04-10,14.1,14.1,14.1,14.1,1490.0
2025-04-11,13.9,14.2,13.9,13.95,9040.0
2025-04-14,14.1,14.1,13.95,13.95,2040.0
2025-04-15,14.0,14.5,14.0,14.05,1090.0
2025-04-16,14.5,14.5,14.0,14.0,4410.0
2025-04-17,14.3,14.3,13.9,13.95,2280.0
2025-04-22,14.0,14.0,13.6,13.85,3900.0
2025-04-23,13.9,14.0,13.9,13.95,6620.0
2025-04-24,14.0,14.15,13.75,14.15,2540.0
2025-04-25,14.0,14.15,13.9,14.15,500.0
2025-04-28,14.1,14.5,14.1,14.45,1500.0
2025-04-29,14.45,14.55,14.45,14.55,1600.0
2025-04-30,14.55,14.6,14.5,14.5,4410.0
2025-05-02,14.5,14.65,14.5,14.5,5740.0
2025-05-05,14.5,14.6,14.5,14.6,450.0
2025-05-06,14.5,14.5,14.5,14.5,0.0
2025-05-07,14.5,14.5,14.45,14.45,270.0
2025-05-08,14.6,14.6,14.55,14.55,2440.0
2025-05-09,14.55,14.55,14.55,14.55,60.0
2025-05-12,14.5,14.6,14.4,14.6,2640.0
2025-05-13,14.6,14.6,14.5,14.5,1050.0
2025-05-14,14.5,14.5,14.5,14.5,160.0
2025-05-15,14.55,14.55,14.4,14.4,400.0
2025-05-16,14.6,14.7,14.5,14.55,11800.0
2025-05-19,14.7,15.8,14.7,15.55,15060.0
2025-05-20,15.5,15.75,15.15,15.7,1720.0
2025-05-21,15.65,15.65,15.6,15.65,560.0
2025-05-22,15.65,15.65,15.4,15.4,1040.0
2025-05-23,15.65,15.65,15.25,15.25,480.0
2025-05-26,15.75,15.75,15.2,15.2,1970.0
2025-05-27,15.15,15.3,15.1,15.3,130.0
2025-05-28,15.3,15.3,15.1,15.1,600.0
2025-05-29,15.3,15.8,15.15,15.15,100.0
2025-05-30,15.8,15.8,15.7,15.75,410.0
2025-06-02,15.75,15.75,15.75,15.75,0.0
2025-06-03,15.75,15.75,15.75,15.75,180.0
2025-06-04,15.35,15.7,15.15,15.25,560.0
2025-06-05,15.65,15.65,15.65,15.65,10.0
2025-06-06,15.65,15.65,15.3,15.6,1080.0
2025-06-09,15.6,15.6,15.25,15.3,2060.0
2025-06-10,15.3,15.6,15.25,15.6,150.0
2025-06-11,15.6,15.6,15.3,15.6,290.0
2025-06-12,15.55,15.7,15.3,15.3,260.0
2025-06-13,15.7,15.7,15.3,15.3,560.0
2025-06-16,15.3,15.3,15.15,15.15,340.0
2025-06-17,15.25,15.7,15.05,15.05,1540.0
2025-06-18,15.05,15.05,14.45,14.8,4410.0
2025-06-20,14.75,15.0,14.75,14.8,120.0
2025-06-23,14.9,15.0,14.9,14.9,50.0
2025-06-24,14.9,15.0,14.85,14.9,860.0
2025-06-25,15.0,15.3,15.0,15.3,80.0
2025-06-26,15.3,15.3,15.0,15.0,70.0
2025-06-27,15.1,15.4,15.05,15.4,1100.0
2025-06-30,15.4,15.4,15.4,15.4,0.0
2025-07-01,15.4,15.7,15.25,15.4,1010.0
2025-07-02,15.7,15.9,15.6,15.75,440.0
2025-07-03,15.75,15.9,15.75,15.9,220.0
2025-07-04,15.85,15.85,15.8,15.85,190.0
2025-07-07,15.85,15.9,15.8,15.8,310.0
2025-07-08,15.9,15.9,15.9,15.9,120.0
2025-07-09,15.9,15.9,15.85,15.85,150.0
2025-07-10,15.8,15.9,15.8,15.85,1190.0
2025-07-11,15.8,15.8,15.6,15.65,200.0
2025-07-14,15.8,15.8,15.65,15.65,20.0
2025-07-15,15.85,15.85,15.85,15.85,50.0
2025-07-16,15.85,15.85,15.85,15.85,70.0
2025-07-17,15.85,15.9,15.85,15.9,900.0
2025-07-18,15.9,15.9,15.8,15.8,110.0
2025-07-21,15.8,16.55,15.75,16.55,20320.0
2025-07-22,16.65,16.7,16.5,16.5,390.0
2025-07-23,16.4,16.4,16.3,16.3,1180.0
2025-07-24,16.3,16.3,16.2,16.2,730.0
2025-07-25,16.3,16.3,16.3,16.3,220.0
2025-07-28,16.4,16.4,16.0,16.4,1690.0
2025-07-29,16.05,16.2,15.9,16.2,2920.0
2025-07-30,16.0,16.0,16.0,16.0,90.0
2025-07-31,15.8,15.95,15.7,15.95,930.0
2025-08-01,15.7,15.8,15.6,15.6,820.0
2025-08-04,15.6,15.8,15.6,15.8,130.0
2025-08-05,15.8,15.85,15.6,15.6,570.0
2025-08-06,15.8,15.8,15.8,15.8,100.0
2025-08-07,16.1,16.1,16.1,16.1,10.0
2025-08-08,16.1,16.1,15.8,15.8,510.0
2025-08-11,16.0,16.0,16.0,16.0,60.0
2025-08-12,16.0,16.1,15.6,16.1,520.0
2025-08-13,16.05,16.05,15.9,15.9,90.0
2025-08-14,15.9,16.1,15.85,16.1,120.0
2025-08-18,15.85,15.85,15.85,15.85,90.0
2025-08-19,15.85,16.0,15.85,15.9,420.0
2025-08-20,16.1,16.15,15.7,15.7,1340.0
2025-08-21,15.85,15.85,15.85,15.85,0.0
2025-08-22,16.0,16.15,15.95,16.15,890.0
2025-08-25,16.15,16.15,16.15,16.15,20.0
2025-08-26,15.8,16.2,15.7,16.2,830.0
2025-08-27,16.05,16.05,16.05,16.05,300.0
2025-08-28,16.1,16.2,16.1,16.2,110.0
2025-08-29,16.2,16.2,16.2,16.2,20.0
2025-09-01,16.1,16.25,16.05,16.15,1700.0
2025-09-02,15.8,16.25,15.8,16.25,610.0
2025-09-03,16.25,16.25,16.0,16.0,640.0
2025-09-04,16.15,16.3,16.15,16.3,470.0
2025-09-05,16.25,16.3,15.8,15.8,4390.0
2025-09-08,16.1,16.45,15.7,16.45,3960.0
2025-09-09,16.95,17.0,16.2,16.8,38180.0
2025-09-10,16.7,17.2,16.1,16.45,10070.0
2025-09-11,16.45,16.45,16.3,16.4,1750.0
2025-09-12,16.4,16.8,16.2,16.6,1800.0
2025-09-15,16.65,17.0,16.3,16.95,5220.0
2025-09-16,16.95,16.95,16.6,16.9,1200.0
2025-09-17,16.95,17.0,16.65,17.0,1360.0
2025-09-18,16.85,16.85,16.2,16.6,930.0
2025-09-19,16.45,16.45,16.2,16.3,2130.0
2025-09-22,16.15,16.3,15.85,16.3,1090.0
2025-09-23,16.25,16.6,16.2,16.55,2670.0
2025-09-24,16.55,16.8,16.55,16.8,2630.0
2025-09-25,16.65,16.9,16.5,16.85,1180.0
2025-09-26,16.7,16.85,16.3,16.85,1700.0
2025-09-29,16.8,16.8,16.45,16.5,970.0
