Date,Open,High,Low,Close,Volume
2014-09-01,22.14,22.15,21.24,22.15,2420.0
2014-09-02,21.76,22.0,21.63,22.0,5610.0
2014-09-03,22.14,22.95,21.74,22.15,3560.0
2014-09-04,22.15,22.43,22.0,22.0,2600.0
2014-09-05,22.2,22.21,22.19,22.2,1660.0
2014-09-08,21.55,22.0,21.55,22.0,2810.0
2014-09-09,22.0,22.0,21.45,21.73,4260.0
2014-09-10,21.8,22.0,21.6,22.0,1670.0
2014-09-11,22.0,22.3,21.49,22.2,14660.0
2014-09-12,22.5,22.55,22.39,22.5,1940.0
2014-09-15,22.75,22.94,22.4,22.75,2270.0
2014-09-16,22.7,23.0,22.45,23.0,1880.0
2014-09-17,23.0,23.0,22.76,23.0,1540.0
2014-09-18,23.0,23.0,22.39,22.39,5660.0
2014-09-19,23.0,23.0,22.58,23.0,1580.0
2014-09-22,23.0,23.0,22.52,23.0,1660.0
2014-09-23,23.0,23.0,22.56,23.0,1940.0
2014-09-24,23.2,23.2,22.61,23.1,2230.0
2014-09-25,23.3,23.39,22.63,23.3,2840.0
2014-09-26,23.45,23.45,23.4,23.4,270.0
2014-09-29,23.5,23.5,23.3,23.3,230.0
2014-09-30,23.35,23.5,22.5,23.5,2890.0
2014-10-01,23.3,23.5,23.3,23.5,790.0
2014-10-02,23.01,23.29,22.05,22.1,3260.0
2014-10-03,22.5,22.5,22.1,22.37,5440.0
2014-10-06,22.77,22.98,22.77,22.98,980.0
2014-10-07,23.0,23.0,22.85,23.0,730.0
2014-10-08,22.6,22.6,22.45,22.5,2830.0
2014-10-09,22.99,23.0,22.45,22.45,650.0
2014-10-10,22.45,22.45,22.0,22.0,1060.0
2014-10-13,22.0,22.5,21.95,22.0,2430.0
2014-10-14,21.5,22.0,21.36,21.75,2470.0
2014-10-15,21.99,21.99,21.99,21.99,200.0
2014-10-16,21.35,22.0,21.35,21.9,3490.0
2014-10-17,21.99,22.15,21.4,21.89,1590.0
2014-10-20,21.31,22.2,21.31,21.56,1240.0
2014-10-21,21.99,22.52,21.7,22.52,3360.0
2014-10-22,22.52,22.52,22.2,22.2,400.0
2014-10-23,22.01,22.01,22.01,22.01,0.0
2014-10-24,22.65,22.65,21.63,21.63,3830.0
2014-10-27,22.0,23.0,21.5,23.0,2700.0
2014-10-28,22.99,23.0,22.36,23.0,710.0
2014-10-29,22.57,22.77,22.02,22.77,1640.0
2014-10-30,22.28,22.31,21.84,21.84,2020.0
2014-10-31,22.49,22.49,21.65,21.68,2200.0
2014-11-03,21.7,21.7,21.3,21.6,2780.0
2014-11-04,22.0,22.0,20.97,20.97,1620.0
2014-11-05,21.5,21.64,21.2,21.47,4019.9999999999995
2014-11-06,20.6,21.67,20.6,21.4,3140.0
2014-11-07,21.4,21.4,20.53,21.0,1990.0
2014-11-10,21.4,21.4,20.4,21.4,2850.0
2014-11-12,21.4,21.5,20.5,21.5,14130.0
2014-11-13,21.5,21.55,21.5,21.55,2310.0
2014-11-14,20.61,21.5,20.61,21.5,2000.0
2014-11-17,21.4,21.4,20.72,21.4,2860.0
2014-11-18,21.41,21.93,21.05,21.05,1010.0
2014-11-19,21.1,21.31,20.73,21.3,3540.0
2014-11-20,21.2,21.2,20.96,21.2,730.0
2014-11-21,20.91,21.2,20.66,21.2,2770.0
2014-11-24,21.2,21.3,20.11,20.4,9450.0
2014-11-25,20.7,20.75,19.01,19.01,62100.0
2014-11-26,19.02,19.69,17.61,18.35,117790.0
2014-11-27,18.5,19.0,18.42,19.0,12230.0
2014-11-28,19.3,19.5,19.1,19.5,7320.0
2014-12-01,19.8,19.8,19.41,19.41,2160.0
2014-12-02,20.0,20.0,19.44,19.77,4330.0
2014-12-03,19.99,20.1,19.0,19.8,11470.0
2014-12-04,20.0,20.09,19.66,19.9,2860.0
2014-12-05,20.1,20.5,20.1,20.5,2230.0
2014-12-08,20.7,20.7,20.42,20.7,660.0
2014-12-09,20.88,21.0,20.21,20.9,2130.0
2014-12-10,21.0,21.0,20.8,20.9,1050.0
2014-12-11,20.99,20.99,20.3,20.65,1370.0
2014-12-12,20.97,20.97,20.4,20.65,970.0
2014-12-15,20.65,20.65,20.36,20.4,960.0
2014-12-16,20.65,20.65,19.55,19.8,1640.0
2014-12-17,20.3,20.3,19.81,20.2,710.0
2014-12-18,20.2,20.2,19.6,19.99,3960.0
2014-12-19,20.2,20.2,19.03,19.3,6570.0
2014-12-22,19.3,19.3,18.75,19.25,4290.0
2014-12-23,19.0,19.35,18.9,19.2,1860.0
2014-12-29,19.2,19.2,18.1,18.8,2170.0
2014-12-30,19.2,19.2,18.45,18.52,6230.0
2015-01-02,18.94,18.94,18.35,18.35,640.0
2015-01-05,18.5,18.5,18.2,18.3,1700.0
2015-01-07,18.2,18.2,17.8,17.9,3530.0
2015-01-08,18.5,18.5,18.0,18.3,2540.0
2015-01-09,18.3,18.6,18.26,18.31,2510.0
2015-01-12,18.32,18.59,18.31,18.5,4490.0
2015-01-13,18.8,18.8,18.45,18.59,2070.0
2015-01-14,18.5,18.5,18.45,18.45,540.0
2015-01-15,18.3,18.5,18.1,18.1,1430.0
2015-01-16,18.5,18.6,18.0,18.13,1710.0
2015-01-19,18.15,18.15,17.98,17.98,2080.0
2015-01-20,17.98,17.98,17.8,17.82,2120.0
2015-01-21,17.84,17.84,17.16,17.4,4450.0
2015-01-22,17.4,18.0,17.2,17.6,30700.0
2015-01-23,17.6,18.5,17.6,18.5,18830.0
2015-01-26,18.48,19.5,18.4,19.0,12930.0
2015-01-27,19.02,19.5,19.02,19.35,1580.0
2015-01-28,19.11,19.99,19.11,19.6,4860.0
2015-01-29,19.3,20.4,19.3,20.28,4019.9999999999995
2015-01-30,20.5,20.6,19.81,20.2,53150.0
2015-02-02,20.0,20.42,19.9,19.9,670.0
2015-02-03,20.39,20.39,20.2,20.2,560.0
2015-02-04,20.2,20.2,19.5,20.0,1600.0
2015-02-05,20.2,20.2,19.95,20.16,1640.0
2015-02-06,20.16,20.3,20.1,20.2,1980.0
2015-02-09,20.2,20.2,20.0,20.2,750.0
2015-02-10,20.36,20.65,20.01,20.59,2770.0
2015-02-11,20.64,20.64,20.5,20.6,580.0
2015-02-12,20.6,20.8,20.5,20.8,2110.0
2015-02-13,20.8,20.91,20.8,20.91,140.0
2015-02-16,20.94,20.94,20.31,20.7,1020.0
2015-02-17,20.8,21.0,20.36,21.0,1390.0
2015-02-18,20.9,21.0,20.9,20.9,200.0
2015-02-19,20.9,21.0,20.9,21.0,1910.0
2015-02-20,21.2,21.5,21.0,21.0,1300.0
2015-02-23,21.5,21.5,21.0,21.0,1860.0
2015-02-24,20.99,21.0,20.99,21.0,3200.0
2015-02-25,21.45,21.45,21.02,21.39,360.0
2015-02-26,21.45,21.6,21.3,21.3,1030.0
2015-02-27,21.3,21.97,21.3,21.97,2690.0
2015-03-02,22.0,22.0,21.82,21.95,3200.0
2015-03-03,21.5,21.99,21.4,21.99,1490.0
2015-03-04,21.99,22.0,21.99,22.0,850.0
2015-03-05,22.0,23.12,21.6,22.3,9390.0
2015-03-06,22.6,22.88,22.6,22.6,1100.0
2015-03-09,22.7,22.9,22.6,22.9,1300.0
2015-03-10,22.95,22.95,22.5,22.9,1130.0
2015-03-11,22.9,23.0,22.6,22.6,740.0
2015-03-12,22.99,22.99,22.9,22.98,1020.0
2015-03-13,22.97,22.97,22.5,22.95,1460.0
2015-03-16,23.0,23.0,22.75,23.0,1740.0
2015-03-17,23.0,23.0,22.5,22.98,3960.0
2015-03-18,22.98,23.0,22.52,22.98,1510.0
2015-03-19,23.0,23.0,22.89,23.0,310.0
2015-03-20,23.0,23.0,22.3,23.0,860.0
2015-03-23,23.0,23.0,23.0,23.0,150.0
2015-03-24,22.95,23.0,22.8,23.0,1030.0
2015-03-25,23.0,23.2,23.0,23.18,1170.0
2015-03-26,23.02,23.18,23.0,23.05,2100.0
2015-03-27,23.0,23.3,22.55,23.3,4250.0
2015-03-30,23.45,23.6,23.45,23.6,460.0
2015-03-31,24.0,24.43,24.0,24.05,3280.0
2015-04-01,24.2,24.2,24.06,24.07,420.0
2015-04-02,24.2,24.5,24.15,24.5,560.0
2015-04-07,24.4,24.4,24.2,24.2,4280.0
2015-04-08,24.17,24.3,24.07,24.2,1110.0
2015-04-09,24.1,24.1,23.53,23.76,6370.0
2015-04-10,23.8,23.9,23.5,23.9,1550.0
2015-04-13,23.9,23.9,23.9,23.9,160.0
2015-04-14,23.9,23.9,23.21,23.8,1570.0
2015-04-15,23.8,23.8,23.72,23.8,940.0
2015-04-17,23.6,23.6,22.55,23.4,6250.0
2015-04-20,23.0,23.4,22.86,23.0,2450.0
2015-04-21,23.0,23.0,22.6,22.8,3100.0
2015-04-22,23.0,23.0,22.8,22.8,1450.0
2015-04-23,22.51,23.0,22.5,22.95,2220.0
2015-04-24,23.0,23.3,22.97,22.97,1450.0
2015-04-27,22.57,23.0,22.25,23.0,1590.0
2015-04-28,23.0,23.0,22.16,23.0,1830.0
2015-04-29,23.0,23.0,22.9,23.0,1230.0
2015-04-30,23.0,23.1,23.0,23.0,790.0
2015-05-04,22.99,23.0,22.37,23.0,550.0
2015-05-05,22.9,23.0,22.37,22.65,1110.0
2015-05-06,22.35,22.9,22.35,22.7,1520.0
2015-05-07,22.7,23.0,22.7,22.7,1060.0
2015-05-08,22.9,23.1,22.7,22.91,700.0
2015-05-11,23.18,23.18,22.9,22.91,2710.0
2015-05-12,22.91,23.0,22.91,22.91,870.0
2015-05-13,23.41,24.95,23.35,23.7,9760.0
2015-05-14,23.79,23.79,22.5,23.15,4150.0
2015-05-15,23.2,23.4,23.09,23.34,1270.0
2015-05-18,23.1,23.4,23.1,23.35,970.0
2015-05-19,23.3,23.3,22.81,23.0,1420.0
2015-05-20,22.95,23.0,22.5,22.75,4140.0
2015-05-21,22.75,22.75,22.32,22.74,1350.0
2015-05-22,22.73,22.74,22.41,22.74,1160.0
2015-05-25,22.97,22.97,22.6,22.7,1600.0
2015-05-26,22.7,22.7,22.6,22.63,1650.0
2015-05-27,22.66,22.66,22.5,22.66,540.0
2015-05-28,22.55,22.64,22.21,22.64,1950.0
2015-05-29,22.62,23.0,22.22,22.64,3400.0
2015-06-01,22.64,22.64,22.55,22.6,1200.0
2015-06-02,22.6,22.6,22.5,22.59,1570.0
2015-06-03,22.59,22.64,22.5,22.64,1310.0
2015-06-05,22.64,22.64,22.5,22.55,750.0
2015-06-08,22.6,22.6,22.16,22.55,670.0
2015-06-09,22.55,22.55,22.55,22.55,250.0
2015-06-10,22.2,22.2,21.01,21.99,1330.0
2015-06-11,21.97,22.0,21.02,21.99,1340.0
2015-06-12,20.8,21.79,20.8,21.79,1520.0
2015-06-15,21.79,21.79,21.7,21.78,1250.0
2015-06-16,21.79,21.79,21.06,21.45,3380.0
2015-06-17,21.45,21.45,21.11,21.39,2250.0
2015-06-18,21.35,21.35,20.02,21.3,6580.0
2015-06-19,21.3,21.3,21.3,21.3,120.0
2015-06-22,21.3,21.3,19.7,21.3,7020.0
2015-06-23,21.3,21.58,21.2,21.25,560.0
2015-06-24,21.3,21.3,21.3,21.3,190.0
2015-06-25,21.3,21.58,21.3,21.3,420.0
2015-06-26,21.3,21.5,21.25,21.5,410.0
2015-06-29,21.0,21.3,20.6,21.3,4150.0
2015-06-30,21.3,21.6,21.3,21.3,1680.0
2015-07-01,20.33,21.5,20.32,21.5,3780.0
2015-07-02,21.5,21.5,21.5,21.5,290.0
2015-07-03,21.5,21.5,21.5,21.5,870.0
2015-07-06,21.9,21.9,21.9,21.9,100.0
2015-07-07,21.52,21.52,21.2,21.5,2870.0
2015-07-08,21.5,21.5,21.01,21.49,1320.0
2015-07-09,21.1,21.1,21.01,21.01,720.0
2015-07-10,21.49,21.49,21.02,21.38,110.0
2015-07-13,20.7,21.59,20.7,21.59,1730.0
2015-07-15,21.64,21.64,21.01,21.64,400.0
2015-07-16,21.64,21.65,21.02,21.64,1210.0
2015-07-17,21.65,21.7,21.65,21.7,990.0
2015-07-20,21.7,21.7,21.7,21.7,1450.0
2015-07-21,21.71,21.89,21.7,21.7,280.0
2015-07-22,21.7,21.7,21.7,21.7,280.0
2015-07-23,21.7,21.8,21.7,21.8,200.0
2015-07-24,21.8,22.0,21.8,22.0,2110.0
2015-07-27,22.0,22.0,21.81,22.0,7030.0
2015-07-28,22.0,22.0,21.51,22.0,3070.0
2015-07-29,22.0,22.0,21.9,22.0,2190.0
2015-07-30,22.5,22.5,22.05,22.5,400.0
2015-07-31,22.5,23.4,22.5,23.39,6640.0
2015-08-03,23.39,23.63,23.1,23.63,3250.0
2015-08-04,23.9,23.95,23.64,23.94,4330.0
2015-08-05,23.93,23.95,23.4,23.4,4090.0
2015-08-06,23.3,23.6,23.02,23.6,1430.0
2015-08-07,23.61,23.61,23.12,23.15,620.0
2015-08-10,23.15,23.67,23.15,23.66,660.0
2015-08-11,23.11,23.49,22.81,22.99,2940.0
2015-08-12,22.9,22.9,22.51,22.9,640.0
2015-08-14,22.53,22.9,22.52,22.9,260.0
2015-08-17,22.52,23.3,22.52,23.3,230.0
2015-08-18,23.28,23.28,22.2,23.2,1380.0
2015-08-20,23.19,23.19,22.25,23.19,420.0
2015-08-21,23.18,23.18,22.31,22.98,410.0
2015-08-24,22.1,22.1,20.6,21.3,8300.0
2015-08-25,21.5,23.2,21.0,23.0,5150.0
2015-08-26,22.99,23.5,22.99,23.5,15600.0
2015-08-27,23.5,24.29,23.5,24.0,7800.0
2015-08-28,24.5,24.54,24.0,24.5,5090.0
2015-08-31,24.03,24.75,24.03,24.75,5290.0
2015-09-01,24.69,24.75,24.1,24.75,5430.0
2015-09-02,24.88,24.88,23.98,23.98,2410.0
2015-09-03,23.97,24.1,23.97,24.1,1630.0
2015-09-04,24.4,24.4,24.0,24.0,540.0
2015-09-07,24.5,24.5,23.5,23.97,2650.0
2015-09-08,23.98,23.98,23.95,23.95,1000.0
2015-09-09,23.61,23.98,23.61,23.98,4980.0
2015-09-10,23.97,23.98,23.61,23.98,4540.0
2015-09-11,23.98,24.0,23.51,24.0,2230.0
2015-09-14,23.52,24.0,23.01,24.0,5310.0
2015-09-15,24.0,24.0,23.85,23.99,1100.0
2015-09-16,23.98,23.99,23.59,23.99,1150.0
2015-09-17,23.98,23.99,23.98,23.99,1290.0
2015-09-18,23.9,24.0,23.31,24.0,3220.0
2015-09-21,23.99,24.0,23.5,24.0,5450.0
2015-09-22,24.0,24.0,23.98,24.0,3530.0
2015-09-23,24.0,24.0,23.98,24.0,5360.0
2015-09-24,24.0,24.0,23.98,24.0,2800.0
2015-09-25,24.25,24.26,23.99,23.99,4340.0
2015-09-28,24.0,24.0,23.51,23.99,5560.0
2015-09-29,23.99,24.0,23.68,23.99,4100.0
2015-09-30,23.99,23.99,23.65,23.99,7140.0
2015-10-01,23.99,23.99,23.99,23.99,500.0
2015-10-02,23.98,23.98,23.81,23.98,660.0
2015-10-05,23.98,24.5,23.97,24.5,8200.0
2015-10-06,24.5,24.5,24.5,24.5,30.0
2015-10-07,24.8,25.0,24.34,24.7,10290.0
2015-10-08,24.97,24.98,24.7,24.7,60.0
2015-10-09,24.77,24.99,24.32,24.69,3910.0
2015-10-12,24.31,24.68,24.3,24.68,310.0
2015-10-13,24.69,26.0,24.69,25.4,7710.0
2015-10-14,25.4,25.4,25.0,25.0,2620.0
2015-10-15,24.76,24.99,24.75,24.99,530.0
2015-10-16,24.75,24.9,24.55,24.9,240.0
2015-10-19,24.66,24.7,24.58,24.7,290.0
2015-10-20,24.61,24.97,24.6,24.97,290.0
2015-10-21,24.8,24.8,24.02,24.8,4440.0
2015-10-22,24.55,24.88,24.45,24.88,130.0
2015-10-23,24.32,24.61,23.99,23.99,1710.0
2015-10-26,23.61,24.0,23.5,24.0,1890.0
2015-10-27,24.0,24.5,24.0,24.35,4660.0
2015-10-28,24.55,24.55,24.55,24.55,0.0
2015-10-29,24.45,24.68,24.2,24.62,7120.0
2015-10-30,24.3,24.88,24.21,24.85,2960.0
2015-11-02,24.88,24.88,24.88,24.88,190.0
2015-11-03,24.88,24.88,24.88,24.88,30.0
2015-11-04,24.71,24.71,24.0,24.5,8880.0
2015-11-05,24.01,24.01,23.51,24.0,16730.0
2015-11-06,24.0,24.2,24.0,24.2,1910.0
2015-11-09,24.0,24.79,24.0,24.55,1040.0
2015-11-10,24.5,24.55,24.0,24.55,830.0
2015-11-12,24.25,24.45,24.02,24.45,220.0
2015-11-13,24.0,24.0,23.8,24.0,2720.0
2015-11-16,24.0,24.49,24.0,24.49,1350.0
2015-11-17,24.0,24.55,24.0,24.01,650.0
2015-11-18,24.0,24.0,23.81,24.0,3290.0
2015-11-19,24.0,24.8,23.81,24.4,11060.0
2015-11-20,24.78,25.0,24.78,25.0,18050.0
2015-11-23,25.0,25.55,25.0,25.5,6210.0
2015-11-24,25.6,26.0,25.5,25.5,7010.0
2015-11-25,25.74,26.98,25.16,26.01,3610.0
2015-11-26,26.2,27.0,26.0,27.0,6380.0
2015-11-27,27.0,28.95,27.0,28.9,11410.0
2015-11-30,29.0,29.8,28.5,29.1,9620.0
2015-12-01,29.1,29.1,28.5,28.5,7360.0
2015-12-02,28.2,28.2,27.0,27.0,13170.0
2015-12-03,27.0,27.7,26.71,27.44,1660.0
2015-12-04,26.73,27.2,26.01,27.2,5090.0
2015-12-07,27.35,27.5,27.0,27.0,2510.0
2015-12-08,26.99,27.0,26.41,26.99,1200.0
2015-12-09,27.0,27.0,26.4,27.0,5690.0
2015-12-10,26.4,26.46,26.0,26.0,3430.0
2015-12-11,26.0,26.5,25.51,26.41,3430.0
2015-12-14,26.41,26.41,25.6,26.36,4230.0
2015-12-15,26.37,26.37,25.61,26.3,2670.0
2015-12-16,26.2,26.3,26.19,26.3,6960.0
2015-12-17,26.3,27.2,26.3,26.7,1570.0
2015-12-18,27.0,27.3,27.0,27.3,870.0
2015-12-21,27.9,27.9,27.0,27.35,9390.0
2015-12-22,27.3,27.5,26.7,27.5,21200.0
2015-12-23,26.7,27.8,26.5,26.58,35710.0
2015-12-28,27.0,27.1,25.81,27.0,18240.0
2015-12-29,27.5,27.6,26.3,27.5,54750.0
2015-12-30,26.1,27.8,26.01,27.5,42550.0
2016-01-04,26.8,27.15,26.66,27.15,1420.0
2016-01-05,26.61,27.15,26.4,27.15,4019.9999999999995
2016-01-07,26.55,27.0,26.12,27.0,2740.0
2016-01-08,26.99,26.99,26.58,26.98,2260.0
2016-01-11,26.37,26.82,25.81,25.81,4350.0
2016-01-12,26.0,26.2,25.06,26.0,7220.0
2016-01-13,26.0,26.47,26.0,26.0,1390.0
2016-01-14,26.0,26.0,25.53,26.0,560.0
2016-01-15,26.1,26.1,25.51,26.0,1830.0
2016-01-18,25.5,26.0,24.49,24.94,6650.0
2016-01-19,24.89,24.89,24.2,24.65,1980.0
2016-01-20,24.2,24.65,23.61,24.64,6570.0
2016-01-21,24.65,24.7,24.64,24.65,2430.0
2016-01-22,24.7,25.0,24.6,24.65,4450.0
2016-01-25,24.72,25.0,24.41,24.65,2710.0
2016-01-26,24.65,24.65,24.4,24.65,880.0
2016-01-27,24.5,25.0,24.41,24.98,890.0
2016-01-28,24.62,24.83,24.3,24.83,3150.0
2016-01-29,24.66,24.71,24.66,24.71,20.0
2016-02-01,24.6,24.6,24.2,24.2,1020.0
2016-02-02,24.2,24.59,24.0,24.0,1370.0
2016-02-03,23.81,24.3,23.81,24.15,1300.0
2016-02-04,24.02,24.25,24.0,24.14,660.0
2016-02-05,24.14,24.54,24.13,24.52,390.0
2016-02-08,24.52,24.52,24.0,24.5,800.0
2016-02-09,24.49,24.5,24.0,24.5,1910.0
2016-02-10,24.02,24.49,23.05,24.46,3390.0
2016-02-11,24.0,24.25,24.0,24.0,1100.0
2016-02-12,24.0,24.0,23.9,24.0,3510.0
2016-02-15,24.0,24.01,24.0,24.0,810.0
2016-02-16,24.2,24.2,24.0,24.0,350.0
2016-02-17,24.0,24.3,24.0,24.05,750.0
2016-02-18,24.05,24.3,24.05,24.05,610.0
2016-02-19,24.1,24.3,23.88,24.25,1410.0
2016-02-22,24.1,24.46,24.1,24.1,260.0
2016-02-23,24.2,24.21,24.2,24.21,150.0
2016-02-24,24.21,24.21,23.66,24.0,710.0
2016-02-25,24.19,24.2,24.0,24.0,330.0
2016-02-26,23.67,24.2,22.63,24.2,4890.0
2016-02-29,24.46,24.5,24.46,24.5,180.0
2016-03-01,24.4,24.4,24.4,24.4,190.0
2016-03-03,24.0,24.5,24.0,24.5,870.0
2016-03-04,24.2,24.47,24.17,24.17,560.0
2016-03-07,24.17,24.17,23.55,24.0,2990.0
2016-03-08,24.0,24.4,24.0,24.0,1280.0
2016-03-09,24.02,24.4,24.0,24.2,650.0
2016-03-10,24.4,25.0,24.4,24.4,2040.0
2016-03-11,25.02,27.47,25.02,27.35,22000.0
2016-03-14,27.35,27.71,26.8,26.8,5380.0
2016-03-15,26.81,26.95,26.5,26.5,3510.0
2016-03-16,26.51,26.51,26.2,26.2,800.0
2016-03-17,26.02,26.4,26.02,26.4,750.0
2016-03-18,26.05,26.2,26.0,26.0,730.0
2016-03-21,26.0,26.4,26.0,26.0,910.0
2016-03-22,26.0,26.0,26.0,26.0,310.0
2016-03-23,26.0,26.01,26.0,26.0,330.0
2016-03-24,26.0,26.0,26.0,26.0,180.0
2016-03-29,26.0,26.0,26.0,26.0,230.0
2016-03-30,26.0,26.66,26.0,26.5,460.0
2016-03-31,26.5,26.72,26.5,26.5,1090.0
2016-04-01,26.5,26.54,26.5,26.54,540.0
2016-04-04,26.5,26.89,26.29,26.89,1310.0
2016-04-05,26.5,26.5,26.0,26.0,1850.0
2016-04-06,26.7,26.7,26.06,26.1,1230.0
2016-04-07,26.69,26.69,26.11,26.69,400.0
2016-04-08,26.68,26.7,26.16,26.7,370.0
2016-04-11,26.68,26.68,26.68,26.68,1180.0
2016-04-12,26.16,26.75,26.16,26.75,150.0
2016-04-13,26.5,26.75,26.16,26.5,1360.0
2016-04-14,26.5,26.5,26.03,26.5,550.0
2016-04-15,26.15,26.15,26.1,26.1,1730.0
2016-04-18,26.1,26.39,25.67,26.39,2020.0
2016-04-19,26.2,26.29,26.0,26.29,850.0
2016-04-20,26.0,26.2,25.7,25.98,1430.0
2016-04-21,26.0,26.0,25.74,26.0,2530.0
2016-04-22,25.98,25.98,25.51,25.96,2800.0
2016-04-25,25.96,25.96,25.31,25.41,2230.0
2016-04-26,25.3,25.3,24.51,25.0,2120.0
2016-04-27,24.66,25.0,24.66,25.0,650.0
2016-04-28,24.71,25.0,24.71,25.0,590.0
2016-04-29,25.0,25.0,24.71,25.0,860.0
2016-05-02,25.0,25.0,25.0,25.0,50.0
2016-05-04,24.99,24.99,24.7,24.7,40.0
2016-05-05,24.7,24.7,23.61,24.29,3770.0
2016-05-06,23.72,24.48,23.72,24.39,650.0
2016-05-09,24.4,24.43,23.81,24.43,530.0
2016-05-10,23.82,24.4,23.82,24.39,1700.0
2016-05-11,24.49,24.8,24.49,24.8,1620.0
2016-05-12,24.8,24.8,24.6,24.6,150.0
2016-05-13,24.5,24.6,23.83,24.6,1950.0
2016-05-16,24.0,24.97,24.0,24.97,1070.0
2016-05-17,25.5,25.5,25.5,25.5,700.0
2016-05-18,25.4,25.4,24.62,25.4,740.0
2016-05-19,24.66,25.4,24.25,24.25,4920.0
2016-05-20,24.7,24.7,24.1,24.6,1370.0
2016-05-23,24.55,24.58,24.1,24.58,750.0
2016-05-24,24.4,24.4,24.13,24.35,200.0
2016-05-25,24.4,24.97,23.91,24.34,1740.0
2016-05-27,24.33,24.87,23.91,24.87,350.0
2016-05-30,24.79,24.88,24.2,24.88,100.0
2016-05-31,22.44,23.0,21.8,21.9,58280.0
2016-06-01,22.3,22.3,21.15,22.3,11760.0
2016-06-02,22.3,22.3,21.61,22.0,2080.0
2016-06-03,22.0,22.0,21.55,21.7,3260.0
2016-06-06,21.46,21.46,20.45,21.2,9990.0
2016-06-07,21.2,21.2,20.62,21.0,8360.0
2016-06-08,21.0,21.0,20.52,20.95,5540.0
2016-06-09,20.95,21.0,20.0,21.0,10240.0
2016-06-10,21.0,21.19,20.5,20.5,7870.0
2016-06-13,21.79,21.79,20.04,20.3,2750.0
2016-06-14,20.49,20.49,20.1,20.48,1090.0
2016-06-15,20.13,20.49,20.11,20.49,2470.0
2016-06-16,20.49,20.49,19.9,20.15,1330.0
2016-06-17,20.0,20.0,19.6,19.93,4720.0
2016-06-20,20.08,20.08,19.93,19.93,700.0
2016-06-21,19.91,20.0,19.33,19.88,15400.0
2016-06-22,20.0,20.0,19.42,19.85,4270.0
2016-06-23,20.57,20.57,19.8,20.47,2770.0
2016-06-24,19.6,19.8,19.6,19.8,2510.0
2016-06-27,20.4,20.4,20.0,20.0,2630.0
2016-06-28,20.02,20.5,19.8,20.5,5860.0
2016-06-29,20.6,21.2,20.6,20.99,2360.0
2016-06-30,21.2,21.21,21.2,21.2,370.0
2016-07-01,21.49,21.5,21.2,21.4,970.0
2016-07-04,21.4,21.4,20.53,21.4,1290.0
2016-07-05,21.4,21.4,20.6,21.3,720.0
2016-07-06,21.29,21.5,21.29,21.5,1480.0
2016-07-07,21.01,21.8,20.84,21.8,610.0
2016-07-08,21.79,21.8,21.21,21.75,820.0
2016-07-11,21.99,21.99,21.46,21.75,1130.0
2016-07-12,21.75,21.75,21.24,21.75,650.0
2016-07-13,21.99,22.0,21.31,21.8,510.0
2016-07-14,21.98,22.0,21.45,21.8,1200.0
2016-07-15,21.8,21.8,21.06,21.69,2400.0
2016-07-18,21.64,21.7,21.18,21.7,330.0
2016-07-19,21.9,21.9,21.41,21.89,600.0
2016-07-20,21.8,21.8,21.17,21.58,2070.0
2016-07-21,21.58,21.58,20.71,21.37,4490.0
2016-07-22,21.37,21.6,20.87,21.6,1330.0
2016-07-25,21.5,21.5,21.0,21.49,310.0
2016-07-26,20.81,21.47,20.81,21.45,750.0
2016-07-27,21.43,21.43,21.43,21.43,50.0
2016-07-28,21.06,21.37,21.06,21.37,590.0
2016-07-29,21.2,21.35,20.71,21.35,2000.0
2016-08-01,21.35,21.35,20.61,20.98,2900.0
2016-08-02,20.96,20.96,20.6,20.65,2020.0
2016-08-03,20.4,20.4,20.0,20.36,4580.0
2016-08-04,20.35,20.35,20.35,20.35,1100.0
2016-08-05,20.15,20.34,20.15,20.34,1520.0
2016-08-08,20.33,20.33,19.4,19.73,11960.0
2016-08-09,19.72,20.1,19.6,19.97,6110.0
2016-08-10,19.7,20.5,19.6,19.94,9860.0
2016-08-11,19.55,19.92,19.55,19.87,5380.0
2016-08-12,19.87,20.0,18.9,19.9,12590.0
2016-08-16,20.0,20.3,19.6,20.0,2490.0
2016-08-17,19.61,20.0,19.61,20.0,720.0
2016-08-18,20.0,20.0,20.0,20.0,140.0
2016-08-19,20.0,20.0,20.0,20.0,1300.0
2016-08-22,20.0,20.0,19.66,20.0,1070.0
2016-08-23,20.0,20.05,20.0,20.0,370.0
2016-08-24,19.6,20.0,19.6,20.0,1700.0
2016-08-25,20.0,20.0,19.71,20.0,1850.0
2016-08-26,20.0,20.0,20.0,20.0,70.0
2016-08-29,20.0,20.0,19.8,19.99,230.0
2016-08-30,20.0,20.0,20.0,20.0,510.0
2016-09-01,19.56,20.0,19.56,20.0,850.0
2016-09-02,19.56,20.0,19.56,19.99,160.0
2016-09-05,20.0,20.0,20.0,20.0,300.0
2016-09-06,19.99,20.0,19.6,20.0,430.0
2016-09-07,19.57,19.98,19.57,19.97,1600.0
2016-09-08,19.97,20.5,19.5,20.38,4740.0
2016-09-09,20.29,20.29,20.0,20.28,1590.0
2016-09-12,19.42,20.19,19.42,19.99,1290.0
2016-09-13,20.0,20.7,20.0,20.7,810.0
2016-09-14,20.7,20.75,20.7,20.75,1300.0
2016-09-15,20.5,20.75,20.5,20.7,800.0
2016-09-16,20.55,20.7,20.0,20.7,2050.0
2016-09-19,20.8,20.8,20.6,20.7,760.0
2016-09-20,20.7,20.7,20.7,20.7,170.0
2016-09-21,20.7,20.7,20.7,20.7,660.0
2016-09-22,20.7,20.8,20.14,20.8,890.0
2016-09-23,20.8,20.85,20.8,20.8,750.0
2016-09-26,20.8,20.9,20.8,20.9,420.0
2016-09-27,20.98,20.98,20.5,20.98,3330.0
2016-09-28,20.99,21.0,20.98,21.0,1450.0
2016-09-29,21.3,21.5,21.3,21.5,1250.0
2016-09-30,21.5,22.0,21.5,22.0,2040.0
2016-10-03,21.9,22.0,21.4,21.59,2360.0
2016-10-04,21.59,21.59,21.0,21.59,2560.0
2016-10-05,21.6,21.6,21.6,21.6,630.0
2016-10-06,21.6,21.6,21.6,21.6,160.0
2016-10-07,21.5,21.5,21.0,21.24,2820.0
2016-10-10,21.49,21.49,20.62,21.49,190.0
2016-10-12,20.82,21.45,20.82,21.43,280.0
2016-10-13,21.42,21.42,21.1,21.1,360.0
2016-10-14,21.0,21.3,21.0,21.29,860.0
2016-10-17,21.29,21.29,21.0,21.0,160.0
2016-10-19,21.0,21.0,21.0,21.0,690.0
2016-10-21,21.3,21.3,21.3,21.3,400.0
2016-10-24,21.25,21.3,21.25,21.3,500.0
2016-10-25,21.11,21.11,21.11,21.11,400.0
2016-10-26,20.61,21.01,20.61,21.01,1340.0
2016-10-27,21.0,21.0,21.0,21.0,1030.0
2016-10-28,21.0,21.3,21.0,21.3,340.0
2016-10-31,21.2,21.2,20.91,20.91,10.0
2016-11-02,20.71,20.71,20.3,20.5,1850.0
2016-11-03,20.3,20.3,20.0,20.3,3150.0
2016-11-04,20.28,20.28,20.28,20.28,70.0
2016-11-07,20.48,20.48,20.28,20.28,1020.0
2016-11-08,20.28,20.4,20.28,20.4,130.0
2016-11-10,20.35,20.35,20.0,20.0,3560.0
2016-11-14,20.0,20.0,20.0,20.0,960.0
2016-11-15,20.0,20.0,20.0,20.0,1000.0
2016-11-16,20.0,20.0,20.0,20.0,1500.0
2016-11-17,20.1,20.1,20.1,20.1,200.0
2016-11-18,20.1,20.39,20.0,20.0,1020.0
2016-11-21,20.0,20.0,20.0,20.0,200.0
2016-11-22,20.0,20.0,19.51,19.99,2520.0
2016-11-23,19.99,19.99,19.99,19.99,880.0
2016-11-24,19.7,19.7,19.51,19.51,180.0
2016-11-25,19.32,19.99,19.32,19.99,1200.0
2016-11-28,20.0,20.09,19.99,19.99,1350.0
2016-11-29,20.09,20.1,19.99,19.99,2350.0
2016-11-30,19.98,19.99,19.98,19.99,1250.0
2016-12-01,19.98,20.0,19.98,20.0,1430.0
2016-12-02,20.0,20.0,19.98,20.0,800.0
2016-12-05,20.0,20.0,19.51,20.0,3420.0
2016-12-06,20.0,20.0,19.95,19.95,2110.0
2016-12-07,19.99,20.0,19.9,19.99,2200.0
2016-12-08,20.0,20.53,19.83,20.5,10870.0
2016-12-09,21.0,21.2,21.0,21.01,1220.0
2016-12-12,21.19,21.59,21.19,21.59,1520.0
2016-12-13,21.59,21.85,21.59,21.84,2000.0
2016-12-14,21.84,21.9,21.17,21.8,2390.0
2016-12-15,21.8,21.8,21.8,21.8,80.0
2016-12-16,21.85,21.85,21.39,21.5,2180.0
2016-12-19,21.65,21.65,21.65,21.65,1500.0
2016-12-20,21.65,21.8,21.24,21.8,3040.0
2016-12-21,21.7,21.71,21.7,21.7,2000.0
2016-12-22,21.7,21.7,21.7,21.7,3010.0
2016-12-23,21.7,21.85,21.7,21.7,3270.0
2016-12-27,21.7,21.84,21.7,21.8,2120.0
2016-12-28,21.9,21.92,21.9,21.9,1660.0
2016-12-29,21.95,21.99,21.95,21.98,1510.0
2016-12-30,22.5,22.8,22.5,22.5,4910.0
2017-01-02,22.9,22.9,22.35,22.8,130.0
2017-01-03,22.79,22.8,22.01,22.01,80.0
2017-01-09,22.01,22.01,22.0,22.01,560.0
2017-01-10,22.01,22.01,22.01,22.01,180.0
2017-01-11,22.02,22.93,22.01,22.93,1220.0
2017-01-12,22.53,23.2,22.53,23.2,920.0
2017-01-13,23.01,23.2,23.0,23.2,220.0
2017-01-16,23.18,23.19,23.0,23.0,330.0
2017-01-17,23.2,23.2,23.19,23.2,2460.0
2017-01-18,23.5,24.0,23.5,23.6,3550.0
2017-01-19,23.61,23.61,23.4,23.4,220.0
2017-01-20,23.2,23.55,23.2,23.55,10.0
2017-01-23,23.2,23.47,23.02,23.47,450.0
2017-01-24,23.45,23.45,23.45,23.45,0.0
2017-01-25,23.02,23.11,22.56,23.05,1880.0
2017-01-26,23.35,23.35,21.52,22.85,1540.0
2017-01-27,22.99,22.99,22.9,22.99,290.0
2017-01-30,22.98,22.98,22.45,22.5,1560.0
2017-01-31,22.99,22.99,22.2,22.88,970.0
2017-02-01,22.87,22.87,22.3,22.46,1750.0
2017-02-02,22.25,22.79,21.95,22.05,2120.0
2017-02-03,22.1,22.1,22.1,22.1,0.0
2017-02-06,22.1,22.1,21.42,22.05,4270.0
2017-02-07,22.05,22.05,21.5,21.88,5420.0
2017-02-08,21.5,21.55,20.62,21.4,4580.0
2017-02-09,21.0,21.4,20.9,21.4,2410.0
2017-02-10,21.49,21.7,21.45,21.47,1880.0
2017-02-13,21.49,21.49,21.1,21.2,3730.0
2017-02-14,21.3,21.3,20.99,21.07,2310.0
2017-02-15,21.1,21.1,19.77,20.43,12380.0
2017-02-16,20.5,20.7,20.5,20.56,3700.0
2017-02-17,20.7,20.7,20.44,20.45,3030.0
2017-02-20,20.44,20.45,20.07,20.11,10000.0
2017-02-21,20.2,20.2,20.0,20.19,1790.0
2017-02-22,20.2,20.45,20.19,20.45,1210.0
2017-02-23,20.5,20.5,20.19,20.19,9010.0
2017-02-24,20.25,20.25,19.9,20.1,9170.0
2017-02-27,20.0,20.15,19.99,20.15,106160.0
2017-02-28,20.15,20.7,20.15,20.45,2890.0
2017-03-01,20.4,20.6,20.21,20.6,1190.0
2017-03-02,20.88,20.88,20.6,20.76,3840.0
2017-03-03,20.79,20.85,20.79,20.85,2050.0
2017-03-06,20.86,21.4,20.86,21.15,3390.0
2017-03-07,21.05,21.1,20.78,20.81,740.0
2017-03-08,20.78,20.78,20.56,20.75,3000.0
2017-03-09,20.52,20.84,20.52,20.84,140.0
2017-03-10,20.83,20.84,20.52,20.79,750.0
2017-03-13,21.27,21.27,20.5,20.62,1860.0
2017-03-14,20.87,20.87,20.52,20.78,1110.0
2017-03-15,20.77,20.77,20.5,20.74,1020.0
2017-03-16,20.7,20.74,20.02,20.02,2110.0
2017-03-17,20.12,20.6,20.12,20.6,1280.0
2017-03-20,20.5,20.5,20.45,20.45,120.0
2017-03-21,20.45,20.45,20.45,20.45,400.0
2017-03-22,20.2,20.2,20.15,20.15,270.0
2017-03-23,20.15,20.15,20.05,20.1,680.0
2017-03-24,20.45,20.45,20.0,20.4,1820.0
2017-03-27,19.9,20.39,19.9,20.39,2250.0
2017-03-28,20.39,20.39,20.01,20.37,1060.0
2017-03-29,20.39,20.39,20.05,20.39,1730.0
2017-03-30,20.38,20.39,20.06,20.39,1690.0
2017-03-31,20.39,20.39,20.06,20.3,1520.0
2017-04-03,20.25,20.29,20.0,20.29,1080.0
2017-04-04,20.15,20.19,20.01,20.19,790.0
2017-04-05,20.1,20.38,20.1,20.38,550.0
2017-04-06,20.39,20.39,20.3,20.3,310.0
2017-04-10,20.03,20.2,20.03,20.12,450.0
2017-04-11,20.07,20.37,20.07,20.37,300.0
2017-04-12,20.37,20.37,20.11,20.2,70.0
2017-04-13,20.19,20.19,19.99,19.99,1690.0
2017-04-18,20.2,20.2,20.0,20.2,610.0
2017-04-19,20.2,20.2,20.1,20.2,1000.0
2017-04-20,20.2,20.2,20.0,20.19,390.0
2017-04-21,20.19,20.2,20.0,20.19,630.0
2017-04-24,20.2,20.2,20.0,20.2,3030.0
2017-04-25,20.2,20.2,20.0,20.19,4710.0
2017-04-26,20.03,20.18,20.03,20.15,1340.0
2017-04-27,20.14,20.14,20.01,20.05,1780.0
2017-04-28,20.05,20.2,20.01,20.2,1330.0
2017-05-02,19.91,20.6,19.91,20.59,4530.0
2017-05-04,20.6,20.6,20.21,20.59,1150.0
2017-05-05,20.59,20.8,20.41,20.6,2600.0
2017-05-08,20.9,20.9,20.31,20.35,1590.0
2017-05-09,20.6,20.6,20.5,20.6,700.0
2017-05-10,20.6,20.65,20.58,20.6,710.0
2017-05-11,20.62,20.62,20.4,20.6,1480.0
2017-05-12,20.6,20.6,20.59,20.6,610.0
2017-05-15,20.52,20.81,20.52,20.6,310.0
2017-05-16,20.7,20.7,20.6,20.6,610.0
2017-05-18,20.22,20.5,20.2,20.49,1690.0
2017-05-19,20.49,20.49,20.47,20.49,400.0
2017-05-22,20.21,20.5,20.21,20.5,1830.0
2017-05-23,20.7,20.7,20.7,20.7,490.0
2017-05-24,20.6,20.64,20.05,20.5,4070.0000000000005
2017-05-25,20.5,20.5,20.5,20.5,10.0
2017-05-26,20.5,20.6,20.02,20.6,1890.0
2017-05-29,20.6,20.6,20.58,20.58,750.0
2017-05-30,20.4,20.58,20.4,20.58,250.0
2017-05-31,20.58,20.58,20.11,20.5,1740.0
2017-06-01,20.4,20.5,20.4,20.5,540.0
2017-06-02,20.5,20.5,20.21,20.5,300.0
2017-06-05,20.5,20.5,20.21,20.49,1340.0
2017-06-06,20.49,20.5,20.22,20.5,850.0
2017-06-07,20.3,20.5,20.22,20.48,3270.0
2017-06-08,20.21,20.46,20.21,20.46,320.0
2017-06-09,20.22,20.45,20.22,20.43,1170.0
2017-06-12,20.23,20.46,20.23,20.35,1560.0
2017-06-13,20.23,20.38,20.23,20.38,610.0
2017-06-14,20.23,20.35,20.23,20.35,470.0
2017-06-16,20.35,20.35,20.35,20.35,0.0
2017-06-19,20.23,20.5,20.2,20.5,740.0
2017-06-21,20.21,20.49,20.11,20.48,3690.0
2017-06-22,20.2,20.4,20.2,20.4,800.0
2017-06-23,20.11,20.4,20.11,20.29,2210.0
2017-06-26,20.3,20.5,20.29,20.5,1190.0
2017-06-27,20.49,20.49,20.45,20.45,660.0
2017-06-28,20.33,20.49,20.33,20.45,910.0
2017-06-29,20.01,20.31,20.01,20.25,1470.0
2017-06-30,20.29,20.5,20.1,20.49,1450.0
2017-07-03,20.39,20.39,20.29,20.3,510.0
2017-07-04,20.3,20.3,20.3,20.3,150.0
2017-07-05,20.3,20.3,20.01,20.2,840.0
2017-07-06,20.3,20.3,20.0,20.19,1620.0
2017-07-07,20.19,20.19,20.19,20.19,30.0
2017-07-10,20.18,20.18,20.18,20.18,500.0
2017-07-11,20.17,20.17,20.17,20.17,20.0
2017-07-12,20.17,20.17,20.0,20.11,1220.0
2017-07-13,20.09,20.19,20.05,20.19,1620.0
2017-07-14,20.19,20.48,20.1,20.39,2750.0
2017-07-17,20.4,20.8,20.4,20.66,2250.0
2017-07-18,20.7,21.5,20.7,21.2,2310.0
2017-07-19,21.0,21.29,20.73,20.73,1490.0
2017-07-20,20.8,21.29,20.73,21.25,1850.0
2017-07-21,21.0,21.24,20.7,20.99,620.0
2017-07-24,20.99,21.0,20.51,21.0,850.0
2017-07-25,20.94,20.94,20.52,20.74,1270.0
2017-07-26,20.7,20.92,20.7,20.92,230.0
2017-07-27,20.88,20.88,20.88,20.88,50.0
2017-07-28,21.04,21.04,21.04,21.04,50.0
2017-07-31,20.97,20.97,20.41,20.52,3070.0
2017-08-01,20.96,20.96,20.4,20.65,2080.0
2017-08-02,20.64,20.64,20.4,20.64,1110.0
2017-08-03,20.8,21.04,20.5,20.61,1680.0
2017-08-04,20.4,21.0,20.4,21.0,3260.0
2017-08-07,21.0,21.8,21.0,21.5,5780.0
2017-08-08,21.2,21.65,21.2,21.5,1180.0
2017-08-09,21.5,21.5,21.2,21.49,1020.0
2017-08-10,21.49,21.49,21.22,21.47,260.0
2017-08-11,21.48,21.48,21.48,21.48,100.0
2017-08-14,21.47,21.47,21.01,21.47,90.0
2017-08-16,21.48,21.48,21.3,21.3,400.0
2017-08-17,20.77,21.3,20.77,21.3,860.0
2017-08-18,20.61,21.3,20.61,21.3,2130.0
2017-08-21,21.34,21.34,20.62,21.3,330.0
2017-08-23,20.73,21.0,20.73,20.99,520.0
2017-08-24,21.62,21.78,21.35,21.55,14410.0
2017-08-25,21.55,21.7,21.55,21.65,3210.0
2017-08-28,21.9,21.9,21.46,21.6,1630.0
2017-08-29,21.46,21.79,21.46,21.6,510.0
2017-08-30,21.59,21.59,21.59,21.59,150.0
2017-08-31,21.42,21.59,21.3,21.59,600.0
2017-09-01,21.6,21.6,21.1,21.5,450.0
2017-09-04,21.5,21.5,21.5,21.5,280.0
2017-09-05,21.45,21.5,21.45,21.5,100.0
2017-09-06,21.5,21.5,21.12,21.49,1690.0
2017-09-07,21.49,21.5,21.04,21.5,1090.0
2017-09-08,21.49,21.49,21.08,21.4,220.0
2017-09-11,21.02,21.49,21.02,21.49,110.0
2017-09-12,21.48,21.48,21.0,21.48,1670.0
2017-09-13,20.82,21.48,20.82,21.48,670.0
2017-09-14,20.81,20.81,20.61,20.61,2610.0
2017-09-15,20.6,20.6,20.6,20.6,150.0
2017-09-18,20.6,20.6,20.4,20.6,310.0
2017-09-19,20.6,20.8,20.6,20.8,1190.0
2017-09-20,21.0,21.3,20.7,21.23,190.0
2017-09-21,20.55,21.18,20.55,21.18,2020.0
2017-09-22,20.55,21.17,20.55,21.16,2600.0
2017-09-25,21.4,21.4,21.4,21.4,0.0
2017-09-26,21.28,21.28,20.58,21.25,580.0
2017-09-27,20.57,21.25,20.57,21.23,1270.0
2017-09-28,21.21,21.23,20.58,21.22,2020.0
2017-09-29,21.0,21.25,21.0,21.22,4820.0
2017-10-02,21.22,21.22,21.01,21.2,110.0
2017-10-03,21.01,21.01,21.0,21.0,740.0
2017-10-04,20.71,21.0,20.71,21.0,780.0
2017-10-05,20.9,20.9,20.71,20.71,110.0
2017-10-06,20.73,21.2,20.73,20.99,1700.0
2017-10-09,20.99,20.99,20.84,20.84,190.0
2017-10-10,18.17,18.17,18.14,18.14,280.0
2017-10-11,18.06,18.31,17.63,18.31,8490.0
2017-10-12,18.3,18.3,18.22,18.3,380.0
2017-10-13,17.67,18.3,17.67,18.3,3410.0
2017-10-16,18.3,18.3,18.14,18.14,20.0
2017-10-17,18.38,18.38,18.14,18.14,170.0
2017-10-18,18.14,18.18,17.88,18.18,320.0
2017-10-19,17.88,18.18,17.88,18.18,620.0
2017-10-20,17.88,18.18,17.88,18.18,1320.0
2017-10-24,17.79,18.22,17.79,18.18,6340.0
2017-10-25,17.8,18.14,17.8,18.14,120.0
2017-10-26,17.79,18.13,17.79,18.13,360.0
2017-10-27,17.88,18.12,17.87,18.12,150.0
2017-10-30,18.07,18.1,17.9,18.1,260.0
2017-10-31,18.1,18.21,17.88,18.21,1320.0
2017-11-02,18.05,18.13,18.05,18.13,80.0
2017-11-03,17.96,18.08,17.96,18.08,610.0
2017-11-06,18.13,18.13,17.62,18.04,1820.0
2017-11-07,17.63,18.3,17.63,18.3,660.0
2017-11-08,18.22,18.4,18.22,18.4,770.0
2017-11-09,18.42,18.42,18.16,18.42,300.0
2017-11-10,18.15,18.3,17.8,18.28,740.0
2017-11-13,18.4,18.4,17.8,18.39,960.0
2017-11-14,18.27,18.39,17.8,18.26,1200.0
2017-11-15,18.21,18.21,17.8,18.21,400.0
2017-11-16,18.05,18.22,17.8,18.21,1060.0
2017-11-17,18.31,18.31,17.8,18.3,4790.0
2017-11-20,18.22,18.31,18.22,18.31,710.0
2017-11-21,17.88,18.3,17.88,18.3,120.0
2017-11-23,18.21,18.3,17.88,18.29,2250.0
2017-11-24,18.28,18.31,18.28,18.31,460.0
2017-11-27,17.9,18.31,17.9,18.3,630.0
2017-11-28,18.01,18.4,18.01,18.4,1370.0
2017-11-29,18.39,18.4,18.14,18.4,510.0
2017-11-30,17.96,18.38,17.96,18.38,500.0
2017-12-05,18.31,18.31,18.31,18.31,70.0
2017-12-06,17.88,18.3,17.88,18.29,540.0
2017-12-07,17.89,18.29,17.89,18.29,780.0
2017-12-08,17.89,18.3,17.89,18.3,430.0
2017-12-11,17.88,18.35,17.88,18.31,940.0
2017-12-13,17.96,18.31,17.96,18.31,470.0
2017-12-15,17.89,18.27,17.89,18.26,320.0
2017-12-18,17.92,18.25,17.92,18.25,2920.0
2017-12-19,18.22,18.22,17.88,18.18,1880.0
2017-12-20,17.88,18.22,17.88,18.22,1080.0
2017-12-21,18.31,18.31,18.02,18.16,1490.0
2017-12-27,18.31,18.31,17.8,17.8,1160.0
2017-12-28,18.18,18.18,17.8,18.17,670.0
2017-12-29,18.13,18.17,18.13,18.17,540.0
2018-01-03,18.31,18.75,17.79,18.22,1080.0
2018-01-04,17.87,17.96,17.61,17.96,5220.0
2018-01-05,17.7,17.7,17.35,17.61,1630.0
2018-01-08,17.61,17.61,17.44,17.61,910.0
2018-01-09,17.61,17.61,17.53,17.61,1220.0
2018-01-10,17.53,17.61,17.44,17.53,540.0
2018-01-11,17.44,17.53,17.26,17.53,620.0
2018-01-12,17.31,17.53,17.26,17.31,7860.0
2018-01-15,17.22,17.35,17.22,17.35,1490.0
2018-01-16,17.35,17.53,17.35,17.53,1900.0
2018-01-17,17.53,17.87,17.44,17.87,2270.0
2018-01-18,17.44,17.87,17.35,17.87,430.0
2018-01-22,17.4,17.53,17.35,17.53,2970.0
2018-01-23,17.53,17.53,17.35,17.35,1650.0
2018-01-24,17.44,17.44,17.22,17.35,3180.0
2018-01-25,17.31,17.61,17.31,17.44,600.0
2018-01-26,17.44,17.44,17.44,17.44,30.0
2018-01-29,17.31,17.44,17.31,17.4,520.0
2018-01-31,17.22,17.4,17.22,17.26,970.0
2018-02-05,17.18,17.35,17.09,17.35,790.0
2018-02-06,16.83,17.26,16.74,17.26,2600.0
2018-02-07,17.26,17.26,16.7,17.18,8640.0
2018-02-08,17.26,17.26,17.0,17.26,1090.0
2018-02-14,16.92,17.26,16.92,17.26,1050.0
2018-02-15,16.92,17.26,16.92,17.26,470.0
2018-02-16,17.05,17.26,17.05,17.26,470.0
2018-02-19,17.26,17.26,17.18,17.26,230.0
2018-02-20,16.83,17.26,16.83,17.26,920.0
2018-02-21,16.96,17.26,16.78,17.26,1470.0
2018-02-22,16.83,17.26,16.83,17.26,860.0
2018-02-23,17.18,17.26,17.18,17.26,750.0
2018-02-26,17.09,17.26,16.87,17.26,1050.0
2018-02-27,17.26,17.26,16.74,17.22,2310.0
2018-02-28,17.22,17.35,17.0,17.35,2360.0
2018-03-01,16.87,17.35,16.87,17.35,410.0
2018-03-05,16.92,17.35,16.83,17.35,860.0
2018-03-06,16.87,17.35,16.83,17.31,1040.0
2018-03-08,17.22,17.26,17.22,17.26,570.0
2018-03-12,16.92,17.18,16.92,17.18,770.0
2018-03-13,17.13,17.13,16.87,17.09,160.0
2018-03-14,16.83,17.31,16.83,17.31,1030.0
2018-03-15,17.0,17.09,17.0,17.09,120.0
2018-03-16,17.26,17.26,16.78,17.26,470.0
2018-03-19,16.78,17.09,16.65,17.09,2440.0
2018-03-20,17.05,17.09,16.74,17.05,790.0
2018-03-21,16.74,17.26,16.74,17.26,600.0
2018-03-23,17.18,17.18,17.13,17.13,60.0
2018-03-27,16.78,17.13,16.65,17.09,3140.0
2018-03-29,17.09,17.09,16.78,16.78,1550.0
2018-04-03,17.0,17.0,17.0,17.0,130.0
2018-04-05,17.0,17.26,17.0,17.22,580.0
2018-04-06,16.78,17.18,16.78,17.18,230.0
2018-04-09,17.18,17.18,16.78,17.0,660.0
2018-04-10,16.78,17.13,16.78,17.0,420.0
2018-04-11,16.78,17.0,16.78,17.0,610.0
2018-04-12,16.74,17.0,16.74,17.0,630.0
2018-04-13,16.74,17.0,16.74,17.0,220.0
2018-04-16,16.74,17.0,16.7,17.0,500.0
2018-04-18,16.7,17.0,16.65,17.0,850.0
2018-04-19,16.96,17.0,16.65,17.0,960.0
2018-04-23,16.7,16.7,16.7,16.7,110.0
2018-04-24,16.87,17.09,16.87,17.0,920.0
2018-04-25,16.83,17.0,16.83,16.92,1420.0
2018-04-26,16.92,16.96,16.83,16.83,1030.0
2018-04-27,16.74,17.0,16.74,16.96,140.0
2018-04-30,16.61,17.09,16.57,17.09,1530.0
2018-05-02,16.87,17.18,16.7,17.09,800.0
2018-05-07,16.57,16.92,16.48,16.87,1380.0
2018-05-08,16.57,16.61,16.44,16.44,2560.0
2018-05-09,16.57,16.83,16.26,16.83,860.0
2018-05-14,16.31,16.48,16.04,16.48,3620.0
2018-05-15,16.04,16.04,15.78,16.04,2290.0
2018-05-16,15.69,16.74,15.52,16.74,4380.0
2018-05-18,16.57,16.57,16.04,16.44,480.0
2018-05-21,16.04,16.31,15.39,15.87,3950.0
2018-05-22,15.69,15.69,15.13,15.69,1660.0
2018-05-23,15.22,15.22,14.6,15.08,3440.0
2018-05-24,15.04,15.08,15.04,15.04,1410.0
2018-05-25,15.04,15.43,14.82,15.43,1200.0
2018-05-28,15.43,15.43,15.43,15.43,300.0
2018-05-29,14.91,15.43,14.91,15.43,460.0
2018-05-30,15.26,15.26,14.91,15.26,190.0
2018-06-04,15.43,15.43,15.43,15.43,230.0
2018-06-05,15.26,15.26,15.26,15.26,350.0
2018-06-06,15.61,15.61,15.61,15.61,0.0
2018-06-07,15.61,15.61,15.61,15.61,120.0
2018-06-08,15.56,15.56,15.56,15.56,220.0
2018-06-12,15.56,15.56,15.43,15.52,740.0
2018-06-13,15.43,15.43,15.43,15.43,120.0
2018-06-14,15.43,15.43,15.43,15.43,50.0
2018-06-15,15.43,15.43,15.43,15.43,60.0
2018-06-20,15.43,15.43,15.43,15.43,50.0
2018-06-21,15.39,15.39,15.39,15.39,90.0
2018-06-22,15.08,15.08,15.08,15.08,160.0
2018-06-25,15.08,15.08,14.87,14.87,870.0
2018-06-26,14.87,14.87,14.65,14.65,1200.0
2018-06-27,14.87,14.87,14.87,14.87,110.0
2018-06-28,14.87,15.0,14.87,15.0,250.0
2018-06-29,15.0,15.0,15.0,15.0,30.0
2018-07-02,14.74,14.74,14.69,14.69,110.0
2018-07-04,14.74,14.74,14.74,14.74,100.0
2018-07-05,14.74,14.74,14.74,14.74,220.0
2018-07-06,14.74,14.74,14.6,14.6,2350.0
2018-07-09,14.56,14.91,14.13,14.13,460.0
2018-07-10,14.13,14.65,14.13,14.65,560.0
2018-07-11,14.39,14.39,14.39,14.39,110.0
2018-07-16,13.95,14.39,13.52,14.39,2430.0
2018-07-17,14.39,14.39,14.39,14.39,80.0
2018-07-23,14.39,14.39,13.95,14.39,330.0
2018-07-24,14.65,14.82,14.65,14.82,1220.0
2018-07-25,14.82,15.0,14.82,15.0,190.0
2018-07-26,15.0,15.0,15.0,15.0,60.0
2018-07-27,14.39,15.13,14.39,15.13,140.0
2018-07-30,15.17,15.26,14.52,15.26,1260.0
2018-07-31,15.26,15.26,15.26,15.26,950.0
2018-08-02,15.3,15.3,15.3,15.3,70.0
2018-08-03,15.3,15.3,15.17,15.17,40.0
2018-08-06,14.34,15.0,14.34,15.0,1040.0
2018-08-07,15.3,16.57,15.3,16.57,510.0
2018-08-08,15.91,15.91,15.87,15.87,640.0
2018-08-13,15.35,15.35,15.17,15.17,870.0
2018-08-14,15.17,15.17,15.17,15.17,60.0
2018-08-16,15.17,15.83,15.17,15.83,190.0
2018-08-17,15.83,15.83,15.83,15.83,80.0
2018-08-21,15.22,15.83,15.17,15.83,320.0
2018-08-23,15.35,15.35,15.35,15.35,230.0
2018-08-24,15.69,15.69,15.69,15.69,230.0
2018-08-27,15.17,15.69,15.17,15.69,120.0
2018-08-28,15.87,15.87,15.87,15.87,60.0
2018-08-30,15.87,15.87,15.69,15.69,460.0
2018-09-04,15.22,15.69,15.22,15.22,400.0
2018-09-05,15.22,15.43,14.34,15.35,1190.0
2018-09-07,14.39,15.3,14.39,15.17,570.0
2018-09-10,14.39,15.13,14.39,14.39,580.0
2018-09-11,14.43,14.43,14.39,14.39,110.0
2018-09-12,14.39,14.47,14.39,14.39,400.0
2018-09-13,14.39,14.39,13.17,14.3,2740.0
2018-09-14,14.6,14.6,14.13,14.13,1240.0
2018-09-18,14.74,14.74,14.74,14.74,110.0
2018-09-19,14.13,14.56,14.13,14.56,650.0
2018-09-21,14.13,14.6,14.13,14.6,580.0
2018-09-24,14.56,14.56,14.56,14.56,1100.0
2018-09-25,14.52,14.52,13.99,14.52,220.0
2018-09-26,14.65,14.65,14.65,14.65,350.0
2018-09-27,14.17,14.6,14.17,14.6,140.0
2018-09-28,14.6,14.6,14.6,14.6,110.0
2018-10-02,14.52,14.52,14.21,14.43,230.0
2018-10-03,14.17,14.52,14.17,14.39,670.0
2018-10-05,14.39,14.39,14.39,14.39,110.0
2018-10-08,14.34,14.34,14.34,14.34,110.0
2018-10-10,14.34,14.34,13.95,13.95,1360.0
2018-10-11,13.95,13.95,12.64,12.64,1970.0
2018-10-12,13.25,13.25,12.47,12.47,3140.0
2018-10-15,12.56,12.82,12.56,12.64,1190.0
2018-10-16,12.64,12.64,11.07,11.07,13920.0
2018-10-17,11.34,11.51,11.03,11.07,5030.0
2018-10-18,11.34,11.51,10.99,11.07,3690.0
2018-10-19,11.34,11.68,10.99,11.34,2400.0
2018-10-22,11.47,11.6,11.34,11.38,3060.0
2018-10-23,11.38,11.38,11.29,11.34,5030.0
2018-10-24,10.99,10.99,9.9,10.72,8660.0
2018-10-25,10.46,10.68,10.46,10.68,710.0
2018-10-29,10.68,10.68,10.51,10.68,600.0
2018-10-30,10.68,11.34,10.68,11.34,880.0
2018-10-31,10.68,11.25,10.51,11.25,1540.0
2018-11-02,11.25,11.25,10.46,10.46,1510.0
2018-11-05,10.68,11.29,10.68,11.29,430.0
2018-11-06,10.77,10.77,10.77,10.77,40.0
2018-11-07,11.25,11.55,10.68,11.47,2950.0
2018-11-08,11.6,11.6,11.6,11.6,290.0
2018-11-09,11.34,11.55,11.34,11.55,90.0
2018-11-13,11.64,11.64,10.99,11.12,370.0
2018-11-14,11.6,11.6,11.6,11.6,190.0
2018-11-15,11.25,11.25,11.25,11.25,120.0
2018-11-16,11.6,11.6,11.51,11.51,130.0
2018-11-20,11.34,11.6,11.12,11.12,1330.0
2018-11-21,11.47,11.6,11.07,11.51,3390.0
2018-11-22,11.64,12.03,11.51,12.03,1240.0
2018-11-26,11.77,11.77,11.77,11.77,2160.0
2018-11-28,11.95,11.95,11.95,11.95,10.0
2018-11-29,12.03,12.12,12.03,12.03,840.0
2018-11-30,12.25,12.25,11.51,11.51,2660.0
2018-12-03,12.12,12.12,12.12,12.12,1770.0
2018-12-04,12.21,12.21,12.12,12.12,570.0
2018-12-05,12.12,12.12,12.12,12.12,270.0
2018-12-06,11.77,12.38,11.77,11.99,2750.0
2018-12-07,12.21,12.38,12.21,12.38,430.0
2018-12-10,12.29,12.29,11.99,11.99,1450.0
2018-12-12,11.99,12.38,11.99,12.38,360.0
2018-12-13,11.86,11.86,11.86,11.86,150.0
2018-12-14,11.9,11.9,11.9,11.9,130.0
2018-12-17,11.9,11.9,11.9,11.9,230.0
2018-12-18,11.9,12.29,11.9,11.95,350.0
2018-12-19,11.95,11.95,11.95,11.95,220.0
2018-12-20,12.12,12.12,11.86,11.86,570.0
2018-12-21,11.64,11.9,11.47,11.9,1530.0
2018-12-27,11.55,11.55,11.47,11.47,70.0
2018-12-28,11.9,11.9,11.47,11.77,670.0
2019-01-02,11.95,11.95,11.95,11.95,690.0
2019-01-03,11.95,11.95,11.68,11.68,480.0
2019-01-04,11.77,11.77,11.77,11.77,210.0
2019-01-07,12.16,12.16,11.86,11.86,300.0
2019-01-08,12.16,12.21,12.16,12.21,810.0
2019-01-09,12.21,12.21,11.77,12.21,2029.9999999999998
2019-01-11,12.38,12.38,12.21,12.21,1090.0
2019-01-14,12.21,12.21,11.99,11.99,150.0
2019-01-15,12.34,12.38,12.34,12.38,130.0
2019-01-16,12.38,12.38,12.38,12.38,580.0
2019-01-17,12.38,12.38,11.99,11.99,1580.0
2019-01-18,11.99,11.99,11.99,11.99,60.0
2019-01-21,11.99,11.99,11.95,11.95,760.0
2019-01-22,11.86,12.03,11.86,12.03,550.0
2019-01-23,11.99,11.99,11.99,11.99,510.0
2019-01-25,11.81,11.81,11.81,11.81,30.0
2019-01-28,12.03,12.03,12.03,12.03,560.0
2019-01-31,12.03,12.25,12.03,12.25,600.0
2019-02-04,12.21,12.43,12.21,12.43,710.0
2019-02-05,12.47,12.64,12.47,12.64,1270.0
2019-02-06,12.64,13.69,12.64,13.08,2450.0
2019-02-07,13.3,13.3,13.08,13.08,270.0
2019-02-08,13.12,13.25,13.12,13.21,2640.0
2019-02-11,13.21,13.52,13.21,13.34,690.0
2019-02-12,13.25,13.3,12.9,12.9,210.0
2019-02-13,12.9,13.52,12.9,13.52,220.0
2019-02-14,13.25,14.21,13.25,13.95,2680.0
2019-02-15,14.21,14.6,14.21,14.6,2210.0
2019-02-18,14.6,14.95,14.6,14.95,2330.0
2019-02-19,14.82,14.82,14.69,14.69,240.0
2019-02-20,14.69,14.69,14.69,14.69,10.0
2019-02-21,14.95,15.35,14.95,15.26,450.0
2019-02-22,14.95,14.95,14.95,14.95,120.0
2019-02-26,15.0,15.0,14.82,14.82,460.0
2019-03-01,14.82,14.82,14.69,14.69,1110.0
2019-03-04,14.13,14.13,14.13,14.13,450.0
2019-03-05,14.04,14.04,14.04,14.04,110.0
2019-03-06,13.78,13.78,13.78,13.78,570.0
2019-03-07,13.86,13.86,13.82,13.82,220.0
2019-03-08,13.73,13.73,12.64,13.17,3570.0
2019-03-11,12.69,13.08,12.21,13.08,2060.0
2019-03-12,13.12,13.17,13.12,13.17,410.0
2019-03-13,13.17,13.51,13.17,13.51,140.0
2019-03-14,12.64,12.64,12.64,12.64,30.0
2019-03-15,12.64,12.64,12.03,12.21,13220.0
2019-03-18,12.21,12.21,12.03,12.03,7640.0
2019-03-19,12.16,12.56,12.16,12.38,1090.0
2019-03-20,12.25,12.25,11.9,12.16,3260.0
2019-03-21,12.12,12.12,11.9,12.08,3840.0
2019-03-22,12.03,12.03,12.03,12.03,1620.0
2019-03-25,12.03,12.03,12.03,12.03,20.0
2019-03-26,12.21,12.21,12.21,12.21,70.0
2019-03-27,12.29,12.29,12.29,12.29,30.0
2019-03-28,12.25,12.64,12.25,12.6,2450.0
2019-03-29,12.6,12.64,12.29,12.29,3930.0
2019-04-01,12.56,12.56,12.56,12.56,1970.0
2019-04-02,12.64,12.82,12.64,12.82,780.0
2019-04-03,12.82,12.82,12.47,12.56,500.0
2019-04-04,12.56,12.73,12.56,12.73,230.0
2019-04-05,12.38,12.47,12.38,12.47,2410.0
2019-04-09,12.64,12.73,12.64,12.73,620.0
2019-04-10,12.73,12.73,12.64,12.64,1380.0
2019-04-11,12.73,12.73,12.38,12.38,1100.0
2019-04-12,12.82,12.82,12.82,12.82,440.0
2019-04-15,12.82,12.82,12.47,12.47,710.0
2019-04-16,12.47,12.47,12.47,12.47,220.0
2019-04-17,12.56,12.56,12.47,12.47,140.0
2019-04-18,12.9,12.9,12.9,12.9,690.0
2019-04-24,12.99,12.99,12.73,12.9,570.0
2019-04-26,12.64,12.82,12.64,12.82,780.0
2019-04-29,12.9,12.99,12.9,12.9,1500.0
2019-04-30,12.9,12.99,12.82,12.82,330.0
2019-05-06,12.82,12.82,12.64,12.64,830.0
2019-05-07,12.47,12.47,12.38,12.38,830.0
2019-05-08,12.21,12.38,12.21,12.38,330.0
2019-05-13,12.9,13.08,12.64,12.64,3000.0
2019-05-14,12.64,12.73,12.64,12.73,2120.0
2019-05-15,12.73,12.73,12.38,12.38,120.0
2019-05-16,12.38,12.38,12.38,12.38,250.0
2019-05-17,12.82,12.82,12.73,12.73,140.0
2019-05-20,12.38,12.38,12.38,12.38,610.0
2019-05-22,12.47,12.73,12.47,12.73,750.0
2019-05-23,12.73,12.73,12.73,12.73,190.0
2019-05-24,12.64,12.64,12.29,12.29,250.0
2019-05-27,12.38,12.38,12.38,12.38,220.0
2019-05-28,12.47,12.82,12.47,12.82,1220.0
2019-05-29,12.47,12.47,12.29,12.29,230.0
2019-05-30,12.64,12.64,12.64,12.64,10.0
2019-05-31,12.64,12.64,12.29,12.29,900.0
2019-06-03,12.64,12.64,12.64,12.64,50.0
2019-06-05,12.64,12.64,12.12,12.64,230.0
2019-06-06,12.64,12.64,12.21,12.21,390.0
2019-06-07,12.21,12.47,11.68,12.21,1850.0
2019-06-10,11.95,12.03,11.68,11.68,1630.0
2019-06-11,11.68,11.68,11.68,11.68,30.0
2019-06-12,12.12,12.12,12.03,12.03,170.0
2019-06-13,11.95,11.95,11.42,11.6,2470.0
2019-06-17,11.86,11.86,10.99,10.99,1750.0
2019-06-18,10.9,10.9,10.9,10.9,10.0
2019-06-19,9.94,10.72,9.94,10.72,4990.0
2019-06-21,11.34,11.34,11.34,11.34,170.0
2019-06-24,11.77,11.77,11.42,11.42,750.0
2019-06-25,11.42,11.42,11.42,11.42,570.0
2019-06-26,11.77,11.77,11.07,11.68,1250.0
2019-06-27,11.68,11.68,11.68,11.68,90.0
2019-06-28,11.42,11.77,11.42,11.77,280.0
2019-07-01,11.86,13.95,10.81,13.34,38700.0
2019-07-02,13.43,13.43,13.08,13.25,3460.0
2019-07-03,13.69,13.69,12.73,13.25,6300.0
2019-07-04,13.08,13.08,13.08,13.08,0.0
2019-07-05,13.08,13.08,12.56,12.99,1020.0
2019-07-08,12.99,12.99,12.21,12.21,5280.0
2019-07-09,12.64,12.64,12.38,12.56,4550.0
2019-07-11,12.64,12.9,12.64,12.9,390.0
2019-07-12,12.73,12.73,12.73,12.73,110.0
2019-07-15,12.29,12.73,12.21,12.29,4120.0
2019-07-16,12.47,12.47,12.47,12.47,110.0
2019-07-18,12.29,12.29,12.21,12.21,1560.0
2019-07-19,12.29,12.47,12.29,12.47,430.0
2019-07-22,12.47,12.64,12.47,12.64,2060.0
2019-07-24,12.29,12.29,12.29,12.29,10.0
2019-07-25,12.64,12.82,12.64,12.82,100.0
2019-07-29,12.82,12.82,12.73,12.73,110.0
2019-07-30,12.38,12.73,12.38,12.73,70.0
2019-07-31,12.38,12.38,12.38,12.38,10.0
2019-08-01,12.21,12.73,12.21,12.73,30.0
2019-08-02,12.82,12.82,12.82,12.82,50.0
2019-08-05,12.82,12.82,12.82,12.82,10.0
2019-08-07,12.21,12.21,12.21,12.21,380.0
2019-08-08,12.21,12.82,12.21,12.82,150.0
2019-08-09,12.21,12.82,12.21,12.82,110.0
2019-08-12,12.21,12.56,12.12,12.12,90.0
2019-08-13,12.21,12.21,11.68,12.12,1690.0
2019-08-14,12.12,12.12,12.12,12.12,0.0
2019-08-16,12.73,12.73,11.6,12.29,3620.0
2019-08-19,12.29,12.29,11.86,11.95,110.0
2019-08-20,12.21,12.38,12.21,12.29,2280.0
2019-08-21,12.38,12.56,12.38,12.56,3800.0
2019-08-22,12.38,12.38,12.38,12.38,1140.0
2019-08-26,12.21,12.64,12.21,12.29,560.0
2019-08-27,12.21,12.21,12.21,12.21,180.0
2019-08-28,12.21,12.38,12.21,12.21,220.0
2019-08-29,12.38,12.47,12.38,12.47,190.0
2019-08-30,12.47,12.47,12.21,12.21,420.0
2019-09-02,12.21,12.21,12.21,12.21,110.0
2019-09-03,11.68,12.03,11.68,12.03,250.0
2019-09-04,12.03,12.03,12.03,12.03,190.0
2019-09-05,12.03,12.47,12.03,12.21,1720.0
2019-09-06,11.86,12.21,11.86,12.21,620.0
2019-09-09,12.47,12.47,12.47,12.47,110.0
2019-09-10,11.86,12.47,10.72,12.21,2350.0
2019-09-11,12.21,12.47,11.95,12.47,1100.0
2019-09-12,12.47,12.47,12.21,12.47,500.0
2019-09-13,12.21,12.47,12.21,12.47,230.0
2019-09-16,12.47,12.47,12.47,12.47,500.0
2019-09-19,12.21,12.47,12.21,12.47,430.0
2019-09-20,12.38,12.47,12.38,12.47,340.0
2019-09-23,12.47,12.47,12.21,12.38,670.0
2019-09-24,12.21,12.21,12.21,12.21,230.0
2019-09-25,12.47,12.47,12.21,12.47,460.0
2019-09-26,12.21,12.47,12.21,12.47,400.0
2019-09-27,12.47,12.47,12.21,12.47,340.0
2019-09-30,12.47,12.64,12.21,12.47,680.0
2019-10-02,12.21,12.21,12.21,12.21,1010.0
2019-10-03,12.21,12.21,12.21,12.21,400.0
2019-10-04,12.38,12.38,12.38,12.38,10.0
2019-10-07,12.21,12.21,12.21,12.21,340.0
2019-10-09,12.03,12.03,12.03,12.03,140.0
2019-10-10,12.03,12.03,12.03,12.03,30.0
2019-10-11,11.95,11.95,11.95,11.95,70.0
2019-10-14,11.95,11.95,11.51,11.86,670.0
2019-10-15,11.68,11.68,11.16,11.68,1330.0
2019-10-17,11.95,11.95,11.95,11.95,130.0
2019-10-18,11.95,11.95,11.6,11.6,690.0
2019-10-21,11.77,11.95,11.77,11.77,310.0
2019-10-22,11.68,11.68,11.68,11.68,190.0
2019-10-23,11.68,11.68,11.51,11.68,2180.0
2019-10-24,11.86,11.86,11.6,11.6,660.0
2019-10-25,11.6,11.86,11.6,11.86,90.0
2019-10-28,11.86,11.86,11.68,11.68,460.0
2019-10-29,11.51,11.77,11.51,11.77,250.0
2019-10-30,11.77,11.77,11.77,11.77,1360.0
2019-11-04,11.77,11.77,11.51,11.77,810.0
2019-11-05,11.77,11.77,10.9,11.34,2440.0
2019-11-06,11.4,11.4,10.3,10.7,12350.0
2019-11-07,11.2,11.4,11.0,11.3,6260.0
2019-11-08,11.7,12.3,11.5,11.5,10190.0
2019-11-12,11.9,11.9,11.0,11.1,5220.0
2019-11-13,11.0,11.2,10.5,10.5,5820.0
2019-11-14,10.5,10.5,10.4,10.4,3920.0
2019-11-15,10.6,10.6,10.6,10.6,1120.0
2019-11-18,10.7,10.7,10.3,10.3,13660.0
2019-11-19,10.3,10.3,10.2,10.3,4740.0
2019-11-20,10.3,10.3,10.0,10.2,4530.0
2019-11-21,10.2,10.3,10.1,10.1,3910.0
2019-11-22,10.1,10.2,10.1,10.2,1190.0
2019-11-25,10.3,10.3,10.3,10.3,730.0
2019-11-26,10.3,10.3,10.3,10.3,3790.0
2019-11-27,10.3,10.3,10.3,10.3,80.0
2019-11-28,10.2,10.2,10.1,10.1,1970.0
2019-11-29,10.2,10.3,10.2,10.3,1710.0
2019-12-02,10.2,10.2,10.1,10.2,90.0
2019-12-03,10.3,10.3,10.1,10.1,590.0
2019-12-04,10.1,10.1,10.0,10.0,630.0
2019-12-05,10.1,10.1,10.0,10.0,780.0
2019-12-06,10.0,10.3,10.0,10.2,3040.0
2019-12-09,10.2,10.6,10.2,10.2,5330.0
2019-12-10,10.7,10.7,10.2,10.2,11640.0
2019-12-11,10.5,10.6,10.5,10.6,700.0
2019-12-12,10.5,10.5,10.5,10.5,20.0
2019-12-13,10.3,10.5,10.2,10.5,2190.0
2019-12-16,10.6,10.6,10.5,10.5,150.0
2019-12-17,10.2,10.2,10.2,10.2,10.0
2019-12-18,10.2,10.3,10.2,10.3,1210.0
2019-12-19,10.3,10.5,10.3,10.3,200.0
2019-12-20,10.3,10.3,10.2,10.3,1630.0
2019-12-23,10.4,10.4,10.2,10.3,1360.0
2019-12-27,10.5,10.5,10.4,10.4,660.0
2019-12-30,10.3,10.5,10.3,10.5,4400.0
2020-01-02,10.3,10.7,10.3,10.5,2170.0
2020-01-03,10.5,10.6,10.4,10.6,680.0
2020-01-07,10.6,10.7,10.6,10.6,1480.0
2020-01-08,10.7,10.7,10.5,10.5,970.0
2020-01-09,10.7,10.7,10.7,10.7,480.0
2020-01-10,10.7,10.7,10.5,10.5,780.0
2020-01-13,10.4,10.4,10.4,10.4,4400.0
2020-01-14,10.6,10.7,10.6,10.7,1070.0
2020-01-15,10.8,11.3,10.8,10.8,4350.0
2020-01-16,10.9,11.0,10.9,10.9,100.0
2020-01-17,10.6,10.6,10.6,10.6,170.0
2020-01-21,10.5,10.8,10.5,10.7,300.0
2020-01-22,10.7,10.7,10.4,10.7,600.0
2020-01-23,10.2,10.5,10.2,10.5,2770.0
2020-01-24,10.6,10.6,10.3,10.6,140.0
2020-01-27,10.6,10.6,10.3,10.3,210.0
2020-01-28,10.3,10.5,10.3,10.5,1100.0
2020-01-29,10.3,10.5,10.2,10.5,350.0
2020-01-30,10.4,10.4,10.3,10.3,370.0
2020-01-31,10.4,10.4,10.2,10.2,890.0
2020-02-03,10.1,10.2,10.0,10.2,1000.0
2020-02-04,10.2,10.5,10.1,10.1,1160.0
2020-02-05,10.5,10.5,10.2,10.2,690.0
2020-02-06,10.2,10.2,10.2,10.2,150.0
2020-02-07,10.2,10.2,10.1,10.1,2000.0
2020-02-11,10.1,10.1,10.1,10.1,100.0
2020-02-12,10.3,10.4,10.3,10.3,1070.0
2020-02-13,10.2,10.2,10.2,10.2,380.0
2020-02-14,10.2,10.5,10.2,10.5,940.0
2020-02-17,10.2,10.5,10.2,10.5,540.0
2020-02-18,10.5,10.5,10.2,10.4,560.0
2020-02-19,10.3,10.4,10.2,10.2,770.0
2020-02-20,10.3,10.3,10.3,10.3,170.0
2020-02-24,10.2,10.2,9.95,9.95,2150.0
2020-02-25,10.0,10.0,9.7,9.8,320.0
2020-02-26,9.9,9.9,9.85,9.85,250.0
2020-02-27,9.9,9.9,9.65,9.65,1840.0
2020-02-28,9.55,9.55,8.6,9.25,3420.0
2020-03-02,8.7,9.3,8.7,9.3,660.0
2020-03-03,9.3,9.95,9.3,9.95,860.0
2020-03-04,10.0,10.0,9.8,9.8,690.0
2020-03-05,9.8,9.8,9.55,9.55,180.0
2020-03-06,9.85,9.95,9.3,9.35,7260.0
2020-03-09,9.3,9.3,8.15,8.35,3640.0
2020-03-11,8.95,8.95,7.6,7.6,1210.0
2020-03-12,7.6,7.6,7.2,7.2,1870.0
2020-03-13,6.8,7.55,6.7,7.3,5400.0
2020-03-16,7.3,7.3,6.6,7.1,3240.0
2020-03-17,7.1,7.8,6.7,7.8,7310.0
2020-03-18,7.6,8.0,7.6,7.6,4040.0
2020-03-19,7.8,8.25,7.8,8.25,1500.0
2020-03-20,8.25,8.95,8.25,8.8,4780.0
2020-03-23,8.85,8.9,8.6,8.7,1890.0
2020-03-24,8.8,8.8,8.75,8.8,750.0
2020-03-25,9.15,9.15,8.75,8.8,2500.0
2020-03-26,9.0,9.15,8.8,9.15,3350.0
2020-03-27,9.35,9.35,9.0,9.1,3520.0
2020-03-30,9.7,9.7,9.1,9.4,560.0
2020-03-31,9.45,10.6,9.4,10.4,9910.0
2020-04-01,10.6,10.6,10.2,10.3,1520.0
2020-04-02,10.3,10.5,10.2,10.2,3510.0
2020-04-03,10.2,10.5,9.5,9.5,1830.0
2020-04-06,10.0,10.3,9.55,10.3,1240.0
2020-04-07,10.5,10.7,10.1,10.5,6830.0
2020-04-08,10.5,10.7,9.7,10.6,3630.0
2020-04-09,10.0,10.6,10.0,10.6,1860.0
2020-04-14,10.2,11.1,10.0,11.0,5660.0
2020-04-15,11.4,11.7,11.1,11.2,5310.0
2020-04-16,11.2,11.2,11.0,11.1,3320.0
2020-04-17,10.9,11.2,10.9,11.1,1360.0
2020-04-20,11.1,11.3,11.1,11.1,850.0
2020-04-21,10.5,11.0,10.5,10.9,1100.0
2020-04-22,10.9,10.9,10.5,10.5,730.0
2020-04-23,10.5,10.8,10.5,10.8,380.0
2020-04-24,10.8,10.9,10.8,10.8,490.0
2020-04-27,10.8,11.0,10.6,10.6,2110.0
2020-04-28,10.4,11.0,10.4,10.6,3180.0
2020-04-29,10.6,10.6,10.4,10.5,1060.0
2020-04-30,10.6,10.6,10.5,10.6,3780.0
2020-05-04,11.0,11.0,10.5,10.5,2510.0
2020-05-05,10.5,10.5,10.5,10.5,0.0
2020-05-06,10.5,10.5,10.4,10.4,220.0
2020-05-07,10.5,10.5,10.4,10.4,400.0
2020-05-08,10.5,11.0,10.5,10.6,1230.0
2020-05-11,11.0,11.0,10.7,10.7,770.0
2020-05-12,10.8,10.9,10.7,10.8,9020.0
2020-05-13,10.7,10.9,10.7,10.7,420.0
2020-05-15,10.8,10.8,10.8,10.8,100.0
2020-05-18,10.8,10.9,10.8,10.9,270.0
2020-05-19,10.6,11.0,10.6,11.0,2090.0
2020-05-20,11.1,11.1,10.9,11.0,1010.0
2020-05-21,11.1,11.4,11.1,11.1,2900.0
2020-05-22,11.4,11.4,11.4,11.4,450.0
2020-05-25,11.1,11.3,11.1,11.2,1650.0
2020-05-26,11.3,11.4,11.2,11.4,12650.0
2020-05-27,11.4,11.4,11.2,11.2,3300.0
2020-05-28,11.1,11.1,11.0,11.0,1320.0
2020-05-29,11.1,11.3,11.0,11.1,2130.0
2020-06-01,11.4,12.1,11.4,11.9,9290.0
2020-06-02,12.4,13.5,12.4,13.5,30230.0
2020-06-03,14.0,16.9,14.0,15.5,58520.0
2020-06-04,15.6,15.8,14.5,15.0,19560.0
2020-06-05,15.0,15.1,14.0,14.8,13530.0
2020-06-08,14.8,15.0,14.6,14.6,8550.0
2020-06-09,14.3,14.3,13.7,14.3,10000.0
2020-06-10,14.1,14.2,14.1,14.2,1780.0
2020-06-12,13.0,14.0,13.0,13.9,7070.0
2020-06-15,13.8,13.8,13.0,13.7,2250.0
2020-06-16,13.7,14.1,13.6,13.7,3200.0
2020-06-17,13.7,13.7,13.5,13.5,720.0
2020-06-18,13.7,14.3,13.5,14.3,340.0
2020-06-19,14.5,14.5,14.1,14.1,1940.0
2020-06-22,14.0,14.0,13.8,13.9,690.0
2020-06-23,13.8,13.8,13.5,13.8,1450.0
2020-06-24,13.8,13.9,13.1,13.9,1780.0
2020-06-25,13.6,13.6,13.3,13.6,2300.0
2020-06-29,13.3,13.3,12.3,12.3,5970.0
2020-06-30,12.5,13.1,12.5,12.7,3850.0
2020-07-01,13.2,13.2,12.1,12.1,1930.0
2020-07-02,12.5,13.0,12.3,12.4,5750.0
2020-07-03,12.4,12.7,12.3,12.7,4000.0
2020-07-06,12.9,12.9,12.7,12.7,1130.0
2020-07-07,12.7,12.8,12.7,12.8,610.0
2020-07-08,12.4,12.8,12.3,12.8,4930.0
2020-07-09,12.8,13.0,12.7,13.0,360.0
2020-07-10,12.6,12.8,12.6,12.8,450.0
2020-07-13,12.9,13.2,12.6,12.6,3780.0
2020-07-14,12.7,12.7,12.4,12.4,3140.0
2020-07-16,12.5,13.0,12.5,13.0,1310.0
2020-07-17,12.9,12.9,12.8,12.9,1260.0
2020-07-20,12.9,12.9,12.3,12.5,4400.0
2020-07-21,12.6,12.8,12.3,12.5,3280.0
2020-07-22,12.5,12.5,12.4,12.5,2240.0
2020-07-23,12.4,12.4,12.3,12.4,1310.0
2020-07-24,12.3,12.3,12.1,12.3,1070.0
2020-07-27,12.3,12.3,12.0,12.1,2500.0
2020-07-28,12.0,12.1,12.0,12.1,2090.0
2020-07-29,12.0,12.0,11.8,11.8,1200.0
2020-07-30,11.9,12.3,11.9,12.1,1460.0
2020-07-31,12.1,12.2,12.1,12.2,1710.0
2020-08-03,12.3,12.3,12.0,12.1,1080.0
2020-08-04,12.1,12.3,11.9,12.2,2790.0
2020-08-05,12.4,12.7,12.1,12.1,2830.0
2020-08-06,12.1,12.3,12.1,12.2,9490.0
2020-08-07,12.2,12.2,12.1,12.1,600.0
2020-08-10,12.1,12.3,12.0,12.3,1670.0
2020-08-11,12.4,12.4,12.2,12.2,980.0
2020-08-12,12.3,12.3,12.1,12.2,1550.0
2020-08-13,12.0,12.5,12.0,12.5,2090.0
2020-08-14,12.6,12.6,12.5,12.5,20.0
2020-08-17,12.4,12.4,12.2,12.3,750.0
2020-08-19,12.4,12.4,12.1,12.1,210.0
2020-08-20,12.2,12.2,12.1,12.1,650.0
2020-08-21,12.1,12.1,12.0,12.0,1240.0
2020-08-24,12.0,12.0,12.0,12.0,50.0
2020-08-25,12.2,12.2,12.1,12.1,190.0
2020-08-26,12.1,12.1,12.0,12.0,1140.0
2020-08-27,12.1,12.1,12.0,12.1,200.0
2020-08-28,12.1,12.1,12.1,12.1,110.0
2020-08-31,12.0,12.8,11.9,12.5,7980.0
2020-09-01,12.5,12.9,12.5,12.7,8890.0
2020-09-02,12.7,12.7,12.3,12.3,1520.0
2020-09-03,12.3,12.3,12.3,12.3,890.0
2020-09-04,12.1,12.2,11.9,12.0,3380.0
2020-09-07,12.0,12.0,12.0,12.0,70.0
2020-09-08,12.0,12.0,12.0,12.0,510.0
2020-09-09,12.0,12.1,11.7,12.1,1810.0
2020-09-10,12.2,12.2,12.1,12.1,50.0
2020-09-11,12.0,12.1,12.0,12.1,120.0
2020-09-14,11.7,12.1,11.7,11.7,1940.0
2020-09-15,11.8,11.8,11.8,11.8,1480.0
2020-09-16,11.8,12.1,11.8,11.9,630.0
2020-09-17,11.8,12.1,11.8,12.1,670.0
2020-09-18,12.1,12.1,11.8,12.1,320.0
2020-09-21,11.8,12.4,11.8,12.4,250.0
2020-09-22,11.9,12.3,11.9,12.3,550.0
2020-09-23,12.0,12.2,11.9,11.9,630.0
2020-09-24,11.9,12.0,11.9,11.9,5650.0
2020-09-25,11.9,12.3,11.9,11.9,970.0
2020-09-28,11.9,12.3,11.9,12.3,20.0
2020-09-29,12.3,12.3,11.9,11.9,190.0
2020-09-30,12.3,12.3,12.3,12.3,60.0
2020-10-01,12.2,12.2,11.8,11.8,1860.0
2020-10-05,11.9,12.2,11.9,12.2,640.0
2020-10-06,12.3,12.3,11.9,12.0,1800.0
2020-10-07,12.0,12.2,11.9,12.2,930.0
2020-10-08,12.2,12.2,12.0,12.0,330.0
2020-10-09,12.0,12.3,12.0,12.1,380.0
2020-10-12,12.0,12.0,11.9,11.9,220.0
2020-10-13,11.9,11.9,11.8,11.8,620.0
2020-10-15,11.8,11.8,11.7,11.7,360.0
2020-10-16,11.6,12.0,11.5,11.9,890.0
2020-10-19,11.9,11.9,11.7,11.8,1230.0
2020-10-20,11.9,11.9,11.9,11.9,10.0
2020-10-21,11.8,11.8,11.8,11.8,490.0
2020-10-22,11.7,11.7,11.6,11.7,950.0
2020-10-23,11.6,11.7,11.6,11.6,1210.0
2020-10-26,11.5,11.9,11.5,11.9,370.0
2020-10-27,11.4,11.4,11.4,11.4,280.0
2020-10-28,11.7,11.7,10.6,10.7,4050.0
2020-10-29,10.6,11.2,10.5,10.7,1810.0
2020-10-30,10.5,10.9,10.4,10.9,650.0
2020-11-02,10.9,11.1,10.9,11.1,370.0
2020-11-03,11.5,11.5,11.0,11.5,980.0
2020-11-04,11.4,11.4,11.2,11.2,1410.0
2020-11-05,11.2,11.2,11.2,11.2,130.0
2020-11-06,11.0,11.2,11.0,11.1,1290.0
2020-11-09,11.2,11.4,11.0,11.3,2960.0
2020-11-10,11.5,11.6,11.4,11.5,4730.0
2020-11-12,11.7,11.7,11.3,11.5,2740.0
2020-11-13,11.3,11.5,11.3,11.5,530.0
2020-11-16,11.5,11.6,11.3,11.6,2940.0
2020-11-17,11.5,11.8,11.5,11.6,1820.0
2020-11-18,11.8,12.2,11.8,12.2,7670.0
2020-11-19,12.4,12.4,11.8,12.0,1960.0
2020-11-20,12.0,12.2,11.8,11.8,1130.0
2020-11-23,12.0,12.3,12.0,12.3,2790.0
2020-11-24,12.2,12.5,12.2,12.4,2590.0
2020-11-25,12.4,12.4,12.0,12.3,4650.0
2020-11-26,12.5,12.5,12.5,12.5,0.0
2020-11-30,12.3,12.3,12.1,12.2,1330.0
2020-12-01,12.5,12.5,12.2,12.4,600.0
2020-12-02,12.2,12.4,12.0,12.0,1090.0
2020-12-03,12.0,12.2,11.9,11.9,7270.0
2020-12-04,11.9,12.3,11.9,11.9,140.0
2020-12-07,12.0,12.3,12.0,12.0,530.0
2020-12-08,12.1,12.2,12.0,12.2,2730.0
2020-12-09,12.2,12.4,11.8,12.3,6250.0
2020-12-10,12.1,12.2,12.1,12.1,6390.0
2020-12-11,12.2,12.3,12.2,12.2,2180.0
2020-12-14,12.1,12.1,11.4,11.8,8630.0
2020-12-15,12.1,12.3,12.1,12.2,3320.0
2020-12-16,12.1,12.2,12.0,12.0,4450.0
2020-12-17,12.1,12.3,12.1,12.3,270.0
2020-12-18,12.2,12.2,12.0,12.0,1470.0
2020-12-21,12.0,12.0,11.8,11.9,1370.0
2020-12-22,12.2,12.3,12.0,12.2,1290.0
2020-12-23,12.2,12.2,12.0,12.0,2300.0
2020-12-28,12.3,12.3,11.8,11.9,4180.0
2020-12-29,12.2,12.2,12.1,12.2,2410.0
2020-12-30,12.2,12.2,12.1,12.2,2420.0
2021-01-04,12.2,12.4,12.0,12.3,2280.0
2021-01-05,12.3,12.7,12.2,12.6,4350.0
2021-01-07,12.7,13.8,12.6,12.8,39120.0
2021-01-08,13.0,13.2,12.5,12.9,13680.0
2021-01-11,12.9,13.3,12.5,12.9,7160.0
2021-01-12,13.0,13.1,12.7,12.7,3140.0
2021-01-13,12.8,12.8,12.5,12.6,1290.0
2021-01-14,12.7,13.0,12.5,12.5,2100.0
2021-01-15,12.8,12.8,12.8,12.8,200.0
2021-01-18,12.8,13.0,12.7,13.0,8650.0
2021-01-19,13.1,13.1,12.9,13.0,6590.0
2021-01-20,12.8,13.0,12.5,13.0,10220.0
2021-01-21,13.0,13.0,12.5,12.6,1500.0
2021-01-22,12.5,12.9,12.5,12.9,840.0
2021-01-25,12.9,12.9,12.3,12.6,1870.0
2021-01-26,12.7,12.7,12.3,12.6,1610.0
2021-01-27,12.6,12.8,11.9,12.4,2080.0
2021-01-28,12.3,12.5,12.0,12.4,3600.0
2021-01-29,12.4,12.5,11.9,12.2,3460.0
2021-02-01,12.3,12.3,12.2,12.3,740.0
2021-02-02,12.3,12.8,12.3,12.7,4110.0
2021-02-03,12.5,12.8,12.5,12.8,830.0
2021-02-04,12.8,12.8,12.4,12.8,460.0
2021-02-05,12.8,12.8,12.3,12.8,1860.0
2021-02-08,12.8,12.9,12.7,12.8,1470.0
2021-02-09,12.9,12.9,12.6,12.6,1870.0
2021-02-10,12.9,12.9,12.4,12.8,2630.0
2021-02-11,12.8,12.8,12.8,12.8,1260.0
2021-02-12,12.8,12.9,12.5,12.8,2240.0
2021-02-15,12.8,13.0,12.5,12.8,6540.0
2021-02-16,12.9,12.9,12.8,12.8,4080.0
2021-02-17,12.9,12.9,12.7,12.8,1750.0
2021-02-18,12.8,12.9,12.7,12.8,3040.0
2021-02-19,12.7,12.9,12.7,12.8,1600.0
2021-02-22,12.6,12.8,12.5,12.8,6430.0
2021-02-23,12.5,12.8,12.5,12.5,1950.0
2021-02-24,12.7,12.8,12.7,12.7,4750.0
2021-02-25,12.7,12.9,12.5,12.7,6030.0
2021-02-26,12.6,12.6,12.4,12.5,2980.0
2021-03-01,12.5,12.6,12.3,12.6,3050.0
2021-03-02,12.5,12.6,12.4,12.5,2310.0
2021-03-03,12.4,12.5,12.3,12.5,5330.0
2021-03-04,12.5,12.5,12.0,12.4,3840.0
2021-03-05,12.5,12.5,12.5,12.5,610.0
2021-03-08,12.6,12.8,12.2,12.5,11810.0
2021-03-09,12.6,12.8,12.4,12.4,4210.0
2021-03-10,12.7,12.7,12.4,12.4,2580.0
2021-03-11,12.5,12.6,12.3,12.6,3330.0
2021-03-12,12.5,12.5,12.3,12.4,2610.0
2021-03-15,12.6,12.6,12.4,12.5,7120.0
2021-03-16,12.3,12.5,12.3,12.4,5270.0
2021-03-17,12.4,12.5,12.2,12.3,1220.0
2021-03-18,12.3,12.5,12.3,12.5,1770.0
2021-03-19,12.3,12.5,12.3,12.5,20.0
2021-03-22,12.3,12.5,12.3,12.4,2100.0
2021-03-23,12.5,12.5,12.5,12.5,50.0
2021-03-24,12.5,12.5,12.3,12.3,1980.0
2021-03-25,12.3,12.5,12.3,12.5,960.0
2021-03-26,12.5,12.5,12.2,12.5,2060.0
2021-03-29,12.6,12.6,12.4,12.5,3760.0
2021-03-30,12.6,12.6,12.3,12.5,3470.0
2021-03-31,12.7,12.7,12.3,12.6,1130.0
2021-04-01,12.6,12.6,12.3,12.3,3230.0
2021-04-06,12.6,13.5,12.6,13.45,28230.0
2021-04-07,13.5,13.5,13.0,13.1,6230.0
2021-04-08,13.4,13.4,13.0,13.1,3920.0
2021-04-09,13.1,13.15,13.0,13.1,7210.0
2021-04-12,13.2,13.2,13.0,13.1,7520.0
2021-04-13,13.05,13.2,13.05,13.1,13460.0
2021-04-14,13.3,13.3,13.1,13.1,5790.0
2021-04-15,13.2,13.25,13.05,13.05,7110.0
2021-04-16,13.1,13.15,13.05,13.05,4370.0
2021-04-19,13.1,13.1,13.0,13.0,5790.0
2021-04-20,13.1,13.1,12.9,13.0,2120.0
2021-04-21,13.0,13.0,12.45,12.8,6560.0
2021-04-22,12.6,13.05,12.6,12.95,3940.0
2021-04-23,13.0,13.05,12.95,13.0,3300.0
2021-04-26,13.1,13.1,12.7,12.95,3020.0
2021-04-27,12.7,12.8,11.95,12.3,43080.0
2021-04-28,12.3,12.6,12.3,12.4,8750.0
2021-04-29,12.6,12.6,12.4,12.45,16309.999999999998
2021-04-30,12.6,12.6,12.4,12.6,5260.0
2021-05-04,12.7,12.75,12.35,12.35,9090.0
2021-05-05,12.35,12.75,12.35,12.4,2860.0
2021-05-06,12.4,12.65,12.4,12.55,8800.0
2021-05-07,12.5,12.55,12.4,12.5,7440.0
2021-05-10,12.5,12.75,12.4,12.6,5780.0
2021-05-11,12.6,12.75,12.5,12.7,5200.0
2021-05-12,12.75,12.9,12.65,12.75,6610.0
2021-05-13,12.65,12.9,12.65,12.8,850.0
2021-05-14,12.65,12.9,12.6,12.9,3340.0
2021-05-17,12.9,12.9,12.6,12.7,1670.0
2021-05-18,12.65,12.95,12.65,12.8,7080.0
2021-05-19,12.8,12.8,12.65,12.65,3450.0
2021-05-20,12.9,12.9,12.6,12.6,2470.0
2021-05-21,12.8,12.9,12.8,12.8,1210.0
2021-05-24,12.6,12.85,12.6,12.65,4870.0
2021-05-25,12.8,12.8,12.5,12.55,2310.0
2021-05-26,12.6,12.65,12.55,12.55,1300.0
2021-05-27,12.6,12.8,12.5,12.6,1380.0
2021-05-28,12.65,12.65,12.55,12.65,8290.0
2021-05-31,12.8,12.9,12.55,12.75,8630.0
2021-06-01,12.8,12.8,12.65,12.7,1490.0
2021-06-02,12.8,12.8,12.6,12.75,1430.0
2021-06-04,12.75,12.75,12.65,12.75,860.0
2021-06-07,12.75,12.8,12.7,12.7,5300.0
2021-06-08,12.7,12.7,12.7,12.7,320.0
2021-06-09,12.7,12.9,12.65,12.75,2260.0
2021-06-10,12.75,12.75,12.7,12.75,2390.0
2021-06-11,12.7,12.8,12.65,12.7,1650.0
2021-06-14,12.8,12.8,12.75,12.8,7560.0
2021-06-15,12.7,12.7,12.7,12.7,340.0
2021-06-16,12.7,12.8,12.65,12.65,1680.0
2021-06-17,12.7,12.75,12.65,12.7,950.0
2021-06-18,12.8,12.8,12.55,12.55,3540.0
2021-06-21,12.7,12.7,12.7,12.7,600.0
2021-06-22,12.7,12.7,12.55,12.55,930.0
2021-06-23,12.55,12.55,12.55,12.55,0.0
2021-06-24,12.55,12.65,12.55,12.65,2960.0
2021-06-25,12.7,12.75,12.6,12.6,820.0
2021-06-28,12.6,12.9,12.55,12.6,3080.0
2021-06-29,12.8,12.8,12.8,12.8,1120.0
2021-06-30,12.7,12.75,12.55,12.55,2140.0
2021-07-01,12.75,12.75,12.5,12.5,3330.0
2021-07-02,12.6,12.65,12.5,12.5,1920.0
2021-07-05,12.5,12.6,12.5,12.6,190.0
2021-07-06,12.75,12.75,12.5,12.5,2000.0
2021-07-07,12.7,12.7,12.5,12.5,170.0
2021-07-08,12.55,12.55,12.5,12.5,3510.0
2021-07-09,12.4,12.65,12.4,12.55,1380.0
2021-07-12,12.3,12.55,12.3,12.5,1690.0
2021-07-13,12.5,12.55,12.5,12.55,5780.0
2021-07-14,12.5,12.6,12.5,12.5,3420.0
2021-07-15,12.5,12.55,12.5,12.55,6450.0
2021-07-16,12.5,12.55,12.5,12.5,6300.0
2021-07-19,12.5,12.5,12.45,12.45,4870.0
2021-07-20,12.3,12.3,12.3,12.3,900.0
2021-07-21,12.3,12.55,12.3,12.55,710.0
2021-07-22,12.6,12.6,12.5,12.5,1850.0
2021-07-23,12.6,12.65,12.3,12.3,510.0
2021-07-26,12.6,12.6,12.6,12.6,10.0
2021-07-27,12.4,12.4,12.3,12.3,2560.0
2021-07-28,12.3,12.3,12.25,12.3,2220.0
2021-07-29,12.15,12.55,12.15,12.55,4500.0
2021-07-30,12.4,12.45,12.3,12.35,840.0
2021-08-02,12.35,12.4,12.3,12.3,5730.0
2021-08-03,12.4,12.4,12.3,12.3,3010.0
2021-08-04,12.5,12.5,12.2,12.45,520.0
2021-08-05,12.35,12.35,12.3,12.3,290.0
2021-08-06,12.3,12.35,12.25,12.25,3380.0
2021-08-09,12.35,12.35,12.2,12.35,1430.0
2021-08-10,12.35,12.35,12.15,12.3,690.0
2021-08-11,12.2,12.35,12.2,12.35,70.0
2021-08-12,12.35,12.35,12.2,12.2,1260.0
2021-08-13,12.4,12.4,12.4,12.4,2000.0
2021-08-16,12.25,12.25,12.25,12.25,480.0
2021-08-17,12.3,12.3,12.3,12.3,270.0
2021-08-18,12.3,12.3,12.2,12.3,830.0
2021-08-19,12.3,12.3,12.25,12.25,130.0
2021-08-20,12.4,12.4,12.4,12.4,20.0
2021-08-23,12.4,12.4,12.2,12.25,3080.0
2021-08-24,12.2,12.3,12.2,12.3,750.0
2021-08-25,12.3,12.35,12.3,12.35,750.0
2021-08-26,12.3,12.5,12.2,12.3,4070.0000000000005
2021-08-27,12.2,12.3,12.2,12.3,930.0
2021-08-30,12.3,12.4,12.2,12.25,1190.0
2021-08-31,12.4,12.4,12.15,12.15,2250.0
2021-09-01,12.25,12.25,12.25,12.25,950.0
2021-09-02,12.4,12.5,12.2,12.45,810.0
2021-09-03,12.25,12.45,12.25,12.45,3050.0
2021-09-06,12.45,12.5,12.45,12.5,2140.0
2021-09-07,12.5,12.5,12.4,12.4,2670.0
2021-09-08,12.25,12.5,12.25,12.5,1130.0
2021-09-09,12.5,12.5,12.15,12.2,4010.0
2021-09-10,12.45,12.5,12.4,12.4,1970.0
2021-09-13,12.45,12.45,12.3,12.4,1840.0
2021-09-14,12.3,12.5,12.3,12.35,5330.0
2021-09-15,12.35,12.45,12.35,12.4,330.0
2021-09-16,12.35,12.35,12.3,12.3,1970.0
2021-09-17,12.45,12.45,12.45,12.45,100.0
2021-09-20,12.2,12.2,12.2,12.2,920.0
2021-09-21,12.15,12.45,12.15,12.2,500.0
2021-09-22,12.4,12.4,12.2,12.2,520.0
2021-09-23,12.3,12.4,12.2,12.2,2070.0
2021-09-24,12.4,12.4,12.2,12.2,660.0
2021-09-27,12.3,12.3,12.2,12.2,550.0
2021-09-28,12.2,12.3,12.2,12.2,710.0
2021-09-29,12.15,12.3,12.15,12.25,140.0
2021-09-30,12.25,12.3,12.2,12.3,620.0
2021-10-01,12.25,12.3,12.25,12.25,910.0
2021-10-04,12.3,12.3,12.2,12.25,1780.0
2021-10-05,12.3,12.4,12.15,12.4,1930.0
2021-10-06,12.4,12.5,12.25,12.25,4490.0
2021-10-07,12.4,12.5,12.25,12.5,6540.0
2021-10-08,12.45,12.6,12.3,12.45,15850.0
2021-10-11,12.6,12.6,12.3,12.45,11860.0
2021-10-12,12.45,12.5,12.25,12.25,5300.0
2021-10-13,12.25,12.3,12.15,12.2,3040.0
2021-10-14,12.2,12.35,12.15,12.35,4820.0
2021-10-15,12.3,12.4,12.2,12.35,750.0
2021-10-18,12.4,12.5,12.25,12.25,6350.0
2021-10-19,12.2,12.4,12.2,12.4,520.0
2021-10-20,12.3,12.45,12.25,12.25,950.0
2021-10-21,12.25,12.25,12.25,12.25,270.0
2021-10-22,12.35,12.35,12.2,12.25,1050.0
2021-10-25,12.25,12.4,12.25,12.4,1410.0
2021-10-26,12.4,12.4,12.4,12.4,790.0
2021-10-27,12.4,12.4,12.2,12.2,1160.0
2021-10-28,12.2,12.45,12.2,12.45,450.0
2021-10-29,12.3,12.4,12.2,12.25,1550.0
2021-11-02,12.25,12.3,12.2,12.2,950.0
2021-11-03,12.25,12.3,12.15,12.2,1890.0
2021-11-04,12.25,12.3,12.25,12.3,1050.0
2021-11-05,12.35,12.4,12.25,12.25,1180.0
2021-11-08,12.4,12.45,12.35,12.35,890.0
2021-11-09,12.35,12.35,12.2,12.25,950.0
2021-11-10,12.25,12.35,12.15,12.2,3790.0
2021-11-12,12.35,12.4,12.15,12.2,2770.0
2021-11-15,12.35,12.35,12.1,12.1,5410.0
2021-11-16,12.1,12.2,12.05,12.05,1070.0
2021-11-17,12.15,12.2,12.05,12.1,1510.0
2021-11-18,12.05,12.2,11.75,11.75,7510.0
2021-11-19,11.9,12.05,11.9,12.0,2020.0
2021-11-22,11.8,12.0,11.8,12.0,300.0
2021-11-23,11.8,12.0,11.6,11.95,1320.0
2021-11-24,11.95,11.95,11.75,11.75,490.0
2021-11-25,11.8,11.85,11.8,11.85,350.0
2021-11-26,11.8,11.8,11.8,11.8,540.0
2021-11-29,11.8,11.9,11.6,11.85,810.0
2021-11-30,11.8,11.8,11.8,11.8,960.0
2021-12-01,11.85,11.9,11.75,11.85,630.0
2021-12-02,11.85,11.9,11.75,11.9,1180.0
2021-12-03,11.8,11.9,11.7,11.7,1110.0
2021-12-06,11.65,11.9,11.65,11.9,410.0
2021-12-07,11.85,11.95,11.85,11.95,1470.0
2021-12-08,11.95,12.0,11.95,11.95,1170.0
2021-12-09,11.8,12.1,11.8,12.1,720.0
2021-12-10,12.0,12.2,12.0,12.2,2290.0
2021-12-13,12.2,12.2,12.1,12.2,2350.0
2021-12-14,12.1,12.1,12.0,12.0,400.0
2021-12-15,12.15,12.2,11.95,12.0,830.0
2021-12-16,12.15,12.15,12.0,12.15,420.0
2021-12-17,12.1,12.1,11.95,12.1,660.0
2021-12-20,11.8,12.1,11.8,12.1,410.0
2021-12-21,11.85,12.1,11.8,11.95,300.0
2021-12-22,11.85,11.9,11.5,11.7,10400.0
2021-12-23,11.5,11.85,11.5,11.65,1730.0
2021-12-27,11.5,11.75,11.25,11.3,2220.0
2021-12-28,11.25,11.45,11.15,11.15,4920.0
2021-12-29,11.3,11.6,11.3,11.6,1910.0
2021-12-30,11.15,11.7,11.15,11.25,440.0
2022-01-03,11.8,11.8,11.5,11.5,50.0
2022-01-04,11.65,11.65,11.55,11.65,2170.0
2022-01-05,11.65,11.65,11.2,11.45,3240.0
2022-01-07,11.35,11.45,11.3,11.45,670.0
2022-01-10,11.4,11.5,11.4,11.4,1310.0
2022-01-11,11.5,11.5,11.2,11.5,3180.0
2022-01-12,11.5,11.55,11.4,11.4,4040.0
2022-01-13,11.45,11.65,11.45,11.6,2210.0
2022-01-14,11.5,11.55,11.3,11.5,1370.0
2022-01-17,11.6,11.6,11.25,11.4,1070.0
2022-01-18,11.35,11.35,11.35,11.35,110.0
2022-01-19,11.3,11.35,11.15,11.3,2270.0
2022-01-20,11.2,11.25,11.2,11.2,690.0
2022-01-21,11.15,11.15,11.15,11.15,1290.0
2022-01-24,11.15,11.6,10.5,10.6,8200.0
2022-01-25,10.8,10.9,10.8,10.8,350.0
2022-01-26,11.0,11.15,10.55,11.0,2050.0
2022-01-27,10.65,11.0,10.65,11.0,1560.0
2022-01-28,10.75,10.75,10.65,10.75,460.0
2022-01-31,10.8,11.15,10.8,10.8,920.0
2022-02-01,10.9,11.0,10.8,11.0,910.0
2022-02-02,11.0,11.0,10.7,10.7,7880.0
2022-02-03,11.0,11.0,10.7,10.85,3630.0
2022-02-04,10.85,10.95,10.7,10.95,430.0
2022-02-07,10.85,10.85,10.7,10.85,1610.0
2022-02-08,10.9,10.9,10.9,10.9,10.0
2022-02-09,10.75,10.95,10.75,10.95,1890.0
2022-02-10,10.95,10.95,10.95,10.95,20.0
2022-02-11,10.95,11.15,10.95,11.15,340.0
2022-02-14,11.15,11.15,10.75,11.15,1550.0
2022-02-15,11.0,11.0,10.65,11.0,1860.0
2022-02-16,10.7,11.0,10.7,11.0,180.0
2022-02-17,11.0,11.0,10.9,10.9,100.0
2022-02-18,10.65,11.0,10.5,10.5,6110.0
2022-02-21,10.7,10.7,10.25,10.4,6340.0
2022-02-22,10.05,10.4,10.05,10.35,990.0
2022-02-23,10.35,10.35,9.98,10.35,4560.0
2022-02-24,10.0,10.0,9.3,9.9,6720.0
2022-02-25,10.2,10.2,9.72,10.2,5540.0
2022-02-28,10.5,10.5,10.0,10.2,5440.0
2022-03-01,10.45,10.45,10.0,10.0,4520.0
2022-03-02,10.0,10.6,9.8,10.4,8420.0
2022-03-03,11.6,12.0,10.5,11.7,39560.0
2022-03-04,11.9,11.9,10.6,11.05,7320.0
2022-03-07,11.0,11.65,10.9,11.45,9640.0
2022-03-08,11.65,11.7,11.0,11.5,7900.0
2022-03-09,11.1,11.5,11.05,11.1,4880.0
2022-03-10,11.0,11.5,10.75,11.35,6820.0
2022-03-11,11.0,11.5,11.0,11.45,2350.0
2022-03-14,11.3,11.6,10.55,11.6,13240.0
2022-03-15,11.6,11.6,11.15,11.55,2770.0
2022-03-16,11.55,11.55,11.2,11.4,1320.0
2022-03-17,11.4,11.4,11.35,11.4,700.0
2022-03-18,11.4,11.5,11.35,11.5,12660.0
2022-03-21,11.8,13.7,11.8,13.35,145540.0
2022-03-22,13.4,13.45,12.7,13.15,48600.0
2022-03-23,13.2,13.2,12.6,12.8,16250.0
2022-03-24,12.8,12.95,12.55,12.95,10150.0
2022-03-25,13.0,13.0,12.7,13.0,8200.0
2022-03-28,12.6,13.1,12.6,12.95,7770.0
2022-03-29,12.95,12.95,12.65,12.75,4450.0
2022-03-30,12.65,12.7,12.2,12.35,9330.0
2022-03-31,12.7,12.7,12.05,12.2,9470.0
2022-04-01,12.2,12.4,12.15,12.2,6730.0
2022-04-04,12.2,12.4,12.05,12.4,7200.0
2022-04-05,12.4,12.45,12.0,12.2,4310.0
2022-04-06,12.1,12.1,12.0,12.0,5310.0
2022-04-07,12.35,13.0,12.3,12.3,20570.0
2022-04-08,12.5,12.5,12.2,12.4,2590.0
2022-04-11,12.7,12.7,12.3,12.55,1880.0
2022-04-12,12.3,12.55,12.2,12.3,3800.0
2022-04-13,12.55,12.55,12.2,12.2,3560.0
2022-04-14,12.2,12.35,12.0,12.35,6570.0
2022-04-19,12.35,12.4,12.2,12.35,3420.0
2022-04-20,12.15,12.45,12.15,12.15,580.0
2022-04-21,12.25,12.3,12.25,12.25,1120.0
2022-04-22,12.2,12.4,12.1,12.4,3670.0
2022-04-25,12.4,12.5,12.0,12.05,9000.0
2022-04-26,12.15,12.35,11.7,11.75,6480.0
2022-04-27,11.75,11.75,11.15,11.2,4780.0
2022-04-28,11.2,11.5,11.1,11.2,2110.0
2022-04-29,11.1,11.4,11.1,11.4,90.0
2022-05-02,11.45,11.45,11.15,11.25,600.0
2022-05-04,11.3,11.45,11.15,11.45,990.0
2022-05-05,11.25,11.5,11.25,11.5,2540.0
2022-05-06,11.5,11.5,11.05,11.4,3110.0
2022-05-09,11.05,11.05,11.0,11.05,1970.0
2022-05-10,11.0,11.2,11.0,11.2,830.0
2022-05-11,11.3,11.4,11.05,11.05,1760.0
2022-05-12,11.1,11.35,11.1,11.3,380.0
2022-05-13,11.2,11.3,11.1,11.3,1180.0
2022-05-16,11.3,11.85,11.3,11.8,3790.0
2022-05-17,11.45,11.8,11.05,11.8,2510.0
2022-05-18,11.75,12.6,11.45,12.3,20150.0
2022-05-19,12.1,12.3,11.9,12.1,3380.0
2022-05-20,12.2,12.25,11.9,12.0,960.0
2022-05-23,11.8,12.3,11.7,12.25,1590.0
2022-05-24,12.25,12.3,12.1,12.2,4140.0
2022-05-25,12.3,12.3,11.9,11.9,3490.0
2022-05-26,11.95,12.2,11.8,12.0,930.0
2022-05-27,11.8,11.85,11.8,11.8,870.0
2022-05-30,12.0,12.1,11.8,12.1,1080.0
2022-05-31,11.9,12.2,11.5,11.8,2520.0
2022-06-01,11.65,11.9,11.6,11.6,1700.0
2022-06-02,11.6,11.6,11.5,11.55,1080.0
2022-06-03,11.8,11.8,11.4,11.4,1370.0
2022-06-06,11.9,11.9,11.9,11.9,630.0
2022-06-07,11.85,11.9,11.5,11.55,1310.0
2022-06-08,11.55,11.8,11.4,11.5,970.0
2022-06-09,11.5,11.5,11.5,11.5,390.0
2022-06-10,11.45,11.75,11.4,11.45,180.0
2022-06-13,11.5,11.5,11.05,11.1,6950.0
2022-06-14,11.05,11.05,10.9,10.9,860.0
2022-06-15,11.0,11.25,11.0,11.25,510.0
2022-06-17,11.25,11.35,10.7,11.0,1580.0
2022-06-20,11.05,11.05,11.05,11.05,0.0
2022-06-21,11.3,11.35,11.05,11.05,1560.0
2022-06-22,11.2,11.2,11.2,11.2,10.0
2022-06-23,11.1,11.2,11.0,11.0,1800.0
2022-06-24,11.0,11.0,11.0,11.0,500.0
2022-06-27,11.0,11.25,11.0,11.25,430.0
2022-06-29,11.8,11.8,11.8,11.8,2720.0
2022-06-30,11.8,11.8,11.3,11.75,430.0
2022-07-01,11.75,11.75,11.3,11.35,720.0
2022-07-04,11.55,11.8,11.3,11.75,510.0
2022-07-05,11.75,11.75,11.3,11.3,400.0
2022-07-06,11.35,11.4,11.3,11.4,420.0
2022-07-07,11.5,11.65,11.5,11.65,1440.0
2022-07-08,11.8,11.8,11.15,11.15,600.0
2022-07-11,11.6,11.65,11.15,11.55,2520.0
2022-07-13,11.25,11.3,11.25,11.3,650.0
2022-07-14,11.25,11.25,11.2,11.2,430.0
2022-07-15,11.2,11.2,11.2,11.2,50.0
2022-07-18,11.25,11.5,11.25,11.3,550.0
2022-07-19,11.3,11.3,11.2,11.2,510.0
2022-07-20,11.3,11.35,11.2,11.35,740.0
2022-07-21,11.15,11.5,11.15,11.5,630.0
2022-07-22,11.45,11.45,11.45,11.45,160.0
2022-07-25,11.45,11.5,11.25,11.45,1220.0
2022-07-27,11.3,11.3,11.25,11.25,370.0
2022-07-28,11.25,11.4,11.2,11.4,360.0
2022-07-29,11.15,11.35,11.15,11.35,1310.0
2022-08-01,11.35,11.35,11.35,11.35,1800.0
2022-08-02,11.35,11.35,11.25,11.35,540.0
2022-08-03,11.2,11.2,11.15,11.2,2430.0
2022-08-04,11.2,11.4,11.2,11.35,2820.0
2022-08-05,11.35,11.35,11.35,11.35,40.0
2022-08-08,11.3,11.3,11.3,11.3,100.0
2022-08-09,11.15,11.2,11.15,11.2,530.0
2022-08-10,11.2,11.2,11.2,11.2,120.0
2022-08-11,11.15,11.3,11.15,11.3,380.0
2022-08-12,11.3,11.45,11.3,11.45,210.0
2022-08-16,11.4,11.4,11.2,11.2,320.0
2022-08-17,11.35,11.35,11.35,11.35,310.0
2022-08-18,11.15,11.2,11.15,11.2,100.0
2022-08-19,11.2,11.2,11.2,11.2,100.0
2022-08-22,11.3,11.3,11.2,11.25,370.0
2022-08-23,11.15,11.25,11.1,11.25,630.0
2022-08-24,11.25,11.25,10.55,10.85,2510.0
2022-08-25,10.85,11.05,10.55,10.55,2130.0
2022-08-26,10.1,10.65,10.0,10.65,10270.0
2022-08-29,10.65,11.0,10.2,10.8,530.0
2022-08-30,10.8,11.2,10.8,11.2,1210.0
2022-08-31,11.3,11.3,11.0,11.0,780.0
2022-09-01,11.0,11.0,10.2,10.8,1410.0
2022-09-02,10.8,10.8,10.2,10.8,2360.0
2022-09-05,10.3,10.5,10.2,10.5,1610.0
2022-09-06,10.3,10.5,10.3,10.45,1380.0
2022-09-07,10.5,10.5,10.25,10.5,340.0
2022-09-08,10.25,10.5,10.25,10.45,230.0
2022-09-09,10.5,11.05,10.45,11.05,2880.0
2022-09-12,11.05,11.05,10.6,10.6,650.0
2022-09-13,10.65,10.7,10.6,10.7,970.0
2022-09-14,10.75,10.75,10.6,10.75,760.0
2022-09-15,10.8,10.8,10.4,10.4,80.0
2022-09-19,10.4,10.4,10.35,10.35,1230.0
2022-09-20,10.4,10.8,10.3,10.3,2990.0
2022-09-21,10.6,10.8,10.4,10.8,310.0
2022-09-22,10.7,10.7,10.5,10.5,740.0
2022-09-23,10.5,10.5,10.1,10.1,1460.0
2022-09-26,10.05,10.1,10.0,10.0,1560.0
2022-09-27,10.15,10.2,10.15,10.2,740.0
2022-09-28,10.0,10.2,10.0,10.2,1190.0
2022-09-29,10.0,10.2,10.0,10.1,960.0
2022-09-30,10.1,10.2,10.1,10.2,830.0
2022-10-03,10.2,10.6,10.2,10.6,1550.0
2022-10-04,10.6,10.8,10.5,10.8,900.0
2022-10-05,10.35,10.35,10.35,10.35,0.0
2022-10-06,10.35,10.7,10.35,10.7,570.0
2022-10-07,10.65,10.7,10.2,10.2,1540.0
2022-10-10,10.7,10.7,10.25,10.25,760.0
2022-10-11,10.55,10.55,10.2,10.25,2860.0
2022-10-12,10.25,10.85,10.25,10.85,3000.0
2022-10-13,11.25,11.25,10.5,10.5,4760.0
2022-10-14,10.9,11.1,10.65,10.95,2620.0
2022-10-17,10.9,11.0,10.9,11.0,10.0
2022-10-18,10.8,10.9,10.65,10.9,930.0
2022-10-19,10.85,10.9,10.3,10.8,1710.0
2022-10-20,10.8,10.8,10.3,10.8,1900.0
2022-10-21,10.7,10.8,10.7,10.8,30.0
2022-10-24,10.8,10.8,10.05,10.65,1660.0
2022-10-25,10.5,10.5,10.05,10.5,580.0
2022-10-26,10.65,10.65,10.6,10.6,140.0
2022-10-27,10.25,10.65,10.25,10.65,650.0
2022-10-28,10.7,10.7,10.3,10.7,500.0
2022-10-31,10.7,10.9,10.3,10.9,2170.0
2022-11-02,10.8,10.9,10.5,10.85,740.0
2022-11-03,10.6,11.0,10.6,10.8,510.0
2022-11-04,10.6,11.0,10.6,10.65,2300.0
2022-11-07,11.0,11.1,10.95,10.95,2100.0
2022-11-08,11.1,11.1,10.8,10.85,1090.0
2022-11-09,10.7,11.2,10.7,11.2,1150.0
2022-11-10,10.3,11.0,10.3,10.95,11890.0
2022-11-14,11.2,11.2,10.5,11.0,5340.0
2022-11-15,11.0,11.1,10.85,11.1,150.0
2022-11-16,10.5,11.0,10.45,10.9,690.0
2022-11-17,10.9,10.9,10.65,10.9,410.0
2022-11-18,10.4,10.9,10.4,10.9,470.0
2022-11-21,10.9,10.9,10.4,10.45,720.0
2022-11-22,10.9,10.9,10.3,10.6,7740.0
2022-11-23,10.6,10.7,10.6,10.7,920.0
2022-11-24,10.7,10.7,10.4,10.7,1100.0
2022-11-25,10.4,10.8,10.4,10.5,2310.0
2022-11-28,10.5,10.75,10.5,10.7,1620.0
2022-11-29,10.7,10.7,10.6,10.6,10.0
2022-11-30,10.85,10.85,10.7,10.7,1990.0
2022-12-01,11.0,11.0,11.0,11.0,320.0
2022-12-02,11.0,11.0,10.8,10.8,90.0
2022-12-05,10.8,10.8,10.55,10.6,2830.0
2022-12-06,10.9,10.9,10.7,10.7,1130.0
2022-12-07,10.75,10.9,10.65,10.9,310.0
2022-12-08,10.9,11.0,10.55,10.55,520.0
2022-12-09,10.9,10.9,10.55,10.6,3230.0
2022-12-12,10.6,10.7,10.5,10.7,910.0
2022-12-13,10.7,10.7,10.3,10.4,5760.0
2022-12-14,10.6,10.7,10.3,10.4,4670.0
2022-12-15,10.5,10.6,10.4,10.6,5570.0
2022-12-16,10.7,10.7,10.2,10.2,13970.0
2022-12-19,10.2,10.75,10.2,10.7,9670.0
2022-12-20,10.35,10.85,10.35,10.85,8330.0
2022-12-21,10.85,11.15,10.85,11.05,10760.0
2022-12-22,11.05,11.15,11.0,11.15,2400.0
2022-12-23,11.25,11.25,11.05,11.15,5930.0
2022-12-27,11.15,12.0,11.1,11.5,16830.0
2022-12-28,11.2,11.4,11.1,11.2,5940.0
2022-12-29,11.2,11.5,11.1,11.2,3470.0
2022-12-30,11.25,11.35,10.8,11.25,23280.0
2023-01-02,11.5,11.9,11.5,11.8,4520.0
2023-01-03,12.0,12.4,12.0,12.0,6540.0
2023-01-04,12.05,12.25,12.05,12.15,11510.0
2023-01-05,12.15,12.3,12.1,12.2,4100.0
2023-01-09,12.2,12.55,12.2,12.35,13140.0
2023-01-10,12.7,12.7,12.3,12.3,1720.0
2023-01-11,12.2,12.55,12.2,12.25,3900.0
2023-01-12,12.5,12.5,12.1,12.2,560.0
2023-01-13,12.25,12.5,12.25,12.4,560.0
2023-01-16,12.35,12.45,12.3,12.3,3610.0
2023-01-17,12.4,12.4,12.3,12.3,670.0
2023-01-18,12.3,12.5,12.0,12.2,950.0
2023-01-19,12.2,12.5,12.2,12.25,820.0
2023-01-20,12.5,12.5,12.2,12.35,1580.0
2023-01-23,12.3,12.8,12.3,12.55,4080.0
2023-01-24,12.55,12.8,12.4,12.8,2400.0
2023-01-25,12.8,12.8,12.4,12.4,1210.0
2023-01-26,12.7,12.8,12.65,12.8,1430.0
2023-01-27,12.4,12.75,12.4,12.6,4960.0
2023-01-30,12.8,12.8,12.5,12.65,220.0
2023-01-31,12.5,12.8,12.5,12.7,2870.0
2023-02-01,12.85,13.0,12.7,12.75,2970.0
2023-02-02,12.55,12.8,12.5,12.75,770.0
2023-02-03,12.7,12.85,12.7,12.85,630.0
2023-02-06,12.7,12.7,12.5,12.5,360.0
2023-02-07,12.65,12.65,12.5,12.5,460.0
2023-02-08,12.65,12.7,12.4,12.7,2380.0
2023-02-09,12.7,12.75,12.45,12.75,1190.0
2023-02-10,12.8,12.8,12.0,12.6,4800.0
2023-02-13,12.2,12.2,12.2,12.2,340.0
2023-02-14,12.2,12.4,12.0,12.2,4230.0
2023-02-15,12.2,12.4,12.2,12.25,2300.0
2023-02-16,12.35,12.4,12.35,12.35,460.0
2023-02-17,12.4,12.4,12.35,12.4,690.0
2023-02-20,12.4,12.4,12.25,12.3,1090.0
2023-02-21,12.4,12.4,12.3,12.3,310.0
2023-02-22,12.4,12.4,12.2,12.25,2530.0
2023-02-23,12.45,12.45,11.9,11.95,2340.0
2023-02-24,12.35,12.35,12.0,12.15,540.0
2023-02-27,12.05,12.4,12.05,12.2,3400.0
2023-02-28,12.05,12.4,11.9,12.4,3840.0
2023-03-01,12.05,12.45,12.05,12.45,40.0
2023-03-02,12.45,12.45,12.05,12.35,580.0
2023-03-03,12.35,12.35,12.35,12.35,0.0
2023-03-06,12.3,12.45,11.9,12.45,3160.0
2023-03-07,12.45,12.45,11.8,12.0,2670.0
2023-03-08,12.4,12.4,12.0,12.05,540.0
2023-03-09,12.2,12.2,12.2,12.2,2120.0
2023-03-10,12.3,12.45,12.0,12.0,3570.0
2023-03-13,12.0,12.3,11.75,11.75,2060.0
2023-03-14,11.65,12.2,11.3,12.0,6270.0
2023-03-15,11.95,11.95,11.65,11.65,1270.0
2023-03-16,11.5,11.8,11.4,11.75,2110.0
2023-03-17,11.75,11.75,11.3,11.75,1180.0
2023-03-20,11.5,11.7,11.35,11.35,1670.0
2023-03-21,11.6,11.85,11.5,11.5,830.0
2023-03-22,11.5,11.8,11.5,11.6,110.0
2023-03-23,11.8,11.8,11.4,11.4,0.0
2023-03-24,11.2,11.3,11.05,11.05,1710.0
2023-03-27,11.4,11.7,11.2,11.7,1490.0
2023-03-28,11.7,11.8,11.7,11.8,460.0
2023-03-29,11.85,11.85,11.7,11.8,360.0
2023-03-30,11.9,12.2,11.75,12.15,1930.0
2023-03-31,12.15,12.45,11.75,12.35,410.0
2023-04-03,12.35,12.35,11.85,12.35,1870.0
2023-04-04,12.35,12.35,11.75,12.3,70.0
2023-04-05,12.3,12.3,12.3,12.3,0.0
2023-04-06,12.3,12.4,12.3,12.4,1000.0
2023-04-11,12.45,12.55,12.0,12.55,1650.0
2023-04-12,12.5,12.5,12.0,12.1,1670.0
2023-04-13,12.15,12.15,12.15,12.15,80.0
2023-04-14,12.1,12.3,12.1,12.25,230.0
2023-04-17,12.55,12.55,12.1,12.1,800.0
2023-04-18,12.1,12.35,12.1,12.3,1040.0
2023-04-19,12.3,12.3,12.2,12.2,430.0
2023-04-20,12.25,12.35,12.1,12.2,2660.0
2023-04-21,12.05,12.05,11.9,11.9,1470.0
2023-04-24,11.9,11.9,11.8,11.8,1390.0
2023-04-25,11.7,11.95,11.5,11.5,5270.0
2023-04-26,11.9,12.0,11.9,11.95,650.0
2023-04-27,11.95,11.95,11.85,11.85,10.0
2023-04-28,11.85,11.9,11.75,11.8,470.0
2023-05-02,11.75,11.95,11.25,11.55,2130.0
2023-05-04,11.65,11.8,11.55,11.65,1200.0
2023-05-05,11.8,12.0,11.8,11.8,1570.0
2023-05-08,11.8,11.95,11.75,11.95,1160.0
2023-05-09,12.0,12.0,11.6,11.9,800.0
2023-05-10,11.9,11.9,11.85,11.85,20.0
2023-05-11,11.95,12.3,11.85,12.3,5780.0
2023-05-12,12.35,12.65,12.0,12.05,1150.0
2023-05-15,12.1,12.4,11.8,11.8,770.0
2023-05-16,11.9,12.0,11.7,11.7,730.0
2023-05-17,11.8,11.85,11.7,11.85,2240.0
2023-05-18,11.85,11.85,11.55,11.6,1300.0
2023-05-19,11.6,11.65,11.4,11.45,2440.0
2023-05-22,11.35,11.9,11.35,11.4,1540.0
2023-05-23,11.4,11.65,11.4,11.45,1090.0
2023-05-24,11.4,11.45,11.4,11.4,2450.0
2023-05-25,11.25,11.3,11.25,11.3,550.0
2023-05-26,11.2,11.55,11.2,11.2,530.0
2023-05-29,11.2,11.55,11.2,11.35,150.0
2023-05-30,11.65,11.65,11.5,11.5,250.0
2023-05-31,11.4,11.4,11.35,11.35,10.0
2023-06-01,11.4,11.5,11.3,11.5,880.0
2023-06-02,11.4,11.7,11.4,11.5,1850.0
2023-06-05,11.5,11.8,11.35,11.35,780.0
2023-06-06,11.6,11.6,11.6,11.6,440.0
2023-06-07,11.4,11.4,11.4,11.4,560.0
2023-06-09,11.4,11.4,11.4,11.4,40.0
2023-06-12,11.4,11.4,11.3,11.3,1570.0
2023-06-13,11.3,11.3,10.2,10.75,17810.0
2023-06-14,10.8,10.9,10.8,10.8,1790.0
2023-06-15,10.75,10.75,10.65,10.75,2420.0
2023-06-16,10.95,11.0,10.85,10.85,1010.0
2023-06-19,10.85,11.0,10.85,11.0,710.0
2023-06-20,11.0,11.0,10.9,10.9,450.0
2023-06-21,11.0,11.25,10.85,11.25,9870.0
2023-06-22,11.3,12.0,11.3,11.85,7520.0
2023-06-23,12.0,13.5,12.0,13.45,72250.0
2023-06-26,13.65,14.45,13.2,14.2,44020.0
2023-06-27,14.2,14.25,13.1,13.2,13760.0
2023-06-28,13.45,13.45,12.9,13.1,12130.0
2023-06-29,12.9,13.1,12.85,12.95,5780.0
2023-06-30,13.35,13.35,12.95,13.05,3270.0
2023-07-03,13.35,13.5,13.0,13.4,4300.0
2023-07-04,13.6,13.6,13.1,13.4,3310.0
2023-07-05,13.4,13.4,12.95,13.0,4270.0
2023-07-06,12.7,13.0,12.5,13.0,7390.0
2023-07-07,13.0,13.0,12.5,12.5,2210.0
2023-07-10,12.95,12.95,12.5,12.85,1120.0
2023-07-11,12.6,12.7,12.4,12.7,1510.0
2023-07-12,12.5,12.95,11.5,12.95,6320.0
2023-07-13,12.95,12.95,12.15,12.6,4660.0
2023-07-14,12.45,12.9,12.3,12.65,3590.0
2023-07-17,12.7,12.9,12.6,12.8,6310.0
2023-07-18,12.5,12.9,12.5,12.8,190.0
2023-07-19,12.8,13.3,12.5,12.9,6010.0
2023-07-20,12.35,12.9,12.35,12.8,3730.0
2023-07-21,12.9,12.9,12.6,12.8,1000.0
2023-07-24,12.85,12.9,12.6,12.85,410.0
2023-07-25,12.65,12.9,12.65,12.9,190.0
2023-07-26,12.65,12.85,12.65,12.75,240.0
2023-07-27,12.75,12.75,12.5,12.5,2340.0
2023-07-28,12.75,12.75,12.5,12.65,170.0
2023-07-31,12.7,12.7,12.45,12.65,4260.0
2023-08-01,12.65,13.0,12.5,13.0,3550.0
2023-08-02,13.0,13.0,12.25,12.8,7090.0
2023-08-03,12.8,12.8,12.65,12.8,630.0
2023-08-04,12.55,12.75,12.4,12.55,890.0
2023-08-07,12.55,12.55,12.4,12.4,1410.0
2023-08-08,12.4,12.75,12.15,12.3,2400.0
2023-08-09,12.15,12.65,12.15,12.6,510.0
2023-08-10,12.3,12.65,12.3,12.6,230.0
2023-08-11,12.6,12.6,12.6,12.6,20.0
2023-08-14,12.7,12.8,12.1,12.1,1350.0
2023-08-16,12.4,12.4,12.4,12.4,0.0
2023-08-17,12.5,12.8,12.45,12.5,2840.0
2023-08-18,12.5,12.65,12.3,12.3,2230.0
2023-08-21,12.35,12.75,12.35,12.7,260.0
2023-08-22,12.35,12.7,12.2,12.7,1010.0
2023-08-23,12.3,12.45,11.8,11.8,7100.0
2023-08-24,11.85,12.25,11.85,12.25,340.0
2023-08-25,12.25,12.7,12.2,12.45,910.0
2023-08-28,12.45,12.5,12.2,12.2,1880.0
2023-08-29,12.2,12.55,12.2,12.2,440.0
2023-08-30,12.2,12.3,12.0,12.0,1860.0
2023-08-31,12.0,12.7,12.0,12.7,3760.0
2023-09-01,12.7,12.8,12.1,12.6,2960.0
2023-09-04,12.6,12.6,12.55,12.6,10.0
2023-09-05,12.6,12.6,12.5,12.55,3620.0
2023-09-06,12.5,12.5,12.25,12.45,80.0
2023-09-07,12.35,12.6,12.35,12.35,3230.0
2023-09-08,12.35,12.6,12.35,12.5,1380.0
2023-09-11,12.5,12.6,12.4,12.6,2940.0
2023-09-12,12.3,12.35,12.05,12.25,2230.0
2023-09-13,12.25,12.45,12.25,12.45,290.0
2023-09-14,12.45,12.5,12.45,12.5,150.0
2023-09-15,12.55,12.8,12.45,12.8,290.0
2023-09-18,12.7,12.7,12.7,12.7,10.0
2023-09-19,12.7,12.7,12.5,12.6,220.0
2023-09-20,12.7,12.7,12.25,12.55,2320.0
2023-09-21,12.55,12.7,12.2,12.7,1750.0
2023-09-22,12.6,12.7,12.3,12.3,680.0
2023-09-25,12.4,12.4,12.35,12.35,150.0
2023-09-26,12.5,12.6,12.45,12.6,4130.0
2023-09-27,12.5,12.5,12.25,12.45,580.0
2023-09-28,12.35,12.35,12.2,12.25,410.0
2023-09-29,12.45,12.6,12.25,12.55,120.0
2023-10-02,12.3,12.95,12.3,12.7,10980.0
2023-10-03,12.7,12.7,12.6,12.6,40.0
2023-10-04,12.8,13.0,12.45,12.6,120.0
2023-10-05,12.45,12.95,12.45,12.65,300.0
2023-10-06,12.8,12.8,12.35,12.35,340.0
2023-10-09,12.6,12.7,12.5,12.5,30.0
2023-10-10,12.7,12.7,12.4,12.7,4390.0
2023-10-11,12.7,12.7,12.6,12.7,510.0
2023-10-12,12.6,12.6,12.5,12.55,230.0
2023-10-13,12.45,12.7,12.35,12.7,560.0
2023-10-16,12.7,13.4,12.65,12.65,3560.0
2023-10-17,12.6,12.7,12.6,12.7,3640.0
2023-10-18,12.7,12.95,12.7,12.95,630.0
2023-10-19,12.85,12.9,12.15,12.4,4560.0
2023-10-20,12.55,12.65,12.55,12.65,100.0
2023-10-23,12.65,12.65,12.35,12.45,400.0
2023-10-24,12.65,12.65,12.65,12.65,140.0
2023-10-25,12.7,12.7,12.45,12.45,70.0
2023-10-26,12.7,12.7,12.7,12.7,140.0
2023-10-27,12.1,12.6,12.1,12.4,1200.0
2023-10-30,12.6,12.6,12.35,12.6,640.0
2023-10-31,12.3,12.5,12.0,12.1,4510.0
2023-11-02,11.8,12.3,11.8,12.25,2370.0
2023-11-03,12.25,12.4,12.25,12.35,810.0
2023-11-06,12.3,12.3,12.2,12.3,2480.0
2023-11-07,12.2,12.2,12.0,12.0,6530.0
2023-11-08,12.0,12.25,11.9,11.95,4650.0
2023-11-09,11.95,12.0,11.4,11.95,3550.0
2023-11-10,11.75,11.85,11.5,11.85,3660.0
2023-11-13,11.75,12.4,11.75,12.25,3250.0
2023-11-14,12.15,12.3,11.9,12.3,1520.0
2023-11-15,12.0,12.4,12.0,12.15,2980.0
2023-11-16,12.05,12.15,12.05,12.15,190.0
2023-11-17,12.25,12.4,12.0,12.25,300.0
2023-11-20,12.3,12.3,12.1,12.15,700.0
2023-11-21,12.25,12.3,12.0,12.25,1450.0
2023-11-22,12.25,12.3,11.6,11.95,4320.0
2023-11-23,11.95,12.0,11.65,11.85,480.0
2023-11-24,11.95,12.25,11.9,11.9,1850.0
2023-11-27,12.1,12.1,12.0,12.0,600.0
2023-11-28,12.1,12.1,11.9,12.0,510.0
2023-11-29,11.85,12.0,11.8,12.0,1130.0
2023-11-30,12.2,12.2,12.0,12.0,440.0
2023-12-01,12.15,12.2,11.85,12.2,4680.0
2023-12-04,12.2,12.3,12.0,12.15,770.0
2023-12-05,12.0,12.15,11.75,11.9,1260.0
2023-12-06,12.05,12.15,12.0,12.0,2120.0
2023-12-07,12.0,12.1,12.0,12.1,1930.0
2023-12-08,12.1,12.2,12.0,12.0,360.0
2023-12-11,12.0,12.2,11.9,12.0,1980.0
2023-12-12,11.95,12.2,11.95,12.2,270.0
2023-12-13,12.1,12.1,12.0,12.0,260.0
2023-12-14,12.1,12.2,11.7,12.0,5030.0
2023-12-15,12.1,12.2,12.0,12.2,1300.0
2023-12-18,12.1,12.3,11.9,12.3,2990.0
2023-12-19,12.25,12.35,11.7,12.35,4510.0
2023-12-20,12.0,12.3,12.0,12.15,950.0
2023-12-21,12.15,12.25,12.05,12.1,1740.0
2023-12-22,11.9,12.0,11.8,11.95,2940.0
2023-12-27,11.95,12.15,11.85,11.9,2760.0
2023-12-28,11.8,12.2,11.8,12.15,3640.0
2023-12-29,12.15,12.2,12.0,12.2,1170.0
2024-01-02,12.2,12.3,12.0,12.3,4530.0
2024-01-03,12.3,12.3,12.0,12.25,670.0
2024-01-04,12.25,12.25,12.0,12.0,430.0
2024-01-05,12.2,12.2,12.0,12.2,4990.0
2024-01-08,12.2,12.2,11.9,11.9,680.0
2024-01-09,12.2,12.2,11.9,11.9,410.0
2024-01-10,11.9,12.05,11.8,12.05,1750.0
2024-01-11,12.05,12.05,11.85,12.0,2060.0
2024-01-12,12.05,12.1,11.85,11.85,3100.0
2024-01-15,11.85,12.3,11.85,11.95,2100.0
2024-01-16,12.2,12.25,12.05,12.05,170.0
2024-01-17,11.9,12.1,11.8,12.05,390.0
2024-01-18,11.9,12.0,11.6,11.8,2960.0
2024-01-19,11.8,11.95,11.8,11.95,30.0
2024-01-22,11.95,12.0,11.95,11.95,1830.0
2024-01-23,11.9,11.9,11.75,11.8,1160.0
2024-01-25,11.85,11.95,11.8,11.8,220.0
2024-01-29,11.95,11.95,11.8,11.95,1740.0
2024-01-30,11.95,12.0,11.95,11.95,1010.0
2024-01-31,12.0,12.0,11.9,11.9,340.0
2024-02-01,11.95,12.0,11.85,12.0,1400.0
2024-02-02,12.0,12.0,11.9,12.0,2270.0
2024-02-05,11.9,12.0,11.8,12.0,1780.0
2024-02-06,12.0,12.0,11.8,12.0,810.0
2024-02-07,11.8,11.85,11.8,11.8,50.0
2024-02-08,11.8,12.0,11.8,11.9,5390.0
2024-02-09,11.9,12.0,11.6,12.0,7750.0
2024-02-12,11.8,11.9,11.75,11.75,640.0
2024-02-13,11.75,11.9,11.75,11.75,740.0
2024-02-14,11.75,11.85,11.6,11.6,1600.0
2024-02-15,11.6,12.0,11.6,11.7,4080.0
2024-02-16,11.65,11.95,11.65,11.7,1000.0
2024-02-19,11.9,11.95,11.65,11.8,2660.0
2024-02-20,11.8,11.8,11.6,11.8,1180.0
2024-02-21,11.7,11.9,11.55,11.65,4460.0
2024-02-22,11.7,11.85,11.65,11.7,980.0
2024-02-23,11.65,11.8,11.6,11.8,3290.0
2024-02-26,11.7,11.95,11.7,11.95,2390.0
2024-02-27,11.8,11.95,11.65,11.9,2320.0
2024-02-28,11.95,11.95,11.65,11.85,2400.0
2024-02-29,11.8,11.8,11.8,11.8,460.0
2024-03-01,11.85,11.95,11.8,11.9,830.0
2024-03-04,11.8,11.9,11.75,11.75,520.0
2024-03-05,11.7,11.95,11.65,11.95,2550.0
2024-03-06,11.85,11.85,11.6,11.65,1460.0
2024-03-07,11.65,11.8,11.55,11.75,2210.0
2024-03-08,11.6,11.9,11.6,11.75,790.0
2024-03-11,11.65,12.0,11.65,11.75,320.0
2024-03-12,11.9,11.9,11.65,11.9,760.0
2024-03-13,11.9,11.9,11.7,11.9,640.0
2024-03-14,11.7,11.9,11.55,11.8,4630.0
2024-03-15,11.65,11.7,11.65,11.65,2130.0
2024-03-18,11.7,11.85,11.5,11.55,1970.0
2024-03-19,11.75,11.75,11.5,11.55,410.0
2024-03-20,11.75,11.8,11.55,11.7,6070.0
2024-03-21,11.8,11.8,11.65,11.65,500.0
2024-03-22,11.8,11.8,11.55,11.65,1000.0
2024-03-25,11.55,11.75,11.5,11.75,4120.0
2024-03-26,11.75,11.8,11.55,11.8,820.0
2024-03-27,11.75,11.9,11.75,11.9,4840.0
2024-03-28,11.8,11.85,11.65,11.65,1470.0
2024-04-02,11.65,11.7,11.65,11.7,740.0
2024-04-03,11.8,11.85,11.7,11.7,810.0
2024-04-04,11.7,11.85,11.7,11.85,1200.0
2024-04-05,11.85,11.85,11.5,11.55,970.0
2024-04-08,11.55,11.55,11.45,11.45,3700.0
2024-04-09,11.65,11.7,11.55,11.7,240.0
2024-04-10,11.7,11.7,11.5,11.7,450.0
2024-04-11,11.55,11.65,11.1,11.55,2800.0
2024-04-12,11.55,11.6,11.0,11.15,4360.0
2024-04-15,11.15,11.15,11.15,11.15,1180.0
2024-04-16,11.15,11.15,11.05,11.15,970.0
2024-04-17,11.15,11.15,11.0,11.15,1450.0
2024-04-18,11.15,11.15,11.1,11.15,400.0
2024-04-19,11.05,11.05,11.0,11.0,1160.0
2024-04-22,11.0,11.35,11.0,11.25,720.0
2024-04-23,11.3,11.3,11.05,11.3,860.0
2024-04-24,11.35,11.45,11.0,11.15,700.0
2024-04-25,11.0,11.3,10.95,11.15,360.0
2024-04-26,11.05,11.25,11.05,11.25,190.0
2024-04-29,11.25,11.3,11.25,11.3,150.0
2024-04-30,11.1,11.45,10.7,11.45,5510.0
2024-05-02,11.45,11.55,11.0,11.55,1540.0
2024-05-06,11.55,11.6,11.25,11.5,3210.0
2024-05-07,11.35,11.5,11.15,11.4,400.0
2024-05-08,11.4,11.75,11.4,11.5,3450.0
2024-05-09,11.5,11.6,11.35,11.35,220.0
2024-05-10,11.5,11.5,11.5,11.5,120.0
2024-05-13,11.5,11.5,11.45,11.5,410.0
2024-05-14,11.25,11.6,11.25,11.5,540.0
2024-05-15,11.4,11.5,11.4,11.5,990.0
2024-05-16,11.5,11.6,11.4,11.45,5430.0
2024-05-17,11.35,11.6,11.35,11.6,3810.0
2024-05-20,11.55,11.65,11.35,11.65,4490.0
2024-05-21,11.7,11.7,11.4,11.4,650.0
2024-05-22,11.45,11.5,11.35,11.35,1130.0
2024-05-23,11.45,11.5,11.3,11.3,1970.0
2024-05-24,11.45,11.7,11.3,11.35,1480.0
2024-05-27,11.6,11.6,11.3,11.5,60.0
2024-05-28,11.5,11.7,11.5,11.7,2270.0
2024-05-29,11.7,11.7,11.35,11.35,220.0
2024-05-31,11.65,11.65,11.35,11.35,670.0
2024-06-03,11.4,11.55,11.4,11.4,210.0
2024-06-04,11.45,11.5,11.45,11.5,590.0
2024-06-05,11.5,11.5,11.5,11.5,390.0
2024-06-06,11.35,11.45,11.35,11.45,280.0
2024-06-07,11.5,11.5,11.5,11.5,140.0
2024-06-10,11.4,11.4,11.4,11.4,0.0
2024-06-11,11.4,11.4,11.0,11.05,1030.0
2024-06-12,11.1,11.1,11.05,11.1,1130.0
2024-06-13,11.05,11.1,11.0,11.05,1450.0
2024-06-14,11.0,11.2,11.0,11.0,630.0
2024-06-17,11.0,11.1,10.7,11.1,1060.0
2024-06-18,11.1,11.15,11.05,11.15,260.0
2024-06-19,11.15,11.2,11.15,11.15,110.0
2024-06-20,10.95,11.2,10.95,10.95,570.0
2024-06-21,10.85,11.4,10.85,11.4,5040.0
2024-06-24,10.95,11.3,10.95,11.3,1320.0
2024-06-25,11.05,11.25,11.05,11.05,30.0
2024-06-26,11.25,11.3,10.85,11.25,740.0
2024-06-27,11.0,11.15,10.9,11.0,10.0
2024-06-28,11.25,11.3,11.2,11.2,290.0
2024-07-01,11.3,11.3,11.05,11.3,420.0
2024-07-02,11.05,11.3,11.05,11.2,1010.0
2024-07-03,11.2,11.2,11.0,11.0,470.0
2024-07-04,11.0,11.25,11.0,11.25,580.0
2024-07-05,11.25,11.25,10.95,11.2,700.0
2024-07-08,11.2,11.3,11.2,11.3,210.0
2024-07-09,11.1,11.3,11.0,11.1,4460.0
2024-07-10,11.3,11.3,11.1,11.1,360.0
2024-07-11,11.3,11.3,9.52,10.65,21890.0
2024-07-12,10.4,10.65,10.25,10.4,980.0
2024-07-15,10.5,10.6,10.2,10.3,1470.0
2024-07-16,10.3,10.55,10.3,10.5,520.0
2024-07-17,10.5,10.55,10.45,10.5,140.0
2024-07-18,10.5,10.6,10.35,10.6,2170.0
2024-07-19,10.6,10.65,10.25,10.65,2870.0
2024-07-22,10.65,10.65,10.4,10.6,320.0
2024-07-23,10.6,10.65,10.3,10.65,270.0
2024-07-24,10.45,10.6,10.45,10.6,460.0
2024-07-25,10.55,10.55,9.5,10.1,8680.0
2024-07-26,10.0,10.3,9.54,9.8,3190.0
2024-07-29,9.94,10.0,9.9,9.98,880.0
2024-07-30,9.98,9.98,9.96,9.98,920.0
2024-07-31,9.98,10.2,9.98,10.2,330.0
2024-08-01,10.35,11.3,10.3,10.8,4240.0
2024-08-02,10.7,10.8,10.2,10.75,1550.0
2024-08-05,10.25,10.5,10.0,10.15,1490.0
2024-08-06,10.0,10.3,10.0,10.2,2790.0
2024-08-07,10.45,10.45,10.0,10.3,670.0
2024-08-08,10.2,10.3,10.1,10.3,4340.0
2024-08-09,10.4,10.4,10.35,10.35,510.0
2024-08-12,10.35,10.35,10.1,10.25,720.0
2024-08-13,10.35,10.35,10.0,10.0,1000.0
2024-08-14,10.0,10.15,10.0,10.0,870.0
2024-08-16,10.2,10.2,10.0,10.2,30.0
2024-08-19,10.3,10.3,10.25,10.3,1320.0
2024-08-20,10.35,10.35,10.35,10.35,20.0
2024-08-21,10.2,10.45,10.2,10.3,910.0
2024-08-22,10.15,10.4,10.0,10.4,250.0
2024-08-23,10.4,10.4,10.2,10.2,250.0
2024-08-26,10.0,10.2,9.9,9.9,1320.0
2024-08-27,9.82,10.0,9.82,9.96,1340.0
2024-08-28,9.98,10.05,9.8,9.86,1130.0
2024-08-29,9.9,9.9,9.84,9.86,1280.0
2024-08-30,10.15,10.15,10.1,10.1,210.0
2024-09-02,10.0,10.2,10.0,10.0,700.0
2024-09-03,9.94,10.15,9.92,10.0,770.0
2024-09-04,9.96,10.05,9.96,9.98,380.0
2024-09-05,9.98,10.2,9.96,10.2,670.0
2024-09-06,9.96,10.2,9.96,10.0,1080.0
2024-09-09,9.98,10.05,9.9,9.92,1550.0
2024-09-10,10.15,10.2,10.1,10.2,1010.0
2024-09-11,9.94,10.0,9.5,10.0,4980.0
2024-09-12,10.1,10.4,10.0,10.35,7050.0
2024-09-13,10.35,10.4,10.1,10.3,2009.9999999999998
2024-09-16,10.2,10.3,9.9,9.9,1200.0
2024-09-17,10.1,10.1,9.9,10.1,380.0
2024-09-18,10.1,10.1,10.1,10.1,110.0
2024-09-19,9.9,10.2,9.9,10.15,230.0
2024-09-20,10.2,10.2,9.96,10.1,670.0
2024-09-23,10.2,10.2,9.94,9.94,590.0
2024-09-24,9.94,10.15,9.86,10.1,2330.0
2024-09-25,10.2,10.2,9.94,10.15,180.0
2024-09-26,10.15,10.2,9.82,10.2,580.0
2024-09-27,10.2,10.2,10.1,10.1,710.0
2024-09-30,9.96,10.1,9.9,10.1,680.0
2024-10-01,10.1,10.1,9.96,10.0,1350.0
2024-10-02,9.92,9.92,9.8,9.92,2320.0
2024-10-03,9.9,9.92,9.84,9.92,870.0
2024-10-04,9.84,9.84,9.82,9.82,620.0
2024-10-07,9.82,10.0,9.8,9.98,1250.0
2024-10-08,9.84,9.84,9.8,9.8,130.0
2024-10-09,9.8,10.0,9.8,10.0,110.0
2024-10-10,9.98,9.98,9.98,9.98,150.0
2024-10-11,9.96,9.98,9.7,9.82,600.0
2024-10-14,9.98,9.98,9.82,9.82,650.0
2024-10-15,9.78,9.9,9.78,9.78,130.0
2024-10-16,9.78,9.78,9.6,9.64,1380.0
2024-10-17,9.64,9.64,9.6,9.62,970.0
2024-10-18,9.64,9.7,9.54,9.6,730.0
2024-10-21,9.7,9.7,9.2,9.32,9470.0
2024-10-22,9.32,9.64,9.32,9.54,1760.0
2024-10-23,9.54,9.6,9.42,9.42,350.0
2024-10-24,9.54,9.64,9.34,9.34,750.0
2024-10-25,9.62,9.62,9.36,9.62,610.0
2024-10-28,9.62,9.9,9.62,9.74,1660.0
2024-10-29,9.74,9.8,9.5,9.8,1350.0
2024-10-30,9.8,9.86,9.6,9.62,260.0
2024-10-31,9.6,9.86,9.6,9.86,30.0
2024-11-04,9.86,9.86,9.64,9.64,290.0
2024-11-05,9.68,9.68,9.32,9.5,1390.0
2024-11-06,9.46,9.66,9.46,9.66,1160.0
2024-11-07,9.6,9.66,9.6,9.66,740.0
2024-11-08,9.64,9.68,9.56,9.56,1020.0
2024-11-12,9.56,9.68,9.56,9.68,130.0
2024-11-13,9.68,9.68,9.54,9.68,5680.0
2024-11-14,9.5,9.5,9.36,9.5,1000.0
2024-11-15,9.4,9.66,8.74,9.02,4000.0
2024-11-18,9.1,9.3,9.02,9.02,380.0
2024-11-19,8.92,9.08,8.92,9.08,5010.0
2024-11-20,9.06,9.08,9.06,9.08,350.0
2024-11-21,9.1,9.3,9.06,9.26,60.0
2024-11-22,9.08,9.26,9.0,9.26,90.0
2024-11-25,9.02,9.06,9.0,9.06,3060.0
2024-11-26,9.2,9.2,9.1,9.1,210.0
2024-11-27,9.08,9.1,8.8,8.8,2910.0
2024-11-28,8.8,8.82,8.8,8.82,5540.0
2024-11-29,8.74,8.82,8.74,8.82,1050.0
2024-12-02,8.82,8.82,8.74,8.82,2280.0
2024-12-03,8.74,8.8,8.74,8.8,340.0
2024-12-04,8.8,8.8,8.76,8.76,970.0
2024-12-05,8.8,8.8,8.8,8.8,540.0
2024-12-06,8.8,9.0,8.74,8.98,2580.0
2024-12-09,9.0,9.1,8.8,9.1,4680.0
2024-12-10,9.1,9.1,8.82,9.1,260.0
2024-12-11,9.1,9.1,8.7,9.0,2440.0
2024-12-12,9.0,9.0,8.7,8.84,3460.0
2024-12-13,8.84,9.1,8.82,8.82,2520.0
2024-12-16,8.78,9.08,7.92,7.92,37550.0
2024-12-17,7.92,8.18,7.82,7.92,13100.0
2024-12-18,7.82,8.08,7.8,7.8,4550.0
2024-12-19,8.0,8.0,7.36,7.36,16600.0
2024-12-20,7.5,7.58,6.76,6.8,19480.0
2024-12-23,6.8,7.1,6.8,7.08,15610.0
2024-12-27,7.08,7.12,6.82,6.82,12570.0
2024-12-30,7.0,7.16,6.94,7.04,6700.0
2025-01-02,7.04,7.3,6.98,7.1,15570.0
2025-01-03,7.2,7.2,6.96,6.96,15100.0
2025-01-07,7.1,7.2,6.9,7.18,6770.0
2025-01-08,7.18,7.4,7.04,7.38,3570.0
2025-01-09,7.38,7.44,7.1,7.34,5390.0
2025-01-10,7.48,7.84,7.4,7.4,4300.0
2025-01-13,7.5,7.66,7.34,7.52,3680.0
2025-01-14,7.38,7.52,7.14,7.32,5390.0
2025-01-15,7.4,7.68,7.32,7.56,4830.0
2025-01-16,7.5,7.56,7.4,7.56,1290.0
2025-01-17,7.56,7.66,7.56,7.64,1140.0
2025-01-20,7.9,8.2,7.76,8.16,7320.0
2025-01-21,8.5,8.56,8.4,8.56,9150.0
2025-01-22,8.56,8.8,8.56,8.78,1800.0
2025-01-23,8.78,8.94,8.66,8.88,1710.0
2025-01-24,8.88,9.22,8.76,9.22,6710.0
2025-01-27,9.22,9.22,9.02,9.2,3940.0
2025-01-28,8.8,9.18,8.7,8.8,11120.0
2025-01-29,9.0,9.2,9.0,9.2,3480.0
2025-01-30,9.2,9.2,9.04,9.18,2510.0
2025-01-31,9.18,9.18,8.8,8.92,3210.0
2025-02-03,9.0,9.1,9.0,9.08,4160.0
2025-02-04,9.06,9.18,8.92,9.16,1110.0
2025-02-05,9.18,9.18,8.92,9.12,700.0
2025-02-06,9.14,9.34,8.98,8.98,4860.0
2025-02-07,9.06,9.14,9.0,9.12,690.0
2025-02-10,9.14,9.14,9.02,9.06,430.0
2025-02-11,9.02,9.18,9.02,9.1,2009.9999999999998
2025-02-12,9.1,9.12,9.0,9.0,2500.0
2025-02-13,9.1,9.18,9.02,9.02,1030.0
2025-02-14,9.02,9.14,9.0,9.02,1380.0
2025-02-17,9.04,9.18,9.0,9.0,1110.0
2025-02-18,9.14,9.76,9.0,9.44,4090.0
2025-02-19,9.24,10.0,9.24,9.5,7260.0
2025-02-20,9.36,9.6,9.3,9.3,580.0
2025-02-21,9.48,9.7,9.36,9.44,1410.0
2025-02-24,9.44,9.96,9.2,9.3,2500.0
2025-02-25,9.64,9.64,9.4,9.6,2110.0
2025-02-26,9.4,9.64,9.2,9.2,2640.0
2025-02-27,9.4,9.6,9.26,9.4,1430.0
2025-02-28,9.4,9.48,9.3,9.32,1300.0
2025-03-03,9.46,9.48,9.32,9.44,390.0
2025-03-04,9.44,9.44,9.04,9.14,2100.0
2025-03-05,9.14,9.42,9.14,9.4,920.0
2025-03-06,9.42,9.42,9.4,9.4,230.0
2025-03-07,9.4,9.58,9.1,9.58,1560.0
2025-03-10,9.3,9.46,9.3,9.46,1660.0
2025-03-11,9.46,9.48,9.3,9.3,410.0
2025-03-12,9.46,9.5,9.3,9.3,1490.0
2025-03-13,9.44,9.44,9.3,9.3,350.0
2025-03-14,9.3,9.4,9.22,9.4,2440.0
2025-03-17,9.48,9.5,9.32,9.4,2120.0
2025-03-18,9.46,9.66,9.3,9.5,6310.0
2025-03-19,9.64,9.8,9.44,9.78,880.0
2025-03-20,9.78,9.78,9.42,9.72,1070.0
2025-03-21,9.74,9.74,9.42,9.42,2980.0
2025-03-24,9.42,9.56,9.42,9.44,1760.0
2025-03-25,9.4,9.54,9.3,9.4,6520.0
2025-03-26,9.3,9.48,9.3,9.36,120.0
2025-03-27,9.38,9.38,9.22,9.22,1180.0
2025-03-28,9.22,9.4,9.22,9.4,590.0
2025-03-31,9.38,9.38,9.2,9.36,1130.0
2025-04-01,9.4,9.5,9.26,9.4,1590.0
2025-04-02,9.28,9.28,8.94,8.96,8640.0
2025-04-03,9.0,9.06,8.8,8.8,2009.9999999999998
2025-04-04,8.74,9.0,8.72,9.0,2230.0
2025-04-07,9.06,9.1,8.16,8.4,13550.0
2025-04-08,8.4,8.66,8.4,8.52,1780.0
2025-04-09,8.5,8.7,8.5,8.54,1670.0
2025-04-10,8.66,9.0,8.66,8.74,6170.0
2025-04-11,8.9,8.94,8.74,8.74,1590.0
2025-04-14,8.76,8.76,8.7,8.7,600.0
2025-04-15,8.7,8.76,8.68,8.76,60.0
2025-04-16,8.76,8.76,8.76,8.76,260.0
2025-04-17,8.76,9.04,8.76,8.84,2710.0
2025-04-22,8.84,9.18,8.84,9.02,1650.0
2025-04-23,9.12,9.12,9.02,9.12,50.0
2025-04-24,9.12,9.14,8.94,9.1,1310.0
2025-04-25,9.0,9.1,8.82,8.94,1790.0
2025-04-28,8.94,9.1,8.8,9.0,3340.0
2025-04-29,8.98,8.98,8.8,8.8,4500.0
2025-04-30,8.88,9.1,8.8,8.86,2830.0
2025-05-02,9.04,9.22,8.9,8.98,3810.0
2025-05-05,8.94,9.1,8.92,8.94,1430.0
2025-05-06,9.08,9.08,8.92,9.0,1620.0
2025-05-07,8.96,9.06,8.92,9.02,4220.0
2025-05-08,9.04,9.2,9.0,9.18,1400.0
2025-05-09,9.18,9.18,8.98,9.12,3240.0
2025-05-12,9.12,9.18,8.92,9.14,4740.0
2025-05-13,9.14,9.24,9.02,9.04,2360.0
2025-05-14,9.08,9.2,9.08,9.14,600.0
2025-05-15,9.14,9.18,9.04,9.14,1180.0
2025-05-16,9.14,9.14,9.02,9.02,1180.0
2025-05-19,9.0,9.14,9.0,9.08,220.0
2025-05-20,9.08,9.1,9.0,9.1,370.0
2025-05-21,9.1,9.16,9.0,9.0,1310.0
2025-05-22,9.16,9.18,9.06,9.14,2860.0
2025-05-23,9.14,9.18,8.8,9.18,4990.0
2025-05-26,9.18,9.2,9.0,9.04,4840.0
2025-05-27,9.04,9.18,9.04,9.18,340.0
2025-05-28,9.18,9.18,9.0,9.18,2170.0
2025-05-29,9.16,9.16,9.06,9.14,990.0
2025-05-30,9.04,9.14,8.84,9.0,3030.0
2025-06-02,9.0,9.12,9.0,9.1,60.0
2025-06-03,9.1,9.1,8.9,9.08,350.0
2025-06-04,9.08,9.08,8.94,9.06,160.0
2025-06-05,9.06,9.06,8.96,8.96,60.0
2025-06-06,9.08,9.08,9.08,9.08,350.0
2025-06-09,8.96,9.1,8.96,9.1,570.0
2025-06-10,9.1,9.1,8.94,9.1,270.0
2025-06-11,8.94,9.0,8.94,9.0,410.0
2025-06-12,8.94,9.1,8.8,9.1,580.0
2025-06-13,9.1,9.1,8.82,9.0,70.0
2025-06-16,9.0,9.1,8.84,8.84,110.0
2025-06-17,9.08,9.1,9.08,9.1,180.0
2025-06-18,9.0,9.04,8.88,9.04,3180.0
2025-06-20,9.1,9.18,8.94,9.08,4750.0
2025-06-23,9.04,9.04,9.0,9.04,240.0
2025-06-24,9.0,9.1,8.9,9.1,790.0
2025-06-25,9.1,9.1,8.94,9.0,290.0
2025-06-26,9.08,9.18,8.9,9.18,2020.0
2025-06-27,9.18,9.18,9.1,9.1,50.0
2025-06-30,8.92,9.18,8.92,9.1,690.0
2025-07-01,9.12,9.18,9.02,9.18,110.0
2025-07-02,9.18,9.2,9.18,9.18,520.0
2025-07-03,9.18,9.2,9.04,9.2,1380.0
2025-07-04,9.2,9.2,9.02,9.02,600.0
2025-07-07,9.1,9.18,9.0,9.02,100.0
2025-07-08,9.02,9.18,9.0,9.18,1080.0
2025-07-09,9.04,9.16,9.02,9.02,110.0
2025-07-10,9.16,9.18,9.04,9.16,360.0
2025-07-11,9.16,9.18,9.0,9.18,2650.0
2025-07-14,9.16,9.16,9.02,9.14,450.0
2025-07-15,9.1,9.1,8.88,8.88,12230.0
2025-07-16,8.92,9.1,8.92,9.0,1180.0
2025-07-17,9.0,9.1,8.9,9.06,970.0
2025-07-18,9.06,9.06,9.06,9.06,250.0
2025-07-21,8.92,9.06,8.92,9.06,520.0
2025-07-22,9.06,9.06,8.9,8.92,680.0
2025-07-23,8.92,9.06,8.92,9.06,370.0
2025-07-24,8.94,9.06,8.9,8.9,890.0
2025-07-25,9.06,9.08,8.84,9.06,2029.9999999999998
2025-07-28,9.04,9.06,8.92,8.92,270.0
2025-07-29,8.92,9.0,8.92,8.92,370.0
2025-07-30,9.04,9.04,9.04,9.04,20.0
2025-07-31,9.04,9.04,8.92,9.04,940.0
2025-08-01,9.04,9.04,8.94,9.04,600.0
2025-08-04,9.04,9.04,8.92,8.92,150.0
2025-08-05,8.9,9.0,8.9,9.0,510.0
2025-08-06,9.0,9.0,8.9,9.0,110.0
2025-08-07,9.0,9.0,8.44,8.58,12200.0
2025-08-08,8.78,8.78,8.56,8.56,1850.0
2025-08-11,8.7,8.9,8.7,8.9,930.0
2025-08-12,8.9,9.0,8.7,8.76,900.0
2025-08-13,8.98,9.0,8.76,9.0,190.0
2025-08-14,9.0,9.0,8.78,8.82,820.0
2025-08-18,8.98,8.98,8.8,8.8,590.0
2025-08-19,8.8,8.94,8.8,8.94,640.0
2025-08-20,8.84,8.96,8.82,8.9,360.0
2025-08-22,8.9,8.94,8.84,8.9,340.0
2025-08-25,8.9,8.92,8.78,8.92,840.0
2025-08-26,8.9,8.9,8.8,8.8,90.0
2025-08-27,8.8,8.88,8.8,8.88,1210.0
2025-08-28,8.88,8.88,8.78,8.84,1180.0
2025-08-29,8.84,8.84,8.84,8.84,380.0
2025-09-01,8.8,8.8,8.72,8.8,2020.0
2025-09-02,8.82,8.82,8.5,8.64,3000.0
2025-09-03,8.5,8.76,8.5,8.6,3040.0
2025-09-04,8.6,8.6,8.1,8.5,5980.0
2025-09-05,8.5,8.58,8.5,8.52,470.0
2025-09-08,8.58,8.58,8.5,8.5,430.0
2025-09-09,8.5,8.58,8.5,8.58,680.0
2025-09-10,8.5,8.76,8.5,8.7,1210.0
2025-09-11,8.7,8.76,8.5,8.7,2220.0
2025-09-12,8.6,8.7,8.42,8.7,770.0
2025-09-15,8.7,8.7,8.52,8.68,1480.0
2025-09-16,8.68,8.76,8.68,8.68,1450.0
2025-09-17,8.62,8.62,8.54,8.56,670.0
2025-09-18,8.52,8.62,8.5,8.54,890.0
2025-09-19,8.54,8.54,8.5,8.5,2040.0
2025-09-22,8.5,8.54,8.4,8.4,1030.0
2025-09-23,8.42,8.54,8.4,8.46,970.0
2025-09-24,8.46,8.54,8.4,8.54,260.0
2025-09-25,8.54,8.54,8.4,8.4,2040.0
2025-09-26,8.54,8.62,8.54,8.6,1470.0
2025-09-29,8.58,8.62,8.5,8.5,3230.0
2025-09-30,8.56,8.56,8.56,8.56,130.0
