Date,Open,High,Low,Close,Volume
2014-09-01,2.99,3.02,2.96,2.99,31660.0
2014-09-02,3.02,3.1,3.0,3.0,73530.0
2014-09-03,3.04,3.08,3.0,3.01,93890.0
2014-09-04,3.01,3.07,3.0,3.07,117410.0
2014-09-05,3.09,3.25,3.09,3.24,135750.0
2014-09-08,3.21,3.27,3.17,3.23,62410.0
2014-09-09,3.26,3.32,3.25,3.29,87700.0
2014-09-10,3.29,3.44,3.29,3.44,106280.0
2014-09-11,3.44,3.44,3.36,3.43,78740.0
2014-09-12,3.43,3.47,3.39,3.44,21060.0
2014-09-15,3.42,3.47,3.42,3.42,33400.0
2014-09-16,3.42,3.42,3.31,3.38,58400.0
2014-09-17,3.37,3.37,3.33,3.33,74000.0
2014-09-18,3.32,3.37,3.29,3.29,83520.0
2014-09-19,3.3,3.36,3.26,3.36,122560.0
2014-09-22,3.36,3.4,3.3,3.37,140900.0
2014-09-23,3.37,3.41,3.3,3.35,140080.0
2014-09-24,3.08,3.09,3.02,3.05,34980.0
2014-09-25,3.04,3.13,3.03,3.08,49230.0
2014-09-26,3.06,3.09,3.05,3.08,11120.0
2014-09-29,3.08,3.08,3.03,3.03,9630.0
2014-09-30,3.05,3.06,3.04,3.06,9340.0
2014-10-01,3.06,3.06,3.0,3.01,11370.0
2014-10-02,3.01,3.01,2.97,2.99,8070.0
2014-10-03,2.96,3.03,2.96,3.0,4500.0
2014-10-06,2.98,2.98,2.81,2.9,8600.0
2014-10-07,2.9,2.95,2.9,2.95,530.0
2014-10-08,2.94,2.95,2.94,2.94,16100.000000000002
2014-10-09,2.96,2.98,2.94,2.98,2070.0
2014-10-10,3.0,3.0,2.83,2.98,11940.0
2014-10-13,2.85,2.94,2.83,2.94,6900.0
2014-10-14,2.94,2.97,2.85,2.96,6990.0
2014-10-15,2.96,2.96,2.87,2.87,3950.0
2014-10-16,2.9,2.94,2.87,2.94,16510.0
2014-10-17,2.9,2.98,2.89,2.97,10830.0
2014-10-20,2.93,2.95,2.86,2.86,7870.0
2014-10-21,2.9,2.93,2.87,2.93,5330.0
2014-10-22,2.86,2.93,2.86,2.9,5030.0
2014-10-23,2.87,2.89,2.86,2.89,6460.0
2014-10-24,2.89,2.89,2.86,2.86,6180.0
2014-10-27,2.84,2.9,2.84,2.9,1300.0
2014-10-28,2.86,2.9,2.84,2.9,24350.0
2014-10-29,2.85,2.89,2.85,2.85,26080.0
2014-10-30,2.85,2.88,2.84,2.88,4470.0
2014-10-31,2.88,2.88,2.86,2.88,5950.0
2014-11-03,2.89,2.89,2.85,2.89,4220.0
2014-11-04,2.84,2.87,2.78,2.78,21600.0
2014-11-05,2.8,2.85,2.79,2.81,27140.0
2014-11-06,2.86,2.86,2.81,2.85,3630.0
2014-11-07,2.8,2.86,2.73,2.73,20240.0
2014-11-10,2.79,2.79,2.75,2.77,6510.0
2014-11-12,2.83,2.83,2.65,2.7,13290.0
2014-11-13,2.75,2.75,2.65,2.65,8990.0
2014-11-14,2.75,2.76,2.68,2.72,23470.0
2014-11-17,2.66,2.69,2.65,2.69,8480.0
2014-11-18,2.62,2.69,2.62,2.68,8560.0
2014-11-19,2.69,2.69,2.65,2.68,6990.0
2014-11-20,2.65,2.68,2.55,2.68,3980.0
2014-11-21,2.66,2.66,2.62,2.64,7550.0
2014-11-24,2.65,2.69,2.64,2.65,11860.0
2014-11-25,2.6,2.65,2.6,2.6,15850.0
2014-11-26,2.62,2.63,2.47,2.6,32450.000000000004
2014-11-27,2.6,2.67,2.6,2.65,26520.0
2014-11-28,2.65,2.75,2.6,2.6,59820.0
2014-12-01,2.68,2.68,2.6,2.67,10350.0
2014-12-02,2.65,2.65,2.6,2.65,14030.0
2014-12-03,2.65,2.65,2.6,2.65,7260.0
2014-12-04,2.65,2.65,2.6,2.65,6040.0
2014-12-05,2.63,2.66,2.6,2.66,11200.0
2014-12-08,2.6,2.64,2.59,2.64,9960.0
2014-12-09,2.57,2.62,2.45,2.6,6410.0
2014-12-10,2.6,2.62,2.5,2.58,25610.0
2014-12-11,2.51,2.58,2.51,2.58,5410.0
2014-12-12,2.51,2.68,2.51,2.67,109590.0
2014-12-15,2.69,2.76,2.62,2.68,9820.0
2014-12-16,2.62,2.64,2.57,2.6,10730.0
2014-12-17,2.58,2.69,2.58,2.65,5940.0
2014-12-18,2.68,2.75,2.65,2.75,26200.0
2014-12-19,2.7,2.74,2.7,2.7,5610.0
2014-12-22,2.7,2.88,2.68,2.77,22260.0
2014-12-23,2.76,2.77,2.66,2.67,49550.0
2014-12-29,2.68,2.76,2.68,2.76,3780.0
2014-12-30,2.73,2.75,2.68,2.75,2870.0
2015-01-02,2.82,2.82,2.72,2.72,5780.0
2015-01-05,2.75,2.75,2.72,2.72,610.0
2015-01-07,2.73,2.77,2.73,2.76,3500.0
2015-01-08,2.72,2.88,2.72,2.87,33270.0
2015-01-09,2.83,2.9,2.83,2.87,9320.0
2015-01-12,2.88,2.88,2.85,2.85,1150.0
2015-01-13,2.9,2.99,2.83,2.99,43420.0
2015-01-14,2.99,2.99,2.93,2.97,9170.0
2015-01-15,2.9,2.94,2.85,2.9,6540.0
2015-01-16,2.9,2.98,2.9,2.95,3590.0
2015-01-19,2.87,2.97,2.87,2.97,2190.0
2015-01-20,2.89,2.89,2.89,2.89,6940.0
2015-01-21,2.95,2.97,2.88,2.94,7770.0
2015-01-22,2.89,2.94,2.88,2.94,4520.0
2015-01-23,2.89,2.94,2.88,2.89,9040.0
2015-01-26,2.86,2.9,2.85,2.85,1030.0
2015-01-27,2.86,2.92,2.85,2.9,2020.0
2015-01-28,2.9,2.9,2.85,2.9,3770.0
2015-01-29,2.85,2.89,2.85,2.89,15430.0
2015-01-30,2.83,2.9,2.83,2.9,2780.0
2015-02-02,2.85,2.89,2.85,2.87,9390.0
2015-02-03,2.87,2.95,2.87,2.88,8640.0
2015-02-04,2.88,2.99,2.88,2.98,24830.0
2015-02-05,2.96,2.97,2.95,2.97,13280.0
2015-02-06,2.96,2.96,2.9,2.95,900.0
2015-02-09,2.95,2.95,2.95,2.95,100.0
2015-02-10,2.95,2.95,2.88,2.9,6850.0
2015-02-11,2.89,2.95,2.88,2.88,15200.0
2015-02-12,2.95,2.97,2.91,2.96,8330.0
2015-02-13,2.97,2.97,2.96,2.97,3460.0
2015-02-16,2.99,3.05,2.95,2.98,14170.0
2015-02-17,2.98,3.09,2.98,3.09,20220.0
2015-02-18,3.1,3.12,3.06,3.1,29540.0
2015-02-19,3.09,3.1,3.07,3.08,10580.0
2015-02-20,3.08,3.08,3.02,3.08,8980.0
2015-02-23,3.08,3.08,3.08,3.08,6170.0
2015-02-24,3.11,3.11,3.02,3.02,1540.0
2015-02-25,3.01,3.02,2.86,3.02,7890.0
2015-02-26,3.03,3.05,3.03,3.05,1360.0
2015-02-27,3.05,3.18,3.05,3.1,47480.0
2015-03-02,3.17,3.17,3.1,3.1,3200.0
2015-03-03,3.14,3.14,3.0,3.0,12530.0
2015-03-04,3.0,3.1,3.0,3.1,12380.0
2015-03-05,3.1,3.1,3.01,3.09,5700.0
2015-03-06,3.01,3.08,3.01,3.03,950.0
2015-03-09,3.08,3.1,3.08,3.1,5370.0
2015-03-10,3.1,3.16,3.1,3.15,46660.0
2015-03-11,3.13,3.13,3.07,3.13,2460.0
2015-03-13,3.1,3.14,3.1,3.11,4270.0
2015-03-16,3.11,3.25,3.1,3.23,25720.0
2015-03-17,3.24,3.29,3.24,3.28,13020.0
2015-03-18,3.28,3.3,3.22,3.25,9340.0
2015-03-19,3.29,3.3,3.23,3.26,35830.0
2015-03-20,3.24,3.26,3.22,3.25,3130.0
2015-03-23,3.11,3.29,3.1,3.27,8330.0
2015-03-24,3.27,3.27,3.12,3.12,13870.0
2015-03-25,3.25,3.25,3.12,3.13,3400.0
2015-03-26,3.08,3.14,3.08,3.14,640.0
2015-03-27,3.22,3.22,3.09,3.14,8630.0
2015-03-30,3.2,3.2,3.18,3.18,320.0
2015-03-31,3.18,3.18,3.06,3.1,4850.0
2015-04-01,3.06,3.22,3.06,3.19,15350.0
2015-04-02,3.12,3.18,3.07,3.18,1440.0
2015-04-07,3.19,3.19,3.16,3.16,1880.0
2015-04-08,3.19,3.19,3.08,3.18,3830.0
2015-04-09,3.13,3.18,3.09,3.15,2960.0
2015-04-10,3.15,3.15,3.09,3.14,3880.0
2015-04-13,3.14,3.2,3.11,3.18,21560.0
2015-04-14,3.19,3.25,3.19,3.25,34450.0
2015-04-15,3.25,3.35,3.25,3.32,88850.0
2015-04-16,3.35,3.36,3.31,3.33,22160.0
2015-04-17,3.33,3.34,3.26,3.33,2650.0
2015-04-20,3.33,3.33,3.22,3.32,2570.0
2015-04-21,3.32,3.34,3.32,3.34,7200.0
2015-04-22,3.34,3.35,3.32,3.34,15960.0
2015-04-23,3.32,3.32,3.32,3.32,16010.000000000002
2015-04-24,3.33,3.33,3.29,3.3,1310.0
2015-04-27,3.31,3.35,3.3,3.34,8640.0
2015-04-28,3.35,3.35,3.32,3.33,21180.0
2015-04-29,3.32,3.33,3.32,3.33,810.0
2015-04-30,3.31,3.33,3.17,3.31,13170.0
2015-05-04,3.35,3.35,3.25,3.31,4780.0
2015-05-05,3.25,3.28,3.11,3.25,11490.0
2015-05-06,3.2,3.28,3.16,3.25,2840.0
2015-05-08,3.25,3.25,3.12,3.24,8880.0
2015-05-11,3.18,3.18,3.0,3.14,13730.0
2015-05-12,3.24,3.24,3.24,3.24,10.0
2015-05-13,3.23,3.23,3.23,3.23,500.0
2015-05-14,3.1,3.22,3.1,3.22,8600.0
2015-05-15,3.22,3.33,3.15,3.25,144800.0
2015-05-18,3.29,3.3,3.21,3.27,30030.0
2015-05-19,3.22,3.27,3.22,3.26,10420.0
2015-05-20,3.23,3.28,3.22,3.28,11850.0
2015-05-21,3.21,3.27,3.2,3.27,5710.0
2015-05-22,3.23,3.26,3.11,3.25,20630.0
2015-05-25,3.22,3.28,3.22,3.28,24430.0
2015-05-26,3.28,3.3,3.28,3.28,80410.0
2015-05-27,3.3,3.3,3.21,3.24,30070.0
2015-05-28,3.24,3.28,3.24,3.28,3880.0
2015-05-29,3.21,3.28,3.21,3.28,1210.0
2015-06-01,3.27,3.27,3.23,3.26,4090.0
2015-06-02,3.25,3.29,3.17,3.28,30040.0
2015-06-03,3.29,3.29,3.24,3.28,21140.0
2015-06-05,3.29,3.29,3.17,3.24,23220.0
2015-06-08,3.24,3.24,3.19,3.2,10330.0
2015-06-09,3.2,3.2,3.16,3.16,16940.0
2015-06-10,3.2,3.27,3.2,3.27,11340.0
2015-06-11,3.22,3.27,3.2,3.27,32119.999999999996
2015-06-12,3.23,3.28,3.23,3.27,1370.0
2015-06-15,3.27,3.27,3.2,3.25,9210.0
2015-06-16,3.25,3.25,3.19,3.25,2600.0
2015-06-17,3.2,3.25,3.2,3.25,320.0
2015-06-18,3.19,3.24,3.16,3.24,420.0
2015-06-19,3.25,3.25,3.2,3.25,2560.0
2015-06-22,3.25,3.25,3.21,3.23,1590.0
2015-06-23,3.21,3.23,3.17,3.19,17460.0
2015-06-24,3.15,3.19,3.11,3.19,15750.0
2015-06-25,3.19,3.19,3.06,3.08,42870.0
2015-06-26,3.1,3.1,3.07,3.08,16390.0
2015-06-29,3.04,3.06,2.86,2.99,40980.0
2015-06-30,3.05,3.06,2.98,3.0,31760.0
2015-07-01,3.04,3.19,3.02,3.13,3830.0
2015-07-02,3.19,3.19,3.13,3.19,11030.0
2015-07-03,3.16,3.19,3.12,3.18,9310.0
2015-07-06,3.13,3.18,3.1,3.16,10300.0
2015-07-07,3.17,3.18,3.16,3.18,3080.0
2015-07-08,3.16,3.16,3.14,3.14,16640.0
2015-07-09,3.15,3.18,3.15,3.18,18910.0
2015-07-10,3.18,3.3,3.18,3.29,55300.0
2015-07-13,3.28,3.4,3.28,3.3,102980.0
2015-07-14,3.3,3.35,3.3,3.3,109080.0
2015-07-15,3.35,3.35,3.3,3.34,57420.0
2015-07-16,3.35,3.35,3.3,3.34,18830.0
2015-07-17,3.34,3.34,3.3,3.34,4580.0
2015-07-20,3.34,3.34,3.31,3.34,880.0
2015-07-21,3.31,3.34,3.3,3.34,1610.0
2015-07-22,3.33,3.33,3.28,3.28,5160.0
2015-07-23,3.29,3.32,3.25,3.32,11650.0
2015-07-24,3.32,3.32,3.28,3.32,2730.0
2015-07-27,3.32,3.33,3.27,3.33,18250.0
2015-07-28,3.27,3.34,3.27,3.34,7210.0
2015-07-29,3.3,3.32,3.29,3.32,4500.0
2015-07-30,3.32,3.34,3.28,3.33,11090.0
2015-07-31,3.33,3.34,3.3,3.34,6880.0
2015-08-03,3.35,3.37,3.33,3.37,30460.0
2015-08-04,3.37,3.38,3.35,3.38,62320.0
2015-08-05,3.36,3.38,3.36,3.38,37820.0
2015-08-06,3.36,3.38,3.32,3.38,27840.0
2015-08-07,3.35,3.38,3.33,3.38,16219.999999999998
2015-08-10,3.38,3.39,3.35,3.39,17470.0
2015-08-11,3.39,3.4,3.38,3.4,14360.0
2015-08-12,3.42,3.48,3.42,3.45,34400.0
2015-08-13,3.43,3.49,3.42,3.45,21050.0
2015-08-14,3.45,3.5,3.45,3.46,9360.0
2015-08-17,3.5,3.52,3.44,3.49,23690.0
2015-08-18,3.5,3.55,3.49,3.54,124680.0
2015-08-19,3.55,3.57,3.5,3.56,12860.0
2015-08-20,3.55,3.56,3.5,3.54,4720.0
2015-08-21,3.53,3.53,3.48,3.48,4310.0
2015-08-24,3.44,3.45,3.29,3.3,80450.0
2015-08-25,3.34,3.34,3.13,3.33,23540.0
2015-08-26,3.34,3.48,3.34,3.41,3930.0
2015-08-27,3.43,3.47,3.41,3.41,8050.000000000001
2015-08-28,3.34,3.49,3.34,3.49,204860.0
2015-08-31,3.51,3.54,3.49,3.53,35800.0
2015-09-01,3.53,3.55,3.44,3.48,21520.0
2015-09-02,3.5,3.5,3.47,3.5,11790.0
2015-09-03,3.47,3.47,3.38,3.41,35420.0
2015-09-04,3.44,3.44,3.35,3.38,17070.0
2015-09-07,3.37,3.39,3.34,3.37,11080.0
2015-09-08,3.39,3.4,3.38,3.38,1380.0
2015-09-09,3.4,3.4,3.38,3.38,4970.0
2015-09-10,3.38,3.42,3.38,3.42,9780.0
2015-09-11,3.42,3.44,3.42,3.43,2060.0
2015-09-14,3.44,3.49,3.44,3.47,11690.0
2015-09-15,3.46,3.47,3.42,3.45,7510.0
2015-09-16,3.45,3.45,3.42,3.44,11530.0
2015-09-17,3.44,3.44,3.36,3.4,25230.0
2015-09-18,3.39,3.4,3.37,3.4,18860.0
2015-09-21,3.37,3.43,3.37,3.42,28160.0
2015-09-22,3.43,3.43,3.38,3.38,24070.0
2015-09-23,3.42,3.42,3.35,3.38,34590.0
2015-09-24,3.1,3.17,3.08,3.14,9460.0
2015-09-25,3.14,3.14,3.11,3.14,19310.0
2015-09-28,3.14,3.14,3.11,3.11,9430.0
2015-09-29,3.11,3.13,3.08,3.13,2610.0
2015-09-30,3.13,3.13,3.08,3.13,7830.0
2015-10-01,3.15,3.15,3.15,3.15,200.0
2015-10-02,3.17,3.17,3.05,3.14,610.0
2015-10-05,3.11,3.14,3.11,3.14,4350.0
2015-10-07,3.03,3.13,3.03,3.13,6370.0
2015-10-08,3.05,3.13,3.05,3.13,750.0
2015-10-09,3.1,3.14,3.07,3.13,14680.0
2015-10-12,3.13,3.14,3.08,3.13,5910.0
2015-10-13,3.1,3.12,3.07,3.12,7430.0
2015-10-14,3.07,3.12,3.06,3.12,1780.0
2015-10-15,3.11,3.11,3.11,3.11,500.0
2015-10-16,3.07,3.12,3.05,3.05,17160.0
2015-10-19,3.06,3.1,3.04,3.1,5010.0
2015-10-20,3.09,3.09,3.05,3.05,2700.0
2015-10-21,3.08,3.08,3.05,3.07,6020.0
2015-10-22,3.05,3.06,3.04,3.06,430.0
2015-10-23,3.05,3.07,3.05,3.06,1670.0
2015-10-26,3.05,3.06,3.03,3.06,8130.000000000001
2015-10-27,3.05,3.07,3.05,3.07,680.0
2015-10-28,3.07,3.07,3.04,3.05,790.0
2015-10-29,3.05,3.05,3.03,3.04,25030.0
2015-10-30,3.04,3.06,3.01,3.06,11190.0
2015-11-02,3.07,3.12,3.07,3.12,8410.0
2015-11-03,3.12,3.12,2.85,3.1,144010.0
2015-11-04,3.1,3.1,3.01,3.09,1860.0
2015-11-05,3.01,3.08,3.0,3.08,1010.0
2015-11-06,3.01,3.04,2.97,3.0,18830.0
2015-11-09,3.0,3.04,2.92,3.01,6610.0
2015-11-10,3.03,3.05,3.03,3.03,410.0
2015-11-12,3.05,3.08,3.0,3.08,11420.0
2015-11-13,3.08,3.08,2.95,3.07,3410.0
2015-11-16,2.97,2.97,2.9,2.97,7230.0
2015-11-17,2.96,2.96,2.9,2.95,6330.0
2015-11-18,2.91,2.94,2.9,2.94,3340.0
2015-11-19,2.89,2.9,2.88,2.89,8930.0
2015-11-20,2.9,2.92,2.88,2.9,54750.0
2015-11-23,2.9,2.91,2.86,2.9,12200.0
2015-11-24,2.9,2.9,2.81,2.9,18220.0
2015-11-25,2.84,2.9,2.84,2.9,18400.0
2015-11-26,2.91,2.91,2.88,2.9,19350.0
2015-11-27,2.85,2.9,2.85,2.9,17170.0
2015-11-30,2.86,2.91,2.86,2.91,7920.0
2015-12-01,2.86,2.86,2.78,2.8,63590.0
2015-12-02,2.81,2.89,2.8,2.89,9380.0
2015-12-03,2.81,2.89,2.81,2.87,3160.0
2015-12-04,2.85,2.85,2.75,2.8,61180.0
2015-12-07,2.8,2.8,2.76,2.79,25940.0
2015-12-08,2.77,2.8,2.75,2.79,21030.0
2015-12-09,2.74,2.79,2.72,2.75,21410.0
2015-12-10,2.75,2.79,2.75,2.79,900.0
2015-12-11,2.79,2.79,2.71,2.78,160.0
2015-12-14,2.72,2.78,2.72,2.78,138500.0
2015-12-15,2.78,2.79,2.75,2.79,4700.0
2015-12-16,2.79,2.79,2.75,2.75,50900.0
2015-12-17,2.75,2.76,2.75,2.76,2300.0
2015-12-18,2.75,2.85,2.75,2.84,6400.0
2015-12-21,2.83,2.9,2.8,2.86,7720.0
2015-12-22,2.86,2.99,2.85,2.99,12750.0
2015-12-23,2.99,3.04,2.87,2.87,9780.0
2015-12-28,2.9,3.04,2.9,3.01,8660.0
2015-12-29,3.01,3.01,2.95,3.01,1770.0
2015-12-30,3.01,3.01,2.98,3.01,3120.0
2016-01-04,2.95,3.01,2.95,3.01,1900.0
2016-01-05,2.95,2.99,2.95,2.98,7730.0
2016-01-07,2.95,2.99,2.92,2.99,21520.0
2016-01-08,2.98,2.99,2.98,2.98,13000.0
2016-01-11,2.95,2.98,2.93,2.97,16230.0
2016-01-12,2.96,2.99,2.95,2.99,41260.0
2016-01-13,2.99,2.99,2.95,2.99,44740.0
2016-01-14,2.99,2.99,2.95,2.95,13200.0
2016-01-15,2.95,2.98,2.95,2.98,1630.0
2016-01-18,2.92,2.98,2.9,2.97,760.0
2016-01-19,2.96,2.96,2.9,2.96,3500.0
2016-01-20,2.92,2.95,2.85,2.95,21700.0
2016-01-21,2.85,2.98,2.85,2.98,9390.0
2016-01-22,2.99,2.99,2.92,2.92,1550.0
2016-01-25,2.98,2.98,2.95,2.98,2009.9999999999998
2016-01-27,2.98,2.99,2.95,2.99,2160.0
2016-01-28,2.95,2.95,2.94,2.94,2790.0
2016-01-29,2.98,2.98,2.98,2.98,240.0
2016-02-01,3.0,3.01,3.0,3.01,41770.0
2016-02-02,3.0,3.0,2.95,2.99,39580.0
2016-02-03,2.95,2.99,2.95,2.99,3510.0
2016-02-04,2.95,2.95,2.95,2.95,5160.0
2016-02-05,2.93,2.97,2.93,2.96,12500.0
2016-02-08,2.94,2.95,2.92,2.95,2910.0
2016-02-09,2.98,2.98,2.98,2.98,10.0
2016-02-10,2.98,2.98,2.94,2.96,10040.0
2016-02-12,2.98,2.98,2.95,2.98,21420.0
2016-02-15,2.93,2.97,2.93,2.95,5340.0
2016-02-16,2.93,2.97,2.93,2.95,3240.0
2016-02-17,2.92,2.95,2.89,2.95,11700.0
2016-02-18,2.95,2.95,2.85,2.95,38420.0
2016-02-19,2.87,2.95,2.87,2.95,150.0
2016-02-22,2.98,2.98,2.9,2.97,3980.0
2016-02-23,2.97,2.97,2.97,2.97,5800.0
2016-02-24,2.96,2.96,2.95,2.95,2250.0
2016-02-25,2.97,2.97,2.97,2.97,2500.0
2016-02-26,2.97,2.97,2.97,2.97,1670.0
2016-02-29,2.97,2.97,2.96,2.96,35190.0
2016-03-01,3.04,3.04,2.95,3.03,4160.0
2016-03-02,2.97,2.97,2.96,2.97,13620.0
2016-03-03,2.97,2.97,2.96,2.97,7170.0
2016-03-04,2.97,2.99,2.96,2.99,25240.0
2016-03-07,2.97,2.98,2.97,2.98,9490.0
2016-03-08,2.99,2.99,2.95,2.98,9310.0
2016-03-09,2.97,2.97,2.97,2.97,170.0
2016-03-10,2.95,3.03,2.94,2.99,26420.0
2016-03-11,2.95,3.0,2.93,2.98,12420.0
2016-03-14,3.0,3.0,2.95,2.99,1020.0
2016-03-15,3.0,3.03,2.96,2.99,11360.0
2016-03-16,2.97,2.99,2.97,2.99,2560.0
2016-03-17,2.99,2.99,2.97,2.98,4970.0
2016-03-18,2.97,2.97,2.92,2.96,32640.0
2016-03-21,2.95,2.96,2.93,2.96,14790.0
2016-03-22,2.93,2.97,2.93,2.97,6180.0
2016-03-23,2.97,2.99,2.97,2.99,4350.0
2016-03-24,2.97,2.98,2.97,2.98,1820.0
2016-03-29,2.97,2.97,2.94,2.97,2570.0
2016-03-30,2.97,2.97,2.94,2.97,3530.0
2016-03-31,2.95,2.97,2.95,2.97,4220.0
2016-04-01,2.96,2.96,2.93,2.96,5910.0
2016-04-04,2.96,2.97,2.96,2.97,1530.0
2016-04-05,2.95,2.97,2.94,2.97,23520.0
2016-04-06,2.95,2.97,2.94,2.97,22770.0
2016-04-07,2.97,2.97,2.96,2.97,21010.0
2016-04-08,2.97,2.97,2.96,2.96,30250.0
2016-04-11,2.96,3.05,2.96,3.05,18050.0
2016-04-12,3.05,3.15,3.05,3.13,32870.0
2016-04-13,3.16,3.2,3.11,3.11,29350.0
2016-04-14,3.12,3.15,3.12,3.15,4330.0
2016-04-15,3.11,3.13,3.1,3.1,8300.0
2016-04-18,3.08,3.14,3.08,3.14,2090.0
2016-04-19,3.08,3.17,3.08,3.15,1040.0
2016-04-20,3.13,3.13,3.11,3.11,3010.0
2016-04-21,3.16,3.17,3.11,3.13,4370.0
2016-04-22,3.12,3.22,3.12,3.19,8970.0
2016-04-25,3.15,3.19,3.15,3.19,2750.0
2016-04-26,3.15,3.15,3.1,3.15,4300.0
2016-04-27,3.11,3.2,3.11,3.15,12400.0
2016-04-28,3.15,3.19,3.1,3.19,3850.0
2016-04-29,3.19,3.19,3.19,3.19,200.0
2016-05-02,3.2,3.22,3.2,3.22,3110.0
2016-05-04,3.23,3.25,3.15,3.25,8200.0
2016-05-05,3.25,3.26,3.18,3.26,660.0
2016-05-06,3.24,3.24,3.24,3.24,220.0
2016-05-09,3.24,3.24,3.23,3.23,13520.0
2016-05-10,3.22,3.22,3.22,3.22,330.0
2016-05-11,3.19,3.21,3.12,3.2,2090.0
2016-05-12,3.16,3.2,3.15,3.2,7610.0
2016-05-16,3.2,3.2,3.0,3.16,8510.0
2016-05-17,3.12,3.12,3.12,3.12,1930.0
2016-05-18,3.11,3.13,3.1,3.12,12920.0
2016-05-19,3.1,3.1,3.1,3.1,2000.0
2016-05-20,3.08,3.08,3.08,3.08,200.0
2016-05-23,3.18,3.18,3.17,3.17,15560.0
2016-05-24,3.06,3.16,3.06,3.16,490.0
2016-05-25,3.12,3.15,3.12,3.15,4500.0
2016-05-27,3.06,3.14,3.03,3.14,10790.0
2016-05-30,3.1,3.12,3.07,3.12,970.0
2016-05-31,3.07,3.1,3.07,3.1,7730.0
2016-06-01,3.12,3.12,3.08,3.09,18320.0
2016-06-02,3.09,3.12,3.09,3.12,730.0
2016-06-03,3.12,3.12,3.09,3.09,520.0
2016-06-06,3.1,3.12,3.1,3.11,440.0
2016-06-07,3.12,3.12,3.1,3.1,5570.0
2016-06-08,3.1,3.14,3.1,3.14,1820.0
2016-06-09,3.1,3.12,3.08,3.12,4680.0
2016-06-10,3.11,3.11,3.11,3.11,500.0
2016-06-13,3.08,3.1,3.08,3.1,1020.0
2016-06-14,3.08,3.09,3.0,3.0,30790.0
2016-06-15,3.0,3.07,2.99,3.04,15750.0
2016-06-16,2.99,3.05,2.96,3.04,14330.0
2016-06-17,3.04,3.04,3.04,3.04,2009.9999999999998
2016-06-20,2.98,3.03,2.95,3.0,4330.0
2016-06-21,2.99,3.02,2.99,3.0,960.0
2016-06-22,3.0,3.02,2.98,3.02,2410.0
2016-06-23,3.03,3.03,2.98,3.03,58570.0
2016-06-24,2.85,2.99,2.85,2.99,15640.0
2016-06-27,3.03,3.08,3.0,3.08,5290.0
2016-06-28,3.1,3.18,3.1,3.16,9340.0
2016-06-29,3.11,3.15,3.1,3.15,3070.0
2016-06-30,3.15,3.15,3.1,3.13,50920.0
2016-07-01,3.1,3.17,3.1,3.17,5340.0
2016-07-04,3.11,3.11,2.99,3.02,96940.0
2016-07-05,3.08,3.1,3.06,3.1,23730.0
2016-07-06,3.1,3.11,3.04,3.11,16270.0
2016-07-07,3.12,3.18,3.07,3.17,19130.0
2016-07-08,3.17,3.19,3.15,3.18,13970.0
2016-07-11,3.17,3.19,3.16,3.17,5120.0
2016-07-12,3.19,3.2,3.17,3.19,25530.0
2016-07-13,3.17,3.19,3.17,3.19,1560.0
2016-07-14,3.19,3.19,3.15,3.18,6810.0
2016-07-15,3.2,3.2,3.19,3.19,10740.0
2016-07-18,3.22,3.22,3.19,3.2,10460.0
2016-07-19,3.2,3.22,3.19,3.22,7190.0
2016-07-20,3.2,3.22,3.19,3.22,8490.0
2016-07-21,3.2,3.21,3.2,3.21,7520.0
2016-07-22,3.22,3.22,3.21,3.22,11560.0
2016-07-25,3.22,3.23,3.21,3.22,7270.0
2016-07-26,3.23,3.24,3.23,3.24,13070.0
2016-07-27,3.24,3.35,3.24,3.27,77040.0
2016-07-28,3.3,3.37,3.3,3.37,39710.0
2016-07-29,3.37,3.42,3.37,3.4,47440.0
2016-08-01,3.41,3.44,3.38,3.44,24150.0
2016-08-02,3.43,3.43,3.4,3.42,8670.0
2016-08-03,3.4,3.42,3.38,3.4,9210.0
2016-08-04,3.4,3.41,3.36,3.36,12390.0
2016-08-05,3.36,3.36,3.33,3.33,5050.0
2016-08-08,3.39,3.4,3.36,3.39,5610.0
2016-08-09,3.4,3.4,3.36,3.37,15210.0
2016-08-10,3.39,3.39,3.32,3.38,250250.0
2016-08-11,3.4,3.41,3.35,3.37,9570.0
2016-08-12,3.37,3.38,3.36,3.38,42730.0
2016-08-16,3.39,3.39,3.34,3.38,8530.0
2016-08-17,3.38,3.38,3.36,3.38,6200.0
2016-08-18,3.36,3.38,3.35,3.37,6560.0
2016-08-19,3.38,3.38,3.38,3.38,2510.0
2016-08-22,3.38,3.39,3.36,3.39,6850.0
2016-08-23,3.35,3.45,3.34,3.43,88270.0
2016-08-24,3.43,3.43,3.43,3.43,850.0
2016-08-25,3.42,3.42,3.4,3.42,3200.0
2016-08-26,3.42,3.43,3.41,3.42,6910.0
2016-08-29,3.42,3.43,3.42,3.43,5570.0
2016-08-30,3.43,3.45,3.41,3.41,10590.0
2016-08-31,3.4,3.4,3.33,3.39,21210.0
2016-09-01,3.39,3.42,3.38,3.41,12900.0
2016-09-02,3.41,3.43,3.4,3.43,12660.0
2016-09-05,3.42,3.43,3.4,3.41,14650.0
2016-09-06,3.42,3.43,3.4,3.43,11640.0
2016-09-07,3.43,3.48,3.42,3.48,49830.0
2016-09-08,3.47,3.54,3.46,3.54,83130.0
2016-09-09,3.53,3.58,3.53,3.53,108970.0
2016-09-12,3.53,3.57,3.49,3.57,18040.0
2016-09-13,3.57,3.58,3.57,3.57,16810.0
2016-09-14,3.58,3.6,3.56,3.57,7970.0
2016-09-15,3.58,3.58,3.5,3.54,21740.0
2016-09-16,3.53,3.53,3.44,3.48,21630.0
2016-09-19,3.47,3.8,3.47,3.59,142700.0
2016-09-20,3.66,3.66,3.57,3.6,22750.0
2016-09-21,3.56,3.62,3.56,3.58,55820.0
2016-09-22,3.61,3.65,3.61,3.62,42210.0
2016-09-23,3.37,3.37,3.25,3.25,17990.0
2016-09-26,3.21,3.21,3.1,3.19,49330.0
2016-09-27,3.17,3.19,3.17,3.18,1120.0
2016-09-28,3.14,3.19,3.14,3.18,2450.0
2016-09-29,3.15,3.16,3.15,3.16,1640.0
2016-09-30,3.14,3.16,3.13,3.16,3880.0
2016-10-03,3.12,3.19,3.12,3.19,550.0
2016-10-04,3.19,3.2,3.15,3.19,7680.0
2016-10-05,3.15,3.2,3.13,3.2,20320.0
2016-10-06,3.16,3.24,3.16,3.24,17410.0
2016-10-07,3.23,3.23,3.17,3.23,4430.0
2016-10-10,3.17,3.25,3.17,3.25,6150.0
2016-10-11,3.25,3.3,3.25,3.3,26960.0
2016-10-12,3.24,3.32,3.24,3.31,6920.0
2016-10-13,3.31,3.31,3.26,3.29,8160.0
2016-10-14,3.24,3.29,3.24,3.29,1120.0
2016-10-17,3.29,3.29,3.25,3.25,3230.0
2016-10-18,3.22,3.25,3.18,3.22,15820.0
2016-10-19,3.2,3.22,3.19,3.22,10380.0
2016-10-20,3.22,3.22,3.16,3.19,12080.0
2016-10-21,3.19,3.19,3.15,3.15,7710.0
2016-10-24,3.19,3.19,3.1,3.14,7260.0
2016-10-25,3.1,3.14,3.06,3.06,48400.0
2016-10-26,3.06,3.14,3.06,3.14,1240.0
2016-10-27,3.08,3.15,3.08,3.15,3130.0
2016-10-28,3.08,3.16,3.08,3.16,1640.0
2016-10-31,3.16,3.16,3.16,3.16,0.0
2016-11-02,3.16,3.22,3.16,3.22,1010.0
2016-11-03,3.14,3.22,3.08,3.2,2680.0
2016-11-04,3.2,3.2,3.08,3.18,2610.0
2016-11-07,3.18,3.19,3.08,3.19,1150.0
2016-11-08,3.19,3.19,3.08,3.19,610.0
2016-11-09,3.08,3.18,3.08,3.16,7950.0
2016-11-10,3.17,3.17,3.08,3.16,8640.0
2016-11-14,3.08,3.14,3.08,3.12,16510.0
2016-11-15,3.09,3.09,3.06,3.09,2610.0
2016-11-16,3.07,3.1,3.04,3.1,6690.0
2016-11-17,3.07,3.07,3.03,3.07,4610.0
2016-11-18,3.05,3.09,3.0,3.09,9590.0
2016-11-21,3.09,3.09,3.0,3.08,3300.0
2016-11-22,3.05,3.07,2.97,3.07,4870.0
2016-11-24,3.06,3.06,2.97,3.05,8650.0
2016-11-25,3.05,3.08,2.98,3.05,6460.0
2016-11-28,3.0,3.05,3.0,3.0,5960.0
2016-11-29,3.0,3.0,2.98,3.0,8650.0
2016-11-30,2.98,3.0,2.98,3.0,90.0
2016-12-01,2.99,3.0,2.95,3.0,21180.0
2016-12-02,2.96,2.98,2.96,2.98,2260.0
2016-12-05,3.0,3.0,2.97,2.99,15140.0
2016-12-06,2.96,2.99,2.93,2.98,21070.0
2016-12-07,2.96,2.99,2.95,2.95,44100.0
2016-12-08,2.95,3.0,2.95,3.0,3850.0
2016-12-09,2.97,3.0,2.97,3.0,670.0
2016-12-12,3.0,3.0,2.99,3.0,11980.0
2016-12-13,2.98,3.0,2.96,3.0,4900.0
2016-12-14,3.0,3.0,2.97,3.0,1390.0
2016-12-15,3.0,3.0,2.95,2.98,6870.0
2016-12-16,2.98,2.98,2.96,2.96,2730.0
2016-12-19,2.97,2.99,2.91,2.99,11490.0
2016-12-20,2.97,3.0,2.97,3.0,4630.0
2016-12-21,3.0,3.0,2.95,3.0,3900.0
2016-12-22,2.98,2.98,2.92,2.97,6400.0
2016-12-23,2.98,3.0,2.97,2.99,9080.0
2016-12-27,2.95,3.0,2.95,2.98,3330.0
2016-12-28,2.96,2.96,2.94,2.95,7440.0
2016-12-29,2.98,3.0,2.95,3.0,4030.0000000000005
2016-12-30,2.97,3.0,2.97,3.0,340.0
2017-01-02,2.98,3.1,2.95,3.09,3900.0
2017-01-03,3.02,3.05,3.02,3.05,2540.0
2017-01-04,3.03,3.04,3.02,3.04,3630.0
2017-01-05,3.03,3.05,3.02,3.04,10340.0
2017-01-09,3.08,3.08,3.02,3.02,42830.0
2017-01-10,3.09,3.09,3.03,3.05,11170.0
2017-01-11,3.06,3.08,3.04,3.07,13550.0
2017-01-12,3.09,3.09,2.95,2.95,102570.0
2017-01-13,2.96,3.05,2.96,3.05,290.0
2017-01-16,3.06,3.09,3.06,3.06,4030.0000000000005
2017-01-17,3.08,3.08,3.07,3.07,2150.0
2017-01-18,3.08,3.1,3.08,3.1,15160.0
2017-01-19,3.11,3.12,3.08,3.12,11790.0
2017-01-20,3.09,3.1,3.05,3.1,7350.0
2017-01-23,3.09,3.13,3.06,3.09,18050.0
2017-01-24,3.11,3.11,3.05,3.07,15730.0
2017-01-25,3.05,3.14,3.05,3.1,17000.0
2017-01-26,3.08,3.14,3.05,3.09,11040.0
2017-01-27,3.05,3.12,3.04,3.12,4710.0
2017-01-30,3.1,3.12,3.1,3.1,2930.0
2017-01-31,3.12,3.12,3.12,3.12,710.0
2017-02-01,3.15,3.2,3.14,3.19,17300.0
2017-02-02,3.19,3.2,3.18,3.2,26130.0
2017-02-03,3.21,3.22,3.15,3.15,20450.0
2017-02-06,3.15,3.15,3.05,3.08,33570.0
2017-02-07,3.07,3.09,3.04,3.05,6890.0
2017-02-08,3.05,3.2,3.05,3.17,51380.0
2017-02-09,3.13,3.21,3.1,3.2,21380.0
2017-02-10,3.16,3.28,3.16,3.28,24200.0
2017-02-13,3.28,3.28,3.22,3.27,9090.0
2017-02-14,3.25,3.25,3.2,3.2,130360.00000000001
2017-02-15,3.28,3.28,3.19,3.2,15830.0
2017-02-16,3.2,3.26,3.19,3.26,43190.0
2017-02-17,3.26,3.26,3.2,3.26,1760.0
2017-02-20,3.24,3.25,3.21,3.21,2880.0
2017-02-21,3.25,3.25,3.2,3.2,780.0
2017-02-22,3.25,3.25,3.18,3.19,44860.0
2017-02-23,3.19,3.19,3.14,3.14,10270.0
2017-02-24,3.15,3.15,3.13,3.13,25900.0
2017-02-27,3.17,3.17,3.16,3.16,6910.0
2017-02-28,3.15,3.17,3.14,3.14,11130.0
2017-03-01,3.14,3.21,3.14,3.17,47220.0
2017-03-02,3.2,3.22,3.17,3.22,11220.0
2017-03-03,3.24,3.27,3.18,3.23,14460.0
2017-03-06,3.26,3.3,3.25,3.27,24400.0
2017-03-07,3.29,3.36,3.28,3.36,35430.0
2017-03-08,3.37,3.47,3.37,3.4,62970.0
2017-03-09,3.43,3.43,3.34,3.34,64140.0
2017-03-10,3.31,3.39,3.31,3.39,4600.0
2017-03-13,3.35,3.42,3.35,3.41,23820.0
2017-03-14,3.42,3.47,3.41,3.47,22360.0
2017-03-15,3.41,3.45,3.41,3.42,1770.0
2017-03-16,3.42,3.47,3.42,3.47,15970.0
2017-03-17,3.44,3.47,3.43,3.43,3850.0
2017-03-20,3.46,3.49,3.45,3.49,9830.0
2017-03-21,3.41,3.48,3.41,3.45,13400.0
2017-03-22,3.46,3.46,3.44,3.46,3300.0
2017-03-23,3.45,3.45,3.45,3.45,880.0
2017-03-24,3.5,3.59,3.46,3.59,45670.0
2017-03-27,3.57,3.65,3.57,3.65,14980.0
2017-03-28,3.65,3.65,3.55,3.64,77390.0
2017-03-29,3.64,3.64,3.57,3.64,3290.0
2017-03-30,3.65,3.68,3.62,3.65,19330.0
2017-03-31,3.68,3.68,3.64,3.67,8400.0
2017-04-03,3.66,3.68,3.57,3.67,39080.0
2017-04-04,3.67,3.67,3.65,3.67,8070.0
2017-04-05,3.66,3.73,3.66,3.72,21070.0
2017-04-06,3.7,3.7,3.65,3.65,1900.0
2017-04-07,3.65,3.76,3.65,3.76,62860.0
2017-04-10,3.75,3.78,3.75,3.77,14980.0
2017-04-11,3.75,3.77,3.75,3.75,13040.0
2017-04-12,3.75,3.79,3.72,3.79,3910.0
2017-04-13,3.79,3.81,3.76,3.81,12120.0
2017-04-18,3.81,3.81,3.75,3.75,42450.0
2017-04-19,3.74,3.8,3.74,3.8,132300.0
2017-04-20,3.76,3.79,3.6,3.75,141990.0
2017-04-21,3.75,3.75,3.7,3.73,1430.0
2017-04-24,3.7,3.7,3.7,3.7,5000.0
2017-04-25,3.7,3.77,3.7,3.72,59320.0
2017-04-26,3.72,3.79,3.71,3.79,13180.0
2017-04-27,3.72,3.81,3.72,3.81,6720.0
2017-04-28,3.77,3.77,3.69,3.74,50200.0
2017-05-02,3.66,3.74,3.66,3.74,15100.0
2017-05-04,3.69,3.73,3.69,3.7,4940.0
2017-05-05,3.69,3.73,3.69,3.69,2730.0
2017-05-08,3.69,3.71,3.69,3.71,8650.0
2017-05-09,3.7,3.71,3.7,3.7,3400.0
2017-05-10,3.69,3.7,3.66,3.7,6520.0
2017-05-11,3.67,3.71,3.66,3.66,6230.0
2017-05-12,3.71,3.71,3.7,3.71,18920.0
2017-05-15,3.71,3.77,3.71,3.71,12580.0
2017-05-16,3.71,3.71,3.71,3.71,1850.0
2017-05-17,3.7,3.75,3.7,3.73,8510.0
2017-05-18,3.71,3.72,3.7,3.72,8140.000000000001
2017-05-19,3.72,3.72,3.7,3.71,6760.0
2017-05-22,3.72,3.72,3.41,3.7,2630.0
2017-05-23,3.68,3.7,3.68,3.7,1100.0
2017-05-24,3.63,3.7,3.62,3.7,3550.0
2017-05-25,3.63,3.67,3.61,3.67,6830.0
2017-05-26,3.61,3.61,3.52,3.52,1020.0
2017-05-29,3.53,3.53,3.53,3.53,1000.0
2017-05-30,3.52,3.6,3.52,3.6,100.0
2017-05-31,3.51,3.55,3.51,3.55,3640.0
2017-06-01,3.51,3.53,3.43,3.43,2990.0
2017-06-02,3.43,3.59,3.42,3.55,14120.0
2017-06-05,3.55,3.62,3.53,3.62,5770.0
2017-06-06,3.67,3.67,3.6,3.6,400.0
2017-06-07,3.55,3.65,3.55,3.65,1000.0
2017-06-08,3.6,3.7,3.6,3.67,7800.0
2017-06-09,3.7,3.79,3.67,3.67,33440.0
2017-06-12,3.68,3.76,3.68,3.76,2460.0
2017-06-13,3.7,3.76,3.7,3.76,1460.0
2017-06-14,3.73,3.73,3.73,3.73,4240.0
2017-06-16,3.7,3.76,3.7,3.76,2280.0
2017-06-19,3.76,3.76,3.7,3.7,3080.0
2017-06-20,3.75,3.76,3.75,3.75,5620.0
2017-06-21,3.75,3.77,3.75,3.77,1750.0
2017-06-22,3.75,3.76,3.73,3.73,12060.0
2017-06-23,3.73,3.73,3.73,3.73,500.0
2017-06-26,3.73,3.74,3.7,3.74,12200.0
2017-06-27,3.75,3.75,3.7,3.7,2620.0
2017-06-28,3.74,3.74,3.73,3.73,1000.0
2017-06-29,3.65,3.75,3.65,3.74,15310.0
2017-06-30,3.74,3.75,3.73,3.73,14510.0
2017-07-03,3.75,3.75,3.74,3.75,4710.0
2017-07-04,3.75,3.78,3.75,3.77,14950.0
2017-07-05,3.78,3.83,3.76,3.78,11240.0
2017-07-06,3.83,3.83,3.83,3.83,10.0
2017-07-10,3.82,3.82,3.8,3.8,3650.0
2017-07-11,3.82,3.83,3.8,3.83,9690.0
2017-07-12,3.8,3.84,3.8,3.84,3310.0
2017-07-13,3.85,3.85,3.8,3.82,2200.0
2017-07-14,3.8,3.84,3.8,3.84,1390.0
2017-07-17,3.83,3.83,3.81,3.82,770.0
2017-07-18,3.8,3.82,3.8,3.82,2000.0
2017-07-19,3.82,3.82,3.81,3.81,700.0
2017-07-20,3.81,3.81,3.67,3.68,5320.0
2017-07-21,3.68,3.81,3.68,3.81,330.0
2017-07-24,3.74,3.8,3.74,3.74,1090.0
2017-07-25,3.8,3.84,3.8,3.84,6550.0
2017-07-26,3.83,3.83,3.8,3.8,3180.0
2017-07-27,3.8,3.83,3.8,3.83,3690.0
2017-07-28,3.83,3.84,3.81,3.81,210.0
2017-07-31,3.84,3.84,3.81,3.81,1620.0
2017-08-01,3.81,3.81,3.8,3.81,2120.0
2017-08-02,3.75,3.81,3.75,3.81,820.0
2017-08-03,3.8,3.8,3.79,3.79,680.0
2017-08-04,3.79,3.8,3.79,3.8,2790.0
2017-08-07,3.8,3.84,3.76,3.84,14990.0
2017-08-08,3.84,3.84,3.8,3.8,810.0
2017-08-09,3.8,3.8,3.8,3.8,140.0
2017-08-10,3.8,3.81,3.75,3.81,6280.0
2017-08-11,3.75,3.83,3.75,3.81,10260.0
2017-08-14,3.81,3.83,3.81,3.83,470.0
2017-08-16,3.81,3.83,3.81,3.83,7270.0
2017-08-17,3.83,3.83,3.8,3.8,7950.0
2017-08-18,3.81,3.81,3.81,3.81,5080.0
2017-08-21,3.81,3.98,3.81,3.98,14450.0
2017-08-22,3.94,4.08,3.94,4.08,62690.0
2017-08-23,4.08,4.08,3.96,4.08,5990.0
2017-08-24,4.05,4.05,4.03,4.03,120.0
2017-08-25,4.01,4.05,4.01,4.03,2029.9999999999998
2017-08-28,4.05,4.1,3.9,4.1,7830.0
2017-08-29,4.13,4.18,3.81,4.12,13450.0
2017-08-30,4.19,4.19,4.12,4.15,3700.0
2017-08-31,4.12,4.18,4.1,4.15,8130.000000000001
2017-09-01,4.15,4.19,4.15,4.19,2920.0
2017-09-04,4.19,4.19,4.16,4.18,2410.0
2017-09-05,4.17,4.18,4.16,4.18,4700.0
2017-09-06,4.18,4.18,4.16,4.18,6930.0
2017-09-07,4.18,4.18,4.14,4.14,6790.0
2017-09-08,4.14,4.14,4.14,4.14,10180.0
2017-09-11,4.14,4.14,4.09,4.1,4790.0
2017-09-12,4.1,4.1,4.07,4.1,4520.0
2017-09-13,4.17,4.17,4.07,4.11,6950.0
2017-09-14,4.17,4.17,4.11,4.16,1440.0
2017-09-15,4.15,4.24,4.15,4.24,19170.0
2017-09-18,4.16,4.24,4.16,4.18,460.0
2017-09-19,4.2,4.2,4.15,4.19,3640.0
2017-09-20,4.2,4.2,4.14,4.14,1690.0
2017-09-21,4.17,4.19,4.14,4.19,4180.0
2017-09-22,4.19,4.19,4.15,4.19,3920.0
2017-09-25,4.19,4.2,4.17,4.2,19720.0
2017-09-26,4.2,4.21,4.19,4.21,15980.0
2017-09-27,4.21,4.23,4.15,4.19,23400.0
2017-09-28,3.96,4.08,3.94,4.08,7710.0
2017-09-29,4.04,4.04,3.95,3.95,220.0
2017-10-02,3.91,4.0,3.85,3.9,6390.0
2017-10-03,3.85,3.85,3.52,3.85,5650.0
2017-10-04,3.8,3.8,3.6,3.75,8790.0
2017-10-05,3.56,3.7,3.56,3.62,6310.0
2017-10-06,3.6,3.74,3.55,3.74,13420.0
2017-10-09,3.55,3.74,3.51,3.74,1000.0
2017-10-10,3.64,3.74,3.64,3.65,2950.0
2017-10-11,3.74,3.74,3.5,3.74,3290.0
2017-10-12,3.54,3.74,3.54,3.74,320.0
2017-10-13,3.74,3.74,3.74,3.74,400.0
2017-10-16,3.74,3.77,3.7,3.77,9560.0
2017-10-17,3.75,3.75,3.62,3.63,3080.0
2017-10-18,3.63,3.72,3.63,3.72,3110.0
2017-10-19,3.63,3.72,3.6,3.72,11610.0
2017-10-20,3.55,3.7,3.55,3.7,2320.0
2017-10-24,3.6,3.66,3.52,3.66,8200.0
2017-10-25,3.53,3.57,3.5,3.57,2510.0
2017-10-26,3.45,3.49,3.45,3.49,3600.0
2017-10-27,3.49,3.49,3.48,3.48,1520.0
2017-10-30,3.47,3.47,3.44,3.44,2200.0
2017-10-31,3.44,3.6,3.43,3.59,19930.0
2017-11-02,3.6,3.6,3.42,3.6,6610.0
2017-11-03,3.6,3.6,3.6,3.6,0.0
2017-11-07,3.6,3.6,3.51,3.6,1550.0
2017-11-08,3.6,3.6,3.6,3.6,180.0
2017-11-09,3.55,3.59,3.47,3.59,2460.0
2017-11-10,3.54,3.54,3.54,3.54,500.0
2017-11-13,3.57,3.57,3.46,3.56,3080.0
2017-11-14,3.56,3.6,3.45,3.6,2270.0
2017-11-15,3.5,3.59,3.5,3.59,4950.0
2017-11-16,3.5,3.56,3.5,3.56,770.0
2017-11-17,3.49,3.55,3.45,3.55,300.0
2017-11-20,3.55,3.55,3.55,3.55,100.0
2017-11-21,3.45,3.53,3.3,3.52,4100.0
2017-11-22,3.5,3.54,3.5,3.54,4460.0
2017-11-24,3.54,3.72,3.54,3.72,30400.0
2017-11-27,3.7,3.72,3.65,3.72,10550.0
2017-11-28,3.72,3.72,3.65,3.71,1000.0
2017-11-29,3.7,3.85,3.7,3.8,19960.0
2017-11-30,3.83,3.83,3.83,3.83,0.0
2017-12-01,3.83,3.83,3.75,3.79,3260.0
2017-12-04,3.76,3.79,3.76,3.79,1250.0
2017-12-05,3.75,3.75,3.75,3.75,3470.0
2017-12-06,3.79,3.79,3.75,3.79,970.0
2017-12-07,3.78,3.79,3.78,3.79,1350.0
2017-12-08,3.79,3.83,3.79,3.83,3010.0
2017-12-11,3.83,3.88,3.81,3.88,4160.0
2017-12-12,3.83,3.83,3.76,3.82,31780.0
2017-12-13,3.77,3.8,3.59,3.8,28330.0
2017-12-14,3.71,3.75,3.65,3.75,12320.0
2017-12-15,3.79,3.79,3.71,3.78,820.0
2017-12-18,3.78,3.78,3.71,3.78,3600.0
2017-12-19,3.82,3.82,3.8,3.8,3690.0
2017-12-20,3.8,3.82,3.79,3.82,11460.0
2017-12-21,3.82,3.82,3.82,3.82,70.0
2017-12-22,3.8,3.81,3.75,3.81,3450.0
2017-12-27,3.72,3.8,3.72,3.8,5990.0
2017-12-28,3.8,3.82,3.8,3.82,1410.0
2017-12-29,3.82,3.85,3.8,3.85,1750.0
2018-01-03,4.0,4.18,3.85,4.18,9770.0
2018-01-04,3.85,3.88,3.85,3.85,14150.0
2018-01-05,3.85,3.87,3.85,3.87,2410.0
2018-01-08,3.85,3.86,3.85,3.86,0.0
2018-01-09,3.85,3.85,3.85,3.85,50.0
2018-01-10,3.86,3.86,3.82,3.85,3230.0
2018-01-11,3.84,3.84,3.82,3.82,3800.0
2018-01-12,3.83,3.83,3.82,3.82,3740.0
2018-01-15,3.82,3.82,3.82,3.82,1200.0
2018-01-16,3.82,3.84,3.82,3.84,1660.0
2018-01-17,3.82,3.83,3.76,3.83,11160.0
2018-01-18,3.79,3.79,3.56,3.79,17300.0
2018-01-19,3.71,3.79,3.71,3.77,14240.0
2018-01-22,3.65,3.79,3.65,3.79,100.0
2018-01-23,3.79,3.84,3.79,3.84,8780.0
2018-01-24,3.85,3.86,3.85,3.86,4290.0
2018-01-25,3.81,3.86,3.8,3.86,5860.0
2018-01-29,3.81,3.85,3.8,3.85,690.0
2018-01-30,3.8,3.86,3.8,3.86,510.0
2018-01-31,3.86,3.86,3.8,3.85,1220.0
2018-02-01,3.82,3.84,3.8,3.84,1520.0
2018-02-02,3.8,3.84,3.8,3.84,710.0
2018-02-06,3.8,3.8,3.78,3.8,13500.0
2018-02-07,3.79,3.8,3.79,3.8,3080.0
2018-02-08,3.8,3.8,3.79,3.8,18890.0
2018-02-09,3.78,3.8,3.76,3.8,21770.0
2018-02-12,3.8,3.8,3.76,3.8,130.0
2018-02-16,3.76,3.81,3.76,3.81,12290.0
2018-02-19,3.81,3.81,3.81,3.81,5520.0
2018-02-20,3.8,3.81,3.78,3.81,10130.0
2018-02-21,3.76,3.8,3.76,3.8,1860.0
2018-02-22,3.8,3.81,3.8,3.81,5910.0
2018-02-23,3.8,3.81,3.8,3.81,16000.0
2018-02-26,3.79,3.81,3.79,3.81,4800.0
2018-02-27,3.79,3.81,3.53,3.76,13900.0
2018-02-28,3.78,3.8,3.78,3.8,150.0
2018-03-01,3.7,3.8,3.7,3.76,3170.0
2018-03-02,3.8,3.81,3.8,3.8,6580.0
2018-03-05,3.76,3.8,3.76,3.8,5530.0
2018-03-06,3.81,3.81,3.81,3.81,100.0
2018-03-07,3.79,3.81,3.79,3.81,250.0
2018-03-09,3.8,3.8,3.8,3.8,15430.0
2018-03-12,3.8,3.8,3.76,3.8,530.0
2018-03-13,3.8,3.8,3.8,3.8,4170.0
2018-03-14,3.76,3.8,3.74,3.8,4310.0
2018-03-15,3.76,3.8,3.76,3.8,4010.0
2018-03-16,3.74,3.8,3.74,3.8,2910.0
2018-03-19,3.7,3.8,3.7,3.8,6210.0
2018-03-20,3.7,3.79,3.7,3.79,130.0
2018-03-21,3.7,3.78,3.7,3.78,9720.0
2018-03-22,3.7,3.77,3.7,3.77,10.0
2018-03-23,3.65,3.75,3.65,3.75,260.0
2018-03-26,3.74,3.8,3.74,3.8,4880.0
2018-03-27,3.7,3.78,3.65,3.78,880.0
2018-03-28,3.65,3.75,3.6,3.71,18060.0
2018-03-29,3.69,3.75,3.69,3.75,150.0
2018-04-03,3.7,3.7,3.69,3.69,2500.0
2018-04-04,3.53,3.68,3.53,3.68,650.0
2018-04-05,3.53,3.54,3.53,3.54,2100.0
2018-04-06,3.55,3.65,3.55,3.65,2660.0
2018-04-09,3.65,3.65,3.65,3.65,2900.0
2018-04-10,3.65,3.65,3.65,3.65,1300.0
2018-04-11,3.65,3.76,3.65,3.76,1600.0
2018-04-12,3.75,3.75,3.75,3.75,0.0
2018-04-16,3.56,3.6,3.45,3.6,8900.0
2018-04-17,3.38,3.74,3.37,3.55,4470.0
2018-04-18,3.55,3.55,3.55,3.55,30.0
2018-04-19,3.52,3.55,3.52,3.55,790.0
2018-04-20,3.5,3.55,3.3,3.55,5260.0
2018-04-23,3.55,3.55,3.45,3.55,4500.0
2018-04-24,3.55,3.55,3.39,3.55,1010.0
2018-04-25,3.4,3.51,3.3,3.51,1820.0
2018-04-26,3.5,3.54,3.3,3.54,2440.0
2018-04-27,3.54,3.54,3.54,3.54,0.0
2018-04-30,3.54,3.54,3.3,3.5,1330.0
2018-05-02,3.45,3.45,3.12,3.45,1860.0
2018-05-04,3.45,3.45,3.39,3.41,370.0
2018-05-07,3.4,3.4,3.16,3.16,3030.0
2018-05-08,3.16,3.24,3.1,3.24,3860.0
2018-05-09,3.24,3.39,3.15,3.39,1840.0
2018-05-10,3.39,3.39,3.38,3.38,390.0
2018-05-11,3.35,3.35,3.2,3.35,120.0
2018-05-14,3.35,3.35,3.34,3.34,80.0
2018-05-15,3.2,3.3,3.2,3.3,240.0
2018-05-16,3.32,3.32,3.31,3.31,30.0
2018-05-17,3.32,3.32,3.18,3.3,1010.0
2018-05-18,3.32,3.32,3.2,3.32,700.0
2018-05-21,3.32,3.32,3.17,3.25,5600.0
2018-05-22,3.25,3.25,3.1,3.25,1990.0
2018-05-23,3.25,3.25,3.2,3.2,2720.0
2018-05-24,3.2,3.2,3.1,3.2,5900.0
2018-05-25,3.2,3.25,3.2,3.25,1760.0
2018-05-28,3.25,3.3,3.24,3.3,4010.0
2018-05-29,3.3,3.3,3.24,3.3,130.0
2018-05-30,3.3,3.3,3.11,3.3,70.0
2018-06-01,3.3,3.3,3.3,3.3,450.0
2018-06-04,3.2,3.3,3.2,3.3,1130.0
2018-06-05,3.3,3.3,3.25,3.25,20.0
2018-06-06,3.25,3.25,3.25,3.25,510.0
2018-06-07,3.25,3.25,3.11,3.25,3260.0
2018-06-08,3.25,3.25,3.12,3.24,9010.0
2018-06-11,3.24,3.24,3.21,3.21,40.0
2018-06-12,3.11,3.24,3.11,3.24,7490.0
2018-06-13,3.24,3.24,3.2,3.24,10.0
2018-06-14,3.24,3.24,3.15,3.24,3630.0
2018-06-15,3.24,3.25,3.12,3.25,44620.0
2018-06-18,3.25,3.25,3.2,3.25,2610.0
2018-06-19,3.25,3.25,3.23,3.25,1510.0
2018-06-20,3.25,3.25,3.2,3.25,110.0
2018-06-21,3.25,3.25,3.25,3.25,10.0
2018-06-22,3.25,3.25,3.25,3.25,10.0
2018-06-25,3.25,3.25,3.1,3.25,260.0
2018-06-26,3.25,3.25,3.25,3.25,10.0
2018-06-27,3.25,3.25,3.16,3.25,10.0
2018-06-28,3.17,3.4,3.17,3.4,19080.0
2018-06-29,3.49,3.7,3.45,3.6,14130.0
2018-07-02,3.68,3.84,3.66,3.83,15530.0
2018-07-03,3.83,3.87,3.81,3.87,10010.0
2018-07-04,3.87,3.87,3.55,3.86,1910.0
2018-07-05,3.86,3.86,3.86,3.86,10.0
2018-07-06,3.86,3.9,3.63,3.9,7110.0
2018-07-09,3.9,4.05,3.9,4.05,22740.0
2018-07-10,4.0,4.05,3.9,3.9,8420.0
2018-07-11,3.95,4.0,3.91,4.0,2090.0
2018-07-12,4.0,4.0,3.9,3.95,4140.0
2018-07-13,3.95,4.04,3.84,4.04,84910.0
2018-07-16,4.03,4.03,3.83,3.92,2510.0
2018-07-17,3.95,3.95,3.9,3.92,670.0
2018-07-18,3.94,4.02,3.94,4.01,1320.0
2018-07-19,4.02,4.02,3.98,3.98,10.0
2018-07-20,3.98,4.03,3.95,4.0,8800.0
2018-07-23,4.03,4.03,4.03,4.03,0.0
2018-07-24,4.03,4.03,4.01,4.03,6810.0
2018-07-25,4.03,4.03,3.82,4.03,27300.0
2018-07-26,4.03,4.03,4.03,4.03,10.0
2018-07-27,4.03,4.03,4.02,4.02,1110.0
2018-07-30,4.01,4.01,3.89,3.97,660.0
2018-07-31,3.96,4.04,3.94,4.0,1440.0
2018-08-01,4.05,4.05,3.92,4.05,720.0
2018-08-02,4.05,4.05,3.91,4.02,1060.0
2018-08-03,4.05,4.05,4.04,4.05,4710.0
2018-08-06,4.05,4.05,3.92,4.05,4180.0
2018-08-07,4.05,4.05,4.04,4.04,10.0
2018-08-08,4.04,4.04,3.9,3.93,3000.0
2018-08-09,3.93,4.0,3.93,4.0,740.0
2018-08-10,4.0,4.0,4.0,4.0,10.0
2018-08-13,4.0,4.0,4.0,4.0,2260.0
2018-08-14,4.0,4.0,3.95,4.0,4650.0
2018-08-16,4.0,4.0,4.0,4.0,10.0
2018-08-17,4.0,4.0,3.95,4.0,4280.0
2018-08-20,4.0,4.0,3.9,4.0,2420.0
2018-08-21,4.0,4.0,3.9,3.98,1030.0
2018-08-22,3.99,3.99,3.99,3.99,1960.0
2018-08-23,3.99,4.05,3.99,4.05,2200.0
2018-08-24,4.01,4.05,3.82,4.05,4940.0
2018-08-27,4.05,4.05,3.9,4.04,3210.0
2018-08-28,4.04,4.04,4.0,4.0,800.0
2018-08-29,4.02,4.02,3.85,4.02,460.0
2018-08-30,4.02,4.02,4.0,4.0,30.0
2018-08-31,4.0,4.0,4.0,4.0,10.0
2018-09-03,4.02,4.1,3.96,4.02,6620.0
2018-09-04,3.96,4.2,3.96,4.2,65360.0
2018-09-05,4.24,4.4,4.08,4.4,79540.0
2018-09-06,4.4,4.44,4.29,4.41,118730.0
2018-09-07,4.4,4.42,4.4,4.42,62660.0
2018-09-10,4.39,4.41,4.3,4.4,124480.0
2018-09-11,4.4,4.41,4.39,4.4,6090.0
2018-09-12,4.4,4.41,4.31,4.41,18260.0
2018-09-13,4.41,4.5,4.37,4.5,11460.0
2018-09-14,4.49,4.49,4.4,4.49,1010.0
2018-09-17,4.4,4.44,4.4,4.42,4830.0
2018-09-18,4.44,4.44,4.32,4.32,5450.0
2018-09-19,4.44,4.44,4.44,4.44,1010.0
2018-09-20,4.44,4.44,4.4,4.44,8010.0
2018-09-21,4.44,4.5,4.44,4.49,3650.0
2018-09-24,4.49,4.5,4.49,4.49,15490.0
2018-09-25,4.49,4.5,4.49,4.5,1850.0
2018-09-26,4.5,4.5,4.4,4.48,1900.0
2018-09-27,4.49,4.49,4.49,4.49,10.0
2018-09-28,4.49,4.49,4.49,4.49,10.0
2018-10-01,4.45,4.49,4.4,4.45,3550.0
2018-10-02,4.49,4.49,4.4,4.49,4110.0
2018-10-03,4.55,4.93,4.55,4.9,120030.0
2018-10-04,4.92,4.92,4.88,4.88,2020.0
2018-10-05,4.9,4.93,4.77,4.93,39530.0
2018-10-08,4.95,4.96,4.94,4.95,100400.0
2018-10-09,4.95,4.95,4.78,4.95,78560.0
2018-10-10,4.82,4.95,4.82,4.95,70450.0
2018-10-11,4.8,4.95,4.8,4.95,241220.0
2018-10-12,4.85,4.91,4.43,4.79,45530.0
2018-10-15,4.79,4.9,4.79,4.9,4210.0
2018-10-16,4.8,4.87,4.64,4.7,1060.0
2018-10-17,4.8,4.93,4.8,4.9,6180.0
2018-10-18,4.61,4.78,4.4,4.7,4790.0
2018-10-19,4.6,4.79,4.5,4.78,6720.0
2018-10-22,4.78,4.78,4.51,4.74,130.0
2018-10-23,4.68,4.68,4.6,4.6,1470.0
2018-10-24,4.74,4.77,4.73,4.75,10160.0
2018-10-25,4.61,4.77,4.61,4.65,3110.0
2018-10-26,4.74,4.74,4.55,4.7,6500.0
2018-10-29,4.74,4.75,4.74,4.75,1600.0
2018-10-30,4.74,4.74,4.74,4.74,0.0
2018-10-31,4.74,4.75,4.74,4.75,4410.0
2018-11-02,4.6,4.75,4.6,4.75,50.0
2018-11-05,4.75,4.75,4.75,4.75,0.0
2018-11-06,4.74,4.74,4.74,4.74,40.0
2018-11-07,4.74,4.74,4.74,4.74,2120.0
2018-11-08,4.75,4.75,4.75,4.75,10.0
2018-11-09,4.75,4.75,4.75,4.75,10.0
2018-11-13,4.5,4.74,4.5,4.74,2130.0
2018-11-14,4.75,4.75,4.75,4.75,0.0
2018-11-15,4.75,4.75,4.75,4.75,0.0
2018-11-16,4.75,4.75,4.75,4.75,10.0
2018-11-19,4.75,4.75,4.74,4.74,440.0
2018-11-20,4.74,4.74,4.74,4.74,10.0
2018-11-21,4.74,4.74,4.71,4.71,300.0
2018-11-22,4.74,4.74,4.74,4.74,10.0
2018-11-23,4.74,4.74,4.61,4.73,150.0
2018-11-26,4.73,4.73,4.65,4.7,5010.0
2018-11-27,4.73,4.73,4.73,4.73,0.0
2018-11-28,4.7,4.73,4.69,4.73,400.0
2018-11-29,4.73,4.73,4.55,4.65,5170.0
2018-11-30,4.65,4.67,4.65,4.67,200.0
2018-12-03,4.65,4.67,4.55,4.67,2130.0
2018-12-04,4.65,4.65,4.65,4.65,0.0
2018-12-05,4.56,4.65,4.45,4.45,180.0
2018-12-06,4.47,4.47,4.47,4.47,10.0
2018-12-07,4.49,4.7,4.21,4.7,31460.0
2018-12-10,4.68,4.68,4.67,4.67,510.0
2018-12-11,4.67,4.67,4.65,4.65,140.0
2018-12-12,4.6,4.65,4.6,4.6,10.0
2018-12-13,4.64,4.64,4.5,4.5,210.0
2018-12-14,4.5,4.5,4.06,4.45,6700.0
2018-12-17,4.4,4.64,4.4,4.64,3580.0
2018-12-18,4.63,4.63,4.5,4.5,10.0
2018-12-19,4.5,4.64,4.4,4.64,810.0
2018-12-20,4.64,4.64,4.64,4.64,10.0
2018-12-21,4.64,4.64,4.33,4.63,2610.0
2018-12-27,4.23,4.57,4.0,4.57,8039.999999999999
2018-12-28,4.59,4.59,4.59,4.59,10.0
2019-01-02,4.57,4.57,4.5,4.5,1790.0
2019-01-03,4.5,4.51,4.5,4.51,2009.9999999999998
2019-01-04,4.51,4.51,4.37,4.5,80.0
2019-01-07,4.5,4.5,4.5,4.5,10.0
2019-01-08,4.5,4.5,4.5,4.5,10.0
2019-01-09,4.5,4.5,4.5,4.5,10.0
2019-01-10,4.5,4.5,4.5,4.5,10.0
2019-01-11,4.5,4.5,4.5,4.5,210.0
2019-01-14,4.5,4.5,4.5,4.5,2160.0
2019-01-15,4.5,4.5,4.5,4.5,510.0
2019-01-16,4.5,4.5,4.4,4.5,3710.0
2019-01-17,4.5,4.5,4.4,4.49,2009.9999999999998
2019-01-18,4.49,4.49,4.4,4.48,650.0
2019-01-21,4.48,4.48,4.4,4.48,8770.0
2019-01-22,4.46,4.48,4.46,4.48,4860.0
2019-01-23,4.48,4.48,4.47,4.47,10.0
2019-01-24,4.47,4.47,4.41,4.47,590.0
2019-01-25,4.47,4.47,4.4,4.47,1010.0
2019-01-28,4.47,4.47,4.47,4.47,10.0
2019-01-29,4.47,4.47,4.47,4.47,10.0
2019-01-30,4.45,4.47,4.45,4.47,190.0
2019-01-31,4.47,4.47,4.47,4.47,210.0
2019-02-01,4.47,4.47,4.38,4.47,0.0
2019-02-04,4.38,4.45,4.38,4.45,2110.0
2019-02-05,4.45,4.45,4.35,4.45,120.0
2019-02-06,4.44,4.44,4.44,4.44,0.0
2019-02-07,4.44,4.44,4.44,4.44,10.0
2019-02-08,4.44,4.44,4.44,4.44,190.0
2019-02-11,4.44,4.44,4.44,4.44,10.0
2019-02-12,4.44,4.44,4.43,4.43,10.0
2019-02-13,4.43,4.43,4.36,4.43,90.0
2019-02-14,4.43,4.43,4.42,4.42,10.0
2019-02-15,4.42,4.42,4.42,4.42,110.0
2019-02-18,4.4,4.4,4.13,4.35,9460.0
2019-02-19,4.36,4.36,4.35,4.35,6780.0
2019-02-20,4.36,4.36,4.3,4.35,8270.0
2019-02-21,4.36,4.36,4.15,4.35,7650.0
2019-02-22,4.35,4.35,4.3,4.35,1580.0
2019-02-25,4.35,4.35,4.3,4.3,2510.0
2019-02-26,4.28,4.28,4.2,4.28,3310.0
2019-02-27,4.32,4.41,4.32,4.41,520.0
2019-02-28,4.4,4.4,4.39,4.39,10.0
2019-03-01,4.4,4.4,4.4,4.4,10.0
2019-03-04,4.43,4.43,4.25,4.3,2040.0
2019-03-05,4.43,4.43,4.25,4.25,0.0
2019-03-06,4.25,4.37,4.22,4.29,9870.0
2019-03-07,4.29,4.34,4.25,4.34,610.0
2019-03-08,4.34,4.34,4.25,4.34,1850.0
2019-03-11,4.35,4.35,4.18,4.28,450.0
2019-03-12,4.35,4.35,4.28,4.35,1020.0
2019-03-13,4.35,4.35,4.35,4.35,20.0
2019-03-14,4.35,4.35,4.35,4.35,20.0
2019-03-15,4.35,4.35,4.35,4.35,0.0
2019-03-18,4.35,4.35,4.35,4.35,20.0
2019-03-19,4.14,4.34,4.14,4.34,160.0
2019-03-20,4.14,4.35,4.14,4.35,3380.0
2019-03-22,4.35,4.35,4.35,4.35,20.0
2019-03-25,4.14,4.34,4.14,4.34,1500.0
2019-03-26,4.35,4.35,4.18,4.35,1010.0
2019-03-27,4.35,4.35,4.35,4.35,30.0
2019-03-28,4.34,4.35,4.34,4.35,1210.0
2019-03-29,4.35,4.35,4.18,4.35,1970.0
2019-04-01,4.35,4.35,4.1,4.1,120.0
2019-04-02,4.35,4.35,4.24,4.35,200.0
2019-04-03,4.35,4.35,4.35,4.35,20.0
2019-04-04,4.24,4.35,4.24,4.35,2050.0
2019-04-05,4.35,4.35,4.2,4.35,400.0
2019-04-08,4.35,4.35,4.35,4.35,20.0
2019-04-09,4.34,4.34,4.34,4.34,0.0
2019-04-10,4.32,4.32,4.32,4.32,0.0
2019-04-11,4.32,4.32,4.0,4.32,3720.0
2019-04-12,4.32,4.32,4.01,4.32,390.0
2019-04-15,4.24,4.24,3.9,4.15,14290.0
2019-04-16,4.15,4.16,4.15,4.16,4100.0
2019-04-17,4.16,4.16,4.16,4.16,1500.0
2019-04-18,4.15,4.15,4.01,4.14,4100.0
2019-04-23,4.1,4.1,4.1,4.1,10.0
2019-04-24,4.1,4.13,4.0,4.1,3940.0
2019-04-25,4.12,4.12,4.12,4.12,0.0
2019-04-26,4.1,4.1,4.1,4.1,500.0
2019-04-30,4.1,4.12,4.1,4.12,630.0
2019-05-02,4.02,4.2,4.02,4.2,1200.0
2019-05-06,3.83,4.2,3.83,4.1,1330.0
2019-05-07,4.1,4.1,3.85,4.1,1000.0
2019-05-08,4.1,4.1,3.82,4.09,420.0
2019-05-09,4.05,4.05,4.05,4.05,900.0
2019-05-10,3.88,4.0,3.88,3.95,2140.0
2019-05-13,3.95,3.95,3.81,3.9,750.0
2019-05-14,3.9,4.1,3.9,4.0,1700.0
2019-05-15,4.1,4.1,3.89,4.08,4130.0
2019-05-16,3.83,4.02,3.83,3.85,400.0
2019-05-17,4.09,4.09,4.09,4.09,0.0
2019-05-20,4.1,4.1,3.84,4.09,500.0
2019-05-21,3.84,4.09,3.84,4.08,1040.0
2019-05-22,4.1,4.1,4.0,4.0,650.0
2019-05-23,3.9,4.0,3.9,3.9,500.0
2019-05-24,3.9,3.9,3.9,3.9,500.0
2019-05-27,3.9,3.9,3.9,3.9,1210.0
2019-05-28,3.95,3.95,3.95,3.95,0.0
2019-05-29,3.94,3.94,3.71,3.94,2410.0
2019-05-30,3.95,3.95,3.95,3.95,0.0
2019-05-31,3.95,3.95,3.95,3.95,10.0
2019-06-03,3.95,3.95,3.95,3.95,0.0
2019-06-04,3.95,3.95,3.95,3.95,0.0
2019-06-05,3.56,3.91,3.56,3.91,2590.0
2019-06-06,3.87,3.91,3.85,3.91,0.0
2019-06-07,3.9,3.92,3.9,3.92,0.0
2019-06-10,3.91,3.91,3.88,3.91,10.0
2019-06-11,3.92,3.92,3.7,3.85,300.0
2019-06-12,3.8,3.86,3.79,3.86,560.0
2019-06-13,3.86,3.86,3.86,3.86,0.0
2019-06-14,3.85,3.85,3.79,3.84,1390.0
2019-06-17,3.84,3.84,3.7,3.83,560.0
2019-06-18,3.83,3.83,3.64,3.83,480.0
2019-06-19,3.83,3.83,3.83,3.83,0.0
2019-06-21,3.81,3.86,3.81,3.86,2540.0
2019-06-24,3.85,3.85,3.85,3.85,70.0
2019-06-25,3.85,3.85,3.55,3.85,6160.0
2019-06-26,3.85,3.85,3.75,3.85,850.0
2019-06-27,3.8,3.8,3.72,3.8,390.0
2019-07-01,3.56,3.7,3.49,3.49,10110.0
2019-07-02,3.5,3.63,3.5,3.63,3580.0
2019-07-03,3.61,3.61,3.48,3.61,290.0
2019-07-04,3.59,3.63,3.59,3.63,3350.0
2019-07-05,3.64,3.8,3.63,3.8,8390.0
2019-07-08,3.63,3.76,3.63,3.76,4120.0
2019-07-09,3.76,3.8,3.76,3.79,2800.0
2019-07-10,3.79,3.79,3.79,3.79,170.0
2019-07-15,3.63,3.78,3.5,3.64,4150.0
2019-07-16,3.46,3.61,3.45,3.55,2200.0
2019-07-17,3.62,3.63,3.5,3.6,4960.0
2019-07-18,3.63,3.63,3.63,3.63,0.0
2019-07-19,3.5,3.61,3.5,3.61,200.0
2019-07-23,3.73,3.73,3.57,3.66,2280.0
2019-07-24,3.66,3.68,3.46,3.68,840.0
2019-07-25,3.4,3.79,3.4,3.79,12810.0
2019-07-26,3.78,3.78,3.78,3.78,0.0
2019-07-29,3.78,3.78,3.68,3.78,290.0
2019-07-30,3.79,3.79,3.68,3.79,1300.0
2019-07-31,3.62,3.79,3.62,3.79,3990.0
2019-08-01,3.79,3.79,3.63,3.79,2000.0
2019-08-06,3.48,3.75,3.44,3.75,60.0
2019-08-07,3.8,3.8,3.65,3.79,2090.0
2019-08-08,3.6,3.78,3.6,3.78,480.0
2019-08-09,3.6,3.77,3.6,3.77,2000.0
2019-08-12,3.8,3.8,3.66,3.78,2000.0
2019-08-13,3.78,3.78,3.78,3.78,0.0
2019-08-14,3.8,3.8,3.6,3.75,4019.9999999999995
2019-08-16,3.75,3.75,3.75,3.75,300.0
2019-08-19,3.77,3.77,3.77,3.77,0.0
2019-08-20,3.65,3.65,3.65,3.65,620.0
2019-08-21,3.76,3.76,3.76,3.76,0.0
2019-08-22,3.75,3.75,3.75,3.75,0.0
2019-08-23,3.7,3.75,3.7,3.75,500.0
2019-08-26,3.75,3.75,3.7,3.7,2640.0
2019-08-27,3.75,3.75,3.75,3.75,0.0
2019-08-28,3.75,3.75,3.75,3.75,0.0
2019-08-29,3.75,3.75,3.69,3.69,0.0
2019-08-30,3.69,3.69,3.69,3.69,0.0
2019-09-02,3.69,3.75,3.69,3.75,270.0
2019-09-03,3.75,3.75,3.75,3.75,0.0
2019-09-04,3.75,3.75,3.59,3.75,650.0
2019-09-05,3.75,3.75,3.75,3.75,0.0
2019-09-06,3.75,3.75,3.59,3.75,4200.0
2019-09-09,3.53,3.68,3.53,3.68,390.0
2019-09-11,3.5,3.66,3.5,3.66,440.0
2019-09-12,3.66,3.66,3.66,3.66,200.0
2019-09-13,3.66,3.66,3.66,3.66,0.0
2019-09-16,3.75,3.75,3.6,3.75,16000.0
2019-09-18,3.6,3.75,3.6,3.75,0.0
2019-09-19,3.75,3.75,3.75,3.75,0.0
2019-09-20,3.75,3.75,3.75,3.75,0.0
2019-09-23,3.75,3.75,3.75,3.75,0.0
2019-09-24,3.75,3.75,3.75,3.75,0.0
2019-09-25,3.75,3.75,3.75,3.75,0.0
2019-09-26,3.75,3.75,3.75,3.75,0.0
2019-09-27,3.61,3.61,3.61,3.61,0.0
2019-09-30,3.75,3.75,3.75,3.75,0.0
2019-10-01,3.6,3.75,3.6,3.75,0.0
2019-10-02,3.75,3.75,3.41,3.74,3900.0
2019-10-03,3.74,3.74,3.74,3.74,0.0
2019-10-04,3.5,3.69,3.5,3.69,7960.0
2019-10-07,3.72,3.72,3.72,3.72,0.0
2019-10-08,3.73,3.73,3.59,3.73,610.0
2019-10-09,3.73,3.73,3.73,3.73,0.0
2019-10-10,3.73,3.73,3.61,3.65,500.0
2019-10-11,3.73,3.73,3.73,3.73,0.0
2019-10-14,3.73,3.73,3.53,3.66,1510.0
2019-10-15,3.73,3.73,3.48,3.65,20.0
2019-10-16,3.65,3.65,3.65,3.65,0.0
2019-10-17,3.65,3.65,3.6,3.65,670.0
2019-10-18,3.65,3.65,3.46,3.6,10.0
2019-10-21,3.47,3.65,3.47,3.65,200.0
2019-10-22,3.65,3.65,3.47,3.47,2780.0
2019-10-23,3.65,3.65,3.5,3.65,1000.0
2019-10-24,3.65,3.65,3.65,3.65,0.0
2019-10-25,3.65,3.65,3.65,3.65,0.0
2019-10-28,3.65,3.65,3.44,3.53,2070.0
2019-10-29,3.5,3.65,3.5,3.65,500.0
2019-10-30,3.6,3.6,3.6,3.6,0.0
2019-10-31,3.6,3.6,3.6,3.6,0.0
2019-11-04,3.59,3.59,3.32,3.45,4210.0
2019-11-05,3.45,3.48,3.42,3.48,1540.0
2019-11-06,3.56,3.56,3.38,3.45,1000.0
2019-11-07,3.45,3.45,3.28,3.4,800.0
2019-11-12,3.3,3.44,3.3,3.43,720.0
2019-11-13,3.4,3.57,3.4,3.57,8420.0
2019-11-14,3.58,3.58,3.41,3.57,200.0
2019-11-15,3.57,3.57,3.41,3.57,1930.0
2019-11-18,3.57,3.57,3.57,3.57,0.0
2019-11-19,3.5,3.5,3.5,3.5,0.0
2019-11-20,3.5,3.5,3.5,3.5,0.0
2019-11-21,3.48,3.48,3.48,3.48,0.0
2019-11-22,3.5,3.5,3.5,3.5,0.0
2019-11-25,3.5,3.5,3.44,3.44,30300.0
2019-11-26,3.48,3.48,3.48,3.48,0.0
2019-11-28,3.4,3.48,3.32,3.45,15750.0
2019-11-29,3.45,3.45,3.45,3.45,0.0
2019-12-02,3.48,3.48,3.48,3.48,100.0
2019-12-03,3.5,3.5,3.4,3.48,760.0
2019-12-04,3.52,3.52,3.52,3.52,0.0
2019-12-05,3.56,3.56,3.4,3.48,100.0
2019-12-06,3.56,3.56,3.32,3.45,80.0
2019-12-09,3.45,3.56,3.45,3.56,80.0
2019-12-10,3.56,3.56,3.44,3.46,11000.0
2019-12-11,3.56,3.56,3.4,3.44,10.0
2019-12-12,3.56,3.56,3.44,3.44,140.0
2019-12-13,3.56,3.56,3.46,3.46,150.0
2019-12-16,3.56,3.56,3.4,3.4,230.0
2019-12-17,3.56,3.56,3.56,3.56,0.0
2019-12-18,3.56,3.56,3.56,3.56,0.0
2019-12-19,3.31,3.5,3.31,3.39,1200.0
2019-12-20,3.49,3.49,3.49,3.49,0.0
2019-12-23,3.26,3.42,3.26,3.35,2330.0
2019-12-27,3.39,3.44,3.26,3.44,1200.0
2019-12-30,3.42,3.45,3.26,3.45,700.0
2020-01-02,3.26,3.42,3.26,3.42,2000.0
2020-01-03,3.18,3.38,3.18,3.38,1480.0
2020-01-07,3.55,3.55,3.2,3.2,1460.0
2020-01-08,3.49,3.49,3.36,3.36,100.0
2020-01-09,3.45,3.45,3.45,3.45,0.0
2020-01-10,3.44,3.44,3.44,3.44,0.0
2020-01-13,3.4,3.4,3.16,3.34,2490.0
2020-01-14,3.4,3.4,3.4,3.4,0.0
2020-01-16,3.06,3.33,3.06,3.33,2830.0
2020-01-17,3.3,3.3,3.0,3.15,5500.0
2020-01-20,3.15,3.15,3.12,3.15,210.0
2020-01-21,3.15,3.15,3.02,3.15,800.0
2020-01-22,3.15,3.15,3.15,3.15,0.0
2020-01-23,3.15,3.15,3.15,3.15,0.0
2020-01-24,3.02,3.15,3.02,3.15,3310.0
2020-01-27,3.15,3.15,3.08,3.13,430.0
2020-01-28,3.15,3.15,3.08,3.08,210.0
2020-01-29,3.15,3.15,3.15,3.15,0.0
2020-01-30,3.15,3.15,3.0,3.1,5500.0
2020-01-31,3.1,3.15,3.0,3.15,1090.0
2020-02-03,3.15,3.15,3.0,3.14,400.0
2020-02-04,3.15,3.15,2.97,3.12,2530.0
2020-02-05,3.14,3.14,2.98,3.1,2470.0
2020-02-07,3.09,3.1,2.9,3.1,4370.0
2020-02-10,3.1,3.1,2.8,2.98,4570.0
2020-02-11,3.14,3.14,3.14,3.14,0.0
2020-02-12,3.14,3.14,2.9,3.14,40.0
2020-02-13,3.14,3.14,3.02,3.14,0.0
2020-02-14,3.14,3.14,2.88,3.13,160.0
2020-02-17,3.13,3.13,3.13,3.13,0.0
2020-02-18,2.9,3.13,2.88,3.13,2500.0
2020-02-19,3.13,3.13,3.0,3.02,1100.0
2020-02-20,3.13,3.13,3.02,3.13,610.0
2020-02-21,3.13,3.13,3.02,3.13,1530.0
2020-02-24,3.13,3.13,2.91,2.91,160.0
2020-02-25,3.13,3.13,2.9,3.13,1740.0
2020-02-26,3.13,3.13,2.96,3.05,2360.0
2020-02-27,3.04,3.04,3.04,3.04,530.0
2020-02-28,2.81,3.04,2.81,3.03,1630.0
2020-03-02,3.03,3.04,2.9,3.04,770.0
2020-03-03,3.04,3.04,2.98,3.02,880.0
2020-03-04,3.04,3.04,3.03,3.04,670.0
2020-03-05,2.86,3.03,2.86,3.03,2470.0
2020-03-06,3.04,3.04,2.86,3.0,670.0
2020-03-09,3.0,3.0,2.63,2.77,2460.0
2020-03-10,2.54,2.76,2.54,2.76,3560.0
2020-03-11,2.76,2.76,2.5,2.6,3220.0
2020-03-12,2.58,2.58,2.22,2.4,2100.0
2020-03-16,2.28,2.48,2.2,2.48,7650.0
2020-03-17,2.7,2.7,2.7,2.7,250.0
2020-03-18,2.7,2.87,2.7,2.87,40.0
2020-03-19,2.55,2.81,2.55,2.81,800.0
2020-03-20,2.79,2.79,2.79,2.79,0.0
2020-03-23,2.85,2.85,2.84,2.84,10.0
2020-03-24,2.8,2.8,2.8,2.8,1000.0
2020-03-30,2.78,2.78,2.64,2.77,4810.0
2020-03-31,2.8,2.8,2.8,2.8,290.0
2020-04-01,2.88,2.9,2.62,2.8,840.0
2020-04-02,2.8,4.02,2.8,4.02,88830.0
2020-04-06,6.0,6.0,6.0,6.0,111950.0
2020-04-07,6.1,6.3,4.5,5.1,277910.0
2020-04-08,4.78,4.9,4.32,4.36,61050.0
2020-04-09,4.36,4.9,4.04,4.52,214830.0
2020-04-14,5.0,5.1,4.12,4.34,306690.0
2020-04-15,4.1,4.18,3.72,4.0,61240.0
2020-04-16,4.1,4.82,3.98,4.82,156750.0
2020-04-17,4.8,4.8,4.32,4.48,115830.0
2020-04-20,4.48,4.66,4.12,4.46,52080.0
2020-04-21,4.8,4.94,4.34,4.56,197440.0
2020-04-22,4.52,4.52,4.2,4.48,36560.0
2020-04-23,4.48,4.48,4.32,4.42,6480.0
2020-04-24,4.4,4.46,4.34,4.46,16280.000000000002
2020-04-27,4.5,4.5,4.2,4.34,53650.0
2020-04-28,4.22,4.7,4.22,4.38,72080.0
2020-04-29,4.4,4.68,4.34,4.38,16680.0
2020-04-30,4.44,4.6,4.32,4.6,19640.0
2020-05-04,4.9,5.0,4.54,4.6,65120.00000000001
2020-05-05,4.74,4.74,4.34,4.54,39230.0
2020-05-06,4.56,4.56,4.24,4.36,16750.0
2020-05-07,4.3,4.4,4.22,4.38,11430.0
2020-05-08,4.38,4.48,4.24,4.46,11960.0
2020-05-11,4.26,4.5,4.26,4.26,5430.0
2020-05-12,4.26,4.46,4.1,4.1,18640.0
2020-05-13,4.2,4.3,4.0,4.26,20030.0
2020-05-14,4.34,4.34,4.02,4.1,2120.0
2020-05-15,4.1,4.14,4.02,4.12,5950.0
2020-05-18,4.22,4.22,4.04,4.06,4320.0
2020-05-19,4.28,4.28,4.0,4.02,6780.0
2020-05-20,4.18,4.18,3.98,4.08,5550.0
2020-05-21,3.98,4.0,3.9,4.0,4820.0
2020-05-22,4.0,4.14,3.92,4.1,10450.0
2020-05-25,4.0,4.08,3.94,4.08,14660.0
2020-05-26,4.08,4.08,3.96,4.08,7880.0
2020-05-27,4.08,4.08,4.0,4.06,9580.0
2020-05-28,4.1,4.1,3.72,4.0,9780.0
2020-05-29,4.04,4.1,3.8,4.0,6530.0
2020-06-01,3.9,4.06,3.9,4.04,8750.0
2020-06-02,4.0,4.0,3.84,3.98,9780.0
2020-06-03,3.98,3.98,3.8,3.84,7110.0
2020-06-04,3.86,3.9,3.84,3.88,3670.0
2020-06-05,3.76,3.94,3.7,3.88,12440.0
2020-06-08,3.86,3.86,3.76,3.86,2250.0
2020-06-09,3.72,3.76,3.64,3.74,10700.0
2020-06-10,3.74,3.78,3.6,3.78,5750.0
2020-06-12,3.78,3.78,3.64,3.78,1870.0
2020-06-15,3.78,3.8,3.64,3.8,8350.0
2020-06-16,3.9,3.92,3.72,3.9,1560.0
2020-06-17,3.82,3.9,3.8,3.9,3980.0
2020-06-18,4.14,4.32,4.1,4.14,44570.0
2020-06-19,4.2,4.2,3.94,4.06,8960.0
2020-06-22,4.06,4.24,4.06,4.2,21840.0
2020-06-23,4.2,4.2,3.92,4.06,20340.0
2020-06-24,4.1,4.16,3.98,3.98,8610.0
2020-06-25,4.1,4.2,3.98,4.18,6260.0
2020-06-26,4.18,4.18,3.98,4.18,6660.0
2020-06-29,4.18,4.18,4.1,4.1,10.0
2020-06-30,4.12,4.18,3.92,3.92,14940.0
2020-07-01,3.92,4.06,3.92,4.06,1330.0
2020-07-02,4.04,4.1,3.9,4.1,3870.0
2020-07-03,4.1,4.1,4.04,4.1,470.0
2020-07-06,4.0,4.06,3.96,4.06,5830.0
2020-07-07,4.08,4.08,3.98,4.06,11140.0
2020-07-08,4.06,4.06,3.84,3.9,14930.0
2020-07-09,4.06,4.1,3.96,4.06,17900.0
2020-07-10,4.06,4.06,3.96,3.98,3530.0
2020-07-13,4.04,4.04,3.84,3.9,7840.0
2020-07-14,3.9,4.0,3.84,4.0,6690.0
2020-07-15,4.0,4.0,3.84,3.86,10150.0
2020-07-16,4.0,4.08,3.92,4.0,26540.0
2020-07-17,3.94,4.0,3.9,3.98,4560.0
2020-07-20,4.0,4.46,4.0,4.3,166620.0
2020-07-21,4.6,4.72,4.38,4.48,129100.0
2020-07-22,4.6,4.74,4.4,4.5,139630.0
2020-07-23,4.66,5.7,4.5,4.9,388650.0
2020-07-24,5.1,5.1,4.9,5.0,142860.0
2020-07-27,5.45,6.3,5.15,6.0,647620.0
2020-07-28,6.5,7.15,6.4,6.9,725080.0
2020-07-29,7.15,7.9,6.5,6.6,761950.0
2020-07-30,6.6,6.7,5.2,5.35,386470.0
2020-07-31,5.55,6.2,5.3,6.1,213940.0
2020-08-03,6.95,7.6,6.4,6.4,433420.0
2020-08-04,6.8,6.8,5.6,5.95,317370.0
2020-08-05,6.0,6.05,5.5,5.6,169030.0
2020-08-06,5.65,6.2,5.4,5.65,120380.0
2020-08-07,5.6,5.65,5.05,5.5,107190.0
2020-08-10,5.9,5.9,5.2,5.2,81600.0
2020-08-11,5.2,5.25,4.5,4.5,220290.0
2020-08-12,4.3,4.5,4.0,4.06,168820.0
2020-08-13,4.02,4.72,4.02,4.62,92420.0
2020-08-14,4.76,5.0,4.4,4.78,38550.0
2020-08-17,4.9,5.3,4.7,5.3,54500.0
2020-08-18,5.35,5.45,4.82,5.1,59170.0
2020-08-19,4.92,5.45,4.9,5.2,90710.0
2020-08-20,5.2,5.3,4.84,5.0,45700.0
2020-08-21,5.1,5.1,4.8,4.94,22150.0
2020-08-24,5.0,5.25,4.88,5.1,43780.0
2020-08-25,5.15,5.3,4.9,4.92,59330.0
2020-08-26,5.0,5.15,4.72,5.0,44040.0
2020-08-27,5.1,5.1,4.86,5.1,18160.0
2020-08-28,4.88,5.3,4.8,5.2,43530.0
2020-08-31,5.3,5.3,5.0,5.15,39350.0
2020-09-01,6.0,6.4,4.92,4.98,587110.0
2020-09-02,5.0,5.15,4.66,4.92,131610.0
2020-09-03,4.8,5.0,4.7,4.72,53870.0
2020-09-04,4.58,4.88,4.28,4.6,94840.0
2020-09-07,4.68,5.4,4.56,5.4,282500.0
2020-09-08,5.4,5.55,4.6,4.86,198180.0
2020-09-09,4.82,5.15,4.7,4.96,74450.0
2020-09-10,5.05,5.05,4.64,4.76,64410.0
2020-09-11,4.76,4.88,4.5,4.86,58110.0
2020-09-14,4.8,4.98,4.76,4.9,19840.0
2020-09-15,4.88,4.94,4.72,4.92,26560.0
2020-09-16,4.94,4.96,4.66,4.86,24590.0
2020-09-17,4.72,4.78,4.54,4.7,24710.0
2020-09-18,4.7,4.94,4.6,4.86,65750.0
2020-09-21,4.8,4.88,4.76,4.82,37780.0
2020-09-22,4.72,4.84,4.64,4.68,46350.0
2020-09-23,4.64,5.0,4.32,4.74,124220.0
2020-09-24,4.7,4.76,4.56,4.66,29610.0
2020-09-25,4.68,4.8,4.58,4.74,23930.0
2020-09-28,4.74,4.78,4.62,4.78,34390.0
2020-09-29,4.78,4.84,4.52,4.64,45570.0
2020-09-30,4.66,4.8,4.36,4.58,101420.0
2020-10-01,4.36,4.54,4.14,4.44,101720.0
2020-10-02,4.48,4.66,4.36,4.62,26110.0
2020-10-05,4.62,4.88,4.6,4.82,32540.0
2020-10-06,4.92,5.2,4.92,5.05,88160.0
2020-10-07,5.05,5.25,4.98,5.1,98400.0
2020-10-08,5.2,5.7,5.1,5.6,409490.0
2020-10-09,6.0,6.1,4.9,5.15,619050.0
2020-10-12,5.1,5.2,4.72,4.94,141420.0
2020-10-13,5.1,5.1,4.6,4.7,120810.0
2020-10-14,4.66,4.9,4.58,4.62,111630.0
2020-10-15,4.6,4.7,4.52,4.6,76950.0
2020-10-16,4.6,4.7,4.56,4.64,19960.0
2020-10-19,4.58,4.68,4.48,4.5,64260.00000000001
2020-10-20,4.5,4.56,4.4,4.56,24770.0
2020-10-21,4.56,4.56,4.4,4.46,29640.0
2020-10-22,4.42,4.5,4.18,4.42,132120.0
2020-10-23,4.44,4.5,4.22,4.44,56470.0
2020-10-26,4.44,4.44,4.26,4.26,30280.0
2020-10-27,4.2,4.22,4.06,4.1,54930.0
2020-10-28,4.1,4.18,3.66,3.84,179840.0
2020-10-29,3.7,4.06,3.7,3.98,46740.0
2020-10-30,4.0,4.2,3.98,4.1,62120.0
2020-11-02,4.1,4.4,4.1,4.3,20420.0
2020-11-03,4.22,4.32,4.02,4.28,19010.0
2020-11-04,4.26,4.26,4.08,4.18,13210.0
2020-11-05,4.2,4.28,4.1,4.24,21170.0
2020-11-06,4.2,4.28,4.12,4.24,11950.0
2020-11-09,4.3,4.32,3.88,4.1,99730.0
2020-11-10,4.06,4.06,3.76,4.0,51480.0
2020-11-12,4.06,4.06,3.94,4.06,17470.0
2020-11-13,4.06,4.3,4.0,4.3,39110.0
2020-11-16,4.3,4.36,4.0,4.36,84350.0
2020-11-17,4.3,4.3,4.0,4.08,42130.0
2020-11-18,4.16,4.16,3.96,4.1,16420.0
2020-11-19,4.08,4.12,3.98,4.04,53300.0
2020-11-20,4.08,4.1,3.98,4.1,12770.0
2020-11-23,4.1,4.18,4.02,4.08,15220.0
2020-11-24,4.14,4.28,4.02,4.24,72030.0
2020-11-25,4.26,4.36,4.2,4.24,43320.0
2020-11-26,4.36,4.66,4.3,4.66,75820.0
2020-11-27,4.74,4.9,4.7,4.8,90610.0
2020-11-30,4.9,4.9,4.42,4.72,51170.0
2020-12-01,4.28,4.4,4.06,4.26,108900.0
2020-12-02,4.34,4.34,4.08,4.14,30070.0
2020-12-03,4.14,4.24,4.1,4.12,21240.0
2020-12-04,4.2,4.2,4.04,4.14,23610.0
2020-12-07,4.14,4.16,3.9,4.06,51090.0
2020-12-08,4.06,4.08,3.88,4.0,77770.0
2020-12-09,3.9,3.96,3.84,3.84,56890.0
2020-12-10,3.86,3.9,3.7,3.84,90560.0
2020-12-11,3.88,3.88,3.2,3.8,222990.0
2020-12-14,3.8,3.8,3.54,3.72,125310.0
2020-12-15,3.58,3.68,3.52,3.54,102350.0
2020-12-16,3.54,3.66,3.48,3.66,68280.0
2020-12-17,3.66,3.72,3.52,3.6,25260.0
2020-12-18,3.6,3.66,3.52,3.58,49270.0
2020-12-21,3.54,3.64,3.5,3.54,44360.0
2020-12-22,3.6,3.6,3.48,3.5,46790.0
2020-12-23,3.5,3.5,3.3,3.32,78510.0
2020-12-28,3.52,3.52,3.22,3.22,170010.0
2020-12-29,3.24,3.54,3.24,3.52,33700.0
2020-12-30,3.54,3.64,3.5,3.6,7410.0
2021-01-04,3.6,3.72,3.6,3.7,10030.0
2021-01-05,3.7,3.74,3.64,3.66,17520.0
2021-01-07,3.66,3.8,3.6,3.76,37850.0
2021-01-08,3.8,3.8,3.62,3.72,21940.0
2021-01-11,3.66,3.82,3.66,3.78,23420.0
2021-01-12,3.74,3.9,3.74,3.84,36470.0
2021-01-13,3.9,3.9,3.76,3.84,18140.0
2021-01-14,3.86,3.86,3.72,3.72,7440.0
2021-01-15,3.8,3.84,3.74,3.84,12420.0
2021-01-18,3.82,3.98,3.7,3.88,44400.0
2021-01-19,3.94,3.94,3.8,3.8,14020.0
2021-01-20,3.8,3.84,3.76,3.82,6880.0
2021-01-21,3.78,3.88,3.76,3.86,8980.0
2021-01-22,3.88,3.88,3.74,3.8,12860.0
2021-01-25,3.78,3.86,3.76,3.84,11330.0
2021-01-26,3.84,3.84,3.76,3.84,1570.0
2021-01-27,3.84,3.84,3.7,3.78,19330.0
2021-01-28,3.76,3.78,3.66,3.7,13720.0
2021-01-29,3.72,3.76,3.64,3.76,11390.0
2021-02-01,3.76,3.76,3.66,3.74,32780.0
2021-02-02,3.74,3.8,3.66,3.8,19170.0
2021-02-03,3.8,3.8,3.68,3.7,26140.0
2021-02-04,3.7,3.72,3.64,3.72,8360.0
2021-02-05,3.72,3.82,3.68,3.68,46030.0
2021-02-08,3.7,3.76,3.66,3.7,7850.0
2021-02-09,3.68,3.78,3.66,3.72,14060.0
2021-02-10,3.68,3.74,3.66,3.72,17990.0
2021-02-11,3.72,3.72,3.6,3.6,18430.0
2021-02-12,3.62,3.7,3.6,3.7,5280.0
2021-02-15,3.68,3.96,3.6,3.9,99660.0
2021-02-16,4.08,4.1,3.8,3.9,77720.0
2021-02-17,3.94,3.94,3.74,3.84,34980.0
2021-02-18,3.78,3.82,3.74,3.78,5060.0
2021-02-19,3.84,4.18,3.78,4.12,337220.0
2021-02-22,4.16,4.16,3.92,4.08,80560.0
2021-02-23,4.08,4.12,3.9,3.96,39160.0
2021-02-24,3.96,4.14,3.96,4.06,36410.0
2021-02-25,4.02,4.04,3.92,3.98,25930.0
2021-02-26,3.9,3.98,3.82,3.98,11580.0
2021-03-01,3.86,4.08,3.84,4.06,23900.0
2021-03-02,4.06,4.08,3.98,4.04,4550.0
2021-03-03,3.94,4.06,3.86,3.86,17210.0
2021-03-04,3.9,3.94,3.84,3.84,10340.0
2021-03-05,3.84,4.08,3.84,4.02,22240.0
2021-03-08,4.06,4.08,3.94,3.94,22640.0
2021-03-09,3.92,4.0,3.78,3.9,51290.0
2021-03-10,3.88,3.92,3.76,3.88,57110.0
2021-03-11,3.92,3.92,3.8,3.9,6270.0
2021-03-12,3.9,3.92,3.82,3.92,18780.0
2021-03-15,3.88,3.92,3.82,3.92,14790.0
2021-03-16,3.9,3.9,3.8,3.88,22930.0
2021-03-17,3.88,3.98,3.76,3.88,88220.0
2021-03-18,3.8,4.06,3.8,4.0,55290.0
2021-03-19,4.0,4.06,3.96,4.0,9570.0
2021-03-22,4.0,4.04,3.8,3.9,36660.0
2021-03-23,3.8,3.9,3.76,3.84,26290.0
2021-03-24,3.84,3.96,3.8,3.9,12020.0
2021-03-25,3.98,4.04,3.86,3.94,39750.0
2021-03-26,3.94,4.02,3.9,3.98,36900.0
2021-03-29,3.98,4.06,3.88,3.96,46750.0
2021-03-30,3.96,3.96,3.84,3.9,22940.0
2021-03-31,3.92,3.94,3.82,3.94,28770.0
2021-04-01,3.85,3.99,3.85,3.9,13070.0
2021-04-06,3.9,3.96,3.87,3.9,7610.0
2021-04-07,3.94,3.94,3.85,3.89,21270.0
2021-04-08,3.89,3.93,3.85,3.93,12230.0
2021-04-09,3.93,3.93,3.87,3.92,3720.0
2021-04-12,3.93,3.94,3.87,3.92,8820.0
2021-04-13,3.92,3.92,3.86,3.9,9800.0
2021-04-14,3.87,3.87,3.83,3.86,10970.0
2021-04-15,3.86,3.9,3.83,3.89,6150.0
2021-04-16,3.89,3.89,3.83,3.88,1670.0
2021-04-19,3.81,3.9,3.81,3.89,25970.0
2021-04-20,3.89,3.97,3.88,3.95,51890.0
2021-04-21,3.95,4.04,3.83,3.99,31400.0
2021-04-22,3.99,3.99,3.85,3.92,20760.0
2021-04-23,3.92,3.93,3.86,3.93,18080.0
2021-04-26,3.94,3.94,3.83,3.94,22950.0
2021-04-27,3.85,3.9,3.81,3.81,10480.0
2021-04-28,3.85,3.89,3.81,3.87,19500.0
2021-04-29,3.92,3.93,3.83,3.83,11450.0
2021-04-30,3.9,3.9,3.79,3.85,34330.0
2021-05-04,3.87,3.87,3.74,3.82,16530.0
2021-05-05,3.75,3.81,3.73,3.73,16530.0
2021-05-06,3.8,3.84,3.72,3.79,8160.0
2021-05-07,3.8,3.8,3.7,3.73,64599.99999999999
2021-05-10,3.69,3.79,3.66,3.79,18040.0
2021-05-11,3.8,3.8,3.62,3.66,17970.0
2021-05-12,3.69,3.78,3.65,3.66,9900.0
2021-05-13,3.76,3.76,3.65,3.7,4140.0
2021-05-14,3.7,3.72,3.67,3.72,4820.0
2021-05-17,3.7,3.72,3.7,3.72,3980.0
2021-05-18,3.72,3.73,3.62,3.71,13530.0
2021-05-19,3.71,3.76,3.63,3.76,7230.0
2021-05-20,3.76,3.76,3.63,3.74,2530.0
2021-05-21,3.74,3.74,3.62,3.69,3880.0
2021-05-24,3.62,3.7,3.5,3.5,27040.0
2021-05-25,3.52,3.66,3.51,3.6,17970.0
2021-05-26,3.58,3.6,3.52,3.59,10320.0
2021-05-27,3.59,3.59,3.52,3.59,3310.0
2021-05-28,3.57,3.69,3.52,3.69,11210.0
2021-05-31,3.69,3.69,3.68,3.69,4740.0
2021-06-01,3.7,3.7,3.56,3.7,8180.0
2021-06-02,3.7,3.7,3.6,3.69,10150.0
2021-06-04,3.62,3.69,3.61,3.69,2300.0
2021-06-07,3.69,3.69,3.6,3.68,6540.0
2021-06-08,3.68,3.68,3.59,3.59,5900.0
2021-06-09,3.64,3.78,3.6,3.69,26200.0
2021-06-10,3.69,3.75,3.65,3.73,4210.0
2021-06-11,3.72,3.72,3.62,3.69,5200.0
2021-06-14,3.72,3.72,3.61,3.69,6770.0
2021-06-15,3.69,3.69,3.61,3.68,360.0
2021-06-16,3.68,3.68,3.58,3.58,15890.0
2021-06-17,3.61,3.65,3.57,3.61,5990.0
2021-06-18,3.61,3.62,3.55,3.61,6310.0
2021-06-21,3.61,3.64,3.54,3.64,1430.0
2021-06-22,3.64,3.64,3.54,3.64,2990.0
2021-06-23,3.6,3.64,3.6,3.64,400.0
2021-06-24,3.64,3.64,3.62,3.62,40.0
2021-06-25,3.65,3.65,3.6,3.64,1680.0
2021-06-28,3.55,3.65,3.53,3.53,22080.0
2021-06-29,3.6,3.6,3.5,3.58,12410.0
2021-06-30,3.58,3.59,3.51,3.59,3780.0
2021-07-01,3.59,3.59,3.51,3.59,510.0
2021-07-02,3.59,3.59,3.52,3.58,330.0
2021-07-05,3.58,3.58,3.51,3.58,2740.0
2021-07-06,3.58,3.58,3.51,3.55,1340.0
2021-07-07,3.55,3.55,3.5,3.54,4740.0
2021-07-08,3.55,3.55,3.46,3.53,6710.0
2021-07-09,3.5,3.58,3.5,3.58,1910.0
2021-07-12,3.57,3.57,3.49,3.57,2560.0
2021-07-13,3.57,3.57,3.48,3.57,610.0
2021-07-14,3.48,3.57,3.48,3.57,90.0
2021-07-15,3.57,3.57,3.45,3.52,14320.0
2021-07-16,3.49,3.5,3.45,3.5,2530.0
2021-07-19,3.52,3.52,3.35,3.49,14630.0
2021-07-20,3.49,3.49,3.36,3.49,2020.0
2021-07-21,3.49,3.6,3.4,3.4,7030.0
2021-07-22,3.51,3.54,3.41,3.54,260.0
2021-07-23,3.54,3.54,3.44,3.5,1500.0
2021-07-26,3.44,3.47,3.4,3.47,4190.0
2021-07-27,3.47,3.47,3.45,3.47,1000.0
2021-07-28,3.47,3.55,3.44,3.54,4180.0
2021-07-29,3.44,3.47,3.37,3.44,7560.0
2021-07-30,3.44,3.44,3.4,3.44,4730.0
2021-08-02,3.44,3.44,3.37,3.44,4930.0
2021-08-03,3.44,3.44,3.35,3.43,5540.0
2021-08-04,3.43,3.43,3.3,3.4,14280.0
2021-08-05,3.32,3.39,3.32,3.39,1140.0
2021-08-06,3.33,3.4,3.33,3.39,1350.0
2021-08-09,3.39,3.4,3.3,3.4,16090.0
2021-08-10,3.43,3.43,3.34,3.43,1160.0
2021-08-11,3.4,3.41,3.35,3.41,3060.0
2021-08-12,3.43,3.43,3.35,3.43,5390.0
2021-08-13,3.44,3.44,3.34,3.43,2610.0
2021-08-16,3.44,3.44,3.36,3.41,3790.0
2021-08-17,3.41,3.41,3.36,3.41,8360.0
2021-08-18,3.41,3.44,3.38,3.44,13130.0
2021-08-19,3.44,3.44,3.33,3.42,8820.0
2021-08-20,3.33,3.4,3.33,3.4,2780.0
2021-08-23,3.35,3.43,3.33,3.43,7920.0
2021-08-24,3.4,3.43,3.32,3.42,11390.0
2021-08-25,3.42,3.42,3.32,3.4,3230.0
2021-08-26,3.4,3.4,3.32,3.39,650.0
2021-08-27,3.32,3.39,3.32,3.39,4190.0
2021-08-30,3.39,3.39,3.31,3.39,6350.0
2021-08-31,3.38,3.39,3.38,3.39,2220.0
2021-09-01,3.38,3.41,3.35,3.41,10990.0
2021-09-02,3.41,3.55,3.38,3.55,2380.0
2021-09-03,3.54,3.54,3.43,3.54,4450.0
2021-09-06,3.55,3.57,3.46,3.56,2660.0
2021-09-07,3.56,3.62,3.48,3.62,5220.0
2021-09-08,3.67,3.8,3.66,3.66,105200.0
2021-09-09,3.62,3.72,3.6,3.63,12230.0
2021-09-10,3.63,3.63,3.5,3.56,9030.0
2021-09-13,3.53,3.63,3.48,3.62,27140.0
2021-09-14,3.63,3.69,3.62,3.68,11670.0
2021-09-15,3.68,3.68,3.62,3.67,3890.0
2021-09-16,3.68,3.69,3.56,3.68,22020.0
2021-09-17,3.68,3.68,3.68,3.68,10.0
2021-09-20,3.68,3.68,3.5,3.65,7180.0
2021-09-21,3.64,3.64,3.52,3.63,1530.0
2021-09-22,3.63,3.63,3.52,3.62,1780.0
2021-09-23,3.62,3.62,3.51,3.62,3490.0
2021-09-24,3.64,3.64,3.52,3.63,430.0
2021-09-27,3.63,3.64,3.4,3.4,6030.0
2021-09-28,3.5,3.56,3.41,3.5,950.0
2021-09-29,3.5,3.62,3.5,3.62,6100.0
2021-09-30,3.6,3.6,3.41,3.58,2210.0
2021-10-01,3.57,3.6,3.4,3.51,11200.0
2021-10-04,3.49,3.49,3.3,3.38,36580.0
2021-10-05,3.38,3.38,3.23,3.32,46250.0
2021-10-06,3.32,3.37,3.25,3.3,29500.0
2021-10-07,3.28,3.38,3.28,3.38,4570.0
2021-10-08,3.38,3.38,3.29,3.37,8720.0
2021-10-11,3.37,3.37,3.3,3.37,23400.0
2021-10-12,3.38,3.38,3.31,3.37,2000.0
2021-10-13,3.36,3.36,3.3,3.36,8270.0
2021-10-14,3.36,3.36,3.25,3.36,12560.0
2021-10-15,3.36,3.36,3.32,3.34,1590.0
2021-10-18,3.35,3.35,3.26,3.33,6750.0
2021-10-19,3.33,3.33,3.25,3.25,6010.0
2021-10-20,3.26,3.3,3.25,3.29,7400.0
2021-10-21,3.3,3.35,3.24,3.35,3890.0
2021-10-22,3.35,3.35,3.24,3.33,1640.0
2021-10-25,3.33,3.35,3.25,3.35,5300.0
2021-10-26,3.35,3.36,3.27,3.36,5220.0
2021-10-27,3.36,3.36,3.26,3.35,3400.0
2021-10-28,3.35,3.35,3.27,3.34,1160.0
2021-10-29,3.32,3.34,3.24,3.3,22530.0
2021-11-02,3.3,3.3,3.25,3.3,2009.9999999999998
2021-11-03,3.3,3.3,3.26,3.3,4360.0
2021-11-04,3.27,3.3,3.24,3.28,5280.0
2021-11-05,3.28,3.35,3.28,3.35,7760.0
2021-11-08,3.35,3.35,3.27,3.34,6130.0
2021-11-09,3.35,3.35,3.28,3.35,2410.0
2021-11-10,3.33,3.33,3.25,3.32,4670.0
2021-11-12,3.32,3.32,3.26,3.3,2029.9999999999998
2021-11-15,3.3,3.34,3.27,3.34,4650.0
2021-11-16,3.34,3.34,3.32,3.32,560.0
2021-11-17,3.33,3.33,3.29,3.32,700.0
2021-11-18,3.33,3.33,3.22,3.32,4920.0
2021-11-19,3.32,3.32,3.23,3.3,3520.0
2021-11-22,3.24,3.3,3.18,3.3,8950.0
2021-11-23,3.3,3.3,3.19,3.29,10150.0
2021-11-24,3.29,3.29,3.2,3.29,600.0
2021-11-25,3.25,3.25,3.02,3.18,13060.0
2021-11-26,3.2,3.2,3.09,3.19,6880.0
2021-11-29,3.15,3.23,3.08,3.23,12040.0
2021-11-30,3.17,3.22,3.17,3.22,220.0
2021-12-01,3.21,3.21,3.13,3.21,1490.0
2021-12-02,3.2,3.2,3.12,3.19,130.0
2021-12-03,3.19,3.19,3.11,3.19,8420.0
2021-12-06,3.19,3.19,3.1,3.18,4200.0
2021-12-07,3.18,3.18,3.12,3.17,2500.0
2021-12-08,3.1,3.18,3.07,3.18,12100.0
2021-12-09,3.18,3.18,3.1,3.18,1350.0
2021-12-10,3.17,3.17,3.11,3.17,670.0
2021-12-13,3.16,3.18,3.09,3.17,15480.0
2021-12-14,3.17,3.17,3.12,3.13,840.0
2021-12-15,3.12,3.14,3.08,3.13,9080.0
2021-12-16,3.13,3.13,3.08,3.13,1150.0
2021-12-17,3.09,3.1,3.06,3.09,1880.0
2021-12-20,3.09,3.09,2.8,3.09,57320.0
2021-12-21,3.03,3.1,2.96,3.09,17150.0
2021-12-22,3.08,3.08,2.9,2.98,20800.0
2021-12-23,2.98,2.98,2.86,2.97,30130.0
2021-12-27,2.97,2.97,2.71,2.88,67950.0
2021-12-28,2.77,2.86,2.66,2.67,160100.0
2021-12-29,2.7,2.95,2.66,2.8,18020.0
2021-12-30,2.8,2.91,2.8,2.88,6140.0
2022-01-03,2.88,2.97,2.88,2.97,31680.0
2022-01-04,2.96,3.05,2.96,3.0,7270.0
2022-01-05,3.03,3.07,3.0,3.07,5640.0
2022-01-07,3.02,3.07,3.01,3.07,1820.0
2022-01-10,3.06,3.06,3.02,3.05,6810.0
2022-01-11,3.04,3.04,3.0,3.0,1190.0
2022-01-12,2.99,3.04,2.92,3.04,6420.0
2022-01-13,2.93,3.04,2.93,3.04,16430.0
2022-01-14,3.04,3.04,2.96,3.03,1830.0
2022-01-17,3.02,3.02,3.01,3.01,10.0
2022-01-18,2.95,2.99,2.95,2.99,1580.0
2022-01-19,2.98,2.98,2.92,2.98,4040.0
2022-01-20,2.97,3.02,2.95,3.02,830.0
2022-01-21,2.99,3.05,2.95,3.05,5100.0
2022-01-24,3.05,3.05,2.77,2.95,7830.0
2022-01-25,2.95,2.95,2.78,2.78,17650.0
2022-01-26,2.87,2.87,2.83,2.86,2120.0
2022-01-27,2.83,2.92,2.83,2.92,1750.0
2022-01-28,2.91,2.91,2.9,2.9,670.0
2022-01-31,2.84,2.97,2.84,2.97,2400.0
2022-02-01,2.91,2.97,2.84,2.95,2810.0
2022-02-02,2.95,3.0,2.86,3.0,690.0
2022-02-03,2.99,3.0,2.95,2.99,1360.0
2022-02-04,2.99,3.0,2.9,3.0,1460.0
2022-02-07,2.99,2.99,2.87,2.96,890.0
2022-02-08,2.96,2.96,2.85,2.92,940.0
2022-02-09,2.92,2.92,2.9,2.9,590.0
2022-02-10,2.9,2.9,2.9,2.9,100.0
2022-02-11,2.85,2.9,2.83,2.9,1750.0
2022-02-14,2.83,2.88,2.76,2.88,6810.0
2022-02-15,2.88,2.88,2.88,2.88,0.0
2022-02-16,2.88,2.88,2.8,2.87,730.0
2022-02-17,2.87,2.87,2.77,2.84,5060.0
2022-02-18,2.76,2.84,2.76,2.84,4620.0
2022-02-21,2.82,2.82,2.56,2.79,7710.0
2022-02-22,2.78,2.78,2.62,2.76,2150.0
2022-02-23,2.76,2.82,2.66,2.74,1280.0
2022-02-24,2.56,4.0,2.56,3.98,778690.0
2022-02-25,4.0,4.2,3.4,3.85,495580.0
2022-02-28,4.08,4.58,3.85,3.94,500300.0
2022-03-01,4.03,4.34,3.73,4.34,649140.0
2022-03-02,4.55,5.96,4.5,5.96,2570000.0
2022-03-03,6.05,6.21,4.5,4.89,2140000.0
2022-03-04,4.7,5.17,4.05,4.07,594260.0
2022-03-07,4.2,4.36,3.44,3.49,585910.0
2022-03-08,3.6,3.89,3.2,3.34,270850.0
2022-03-09,3.39,3.58,3.11,3.28,381540.0
2022-03-10,3.22,3.55,3.2,3.54,167070.0
2022-03-11,3.72,3.73,3.25,3.42,192980.0
2022-03-14,3.5,3.54,3.28,3.37,50530.0
2022-03-15,3.43,3.43,3.24,3.3,52200.0
2022-03-16,3.33,3.33,3.2,3.2,84660.0
2022-03-17,3.21,3.42,3.2,3.36,71590.0
2022-03-18,3.36,3.43,3.23,3.32,55160.0
2022-03-21,3.48,3.48,3.15,3.4,171950.0
2022-03-22,3.44,3.44,3.32,3.4,40370.0
2022-03-23,3.3,3.55,3.3,3.43,47760.0
2022-03-24,3.38,3.45,3.14,3.29,132810.0
2022-03-25,3.3,3.52,3.28,3.38,55330.0
2022-03-28,3.45,3.45,3.3,3.3,11090.0
2022-03-29,3.31,3.31,3.2,3.21,71510.0
2022-03-30,3.35,3.35,3.2,3.26,38190.0
2022-03-31,3.26,3.27,3.2,3.21,17240.0
2022-04-01,3.27,3.27,3.2,3.21,15270.0
2022-04-04,3.22,3.28,3.2,3.21,17800.0
2022-04-05,3.28,3.28,3.2,3.21,46080.0
2022-04-06,3.23,3.23,3.05,3.07,73430.0
2022-04-07,3.06,3.13,3.02,3.03,35240.0
2022-04-08,3.02,3.12,3.01,3.05,11550.0
2022-04-11,3.05,3.09,3.02,3.06,12210.0
2022-04-12,3.02,3.13,3.02,3.09,24310.0
2022-04-13,3.02,3.25,3.01,3.22,56840.0
2022-04-14,3.22,3.23,3.08,3.21,20210.0
2022-04-19,3.22,3.24,3.06,3.1,20580.0
2022-04-20,3.1,3.11,3.05,3.05,14570.0
2022-04-21,3.04,3.05,2.98,3.01,26630.0
2022-04-22,2.96,3.16,2.95,3.05,41310.0
2022-04-25,3.09,3.15,3.05,3.15,37160.0
2022-04-26,3.12,3.3,3.08,3.18,62320.0
2022-04-27,3.19,3.19,3.1,3.14,19340.0
2022-04-28,3.13,3.14,3.1,3.1,7400.0
2022-04-29,3.09,3.21,3.08,3.18,47250.0
2022-05-02,3.18,3.18,3.0,3.08,25780.0
2022-05-04,3.08,3.08,2.9,2.92,49800.0
2022-05-05,2.9,2.98,2.81,2.87,27350.0
2022-05-06,2.82,2.83,2.72,2.83,46710.0
2022-05-09,2.7,2.79,2.68,2.77,27380.0
2022-05-10,2.77,2.85,2.66,2.84,708450.0
2022-05-11,2.75,2.97,2.74,2.87,31390.0
2022-05-12,2.79,2.85,2.7,2.82,24330.0
2022-05-13,2.8,2.82,2.71,2.82,10520.0
2022-05-16,2.82,2.85,2.76,2.85,6320.0
2022-05-17,2.85,2.88,2.72,2.74,67030.0
2022-05-18,2.73,2.87,2.73,2.81,20430.0
2022-05-19,2.83,2.83,2.68,2.75,9780.0
2022-05-20,2.72,2.76,2.7,2.74,6970.0
2022-05-23,2.7,2.78,2.68,2.75,12670.0
2022-05-24,2.74,2.8,2.69,2.8,24520.0
2022-05-25,2.8,2.95,2.7,2.74,62150.0
2022-05-26,2.71,2.83,2.71,2.81,5040.0
2022-05-27,2.82,2.88,2.81,2.87,7220.0
2022-05-30,2.87,2.88,2.8,2.88,7030.0
2022-05-31,2.78,2.88,2.74,2.83,10450.0
2022-06-01,2.83,2.83,2.7,2.75,14480.0
2022-06-02,2.71,2.75,2.66,2.71,15680.0
2022-06-03,2.65,2.7,2.62,2.67,19630.0
2022-06-06,2.62,2.67,2.62,2.67,4019.9999999999995
2022-06-07,2.64,2.74,2.62,2.7,19940.0
2022-06-08,2.69,2.69,2.6,2.67,30830.0
2022-06-09,2.65,2.68,2.62,2.67,4030.0000000000005
2022-06-10,2.67,2.67,2.61,2.67,14310.0
2022-06-13,2.67,2.67,2.55,2.63,20810.0
2022-06-14,2.6,2.64,2.55,2.63,7450.0
2022-06-15,2.63,2.63,2.55,2.59,3800.0
2022-06-17,2.6,2.63,2.56,2.62,640.0
2022-06-20,2.64,2.64,2.55,2.64,9820.0
2022-06-21,2.56,2.63,2.55,2.63,8910.0
2022-06-22,2.65,2.65,2.55,2.6,4840.0
2022-06-23,2.6,2.6,2.55,2.59,38920.0
2022-06-24,2.59,2.64,2.55,2.64,3540.0
2022-06-27,2.64,2.64,2.56,2.56,6700.0
2022-06-28,2.55,2.62,2.55,2.62,3130.0
2022-06-29,2.63,2.65,2.55,2.6,12020.0
2022-06-30,2.55,2.75,2.55,2.59,25300.0
2022-07-01,2.65,2.7,2.64,2.67,6750.0
2022-07-04,2.63,2.72,2.63,2.66,9460.0
2022-07-05,2.73,2.73,2.57,2.64,17450.0
2022-07-06,2.62,2.62,2.55,2.56,33280.0
2022-07-07,2.6,2.6,2.55,2.6,2029.9999999999998
2022-07-08,2.6,2.62,2.56,2.62,10320.0
2022-07-11,2.62,2.67,2.55,2.64,18560.0
2022-07-12,2.63,2.63,2.57,2.63,13020.0
2022-07-13,2.63,2.63,2.56,2.6,8050.000000000001
2022-07-14,2.6,2.6,2.54,2.57,5810.0
2022-07-15,2.58,2.58,2.54,2.58,8930.0
2022-07-18,2.58,2.58,2.53,2.57,7670.0
2022-07-19,2.58,2.58,2.53,2.57,6420.0
2022-07-20,2.55,2.63,2.52,2.61,14180.0
2022-07-21,2.61,2.63,2.53,2.62,8200.0
2022-07-22,2.63,2.64,2.58,2.6,4550.0
2022-07-25,2.6,2.6,2.55,2.6,9320.0
2022-07-26,2.55,2.6,2.55,2.6,5380.0
2022-07-27,2.56,2.63,2.56,2.58,9440.0
2022-07-28,2.61,2.63,2.58,2.63,7390.0
2022-07-29,2.57,2.78,2.57,2.69,23110.0
2022-08-01,2.7,2.7,2.56,2.66,12710.0
2022-08-02,2.66,2.71,2.59,2.67,25910.0
2022-08-03,2.68,2.68,2.61,2.67,3250.0
2022-08-04,2.67,2.67,2.62,2.62,1920.0
2022-08-05,2.62,2.65,2.61,2.65,10170.0
2022-08-08,2.6,2.64,2.58,2.63,1210.0
2022-08-09,2.64,2.64,2.58,2.63,3740.0
2022-08-10,2.62,2.62,2.57,2.6,16170.000000000002
2022-08-11,2.58,2.6,2.57,2.59,5310.0
2022-08-12,2.6,2.63,2.6,2.62,2170.0
2022-08-16,2.62,2.67,2.62,2.67,14080.0
2022-08-17,2.65,2.67,2.64,2.67,1220.0
2022-08-18,2.67,2.67,2.61,2.67,9930.0
2022-08-19,2.69,2.69,2.59,2.63,6540.0
2022-08-22,2.63,2.7,2.63,2.63,9850.0
2022-08-23,2.63,2.63,2.6,2.6,3970.0
2022-08-24,2.59,2.59,2.53,2.58,14250.0
2022-08-25,2.58,2.58,2.51,2.58,12750.0
2022-08-26,2.52,2.54,2.49,2.54,13100.0
2022-08-29,2.5,2.5,2.4,2.49,2760.0
2022-08-30,2.47,2.5,2.46,2.48,3540.0
2022-08-31,2.46,2.52,2.46,2.46,6320.0
2022-09-01,2.41,2.46,2.38,2.4,6400.0
2022-09-02,2.4,2.46,2.4,2.46,1510.0
2022-09-05,2.46,2.46,2.45,2.45,60.0
2022-09-06,2.36,2.47,2.36,2.47,3930.0
2022-09-07,2.47,2.47,2.37,2.47,1930.0
2022-09-08,2.48,2.48,2.37,2.48,990.0
2022-09-09,2.48,2.49,2.37,2.49,2070.0
2022-09-12,2.49,2.5,2.4,2.47,5610.0
2022-09-13,2.41,2.47,2.36,2.42,17970.0
2022-09-14,2.35,2.36,2.31,2.36,4010.0
2022-09-15,2.37,2.37,2.3,2.36,7760.0
2022-09-16,2.37,2.4,2.3,2.36,15750.0
2022-09-19,2.37,2.42,2.32,2.42,3560.0
2022-09-20,2.42,2.42,2.32,2.4,5520.0
2022-09-21,2.38,2.6,2.32,2.53,53760.0
2022-09-22,2.55,2.55,2.42,2.51,3670.0
2022-09-23,2.51,2.51,2.4,2.48,3250.0
2022-09-26,2.48,2.48,2.32,2.38,4780.0
2022-09-27,2.46,2.46,2.33,2.41,1230.0
2022-09-28,2.4,2.43,2.4,2.43,1010.0
2022-09-29,2.43,2.43,2.35,2.4,2320.0
2022-09-30,2.43,2.43,2.25,2.35,24020.0
2022-10-03,2.34,2.38,2.21,2.25,33870.0
2022-10-04,2.22,2.27,2.18,2.18,18490.0
2022-10-05,2.2,2.2,2.15,2.2,200000.0
2022-10-06,2.2,2.2,2.14,2.19,200000.0
2022-10-07,2.13,2.19,2.13,2.18,190000.0
2022-10-10,2.35,2.65,2.21,2.6,190000.0
2022-10-11,2.6,2.67,2.46,2.6,86070.0
2022-10-12,2.64,2.76,2.38,2.44,220820.0
2022-10-13,2.4,2.42,2.24,2.31,33630.0
2022-10-14,2.31,2.54,2.23,2.49,138370.0
2022-10-17,2.54,2.7,2.32,2.44,136880.0
2022-10-18,2.44,2.48,2.35,2.41,12800.0
2022-10-19,2.41,2.45,2.35,2.42,4130.0
2022-10-20,2.4,2.5,2.29,2.36,28880.0
2022-10-21,2.3,2.35,2.26,2.32,12780.0
2022-10-24,2.3,2.33,2.27,2.3,4580.0
2022-10-25,2.3,2.33,2.27,2.33,4650.0
2022-10-26,2.34,2.35,2.27,2.31,12710.0
2022-10-27,2.31,2.33,2.24,2.33,10500.0
2022-10-28,2.31,2.46,2.31,2.4,13370.0
2022-10-31,2.3,2.4,2.26,2.37,16470.0
2022-11-02,2.37,2.37,2.29,2.34,19750.0
2022-11-03,2.34,2.34,2.28,2.33,5430.0
2022-11-04,2.34,2.34,2.27,2.32,25560.0
2022-11-07,2.29,2.3,2.13,2.18,63730.0
2022-11-08,2.18,2.26,2.15,2.23,42670.0
2022-11-09,2.23,2.23,2.15,2.17,10490.0
2022-11-10,2.16,2.29,2.16,2.24,29860.0
2022-11-14,2.2,2.24,2.18,2.23,9500.0
2022-11-15,2.23,2.24,2.18,2.24,3350.0
2022-11-16,2.27,2.35,2.15,2.25,50410.0
2022-11-17,2.25,2.32,2.24,2.29,23260.0
2022-11-18,2.29,2.3,2.22,2.29,2630.0
2022-11-21,2.28,2.28,2.21,2.25,5940.0
2022-11-22,2.27,2.28,2.23,2.28,10690.0
2022-11-23,2.28,2.28,2.24,2.28,9700.0
2022-11-24,2.3,2.3,2.21,2.27,16850.0
2022-11-25,2.24,2.28,2.22,2.27,6710.0
2022-11-28,2.23,2.27,2.21,2.27,2190.0
2022-11-29,2.24,2.25,2.19,2.24,5260.0
2022-11-30,2.23,2.24,2.17,2.24,16100.000000000002
2022-12-01,2.23,2.23,2.18,2.23,31900.0
2022-12-02,2.18,2.22,2.17,2.22,9960.0
2022-12-05,2.21,2.22,2.16,2.16,8950.0
2022-12-06,2.16,2.2,2.16,2.19,9060.0
2022-12-07,2.2,2.22,2.18,2.22,18170.0
2022-12-08,2.22,2.22,2.18,2.21,150.0
2022-12-09,2.21,2.21,2.16,2.2,9630.0
2022-12-12,2.2,2.22,2.16,2.18,9210.0
2022-12-13,2.17,2.22,2.13,2.18,46060.0
2022-12-14,2.17,2.17,2.13,2.15,18120.0
2022-12-15,2.14,2.17,2.14,2.15,2230.0
2022-12-16,2.14,2.15,2.11,2.12,16420.0
2022-12-19,2.1,2.11,2.06,2.09,24390.0
2022-12-20,2.06,2.1,2.02,2.09,23600.0
2022-12-21,2.09,2.09,2.04,2.09,6340.0
2022-12-22,2.05,2.08,2.02,2.08,7680.0
2022-12-23,2.05,2.08,2.03,2.05,18470.0
2022-12-27,2.02,2.08,2.0,2.07,65440.0
2022-12-28,2.02,2.08,1.97,2.07,52100.0
2022-12-29,2.07,2.12,2.01,2.12,2640.0
2022-12-30,2.12,2.12,2.04,2.09,3610.0
2023-01-02,2.07,2.15,2.05,2.14,12990.0
2023-01-03,2.06,2.14,2.06,2.14,22450.0
2023-01-04,2.14,2.14,2.09,2.14,6850.0
2023-01-05,2.13,2.17,2.1,2.14,16950.0
2023-01-09,2.14,2.17,2.14,2.16,32150.0
2023-01-10,2.16,2.16,2.13,2.16,3030.0
2023-01-11,2.16,2.16,2.07,2.15,15580.0
2023-01-12,2.1,2.12,2.07,2.12,15070.0
2023-01-13,2.12,2.12,2.1,2.1,2580.0
2023-01-16,2.12,2.14,2.09,2.13,5840.0
2023-01-17,2.14,2.23,2.12,2.2,16960.0
2023-01-18,2.22,2.22,2.16,2.2,4480.0
2023-01-19,2.21,2.22,2.15,2.2,6690.0
2023-01-20,2.2,2.2,2.14,2.18,1480.0
2023-01-23,2.18,2.21,2.18,2.21,5910.0
2023-01-24,2.24,2.29,2.23,2.28,54380.0
2023-01-25,2.28,2.29,2.23,2.27,13350.0
2023-01-26,2.28,2.3,2.24,2.29,21520.0
2023-01-27,2.29,2.29,2.27,2.28,870.0
2023-01-30,2.3,2.48,2.27,2.43,82210.0
2023-01-31,2.4,2.4,2.3,2.38,16980.0
2023-02-01,2.42,2.43,2.32,2.41,22110.0
2023-02-02,2.51,2.52,2.43,2.47,51460.0
2023-02-03,2.5,2.6,2.5,2.52,52320.0
2023-02-06,2.54,2.54,2.47,2.5,6390.0
2023-02-07,2.3,2.4,2.27,2.34,63120.0
2023-02-08,2.34,2.34,2.27,2.32,18910.0
2023-02-09,2.32,2.35,2.27,2.33,24750.0
2023-02-10,2.35,2.45,2.28,2.41,25370.0
2023-02-13,2.39,2.62,2.38,2.52,226390.0
2023-02-14,2.58,2.66,2.42,2.46,138640.0
2023-02-15,2.49,2.8,2.46,2.8,240220.0
2023-02-16,2.82,2.84,2.64,2.66,116430.0
2023-02-17,2.66,2.73,2.58,2.72,92860.0
2023-02-20,2.72,2.91,2.7,2.76,114050.0
2023-02-21,2.78,2.82,2.51,2.54,167080.0
2023-02-22,2.57,2.64,2.44,2.5,73340.0
2023-02-23,2.5,2.5,2.41,2.48,31760.0
2023-02-24,2.48,2.53,2.45,2.51,17030.0
2023-02-27,2.5,2.55,2.4,2.55,28480.0
2023-02-28,2.5,2.56,2.45,2.5,12470.0
2023-03-01,2.44,2.5,2.41,2.47,19400.0
2023-03-02,2.47,2.49,2.31,2.44,37560.0
2023-03-03,2.44,2.48,2.38,2.47,9550.0
2023-03-06,2.47,2.55,2.4,2.45,46110.0
2023-03-07,2.45,2.47,2.35,2.41,31100.0
2023-03-08,2.4,2.45,2.34,2.43,14480.0
2023-03-09,2.42,2.47,2.35,2.41,14990.0
2023-03-10,2.38,2.38,2.32,2.36,11420.0
2023-03-13,2.34,2.37,2.2,2.29,26710.0
2023-03-14,2.28,2.42,2.28,2.35,50780.0
2023-03-15,2.35,2.35,2.17,2.24,41940.0
2023-03-16,2.24,2.25,2.17,2.24,8860.0
2023-03-17,2.19,2.25,2.16,2.16,22850.0
2023-03-20,2.2,2.2,2.11,2.17,22710.0
2023-03-21,2.18,2.19,2.12,2.19,13280.0
2023-03-22,2.19,2.19,2.13,2.19,10440.0
2023-03-23,2.19,2.19,2.1,2.18,9350.0
2023-03-24,2.15,2.15,2.05,2.14,35240.0
2023-03-27,2.13,2.34,2.07,2.3,52170.0
2023-03-28,2.31,2.34,2.21,2.27,28750.0
2023-03-29,2.25,2.27,2.15,2.25,38030.0
2023-03-30,2.25,2.29,2.18,2.27,15140.0
2023-03-31,2.25,2.59,2.21,2.34,160310.0
2023-04-03,2.34,2.41,2.34,2.35,11590.0
2023-04-04,2.34,2.35,2.3,2.35,10680.0
2023-04-05,2.35,2.46,2.33,2.33,17360.0
2023-04-06,2.33,2.35,2.33,2.34,2560.0
2023-04-11,2.32,2.34,2.13,2.29,39800.0
2023-04-12,2.29,2.29,2.2,2.24,19340.0
2023-04-13,2.25,2.47,2.24,2.4,78070.0
2023-04-14,2.39,2.45,2.23,2.29,41290.0
2023-04-17,2.34,2.41,2.29,2.38,13720.0
2023-04-18,2.38,2.39,2.3,2.34,19110.0
2023-04-19,2.31,2.35,2.26,2.32,30730.0
2023-04-20,2.32,2.4,2.24,2.3,24740.0
2023-04-21,2.31,2.36,2.25,2.28,25610.0
2023-04-24,2.28,2.28,2.22,2.27,12910.0
2023-04-25,2.27,2.42,2.21,2.33,113110.0
2023-04-26,2.33,2.41,2.3,2.37,45990.0
2023-04-27,2.39,2.4,2.33,2.37,10970.0
2023-04-28,2.37,2.37,2.3,2.35,8160.0
2023-05-02,2.33,2.35,2.25,2.34,20490.0
2023-05-04,2.29,2.32,2.26,2.3,3780.0
2023-05-05,2.3,2.3,2.25,2.29,5490.0
2023-05-08,2.29,2.3,2.25,2.27,14660.0
2023-05-09,2.27,2.28,2.25,2.25,4410.0
2023-05-10,2.28,2.28,2.25,2.28,5710.0
2023-05-11,2.26,2.3,2.26,2.29,1270.0
2023-05-12,2.29,2.3,2.26,2.3,3710.0
2023-05-15,2.25,2.3,2.22,2.28,27170.0
2023-05-16,2.28,2.31,2.26,2.31,13020.0
2023-05-17,2.31,2.31,2.26,2.3,4530.0
2023-05-18,2.31,2.31,2.21,2.29,8320.0
2023-05-19,2.27,2.27,2.2,2.26,21240.0
2023-05-22,2.36,2.42,2.28,2.34,65230.00000000001
2023-05-23,2.34,2.35,2.26,2.31,23680.0
2023-05-24,2.31,2.33,2.25,2.31,13780.0
2023-05-25,2.32,2.33,2.24,2.28,9330.0
2023-05-26,2.28,2.3,2.23,2.29,6430.0
2023-05-29,2.28,2.29,2.24,2.29,8370.0
2023-05-30,2.28,2.28,2.24,2.27,450.0
2023-05-31,2.27,2.27,2.16,2.24,17290.0
2023-06-01,2.24,2.24,2.2,2.23,790.0
2023-06-02,2.23,2.24,2.2,2.24,8250.0
2023-06-05,2.24,2.3,2.21,2.3,24670.0
2023-06-06,2.3,2.3,2.26,2.27,1660.0
2023-06-07,2.27,2.27,2.25,2.27,570.0
2023-06-09,2.28,2.33,2.28,2.33,32390.0
2023-06-12,2.32,2.33,2.23,2.25,4860.0
2023-06-13,2.29,2.29,2.2,2.24,15060.0
2023-06-14,2.24,2.25,2.2,2.25,6930.0
2023-06-15,2.25,2.25,2.2,2.25,4100.0
2023-06-16,2.25,2.25,2.22,2.25,4730.0
2023-06-19,2.24,2.28,2.23,2.28,4920.0
2023-06-20,2.28,2.29,2.28,2.28,1590.0
2023-06-21,2.29,2.29,2.23,2.26,3640.0
2023-06-22,2.26,2.27,2.24,2.27,2190.0
2023-06-23,2.27,2.27,2.22,2.24,5530.0
2023-06-26,2.24,2.24,2.2,2.24,8910.0
2023-06-27,2.24,2.24,2.2,2.23,4120.0
2023-06-28,2.23,2.26,2.16,2.21,12070.0
2023-06-29,2.21,2.26,2.16,2.25,11290.0
2023-06-30,2.25,2.25,2.21,2.25,2009.9999999999998
2023-07-03,2.25,2.26,2.18,2.23,6520.0
2023-07-04,2.19,2.23,2.15,2.2,15700.0
2023-07-05,2.16,2.2,2.15,2.2,9500.0
2023-07-06,2.19,2.19,2.16,2.19,4920.0
2023-07-07,2.19,2.35,2.16,2.23,40050.0
2023-07-10,2.22,2.32,2.22,2.3,13880.0
2023-07-11,2.3,2.3,2.23,2.29,7250.0
2023-07-12,2.3,2.3,2.25,2.3,4480.0
2023-07-13,2.29,2.29,2.25,2.28,2009.9999999999998
2023-07-14,2.28,2.28,2.24,2.27,3440.0
2023-07-17,2.26,2.26,2.22,2.24,33970.0
2023-07-18,2.24,2.24,2.2,2.22,21210.0
2023-07-19,2.23,2.23,2.19,2.21,23760.0
2023-07-20,2.21,2.21,2.16,2.2,22840.0
2023-07-21,2.2,2.22,2.16,2.22,4930.0
2023-07-24,2.16,2.22,2.16,2.22,27100.0
2023-07-25,2.17,2.21,2.17,2.2,18260.0
2023-07-26,2.2,2.21,2.17,2.21,7740.0
2023-07-27,2.19,2.21,2.16,2.21,10930.0
2023-07-28,2.21,2.21,2.18,2.2,3680.0
2023-07-31,2.2,2.21,2.17,2.2,16020.0
2023-08-01,2.17,2.19,2.16,2.17,2570.0
2023-08-02,2.17,2.19,2.14,2.16,11020.0
2023-08-03,2.14,2.17,2.14,2.17,14720.0
2023-08-04,2.17,2.17,2.13,2.16,4920.0
2023-08-07,2.17,2.21,2.13,2.16,20410.0
2023-08-08,2.17,2.17,2.12,2.14,10490.0
2023-08-09,2.14,2.14,2.12,2.14,5730.0
2023-08-10,2.14,2.15,2.05,2.11,23380.0
2023-08-11,2.12,2.12,2.08,2.1,8140.000000000001
2023-08-14,2.13,2.13,2.0,2.06,48540.0
2023-08-16,2.06,2.06,2.0,2.0,138280.0
2023-08-17,2.0,2.03,1.99,2.0,26210.0
2023-08-18,2.0,2.01,2.0,2.01,7860.0
2023-08-21,2.01,2.01,1.99,2.01,9510.0
2023-08-22,2.01,2.01,1.99,2.0,9130.0
2023-08-23,2.01,2.02,2.0,2.01,6490.0
2023-08-24,2.01,2.01,2.0,2.01,13440.0
2023-08-25,2.0,2.01,2.0,2.01,7710.0
2023-08-28,2.01,2.01,2.0,2.0,630.0
2023-08-29,2.0,2.05,1.99,2.0,123130.0
2023-08-30,2.0,2.0,1.96,2.0,39990.0
2023-08-31,2.0,2.03,2.0,2.03,11530.0
2023-09-01,2.03,2.03,2.0,2.01,11600.0
2023-09-04,2.03,2.03,1.99,2.02,29190.0
2023-09-05,2.0,2.02,1.99,2.02,23030.0
2023-09-06,2.0,2.03,1.99,2.02,12580.0
2023-09-07,2.0,2.0,1.99,2.0,15750.0
2023-09-08,2.01,2.02,2.0,2.02,17690.0
2023-09-11,2.02,2.07,2.01,2.04,42350.0
2023-09-12,2.03,2.06,2.03,2.06,7190.0
2023-09-13,2.06,2.06,2.01,2.06,14910.0
2023-09-14,2.02,2.06,2.02,2.04,4370.0
2023-09-15,2.06,2.09,2.02,2.04,38650.0
2023-09-18,2.06,2.06,2.02,2.02,10570.0
2023-09-19,2.04,2.04,2.02,2.04,5000.0
2023-09-20,2.01,2.04,2.0,2.03,11130.0
2023-09-21,2.03,2.1,2.0,2.1,38840.0
2023-09-22,2.18,2.19,2.08,2.12,111920.0
2023-09-25,2.12,2.14,2.05,2.09,8400.0
2023-09-26,2.08,2.08,2.03,2.04,9570.0
2023-09-27,2.07,2.07,2.0,2.03,13290.0
2023-09-28,2.0,2.03,1.99,2.01,12980.0
2023-09-29,2.03,2.03,1.99,2.03,59770.0
2023-10-02,2.04,2.05,1.99,2.04,15780.0
2023-10-03,2.04,2.04,1.96,2.0,9550.0
2023-10-04,2.0,2.0,1.96,1.99,6980.0
2023-10-05,1.97,1.99,1.96,1.99,9710.0
2023-10-06,1.99,1.99,1.91,1.96,14140.0
2023-10-09,1.97,2.14,1.97,2.0,42060.0
2023-10-10,2.03,2.03,1.99,2.0,10330.0
2023-10-11,2.01,2.03,1.92,2.0,25070.0
2023-10-12,2.01,2.01,1.96,2.0,6820.0
2023-10-13,2.01,2.03,1.98,1.98,10270.0
2023-10-16,2.01,2.03,1.97,2.0,12290.0
2023-10-17,1.98,2.0,1.98,2.0,6630.0
2023-10-18,1.99,2.0,1.98,2.0,4410.0
2023-10-19,1.98,2.0,1.97,1.99,10030.0
2023-10-20,1.99,2.09,1.97,1.99,50210.0
2023-10-23,2.0,2.02,1.97,1.99,16260.000000000002
2023-10-24,2.0,2.0,1.96,1.99,6890.0
2023-10-25,1.99,2.0,1.96,1.99,5980.0
2023-10-26,2.0,2.0,1.97,1.99,23780.0
2023-10-27,1.99,1.99,1.92,1.99,9900.0
2023-10-30,1.98,1.98,1.92,1.92,24260.0
2023-10-31,1.97,1.97,1.91,1.92,52390.0
2023-11-02,1.91,1.95,1.91,1.94,24160.0
2023-11-03,1.92,1.94,1.91,1.93,26720.0
2023-11-06,1.92,1.94,1.92,1.94,12150.0
2023-11-07,1.94,1.96,1.9,1.91,51620.0
2023-11-08,1.91,1.94,1.91,1.94,8510.0
2023-11-09,1.94,1.95,1.94,1.95,3590.0
2023-11-10,1.95,1.95,1.92,1.94,2880.0
2023-11-13,1.95,1.95,1.91,1.95,3680.0
2023-11-14,1.95,1.95,1.92,1.92,4080.0
2023-11-15,1.92,1.94,1.92,1.93,23850.0
2023-11-16,1.91,1.93,1.91,1.91,11420.0
2023-11-17,1.91,1.91,1.91,1.91,3430.0
2023-11-20,1.91,1.91,1.9,1.91,9220.0
2023-11-21,1.91,1.91,1.9,1.91,5900.0
2023-11-22,1.91,1.91,1.9,1.91,5760.0
2023-11-23,1.9,1.91,1.9,1.91,12330.0
2023-11-24,1.91,1.91,1.9,1.91,7810.0
2023-11-27,1.91,1.91,1.9,1.91,12290.0
2023-11-28,1.91,1.98,1.9,1.96,54330.0
2023-11-29,1.96,1.96,1.89,1.91,17630.0
2023-11-30,1.91,1.94,1.9,1.94,3280.0
2023-12-01,1.94,1.94,1.9,1.93,14320.0
2023-12-04,1.9,1.9,1.82,1.9,31840.0
2023-12-05,1.9,1.93,1.87,1.93,5940.0
2023-12-06,1.93,1.94,1.88,1.94,7700.0
2023-12-07,1.94,1.94,1.91,1.93,2670.0
2023-12-08,1.93,1.93,1.89,1.93,9250.0
2023-12-11,1.93,1.93,1.89,1.93,16450.0
2023-12-12,1.88,1.92,1.86,1.91,18640.0
2023-12-13,1.88,1.9,1.86,1.9,9270.0
2023-12-14,1.9,1.9,1.83,1.88,36540.0
2023-12-15,1.88,1.88,1.8,1.83,43360.0
2023-12-18,1.78,1.8,1.74,1.8,25660.0
2023-12-19,1.84,1.84,1.76,1.81,19190.0
2023-12-20,1.76,1.78,1.75,1.78,52460.0
2023-12-21,1.77,1.78,1.7,1.74,45890.0
2023-12-22,1.74,1.74,1.71,1.71,31480.0
2023-12-27,1.7,1.76,1.68,1.72,92440.0
2023-12-28,1.7,1.74,1.68,1.73,15010.0
2023-12-29,1.74,1.8,1.71,1.79,18950.0
2024-01-02,1.82,1.87,1.75,1.86,18950.0
2024-01-03,1.86,1.86,1.84,1.86,13630.0
2024-01-04,1.85,1.88,1.85,1.86,8270.0
2024-01-05,1.87,1.89,1.85,1.88,15800.0
2024-01-08,1.89,1.89,1.86,1.89,6390.0
2024-01-09,1.86,1.91,1.82,1.91,8029.999999999999
2024-01-10,1.91,1.94,1.9,1.93,25360.0
2024-01-11,1.94,1.94,1.9,1.94,4800.0
2024-01-12,1.94,1.94,1.88,1.91,1840.0
2024-01-15,1.94,1.94,1.9,1.92,7780.0
2024-01-16,1.92,1.92,1.86,1.92,10600.0
2024-01-17,1.93,1.93,1.86,1.9,7160.0
2024-01-18,1.92,1.92,1.81,1.83,22160.0
2024-01-19,1.88,1.88,1.84,1.88,1480.0
2024-01-22,1.88,1.88,1.83,1.88,8420.0
2024-01-23,1.88,1.88,1.87,1.87,1390.0
2024-01-24,1.87,1.87,1.83,1.87,1120.0
2024-01-25,1.87,1.87,1.84,1.87,130.0
2024-01-26,1.87,1.91,1.84,1.91,4210.0
2024-01-29,1.91,1.92,1.87,1.91,740.0
2024-01-30,1.91,1.91,1.85,1.9,1610.0
2024-01-31,1.9,1.9,1.87,1.89,1550.0
2024-02-01,1.89,1.89,1.87,1.89,4340.0
2024-02-02,1.89,1.89,1.86,1.89,2240.0
2024-02-05,1.86,1.86,1.83,1.84,5530.0
2024-02-06,1.84,1.85,1.79,1.85,14570.0
2024-02-07,1.85,1.87,1.84,1.87,3070.0
2024-02-08,1.87,1.87,1.83,1.87,11490.0
2024-02-09,1.87,1.87,1.85,1.87,11430.0
2024-02-12,1.87,1.9,1.84,1.9,7830.0
2024-02-13,1.9,2.09,1.9,2.08,233900.0
2024-02-14,2.08,2.08,1.98,2.04,31780.0
2024-02-15,2.03,2.03,1.95,1.97,29400.0
2024-02-16,1.97,2.02,1.95,2.02,11670.0
2024-02-19,2.02,2.06,2.01,2.06,24750.0
2024-02-20,2.07,2.07,2.01,2.02,15720.0
2024-02-21,2.07,2.36,2.03,2.31,491510.0
2024-02-22,2.35,2.5,2.22,2.34,479140.0
2024-02-23,2.34,2.34,2.21,2.25,74230.0
2024-02-26,2.2,2.34,2.18,2.34,106410.0
2024-02-27,2.33,2.36,2.24,2.29,85600.0
2024-02-28,2.29,2.33,2.18,2.23,19550.0
2024-02-29,2.23,2.24,2.02,2.13,107650.0
2024-03-01,2.12,2.12,1.96,1.98,118360.0
2024-03-04,1.96,2.06,1.96,2.06,12010.0
2024-03-05,2.05,2.17,2.05,2.17,39570.0
2024-03-06,2.17,2.17,2.09,2.15,23840.0
2024-03-07,2.16,2.16,2.06,2.09,11320.0
2024-03-08,2.12,2.12,2.06,2.09,15460.0
2024-03-11,2.09,2.16,2.09,2.12,6930.0
2024-03-12,2.16,2.18,2.11,2.13,14120.0
2024-03-13,2.13,2.16,2.09,2.15,21320.0
2024-03-14,2.15,2.18,2.09,2.12,34220.0
2024-03-15,2.12,2.12,1.98,2.05,46210.0
2024-03-18,2.05,2.09,2.01,2.07,18200.0
2024-03-19,2.09,2.11,2.04,2.1,5300.0
2024-03-20,2.1,2.1,2.02,2.08,3540.0
2024-03-21,2.01,2.1,2.0,2.1,21860.0
2024-03-22,2.11,2.11,2.06,2.09,4790.0
2024-03-25,2.09,2.11,2.06,2.11,8189.999999999999
2024-03-26,2.11,2.11,2.07,2.08,12360.0
2024-03-27,2.1,2.1,2.06,2.06,5310.0
2024-03-28,2.08,2.14,2.06,2.12,16580.0
2024-04-02,2.1,2.11,2.0,2.1,8140.000000000001
2024-04-03,2.1,2.1,2.01,2.05,11680.0
2024-04-04,2.05,2.07,2.02,2.07,3350.0
2024-04-05,2.06,2.07,2.01,2.05,15090.0
2024-04-08,2.05,2.07,2.01,2.06,4850.0
2024-04-09,2.06,2.07,2.04,2.07,4380.0
2024-04-10,2.04,2.06,1.97,2.01,24490.0
2024-04-11,2.04,2.04,1.96,2.04,36470.0
2024-04-12,2.04,2.04,1.99,2.02,11480.0
2024-04-15,2.03,2.06,1.99,2.05,15130.0
2024-04-16,2.05,2.05,1.96,2.02,14310.0
2024-04-17,2.01,2.01,1.98,2.01,6110.0
2024-04-18,2.01,2.01,1.98,2.01,1980.0
2024-04-19,1.9,1.98,1.9,1.96,38620.0
2024-04-22,1.97,1.98,1.8,1.89,62420.0
2024-04-23,1.87,1.95,1.86,1.95,10730.0
2024-04-24,1.95,1.96,1.95,1.95,2140.0
2024-04-25,1.95,1.95,1.87,1.94,5900.0
2024-04-26,1.93,1.93,1.83,1.88,57990.0
2024-04-29,1.88,1.89,1.83,1.89,6290.0
2024-04-30,1.89,1.97,1.87,1.92,13840.0
2024-05-02,1.86,1.95,1.8,1.86,32900.0
2024-05-06,1.89,1.93,1.85,1.88,67800.0
2024-05-07,1.88,1.95,1.88,1.93,29410.0
2024-05-08,1.94,1.94,1.9,1.93,3030.0
2024-05-09,1.93,1.94,1.87,1.9,13210.0
2024-05-10,1.93,1.93,1.87,1.9,17290.0
2024-05-13,1.92,1.94,1.88,1.93,23130.0
2024-05-14,1.88,1.93,1.88,1.91,5180.0
2024-05-15,1.9,1.94,1.83,1.94,62210.0
2024-05-16,1.93,1.94,1.88,1.9,28900.0
2024-05-17,1.91,1.92,1.88,1.88,16460.0
2024-05-20,1.91,1.92,1.88,1.91,4130.0
2024-05-21,1.92,1.92,1.89,1.91,1550.0
2024-05-22,1.91,1.93,1.91,1.93,16410.0
2024-05-23,1.93,1.96,1.88,1.92,16110.0
2024-05-24,1.92,1.92,1.88,1.89,7960.0
2024-05-27,1.89,1.92,1.87,1.89,8240.0
2024-05-28,1.89,1.93,1.88,1.93,11780.0
2024-05-29,1.93,1.93,1.89,1.9,1020.0
2024-05-31,1.74,1.85,1.74,1.82,94590.0
2024-06-03,1.82,1.82,1.74,1.78,32520.000000000004
2024-06-04,1.78,1.78,1.75,1.77,6400.0
2024-06-05,1.78,1.78,1.76,1.76,1750.0
2024-06-06,1.75,1.78,1.73,1.75,33130.0
2024-06-07,1.74,1.74,1.7,1.7,22790.0
2024-06-10,1.7,1.7,1.65,1.65,18600.0
2024-06-11,1.65,1.69,1.64,1.69,13840.0
2024-06-12,1.68,1.7,1.68,1.7,7620.0
2024-06-13,1.7,1.75,1.7,1.75,11020.0
2024-06-14,1.7,1.7,1.68,1.7,8540.0
2024-06-17,1.7,1.7,1.67,1.7,3650.0
2024-06-18,1.7,1.76,1.7,1.75,31420.0
2024-06-19,1.7,1.75,1.7,1.75,520.0
2024-06-20,1.74,1.75,1.67,1.67,6640.0
2024-06-21,1.72,1.75,1.67,1.7,19770.0
2024-06-24,1.7,1.7,1.67,1.67,1460.0
2024-06-25,1.72,1.72,1.7,1.72,7080.0
2024-06-26,1.73,1.74,1.71,1.72,7840.0
2024-06-27,1.73,1.73,1.69,1.72,45800.0
2024-06-28,1.73,1.74,1.68,1.71,850.0
2024-07-01,1.71,1.71,1.68,1.7,23440.0
2024-07-02,1.7,1.7,1.6,1.63,38720.0
2024-07-03,1.65,1.72,1.65,1.69,11560.0
2024-07-04,1.69,1.7,1.67,1.7,5370.0
2024-07-05,1.71,1.72,1.7,1.71,6750.0
2024-07-08,1.71,1.71,1.68,1.71,1770.0
2024-07-09,1.7,1.71,1.68,1.69,2630.0
2024-07-10,1.69,1.71,1.68,1.71,5490.0
2024-07-11,1.71,1.71,1.68,1.7,6710.0
2024-07-12,1.71,1.73,1.68,1.68,18380.0
2024-07-15,1.71,1.71,1.68,1.71,3850.0
2024-07-16,1.71,1.71,1.68,1.68,12400.0
2024-07-17,1.68,1.68,1.61,1.65,30520.0
2024-07-18,1.65,1.73,1.65,1.73,14940.0
2024-07-19,1.73,1.73,1.73,1.73,0.0
2024-07-22,1.72,1.72,1.65,1.72,10340.0
2024-07-23,1.72,1.72,1.71,1.71,3610.0
2024-07-24,1.71,1.71,1.63,1.66,6780.0
2024-07-25,1.66,1.67,1.64,1.64,8930.0
2024-07-26,1.66,1.69,1.65,1.69,11880.0
2024-07-29,1.68,1.68,1.65,1.67,3590.0
2024-07-30,1.67,1.67,1.63,1.65,5760.0
2024-07-31,1.68,1.68,1.65,1.65,1750.0
2024-08-01,1.68,1.68,1.65,1.65,1290.0
2024-08-02,1.67,1.69,1.65,1.68,530.0
2024-08-05,1.65,1.68,1.62,1.66,12400.0
2024-08-06,1.62,1.69,1.62,1.69,10390.0
2024-08-07,1.68,1.69,1.62,1.64,11610.0
2024-08-08,1.64,1.65,1.62,1.64,6070.0
2024-08-09,1.62,1.65,1.61,1.65,8300.0
2024-08-12,1.64,1.64,1.64,1.64,1900.0
2024-08-13,1.64,1.64,1.58,1.59,17130.0
2024-08-14,1.58,1.64,1.58,1.64,6750.0
2024-08-16,1.6,1.64,1.6,1.64,1960.0
2024-08-19,1.64,1.69,1.6,1.68,13730.0
2024-08-20,1.68,1.68,1.67,1.67,2600.0
2024-08-21,1.67,1.67,1.67,1.67,200.0
2024-08-22,1.63,1.67,1.63,1.66,2820.0
2024-08-23,1.67,1.74,1.62,1.74,26090.0
2024-08-26,1.71,1.79,1.71,1.77,25770.0
2024-08-27,1.79,1.79,1.73,1.79,9550.0
2024-08-28,1.79,1.79,1.62,1.66,71120.0
2024-08-29,1.65,1.67,1.64,1.67,4900.0
2024-08-30,1.67,1.67,1.66,1.67,3710.0
2024-09-02,1.67,1.67,1.62,1.63,17520.0
2024-09-03,1.64,1.64,1.56,1.63,42300.0
2024-09-04,1.63,1.63,1.59,1.63,4780.0
2024-09-05,1.6,1.62,1.6,1.62,8980.0
2024-09-06,1.62,1.62,1.59,1.59,3050.0
2024-09-09,1.62,1.62,1.6,1.61,10080.0
2024-09-10,1.62,1.63,1.6,1.63,3700.0
2024-09-11,1.63,1.64,1.63,1.64,4210.0
2024-09-12,1.62,1.64,1.62,1.63,1960.0
2024-09-13,1.63,1.63,1.63,1.63,0.0
2024-09-16,1.63,1.64,1.61,1.64,2820.0
2024-09-17,1.64,1.65,1.61,1.65,4550.0
2024-09-18,1.65,1.65,1.61,1.63,3940.0
2024-09-19,1.6,1.63,1.59,1.63,3570.0
2024-09-20,1.61,1.66,1.6,1.64,45760.0
2024-09-23,1.62,1.64,1.57,1.59,9480.0
2024-09-24,1.6,1.67,1.59,1.66,8250.0
2024-09-25,1.65,1.67,1.65,1.66,160.0
2024-09-26,1.63,1.66,1.63,1.66,3030.0
2024-09-27,1.66,1.67,1.62,1.66,5600.0
2024-09-30,1.67,1.67,1.64,1.67,1290.0
2024-10-01,1.63,1.63,1.55,1.6,23860.0
2024-10-02,1.6,1.61,1.56,1.56,3150.0
2024-10-03,1.6,1.6,1.58,1.58,640.0
2024-10-04,1.58,1.58,1.57,1.57,1570.0
2024-10-07,1.57,1.61,1.57,1.61,610.0
2024-10-08,1.57,1.6,1.56,1.56,7240.0
2024-10-09,1.54,1.6,1.54,1.6,5800.0
2024-10-10,1.6,1.6,1.57,1.59,150.0
2024-10-11,1.59,1.59,1.31,1.51,90480.0
2024-10-14,1.53,1.6,1.53,1.6,8800.0
2024-10-15,1.6,1.6,1.59,1.59,5940.0
2024-10-16,1.57,1.57,1.53,1.53,3790.0
2024-10-17,1.6,1.61,1.53,1.58,4700.0
2024-10-18,1.6,1.6,1.6,1.6,20.0
2024-10-21,1.6,1.6,1.52,1.52,1240.0
2024-10-22,1.52,1.55,1.52,1.52,790.0
2024-10-23,1.52,1.54,1.5,1.53,1330.0
2024-10-24,1.53,1.54,1.51,1.51,2190.0
2024-10-25,1.54,1.55,1.54,1.55,100.0
2024-10-28,1.5,1.55,1.5,1.55,9200.0
2024-10-29,1.5,1.51,1.46,1.51,3850.0
2024-10-30,1.51,1.51,1.47,1.5,1430.0
2024-10-31,1.47,1.5,1.45,1.5,5870.0
2024-11-04,1.49,1.49,1.45,1.49,2600.0
2024-11-05,1.46,1.47,1.4,1.47,10020.0
2024-11-06,1.45,1.5,1.41,1.5,3720.0
2024-11-07,1.52,1.52,1.45,1.45,360.0
2024-11-08,1.49,1.49,1.42,1.43,5110.0
2024-11-12,1.43,1.49,1.39,1.47,10200.0
2024-11-13,1.4,1.45,1.4,1.45,15270.0
2024-11-14,1.41,1.41,1.38,1.4,17230.0
2024-11-15,1.41,1.44,1.41,1.44,1760.0
2024-11-18,1.4,1.44,1.38,1.41,10340.0
2024-11-19,1.41,1.41,1.39,1.4,2820.0
2024-11-20,1.39,1.4,1.39,1.39,8010.0
2024-11-21,1.41,1.42,1.4,1.42,3160.0
2024-11-22,1.4,1.44,1.4,1.44,12430.0
2024-11-25,1.42,1.44,1.4,1.42,6800.0
2024-11-26,1.44,1.47,1.44,1.45,10270.0
2024-11-27,1.44,1.47,1.44,1.47,7590.0
2024-11-28,1.45,1.48,1.45,1.48,4730.0
2024-11-29,1.48,1.48,1.45,1.48,2510.0
2024-12-02,1.48,1.48,1.44,1.44,5420.0
2024-12-03,1.38,1.4,1.34,1.38,27820.0
2024-12-04,1.38,1.4,1.34,1.4,12890.0
2024-12-05,1.4,1.4,1.34,1.34,7390.0
2024-12-06,1.37,1.37,1.22,1.23,48250.0
2024-12-09,1.23,1.23,1.0,1.06,378120.0
2024-12-10,1.06,1.07,1.0,1.05,182560.0
2024-12-11,1.05,1.06,1.0,1.02,58310.0
2024-12-12,1.04,1.04,0.94,0.96,134940.0
2024-12-13,0.91,0.97,0.9,0.9,79830.0
2024-12-16,0.91,0.93,0.9,0.93,24990.0
2024-12-17,0.91,0.93,0.87,0.88,72050.0
2024-12-18,0.88,0.88,0.86,0.87,40130.0
2024-12-19,0.87,0.87,0.83,0.86,61760.0
2024-12-20,0.86,0.88,0.83,0.85,45550.0
2024-12-23,0.85,0.86,0.82,0.83,94760.0
2024-12-27,0.86,0.89,0.82,0.84,35750.0
2024-12-30,0.84,0.87,0.82,0.86,27320.0
2025-01-02,0.84,0.92,0.84,0.92,46560.0
2025-01-03,0.92,0.94,0.9,0.93,15320.0
2025-01-07,0.9,0.93,0.89,0.9,10920.0
2025-01-08,0.9,0.9,0.84,0.85,67670.0
2025-01-09,0.85,0.88,0.85,0.88,11720.0
2025-01-10,0.87,0.9,0.85,0.9,11010.0
2025-01-13,0.9,0.9,0.85,0.88,4360.0
2025-01-14,0.89,0.89,0.85,0.85,24140.0
2025-01-15,0.89,0.97,0.87,0.94,151890.0
2025-01-16,0.95,0.96,0.9,0.96,41360.0
2025-01-17,0.96,0.97,0.92,0.96,12990.0
2025-01-20,0.92,0.96,0.91,0.93,26070.0
2025-01-21,0.95,1.13,0.9,1.01,258070.0
2025-01-22,1.01,1.18,1.01,1.13,537150.0
2025-01-23,1.13,1.15,1.03,1.09,177940.0
2025-01-24,1.1,1.11,1.05,1.06,43000.0
2025-01-27,1.06,1.06,1.03,1.05,19640.0
2025-01-28,1.05,1.09,1.03,1.06,79170.0
2025-01-29,1.05,1.11,1.03,1.07,108440.0
2025-01-30,1.06,1.09,1.03,1.04,34930.0
2025-01-31,1.04,1.06,1.03,1.03,27140.0
2025-02-03,1.05,1.05,1.03,1.03,19590.0
2025-02-04,1.03,1.06,1.02,1.04,35410.0
2025-02-05,1.04,1.07,1.04,1.05,8230.0
2025-02-06,1.06,1.08,1.04,1.08,13040.0
2025-02-07,1.07,1.09,1.07,1.08,12830.0
2025-02-10,1.04,1.09,1.04,1.06,27590.0
2025-02-11,1.06,1.07,1.04,1.07,10410.0
2025-02-12,1.05,1.08,1.05,1.06,5380.0
2025-02-13,1.06,1.06,1.04,1.04,7370.0
2025-02-14,1.04,1.04,1.02,1.04,23110.0
2025-02-17,1.03,1.07,1.02,1.06,32119.999999999996
2025-02-18,1.06,1.57,1.05,1.57,472600.0
2025-02-19,2.15,2.15,1.71,1.83,1890000.0
2025-02-20,1.92,2.3,1.8,1.87,3210000.0
2025-02-21,1.88,1.97,1.7,1.72,1030000.0
2025-02-24,1.72,1.78,1.59,1.67,694600.0
2025-02-25,1.67,1.87,1.64,1.81,756310.0
2025-02-26,1.81,1.83,1.67,1.73,360730.0
2025-02-27,1.73,1.73,1.65,1.7,98730.0
2025-02-28,1.66,1.7,1.64,1.7,84980.0
2025-03-03,1.8,2.17,1.8,2.17,1770000.0
2025-03-04,2.26,2.72,2.25,2.69,2640000.0
2025-03-05,2.71,2.98,2.44,2.77,1860000.0
2025-03-06,2.91,3.13,2.77,2.8,1970000.0
2025-03-07,2.8,2.88,2.23,2.24,3430000.0
2025-03-10,2.32,2.4,2.03,2.07,1990000.0
2025-03-11,2.06,2.33,2.04,2.21,1680000.0
2025-03-12,2.27,2.27,2.06,2.13,816200.0
2025-03-13,2.15,2.15,1.96,2.0,1180000.0
2025-03-14,2.0,2.13,1.9,2.04,1430000.0
2025-03-17,2.08,2.11,1.97,2.04,624400.0
2025-03-18,2.02,2.09,1.99,2.0,450250.0
2025-03-19,2.0,2.07,1.99,2.05,333320.0
2025-03-20,2.05,2.08,1.98,2.02,249100.0
2025-03-21,2.02,2.02,1.98,2.0,79270.0
2025-03-24,2.0,2.01,1.94,1.96,188730.0
2025-03-25,1.91,1.91,1.74,1.77,925490.0
2025-03-26,1.76,1.88,1.74,1.79,402350.0
2025-03-27,1.79,1.79,1.64,1.76,467180.0
2025-03-28,1.65,1.74,1.62,1.7,629330.0
2025-03-31,1.7,1.7,1.42,1.46,983850.0
2025-04-01,1.46,1.53,1.38,1.47,466630.0
2025-04-02,1.48,1.49,1.42,1.46,174610.0
2025-04-03,1.43,1.45,1.3,1.36,533980.0
2025-04-04,1.37,1.49,1.34,1.4,522250.0
2025-04-07,1.38,1.38,1.28,1.35,419560.0
2025-04-08,1.38,1.66,1.35,1.63,1430000.0
2025-04-09,1.6,1.65,1.53,1.54,361240.0
2025-04-10,1.67,1.97,1.57,1.97,1540000.0
2025-04-11,1.91,2.07,1.87,1.96,1280000.0
2025-04-14,1.99,2.18,1.96,2.1,891740.0
2025-04-15,2.12,2.24,2.02,2.02,844910.0
2025-04-16,2.02,2.1,1.99,2.0,500370.0
2025-04-17,2.0,2.12,1.99,2.03,368860.0
2025-04-22,2.02,2.03,1.99,1.99,332620.0
2025-04-23,2.0,2.01,1.82,1.88,341930.0
2025-04-24,1.84,1.84,1.68,1.72,609630.0
2025-04-25,1.73,1.8,1.69,1.76,178980.0
2025-04-28,1.76,1.78,1.7,1.71,121450.0
2025-04-29,1.71,1.77,1.7,1.72,138260.0
2025-04-30,1.7,1.75,1.65,1.71,94470.0
2025-05-02,1.65,1.78,1.64,1.74,119830.0
2025-07-02,1.26,1.26,1.25,1.25,202860.0
2025-07-03,1.2,1.25,1.2,1.25,173800.0
2025-07-04,1.35,1.43,1.35,1.43,133270.0
2025-07-07,1.5,1.53,1.5,1.53,77470.0
2025-07-08,1.5,1.5,1.38,1.38,34770.0
2025-07-09,1.3,1.3,1.23,1.23,105380.0
2025-07-10,1.25,1.25,1.21,1.21,35600.0
2025-07-11,1.21,1.21,1.21,1.21,32549.999999999996
2025-07-14,1.23,1.23,1.22,1.22,10110.0
2025-07-15,1.2,1.2,1.16,1.16,29870.0
2025-07-16,1.02,1.03,1.02,1.03,98230.0
2025-07-17,1.03,1.04,1.03,1.04,39650.0
2025-07-18,1.05,1.06,1.05,1.06,59820.0
2025-07-21,1.07,1.07,1.06,1.06,15070.0
2025-07-22,1.03,1.03,1.02,1.02,23680.0
2025-07-23,1.0,1.0,0.9,0.9,88380.0
2025-07-24,0.9,0.92,0.9,0.92,21660.0
2025-07-25,0.96,1.0,0.96,1.0,71200.0
2025-07-28,1.06,1.06,1.06,1.06,26680.0
2025-07-29,1.1,1.12,1.1,1.12,32150.0
2025-07-30,1.18,1.18,1.18,1.18,26910.0
2025-07-31,1.18,1.18,1.18,1.18,19940.0
2025-08-01,1.19,1.19,1.04,1.04,40690.0
2025-08-04,1.05,1.07,1.05,1.07,28210.0
2025-08-05,1.11,1.16,1.11,1.16,45440.0
2025-08-06,1.15,1.17,1.09,1.14,39320.0
2025-08-07,1.1,1.16,1.09,1.11,93060.0
2025-08-08,1.11,1.14,1.1,1.14,66060.0
2025-08-11,1.14,1.15,1.11,1.15,47420.0
2025-08-12,1.15,1.18,1.13,1.16,34790.0
2025-08-13,1.15,1.17,1.11,1.15,23850.0
2025-08-14,1.2,1.4,1.2,1.26,575190.0
2025-08-18,1.27,1.44,1.27,1.41,491470.0
2025-08-19,1.41,1.51,1.32,1.47,429040.0
2025-08-20,1.51,1.51,1.39,1.43,211340.0
2025-08-21,1.39,1.42,1.28,1.3,297000.0
2025-08-22,1.3,1.35,1.26,1.31,162640.0
2025-08-25,1.32,1.33,1.26,1.29,46530.0
2025-08-26,1.27,1.3,1.25,1.27,35270.0
2025-08-27,1.33,1.39,1.25,1.25,329630.0
2025-08-28,1.32,1.33,1.21,1.23,200060.0
2025-08-29,1.25,1.25,1.16,1.22,90920.0
2025-09-01,1.22,1.23,1.15,1.21,71060.0
2025-09-02,1.21,1.22,1.16,1.2,42310.0
2025-09-03,1.19,1.22,1.17,1.17,40910.0
2025-09-04,1.23,1.25,1.21,1.21,134350.0
2025-09-05,1.21,1.24,1.2,1.22,60990.0
2025-09-08,1.21,1.23,1.19,1.23,57020.0
2025-09-09,1.23,1.25,1.2,1.24,80110.0
2025-09-10,1.3,1.65,1.3,1.64,1380000.0
2025-09-11,1.7,2.04,1.52,1.76,2500000.0
2025-09-12,1.76,1.88,1.64,1.75,664990.0
2025-09-15,1.78,1.85,1.75,1.83,397240.0
2025-09-16,1.91,2.07,1.9,1.94,1170000.0
2025-09-17,1.95,2.04,1.9,1.93,461480.0
2025-09-18,1.93,1.95,1.87,1.9,165060.0
2025-09-19,1.9,1.9,1.82,1.83,137370.0
2025-09-22,1.83,1.91,1.8,1.84,86440.0
2025-09-23,1.84,1.84,1.75,1.78,118430.0
2025-09-24,1.82,1.97,1.82,1.84,239050.0
2025-09-25,1.86,1.88,1.77,1.78,100590.0
2025-09-26,1.8,1.86,1.79,1.82,95100.0
2025-09-29,1.84,1.88,1.8,1.82,35670.0
2025-09-30,1.84,1.84,1.75,1.81,61750.0
