Date,Open,High,Low,Close,Volume
2014-09-01,5.7,5.91,5.7,5.72,40350.0
2014-09-02,5.71,5.71,5.63,5.64,18940.0
2014-09-03,5.65,5.75,5.65,5.74,37910.0
2014-09-04,5.75,5.75,5.63,5.7,14880.0
2014-09-05,5.74,5.75,5.63,5.73,24300.0
2014-09-08,5.74,6.06,5.74,6.06,127850.0
2014-09-09,6.2,6.2,6.07,6.1,43890.0
2014-09-10,6.05,6.06,5.94,5.98,56960.0
2014-09-11,5.98,6.02,5.91,5.91,33420.0
2014-09-12,5.91,6.01,5.88,5.97,21320.0
2014-09-15,5.97,5.97,5.74,5.92,18030.0
2014-09-16,5.87,5.93,5.84,5.84,12950.0
2014-09-17,5.89,5.95,5.87,5.9,54740.0
2014-09-18,5.94,6.3,5.94,6.3,630480.0
2014-09-19,6.39,6.47,6.32,6.45,64030.0
2014-09-22,6.38,6.48,6.26,6.35,22070.0
2014-09-23,6.3,6.35,6.11,6.35,32900.0
2014-09-24,6.25,6.3,6.2,6.25,12760.0
2014-09-25,6.3,6.54,6.3,6.45,77750.0
2014-09-26,6.31,6.37,6.31,6.35,33750.0
2014-09-29,6.35,6.44,6.33,6.35,37930.0
2014-09-30,6.35,6.5,6.31,6.32,23800.0
2014-10-01,6.49,6.5,6.13,6.13,27990.0
2014-10-02,6.02,6.03,5.43,5.74,96810.0
2014-10-03,5.7,5.85,5.7,5.85,10620.0
2014-10-06,5.87,5.95,5.86,5.95,25320.0
2014-10-07,5.89,5.89,5.81,5.88,5810.0
2014-10-08,5.76,5.81,5.71,5.78,11200.0
2014-10-09,5.73,5.95,5.72,5.95,13570.0
2014-10-10,5.85,5.85,5.72,5.76,23680.0
2014-10-13,5.75,5.95,5.7,5.73,17310.0
2014-10-14,5.82,5.82,5.65,5.74,11030.0
2014-10-15,5.83,5.83,5.25,5.25,102270.0
2014-10-16,5.19,5.55,5.19,5.49,281860.0
2014-10-17,5.51,5.65,5.51,5.65,526380.0
2014-10-20,5.75,5.83,5.72,5.77,122900.0
2014-10-21,5.68,5.85,5.68,5.8,12580.0
2014-10-22,5.85,5.9,5.77,5.85,91970.0
2014-10-23,5.79,5.86,5.76,5.77,91780.0
2014-10-24,5.78,5.82,5.77,5.77,74840.0
2014-10-27,5.8,5.85,5.8,5.8,15570.0
2014-10-28,5.8,5.83,5.8,5.83,7790.0
2014-10-29,5.81,5.83,5.67,5.81,10210.0
2014-10-30,5.71,5.82,5.71,5.8,10120.0
2014-10-31,5.8,5.83,5.8,5.83,9020.0
2014-11-03,5.8,5.82,5.73,5.78,8960.0
2014-11-04,5.78,5.83,5.77,5.8,103410.0
2014-11-05,5.83,5.84,5.77,5.77,20890.0
2014-11-06,5.78,5.8,5.71,5.73,12470.0
2014-11-07,5.73,5.73,5.53,5.53,15830.0
2014-11-10,5.64,5.64,5.54,5.6,4520.0
2014-11-12,5.56,5.63,5.56,5.62,3750.0
2014-11-13,5.6,5.6,5.6,5.6,26170.0
2014-11-14,5.6,5.69,5.6,5.68,16410.0
2014-11-17,5.56,5.68,5.52,5.67,23830.0
2014-11-18,5.66,5.84,5.6,5.84,30630.0
2014-11-19,5.8,5.9,5.8,5.89,10990.0
2014-11-20,5.89,5.89,5.74,5.75,18240.0
2014-11-21,5.8,5.85,5.76,5.82,7690.0
2014-11-24,5.83,5.83,5.7,5.7,85810.0
2014-11-25,5.7,5.81,5.65,5.66,3910.0
2014-11-26,5.68,5.8,5.66,5.8,4170.0
2014-11-27,5.8,5.86,5.73,5.84,21510.0
2014-11-28,5.89,5.89,5.79,5.85,21710.0
2014-12-01,5.79,5.8,5.72,5.77,9500.0
2014-12-02,5.77,5.84,5.71,5.81,24290.0
2014-12-03,5.8,6.18,5.8,6.14,98320.0
2014-12-04,6.16,6.25,6.14,6.24,43750.0
2014-12-05,6.25,6.3,6.24,6.3,50050.0
2014-12-08,6.29,6.29,6.15,6.2,14530.0
2014-12-09,6.15,6.15,6.05,6.09,8290.0
2014-12-10,6.05,6.18,6.02,6.18,10980.0
2014-12-11,6.18,6.5,6.18,6.5,137790.0
2014-12-12,6.59,6.79,6.47,6.64,73520.0
2014-12-15,6.59,6.63,6.18,6.29,39240.0
2014-12-16,6.29,6.3,5.67,6.03,117240.0
2014-12-17,6.03,6.2,6.03,6.14,27090.0
2014-12-18,6.15,6.15,5.81,6.0,16260.000000000002
2014-12-19,6.01,6.01,5.9,5.95,6750.0
2014-12-22,6.09,6.09,5.81,5.81,14010.0
2014-12-23,5.82,5.9,5.65,5.7,41480.0
2014-12-29,5.69,6.0,5.69,5.89,15530.0
2014-12-30,5.85,5.96,5.85,5.92,347160.0
2015-01-02,5.82,6.09,5.82,6.0,5100.0
2015-01-05,6.0,6.05,5.8,6.05,24500.0
2015-01-07,6.04,6.15,6.03,6.13,14160.0
2015-01-08,6.16,6.22,6.1,6.17,24900.0
2015-01-09,6.19,6.19,6.0,6.0,8050.000000000001
2015-01-12,6.13,6.35,6.13,6.25,58590.0
2015-01-13,6.25,6.35,6.25,6.34,11860.0
2015-01-14,6.39,6.39,6.22,6.29,11350.0
2015-01-15,6.23,6.23,5.9,6.08,27470.0
2015-01-16,6.02,6.1,6.0,6.1,11510.0
2015-01-19,6.09,6.15,6.01,6.14,6300.0
2015-01-20,6.14,6.5,6.12,6.44,25300.0
2015-01-21,6.4,6.47,6.4,6.47,14990.0
2015-01-22,6.45,6.46,6.38,6.44,9710.0
2015-01-23,6.44,6.44,6.2,6.4,13430.0
2015-01-26,6.27,6.4,6.26,6.37,6360.0
2015-01-27,6.37,6.4,6.3,6.39,8370.0
2015-01-28,6.4,6.63,6.4,6.63,37320.0
2015-01-29,6.6,6.6,6.5,6.55,41040.0
2015-01-30,6.57,6.58,6.5,6.52,27300.0
2015-02-02,6.5,6.52,6.41,6.42,12370.0
2015-02-03,6.42,6.5,6.3,6.31,29060.0
2015-02-04,6.38,6.38,5.9,6.11,62200.0
2015-02-05,6.1,6.1,5.83,5.97,77430.0
2015-02-06,5.97,6.2,5.94,6.2,773400.0
2015-02-09,6.24,6.24,6.15,6.2,9960.0
2015-02-10,6.21,6.21,6.11,6.12,2680.0
2015-02-11,6.2,6.24,6.1,6.19,11800.0
2015-02-12,6.19,6.36,6.19,6.3,319200.0
2015-02-13,6.35,6.47,6.35,6.42,5860.0
2015-02-16,6.45,6.59,6.32,6.55,19640.0
2015-02-17,6.52,6.53,6.42,6.49,6930.0
2015-02-18,6.47,6.5,6.37,6.45,63710.0
2015-02-19,6.46,6.46,6.31,6.4,4830.0
2015-02-20,6.46,6.47,6.45,6.45,54430.0
2015-02-23,6.5,6.5,6.38,6.45,16880.0
2015-02-24,6.49,6.69,6.4,6.45,107570.0
2015-02-25,6.46,7.05,6.46,7.05,263180.0
2015-02-26,6.98,7.45,6.8,7.29,467680.0
2015-02-27,7.49,7.83,7.4,7.8,529110.0
2015-03-02,7.8,7.91,7.71,7.9,199290.0
2015-03-03,7.98,8.15,7.92,8.12,176870.0
2015-03-04,8.03,8.1,7.76,8.05,88090.0
2015-03-05,8.01,8.2,7.93,8.0,94100.0
2015-03-06,8.01,8.2,8.01,8.11,49850.0
2015-03-09,8.12,8.15,8.0,8.1,49880.0
2015-03-10,8.09,8.1,7.52,7.77,96150.0
2015-03-11,7.72,8.04,7.72,8.0,87670.0
2015-03-12,7.96,8.05,7.96,8.0,213620.0
2015-03-13,7.85,8.05,7.8,7.81,152080.0
2015-03-16,7.97,7.97,7.76,7.95,13180.0
2015-03-17,7.92,8.05,7.9,7.98,236830.0
2015-03-18,8.04,8.2,8.04,8.05,364410.0
2015-03-19,8.18,8.2,8.05,8.2,104760.0
2015-03-20,8.2,8.2,8.03,8.06,24980.0
2015-03-23,8.19,8.19,7.8,7.93,26210.0
2015-03-24,7.91,8.05,7.91,7.96,12600.0
2015-03-25,7.96,7.96,7.9,7.95,7390.0
2015-03-26,7.87,7.9,7.71,7.84,13680.0
2015-03-27,7.75,7.99,7.75,7.83,7210.0
2015-03-30,7.99,8.0,7.95,7.96,13660.0
2015-03-31,7.97,8.0,7.93,7.94,10070.0
2015-04-01,7.95,7.98,7.93,7.98,43120.0
2015-04-02,7.99,7.99,7.89,7.96,59000.0
2015-04-07,7.96,8.06,7.96,8.04,50870.0
2015-04-08,8.0,8.04,7.96,8.0,16370.000000000002
2015-04-09,8.04,8.04,7.94,8.0,20790.0
2015-04-10,8.0,8.0,7.91,7.91,21510.0
2015-04-13,7.91,8.08,7.91,8.06,69170.0
2015-04-14,8.06,8.06,8.0,8.03,43410.0
2015-04-15,8.05,8.05,8.0,8.01,60380.0
2015-04-16,8.01,8.06,7.88,7.88,134350.0
2015-04-17,7.88,7.97,7.77,7.95,32159.999999999996
2015-04-20,7.77,8.06,7.56,8.0,59660.0
2015-04-21,8.01,8.01,7.92,7.94,9200.0
2015-04-22,7.93,8.0,7.92,8.0,20860.0
2015-04-23,8.0,8.02,8.0,8.02,4290.0
2015-04-24,8.0,8.0,7.85,7.9,13360.0
2015-04-27,7.85,7.95,7.73,7.93,23760.0
2015-04-28,7.94,7.97,7.87,7.9,19030.0
2015-04-29,7.94,7.99,7.86,7.97,54850.0
2015-04-30,7.85,7.89,7.85,7.85,9080.0
2015-05-04,7.83,7.99,7.83,7.95,10910.0
2015-05-05,7.99,8.2,7.93,8.07,99720.0
2015-05-06,8.15,8.15,8.04,8.1,7360.0
2015-05-07,8.1,8.1,7.96,8.0,11580.0
2015-05-08,8.04,8.13,7.95,8.12,21010.0
2015-05-11,8.1,8.13,8.02,8.12,10670.0
2015-05-12,8.1,8.1,8.02,8.09,2980.0
2015-05-13,8.02,8.12,8.01,8.08,25320.0
2015-05-14,8.03,8.03,7.7,7.81,45020.0
2015-05-15,7.85,7.98,7.8,7.98,12270.0
2015-05-18,7.98,7.98,7.8,7.8,11840.0
2015-05-19,7.79,7.81,7.76,7.76,11390.0
2015-05-20,7.7,7.75,7.6,7.75,15600.0
2015-05-21,7.73,7.73,7.12,7.55,62710.0
2015-05-22,7.33,7.58,7.33,7.58,15700.0
2015-05-25,7.58,7.58,7.44,7.52,25350.0
2015-05-26,7.39,7.7,7.39,7.52,7940.0
2015-05-27,7.79,7.79,7.64,7.66,9630.0
2015-05-28,7.7,7.78,7.7,7.75,1540.0
2015-05-29,7.75,7.76,7.66,7.71,22090.0
2015-06-01,7.71,7.99,7.7,7.99,34270.0
2015-06-02,7.8,7.96,7.8,7.83,27340.0
2015-06-03,7.95,7.95,7.83,7.9,256089.99999999997
2015-06-05,7.96,7.98,7.86,7.96,13550.0
2015-06-08,7.88,8.01,7.88,7.89,63330.0
2015-06-09,7.87,7.97,7.75,7.83,221410.0
2015-06-10,7.76,7.9,7.74,7.8,8890.0
2015-06-11,7.8,7.8,7.7,7.7,23770.0
2015-06-12,7.7,7.7,7.3,7.33,52570.0
2015-06-15,7.22,7.51,7.2,7.39,6990.0
2015-06-16,7.42,7.42,7.19,7.3,4940.0
2015-06-17,7.2,7.3,6.66,6.91,92170.0
2015-06-18,6.85,7.15,6.85,7.15,35700.0
2015-06-19,7.17,7.49,7.15,7.49,19950.0
2015-06-22,7.4,7.45,7.4,7.4,4930.0
2015-06-23,7.45,7.89,7.26,7.84,16320.0
2015-06-24,7.82,7.82,7.36,7.42,3260.0
2015-06-25,7.43,7.49,7.31,7.31,3320.0
2015-06-26,7.31,7.58,7.31,7.5,102200.0
2015-06-29,6.89,7.27,6.76,6.79,86380.0
2015-06-30,6.88,6.88,6.45,6.62,40200.0
2015-07-01,6.8,6.8,6.6,6.7,10770.0
2015-07-02,6.57,6.66,6.4,6.56,34900.0
2015-07-03,6.4,6.54,6.31,6.45,12050.0
2015-07-06,5.92,6.34,5.92,6.09,125770.0
2015-07-07,6.2,6.2,5.9,5.9,37130.0
2015-07-08,6.0,6.0,5.57,5.76,97670.0
2015-07-09,5.76,5.99,5.32,5.32,139690.0
2015-07-10,5.41,5.95,5.41,5.95,120390.0
2015-07-13,6.05,6.48,6.05,6.23,43920.0
2015-07-14,6.27,6.45,6.27,6.4,15770.0
2015-07-15,6.48,6.48,6.15,6.3,17120.0
2015-07-16,6.35,6.84,6.35,6.75,89040.0
2015-07-17,6.8,6.9,6.75,6.75,34080.0
2015-07-20,6.75,6.75,6.43,6.5,16180.0
2015-07-21,6.69,6.84,6.42,6.69,94030.0
2015-07-22,6.77,6.77,6.28,6.28,14970.0
2015-07-23,6.49,6.49,6.2,6.2,12710.0
2015-07-24,6.25,6.45,5.92,6.18,13880.0
2015-07-27,6.2,6.2,5.7,5.85,38620.0
2015-07-28,5.86,5.87,5.7,5.79,31940.0
2015-07-29,5.87,6.18,5.85,6.05,57330.0
2015-07-30,6.06,6.1,6.0,6.1,5360.0
2015-07-31,6.0,6.1,6.0,6.1,5410.0
2015-08-03,6.01,6.06,6.0,6.0,23460.0
2015-08-04,6.1,6.1,6.0,6.09,43930.0
2015-08-05,6.09,6.25,6.01,6.25,35870.0
2015-08-06,6.12,6.23,6.0,6.02,23530.0
2015-08-07,6.05,6.12,6.05,6.12,10280.0
2015-08-10,6.24,6.24,6.24,6.24,1560.0
2015-08-11,6.1,6.35,6.1,6.35,27270.0
2015-08-12,6.23,6.38,6.23,6.38,9090.0
2015-08-13,6.38,6.6,6.31,6.6,34820.0
2015-08-14,6.68,6.69,6.32,6.5,2570.0
2015-08-17,6.5,6.5,6.12,6.28,10210.0
2015-08-18,6.22,6.28,6.1,6.1,10890.0
2015-08-19,6.11,6.3,6.09,6.29,36070.0
2015-08-20,6.11,6.3,6.11,6.2,5220.0
2015-08-21,6.11,6.2,6.07,6.07,5880.0
2015-08-24,6.05,6.09,5.7,5.9,128830.00000000001
2015-08-25,5.76,5.99,5.76,5.9,8050.000000000001
2015-08-26,5.8,5.9,5.8,5.9,60660.0
2015-08-27,5.86,6.0,5.82,5.91,11510.0
2015-08-28,5.91,6.05,5.9,5.96,5130.0
2015-08-31,5.76,5.89,5.76,5.88,3170.0
2015-09-01,5.99,5.99,5.97,5.97,100.0
2015-09-02,5.97,6.0,5.85,5.98,15390.0
2015-09-03,6.0,6.04,5.9,6.04,19110.0
2015-09-04,5.99,6.03,5.99,6.03,450.0
2015-09-07,6.0,6.03,5.92,6.02,9610.0
2015-09-08,5.92,6.01,5.92,6.01,8460.0
2015-09-09,5.91,6.01,5.9,6.01,5890.0
2015-09-10,6.02,6.02,6.0,6.0,12840.0
2015-09-11,5.95,6.04,5.83,6.01,35550.0
2015-09-14,6.02,6.02,6.01,6.02,3810.0
2015-09-15,5.95,6.04,5.95,6.04,7820.0
2015-09-16,6.04,6.04,6.0,6.04,2340.0
2015-09-17,6.04,6.04,5.96,6.0,5940.0
2015-09-18,5.98,6.04,5.98,6.0,3550.0
2015-09-21,5.95,6.04,5.92,6.04,13450.0
2015-09-22,6.0,6.03,5.98,6.03,2410.0
2015-09-23,5.98,6.03,5.98,6.03,8440.0
2015-09-24,5.99,6.02,5.98,6.02,68950.0
2015-09-25,5.98,6.02,5.92,6.02,1220.0
2015-09-28,6.0,6.01,6.0,6.01,1090.0
2015-09-29,5.92,6.01,5.92,6.01,5100.0
2015-09-30,6.0,6.01,5.87,6.01,3360.0
2015-10-01,5.92,5.99,5.92,5.99,1170.0
2015-10-02,5.99,6.0,5.9,6.0,29380.0
2015-10-05,5.99,6.02,5.9,6.0,48860.0
2015-10-06,6.01,6.34,6.0,6.29,22450.0
2015-10-07,6.36,6.7,6.36,6.5,20790.0
2015-10-08,6.48,6.48,6.35,6.47,3130.0
2015-10-09,6.47,6.47,6.31,6.47,2570.0
2015-10-12,6.45,6.45,6.45,6.45,500.0
2015-10-13,6.45,6.45,6.32,6.32,1050.0
2015-10-14,6.12,6.2,6.11,6.16,3980.0
2015-10-15,6.11,6.16,6.08,6.16,3650.0
2015-10-16,6.15,6.29,6.15,6.29,42330.0
2015-10-19,6.2,6.34,6.2,6.34,34650.0
2015-10-20,6.24,6.3,6.19,6.3,1330.0
2015-10-21,6.34,6.43,6.3,6.35,65440.0
2015-10-22,6.36,6.36,6.3,6.3,54190.0
2015-10-23,6.3,6.44,6.28,6.44,11790.0
2015-10-26,6.25,6.47,6.11,6.47,6610.0
2015-10-27,6.31,6.65,6.31,6.62,12320.0
2015-10-28,6.54,6.59,6.48,6.59,172820.0
2015-10-29,6.65,6.65,6.53,6.59,31630.0
2015-10-30,6.59,6.6,6.3,6.54,50180.0
2015-11-02,6.43,6.6,6.42,6.6,3780.0
2015-11-03,6.63,6.64,6.43,6.55,44860.0
2015-11-04,6.27,6.55,6.27,6.46,5290.0
2015-11-05,6.48,6.48,6.41,6.46,61770.0
2015-11-06,6.3,6.5,6.26,6.4,6380.0
2015-11-09,6.49,6.49,5.86,6.05,8010.0
2015-11-10,6.03,6.28,6.03,6.13,43780.0
2015-11-12,6.28,6.29,6.12,6.29,8320.0
2015-11-13,6.29,6.39,6.16,6.37,4750.0
2015-11-16,6.15,6.39,6.02,6.2,63730.0
2015-11-17,6.34,6.45,6.34,6.44,22270.0
2015-11-18,6.21,6.39,6.21,6.39,290.0
2015-11-19,6.39,6.45,6.35,6.4,30160.0
2015-11-20,6.43,6.43,6.23,6.4,1000.0
2015-11-23,6.25,6.39,6.25,6.25,263860.0
2015-11-24,6.1,6.29,6.09,6.29,219130.0
2015-11-25,6.28,6.28,5.95,6.23,12440.0
2015-11-26,6.23,6.3,6.15,6.15,2200.0
2015-11-27,6.2,6.3,6.12,6.26,3950.0
2015-11-30,6.29,6.29,6.1,6.19,2530.0
2015-12-01,6.1,6.23,6.05,6.13,4780.0
2015-12-02,6.14,6.14,6.04,6.08,24070.0
2015-12-03,6.08,6.1,6.05,6.1,3390.0
2015-12-04,6.19,6.19,5.61,5.99,9100.0
2015-12-07,5.99,5.99,5.91,5.91,300.0
2015-12-08,5.91,5.98,5.7,5.8,66670.0
2015-12-09,5.8,5.8,5.53,5.62,12390.0
2015-12-10,5.52,5.59,5.41,5.5,18660.0
2015-12-11,5.64,5.64,5.08,5.13,225410.0
2015-12-14,5.23,5.24,4.89,4.89,79040.0
2015-12-15,5.11,5.11,4.65,4.78,59300.0
2015-12-16,4.78,4.87,4.5,4.5,69310.0
2015-12-17,4.52,4.85,4.52,4.83,184370.0
2015-12-18,4.89,4.98,4.8,4.98,12400.0
2015-12-21,5.0,5.15,4.98,5.15,11020.0
2015-12-22,5.1,5.17,5.05,5.1,9940.0
2015-12-23,5.1,5.1,5.01,5.08,9100.0
2015-12-28,4.98,5.08,4.98,4.98,112820.0
2015-12-29,4.99,5.1,4.99,5.01,16830.0
2015-12-30,5.1,5.1,4.98,5.0,40990.0
2016-01-04,5.25,5.25,4.89,5.0,3090.0
2016-01-05,4.82,5.0,4.81,4.87,10560.0
2016-01-07,4.85,5.0,4.81,4.9,22870.0
2016-01-08,4.89,4.99,4.8,4.9,37780.0
2016-01-11,4.9,5.0,4.81,4.81,13580.0
2016-01-12,4.8,4.9,4.67,4.78,26240.0
2016-01-13,4.8,4.85,4.78,4.78,6860.0
2016-01-14,4.78,4.94,4.78,4.86,23060.0
2016-01-15,4.8,4.9,4.8,4.8,1220.0
2016-01-18,4.7,4.94,4.61,4.66,21450.0
2016-01-19,4.66,4.89,4.66,4.7,35950.0
2016-01-20,4.8,4.8,4.45,4.46,34220.0
2016-01-21,4.47,4.65,4.47,4.55,32549.999999999996
2016-01-22,4.55,4.76,4.55,4.7,13790.0
2016-01-25,4.65,4.8,4.56,4.69,35400.0
2016-01-26,4.6,4.78,4.6,4.78,8570.0
2016-01-27,4.78,4.82,4.6,4.73,10050.0
2016-01-28,4.81,4.93,4.68,4.8,86340.0
2016-01-29,4.8,4.83,4.62,4.62,15460.0
2016-02-01,4.84,4.84,4.52,4.56,24800.0
2016-02-02,4.7,4.72,4.56,4.59,84040.0
2016-02-03,4.77,4.77,4.54,4.59,124350.0
2016-02-04,4.6,4.83,4.6,4.77,50350.0
2016-02-05,4.97,4.97,4.68,4.7,37890.0
2016-02-08,4.7,4.89,4.7,4.75,44250.0
2016-02-09,4.7,4.89,4.7,4.82,30210.0
2016-02-10,4.72,4.95,4.72,4.9,123490.0
2016-02-11,4.9,5.19,4.9,5.15,127310.0
2016-02-12,5.15,5.15,5.02,5.12,4710.0
2016-02-15,5.05,5.15,5.04,5.04,3470.0
2016-02-16,5.02,5.02,4.9,4.97,7700.0
2016-02-17,5.0,5.1,4.91,5.0,27190.0
2016-02-18,5.0,5.1,4.93,4.93,35230.0
2016-02-19,5.05,5.2,4.95,5.2,8840.0
2016-02-22,5.21,5.5,5.21,5.48,74410.0
2016-02-23,5.5,5.8,5.5,5.6,25240.0
2016-02-24,5.55,5.6,5.45,5.57,32790.0
2016-02-25,5.59,6.0,5.59,5.94,38410.0
2016-02-26,5.95,6.2,5.86,6.19,28200.0
2016-02-29,6.1,6.18,6.0,6.1,7120.0
2016-03-01,6.0,6.18,5.9,5.9,16200.0
2016-03-02,6.15,6.15,6.01,6.13,14910.0
2016-03-03,6.1,6.24,6.1,6.23,7260.0
2016-03-04,6.2,6.23,6.02,6.15,7220.0
2016-03-07,6.18,6.19,6.15,6.19,6620.0
2016-03-08,6.19,6.22,6.16,6.2,6990.0
2016-03-09,6.2,6.2,6.16,6.2,1550.0
2016-03-10,6.2,6.48,6.2,6.37,86160.0
2016-03-11,6.47,6.47,6.35,6.35,8310.0
2016-03-14,6.4,6.44,6.22,6.42,4580.0
2016-03-15,6.42,6.42,6.32,6.4,3410.0
2016-03-16,6.4,6.4,6.31,6.4,2830.0
2016-03-17,6.42,6.44,6.3,6.44,3520.0
2016-03-18,6.4,6.43,6.4,6.43,510.0
2016-03-21,6.4,6.44,6.4,6.44,1740.0
2016-03-22,6.43,6.44,6.27,6.39,9830.0
2016-03-23,6.39,6.4,6.28,6.35,8650.0
2016-03-24,6.35,6.35,6.09,6.1,15910.0
2016-03-29,6.25,6.36,6.25,6.3,3580.0
2016-03-30,6.4,6.7,6.31,6.61,67490.0
2016-03-31,6.72,6.79,6.5,6.55,43380.0
2016-04-01,6.6,6.61,6.49,6.54,6320.0
2016-04-04,6.54,6.59,6.41,6.49,20640.0
2016-04-05,6.49,6.58,6.31,6.4,39520.0
2016-04-06,6.44,6.53,6.44,6.49,2650.0
2016-04-07,6.5,6.5,6.4,6.49,7570.0
2016-04-08,6.48,6.48,6.4,6.48,1230.0
2016-04-11,6.55,6.55,6.4,6.49,2840.0
2016-04-12,6.47,6.48,6.4,6.44,4690.0
2016-04-13,6.44,6.44,6.33,6.44,2680.0
2016-04-14,6.35,6.43,6.32,6.35,2870.0
2016-04-15,6.35,6.36,6.0,6.21,42390.0
2016-04-18,6.11,6.25,6.03,6.2,14790.0
2016-04-19,6.2,6.2,5.99,6.15,49750.0
2016-04-20,6.1,6.1,6.0,6.09,14270.0
2016-04-21,6.09,6.09,6.05,6.09,34230.0
2016-04-22,6.08,6.13,6.06,6.13,10510.0
2016-04-25,6.13,6.13,6.03,6.08,6600.0
2016-04-26,6.14,6.28,6.14,6.19,56970.0
2016-04-27,6.19,6.42,6.06,6.25,35120.0
2016-04-28,6.33,6.33,6.1,6.15,16440.0
2016-04-29,6.15,6.18,6.0,6.09,20350.0
2016-05-02,6.12,6.12,6.02,6.03,6290.0
2016-05-04,6.06,6.11,6.01,6.05,23570.0
2016-05-05,6.05,6.05,5.75,5.81,28460.0
2016-05-06,5.8,5.89,5.4,5.7,33400.0
2016-05-09,5.75,5.96,5.7,5.85,9600.0
2016-05-10,5.79,5.89,5.71,5.79,33780.0
2016-05-11,5.74,5.83,5.74,5.75,1540.0
2016-05-12,5.76,5.83,5.75,5.78,34130.0
2016-05-13,5.83,5.83,5.75,5.75,3100.0
2016-05-16,5.92,5.92,5.8,5.83,9390.0
2016-05-17,5.89,5.9,5.83,5.88,17320.0
2016-05-18,5.94,5.94,5.83,5.88,11920.0
2016-05-19,5.76,5.89,5.75,5.82,22490.0
2016-05-20,5.87,5.87,5.8,5.84,1710.0
2016-05-23,5.84,5.94,5.8,5.82,8560.0
2016-05-24,5.94,5.99,5.86,5.94,7110.0
2016-05-25,6.17,6.55,5.95,6.1,123520.0
2016-05-27,6.15,6.15,5.85,6.0,39680.0
2016-05-30,6.08,6.08,5.85,6.04,5870.0
2016-05-31,6.04,6.04,5.91,5.97,2930.0
2016-06-01,5.98,5.98,5.72,5.72,11830.0
2016-06-02,5.86,5.87,5.72,5.72,13890.0
2016-06-03,5.83,5.87,5.7,5.85,14610.0
2016-06-06,5.72,5.79,5.68,5.79,18560.0
2016-06-07,5.84,5.9,5.81,5.83,18560.0
2016-06-08,5.94,5.94,5.77,5.77,8740.0
2016-06-09,5.9,5.9,5.7,5.8,9560.0
2016-06-10,5.86,5.86,5.7,5.75,9440.0
2016-06-13,5.75,5.75,5.3,5.4,35860.0
2016-06-14,5.37,5.5,5.07,5.5,24860.0
2016-06-15,5.5,5.68,5.35,5.47,36010.0
2016-06-16,5.36,5.45,5.33,5.35,39740.0
2016-06-17,5.49,5.49,5.27,5.27,6260.0
2016-06-20,5.27,5.45,5.2,5.2,4350.0
2016-06-21,5.26,5.44,5.26,5.3,150.0
2016-06-22,5.28,5.28,5.11,5.2,18200.0
2016-06-23,5.15,5.19,5.06,5.06,16290.0
2016-06-24,4.8,5.06,4.51,5.05,38360.0
2016-06-27,5.08,5.14,5.0,5.0,20790.0
2016-06-28,5.01,5.17,5.01,5.15,19350.0
2016-06-29,5.17,5.38,5.17,5.3,9540.0
2016-06-30,5.34,5.35,5.22,5.34,5470.0
2016-07-01,5.36,5.37,5.25,5.25,3510.0
2016-07-04,5.0,5.34,4.9,5.3,23160.0
2016-07-05,5.33,5.33,5.09,5.1,18220.0
2016-07-06,5.05,5.1,4.91,5.08,8820.0
2016-07-07,5.14,5.2,5.0,5.05,12560.0
2016-07-08,5.09,5.39,5.05,5.38,12210.0
2016-07-11,5.38,5.45,5.38,5.45,740.0
2016-07-12,5.44,5.6,5.44,5.49,12990.0
2016-07-13,5.44,5.58,5.44,5.58,7830.0
2016-07-14,5.46,5.58,5.45,5.55,7150.0
2016-07-15,5.45,5.55,5.45,5.54,3520.0
2016-07-18,5.57,5.66,5.57,5.58,2750.0
2016-07-19,5.53,5.55,5.45,5.5,6820.0
2016-07-20,5.5,5.5,5.5,5.5,440.0
2016-07-21,5.53,5.53,5.43,5.45,3700.0
2016-07-22,5.45,5.49,5.39,5.4,23440.0
2016-07-25,5.45,5.59,5.45,5.59,37400.0
2016-07-26,5.64,5.79,5.6,5.79,35170.0
2016-07-27,5.65,5.69,5.6,5.69,15770.0
2016-07-28,5.69,5.69,5.54,5.65,3270.0
2016-07-29,5.54,5.63,5.5,5.63,3070.0
2016-08-01,5.63,5.63,5.56,5.59,2020.0
2016-08-02,5.59,5.59,5.47,5.47,10700.0
2016-08-03,5.59,5.59,5.49,5.49,760.0
2016-08-04,5.5,5.5,5.49,5.5,6240.0
2016-08-05,5.42,5.55,5.42,5.5,7250.0
2016-08-08,5.55,5.55,5.4,5.5,6140.0
2016-08-09,5.52,5.52,5.28,5.3,25270.0
2016-08-10,5.38,5.38,5.12,5.15,17360.0
2016-08-11,5.15,5.18,5.15,5.15,3830.0
2016-08-12,5.33,5.33,5.09,5.09,6140.0
2016-08-16,5.1,5.25,5.1,5.24,21330.0
2016-08-17,5.33,5.33,5.2,5.22,8320.0
2016-08-18,5.26,5.26,5.2,5.25,11000.0
2016-08-19,5.38,5.45,5.23,5.38,3270.0
2016-08-22,5.44,5.44,5.28,5.35,19530.0
2016-08-23,5.35,5.53,5.31,5.53,18420.0
2016-08-24,5.5,5.55,5.45,5.45,14200.0
2016-08-25,5.4,5.41,5.4,5.41,3100.0
2016-08-26,5.35,5.38,5.35,5.38,1250.0
2016-08-29,5.38,5.38,5.3,5.36,4200.0
2016-08-30,5.31,5.39,5.31,5.39,18510.0
2016-08-31,5.39,5.47,5.31,5.45,4890.0
2016-09-01,5.4,5.47,5.4,5.47,20550.0
2016-09-02,5.49,5.5,5.35,5.5,9180.0
2016-09-05,5.49,5.54,5.49,5.54,5380.0
2016-09-06,5.54,5.7,5.54,5.57,21650.0
2016-09-07,5.65,5.71,5.5,5.71,21390.0
2016-09-08,5.66,5.71,5.6,5.6,2270.0
2016-09-09,5.6,5.6,5.5,5.5,4620.0
2016-09-12,5.43,5.49,5.37,5.45,12800.0
2016-09-13,5.46,5.59,5.46,5.46,3050.0
2016-09-14,5.46,5.46,5.45,5.45,5100.0
2016-09-15,5.5,5.58,5.48,5.48,5070.0
2016-09-16,5.45,5.57,5.45,5.57,4880.0
2016-09-19,5.5,5.8,5.5,5.65,32220.0
2016-09-20,5.74,5.74,5.65,5.65,4900.0
2016-09-21,5.65,5.7,5.57,5.65,11380.0
2016-09-22,5.69,5.74,5.53,5.6,11360.0
2016-09-23,5.64,5.7,5.57,5.69,34220.0
2016-09-26,5.61,5.65,5.53,5.65,1150.0
2016-09-27,5.7,5.7,5.53,5.55,5330.0
2016-09-28,5.55,5.56,5.53,5.55,5110.0
2016-09-29,5.53,5.65,5.42,5.43,6920.0
2016-09-30,5.43,5.48,5.4,5.48,1860.0
2016-10-03,5.4,5.4,5.26,5.3,23580.0
2016-10-04,5.31,5.4,5.27,5.4,20810.0
2016-10-05,5.37,5.47,5.3,5.46,6930.0
2016-10-06,5.31,5.5,5.31,5.39,320.0
2016-10-07,5.39,5.39,5.3,5.39,5430.0
2016-10-10,5.3,5.39,5.27,5.34,6350.0
2016-10-11,5.3,5.31,5.22,5.22,9750.0
2016-10-12,5.22,5.27,5.16,5.26,3480.0
2016-10-13,5.2,5.27,5.12,5.27,17790.0
2016-10-14,5.27,5.33,5.1,5.21,15130.0
2016-10-17,5.3,5.49,5.2,5.45,36150.0
2016-10-18,5.45,5.45,5.36,5.42,7910.0
2016-10-19,5.49,5.49,5.4,5.48,7290.0
2016-10-20,5.49,5.52,5.4,5.52,17650.0
2016-10-21,5.52,5.68,5.52,5.68,34170.0
2016-10-24,5.68,5.68,5.51,5.55,10070.0
2016-10-25,5.58,5.66,5.58,5.6,24690.0
2016-10-26,5.67,5.67,5.64,5.67,10230.0
2016-10-27,5.67,5.75,5.67,5.74,17570.0
2016-10-28,5.75,5.82,5.7,5.82,26290.0
2016-10-31,5.85,5.98,5.85,5.97,27230.0
2016-11-02,5.85,5.85,5.61,5.68,52300.0
2016-11-03,5.6,5.71,5.6,5.71,50230.0
2016-11-04,5.6,5.85,5.52,5.8,37570.0
2016-11-07,5.7,5.85,5.7,5.84,11680.0
2016-11-08,5.67,5.8,5.67,5.79,16030.000000000002
2016-11-09,5.6,5.75,5.6,5.75,10480.0
2016-11-10,5.8,6.07,5.8,5.93,26840.0
2016-11-14,5.86,5.86,5.75,5.75,5480.0
2016-11-15,5.97,5.97,5.65,5.7,6130.0
2016-11-16,5.63,5.71,5.63,5.71,1420.0
2016-11-17,5.63,5.7,5.61,5.62,3670.0
2016-11-18,5.56,5.56,5.3,5.38,21740.0
2016-11-21,5.37,5.6,5.37,5.57,6440.0
2016-11-22,5.5,5.59,5.43,5.49,10290.0
2016-11-23,5.49,5.55,5.45,5.55,1310.0
2016-11-24,5.5,5.5,5.38,5.49,6540.0
2016-11-25,5.42,5.69,5.42,5.69,11590.0
2016-11-28,5.71,5.77,5.55,5.7,3750.0
2016-11-29,5.73,5.73,5.51,5.59,2070.0
2016-11-30,5.5,5.65,5.5,5.64,9280.0
2016-12-01,5.58,5.64,5.52,5.52,4450.0
2016-12-02,5.55,5.55,5.45,5.53,2390.0
2016-12-05,5.5,5.59,5.48,5.58,7440.0
2016-12-06,5.58,5.67,5.55,5.67,9020.0
2016-12-07,5.67,5.67,5.55,5.67,7100.0
2016-12-08,5.67,5.68,5.54,5.63,16000.0
2016-12-09,5.56,5.6,5.55,5.6,4580.0
2016-12-12,5.61,5.61,5.48,5.5,27180.0
2016-12-13,5.46,5.5,5.2,5.2,24180.0
2016-12-14,5.23,5.45,5.23,5.24,9550.0
2016-12-15,5.19,5.27,5.18,5.19,10820.0
2016-12-16,5.19,5.26,5.18,5.2,8650.0
2016-12-19,5.24,5.39,5.24,5.39,7360.0
2016-12-20,5.31,5.48,5.29,5.4,2100.0
2016-12-21,5.4,5.4,5.29,5.37,2430.0
2016-12-22,5.39,5.39,5.3,5.36,170.0
2016-12-23,5.3,5.3,5.16,5.19,14670.0
2016-12-27,5.3,5.33,5.2,5.2,4280.0
2016-12-28,5.39,5.39,5.16,5.3,21370.0
2016-12-29,5.34,5.39,5.21,5.39,7720.0
2016-12-30,5.4,5.44,5.28,5.34,7660.0
2017-01-02,5.35,5.35,5.3,5.35,2090.0
2017-01-03,5.34,5.39,5.22,5.27,14360.0
2017-01-04,5.27,5.33,5.22,5.26,11290.0
2017-01-05,5.25,5.3,5.22,5.29,24290.0
2017-01-09,5.25,5.3,5.24,5.3,10180.0
2017-01-10,5.3,5.43,5.29,5.34,11240.0
2017-01-11,5.3,5.36,5.29,5.3,16470.0
2017-01-12,5.3,5.31,5.18,5.29,31690.0
2017-01-13,5.23,5.24,5.18,5.24,9000.0
2017-01-16,5.24,5.24,5.03,5.17,25320.0
2017-01-17,5.2,5.52,5.18,5.52,51240.0
2017-01-18,5.55,5.55,5.44,5.5,7290.0
2017-01-19,5.42,5.51,5.42,5.51,20470.0
2017-01-20,5.52,5.6,5.43,5.43,2640.0
2017-01-23,5.35,5.87,5.35,5.85,46540.0
2017-01-24,5.8,6.25,5.75,6.19,163150.0
2017-01-25,6.18,6.19,6.07,6.15,36320.0
2017-01-26,6.13,6.2,6.1,6.12,10050.0
2017-01-27,6.11,6.17,6.02,6.17,34230.0
2017-01-30,6.18,6.18,6.0,6.05,5840.0
2017-01-31,6.05,6.23,6.05,6.22,25090.0
2017-02-01,6.23,6.25,6.22,6.25,7620.0
2017-02-02,6.33,6.39,6.2,6.39,34640.0
2017-02-03,6.39,6.44,6.3,6.41,21940.0
2017-02-06,6.42,6.65,6.4,6.55,53200.0
2017-02-07,6.55,6.59,6.41,6.42,109140.0
2017-02-08,6.45,6.47,6.4,6.47,130300.00000000001
2017-02-09,6.55,6.6,6.42,6.6,125170.0
2017-02-10,6.61,6.7,6.58,6.65,30070.0
2017-02-13,6.6,6.66,6.49,6.6,21240.0
2017-02-14,6.5,6.6,6.46,6.6,15360.0
2017-02-15,6.6,6.67,6.51,6.51,17770.0
2017-02-16,6.79,6.79,6.42,6.49,71920.0
2017-02-17,6.5,6.5,6.06,6.09,105420.0
2017-02-20,6.18,6.3,5.77,6.3,262570.0
2017-02-21,6.38,6.49,6.35,6.45,251430.0
2017-02-22,6.46,6.8,6.46,6.66,120460.0
2017-02-23,6.66,6.68,6.45,6.6,26360.0
2017-02-24,6.55,6.55,6.4,6.48,9810.0
2017-02-27,6.49,6.6,6.47,6.5,9650.0
2017-02-28,6.5,6.53,6.49,6.49,61740.0
2017-03-01,6.53,6.95,6.52,6.89,222830.0
2017-03-02,6.89,7.4,6.88,7.22,205270.0
2017-03-03,7.22,7.22,7.05,7.15,91020.0
2017-03-06,7.11,7.11,6.92,7.05,53100.0
2017-03-07,6.9,6.93,6.85,6.93,11430.0
2017-03-08,6.85,6.93,6.78,6.9,10520.0
2017-03-09,6.75,6.77,6.63,6.66,11550.0
2017-03-10,6.6,6.98,6.6,6.87,16329.999999999998
2017-03-13,6.87,7.15,6.87,7.09,11470.0
2017-03-14,7.1,7.13,7.0,7.0,9570.0
2017-03-15,7.0,7.09,6.81,7.09,9620.0
2017-03-16,7.09,7.09,6.84,6.99,3280.0
2017-03-17,6.99,7.05,6.96,6.96,8200.0
2017-03-20,6.87,7.03,6.87,6.96,3670.0
2017-03-21,6.81,6.94,6.72,6.74,4130.0
2017-03-22,6.71,6.8,6.6,6.79,22650.0
2017-03-23,6.79,6.79,6.79,6.79,1700.0
2017-03-24,6.87,6.97,6.61,6.79,4980.0
2017-03-27,6.79,6.79,6.6,6.7,4810.0
2017-03-28,6.73,6.79,6.73,6.79,2100.0
2017-03-29,6.79,6.79,6.4,6.52,28010.0
2017-03-30,6.52,6.52,6.22,6.24,47230.0
2017-03-31,6.24,6.28,6.01,6.02,37550.0
2017-04-03,6.36,6.6,6.36,6.5,165980.0
2017-04-04,6.5,6.5,6.1,6.26,22550.0
2017-04-05,6.26,6.37,6.12,6.36,20850.0
2017-04-06,6.33,6.45,6.14,6.45,30010.0
2017-04-07,6.46,6.5,6.46,6.5,2900.0
2017-04-10,6.4,6.57,6.4,6.5,2390.0
2017-04-11,6.36,6.45,6.36,6.45,1490.0
2017-04-12,6.45,6.45,6.35,6.35,930.0
2017-04-13,6.45,6.45,6.31,6.45,350.0
2017-04-18,6.45,6.6,6.05,6.25,26960.0
2017-04-19,6.28,6.56,6.28,6.5,23600.0
2017-04-20,6.5,6.64,6.5,6.64,18430.0
2017-04-21,6.64,6.64,6.57,6.63,2380.0
2017-04-24,6.6,6.64,6.36,6.6,18450.0
2017-04-25,6.64,6.64,6.4,6.59,5950.0
2017-04-26,6.59,6.62,6.52,6.62,4370.0
2017-04-27,6.54,6.8,6.49,6.79,37120.0
2017-04-28,6.9,6.94,6.37,6.5,35300.0
2017-05-02,6.68,6.68,6.52,6.68,8050.000000000001
2017-05-04,6.58,6.68,6.58,6.65,1300.0
2017-05-05,6.6,6.6,6.5,6.6,9200.0
2017-05-08,6.6,6.6,6.5,6.5,6260.0
2017-05-09,6.58,6.64,6.5,6.5,34590.0
2017-05-10,6.64,6.64,6.5,6.6,5630.0
2017-05-11,6.6,6.6,6.58,6.58,3020.0
2017-05-12,6.54,6.62,6.5,6.6,3660.0
2017-05-15,6.6,6.72,6.6,6.7,23280.0
2017-05-16,6.74,6.79,6.67,6.68,8380.0
2017-05-17,6.7,6.7,6.65,6.65,9670.0
2017-05-18,6.51,6.64,6.27,6.6,23300.0
2017-05-19,6.64,6.64,6.6,6.6,1010.0
2017-05-22,6.6,6.65,6.6,6.6,4950.0
2017-05-23,6.65,6.65,6.43,6.49,13300.0
2017-05-24,6.6,6.6,6.46,6.5,14960.0
2017-05-25,6.79,6.88,6.55,6.7,32000.0
2017-05-26,6.65,6.69,6.5,6.5,10260.0
2017-05-29,6.49,6.6,6.43,6.6,6940.0
2017-05-30,6.55,6.61,6.49,6.49,4040.0
2017-05-31,6.64,6.64,6.43,6.5,2840.0
2017-06-01,6.61,6.64,6.52,6.64,2480.0
2017-06-02,6.62,6.62,6.52,6.53,9440.0
2017-06-05,6.55,6.62,6.5,6.5,5730.0
2017-06-06,6.45,6.45,6.31,6.36,15040.0
2017-06-07,6.38,6.41,6.38,6.4,9880.0
2017-06-08,6.41,6.54,6.39,6.39,30260.0
2017-06-09,6.39,6.41,6.31,6.4,7170.0
2017-06-12,6.4,6.45,6.34,6.34,16650.0
2017-06-13,6.4,6.4,6.35,6.36,2930.0
2017-06-14,6.36,6.39,6.32,6.32,9280.0
2017-06-16,6.32,6.32,6.25,6.25,1830.0
2017-06-19,6.39,6.39,6.27,6.27,2320.0
2017-06-20,6.27,6.27,6.05,6.2,3230.0
2017-06-21,6.3,6.3,6.2,6.2,1500.0
2017-06-22,6.45,6.45,6.15,6.26,1130.0
2017-06-23,6.15,6.25,6.15,6.17,830.0
2017-06-26,6.15,6.34,6.15,6.34,2410.0
2017-06-27,6.25,6.5,6.25,6.4,28680.0
2017-06-28,6.49,6.49,6.25,6.33,5370.0
2017-06-29,6.33,6.33,6.2,6.2,6880.0
2017-06-30,6.16,6.16,6.12,6.12,15070.0
2017-07-03,6.08,6.12,5.86,6.09,22250.0
2017-07-04,6.09,6.09,5.95,5.96,8880.0
2017-07-05,5.96,6.1,5.96,6.1,13860.0
2017-07-06,6.04,6.09,5.97,6.04,12890.0
2017-07-07,5.98,5.99,5.95,5.95,2250.0
2017-07-10,5.94,6.09,5.63,5.81,7260.0
2017-07-11,5.94,5.95,5.75,5.95,5360.0
2017-07-12,5.94,5.94,5.79,5.79,2840.0
2017-07-13,5.72,5.8,5.62,5.73,69070.0
2017-07-14,5.73,5.8,5.67,5.7,12720.0
2017-07-17,5.77,5.77,5.66,5.7,11180.0
2017-07-18,5.7,5.75,5.66,5.69,2840.0
2017-07-19,5.69,5.8,5.68,5.68,13900.0
2017-07-20,5.7,5.74,5.64,5.66,5410.0
2017-07-21,5.7,5.76,5.64,5.73,26800.0
2017-07-24,5.66,5.7,5.64,5.64,2029.9999999999998
2017-07-25,5.7,5.7,5.65,5.7,2670.0
2017-07-26,5.68,5.68,5.53,5.59,38720.0
2017-07-27,5.64,5.7,5.64,5.65,3110.0
2017-07-28,5.72,5.72,5.55,5.57,16149.999999999998
2017-07-31,5.56,5.65,5.53,5.57,14540.0
2017-08-01,5.51,5.72,5.51,5.6,2910.0
2017-08-02,5.58,5.88,5.58,5.8,21830.0
2017-08-03,5.84,5.84,5.7,5.8,12800.0
2017-08-04,5.73,5.9,5.73,5.82,8820.0
2017-08-07,5.85,5.89,5.81,5.81,8450.0
2017-08-08,5.74,5.88,5.72,5.82,6880.0
2017-08-09,5.89,6.05,5.76,5.78,37060.0
2017-08-10,5.92,5.97,5.83,5.93,10070.0
2017-08-11,5.94,5.94,5.82,5.93,320.0
2017-08-14,5.94,6.0,5.94,5.99,5000.0
2017-08-16,6.0,6.08,5.97,6.03,46920.0
2017-08-17,6.04,6.05,5.9,6.0,17750.0
2017-08-18,6.05,6.05,6.0,6.0,2900.0
2017-08-21,6.02,6.02,5.79,6.02,7430.0
2017-08-22,6.05,6.05,5.82,6.04,4240.0
2017-08-23,5.87,6.03,5.85,6.0,13810.0
2017-08-24,6.03,6.03,5.91,6.01,6100.0
2017-08-25,5.94,5.98,5.91,5.96,2920.0
2017-08-28,5.97,5.98,5.9,5.98,4990.0
2017-08-29,5.92,5.97,5.86,5.93,7550.0
2017-08-30,5.95,5.96,5.7,5.79,15580.0
2017-08-31,5.77,5.92,5.61,5.66,18720.0
2017-09-01,5.61,5.68,5.41,5.58,20100.0
2017-09-04,5.53,5.67,5.41,5.61,22670.0
2017-09-05,5.61,5.65,5.52,5.63,5430.0
2017-09-06,5.65,5.75,5.64,5.65,5180.0
2017-09-07,5.65,5.7,5.63,5.69,11430.0
2017-09-08,5.6,5.7,5.58,5.59,4800.0
2017-09-11,5.68,5.69,5.53,5.56,6180.0
2017-09-12,5.59,5.69,5.5,5.65,10640.0
2017-09-13,5.6,5.65,5.53,5.53,4600.0
2017-09-14,5.57,5.57,5.51,5.52,11000.0
2017-09-15,5.54,5.55,5.54,5.55,790.0
2017-09-18,5.64,5.65,5.59,5.59,1980.0
2017-09-19,5.62,5.65,5.6,5.6,2740.0
2017-09-20,5.6,5.74,5.6,5.68,15750.0
2017-09-21,5.56,5.7,5.56,5.69,11680.0
2017-09-22,5.72,5.72,5.63,5.63,4110.0
2017-09-25,5.65,5.65,5.65,5.65,1250.0
2017-09-26,5.65,5.69,5.63,5.65,8770.0
2017-09-27,5.7,5.7,5.57,5.59,3460.0
2017-09-28,5.61,5.65,5.43,5.5,18980.0
2017-09-29,5.6,5.6,5.41,5.41,15800.0
2017-10-02,5.5,5.5,5.42,5.42,1930.0
2017-10-03,5.51,5.63,5.51,5.63,390.0
2017-10-04,5.6,5.6,5.54,5.54,100.0
2017-10-05,5.51,5.6,5.5,5.5,8360.0
2017-10-06,5.54,5.6,5.52,5.58,21670.0
2017-10-09,5.58,5.6,5.51,5.54,1050.0
2017-10-10,5.6,5.64,5.6,5.6,7140.0
2017-10-11,5.6,5.66,5.55,5.66,3820.0
2017-10-12,5.66,5.69,5.6,5.6,2710.0
2017-10-13,5.68,5.85,5.68,5.7,18660.0
2017-10-16,5.71,5.9,5.71,5.83,31970.0
2017-10-17,5.8,5.89,5.79,5.8,6730.0
2017-10-18,5.89,5.96,5.67,5.9,31180.0
2017-10-19,5.81,6.03,5.8,5.96,13420.0
2017-10-20,5.96,6.07,5.96,6.01,19420.0
2017-10-23,6.04,6.2,5.9,6.05,36800.0
2017-10-24,6.19,6.19,5.79,5.82,15260.0
2017-10-25,5.92,5.93,5.81,5.81,6980.0
2017-10-26,5.86,5.92,5.81,5.84,2450.0
2017-10-27,5.83,5.94,5.81,5.94,4960.0
2017-10-31,5.86,5.93,5.85,5.85,1970.0
2017-11-02,5.85,5.86,5.85,5.85,1100.0
2017-11-03,5.85,5.85,5.8,5.8,4890.0
2017-11-06,5.79,5.79,5.62,5.62,6630.0
2017-11-07,5.62,5.7,5.53,5.53,11250.0
2017-11-08,5.58,5.61,5.58,5.6,50370.0
2017-11-09,5.57,5.57,5.51,5.55,4050.0
2017-11-10,5.55,5.62,5.51,5.62,3800.0
2017-11-13,5.52,5.59,5.5,5.51,4330.0
2017-11-14,5.59,5.59,5.52,5.59,630.0
2017-11-15,5.52,5.58,5.51,5.52,2690.0
2017-11-16,5.5,5.5,5.42,5.42,4040.0
2017-11-17,5.42,5.42,5.07,5.35,11950.0
2017-11-20,5.35,5.42,5.09,5.39,33540.0
2017-11-21,5.39,5.58,5.36,5.58,14330.0
2017-11-22,5.58,5.6,5.46,5.55,6820.0
2017-11-23,5.47,5.59,5.47,5.47,12180.0
2017-11-24,5.47,5.47,5.32,5.39,21400.0
2017-11-27,5.44,5.59,5.39,5.39,2610.0
2017-11-28,5.36,5.41,5.3,5.4,4820.0
2017-11-29,5.3,5.35,5.3,5.34,4690.0
2017-11-30,5.36,5.37,5.28,5.36,3240.0
2017-12-01,5.27,5.41,5.27,5.41,1170.0
2017-12-04,5.27,5.66,5.21,5.66,3070.0
2017-12-05,5.41,5.42,5.4,5.4,1680.0
2017-12-06,5.36,5.36,5.3,5.35,3800.0
2017-12-07,5.35,5.35,5.26,5.3,9550.0
2017-12-08,5.25,5.34,5.24,5.3,13960.0
2017-12-11,5.35,5.35,5.21,5.3,8220.0
2017-12-12,5.26,5.34,5.26,5.34,4350.0
2017-12-13,5.3,5.45,5.3,5.4,3360.0
2017-12-14,5.28,5.45,5.26,5.44,17390.0
2017-12-15,5.33,5.45,5.31,5.45,28340.0
2017-12-18,5.35,5.42,5.25,5.42,30980.0
2017-12-19,5.41,5.48,5.28,5.41,22910.0
2017-12-20,5.4,5.45,5.39,5.45,5110.0
2017-12-22,5.41,5.45,5.41,5.45,2970.0
2017-12-27,5.45,5.65,5.4,5.65,43000.0
2017-12-28,5.5,5.6,5.49,5.49,2210.0
2017-12-29,5.49,5.49,5.45,5.45,60.0
2018-01-03,5.7,6.24,5.48,5.52,4650.0
2018-01-04,5.68,5.8,5.68,5.8,5040.0
2018-01-05,5.88,5.88,5.76,5.76,4990.0
2018-01-08,5.86,5.98,5.84,5.98,12940.0
2018-01-09,6.0,6.06,6.0,6.0,29440.0
2018-01-10,5.9,6.0,5.9,6.0,7410.0
2018-01-11,6.0,6.18,6.0,6.1,24830.0
2018-01-12,6.1,6.24,6.06,6.1,34600.0
2018-01-15,6.02,6.1,6.02,6.08,5780.0
2018-01-16,6.14,6.14,6.0,6.0,3620.0
2018-01-17,5.96,6.06,5.96,6.06,6210.0
2018-01-18,6.04,6.06,6.0,6.0,2380.0
2018-01-19,6.0,6.06,6.0,6.06,8450.0
2018-01-22,6.04,6.06,6.04,6.06,26840.0
2018-01-23,6.08,6.1,6.06,6.06,8320.0
2018-01-24,6.06,6.06,6.0,6.06,3480.0
2018-01-25,5.94,5.98,5.94,5.98,3700.0
2018-01-26,5.92,6.0,5.92,6.0,4920.0
2018-01-29,5.84,6.06,5.76,6.06,6050.0
2018-01-30,6.06,6.06,5.9,5.9,1800.0
2018-01-31,5.9,5.96,5.9,5.96,500.0
2018-02-01,5.98,6.2,5.98,6.1,96640.0
2018-02-02,6.14,6.16,6.0,6.1,19400.0
2018-02-05,6.0,6.04,5.62,5.9,7330.0
2018-02-06,5.5,5.88,5.5,5.8,29220.0
2018-02-07,5.84,5.88,5.76,5.88,9210.0
2018-02-08,5.82,5.86,5.82,5.86,160.0
2018-02-09,5.78,5.8,5.7,5.8,1150.0
2018-02-12,5.8,5.88,5.8,5.88,1200.0
2018-02-13,5.74,5.88,5.7,5.74,2670.0
2018-02-14,5.86,5.86,5.76,5.86,1170.0
2018-02-15,5.86,5.86,5.68,5.86,7610.0
2018-02-16,5.84,5.84,5.68,5.82,2280.0
2018-02-19,5.8,5.84,5.8,5.84,500.0
2018-02-20,5.76,5.84,5.64,5.68,7330.0
2018-02-21,5.7,5.7,5.56,5.6,7030.0
2018-02-22,5.6,5.76,5.6,5.7,3440.0
2018-02-23,5.78,5.92,5.78,5.8,3910.0
2018-02-26,5.84,5.88,5.76,5.8,65250.0
2018-02-27,5.72,5.78,5.7,5.76,13350.0
2018-02-28,5.76,5.76,5.58,5.7,11600.0
2018-03-01,5.6,5.76,5.48,5.48,25960.0
2018-03-02,5.48,5.68,5.36,5.58,10310.0
2018-03-05,5.66,5.66,5.46,5.46,15140.0
2018-03-06,5.46,5.46,5.36,5.4,9800.0
2018-03-07,5.54,5.54,5.4,5.4,32600.0
2018-03-08,5.38,5.52,5.36,5.38,6180.0
2018-03-09,5.52,5.52,5.4,5.5,18690.0
2018-03-12,5.44,5.44,5.44,5.44,810.0
2018-03-13,5.44,5.44,5.28,5.3,21570.0
2018-03-14,5.3,5.38,5.06,5.16,46450.0
2018-03-15,5.12,5.22,5.06,5.1,7530.0
2018-03-16,5.14,5.18,5.04,5.08,11370.0
2018-03-19,5.04,5.36,5.04,5.24,6250.0
2018-03-20,5.34,5.34,5.18,5.3,7620.0
2018-03-21,5.32,5.36,5.32,5.34,2510.0
2018-03-22,5.36,5.36,5.04,5.32,11290.0
2018-03-23,5.24,5.28,5.1,5.28,7330.0
2018-03-26,5.12,5.12,5.02,5.04,4980.0
2018-03-27,5.16,5.24,5.16,5.24,12080.0
2018-03-28,5.16,5.26,5.16,5.2,18400.0
2018-03-29,5.24,5.36,5.18,5.26,11380.0
2018-04-03,5.1,5.18,4.3,4.3,176180.0
2018-04-04,4.6,4.95,4.27,4.4,156120.0
2018-04-05,4.56,4.56,4.44,4.52,10990.0
2018-04-06,4.53,4.57,4.46,4.55,5540.0
2018-04-09,4.55,4.64,4.5,4.55,3790.0
2018-04-10,4.64,4.64,4.5,4.5,10430.0
2018-04-11,4.59,4.59,4.25,4.47,9340.0
2018-04-12,4.36,4.39,4.12,4.15,32270.000000000004
2018-04-13,4.15,4.2,3.88,3.89,239940.0
2018-04-16,4.05,4.06,3.5,3.54,262610.0
2018-04-17,3.5,4.05,3.5,3.81,345940.0
2018-04-18,3.9,4.07,3.89,3.89,163630.0
2018-04-19,3.77,3.9,3.64,3.66,200230.0
2018-04-20,3.72,3.83,3.4,3.45,258870.0
2018-04-23,3.66,3.66,3.47,3.47,164780.0
2018-04-24,3.63,3.63,3.47,3.47,162240.0
2018-04-25,3.52,3.54,3.46,3.48,50980.0
2018-04-26,3.61,3.62,3.49,3.51,122440.0
2018-04-27,3.51,3.52,3.2,3.5,93530.0
2018-04-30,3.59,3.74,3.59,3.6,33900.0
2018-05-02,3.6,3.63,3.5,3.6,18090.0
2018-05-04,3.57,3.57,3.5,3.57,5960.0
2018-05-07,3.45,3.47,3.39,3.4,22770.0
2018-05-08,3.42,3.5,3.4,3.4,17400.0
2018-05-09,3.39,3.4,3.26,3.4,10680.0
2018-05-10,3.39,3.5,3.29,3.45,123700.0
2018-05-11,3.55,3.55,3.48,3.5,352810.0
2018-05-14,3.51,3.55,3.45,3.49,60700.0
2018-05-15,3.5,3.5,3.4,3.49,100500.0
2018-05-16,3.51,3.51,3.48,3.49,69310.0
2018-05-17,3.52,3.52,3.4,3.48,31650.0
2018-05-18,3.49,3.5,3.44,3.48,7850.0
2018-05-21,3.43,3.46,3.34,3.38,74280.0
2018-05-22,3.39,3.39,3.37,3.37,14800.0
2018-05-23,3.35,3.36,3.02,3.08,402220.0
2018-05-24,3.15,3.15,2.82,2.89,205910.0
2018-05-25,2.97,2.98,2.8,2.98,120590.0
2018-05-28,3.03,3.46,3.03,3.38,887790.0
2018-05-29,3.49,3.65,3.36,3.49,109380.0
2018-05-30,3.45,3.49,3.4,3.44,17280.0
2018-06-01,3.4,3.45,3.3,3.4,18870.0
2018-06-04,3.4,3.4,3.2,3.3,21440.0
2018-06-05,3.3,3.42,3.3,3.3,22140.0
2018-06-06,3.31,3.31,3.11,3.19,46980.0
2018-06-07,3.23,3.23,3.1,3.17,19640.0
2018-06-08,3.16,3.18,3.01,3.15,57010.0
2018-06-11,3.17,3.19,3.1,3.15,19320.0
2018-06-12,3.14,3.14,3.03,3.1,21970.0
2018-06-13,3.05,3.05,2.91,3.02,73120.0
2018-06-14,3.08,3.08,2.95,3.0,28720.0
2018-06-15,3.02,3.02,2.99,2.99,140250.0
2018-06-18,3.0,3.02,2.94,3.0,14940.0
2018-06-19,3.0,3.0,2.92,2.95,11100.0
2018-06-20,2.98,2.98,2.92,2.92,2500.0
2018-06-21,2.94,2.95,2.93,2.95,6000.0
2018-06-22,2.95,2.98,2.93,2.97,42650.0
2018-06-25,3.05,3.05,2.9,2.9,13930.0
2018-06-26,3.0,3.0,2.9,2.92,8830.0
2018-06-27,2.92,2.92,2.9,2.9,35680.0
2018-06-28,2.98,2.99,2.94,2.97,13900.0
2018-06-29,2.99,3.14,2.96,3.0,34350.0
2018-07-02,3.1,3.1,2.95,2.95,12060.0
2018-07-03,2.99,2.99,2.95,2.95,12970.0
2018-07-04,2.97,2.97,2.84,2.87,57520.0
2018-07-05,2.88,2.92,2.81,2.86,17630.0
2018-07-06,2.86,2.9,2.84,2.9,32600.0
2018-07-09,3.07,3.07,2.91,2.91,23620.0
2018-07-10,2.91,2.98,2.91,2.95,26270.0
2018-07-11,3.0,3.0,2.91,2.95,122360.0
2018-07-12,3.04,3.04,2.95,2.96,47970.0
2018-07-13,3.0,3.07,2.99,3.07,6410.0
2018-07-16,3.1,3.15,3.05,3.1,64069.99999999999
2018-07-17,3.1,3.41,3.1,3.25,137520.0
2018-07-18,3.43,3.6,3.38,3.4,65060.0
2018-07-19,3.4,3.5,3.2,3.29,21950.0
2018-07-20,3.4,3.4,3.15,3.21,10540.0
2018-07-23,3.39,3.39,3.21,3.35,6830.0
2018-07-24,3.36,3.48,3.21,3.36,24640.0
2018-07-25,3.27,3.36,3.27,3.36,2690.0
2018-07-26,3.37,3.41,3.31,3.38,14040.0
2018-07-27,3.38,3.54,3.37,3.48,108790.0
2018-07-30,3.48,3.49,3.4,3.47,42810.0
2018-07-31,3.45,3.47,3.3,3.4,49490.0
2018-08-01,3.4,3.58,3.4,3.4,67280.0
2018-08-02,3.45,3.49,3.35,3.4,85160.0
2018-08-03,3.46,3.46,3.4,3.46,30160.0
2018-08-06,3.58,3.6,3.46,3.5,92850.0
2018-08-07,3.59,3.75,3.52,3.52,38330.0
2018-08-08,3.52,3.55,3.5,3.5,14500.0
2018-08-09,3.6,3.6,3.4,3.49,68660.0
2018-08-10,3.49,3.55,3.42,3.43,22220.0
2018-08-13,3.43,3.43,3.4,3.42,31200.0
2018-08-14,3.43,3.46,3.43,3.45,6510.0
2018-08-16,3.4,3.5,3.4,3.5,20870.0
2018-08-17,3.5,3.5,3.4,3.5,53660.0
2018-08-20,3.5,3.51,3.47,3.5,43800.0
2018-08-21,3.5,3.52,3.47,3.5,34220.0
2018-08-22,3.47,3.52,3.45,3.5,27010.0
2018-08-23,3.7,3.7,3.48,3.5,35520.0
2018-08-24,3.5,3.5,3.49,3.5,74490.0
2018-08-27,3.55,3.55,3.48,3.5,46510.0
2018-08-28,3.44,3.5,3.44,3.46,10540.0
2018-08-29,3.47,3.47,3.21,3.32,24660.0
2018-08-30,3.06,3.23,3.06,3.12,15380.0
2018-08-31,3.12,3.18,2.98,3.18,29090.0
2018-09-03,3.18,3.18,3.0,3.0,16050.0
2018-09-04,2.96,2.99,2.82,2.99,50790.0
2018-09-05,3.02,3.02,2.89,3.0,14830.0
2018-09-06,2.94,3.0,2.74,3.0,235950.0
2018-09-07,2.99,3.1,2.95,3.1,12250.0
2018-09-10,3.1,3.1,3.0,3.0,42510.0
2018-09-11,3.0,3.02,3.0,3.0,5940.0
2018-09-12,3.0,3.18,2.99,3.18,12090.0
2018-09-13,3.18,3.18,3.0,3.16,1700.0
2018-09-14,3.16,3.16,3.05,3.1,1820.0
2018-09-17,3.1,3.1,3.09,3.09,2160.0
2018-09-18,3.08,3.1,3.05,3.1,2610.0
2018-09-19,3.05,3.05,2.84,3.05,2450.0
2018-09-20,3.05,3.15,3.04,3.1,3340.0
2018-09-21,3.1,3.1,2.97,3.1,2640.0
2018-09-24,3.15,3.15,3.0,3.0,4620.0
2018-09-25,3.14,3.17,3.0,3.1,14930.0
2018-09-26,3.13,3.28,3.11,3.19,38750.0
2018-09-27,3.18,3.2,3.18,3.2,1560.0
2018-09-28,3.18,3.18,3.1,3.1,1650.0
2018-10-01,3.01,3.04,3.01,3.03,21040.0
2018-10-02,3.04,3.11,3.03,3.1,6760.0
2018-10-03,3.0,3.0,2.95,2.99,12060.0
2018-10-04,2.97,2.97,2.92,2.92,9330.0
2018-10-05,2.93,2.95,2.93,2.95,2500.0
2018-10-08,2.93,2.95,2.93,2.95,17660.0
2018-10-09,2.95,2.95,2.9,2.9,11350.0
2018-10-10,2.95,2.95,2.9,2.9,740.0
2018-10-11,2.9,2.95,2.88,2.95,7990.0
2018-10-12,2.94,2.95,2.7,2.81,14880.0
2018-10-15,2.87,2.9,2.82,2.85,5920.0
2018-10-16,2.82,2.82,2.82,2.82,2000.0
2018-10-17,2.74,2.85,2.73,2.82,4410.0
2018-10-18,2.8,2.9,2.6,2.9,30510.0
2018-10-19,2.95,2.95,2.67,2.8,30410.0
2018-10-22,2.8,2.8,2.66,2.66,8130.000000000001
2018-10-23,2.7,2.8,2.67,2.75,2009.9999999999998
2018-10-24,2.73,2.73,2.65,2.7,2070.0
2018-10-25,2.6,2.7,2.6,2.7,4810.0
2018-10-26,2.66,2.7,2.66,2.69,1200.0
2018-10-29,2.6,2.65,2.52,2.58,6450.0
2018-10-30,2.58,2.7,2.58,2.67,6090.0
2018-10-31,2.7,2.87,2.7,2.72,3630.0
2018-11-02,2.87,2.87,2.68,2.73,9110.0
2018-11-05,2.7,2.7,2.61,2.61,4230.0
2018-11-06,2.66,2.66,2.5,2.63,5050.0
2018-11-07,2.65,2.65,2.4,2.45,47820.0
2018-11-08,2.43,2.45,2.29,2.45,17320.0
2018-11-09,2.33,2.33,2.29,2.3,5520.0
2018-11-13,2.29,2.29,2.29,2.29,800.0
2018-11-14,2.4,2.4,2.4,2.4,570.0
2018-11-15,2.4,2.4,2.39,2.4,3730.0
2018-11-16,2.3,2.35,2.16,2.21,2190.0
2018-11-19,2.22,2.22,2.21,2.21,3430.0
2018-11-20,2.19,2.19,2.19,2.19,3830.0
2018-11-21,2.18,2.2,2.0,2.11,20810.0
2018-11-22,2.35,2.39,2.28,2.28,24800.0
2018-11-23,2.28,2.35,2.28,2.28,2450.0
2018-11-26,2.38,2.38,2.2,2.27,6260.0
2018-11-27,2.28,2.28,2.23,2.23,350.0
2018-11-28,2.23,2.23,2.1,2.23,3190.0
2018-11-29,2.23,2.23,2.23,2.23,230.0
2018-11-30,2.24,2.25,2.17,2.17,4710.0
2018-12-03,2.24,2.24,2.17,2.2,2830.0
2018-12-04,2.23,2.25,2.23,2.25,5310.0
2018-12-05,2.2,2.64,2.2,2.43,126220.0
2018-12-06,2.43,2.6,2.4,2.4,19070.0
2018-12-07,2.35,2.35,2.35,2.35,2660.0
2018-12-10,2.3,2.3,2.21,2.22,10210.0
2018-12-11,2.25,2.3,2.25,2.25,1670.0
2018-12-12,2.27,2.27,2.26,2.26,1200.0
2018-12-13,2.27,2.27,2.26,2.26,1550.0
2018-12-14,2.27,2.31,2.26,2.31,3580.0
2018-12-17,2.31,2.39,2.29,2.36,2910.0
2018-12-18,2.32,2.34,2.28,2.34,1200.0
2018-12-19,2.34,2.36,2.26,2.33,17530.0
2018-12-20,2.33,2.33,2.26,2.26,24100.0
2018-12-21,2.26,2.3,2.25,2.3,52010.0
2018-12-27,2.3,2.3,2.25,2.28,3410.0
2018-12-28,2.23,2.25,2.2,2.25,17960.0
2019-01-02,2.25,2.3,2.25,2.3,310.0
2019-01-03,2.29,2.33,2.29,2.33,1130.0
2019-01-04,2.3,2.3,2.3,2.3,8450.0
2019-01-07,2.3,2.3,2.3,2.3,2480.0
2019-01-08,2.3,2.3,2.27,2.29,7350.0
2019-01-09,2.29,2.4,2.28,2.4,14740.0
2019-01-10,2.4,2.51,2.4,2.44,19680.0
2019-01-11,2.44,2.44,2.34,2.34,9730.0
2019-01-14,2.32,2.32,2.18,2.31,27540.0
2019-01-15,2.31,2.4,2.3,2.38,1260.0
2019-01-16,2.36,2.36,2.31,2.34,7650.0
2019-01-17,2.34,2.34,2.23,2.34,34070.0
2019-01-18,2.33,2.38,2.33,2.35,11950.0
2019-01-21,2.34,2.34,2.28,2.32,7630.0
2019-01-22,2.28,2.32,2.28,2.32,4430.0
2019-01-23,2.35,2.4,2.31,2.32,11400.0
2019-01-24,2.32,2.32,2.3,2.32,10740.0
2019-01-25,2.32,2.32,2.28,2.28,11110.0
2019-01-28,2.3,2.3,2.28,2.3,7210.0
2019-01-29,2.35,2.35,2.35,2.35,0.0
2019-01-30,2.34,2.34,2.3,2.3,3750.0
2019-01-31,2.3,2.3,2.3,2.3,930.0
2019-02-01,2.3,2.3,2.29,2.3,3190.0
2019-02-04,2.3,2.41,2.3,2.4,31000.0
2019-02-05,2.4,2.62,2.4,2.52,48850.0
2019-02-06,2.58,2.65,2.52,2.55,40990.0
2019-02-07,2.55,2.63,2.5,2.6,29440.0
2019-02-08,2.6,2.92,2.6,2.79,197580.0
2019-02-11,2.88,3.16,2.88,2.96,341600.0
2019-02-12,2.95,3.12,2.71,2.83,138240.0
2019-02-13,2.89,2.9,2.61,2.63,201900.0
2019-02-14,2.64,2.64,2.43,2.5,154000.0
2019-02-15,2.5,2.7,2.5,2.63,34650.0
2019-02-18,2.61,2.61,2.59,2.59,3990.0
2019-02-19,2.6,2.61,2.54,2.55,7690.0
2019-02-20,2.57,2.63,2.5,2.63,38600.0
2019-02-21,2.6,2.6,2.51,2.54,15490.0
2019-02-22,2.57,2.67,2.57,2.62,261950.0
2019-02-25,2.63,2.78,2.63,2.77,31510.0
2019-02-26,2.8,2.8,2.57,2.62,43780.0
2019-02-27,2.65,2.71,2.65,2.7,4510.0
2019-02-28,2.68,2.7,2.62,2.63,11830.0
2019-03-01,2.65,2.65,2.55,2.58,28220.0
2019-03-04,2.54,2.58,2.54,2.56,16500.0
2019-03-05,2.56,2.62,2.56,2.62,18030.0
2019-03-06,2.61,2.69,2.61,2.69,8270.0
2019-03-07,2.66,2.72,2.63,2.65,15100.0
2019-03-08,2.65,2.65,2.58,2.6,31840.0
2019-03-11,2.65,2.65,2.58,2.6,13430.0
2019-03-12,2.6,2.64,2.55,2.64,15710.0
2019-03-13,2.6,2.6,2.57,2.6,7020.0
2019-03-14,2.6,2.6,2.58,2.58,7730.0
2019-03-15,2.58,2.64,2.51,2.6,58150.0
2019-03-18,2.62,2.75,2.57,2.61,107310.0
2019-03-19,2.66,2.69,2.6,2.6,69900.0
2019-03-20,2.6,2.6,2.52,2.55,11120.0
2019-03-21,2.57,2.65,2.54,2.61,5150.0
2019-03-22,2.61,2.65,2.56,2.59,22550.0
2019-03-25,2.55,2.59,2.53,2.59,7510.0
2019-03-26,2.57,2.57,2.55,2.57,3500.0
2019-03-27,2.55,2.55,2.53,2.53,12290.0
2019-03-28,2.53,2.58,2.5,2.58,9190.0
2019-03-29,2.59,2.59,2.54,2.58,16830.0
2019-04-01,2.58,2.58,2.55,2.58,8220.0
2019-04-02,2.59,2.69,2.58,2.69,45960.0
2019-04-03,2.7,2.71,2.65,2.71,413730.0
2019-04-04,2.71,2.73,2.63,2.66,69420.0
2019-04-05,2.6,2.72,2.6,2.6,21040.0
2019-04-08,2.69,2.69,2.61,2.62,6710.0
2019-04-09,2.62,2.67,2.62,2.63,12910.0
2019-04-10,2.66,2.66,2.62,2.65,11020.0
2019-04-11,2.65,2.69,2.61,2.63,33100.0
2019-04-12,2.69,2.7,2.63,2.65,12890.0
2019-04-15,2.65,2.65,2.61,2.62,6730.0
2019-04-16,2.69,2.69,2.65,2.65,350.0
2019-04-17,2.6,2.61,2.6,2.61,3100.0
2019-04-18,2.58,2.58,2.4,2.46,29880.0
2019-04-23,2.46,2.56,2.45,2.55,38800.0
2019-04-24,2.5,2.5,2.45,2.5,6770.0
2019-04-25,2.48,2.53,2.45,2.45,4920.0
2019-04-26,2.45,2.55,2.25,2.4,28100.0
2019-04-29,2.4,2.53,2.4,2.49,2590.0
2019-04-30,2.43,2.47,2.38,2.4,20230.0
2019-05-02,2.36,2.43,2.35,2.43,8620.0
2019-05-06,2.35,2.44,2.35,2.41,14340.0
2019-05-07,2.4,2.4,2.25,2.25,15250.0
2019-05-08,2.35,2.35,2.24,2.3,4850.0
2019-05-09,2.39,2.39,2.3,2.3,8270.0
2019-05-10,2.3,2.35,2.3,2.35,1090.0
2019-05-13,2.35,2.36,2.25,2.25,16980.0
2019-05-14,2.25,2.3,2.2,2.2,16750.0
2019-05-15,2.2,2.3,2.2,2.3,10690.0
2019-05-16,2.3,2.3,2.22,2.22,3510.0
2019-05-17,2.22,2.35,2.21,2.35,5490.0
2019-05-20,2.3,2.3,2.3,2.3,200.0
2019-05-21,2.3,2.35,2.22,2.22,1930.0
2019-05-22,2.23,2.38,2.23,2.38,10790.0
2019-05-24,2.39,2.39,2.23,2.38,14120.0
2019-05-28,2.32,2.34,2.32,2.34,3870.0
2019-05-29,2.3,2.36,2.26,2.36,5630.0
2019-05-31,2.27,2.37,2.26,2.31,13460.0
2019-06-03,2.31,2.36,2.25,2.36,6190.0
2019-06-04,2.36,2.36,2.25,2.25,830.0
2019-06-05,2.36,2.36,2.33,2.33,100.0
2019-06-06,2.3,2.3,2.25,2.28,15040.0
2019-06-07,2.3,2.35,2.3,2.35,8600.0
2019-06-10,2.3,2.35,2.19,2.35,11780.0
2019-06-11,2.24,2.25,2.24,2.24,3200.0
2019-06-12,2.3,2.3,2.19,2.29,8300.0
2019-06-13,2.35,2.35,2.22,2.22,2570.0
2019-06-14,2.24,2.24,2.14,2.2,24770.0
2019-06-17,2.19,2.2,2.16,2.16,4130.0
2019-06-18,2.17,2.25,2.17,2.24,3000.0
2019-06-19,2.23,2.23,2.23,2.23,1160.0
2019-06-21,2.19,2.24,2.14,2.24,2510.0
2019-06-24,2.24,2.25,2.22,2.22,8160.0
2019-06-25,2.2,2.25,2.2,2.25,2200.0
2019-06-26,2.25,2.25,2.25,2.25,400.0
2019-06-27,2.25,2.25,2.17,2.17,4230.0
2019-06-28,2.18,2.31,2.18,2.29,14270.0
2019-07-01,2.3,2.3,2.28,2.28,1600.0
2019-07-02,2.28,2.28,2.27,2.28,3420.0
2019-07-03,2.28,2.28,2.25,2.25,13620.0
2019-07-04,2.25,2.25,2.25,2.25,900.0
2019-07-05,2.25,2.25,2.2,2.23,6490.0
2019-07-08,2.27,2.28,2.23,2.28,7050.0
2019-07-09,2.29,2.3,2.23,2.23,5940.0
2019-07-10,2.27,2.27,2.21,2.25,12410.0
2019-07-11,2.24,2.24,2.22,2.22,1230.0
2019-07-12,2.25,2.27,2.2,2.27,13780.0
2019-07-15,2.26,2.27,2.26,2.27,2200.0
2019-07-16,2.27,2.45,2.22,2.4,46080.0
2019-07-17,2.4,2.43,2.4,2.42,10560.0
2019-07-18,2.41,2.41,2.26,2.35,23480.0
2019-07-19,2.35,2.36,2.35,2.36,6370.0
2019-07-22,2.35,2.36,2.32,2.35,8000.0
2019-07-23,2.3,2.3,2.3,2.3,30120.0
2019-07-24,2.3,2.33,2.3,2.32,2670.0
2019-07-25,2.31,2.31,2.3,2.3,2000.0
2019-07-26,2.41,2.41,2.35,2.35,1060.0
2019-07-29,2.31,2.37,2.27,2.27,6520.0
2019-07-30,2.32,2.32,2.26,2.26,5490.0
2019-07-31,2.26,2.26,2.26,2.26,3160.0
2019-08-02,2.32,2.32,2.2,2.29,15140.0
2019-08-05,2.29,2.29,2.2,2.27,4059.9999999999995
2019-08-07,2.27,2.27,2.21,2.21,4740.0
2019-08-08,2.27,2.28,2.25,2.25,3990.0
2019-08-09,2.29,2.3,2.22,2.3,12660.0
2019-08-12,2.24,2.29,2.23,2.29,5190.0
2019-08-13,2.25,2.25,2.25,2.25,4000.0
2019-08-14,2.24,2.26,2.21,2.26,14190.0
2019-08-16,2.21,2.29,2.21,2.28,12390.0
2019-08-19,2.26,2.32,2.23,2.23,31740.0
2019-08-20,2.26,2.3,2.26,2.26,7800.0
2019-08-21,2.29,2.35,2.26,2.34,11440.0
2019-08-23,2.3,2.32,2.3,2.32,1730.0
2019-08-26,2.32,2.32,2.3,2.3,2840.0
2019-08-27,2.26,2.26,2.25,2.25,28350.0
2019-08-29,2.28,2.28,2.28,2.28,500.0
2019-08-30,2.28,2.28,2.27,2.28,11070.0
2019-09-02,2.28,2.28,2.24,2.24,5630.0
2019-09-03,2.26,2.26,2.24,2.24,4019.9999999999995
2019-09-04,2.27,2.27,2.23,2.23,2070.0
2019-09-05,2.23,2.27,2.23,2.27,2570.0
2019-09-06,2.25,2.26,2.25,2.26,4000.0
2019-09-09,2.27,2.27,2.23,2.23,6570.0
2019-09-10,2.22,2.22,2.22,2.22,1100.0
2019-09-11,2.25,2.25,2.25,2.25,450.0
2019-09-12,2.25,2.25,2.21,2.21,8890.0
2019-09-13,2.21,2.25,2.18,2.25,30240.0
2019-09-16,2.21,2.24,2.21,2.22,3540.0
2019-09-17,2.2,2.22,2.2,2.22,1660.0
2019-09-18,2.2,2.2,2.19,2.2,2940.0
2019-09-19,2.2,2.2,2.2,2.2,1000.0
2019-09-20,2.19,2.19,2.16,2.16,9940.0
2019-09-23,2.21,2.21,2.21,2.21,300.0
2019-09-24,2.16,2.16,2.16,2.16,810.0
2019-09-25,2.15,2.15,2.06,2.15,4000.0
2019-09-27,2.1,2.1,2.1,2.1,15550.0
2019-09-30,2.1,2.1,2.1,2.1,76670.0
2019-10-01,2.14,2.14,2.1,2.1,7000.0
2019-10-02,2.1,2.1,2.0,2.04,36310.0
2019-10-03,2.05,2.06,2.0,2.04,21300.0
2019-10-04,2.01,2.06,2.01,2.06,580.0
2019-10-07,2.05,2.1,2.05,2.09,1700.0
2019-10-08,2.09,2.1,2.0,2.02,21250.0
2019-10-09,2.06,2.06,1.99,2.04,21740.0
2019-10-10,2.05,2.14,2.05,2.14,9230.0
2019-10-11,2.13,2.13,2.08,2.1,1670.0
2019-10-14,2.12,2.12,2.12,2.12,90.0
2019-10-16,2.1,2.12,2.08,2.08,1560.0
2019-10-17,2.05,2.12,2.05,2.12,1110.0
2019-10-18,2.1,2.15,2.1,2.15,14970.0
2019-10-21,2.17,2.2,2.15,2.2,18890.0
2019-10-22,2.2,2.22,2.16,2.22,32549.999999999996
2019-10-23,2.24,2.24,2.24,2.24,5530.0
2019-10-24,2.22,2.27,2.22,2.23,3770.0
2019-10-25,2.23,2.23,2.22,2.22,2100.0
2019-10-28,2.25,2.25,2.24,2.24,1500.0
2019-10-29,2.24,2.24,2.24,2.24,4100.0
2019-10-30,2.24,2.24,2.24,2.24,160.0
2019-10-31,2.24,2.24,2.21,2.21,1320.0
2019-11-04,2.21,2.21,2.2,2.21,10140.0
2019-11-05,2.2,2.25,2.2,2.21,7850.0
2019-11-06,2.22,2.24,2.22,2.24,3810.0
2019-11-07,2.2,2.25,2.15,2.2,15420.0
2019-11-08,2.2,2.21,2.2,2.21,1700.0
2019-11-12,2.24,2.36,2.24,2.36,47800.0
2019-11-13,2.36,2.41,2.36,2.41,29960.0
2019-11-14,2.35,2.41,2.35,2.4,5880.0
2019-11-15,2.35,2.37,2.35,2.37,1800.0
2019-11-18,2.41,2.49,2.4,2.47,60920.0
2019-11-19,2.47,2.47,2.41,2.41,8700.0
2019-11-20,2.4,2.4,2.32,2.33,22860.0
2019-11-21,2.32,2.32,2.27,2.31,6440.0
2019-11-22,2.28,2.34,2.28,2.34,3490.0
2019-11-25,2.34,2.35,2.22,2.26,25580.0
2019-11-26,2.24,2.24,2.24,2.24,3250.0
2019-11-27,2.24,2.26,2.23,2.25,6080.0
2019-11-28,2.26,2.27,2.25,2.27,2230.0
2019-11-29,2.27,2.34,2.27,2.34,8320.0
2019-12-02,2.34,2.35,2.31,2.35,10330.0
2019-12-03,2.37,2.37,2.3,2.3,27030.0
2019-12-04,2.3,2.3,2.27,2.27,9500.0
2019-12-05,2.26,2.3,2.26,2.3,6410.0
2019-12-06,2.27,2.27,2.24,2.25,21150.0
2019-12-09,2.23,2.23,2.2,2.22,18190.0
2019-12-10,2.22,2.26,2.21,2.26,7160.0
2019-12-11,2.22,2.48,2.21,2.33,119360.0
2019-12-12,2.37,2.38,2.29,2.29,37100.0
2019-12-13,2.29,2.34,2.28,2.34,3390.0
2019-12-16,2.34,2.34,2.34,2.34,2009.9999999999998
2019-12-17,2.33,2.33,2.23,2.25,27350.0
2019-12-18,2.26,2.29,2.2,2.22,45160.0
2019-12-19,2.22,2.25,2.21,2.25,54450.0
2019-12-20,2.25,2.33,2.24,2.3,75230.0
2019-12-23,2.25,2.36,2.25,2.3,80190.0
2019-12-27,2.32,2.35,2.3,2.33,18260.0
2019-12-30,2.35,2.35,2.3,2.33,12180.0
2020-01-02,2.36,2.53,2.36,2.52,127600.0
2020-01-03,2.53,2.53,2.47,2.47,37280.0
2020-01-07,2.5,2.5,2.43,2.45,594790.0
2020-01-08,2.49,2.65,2.44,2.65,143490.0
2020-01-09,2.72,2.9,2.67,2.7,146870.0
2020-01-10,2.77,2.77,2.64,2.64,48100.0
2020-01-13,2.65,2.87,2.64,2.87,87520.0
2020-01-14,2.84,2.92,2.77,2.77,82300.0
2020-01-15,2.82,2.82,2.74,2.75,61850.0
2020-01-16,2.8,2.81,2.74,2.8,31450.0
2020-01-17,2.75,2.91,2.74,2.9,63840.0
2020-01-20,2.9,3.15,2.9,3.08,166820.0
2020-01-21,3.15,3.34,3.08,3.14,326660.0
2020-01-22,3.2,3.3,3.2,3.28,118950.0
2020-01-23,3.3,3.3,3.12,3.19,62910.0
2020-01-24,3.17,3.2,3.16,3.2,17360.0
2020-01-27,3.2,3.2,3.01,3.11,56770.0
2020-01-28,3.17,3.18,3.13,3.13,15370.0
2020-01-29,3.16,3.25,3.13,3.25,73090.0
2020-01-30,3.23,3.24,3.16,3.23,20040.0
2020-01-31,3.16,3.2,3.1,3.16,22730.0
2020-02-03,3.17,3.18,3.12,3.14,8029.999999999999
2020-02-04,3.18,3.4,3.12,3.35,72290.0
2020-02-05,3.35,3.65,3.11,3.47,464180.0
2020-02-06,3.41,3.47,3.4,3.47,22410.0
2020-02-07,3.45,3.74,3.45,3.6,354000.0
2020-02-10,3.68,3.68,3.52,3.56,39970.0
2020-02-11,3.56,3.56,3.34,3.4,58580.0
2020-02-12,3.4,3.4,3.35,3.4,17600.0
2020-02-13,3.4,3.4,3.34,3.36,10960.0
2020-02-14,3.38,3.38,3.3,3.3,25650.0
2020-02-17,3.4,3.55,3.34,3.5,33640.0
2020-02-18,3.43,3.53,3.43,3.53,15680.0
2020-02-19,3.45,3.53,3.45,3.49,7300.0
2020-02-20,3.49,3.52,3.4,3.52,21340.0
2020-02-21,3.41,3.5,3.36,3.5,63530.0
2020-02-24,3.4,3.4,3.12,3.15,76150.0
2020-02-25,3.09,3.2,2.93,3.1,84060.0
2020-02-26,3.0,3.18,2.83,3.11,80580.0
2020-02-27,3.05,3.34,2.92,2.96,147740.0
2020-02-28,2.9,2.9,2.62,2.85,149060.0
2020-03-02,2.85,2.96,2.69,2.72,62610.0
2020-03-03,2.75,2.89,2.75,2.8,73530.0
2020-03-04,2.73,2.92,2.73,2.91,21500.0
2020-03-05,2.91,2.94,2.8,2.84,12690.0
2020-03-06,2.89,2.89,2.72,2.79,14620.0
2020-03-09,2.65,2.65,2.44,2.53,152700.0
2020-03-10,2.64,2.64,2.46,2.46,17180.0
2020-03-11,2.46,2.52,2.02,2.22,49120.0
2020-03-12,2.0,2.16,1.86,1.96,81620.0
2020-03-13,1.87,2.1,1.87,1.91,58490.0
2020-03-16,1.88,1.88,1.77,1.86,44630.0
2020-03-17,1.82,1.95,1.8,1.9,31310.0
2020-03-18,1.9,2.04,1.9,1.99,41850.0
2020-03-19,1.95,2.14,1.95,2.05,18210.0
2020-03-20,2.1,2.25,2.02,2.04,47610.0
2020-03-23,2.01,2.18,1.93,1.97,22040.0
2020-03-24,2.05,2.1,1.97,2.09,36910.0
2020-03-25,2.09,2.18,2.06,2.1,25370.0
2020-03-26,2.06,2.1,2.06,2.09,14400.0
2020-03-27,2.09,2.09,2.02,2.08,12200.0
2020-03-30,2.03,2.15,2.02,2.15,46420.0
2020-03-31,2.18,2.23,2.15,2.15,42580.0
2020-04-01,2.22,2.22,2.13,2.14,9760.0
2020-04-02,2.13,2.22,2.1,2.12,9450.0
2020-04-03,2.18,2.21,2.13,2.14,5600.0
2020-04-06,2.15,2.29,2.12,2.29,83440.0
2020-04-07,2.33,2.4,2.3,2.3,77370.0
2020-04-08,2.24,2.33,2.2,2.3,36780.0
2020-04-09,2.32,2.38,2.21,2.3,13060.0
2020-04-14,2.3,2.48,2.25,2.44,79790.0
2020-04-15,2.46,2.46,2.34,2.42,21400.0
2020-04-16,2.4,2.5,2.4,2.45,27550.0
2020-04-17,2.45,2.64,2.45,2.58,98980.0
2020-04-20,2.65,2.65,2.48,2.51,62750.0
2020-04-21,2.48,2.49,2.32,2.45,58560.0
2020-04-22,2.35,2.53,2.35,2.53,17170.0
2020-04-23,2.55,2.8,2.55,2.73,116350.0
2020-04-24,2.71,2.8,2.7,2.75,77280.0
2020-04-27,2.74,2.87,2.65,2.7,91820.0
2020-04-28,2.7,2.76,2.7,2.74,21900.0
2020-04-29,2.7,2.75,2.63,2.64,59670.0
2020-04-30,2.68,2.7,2.61,2.68,19940.0
2020-05-04,2.69,2.78,2.6,2.78,39190.0
2020-05-05,2.8,2.84,2.65,2.67,46240.0
2020-05-06,2.67,2.67,2.45,2.47,63920.0
2020-05-07,2.44,2.46,2.32,2.46,44860.0
2020-05-08,2.45,2.46,2.4,2.46,16379.999999999998
2020-05-11,2.7,2.94,2.62,2.87,217550.0
2020-05-12,2.87,3.07,2.83,2.83,105470.0
2020-05-13,2.82,3.01,2.82,2.92,37270.0
2020-05-14,2.9,2.9,2.65,2.79,46620.0
2020-05-15,2.8,2.88,2.8,2.85,19880.0
2020-05-18,2.84,2.96,2.72,2.96,44890.0
2020-05-19,2.98,2.99,2.84,2.86,19520.0
2020-05-20,2.9,2.96,2.83,2.9,26040.0
2020-05-21,2.92,2.93,2.83,2.92,11290.0
2020-05-22,2.91,2.91,2.81,2.81,21780.0
2020-05-25,2.84,2.89,2.75,2.82,25700.0
2020-05-26,2.8,2.89,2.77,2.89,11440.0
2020-05-27,2.85,2.9,2.78,2.81,26210.0
2020-05-28,2.82,2.88,2.82,2.86,8270.0
2020-05-29,2.87,2.9,2.87,2.89,10650.0
2020-06-01,2.9,3.26,2.9,3.25,126830.0
2020-06-02,3.27,3.59,3.27,3.48,163790.0
2020-06-03,3.6,3.76,3.24,3.39,109590.0
2020-06-04,3.42,3.46,3.34,3.39,58580.0
2020-06-05,3.38,3.48,3.38,3.4,52820.0
2020-06-08,3.4,3.4,3.17,3.3,30220.0
2020-06-09,3.23,3.48,3.12,3.48,76630.0
2020-06-10,3.52,3.57,3.4,3.42,99700.0
2020-06-12,3.22,3.37,3.18,3.3,40140.0
2020-06-15,3.24,3.26,3.19,3.22,31840.0
2020-06-16,3.26,3.34,3.23,3.33,17490.0
2020-06-17,3.5,3.7,3.45,3.68,421780.0
2020-06-18,3.68,3.7,3.5,3.55,79070.0
2020-06-19,3.55,3.59,3.43,3.43,25920.0
2020-06-22,3.54,3.55,3.45,3.5,75500.0
2020-06-23,3.5,3.6,3.47,3.5,50000.0
2020-06-24,3.5,3.58,3.42,3.45,32479.999999999996
2020-06-25,3.43,3.52,3.43,3.5,52830.0
2020-06-26,3.43,3.48,3.3,3.35,56010.0
2020-06-29,3.4,3.44,3.3,3.42,30240.0
2020-06-30,3.4,3.4,3.25,3.25,46170.0
2020-07-01,3.28,3.3,3.24,3.29,23660.0
2020-07-02,3.3,3.7,3.3,3.7,71490.0
2020-07-03,3.7,3.7,3.52,3.65,58990.0
2020-07-06,3.66,4.4,3.66,4.07,150880.0
2020-07-07,4.04,4.19,3.92,4.17,31250.0
2020-07-08,4.17,4.17,3.94,4.11,19510.0
2020-07-09,4.0,4.15,3.94,3.94,23270.0
2020-07-10,3.93,3.93,3.76,3.81,54850.0
2020-07-13,3.8,3.8,3.5,3.62,118410.0
2020-07-14,3.7,3.92,3.7,3.89,137880.0
2020-07-15,3.89,4.32,3.89,4.32,279550.0
2020-07-16,4.34,4.35,4.15,4.27,60230.0
2020-07-17,4.24,4.24,4.1,4.15,38460.0
2020-07-20,4.05,4.36,3.76,4.3,124620.0
2020-07-21,4.28,4.28,4.16,4.2,92690.0
2020-07-22,4.1,4.19,4.0,4.02,36630.0
2020-07-23,4.02,4.12,4.02,4.09,26230.0
2020-07-24,4.11,4.14,3.86,3.98,71830.0
2020-07-27,3.98,4.18,3.89,4.05,41120.0
2020-07-28,4.13,4.13,3.98,3.98,23780.0
2020-07-29,3.95,4.0,3.77,3.85,78440.0
2020-07-30,3.89,3.89,3.12,3.12,208660.0
2020-07-31,3.14,3.41,3.14,3.3,118350.0
2020-08-03,3.36,3.9,3.36,3.9,90560.0
2020-08-04,3.95,4.0,3.62,3.8,62490.0
2020-08-05,3.76,4.2,3.76,4.16,169670.0
2020-08-06,4.15,4.15,3.77,4.0,37920.0
2020-08-07,4.03,4.04,3.8,3.84,17780.0
2020-08-10,4.0,4.3,4.0,4.21,107100.0
2020-08-11,4.14,4.14,3.8,3.8,148020.0
2020-08-12,3.8,3.91,3.6,3.91,91460.0
2020-08-13,3.91,3.92,3.74,3.75,36240.0
2020-08-14,3.85,3.85,3.62,3.74,31130.0
2020-08-17,3.66,3.78,3.66,3.78,15170.0
2020-08-18,3.81,3.82,3.79,3.82,17780.0
2020-08-19,3.81,3.81,3.6,3.61,43580.0
2020-08-20,3.62,3.7,3.62,3.68,9080.0
2020-08-21,3.7,3.76,3.6,3.75,35640.0
2020-08-24,3.7,3.74,3.63,3.65,10780.0
2020-08-25,3.69,3.72,3.46,3.56,46700.0
2020-08-26,3.55,3.55,3.35,3.4,72860.0
2020-08-27,3.35,3.48,3.34,3.47,28760.0
2020-08-28,3.42,3.47,3.34,3.36,26840.0
2020-08-31,3.34,3.6,3.25,3.6,110570.0
2020-09-01,3.65,3.65,3.41,3.49,34950.0
2020-09-02,3.46,3.62,3.42,3.6,54560.0
2020-09-03,3.62,3.88,3.62,3.7,103270.0
2020-09-04,3.67,3.75,3.55,3.69,57390.0
2020-09-07,3.69,3.69,3.6,3.65,68080.0
2020-09-08,3.58,3.58,3.51,3.58,111070.0
2020-09-09,3.6,3.71,3.51,3.61,9980.0
2020-09-10,3.68,3.68,3.53,3.6,7520.0
2020-09-11,3.67,3.7,3.67,3.68,5630.0
2020-09-14,3.74,3.84,3.68,3.72,22610.0
2020-09-15,3.68,3.71,3.68,3.69,4110.0
2020-09-16,3.72,3.72,3.62,3.66,10380.0
2020-09-17,3.63,3.7,3.62,3.7,10240.0
2020-09-18,3.7,3.7,3.65,3.65,6740.0
2020-09-21,3.71,3.71,3.34,3.5,58690.0
2020-09-22,3.48,3.68,3.42,3.65,37650.0
2020-09-23,3.65,3.65,3.5,3.51,8930.0
2020-09-24,3.45,3.5,3.43,3.48,6220.0
2020-09-25,3.48,3.5,3.38,3.49,7540.0
2020-09-28,3.49,3.55,3.3,3.51,27580.0
2020-09-29,3.54,3.54,3.45,3.5,5240.0
2020-09-30,3.49,3.49,3.42,3.48,5070.0
2020-10-01,3.43,3.54,3.42,3.5,5600.0
2020-10-02,3.44,3.6,3.34,3.5,32800.0
2020-10-05,3.52,3.52,3.41,3.43,11950.0
2020-10-06,3.49,3.52,3.35,3.49,37440.0
2020-10-07,3.42,3.44,3.36,3.44,26440.0
2020-10-08,3.47,3.65,3.39,3.5,544220.0
2020-10-09,3.4,3.5,3.4,3.5,48870.0
2020-10-12,3.5,3.5,3.43,3.49,9900.0
2020-10-13,3.47,3.6,3.46,3.6,31890.0
2020-10-14,3.6,3.75,3.46,3.62,60100.0
2020-10-15,3.62,3.62,3.3,3.41,54700.0
2020-10-16,3.4,3.44,3.32,3.42,39740.0
2020-10-19,3.35,3.54,3.35,3.45,23800.0
2020-10-20,3.44,3.44,3.35,3.4,35800.0
2020-10-21,3.39,3.4,3.3,3.39,50960.0
2020-10-22,3.31,3.37,3.31,3.32,1860.0
2020-10-23,3.31,3.39,3.3,3.36,5920.0
2020-10-26,3.38,3.38,3.25,3.25,79230.0
2020-10-27,3.29,3.34,3.04,3.18,31440.0
2020-10-28,3.17,3.17,2.8,2.82,143440.0
2020-10-29,2.8,2.8,2.7,2.8,48600.0
2020-10-30,2.8,2.82,2.76,2.82,41030.0
2020-11-02,2.82,2.87,2.64,2.81,62410.0
2020-11-03,2.82,2.95,2.82,2.91,29180.0
2020-11-04,2.91,2.91,2.9,2.9,6500.0
2020-11-05,2.93,3.0,2.92,2.93,22710.0
2020-11-06,2.92,2.97,2.91,2.97,21430.0
2020-11-09,2.96,3.23,2.9,3.12,50920.0
2020-11-10,3.19,3.29,3.06,3.29,41320.0
2020-11-12,3.28,3.28,3.22,3.24,8260.0
2020-11-13,3.2,3.24,3.2,3.24,3210.0
2020-11-16,3.24,3.24,3.15,3.15,20010.0
2020-11-17,3.11,3.18,3.1,3.1,23420.0
2020-11-18,3.1,3.15,3.1,3.15,14030.0
2020-11-19,3.17,3.17,3.1,3.1,8780.0
2020-11-20,3.1,3.13,3.08,3.08,11030.0
2020-11-23,3.09,3.18,3.08,3.14,32270.000000000004
2020-11-24,3.18,3.28,3.17,3.18,17920.0
2020-11-25,3.22,3.22,3.15,3.18,24760.0
2020-11-26,3.18,3.18,3.1,3.1,9650.0
2020-11-27,3.13,3.13,3.12,3.12,4690.0
2020-11-30,3.1,3.12,3.09,3.11,5150.0
2020-12-01,3.13,3.2,3.1,3.1,18090.0
2020-12-02,3.09,3.22,3.09,3.13,22040.0
2020-12-03,3.14,3.19,3.13,3.14,1560.0
2020-12-04,3.14,3.18,3.11,3.16,23350.0
2020-12-07,3.16,3.41,3.03,3.3,91380.0
2020-12-08,3.4,3.42,3.32,3.42,28420.0
2020-12-09,3.42,3.55,3.36,3.49,36450.0
2020-12-10,3.41,3.49,3.38,3.44,22530.0
2020-12-11,3.4,3.44,3.32,3.4,13810.0
2020-12-14,3.4,3.42,3.4,3.42,2500.0
2020-12-15,3.41,3.42,3.33,3.39,14390.0
2020-12-16,3.4,3.41,3.33,3.38,15070.0
2020-12-17,3.38,3.45,3.32,3.33,44590.0
2020-12-18,3.33,3.33,3.23,3.3,23400.0
2020-12-21,3.25,3.44,3.23,3.25,26610.0
2020-12-22,3.26,3.4,3.26,3.4,23960.0
2020-12-23,3.4,3.4,3.26,3.32,17830.0
2020-12-28,3.28,3.41,3.28,3.36,61240.0
2020-12-29,3.46,3.6,3.46,3.55,63960.0
2020-12-30,3.59,3.68,3.56,3.66,65710.0
2021-01-04,3.7,3.76,3.66,3.75,50530.0
2021-01-05,3.76,3.94,3.75,3.82,98550.0
2021-01-07,3.9,3.98,3.9,3.94,79870.0
2021-01-08,3.98,3.98,3.85,3.98,50520.0
2021-01-11,3.99,4.29,3.99,4.12,165850.0
2021-01-12,4.15,4.23,4.1,4.12,38020.0
2021-01-13,4.15,4.25,4.1,4.11,32650.0
2021-01-14,4.14,4.21,4.13,4.14,8640.0
2021-01-15,4.14,4.2,3.9,4.02,42030.0
2021-01-18,4.11,4.19,4.0,4.14,17610.0
2021-01-19,4.15,4.25,4.15,4.22,46280.0
2021-01-20,4.26,4.62,4.26,4.46,124120.0
2021-01-21,4.51,4.59,4.37,4.37,39710.0
2021-01-22,4.25,4.25,3.94,4.19,125410.0
2021-01-25,4.19,4.2,4.11,4.18,50110.0
2021-01-26,4.15,4.5,4.14,4.35,90970.0
2021-01-27,4.5,4.6,4.21,4.22,95500.0
2021-01-28,4.2,4.35,4.17,4.22,62320.0
2021-01-29,4.31,4.31,4.22,4.28,18410.0
2021-02-01,4.31,4.39,4.25,4.3,34030.0
2021-02-02,4.3,4.35,4.21,4.25,65280.0
2021-02-03,4.26,4.56,4.25,4.35,118020.0
2021-02-04,4.36,4.42,4.22,4.22,40830.0
2021-02-05,4.24,4.4,4.24,4.32,69800.0
2021-02-08,4.38,4.49,4.28,4.4,64530.0
2021-02-09,4.4,4.5,4.4,4.45,20030.0
2021-02-10,4.49,4.52,4.42,4.43,25060.0
2021-02-11,4.43,4.7,4.43,4.7,109870.0
2021-02-12,4.7,4.78,4.62,4.65,59430.0
2021-02-15,4.71,4.9,4.71,4.84,76080.0
2021-02-16,4.92,5.08,4.9,4.9,184400.0
2021-02-17,4.9,4.98,4.8,4.85,48010.0
2021-02-18,4.88,4.88,4.63,4.7,125230.0
2021-02-19,4.7,4.74,4.54,4.7,67810.0
2021-02-22,4.7,4.74,4.54,4.61,43030.0
2021-02-23,4.66,4.66,4.32,4.44,82150.0
2021-02-24,4.4,4.61,4.4,4.61,34310.0
2021-02-25,4.69,4.8,4.6,4.68,20820.0
2021-02-26,4.55,4.61,4.48,4.52,38190.0
2021-03-01,4.51,4.73,4.51,4.7,18960.0
2021-03-02,4.86,4.99,4.72,4.79,47230.0
2021-03-03,4.89,4.89,4.76,4.76,24660.0
2021-03-04,4.72,4.76,4.61,4.65,19130.0
2021-03-05,4.68,4.72,4.52,4.56,38860.0
2021-03-08,4.7,4.7,4.42,4.59,50770.0
2021-03-09,4.7,4.81,4.58,4.6,47810.0
2021-03-10,4.67,4.75,4.55,4.68,32549.999999999996
2021-03-11,4.69,4.75,4.69,4.7,27000.0
2021-03-12,4.7,4.74,4.65,4.67,8590.0
2021-03-15,4.77,4.78,4.68,4.74,95630.0
2021-03-16,4.75,4.83,4.71,4.8,14550.0
2021-03-17,4.8,4.8,4.54,4.68,40420.0
2021-03-18,4.68,4.78,4.65,4.75,18680.0
2021-03-19,4.76,4.76,4.66,4.75,17700.0
2021-03-22,4.75,4.95,4.69,4.84,53120.0
2021-03-23,4.87,4.99,4.72,4.97,80890.0
2021-03-24,5.0,5.02,4.82,4.87,127180.0
2021-03-25,4.97,4.97,4.86,4.9,50240.0
2021-03-26,4.95,4.97,4.9,4.96,37310.0
2021-03-29,4.97,5.2,4.88,5.2,211860.0
2021-03-30,5.18,5.32,5.04,5.08,178190.0
2021-03-31,5.08,5.12,4.86,4.89,108090.0
2021-04-01,4.95,5.04,4.88,4.97,95360.0
2021-04-06,5.0,5.1,4.96,5.04,156580.0
2021-04-07,5.08,5.12,4.92,4.92,47830.0
2021-04-08,5.02,5.18,5.0,5.1,302300.0
2021-04-09,5.12,5.18,5.06,5.1,34000.0
2021-04-12,5.14,5.24,5.08,5.24,58970.0
2021-04-13,5.26,5.3,5.2,5.24,47550.0
2021-04-14,5.26,5.28,5.06,5.1,75280.0
2021-04-15,5.2,5.22,5.04,5.08,77900.0
2021-04-16,5.12,5.12,5.04,5.08,21140.0
2021-04-19,5.08,5.1,5.04,5.04,21480.0
2021-04-20,5.06,5.1,4.61,4.91,130690.0
2021-04-21,4.95,5.08,4.73,4.98,67080.0
2021-04-22,5.08,5.14,4.99,5.06,27280.0
2021-04-23,5.06,5.12,4.98,5.12,26910.0
2021-04-26,5.14,5.14,4.95,5.02,32630.000000000004
2021-04-27,5.02,5.04,4.96,5.0,43740.0
2021-04-28,4.98,5.16,4.98,5.1,355770.0
2021-04-29,5.1,5.18,5.08,5.1,26110.0
2021-04-30,5.18,5.18,5.08,5.18,138010.0
2021-05-04,5.18,5.26,5.02,5.18,57710.0
2021-05-05,5.28,5.28,5.14,5.22,19750.0
2021-05-06,5.2,5.26,5.2,5.2,146540.0
2021-05-07,5.2,5.24,5.16,5.2,22690.0
2021-05-10,5.22,5.22,5.12,5.2,21790.0
2021-05-11,5.1,5.12,5.08,5.12,27020.0
2021-05-12,5.08,5.14,5.08,5.14,20700.0
2021-05-13,5.14,5.14,5.08,5.12,8250.0
2021-05-14,5.14,5.42,5.1,5.2,57240.0
2021-05-17,5.3,5.38,5.2,5.2,32229.999999999996
2021-05-18,5.16,5.18,4.93,4.96,115470.0
2021-05-19,5.0,5.26,4.94,5.0,28260.0
2021-05-20,5.0,5.0,4.9,4.98,13250.0
2021-05-21,5.0,5.16,5.0,5.04,17300.0
2021-05-24,5.04,5.1,5.04,5.04,15090.0
2021-05-25,5.1,5.12,5.02,5.08,13590.0
2021-05-26,5.08,5.08,4.82,4.86,88340.0
2021-05-27,4.97,4.97,4.81,4.96,32220.0
2021-05-28,4.97,4.99,4.9,4.98,16740.0
2021-05-31,4.9,4.99,4.9,4.93,21310.0
2021-06-01,4.9,4.97,4.84,4.87,36500.0
2021-06-02,4.87,5.0,4.87,4.99,27140.0
2021-06-04,4.98,5.3,4.98,5.26,124090.0
2021-06-07,5.24,5.26,5.16,5.18,26900.0
2021-06-08,5.18,5.22,5.14,5.16,10390.0
2021-06-09,5.16,5.22,5.06,5.2,59940.0
2021-06-10,5.22,5.24,5.14,5.18,31440.0
2021-06-11,5.14,5.24,5.14,5.18,66940.0
2021-06-14,5.26,5.3,5.16,5.24,49420.0
2021-06-15,5.2,5.24,5.16,5.18,15680.0
2021-06-16,5.18,5.18,5.14,5.16,18440.0
2021-06-17,5.16,5.16,5.06,5.08,20680.0
2021-06-18,5.1,5.1,5.06,5.06,8520.0
2021-06-21,5.02,5.06,4.95,5.06,26280.0
2021-06-22,5.16,5.26,5.08,5.16,52870.0
2021-06-23,5.18,5.18,5.0,5.02,24440.0
2021-06-24,5.02,5.16,5.02,5.08,18590.0
2021-06-25,5.08,5.2,5.04,5.18,17880.0
2021-06-28,5.1,5.18,5.06,5.16,13930.0
2021-06-29,5.06,5.2,5.06,5.1,12220.0
2021-06-30,5.1,5.16,5.02,5.06,15960.0
2021-07-01,5.06,5.16,5.04,5.16,15420.0
2021-07-02,5.18,5.18,5.08,5.1,7740.0
2021-07-05,5.1,5.16,5.04,5.1,11640.0
2021-07-06,5.08,5.1,5.06,5.06,3380.0
2021-07-07,5.04,5.06,4.95,5.0,11970.0
2021-07-08,5.02,5.04,4.93,4.93,18090.0
2021-07-09,4.92,4.95,4.81,4.86,20940.0
2021-07-12,4.85,4.9,4.85,4.85,8130.000000000001
2021-07-13,4.85,4.95,4.81,4.95,12140.0
2021-07-14,4.9,4.95,4.9,4.9,22000.0
2021-07-15,4.9,5.16,4.85,4.9,32759.999999999996
2021-07-16,4.9,4.93,4.86,4.9,8530.0
2021-07-19,4.91,4.92,4.62,4.66,46010.0
2021-07-20,4.65,4.74,4.34,4.45,106700.0
2021-07-21,4.47,4.48,4.32,4.44,102290.0
2021-07-22,4.44,4.6,4.44,4.51,22760.0
2021-07-23,4.55,4.79,4.55,4.7,82660.0
2021-07-26,4.71,4.8,4.62,4.65,19470.0
2021-07-27,4.65,4.65,4.52,4.52,14150.0
2021-07-28,4.53,4.78,4.53,4.7,9000.0
2021-07-29,4.7,4.7,4.54,4.67,16900.0
2021-07-30,4.67,4.67,4.54,4.64,10050.0
2021-08-02,4.68,4.78,4.68,4.72,13430.0
2021-08-03,4.72,4.79,4.7,4.79,6230.0
2021-08-04,4.8,5.1,4.8,4.98,27160.0
2021-08-05,5.0,5.0,4.9,4.98,4870.0
2021-08-06,4.98,4.98,4.91,4.92,4000.0
2021-08-09,4.92,4.98,4.55,4.75,109230.0
2021-08-10,4.73,4.83,4.66,4.66,20060.0
2021-08-11,4.7,4.74,4.64,4.68,6280.0
2021-08-12,4.71,4.71,4.63,4.68,8580.0
2021-08-13,4.7,4.7,4.65,4.7,71830.0
2021-08-16,4.68,4.7,4.6,4.66,11660.0
2021-08-17,4.7,4.7,4.66,4.7,42980.0
2021-08-18,4.75,4.8,4.66,4.67,17660.0
2021-08-19,4.66,4.77,4.6,4.6,21320.0
2021-08-20,4.63,4.63,4.6,4.63,12380.0
2021-08-23,4.63,4.73,4.56,4.7,29230.0
2021-08-24,4.73,4.73,4.65,4.72,3330.0
2021-08-25,4.69,4.69,4.61,4.66,10140.0
2021-08-26,4.68,4.73,4.64,4.64,4910.0
2021-08-27,4.7,4.71,4.63,4.63,8470.0
2021-08-30,4.8,4.95,4.71,4.93,71930.0
2021-08-31,4.93,4.93,4.8,4.92,18210.0
2021-09-01,4.9,5.0,4.88,4.88,26960.0
2021-09-02,4.98,4.98,4.89,4.96,9410.0
2021-09-03,4.9,4.91,4.88,4.89,7140.0
2021-09-06,4.89,4.89,4.8,4.8,7020.0
2021-09-07,4.76,4.96,4.75,4.91,15640.0
2021-09-08,4.82,4.99,4.82,4.93,11540.0
2021-09-09,4.95,4.95,4.81,4.9,7840.0
2021-09-10,4.89,4.89,4.82,4.88,8210.0
2021-09-13,4.88,4.88,4.7,4.72,44330.0
2021-09-14,4.72,4.74,4.63,4.68,70510.0
2021-09-15,4.68,4.68,4.63,4.63,12190.0
2021-09-16,4.67,4.7,4.56,4.7,35140.0
2021-09-17,4.7,4.7,4.62,4.62,11550.0
2021-09-20,4.67,4.75,4.16,4.37,201940.0
2021-09-21,4.37,4.5,4.36,4.4,29220.0
2021-09-22,4.45,4.47,4.42,4.43,19030.0
2021-09-23,4.51,4.67,4.43,4.43,15660.0
2021-09-24,4.48,4.55,4.4,4.4,8210.0
2021-09-27,4.4,4.41,4.31,4.33,13260.0
2021-09-28,4.33,4.45,4.3,4.34,23950.0
2021-09-29,4.3,4.34,4.3,4.31,28860.0
2021-09-30,4.28,4.28,4.1,4.2,69560.0
2021-10-01,4.11,4.22,4.1,4.19,41970.0
2021-10-04,4.19,4.3,4.16,4.26,21310.0
2021-10-05,4.31,4.42,4.27,4.31,22540.0
2021-10-06,4.31,4.31,4.2,4.25,17240.0
2021-10-07,4.28,4.4,4.22,4.38,8780.0
2021-10-08,4.42,4.5,4.4,4.41,26560.0
2021-10-11,4.5,4.5,4.4,4.41,18990.0
2021-10-12,4.46,4.53,4.34,4.4,20710.0
2021-10-13,4.4,4.51,4.4,4.46,11770.0
2021-10-14,4.46,4.5,4.39,4.39,14390.0
2021-10-15,4.45,4.45,4.3,4.4,12830.0
2021-10-18,4.4,4.45,4.23,4.38,4990.0
2021-10-19,4.45,4.5,4.35,4.44,20750.0
2021-10-20,4.44,4.44,4.3,4.4,27010.0
2021-10-21,4.44,4.44,4.3,4.34,5550.0
2021-10-22,4.34,4.38,4.3,4.3,18650.0
2021-10-25,4.3,4.32,4.23,4.23,16750.0
2021-10-26,4.23,4.27,4.14,4.25,20450.0
2021-10-27,4.18,4.28,4.15,4.17,34700.0
2021-10-28,4.15,4.17,4.03,4.04,52820.0
2021-10-29,4.06,4.2,3.95,4.02,91940.0
2021-11-02,4.04,4.24,4.04,4.16,61620.0
2021-11-03,4.21,4.4,4.21,4.33,37090.0
2021-11-04,4.36,4.44,4.31,4.36,47610.0
2021-11-05,4.38,4.49,4.38,4.44,24300.0
2021-11-08,4.44,4.57,4.44,4.47,32259.999999999996
2021-11-09,4.56,4.56,4.32,4.35,13230.0
2021-11-10,4.51,4.54,4.34,4.4,9570.0
2021-11-12,4.4,4.54,4.31,4.47,23760.0
2021-11-15,4.38,4.44,4.2,4.24,30390.0
2021-11-16,4.27,4.38,4.25,4.37,15950.0
2021-11-17,4.3,4.37,4.13,4.23,52710.0
2021-11-18,4.35,4.35,4.15,4.23,17670.0
2021-11-19,4.23,4.29,4.12,4.13,25060.0
2021-11-22,4.13,4.2,4.1,4.18,15410.0
2021-11-23,4.11,4.2,4.1,4.19,6380.0
2021-11-24,4.2,4.26,4.1,4.21,11620.0
2021-11-25,4.2,4.2,4.06,4.08,5760.0
2021-11-26,4.03,4.13,3.96,4.02,22250.0
2021-11-29,4.01,4.12,4.0,4.08,30640.0
2021-11-30,4.02,4.06,4.02,4.06,5450.0
2021-12-01,4.0,4.17,4.0,4.17,900.0
2021-12-02,4.15,4.17,4.04,4.04,3580.0
2021-12-03,4.15,4.16,4.01,4.16,12700.0
2021-12-06,4.04,4.16,3.97,4.05,59330.0
2021-12-07,4.05,4.1,3.98,4.1,33090.0
2021-12-08,4.09,4.1,4.01,4.02,4200.0
2021-12-09,3.99,3.99,3.96,3.96,9250.0
2021-12-10,4.01,4.01,3.91,3.96,6540.0
2021-12-13,3.95,4.1,3.94,4.08,31500.0
2021-12-14,4.1,4.1,3.95,4.02,24350.0
2021-12-15,4.05,4.16,3.97,4.06,108900.0
2021-12-16,4.06,4.15,4.06,4.14,4990.0
2021-12-17,4.14,4.15,4.0,4.01,2400.0
2021-12-20,4.01,4.14,4.0,4.13,22250.0
2021-12-21,4.06,4.14,4.01,4.04,34520.0
2021-12-22,4.0,4.12,3.96,4.1,74180.0
2021-12-23,4.09,4.14,4.03,4.05,43080.0
2021-12-27,4.11,4.11,3.97,4.11,61880.0
2021-12-28,4.02,4.12,4.01,4.08,110470.0
2021-12-29,4.0,4.15,4.0,4.1,13190.0
2021-12-30,4.1,4.1,4.08,4.1,4940.0
2022-01-03,4.08,4.25,4.07,4.2,29840.0
2022-01-04,4.25,4.32,3.95,4.15,43110.0
2022-01-05,4.15,4.25,4.15,4.18,7070.0
2022-01-07,4.17,4.19,4.06,4.08,15960.0
2022-01-10,4.08,4.17,4.0,4.16,17060.0
2022-01-11,4.06,4.16,4.06,4.11,6310.0
2022-01-12,4.12,4.12,4.02,4.02,13030.0
2022-01-13,4.04,4.12,4.04,4.08,14480.0
2022-01-14,4.07,4.07,4.03,4.04,4040.0
2022-01-17,4.01,4.07,4.0,4.07,19020.0
2022-01-18,4.14,4.14,3.99,4.01,26470.0
2022-01-19,3.96,4.05,3.96,3.96,9320.0
2022-01-20,3.97,4.01,3.92,3.93,19360.0
2022-01-21,3.95,3.95,3.91,3.92,24010.0
2022-01-24,3.9,3.94,3.55,3.57,85340.0
2022-01-25,3.68,3.68,3.5,3.55,41120.0
2022-01-26,3.55,3.68,3.55,3.6,43870.0
2022-01-27,3.6,3.67,3.54,3.61,34420.0
2022-01-28,3.61,3.64,3.57,3.62,31030.0
2022-01-31,3.59,3.65,3.59,3.59,9450.0
2022-02-01,3.67,3.67,3.62,3.62,13810.0
2022-02-02,3.64,3.67,3.6,3.6,18050.0
2022-02-03,3.61,3.62,3.61,3.61,15620.0
2022-02-04,3.64,3.65,3.61,3.62,6650.0
2022-02-07,3.65,3.65,3.63,3.65,5950.0
2022-02-08,3.65,3.69,3.56,3.59,12360.0
2022-02-09,3.64,3.67,3.64,3.67,7150.0
2022-02-10,3.61,3.67,3.61,3.67,1990.0
2022-02-11,3.69,3.87,3.67,3.84,17730.0
2022-02-14,3.75,3.83,3.62,3.67,8340.0
2022-02-15,3.76,3.76,3.67,3.74,13260.0
2022-02-16,3.76,3.89,3.73,3.77,26470.0
2022-02-17,3.69,3.8,3.68,3.8,6220.0
2022-02-18,3.7,3.79,3.7,3.78,6850.0
2022-02-21,3.7,3.76,3.55,3.65,13900.0
2022-02-22,3.53,3.6,3.42,3.6,21760.0
2022-02-23,3.6,3.64,3.51,3.51,15880.0
2022-02-24,3.39,3.39,2.7,3.1,206170.0
2022-02-25,3.05,3.25,3.05,3.14,61880.0
2022-02-28,3.1,3.38,3.1,3.34,19640.0
2022-03-01,3.38,3.38,3.15,3.2,10710.0
2022-03-02,3.28,3.28,3.1,3.22,38130.0
2022-03-03,3.22,3.32,3.08,3.22,3970.0
2022-03-04,3.22,3.22,3.13,3.2,3860.0
2022-03-07,3.15,3.16,3.02,3.16,14620.0
2022-03-08,3.07,3.6,3.04,3.28,23150.0
2022-03-09,3.3,3.37,3.17,3.26,6580.0
2022-03-10,3.37,3.49,3.19,3.44,26720.0
2022-03-11,3.44,3.59,3.44,3.51,9330.0
2022-03-14,3.51,3.58,3.51,3.57,1650.0
2022-03-15,3.51,3.52,3.19,3.36,26080.0
2022-03-16,3.25,3.4,3.2,3.4,5400.0
2022-03-17,3.4,3.55,3.4,3.5,6370.0
2022-03-18,3.5,3.51,3.3,3.3,11380.0
2022-03-21,3.45,3.5,3.35,3.49,15260.0
2022-03-22,3.49,3.55,3.49,3.52,5330.0
2022-03-23,3.53,3.76,3.48,3.64,69030.0
2022-03-24,3.74,3.74,3.6,3.67,17090.0
2022-03-25,3.66,3.67,3.6,3.6,2080.0
2022-03-28,3.65,3.7,3.61,3.7,3190.0
2022-03-29,3.7,3.9,3.63,3.82,44690.0
2022-03-30,3.88,3.93,3.82,3.88,7030.0
2022-03-31,3.88,3.94,3.85,3.85,11910.0
2022-04-01,3.85,3.85,3.78,3.84,9440.0
2022-04-04,3.78,3.9,3.72,3.86,26160.0
2022-04-05,3.85,3.9,3.8,3.85,11040.0
2022-04-06,3.85,3.85,3.66,3.7,16540.0
2022-04-07,3.73,3.73,3.7,3.73,14200.0
2022-04-08,3.73,3.88,3.71,3.8,10640.0
2022-04-11,3.8,3.88,3.8,3.87,6930.0
2022-04-12,3.85,3.9,3.85,3.85,1720.0
2022-04-13,3.89,3.94,3.84,3.93,9110.0
2022-04-14,3.9,4.0,3.9,3.92,16420.0
2022-04-19,3.95,3.96,3.82,3.87,21120.0
2022-04-20,3.9,3.94,3.82,3.82,10190.0
2022-04-21,3.8,3.8,3.73,3.76,12630.0
2022-04-22,3.88,3.88,3.74,3.84,6490.0
2022-04-25,3.84,3.84,3.6,3.78,15320.0
2022-04-26,3.81,3.81,3.66,3.79,4560.0
2022-04-27,3.74,3.79,3.74,3.79,3320.0
2022-04-28,3.78,3.78,3.66,3.67,16970.0
2022-04-29,3.77,3.77,3.68,3.75,3340.0
2022-05-02,3.75,3.75,3.52,3.7,15540.0
2022-05-04,3.7,3.7,3.6,3.6,1530.0
2022-05-05,3.68,3.69,3.6,3.64,8020.0
2022-05-06,3.63,3.63,3.33,3.46,24660.0
2022-05-09,3.46,3.54,3.46,3.5,3130.0
2022-05-10,3.5,3.59,3.4,3.55,4530.0
2022-05-11,3.55,3.6,3.5,3.6,4980.0
2022-05-12,3.59,3.59,3.4,3.4,10540.0
2022-05-13,3.42,3.56,3.39,3.53,17000.0
2022-05-16,3.53,3.63,3.49,3.59,5500.0
2022-05-17,3.57,3.57,3.5,3.56,1850.0
2022-05-18,3.56,3.63,3.54,3.54,10140.0
2022-05-19,3.54,3.54,3.5,3.5,1380.0
2022-05-20,3.62,3.62,3.62,3.62,50.0
2022-05-23,3.6,3.6,3.52,3.52,1770.0
2022-05-24,3.58,3.59,3.53,3.53,430.0
2022-05-25,3.53,3.56,3.53,3.56,840.0
2022-05-26,3.53,3.53,3.51,3.51,3230.0
2022-05-27,3.51,3.56,3.51,3.56,1800.0
2022-05-30,3.58,3.61,3.56,3.6,2200.0
2022-05-31,3.62,3.74,3.6,3.74,33380.0
2022-06-01,3.74,3.74,3.67,3.7,5600.0
2022-06-02,3.7,3.7,3.65,3.66,9660.0
2022-06-03,3.7,3.7,3.62,3.62,3750.0
2022-06-06,3.71,3.74,3.64,3.74,12810.0
2022-06-07,3.74,3.74,3.63,3.69,8810.0
2022-06-08,3.7,3.7,3.62,3.65,4200.0
2022-06-09,3.65,3.74,3.65,3.74,35380.0
2022-06-10,3.73,3.73,3.59,3.65,14140.0
2022-06-13,3.59,3.63,3.51,3.52,13090.0
2022-06-14,3.6,3.6,3.51,3.54,3420.0
2022-06-15,3.45,3.54,3.29,3.35,2280.0
2022-06-17,3.45,3.49,3.3,3.49,1320.0
2022-06-20,3.35,3.39,3.35,3.35,1640.0
2022-06-21,3.35,3.43,3.35,3.35,650.0
2022-06-22,3.35,3.35,3.32,3.32,680.0
2022-06-23,3.38,3.5,3.38,3.5,3300.0
2022-06-24,3.48,3.48,3.33,3.4,8900.0
2022-06-27,3.47,3.59,3.47,3.59,3760.0
2022-06-28,3.39,3.5,3.39,3.41,3040.0
2022-06-29,3.4,3.54,3.4,3.54,6060.0
2022-06-30,3.42,3.42,3.36,3.42,350.0
2022-07-01,3.41,3.5,3.41,3.42,2710.0
2022-07-04,3.41,3.41,3.2,3.33,13910.0
2022-07-05,3.33,3.35,3.28,3.35,3760.0
2022-07-06,3.31,3.37,3.25,3.37,12030.0
2022-07-07,3.35,3.35,3.15,3.17,33790.0
2022-07-08,3.18,3.23,3.1,3.2,3890.0
2022-07-11,3.2,3.2,3.11,3.2,1490.0
2022-07-12,3.2,3.23,3.2,3.23,4200.0
2022-07-13,3.17,3.17,3.14,3.17,6910.0
2022-07-14,3.15,3.19,3.11,3.19,1530.0
2022-07-15,3.19,3.19,3.11,3.11,230.0
2022-07-18,3.25,3.35,3.25,3.29,13760.0
2022-07-19,3.3,3.3,3.25,3.25,10060.0
2022-07-20,3.25,3.3,3.25,3.3,4059.9999999999995
2022-07-21,3.25,3.25,3.25,3.25,5270.0
2022-07-22,3.28,3.29,3.25,3.25,4680.0
2022-07-25,3.25,3.26,3.25,3.25,3450.0
2022-07-26,3.25,3.25,3.25,3.25,400.0
2022-07-27,3.25,3.26,3.25,3.25,3630.0
2022-07-28,3.26,3.26,3.25,3.25,1730.0
2022-07-29,3.38,3.38,3.38,3.38,10.0
2022-08-01,3.36,3.37,3.27,3.36,3670.0
2022-08-02,3.27,3.38,3.25,3.38,2430.0
2022-08-03,3.39,3.4,3.37,3.37,1040.0
2022-08-04,3.42,3.42,3.27,3.42,1200.0
2022-08-05,3.4,3.4,3.4,3.4,140.0
2022-08-08,3.37,3.37,3.24,3.24,7210.0
2022-08-09,3.23,3.24,3.23,3.24,5400.0
2022-08-10,3.23,3.25,3.23,3.25,910.0
2022-08-11,3.28,3.3,3.28,3.3,50.0
2022-08-12,3.3,3.3,3.23,3.25,28410.0
2022-08-16,3.23,3.28,3.23,3.28,23750.0
2022-08-17,3.3,3.3,3.23,3.23,5300.0
2022-08-18,3.25,3.25,3.1,3.15,21770.0
2022-08-19,3.12,3.12,3.09,3.11,5130.0
2022-08-22,3.09,3.11,3.09,3.09,15440.0
2022-08-23,3.09,3.16,3.09,3.16,20.0
2022-08-24,3.09,3.09,3.09,3.09,10.0
2022-08-25,3.13,3.14,3.13,3.14,1900.0
2022-08-26,3.07,3.07,3.05,3.05,4760.0
2022-08-29,3.08,3.08,3.05,3.05,5730.0
2022-08-30,3.1,3.1,3.08,3.08,15620.0
2022-08-31,3.1,3.1,3.1,3.1,1490.0
2022-09-01,3.06,3.06,3.06,3.06,500.0
2022-09-02,3.07,3.07,3.07,3.07,190.0
2022-09-05,3.02,3.11,3.02,3.11,1900.0
2022-09-06,3.1,3.1,3.02,3.02,420.0
2022-09-07,3.01,3.09,2.9,3.0,5750.0
2022-09-08,3.07,3.09,3.01,3.08,1890.0
2022-09-09,3.06,3.09,3.02,3.07,3820.0
2022-09-12,3.08,3.08,3.07,3.08,2790.0
2022-09-13,3.11,3.14,3.01,3.05,7280.0
2022-09-14,3.01,3.01,2.98,2.98,8980.0
2022-09-15,3.04,3.04,2.98,2.98,210.0
2022-09-16,3.05,3.05,2.95,3.02,1320.0
2022-09-19,3.02,3.02,2.9,2.99,4770.0
2022-09-20,2.93,2.93,2.91,2.91,5660.0
2022-09-21,2.92,2.97,2.92,2.97,1280.0
2022-09-22,2.96,2.96,2.96,2.96,21540.0
2022-09-23,2.91,2.91,2.86,2.9,4450.0
2022-09-26,2.86,2.86,2.84,2.84,2020.0
2022-09-27,2.84,2.84,2.84,2.84,950.0
2022-09-28,2.82,2.84,2.71,2.83,22660.0
2022-09-29,2.83,2.83,2.74,2.74,6990.0
2022-09-30,2.82,2.83,2.76,2.82,5760.0
2022-10-03,2.77,2.83,2.72,2.82,1300.0
2022-10-04,2.81,2.89,2.8,2.8,7770.0
2022-10-05,2.89,2.89,2.73,2.73,7970.0
2022-10-06,2.75,2.75,2.7,2.74,3260.0
2022-10-07,2.7,2.78,2.7,2.78,6930.0
2022-10-10,2.75,2.75,2.65,2.65,3730.0
2022-10-11,2.75,2.75,2.74,2.74,580.0
2022-10-12,2.74,2.74,2.7,2.7,2320.0
2022-10-13,2.73,2.83,2.7,2.83,2100.0
2022-10-14,2.68,2.78,2.67,2.78,1300.0
2022-10-17,2.77,2.77,2.7,2.7,9250.0
2022-10-18,2.75,2.78,2.66,2.7,7880.0
2022-10-19,2.66,2.79,2.66,2.79,1000.0
2022-10-20,2.77,2.77,2.77,2.77,40.0
2022-10-21,2.77,2.8,2.77,2.79,5720.0
2022-10-24,2.8,2.84,2.8,2.83,1650.0
2022-10-25,2.84,3.08,2.84,3.0,21280.0
2022-10-26,2.9,3.12,2.9,3.12,18660.0
2022-10-27,3.12,3.12,3.05,3.12,1370.0
2022-10-28,3.11,3.11,3.11,3.11,20.0
2022-10-31,3.1,3.11,3.03,3.11,7960.0
2022-11-02,3.09,3.09,3.03,3.06,5680.0
2022-11-03,3.09,3.35,3.09,3.2,26690.0
2022-11-04,3.19,3.19,3.05,3.17,6260.0
2022-11-07,3.16,3.36,3.1,3.36,13440.0
2022-11-08,3.33,3.33,3.1,3.27,2050.0
2022-11-09,3.18,3.18,3.18,3.18,1500.0
2022-11-10,3.18,3.26,3.18,3.26,1680.0
2022-11-14,3.26,3.33,3.17,3.2,2650.0
2022-11-15,3.25,3.35,3.22,3.29,2520.0
2022-11-16,3.2,3.29,3.2,3.28,5320.0
2022-11-17,3.28,3.3,3.27,3.3,980.0
2022-11-18,3.28,3.3,3.25,3.3,2180.0
2022-11-21,3.29,3.3,3.26,3.3,10250.0
2022-11-22,3.24,3.3,3.24,3.3,2009.9999999999998
2022-11-23,3.25,3.29,3.24,3.29,3610.0
2022-11-24,3.29,3.3,3.29,3.3,6020.0
2022-11-25,3.32,3.32,3.27,3.28,120.0
2022-11-28,3.28,3.28,3.22,3.24,10280.0
2022-11-29,3.25,3.25,3.24,3.24,15260.0
2022-11-30,3.26,3.26,3.22,3.22,2220.0
2022-12-01,3.2,3.34,3.2,3.34,15520.0
2022-12-02,3.34,3.34,3.34,3.34,1280.0
2022-12-05,3.3,3.4,3.26,3.4,2070.0
2022-12-06,3.35,3.42,3.35,3.35,5220.0
2022-12-07,3.32,3.32,3.3,3.3,1860.0
2022-12-08,3.38,3.39,3.37,3.39,5690.0
2022-12-09,3.39,3.4,3.3,3.39,4650.0
2022-12-12,3.39,3.39,3.2,3.37,8430.0
2022-12-13,3.23,3.33,3.23,3.3,1200.0
2022-12-14,3.3,3.3,3.2,3.21,2700.0
2022-12-15,3.21,3.22,3.16,3.22,8300.0
2022-12-16,3.16,3.3,3.16,3.18,10400.0
2022-12-19,3.19,3.29,3.19,3.27,17870.0
2022-12-20,3.27,3.29,3.17,3.25,1650.0
2022-12-21,3.25,3.29,3.25,3.28,7160.0
2022-12-22,3.26,3.26,3.14,3.2,21180.0
2022-12-23,3.2,3.2,3.12,3.17,13310.0
2022-12-27,3.12,3.19,3.04,3.18,10890.0
2022-12-28,3.08,3.18,3.06,3.15,29060.0
2022-12-29,3.1,3.17,3.09,3.16,6740.0
2022-12-30,3.16,3.24,3.11,3.2,740.0
2023-01-02,3.2,3.45,3.2,3.35,20820.0
2023-01-03,3.35,3.58,3.32,3.48,22150.0
2023-01-04,3.57,3.64,3.56,3.6,14460.0
2023-01-05,3.63,3.64,3.53,3.62,3560.0
2023-01-09,3.7,3.75,3.65,3.72,14600.0
2023-01-10,3.7,3.72,3.7,3.72,2020.0
2023-01-11,3.72,3.72,3.72,3.72,0.0
2023-01-12,3.7,3.73,3.6,3.72,10440.0
2023-01-13,3.7,3.74,3.55,3.7,6980.0
2023-01-16,3.7,3.77,3.6,3.72,7300.0
2023-01-17,3.7,3.7,3.6,3.67,6890.0
2023-01-18,3.67,3.67,3.61,3.64,5040.0
2023-01-19,3.65,3.65,3.56,3.56,910.0
2023-01-20,3.6,3.6,3.51,3.6,4690.0
2023-01-23,3.64,3.65,3.53,3.65,1580.0
2023-01-24,3.58,3.65,3.54,3.65,4700.0
2023-01-25,3.52,3.53,3.52,3.53,2250.0
2023-01-26,3.65,3.65,3.53,3.53,2950.0
2023-01-27,3.58,3.58,3.56,3.56,1500.0
2023-01-30,3.54,3.6,3.52,3.6,5960.0
2023-01-31,3.53,3.7,3.53,3.6,5870.0
2023-02-01,3.57,3.68,3.57,3.62,7680.0
2023-02-02,3.69,3.7,3.61,3.61,5240.0
2023-02-03,3.53,3.64,3.53,3.64,6770.0
2023-02-06,3.57,3.64,3.53,3.54,2480.0
2023-02-07,3.64,3.64,3.6,3.6,710.0
2023-02-08,3.53,3.64,3.53,3.64,510.0
2023-02-09,3.54,3.63,3.5,3.6,10010.0
2023-02-10,3.53,3.54,3.47,3.5,9260.0
2023-02-13,3.51,3.58,3.5,3.58,1330.0
2023-02-14,3.52,3.52,3.52,3.52,450.0
2023-02-15,3.52,3.52,3.52,3.52,70.0
2023-02-16,3.52,3.52,3.52,3.52,1000.0
2023-02-17,3.47,3.52,3.47,3.52,730.0
2023-02-20,3.53,3.53,3.44,3.53,4660.0
2023-02-21,3.45,3.5,3.41,3.5,9410.0
2023-02-22,3.43,3.54,3.43,3.54,990.0
2023-02-24,3.47,3.51,3.47,3.48,1550.0
2023-02-27,3.52,3.54,3.52,3.52,2160.0
2023-02-28,3.52,3.56,3.45,3.56,4180.0
2023-03-01,3.56,3.77,3.56,3.7,15050.0
2023-03-02,3.79,3.79,3.65,3.7,12440.0
2023-03-03,3.74,3.89,3.74,3.86,39190.0
2023-03-06,3.89,3.95,3.87,3.94,20710.0
2023-03-07,3.92,3.92,3.65,3.79,22800.0
2023-03-08,3.78,3.8,3.7,3.8,9600.0
2023-03-09,3.8,3.8,3.74,3.75,7300.0
2023-03-10,3.79,3.84,3.75,3.76,15210.0
2023-03-13,3.71,3.71,3.61,3.62,6120.0
2023-03-14,3.66,3.74,3.66,3.74,1160.0
2023-03-15,3.71,3.74,3.62,3.62,12260.0
2023-03-16,3.65,3.71,3.55,3.55,6570.0
2023-03-17,3.71,3.71,3.6,3.64,4030.0000000000005
2023-03-20,3.56,3.63,3.53,3.63,1820.0
2023-03-21,3.64,3.65,3.54,3.54,4920.0
2023-03-22,3.54,3.54,3.3,3.3,7360.0
2023-03-23,3.44,3.53,3.42,3.53,5830.0
2023-03-24,3.53,3.54,3.5,3.5,2660.0
2023-03-27,3.5,3.6,3.5,3.55,2950.0
2023-03-28,3.54,3.54,3.42,3.5,9180.0
2023-03-29,3.45,3.59,3.45,3.49,9530.0
2023-03-30,3.58,3.66,3.53,3.66,7540.0
2023-03-31,3.66,3.8,3.51,3.68,22130.0
2023-04-03,3.66,3.66,3.66,3.66,2450.0
2023-04-04,3.7,3.7,3.56,3.56,14030.0
2023-04-05,3.56,3.67,3.56,3.66,360.0
2023-04-06,3.59,3.68,3.58,3.6,10330.0
2023-04-11,3.68,3.68,3.59,3.64,11060.0
2023-04-12,3.6,3.61,3.55,3.59,6150.0
2023-04-13,3.6,3.6,3.52,3.53,4090.0
2023-04-14,3.52,3.55,3.52,3.55,350.0
2023-04-17,3.59,3.59,3.57,3.57,400.0
2023-04-18,3.55,3.55,3.5,3.5,17090.0
2023-04-19,3.5,3.5,3.48,3.5,3500.0
2023-04-20,3.5,3.5,3.45,3.45,3950.0
2023-04-21,3.46,3.58,3.46,3.52,12530.0
2023-04-24,3.6,3.62,3.54,3.54,16710.0
2023-04-25,3.6,3.63,3.6,3.63,2990.0
2023-04-26,3.54,3.54,3.54,3.54,1400.0
2023-04-27,3.54,3.63,3.49,3.56,12370.0
2023-04-28,3.62,3.62,3.56,3.56,4080.0
2023-05-02,3.67,3.67,3.47,3.49,12590.0
2023-05-04,3.6,3.69,3.53,3.53,8980.0
2023-05-05,3.56,3.56,3.51,3.54,8540.0
2023-05-08,3.58,3.6,3.5,3.5,9050.0
2023-05-09,3.59,3.63,3.59,3.63,8310.0
2023-05-10,3.63,3.73,3.55,3.69,10330.0
2023-05-11,3.69,3.74,3.66,3.7,4190.0
2023-05-12,3.7,3.72,3.67,3.72,5320.0
2023-05-15,3.72,3.74,3.67,3.67,9500.0
2023-05-16,3.69,3.69,3.67,3.69,3290.0
2023-05-17,3.64,3.69,3.6,3.67,7800.0
2023-05-18,3.64,3.7,3.63,3.7,9490.0
2023-05-19,3.66,3.66,3.6,3.6,2430.0
2023-05-22,3.67,3.68,3.61,3.61,2660.0
2023-05-23,3.63,3.63,3.62,3.62,3100.0
2023-05-24,3.61,3.62,3.6,3.6,7890.0
2023-05-25,3.6,3.64,3.6,3.64,1440.0
2023-05-26,3.61,3.64,3.61,3.64,1100.0
2023-05-29,3.63,3.63,3.63,3.63,200.0
2023-05-30,3.67,3.67,3.66,3.66,4180.0
2023-05-31,3.67,3.69,3.62,3.69,30020.0
2023-06-01,3.69,3.69,3.69,3.69,6750.0
2023-06-02,3.67,3.8,3.66,3.79,18580.0
2023-06-05,3.79,3.88,3.78,3.82,15750.0
2023-06-06,3.82,3.86,3.79,3.79,7210.0
2023-06-07,3.82,3.82,3.79,3.8,11420.0
2023-06-09,3.79,3.8,3.66,3.71,9810.0
2023-06-12,3.73,3.88,3.7,3.86,17090.0
2023-06-13,3.83,3.83,3.83,3.83,0.0
2023-06-14,3.8,3.8,3.72,3.72,9250.0
2023-06-15,3.7,3.9,3.7,3.89,5220.0
2023-06-16,3.71,3.76,3.71,3.76,1230.0
2023-06-19,3.76,3.79,3.76,3.78,3610.0
2023-06-20,3.85,3.85,3.76,3.83,3020.0
2023-06-21,3.83,3.84,3.83,3.83,420.0
2023-06-22,3.82,3.82,3.72,3.81,6230.0
2023-06-23,3.83,3.83,3.71,3.82,6380.0
2023-06-26,3.71,3.78,3.71,3.77,14890.0
2023-06-27,3.77,3.77,3.67,3.75,14560.0
2023-06-28,3.7,3.74,3.7,3.73,4019.9999999999995
2023-06-29,3.67,3.67,3.58,3.67,2760.0
2023-06-30,3.6,3.61,3.6,3.6,7950.0
2023-07-03,3.66,3.92,3.61,3.92,53820.0
2023-07-04,3.82,3.82,3.75,3.75,5090.0
2023-07-05,3.8,3.8,3.75,3.8,5400.0
2023-07-06,3.8,3.8,3.7,3.7,5290.0
2023-07-07,3.7,3.78,3.63,3.78,2630.0
2023-07-10,3.78,3.78,3.65,3.65,2680.0
2023-07-11,3.66,3.78,3.66,3.78,2910.0
2023-07-12,3.8,3.81,3.72,3.81,9950.0
2023-07-13,3.81,3.81,3.74,3.81,8240.0
2023-07-14,3.81,3.82,3.71,3.71,12320.0
2023-07-17,3.81,3.81,3.74,3.75,1220.0
2023-07-18,3.8,3.99,3.75,3.99,114840.0
2023-07-19,3.92,4.45,3.92,4.26,144240.0
2023-07-20,4.27,4.35,4.16,4.19,55630.0
2023-07-21,4.19,4.35,4.12,4.33,31950.0
2023-07-24,4.28,4.35,4.22,4.31,15200.0
2023-07-25,4.35,4.35,4.25,4.3,16900.0
2023-07-26,4.28,4.4,4.22,4.4,30250.0
2023-07-27,4.29,4.4,4.28,4.38,7390.0
2023-07-28,4.3,4.38,4.3,4.38,3150.0
2023-07-31,4.31,4.4,4.31,4.38,8790.0
2023-08-01,4.38,4.38,4.29,4.35,8740.0
2023-08-02,4.3,4.3,4.04,4.14,36550.0
2023-08-03,4.19,4.58,4.19,4.4,92150.0
2023-08-04,4.42,4.46,4.3,4.34,18990.0
2023-08-07,4.28,4.48,4.22,4.24,11460.0
2023-08-08,4.25,4.41,4.16,4.4,26000.0
2023-08-09,4.4,4.4,4.16,4.24,12340.0
2023-08-10,4.32,4.36,4.19,4.33,14520.0
2023-08-11,4.25,4.36,4.2,4.3,24120.0
2023-08-14,4.3,4.34,4.2,4.33,8940.0
2023-08-16,4.31,4.31,4.16,4.28,2670.0
2023-08-17,4.16,4.26,4.14,4.24,8710.0
2023-08-18,4.18,4.26,4.02,4.03,15950.0
2023-08-21,4.14,4.14,4.0,4.0,8340.0
2023-08-22,4.0,4.08,3.92,3.93,19300.0
2023-08-23,3.92,4.02,3.92,4.01,17390.0
2023-08-24,4.02,4.1,3.98,3.98,9930.0
2023-08-25,3.92,3.98,3.87,3.87,7480.0
2023-08-28,3.92,3.95,3.9,3.9,15500.0
2023-08-29,3.95,4.09,3.95,4.09,32220.0
2023-08-30,4.09,4.12,4.04,4.12,6510.0
2023-08-31,4.13,4.13,4.05,4.05,1160.0
2023-09-01,3.97,4.05,3.96,3.96,6360.0
2023-09-04,4.0,4.0,3.94,3.95,7120.0
2023-09-05,3.97,3.97,3.95,3.95,580.0
2023-09-06,4.0,4.17,3.9,4.17,37650.0
2023-09-07,4.16,4.25,4.03,4.03,13960.0
2023-09-08,4.15,4.28,4.03,4.1,16560.0
2023-09-11,4.1,4.1,4.04,4.09,9210.0
2023-09-12,4.05,4.13,4.01,4.1,14750.0
2023-09-13,4.1,4.1,4.01,4.01,30.0
2023-09-14,4.09,4.09,4.02,4.02,4450.0
2023-09-15,4.08,4.12,4.08,4.12,3880.0
2023-09-18,4.1,4.1,4.1,4.1,1180.0
2023-09-19,4.1,4.1,4.05,4.05,10900.0
2023-09-20,4.05,4.16,4.05,4.15,20340.0
2023-09-21,4.16,4.16,4.07,4.1,4140.0
2023-09-22,4.1,4.1,4.07,4.07,7950.0
2023-09-25,4.1,4.1,4.01,4.02,3100.0
2023-09-26,4.08,4.19,4.08,4.12,4040.0
2023-09-27,4.12,4.2,4.1,4.18,3330.0
2023-09-28,4.14,4.14,4.14,4.14,4600.0
2023-09-29,4.09,4.09,4.0,4.07,11060.0
2023-10-02,4.05,4.05,3.95,3.95,17600.0
2023-10-03,3.92,3.95,3.92,3.95,1920.0
2023-10-04,3.95,4.02,3.91,4.02,8530.0
2023-10-05,4.0,4.07,3.95,3.97,23360.0
2023-10-06,4.07,4.12,3.97,4.03,8760.0
2023-10-09,4.12,4.26,4.04,4.26,34470.0
2023-10-10,4.25,4.36,4.16,4.33,12290.0
2023-10-11,4.32,4.33,4.2,4.22,7360.0
2023-10-12,4.08,4.12,4.08,4.09,1010.0
2023-10-13,4.1,4.33,4.09,4.3,15850.0
2023-10-16,4.5,4.5,4.17,4.28,9820.0
2023-10-17,4.21,4.26,4.2,4.26,17250.0
2023-10-18,4.26,4.27,4.19,4.19,2550.0
2023-10-19,4.25,4.26,4.17,4.2,7230.0
2023-10-20,4.25,4.45,4.2,4.3,46660.0
2023-10-23,4.24,4.38,4.24,4.26,13930.0
2023-10-24,4.26,4.35,4.26,4.35,1490.0
2023-10-25,4.35,4.4,4.3,4.4,18590.0
2023-10-26,4.39,4.4,4.3,4.38,9600.0
2023-10-27,4.3,4.38,4.3,4.38,1320.0
2023-10-30,4.37,4.38,4.29,4.38,600.0
2023-10-31,4.31,4.48,4.31,4.47,22690.0
2023-11-02,4.47,4.47,4.38,4.47,4170.0
2023-11-03,4.45,4.58,4.43,4.56,31280.0
2023-11-06,4.58,4.68,4.58,4.68,19270.0
2023-11-07,4.68,4.68,4.56,4.61,5070.0
2023-11-08,4.6,4.6,4.57,4.6,2580.0
2023-11-09,4.59,4.65,4.55,4.65,5090.0
2023-11-10,4.64,4.64,4.55,4.55,620.0
2023-11-13,4.66,4.78,4.6,4.65,51100.0
2023-11-14,4.75,4.8,4.56,4.78,22720.0
2023-11-15,4.76,4.78,4.67,4.67,10740.0
2023-11-16,4.7,4.78,4.55,4.78,12640.0
2023-11-17,4.78,4.78,4.6,4.77,6990.0
2023-11-20,4.74,4.74,4.64,4.72,3880.0
2023-11-21,4.64,4.7,4.63,4.65,4070.0000000000005
2023-11-22,4.75,4.75,4.6,4.73,6330.0
2023-11-23,4.73,4.73,4.6,4.6,4500.0
2023-11-24,4.65,4.65,4.61,4.64,630.0
2023-11-27,4.63,4.63,4.5,4.56,5590.0
2023-11-28,4.57,4.75,4.57,4.75,31900.0
2023-11-29,4.75,4.75,4.66,4.66,4059.9999999999995
2023-11-30,4.6,4.74,4.6,4.73,5010.0
2023-12-01,4.63,4.78,4.63,4.73,39580.0
2023-12-04,4.75,4.78,4.7,4.75,4440.0
2023-12-05,4.75,4.78,4.72,4.72,3650.0
2023-12-06,4.78,4.88,4.72,4.8,23830.0
2023-12-07,4.8,4.88,4.8,4.8,2940.0
2023-12-08,4.85,4.88,4.77,4.77,10830.0
2023-12-11,4.79,4.88,4.79,4.87,8430.0
2023-12-12,4.83,5.06,4.83,4.97,118850.0
2023-12-13,5.0,5.06,4.98,5.06,32479.999999999996
2023-12-14,5.12,5.18,4.98,5.14,48100.0
2023-12-15,5.1,5.18,5.06,5.16,34720.0
2023-12-18,5.1,5.18,5.1,5.12,22290.0
2023-12-19,5.18,5.42,5.12,5.3,140600.0
2023-12-20,5.46,5.74,5.34,5.6,130210.00000000001
2023-12-21,5.6,5.8,5.6,5.74,151860.0
2023-12-22,5.8,5.94,5.78,5.82,40270.0
2023-12-27,5.82,6.2,5.52,5.98,71320.0
2023-12-28,6.04,6.08,5.6,5.78,399410.0
2023-12-29,5.84,5.9,5.66,5.8,19610.0
2024-01-02,5.9,5.9,5.7,5.72,30630.0
2024-01-03,5.72,5.96,5.7,5.74,29460.0
2024-01-04,5.68,5.88,5.54,5.64,31690.0
2024-01-05,5.64,5.64,5.36,5.5,31870.0
2024-01-08,5.44,5.56,5.22,5.36,38820.0
2024-01-09,5.5,5.52,5.26,5.42,31570.0
2024-01-10,5.5,5.5,5.3,5.38,25040.0
2024-01-11,5.44,5.5,5.32,5.44,11330.0
2024-01-12,5.58,5.8,5.5,5.54,36040.0
2024-01-15,5.64,5.66,5.52,5.58,4670.0
2024-01-16,5.62,5.62,5.36,5.54,15120.0
2024-01-17,5.52,5.56,5.26,5.34,20650.0
2024-01-18,5.32,5.48,5.24,5.32,24580.0
2024-01-19,5.32,5.56,5.32,5.38,20260.0
2024-01-22,5.44,5.56,5.44,5.5,10070.0
2024-01-23,5.48,5.48,5.4,5.46,2490.0
2024-01-24,5.48,5.66,5.46,5.66,10560.0
2024-01-25,5.66,5.66,5.4,5.4,4330.0
2024-01-26,5.5,5.5,5.38,5.38,6680.0
2024-01-29,5.38,5.5,5.36,5.4,2430.0
2024-01-30,5.4,5.48,5.36,5.42,8590.0
2024-01-31,5.48,5.5,5.22,5.5,7840.0
2024-02-01,5.5,5.6,5.42,5.6,16190.000000000002
2024-02-02,5.66,5.82,5.66,5.7,38610.0
2024-02-05,5.8,5.82,5.76,5.8,25590.0
2024-02-06,5.76,5.98,5.76,5.96,27530.0
2024-02-07,5.96,6.0,5.9,5.96,8490.0
2024-02-08,6.0,6.0,5.9,6.0,3580.0
2024-02-09,6.0,6.04,5.76,5.8,20090.0
2024-02-12,5.88,5.9,5.76,5.78,4140.0
2024-02-13,5.8,6.0,5.64,5.88,20960.0
2024-02-14,5.72,5.84,5.72,5.78,4550.0
2024-02-15,5.7,5.96,5.66,5.8,9960.0
2024-02-16,5.88,6.06,5.82,5.94,33670.0
2024-02-19,6.02,6.32,6.02,6.3,44250.0
2024-02-20,6.36,6.42,6.3,6.34,350000.0
2024-02-21,6.46,6.48,6.3,6.4,28680.0
2024-02-22,6.5,6.6,6.24,6.3,45520.0
2024-02-23,6.38,6.38,6.26,6.38,8600.0
2024-02-26,6.3,6.38,6.08,6.24,21290.0
2024-02-27,6.14,6.24,6.12,6.24,11810.0
2024-02-28,6.24,6.36,6.24,6.26,18410.0
2024-02-29,6.3,6.34,6.12,6.34,15640.0
2024-03-01,6.34,6.4,6.24,6.4,14070.0
2024-03-04,6.4,6.56,6.4,6.56,26770.0
2024-03-05,6.56,6.6,6.3,6.58,35240.0
2024-03-06,6.58,6.6,6.36,6.5,9710.0
2024-03-07,6.36,6.52,6.34,6.52,3180.0
2024-03-08,6.52,6.52,6.4,6.44,4440.0
2024-03-11,6.44,6.54,6.38,6.52,4580.0
2024-03-12,6.4,6.88,6.4,6.86,178930.0
2024-03-13,6.86,6.9,6.64,6.88,12640.0
2024-03-14,6.88,7.0,6.8,6.86,39140.0
2024-03-15,6.86,6.88,6.52,6.52,16219.999999999998
2024-03-18,6.54,6.8,6.42,6.62,21280.0
2024-03-19,6.64,6.76,6.5,6.56,15830.0
2024-03-20,6.68,6.7,6.6,6.68,5740.0
2024-03-21,6.7,7.0,6.52,6.9,46130.0
2024-03-22,6.9,6.98,6.68,6.8,48100.0
2024-03-25,6.86,6.86,6.42,6.5,96490.0
2024-03-26,6.5,6.7,6.5,6.66,2950.0
2024-03-27,6.7,6.86,6.68,6.86,12910.0
2024-03-28,6.86,6.86,6.7,6.7,9330.0
2024-04-02,6.72,6.74,6.52,6.68,20800.0
2024-04-03,6.68,6.8,6.56,6.68,7420.0
2024-04-04,6.68,6.78,6.5,6.66,8250.0
2024-04-05,6.66,6.66,6.32,6.56,35150.0
2024-04-08,6.6,6.6,6.5,6.5,10440.0
2024-04-09,6.56,6.68,6.5,6.6,25280.0
2024-04-10,6.66,6.66,6.5,6.58,10900.0
2024-04-11,6.56,6.74,6.54,6.6,8660.0
2024-04-12,6.58,6.64,6.52,6.52,14930.0
2024-04-15,6.52,6.56,6.02,6.54,85700.0
2024-04-16,6.48,6.5,6.3,6.46,30100.0
2024-04-17,6.44,6.74,6.36,6.6,21930.0
2024-04-18,6.66,6.76,6.3,6.68,37720.0
2024-04-19,6.7,6.82,6.34,6.5,24410.0
2024-04-22,6.4,6.68,6.4,6.64,7820.0
2024-04-23,6.58,6.66,6.52,6.52,6740.0
2024-04-24,6.52,6.66,6.52,6.66,2390.0
2024-04-25,6.62,6.64,6.48,6.5,12440.0
2024-04-26,6.52,6.52,6.46,6.46,8320.0
2024-04-29,6.46,6.48,6.38,6.46,7620.0
2024-04-30,6.42,6.52,6.36,6.38,22130.0
2024-05-02,6.48,6.52,6.26,6.36,8140.000000000001
2024-05-06,6.46,6.52,6.38,6.48,19890.0
2024-05-07,6.5,6.58,6.42,6.52,10440.0
2024-05-08,6.5,6.6,6.5,6.58,13070.0
2024-05-09,6.6,6.86,6.6,6.8,73430.0
2024-05-10,6.82,6.94,6.74,6.9,66340.0
2024-05-13,6.94,6.94,6.78,6.92,15780.0
2024-05-14,6.94,6.94,6.66,6.7,24000.0
2024-05-15,6.88,6.88,6.6,6.76,9240.0
2024-05-16,6.62,6.8,6.6,6.64,5610.0
2024-05-17,6.7,6.7,6.6,6.7,2510.0
2024-05-20,6.7,6.78,6.5,6.64,33250.0
2024-05-21,6.6,6.64,6.54,6.54,5030.0
2024-05-22,6.54,6.56,6.26,6.5,31510.0
2024-05-23,6.46,6.62,6.4,6.52,28690.0
2024-05-24,6.5,6.58,6.42,6.54,9480.0
2024-05-27,6.54,6.54,6.4,6.44,21270.0
2024-05-28,6.44,6.6,6.4,6.52,12090.0
2024-05-29,6.5,6.5,6.3,6.32,16530.0
2024-05-31,6.32,6.48,6.24,6.46,32520.000000000004
2024-06-03,6.46,6.54,6.44,6.44,6860.0
2024-06-04,6.46,6.5,6.4,6.42,78470.0
2024-06-05,6.46,6.46,6.4,6.46,10050.0
2024-06-06,6.48,6.5,6.4,6.4,18050.0
2024-06-07,6.36,6.48,6.36,6.48,5480.0
2024-06-10,6.48,6.6,6.44,6.6,56220.0
2024-06-11,6.6,6.7,6.58,6.68,56350.0
2024-06-12,6.64,6.64,6.34,6.42,142750.0
2024-06-13,6.42,6.44,6.36,6.4,34450.0
2024-06-14,6.36,6.42,5.94,6.02,95160.0
2024-06-17,6.04,6.04,5.8,5.9,25200.0
2024-06-18,5.9,6.08,5.86,6.0,18570.0
2024-06-19,6.08,6.3,6.02,6.06,11260.0
2024-06-20,6.06,6.34,6.04,6.14,7900.0
2024-06-21,6.14,6.34,6.14,6.24,3740.0
2024-06-24,6.24,6.3,6.22,6.22,5470.0
2024-06-25,6.16,6.22,6.14,6.2,14300.0
2024-06-26,6.22,6.22,6.0,6.08,1250.0
2024-06-27,6.06,6.1,6.02,6.1,3480.0
2024-06-28,6.06,6.1,6.0,6.04,5040.0
2024-07-01,6.04,6.4,5.9,6.3,12020.0
2024-07-02,6.14,6.28,6.0,6.1,6640.0
2024-07-03,6.12,6.3,6.1,6.28,6470.0
2024-07-04,6.3,6.5,6.3,6.5,41340.0
2024-07-05,6.4,6.56,6.36,6.5,11340.0
2024-07-08,6.5,6.64,6.5,6.6,11100.0
2024-07-09,6.6,6.66,6.54,6.54,17270.0
2024-07-10,6.54,6.54,6.5,6.54,3110.0
2024-07-11,6.58,6.66,6.52,6.52,3330.0
2024-07-12,6.54,6.6,6.52,6.52,4530.0
2024-07-15,6.52,6.52,6.4,6.4,4730.0
2024-07-16,6.4,6.4,6.06,6.24,7730.0
2024-07-17,6.26,6.44,6.26,6.28,2850.0
2024-07-18,6.28,6.58,6.24,6.58,7520.0
2024-07-19,6.58,6.58,6.28,6.54,7810.0
2024-07-22,6.56,6.68,6.38,6.44,16870.0
2024-07-23,6.42,6.5,6.42,6.44,2300.0
2024-07-24,6.44,6.5,6.3,6.3,4520.0
2024-07-25,6.2,6.48,6.06,6.1,30650.0
2024-07-26,6.26,6.26,6.14,6.18,3020.0
2024-07-29,6.18,6.34,6.18,6.3,6010.0
2024-07-30,6.2,6.4,6.18,6.24,1100.0
2024-07-31,6.38,6.5,6.32,6.42,12560.0
2024-08-01,6.5,6.5,6.36,6.5,17170.0
2024-08-02,6.44,6.44,6.24,6.32,8140.000000000001
2024-08-05,6.16,6.2,5.76,5.98,76830.0
2024-08-06,5.98,6.2,5.98,6.2,22420.0
2024-08-07,6.06,6.2,5.98,6.16,10040.0
2024-08-08,6.1,6.16,6.0,6.12,9500.0
2024-08-09,6.12,6.52,6.12,6.5,27980.0
2024-08-12,6.5,6.76,6.48,6.68,54320.0
2024-08-13,6.7,6.76,6.56,6.74,43220.0
2024-08-14,6.76,6.76,6.6,6.7,4640.0
2024-08-16,6.8,6.84,6.72,6.8,52820.0
2024-08-19,6.84,6.88,6.66,6.84,11840.0
2024-08-20,6.86,6.9,6.72,6.72,18960.0
2024-08-21,6.9,6.9,6.7,6.74,6410.0
2024-08-22,6.74,6.74,6.6,6.6,6870.0
2024-08-23,6.62,6.8,6.62,6.8,990.0
2024-08-26,6.8,6.86,6.74,6.74,18630.0
2024-08-27,6.88,6.94,6.78,6.86,16650.0
2024-08-28,6.8,7.36,6.8,7.32,64330.0
2024-08-29,7.3,7.38,7.22,7.36,31380.0
2024-08-30,7.32,7.9,7.32,7.78,92090.0
2024-09-02,7.8,8.02,7.52,7.8,56860.0
2024-09-03,7.8,7.8,7.6,7.6,42990.0
2024-09-04,7.58,7.66,7.3,7.44,7480.0
2024-09-05,7.44,7.58,7.34,7.46,19140.0
2024-09-06,7.48,7.66,7.48,7.6,22320.0
2024-09-09,7.64,7.88,7.64,7.66,18360.0
2024-09-10,7.66,7.88,7.5,7.64,9410.0
2024-09-11,7.56,7.72,7.34,7.48,15990.0
2024-09-12,7.58,7.8,7.46,7.48,31590.0
2024-09-13,7.6,7.86,7.56,7.8,36900.0
2024-09-16,7.8,7.8,7.56,7.72,7520.0
2024-09-17,7.8,7.84,7.74,7.84,90350.0
2024-09-18,7.94,8.1,7.94,8.08,31770.0
2024-09-19,8.16,8.24,8.08,8.1,12470.0
2024-09-20,8.26,8.28,8.02,8.16,20410.0
2024-09-23,8.16,8.18,8.02,8.16,3550.0
2024-09-24,8.14,8.14,8.04,8.1,5360.0
2024-09-25,8.04,8.12,7.86,8.02,4350.0
2024-09-26,8.0,8.08,8.0,8.04,7340.0
2024-09-27,8.0,8.08,7.9,8.0,6660.0
2024-09-30,7.94,7.94,7.6,7.84,34080.0
2024-10-01,7.98,7.98,7.76,7.82,6640.0
2024-10-02,7.8,7.88,7.8,7.86,3150.0
2024-10-03,7.88,7.88,7.84,7.84,3620.0
2024-10-04,7.84,7.98,7.82,7.92,14380.0
2024-10-07,7.92,8.14,7.92,7.98,18310.0
2024-10-08,7.94,8.02,7.66,8.02,11400.0
2024-10-09,8.0,8.02,7.98,7.98,2060.0
2024-10-10,8.0,8.0,7.98,7.98,570.0
2024-10-11,7.9,7.98,7.88,7.98,6010.0
2024-10-14,7.88,7.9,7.62,7.7,8280.0
2024-10-15,7.7,7.78,7.68,7.78,5550.0
2024-10-16,7.7,7.8,7.62,7.76,2330.0
2024-10-17,7.62,7.9,7.62,7.68,16170.000000000002
2024-10-18,7.62,7.94,7.32,7.9,48650.0
2024-10-21,8.02,8.16,7.84,8.06,91600.0
2024-10-22,8.16,8.18,7.92,8.1,26700.0
2024-10-23,8.04,8.14,8.0,8.1,22120.0
2024-10-24,8.1,8.2,7.94,7.94,18210.0
2024-10-25,7.96,8.0,7.92,7.98,7300.0
2024-10-28,7.98,8.0,7.98,7.98,4850.0
2024-10-29,7.98,8.12,7.96,8.12,17700.0
2024-10-30,8.16,8.18,7.84,7.9,13040.0
2024-10-31,8.0,8.0,7.7,8.0,6020.0
2024-11-04,8.14,8.4,8.0,8.2,20530.0
2024-11-05,8.24,8.4,8.24,8.34,980000.0
2024-11-06,8.36,8.5,8.36,8.4,22780.0
2024-11-07,8.4,8.5,8.4,8.42,7380.0
2024-11-08,8.48,8.48,8.26,8.38,2950.0
2024-11-12,8.36,8.42,8.02,8.1,15270.0
2024-11-13,8.14,8.3,8.1,8.2,6280.0
2024-11-14,8.28,8.3,8.12,8.12,9570.0
2024-11-15,8.12,8.12,8.02,8.12,18230.0
2024-11-18,7.94,8.2,7.9,8.1,6330.0
2024-11-19,8.12,8.22,7.7,7.78,11650.0
2024-11-20,7.72,7.98,7.72,7.88,12130.0
2024-11-21,7.82,7.9,7.8,7.88,6280.0
2024-11-22,7.88,7.9,7.46,7.9,13110.0
2024-11-25,7.82,7.9,7.62,7.84,4510.0
2024-11-26,7.84,7.9,7.66,7.66,7790.0
2024-11-27,7.84,7.9,7.84,7.88,3980.0
2024-11-28,7.88,7.9,7.76,7.84,4690.0
2024-11-29,7.82,7.88,7.76,7.76,4350.0
2024-12-02,7.9,7.92,7.78,7.92,2430.0
2024-12-03,7.98,8.04,7.76,7.8,3860.0
2024-12-04,7.68,7.72,7.4,7.68,19620.0
2024-12-05,7.66,7.9,7.58,7.9,1350000.0
2024-12-06,7.9,8.04,7.8,7.8,10260.0
2024-12-09,7.9,7.9,7.64,7.8,6160.0
2024-12-10,7.8,8.04,7.8,8.02,10430.0
2024-12-11,8.02,8.04,7.88,7.9,4860.0
2024-12-12,8.0,8.0,7.88,7.96,2750.0
2024-12-13,8.0,8.06,7.8,8.04,4670.0
2024-12-16,8.06,8.2,8.06,8.16,9920.0
2024-12-17,8.16,8.16,7.96,8.02,43340.0
2024-12-18,7.96,8.04,7.8,7.92,16420.0
2024-12-19,7.98,7.98,7.64,7.7,28140.0
2024-12-20,7.86,7.86,7.12,7.68,84680.0
2024-12-23,7.7,7.88,7.4,7.6,17830.0
2024-12-27,7.54,7.8,7.48,7.5,10410.0
2024-12-30,7.66,7.72,7.48,7.66,7840.0
2025-01-02,7.52,7.8,7.52,7.72,12920.0
2025-01-03,7.74,7.8,7.6,7.8,10540.0
2025-01-07,7.78,7.8,7.6,7.8,4730.0
2025-01-08,7.7,7.82,7.7,7.76,5800.0
2025-01-09,7.76,7.82,7.62,7.82,10510.0
2025-01-10,7.92,7.92,7.7,7.92,16320.0
2025-01-13,7.92,7.96,7.74,7.88,5120.0
2025-01-14,7.9,7.9,7.68,7.9,4890.0
2025-01-15,7.92,7.92,7.74,7.88,4730.0
2025-01-16,7.76,7.84,7.7,7.82,4140.0
2025-01-17,7.82,7.9,7.72,7.9,12030.0
2025-01-20,7.9,8.04,7.72,8.0,16560.0
2025-01-21,8.02,8.1,8.0,8.02,5760.0
2025-01-22,7.94,8.08,7.92,7.98,5380.0
2025-01-23,8.0,8.06,7.94,8.04,11390.0
2025-01-24,8.06,8.06,7.92,7.92,2590.0
2025-01-27,7.88,8.0,7.62,7.78,14540.0
2025-01-28,7.88,7.88,7.74,7.82,1820.0
2025-01-29,7.8,8.0,7.66,7.84,14350.0
2025-01-30,7.72,7.84,7.72,7.72,2500.0
2025-01-31,7.7,7.8,7.68,7.8,2420.0
2025-02-03,7.7,7.84,7.5,7.84,6740.0
2025-02-04,7.82,8.0,7.8,7.9,20850.0
2025-02-05,7.96,7.98,7.72,7.76,5230.0
2025-02-06,7.9,8.0,7.8,8.0,11330.0
2025-02-07,7.88,8.04,7.88,8.0,14240.0
2025-02-10,8.0,8.08,7.94,8.0,9310.0
2025-02-11,8.08,8.46,8.04,8.4,50430.0
2025-02-12,8.6,8.78,8.32,8.34,29630.0
2025-02-13,8.58,8.66,8.4,8.4,8290.0
2025-02-14,8.46,8.7,8.16,8.54,33720.0
2025-02-17,8.54,8.8,8.22,8.8,23360.0
2025-02-18,8.8,8.8,8.5,8.72,14510.0
2025-02-19,8.78,8.78,8.62,8.7,3600.0
2025-02-20,8.76,9.08,8.76,9.06,62590.0
2025-02-21,9.08,9.2,9.08,9.14,13860.0
2025-02-24,9.02,9.2,8.92,9.2,4350.0
2025-02-25,9.18,9.2,9.04,9.16,3920.0
2025-02-26,9.16,9.2,8.62,8.98,5590.0
2025-02-27,8.96,9.14,8.84,8.9,4270.0
2025-02-28,8.9,9.08,8.62,8.98,9230.0
2025-03-03,9.0,9.08,8.92,9.0,2350.0
2025-03-04,9.06,9.1,8.94,9.0,8590.0
2025-03-05,9.0,9.2,9.0,9.1,11780.0
2025-03-06,9.1,9.3,8.6,9.18,27330.0
2025-03-07,9.18,9.24,9.0,9.14,15120.0
2025-03-10,9.14,9.24,9.04,9.04,3700.0
2025-03-11,9.12,9.16,8.88,9.16,18610.0
2025-03-12,9.16,9.26,9.12,9.18,10370.0
2025-03-13,9.18,9.26,8.8,9.06,32990.0
2025-03-14,9.08,9.34,9.06,9.34,16740.0
2025-03-17,9.38,9.38,9.22,9.38,3130.0
2025-03-18,9.38,9.5,9.2,9.5,78820.0
2025-03-19,9.5,9.64,9.36,9.54,11710.0
2025-03-20,9.64,9.64,9.4,9.5,16770.0
2025-03-21,9.64,9.74,9.42,9.42,61080.0
2025-03-24,9.66,9.78,9.66,9.72,29010.0
2025-03-25,9.8,9.98,9.8,9.98,55570.0
2025-03-26,9.98,9.98,9.56,9.76,28330.0
2025-03-27,9.78,9.78,9.54,9.54,11150.0
2025-03-28,9.76,9.76,9.46,9.56,15020.0
2025-03-31,9.58,9.7,9.46,9.52,14660.0
2025-04-01,9.52,9.8,9.52,9.76,15900.0
2025-04-02,9.8,9.88,9.76,9.82,23540.0
2025-04-03,9.82,9.9,9.26,9.38,41570.0
2025-04-04,9.4,9.8,9.22,9.36,43820.0
2025-04-07,9.1,9.9,8.32,9.74,49360.0
2025-04-08,9.74,9.88,9.5,9.72,16920.0
2025-04-09,9.66,9.8,9.54,9.68,8020.0
2025-04-10,9.7,10.0,9.7,9.8,25370.0
2025-04-11,9.9,10.4,9.82,10.1,48230.0
2025-04-14,10.4,10.4,10.05,10.4,9680.0
2025-04-15,10.4,10.4,10.15,10.4,11150.0
2025-04-16,10.4,10.5,10.2,10.4,20410.0
2025-04-17,10.45,10.5,10.4,10.4,16160.0
2025-04-22,10.4,10.45,10.2,10.3,9370.0
2025-04-23,10.3,10.4,9.78,10.2,10600.0
2025-04-24,10.35,10.4,10.15,10.25,6160.0
2025-04-25,10.4,10.5,10.2,10.45,16930.0
2025-04-28,10.45,10.5,10.2,10.25,15330.0
2025-04-29,10.25,10.4,9.92,10.4,15380.0
2025-04-30,10.45,10.6,10.4,10.45,55260.0
2025-05-02,10.5,11.0,10.5,10.85,33210.0
2025-05-05,10.95,11.0,10.75,11.0,17200.0
2025-05-06,10.95,11.4,10.7,11.1,40560.0
2025-05-07,11.15,11.65,11.15,11.65,37900.0
2025-05-08,11.65,11.7,11.1,11.6,46680.0
2025-05-09,11.5,11.65,11.3,11.4,9630.0
2025-05-12,11.7,12.2,11.45,11.8,76510.0
2025-05-13,11.8,11.9,11.7,11.9,7750.0
2025-05-14,11.95,11.95,11.65,11.7,7860.0
2025-05-15,11.7,11.75,11.15,11.5,28780.0
2025-05-16,11.45,11.5,11.2,11.45,10820.0
2025-05-19,11.45,11.45,10.8,11.15,30320.0
2025-05-20,11.4,11.4,11.0,11.4,8410.0
2025-05-21,11.3,11.35,11.15,11.35,3820.0
2025-05-22,11.4,11.4,11.1,11.2,13230.0
2025-05-23,11.25,11.25,10.9,11.0,15980.0
2025-05-26,11.0,11.25,10.8,11.05,25590.0
2025-05-27,11.05,11.25,10.95,11.2,4660.0
2025-05-28,11.2,11.2,11.0,11.15,4570.0
2025-05-29,11.0,11.4,11.0,11.25,3030.0
2025-05-30,11.25,11.7,11.05,11.5,16460.0
2025-06-02,11.5,11.65,11.15,11.65,9280.0
2025-06-03,11.7,11.7,11.2,11.55,4790.0
2025-06-04,11.1,11.7,11.1,11.7,8250.0
2025-06-05,11.7,11.7,11.0,11.4,37900.0
2025-06-06,11.25,11.4,11.1,11.35,4950.0
2025-06-09,11.25,11.35,11.0,11.0,14150.0
2025-06-10,11.1,11.35,10.95,11.15,11920.0
2025-06-11,11.1,11.15,10.6,11.15,19010.0
2025-06-12,11.15,11.15,10.7,10.9,9250.0
2025-06-13,10.9,11.0,10.1,10.2,50760.0
2025-06-16,10.4,10.5,10.05,10.15,12960.0
2025-06-17,10.1,10.4,10.1,10.2,25690.0
2025-06-18,10.1,10.4,10.05,10.4,243620.0
2025-06-20,10.5,10.65,10.2,10.4,17030.0
2025-06-23,10.6,10.6,10.4,10.6,11080.0
2025-06-24,10.7,10.75,10.6,10.75,6530.0
2025-06-25,10.5,10.75,10.45,10.65,7890.0
2025-06-26,10.35,10.7,10.35,10.65,9300.0
2025-06-27,10.7,10.75,10.5,10.75,6880.0
2025-06-30,10.75,10.75,10.4,10.5,11930.0
2025-07-01,10.5,10.6,10.2,10.5,4170.0
2025-07-02,10.45,10.45,10.05,10.45,8300.0
2025-07-03,10.4,10.8,10.3,10.5,14010.0
2025-07-04,10.5,10.9,10.45,10.9,18300.0
2025-07-07,10.85,10.9,10.55,10.75,4820.0
2025-07-08,10.6,10.8,10.6,10.7,5180.0
2025-07-09,10.7,11.1,10.65,10.9,15690.0
2025-07-10,11.1,11.15,10.9,11.05,9470.0
2025-07-11,11.15,11.15,10.7,10.85,7240.0
2025-07-14,10.85,11.05,10.85,11.05,1450.0
2025-07-15,11.05,11.35,11.0,11.35,3870.0
2025-07-16,11.4,11.45,11.15,11.45,7440.0
2025-07-17,11.45,11.7,11.0,11.65,15990.0
2025-07-18,11.65,11.7,11.25,11.55,7370.0
2025-07-21,11.45,11.55,11.35,11.5,3100.0
2025-07-22,11.35,11.45,11.15,11.15,3760.0
2025-07-23,11.35,11.65,11.15,11.55,11250.0
2025-07-24,11.35,11.65,11.2,11.6,4900.0
2025-07-25,11.5,11.65,11.45,11.6,5550.0
2025-07-28,11.6,11.6,11.4,11.55,296080.0
2025-07-29,11.55,11.55,11.25,11.25,319830.0
2025-07-30,11.5,11.5,11.3,11.3,509130.0
2025-07-31,11.45,11.45,10.5,11.1,33140.0
2025-08-01,10.75,11.1,10.7,10.7,13210.0
2025-08-04,10.9,11.15,10.7,11.15,8760.0
2025-08-05,10.95,11.5,10.95,11.35,32750.0
2025-08-06,11.4,11.5,11.35,11.5,10170.0
2025-08-07,11.5,11.5,11.35,11.35,2930.0
2025-08-08,11.5,11.5,11.0,11.4,10860.0
2025-08-11,11.4,11.6,11.4,11.6,213310.0
2025-08-12,11.65,12.25,11.25,12.0,45680.0
2025-08-13,12.05,12.05,11.75,12.05,78450.0
2025-08-14,12.05,12.2,11.7,11.8,397120.0
2025-08-18,11.9,12.0,11.8,11.8,31440.0
2025-08-19,11.85,12.35,11.75,12.3,13680.0
2025-08-20,12.35,12.35,11.9,11.9,24830.0
2025-08-21,11.85,12.1,11.85,12.05,7960.0
2025-08-22,12.0,12.1,11.95,12.05,3510.0
2025-08-25,12.0,12.15,11.9,12.15,5480.0
2025-08-26,12.1,12.1,11.9,12.0,5730.0
2025-08-27,11.9,12.0,11.85,11.9,15130.0
2025-08-28,11.85,11.95,11.85,11.9,2730.0
2025-08-29,11.9,11.9,11.2,11.45,41880.0
2025-09-01,11.45,11.6,11.0,11.1,30470.0
2025-09-02,11.4,11.5,10.85,11.4,28660.0
2025-09-03,11.4,11.45,11.15,11.3,7890.0
2025-09-04,11.3,11.45,11.0,11.45,8290.0
2025-09-05,11.4,11.55,11.2,11.5,8750.0
2025-09-08,11.5,11.75,11.45,11.7,6400.0
2025-09-09,11.7,11.7,11.5,11.7,16970.0
2025-09-10,11.7,11.7,10.9,11.45,5890.0
2025-09-11,11.5,11.55,11.1,11.4,4350.0
2025-09-12,11.6,11.7,11.55,11.65,10370.0
2025-09-15,11.65,11.7,11.5,11.7,13760.0
2025-09-16,11.55,11.6,11.3,11.6,12460.0
2025-09-17,11.6,11.6,11.2,11.2,158420.0
2025-09-18,11.45,11.6,11.35,11.45,14240.0
2025-09-19,11.45,11.7,11.35,11.7,13080.0
2025-09-22,11.7,11.7,11.35,11.4,8930.0
2025-09-23,11.3,11.35,11.0,11.2,43800.0
2025-09-24,11.2,11.2,10.9,11.15,9230.0
2025-09-25,11.15,11.15,11.0,11.1,8290.0
2025-09-26,11.1,11.1,10.6,10.95,28630.0
2025-09-29,10.95,11.1,10.8,10.95,18800.0
2025-09-30,10.9,11.0,10.6,10.85,5430.0
