Date,Open,High,Low,Close,Volume
2014-09-01,1.33,1.35,1.33,1.34,54750.0
2014-09-02,1.35,1.35,1.31,1.33,73500.0
2014-09-03,1.32,1.33,1.27,1.31,90940.0
2014-09-04,1.33,1.33,1.27,1.27,72010.0
2014-09-05,1.27,1.3,1.25,1.27,93690.0
2014-09-08,1.27,1.27,1.15,1.18,204390.0
2014-09-09,1.2,1.2,1.16,1.18,93880.0
2014-09-10,1.19,1.2,1.17,1.18,77800.0
2014-09-11,1.18,1.19,1.15,1.17,74010.0
2014-09-12,1.15,1.19,1.15,1.19,72630.0
2014-09-15,1.18,1.19,1.15,1.18,61720.0
2014-09-16,1.17,1.25,1.17,1.24,123400.0
2014-09-17,1.22,1.25,1.2,1.22,81720.0
2014-09-18,1.23,1.27,1.19,1.27,139310.0
2014-09-19,1.25,1.34,1.24,1.34,167080.0
2014-09-22,1.34,1.38,1.34,1.36,93610.0
2014-09-23,1.33,1.36,1.3,1.32,78350.0
2014-09-24,1.3,1.33,1.18,1.27,132380.0
2014-09-25,1.26,1.31,1.25,1.3,43710.0
2014-09-26,1.28,1.29,1.25,1.27,50530.0
2014-09-29,1.3,1.34,1.26,1.31,133530.0
2014-09-30,1.3,1.32,1.25,1.28,65200.0
2014-10-01,1.28,1.29,1.26,1.28,41330.0
2014-10-02,1.25,1.28,1.24,1.26,56070.0
2014-10-03,1.25,1.27,1.23,1.26,78860.0
2014-10-06,1.24,1.27,1.2,1.2,82610.0
2014-10-07,1.2,1.24,1.19,1.2,76360.0
2014-10-08,1.2,1.2,1.18,1.18,50210.0
2014-10-09,1.18,1.22,1.17,1.2,63460.0
2014-10-10,1.22,1.22,1.19,1.21,63010.0
2014-10-13,1.18,1.19,1.17,1.19,39770.0
2014-10-14,1.19,1.19,1.17,1.19,51390.0
2014-10-15,1.18,1.21,1.18,1.19,67610.0
2014-10-16,1.28,1.28,1.2,1.24,77290.0
2014-10-17,1.22,1.23,1.2,1.23,62910.0
2014-10-20,1.23,1.23,1.22,1.22,52820.0
2014-10-21,1.21,1.23,1.19,1.23,53940.0
2014-10-22,1.22,1.22,1.18,1.19,51320.0
2014-10-23,1.18,1.2,1.16,1.2,69570.0
2014-10-24,1.2,1.2,1.17,1.2,43200.0
2014-10-27,1.2,1.21,1.19,1.21,93220.0
2014-10-28,1.21,1.22,1.2,1.2,54710.0
2014-10-29,1.2,1.21,1.17,1.18,71060.0
2014-10-30,1.19,1.19,1.15,1.18,158440.0
2014-10-31,1.19,1.25,1.18,1.24,123850.0
2014-11-03,1.23,1.25,1.2,1.22,61950.0
2014-11-04,1.22,1.27,1.22,1.26,78170.0
2014-11-05,1.26,1.27,1.24,1.26,47170.0
2014-11-06,1.26,1.26,1.24,1.24,51450.0
2014-11-07,1.24,1.24,1.19,1.19,72820.0
2014-11-10,1.19,1.23,1.18,1.2,63340.0
2014-11-12,1.19,1.19,1.18,1.19,48190.0
2014-11-13,1.18,1.2,1.18,1.2,43290.0
2014-11-14,1.2,1.23,1.18,1.18,130750.0
2014-11-17,1.18,1.21,1.15,1.18,48560.0
2014-11-18,1.18,1.2,1.17,1.19,43970.0
2014-11-19,1.21,1.21,1.17,1.19,54450.0
2014-11-20,1.18,1.2,1.17,1.2,42640.0
2014-11-21,1.19,1.19,1.17,1.18,48450.0
2014-11-24,1.18,1.18,1.17,1.17,65269.99999999999
2014-11-25,1.17,1.18,1.17,1.17,233170.0
2014-11-26,1.17,1.25,1.15,1.21,152790.0
2014-11-27,1.21,1.21,1.18,1.18,42060.0
2014-11-28,1.19,1.19,1.17,1.18,15250.0
2014-12-01,1.17,1.21,1.16,1.19,117300.0
2014-12-02,1.19,1.28,1.19,1.2,489690.0
2014-12-03,1.19,1.2,1.18,1.19,86590.0
2014-12-04,1.19,1.19,1.18,1.18,22520.0
2014-12-05,1.18,1.2,1.18,1.19,63610.0
2014-12-08,1.18,1.19,1.16,1.16,85940.0
2014-12-09,1.17,1.17,1.13,1.16,78290.0
2014-12-10,1.16,1.16,1.15,1.15,24900.0
2014-12-11,1.14,1.16,1.12,1.16,53620.0
2014-12-12,1.16,1.16,1.13,1.14,55820.0
2014-12-15,1.13,1.14,1.09,1.11,89740.0
2014-12-16,1.08,1.1,0.98,1.08,98320.0
2014-12-17,1.07,1.09,1.02,1.07,71410.0
2014-12-18,1.07,1.1,1.05,1.07,39190.0
2014-12-19,1.05,1.07,1.02,1.03,34170.0
2014-12-22,1.02,1.03,0.92,0.92,297530.0
2014-12-23,0.92,0.92,0.84,0.84,190110.0
2014-12-29,0.84,0.87,0.84,0.86,25640.0
2014-12-30,0.85,0.85,0.83,0.84,19560.0
2015-01-02,0.82,0.88,0.82,0.87,23550.0
2015-01-05,0.89,0.89,0.86,0.89,29780.0
2015-01-07,0.86,0.86,0.84,0.86,32860.0
2015-01-08,0.86,0.95,0.86,0.95,90740.0
2015-01-09,0.95,0.96,0.9,0.93,348840.0
2015-01-12,0.9,0.9,0.86,0.89,272060.0
2015-01-13,0.88,0.91,0.84,0.89,243460.0
2015-01-14,0.89,0.91,0.87,0.91,214820.0
2015-01-15,0.9,0.94,0.88,0.93,77030.0
2015-01-16,0.93,0.93,0.9,0.93,10620.0
2015-01-19,0.93,0.95,0.92,0.94,67210.0
2015-01-20,0.94,0.95,0.88,0.91,44610.0
2015-01-21,0.89,0.93,0.88,0.92,219420.0
2015-01-22,0.92,0.95,0.91,0.95,179030.0
2015-01-23,0.95,1.04,0.94,1.04,108650.0
2015-01-26,1.04,1.09,1.03,1.08,103970.0
2015-01-27,1.07,1.08,1.0,1.02,83170.0
2015-01-28,0.99,1.0,0.95,0.96,63950.0
2015-01-29,0.98,0.99,0.95,0.98,86640.0
2015-01-30,0.99,1.03,0.99,1.01,92490.0
2015-02-02,1.01,1.01,0.99,1.01,28540.0
2015-02-03,0.97,1.01,0.97,1.01,27810.0
2015-02-04,1.0,1.02,1.0,1.02,49490.0
2015-02-05,1.02,1.02,1.0,1.02,21830.0
2015-02-06,1.02,1.02,1.0,1.0,22360.0
2015-02-09,1.01,1.01,0.99,1.0,7160.0
2015-02-10,0.99,1.02,0.99,1.02,23950.0
2015-02-11,1.01,1.01,0.98,1.0,31020.0
2015-02-12,0.99,0.99,0.99,0.99,6900.0
2015-02-13,0.98,0.98,0.94,0.97,70570.0
2015-02-16,0.98,0.99,0.94,0.94,70540.0
2015-02-17,0.96,0.99,0.95,0.98,54330.0
2015-02-18,0.98,0.98,0.95,0.97,49390.0
2015-02-19,0.95,0.96,0.94,0.95,27440.0
2015-02-20,0.95,0.95,0.9,0.91,160070.0
2015-02-23,0.92,0.93,0.92,0.93,9940.0
2015-02-24,0.92,0.92,0.89,0.89,57980.0
2015-02-25,0.89,0.93,0.88,0.92,76820.0
2015-02-26,0.92,0.92,0.88,0.89,75050.0
2015-02-27,0.89,0.89,0.87,0.89,12540.0
2015-03-02,0.88,0.9,0.84,0.84,57600.0
2015-03-03,0.83,0.85,0.8,0.8,111890.0
2015-03-04,0.8,0.83,0.77,0.78,92140.0
2015-03-05,0.8,0.87,0.77,0.8,999170.0
2015-03-06,0.8,0.81,0.79,0.79,58990.0
2015-03-09,0.79,0.79,0.77,0.79,70000.0
2015-03-10,0.79,0.82,0.77,0.77,1520000.0
2015-03-11,0.75,0.78,0.69,0.72,1950000.0
2015-03-12,0.72,0.75,0.72,0.73,22970.0
2015-03-13,0.75,0.9,0.73,0.9,439290.0
2015-03-16,0.89,0.93,0.87,0.89,186340.0
2015-03-17,0.87,0.95,0.87,0.95,100920.0
2015-03-18,0.94,0.96,0.89,0.92,398410.0
2015-03-19,0.92,0.93,0.88,0.9,51830.0
2015-03-20,0.9,0.92,0.9,0.92,26030.0
2015-03-23,0.91,0.91,0.86,0.87,35780.0
2015-03-24,0.81,0.89,0.8,0.88,84940.0
2015-03-25,0.86,0.86,0.84,0.84,18230.0
2015-03-26,0.83,0.83,0.83,0.83,10880.0
2015-03-27,0.81,0.84,0.8,0.84,16340.0
2015-03-30,0.83,0.85,0.81,0.83,10080.0
2015-03-31,0.85,0.88,0.84,0.86,81890.0
2015-04-01,0.85,0.86,0.83,0.85,4880.0
2015-04-02,0.84,0.86,0.83,0.86,14470.0
2015-04-07,0.86,0.89,0.84,0.84,70560.0
2015-04-08,0.84,0.84,0.76,0.76,309740.0
2015-04-09,0.77,0.79,0.77,0.79,42590.0
2015-04-10,0.79,0.79,0.73,0.75,203130.0
2015-04-13,0.77,0.77,0.74,0.76,20950.0
2015-04-14,0.74,0.77,0.74,0.77,20270.0
2015-04-15,0.77,0.78,0.75,0.78,25040.0
2015-04-16,0.77,0.79,0.77,0.78,57750.0
2015-04-17,0.78,0.79,0.77,0.77,25280.0
2015-04-20,0.77,0.77,0.74,0.74,32650.0
2015-04-21,0.74,0.76,0.71,0.71,96850.0
2015-04-22,0.71,0.72,0.65,0.68,298640.0
2015-04-23,0.68,0.71,0.68,0.7,151640.0
2015-04-24,0.7,0.71,0.69,0.7,37330.0
2015-04-27,0.69,0.7,0.69,0.7,8620.0
2015-04-28,0.69,0.7,0.69,0.7,5630.0
2015-04-29,0.69,0.69,0.68,0.68,14150.0
2015-04-30,0.69,0.69,0.68,0.68,14910.0
2015-05-04,0.69,0.69,0.68,0.68,12650.0
2015-05-05,0.69,0.69,0.68,0.69,16590.0
2015-05-06,0.68,0.69,0.68,0.69,9580.0
2015-05-07,0.68,0.69,0.68,0.69,3360.0
2015-05-08,0.69,0.71,0.69,0.69,33450.0
2015-05-11,0.69,0.71,0.69,0.71,3170.0
2015-05-12,0.71,0.74,0.71,0.74,31790.0
2015-05-13,0.73,0.73,0.72,0.72,21460.0
2015-05-14,0.74,0.74,0.7,0.71,68850.0
2015-05-15,0.71,0.72,0.69,0.71,46630.0
2015-05-18,0.73,0.78,0.73,0.74,287850.0
2015-05-19,0.76,0.77,0.7,0.73,189670.0
2015-05-20,0.73,0.73,0.71,0.73,10470.0
2015-05-21,0.71,0.71,0.67,0.71,133810.0
2015-05-22,0.72,0.72,0.69,0.7,7720.0
2015-05-25,0.7,0.71,0.68,0.69,34670.0
2015-05-26,0.68,0.7,0.68,0.7,5100.0
2015-05-27,0.7,0.7,0.68,0.7,6810.0
2015-05-28,0.69,0.7,0.66,0.67,98590.0
2015-05-29,0.67,0.68,0.65,0.67,43790.0
2015-06-01,0.67,0.67,0.61,0.62,157710.0
2015-06-02,0.6,0.62,0.55,0.59,371510.0
2015-06-03,0.6,0.64,0.6,0.62,116640.0
2015-06-05,0.63,0.75,0.62,0.75,312770.0
2015-06-08,0.75,0.86,0.75,0.81,1140000.0
2015-06-09,0.78,0.83,0.72,0.77,1460000.0
2015-06-10,0.76,0.76,0.71,0.76,79910.0
2015-06-11,0.76,0.86,0.73,0.85,252820.0
2015-06-12,0.85,0.9,0.8,0.86,304630.0
2015-06-15,0.87,0.88,0.82,0.85,47610.0
2015-06-16,0.85,0.85,0.77,0.78,109060.0
2015-06-17,0.78,0.78,0.74,0.77,40840.0
2015-06-18,0.77,0.77,0.72,0.73,25390.0
2015-06-19,0.76,0.77,0.74,0.74,36030.0
2015-06-22,0.73,0.79,0.72,0.79,41560.0
2015-06-23,0.79,0.79,0.77,0.78,15900.0
2015-06-24,0.76,0.76,0.74,0.76,24170.0
2015-06-25,0.75,0.76,0.72,0.76,5770.0
2015-06-26,0.74,0.74,0.69,0.72,52980.0
2015-06-29,0.7,0.72,0.63,0.72,50970.0
2015-06-30,0.72,0.72,0.71,0.72,3900.0
2015-07-01,0.72,0.73,0.68,0.68,36800.0
2015-07-02,0.68,0.71,0.68,0.71,6910.0
2015-07-03,0.71,0.71,0.71,0.71,120.0
2015-07-07,0.68,0.7,0.65,0.67,52770.0
2015-07-08,0.69,0.69,0.64,0.67,26880.0
2015-07-09,0.67,0.67,0.64,0.64,36440.0
2015-07-10,0.61,0.73,0.58,0.72,225750.0
2015-07-13,0.73,0.73,0.69,0.71,40390.0
2015-07-14,0.7,0.72,0.69,0.72,5020.0
2015-07-15,0.71,0.71,0.69,0.71,22490.0
2015-07-16,0.72,0.74,0.72,0.72,11260.0
2015-07-17,0.72,0.73,0.71,0.73,6640.0
2015-07-20,0.73,0.73,0.69,0.7,51170.0
2015-07-21,0.69,0.71,0.69,0.71,2380.0
2015-07-22,0.73,0.73,0.68,0.7,8230.0
2015-07-23,0.71,0.71,0.64,0.67,41610.0
2015-07-24,0.7,0.7,0.63,0.7,15230.0
2015-07-27,0.64,0.69,0.62,0.69,125010.0
2015-07-28,0.72,0.72,0.7,0.71,59380.0
2015-07-29,0.71,0.71,0.65,0.67,63800.0
2015-07-30,0.67,0.68,0.65,0.68,3160.0
2015-07-31,0.69,0.69,0.67,0.69,780.0
2015-08-03,0.69,0.7,0.65,0.7,67780.0
2015-08-04,0.68,0.71,0.68,0.68,13840.0
2015-08-05,0.68,0.69,0.67,0.68,33490.0
2015-08-06,0.68,0.68,0.65,0.68,33050.0
2015-08-07,0.67,0.68,0.65,0.68,7190.0
2015-08-10,0.66,0.68,0.66,0.68,8029.999999999999
2015-08-11,0.66,0.67,0.66,0.66,16079.999999999998
2015-08-12,0.66,0.67,0.66,0.67,11710.0
2015-08-13,0.67,0.67,0.67,0.67,3600.0
2015-08-14,0.65,0.66,0.65,0.66,20030.0
2015-08-17,0.65,0.65,0.63,0.65,32460.0
2015-08-18,0.67,0.67,0.65,0.67,5790.0
2015-08-19,0.65,0.66,0.63,0.63,53910.0
2015-08-20,0.62,0.65,0.61,0.64,11970.0
2015-08-21,0.63,0.64,0.63,0.64,9430.0
2015-08-24,0.63,0.63,0.6,0.61,48730.0
2015-08-25,0.61,0.64,0.6,0.6,120930.0
2015-08-27,0.59,0.6,0.58,0.6,68370.0
2015-08-28,0.6,0.6,0.59,0.59,17110.0
2015-08-31,0.6,0.6,0.6,0.6,11920.0
2015-09-01,0.59,0.6,0.56,0.6,40010.0
2015-09-02,0.6,0.6,0.57,0.58,25620.0
2015-09-03,0.59,0.59,0.57,0.57,8080.0
2015-09-04,0.58,0.6,0.57,0.6,30900.0
2015-09-07,0.59,0.6,0.59,0.6,1550.0
2015-09-08,0.59,0.6,0.59,0.6,6890.0
2015-09-09,0.6,0.6,0.59,0.6,7350.0
2015-09-10,0.6,0.6,0.59,0.59,79030.0
2015-09-11,0.59,0.6,0.59,0.6,47790.0
2015-09-14,0.6,0.6,0.59,0.6,38250.0
2015-09-15,0.6,0.61,0.59,0.59,75800.0
2015-09-16,0.59,0.69,0.59,0.67,509750.0
2015-09-17,0.66,0.68,0.62,0.63,103790.0
2015-09-18,0.65,0.69,0.65,0.67,134120.0
2015-09-21,0.68,0.69,0.66,0.68,79610.0
2015-09-22,0.7,0.7,0.63,0.64,61410.0
2015-09-23,0.64,0.64,0.6,0.62,35180.0
2015-09-24,0.61,0.61,0.59,0.6,18320.0
2015-09-25,0.62,0.62,0.57,0.61,8870.0
2015-09-28,0.58,0.6,0.58,0.6,3600.0
2015-09-29,0.58,0.59,0.57,0.59,10170.0
2015-09-30,0.58,0.6,0.58,0.58,11170.0
2015-10-01,0.58,0.61,0.58,0.61,28540.0
2015-10-02,0.6,0.6,0.59,0.6,7090.0
2015-10-05,0.59,0.6,0.57,0.6,46620.0
2015-10-06,0.58,0.58,0.57,0.58,12740.0
2015-10-07,0.58,0.59,0.57,0.59,5600.0
2015-10-08,0.59,0.6,0.58,0.59,7440.0
2015-10-09,0.58,0.6,0.58,0.6,17940.0
2015-10-12,0.61,0.61,0.6,0.6,13940.0
2015-10-13,0.6,0.6,0.59,0.6,8710.0
2015-10-14,0.6,0.63,0.59,0.61,122140.0
2015-10-15,0.63,0.68,0.63,0.66,152110.0
2015-10-16,0.65,0.69,0.65,0.65,53270.0
2015-10-19,0.65,0.66,0.65,0.66,7430.0
2015-10-20,0.67,0.71,0.67,0.7,79060.0
2015-10-21,0.7,0.71,0.7,0.71,16500.0
2015-10-22,0.7,0.7,0.7,0.7,3500.0
2015-10-23,0.69,0.69,0.68,0.68,16470.0
2015-10-26,0.7,0.7,0.67,0.69,15170.0
2015-10-27,0.67,0.72,0.67,0.71,54670.0
2015-10-28,0.69,0.71,0.69,0.71,1470.0
2015-10-29,0.69,0.71,0.68,0.7,13480.0
2015-10-30,0.69,0.71,0.69,0.71,26450.0
2015-11-02,0.7,0.7,0.69,0.69,17140.0
2015-11-03,0.67,0.67,0.65,0.65,29510.0
2015-11-04,0.65,0.67,0.65,0.67,320.0
2015-11-05,0.67,0.67,0.64,0.64,13430.0
2015-11-06,0.64,0.67,0.64,0.67,5300.0
2015-11-09,0.62,0.63,0.62,0.63,33430.0
2015-11-10,0.65,0.66,0.65,0.66,11870.0
2015-11-12,0.66,0.66,0.62,0.63,13470.0
2015-11-13,0.63,0.65,0.63,0.65,7620.0
2015-11-16,0.65,0.65,0.62,0.65,3480.0
2015-11-17,0.64,0.65,0.63,0.65,9180.0
2015-11-18,0.62,0.62,0.59,0.62,95560.0
2015-11-19,0.6,0.61,0.6,0.61,8000.0
2015-11-20,0.61,0.62,0.61,0.62,9200.0
2015-11-23,0.6,0.61,0.6,0.61,13400.0
2015-11-25,0.6,0.6,0.6,0.6,300.0
2015-11-26,0.59,0.6,0.59,0.59,26110.0
2015-11-27,0.6,0.6,0.59,0.6,4000.0
2015-11-30,0.6,0.62,0.59,0.6,53090.0
2015-12-01,0.6,0.6,0.6,0.6,2140.0
2015-12-02,0.63,0.63,0.6,0.6,10000.0
2015-12-03,0.6,0.6,0.58,0.59,25200.0
2015-12-04,0.57,0.59,0.54,0.59,56100.0
2015-12-07,0.56,0.59,0.56,0.59,3530.0
2015-12-08,0.57,0.59,0.55,0.55,10930.0
2015-12-09,0.57,0.57,0.57,0.57,0.0
2015-12-10,0.54,0.56,0.53,0.56,12530.0
2015-12-11,0.55,0.55,0.52,0.55,24820.0
2015-12-14,0.56,0.56,0.53,0.54,8700.0
2015-12-15,0.54,0.54,0.52,0.52,12040.0
2015-12-16,0.52,0.53,0.52,0.52,8950.0
2015-12-17,0.52,0.54,0.52,0.54,65740.0
2015-12-18,0.53,0.54,0.51,0.53,31030.0
2015-12-21,0.51,0.51,0.5,0.5,39420.0
2015-12-22,0.52,0.52,0.45,0.46,135410.0
2015-12-23,0.46,0.48,0.45,0.46,18370.0
2015-12-28,0.46,0.47,0.43,0.44,64690.0
2015-12-29,0.45,0.47,0.45,0.47,22670.0
2015-12-30,0.47,0.49,0.47,0.48,64550.0
2016-01-04,0.48,0.5,0.48,0.49,32110.0
2016-01-05,0.48,0.51,0.48,0.5,18870.0
2016-01-07,0.52,0.52,0.48,0.5,25910.0
2016-01-08,0.48,0.51,0.48,0.51,1760.0
2016-01-11,0.5,0.5,0.48,0.5,4790.0
2016-01-12,0.5,0.51,0.49,0.51,8230.0
2016-01-13,0.48,0.49,0.47,0.49,27070.0
2016-01-15,0.49,0.49,0.49,0.49,2000.0
2016-01-18,0.47,0.48,0.46,0.48,9210.0
2016-01-19,0.48,0.48,0.48,0.48,6800.0
2016-01-20,0.46,0.46,0.42,0.45,74820.0
2016-01-21,0.43,0.45,0.43,0.45,6140.0
2016-01-22,0.45,0.45,0.44,0.45,7300.0
2016-01-25,0.45,0.45,0.45,0.45,1350.0
2016-01-27,0.44,0.44,0.44,0.44,1020.0
2016-01-28,0.45,0.45,0.45,0.45,8850.0
2016-01-29,0.44,0.46,0.44,0.46,7500.0
2016-02-01,0.45,0.45,0.45,0.45,2650.0
2016-02-02,0.45,0.45,0.45,0.45,2000.0
2016-02-03,0.44,0.44,0.42,0.44,33720.0
2016-02-04,0.43,0.43,0.4,0.41,100100.0
2016-02-05,0.43,0.43,0.42,0.42,45910.0
2016-02-08,0.44,0.44,0.43,0.43,11390.0
2016-02-10,0.44,0.44,0.43,0.43,26600.0
2016-02-11,0.42,0.43,0.41,0.43,32659.999999999996
2016-02-12,0.43,0.44,0.43,0.44,6000.0
2016-02-15,0.44,0.44,0.42,0.42,3220.0
2016-02-16,0.42,0.44,0.41,0.41,51270.0
2016-02-17,0.41,0.41,0.39,0.41,35200.0
2016-02-18,0.42,0.42,0.41,0.41,30400.0
2016-02-22,0.42,0.47,0.42,0.47,243340.0
2016-02-23,0.48,0.49,0.45,0.48,56920.0
2016-02-24,0.47,0.48,0.46,0.47,14460.0
2016-02-25,0.48,0.52,0.44,0.44,145280.0
2016-02-26,0.45,0.49,0.43,0.49,116220.0
2016-02-29,0.5,0.5,0.47,0.5,172820.0
2016-03-01,0.43,0.48,0.43,0.48,136600.0
2016-03-02,0.47,0.54,0.46,0.52,510020.0
2016-03-03,0.53,0.57,0.51,0.57,233960.0
2016-03-04,0.57,0.59,0.55,0.59,119720.0
2016-03-07,0.59,0.59,0.56,0.59,38310.0
2016-03-08,0.56,0.59,0.56,0.58,23390.0
2016-03-09,0.57,0.6,0.55,0.6,222980.0
2016-03-10,0.6,0.6,0.58,0.6,77210.0
2016-03-11,0.6,0.63,0.6,0.63,78440.0
2016-03-14,0.63,0.63,0.6,0.62,22020.0
2016-03-15,0.6,0.61,0.58,0.59,74130.0
2016-03-16,0.59,0.6,0.59,0.6,22180.0
2016-03-17,0.6,0.63,0.57,0.6,87710.0
2016-03-18,0.6,0.6,0.58,0.59,45250.0
2016-03-21,0.59,0.59,0.59,0.59,10.0
2016-03-22,0.56,0.59,0.56,0.59,28850.0
2016-03-23,0.59,0.63,0.59,0.61,73610.0
2016-03-24,0.62,0.62,0.59,0.61,17610.0
2016-03-29,0.6,0.65,0.6,0.63,164890.0
2016-03-30,0.62,0.68,0.62,0.68,211140.0
2016-03-31,0.68,0.73,0.67,0.69,304180.0
2016-04-01,0.69,0.69,0.66,0.69,72000.0
2016-04-04,0.69,0.78,0.69,0.78,241040.0
2016-04-05,0.79,0.8,0.75,0.79,98970.0
2016-04-06,0.8,0.81,0.77,0.77,105210.0
2016-04-07,0.77,0.78,0.74,0.75,106910.0
2016-04-08,0.75,0.75,0.69,0.71,137310.0
2016-04-11,0.72,0.74,0.69,0.71,131130.0
2016-04-12,0.71,0.71,0.66,0.7,178100.0
2016-04-13,0.7,0.77,0.7,0.76,242950.0
2016-04-14,0.76,0.79,0.73,0.77,170310.0
2016-04-15,0.79,0.81,0.75,0.8,129590.0
2016-04-18,0.79,0.79,0.74,0.76,131180.0
2016-04-19,0.75,0.76,0.73,0.75,44610.0
2016-04-20,0.77,0.79,0.75,0.78,70100.0
2016-04-21,0.77,0.83,0.77,0.82,159930.0
2016-04-22,0.83,0.83,0.79,0.81,90820.0
2016-04-25,0.8,0.83,0.79,0.82,77740.0
2016-04-26,0.83,0.86,0.81,0.84,207500.0
2016-04-27,0.84,0.84,0.79,0.8,73290.0
2016-04-28,0.78,0.8,0.75,0.75,103030.0
2016-04-29,0.76,0.8,0.75,0.75,92310.0
2016-05-02,0.74,0.74,0.71,0.72,79310.0
2016-05-04,0.72,0.75,0.72,0.75,56940.0
2016-05-05,0.73,0.75,0.73,0.73,51280.0
2016-05-06,0.71,0.72,0.67,0.69,75800.0
2016-05-09,0.72,0.72,0.69,0.69,24650.0
2016-05-10,0.69,0.71,0.69,0.7,3730.0
2016-05-11,0.7,0.7,0.64,0.67,148750.0
2016-05-12,0.67,0.67,0.62,0.64,158580.0
2016-05-13,0.63,0.66,0.63,0.66,21580.0
2016-05-16,0.65,0.7,0.64,0.68,120540.0
2016-05-17,0.7,0.7,0.63,0.64,117360.0
2016-05-18,0.63,0.65,0.6,0.6,96800.0
2016-05-19,0.6,0.63,0.57,0.6,159270.0
2016-05-20,0.59,0.6,0.59,0.6,12010.0
2016-05-23,0.58,0.63,0.54,0.55,119430.0
2016-05-24,0.56,0.58,0.54,0.55,66630.0
2016-05-25,0.56,0.56,0.53,0.56,13780.0
2016-05-27,0.56,0.58,0.56,0.58,10370.0
2016-05-30,0.57,0.6,0.54,0.55,201910.0
2016-05-31,0.54,0.56,0.51,0.56,51440.0
2016-06-01,0.55,0.57,0.54,0.55,69400.0
2016-06-02,0.56,0.57,0.56,0.57,39790.0
2016-06-03,0.58,0.61,0.58,0.58,109330.0
2016-06-06,0.6,0.67,0.58,0.67,217500.0
2016-06-07,0.68,0.7,0.66,0.7,133940.0
2016-06-08,0.69,0.71,0.66,0.68,245200.0
2016-06-09,0.66,0.68,0.63,0.66,64599.99999999999
2016-06-10,0.66,0.67,0.62,0.67,40130.0
2016-06-13,0.66,0.66,0.61,0.65,35520.0
2016-06-14,0.65,0.65,0.64,0.64,500.0
2016-06-15,1.92,1.92,1.92,1.92,4230.0
2016-06-16,1.83,1.83,1.65,1.77,42240.0
2016-06-17,1.77,1.77,1.71,1.71,1010.0
2016-06-20,1.74,1.77,1.65,1.77,12860.0
2016-06-21,1.68,1.68,1.65,1.68,10170.0
2016-06-22,1.68,1.8,1.68,1.8,11550.0
2016-06-23,1.8,1.8,1.65,1.74,36080.0
2016-06-24,1.65,1.71,1.65,1.71,17520.0
2016-06-27,1.68,1.71,1.65,1.71,9950.0
2016-06-28,1.71,1.86,1.71,1.83,55820.0
2016-06-29,1.89,1.89,1.8,1.8,1920.0
2016-06-30,1.77,1.8,1.77,1.8,500.0
2016-07-01,1.77,1.77,1.74,1.74,3000.0
2016-07-04,1.77,1.77,1.71,1.71,3800.0
2016-07-05,1.74,1.74,1.74,1.74,70.0
2016-07-06,1.74,1.77,1.71,1.77,5840.0
2016-07-07,1.74,1.74,1.65,1.71,19200.0
2016-07-08,1.68,1.74,1.65,1.74,15480.0
2016-07-11,1.74,1.74,1.71,1.71,610.0
2016-07-12,1.71,1.74,1.71,1.71,2610.0
2016-07-13,1.71,1.71,1.68,1.71,2470.0
2016-07-14,1.68,1.74,1.68,1.71,4890.0
2016-07-15,1.71,1.89,1.71,1.77,51370.0
2016-07-18,1.77,1.89,1.77,1.83,13670.0
2016-07-19,1.89,1.95,1.77,1.83,31610.0
2016-07-20,1.83,1.92,1.8,1.83,14460.0
2016-07-21,1.83,1.86,1.74,1.83,22090.0
2016-07-22,1.77,1.83,1.77,1.8,10010.0
2016-07-25,1.8,1.8,1.74,1.8,3450.0
2016-07-26,1.8,1.86,1.8,1.86,27810.0
2016-07-27,1.86,1.98,1.83,1.89,63590.0
2016-07-28,1.89,1.95,1.83,1.86,33070.0
2016-07-29,1.92,1.92,1.8,1.89,4780.0
2016-08-01,1.83,1.86,1.8,1.86,13770.0
2016-08-02,1.86,1.92,1.8,1.89,33470.0
2016-08-03,1.89,1.89,1.83,1.86,10200.0
2016-08-04,1.83,1.95,1.8,1.89,54670.0
2016-08-05,1.89,1.89,1.8,1.86,3750.0
2016-08-08,1.86,1.89,1.83,1.89,20170.0
2016-08-09,1.89,1.89,1.83,1.83,11670.0
2016-08-10,1.89,1.89,1.83,1.89,35330.0
2016-08-11,1.89,1.89,1.83,1.89,26390.0
2016-08-12,1.89,1.89,1.8,1.83,38480.0
2016-08-16,1.83,1.83,1.74,1.83,16660.0
2016-08-17,1.8,1.8,1.71,1.77,29890.0
2016-08-18,1.77,1.77,1.71,1.77,9010.0
2016-08-19,1.77,1.77,1.71,1.77,23500.0
2016-08-22,1.74,1.77,1.71,1.77,2650.0
2016-08-23,1.71,1.77,1.71,1.77,4270.0
2016-08-24,1.71,1.77,1.71,1.77,940.0
2016-08-25,1.77,1.77,1.68,1.74,6850.0
2016-08-26,1.65,1.71,1.65,1.68,11580.0
2016-08-29,1.65,1.65,1.62,1.65,10400.0
2016-08-30,1.62,1.65,1.56,1.65,15840.0
2016-08-31,1.65,1.65,1.59,1.65,19970.0
2016-09-01,1.65,1.65,1.47,1.47,58520.0
2016-09-02,1.5,1.56,1.35,1.41,75360.0
2016-09-05,1.44,1.53,1.44,1.53,35530.0
2016-09-06,1.5,1.53,1.41,1.47,10220.0
2016-09-07,1.47,1.5,1.35,1.44,22760.0
2016-09-08,1.38,1.47,1.38,1.41,10820.0
2016-09-09,1.47,1.47,1.47,1.47,1000.0
2016-09-12,1.41,1.41,1.29,1.38,21090.0
2016-09-13,1.44,1.44,1.38,1.41,6080.0
2016-09-14,1.38,1.44,1.38,1.38,4840.0
2016-09-15,1.38,1.44,1.35,1.44,8500.0
2016-09-16,1.41,1.41,1.29,1.35,24430.0
2016-09-19,1.35,1.35,1.32,1.32,10920.0
2016-09-20,1.35,1.38,1.32,1.38,8630.0
2016-09-21,1.38,1.38,1.26,1.29,21330.0
2016-09-22,1.29,1.35,1.29,1.29,4720.0
2016-09-23,1.29,1.32,1.29,1.32,4030.0000000000005
2016-09-26,1.35,1.35,1.29,1.35,8000.0
2016-09-27,1.35,1.35,1.32,1.35,5300.0
2016-09-28,1.35,1.35,1.29,1.32,13220.0
2016-09-29,1.29,1.32,1.2,1.26,38510.0
2016-09-30,1.23,1.23,1.2,1.23,19740.0
2016-10-03,1.23,1.23,1.2,1.23,5140.0
2016-10-04,1.26,1.26,1.23,1.23,9380.0
2016-10-05,1.26,1.26,1.17,1.26,25020.0
2016-10-06,1.23,1.26,1.2,1.23,12730.0
2016-10-07,1.23,1.47,1.23,1.47,170530.0
2016-10-10,1.44,1.44,1.35,1.38,71270.0
2016-10-11,1.38,1.38,1.29,1.32,42600.0
2016-10-12,1.26,1.38,1.26,1.32,92160.0
2016-10-13,1.29,1.38,1.26,1.26,144460.0
2016-10-14,1.26,1.29,1.23,1.29,24040.0
2016-10-17,1.26,1.29,1.26,1.29,14710.0
2016-10-18,1.26,1.32,1.26,1.29,282800.0
2016-10-19,1.29,1.29,1.26,1.26,7970.0
2016-10-20,1.29,1.29,1.26,1.26,6270.0
2016-10-21,1.29,1.29,1.26,1.26,24340.0
2016-10-24,1.26,1.26,1.23,1.26,12740.0
2016-10-25,1.26,1.26,1.23,1.23,8330.0
2016-10-26,1.23,1.23,1.17,1.17,46540.0
2016-10-27,1.17,1.23,1.14,1.17,32880.0
2016-10-28,1.2,1.23,1.17,1.2,23460.0
2016-10-31,1.2,1.2,1.14,1.17,28830.0
2016-11-02,1.17,1.2,1.17,1.17,4680.0
2016-11-03,1.17,1.17,1.08,1.17,52000.0
2016-11-04,1.17,1.17,1.08,1.14,34130.0
2016-11-07,1.14,1.14,1.05,1.14,17290.0
2016-11-08,1.14,1.14,1.05,1.11,3130.0
2016-11-09,1.11,1.11,1.05,1.05,5060.0
2016-11-10,1.08,1.11,1.08,1.11,930.0
2016-11-14,1.08,1.11,1.05,1.05,4610.0
2016-11-15,1.11,1.14,1.05,1.11,9640.0
2016-11-16,1.14,1.14,1.08,1.14,2190.0
2016-11-17,1.14,1.17,1.14,1.17,14740.0
2016-11-18,1.17,1.17,1.14,1.14,1380.0
2016-11-21,1.14,1.14,1.11,1.14,1510.0
2016-11-22,1.14,1.14,1.11,1.14,340.0
2016-11-23,1.14,1.14,1.08,1.14,7770.0
2016-11-24,1.14,1.14,1.08,1.14,5720.0
2016-11-25,1.14,1.14,1.08,1.14,6080.0
2016-11-28,1.14,1.14,1.14,1.14,0.0
2016-11-29,1.11,1.11,1.11,1.11,3340.0
2016-11-30,1.08,1.14,1.08,1.11,2390.0
2016-12-01,1.11,1.14,1.11,1.11,10030.0
2016-12-02,1.14,1.14,1.11,1.11,380.0
2016-12-05,1.11,1.14,1.08,1.14,800.0
2016-12-06,1.14,1.14,1.08,1.14,110.0
2016-12-07,1.14,1.14,1.08,1.14,13540.0
2016-12-08,1.14,1.14,1.08,1.14,10870.0
2016-12-09,1.14,1.14,1.08,1.14,3950.0
2016-12-12,1.14,1.14,1.08,1.11,2340.0
2016-12-13,1.14,1.23,1.08,1.11,142150.0
2016-12-14,1.08,1.14,1.08,1.14,13270.0
2016-12-15,1.14,1.14,1.08,1.11,21350.0
2016-12-16,1.11,1.11,1.11,1.11,1670.0
2016-12-19,1.11,1.11,1.08,1.08,2710.0
2016-12-20,1.08,1.11,1.08,1.08,5620.0
2016-12-21,1.08,1.11,1.08,1.11,5200.0
2016-12-22,1.11,1.11,1.08,1.08,5920.0
2016-12-23,1.08,1.08,1.08,1.08,6730.0
2016-12-27,1.08,1.11,1.08,1.08,35370.0
2016-12-28,1.11,1.11,1.05,1.08,9260.0
2016-12-29,1.11,1.11,1.05,1.11,1200.0
2016-12-30,1.11,1.11,1.05,1.08,5350.0
2017-01-02,1.08,1.08,1.02,1.02,7300.0
2017-01-03,0.9,0.9,0.9,0.9,60330.0
2017-01-04,0.9,0.9,0.9,0.9,14160.0
2017-01-05,0.93,0.93,0.93,0.93,2730.0
2017-01-09,0.9,0.9,0.9,0.9,7060.0
2017-01-10,0.9,0.9,0.87,0.87,4370.0
2017-01-11,0.87,0.87,0.87,0.87,5370.0
2017-01-12,0.84,0.84,0.84,0.84,20070.0
2017-01-13,0.78,0.78,0.78,0.78,23920.0
2017-01-16,0.78,0.78,0.78,0.78,30240.0
2017-01-17,0.81,0.87,0.81,0.87,20130.0
2017-01-18,0.9,0.9,0.9,0.9,3070.0
2017-01-19,0.93,0.93,0.93,0.93,7460.0
2017-01-20,0.93,0.93,0.9,0.9,7930.0
2017-01-23,0.9,0.9,0.84,0.84,130.0
2017-01-24,0.87,0.87,0.87,0.87,7470.0
2017-01-25,0.9,0.9,0.9,0.9,18900.0
2017-01-26,0.9,0.9,0.9,0.9,5330.0
2017-01-27,0.84,0.84,0.84,0.84,27560.0
2017-01-30,0.84,0.84,0.84,0.84,5400.0
2017-01-31,0.9,0.9,0.84,0.84,19530.0
2017-02-01,0.81,0.87,0.81,0.87,2720.0
2017-02-02,0.84,0.84,0.84,0.84,2590.0
2017-02-03,0.87,0.87,0.87,0.87,2880.0
2017-02-06,0.87,0.87,0.84,0.84,7070.0
2017-02-07,0.87,0.87,0.84,0.84,700.0
2017-02-08,0.87,0.87,0.87,0.87,1670.0
2017-02-09,0.87,0.87,0.84,0.84,10860.0
2017-02-10,0.84,0.84,0.84,0.84,14310.0
2017-02-13,0.84,0.84,0.84,0.84,11450.0
2017-02-14,0.84,0.84,0.84,0.84,7870.0
2017-02-15,0.84,0.84,0.84,0.84,6430.0
2017-02-16,0.84,0.84,0.84,0.84,2380.0
2017-02-17,0.84,0.84,0.81,0.81,6980.0
2017-02-20,0.84,0.84,0.84,0.84,7460.0
2017-02-21,0.84,0.84,0.84,0.84,5330.0
2017-02-22,0.87,0.87,0.87,0.87,9870.0
2017-02-23,0.87,0.9,0.87,0.9,6510.0
2017-02-24,0.9,0.9,0.9,0.9,19770.0
2017-02-27,0.93,0.93,0.93,0.93,11250.0
2017-02-28,0.96,0.99,0.96,0.99,24290.0
2017-03-01,0.99,0.99,0.96,0.96,20480.0
2017-03-02,0.96,0.96,0.96,0.96,2470.0
2017-03-03,0.93,0.93,0.93,0.93,9040.0
2017-03-06,0.93,0.93,0.93,0.93,8350.0
2017-03-07,0.93,0.96,0.93,0.96,1290.0
2017-03-08,0.96,0.96,0.96,0.96,5880.0
2017-03-09,0.96,0.96,0.96,0.96,4940.0
2017-03-13,0.93,0.93,0.93,0.93,2240.0
2017-03-14,0.93,0.93,0.93,0.93,3270.0
2017-03-15,0.9,0.9,0.9,0.9,4620.0
2017-03-16,0.9,0.9,0.9,0.9,2670.0
2017-03-17,0.93,0.93,0.93,0.93,3160.0
2017-03-20,0.96,0.96,0.9,0.9,2440.0
2017-03-21,0.9,0.9,0.87,0.87,2800.0
2017-03-22,0.87,0.87,0.87,0.87,3080.0
2017-03-23,0.84,0.84,0.84,0.84,7590.0
2017-03-24,0.87,0.87,0.87,0.87,114250.0
2017-03-27,0.9,0.9,0.9,0.9,30.0
2017-03-28,0.9,0.9,0.9,0.9,0.0
2017-03-30,0.84,0.87,0.84,0.87,1020.0
2017-03-31,0.84,0.87,0.84,0.87,2210.0
2017-04-03,0.87,0.87,0.87,0.87,3440.0
2017-04-04,0.9,0.9,0.9,0.9,0.0
2017-04-05,0.9,0.9,0.84,0.84,4420.0
2017-04-06,0.87,0.9,0.87,0.9,4180.0
2017-04-10,0.87,0.9,0.87,0.9,3630.0
2017-04-11,0.9,0.9,0.9,0.9,0.0
2017-04-12,0.9,0.9,0.9,0.9,3500.0
2017-04-13,0.9,0.9,0.9,0.9,130.0
2017-04-18,0.9,0.9,0.9,0.9,13110.0
2017-04-19,0.87,0.87,0.87,0.87,1490.0
2017-04-20,0.87,0.87,0.87,0.87,4330.0
2017-04-21,0.84,0.84,0.84,0.84,2170.0
2017-04-24,0.87,0.87,0.87,0.87,2060.0
2017-04-25,0.87,0.87,0.87,0.87,1340.0
2017-04-26,0.87,0.87,0.87,0.87,6930.0
2017-04-27,0.9,0.9,0.9,0.9,0.0
2017-04-28,0.84,0.84,0.81,0.81,19620.0
2017-05-02,0.78,0.81,0.78,0.81,2240.0
2017-05-04,0.81,0.84,0.81,0.84,5970.0
2017-05-05,0.81,0.81,0.78,0.78,9280.0
2017-05-08,0.81,0.84,0.81,0.84,3890.0
2017-05-09,0.84,0.84,0.84,0.84,0.0
2017-05-10,0.81,0.81,0.81,0.81,1960.0
2017-05-11,0.84,0.84,0.81,0.81,3340.0
2017-05-12,0.81,0.81,0.81,0.81,170.0
2017-05-15,0.84,0.84,0.84,0.84,0.0
2017-05-16,0.81,0.84,0.81,0.84,670.0
2017-05-17,0.84,0.84,0.84,0.84,120.0
2017-05-18,0.84,0.84,0.81,0.81,340.0
2017-05-19,0.78,0.78,0.78,0.78,4790.0
2017-05-22,0.81,0.81,0.78,0.78,1130.0
2017-05-23,0.78,0.81,0.78,0.81,50.0
2017-05-24,0.78,0.78,0.78,0.78,3670.0
2017-05-25,0.81,0.81,0.81,0.81,2160.0
2017-05-26,0.84,0.84,0.81,0.81,2140.0
2017-05-29,0.81,0.81,0.81,0.81,830.0
2017-05-30,8.4,8.4,8.1,8.1,330.0
2017-05-31,8.1,8.1,7.8,7.8,330.0
2017-06-01,8.1,8.1,7.8,7.8,10.0
2017-06-02,7.5,7.5,7.5,7.5,590.0
2017-06-05,7.8,8.1,7.8,8.1,910.0
2017-06-06,8.7,8.7,8.7,8.7,660.0
2017-06-07,8.7,8.7,8.1,8.1,1340.0
2017-06-08,8.1,8.4,8.1,8.4,160.0
2017-06-12,7.8,7.8,7.8,7.8,460.0
2017-06-13,7.8,8.1,7.8,8.1,30.0
2017-06-14,7.8,7.8,7.8,7.8,330.0
2017-06-16,7.8,7.8,7.8,7.8,330.0
2017-06-19,7.8,8.1,7.8,8.1,180.0
2017-06-20,8.1,8.1,8.1,8.1,30.0
2017-06-22,8.1,8.1,7.5,7.5,70.0
2017-06-23,7.5,7.5,7.5,7.5,250.0
2017-06-26,8.1,8.1,8.1,8.1,0.0
2017-06-27,7.2,7.5,7.2,7.5,530.0
2017-06-28,7.8,7.8,7.5,7.5,20.0
2017-06-29,7.8,7.8,7.8,7.8,0.0
2017-06-30,7.8,7.8,7.8,7.8,50.0
2017-07-03,7.5,7.8,7.5,7.8,120.0
2017-07-05,7.8,7.8,7.5,7.5,40.0
2017-07-06,7.8,8.1,7.8,8.1,1590.0
2017-07-07,7.8,7.8,7.8,7.8,100.0
2017-07-10,7.8,7.8,7.8,7.8,130.0
2017-07-11,7.8,7.8,7.8,7.8,10.0
2017-07-12,7.5,7.5,7.5,7.5,120.0
2017-07-13,7.5,7.5,7.5,7.5,30.0
2017-07-14,7.8,7.8,7.8,7.8,30.0
2017-07-17,7.8,7.8,7.8,7.8,200.0
2017-07-18,7.8,7.8,7.8,7.8,10.0
2017-07-19,7.8,7.8,7.8,7.8,100.0
2017-07-20,7.5,7.5,7.5,7.5,70.0
2017-07-21,7.5,7.5,7.5,7.5,180.0
2017-07-24,7.5,7.5,7.5,7.5,0.0
2017-07-25,7.8,7.8,7.8,7.8,570.0
2017-07-26,8.1,8.1,8.1,8.1,470.0
2017-07-27,8.1,8.1,8.1,8.1,20.0
2017-07-31,8.1,8.1,8.1,8.1,0.0
2017-08-01,8.1,8.1,8.1,8.1,10.0
2017-08-03,7.8,7.8,7.8,7.8,30.0
2017-08-04,8.1,8.1,8.1,8.1,20.0
2017-08-07,7.2,8.1,7.2,8.1,190.0
2017-08-08,8.1,8.1,8.1,8.1,20.0
2017-08-09,8.1,8.1,8.1,8.1,910.0
2017-08-10,8.4,8.4,8.1,8.1,1620.0
2017-08-11,8.1,8.1,8.1,8.1,870.0
2017-08-14,7.5,7.5,7.5,7.5,530.0
2017-08-16,7.5,7.5,7.5,7.5,70.0
2017-08-17,7.5,7.5,7.5,7.5,1870.0
2017-08-18,8.1,8.1,8.1,8.1,0.0
2017-08-21,8.1,8.1,8.1,8.1,940.0
2017-08-22,8.4,8.4,8.1,8.1,750.0
2017-08-23,8.1,8.1,8.1,8.1,480.0
2017-08-25,7.8,8.1,7.8,8.1,160.0
2017-08-28,8.1,8.1,8.1,8.1,10.0
2017-08-29,8.1,8.4,8.1,8.4,350.0
2017-08-30,8.4,8.4,8.4,8.4,960.0
2017-08-31,8.4,8.7,8.4,8.7,620.0
2017-09-01,8.7,9.0,8.7,9.0,1570.0
2017-09-04,9.0,9.0,9.0,9.0,330.0
2017-09-05,9.0,9.0,9.0,9.0,850.0
2017-09-06,9.6,9.6,9.3,9.3,530.0
2017-09-07,8.7,9.3,8.7,9.3,310.0
2017-09-08,9.3,9.3,9.3,9.3,70.0
2017-09-11,9.3,9.3,9.3,9.3,560.0
2017-09-12,9.3,9.3,9.0,9.0,130.0
2017-09-13,9.0,9.0,8.7,8.7,300.0
2017-09-14,9.0,9.0,8.7,8.7,170.0
2017-09-15,8.7,9.0,8.7,9.0,290.0
2017-09-18,9.0,9.0,9.0,9.0,30.0
2017-09-19,9.0,9.0,8.4,8.4,1230.0
2017-09-20,8.4,8.4,8.1,8.1,1630.0
2017-09-21,8.4,8.4,8.4,8.4,0.0
2017-09-25,8.4,8.4,8.4,8.4,60.0
2017-09-26,8.4,8.4,8.1,8.1,40.0
2017-09-27,8.1,8.1,8.1,8.1,150.0
2017-09-28,8.1,8.1,8.1,8.1,30.0
2017-09-29,7.8,8.1,7.8,8.1,1090.0
2017-10-02,7.8,8.1,7.8,8.1,200.0
2017-10-03,7.5,7.5,7.2,7.2,4670.0
2017-10-04,7.2,7.2,7.2,7.2,600.0
2017-10-05,6.9,7.2,6.9,7.2,300.0
2017-10-06,6.9,6.9,6.9,6.9,740.0
2017-10-09,6.6,6.6,6.3,6.3,1070.0
2017-10-10,6.3,6.3,6.3,6.3,400.0
2017-10-11,6.3,6.3,6.3,6.3,230.0
2017-10-12,6.3,6.3,6.3,6.3,330.0
2017-10-13,6.3,6.3,6.3,6.3,90.0
2017-10-16,6.3,6.3,6.3,6.3,350.0
2017-10-17,6.0,6.0,6.0,6.0,480.0
2017-10-18,6.0,6.0,6.0,6.0,390.0
2017-10-20,6.0,6.0,6.0,6.0,0.0
2017-10-23,5.7,5.7,5.4,5.4,400.0
2017-10-24,4.8,4.8,4.8,4.8,3270.0
2017-10-25,4.8,4.8,4.5,4.5,1710.0
2017-10-26,4.5,4.5,4.5,4.5,920.0
2017-10-27,4.5,4.8,4.5,4.8,1310.0
2017-10-30,4.8,4.8,4.8,4.8,910.0
2017-10-31,4.8,4.8,4.8,4.8,610.0
2017-11-02,4.2,4.5,4.2,4.5,2360.0
2017-11-03,4.5,4.8,4.5,4.8,1130.0
2017-11-06,4.8,4.8,4.5,4.5,950.0
2017-11-07,4.2,4.2,4.2,4.2,2190.0
2017-11-08,4.2,4.2,4.2,4.2,940.0
2017-11-09,4.2,4.2,4.2,4.2,740.0
2017-11-10,3.9,4.2,3.9,4.2,2009.9999999999998
2017-11-13,3.9,4.2,3.9,4.2,32930.0
2017-11-14,4.2,4.2,4.2,4.2,360.0
2017-11-15,4.2,4.5,4.2,4.5,7940.0
2017-11-16,4.5,4.5,4.5,4.5,0.0
2017-11-17,4.5,4.5,4.5,4.5,1560.0
2017-11-20,4.8,4.8,4.8,4.8,350.0
2017-11-21,4.5,4.5,4.5,4.5,330.0
2017-11-22,4.5,4.5,4.5,4.5,790.0
2017-11-23,4.5,4.8,4.5,4.8,230.0
2017-11-24,4.8,4.8,4.5,4.5,2570.0
2017-11-27,5.1,5.1,4.8,4.8,200.0
2017-11-28,4.5,4.8,4.5,4.8,10.0
2017-11-29,4.8,4.8,4.5,4.5,2270.0
2017-11-30,4.5,4.5,4.5,4.5,320.0
2017-12-01,4.5,4.8,4.5,4.8,10.0
2017-12-04,4.8,4.8,4.8,4.8,11140.0
2017-12-05,4.5,4.5,4.5,4.5,340.0
2017-12-06,4.5,4.5,4.5,4.5,90.0
2017-12-07,4.8,4.8,4.8,4.8,10.0
2017-12-08,4.8,4.8,4.5,4.5,100.0
2017-12-11,4.5,4.5,4.5,4.5,360.0
2017-12-12,4.8,4.8,4.8,4.8,0.0
2017-12-13,4.5,4.5,4.5,4.5,2210.0
2017-12-14,4.5,4.5,4.5,4.5,2280.0
2017-12-15,4.5,4.5,4.5,4.5,840.0
2017-12-18,4.5,4.5,4.5,4.5,490.0
2017-12-19,4.2,4.2,4.2,4.2,1900.0
2017-12-20,4.5,4.5,4.2,4.2,1500.0
2017-12-21,4.2,4.2,4.2,4.2,770.0
2017-12-22,4.2,4.2,3.9,3.9,740.0
2017-12-27,3.9,3.9,3.9,3.9,630.0
2017-12-28,3.9,4.2,3.9,4.2,840.0
2017-12-29,4.2,4.2,4.2,4.2,1440.0
2018-01-03,4.2,4.2,4.2,4.2,690.0
2018-01-04,4.2,4.5,4.2,4.5,120.0
2018-01-05,4.5,4.5,4.2,4.2,850.0
2018-01-08,4.2,4.2,4.2,4.2,70.0
2018-01-09,4.2,4.2,4.2,4.2,340.0
2018-01-10,4.2,4.2,4.2,4.2,2110.0
2018-01-11,4.2,4.2,4.2,4.2,2780.0
2018-01-12,4.2,4.2,4.2,4.2,400.0
2018-01-15,4.2,4.8,4.2,4.8,27050.0
2018-01-16,5.1,6.0,5.1,6.0,13340.0
2018-01-17,6.9,7.8,6.9,7.8,9250.0
2018-01-18,9.3,10.5,9.3,10.5,14090.0
2018-01-19,11.1,11.1,9.6,9.6,8980.0
2018-01-22,9.3,9.3,9.0,9.0,2560.0
2018-01-23,8.7,8.7,7.8,7.8,930.0
2018-01-24,8.1,8.1,8.1,8.1,1550.0
2018-01-25,9.0,9.0,9.0,9.0,1020.0
2018-01-26,9.3,9.3,9.3,9.3,430.0
2018-01-29,9.3,9.3,9.0,9.0,270.0
2018-01-30,7.8,8.1,7.8,8.1,2640.0
2018-01-31,8.1,8.1,7.8,7.8,1400.0
2018-02-01,8.1,8.1,7.8,7.8,530.0
2018-02-02,7.8,7.8,7.8,7.8,240.0
2018-02-05,7.5,7.8,7.5,7.8,130.0
2018-02-06,7.8,7.8,7.8,7.8,20.0
2018-02-07,7.8,7.8,7.8,7.8,1270.0
2018-02-08,12.0,12.0,11.4,11.4,16560.0
2018-02-09,10.5,10.8,10.5,10.8,6430.0
2018-02-12,11.4,11.4,11.4,11.4,740.0
2018-02-13,10.8,10.8,10.8,10.8,550.0
2018-02-14,10.8,10.8,10.5,10.5,370.0
2018-02-15,10.8,10.8,10.8,10.8,170.0
2018-02-16,9.9,9.9,9.9,9.9,750.0
2018-02-19,10.2,10.2,9.6,9.6,1070.0
2018-02-20,9.9,9.9,9.9,9.9,60.0
2018-02-21,9.6,9.6,9.3,9.3,1170.0
2018-02-22,9.9,9.9,9.9,9.9,20.0
2018-02-23,9.9,9.9,9.3,9.3,1720.0
2018-02-26,9.3,9.6,9.3,9.6,160.0
2018-02-27,9.6,9.6,9.6,9.6,260.0
2018-02-28,9.6,9.6,9.6,9.6,170.0
2018-03-01,9.3,9.3,9.0,9.0,1120.0
2018-03-02,9.3,9.3,9.3,9.3,170.0
2018-03-05,9.3,9.3,9.3,9.3,20.0
2018-03-06,9.3,9.3,9.3,9.3,200.0
2018-03-07,8.4,9.0,8.4,9.0,2900.0
2018-03-08,9.0,9.0,9.0,9.0,1000.0
2018-03-09,9.0,9.0,9.0,9.0,170.0
2018-03-12,9.0,9.0,9.0,9.0,230.0
2018-03-13,9.0,9.0,9.0,9.0,290.0
2018-03-14,9.0,9.0,8.4,8.4,880.0
2018-03-15,9.0,9.0,9.0,9.0,170.0
2018-03-16,9.0,9.0,8.4,8.4,1050.0
2018-03-19,8.4,8.4,8.4,8.4,1340.0
2018-03-20,8.4,8.4,7.8,7.8,1030.0
2018-03-21,8.1,8.4,8.1,8.4,360.0
2018-03-22,8.4,8.4,8.4,8.4,50.0
2018-03-23,8.4,8.4,8.4,8.4,70.0
2018-03-26,8.4,8.4,8.4,8.4,240.0
2018-03-27,8.4,8.4,8.1,8.1,260.0
2018-03-28,8.4,8.4,8.4,8.4,60.0
2018-03-29,8.4,8.7,8.4,8.7,110.0
2018-04-03,8.7,8.7,8.7,8.7,170.0
2018-04-04,8.7,8.7,8.7,8.7,680.0
2018-04-05,8.7,8.7,8.7,8.7,800.0
2018-04-06,9.0,9.0,9.0,9.0,340.0
2018-04-09,8.7,8.7,8.7,8.7,130.0
2018-04-10,9.0,9.0,9.0,9.0,50.0
2018-04-11,8.7,9.0,8.7,9.0,20.0
2018-04-12,9.0,9.0,9.0,9.0,40.0
2018-04-13,9.0,9.0,8.4,8.4,200.0
2018-04-16,9.0,9.0,9.0,9.0,20.0
2018-04-17,9.0,9.0,9.0,9.0,0.0
2018-04-18,9.0,9.0,9.0,9.0,20.0
2018-04-19,9.0,9.0,9.0,9.0,20.0
2018-04-20,9.0,9.0,9.0,9.0,10.0
2018-04-23,9.0,9.0,9.0,9.0,20.0
2018-04-24,9.0,9.0,9.0,9.0,20.0
2018-04-25,8.7,8.7,8.1,8.1,190.0
2018-04-26,8.1,8.1,7.5,7.5,1420.0
2018-04-27,7.8,7.8,7.8,7.8,70.0
2018-04-30,7.8,8.4,7.8,8.4,1150.0
2018-05-02,8.4,8.4,8.4,8.4,90.0
2018-05-04,8.4,8.4,8.4,8.4,10.0
2018-05-07,8.4,8.4,8.1,8.1,60.0
2018-05-08,8.1,8.1,8.1,8.1,100.0
2018-05-09,8.4,8.4,7.5,7.5,70.0
2018-05-10,8.4,8.4,7.5,7.5,840.0
2018-05-11,8.4,8.4,8.4,8.4,10.0
2018-05-14,8.4,8.4,8.1,8.1,30.0
2018-05-15,8.1,8.1,7.5,7.5,590.0
2018-05-16,7.5,7.5,7.5,7.5,190.0
2018-05-17,7.2,7.5,7.2,7.5,110.0
2018-05-18,7.5,7.5,7.2,7.2,400.0
2018-05-21,7.5,7.5,7.5,7.5,40.0
2018-05-22,7.8,7.8,7.8,7.8,40.0
2018-05-23,7.8,7.8,7.8,7.8,20.0
2018-05-24,7.8,7.8,7.8,7.8,0.0
2018-05-25,7.8,7.8,7.8,7.8,30.0
2018-05-28,8.1,8.1,8.1,8.1,110.0
2018-05-29,7.8,7.8,7.8,7.8,0.0
2018-05-30,7.8,7.8,7.5,7.5,270.0
2018-06-01,7.5,7.5,7.2,7.2,290.0
2018-06-04,7.5,7.5,7.5,7.5,0.0
2018-06-05,7.5,7.5,7.5,7.5,0.0
2018-06-06,6.6,6.6,5.7,5.7,1690.0
2018-06-07,6.3,6.3,6.3,6.3,10.0
2018-06-08,6.9,6.9,6.9,6.9,50.0
2018-06-11,6.9,6.9,6.9,6.9,0.0
2018-06-12,6.9,6.9,6.9,6.9,10.0
2018-06-13,6.9,6.9,6.9,6.9,30.0
2018-06-15,6.9,6.9,6.9,6.9,1250.0
2018-06-18,7.2,7.2,7.2,7.2,420.0
2018-06-19,7.2,7.2,6.6,6.6,120.0
2018-06-20,6.9,6.9,6.9,6.9,18670.0
2018-06-21,6.9,7.2,6.9,7.2,740.0
2018-06-22,6.9,7.5,6.9,7.5,170.0
2018-06-25,7.5,7.5,7.5,7.5,70.0
2018-06-26,7.5,7.8,7.5,7.8,400.0
2018-06-27,7.8,7.8,7.8,7.8,200.0
2018-06-28,7.5,7.5,7.5,7.5,30.0
2018-07-12,7.7,7.8,7.7,7.8,870.0
2018-07-13,7.8,7.8,7.6,7.6,550.0
2018-07-16,7.5,7.5,7.5,7.5,170.0
2018-07-17,7.1,7.1,6.8,6.8,910.0
2018-07-18,6.7,6.7,6.5,6.5,1120.0
2018-07-19,6.3,6.3,6.1,6.1,970.0
2018-07-20,6.2,6.2,6.2,6.2,3400.0
2018-07-23,6.2,6.2,6.2,6.2,1220.0
2018-07-24,6.3,6.3,6.1,6.1,980.0
2018-07-25,6.1,6.1,6.1,6.1,470.0
2018-07-26,6.7,6.7,6.2,6.2,650.0
2018-07-27,6.6,6.6,6.6,6.6,0.0
2018-07-30,6.4,6.9,6.4,6.9,57880.0
2018-07-31,7.4,7.4,7.4,7.4,1060.0
2018-08-01,7.6,7.6,7.5,7.5,720.0
2018-08-02,7.5,7.6,7.5,7.6,530.0
2018-08-03,7.5,7.6,7.5,7.6,1000.0
2018-08-06,7.5,7.5,7.5,7.5,760.0
2018-08-07,7.4,7.4,7.4,7.4,140.0
2018-08-08,7.2,7.3,7.2,7.3,510.0
2018-08-09,7.2,7.2,7.2,7.2,590.0
2018-08-10,7.1,7.1,6.8,6.8,2190.0
2018-08-13,6.8,6.8,6.8,6.8,1010.0
2018-08-14,6.7,6.7,6.1,6.1,1510.0
2018-08-16,6.1,6.1,6.1,6.1,2060.0
2018-08-17,6.1,6.1,6.0,6.0,120.0
2018-08-20,6.5,6.5,6.5,6.5,190.0
2018-08-21,6.0,6.0,5.4,5.4,1770.0
2018-08-22,4.9,4.9,4.8,4.8,680.0
2018-08-23,4.7,4.7,4.5,4.5,760.0
2018-08-24,4.1,4.5,4.1,4.5,820.0
2018-08-27,4.9,4.9,4.8,4.8,100.0
2018-08-28,5.1,5.1,5.1,5.1,310.0
2018-08-29,5.0,5.0,4.6,4.6,2620.0
2018-08-30,4.8,4.8,4.8,4.8,40.0
2018-08-31,4.8,4.9,4.8,4.9,190.0
2018-09-03,5.2,5.2,5.0,5.0,30.0
2018-09-04,5.1,5.1,5.1,5.1,590.0
2018-09-05,4.6,4.6,4.4,4.4,1580.0
2018-09-06,4.5,4.5,4.5,4.5,100.0
2018-09-07,4.6,4.6,4.6,4.6,50.0
2018-09-14,4.8,4.8,4.8,4.8,360.0
2018-09-18,5.0,5.0,5.0,5.0,1560.0
2018-09-19,4.3,4.8,4.3,4.8,78250.0
2018-09-20,4.7,4.7,4.6,4.6,95440.0
2018-09-21,4.9,4.9,4.7,4.7,540.0
2018-09-27,4.0,4.4,4.0,4.4,70.0
2018-09-28,4.1,4.1,4.1,4.1,980.0
2018-10-01,4.0,4.7,4.0,4.7,5000.0
2018-10-02,5.1,6.0,5.1,6.0,6230.0
2018-10-03,6.0,6.1,5.5,6.0,1300.0
2018-10-04,6.0,6.0,5.3,5.3,5620.0
2018-10-05,5.3,5.3,4.9,4.9,400.0
2018-10-08,4.9,5.3,4.9,5.3,60.0
2018-10-09,5.4,5.4,5.4,5.4,0.0
2018-10-10,5.4,5.4,4.9,5.3,700.0
2018-10-11,5.3,5.3,5.3,5.3,10.0
2018-10-12,5.2,5.4,5.0,5.4,300.0
2018-10-15,5.0,5.4,4.9,5.3,120.0
2018-10-16,5.4,5.4,4.9,4.9,740.0
2018-10-17,4.8,4.8,4.8,4.8,200.0
2018-10-18,4.7,4.7,4.6,4.6,420.0
2018-10-19,4.6,4.6,4.4,4.6,310.0
2018-10-22,5.0,5.0,4.8,5.0,550.0
2018-10-23,5.0,5.0,5.0,5.0,600.0
2018-10-24,5.0,5.0,5.0,5.0,0.0
2018-10-25,5.0,5.0,5.0,5.0,0.0
2018-10-26,5.0,5.0,4.6,4.9,70.0
2018-10-29,4.9,4.9,4.5,4.9,20.0
2018-10-30,4.9,4.9,4.9,4.9,10.0
2018-10-31,4.9,4.9,4.9,4.9,0.0
2018-11-02,4.6,4.6,4.2,4.6,310.0
2018-11-05,4.6,4.6,4.6,4.6,150.0
2018-11-06,4.8,5.2,4.4,4.8,2270.0
2018-11-07,4.8,4.8,4.0,4.0,2770.0
2018-11-08,4.0,4.0,4.0,4.0,1220.0
2018-11-09,4.0,4.0,3.6,3.6,2080.0
2018-11-13,3.6,3.6,3.2,3.2,2840.0
2018-11-14,2.9,3.2,2.7,3.0,1320.0
2018-11-15,2.9,2.9,2.3,2.3,10310.0
2018-11-16,2.3,2.4,2.3,2.4,4180.0
2018-11-19,2.5,2.8,2.3,2.4,2890.0
2018-11-20,2.4,2.4,2.2,2.4,350.0
2018-11-21,2.4,2.6,2.4,2.6,2740.0
2018-11-22,2.9,3.2,2.9,3.2,1350.0
2018-11-23,3.5,3.8,3.2,3.6,1880.0
2018-11-26,3.9,3.9,3.6,3.9,1190.0
2018-11-27,3.7,3.8,3.4,3.7,1770.0
2018-11-28,3.4,3.8,3.4,3.8,1400.0
2018-11-29,3.9,4.4,3.8,4.2,1940.0
2018-11-30,4.3,4.7,4.2,4.5,2520.0
2018-12-03,4.4,4.4,3.9,4.2,1610.0
2018-12-04,3.9,4.4,3.9,4.3,3560.0
2018-12-05,4.4,4.4,4.2,4.2,200.0
2018-12-06,4.3,4.3,4.0,4.3,210.0
2018-12-07,4.3,4.4,3.9,4.4,750.0
2018-12-10,4.4,4.5,4.4,4.5,660.0
2018-12-11,4.5,4.5,4.4,4.5,0.0
2018-12-12,4.5,4.8,4.4,4.7,3850.0
2018-12-13,5.0,5.0,4.5,4.6,220.0
2018-12-14,4.5,4.9,4.5,4.5,1130.0
2018-12-17,4.8,4.8,4.4,4.6,1850.0
2018-12-18,4.6,4.6,4.2,4.4,1090.0
2018-12-19,4.5,4.5,4.1,4.1,2490.0
2018-12-20,4.4,4.4,3.7,3.7,770.0
2018-12-21,3.5,3.9,3.5,3.9,1240.0
2018-12-27,4.0,4.0,3.9,3.9,0.0
2018-12-28,4.0,4.0,3.1,3.1,1750.0
2019-01-03,3.3,3.6,3.3,3.6,30.0
2019-01-07,3.4,3.4,3.4,3.4,110.0
2019-01-08,3.4,3.4,3.4,3.4,1110.0
2019-01-09,3.1,3.1,3.1,3.1,560.0
2019-01-10,3.4,3.4,3.1,3.1,890.0
2019-01-11,3.4,3.4,3.4,3.4,130.0
2019-01-14,3.1,3.1,3.1,3.1,80.0
2019-01-15,3.1,3.1,3.1,3.1,890.0
2019-01-16,3.4,3.4,3.4,3.4,30.0
2019-01-17,3.1,3.1,3.1,3.1,150.0
2019-01-18,2.8,2.8,2.8,2.8,220.0
2019-01-21,2.8,3.0,2.8,3.0,1660.0
2019-01-22,3.0,3.0,3.0,3.0,1500.0
2019-01-23,3.1,3.2,3.1,3.2,350.0
2019-01-24,3.2,3.2,3.2,3.2,1090.0
2019-01-25,0.107,0.107,0.103,0.103,4800.0
2019-01-28,0.103,0.103,0.1,0.1,10650.0
2019-01-30,0.1,0.107,0.1,0.107,3300.0
2019-01-31,0.1,0.1,0.1,0.1,34090.0
2019-02-01,0.1,0.1,0.1,0.1,39410.0
2019-02-04,0.103,0.103,0.103,0.103,500.0
2019-02-05,0.1,0.1,0.1,0.1,6850.0
2019-02-06,0.097,0.097,0.097,0.097,2500.0
2019-02-07,0.097,0.1,0.097,0.1,2430.0
2019-02-08,0.097,0.097,0.093,0.093,28260.0
2019-02-12,0.1,0.1,0.1,0.1,50400.0
2019-02-13,0.103,0.103,0.103,0.103,0.0
2019-02-14,0.103,0.103,0.103,0.103,3060.0
2019-02-19,0.1,0.1,0.1,0.1,3600.0
2019-02-20,0.09,0.093,0.09,0.093,55040.0
2019-02-21,0.093,0.093,0.093,0.093,16490.0
2019-02-22,0.097,0.1,0.097,0.1,33830.0
2019-02-25,0.1,0.103,0.1,0.103,10380.0
2019-02-26,0.093,0.093,0.093,0.093,9890.0
2019-02-27,0.1,0.1,0.1,0.1,102780.0
2019-02-28,0.103,0.103,0.103,0.103,14760.0
2019-03-01,0.113,0.113,0.113,0.113,53450.0
2019-03-04,0.113,0.113,0.113,0.113,10.0
2019-03-06,0.11,0.11,0.107,0.107,16500.0
2019-03-07,0.113,0.113,0.113,0.113,30.0
2019-03-08,0.113,0.113,0.11,0.11,9450.0
2019-03-11,0.11,0.11,0.11,0.11,2730.0
2019-03-14,0.103,0.103,0.103,0.103,6000.0
2019-03-18,0.103,0.103,0.103,0.103,16040.0
2019-03-19,0.107,0.107,0.106,0.106,35590.0
2019-03-20,0.107,0.107,0.106,0.106,4780.0
2019-03-21,0.109,0.109,0.109,0.109,480.0
2019-03-22,0.107,0.107,0.107,0.107,30000.0
2019-03-25,0.103,0.103,0.103,0.103,13220.0
2019-03-27,0.095,0.095,0.095,0.095,120950.0
2019-03-29,0.097,0.097,0.097,0.097,330.0
2019-04-01,0.097,0.106,0.097,0.106,55570.0
2019-04-02,0.107,0.107,0.107,0.107,23100.0
2019-04-03,0.103,0.103,0.103,0.103,46280.0
2019-04-05,0.101,0.106,0.101,0.106,13920.0
2019-04-08,0.106,0.106,0.106,0.106,30.0
2019-04-09,0.1,0.1,0.1,0.1,750.0
2019-04-10,0.097,0.097,0.097,0.097,136100.0
2019-04-11,0.101,0.101,0.101,0.101,30.0
2019-04-12,0.103,0.103,0.103,0.103,30.0
2019-04-15,0.097,0.097,0.097,0.097,1460.0
2019-04-16,0.098,0.098,0.098,0.098,5750.0
2019-04-17,0.1,0.1,0.1,0.1,7840.0
2019-04-18,0.103,0.103,0.103,0.103,13500.0
2019-04-23,0.103,0.103,0.103,0.103,1950.0
2019-04-30,0.1,0.1,0.1,0.1,6000.0
2019-05-02,0.097,0.097,0.097,0.097,550.0
2019-05-06,0.103,0.103,0.103,0.103,20.0
2019-05-08,0.097,0.097,0.097,0.097,7250.0
2019-05-09,0.097,0.097,0.097,0.097,160.0
2019-05-13,0.09,0.09,0.09,0.09,14150.0
2019-05-14,0.09,0.09,0.09,0.09,7800.0
2019-05-15,0.09,0.09,0.09,0.09,3230.0
2019-05-16,0.09,0.09,0.09,0.09,27930.0
2019-05-21,0.09,0.09,0.09,0.09,13500.0
2019-05-22,0.09,0.09,0.09,0.09,3600.0
2019-05-23,0.09,0.09,0.09,0.09,3950.0
2019-05-24,0.09,0.09,0.09,0.09,4270.0
2019-05-27,0.093,0.093,0.093,0.093,5180.0
2019-05-28,0.093,0.093,0.093,0.093,5610.0
2019-06-05,0.093,0.093,0.093,0.093,6000.0
2019-06-06,0.093,0.093,0.093,0.093,2300.0
2019-06-11,0.087,0.087,0.087,0.087,15000.0
2019-06-27,0.087,0.087,0.087,0.087,8010.0
2019-06-28,0.087,0.087,0.087,0.087,300.0
2019-07-01,0.09,0.09,0.09,0.09,1500.0
2019-07-02,0.087,0.087,0.087,0.087,9780.0
2019-07-03,0.087,0.087,0.087,0.087,13920.0
2019-07-04,0.1,0.1,0.1,0.1,81480.0
2019-07-08,0.093,0.093,0.087,0.087,34020.0
2019-07-10,0.088,0.088,0.088,0.088,810.0
2019-07-11,0.087,0.087,0.087,0.087,8820.0
2019-07-12,0.087,0.087,0.087,0.087,17520.0
2019-07-15,0.087,0.087,0.087,0.087,1560.0
2019-07-17,0.087,0.087,0.087,0.087,15000.0
2019-07-18,0.087,0.087,0.087,0.087,8160.0
2019-07-19,0.087,0.087,0.087,0.087,72060.0
2019-07-22,0.087,0.087,0.087,0.087,4500.0
2019-07-23,0.085,0.085,0.071,0.071,15090.0
2019-07-24,0.077,0.077,0.077,0.077,6780.0
2019-07-25,0.078,0.078,0.078,0.078,15000.0
2019-07-29,0.078,0.078,0.078,0.078,15000.0
2019-07-30,0.084,0.084,0.084,0.084,4650.0
2019-07-31,0.084,0.084,0.084,0.084,6810.0
2019-08-02,0.077,0.077,0.077,0.077,60.0
2019-08-05,0.074,0.074,0.074,0.074,7110.0
2019-08-06,0.08,0.08,0.08,0.08,3300.0
2019-08-07,0.078,0.078,0.078,0.078,13500.0
2019-08-09,0.076,0.076,0.076,0.076,11520.0
2019-08-12,0.076,0.076,0.076,0.076,4860.0
2019-08-19,0.075,0.075,0.075,0.075,270.0
2019-08-20,0.08,0.08,0.08,0.08,150.0
2019-08-22,0.075,0.075,0.075,0.075,7080.0
2019-08-28,0.068,0.068,0.068,0.068,1500.0
2019-08-29,0.061,0.067,0.061,0.067,19590.0
2019-08-30,0.067,0.067,0.067,0.067,17400.0
2019-09-02,0.068,0.068,0.068,0.068,3000.0
2019-09-04,0.068,0.068,0.067,0.067,39210.0
2019-09-05,0.067,0.067,0.067,0.067,15000.0
2019-09-06,0.064,0.064,0.064,0.064,240.0
2019-09-09,0.063,0.063,0.063,0.063,17940.0
2019-09-10,0.059,0.059,0.059,0.059,2310.0
2019-09-11,0.059,0.059,0.059,0.059,1290.0
2019-09-12,0.059,0.059,0.059,0.059,3630.0
2019-09-13,0.057,0.057,0.057,0.057,780.0
2019-09-16,0.061,0.061,0.061,0.061,690.0
2019-09-17,0.061,0.061,0.061,0.061,4080.0
2019-09-18,0.063,0.063,0.063,0.063,3000.0
2019-09-19,0.062,0.062,0.062,0.062,570.0
2019-09-20,0.066,0.066,0.066,0.066,330.0
2019-09-23,0.07,0.07,0.07,0.07,12000.0
2019-09-24,0.07,0.07,0.07,0.07,12720.0
2019-09-25,0.073,0.073,0.073,0.073,4860.0
2019-09-26,0.075,0.077,0.075,0.077,82890.0
2019-09-27,0.083,0.083,0.083,0.083,12180.0
2019-09-30,0.083,0.083,0.083,0.083,13740.0
2019-10-01,0.083,0.083,0.083,0.083,6000.0
2019-10-02,0.083,0.083,0.082,0.082,21000.0
2019-10-03,0.082,0.083,0.082,0.083,15120.0
2019-10-04,0.093,0.093,0.093,0.093,1080.0
2019-10-07,0.087,0.087,0.085,0.085,13260.0
2019-10-08,0.087,0.087,0.087,0.087,14790.0
2019-10-10,0.085,0.085,0.085,0.085,3000.0
2019-10-14,0.077,0.077,0.077,0.077,3240.0
2019-10-15,0.077,0.077,0.073,0.073,12330.0
2019-10-16,0.074,0.074,0.074,0.074,9660.0
2019-10-17,0.071,0.071,0.071,0.071,6660.0
2019-10-18,0.071,0.071,0.071,0.071,3510.0
2019-10-21,0.071,0.071,0.071,0.071,3000.0
2019-10-22,0.071,0.071,0.071,0.071,3000.0
2019-10-23,0.071,0.073,0.071,0.073,18270.0
2019-10-24,0.069,0.073,0.069,0.073,30630.0
2019-10-25,0.07,0.07,0.067,0.067,55650.0
2019-10-28,0.063,0.063,0.061,0.061,81960.0
2019-10-29,0.058,0.058,0.056,0.056,67500.0
2019-10-30,0.055,0.059,0.055,0.059,81690.0
2019-10-31,0.059,0.059,0.059,0.059,45600.0
2019-11-04,0.058,0.058,0.054,0.054,56010.0
2019-11-05,0.052,0.052,0.05,0.05,242310.0
2019-11-06,0.047,0.047,0.043,0.043,231600.0
2019-11-07,0.048,0.048,0.048,0.048,3270.0
2019-11-08,0.048,0.049,0.048,0.049,187290.0
2019-11-12,0.051,0.051,0.05,0.05,181590.0
2019-11-13,0.05,0.05,0.048,0.048,109290.0
2019-11-14,0.048,0.048,0.048,0.048,67230.0
2019-11-15,0.055,0.055,0.05,0.05,570.0
2019-11-19,0.05,0.05,0.05,0.05,30.0
2019-11-20,0.049,0.049,0.049,0.049,6120.0
2019-11-21,0.048,0.048,0.048,0.048,4019.9999999999995
2019-11-22,0.044,0.044,0.044,0.044,420.0
2019-11-25,0.049,0.049,0.049,0.049,7860.0
2019-11-26,0.049,0.049,0.049,0.049,27450.0
2019-11-27,0.048,0.048,0.048,0.048,15330.0
2019-11-28,0.042,0.042,0.038,0.038,57150.0
2019-12-02,0.048,0.048,0.048,0.048,36450.0
2019-12-03,0.047,0.048,0.047,0.048,42990.0
2019-12-04,0.048,0.053,0.048,0.053,22530.0
2019-12-05,0.053,0.053,0.053,0.053,139440.0
2019-12-06,0.057,0.057,0.057,0.057,5850.0
2019-12-09,0.057,0.057,0.057,0.057,14820.0
2019-12-10,0.058,0.058,0.058,0.058,135000.0
2019-12-11,0.058,0.058,0.058,0.058,240.0
2019-12-13,0.06,0.06,0.06,0.06,990.0
2019-12-17,0.052,0.052,0.052,0.052,2130.0
2019-12-18,0.052,0.057,0.052,0.057,3810.0
2019-12-19,0.06,0.06,0.06,0.06,600.0
2019-12-23,0.05,0.05,0.05,0.05,2550.0
2019-12-27,0.048,0.048,0.047,0.047,8640.0
2019-12-30,0.05,0.055,0.05,0.055,161970.0
2020-01-02,0.065,0.065,0.06,0.06,19950.0
2020-01-03,0.06,0.06,0.06,0.06,300.0
2020-01-07,0.058,0.063,0.058,0.063,107580.0
2020-01-08,0.066,0.066,0.066,0.066,4500.0
2020-01-09,0.066,0.066,0.065,0.065,21990.0
2020-01-16,0.062,0.062,0.062,0.062,15000.0
2020-01-20,0.063,0.063,0.063,0.063,300.0
2020-01-21,0.065,0.065,0.065,0.065,81180.0
2020-01-22,0.069,0.069,0.069,0.069,36690.0
2020-01-23,0.08,0.087,0.08,0.087,183000.0
2020-01-24,0.089,0.089,0.087,0.087,268350.0
2020-01-27,0.089,0.089,0.089,0.089,66780.0
2020-01-28,0.083,0.083,0.083,0.083,1530.0
2020-01-29,0.08,0.08,0.08,0.08,205800.0
2020-01-30,0.08,0.08,0.077,0.077,3120.0
2020-01-31,0.069,0.069,0.065,0.065,50010.0
2020-02-03,0.065,0.065,0.065,0.065,71760.0
2020-02-04,0.067,0.067,0.06,0.06,24630.0
2020-02-05,0.055,0.057,0.055,0.057,61560.0
2020-02-06,0.058,0.059,0.058,0.059,11940.0
2020-02-07,0.055,0.057,0.055,0.057,48600.0
2020-02-10,0.054,0.054,0.049,0.049,81000.0
2020-02-11,0.047,0.047,0.047,0.047,33960.0
2020-02-12,0.044,0.044,0.044,0.044,7500.0
2020-02-13,0.052,0.053,0.052,0.053,145710.0
2020-02-14,0.057,0.062,0.057,0.062,76080.0
2020-02-17,0.067,0.067,0.067,0.067,300.0
2020-02-19,0.06,0.06,0.06,0.06,134250.0
2020-02-20,0.062,0.062,0.062,0.062,8010.0
2020-02-21,0.062,0.062,0.062,0.062,3240.0
2020-02-24,0.062,0.062,0.062,0.062,251850.0
2020-02-25,0.06,0.06,0.055,0.055,5820.0
2020-02-26,0.053,0.053,0.053,0.053,20460.0
2020-02-27,0.054,0.054,0.054,0.054,9030.0
2020-02-28,0.053,0.053,0.052,0.052,2580.0
2020-03-03,0.054,0.057,0.054,0.057,2730.0
2020-03-04,0.057,0.057,0.057,0.057,1020.0
2020-03-05,0.06,0.06,0.06,0.06,600.0
2020-03-09,0.057,0.057,0.057,0.057,600.0
2020-03-10,0.056,0.056,0.054,0.054,18990.0
2020-03-11,0.053,0.053,0.053,0.053,3690.0
2020-03-12,0.052,0.052,0.052,0.052,3750.0
2020-03-16,0.052,0.052,0.052,0.052,32400.0
2020-03-17,0.05,0.05,0.05,0.05,4320.0
2020-03-18,0.045,0.045,0.045,0.045,134070.0
2020-03-19,0.051,0.051,0.051,0.051,15840.0
2020-03-20,0.051,0.051,0.051,0.051,16500.0
2020-03-23,0.051,0.051,0.051,0.051,3120.0
2020-03-25,0.044,0.044,0.044,0.044,300.0
2020-03-26,0.049,0.049,0.044,0.044,306300.0
2020-03-27,0.051,0.051,0.051,0.051,600.0
2020-03-30,0.049,0.049,0.049,0.049,116730.0
2020-03-31,0.049,0.049,0.049,0.049,1500.0
2020-04-06,0.049,0.049,0.049,0.049,136770.0
2020-04-07,0.05,0.05,0.05,0.05,33150.0
2020-04-09,0.048,0.048,0.048,0.048,121650.0
2020-04-14,0.047,0.047,0.047,0.047,172080.0
2020-04-15,0.044,0.044,0.044,0.044,75330.0
2020-04-16,0.045,0.045,0.045,0.045,30450.0
2020-04-17,0.047,0.047,0.047,0.047,150.0
2020-04-20,0.047,0.047,0.047,0.047,41370.0
2020-04-21,0.048,0.048,0.048,0.048,600.0
2020-04-24,0.046,0.046,0.046,0.046,222030.0
2020-04-27,0.048,0.048,0.048,0.048,690.0
2020-04-28,0.049,0.049,0.049,0.049,14970.0
2020-04-29,0.05,0.05,0.05,0.05,3750.0
2020-04-30,0.05,0.05,0.05,0.05,12720.0
2020-05-04,0.05,0.05,0.05,0.05,18030.0
2020-05-05,0.052,0.052,0.052,0.052,26250.0
2020-05-06,0.052,0.052,0.052,0.052,36930.0
2020-05-07,0.052,0.052,0.052,0.052,360.0
2020-05-08,0.053,0.053,0.053,0.053,6090.0
2020-05-11,0.053,0.053,0.053,0.053,47010.0
2020-05-12,0.054,0.054,0.054,0.054,60000.0
2020-05-13,0.054,0.054,0.054,0.054,79980.0
2020-05-14,0.058,0.058,0.058,0.058,1500.0
2020-05-15,0.058,0.058,0.058,0.058,12450.0
2020-05-18,0.058,0.058,0.058,0.058,4500.0
2020-05-19,0.058,0.058,0.058,0.058,9060.0
2020-05-20,0.055,0.058,0.055,0.058,302760.0
2020-05-21,0.058,0.059,0.058,0.059,112860.0
2020-05-22,0.062,0.062,0.062,0.062,161730.0
2020-05-25,0.062,0.062,0.059,0.059,28860.0
2020-05-26,0.059,0.06,0.059,0.06,72450.0
2020-05-27,0.062,0.065,0.062,0.065,16320.0
2020-05-28,0.065,0.065,0.065,0.065,46500.0
2020-05-29,0.065,0.066,0.065,0.066,608710.0
2020-06-01,0.067,0.067,0.067,0.067,118200.0
2020-06-02,0.066,0.066,0.066,0.066,356970.0
2020-06-03,0.067,0.067,0.067,0.067,324300.0
2020-06-04,0.07,0.073,0.07,0.073,141000.0
2020-06-05,0.073,0.078,0.073,0.078,343770.0
2020-06-08,0.082,0.087,0.082,0.087,227430.0
2020-06-09,0.092,0.097,0.092,0.097,609100.0
2020-06-10,0.106,0.106,0.106,0.106,1270000.0
2020-06-12,0.12,0.12,0.12,0.12,670240.0
2020-06-15,0.123,0.132,0.123,0.132,697330.0
2020-06-16,0.144,0.157,0.144,0.157,1170000.0
2020-06-17,0.172,0.18,0.172,0.18,1150000.0
2020-06-18,0.187,0.195,0.187,0.195,1180000.0
2020-06-19,0.213,0.223,0.213,0.223,1130000.0
2020-06-23,0.243,0.26,0.243,0.26,531010.0
2020-06-24,0.28,0.28,0.26,0.26,172770.0
2020-06-29,0.151,0.151,0.151,0.151,58410.0
2020-06-30,0.151,0.153,0.151,0.153,54900.0
2020-07-01,0.168,0.168,0.168,0.168,6210.0
2020-07-02,0.185,0.202,0.185,0.202,53400.0
2020-07-03,0.21,0.213,0.21,0.213,57510.0
2020-07-06,0.205,0.205,0.195,0.195,92460.0
2020-07-07,0.195,0.195,0.195,0.195,45000.0
2020-07-08,0.188,0.188,0.188,0.188,3780.0
2020-07-09,0.2,0.2,0.2,0.2,120000.0
2020-07-10,0.207,0.207,0.207,0.207,48000.0
2020-07-14,0.193,0.193,0.193,0.193,3000.0
2020-07-15,0.207,0.207,0.207,0.207,75000.0
2020-07-16,0.217,0.233,0.217,0.233,84390.0
2020-07-17,0.23,0.25,0.23,0.25,111300.0
2020-07-20,0.25,0.26,0.25,0.26,68340.0
2020-07-21,0.267,0.27,0.267,0.27,139920.0
2020-07-22,0.277,0.277,0.267,0.267,54870.0
2020-07-23,0.278,0.28,0.278,0.28,34650.0
2020-07-24,0.283,0.293,0.283,0.293,17340.0
2020-07-27,0.293,0.303,0.293,0.303,44700.0
2020-07-28,0.3,0.3,0.3,0.3,39000.0
2020-07-29,0.283,0.31,0.283,0.31,29670.0
2020-07-30,0.31,0.31,0.31,0.31,4500.0
2020-07-31,0.293,0.305,0.293,0.305,36600.0
2020-08-03,0.31,0.31,0.3,0.3,10470.0
2020-08-04,0.303,0.303,0.303,0.303,30000.0
2020-08-05,0.322,0.322,0.322,0.322,5400.0
2020-08-06,0.323,0.323,0.323,0.323,43530.0
2020-08-07,0.33,0.33,0.327,0.327,10290.0
2020-08-10,0.33,0.33,0.327,0.327,37650.0
2020-08-11,0.327,0.327,0.327,0.327,37500.0
2020-08-12,0.33,0.33,0.33,0.33,15120.0
2020-08-13,0.323,0.323,0.323,0.323,30000.0
2020-08-14,0.327,0.327,0.327,0.327,3600.0
2020-08-17,0.328,0.333,0.328,0.333,167430.0
2020-08-18,0.333,0.333,0.333,0.333,34560.0
2020-08-19,0.34,0.343,0.34,0.343,36270.0
2020-08-20,0.347,0.35,0.347,0.35,42150.0
2020-08-21,0.363,0.363,0.363,0.363,10170.0
2020-08-24,0.363,0.363,0.363,0.363,35580.0
2020-08-25,0.363,0.363,0.33,0.33,38610.0
2020-08-26,0.33,0.37,0.33,0.37,19080.0
2020-08-27,0.37,0.37,0.37,0.37,35970.0
2020-08-28,0.393,0.403,0.393,0.403,95310.0
2020-08-31,0.417,0.433,0.417,0.433,98760.0
2020-09-01,0.467,0.467,0.46,0.46,16980.0
2020-09-02,0.473,0.477,0.473,0.477,86100.0
2020-09-03,0.497,0.497,0.493,0.493,233790.0
2020-09-04,0.467,0.467,0.45,0.45,120870.0
2020-09-07,0.437,0.437,0.43,0.43,77370.0
2020-09-08,0.43,0.43,0.42,0.42,122850.0
2020-09-09,0.417,0.427,0.417,0.427,37920.0
2020-09-10,0.467,0.467,0.467,0.467,27810.0
2020-09-11,0.473,0.473,0.467,0.467,24000.0
2020-09-14,0.407,0.473,0.407,0.473,31860.0
2020-09-15,0.5,0.5,0.467,0.467,62430.0
2020-09-16,0.5,0.5,0.48,0.48,46740.0
2020-09-17,0.467,0.467,0.467,0.467,33510.0
2020-09-18,0.467,0.467,0.467,0.467,19380.0
2020-09-21,0.467,0.467,0.467,0.467,182340.0
2020-09-22,0.493,0.493,0.493,0.493,4920.0
2020-09-23,0.5,0.5,0.5,0.5,83010.0
2020-09-24,0.503,0.503,0.503,0.503,97350.0
2020-09-25,0.517,0.517,0.517,0.517,22890.0
2020-09-28,0.517,0.52,0.517,0.52,64980.00000000001
2020-09-29,0.567,0.567,0.567,0.567,27900.0
2020-09-30,0.573,0.6,0.573,0.6,66840.0
2020-10-01,0.617,0.673,0.617,0.667,292350.0
2020-10-02,0.673,0.733,0.607,0.713,129509.99999999999
2020-10-05,0.72,0.767,0.713,0.767,121320.0
2020-10-06,0.72,0.747,0.64,0.64,96900.0
2020-10-07,0.64,0.667,0.577,0.617,114000.0
2020-10-08,0.667,0.667,0.55,0.593,100680.0
2020-10-09,0.617,0.617,0.553,0.6,42870.0
2020-10-12,0.627,0.627,0.57,0.617,25080.0
2020-10-13,0.617,0.617,0.577,0.58,6870.0
2020-10-14,0.6,0.6,0.553,0.553,120450.0
2020-10-15,0.593,0.597,0.553,0.597,14070.0
2020-10-16,0.613,0.667,0.563,0.65,93420.0
2020-10-19,0.667,0.733,0.647,0.72,77130.0
2020-10-20,0.7,0.7,0.657,0.667,295830.0
2020-10-21,0.7,0.767,0.687,0.767,237540.0
2020-10-22,0.767,0.84,0.767,0.793,126630.0
2020-10-23,0.82,0.9,0.8,0.867,279030.0
2020-10-26,0.92,1.0,0.853,0.987,215190.0
2020-10-27,0.967,1.127,0.78,0.78,417600.0
2020-10-28,0.833,0.867,0.6,0.6,220170.0
2020-10-29,0.543,0.66,0.543,0.603,111840.0
2020-10-30,0.653,0.713,0.607,0.7,59430.0
2020-11-02,0.713,0.78,0.65,0.767,176220.0
2020-11-03,0.8,0.933,0.8,0.933,159150.0
2020-11-04,0.96,0.993,0.893,0.907,322140.0
2020-11-05,0.9,0.907,0.84,0.9,44910.0
2020-11-06,0.9,0.9,0.833,0.833,4710.0
2020-11-09,0.707,0.833,0.707,0.78,86820.0
2020-11-10,0.787,0.833,0.773,0.833,12870.0
2020-11-12,0.833,1.0,0.833,1.0,395460.0
2020-11-13,1.013,1.073,1.007,1.06,198390.0
2020-11-16,1.067,1.113,1.0,1.067,198360.0
2020-11-17,1.0,1.053,0.933,1.053,242730.0
2020-11-18,1.033,1.12,1.013,1.033,169350.0
2020-11-19,1.0,1.067,0.98,1.047,34860.0
2020-11-20,1.06,1.093,1.0,1.033,59580.0
2020-11-23,0.993,1.06,0.987,1.007,28620.0
2020-11-24,1.0,1.0,0.9,0.987,195720.0
2020-11-25,0.973,0.98,0.9,0.96,59670.0
2020-11-26,0.933,0.98,0.893,0.94,277230.0
2020-11-27,0.967,1.107,0.967,1.067,234210.0
2020-11-30,1.08,1.12,1.08,1.107,133980.0
2020-12-01,1.12,1.127,1.033,1.12,183870.0
2020-12-02,1.12,1.133,0.953,1.06,230400.0
2020-12-03,1.053,1.053,0.993,1.04,74280.0
2020-12-04,1.093,1.093,1.0,1.033,115470.0
2020-12-07,1.053,1.053,0.96,1.013,103980.0
2020-12-08,1.027,1.027,0.98,1.0,21450.0
2020-12-09,1.027,1.027,0.967,1.007,16200.0
2020-12-10,1.02,1.02,0.96,1.0,6450.0
2020-12-11,1.007,1.007,0.947,1.0,54600.0
2020-12-14,1.0,1.0,0.947,0.973,11790.0
2020-12-15,0.973,0.987,0.88,0.98,67770.0
2020-12-16,1.0,1.0,0.953,0.993,40050.0
2020-12-17,1.0,1.133,0.933,1.133,694450.0
2020-12-18,1.133,1.133,1.033,1.087,90120.0
2020-12-21,1.087,1.087,1.0,1.06,78330.0
2020-12-22,1.04,1.1,1.013,1.1,18420.0
2020-12-23,1.093,1.093,1.013,1.087,17370.0
2020-12-28,1.107,1.107,1.027,1.093,33990.0
2020-12-29,1.1,1.1,1.067,1.093,9390.0
2020-12-30,1.1,1.1,1.04,1.093,7410.0
2021-01-04,1.067,1.133,1.02,1.06,133860.0
2021-01-05,1.06,1.08,1.047,1.08,12540.0
2021-01-07,1.087,1.087,1.04,1.087,58680.0
2021-01-08,1.093,1.093,1.053,1.087,42660.0
2021-01-11,1.06,1.14,1.047,1.12,195150.0
2021-01-12,1.12,1.147,1.093,1.12,88170.0
2021-01-13,1.133,1.3,1.133,1.24,554560.0
2021-01-14,1.253,1.32,1.233,1.313,105000.0
2021-01-15,1.313,1.373,1.3,1.333,821560.0
2021-01-18,1.333,1.613,1.333,1.613,347370.0
2021-01-19,1.607,1.933,1.533,1.933,809680.0
2021-01-20,1.983,2.05,1.8,1.867,434220.0
2021-01-21,1.9,2.083,1.9,2.083,286020.0
2021-01-22,2.1,2.133,2.0,2.117,220980.0
2021-01-25,2.117,2.133,1.933,2.083,85890.0
2021-01-26,2.067,2.067,1.917,1.967,133500.0
2021-01-27,1.967,2.0,1.783,1.85,126000.0
2021-01-28,1.817,1.95,1.683,1.95,114240.0
2021-01-29,1.933,1.933,1.833,1.933,50010.0
2021-02-01,1.983,1.983,1.85,1.9,21720.0
2021-02-02,1.983,1.983,1.85,1.917,30090.0
2021-02-03,1.95,1.95,1.867,1.933,30960.0
2021-02-04,1.95,2.0,1.9,2.0,43080.0
2021-02-05,2.033,2.117,2.0,2.1,71760.0
2021-02-08,2.15,2.333,2.117,2.233,137490.0
2021-02-09,2.267,2.283,2.167,2.167,76800.0
2021-02-10,2.217,2.433,2.2,2.433,324390.0
2021-02-11,2.45,2.483,2.3,2.4,124470.0
2021-02-12,2.4,2.433,2.3,2.4,68940.0
2021-02-15,2.35,2.467,2.35,2.467,71730.0
2021-02-16,2.467,3.067,2.467,3.067,245010.0
2021-02-17,3.0,3.0,2.867,3.0,70590.0
2021-02-18,2.983,3.0,2.833,3.0,118800.0
2021-02-19,3.16,3.98,3.0,3.98,923130.0
2021-02-22,4.22,5.0,4.18,4.48,1190000.0
2021-02-23,4.5,4.66,4.18,4.32,333200.0
2021-02-24,4.32,4.36,4.04,4.28,160700.0
2021-02-25,4.26,4.3,4.06,4.08,112320.0
2021-02-26,4.0,4.08,3.74,4.0,222630.0
2021-03-01,4.08,4.54,4.08,4.36,222470.0
2021-03-02,4.48,4.6,4.18,4.28,145910.0
2021-03-03,4.3,4.46,4.16,4.3,115360.0
2021-03-04,4.3,4.38,4.04,4.14,147030.0
2021-03-05,4.02,4.2,4.0,4.2,101760.0
2021-03-08,4.26,4.26,4.04,4.18,60580.0
2021-03-09,4.06,4.14,4.0,4.02,125930.0
2021-03-10,4.04,4.22,4.02,4.18,73200.0
2021-03-11,4.18,4.18,4.0,4.08,74290.0
2021-03-12,4.18,4.18,3.88,4.04,295180.0
2021-03-15,4.0,4.06,3.7,3.92,208240.0
2021-03-16,3.88,3.9,3.74,3.74,67090.0
2021-03-17,3.7,4.44,3.7,4.1,324890.0
2021-03-18,4.2,4.26,4.0,4.16,218810.0
2021-03-19,4.16,4.2,3.88,4.2,264440.0
2021-03-22,4.2,4.26,4.0,4.0,197770.0
2021-03-23,4.02,4.06,3.94,3.96,66480.0
2021-03-24,3.94,4.0,3.84,3.94,91970.0
2021-03-25,3.92,3.94,3.68,3.84,115330.0
2021-03-26,3.84,3.86,3.7,3.8,53710.0
2021-03-29,3.8,3.86,3.46,3.8,73720.0
2021-03-30,3.8,4.0,3.7,4.0,24660.0
2021-03-31,4.04,4.06,3.9,4.0,18430.0
2021-04-01,4.02,4.04,3.9,4.02,15130.0
2021-04-06,4.05,4.05,3.91,4.0,23870.0
2021-04-07,3.9,3.98,3.82,3.88,12240.0
2021-04-08,3.97,3.97,3.8,3.83,8109.999999999999
2021-04-09,3.97,4.0,3.68,3.76,53400.0
2021-04-12,3.76,3.92,3.68,3.84,40290.0
2021-04-13,3.84,3.9,3.7,3.81,54530.0
2021-04-14,3.82,3.99,3.71,3.86,80260.0
2021-04-15,3.88,3.88,3.71,3.79,30460.0
2021-04-16,3.79,3.85,3.62,3.81,42890.0
2021-04-19,3.8,3.8,3.63,3.71,27790.0
2021-04-20,3.74,3.75,3.5,3.55,29510.0
2021-04-21,3.51,3.73,3.45,3.52,80170.0
2021-04-22,3.52,3.75,3.28,3.62,80380.0
2021-04-23,3.97,3.97,3.63,3.68,134580.0
2021-04-26,3.78,3.79,3.64,3.65,26560.0
2021-04-27,3.7,3.7,3.6,3.6,24870.0
2021-04-28,3.6,3.89,3.57,3.81,112790.0
2021-04-29,3.8,3.8,3.6,3.78,35290.0
2021-04-30,3.65,3.68,3.52,3.66,28870.0
2021-05-04,3.59,3.89,3.54,3.67,102780.0
2021-05-05,3.68,3.84,3.64,3.67,26370.0
2021-05-06,3.75,3.75,3.55,3.55,39480.0
2021-05-07,3.61,3.66,3.55,3.63,22830.0
2021-05-10,3.64,3.64,3.45,3.5,42620.0
2021-05-11,3.45,3.59,3.38,3.5,48110.0
2021-05-12,3.5,3.5,3.25,3.3,111470.0
2021-05-13,3.3,3.38,3.12,3.22,46970.0
2021-05-14,3.29,3.4,3.2,3.39,17800.0
2021-05-17,3.32,3.48,3.27,3.37,23340.0
2021-05-18,3.37,3.45,3.27,3.36,5190.0
2021-05-19,3.35,3.48,3.22,3.39,20560.0
2021-05-20,3.39,3.48,3.35,3.45,5560.0
2021-05-21,3.48,3.79,3.33,3.69,217710.0
2021-05-24,3.64,3.64,3.32,3.4,92200.0
2021-05-25,3.4,3.4,3.15,3.27,90200.0
2021-05-26,3.17,3.3,3.17,3.2,26220.0
2021-05-27,3.2,3.36,3.15,3.3,18780.0
2021-05-28,3.28,3.32,3.17,3.3,12030.0
2021-05-31,3.36,3.36,3.2,3.3,6470.0
2021-06-01,3.3,3.3,3.17,3.28,29640.0
2021-06-02,3.29,3.29,3.2,3.29,3330.0
2021-06-04,3.22,3.28,3.16,3.25,9110.0
2021-06-07,3.27,3.27,3.16,3.24,22180.0
2021-06-08,3.2,3.2,2.95,3.02,159600.0
2021-06-09,2.99,3.13,2.97,3.01,21830.0
2021-06-10,2.99,3.01,2.96,2.99,24370.0
2021-06-11,2.96,2.98,2.85,2.9,45150.0
2021-06-14,2.88,2.94,2.84,2.92,23020.0
2021-06-15,2.95,2.95,2.81,2.89,28820.0
2021-06-16,2.89,2.9,2.64,2.79,50260.0
2021-06-17,2.78,2.79,2.64,2.72,11500.0
2021-06-18,2.72,2.72,2.45,2.5,36150.0
2021-06-21,2.51,2.51,2.3,2.36,53830.0
2021-06-22,2.35,2.5,2.35,2.48,26200.0
2021-06-23,2.41,2.49,2.41,2.49,6940.0
2021-06-24,2.49,2.78,2.49,2.74,46450.0
2021-06-25,2.78,2.92,2.77,2.9,34170.0
2021-06-28,3.02,3.14,2.9,2.9,84070.0
2021-06-29,3.08,3.1,2.85,2.9,27880.0
2021-06-30,2.86,2.98,2.82,2.98,11850.0
2021-07-01,2.98,3.04,2.82,2.93,20010.0
2021-07-02,2.8,3.0,2.8,3.0,7280.0
2021-07-05,2.96,3.04,2.94,3.04,31320.0
2021-07-06,3.0,3.02,2.95,3.01,2700.0
2021-07-07,3.02,3.03,2.94,2.94,26800.0
2021-07-08,2.94,3.01,2.86,2.97,7910.0
2021-07-09,2.98,2.98,2.86,2.9,11860.0
2021-07-12,2.86,2.96,2.58,2.58,38040.0
2021-07-13,2.64,2.78,2.62,2.69,13360.0
2021-07-14,2.75,2.82,2.54,2.55,45570.0
2021-07-15,2.75,2.75,2.5,2.58,20160.0
2021-07-16,2.58,2.69,2.5,2.69,10700.0
2021-07-19,2.69,2.69,2.52,2.62,5090.0
2021-07-20,2.61,2.62,2.47,2.6,7210.0
2021-07-21,2.6,2.64,2.48,2.62,10090.0
2021-07-22,2.74,2.74,2.55,2.7,3680.0
2021-07-23,2.7,2.7,2.52,2.7,2170.0
2021-07-26,2.74,2.74,2.52,2.53,18210.0
2021-07-27,2.6,2.6,2.52,2.52,2200.0
2021-07-28,2.69,2.69,2.52,2.53,2500.0
2021-07-29,2.6,2.6,2.51,2.58,3700.0
2021-07-30,2.58,2.85,2.53,2.85,19870.0
2021-08-02,2.93,2.94,2.8,2.8,8700.0
2021-08-03,2.75,2.86,2.75,2.8,3530.0
2021-08-04,2.78,2.8,2.65,2.78,1580.0
2021-08-05,2.78,2.91,2.66,2.73,29260.0
2021-08-06,2.9,2.9,2.75,2.88,10620.0
2021-08-09,2.88,3.1,2.74,3.1,61610.0
2021-08-10,3.1,3.12,2.95,3.09,37250.0
2021-08-11,3.09,3.09,2.9,3.04,9130.0
2021-08-12,3.04,3.04,2.9,3.0,7680.0
2021-08-13,3.0,3.04,2.8,2.92,17310.0
2021-08-16,2.92,3.0,2.8,2.96,4590.0
2021-08-17,2.97,2.98,2.83,2.96,10930.0
2021-08-18,2.96,2.96,2.85,2.93,3490.0
2021-08-19,2.95,2.95,2.8,2.9,11440.0
2021-08-20,2.9,2.9,2.8,2.86,5280.0
2021-08-23,2.9,2.9,2.8,2.88,570.0
2021-08-24,2.88,2.88,2.77,2.87,5580.0
2021-08-25,2.85,2.85,2.74,2.8,2450.0
2021-08-26,2.8,2.8,2.74,2.8,1010.0
2021-08-27,2.8,2.8,2.74,2.78,1380.0
2021-08-30,2.8,2.8,2.72,2.76,12100.0
2021-08-31,2.8,2.8,2.72,2.79,1720.0
2021-09-01,2.8,2.85,2.73,2.76,3130.0
2021-09-02,2.77,2.79,2.7,2.79,8970.0
2021-09-03,2.86,2.86,2.7,2.84,3550.0
2021-09-06,2.75,2.8,2.65,2.74,4530.0
2021-09-07,2.74,2.74,2.65,2.66,10820.0
2021-09-08,2.73,2.73,2.66,2.68,1530.0
2021-09-09,2.7,2.7,2.6,2.61,2360.0
2021-09-10,2.6,2.68,2.6,2.65,18060.0
2021-09-13,2.6,2.67,2.5,2.61,18440.0
2021-09-14,2.61,2.61,2.5,2.6,6180.0
2021-09-15,2.64,2.78,2.62,2.78,5920.0
2021-09-16,2.76,2.76,2.64,2.74,6300.0
2021-09-17,2.72,2.72,2.55,2.69,2630.0
2021-09-20,2.7,2.7,2.52,2.6,17700.0
2021-09-21,2.6,2.68,2.54,2.68,4450.0
2021-09-22,2.73,2.73,2.53,2.67,62520.0
2021-09-23,2.66,2.66,2.53,2.58,12980.0
2021-09-24,2.59,2.6,2.5,2.5,14370.0
2021-09-27,2.53,2.53,2.31,2.35,36150.0
2021-09-28,2.33,2.45,2.3,2.35,10840.0
2021-09-29,2.4,2.52,2.26,2.3,33770.0
2021-09-30,2.3,2.36,2.08,2.28,47210.0
2021-10-01,2.28,2.28,2.15,2.17,31510.0
2021-10-04,2.17,2.25,2.08,2.08,26830.0
2021-10-05,2.14,2.25,2.05,2.15,40230.0
2021-10-06,2.18,2.18,2.05,2.15,7380.0
2021-10-07,2.14,2.15,2.1,2.12,4050.0
2021-10-08,2.3,2.3,2.07,2.1,17540.0
2021-10-11,2.1,2.15,2.1,2.15,9360.0
2021-10-12,2.15,2.15,2.1,2.13,8700.0
2021-10-13,2.15,2.15,2.07,2.14,2200.0
2021-10-14,2.12,2.12,2.05,2.11,23750.0
2021-10-15,2.15,2.15,2.11,2.11,3290.0
2021-10-18,2.14,2.14,2.06,2.1,4270.0
2021-10-19,2.15,2.15,1.94,2.13,23950.0
2021-10-20,2.11,2.14,1.99,2.07,6270.0
2021-10-21,2.1,2.1,2.0,2.1,5550.0
2021-10-22,2.1,2.1,2.03,2.04,5620.0
2021-10-25,2.06,2.08,1.99,2.06,9870.0
2021-10-26,2.06,2.06,2.0,2.0,1550.0
2021-10-27,1.99,1.99,1.87,1.91,33450.0
2021-10-28,1.94,1.95,1.58,1.69,76830.0
2021-10-29,1.69,2.1,1.56,2.1,110220.0
2021-11-02,2.15,2.2,1.96,2.09,35310.0
2021-11-03,2.09,2.09,1.91,2.05,5450.0
2021-11-04,2.04,2.04,1.92,1.95,6670.0
2021-11-05,2.0,2.0,1.91,1.97,3510.0
2021-11-08,2.0,2.0,1.91,1.91,7620.0
2021-11-09,1.89,1.91,1.83,1.9,2550.0
2021-11-10,1.94,1.94,1.75,1.94,15220.0
2021-11-12,1.95,1.95,1.92,1.92,1650.0
2021-11-15,1.9,1.9,1.76,1.8,6460.0
2021-11-16,1.9,1.9,1.64,1.7,32270.000000000004
2021-11-17,1.7,1.7,1.64,1.65,4610.0
2021-11-18,1.69,1.73,1.645,1.65,31220.0
2021-11-19,1.65,1.7,1.53,1.66,7610.0
2021-11-22,1.71,1.71,1.55,1.64,3810.0
2021-11-23,1.7,1.7,1.55,1.55,9070.0
2021-11-24,1.55,1.625,1.53,1.625,12700.0
2021-11-25,1.71,1.8,1.61,1.8,20310.0
2021-11-26,1.79,1.79,1.62,1.76,9610.0
2021-11-29,1.785,1.785,1.61,1.72,8630.0
2021-11-30,1.7,1.76,1.63,1.7,7520.0
2021-12-01,1.75,1.76,1.7,1.72,4300.0
2021-12-02,1.76,1.76,1.615,1.615,4040.0
2021-12-03,1.79,1.79,1.7,1.7,4019.9999999999995
2021-12-06,1.79,1.79,1.72,1.75,9700.0
2021-12-07,1.79,1.8,1.62,1.75,16230.0
2021-12-08,1.75,1.8,1.62,1.79,36560.0
2021-12-09,1.81,1.81,1.675,1.79,12640.0
2021-12-10,1.75,1.75,1.62,1.715,10300.0
2021-12-13,1.715,1.715,1.61,1.61,3220.0
2021-12-14,1.69,1.69,1.5,1.55,31970.0
2021-12-15,1.65,1.65,1.555,1.63,52250.0
2021-12-16,1.63,1.63,1.5,1.54,66140.0
2021-12-17,1.51,1.54,1.47,1.48,143700.0
2021-12-20,1.5,1.5,1.37,1.42,161720.0
2021-12-21,1.42,1.42,1.36,1.38,29480.0
2021-12-22,1.38,1.38,1.335,1.335,35880.0
2021-12-23,1.3,1.35,1.22,1.3,34710.0
2021-12-27,1.25,1.28,1.2,1.24,54490.0
2021-12-28,1.26,1.26,1.2,1.205,202950.0
2021-12-29,1.21,1.3,1.21,1.3,179780.0
2021-12-30,1.3,1.3,1.23,1.3,22080.0
2022-01-03,1.25,1.51,1.22,1.51,19220.0
2022-01-04,1.5,1.58,1.4,1.57,26080.0
2022-01-05,1.56,1.68,1.43,1.5,37320.0
2022-01-07,1.44,1.58,1.4,1.5,6170.0
2022-01-10,1.5,1.5,1.415,1.48,6440.0
2022-01-11,1.48,1.55,1.45,1.55,9490.0
2022-01-12,1.55,1.55,1.5,1.55,7610.0
2022-01-13,1.6,1.6,1.505,1.59,5550.0
2022-01-14,1.56,1.59,1.5,1.59,20490.0
2022-01-17,1.59,1.64,1.53,1.64,5690.0
2022-01-18,1.68,1.68,1.535,1.625,7700.0
2022-01-19,1.67,1.67,1.505,1.6,16390.0
2022-01-20,1.595,1.595,1.51,1.515,1900.0
2022-01-21,1.56,1.56,1.47,1.54,11590.0
2022-01-24,1.58,1.66,1.47,1.54,82560.0
2022-01-25,1.5,1.54,1.49,1.54,9750.0
2022-01-26,1.62,1.62,1.62,1.62,50.0
2022-01-27,1.6,1.6,1.47,1.59,5370.0
2022-01-28,1.59,1.59,1.45,1.52,6310.0
2022-01-31,1.5,1.5,1.4,1.5,13290.0
2022-02-01,1.55,1.55,1.36,1.495,6950.0
2022-02-02,1.525,1.525,1.4,1.505,4600.0
2022-02-03,1.495,1.495,1.38,1.49,5310.0
2022-02-04,1.49,1.49,1.38,1.45,3230.0
2022-02-07,1.39,1.44,1.38,1.435,5300.0
2022-02-08,1.44,1.44,1.43,1.43,10.0
2022-02-09,1.43,1.48,1.39,1.42,3500.0
2022-02-10,1.48,1.48,1.38,1.4,4019.9999999999995
2022-02-11,1.365,1.365,1.35,1.35,7970.0
2022-02-14,1.35,1.35,1.25,1.33,16110.0
2022-02-15,1.33,1.45,1.33,1.4,9900.0
2022-02-16,1.4,1.45,1.33,1.45,2290.0
2022-02-17,1.39,1.395,1.39,1.395,810.0
2022-02-18,1.395,1.395,1.26,1.275,11440.0
2022-02-21,1.27,1.3,1.25,1.3,2550.0
2022-02-22,1.26,1.3,1.21,1.3,9090.0
2022-02-23,1.32,1.32,1.22,1.32,5270.0
2022-02-24,1.25,1.25,1.13,1.13,14870.0
2022-02-25,1.11,1.32,1.11,1.28,43130.0
2022-02-28,1.32,1.36,1.26,1.26,2570.0
2022-03-01,1.26,1.32,1.155,1.32,7650.0
2022-03-02,1.36,1.36,1.24,1.35,5860.0
2022-03-03,1.3,1.4,1.25,1.4,1080000.0
2022-03-04,1.4,1.45,1.27,1.4,6920.0
2022-03-07,1.43,1.43,1.415,1.415,3000.0
2022-03-08,1.43,1.43,1.4,1.4,130.0
2022-03-09,1.39,1.39,1.3,1.3,5920.0
2022-03-10,1.43,1.43,1.4,1.4,1180.0
2022-03-11,1.35,1.37,1.35,1.36,6860.0
2022-03-14,1.35,1.35,1.3,1.3,2520.0
2022-03-15,1.29,1.29,1.245,1.245,5010.0
2022-03-16,1.285,1.575,1.23,1.56,132530.0
2022-03-17,1.56,1.59,1.34,1.355,95280.0
2022-03-18,1.415,1.47,1.315,1.44,32610.0
2022-03-21,1.47,1.48,1.325,1.4,24300.0
2022-03-22,1.45,1.45,1.31,1.4,25280.0
2022-03-23,1.43,1.43,1.3,1.4,24810.0
2022-03-24,1.31,1.48,1.31,1.48,16090.0
2022-03-25,1.48,1.48,1.38,1.41,17180.0
2022-03-28,1.43,1.43,1.36,1.4,16610.0
2022-03-29,1.43,1.43,1.36,1.4,21450.0
2022-03-30,1.4,1.43,1.37,1.42,8780.0
2022-03-31,1.42,1.42,1.35,1.4,13460.0
2022-04-01,1.4,1.44,1.395,1.435,9200.0
2022-04-04,1.44,1.5,1.4,1.45,32080.0
2022-04-05,1.47,1.47,1.37,1.4,9970.0
2022-04-06,1.44,1.44,1.36,1.36,7400.0
2022-04-07,1.43,1.43,1.36,1.36,4450.0
2022-04-08,1.4,1.4,1.34,1.37,5780.0
2022-04-11,1.37,1.38,1.34,1.38,3510.0
2022-04-12,1.38,1.425,1.32,1.425,8440.0
2022-04-13,1.42,1.43,1.41,1.43,8100.0
2022-04-14,1.42,1.42,1.35,1.36,1380.0
2022-04-19,1.4,1.425,1.36,1.425,7260.0
2022-04-20,1.425,1.47,1.355,1.46,31290.0
2022-04-21,1.48,1.48,1.445,1.445,300.0
2022-04-22,1.44,1.44,1.355,1.355,2470.0
2022-04-25,1.36,1.43,1.35,1.35,10000.0
2022-04-26,1.425,1.425,1.35,1.35,3010.0
2022-04-27,1.42,1.42,1.34,1.395,4350.0
2022-04-28,1.395,1.395,1.395,1.395,2020.0
2022-04-29,1.42,1.42,1.355,1.4,2870.0
2022-05-02,1.4,1.4,1.34,1.37,4110.0
2022-05-04,1.4,1.4,1.29,1.3,6890.0
2022-05-05,1.3,1.3,1.235,1.3,2280.0
2022-05-06,1.35,1.35,1.25,1.33,12600.0
2022-05-09,1.33,1.33,1.24,1.24,3100.0
2022-05-10,1.29,1.33,1.29,1.33,1210.0
2022-05-11,1.325,1.325,1.26,1.27,5920.0
2022-05-12,1.28,1.28,1.24,1.24,5510.0
2022-05-13,1.31,1.31,1.3,1.3,160.0
2022-05-16,1.3,1.325,1.3,1.3,1000.0
2022-05-17,1.31,1.31,1.26,1.3,2410.0
2022-05-18,1.3,1.3,1.18,1.2,19360.0
2022-05-19,1.25,1.25,1.19,1.25,9500.0
2022-05-20,1.195,1.195,1.06,1.06,188750.0
2022-05-23,1.04,1.08,1.025,1.045,31020.0
2022-05-24,1.03,1.03,0.866,0.91,215640.0
2022-05-25,0.9,0.9,0.73,0.74,339620.0
2022-05-26,0.73,0.74,0.73,0.73,46390.0
2022-05-27,0.7,0.728,0.69,0.72,34630.0
2022-05-30,0.728,0.732,0.728,0.73,22420.0
2022-05-31,0.732,0.732,0.712,0.712,30430.0
2022-06-01,0.728,0.728,0.69,0.7,24830.0
2022-06-02,0.756,0.756,0.662,0.67,17590.0
2022-06-03,0.688,0.688,0.65,0.65,10750.0
2022-06-06,0.63,0.696,0.616,0.616,42990.0
2022-06-07,0.616,0.648,0.61,0.61,15770.0
2022-06-08,0.64,0.64,0.576,0.6,48810.0
2022-06-09,0.61,0.61,0.47,0.47,352180.0
2022-06-10,0.5,0.5,0.405,0.43,111260.0
2022-06-13,0.412,0.453,0.4,0.445,66870.0
2022-06-14,0.445,0.445,0.401,0.402,83020.0
2022-06-15,0.416,0.45,0.4,0.45,26960.0
2022-06-17,0.526,0.56,0.46,0.46,68580.0
2022-06-20,0.5,0.55,0.461,0.5,55740.0
2022-06-21,0.54,0.65,0.52,0.56,159190.0
2022-06-22,0.58,0.718,0.57,0.71,253540.0
2022-06-23,0.72,0.896,0.68,0.896,344280.0
2022-06-24,0.89,1.05,0.73,0.798,787120.0
2022-06-27,0.79,0.79,0.672,0.672,136950.0
2022-06-28,0.632,0.816,0.632,0.79,140510.0
2022-06-29,0.788,0.788,0.656,0.67,123850.0
2022-06-30,0.66,0.698,0.632,0.632,65150.00000000001
2022-07-01,0.62,0.682,0.61,0.642,41450.0
2022-07-04,0.65,0.668,0.59,0.61,71220.0
2022-07-05,0.618,0.634,0.614,0.614,2880.0
2022-07-06,0.614,0.614,0.554,0.59,43920.0
2022-07-07,0.608,0.608,0.506,0.55,91410.0
2022-07-08,0.506,0.554,0.506,0.536,83170.0
2022-07-11,0.532,0.532,0.504,0.516,10690.0
2022-07-12,0.512,0.522,0.49,0.52,24010.0
2022-07-13,0.516,0.566,0.49,0.564,61950.0
2022-07-14,0.562,0.562,0.51,0.512,55390.0
2022-07-15,0.522,0.546,0.516,0.546,27550.0
2022-07-18,0.554,0.554,0.544,0.552,14730.0
2022-07-19,0.554,0.558,0.528,0.558,18410.0
2022-07-20,0.558,0.672,0.558,0.628,75280.0
2022-07-21,0.628,0.658,0.58,0.62,30490.0
2022-07-22,0.616,0.62,0.584,0.616,12760.0
2022-07-25,0.638,0.638,0.6,0.6,56160.0
2022-07-26,0.6,0.628,0.58,0.628,40240.0
2022-07-27,0.62,0.62,0.584,0.618,1570.0
2022-07-28,0.618,0.618,0.56,0.56,12750.0
2022-07-29,0.61,0.612,0.582,0.6,10780.0
2022-08-01,0.6,0.618,0.6,0.6,9030.0
2022-08-02,0.574,0.59,0.546,0.546,25390.0
2022-08-03,0.596,0.596,0.556,0.58,5860.0
2022-08-04,0.58,0.58,0.558,0.58,14630.0
2022-08-05,0.59,0.59,0.578,0.578,10.0
2022-08-08,0.59,0.59,0.532,0.55,51210.0
2022-08-09,0.548,0.548,0.494,0.53,41770.0
2022-08-10,0.52,0.53,0.52,0.52,3180.0
2022-08-11,0.52,0.52,0.5,0.514,10210.0
2022-08-12,0.5,0.536,0.5,0.536,5520.0
2022-08-16,0.536,0.536,0.514,0.534,5580.0
2022-08-17,0.534,0.536,0.52,0.536,12420.0
2022-08-18,0.534,0.536,0.52,0.536,1300.0
2022-08-19,0.536,0.536,0.52,0.52,2100.0
2022-08-22,0.534,0.534,0.502,0.51,22970.0
2022-08-23,0.5,0.5,0.485,0.497,46340.0
2022-08-24,0.497,0.497,0.484,0.494,12260.0
2022-08-25,0.518,0.518,0.48,0.48,14690.0
2022-08-26,0.506,0.506,0.46,0.48,30420.0
2022-08-29,0.488,0.488,0.461,0.485,2000.0
2022-08-30,0.461,0.48,0.45,0.48,22440.0
2022-08-31,0.49,0.49,0.452,0.488,26090.0
2022-09-01,0.488,0.488,0.45,0.45,26860.0
2022-09-02,0.477,0.477,0.432,0.466,6920.0
2022-09-05,0.493,0.5,0.486,0.486,5410.0
2022-09-06,0.499,0.5,0.498,0.5,3960.0
2022-09-07,0.49,0.49,0.451,0.455,9250.0
2022-09-08,0.478,0.496,0.46,0.496,7120.0
2022-09-09,0.496,0.497,0.494,0.497,6610.0
2022-09-12,0.499,0.499,0.458,0.49,6700.0
2022-09-13,0.47,0.496,0.457,0.496,13360.0
2022-09-14,0.499,0.499,0.451,0.46,18600.0
2022-09-15,0.46,0.499,0.46,0.491,3210.0
2022-09-16,0.492,0.492,0.46,0.49,9920.0
2022-09-19,0.46,0.49,0.452,0.49,18020.0
2022-09-20,0.49,0.495,0.47,0.489,13900.0
2022-09-21,0.482,0.5,0.46,0.49,13490.0
2022-09-22,0.5,0.5,0.456,0.456,8080.0
2022-09-23,0.498,0.5,0.47,0.47,10780.0
2022-09-26,0.496,0.496,0.462,0.462,9670.0
2022-09-27,0.462,0.496,0.46,0.496,780.0
2022-09-28,0.496,0.496,0.454,0.49,5320.0
2022-09-29,0.49,0.49,0.452,0.453,40.0
2022-09-30,0.488,0.488,0.453,0.453,6640.0
2022-10-03,0.466,0.466,0.454,0.454,4470.0
2022-10-04,0.481,0.481,0.452,0.452,20060.0
2022-10-05,0.479,0.479,0.433,0.457,6810.0
2022-10-06,0.458,0.477,0.44,0.45,12390.0
2022-10-07,0.468,0.479,0.454,0.454,2720.0
2022-10-10,0.454,0.454,0.416,0.45,2510.0
2022-10-11,0.453,0.454,0.453,0.454,10240.0
2022-10-12,0.48,0.48,0.453,0.453,4790.0
2022-10-13,0.48,0.48,0.476,0.476,10.0
2022-10-14,0.476,0.476,0.453,0.472,1320.0
2022-10-17,0.472,0.472,0.47,0.47,1110.0
2022-10-18,0.468,0.468,0.464,0.464,10.0
2022-10-19,0.464,0.464,0.464,0.464,1000.0
2022-10-20,0.466,0.466,0.459,0.459,1500.0
2022-10-21,0.45,0.484,0.417,0.484,76300.0
2022-10-24,0.47,0.566,0.429,0.5,153420.0
2022-10-25,0.51,0.516,0.44,0.459,85600.0
2022-10-26,0.459,0.459,0.431,0.448,31490.0
2022-10-27,0.43,0.448,0.43,0.448,12850.0
2022-10-28,0.431,0.448,0.421,0.448,3700.0
2022-10-31,0.445,0.458,0.417,0.458,4800.0
2022-11-02,0.459,0.459,0.458,0.458,6880.0
2022-11-03,0.45,0.458,0.442,0.442,12150.0
2022-11-04,0.456,0.456,0.452,0.452,230.0
2022-11-07,0.45,0.45,0.43,0.432,8150.0
2022-11-08,0.452,0.456,0.45,0.456,5100.0
2022-11-09,0.455,0.455,0.421,0.451,27800.0
2022-11-10,0.456,0.456,0.44,0.452,7500.0
2022-11-14,0.452,0.452,0.44,0.44,950.0
2022-11-15,0.452,0.452,0.429,0.431,24530.0
2022-11-16,0.439,0.439,0.404,0.412,46100.0
2022-11-17,0.434,0.434,0.406,0.427,13650.0
2022-11-18,0.427,0.427,0.414,0.414,6840.0
2022-11-21,0.427,0.427,0.41,0.414,13800.0
2022-11-22,0.414,0.414,0.409,0.409,10.0
2022-11-23,0.409,0.438,0.403,0.437,24920.0
2022-11-24,0.454,0.459,0.417,0.422,29290.0
2022-11-25,0.454,0.455,0.44,0.45,7610.0
2022-11-28,0.455,0.455,0.422,0.425,63920.0
2022-11-29,0.44,0.44,0.419,0.42,6050.0
2022-11-30,0.438,0.438,0.413,0.415,18720.0
2022-12-01,0.415,0.445,0.415,0.43,14940.0
2022-12-02,0.448,0.448,0.446,0.446,100.0
2022-12-05,0.445,0.445,0.418,0.42,17460.0
2022-12-06,0.43,0.43,0.429,0.429,10.0
2022-12-07,0.429,0.44,0.417,0.435,11720.0
2022-12-08,0.44,0.44,0.417,0.417,6940.0
2022-12-09,0.435,0.435,0.418,0.427,8600.0
2022-12-12,0.422,0.422,0.417,0.417,8020.0
2022-12-13,0.418,0.435,0.413,0.414,7310.0
2022-12-14,0.419,0.422,0.412,0.42,15360.0
2022-12-15,0.429,0.434,0.412,0.429,21070.0
2022-12-16,0.433,0.433,0.412,0.424,5900.0
2022-12-19,0.413,0.417,0.4,0.415,43980.0
2022-12-20,0.416,0.416,0.392,0.406,28560.0
2022-12-21,0.424,0.424,0.393,0.405,4070.0000000000005
2022-12-22,0.435,0.602,0.435,0.602,297870.0
2022-12-23,0.8,0.94,0.75,0.94,884150.0
2022-12-27,0.93,0.94,0.772,0.812,713270.0
2022-12-28,0.812,0.96,0.81,0.9,750950.0
2022-12-29,0.9,0.93,0.86,0.898,151680.0
2022-12-30,0.88,0.928,0.862,0.906,219220.0
2023-01-02,0.916,0.916,0.868,0.88,87850.0
2023-01-03,0.918,0.918,0.868,0.874,65980.0
2023-01-04,0.87,0.9,0.868,0.868,82460.0
2023-01-05,0.86,0.898,0.836,0.87,60580.0
2023-01-09,0.854,0.89,0.79,0.826,106110.0
2023-01-10,0.83,0.83,0.752,0.788,93730.0
2023-01-11,0.792,0.792,0.75,0.75,48600.0
2023-01-12,0.75,0.796,0.75,0.75,40570.0
2023-01-13,0.778,0.78,0.738,0.76,20530.0
2023-01-16,0.702,0.76,0.702,0.728,13200.0
2023-01-17,0.78,0.78,0.704,0.732,22070.0
2023-01-18,0.778,0.778,0.708,0.712,19380.0
2023-01-19,0.716,0.75,0.716,0.75,12610.0
2023-01-20,0.75,0.812,0.75,0.8,25550.0
2023-01-23,0.8,0.8,0.756,0.756,14010.0
2023-01-24,0.778,0.778,0.732,0.766,750.0
2023-01-25,0.766,0.766,0.7,0.736,48820.0
2023-01-26,0.74,0.766,0.712,0.74,11250.0
2023-01-27,0.758,0.758,0.738,0.738,1560.0
2023-01-30,0.756,0.756,0.7,0.704,19290.0
2023-01-31,0.748,0.85,0.706,0.83,104830.0
2023-02-01,0.83,0.85,0.752,0.8,57800.0
2023-02-02,0.8,0.8,0.762,0.788,16460.0
2023-02-03,0.764,1.1,0.764,1.1,245810.0
2023-02-06,1.1,1.36,1.01,1.275,715830.0
2023-02-07,1.3,1.32,1.17,1.27,486870.0
2023-02-08,1.25,1.25,1.185,1.23,147210.0
2023-02-09,1.185,1.22,1.08,1.12,117810.0
2023-02-10,1.08,1.4,1.06,1.26,441840.0
2023-02-13,1.285,1.3,1.15,1.15,178330.0
2023-02-14,1.15,1.185,1.08,1.11,142540.0
2023-02-15,1.135,1.245,1.11,1.13,115420.0
2023-02-16,1.13,1.15,1.05,1.09,28300.0
2023-02-17,1.09,1.095,1.0,1.03,94990.0
2023-02-20,1.03,1.085,1.01,1.04,26260.0
2023-02-21,1.07,1.07,1.0,1.035,22470.0
2023-02-22,1.035,1.035,1.0,1.035,6590.0
2023-02-23,1.01,1.035,0.952,1.03,61750.0
2023-02-24,1.035,1.08,0.992,1.05,19190.0
2023-02-27,1.05,1.145,1.04,1.115,37580.0
2023-02-28,1.115,1.16,1.08,1.125,93590.0
2023-03-01,1.15,1.15,1.035,1.125,501550.0
2023-03-02,1.145,1.17,1.09,1.1,49570.0
2023-03-03,1.15,1.15,1.095,1.1,17120.0
2023-03-06,1.14,1.14,1.07,1.09,3250.0
2023-03-07,1.08,1.08,1.03,1.055,63180.0
2023-03-08,1.05,1.11,1.05,1.11,43920.0
2023-03-09,1.13,1.13,1.08,1.105,9330.0
2023-03-10,1.085,1.18,1.085,1.14,67000.0
2023-03-13,1.16,1.16,1.03,1.06,35530.0
2023-03-14,1.06,1.09,1.0,1.085,45390.0
2023-03-15,1.09,1.09,1.02,1.03,9200.0
2023-03-16,1.06,1.06,1.025,1.055,2000.0
2023-03-17,1.06,1.165,1.05,1.11,36160.0
2023-03-20,1.04,1.14,1.04,1.1,32090.000000000004
2023-03-21,1.14,1.185,1.05,1.11,71790.0
2023-03-22,1.12,1.12,1.05,1.105,29300.0
2023-03-23,1.12,1.135,1.07,1.12,16430.0
2023-03-24,1.12,1.12,1.04,1.065,54820.0
2023-03-27,1.075,1.095,1.045,1.05,36580.0
2023-03-28,1.055,1.095,1.055,1.055,16950.0
2023-03-29,1.055,1.085,1.055,1.065,3290.0
2023-03-30,1.07,1.085,1.055,1.065,20080.0
2023-03-31,1.085,1.085,1.045,1.045,26280.0
2023-04-03,1.08,1.08,1.045,1.045,10800.0
2023-04-04,1.045,1.06,1.02,1.02,50080.0
2023-04-05,1.065,1.065,1.03,1.06,1620.0
2023-04-06,1.055,1.06,1.02,1.045,6180.0
2023-04-11,1.03,1.03,0.95,1.02,61690.0
2023-04-12,1.015,1.015,0.966,0.998,13000.0
2023-04-13,0.998,1.095,0.97,0.998,156550.0
2023-04-14,1.035,1.035,0.97,0.99,70550.0
2023-04-17,1.005,1.035,0.984,1.035,13700.0
2023-04-18,1.035,1.035,0.988,0.988,4750.0
2023-04-19,1.0,1.0,0.98,0.98,7560.0
2023-04-20,0.982,1.005,0.982,0.994,6460.0
2023-04-21,1.005,1.005,0.972,1.005,18520.0
2023-04-24,0.982,1.005,0.982,0.986,7300.0
2023-04-25,1.005,1.005,0.98,0.98,6900.0
2023-04-26,0.98,0.98,0.902,0.938,47620.0
2023-04-27,0.942,0.99,0.942,0.988,10700.0
2023-04-28,0.988,0.99,0.96,0.99,13890.0
2023-05-02,0.99,0.99,0.924,0.988,6330.0
2023-05-04,0.97,0.97,0.904,0.92,73840.0
2023-09-20,0.85,0.898,0.77,0.87,319290.0
2023-09-21,0.832,0.866,0.684,0.714,149650.0
2023-09-22,0.742,0.742,0.582,0.598,297860.0
2023-09-25,0.6,0.61,0.492,0.5,485000.0
2023-09-26,0.5,0.58,0.48,0.58,481470.0
2023-09-27,0.58,0.59,0.492,0.516,325580.0
2023-09-28,0.504,0.52,0.48,0.497,101240.0
2023-09-29,0.514,0.528,0.49,0.528,63710.0
2023-10-02,0.528,0.538,0.49,0.49,96940.0
2023-10-03,0.498,0.52,0.48,0.52,25540.0
2023-10-19,0.7,0.77,0.64,0.68,1140000.0
2023-10-20,0.678,0.7,0.576,0.6,614860.0
2023-10-23,0.624,0.624,0.55,0.55,129820.0
2023-10-24,0.548,0.586,0.51,0.568,458450.0
2023-10-25,0.568,0.578,0.522,0.578,181370.0
2023-10-26,0.558,0.6,0.554,0.598,180980.0
2023-10-27,0.6,0.6,0.54,0.54,400740.0
2023-10-30,0.56,0.56,0.538,0.544,57330.0
2023-10-31,0.554,0.56,0.53,0.536,111700.0
2023-11-02,0.534,0.552,0.522,0.542,29390.0
2023-11-03,0.54,0.54,0.522,0.536,39890.0
2023-11-06,0.54,0.554,0.516,0.554,51950.0
2023-11-07,0.54,0.552,0.497,0.497,255660.0
2023-11-08,0.514,0.518,0.497,0.498,47180.0
2023-11-09,0.504,0.512,0.488,0.5,38240.0
2023-11-10,0.5,0.51,0.47,0.49,25790.0
2023-11-13,0.49,0.51,0.486,0.508,19410.0
2023-11-14,0.508,0.55,0.508,0.53,58740.0
2023-11-15,0.53,0.536,0.498,0.5,18350.0
2023-11-16,0.524,0.524,0.484,0.5,59480.0
2023-11-17,0.518,0.518,0.476,0.496,44780.0
2023-11-20,0.496,0.496,0.47,0.488,42760.0
2023-11-21,0.488,0.508,0.463,0.498,115150.0
2023-11-22,0.496,0.496,0.47,0.494,33670.0
2023-11-23,0.493,0.495,0.476,0.495,7750.0
2023-11-24,0.495,0.495,0.48,0.48,36630.0
2023-11-27,0.499,0.5,0.482,0.49,12790.0
2023-11-28,0.495,0.495,0.48,0.481,6130.0
2023-11-29,0.48,0.491,0.473,0.49,40460.0
2023-11-30,0.52,0.548,0.504,0.526,277990.0
2023-12-01,0.546,0.548,0.51,0.538,124690.0
2023-12-04,0.536,0.544,0.51,0.522,67130.0
2023-12-05,0.522,0.53,0.502,0.512,65220.0
2023-12-06,0.512,0.518,0.492,0.5,47380.0
2023-12-07,0.5,0.518,0.498,0.516,14520.0
2023-12-08,0.51,0.53,0.504,0.51,26230.0
2023-12-11,0.52,0.52,0.49,0.5,105170.0
2023-12-12,0.5,0.55,0.484,0.55,122130.0
2023-12-13,0.495,0.598,0.45,0.588,640340.0
2023-12-14,0.58,0.592,0.522,0.578,341950.0
2023-12-15,0.54,0.55,0.486,0.493,1080000.0
2023-12-18,0.498,0.51,0.493,0.5,75950.0
2023-12-19,0.493,0.51,0.491,0.496,47960.0
2023-12-20,0.498,0.5,0.478,0.49,104780.0
2023-12-21,0.497,0.497,0.48,0.495,60060.0
2023-12-22,0.482,0.489,0.482,0.489,62830.0
2023-12-27,0.488,0.489,0.471,0.477,75060.0
2023-12-28,0.488,0.49,0.472,0.489,23760.0
2023-12-29,0.49,0.499,0.482,0.497,63320.0
2024-01-02,0.487,0.532,0.487,0.524,102410.0
2024-01-03,0.518,0.52,0.502,0.51,29260.0
2024-01-04,0.514,0.514,0.49,0.5,62080.0
2024-01-05,0.5,0.512,0.491,0.5,16700.0
2024-01-08,0.5,0.5,0.484,0.493,30070.0
2024-01-09,0.508,0.508,0.492,0.5,43630.0
2024-01-10,0.499,0.499,0.494,0.498,18810.0
2024-01-11,0.498,0.498,0.49,0.498,6470.0
2024-01-12,0.491,0.496,0.49,0.496,20730.0
2024-01-15,0.496,0.5,0.495,0.497,12360.0
2024-01-16,0.495,0.496,0.493,0.496,11610.0
2024-01-17,0.494,0.498,0.489,0.493,40230.0
2024-01-18,0.495,0.496,0.49,0.494,22930.0
2024-01-19,0.498,0.498,0.491,0.496,23760.0
2024-01-22,0.49,0.495,0.488,0.493,11720.0
2024-01-23,0.488,0.493,0.48,0.491,12700.0
2024-01-24,0.487,0.491,0.481,0.489,8650.0
2024-01-25,0.489,0.49,0.48,0.48,29500.0
2024-01-26,0.487,0.491,0.47,0.472,58020.0
2024-01-29,0.491,0.492,0.471,0.489,17180.0
2024-01-30,0.489,0.492,0.489,0.491,23610.0
2024-01-31,0.489,0.491,0.47,0.489,42460.0
2024-02-01,0.489,0.491,0.477,0.488,9220.0
2024-02-02,0.48,0.491,0.475,0.486,29300.0
2024-02-05,0.486,0.486,0.472,0.48,13930.0
2024-02-06,0.475,0.487,0.47,0.482,13800.0
2024-02-07,0.473,0.478,0.467,0.47,25200.0
2024-02-08,0.48,0.488,0.476,0.487,21240.0
2024-02-09,0.487,0.488,0.478,0.488,10300.0
2024-02-12,0.488,0.488,0.479,0.485,15750.0
2024-02-13,0.486,0.512,0.477,0.492,97230.0
2024-02-14,0.51,0.51,0.471,0.485,41470.0
2024-02-15,0.486,0.486,0.474,0.485,10360.0
2024-02-16,0.477,0.484,0.474,0.482,11450.0
2024-02-19,0.482,0.482,0.45,0.48,53150.0
2024-02-20,0.482,0.482,0.463,0.48,13540.0
2024-02-21,0.479,0.496,0.466,0.492,29070.0
2024-02-22,0.491,0.491,0.469,0.48,12800.0
2024-02-23,0.487,0.489,0.47,0.486,28400.0
2024-02-26,0.487,0.49,0.472,0.49,29650.0
2024-02-27,0.488,0.488,0.474,0.487,12130.0
2024-02-28,0.487,0.49,0.478,0.49,1470.0
2024-02-29,0.488,0.488,0.455,0.476,61850.0
2024-03-01,0.475,0.479,0.452,0.476,36550.0
2024-03-04,0.475,0.475,0.453,0.464,26560.0
2024-03-05,0.463,0.463,0.431,0.439,61720.0
2024-03-06,0.446,0.483,0.434,0.46,50220.0
2024-03-07,0.46,0.46,0.43,0.453,8800.0
2024-03-08,0.453,0.453,0.437,0.451,11160.0
2024-03-11,0.454,0.457,0.441,0.457,8090.0
2024-03-12,0.44,0.456,0.425,0.44,45540.0
2024-03-13,0.446,0.458,0.42,0.458,44980.0
2024-03-14,0.458,0.473,0.458,0.47,13850.0
2024-03-15,0.453,0.468,0.434,0.463,4740.0
2024-03-18,0.44,0.463,0.439,0.462,8820.0
2024-03-19,0.468,0.468,0.439,0.468,10360.0
2024-03-20,0.469,0.469,0.468,0.469,8790.0
2024-03-21,0.47,0.479,0.445,0.475,600.0
2024-03-22,0.478,0.48,0.447,0.47,3900.0
2024-03-25,0.484,0.49,0.47,0.487,41150.0
2024-03-26,0.473,0.485,0.46,0.484,6450.0
2024-03-27,0.483,0.483,0.45,0.48,2020.0
2024-03-28,0.48,0.48,0.45,0.467,9610.0
2024-04-02,0.467,0.514,0.445,0.514,65660.0
2024-04-03,0.508,0.51,0.472,0.485,33820.0
2024-04-04,0.483,0.494,0.463,0.484,31180.0
2024-04-05,0.489,0.496,0.471,0.491,6770.0
2024-04-08,0.472,0.49,0.471,0.471,12000.0
2024-04-09,0.489,0.489,0.454,0.466,46170.0
2024-04-10,0.465,0.478,0.461,0.475,11580.0
2024-04-11,0.475,0.49,0.462,0.488,12980.0
2024-04-12,0.484,0.484,0.462,0.48,2970.0
2024-04-15,0.479,0.479,0.453,0.472,8039.999999999999
2024-04-16,0.469,0.476,0.465,0.469,22300.0
2024-04-17,0.465,0.469,0.444,0.46,64019.99999999999
2024-04-18,0.454,0.46,0.42,0.439,239350.0
2024-04-19,0.446,0.447,0.429,0.446,20140.0
2024-04-22,0.434,0.445,0.426,0.443,440.0
2024-04-23,0.446,0.508,0.446,0.496,106720.0
2024-04-24,0.496,0.506,0.472,0.506,39560.0
2024-04-25,0.49,0.504,0.472,0.489,33770.0
2024-04-26,0.489,0.489,0.477,0.485,20580.0
2024-04-29,0.485,0.49,0.471,0.484,42680.0
2024-04-30,0.475,0.48,0.465,0.48,34230.0
2024-05-02,0.497,0.497,0.472,0.494,14920.0
2024-05-06,0.474,0.478,0.464,0.47,25490.0
2024-05-07,0.47,0.49,0.457,0.466,14140.0
2024-05-08,0.467,0.467,0.421,0.452,88370.0
2024-05-09,0.452,0.459,0.45,0.459,22530.0
2024-05-10,0.459,0.469,0.459,0.469,7230.0
2024-05-13,0.468,0.469,0.459,0.469,2590.0
2024-05-14,0.457,0.469,0.454,0.467,7990.0
2024-05-15,0.467,0.469,0.45,0.454,6600.0
2024-05-16,0.465,0.465,0.454,0.46,4710.0
2024-05-17,0.453,0.46,0.449,0.459,7360.0
2024-05-20,0.449,0.458,0.449,0.456,9080.0
2024-05-21,0.46,0.464,0.45,0.464,28030.0
2024-05-22,0.451,0.463,0.451,0.463,1100.0
2024-05-23,0.451,0.463,0.451,0.459,3110.0
2024-05-24,0.459,0.459,0.441,0.458,4000.0
2024-05-27,0.456,0.458,0.432,0.458,14160.0
2024-05-28,0.458,0.458,0.45,0.45,1870.0
2024-05-29,0.46,0.46,0.435,0.441,8170.0
2024-05-31,0.444,0.467,0.444,0.467,8510.0
2024-06-03,0.463,0.463,0.435,0.458,11250.0
2024-06-04,0.458,0.463,0.458,0.463,10490.0
2024-06-05,0.463,0.463,0.45,0.463,150.0
2024-06-06,0.462,0.473,0.446,0.452,21330.0
2024-06-07,0.473,0.473,0.446,0.446,15380.0
2024-06-10,0.457,0.467,0.43,0.443,42320.0
2024-06-11,0.43,0.45,0.43,0.448,10160.0
2024-06-12,0.436,0.445,0.418,0.434,66630.0
2024-06-13,0.419,0.433,0.4,0.413,97230.0
2024-06-14,0.413,0.418,0.396,0.416,84570.0
2024-06-17,0.416,0.416,0.396,0.399,18130.0
2024-06-18,0.416,0.416,0.402,0.416,6590.0
2024-06-19,0.416,0.416,0.4,0.416,7290.0
2024-06-20,0.416,0.416,0.399,0.409,17910.0
2024-06-21,0.409,0.409,0.396,0.409,3960.0
2024-06-24,0.409,0.416,0.397,0.416,6670.0
2024-06-25,0.415,0.415,0.397,0.4,16420.0
2024-06-26,0.409,0.409,0.409,0.409,10.0
2024-06-27,0.401,0.409,0.372,0.408,94870.0
2024-06-28,0.408,0.419,0.408,0.418,20720.0
2024-07-01,0.39,0.418,0.387,0.418,90360.0
2024-07-02,0.401,0.407,0.385,0.39,126140.0
2024-07-03,0.39,0.41,0.37,0.398,492520.0
2024-07-04,0.39,0.39,0.37,0.375,73370.0
2024-07-05,0.376,0.39,0.376,0.389,45550.0
2024-07-08,0.389,0.389,0.351,0.36,107260.0
2024-07-09,0.359,0.362,0.35,0.362,15720.0
2024-07-10,0.362,0.365,0.358,0.365,37140.0
2024-07-11,0.356,0.356,0.324,0.34,249140.0
2024-07-12,0.34,0.37,0.34,0.366,44120.0
2024-07-15,0.366,0.366,0.35,0.357,23770.0
2024-07-16,0.357,0.357,0.33,0.344,58960.0
2024-07-17,0.344,0.357,0.336,0.357,20650.0
2024-07-18,0.349,0.357,0.342,0.356,46250.0
2024-07-19,0.356,0.357,0.338,0.35,21400.0
2024-07-22,0.345,0.355,0.339,0.35,9650.0
2024-07-23,0.34,0.355,0.34,0.355,3440.0
2024-07-24,0.355,0.355,0.34,0.349,22200.0
2024-07-25,0.34,0.344,0.334,0.344,28830.0
2024-07-26,0.334,0.357,0.334,0.357,5500.0
2024-07-29,0.357,0.357,0.357,0.357,4100.0
2024-07-30,0.346,0.358,0.346,0.358,6510.0
2024-07-31,0.358,0.358,0.345,0.353,840.0
2024-08-01,0.353,0.354,0.349,0.349,8260.0
2024-08-02,0.349,0.36,0.336,0.336,15200.0
2024-08-05,0.336,0.35,0.336,0.35,1540.0
2024-08-06,0.349,0.349,0.335,0.335,29860.0
2024-08-07,0.334,0.335,0.332,0.332,14820.0
2024-08-08,0.331,0.345,0.315,0.345,34900.0
2024-08-09,0.346,0.348,0.346,0.348,6570.0
2024-08-12,0.343,0.349,0.328,0.349,730.0
2024-08-13,0.348,0.349,0.345,0.349,8730.0
2024-08-14,0.349,0.47,0.349,0.47,598980.0
2024-08-16,0.475,0.488,0.4,0.449,691740.0
2024-08-19,0.447,0.447,0.411,0.424,67270.0
2024-08-20,0.424,0.424,0.397,0.416,166300.0
2024-08-21,0.404,0.412,0.397,0.41,25960.0
2024-08-22,0.398,0.398,0.37,0.384,56670.0
2024-08-23,0.39,0.396,0.367,0.376,152150.0
2024-08-26,0.384,0.384,0.363,0.374,5320.0
2024-08-27,0.37,0.384,0.365,0.384,30510.0
2024-08-28,0.39,0.404,0.38,0.403,38610.0
2024-08-29,0.4,0.4,0.381,0.39,49740.0
2024-08-30,0.39,0.39,0.37,0.389,20600.0
2024-09-02,0.39,0.39,0.371,0.39,15850.0
2024-09-03,0.39,0.39,0.37,0.37,16960.0
2024-09-04,0.368,0.38,0.361,0.38,28450.0
2024-09-05,0.379,0.379,0.373,0.378,6140.0
2024-09-06,0.379,0.379,0.369,0.379,3600.0
2024-09-09,0.378,0.378,0.378,0.378,40.0
2024-09-10,0.378,0.38,0.365,0.37,18590.0
2024-09-11,0.37,0.387,0.361,0.386,27640.0
2024-09-12,0.385,0.392,0.366,0.39,7450.0
2024-09-13,0.391,0.396,0.39,0.396,9600.0
2024-09-16,0.396,0.396,0.374,0.396,2540.0
2024-09-17,0.38,0.416,0.371,0.416,64430.00000000001
2024-09-18,0.416,0.416,0.398,0.414,2540.0
2024-09-19,0.401,0.418,0.4,0.418,14170.0
2024-09-20,0.418,0.418,0.392,0.412,1640.0
2024-09-23,0.416,0.418,0.391,0.413,2440.0
2024-09-24,0.412,0.426,0.412,0.423,10400.0
2024-09-25,0.422,0.422,0.386,0.393,35850.0
2024-09-26,0.392,0.418,0.39,0.411,3570.0
2024-09-27,0.411,0.411,0.401,0.407,870.0
2024-09-30,0.41,0.414,0.388,0.39,11320.0
2024-10-01,0.388,0.404,0.369,0.404,13100.0
2024-10-02,0.404,0.404,0.4,0.403,7660.0
2024-10-03,0.39,0.397,0.373,0.39,6950.0
2024-10-04,0.375,0.4,0.373,0.392,127190.0
2024-10-07,0.402,0.402,0.402,0.402,130.0
2024-10-08,0.4,0.4,0.382,0.396,6100.0
2024-10-09,0.38,0.392,0.368,0.389,40840.0
2024-10-10,0.384,0.384,0.384,0.384,230.0
2024-10-11,0.371,0.384,0.368,0.384,21950.0
2024-10-14,0.38,0.39,0.38,0.39,1620.0
2024-10-15,0.372,0.399,0.371,0.399,4950.0
2024-10-16,0.39,0.4,0.374,0.4,5400.0
2024-10-17,0.377,0.397,0.377,0.397,1100.0
2024-10-18,0.377,0.394,0.37,0.389,3350.0
2024-10-21,0.389,0.389,0.362,0.38,9020.0
2024-10-22,0.378,0.378,0.375,0.378,10100.0
2024-10-23,0.37,0.378,0.37,0.378,3460.0
2024-10-24,0.362,0.389,0.362,0.389,14190.0
2024-10-25,0.385,0.391,0.37,0.391,3950.0
2024-10-28,0.371,0.39,0.37,0.39,580.0
2024-10-29,0.371,0.397,0.371,0.397,15620.0
2024-10-30,0.385,0.395,0.375,0.392,230.0
2024-10-31,0.394,0.4,0.376,0.394,9570.0
2024-11-04,0.4,0.4,0.39,0.398,19380.0
2024-11-05,0.377,0.398,0.377,0.395,330.0
2024-11-06,0.396,0.396,0.394,0.394,340.0
2024-11-07,0.394,0.405,0.394,0.399,15980.0
2024-11-08,0.404,0.404,0.37,0.402,69760.0
2024-11-12,0.402,0.403,0.37,0.389,18630.0
2024-11-13,0.378,0.397,0.344,0.375,39030.0
2024-11-14,0.375,0.381,0.343,0.368,74130.0
2024-11-15,0.37,0.37,0.321,0.323,39390.0
2024-11-18,0.349,0.359,0.32,0.34,13080.0
2024-11-19,0.34,0.359,0.34,0.359,7200.0
2024-11-20,0.359,0.359,0.33,0.33,7670.0
2024-11-21,0.33,0.33,0.33,0.33,17060.0
2024-11-22,0.33,0.35,0.322,0.347,5710.0
2024-11-25,0.31,0.341,0.31,0.34,24720.0
2024-11-26,0.339,0.34,0.315,0.34,17460.0
2024-11-27,0.322,0.345,0.322,0.345,13850.0
2024-11-28,0.344,0.352,0.31,0.31,119880.0
2024-11-29,0.316,0.329,0.3,0.329,109250.0
2024-12-02,0.328,0.33,0.316,0.316,6320.0
2024-12-03,0.318,0.339,0.316,0.328,33240.0
2024-12-04,0.328,0.339,0.316,0.337,4560.0
2024-12-05,0.337,0.337,0.337,0.337,6120.0
2024-12-06,0.337,0.337,0.319,0.335,8029.999999999999
2024-12-09,0.32,0.34,0.32,0.34,33380.0
2024-12-10,0.34,0.34,0.319,0.339,7630.0
2024-12-11,0.319,0.33,0.312,0.32,60470.0
2024-12-12,0.32,0.32,0.31,0.32,4410.0
2024-12-13,0.32,0.329,0.309,0.318,24920.0
2024-12-16,0.31,0.325,0.299,0.325,28150.0
2024-12-17,0.3,0.325,0.3,0.319,4820.0
2024-12-18,0.302,0.314,0.3,0.314,57690.0
2024-12-19,0.301,0.327,0.301,0.324,8620.0
2024-12-20,0.306,0.31,0.276,0.31,105320.0
2024-12-23,0.287,0.309,0.277,0.289,59220.0
2024-12-27,0.289,0.301,0.279,0.288,61180.0
2024-12-30,0.29,0.29,0.278,0.289,16180.0
2025-01-02,0.31,0.37,0.31,0.35,111320.0
2025-01-03,0.368,0.444,0.34,0.442,253020.0
2025-01-07,0.442,0.45,0.403,0.431,43070.0
2025-01-08,0.431,0.439,0.399,0.404,42320.0
2025-01-09,0.404,0.41,0.375,0.398,8410.0
2025-01-10,0.402,0.402,0.331,0.379,121530.0
2025-01-13,0.38,0.39,0.357,0.37,264000.0
2025-01-14,0.384,0.4,0.368,0.385,24100.0
2025-01-15,0.369,0.376,0.355,0.37,77060.0
2025-01-16,0.37,0.379,0.35,0.36,52110.0
2025-01-17,0.36,0.36,0.351,0.36,25710.0
2025-01-20,0.367,0.368,0.35,0.359,49280.0
2025-01-21,0.359,0.365,0.324,0.335,224810.0
2025-01-22,0.335,0.35,0.331,0.349,74010.0
2025-01-23,0.349,0.353,0.338,0.35,11260.0
2025-01-24,0.34,0.353,0.34,0.35,26500.0
2025-01-27,0.35,0.35,0.332,0.35,18550.0
2025-01-28,0.35,0.355,0.333,0.355,62750.0
2025-01-29,0.355,0.355,0.34,0.355,31640.0
2025-01-30,0.354,0.359,0.349,0.357,41550.0
2025-01-31,0.357,0.357,0.336,0.35,6170.0
2025-02-03,0.35,0.35,0.331,0.34,29480.0
2025-02-04,0.349,0.349,0.327,0.344,12440.0
2025-02-05,0.344,0.344,0.327,0.344,6880.0
2025-02-06,0.344,0.346,0.335,0.335,18230.0
2025-02-07,0.346,0.358,0.34,0.349,68300.0
2025-02-10,0.343,0.356,0.343,0.35,25450.0
2025-02-11,0.356,0.36,0.338,0.36,60550.0
2025-02-12,0.35,0.36,0.341,0.36,30370.0
2025-02-13,0.36,0.36,0.345,0.353,25050.0
2025-02-14,0.351,0.357,0.345,0.355,39110.0
2025-02-17,0.355,0.359,0.355,0.355,24950.0
2025-02-18,0.35,0.359,0.344,0.357,29600.0
2025-02-19,0.349,0.36,0.345,0.36,34150.0
2025-02-20,0.346,0.36,0.346,0.357,17140.0
2025-02-21,0.356,0.356,0.356,0.356,120.0
2025-02-24,0.356,0.36,0.347,0.356,22210.0
2025-02-25,0.357,0.357,0.348,0.354,4590.0
2025-02-26,0.353,0.357,0.348,0.357,10040.0
2025-02-27,0.359,0.36,0.357,0.357,20900.0
2025-02-28,0.359,0.36,0.357,0.357,1250.0
2025-03-03,0.359,0.36,0.342,0.357,17670.0
2025-03-04,0.358,0.358,0.349,0.358,6050.0
2025-03-05,0.35,0.357,0.349,0.356,3250.0
2025-03-06,0.35,0.356,0.341,0.341,32000.0
2025-03-07,0.348,0.356,0.34,0.346,9350.0
2025-03-10,0.339,0.346,0.334,0.341,25580.0
2025-03-11,0.341,0.341,0.332,0.332,11400.0
2025-03-12,0.341,0.341,0.341,0.341,3600.0
2025-03-13,0.341,0.35,0.336,0.349,10040.0
2025-03-14,0.332,0.35,0.332,0.347,17090.0
2025-03-17,0.347,0.347,0.334,0.342,9170.0
2025-03-18,0.334,0.35,0.333,0.343,14760.0
2025-03-19,0.343,0.345,0.343,0.345,440.0
2025-03-20,0.337,0.344,0.333,0.344,6530.0
2025-03-21,0.344,0.345,0.344,0.345,14020.0
2025-03-24,0.345,0.349,0.34,0.34,24340.0
2025-03-25,0.342,0.342,0.33,0.33,7690.0
2025-03-26,0.33,0.44,0.33,0.44,721460.0
2025-03-27,0.466,0.618,0.44,0.618,2530000.0
2025-03-28,0.668,0.67,0.504,0.512,1470000.0
2025-03-31,0.516,0.53,0.47,0.472,473800.0
2025-04-01,0.472,0.606,0.472,0.586,1310000.0
2025-04-02,0.61,0.628,0.526,0.566,586950.0
2025-04-03,0.566,0.648,0.566,0.616,569130.0
2025-04-04,0.61,0.664,0.606,0.638,355330.0
2025-04-07,0.638,0.654,0.53,0.626,405320.0
2025-04-08,0.62,0.62,0.552,0.594,487970.0
2025-04-09,0.594,0.594,0.526,0.53,632960.0
2025-04-10,0.556,0.558,0.48,0.52,360290.0
2025-04-11,0.5,0.52,0.481,0.514,137040.0
2025-04-14,0.516,0.516,0.48,0.481,168060.0
2025-04-15,0.482,0.482,0.453,0.48,197830.0
2025-04-16,0.48,0.63,0.48,0.63,1010000.0
2025-04-17,0.67,0.8,0.604,0.8,1360000.0
2025-04-22,0.798,0.8,0.66,0.66,1090000.0
2025-04-23,0.66,0.764,0.632,0.74,1120000.0
2025-04-24,0.742,0.78,0.7,0.73,576160.0
2025-04-25,0.702,0.724,0.65,0.68,584040.0
2025-04-28,0.66,0.71,0.65,0.672,321580.0
2025-04-29,0.688,0.756,0.634,0.73,1240000.0
2025-04-30,0.736,0.736,0.68,0.708,172590.0
2025-05-02,0.65,0.694,0.65,0.674,228640.0
2025-07-03,0.48,0.52,0.48,0.52,67390.0
2025-07-04,0.544,0.544,0.52,0.52,22830.0
2025-07-07,0.436,0.436,0.434,0.434,51240.0
2025-07-08,0.432,0.432,0.41,0.41,23090.0
2025-07-09,0.386,0.386,0.35,0.35,96180.0
2025-07-10,0.434,0.44,0.4,0.44,26090.0
2025-07-11,0.598,0.61,0.55,0.61,405710.0
2025-07-14,0.62,0.672,0.558,0.6,392850.0
2025-07-15,0.592,0.65,0.556,0.582,96010.0
2025-07-16,0.612,0.612,0.554,0.6,50240.0
2025-07-17,0.564,0.596,0.51,0.572,396670.0
2025-07-18,0.572,0.6,0.532,0.532,118550.0
2025-07-21,0.524,0.55,0.522,0.546,112610.0
2025-07-22,0.548,0.548,0.524,0.524,36150.0
2025-07-23,0.546,0.546,0.524,0.54,28750.0
2025-07-24,0.522,0.536,0.506,0.524,33140.0
2025-07-25,0.532,0.532,0.492,0.522,39230.0
2025-07-28,0.502,0.522,0.482,0.514,59440.0
2025-07-29,0.514,0.514,0.484,0.499,37450.0
2025-07-30,0.487,0.516,0.466,0.488,105290.0
2025-07-31,0.497,0.538,0.49,0.502,88340.0
2025-08-01,0.52,0.536,0.493,0.51,31960.0
2025-08-04,0.522,0.53,0.499,0.502,46770.0
2025-08-05,0.53,0.546,0.514,0.538,30130.0
2025-08-06,0.54,0.57,0.522,0.548,42780.0
2025-08-07,0.56,0.56,0.524,0.536,20140.0
2025-08-08,0.546,0.56,0.52,0.536,63560.0
2025-08-11,0.558,0.558,0.522,0.534,12450.0
2025-08-12,0.556,0.57,0.526,0.548,36730.0
2025-08-13,0.566,0.568,0.54,0.55,14920.0
2025-08-14,0.566,0.57,0.528,0.55,19590.0
2025-08-18,0.572,0.572,0.528,0.53,5460.0
2025-08-19,0.57,0.57,0.53,0.55,16690.0
2025-08-20,0.55,0.55,0.52,0.53,14230.0
2025-08-21,0.53,0.548,0.498,0.546,50020.0
2025-08-22,0.546,0.546,0.514,0.54,16020.0
2025-08-25,0.548,0.548,0.502,0.538,34600.0
2025-08-26,0.538,0.538,0.504,0.536,5070.0
2025-08-27,0.538,0.538,0.504,0.514,10580.0
2025-08-28,0.512,0.53,0.504,0.53,5750.0
2025-08-29,0.53,0.54,0.504,0.534,21640.0
2025-09-01,0.534,0.534,0.481,0.512,101070.0
2025-09-02,0.52,0.52,0.481,0.495,28380.0
2025-09-03,0.508,0.518,0.481,0.518,33340.0
2025-09-04,0.518,0.518,0.492,0.518,9060.0
2025-09-05,0.526,0.526,0.494,0.524,14440.0
2025-09-08,0.499,0.522,0.499,0.522,1480.0
2025-09-09,0.522,0.522,0.49,0.5,16280.000000000002
2025-09-10,0.5,0.504,0.49,0.504,15040.0
2025-09-11,0.504,0.51,0.49,0.506,14100.0
2025-09-12,0.506,0.506,0.49,0.49,8720.0
2025-09-15,0.5,0.5,0.483,0.5,2590.0
2025-09-16,0.483,0.5,0.483,0.5,28990.0
2025-09-17,0.5,0.5,0.48,0.48,82800.0
2025-09-18,0.498,0.498,0.475,0.475,21860.0
2025-09-19,0.498,0.499,0.475,0.49,14850.0
2025-09-22,0.49,0.49,0.444,0.458,40750.0
2025-09-23,0.46,0.472,0.444,0.467,25300.0
2025-09-24,0.467,0.467,0.448,0.465,190.0
2025-09-25,0.447,0.474,0.446,0.474,9880.0
2025-09-26,0.46,0.47,0.446,0.452,34280.0
2025-09-29,0.47,0.47,0.45,0.46,3830.0
2025-09-30,0.468,0.468,0.46,0.46,5670.0
