Date,Open,High,Low,Close,Volume
2014-09-01,16.78,16.98,16.56,16.91,3280.0
2014-09-02,16.9,16.94,16.67,16.94,1600.0
2014-09-03,16.7,17.24,16.7,17.23,7270.0
2014-09-04,16.91,17.24,16.74,17.24,2480.0
2014-09-05,17.05,17.24,17.05,17.19,6370.0
2014-09-08,17.1,17.99,17.1,17.8,14720.0
2014-09-09,18.1,18.1,17.81,17.81,16210.0
2014-09-10,17.81,17.99,17.75,17.9,5080.0
2014-09-11,17.89,17.9,17.8,17.9,22840.0
2014-09-12,17.9,17.95,17.85,17.85,5570.0
2014-09-15,17.88,18.37,17.82,18.33,8930.0
2014-09-16,18.34,18.34,18.04,18.3,4310.0
2014-09-17,18.3,18.44,18.2,18.44,6260.0
2014-09-18,18.26,18.37,18.0,18.15,7390.0
2014-09-19,18.24,18.24,17.95,18.14,1600.0
2014-09-22,18.14,18.14,17.81,17.88,3880.0
2014-09-23,17.88,17.88,17.6,17.6,13450.0
2014-09-24,17.6,17.88,17.57,17.57,7340.0
2014-09-25,17.85,18.07,17.75,17.75,10270.0
2014-09-26,17.85,17.85,17.55,17.6,3560.0
2014-09-29,18.1,18.1,17.9,17.9,510.0
2014-09-30,17.72,17.9,17.71,17.71,2080.0
2014-10-01,17.7,17.8,17.7,17.75,560.0
2014-10-02,17.6,17.6,17.25,17.54,3420.0
2014-10-03,17.28,17.6,17.28,17.59,960.0
2014-10-06,17.59,17.59,17.5,17.59,1500.0
2014-10-07,17.58,17.59,17.2,17.2,6370.0
2014-10-08,17.11,17.48,17.0,17.0,2150.0
2014-10-09,16.99,17.19,16.74,17.19,8830.0
2014-10-10,16.99,16.99,16.5,16.88,3730.0
2014-10-13,16.61,16.61,16.03,16.05,29540.0
2014-10-14,16.2,16.3,15.61,15.95,12930.0
2014-10-15,16.11,16.16,16.06,16.08,5350.0
2014-10-16,16.09,16.28,16.05,16.06,8070.0
2014-10-17,16.06,16.18,16.06,16.15,880.0
2014-10-20,16.24,16.24,16.05,16.2,1750.0
2014-10-21,16.18,16.45,16.18,16.45,4430.0
2014-10-22,16.45,16.91,16.45,16.8,2340.0
2014-10-23,16.7,16.9,16.53,16.9,1800.0
2014-10-24,16.55,16.85,16.55,16.84,960.0
2014-10-27,16.75,16.75,16.2,16.2,700.0
2014-10-28,16.21,16.7,16.21,16.41,2590.0
2014-10-29,16.42,16.43,16.42,16.43,3650.0
2014-10-30,16.44,16.44,16.43,16.43,2630.0
2014-10-31,16.55,16.75,16.4,16.54,8400.0
2014-11-03,16.5,16.7,16.5,16.7,3390.0
2014-11-04,16.69,16.69,16.44,16.68,2710.0
2014-11-05,16.69,16.75,16.68,16.73,2650.0
2014-11-06,16.65,16.75,16.65,16.65,4450.0
2014-11-07,16.51,16.79,16.2,16.2,7130.0
2014-11-10,16.38,16.39,16.2,16.2,3490.0
2014-11-12,16.26,16.26,16.22,16.22,560.0
2014-11-13,16.23,16.72,16.23,16.27,1250.0
2014-11-14,16.27,16.29,16.0,16.13,6920.0
2014-11-17,16.15,16.2,15.92,15.92,2390.0
2014-11-18,15.96,16.05,15.9,16.05,6590.0
2014-11-19,15.97,16.05,15.93,15.93,58500.0
2014-11-20,15.91,15.93,15.71,15.73,8860.0
2014-11-21,15.71,16.13,15.71,16.12,7770.0
2014-11-24,16.13,16.54,16.12,16.15,26610.0
2014-11-25,16.4,16.4,16.21,16.26,21750.0
2014-11-26,16.4,16.49,16.35,16.47,4190.0
2014-11-27,16.49,16.94,16.49,16.5,15970.0
2014-11-28,16.69,16.69,16.3,16.41,10920.0
2014-12-01,16.42,16.9,16.42,16.5,2140.0
2014-12-02,16.59,16.6,16.47,16.47,2360.0
2014-12-03,16.59,16.59,16.3,16.3,7030.0
2014-12-04,16.28,16.44,16.28,16.39,5190.0
2014-12-05,16.4,16.44,16.09,16.1,5330.0
2014-12-08,16.35,16.35,16.09,16.09,3200.0
2014-12-09,16.03,16.34,15.9,15.9,11760.0
2014-12-10,15.9,16.18,15.8,15.99,21130.0
2014-12-11,15.9,15.9,15.85,15.89,850.0
2014-12-12,15.85,15.85,15.65,15.65,44540.0
2014-12-15,15.6,15.86,15.5,15.65,32940.0
2014-12-16,15.45,15.45,15.13,15.13,29420.0
2014-12-17,14.95,15.25,14.24,14.24,36970.0
2014-12-18,14.27,14.53,13.1,13.3,113980.0
2014-12-19,13.14,13.9,13.14,13.74,18650.0
2014-12-22,13.9,13.9,13.15,13.51,25220.0
2014-12-23,13.2,13.49,13.14,13.3,102120.0
2014-12-29,13.43,13.62,13.4,13.51,6020.0
2014-12-30,13.5,13.8,13.43,13.65,62190.0
2015-01-02,13.65,13.68,13.2,13.65,3420.0
2015-01-05,13.65,13.74,13.46,13.46,3820.0
2015-01-07,13.44,13.44,13.14,13.24,6020.0
2015-01-08,13.33,13.87,13.3,13.7,19950.0
2015-01-09,14.0,14.08,13.63,13.83,7230.0
2015-01-12,13.83,13.93,13.21,13.31,16590.0
2015-01-13,13.41,13.48,13.31,13.38,2029.9999999999998
2015-01-14,13.4,13.47,13.37,13.45,6420.0
2015-01-15,13.44,13.46,13.12,13.21,4150.0
2015-01-16,13.1,13.1,12.72,12.9,6130.0
2015-01-19,12.99,13.0,12.8,12.94,2830.0
2015-01-20,12.9,13.0,12.32,13.0,7340.0
2015-01-21,13.0,13.19,13.0,13.19,3920.0
2015-01-22,13.17,13.2,13.1,13.2,2400.0
2015-01-23,13.2,13.79,13.2,13.6,10360.0
2015-01-26,13.5,13.55,13.4,13.5,860.0
2015-01-27,13.38,13.5,13.3,13.32,4120.0
2015-01-28,13.47,14.45,13.47,14.2,13120.0
2015-01-29,14.44,14.44,14.02,14.02,7230.0
2015-01-30,14.01,14.11,13.8,13.91,5840.0
2015-02-02,14.2,14.45,14.1,14.42,11160.0
2015-02-03,14.43,14.43,14.2,14.4,4660.0
2015-02-04,14.21,14.28,14.16,14.24,1650.0
2015-02-05,14.26,14.26,14.0,14.15,3770.0
2015-02-06,14.15,14.19,14.0,14.03,2500.0
2015-02-09,14.03,14.03,14.02,14.03,2050.0
2015-02-10,14.0,14.0,13.76,13.8,3020.0
2015-02-11,13.7,13.7,12.89,12.99,110800.0
2015-02-12,12.94,13.12,12.86,12.96,9910.0
2015-02-13,13.05,13.11,12.65,12.73,48490.0
2015-02-16,12.72,12.85,12.72,12.77,9880.0
2015-02-17,12.86,12.96,12.78,12.85,12010.0
2015-02-18,12.85,13.09,12.85,13.0,2190.0
2015-02-19,13.1,13.3,13.1,13.22,7280.0
2015-02-20,13.27,13.38,13.25,13.3,7810.0
2015-02-23,13.35,13.35,13.1,13.13,3030.0
2015-02-24,13.12,13.12,12.96,12.96,16820.0
2015-02-25,13.0,13.0,12.12,12.36,6590.0
2015-02-26,12.54,12.87,12.54,12.61,6240.0
2015-02-27,12.61,12.79,12.56,12.7,5900.0
2015-03-02,12.75,12.79,12.6,12.6,5960.0
2015-03-03,12.61,12.95,12.61,12.94,6640.0
2015-03-04,13.0,13.49,13.0,13.38,18420.0
2015-03-05,13.5,13.75,13.5,13.6,13720.0
2015-03-06,13.65,13.74,13.5,13.53,9990.0
2015-03-09,13.5,13.6,13.5,13.5,1760.0
2015-03-10,13.53,13.53,13.24,13.3,3760.0
2015-03-11,13.19,13.2,13.07,13.07,1790.0
2015-03-12,13.1,13.28,13.1,13.11,3490.0
2015-03-13,13.2,13.53,13.2,13.5,7080.0
2015-03-16,13.5,13.56,13.4,13.4,2560.0
2015-03-17,13.45,13.45,13.3,13.3,3830.0
2015-03-18,13.28,13.48,13.2,13.44,2830.0
2015-03-19,13.44,13.59,13.36,13.49,6330.0
2015-03-20,13.49,13.49,13.31,13.31,4360.0
2015-03-23,13.49,13.56,13.34,13.34,4500.0
2015-03-24,13.4,13.4,13.21,13.21,1710.0
2015-03-25,13.25,13.25,13.09,13.09,4030.0000000000005
2015-03-26,13.2,13.2,13.01,13.01,6370.0
2015-03-27,13.01,13.06,12.92,12.92,2290.0
2015-03-30,13.17,13.18,13.05,13.18,13860.0
2015-03-31,13.18,13.2,13.1,13.2,2380.0
2015-04-01,13.25,14.03,13.25,13.8,27370.0
2015-04-02,13.8,14.39,13.1,14.38,119930.0
2015-04-07,14.44,14.58,14.01,14.03,20690.0
2015-04-08,14.04,14.33,14.04,14.25,6180.0
2015-04-09,14.15,14.25,14.06,14.07,4940.0
2015-04-10,14.06,14.18,13.78,14.18,6140.0
2015-04-13,14.2,14.2,13.88,13.93,3600.0
2015-04-14,14.12,14.12,13.82,13.82,10110.0
2015-04-15,13.71,13.76,13.29,13.65,23330.0
2015-04-16,13.51,13.57,13.15,13.4,22250.0
2015-04-17,13.4,13.4,12.94,13.1,28890.0
2015-04-20,13.12,13.14,13.0,13.0,10660.0
2015-04-21,13.1,13.1,12.75,12.76,15420.0
2015-04-22,12.8,12.98,12.8,12.96,6150.0
2015-04-23,13.12,13.29,13.1,13.29,4530.0
2015-04-24,13.28,13.28,13.02,13.02,3110.0
2015-04-27,13.08,13.1,12.96,12.96,45700.0
2015-04-28,13.1,13.1,12.55,12.62,26780.0
2015-04-29,12.71,13.08,12.7,12.99,22110.0
2015-04-30,13.05,13.05,12.85,12.91,3950.0
2015-05-04,12.91,13.0,12.81,12.81,6590.0
2015-05-05,12.88,12.88,12.76,12.76,26840.0
2015-05-06,12.76,12.85,12.72,12.8,9030.0
2015-05-07,12.8,12.82,12.7,12.8,46490.0
2015-05-08,12.8,12.86,12.76,12.8,4460.0
2015-05-11,12.89,12.89,12.71,12.75,15300.0
2015-05-12,12.79,12.88,12.76,12.76,5270.0
2015-05-13,12.75,12.75,12.4,12.4,20870.0
2015-05-14,12.4,12.51,11.65,12.04,17330.0
2015-05-15,12.1,12.2,12.0,12.1,5940.0
2015-05-18,12.24,12.24,12.0,12.2,4010.0
2015-05-19,12.18,12.18,12.0,12.05,3730.0
2015-05-20,12.04,12.15,12.02,12.1,3910.0
2015-05-21,12.1,12.1,11.85,11.91,7220.0
2015-05-22,11.9,12.1,11.77,12.1,5510.0
2015-05-25,12.12,12.12,11.97,12.11,2220.0
2015-05-26,11.98,11.98,11.72,11.72,9440.0
2015-05-27,11.75,11.93,11.58,11.58,18850.0
2015-05-28,11.75,12.06,11.6,11.99,12490.0
2015-05-29,11.99,11.99,11.75,11.99,2970.0
2015-06-01,11.9,12.28,11.9,12.28,11240.0
2015-06-02,12.28,12.88,12.28,12.55,17530.0
2015-06-03,12.49,12.54,12.2,12.4,4370.0
2015-06-05,12.2,12.3,12.13,12.29,1100.0
2015-06-08,12.11,12.11,11.91,11.91,1240.0
2015-06-09,11.9,12.11,11.62,11.84,6400.0
2015-06-10,11.64,11.64,11.11,11.31,13690.0
2015-06-11,11.25,11.47,11.05,11.34,5920.0
2015-06-12,11.31,11.31,11.1,11.13,3370.0
2015-06-15,11.13,11.9,11.12,11.74,6710.0
2015-06-16,11.69,11.84,11.37,11.37,5230.0
2015-06-17,11.3,11.3,11.11,11.28,4890.0
2015-06-18,11.25,11.25,11.08,11.16,10480.0
2015-06-19,11.16,11.16,11.12,11.15,9560.0
2015-06-22,11.29,11.29,11.08,11.12,5690.0
2015-06-23,11.24,11.47,11.16,11.16,4380.0
2015-06-24,11.23,11.39,11.16,11.31,3170.0
2015-06-25,11.3,11.3,11.18,11.18,3850.0
2015-06-26,11.16,11.2,11.16,11.16,10140.0
2015-06-29,11.16,11.16,10.74,11.0,11210.0
2015-06-30,10.8,10.81,10.71,10.73,10570.0
2015-07-01,10.76,10.76,10.44,10.5,14870.0
2015-07-02,10.51,10.6,10.44,10.46,8039.999999999999
2015-07-03,10.5,10.58,10.3,10.3,9720.0
2015-07-06,10.47,10.47,10.2,10.25,1310.0
2015-07-07,10.22,10.38,9.9,9.9,68000.0
2015-07-08,9.9,9.9,8.95,9.06,48920.0
2015-07-09,9.18,9.18,9.11,9.15,58710.0
2015-07-10,9.18,9.26,9.12,9.13,57200.0
2015-07-13,9.14,9.3,9.14,9.22,32460.0
2015-07-14,9.24,9.24,9.15,9.18,42990.0
2015-07-15,9.17,9.2,9.14,9.19,44600.0
2015-07-16,9.27,9.41,9.27,9.35,69620.0
2015-07-17,9.32,9.45,9.3,9.41,35790.0
2015-07-20,9.41,9.41,9.08,9.08,18440.0
2015-07-21,9.08,9.15,8.6,8.82,35600.0
2015-07-22,8.5,8.55,8.13,8.16,42180.0
2015-07-23,8.1,8.48,8.1,8.48,8170.0
2015-07-24,8.48,8.61,8.45,8.61,5590.0
2015-07-27,8.6,8.7,8.52,8.7,13650.0
2015-07-28,8.8,9.41,8.8,9.3,29410.0
2015-07-29,9.3,9.35,9.1,9.35,7660.0
2015-07-30,9.3,9.3,8.93,9.0,7580.0
2015-07-31,8.85,9.09,8.85,9.09,13650.0
2015-08-03,9.1,9.69,9.1,9.69,10590.0
2015-08-04,9.71,10.19,9.55,10.19,28210.0
2015-08-05,10.16,10.29,9.81,10.05,11690.0
2015-08-06,10.05,10.05,9.8,10.0,6310.0
2015-08-07,9.9,9.9,9.6,9.6,10540.0
2015-08-10,9.69,9.69,9.04,9.35,20640.0
2015-08-11,9.4,9.95,9.4,9.8,20670.0
2015-08-12,9.8,9.8,9.51,9.51,3010.0
2015-08-13,9.42,9.5,9.08,9.32,7720.0
2015-08-14,9.57,9.95,9.33,9.91,14640.0
2015-08-17,9.98,10.0,9.67,9.7,6470.0
2015-08-18,9.62,9.92,9.62,9.89,1110.0
2015-08-19,9.89,9.89,9.8,9.8,2060.0
2015-08-20,9.75,9.75,9.5,9.55,4040.0
2015-08-21,9.5,9.8,9.5,9.8,600.0
2015-08-24,9.72,9.72,8.81,9.15,21240.0
2015-08-25,9.14,9.36,9.1,9.1,31460.0
2015-08-26,9.3,9.3,9.0,9.15,6490.0
2015-08-27,9.2,9.3,9.2,9.29,4160.0
2015-08-28,9.2,9.24,9.07,9.17,3310.0
2015-08-31,9.09,9.1,9.02,9.02,1510.0
2015-09-01,9.0,9.2,9.0,9.18,202310.0
2015-09-02,9.14,9.15,9.06,9.15,1680.0
2015-09-03,9.06,9.2,9.06,9.19,1620.0
2015-09-04,9.2,9.2,9.16,9.16,730.0
2015-09-07,9.11,9.24,9.1,9.2,1100.0
2015-09-08,9.17,9.17,8.95,9.14,4490.0
2015-09-09,9.14,9.14,9.0,9.0,5160.0
2015-09-10,8.98,9.0,8.85,8.85,2690.0
2015-09-11,8.86,8.99,8.85,8.87,9900.0
2015-09-14,9.07,9.07,8.88,9.05,2920.0
2015-09-15,9.09,9.16,9.0,9.05,1800.0
2015-09-16,9.14,9.14,9.0,9.14,2170.0
2015-09-17,8.95,9.08,8.95,9.05,1830.0
2015-09-18,9.15,9.15,8.95,9.1,3780.0
2015-09-22,8.93,8.94,8.92,8.92,1550.0
2015-09-23,8.92,8.92,8.61,8.8,2550.0
2015-09-24,8.75,8.77,8.64,8.64,2850.0
2015-09-25,8.61,8.82,8.61,8.82,600.0
2015-09-28,8.8,8.87,8.61,8.83,1590.0
2015-09-29,8.8,8.8,8.5,8.6,7130.0
2015-09-30,8.65,8.65,8.26,8.4,48290.0
2015-10-01,8.4,8.82,8.36,8.77,6230.0
2015-10-02,8.77,8.9,8.74,8.8,4790.0
2015-10-05,8.82,8.82,8.8,8.8,3540.0
2015-10-06,8.85,8.88,8.85,8.88,700.0
2015-10-07,8.85,8.85,8.61,8.78,4140.0
2015-10-08,8.59,8.7,8.59,8.61,2450.0
2015-10-09,8.68,8.72,8.4,8.68,13430.0
2015-10-12,8.68,8.88,8.67,8.88,6330.0
2015-10-13,8.88,9.2,8.7,9.01,24780.0
2015-10-14,9.23,9.49,9.23,9.3,37930.0
2015-10-15,9.3,9.38,9.29,9.29,22820.0
2015-10-16,9.3,9.3,9.01,9.12,3430.0
2015-10-19,9.12,9.12,9.01,9.01,6300.0
2015-10-20,9.01,9.12,9.01,9.12,4520.0
2015-10-21,9.12,9.12,8.83,8.88,3880.0
2015-10-22,8.88,9.49,8.8,9.3,25350.0
2015-10-23,9.3,9.43,9.04,9.18,9210.0
2015-10-26,9.13,9.43,9.05,9.43,7090.0
2015-10-27,9.43,9.66,9.35,9.6,16350.000000000002
2015-10-28,9.8,10.33,9.8,10.28,96160.0
2015-10-29,10.48,10.48,10.2,10.3,35770.0
2015-10-30,10.75,10.78,10.22,10.3,36100.0
2015-11-02,10.3,10.3,10.03,10.14,4410.0
2015-11-03,10.22,10.22,9.77,10.12,8180.0
2015-11-04,10.3,10.35,9.83,10.1,9480.0
2015-11-05,10.0,10.1,9.84,10.08,6790.0
2015-11-06,10.05,10.05,9.88,9.96,3360.0
2015-11-09,9.9,9.9,9.75,9.75,7010.0
2015-11-10,9.83,9.83,9.5,9.5,9770.0
2015-11-12,9.73,9.73,9.51,9.51,750.0
2015-11-13,9.69,9.69,9.47,9.5,4240.0
2015-11-16,9.45,9.45,9.05,9.06,10760.0
2015-11-17,9.03,9.5,9.03,9.48,4410.0
2015-11-18,9.47,9.59,9.3,9.59,3050.0
2015-11-19,9.4,9.59,9.3,9.3,6430.0
2015-11-20,9.3,9.38,9.2,9.24,5070.0
2015-11-23,9.24,9.28,9.0,9.06,8570.0
2015-11-24,9.09,9.09,8.41,8.88,18310.0
2015-11-25,9.05,9.24,8.8,8.82,9120.0
2015-11-26,8.9,8.9,8.8,8.8,5460.0
2015-11-27,9.08,9.08,8.4,8.79,16190.000000000002
2015-11-30,8.95,8.95,8.6,8.8,2820.0
2015-12-01,8.8,8.95,8.7,8.95,1710.0
2015-12-02,8.68,8.78,8.56,8.65,4250.0
2015-12-03,8.7,8.7,8.42,8.65,7310.0
2015-12-04,8.44,8.5,8.22,8.24,36850.0
2015-12-07,8.24,8.3,8.15,8.3,14870.0
2015-12-08,8.3,8.62,7.9,8.19,20580.0
2015-12-09,8.09,8.09,7.93,8.08,16540.0
2015-12-10,8.0,8.18,8.0,8.07,18560.0
2015-12-11,8.07,8.17,7.93,7.93,13170.0
2015-12-14,7.92,7.93,7.22,7.67,8470.0
2015-12-15,7.67,7.67,7.46,7.55,8060.000000000001
2015-12-16,7.83,8.0,7.51,7.9,2180.0
2015-12-17,7.9,7.98,7.4,7.4,29260.0
2015-12-18,6.82,7.15,6.56,6.65,182430.0
2015-12-21,6.55,6.75,6.55,6.57,32930.0
2015-12-22,6.6,6.68,6.31,6.31,98520.0
2015-12-23,6.36,6.69,6.36,6.65,140140.0
2015-12-28,6.79,6.8,6.58,6.61,50200.0
2015-12-29,6.61,6.77,6.61,6.74,77730.0
2015-12-30,6.74,6.8,6.74,6.78,41560.0
2016-01-04,6.77,6.77,6.74,6.77,12430.0
2016-01-05,6.77,7.07,6.77,6.85,74600.0
2016-01-07,6.95,6.97,6.77,6.8,42170.0
2016-01-08,6.82,6.94,6.77,6.93,62880.0
2016-01-11,6.92,7.33,6.92,7.08,62840.0
2016-01-12,7.23,7.27,7.08,7.24,63940.0
2016-01-13,7.28,7.3,7.2,7.28,35990.0
2016-01-14,7.27,7.27,7.0,7.2,6440.0
2016-01-15,7.05,7.14,7.0,7.14,2980.0
2016-01-18,7.14,7.14,6.96,7.09,6920.0
2016-01-19,6.98,7.13,6.98,7.13,154530.0
2016-01-20,7.0,7.29,7.0,7.19,53380.0
2016-01-21,7.1,7.15,6.96,7.11,163640.0
2016-01-22,7.21,7.93,7.21,7.87,541670.0
2016-01-25,7.82,8.54,7.82,8.53,91770.0
2016-01-26,8.46,8.53,8.11,8.21,60800.0
2016-01-27,8.21,8.55,8.21,8.5,28000.0
2016-01-28,8.51,8.77,8.5,8.59,37640.0
2016-01-29,8.51,8.6,8.35,8.5,33940.0
2016-02-01,8.54,8.7,8.45,8.64,5470.0
2016-02-02,8.65,8.65,8.36,8.38,11460.0
2016-02-03,8.38,8.38,8.16,8.3,19840.0
2016-02-04,8.16,8.29,8.11,8.29,11520.0
2016-02-05,8.25,8.25,7.96,8.08,36060.0
2016-02-08,8.08,8.1,7.95,8.05,6020.0
2016-02-09,7.95,8.1,7.85,8.1,4300.0
2016-02-10,8.1,8.46,8.1,8.43,15530.0
2016-02-11,8.48,8.6,8.3,8.42,14330.0
2016-02-12,8.45,8.69,8.45,8.69,16300.0
2016-02-15,8.7,8.79,8.48,8.79,20150.0
2016-02-16,8.79,8.85,8.48,8.65,32189.999999999996
2016-02-17,8.59,8.59,8.4,8.53,14630.0
2016-02-18,8.65,8.7,8.38,8.48,5600.0
2016-02-19,8.36,8.4,8.35,8.4,5080.0
2016-02-22,8.4,8.6,8.09,8.15,22510.0
2016-02-23,8.1,8.1,7.94,8.08,79000.0
2016-02-24,8.08,8.1,7.99,8.1,19060.0
2016-02-25,8.15,8.35,8.0,8.25,14560.0
2016-02-26,8.35,8.46,8.35,8.45,2080.0
2016-02-29,8.48,8.59,8.45,8.55,17220.0
2016-03-01,8.4,8.4,8.33,8.4,1040.0
2016-03-02,8.65,8.65,8.42,8.42,960.0
2016-03-03,8.34,8.34,8.3,8.3,2800.0
2016-03-04,8.24,8.45,8.18,8.45,6020.0
2016-03-07,8.45,8.5,8.22,8.25,2800.0
2016-03-08,8.24,8.43,8.24,8.4,1450.0
2016-03-09,8.24,8.32,8.24,8.25,1020.0
2016-03-10,8.29,8.47,8.27,8.31,2430.0
2016-03-11,8.41,8.45,8.3,8.45,720.0
2016-03-14,8.43,8.45,8.35,8.44,4170.0
2016-03-15,8.42,8.43,8.35,8.43,2940.0
2016-03-16,8.4,8.4,8.17,8.21,13360.0
2016-03-17,8.29,8.29,8.11,8.24,4520.0
2016-03-18,8.35,8.6,8.34,8.57,11340.0
2016-03-21,8.58,9.16,8.58,8.75,36330.0
2016-03-22,8.61,8.88,8.4,8.51,15190.0
2016-03-23,8.66,8.66,8.35,8.55,5880.0
2016-03-24,8.58,8.6,8.41,8.41,2420.0
2016-03-29,8.42,8.53,8.11,8.34,31970.0
2016-03-30,8.3,8.54,8.26,8.54,16300.0
2016-03-31,8.43,8.45,8.3,8.3,10880.0
2016-04-01,8.42,8.42,8.26,8.3,4940.0
2016-04-04,8.29,8.33,8.23,8.33,5090.0
2016-04-05,8.3,8.38,8.26,8.38,1990.0
2016-04-06,8.26,8.46,8.26,8.46,120.0
2016-04-07,8.31,8.46,8.25,8.46,3740.0
2016-04-08,8.48,8.51,8.48,8.51,4150.0
2016-04-11,8.54,8.55,8.54,8.55,4700.0
2016-04-12,8.5,8.5,8.35,8.35,7700.0
2016-04-13,8.35,8.42,8.35,8.42,6660.0
2016-04-14,8.33,8.43,8.31,8.31,4270.0
2016-04-15,8.31,8.45,8.21,8.45,10560.0
2016-04-18,8.24,8.38,8.16,8.38,12170.0
2016-04-19,8.34,8.34,8.22,8.3,2650.0
2016-04-20,8.25,8.25,8.2,8.2,3500.0
2016-04-21,8.25,8.25,8.12,8.2,4290.0
2016-04-22,8.13,8.15,8.06,8.1,20770.0
2016-04-25,8.04,8.05,7.71,7.72,50390.0
2016-04-26,7.69,7.7,7.44,7.51,20600.0
2016-04-27,7.51,7.73,7.5,7.73,5850.0
2016-04-28,7.69,7.7,7.51,7.61,2670.0
2016-04-29,7.7,7.7,7.32,7.65,9890.0
2016-05-02,7.57,7.63,7.35,7.63,2110.0
2016-05-04,7.42,7.61,7.37,7.53,7310.0
2016-05-05,7.47,7.53,7.47,7.47,180.0
2016-05-06,7.49,7.5,7.49,7.5,1270.0
2016-05-09,7.4,7.41,7.38,7.39,16820.0
2016-05-10,7.39,7.39,6.95,7.0,24200.0
2016-05-11,7.0,7.37,6.95,7.37,8410.0
2016-05-12,7.3,7.35,7.22,7.34,1180.0
2016-05-13,7.34,7.34,7.34,7.34,1660.0
2016-05-16,7.35,7.35,7.22,7.28,11760.0
2016-05-17,7.3,7.45,7.25,7.25,8680.0
2016-05-18,7.2,7.35,6.95,6.95,14070.0
2016-05-19,7.0,7.0,6.84,7.0,4000.0
2016-05-20,7.0,7.09,6.9,7.09,420.0
2016-05-23,7.18,7.2,6.95,7.08,6100.0
2016-05-24,7.02,7.04,7.01,7.02,3330.0
2016-05-25,6.95,6.96,6.8,6.8,17730.0
2016-05-27,7.02,7.02,6.75,6.85,22150.0
2016-05-30,6.85,6.85,6.8,6.8,6040.0
2016-05-31,6.88,7.09,6.88,6.9,10820.0
2016-06-01,7.03,7.03,6.9,6.95,2770.0
2016-06-02,6.95,6.95,6.8,6.82,4430.0
2016-06-03,6.82,6.91,6.82,6.85,2230.0
2016-06-06,6.81,6.81,6.75,6.75,2100.0
2016-06-08,6.87,6.88,6.8,6.87,1550.0
2016-06-09,6.9,6.99,6.82,6.99,840.0
2016-06-10,6.89,6.89,6.82,6.88,2700.0
2016-06-13,6.8,6.89,6.71,6.89,340.0
2016-06-14,6.72,6.72,6.68,6.7,2130.0
2016-06-15,6.7,6.79,6.7,6.76,2400.0
2016-06-16,6.74,6.74,6.66,6.66,3850.0
2016-06-17,6.66,6.66,6.56,6.64,3840.0
2016-06-20,6.78,6.78,6.56,6.68,2490.0
2016-06-21,6.62,6.75,6.6,6.7,5720.0
2016-06-22,6.6,6.74,6.6,6.72,22030.0
2016-06-23,6.7,6.99,6.69,6.78,52990.0
2016-06-24,6.4,6.58,6.28,6.55,39020.0
2016-06-27,6.6,6.6,6.5,6.6,2029.9999999999998
2016-06-28,6.63,6.63,6.33,6.41,8340.0
2016-06-29,6.4,6.41,6.3,6.3,9200.0
2016-06-30,6.48,6.48,6.2,6.44,7680.0
2016-07-01,6.39,6.39,6.37,6.37,570.0
2016-07-04,6.32,6.32,5.93,6.21,3170.0
2016-07-05,6.2,6.2,5.95,5.97,6790.0
2016-07-06,6.16,6.16,5.73,5.76,9930.0
2016-07-07,5.83,6.05,5.7,6.05,23710.0
2016-07-08,6.11,6.11,5.92,6.03,2200.0
2016-07-11,6.04,6.07,6.0,6.0,2380.0
2016-07-12,6.0,6.09,5.95,6.0,4710.0
2016-07-13,6.0,6.14,5.81,5.97,1850.0
2016-07-14,5.87,6.03,5.81,6.03,6060.0
2016-07-15,6.03,6.19,5.98,6.16,73720.0
2016-07-18,6.14,6.14,5.98,5.98,41920.0
2016-07-19,5.95,5.95,5.86,5.9,5650.0
2016-07-20,5.9,5.9,5.8,5.85,15970.0
2016-07-21,5.99,6.15,5.9,6.1,28760.0
2016-07-22,6.1,6.3,6.05,6.15,31690.0
2016-07-25,6.15,6.4,6.1,6.36,38860.0
2016-07-26,6.47,6.48,6.32,6.32,11890.0
2016-07-27,6.3,6.4,6.19,6.19,9330.0
2016-07-28,6.2,6.29,6.18,6.29,9440.0
2016-07-29,6.39,6.39,5.85,5.91,52750.0
2016-08-01,6.02,6.02,5.8,5.85,44700.0
2016-08-02,5.83,5.85,5.79,5.82,35240.0
2016-08-03,5.83,5.83,5.65,5.65,43220.0
2016-08-04,5.63,5.69,5.58,5.65,30800.0
2016-08-05,5.65,5.79,5.65,5.79,41980.0
2016-08-08,5.78,5.79,5.65,5.65,41470.0
2016-08-09,5.65,5.69,5.63,5.64,35450.0
2016-08-10,5.62,5.67,5.62,5.65,43710.0
2016-08-11,5.64,5.65,5.31,5.4,75870.0
2016-08-12,5.3,5.3,4.77,4.88,237140.0
2016-08-16,4.9,4.9,4.35,4.47,154760.0
2016-08-17,4.42,4.58,4.25,4.56,95290.0
2016-08-18,4.6,4.69,4.5,4.5,80920.0
2016-08-19,4.51,4.84,4.5,4.83,84690.0
2016-08-22,4.8,4.83,4.59,4.6,71740.0
2016-08-23,4.6,4.6,4.21,4.43,45580.0
2016-08-24,4.46,4.75,4.32,4.54,49720.0
2016-08-25,4.53,4.56,4.46,4.54,20500.0
2016-08-26,4.5,4.5,4.43,4.45,18740.0
2016-08-29,4.41,4.41,4.29,4.32,49470.0
2016-08-30,4.31,4.53,4.24,4.53,25600.0
2016-08-31,4.51,4.51,4.45,4.5,8020.0
2016-09-01,4.51,4.66,4.46,4.51,18830.0
2016-09-02,4.65,4.65,4.5,4.5,15530.0
2016-09-05,4.4,4.52,4.37,4.5,10540.0
2016-09-06,4.47,4.51,4.44,4.46,35060.0
2016-09-07,4.46,4.5,4.38,4.39,24740.0
2016-09-08,4.39,4.9,4.33,4.74,156950.0
2016-09-09,4.77,4.77,4.52,4.55,70440.0
2016-09-12,4.55,4.58,4.45,4.53,23070.0
2016-09-13,4.5,4.68,4.5,4.56,27040.0
2016-09-14,4.53,4.6,4.5,4.53,13330.0
2016-09-15,4.57,4.57,4.4,4.4,22960.0
2016-09-16,4.38,4.4,4.35,4.38,28810.0
2016-09-19,4.35,4.38,4.26,4.38,32210.0
2016-09-20,4.38,4.54,4.32,4.32,45810.0
2016-09-21,4.31,4.37,4.3,4.36,22100.0
2016-09-22,4.36,4.4,4.27,4.34,24230.0
2016-09-23,4.35,4.46,4.31,4.41,49470.0
2016-09-26,4.41,4.6,4.35,4.39,127130.0
2016-09-27,4.57,4.57,4.41,4.44,24140.0
2016-09-28,4.46,4.5,4.34,4.4,11860.0
2016-09-29,4.45,4.5,4.4,4.5,24600.0
2016-09-30,4.5,4.97,4.5,4.9,156010.0
2016-10-03,4.95,5.31,4.86,5.15,124060.0
2016-10-04,5.2,5.48,5.07,5.35,107860.0
2016-10-05,5.4,5.73,5.34,5.67,97700.0
2016-10-06,5.8,5.8,5.52,5.53,80890.0
2016-10-07,5.54,5.79,5.54,5.65,48760.0
2016-10-10,5.53,5.63,5.07,5.34,37480.0
2016-10-11,5.2,5.54,5.14,5.45,15920.0
2016-10-12,5.4,5.92,5.4,5.91,64060.0
2016-10-13,5.93,5.95,5.79,5.89,51140.0
2016-10-14,5.88,6.06,5.76,6.01,27390.0
2016-10-17,6.1,6.1,5.86,5.86,18280.0
2016-10-18,5.95,5.96,5.77,5.9,13080.0
2016-10-19,5.81,5.9,5.78,5.8,22220.0
2016-10-20,5.8,5.87,5.78,5.8,22630.0
2016-10-21,5.87,5.87,5.7,5.75,13630.0
2016-10-24,5.75,5.83,5.64,5.83,7240.0
2016-10-25,5.85,6.0,5.85,5.99,14400.0
2016-10-26,5.95,6.3,5.95,6.16,49670.0
2016-10-27,6.18,6.3,6.16,6.17,10940.0
2016-10-28,6.2,6.26,6.15,6.24,44960.0
2016-10-31,6.35,6.48,6.25,6.4,26170.0
2016-11-02,6.37,6.37,6.1,6.25,6090.0
2016-11-03,6.25,6.25,6.05,6.19,820.0
2016-11-04,6.06,6.23,6.05,6.14,3280.0
2016-11-07,6.12,6.24,5.9,6.0,12630.0
2016-11-08,6.0,6.0,5.9,5.99,1290.0
2016-11-09,5.82,5.94,5.78,5.91,8760.0
2016-11-10,5.91,5.99,5.9,5.97,4880.0
2016-11-14,5.9,5.9,5.85,5.9,1080.0
2016-11-15,5.95,5.95,5.81,5.94,1130.0
2016-11-16,5.81,5.94,5.81,5.94,230.0
2016-11-17,5.8,5.85,5.28,5.39,24940.0
2016-11-18,5.39,5.44,5.05,5.44,12850.0
2016-11-21,5.3,5.38,5.13,5.38,12300.0
2016-11-22,5.17,5.33,5.17,5.29,4540.0
2016-11-23,5.3,5.41,5.22,5.41,2970.0
2016-11-24,5.4,5.45,5.3,5.45,2690.0
2016-11-25,5.31,5.32,5.15,5.18,12750.0
2016-11-28,5.18,5.29,5.12,5.29,3740.0
2016-11-29,5.14,5.27,5.13,5.27,3560.0
2016-11-30,5.27,5.3,5.25,5.3,5410.0
2016-12-01,5.3,5.43,5.28,5.38,3160.0
2016-12-02,5.38,5.49,5.08,5.47,20780.0
2016-12-05,5.48,5.49,5.27,5.46,9700.0
2016-12-06,5.48,5.48,5.33,5.48,7890.0
2016-12-07,5.37,5.44,5.36,5.44,2270.0
2016-12-08,5.4,5.4,5.4,5.4,1040.0
2016-12-09,5.4,5.46,5.26,5.4,20100.0
2016-12-12,5.31,5.38,5.17,5.2,28650.0
2016-12-13,5.2,5.36,5.18,5.27,6870.0
2016-12-14,5.24,5.3,5.19,5.3,8450.0
2016-12-15,5.27,5.31,5.2,5.31,8920.0
2016-12-16,5.25,5.3,5.22,5.3,8510.0
2016-12-19,5.17,5.18,4.67,5.17,43460.0
2016-12-20,5.08,5.1,4.9,5.0,30170.0
2016-12-21,4.95,5.0,4.9,4.9,23500.0
2016-12-22,4.91,4.96,4.91,4.93,5230.0
2016-12-23,4.93,5.0,4.85,4.87,31680.0
2016-12-27,4.86,4.87,4.73,4.75,17980.0
2016-12-28,4.74,4.8,4.7,4.72,29410.0
2016-12-29,4.73,5.06,4.71,4.9,14080.0
2016-12-30,4.92,4.93,4.83,4.88,9030.0
2017-01-02,4.82,4.96,4.82,4.96,1070.0
2017-01-03,4.92,4.96,4.89,4.89,46700.0
2017-01-04,4.82,5.3,4.82,5.28,69680.0
2017-01-05,5.3,5.4,5.3,5.4,16950.0
2017-01-09,5.4,5.5,5.21,5.5,80990.0
2017-01-10,5.49,5.55,5.32,5.33,17500.0
2017-01-11,5.47,5.49,5.41,5.41,21500.0
2017-01-12,5.47,5.6,5.43,5.6,18830.0
2017-01-13,5.63,5.8,5.6,5.74,14490.0
2017-01-16,5.74,5.76,5.68,5.74,14020.0
2017-01-17,5.76,5.76,5.62,5.72,2270.0
2017-01-18,5.7,5.7,5.6,5.65,4090.0
2017-01-19,5.66,5.7,5.6,5.64,3490.0
2017-01-20,5.7,5.7,5.6,5.69,640.0
2017-01-23,5.7,5.75,5.5,5.5,14730.0
2017-01-24,5.45,5.73,5.45,5.61,32310.000000000004
2017-01-25,5.65,5.9,5.65,5.9,41790.0
2017-01-26,5.91,5.91,5.63,5.68,13370.0
2017-01-27,5.79,6.1,5.79,6.1,31960.0
2017-01-30,6.15,6.4,6.1,6.23,84000.0
2017-01-31,6.2,6.34,6.15,6.33,34030.0
2017-02-01,6.33,6.4,6.2,6.39,28560.0
2017-02-02,6.26,6.37,6.05,6.18,17600.0
2017-02-03,6.1,6.25,6.1,6.23,4330.0
2017-02-06,5.95,6.0,5.66,5.75,36350.0
2017-02-07,5.74,5.9,5.69,5.85,8090.0
2017-02-08,5.95,6.0,5.8,5.9,34090.0
2017-02-09,5.96,6.0,5.76,5.96,19920.0
2017-02-10,5.96,6.02,5.83,5.91,47440.0
2017-02-13,5.96,5.97,5.91,5.95,10400.0
2017-02-14,5.95,6.28,5.95,6.12,26980.0
2017-02-15,6.24,6.31,6.2,6.23,17410.0
2017-02-16,6.3,6.75,6.3,6.54,136920.0
2017-02-17,6.66,7.0,6.62,6.95,95120.0
2017-02-20,7.02,7.32,7.02,7.16,64750.0
2017-02-21,7.14,7.27,7.1,7.2,38070.0
2017-02-22,7.08,7.15,6.75,6.86,35010.0
2017-02-23,6.99,6.99,6.44,6.6,96810.0
2017-02-24,6.77,6.83,6.4,6.75,62880.0
2017-02-27,6.8,7.1,6.7,7.1,27620.0
2017-02-28,7.19,7.28,7.03,7.28,51220.0
2017-03-01,7.32,7.32,7.1,7.19,17850.0
2017-03-02,7.29,7.29,7.0,7.2,40180.0
2017-03-03,7.2,7.48,7.12,7.41,46860.0
2017-03-06,7.41,7.75,7.23,7.75,42540.0
2017-03-07,7.8,8.19,7.75,8.19,99630.0
2017-03-08,8.2,8.2,7.97,8.08,17900.0
2017-03-09,7.97,7.99,7.51,7.66,36370.0
2017-03-10,7.65,7.98,7.56,7.7,25640.0
2017-03-13,7.9,7.9,7.52,7.8,7820.0
2017-03-14,7.65,7.78,7.62,7.65,7940.0
2017-03-15,7.61,7.61,7.26,7.39,28120.0
2017-03-16,7.4,7.6,7.4,7.59,4400.0
2017-03-17,7.59,7.86,7.59,7.76,14910.0
2017-03-20,7.8,7.9,7.74,7.85,8100.0
2017-03-21,7.8,7.89,7.5,7.6,14580.0
2017-03-22,7.67,7.67,7.16,7.38,27710.0
2017-03-23,7.38,7.39,7.22,7.29,1260.0
2017-03-24,7.28,7.49,7.28,7.45,6490.0
2017-03-27,7.4,7.49,7.16,7.3,6800.0
2017-03-28,7.25,7.34,7.18,7.34,3010.0
2017-03-29,7.35,7.45,7.22,7.42,6710.0
2017-03-30,7.3,7.4,7.26,7.34,6170.0
2017-03-31,7.32,7.5,7.19,7.23,13310.0
2017-04-03,7.21,7.44,6.55,6.89,39260.0
2017-04-04,6.84,6.84,6.36,6.42,89710.0
2017-04-05,6.38,6.67,6.38,6.54,10430.0
2017-04-06,6.59,6.59,6.21,6.53,35050.0
2017-04-07,6.62,6.62,6.5,6.6,5040.0
2017-04-10,6.62,6.65,6.5,6.58,11820.0
2017-04-11,6.68,6.68,5.77,5.85,66270.0
2017-04-12,5.8,5.8,5.5,5.75,51320.0
2017-04-13,5.88,5.88,5.5,5.51,39420.0
2017-04-18,5.5,6.25,5.5,6.24,64760.00000000001
2017-04-19,6.0,6.2,5.9,5.99,26660.0
2017-04-20,6.04,6.25,5.99,6.23,45690.0
2017-04-21,6.23,6.29,6.23,6.28,20760.0
2017-04-24,6.4,6.56,6.27,6.5,35910.0
2017-04-25,6.51,6.52,6.31,6.38,7040.0
2017-04-26,6.31,6.31,6.1,6.19,12370.0
2017-04-27,6.25,6.28,6.03,6.15,6670.0
2017-04-28,6.03,6.14,5.95,6.14,11650.0
2017-05-02,6.14,6.15,6.0,6.05,7490.0
2017-05-04,6.0,6.05,5.83,5.98,6780.0
2017-05-05,6.02,6.05,5.86,6.0,2710.0
2017-05-08,6.0,6.15,6.0,6.1,3410.0
2017-05-09,6.1,6.1,5.9,5.96,5040.0
2017-05-10,6.0,6.0,5.75,5.75,39200.0
2017-05-11,5.8,5.8,5.74,5.8,5460.0
2017-05-12,5.78,5.78,5.6,5.71,4010.0
2017-05-15,5.93,5.93,5.7,5.8,1270.0
2017-05-16,5.7,5.78,5.5,5.5,18910.0
2017-05-17,5.5,5.62,5.5,5.61,10980.0
2017-05-18,5.61,5.8,5.51,5.76,12520.0
2017-05-19,5.79,5.79,5.77,5.79,1100.0
2017-05-22,5.61,5.85,5.61,5.79,2600.0
2017-05-23,5.78,5.79,5.7,5.7,3370.0
2017-05-24,5.7,5.77,5.69,5.77,3920.0
2017-05-25,5.77,5.77,5.62,5.62,2350.0
2017-05-26,5.76,5.76,5.52,5.7,16780.0
2017-05-29,5.69,5.69,5.6,5.63,6940.0
2017-05-30,5.63,5.63,5.6,5.62,3540.0
2017-05-31,5.63,5.63,5.54,5.6,4160.0
2017-06-01,5.55,5.55,5.46,5.5,5930.0
2017-06-02,5.5,5.6,5.36,5.4,11650.0
2017-06-05,5.32,5.32,4.8,4.8,98350.0
2017-06-06,4.72,4.82,4.65,4.78,48840.0
2017-06-07,4.84,4.89,4.65,4.7,22110.0
2017-06-08,4.7,4.79,4.7,4.78,2150.0
2017-06-09,4.76,4.85,4.76,4.85,5640.0
2017-06-12,4.9,4.93,4.63,4.63,14910.0
2017-06-13,4.63,4.67,4.57,4.67,22500.0
2017-06-14,4.7,4.72,4.59,4.7,19690.0
2017-06-16,4.7,4.76,4.66,4.76,2250.0
2017-06-19,4.7,4.75,4.7,4.73,1200.0
2017-06-20,4.65,4.72,4.65,4.69,830.0
2017-06-21,4.66,4.66,4.55,4.55,8690.0
2017-06-22,4.16,4.16,3.75,3.94,108520.0
2017-06-23,3.9,3.94,3.7,3.93,42410.0
2017-06-26,3.86,3.88,3.69,3.78,32520.000000000004
2017-06-27,3.76,3.76,3.65,3.75,41490.0
2017-06-28,3.74,3.82,3.74,3.8,35340.0
2017-06-29,3.8,3.92,3.76,3.9,13720.0
2017-06-30,3.82,3.95,3.82,3.9,13030.0
2017-07-03,3.89,4.25,3.89,4.14,47630.0
2017-07-04,4.05,4.22,3.76,3.82,96290.0
2017-07-05,3.76,3.76,3.47,3.55,233680.0
2017-07-06,3.5,3.51,3.11,3.35,182810.0
2017-07-07,3.61,4.14,3.5,3.76,315770.0
2017-07-10,4.07,4.35,4.0,4.08,149070.0
2017-07-11,4.07,4.18,3.81,3.93,34470.0
2017-07-12,3.94,3.94,3.6,3.72,70940.0
2017-07-13,3.7,3.8,3.41,3.6,44740.0
2017-07-14,3.65,3.71,3.45,3.69,28640.0
2017-07-17,3.75,3.89,3.75,3.82,16970.0
2017-07-18,3.89,3.89,3.76,3.76,8800.0
2017-07-19,3.72,3.73,3.6,3.65,9900.0
2017-07-20,3.61,3.76,3.6,3.62,5740.0
2017-07-21,3.7,3.7,3.0,3.0,97150.0
2017-07-24,3.57,3.58,3.34,3.49,83480.0
2017-07-25,3.49,3.54,3.35,3.35,22690.0
2017-07-26,3.42,3.42,3.35,3.4,9290.0
2017-07-27,3.42,3.42,3.23,3.26,5320.0
2017-07-28,3.26,3.38,3.26,3.38,6220.0
2017-07-31,3.51,3.65,3.4,3.56,27020.0
2017-08-01,3.58,3.58,3.43,3.5,8150.0
2017-08-02,3.5,3.5,3.38,3.44,6880.0
2017-08-03,3.44,3.44,3.38,3.42,3350.0
2017-08-04,3.49,3.49,3.44,3.45,3180.0
2017-08-07,3.48,3.65,3.48,3.59,16840.0
2017-08-08,3.6,3.64,3.5,3.55,6810.0
2017-08-09,3.55,3.55,3.5,3.55,4860.0
2017-08-10,3.54,3.57,3.54,3.57,3970.0
2017-08-11,3.52,3.52,3.43,3.47,6970.0
2017-08-14,3.41,3.45,3.38,3.45,3140.0
2017-08-16,3.5,3.77,3.5,3.76,53130.0
2017-08-17,3.76,3.76,3.51,3.65,12020.0
2017-08-18,3.55,3.55,3.17,3.17,24880.0
2017-08-21,3.6,3.63,3.4,3.4,19540.0
2017-08-22,3.4,3.45,3.4,3.44,14870.0
2017-08-23,3.43,3.45,3.25,3.36,8039.999999999999
2017-08-24,3.36,3.4,3.22,3.25,14870.0
2017-08-25,3.26,3.33,3.25,3.29,7830.0
2017-08-28,3.3,3.3,3.29,3.29,1030.0
2017-08-29,3.25,3.25,3.21,3.21,1050.0
2017-08-30,3.21,3.32,3.21,3.32,6620.0
2017-08-31,3.32,3.32,3.21,3.21,5360.0
2017-09-01,3.21,3.31,3.2,3.3,6760.0
2017-09-04,3.24,3.25,3.23,3.24,7060.0
2017-09-05,3.23,3.25,3.15,3.25,8680.0
2017-09-06,3.24,3.24,3.24,3.24,1420.0
2017-09-07,3.18,3.18,3.15,3.15,4100.0
2017-09-08,3.15,3.15,3.01,3.1,5540.0
2017-09-11,3.05,3.19,3.05,3.1,1620.0
2017-09-12,3.05,3.05,2.94,3.04,6290.0
2017-09-13,3.04,3.1,2.95,2.95,2650.0
2017-09-14,2.95,2.95,2.9,2.9,16230.0
2017-09-15,2.97,2.97,2.82,2.94,27810.0
2017-09-18,2.9,3.08,2.85,2.85,49360.0
2017-09-19,2.83,2.88,2.75,2.75,10660.0
2017-09-20,2.75,2.84,2.63,2.69,23000.0
2017-09-21,2.64,2.7,2.55,2.57,26450.0
2017-09-22,2.57,2.57,2.42,2.46,61670.0
2017-09-25,2.5,3.02,2.42,3.02,99440.0
2017-09-26,3.35,3.58,3.13,3.27,308800.0
2017-09-27,3.31,3.54,3.08,3.31,74370.0
2017-09-28,3.35,3.35,3.02,3.03,50300.0
2017-09-29,3.1,3.24,3.05,3.1,26030.0
2017-10-02,3.12,3.15,2.92,3.05,11950.0
2017-10-03,3.07,3.08,3.01,3.08,3770.0
2017-10-04,3.08,3.27,3.01,3.12,18980.0
2017-10-05,3.12,3.43,3.1,3.3,81580.0
2017-10-06,3.36,3.44,3.22,3.22,31860.0
2017-10-09,3.3,3.38,3.25,3.37,11160.0
2017-10-10,3.36,3.36,3.23,3.23,6830.0
2017-10-11,3.22,3.36,3.22,3.34,9620.0
2017-10-12,3.23,3.28,3.22,3.28,1400.0
2017-10-13,3.24,3.28,3.2,3.27,10380.0
2017-10-16,3.25,3.32,3.21,3.23,4560.0
2017-10-17,3.21,3.28,3.2,3.2,5500.0
2017-10-18,3.16,3.2,3.09,3.16,14480.0
2017-10-19,3.18,3.25,3.08,3.22,8970.0
2017-10-20,3.2,3.21,3.05,3.14,7560.0
2017-10-23,3.1,3.1,2.9,3.04,12620.0
2017-10-24,3.01,3.02,2.8,2.9,26780.0
2017-10-25,2.8,2.92,2.61,2.92,53990.0
2017-10-26,2.92,2.99,2.9,2.91,33880.0
2017-10-27,2.95,3.1,2.95,3.1,20860.0
2017-10-30,3.0,3.18,2.96,3.17,18090.0
2017-10-31,3.19,3.37,3.19,3.29,39980.0
2017-11-02,3.34,3.49,3.25,3.47,42200.0
2017-11-03,3.5,3.5,3.36,3.39,4720.0
2017-11-06,3.36,3.47,3.25,3.32,5390.0
2017-11-07,3.26,3.33,3.26,3.27,6160.0
2017-11-08,3.27,3.27,3.2,3.2,9480.0
2017-11-09,3.14,3.25,3.14,3.25,1860.0
2017-11-10,3.15,3.24,2.99,3.0,13700.0
2017-11-13,3.0,3.01,2.86,2.86,16830.0
2017-11-14,2.88,2.97,2.86,2.95,5980.0
2017-11-15,2.97,2.97,2.82,2.94,6650.0
2017-11-16,2.84,2.95,2.84,2.95,2620.0
2017-11-17,2.86,2.94,2.86,2.94,1480.0
2017-11-20,2.94,2.94,2.89,2.89,2040.0
2017-11-21,2.9,2.97,2.89,2.91,4019.9999999999995
2017-11-22,2.92,2.99,2.91,2.99,2180.0
2017-11-23,3.06,3.06,2.97,3.03,2360.0
2017-11-24,3.0,3.05,2.93,3.0,3320.0
2017-11-27,3.04,3.05,3.0,3.0,2420.0
2017-11-28,3.0,3.05,3.0,3.05,1470.0
2017-11-29,3.0,3.19,3.0,3.17,9000.0
2017-11-30,3.17,3.17,3.1,3.1,4210.0
2017-12-01,3.02,3.2,3.01,3.18,7260.0
2017-12-04,3.1,3.19,3.1,3.1,420.0
2017-12-05,3.1,3.14,3.02,3.14,3300.0
2017-12-06,3.06,3.1,3.05,3.05,2550.0
2017-12-07,3.06,3.13,3.04,3.09,2870.0
2017-12-08,3.09,3.14,3.05,3.12,7510.0
2017-12-11,3.11,3.13,3.01,3.02,14130.0
2017-12-12,3.07,3.07,2.9,3.0,3460.0
2017-12-13,3.0,3.09,3.0,3.03,16810.0
2017-12-14,3.0,3.02,2.97,3.0,10010.0
2017-12-15,3.0,3.02,2.96,3.02,15650.0
2017-12-18,3.0,3.0,2.91,2.93,23650.0
2017-12-19,2.92,2.95,2.73,2.79,20090.0
2017-12-20,2.7,2.76,2.66,2.73,10880.0
2017-12-21,2.71,2.75,2.6,2.63,41120.0
2017-12-22,2.63,2.65,2.6,2.6,15970.0
2017-12-27,2.6,2.64,2.58,2.64,23190.0
2017-12-28,2.6,2.68,2.6,2.65,8930.0
2017-12-29,2.66,2.83,2.65,2.82,7050.0
2018-01-03,2.84,2.94,2.75,2.88,2860.0
2018-01-04,2.9,2.93,2.83,2.83,8119.999999999999
2018-01-05,2.8,2.94,2.8,2.84,2890.0
2018-01-08,2.86,2.96,2.86,2.96,9130.0
2018-01-09,2.96,2.96,2.92,2.96,2960.0
2018-01-10,2.9,2.98,2.79,2.97,21580.0
2018-01-11,2.97,2.99,2.96,2.99,3060.0
2018-01-12,2.98,3.1,2.98,3.09,15470.0
2018-01-15,3.13,3.15,2.97,2.97,8140.000000000001
2018-01-16,3.18,3.26,3.0,3.0,20860.0
2018-01-17,3.0,3.09,3.0,3.01,3290.0
2018-01-18,3.0,3.01,3.0,3.0,1320.0
2018-01-19,3.13,3.24,3.12,3.18,18240.0
2018-01-22,3.19,3.26,3.19,3.25,25310.0
2018-01-23,3.22,3.23,3.14,3.14,5930.0
2018-01-25,3.19,3.19,3.14,3.14,1510.0
2018-01-26,3.15,3.19,3.09,3.11,3170.0
2018-01-29,3.11,3.11,3.08,3.08,4910.0
2018-01-30,3.05,3.13,3.01,3.13,5740.0
2018-01-31,3.11,3.12,3.03,3.03,450.0
2018-02-02,3.1,3.1,3.1,3.1,100.0
2018-02-05,3.1,3.1,3.01,3.01,5540.0
2018-02-06,3.01,3.01,2.91,2.95,12990.0
2018-02-07,2.96,3.09,2.96,2.96,3200.0
2018-02-08,3.09,3.09,2.97,3.0,2040.0
2018-02-09,3.0,3.0,3.0,3.0,200.0
2018-02-12,3.0,3.0,2.91,2.91,1400.0
2018-02-13,2.92,3.0,2.9,2.91,2420.0
2018-02-14,2.99,2.99,2.91,2.91,500.0
2018-02-15,3.05,3.05,3.05,3.05,40.0
2018-02-16,3.0,3.0,2.95,3.0,1860.0
2018-02-19,3.1,3.1,2.96,2.96,7740.0
2018-02-20,2.95,2.95,2.8,2.88,9450.0
2018-02-21,2.82,2.92,2.82,2.83,1340.0
2018-02-22,2.81,2.82,2.8,2.81,8490.0
2018-02-23,2.8,3.37,2.8,3.35,80890.0
2018-02-26,3.44,3.7,3.44,3.54,97710.0
2018-02-27,3.6,3.6,3.35,3.5,22480.0
2018-02-28,3.55,3.55,3.32,3.48,7600.0
2018-03-01,3.42,3.42,3.24,3.3,51370.0
2018-03-02,3.25,3.43,3.25,3.4,37910.0
2018-03-05,3.47,3.62,3.4,3.58,81410.0
2018-03-06,3.6,3.95,3.51,3.51,154410.0
2018-03-07,3.66,3.89,3.51,3.85,60280.0
2018-03-08,3.89,4.2,3.89,4.18,106840.0
2018-03-09,4.08,4.08,3.74,3.8,319040.0
2018-03-12,3.88,4.17,3.86,4.03,53520.0
2018-03-13,4.03,4.03,3.8,3.85,29320.0
2018-03-14,3.9,4.02,3.8,3.9,16250.0
2018-03-15,3.98,3.99,3.85,3.85,7160.0
2018-03-16,3.86,3.86,3.65,3.83,13010.0
2018-03-19,3.7,4.07,3.68,3.68,22740.0
2018-03-20,3.65,3.84,3.45,3.5,34660.0
2018-03-21,3.51,3.92,3.51,3.92,35340.0
2018-03-22,3.89,3.89,3.73,3.73,16200.0
2018-03-23,3.8,3.92,3.75,3.79,5800.0
2018-03-26,3.8,3.8,3.65,3.7,1780.0
2018-03-27,3.7,3.82,3.6,3.6,5880.0
2018-03-28,3.63,3.82,3.41,3.5,12010.0
2018-03-29,3.69,3.69,3.4,3.66,7040.0
2018-04-03,3.4,3.64,3.31,3.44,20600.0
2018-04-04,3.36,3.43,3.26,3.4,13200.0
2018-04-05,3.43,3.43,3.3,3.42,8910.0
2018-04-06,3.54,3.54,3.33,3.49,1220.0
2018-04-09,3.4,3.6,3.34,3.6,16309.999999999998
2018-04-10,3.6,3.68,3.49,3.52,3860.0
2018-04-11,3.6,3.68,3.6,3.6,2950.0
2018-04-12,3.52,3.52,3.37,3.48,22820.0
2018-04-13,3.37,3.49,3.35,3.38,13130.0
2018-04-16,3.44,3.44,3.34,3.44,1990.0
2018-04-17,3.43,3.43,3.33,3.42,860.0
2018-04-18,3.33,3.42,3.33,3.39,4130.0
2018-04-19,3.4,3.4,3.34,3.4,5840.0
2018-04-20,3.34,3.42,3.33,3.42,4930.0
2018-04-23,3.38,3.42,3.3,3.39,6410.0
2018-04-24,3.3,3.39,3.0,3.01,17690.0
2018-04-25,3.01,3.09,2.95,3.02,20450.0
2018-04-26,2.97,3.08,2.97,3.05,5990.0
2018-04-27,3.06,3.06,2.98,2.98,8290.0
2018-04-30,2.98,3.07,2.6,2.65,43280.0
2018-05-02,2.52,2.67,2.2,2.31,102150.0
2018-05-04,2.3,2.43,2.29,2.43,25700.0
2018-05-07,2.44,2.45,2.29,2.38,23050.0
2018-05-08,2.35,2.45,2.29,2.45,53000.0
2018-05-09,2.48,2.65,2.48,2.57,22630.0
2018-05-10,2.65,2.9,2.57,2.9,34500.0
2018-05-11,2.89,2.89,2.8,2.81,14740.0
2018-05-14,2.8,3.08,2.79,3.08,30940.0
2018-05-15,2.97,3.07,2.91,2.91,7340.0
2018-05-16,2.96,3.0,2.85,2.88,7410.0
2018-05-17,2.89,2.97,2.75,2.97,5490.0
2018-05-18,2.76,2.92,2.76,2.92,6240.0
2018-05-21,2.77,2.9,2.77,2.9,60.0
2018-05-22,2.88,2.89,2.65,2.84,4380.0
2018-05-23,2.75,2.81,2.66,2.81,940.0
2018-05-24,2.66,2.66,2.42,2.42,50380.0
2018-05-25,2.43,2.5,2.4,2.5,4400.0
2018-05-28,2.5,2.58,2.45,2.45,1670.0
2018-05-29,2.46,2.46,2.3,2.3,85260.0
2018-05-30,2.26,2.36,2.26,2.36,6560.0
2018-06-01,2.39,2.4,2.39,2.4,3350.0
2018-06-04,2.4,2.4,2.38,2.39,1150.0
2018-06-05,2.4,2.46,2.37,2.37,3160.0
2018-06-06,2.36,2.49,2.36,2.49,3910.0
2018-06-07,2.47,2.98,2.47,2.78,75190.0
2018-06-08,2.76,2.86,2.63,2.78,2320.0
2018-06-11,2.7,2.85,2.7,2.85,1020.0
2018-06-13,2.85,3.02,2.81,2.98,13950.0
2018-06-14,2.93,2.93,2.93,2.93,0.0
2018-06-15,2.75,2.93,2.66,2.66,3260.0
2018-06-18,2.67,2.67,2.66,2.66,3300.0
2018-06-19,2.65,2.87,2.65,2.87,7700.0
2018-06-22,2.8,2.86,2.8,2.86,1310.0
2018-06-25,2.75,2.8,2.75,2.8,1380.0
2018-06-26,2.56,2.8,2.56,2.8,3470.0
2018-06-27,2.82,2.83,2.82,2.82,1830.0
2018-06-29,2.78,2.99,2.78,2.99,22410.0
2018-07-02,2.98,3.28,2.98,3.21,56180.0
2018-07-03,3.07,3.45,3.07,3.32,45640.0
2018-07-04,3.22,3.47,3.22,3.28,13860.0
2018-07-05,3.26,3.3,3.15,3.15,6520.0
2018-07-06,3.37,3.37,3.3,3.3,17350.0
2018-07-09,3.38,3.38,3.1,3.31,13290.0
2018-07-10,3.29,3.4,3.29,3.4,6880.0
2018-07-11,3.49,3.49,3.35,3.49,4240.0
2018-07-12,3.48,3.48,3.3,3.4,690.0
2018-07-13,3.3,3.48,3.05,3.18,59240.0
2018-07-16,3.18,3.18,3.08,3.08,1030.0
2018-07-17,3.08,3.22,3.08,3.22,1180.0
2018-07-18,3.1,3.22,3.1,3.22,1230.0
2018-07-19,3.1,3.24,3.1,3.24,8440.0
2018-07-20,3.24,3.24,3.12,3.12,120.0
2018-07-23,3.33,3.33,3.28,3.32,4480.0
2018-07-24,3.32,3.32,3.32,3.32,310.0
2018-07-25,3.25,3.28,3.25,3.28,490.0
2018-07-26,3.25,3.33,3.25,3.33,100.0
2018-07-27,3.3,3.3,3.3,3.3,1000.0
2018-07-30,3.29,3.33,3.29,3.3,2150.0
2018-08-01,3.33,3.33,3.05,3.11,7520.0
2018-08-02,3.28,3.34,3.28,3.34,9650.0
2018-08-03,3.35,3.54,3.34,3.54,29600.0
2018-08-06,3.72,3.8,3.54,3.54,28630.0
2018-08-07,3.67,3.68,3.44,3.49,8170.0
2018-08-08,3.4,3.54,3.4,3.54,50.0
2018-08-09,3.42,3.44,3.3,3.33,8160.0
2018-08-10,3.43,3.43,3.25,3.25,1970.0
2018-08-13,3.24,3.5,3.2,3.48,11540.0
2018-08-14,3.47,3.55,3.36,3.36,5780.0
2018-08-16,3.31,3.55,3.31,3.5,9200.0
2018-08-17,3.51,3.51,3.37,3.37,310.0
2018-08-20,3.5,3.5,3.27,3.46,3360.0
2018-08-21,3.47,3.47,3.28,3.43,10050.0
2018-08-22,3.21,3.4,3.21,3.26,7650.0
2018-08-23,3.41,3.41,3.09,3.37,12640.0
2018-08-24,3.18,3.36,3.17,3.17,3170.0
2018-08-27,3.25,3.33,3.16,3.2,17630.0
2018-08-28,3.16,3.18,3.0,3.05,213850.0
2018-08-29,3.06,3.3,3.06,3.3,14710.0
2018-08-30,3.28,3.31,3.25,3.31,6020.0
2018-08-31,3.29,3.31,3.19,3.3,10250.0
2018-09-03,3.31,3.31,3.31,3.31,750.0
2018-09-04,3.12,3.28,3.12,3.28,760.0
2018-09-05,3.25,3.25,3.2,3.2,1390.0
2018-09-06,3.11,3.2,3.05,3.19,6530.0
2018-09-07,3.06,3.3,3.06,3.3,16780.0
2018-09-10,3.05,3.3,3.05,3.3,6310.0
2018-09-11,3.2,3.2,3.01,3.01,10340.0
2018-09-12,3.01,3.21,3.01,3.05,1570.0
2018-09-13,3.17,3.17,3.17,3.17,0.0
2018-09-14,3.01,3.17,3.01,3.17,3060.0
2018-09-17,3.01,3.12,3.0,3.12,1830.0
2018-09-18,3.0,3.12,2.71,3.12,15620.0
2018-09-19,2.99,3.11,2.95,2.96,1630.0
2018-09-20,2.96,3.0,2.96,2.96,2190.0
2018-09-21,3.0,3.0,2.96,2.96,10.0
2018-09-24,3.0,3.11,3.0,3.1,2260.0
2018-09-25,3.0,3.11,3.0,3.09,1750.0
2018-09-26,3.0,3.1,3.0,3.1,200.0
2018-09-27,3.09,3.21,3.02,3.21,2040.0
2018-09-28,3.21,3.21,3.21,3.21,0.0
2018-10-02,2.89,3.21,2.86,2.91,290.0
2018-10-03,3.19,3.19,2.9,3.15,160.0
2018-10-04,3.2,3.2,2.91,3.0,4110.0
2018-10-05,3.14,3.14,3.0,3.0,530.0
2018-10-08,3.13,3.13,3.0,3.13,120.0
2018-10-09,3.0,3.12,3.0,3.12,530.0
2018-10-10,3.11,3.3,3.01,3.28,11090.0
2018-10-11,3.26,3.26,3.01,3.01,3110.0
2018-10-12,3.09,3.12,2.98,3.0,12440.0
2018-10-15,3.18,3.18,2.96,2.98,2540.0
2018-10-16,3.1,3.1,3.1,3.1,0.0
2018-10-17,2.97,3.09,2.97,3.09,410.0
2018-10-18,3.0,3.08,3.0,3.08,20.0
2018-10-19,3.0,3.09,2.97,3.0,600.0
2018-10-22,3.09,3.09,2.97,2.97,300.0
2018-10-23,3.05,3.05,2.96,3.0,24300.0
2018-10-24,3.09,3.09,2.96,3.02,780.0
2018-10-25,2.95,3.09,2.93,3.09,2990.0
2018-10-31,2.93,3.03,2.93,3.03,40.0
2018-11-02,3.03,3.09,2.95,3.09,410.0
2018-11-05,3.0,3.09,3.0,3.09,310.0
2018-11-06,3.1,3.1,2.93,3.1,1240.0
2018-11-07,2.95,3.09,2.9,3.09,450.0
2018-11-08,3.09,3.09,2.9,2.91,1620.0
2018-11-09,3.09,3.09,2.91,3.09,320.0
2018-11-14,3.07,3.07,3.0,3.07,1010.0
2018-11-15,3.0,3.0,2.9,2.99,1290.0
2018-11-16,2.84,2.99,2.84,2.98,5420.0
2018-11-19,2.84,2.97,2.72,2.88,9620.0
2018-11-20,2.76,2.8,2.75,2.75,4450.0
2018-11-21,2.75,2.89,2.75,2.75,8100.0
2018-11-22,2.75,2.75,2.61,2.63,3660.0
2018-11-23,2.65,2.75,2.65,2.75,4080.0
2018-11-26,2.65,2.75,2.65,2.75,3740.0
2018-11-27,2.63,2.7,2.63,2.7,930.0
2018-11-28,2.7,2.7,2.65,2.7,2350.0
2018-11-29,2.7,2.89,2.7,2.87,4240.0
2018-11-30,2.87,2.88,2.85,2.88,2330.0
2018-12-03,2.61,2.87,2.61,2.85,120.0
2018-12-04,2.85,2.9,2.74,2.9,8340.0
2018-12-05,2.76,2.9,2.66,2.89,2400.0
2018-12-06,2.8,2.87,2.75,2.75,320.0
2018-12-07,2.75,2.9,2.75,2.9,1450.0
2018-12-10,2.75,2.9,2.75,2.9,690.0
2018-12-11,2.76,2.87,2.76,2.87,60.0
2018-12-12,2.77,2.9,2.77,2.9,190.0
2018-12-13,2.78,2.9,2.77,2.9,620.0
2018-12-14,2.82,2.9,2.82,2.9,340.0
2018-12-17,2.77,2.9,2.77,2.9,4220.0
2018-12-18,2.78,2.89,2.78,2.87,340.0
2018-12-19,2.78,2.89,2.78,2.88,590.0
2018-12-20,2.77,2.85,2.75,2.78,6330.0
2018-12-21,2.75,2.9,2.7,2.7,4510.0
2018-12-27,2.88,2.88,2.59,2.59,6650.0
2018-12-28,2.59,2.79,2.59,2.69,3120.0
2019-01-02,2.73,2.75,2.73,2.75,3610.0
2019-01-03,2.7,2.7,2.7,2.7,460.0
2019-01-04,2.75,2.89,2.75,2.89,2760.0
2019-01-07,2.87,2.87,2.87,2.87,400.0
2019-01-08,2.9,2.9,2.9,2.9,11400.0
2019-01-09,2.95,2.95,2.95,2.95,2290.0
2019-01-10,2.94,2.94,2.94,2.94,50.0
2019-01-11,2.94,2.94,2.94,2.94,30.0
2019-01-14,2.94,2.94,2.94,2.94,2750.0
2019-01-15,2.94,2.94,2.94,2.94,150.0
2019-01-16,2.92,2.92,2.92,2.92,1500.0
2019-01-17,2.93,2.93,2.93,2.93,3740.0
2019-01-18,2.93,2.93,2.92,2.92,10080.0
2019-01-21,2.8,2.8,2.8,2.8,800.0
2019-01-22,2.91,2.91,2.9,2.9,720.0
2019-01-24,2.9,2.9,2.9,2.9,1360.0
2019-01-25,2.75,2.88,2.75,2.88,350.0
2019-01-28,2.88,2.88,2.88,2.88,30.0
2019-01-29,2.88,2.88,2.88,2.88,380.0
2019-01-30,2.85,2.85,2.85,2.85,10.0
2019-01-31,2.85,2.85,2.68,2.68,300.0
2019-02-01,2.69,2.73,2.69,2.73,470.0
2019-02-04,2.73,2.85,2.69,2.84,2860.0
2019-02-05,2.9,2.9,2.66,2.9,7880.0
2019-02-06,2.89,2.89,2.72,2.88,1570.0
2019-02-07,2.88,2.95,2.74,2.95,4310.0
2019-02-08,2.92,3.15,2.92,2.98,46490.0
2019-02-11,2.98,3.13,2.98,3.12,15410.0
2019-02-12,3.05,3.11,3.05,3.09,3540.0
2019-02-13,3.1,3.1,3.09,3.09,10.0
2019-02-14,3.09,3.1,3.09,3.1,50.0
2019-02-15,3.07,3.1,3.01,3.1,5180.0
2019-02-18,3.09,3.09,2.97,3.08,1330.0
2019-02-19,3.08,3.08,3.06,3.06,20.0
2019-02-20,3.07,3.07,3.07,3.07,50.0
2019-02-21,3.05,3.2,3.04,3.18,15660.0
2019-02-22,3.08,3.19,3.06,3.15,2230.0
2019-02-25,3.18,3.18,3.1,3.1,2000.0
2019-02-26,3.05,3.1,3.01,3.01,10250.0
2019-02-27,3.05,3.05,2.93,3.02,1220.0
2019-02-28,3.04,3.04,2.95,3.03,310.0
2019-03-01,3.03,3.05,2.97,3.01,14940.0
2019-03-04,3.15,3.25,3.0,3.09,14670.0
2019-03-05,3.06,3.06,2.9,3.0,3260.0
2019-03-06,2.86,2.99,2.86,2.97,2570.0
2019-03-07,2.99,3.01,2.95,3.01,1930.0
2019-03-08,3.0,3.08,2.9,3.08,3540.0
2019-03-11,3.03,3.06,3.03,3.04,1070.0
2019-03-12,3.06,3.06,2.92,3.03,14750.0
2019-03-13,3.03,3.14,3.0,3.14,5120.0
2019-03-14,3.14,3.14,3.1,3.13,2070.0
2019-03-15,3.14,3.14,3.14,3.14,0.0
2019-03-18,3.1,3.1,3.02,3.1,3140.0
2019-03-19,3.02,3.1,3.02,3.1,300.0
2019-03-20,3.02,3.05,2.95,3.05,1320.0
2019-03-21,3.0,3.07,2.97,3.07,2029.9999999999998
2019-03-22,3.0,3.1,2.97,3.1,401730.0
2019-03-25,3.1,3.1,3.02,3.02,50350.0
2019-03-26,3.06,3.06,3.0,3.0,2780.0
2019-03-27,3.04,3.04,2.97,2.97,620.0
2019-03-28,3.0,3.0,2.96,3.0,190.0
2019-03-29,3.0,3.0,2.96,2.96,1060.0
2019-04-01,2.99,2.99,2.95,2.99,1660.0
2019-04-02,2.99,3.0,2.99,3.0,270.0
2019-04-03,3.0,3.0,2.92,3.0,1480.0
2019-04-04,3.0,3.0,3.0,3.0,0.0
2019-04-05,3.0,3.0,3.0,3.0,0.0
2019-04-08,3.0,3.0,3.0,3.0,50.0
2019-04-09,3.0,3.0,2.88,2.98,1330.0
2019-04-10,2.98,2.98,2.98,2.98,0.0
2019-04-11,2.97,2.97,2.95,2.97,420.0
2019-04-12,2.97,2.97,2.84,2.97,360.0
2019-04-15,2.97,2.97,2.84,2.96,220.0
2019-04-16,2.93,2.93,2.85,2.93,2500.0
2019-04-17,2.92,2.98,2.81,2.98,3720.0
2019-04-18,2.98,2.98,2.95,2.95,0.0
2019-04-23,2.95,2.95,2.94,2.94,440.0
2019-04-24,2.95,2.95,2.95,2.95,10.0
2019-04-25,2.95,3.0,2.9,3.0,5110.0
2019-04-26,2.9,3.08,2.9,3.08,3130.0
2019-04-29,3.01,3.05,2.85,2.9,770.0
2019-04-30,3.09,3.09,2.79,2.88,20430.0
2019-05-02,2.92,2.92,2.82,2.88,5500.0
2019-05-06,2.88,2.88,2.75,2.84,9930.0
2019-05-07,2.84,2.84,2.8,2.83,10990.0
2019-05-08,2.83,2.83,2.78,2.82,3180.0
2019-05-09,2.82,2.82,2.82,2.82,540.0
2019-05-10,2.81,2.92,2.67,2.85,9750.0
2019-05-13,2.86,2.99,2.86,2.87,6250.0
2019-05-14,2.87,3.0,2.87,2.95,5980.0
2019-05-15,2.98,3.0,2.88,3.0,6270.0
2019-05-16,2.89,3.0,2.88,3.0,21080.0
2019-05-17,3.0,3.0,2.9,2.9,2450.0
2019-05-20,3.0,3.0,2.9,2.9,2630.0
2019-05-21,2.9,3.0,2.9,2.9,350.0
2019-05-22,2.99,3.0,2.9,3.0,1970.0
2019-05-23,2.9,2.99,2.9,2.99,10.0
2019-05-24,2.9,2.99,2.9,2.99,40.0
2019-05-27,2.98,2.99,2.98,2.99,3320.0
2019-05-28,3.0,3.02,2.91,3.0,1630.0
2019-05-29,3.02,3.04,3.02,3.03,3670.0
2019-05-30,3.04,3.06,3.04,3.06,930.0
2019-05-31,3.0,3.1,2.91,3.0,4990.0
2019-06-03,3.08,3.08,3.0,3.05,1000.0
2019-06-04,3.07,3.07,2.95,2.95,510.0
2019-06-05,2.89,3.01,2.88,2.98,5930.0
2019-06-06,2.9,2.98,2.88,2.98,3900.0
2019-06-07,3.02,3.04,3.02,3.04,790.0
2019-06-10,3.0,3.0,2.93,2.93,4000.0
2019-06-11,2.93,3.0,2.88,2.88,11760.0
2019-06-12,2.85,2.85,2.74,2.74,8740.0
2019-06-13,2.8,2.99,2.8,2.85,8050.000000000001
2019-06-14,2.85,2.85,2.8,2.8,21300.0
2019-06-17,2.98,2.98,2.84,2.85,1060.0
2019-06-18,2.84,2.84,2.8,2.84,690.0
2019-06-19,2.99,2.99,2.8,2.89,1390.0
2019-06-21,2.8,2.88,2.8,2.88,230.0
2019-06-24,2.76,2.86,2.76,2.8,1390.0
2019-06-25,2.75,2.8,2.75,2.8,1110.0
2019-06-26,2.85,2.85,2.8,2.8,230.0
2019-06-27,2.75,2.75,2.7,2.7,3090.0
2019-06-28,2.74,2.8,2.43,2.43,8550.0
2019-07-01,2.64,2.64,2.46,2.46,7450.0
2019-07-02,2.48,2.48,2.42,2.48,15600.0
2019-07-03,2.44,2.52,2.4,2.45,13140.0
2019-07-04,2.42,2.54,2.32,2.39,29930.0
2019-07-05,2.36,2.39,2.31,2.39,7900.0
2019-07-08,2.31,2.37,2.3,2.37,30060.0
2019-07-09,2.32,2.38,2.26,2.26,171980.0
2019-07-10,2.28,2.3,2.24,2.25,18960.0
2019-07-11,2.35,2.35,2.22,2.23,15210.0
2019-07-12,2.31,2.31,2.25,2.31,14780.0
2019-07-15,2.27,2.27,2.22,2.25,15640.0
2019-07-16,2.26,2.26,2.22,2.22,7720.0
2019-07-17,2.2,2.32,2.2,2.24,180000.0
2019-07-18,2.22,2.22,2.19,2.22,24110.0
2019-07-19,2.18,2.18,2.1,2.11,13460.0
2019-07-22,2.12,2.26,2.06,2.08,6200.0
2019-07-23,2.19,2.19,2.06,2.07,11750.0
2019-07-24,2.08,2.18,2.06,2.18,15190.0
2019-07-25,2.18,2.18,2.11,2.11,1920.0
2019-07-26,2.12,2.19,2.1,2.17,12740.0
2019-07-29,2.18,2.35,2.17,2.21,36760.0
2019-07-30,2.21,2.3,2.12,2.15,48910.0
2019-07-31,2.13,2.13,2.06,2.08,22430.0
2019-08-01,2.06,2.09,2.06,2.09,11480.0
2019-08-02,2.06,2.09,2.0,2.0,33170.0
2019-08-05,2.07,2.07,1.995,2.04,14830.0
2019-08-06,2.0,2.04,1.99,2.0,12260.0
2019-08-07,2.0,2.06,2.0,2.03,20040.0
2019-08-08,2.05,2.07,1.99,2.03,83770.0
2019-08-09,1.99,2.03,1.99,2.03,32490.000000000004
2019-08-12,2.04,2.04,1.93,1.995,201480.0
2019-08-13,2.02,2.02,1.98,1.995,13360.0
2019-08-14,2.0,2.66,2.0,2.59,629140.0
2019-08-16,2.55,2.94,2.51,2.59,333450.0
2019-08-19,2.61,2.74,2.52,2.64,69950.0
2019-08-20,2.67,2.87,2.6,2.61,248590.0
2019-08-21,2.62,2.7,2.56,2.58,42970.0
2019-08-22,2.6,2.66,2.55,2.59,7270.0
2019-08-23,2.55,2.65,2.54,2.61,3750.0
2019-08-26,2.55,2.55,2.46,2.52,11550.0
2019-08-27,2.46,2.52,2.4,2.52,18600.0
2019-08-28,2.45,2.59,2.41,2.48,49290.0
2019-08-29,2.41,2.53,2.39,2.45,27760.0
2019-08-30,2.47,2.55,2.43,2.45,21880.0
2019-09-02,2.44,2.52,2.34,2.4,20550.0
2019-09-03,2.45,2.45,2.35,2.4,9240.0
2019-09-04,2.47,2.48,2.35,2.4,22370.0
2019-09-05,2.44,2.45,2.38,2.45,14470.0
2019-09-06,2.43,2.45,2.4,2.45,2080.0
2019-09-09,2.45,2.59,2.43,2.5,27700.0
2019-09-10,2.48,2.54,2.43,2.5,10630.0
2019-09-11,2.43,2.54,2.42,2.5,31170.0
2019-09-12,2.5,2.54,2.48,2.54,10560.0
2019-09-13,2.6,2.76,2.6,2.75,29870.0
2019-09-16,2.75,2.89,2.67,2.84,6160.0
2019-09-17,2.76,2.84,2.7,2.82,14290.0
2019-09-18,2.86,2.86,2.69,2.78,10720.0
2019-09-19,2.78,2.78,2.54,2.59,12520.0
2019-09-20,2.6,2.6,2.55,2.6,2110.0
2019-09-23,2.7,2.7,2.44,2.52,2480.0
2019-09-24,2.5,2.58,2.42,2.54,3690.0
2019-09-25,2.53,2.54,2.42,2.42,2070.0
2019-09-26,2.54,2.54,2.41,2.49,2750.0
2019-09-27,2.5,2.68,2.5,2.55,32409.999999999996
2019-09-30,2.55,2.55,2.35,2.38,15780.0
2019-10-01,2.35,2.35,2.19,2.28,22060.0
2019-10-02,2.28,2.28,2.16,2.28,10060.0
2019-10-03,2.27,2.38,2.27,2.37,20540.0
2019-10-04,2.37,2.37,2.19,2.34,45620.0
2019-10-07,2.34,2.5,2.3,2.36,13060.0
2019-10-08,2.38,2.5,2.37,2.5,22690.0
2019-10-09,2.48,2.5,2.45,2.48,4700.0
2019-10-10,2.52,2.54,2.45,2.52,6300.0
2019-10-11,2.52,2.56,2.42,2.56,5010.0
2019-10-14,2.55,2.68,2.55,2.55,16970.0
2019-10-15,2.55,2.55,2.55,2.55,1000.0
2019-10-16,2.45,2.49,2.45,2.49,230.0
2019-10-17,2.49,2.5,2.45,2.5,1650.0
2019-10-18,2.47,2.7,2.47,2.66,14470.0
2019-10-21,2.6,2.89,2.6,2.84,26860.0
2019-10-22,2.75,2.85,2.62,2.85,23980.0
2019-10-23,2.85,2.99,2.65,2.65,89910.0
2019-10-24,2.8,2.91,2.78,2.91,4340.0
2019-10-25,2.8,2.8,2.7,2.8,2670.0
2019-10-28,2.79,2.79,2.68,2.76,4300.0
2019-10-29,2.79,2.79,2.66,2.73,4890.0
2019-10-30,2.72,2.72,2.7,2.72,1500.0
2019-10-31,2.7,2.7,2.59,2.65,2750.0
2019-11-04,2.7,2.7,2.68,2.68,50.0
2019-11-05,2.68,2.68,2.53,2.68,11240.0
2019-11-06,2.7,2.7,2.7,2.7,0.0
2019-11-07,2.7,2.7,2.55,2.56,16230.0
2019-11-08,2.56,2.6,2.53,2.6,2020.0
2019-11-12,2.61,2.61,2.53,2.6,1050.0
2019-11-13,2.53,2.54,2.52,2.52,5930.0
2019-11-14,2.53,2.59,2.51,2.52,11640.0
2019-11-15,2.5,2.6,2.5,2.58,7300.0
2019-11-18,2.59,2.83,2.55,2.7,19150.0
2019-11-19,2.68,2.75,2.68,2.72,3710.0
2019-11-20,2.72,2.88,2.7,2.78,16740.0
2019-11-21,2.77,2.77,2.69,2.74,6770.0
2019-11-22,2.74,2.74,2.67,2.69,6280.0
2019-11-25,2.69,2.86,2.69,2.83,9630.0
2019-11-26,2.82,2.82,2.6,2.74,4770.0
2019-11-27,2.74,2.83,2.64,2.73,11820.0
2019-11-28,2.73,2.73,2.55,2.62,9580.0
2019-11-29,2.57,2.75,2.55,2.63,7950.0
2019-12-02,2.64,2.64,2.55,2.6,3870.0
2019-12-03,2.6,2.6,2.5,2.6,9300.0
2019-12-04,2.59,2.59,2.48,2.48,5250.0
2019-12-05,2.52,2.52,2.4,2.47,7350.0
2019-12-06,2.47,2.47,2.35,2.43,12750.0
2019-12-09,2.42,2.43,2.3,2.43,11440.0
2019-12-10,2.44,2.44,2.42,2.43,2710.0
2019-12-11,2.44,2.44,2.3,2.4,11000.0
2019-12-12,2.3,2.41,2.29,2.37,44710.0
2019-12-13,2.37,2.4,2.29,2.4,43390.0
2019-12-16,2.4,2.44,2.3,2.44,36500.0
2019-12-17,2.44,2.44,2.36,2.43,3000.0
2019-12-18,2.36,2.44,2.34,2.35,14290.0
2019-12-19,2.5,2.69,2.43,2.52,111800.0
2019-12-20,2.53,2.58,2.45,2.58,71430.0
2019-12-23,2.58,2.58,2.45,2.5,44390.0
2019-12-27,2.52,2.55,2.47,2.55,13990.0
2019-12-30,2.46,2.54,2.46,2.54,15650.0
2020-01-02,2.6,2.6,2.4,2.6,51910.0
2020-01-03,2.61,2.61,2.51,2.58,15800.0
2020-01-07,2.58,2.58,2.48,2.55,16660.0
2020-01-08,2.54,2.54,2.48,2.54,31060.0
2020-01-09,2.5,2.55,2.48,2.48,43720.0
2020-01-10,2.48,2.51,2.48,2.5,39650.0
2020-01-13,2.48,2.52,2.39,2.41,38320.0
2020-01-14,2.44,2.44,2.35,2.42,40110.0
2020-01-15,2.42,2.42,2.38,2.38,17660.0
2020-01-16,2.38,2.45,2.38,2.43,28270.0
2020-01-17,2.42,2.42,2.38,2.38,40890.0
2020-01-20,2.42,2.43,2.38,2.43,28390.0
2020-01-21,2.41,2.55,2.39,2.49,82370.0
2020-01-22,2.47,2.7,2.38,2.64,151790.0
2020-01-23,2.62,2.93,2.62,2.83,160980.0
2020-01-24,2.8,2.89,2.72,2.78,47510.0
2020-01-27,2.78,2.8,2.7,2.8,42480.0
2020-01-28,2.78,3.35,2.78,3.22,213350.0
2020-01-29,3.19,3.49,3.18,3.36,148590.0
2020-01-30,3.4,3.47,3.3,3.35,108150.0
2020-01-31,3.37,3.4,3.3,3.39,15340.0
2020-02-03,3.37,3.49,3.3,3.38,61100.0
2020-02-04,3.38,3.7,3.3,3.47,166900.0
2020-02-05,3.49,3.68,3.44,3.68,84200.0
2020-02-06,3.67,3.67,3.5,3.6,10530.0
2020-02-07,3.66,3.66,3.32,3.45,68700.0
2020-02-10,3.5,3.55,3.45,3.55,19730.0
2020-02-11,3.64,3.64,3.5,3.52,4140.0
2020-02-12,3.52,3.59,3.52,3.58,3580.0
2020-02-13,3.56,3.6,3.45,3.56,95460.0
2020-02-14,3.59,3.88,3.59,3.79,28970.0
2020-02-17,3.86,4.17,3.8,3.94,113930.0
2020-02-18,3.94,3.99,3.88,3.96,11540.0
2020-02-19,3.97,3.99,3.76,3.83,22140.0
2020-02-20,3.83,3.83,3.65,3.72,23940.0
2020-02-21,3.86,3.86,3.75,3.75,8300.0
2020-02-24,3.7,3.75,3.33,3.48,49990.0
2020-02-25,3.48,3.5,3.36,3.48,39720.0
2020-02-26,3.4,3.5,3.4,3.5,37760.0
2020-02-27,3.56,3.69,3.4,3.46,62890.0
2020-02-28,3.41,3.64,3.4,3.45,74600.0
2020-03-02,3.5,3.73,3.16,3.32,44690.0
2020-03-03,3.38,3.4,3.22,3.22,28530.0
2020-03-04,3.29,3.46,3.22,3.46,29380.0
2020-03-05,3.5,3.58,3.35,3.35,40890.0
2020-03-06,3.35,3.4,3.2,3.29,6420.0
2020-03-09,3.1,3.1,2.65,2.65,53060.0
2020-03-10,2.7,2.87,2.62,2.62,14510.0
2020-03-11,2.78,2.79,2.5,2.52,35060.0
2020-03-12,2.52,2.52,2.16,2.39,58910.0
2020-03-13,2.2,2.59,2.2,2.39,25010.0
2020-03-16,2.56,2.56,2.1,2.54,21660.0
2020-03-17,2.56,2.6,2.35,2.4,9930.0
2020-03-18,2.3,2.5,2.3,2.46,5150.0
2020-03-19,2.46,2.8,2.4,2.76,38270.0
2020-03-20,2.8,3.09,2.7,2.9,45180.0
2020-03-23,2.76,2.88,2.66,2.66,6170.0
2020-03-24,2.7,2.93,2.7,2.72,9700.0
2020-03-25,2.73,2.82,2.6,2.67,11460.0
2020-03-26,2.62,2.78,2.62,2.7,2510.0
2020-03-27,2.7,2.7,2.56,2.6,17270.0
2020-03-30,2.6,2.68,2.56,2.6,33510.0
2020-03-31,2.6,2.76,2.6,2.76,37100.0
2020-04-01,2.75,2.8,2.63,2.8,20550.0
2020-04-02,2.8,2.8,2.65,2.71,8680.0
2020-04-03,2.65,2.68,2.56,2.63,19780.0
2020-04-06,2.64,2.85,2.64,2.85,20940.0
2020-04-07,2.88,2.88,2.77,2.85,41310.0
2020-04-08,2.85,2.85,2.7,2.8,7760.0
2020-04-09,2.8,2.8,2.68,2.8,6730.0
2020-04-14,2.79,2.99,2.77,2.95,52260.0
2020-04-15,2.99,3.09,2.85,2.98,12820.0
2020-04-16,2.98,3.09,2.8,3.0,34670.0
2020-04-17,3.09,3.15,3.03,3.03,9420.0
2020-04-20,3.01,3.01,2.86,2.97,15280.0
2020-04-21,2.96,2.96,2.73,2.88,19700.0
2020-04-22,2.89,2.9,2.76,2.9,8700.0
2020-04-23,2.95,2.96,2.83,2.96,3220.0
2020-04-24,2.95,2.95,2.82,2.9,490.0
2020-04-27,2.94,3.18,2.9,3.04,33070.0
2020-04-28,3.04,3.15,3.02,3.04,14770.0
2020-04-29,3.04,3.11,2.92,3.11,12780.0
2020-04-30,3.2,3.27,3.0,3.18,40350.0
2020-05-04,2.95,3.2,2.95,3.19,21550.0
2020-05-05,3.2,3.27,3.1,3.14,13280.0
2020-05-06,3.2,3.6,3.14,3.5,81740.0
2020-05-07,3.65,3.68,3.12,3.47,49940.0
2020-05-08,3.42,3.69,3.42,3.61,18180.0
2020-05-11,3.69,3.86,3.52,3.65,68390.0
2020-05-12,3.65,3.76,3.61,3.7,84460.0
2020-05-13,3.78,3.8,3.7,3.7,26200.0
2020-05-14,3.5,3.7,3.45,3.5,93060.0
2020-05-15,3.57,3.73,3.46,3.6,42470.0
2020-05-18,3.5,3.67,3.33,3.67,15950.0
2020-05-19,3.6,3.6,3.5,3.51,7830.0
2020-05-20,3.5,3.65,3.5,3.6,18560.0
2020-05-21,3.65,3.9,3.65,3.7,41690.0
2020-05-22,3.72,3.8,3.7,3.8,19520.0
2020-05-25,3.8,3.95,3.7,3.9,31020.0
2020-05-26,3.98,3.98,3.83,3.97,45860.0
2020-05-27,3.9,3.99,3.87,3.91,30680.0
2020-05-28,3.95,4.06,3.8,4.06,268940.0
2020-05-29,4.06,4.06,3.98,3.98,13650.0
2020-06-01,4.05,4.44,4.05,4.37,100100.0
2020-06-02,4.39,4.39,4.33,4.33,80720.0
2020-06-03,4.33,4.64,4.33,4.48,54000.0
2020-06-04,4.45,4.45,4.35,4.44,16760.0
2020-06-05,4.48,4.74,4.42,4.6,42570.0
2020-06-08,4.6,4.6,4.22,4.6,40480.0
2020-06-09,4.64,4.7,4.46,4.6,16260.000000000002
2020-06-10,4.47,4.68,4.46,4.5,16250.0
2020-06-12,4.5,5.4,4.16,5.34,233190.0
2020-06-15,5.52,6.36,5.52,5.9,237520.0
2020-06-16,5.98,6.38,5.9,6.24,100090.0
2020-06-17,6.32,6.48,6.02,6.22,66610.0
2020-06-18,6.1,6.38,5.82,6.3,57150.0
2020-06-19,6.24,6.28,6.04,6.14,19430.0
2020-06-22,6.16,6.5,6.12,6.5,44530.0
2020-06-23,6.6,7.46,6.6,7.34,153090.0
2020-06-24,7.5,7.5,6.9,7.16,64970.0
2020-06-25,7.16,7.3,6.82,6.98,46360.0
2020-06-26,7.06,7.06,6.46,6.48,67100.0
2020-06-29,6.44,6.44,6.04,6.16,66240.0
2020-06-30,6.16,6.76,6.1,6.64,50790.0
2020-07-01,6.52,6.64,6.22,6.3,28700.0
2020-07-02,6.5,6.5,6.2,6.3,7980.0
2020-07-03,6.4,6.4,6.1,6.18,30410.0
2020-07-06,6.48,6.76,6.16,6.7,43510.0
2020-07-07,7.0,7.1,6.62,7.0,61440.0
2020-07-08,7.0,7.1,6.9,7.0,26190.0
2020-07-09,6.88,7.1,6.52,7.08,36610.0
2020-07-10,7.1,7.38,6.86,7.36,73640.0
2020-07-13,7.34,7.92,7.18,7.9,72750.0
2020-07-14,8.0,8.42,7.8,8.4,70340.0
2020-07-15,8.74,8.74,8.42,8.44,45890.0
2020-07-16,8.5,8.5,7.96,8.1,23290.0
2020-07-17,7.94,8.2,7.66,8.12,26880.0
2020-07-20,8.1,8.16,8.0,8.04,28900.0
2020-07-21,8.1,8.36,8.0,8.2,36140.0
2020-07-22,8.0,8.06,7.64,8.02,59850.0
2020-07-23,7.86,8.02,7.7,7.9,25290.0
2020-07-24,7.84,7.84,7.58,7.62,22810.0
2020-07-27,7.84,7.84,7.54,7.58,10510.0
2020-07-28,7.68,7.68,6.66,6.98,65970.0
2020-07-29,6.8,7.2,6.7,7.0,17960.0
2020-07-30,7.0,7.28,6.32,6.42,83060.0
2020-07-31,6.42,7.0,6.42,6.9,10200.0
2020-08-03,7.14,7.14,6.8,7.0,4630.0
2020-08-04,6.98,7.0,6.8,6.86,13290.0
2020-08-05,6.8,6.98,6.76,6.86,5670.0
2020-08-06,6.96,7.08,6.9,7.0,25430.0
2020-08-07,7.0,7.38,6.84,7.36,41190.0
2020-08-10,7.38,7.58,7.38,7.56,30260.0
2020-08-11,7.58,7.58,7.02,7.5,19920.0
2020-08-12,7.48,7.48,7.2,7.2,27770.0
2020-08-13,7.4,7.96,7.4,7.74,66750.0
2020-08-14,7.8,7.84,7.46,7.7,33510.0
2020-08-17,7.7,7.82,7.6,7.8,24500.0
2020-08-18,7.78,7.78,7.54,7.58,27910.0
2020-08-19,7.58,7.66,7.44,7.44,21800.0
2020-08-20,7.58,7.58,7.12,7.2,17450.0
2020-08-21,7.3,7.3,7.04,7.28,4970.0
2020-08-24,7.28,7.48,7.22,7.46,2090.0
2020-08-25,7.48,7.54,7.3,7.4,3810.0
2020-08-26,7.5,7.5,7.32,7.4,5090.0
2020-08-27,7.5,7.5,7.3,7.44,18890.0
2020-08-28,7.5,7.5,7.14,7.24,34020.0
2020-08-31,7.2,7.4,7.14,7.2,37460.0
2020-09-01,7.4,8.94,7.3,8.58,287370.0
2020-09-02,8.8,8.8,8.12,8.22,76900.0
2020-09-03,8.5,8.5,8.3,8.34,88620.0
2020-09-04,8.3,8.4,8.04,8.06,30310.0
2020-09-07,8.12,8.5,7.62,8.16,50860.0
2020-09-08,8.16,8.16,7.14,7.5,77820.0
2020-09-09,7.7,7.86,7.5,7.84,14910.0
2020-09-10,8.08,8.16,7.66,8.0,43580.0
2020-09-11,8.1,8.12,8.0,8.0,13390.0
2020-09-14,8.0,8.2,7.72,7.84,10790.0
2020-09-15,7.84,7.84,7.5,7.6,33110.0
2020-09-16,7.56,7.78,7.56,7.7,16840.0
2020-09-17,7.66,7.8,7.02,7.62,28680.0
2020-09-18,7.6,7.78,7.4,7.7,20210.0
2020-09-21,7.54,7.78,7.4,7.58,14380.0
2020-09-22,7.56,7.84,7.56,7.64,3810.0
2020-09-23,7.74,7.74,7.5,7.5,9000.0
2020-09-24,7.7,7.7,7.34,7.52,6410.0
2020-09-25,7.3,7.52,7.3,7.38,10110.0
2020-09-28,7.6,7.6,7.3,7.36,16880.0
2020-09-29,7.5,7.76,7.36,7.54,7670.0
2020-09-30,7.74,7.74,7.4,7.6,4720.0
2020-10-01,7.56,7.76,7.52,7.68,27150.0
2020-10-02,7.52,7.76,7.44,7.68,8440.0
2020-10-05,7.54,7.62,7.52,7.62,19660.0
2020-10-06,7.7,8.12,7.66,8.0,26910.0
2020-10-07,8.0,8.04,7.86,8.04,17640.0
2020-10-08,8.1,8.12,7.82,8.0,14880.0
2020-10-09,7.82,8.0,7.76,7.8,13150.0
2020-10-12,7.7,8.0,7.7,7.86,7290.0
2020-10-13,7.68,7.86,7.6,7.84,14360.0
2020-10-14,7.8,7.8,7.64,7.8,6730.0
2020-10-15,7.84,7.96,7.54,7.6,27230.0
2020-10-16,7.58,7.8,7.52,7.76,19100.0
2020-10-19,7.56,7.8,7.56,7.74,8670.0
2020-10-20,7.56,7.76,7.5,7.74,15890.0
2020-10-21,7.54,7.72,7.5,7.56,8690.0
2020-10-22,7.6,7.72,7.5,7.7,13470.0
2020-10-23,7.7,7.7,7.56,7.56,19250.0
2020-10-26,7.52,7.68,7.5,7.6,7050.0
2020-10-27,7.66,7.7,7.06,7.1,18090.0
2020-10-28,7.12,7.36,6.42,6.88,37430.0
2020-10-29,6.52,6.8,6.5,6.58,26030.0
2020-10-30,6.6,6.78,6.42,6.78,19820.0
2020-11-02,6.76,7.1,6.7,6.98,15040.0
2020-11-03,7.02,7.34,6.9,7.34,16840.0
2020-11-04,7.3,7.3,6.96,7.22,5810.0
2020-11-05,7.02,7.66,7.02,7.62,13100.0
2020-11-06,7.86,8.1,7.7,7.8,36810.0
2020-11-09,7.92,8.06,7.54,7.82,16190.000000000002
2020-11-10,7.98,7.98,7.56,7.98,37160.0
2020-11-12,7.78,8.06,7.78,7.9,6030.0
2020-11-13,7.9,8.04,7.84,8.04,7590.0
2020-11-16,7.84,8.3,7.84,8.3,24820.0
2020-11-17,8.36,8.4,8.16,8.26,22860.0
2020-11-18,8.4,8.42,8.26,8.36,12100.0
2020-11-19,8.38,8.38,7.84,8.2,3420.0
2020-11-20,8.3,8.3,8.02,8.18,1820.0
2020-11-23,8.32,8.32,8.02,8.2,7360.0
2020-11-24,8.32,8.32,8.08,8.26,4310.0
2020-11-25,8.22,8.22,8.0,8.2,8430.0
2020-11-26,8.16,8.3,7.96,8.28,13150.0
2020-11-27,8.28,8.28,8.1,8.2,4780.0
2020-11-30,8.2,8.2,8.04,8.14,1850.0
2020-12-01,8.16,8.2,8.08,8.14,3610.0
2020-12-02,8.06,8.18,7.96,8.18,4240.0
2020-12-03,8.18,8.24,8.1,8.2,4820.0
2020-12-04,8.2,8.78,8.16,8.24,58630.0
2020-12-07,8.24,8.74,8.22,8.46,51530.0
2020-12-08,8.5,8.5,8.26,8.38,5790.0
2020-12-09,8.28,8.7,8.24,8.48,22100.0
2020-12-10,8.48,8.48,8.02,8.26,26250.0
2020-12-11,8.28,8.42,7.98,8.42,26340.0
2020-12-14,8.2,8.38,8.06,8.32,20160.0
2020-12-15,8.38,8.38,8.1,8.3,17390.0
2020-12-16,8.22,8.4,8.22,8.36,20620.0
2020-12-17,8.12,8.66,8.1,8.5,83290.0
2020-12-18,8.98,8.98,8.42,8.56,66770.0
2020-12-21,8.28,8.38,8.08,8.26,16670.0
2020-12-22,8.06,8.36,8.06,8.36,5180.0
2020-12-23,8.3,8.3,8.2,8.3,15800.0
2020-12-28,8.3,8.3,8.06,8.16,25360.0
2020-12-29,8.36,8.64,8.2,8.48,70320.0
2020-12-30,8.48,9.1,8.26,9.08,148590.0
2021-01-04,9.1,9.6,9.1,9.48,52130.0
2021-01-05,9.5,9.6,9.1,9.28,20590.0
2021-01-07,9.28,9.48,9.12,9.4,27250.0
2021-01-08,9.5,9.52,9.14,9.5,21050.0
2021-01-11,9.48,9.7,9.32,9.6,40180.0
2021-01-12,9.6,9.6,9.5,9.5,7330.0
2021-01-13,8.82,10.4,8.82,10.4,111750.0
2021-01-14,10.1,10.4,10.1,10.4,61650.0
2021-01-15,10.4,10.4,10.05,10.2,20670.0
2021-01-18,10.2,10.25,9.9,10.2,4820.0
2021-01-19,10.2,10.2,9.98,10.0,12330.0
2021-01-20,10.1,10.1,9.9,9.9,6770.0
2021-01-21,10.1,10.1,9.7,10.0,5790.0
2021-01-22,9.96,9.98,9.68,9.86,2250.0
2021-01-25,9.8,9.98,9.7,9.94,2330.0
2021-01-26,9.96,9.96,9.8,9.8,4180.0
2021-01-27,9.8,10.0,9.68,9.68,12980.0
2021-01-28,9.6,9.86,9.5,9.86,7540.0
2021-01-29,9.88,9.9,9.6,9.6,11520.0
2021-02-01,9.64,9.9,9.64,9.9,8220.0
2021-02-02,9.9,10.2,9.9,10.1,19790.0
2021-02-03,10.4,10.4,9.9,9.9,12040.0
2021-02-04,10.0,10.3,9.7,9.96,17180.0
2021-02-05,10.2,10.2,9.9,10.1,7040.0
2021-02-08,10.2,11.2,9.8,10.8,126820.0
2021-02-09,10.8,11.1,10.65,11.0,26330.0
2021-02-10,11.1,11.45,10.9,10.9,37160.0
2021-02-11,11.0,11.5,10.95,11.1,19910.0
2021-02-12,11.4,11.4,10.95,11.1,12720.0
2021-02-15,11.0,11.5,11.0,11.4,9670.0
2021-02-16,11.45,11.5,11.1,11.2,12400.0
2021-02-17,11.4,11.4,11.0,11.3,11450.0
2021-02-18,11.3,11.4,11.0,11.15,36570.0
2021-02-19,11.0,11.25,10.9,11.2,11240.0
2021-02-22,11.0,11.25,11.0,11.25,9190.0
2021-02-23,11.25,11.3,11.0,11.15,20220.0
2021-02-24,11.1,11.2,11.0,11.0,4850.0
2021-02-25,11.25,11.4,11.0,11.0,11310.0
2021-02-26,11.0,11.2,10.55,10.7,32000.0
2021-03-01,10.9,10.9,10.55,10.65,9530.0
2021-03-02,10.7,11.0,10.6,10.95,12540.0
2021-03-03,11.0,11.1,10.6,11.1,24080.0
2021-03-04,11.1,11.3,10.95,11.25,30850.0
2021-03-05,11.35,11.35,11.25,11.3,3230.0
2021-03-08,11.4,11.5,11.05,11.5,11230.0
2021-03-09,11.15,11.9,11.15,11.85,33860.0
2021-03-10,11.9,12.0,11.7,11.85,13110.0
2021-03-11,11.9,11.95,11.6,11.8,7550.0
2021-03-12,11.8,11.9,11.2,11.7,15490.0
2021-03-15,11.65,11.85,11.4,11.75,9210.0
2021-03-16,11.75,11.75,11.4,11.5,25780.0
2021-03-17,11.5,11.7,10.65,11.1,21720.0
2021-03-18,11.0,11.1,10.85,11.0,13570.0
2021-03-19,10.95,11.0,10.65,10.8,21810.0
2021-03-22,10.8,10.95,10.15,10.55,34040.0
2021-03-23,10.55,10.95,10.55,10.85,7190.0
2021-03-24,10.95,10.95,10.6,10.85,6910.0
2021-03-25,10.75,10.95,10.65,10.8,9350.0
2021-03-26,10.95,11.35,10.65,11.35,7000.0
2021-03-29,11.35,11.35,10.8,11.2,10530.0
2021-03-30,11.2,11.35,11.2,11.3,4280.0
2021-03-31,11.25,11.4,11.0,11.25,8189.999999999999
2021-04-01,11.1,11.7,11.1,11.65,18260.0
2021-04-06,11.65,11.75,11.6,11.7,7340.0
2021-04-07,11.65,11.75,11.5,11.6,4770.0
2021-04-08,11.6,11.6,11.25,11.25,6490.0
2021-04-09,11.25,11.45,11.05,11.4,9010.0
2021-04-12,11.05,11.6,11.05,11.5,11390.0
2021-04-13,11.4,11.4,11.2,11.4,2860.0
2021-04-14,11.5,11.5,11.0,11.05,25630.0
2021-04-15,11.1,11.2,10.2,11.2,26350.0
2021-04-16,11.2,11.2,10.85,11.15,12010.0
2021-04-19,11.3,11.3,10.65,10.9,17390.0
2021-04-20,10.9,10.9,10.35,10.45,10570.0
2021-04-21,10.5,10.5,9.58,10.1,40800.0
2021-04-22,10.2,10.4,10.0,10.15,5510.0
2021-04-23,10.2,10.4,10.1,10.2,10150.0
2021-04-26,10.15,10.3,10.1,10.1,12100.0
2021-04-27,10.0,10.4,9.9,10.3,16100.000000000002
2021-04-28,10.15,10.55,10.0,10.45,9750.0
2021-04-29,10.65,10.7,10.4,10.4,5940.0
2021-04-30,10.3,10.45,10.3,10.3,5480.0
2021-05-04,10.3,10.7,10.3,10.55,9520.0
2021-05-05,10.7,10.7,10.3,10.6,10910.0
2021-05-06,10.7,10.9,10.6,10.6,7090.0
2021-05-07,10.75,10.8,10.25,10.25,23070.0
2021-05-10,10.25,10.4,10.05,10.05,14190.0
2021-05-11,10.0,10.3,9.9,9.9,12900.0
2021-05-12,9.92,10.3,9.9,10.15,4870.0
2021-05-13,10.15,10.15,9.44,9.72,31000.0
2021-05-14,9.72,10.0,9.68,9.88,17000.0
2021-05-17,9.88,10.0,9.68,9.7,11190.0
2021-05-18,9.78,9.78,9.5,9.5,16190.000000000002
2021-05-19,9.62,9.64,9.44,9.52,8880.0
2021-05-20,9.6,9.6,9.36,9.44,8600.0
2021-05-21,9.48,9.9,9.48,9.66,19480.0
2021-05-24,9.8,10.5,9.6,10.3,33530.0
2021-05-25,10.5,10.55,10.35,10.5,13050.0
2021-05-26,10.45,10.6,10.1,10.45,4750.0
2021-05-27,10.4,10.55,10.2,10.55,4740.0
2021-05-28,10.6,10.65,10.35,10.4,6400.0
2021-05-31,10.4,10.6,10.1,10.15,8050.000000000001
2021-06-01,10.4,10.45,10.15,10.3,5110.0
2021-06-02,10.3,10.4,10.15,10.2,3300.0
2021-06-04,10.2,10.4,10.1,10.25,490.0
2021-06-07,10.3,10.4,9.9,10.15,8189.999999999999
2021-06-08,9.94,10.15,9.94,10.1,3500.0
2021-06-09,10.15,10.2,9.94,10.1,11830.0
2021-06-10,10.1,10.1,9.9,9.9,8980.0
2021-06-11,9.9,9.98,9.76,9.98,4270.0
2021-06-14,10.0,10.6,10.0,10.3,23140.0
2021-06-15,10.55,10.65,10.2,10.25,17420.0
2021-06-16,10.45,10.45,10.2,10.2,6910.0
2021-06-17,10.4,10.45,9.92,10.2,17020.0
2021-06-18,10.2,10.35,9.8,9.8,4880.0
2021-06-21,10.0,10.0,9.52,9.7,5530.0
2021-06-22,9.9,9.98,9.66,9.9,3340.0
2021-06-23,10.0,10.0,9.48,9.6,37770.0
2021-06-24,9.5,9.6,9.36,9.6,6490.0
2021-06-25,9.6,9.6,9.0,9.48,113200.0
2021-06-28,9.5,9.6,9.4,9.6,8790.0
2021-06-29,9.6,9.7,9.3,9.48,8920.0
2021-06-30,9.62,9.62,9.4,9.56,5060.0
2021-07-01,9.58,10.4,9.56,10.2,36760.0
2021-07-02,10.3,10.5,9.74,10.45,32119.999999999996
2021-07-05,10.5,10.5,10.15,10.4,5770.0
2021-07-06,10.4,10.4,10.15,10.2,2560.0
2021-07-07,10.4,10.4,10.0,10.0,21180.0
2021-07-08,10.2,10.25,9.92,10.15,3520.0
2021-07-09,10.15,10.15,10.05,10.05,2009.9999999999998
2021-07-12,10.1,10.3,9.9,10.1,7440.0
2021-07-13,10.3,10.3,9.9,10.25,1940.0
2021-07-14,10.25,10.25,9.92,10.0,9280.0
2021-07-15,10.15,10.15,9.7,9.9,5550.0
2021-07-16,10.0,10.0,9.74,9.98,180.0
2021-07-19,9.98,10.1,9.76,9.88,3230.0
2021-07-20,9.74,9.9,9.7,9.78,2690.0
2021-07-21,9.96,9.96,9.7,9.9,540.0
2021-07-22,9.96,9.96,9.7,9.76,170.0
2021-07-23,9.9,9.9,9.7,9.7,2180.0
2021-07-26,9.7,9.8,9.52,9.64,7340.0
2021-07-27,9.54,9.56,9.18,9.32,25010.0
2021-07-28,9.26,9.5,9.26,9.4,7290.0
2021-07-29,9.6,9.6,9.4,9.4,12060.0
2021-07-30,9.4,9.46,9.4,9.46,1690.0
2021-08-02,9.44,9.9,9.44,9.88,11460.0
2021-08-03,9.7,9.96,9.66,9.9,7170.0
2021-08-04,9.9,9.96,9.74,9.92,8450.0
2021-08-05,9.92,9.94,9.82,9.94,1590.0
2021-08-06,9.94,9.98,9.72,9.98,3630.0
2021-08-09,9.98,10.0,9.84,10.0,15150.0
2021-08-10,10.1,10.1,9.8,10.0,5600.0
2021-08-11,10.0,10.1,9.84,9.92,2370.0
2021-08-12,10.1,10.1,9.82,9.88,2140.0
2021-08-13,10.1,10.2,9.72,9.84,9910.0
2021-08-16,9.84,10.15,9.84,10.0,4960.0
2021-08-17,10.0,10.0,9.84,9.98,1570.0
2021-08-18,9.86,9.94,9.84,9.94,6170.0
2021-08-19,9.94,9.94,9.7,9.78,4570.0
2021-08-20,9.78,9.92,9.76,9.9,1430.0
2021-08-23,9.7,9.9,9.7,9.8,2090.0
2021-08-24,9.9,9.9,9.74,9.8,1290.0
2021-08-25,9.7,9.88,9.7,9.86,1220.0
2021-08-26,9.9,9.9,9.84,9.84,2120.0
2021-08-27,9.84,9.9,9.74,9.82,3990.0
2021-08-30,9.82,9.98,9.76,9.96,2070.0
2021-08-31,9.86,9.9,9.84,9.86,2760.0
2021-09-01,9.82,9.82,9.6,9.64,4500.0
2021-09-02,9.64,9.78,9.52,9.78,4680.0
2021-09-03,9.88,10.2,9.88,10.0,46560.0
2021-09-06,10.15,10.45,10.0,10.45,51620.0
2021-09-07,10.45,10.75,10.3,10.4,29480.0
2021-09-08,10.7,10.7,10.25,10.35,13520.0
2021-09-09,10.35,10.45,10.3,10.4,3630.0
2021-09-10,10.35,10.35,10.25,10.35,9010.0
2021-09-13,10.1,10.8,10.1,10.65,24090.0
2021-09-14,10.85,10.9,10.6,10.65,14180.0
2021-09-15,10.7,10.9,10.5,10.9,14000.0
2021-09-16,10.9,11.35,10.7,11.15,35050.0
2021-09-17,11.15,11.3,11.0,11.0,47920.0
2021-09-20,10.95,11.1,9.9,9.9,55370.0
2021-09-21,10.0,10.2,9.8,9.8,14640.0
2021-09-22,9.92,10.35,9.6,10.0,33280.0
2021-09-23,9.94,10.3,9.94,10.25,20510.0
2021-09-24,9.94,10.5,9.94,10.4,9390.0
2021-09-27,10.25,10.35,10.15,10.25,7030.0
2021-09-28,10.4,10.4,10.15,10.2,1850.0
2021-09-29,10.2,10.2,9.9,10.15,15430.0
2021-09-30,10.2,10.2,9.9,9.9,19640.0
2021-10-01,9.92,10.4,9.92,10.25,7320.0
2021-10-04,10.25,10.25,9.9,10.0,12590.0
2021-10-05,10.1,10.15,9.96,10.15,50000.0
2021-10-06,10.15,10.15,9.9,10.0,3950.0
2021-10-07,10.0,10.1,9.92,10.1,9160.0
2021-10-08,10.0,10.0,9.92,10.0,6830.0
2021-10-11,10.05,10.1,9.96,10.1,5830.0
2021-10-12,10.0,10.1,9.94,10.05,19040.0
2021-10-13,10.05,10.15,9.94,10.1,104080.0
2021-10-14,10.1,10.1,9.94,10.0,24560.0
2021-10-15,10.0,10.0,9.96,10.0,620.0
2021-10-18,10.0,10.6,10.0,10.6,27780.0
2021-10-19,10.65,10.8,10.4,10.45,9460.0
2021-10-20,10.25,10.6,10.1,10.3,13640.0
2021-10-21,10.3,10.3,10.1,10.2,2310.0
2021-10-22,10.1,10.2,10.05,10.1,2960.0
2021-10-25,10.15,10.4,10.0,10.25,50000.0
2021-10-26,10.25,10.4,10.0,10.05,16520.0
2021-10-27,10.05,10.2,9.94,10.1,7170.0
2021-10-28,10.0,10.1,9.94,10.0,3300.0
2021-10-29,10.1,10.2,9.92,10.2,11080.0
2021-11-02,10.2,10.35,10.0,10.25,51630.0
2021-11-03,10.25,10.25,9.9,10.0,4410.0
2021-11-04,10.0,10.25,9.8,10.0,7470.0
2021-11-05,10.15,10.15,9.96,10.05,13310.0
2021-11-08,10.1,10.15,9.96,10.0,5200.0
2021-11-09,10.0,10.0,9.92,10.0,10570.0
2021-11-10,10.0,10.0,9.52,9.8,7700.0
2021-11-12,9.86,9.92,9.76,9.92,2580.0
2021-11-15,10.0,10.0,9.74,9.88,5390.0
2021-11-16,9.9,9.9,9.6,9.78,6970.0
2021-11-17,9.78,9.78,9.58,9.68,61000.0
2021-11-18,9.68,9.68,9.24,9.48,11220.0
2021-11-19,9.3,9.5,9.02,9.36,21150.0
2021-11-22,9.04,9.34,9.04,9.18,68630.0
2021-11-23,9.18,9.2,9.04,9.1,6280.0
2021-11-24,9.1,9.1,8.76,9.04,14960.0
2021-11-25,8.76,9.14,8.7,9.1,8360.0
2021-11-26,8.9,9.1,8.56,9.1,7340.0
2021-11-29,9.16,9.16,8.88,8.98,2380.0
2021-11-30,8.98,9.1,8.7,9.1,5040.0
2021-12-01,9.1,9.3,9.1,9.24,5050.0
2021-12-02,9.26,9.26,9.04,9.26,1880.0
2021-12-03,9.1,9.3,9.1,9.28,1620.0
2021-12-06,9.28,9.28,9.0,9.0,1470.0
2021-12-07,9.24,9.28,9.2,9.26,1140.0
2021-12-08,9.3,9.3,9.12,9.22,610.0
2021-12-09,9.0,9.2,9.0,9.2,20.0
2021-12-10,9.2,9.2,9.02,9.06,860.0
2021-12-13,9.18,9.22,9.1,9.22,1510.0
2021-12-14,9.24,9.3,9.1,9.1,4130.0
2021-12-15,9.2,9.2,8.7,9.08,4930.0
2021-12-16,9.16,9.22,9.02,9.22,60000.0
2021-12-17,9.3,9.5,9.2,9.38,10830.0
2021-12-20,9.38,9.38,9.0,9.28,34750.0
2021-12-21,9.0,9.06,8.84,9.0,14240.0
2021-12-22,9.04,9.04,8.88,8.92,2920.0
2021-12-23,9.0,9.0,8.86,8.98,11820.0
2021-12-27,8.98,9.0,8.84,8.86,7490.0
2021-12-28,8.86,8.86,8.7,8.7,42730.0
2021-12-29,8.8,8.8,8.7,8.74,6130.0
2021-12-30,8.78,8.98,8.74,8.86,870.0
2022-01-03,8.86,9.1,8.86,9.1,5770.0
2022-01-04,9.18,9.58,9.16,9.56,9770.0
2022-01-05,9.56,9.56,9.22,9.46,3210.0
2022-01-07,9.54,9.54,9.12,9.36,560.0
2022-01-10,9.36,9.38,9.04,9.28,2910.0
2022-01-11,9.28,9.28,9.24,9.28,320.0
2022-01-12,9.28,9.3,9.06,9.06,16290.0
2022-01-13,9.1,9.28,9.1,9.28,780.0
2022-01-14,9.18,9.28,9.16,9.16,1850.0
2022-01-17,9.16,9.3,9.14,9.16,2480.0
2022-01-18,9.3,9.3,9.0,9.2,11210.0
2022-01-19,9.14,9.14,9.0,9.14,820.0
2022-01-20,9.14,9.14,8.9,9.0,2770.0
2022-01-21,8.98,8.98,8.84,8.98,7390.0
2022-01-24,8.74,8.98,8.4,8.46,15400.0
2022-01-25,8.4,9.3,8.4,8.98,23820.0
2022-01-26,8.98,8.98,8.7,8.84,7040.0
2022-01-27,8.76,8.8,8.76,8.8,2200.0
2022-01-28,8.76,8.8,8.3,8.52,13780.0
2022-01-31,8.6,8.72,8.5,8.5,8980.0
2022-02-01,8.42,8.8,8.42,8.7,7020.0
2022-02-02,8.76,8.78,8.7,8.74,3860.0
2022-02-03,8.76,8.76,8.58,8.76,3120.0
2022-02-04,8.78,8.94,8.64,8.92,5000.0
2022-02-07,8.96,8.96,8.9,8.96,1110.0
2022-02-08,8.98,9.0,8.62,8.98,11970.0
2022-02-09,8.96,8.96,8.8,8.84,2100.0
2022-02-10,8.7,9.0,8.7,8.96,5910.0
2022-02-11,8.92,9.0,8.74,9.0,12830.0
2022-02-14,8.98,8.98,8.72,8.9,9470.0
2022-02-15,8.9,8.9,8.78,8.9,3480.0
2022-02-16,8.9,9.2,8.9,9.0,9490.0
2022-02-17,9.22,9.5,9.12,9.44,21560.0
2022-02-18,9.5,9.9,9.44,9.88,35100.0
2022-02-21,9.9,10.0,9.4,9.94,46090.0
2022-02-22,9.6,9.98,9.42,9.88,61010.0
2022-02-23,9.88,9.88,9.8,9.8,47190.0
2022-02-24,9.5,9.5,8.02,8.64,71090.0
2022-02-25,9.2,9.26,8.62,8.9,18010.0
2022-02-28,8.6,8.98,8.56,8.9,7610.0
2022-03-01,9.0,9.26,8.96,9.0,2580.0
2022-03-02,9.2,9.28,8.62,9.18,9710.0
2022-03-03,9.18,9.18,9.0,9.18,11140.0
2022-03-04,9.0,9.18,8.62,9.0,25120.0
2022-03-07,8.88,9.0,8.3,9.0,28240.0
2022-03-08,9.0,9.0,8.7,8.94,2690.0
2022-03-09,9.18,9.18,8.94,9.16,7120.0
2022-03-10,9.3,9.3,8.82,8.98,7080.0
2022-03-11,8.96,9.02,8.86,9.0,4510.0
2022-03-14,9.0,9.1,9.0,9.1,3640.0
2022-03-15,9.08,10.0,9.08,9.94,72010.0
2022-03-16,10.0,10.5,9.8,10.5,38680.0
2022-03-17,10.5,10.7,10.25,10.55,34570.0
2022-03-18,10.45,11.15,10.2,11.0,44320.0
2022-03-21,10.95,11.0,10.5,11.0,101850.0
2022-03-22,11.9,11.95,11.75,11.75,599760.0
2022-03-23,11.75,11.85,11.7,11.75,66460.0
2022-03-24,11.8,11.85,11.75,11.8,113770.0
2022-03-25,11.8,11.85,11.75,11.85,63310.0
2022-03-28,11.8,11.85,11.75,11.8,94450.0
2022-03-29,11.85,11.85,11.75,11.85,61440.0
2022-03-30,11.8,11.85,11.8,11.85,7760.0
2022-03-31,11.85,11.85,11.8,11.85,94300.0
2022-04-01,11.8,11.9,11.8,11.8,20570.0
2022-04-04,11.8,11.85,11.8,11.8,15720.0
2022-04-05,11.75,11.85,11.75,11.8,9930.0
2022-04-06,11.85,11.85,11.8,11.8,34780.0
2022-04-07,11.8,11.85,11.75,11.8,28830.0
2022-04-08,11.8,11.85,11.8,11.85,49020.0
2022-04-11,11.8,11.85,11.8,11.85,48680.0
2022-04-12,11.85,11.85,11.8,11.85,26390.0
2022-04-13,11.85,11.85,11.85,11.85,11980.0
2022-04-14,11.85,11.85,11.8,11.85,16550.0
2022-04-19,11.85,11.85,11.8,11.85,45810.0
2022-04-20,11.8,11.85,11.8,11.8,17410.0
2022-04-21,11.8,11.85,11.8,11.8,7890.0
2022-04-22,11.8,11.85,11.8,11.8,8520.0
2022-04-25,11.8,11.8,11.7,11.75,12150.0
2022-04-26,11.75,11.75,11.75,11.75,5710.0
2022-04-27,11.75,11.75,11.7,11.7,17240.0
2022-04-28,11.75,11.75,11.65,11.7,9600.0
2022-04-29,11.75,11.75,11.7,11.75,11210.0
2022-05-02,11.75,11.8,11.75,11.8,19490.0
2022-05-04,9.5,9.5,9.24,9.24,122000.0
2022-05-05,9.3,9.52,9.2,9.4,276280.0
2022-05-06,9.42,9.94,9.4,9.9,113050.0
2022-05-09,9.64,9.74,9.52,9.6,68400.0
2022-05-10,9.6,9.7,9.38,9.6,84630.0
2022-05-11,9.88,9.88,9.4,9.44,2590.0
2022-05-12,9.7,9.7,9.36,9.6,2520.0
2022-05-13,9.6,9.6,9.4,9.56,20730.0
2022-05-16,9.86,9.96,9.8,9.9,9260.0
2022-05-17,9.8,9.9,9.54,9.9,26330.0
2022-05-18,9.98,11.6,9.98,10.65,37960.0
2022-05-19,11.1,11.15,10.7,11.1,4880.0
2022-05-20,11.0,11.4,11.0,11.35,12230.0
2022-05-23,11.35,11.35,10.55,10.55,3640.0
2022-05-24,10.55,11.6,10.55,11.4,13170.0
2022-05-25,11.4,11.5,10.9,11.5,10930.0
2022-05-26,11.55,11.6,10.75,11.05,6680.0
2022-05-27,11.55,11.55,10.8,11.3,13330.0
2022-05-30,11.55,11.55,11.2,11.5,11130.0
2022-05-31,11.5,11.6,11.4,11.6,3880.0
2022-06-01,11.9,11.9,11.3,11.75,8880.0
2022-06-02,11.9,12.3,11.8,11.9,37440.0
2022-06-03,12.0,12.2,11.5,12.05,5350.0
2022-06-06,11.5,11.95,11.4,11.4,1530.0
2022-06-07,11.9,12.0,11.45,11.8,4680.0
2022-06-08,11.95,12.0,11.45,11.9,10150.0
2022-06-09,12.05,12.05,11.8,12.0,11100.0
2022-06-10,12.1,12.1,11.9,12.0,18460.0
2022-06-13,11.35,11.5,11.35,11.5,680.0
2022-06-14,12.0,12.0,11.6,11.6,8890.0
2022-06-15,11.9,12.1,11.65,12.1,175710.0
2022-06-17,12.2,12.4,11.3,12.2,21830.0
2022-06-20,12.25,12.3,12.25,12.3,7040.0
2022-06-21,12.3,12.3,12.1,12.1,4570.0
2022-06-22,12.4,12.5,11.8,12.45,16430.0
2022-06-23,12.5,12.85,12.35,12.85,10670.0
2022-06-24,12.7,12.7,12.05,12.5,1460.0
2022-06-27,12.7,12.85,12.5,12.6,5890.0
2022-06-28,12.8,12.85,12.6,12.85,3540.0
2022-06-29,12.85,13.25,12.85,13.25,11670.0
2022-06-30,13.4,13.8,13.3,13.55,6990.0
2022-07-01,13.8,13.8,13.8,13.8,31080.0
2022-07-04,13.9,14.35,13.9,14.2,17040.0
2022-07-05,14.3,14.5,14.2,14.5,4770.0
2022-07-06,14.55,16.0,14.55,16.0,14180.0
2022-07-07,16.1,16.8,15.65,15.8,11450.0
2022-07-08,15.1,15.3,14.9,15.3,6920.0
2022-07-11,15.0,15.9,15.0,15.9,19690.0
2022-07-12,15.95,16.4,15.5,16.4,19620.0
2022-07-13,16.45,16.5,15.75,15.75,3830.0
2022-07-14,15.8,15.8,15.5,15.6,610.0
2022-07-15,15.6,15.95,15.2,15.95,5910.0
2022-07-18,16.0,16.0,14.6,15.95,4190.0
2022-07-19,15.5,16.0,15.5,15.95,1480.0
2022-07-20,16.0,16.45,15.55,16.3,4240.0
2022-07-21,16.5,17.9,16.0,17.5,17180.0
2022-07-22,17.8,18.4,17.8,18.0,473750.0
2022-07-25,18.0,18.65,18.0,18.4,87020.0
2022-07-26,18.5,19.3,18.5,19.3,37070.0
2022-07-27,19.35,20.0,19.3,19.95,21090.0
2022-07-28,20.0,20.1,19.4,20.0,16149.999999999998
2022-07-29,20.0,20.0,19.2,19.55,2990.0
2022-08-01,19.0,19.55,18.3,18.4,6060.0
2022-08-02,18.4,18.4,16.65,17.6,26900.0
2022-08-03,18.0,18.55,17.6,18.25,4120.0
2022-08-04,18.5,18.5,18.0,18.2,1210.0
2022-08-05,18.5,18.5,18.2,18.2,1390.0
2022-08-08,18.4,19.0,18.3,18.6,2870.0
2022-08-09,18.5,19.5,18.1,19.0,4350.0
2022-08-10,19.2,19.95,19.2,19.8,7380.0
2022-08-11,19.95,19.95,19.35,19.7,5410.0
2022-08-12,19.5,19.95,19.5,19.95,66190.0
2022-08-16,20.0,20.4,20.0,20.4,15000.0
2022-08-17,20.4,21.7,20.3,21.3,58810.0
2022-08-18,21.8,22.9,21.8,22.2,30320.0
2022-08-19,22.5,22.5,22.0,22.4,14540.0
2022-08-22,22.8,22.8,22.1,22.7,3270.0
2022-08-23,22.7,22.8,22.2,22.7,5570.0
2022-08-24,22.7,22.8,22.4,22.7,16760.0
2022-08-25,22.6,22.9,22.5,22.8,112070.0
2022-08-26,22.7,22.8,22.6,22.6,2960.0
2022-08-29,22.6,22.6,21.4,21.7,16880.0
2022-08-30,21.7,22.5,21.5,22.0,33950.0
2022-08-31,22.4,22.8,22.0,22.7,50260.0
2022-09-01,22.6,22.6,22.1,22.3,6360.0
2022-09-02,22.3,22.5,21.6,22.2,4710.0
2022-09-05,21.5,22.5,21.5,22.5,5770.0
2022-09-06,22.6,22.6,22.2,22.5,4170.0
2022-09-07,22.5,22.5,21.7,22.4,430.0
2022-09-08,22.2,22.4,21.7,22.0,4940.0
2022-09-09,21.6,22.3,21.6,22.0,620.0
2022-09-12,21.7,22.0,21.5,22.0,6260.0
2022-09-13,21.7,22.0,21.7,22.0,1500.0
2022-09-14,22.4,22.4,22.0,22.4,780.0
2022-09-15,22.4,22.5,22.0,22.5,2950.0
2022-09-16,22.6,22.6,22.4,22.6,17400.0
2022-09-19,22.6,22.8,22.4,22.7,5070.0
2022-09-20,22.5,22.8,22.4,22.4,4200.0
2022-09-21,22.5,23.0,22.5,23.0,9960.0
2022-09-22,23.0,23.0,22.4,22.9,15780.0
2022-09-23,22.6,22.9,22.3,22.9,1420.0
2022-09-26,23.0,23.0,22.5,22.5,11000.0
2022-09-27,23.0,23.1,22.0,23.0,6080.0
2022-09-28,23.0,23.0,22.5,22.8,7030.0
2022-09-29,22.7,22.7,22.5,22.5,29050.0
2022-09-30,22.7,22.7,22.1,22.1,960.0
2022-10-03,21.5,23.0,20.0,21.9,21330.0
2022-10-04,21.8,22.0,21.8,22.0,2430.0
2022-10-05,22.5,22.5,22.0,22.1,2560.0
2022-10-06,22.4,22.4,22.0,22.4,1280.0
2022-10-07,22.4,22.4,22.4,22.4,460.0
2022-10-10,22.5,22.5,21.2,21.8,2310.0
2022-10-11,20.6,21.6,20.6,21.6,2430.0
2022-10-12,21.6,22.0,20.7,20.7,740.0
2022-10-13,20.6,20.6,19.05,19.95,16219.999999999998
2022-10-14,19.0,20.7,18.35,18.35,9110.0
2022-10-17,18.0,19.0,17.55,18.15,7480.0
2022-10-18,18.15,18.25,17.15,18.2,6010.0
2022-10-19,18.1,18.5,18.05,18.5,2510.0
2022-10-20,18.0,18.15,18.0,18.15,1230.0
2022-10-21,18.0,18.35,17.95,18.25,5430.0
2022-10-24,18.3,18.5,18.15,18.15,2340.0
2022-10-25,18.15,18.95,18.1,18.8,1340.0
2022-10-26,18.9,18.9,18.3,18.3,1740.0
2022-10-27,18.2,18.9,18.0,18.9,930.0
2022-10-28,18.9,18.9,18.9,18.9,10.0
2022-10-31,18.3,19.75,18.3,19.75,6560.0
2022-11-02,20.0,20.9,19.2,20.9,2220.0
2022-11-03,21.0,22.5,21.0,21.3,6160.0
2022-11-04,21.9,22.5,21.3,22.5,10190.0
2022-11-07,22.6,22.7,21.0,22.3,1170.0
2022-11-08,22.3,22.3,21.1,21.3,210.0
2022-11-09,21.9,21.9,21.0,21.0,670.0
2022-11-10,21.5,21.5,20.0,20.1,3760.0
2022-11-14,20.0,21.6,20.0,21.6,3950.0
2022-11-15,21.4,21.9,21.1,21.9,6240.0
2022-11-16,20.7,21.9,20.7,21.5,1710.0
2022-11-17,21.8,21.8,20.7,21.0,140.0
2022-11-18,21.0,21.8,21.0,21.6,1050.0
2022-11-21,21.6,22.0,20.5,22.0,6130.0
2022-11-22,20.5,22.0,20.5,21.9,8570.0
2022-11-23,22.0,22.1,21.9,21.9,11470.0
2022-11-24,21.9,22.0,21.5,22.0,11200.0
2022-11-25,22.0,22.1,21.6,22.1,2840.0
2022-11-28,22.0,22.4,21.3,22.4,6770.0
2022-11-29,22.4,22.6,22.2,22.3,10240.0
2022-11-30,21.0,22.4,20.2,22.3,4760.0
2022-12-01,22.5,22.6,22.2,22.6,1410.0
2022-12-02,21.6,22.6,21.5,22.6,5480.0
2022-12-05,22.6,22.7,22.0,22.7,13890.0
2022-12-06,22.4,22.7,22.4,22.6,4320.0
2022-12-07,22.0,22.7,22.0,22.7,8990.0
2022-12-08,22.7,22.7,22.5,22.5,8700.0
2022-12-09,21.8,22.5,21.8,22.3,4870.0
2022-12-12,22.5,22.5,21.8,22.0,12700.0
2022-12-13,22.4,22.8,22.3,22.8,8200.0
2022-12-14,22.9,23.0,22.5,22.5,10370.0
2022-12-15,22.7,22.9,22.7,22.7,270.0
2022-12-16,22.5,22.7,22.5,22.7,680.0
2022-12-19,22.7,22.7,22.2,22.7,750.0
2022-12-20,22.0,22.3,22.0,22.3,60.0
2022-12-21,22.7,22.7,22.5,22.7,340.0
2022-12-22,22.0,22.6,22.0,22.6,670.0
2022-12-23,22.0,22.5,22.0,22.5,140.0
2022-12-27,22.7,22.7,21.1,21.2,3040.0
2022-12-28,21.7,22.2,21.1,22.0,1340.0
2022-12-29,22.7,22.7,22.2,22.2,440.0
2022-12-30,22.2,22.5,21.3,21.7,1850.0
2023-01-02,21.7,22.6,21.7,21.8,1120.0
2023-01-03,22.0,22.4,21.6,22.4,4820.0
2023-01-04,22.0,22.1,21.6,22.1,760.0
2023-01-05,22.1,22.2,21.7,22.2,2130.0
2023-01-09,22.1,22.1,22.0,22.0,1150.0
2023-01-10,22.1,22.2,21.3,22.1,11050.0
2023-01-11,22.1,22.1,22.0,22.1,490.0
2023-01-12,22.1,22.1,22.0,22.1,470.0
2023-01-13,22.2,22.2,21.6,22.0,1930.0
2023-01-16,22.1,22.1,21.6,22.1,980.0
2023-01-17,22.1,22.1,21.8,21.8,450.0
2023-01-18,22.2,22.2,21.7,22.2,60.0
2023-01-19,22.2,22.2,21.9,21.9,540.0
2023-01-20,22.1,22.2,22.0,22.2,3330.0
2023-01-23,22.2,22.5,22.2,22.4,1100.0
2023-01-24,22.5,25.0,22.3,22.3,490.0
2023-01-25,22.4,22.5,22.0,22.0,1620.0
2023-01-26,22.2,22.4,22.2,22.4,980.0
2023-01-27,22.4,22.4,21.7,22.1,770.0
2023-01-30,21.8,22.4,21.8,22.4,1700.0
2023-01-31,22.3,22.3,22.3,22.3,1270.0
2023-02-01,22.4,22.4,21.8,22.4,1990.0
2023-02-02,22.4,22.4,21.7,22.3,660.0
2023-02-03,22.2,22.4,21.6,22.3,1740.0
2023-02-06,22.6,22.6,21.6,21.7,100830.0
2023-02-07,22.0,22.7,22.0,22.7,990.0
2023-02-08,22.7,24.8,22.2,24.8,9020.0
2023-02-09,24.0,25.8,24.0,25.8,6360.0
2023-02-10,25.8,26.0,25.5,25.5,2710.0
2023-02-13,25.2,26.0,25.2,25.5,4100.0
2023-02-14,25.4,26.0,25.1,26.0,1210.0
2023-02-15,26.0,26.0,25.5,25.6,2750.0
2023-02-16,26.1,26.1,25.6,25.6,1330.0
2023-02-17,26.0,26.0,25.6,25.9,750.0
2023-02-20,26.0,26.2,26.0,26.0,5710.0
2023-02-21,26.1,26.2,26.0,26.2,1900.0
2023-02-22,26.2,26.8,26.0,26.8,4840.0
2023-02-23,27.0,29.4,27.0,29.4,17370.0
2023-02-24,29.0,33.0,29.0,32.7,10890.0
2023-02-27,32.5,34.0,31.5,32.4,11770.0
2023-02-28,31.2,32.0,31.2,31.5,2550.0
2023-03-01,31.7,32.6,31.2,31.7,4170.0
2023-03-02,31.2,31.6,29.3,30.6,2500.0
2023-03-03,29.1,31.8,29.1,31.8,3610.0
2023-03-06,31.9,32.0,31.0,31.5,20130.0
2023-03-07,31.5,32.5,31.5,32.2,4230.0
2023-03-08,32.2,33.0,31.2,33.0,1860.0
2023-03-09,32.9,33.0,31.3,33.0,1730.0
2023-03-10,32.0,32.3,30.3,32.0,2300.0
2023-03-13,32.0,32.0,30.4,30.6,2180.0
2023-03-14,30.5,30.5,30.1,30.4,790.0
2023-03-15,30.4,31.0,30.1,31.0,4130.0
2023-03-16,30.5,31.0,30.5,30.7,1790.0
2023-03-17,30.7,30.8,30.7,30.7,370.0
2023-03-20,30.6,30.6,30.0,30.2,400.0
2023-03-21,30.6,30.6,30.6,30.6,90.0
2023-03-22,31.0,31.0,30.7,30.7,920.0
2023-03-23,31.0,31.0,30.5,31.0,7920.0
2023-03-24,31.0,31.8,30.5,31.8,880.0
2023-03-27,31.8,32.0,30.8,32.0,6030.0
2023-03-28,31.7,33.0,31.7,32.0,6120.0
2023-03-29,32.0,32.9,31.4,32.9,3050.0
2023-03-30,32.5,33.5,32.0,33.5,7410.0
2023-03-31,33.5,33.8,32.8,33.6,6280.0
2023-04-03,33.6,34.8,33.6,34.6,95210.0
2023-04-04,34.5,37.0,34.5,36.2,7080.0
2023-04-05,36.0,39.4,36.0,38.5,20460.0
2023-04-06,38.8,44.0,38.8,41.5,11320.0
2023-04-11,41.0,44.9,41.0,43.9,14560.0
2023-04-12,43.9,44.0,41.2,42.8,12160.0
2023-04-13,40.4,41.1,38.0,38.6,9680.0
2023-04-14,38.4,38.4,36.4,37.7,3690.0
2023-04-17,36.7,38.9,36.7,38.9,10800.0
2023-04-18,39.0,39.6,38.0,38.0,2740.0
2023-04-19,38.9,40.0,38.8,39.7,10830.0
2023-04-20,39.7,40.5,39.5,39.5,1420.0
2023-04-21,38.0,40.0,38.0,39.9,10230.0
2023-04-24,40.7,42.5,40.5,40.5,13220.0
2023-04-25,41.8,41.8,39.1,40.5,2260.0
2023-04-26,40.1,44.0,40.1,42.0,3880.0
2023-04-27,42.0,45.0,42.0,42.1,9930.0
2023-04-28,42.6,42.8,40.2,40.2,2370.0
2023-05-02,39.0,39.0,35.3,35.3,16170.000000000002
2023-05-04,35.2,35.2,33.3,34.4,7690.0
2023-05-05,33.2,34.2,32.0,32.0,5440.0
2023-05-08,31.8,33.8,31.5,32.6,3510.0
2023-05-09,33.0,34.9,32.1,34.8,3700.0
2023-05-10,34.8,36.5,34.7,36.5,2230.0
2023-05-11,35.6,36.0,35.0,36.0,590.0
2023-05-12,34.8,36.3,34.8,36.3,530.0
2023-05-15,36.3,37.2,35.5,36.0,1300.0
2023-05-16,36.0,37.0,35.1,35.1,950.0
2023-05-17,35.0,35.9,34.9,34.9,10450.0
2023-05-18,35.4,37.0,34.9,36.0,560.0
2023-05-19,35.0,36.4,35.0,35.2,1500.0
2023-05-22,36.0,36.0,35.0,35.0,640.0
2023-05-23,35.2,35.2,34.6,35.1,10310.0
2023-05-24,35.1,35.5,33.9,35.0,620.0
2023-05-25,35.0,36.0,34.2,34.4,800.0
2023-05-26,36.0,36.0,34.8,35.8,250.0
2023-05-29,35.7,35.7,35.0,35.0,200.0
2023-05-30,35.7,36.0,34.8,35.0,800.0
2023-05-31,36.0,36.0,34.8,34.8,780.0
2023-06-01,34.1,36.5,34.1,36.0,2390.0
2023-06-02,34.6,36.1,34.6,35.4,170.0
2023-06-05,35.3,35.5,35.0,35.4,400.0
2023-06-06,36.2,38.0,36.0,36.0,13760.0
2023-06-07,36.0,36.9,36.0,36.6,500.0
2023-06-09,36.6,38.5,36.6,36.9,9130.0
2023-06-12,36.9,37.2,36.8,37.2,770.0
2023-06-13,38.8,38.8,37.3,37.3,3990.0
2023-06-14,38.0,38.5,37.2,37.8,600.0
2023-06-15,37.8,38.0,37.1,37.1,1380.0
2023-06-16,36.5,38.1,34.0,34.0,5760.0
2023-06-19,34.2,34.6,33.1,34.6,2170.0
2023-06-20,35.4,35.6,34.0,35.6,520.0
2023-06-21,34.0,34.4,33.2,33.2,1400.0
2023-06-22,33.2,35.0,33.1,35.0,670.0
2023-06-23,35.0,35.8,34.4,34.4,630.0
2023-06-26,33.8,35.4,33.8,35.0,480.0
2023-06-27,33.8,34.0,32.2,34.0,810.0
2023-06-28,34.0,34.8,34.0,34.0,920.0
2023-06-29,34.8,34.8,34.0,34.6,810.0
2023-06-30,34.0,34.9,33.1,34.5,500.0
2023-07-03,34.0,34.4,33.0,34.4,1660.0
2023-07-04,34.3,34.3,32.9,33.7,520.0
2023-07-05,34.2,34.2,32.7,34.0,550.0
2023-07-06,34.0,34.0,33.0,33.8,110.0
2023-07-07,33.5,34.0,33.5,34.0,380.0
2023-07-10,34.0,34.8,33.6,34.8,850.0
2023-07-11,34.3,35.0,33.0,34.2,6840.0
2023-07-12,34.7,35.0,34.5,35.0,3460.0
2023-07-13,35.4,35.4,33.3,35.2,300.0
2023-07-14,35.1,35.1,34.3,34.9,150.0
2023-07-17,34.0,34.7,33.8,33.8,220.0
2023-07-18,34.8,34.8,34.5,34.5,70.0
2023-07-19,33.7,34.4,33.5,34.4,1330.0
2023-07-20,34.7,34.7,34.0,34.7,840.0
2023-07-21,34.7,34.8,34.7,34.8,220.0
2023-07-24,34.8,35.2,34.2,35.2,690.0
2023-07-25,34.1,35.0,34.1,35.0,1920.0
2023-07-26,35.0,35.0,35.0,35.0,1080.0
2023-07-27,34.9,35.4,34.9,35.4,210.0
2023-07-28,35.4,35.4,34.8,34.8,100.0
2023-07-31,34.5,34.6,33.3,34.6,3050.0
2023-08-01,33.8,34.5,33.6,33.7,1480.0
2023-08-02,35.2,36.5,33.8,34.0,2110.0
2023-08-03,34.9,34.9,33.6,34.1,450.0
2023-08-04,35.0,35.0,34.0,34.0,120.0
2023-08-07,34.0,34.0,33.6,34.0,470.0
2023-08-08,34.0,34.0,32.5,33.0,1170.0
2023-08-09,33.8,34.0,33.8,33.8,690.0
2023-08-10,33.9,33.9,33.0,33.0,540.0
2023-08-11,32.8,33.6,32.8,33.3,210.0
2023-08-14,33.6,33.6,32.8,32.8,170.0
2023-08-16,32.5,33.0,32.0,32.2,5430.0
2023-08-17,32.5,32.5,32.0,32.0,450.0
2023-08-18,31.5,32.2,31.5,32.0,720.0
2023-08-21,31.6,32.0,31.5,32.0,1750.0
2023-08-22,32.7,33.5,32.1,33.5,2300000.0
2023-08-23,34.0,34.0,31.4,32.2,2220.0
2023-08-24,33.8,34.0,32.3,32.3,880.0
2023-08-25,32.0,33.4,32.0,33.0,520.0
2023-08-28,33.2,33.7,31.4,33.1,2630.0
2023-08-29,32.1,33.2,32.1,32.8,510.0
2023-08-30,33.9,33.9,33.8,33.8,530.0
2023-08-31,33.6,33.6,32.3,33.4,7430.0
2023-09-01,33.3,33.3,32.5,33.2,70.0
2023-09-04,33.2,33.8,32.0,33.8,800.0
2023-09-05,32.6,33.6,32.2,32.3,140.0
2023-09-06,32.2,32.3,32.2,32.2,900.0
2023-09-07,32.1,32.7,32.0,32.5,1510.0
2023-09-08,32.5,32.7,32.0,32.7,640.0
2023-09-11,32.4,32.5,32.4,32.5,70.0
2023-09-12,32.9,32.9,32.0,32.4,320.0
2023-09-13,33.0,33.7,32.7,33.7,2400.0
2023-09-14,33.6,34.0,32.8,32.8,330.0
2023-09-15,33.9,33.9,31.5,32.3,1680.0
2023-09-18,31.5,33.4,31.4,33.4,310.0
2023-09-19,33.3,33.3,33.3,33.3,10.0
2023-09-20,33.3,33.3,31.2,31.2,130.0
2023-09-21,32.9,32.9,31.2,31.2,100.0
2023-09-22,32.8,32.8,31.7,32.7,400.0
2023-09-25,31.6,31.6,31.5,31.5,190.0
2023-09-26,31.9,31.9,29.2,29.2,510.0
2023-09-27,29.2,30.7,29.2,30.5,650.0
2023-09-28,29.8,30.0,29.5,30.0,11990.0
2023-09-29,30.0,30.0,29.9,30.0,160.0
2023-10-02,29.8,29.8,28.2,28.8,1700.0
2023-10-03,28.2,29.1,28.1,29.1,2029.9999999999998
2023-10-04,29.0,29.0,28.5,28.5,720.0
2023-10-05,26.9,28.5,26.9,28.5,70.0
2023-10-06,28.5,29.0,28.5,28.6,200.0
2023-10-09,28.6,28.9,27.2,27.2,2110.0
2023-10-10,27.5,27.5,27.0,27.0,1140.0
2023-10-11,26.9,27.4,26.9,27.0,920.0
2023-10-12,27.7,27.8,27.6,27.8,10.0
2023-10-13,27.9,27.9,27.0,27.0,730.0
2023-10-16,27.0,28.0,27.0,28.0,2610.0
2023-10-17,28.7,29.4,28.7,29.4,870.0
2023-10-18,30.0,31.0,29.3,31.0,1730.0
2023-10-19,31.0,31.0,30.5,30.5,10.0
2023-10-20,29.8,29.8,29.0,29.0,110.0
2023-10-23,29.0,29.0,28.2,28.2,2240.0
2023-10-24,28.3,30.8,28.0,30.2,150.0
2023-10-25,30.0,30.0,29.9,29.9,10.0
2023-10-26,29.9,29.9,29.9,29.9,50.0
2023-10-27,29.9,31.0,29.9,30.1,2840.0
2023-10-30,30.0,32.0,30.0,32.0,1890.0
2023-10-31,32.0,32.0,30.5,30.8,850.0
2023-11-02,31.4,31.8,30.6,30.6,130.0
2023-11-03,31.8,32.2,31.0,31.4,5310.0
2023-11-06,31.4,32.9,31.4,31.4,50.0
2023-11-07,32.5,32.5,32.4,32.4,10.0
2023-11-08,31.6,31.8,31.4,31.8,50.0
2023-11-09,32.0,32.0,31.9,32.0,40.0
2023-11-10,32.8,33.8,32.8,33.4,2620.0
2023-11-13,34.0,35.2,34.0,35.0,3840.0
2023-11-14,35.0,35.3,34.2,34.6,500.0
2023-11-15,35.3,36.2,35.3,35.5,2880.0
2023-11-16,36.4,36.5,34.2,36.4,3900.0
2023-11-17,36.1,36.4,36.1,36.4,210.0
2023-11-20,36.3,36.3,36.1,36.1,410.0
2023-11-21,36.4,37.0,36.0,36.4,550.0
2023-11-22,36.3,37.0,36.3,36.9,250.0
2023-11-23,37.0,37.0,36.3,36.5,2120.0
2023-11-24,36.7,38.0,36.4,37.0,1960.0
2023-11-27,38.0,38.0,36.7,37.8,1090.0
2023-11-28,37.9,38.9,37.9,38.4,690.0
2023-11-29,39.9,39.9,39.0,39.5,400.0
2023-11-30,39.0,39.6,39.0,39.6,1200.0
2023-12-01,39.8,39.8,36.8,39.0,1040.0
2023-12-04,36.6,37.9,36.5,37.7,910.0
2023-12-05,38.8,39.0,38.8,39.0,680.0
2023-12-06,39.4,40.0,39.4,39.4,2770.0
2023-12-07,39.5,39.9,39.5,39.9,220.0
2023-12-08,39.9,40.0,39.5,39.9,1880.0
2023-12-11,39.9,40.0,36.9,37.9,1480.0
2023-12-12,39.8,40.1,39.8,40.0,4560.0
2023-12-13,40.0,40.0,39.8,40.0,1990.0
2023-12-14,40.0,40.2,39.8,40.2,3940.0
2023-12-15,40.0,41.0,38.0,38.0,5680.0
2023-12-18,38.0,39.8,38.0,38.0,900.0
2023-12-19,38.2,39.5,38.0,39.5,3840.0
2023-12-20,39.8,39.9,38.0,39.9,3000.0
2023-12-21,39.9,39.9,38.3,38.3,80.0
2023-12-22,39.6,40.2,39.1,40.2,5970.0
2023-12-27,40.4,43.7,40.4,43.7,3880.0
2023-12-28,44.0,45.2,42.1,42.8,12690.0
2023-12-29,43.0,43.0,40.4,41.8,8200.0
2024-01-02,42.0,45.1,42.0,43.9,2770.0
2024-01-03,44.0,44.5,43.1,44.0,3470.0
2024-01-04,44.0,44.5,41.0,42.3,4270.0
2024-01-05,42.5,43.1,42.3,43.1,5200.0
2024-01-08,43.1,43.5,42.8,43.0,6830.0
2024-01-09,43.0,43.0,42.0,42.9,5910.0
2024-01-10,43.0,43.0,42.1,43.0,8770.0
2024-01-11,43.0,43.1,43.0,43.1,1650.0
2024-01-12,43.1,43.9,43.1,43.9,2280.0
2024-01-15,43.9,44.9,43.5,44.9,6170.0
2024-01-16,45.0,45.0,43.6,44.8,10010.0
2024-01-17,44.9,45.0,43.7,44.5,2240.0
2024-01-18,44.5,44.7,44.0,44.7,1440.0
2024-01-19,44.0,46.0,44.0,45.9,9800.0
2024-01-22,45.9,46.2,45.7,46.2,5520.0
2024-01-23,46.3,47.0,45.7,45.7,2890.0
2024-01-24,46.8,48.0,45.7,47.0,4200.0
2024-01-25,47.0,48.0,47.0,48.0,620.0
2024-01-26,48.4,48.4,47.7,48.0,1240.0
2024-01-29,47.8,47.8,46.6,46.6,1710.0
2024-01-30,45.6,46.9,45.0,46.0,3510.0
2024-01-31,46.5,47.0,46.5,46.5,2540.0
2024-02-01,46.6,47.4,46.6,47.0,3880.0
2024-02-02,46.9,46.9,45.1,46.2,1680.0
2024-02-05,46.4,47.3,46.4,47.3,1790.0
2024-02-06,47.3,47.8,46.5,46.9,2320.0
2024-02-07,47.8,48.4,45.0,46.9,2080.0
2024-02-08,46.9,48.3,46.9,48.2,1100.0
2024-02-09,48.2,48.2,47.0,47.0,1250.0
2024-02-12,47.1,48.2,47.1,48.2,3180.0
2024-02-13,48.2,48.2,46.8,47.5,1220.0
2024-02-14,47.5,47.5,46.0,46.7,3310.0
2024-02-15,47.0,47.4,46.8,47.4,1080.0
2024-02-16,48.0,48.4,48.0,48.4,1600.0
2024-02-19,48.4,48.4,48.2,48.4,2750.0
2024-02-20,48.4,48.4,47.0,48.2,870.0
2024-02-21,48.1,48.1,47.0,47.7,2680.0
2024-02-22,47.6,48.0,47.0,47.5,430.0
2024-02-23,47.9,47.9,46.8,47.5,4100.0
2024-02-26,47.8,48.1,47.3,47.9,3170.0
2024-02-27,47.5,48.1,46.8,48.1,4230.0
2024-02-28,48.0,48.0,46.6,48.0,2300.0
2024-02-29,48.0,48.0,47.0,47.5,1680.0
2024-03-01,47.7,49.6,47.7,49.6,26620.0
2024-03-04,50.0,54.2,50.0,54.2,33720.0
2024-03-05,55.0,58.0,55.0,58.0,15940.0
2024-03-06,59.0,60.0,55.6,58.0,6620.0
2024-03-07,58.0,58.0,56.0,57.4,1740.0
2024-03-08,56.2,57.4,55.6,57.2,2090.0
2024-03-11,57.2,57.2,55.0,55.6,3410.0
2024-03-12,55.8,56.4,55.6,55.6,1930.0
2024-03-13,55.2,56.0,53.0,54.8,2480.0
2024-03-14,54.8,56.8,53.0,56.8,5360.0
2024-03-15,56.8,56.8,54.0,54.0,11810.0
2024-03-18,54.6,55.6,54.0,54.2,320.0
2024-03-19,54.2,57.0,54.0,56.0,4840.0
2024-03-20,55.6,63.0,55.2,63.0,9720.0
2024-03-21,62.0,68.0,60.0,65.8,12050.0
2024-03-22,66.0,71.2,66.0,66.0,19080.0
2024-03-25,66.0,69.0,65.0,68.0,8860.0
2024-03-26,68.2,69.2,66.0,67.6,14240.0
2024-03-27,67.8,68.0,67.0,68.0,3460.0
2024-03-28,68.0,68.0,66.0,68.0,6550.0
2024-04-02,68.2,68.6,63.0,64.4,17330.0
2024-04-03,65.2,65.4,61.8,62.4,7790.0
2024-04-04,62.8,68.0,62.0,67.6,6000.0
2024-04-05,67.2,67.6,65.0,66.4,930.0
2024-04-08,68.0,69.0,66.8,67.0,2050.0
2024-04-09,67.6,68.0,65.6,68.0,1590.0
2024-04-10,68.0,68.6,66.0,66.4,1950.0
2024-04-11,69.0,69.0,65.4,65.8,1390.0
2024-04-12,65.6,65.8,64.0,64.0,3320.0
2024-04-15,64.0,65.2,64.0,64.0,1540.0
2024-04-16,63.6,64.0,62.2,62.8,2760.0
2024-04-17,62.4,62.8,59.2,62.0,6980.0
2024-04-18,61.2,62.8,61.0,62.6,1280.0
2024-04-19,62.8,62.8,61.0,62.0,1040.0
2024-04-22,61.0,62.6,60.4,62.0,2040.0
2024-04-23,62.0,62.6,58.2,62.4,2080.0
2024-04-24,62.4,64.0,62.4,63.6,1160.0
2024-04-25,63.6,64.0,60.6,63.6,4490.0
2024-04-26,63.8,65.4,63.0,65.4,1350.0
2024-04-29,65.4,65.4,63.8,65.0,1500.0
2024-04-30,65.0,65.0,63.2,65.0,370.0
2024-05-02,63.0,64.4,62.8,64.0,13320.0
2024-05-06,64.8,65.2,63.0,65.0,2760.0
2024-05-07,63.2,64.4,62.0,62.0,82180.0
2024-05-08,62.4,63.8,61.6,61.8,3660.0
2024-05-09,61.6,63.6,61.6,62.8,3010.0
2024-05-10,62.8,64.0,62.8,64.0,1120.0
2024-05-13,64.0,64.0,61.0,63.4,1210.0
2024-05-14,63.8,65.4,62.6,65.4,10370.0
2024-05-15,65.4,65.4,64.0,64.0,870.0
2024-05-16,65.0,66.8,63.4,64.0,960.0
2024-05-17,63.2,64.4,63.2,64.0,4080.0
2024-05-20,64.0,65.0,63.6,63.6,3220.0
2024-05-21,63.4,64.0,62.0,62.2,1160.0
2024-05-22,62.0,63.8,61.8,62.4,1390.0
2024-05-23,63.4,63.4,62.0,63.0,520.0
2024-05-24,63.4,63.8,62.2,63.8,280.0
2024-05-27,63.0,64.0,62.8,63.6,620.0
2024-05-28,63.8,64.0,63.4,63.4,2140.0
2024-05-29,64.2,65.0,63.4,63.4,380.0
2024-05-31,64.0,64.2,63.4,63.4,2300.0
2024-06-03,63.8,64.0,63.0,64.0,3190.0
2024-06-04,65.0,65.0,63.2,63.4,2110.0
2024-06-05,64.0,64.0,62.0,62.0,1040.0
2024-06-06,62.0,64.0,62.0,63.8,360.0
2024-06-07,64.0,64.0,62.8,63.2,360.0
2024-06-10,63.2,65.0,62.0,64.6,4320.0
2024-06-11,65.0,65.6,62.4,63.0,2760.0
2024-06-12,62.2,64.0,62.0,62.0,1030.0
2024-06-13,63.0,63.6,63.0,63.4,60.0
2024-06-14,63.6,64.0,63.0,64.0,490.0
2024-06-17,64.0,66.0,61.6,63.6,4720.0
2024-06-18,63.4,64.0,63.0,64.0,970.0
2024-06-19,64.0,64.8,64.0,64.0,630.0
2024-06-20,64.0,64.0,61.6,62.0,1610.0
2024-06-21,63.2,63.6,61.8,63.6,420.0
2024-06-24,64.0,64.6,62.8,62.8,2040.0
2024-06-25,62.4,64.4,62.4,62.4,440.0
2024-06-26,62.2,63.8,62.0,62.0,340.0
2024-06-27,63.8,64.0,62.4,62.6,890.0
2024-06-28,63.6,64.0,63.6,63.8,320.0
2024-07-01,64.0,64.0,62.4,63.6,1600.0
2024-07-02,64.0,64.0,62.0,63.2,3020.0
2024-07-03,63.2,63.2,63.0,63.0,880.0
2024-07-04,63.0,63.6,63.0,63.6,700.0
2024-07-05,63.2,63.2,62.2,62.2,1890.0
2024-07-08,62.2,63.2,62.2,63.0,1090.0
2024-07-09,63.4,63.4,63.0,63.0,210.0
2024-07-10,63.0,63.0,62.2,62.2,1780.0
2024-07-11,62.8,62.8,61.4,62.0,4630.0
2024-07-12,62.4,62.4,61.0,62.0,2350.0
2024-07-15,62.0,62.0,61.0,61.2,1640.0
2024-07-16,61.0,61.6,61.0,61.4,3140.0
2024-07-17,61.4,62.0,61.0,61.0,890.0
2024-07-18,61.0,62.0,61.0,62.0,2690.0
2024-07-19,61.2,62.0,61.0,61.4,3630.0
2024-07-22,61.8,62.0,61.0,61.0,1890.0
2024-07-23,61.6,61.6,60.0,60.0,1670.0
2024-07-24,60.0,61.0,59.6,60.0,2960.0
2024-07-25,59.0,59.4,54.0,58.0,11270.0
2024-07-26,58.0,61.0,58.0,60.8,13110.0
2024-07-29,60.0,60.8,60.0,60.8,9490.0
2024-07-30,60.8,62.0,60.0,60.2,270.0
2024-07-31,62.0,62.0,60.2,60.2,1110.0
2024-08-01,61.0,63.2,61.0,62.0,4180.0
2024-08-02,62.0,62.6,56.8,56.8,15460.0
2024-08-05,56.0,56.0,51.8,52.8,16210.0
2024-08-06,54.2,58.4,54.2,58.4,4100.0
2024-08-07,58.6,58.6,53.6,55.8,4120.0
2024-08-08,55.2,57.4,54.2,57.0,620.0
2024-08-09,57.0,58.0,56.2,57.8,450.0
2024-08-12,58.0,58.0,55.6,56.0,1090.0
2024-08-13,56.6,57.0,55.6,57.0,990.0
2024-08-14,57.4,60.8,57.4,58.8,370.0
2024-08-16,58.8,60.8,58.8,60.6,590.0
2024-08-19,60.6,60.8,59.0,60.0,570.0
2024-08-20,61.0,61.0,57.2,59.6,5870.0
2024-08-21,59.4,59.4,56.6,57.8,2160.0
2024-08-22,58.4,59.2,57.8,59.2,1440.0
2024-08-23,58.6,59.6,57.8,58.4,1020.0
2024-08-26,59.6,60.8,59.0,59.2,2970.0
2024-08-27,59.2,61.0,59.2,59.6,1250.0
2024-08-28,58.6,61.0,58.6,61.0,410.0
2024-08-29,61.0,61.4,59.8,59.8,3190.0
2024-08-30,59.8,61.0,59.2,59.8,5720.0
2024-09-02,60.0,60.2,58.4,60.0,1130.0
2024-09-03,60.0,61.0,59.2,59.8,1150.0
2024-09-04,60.0,61.4,59.6,61.0,1680.0
2024-09-05,61.4,62.0,60.2,60.2,1760.0
2024-09-06,61.0,62.2,59.6,60.0,2190.0
2024-09-09,60.0,61.4,59.4,59.6,1140.0
2024-09-10,60.8,61.0,60.4,60.4,500.0
2024-09-11,60.8,60.8,59.8,60.0,1470.0
2024-09-12,59.6,59.6,59.0,59.0,640.0
2024-09-13,59.0,60.2,58.6,60.2,1500.0
2024-09-16,57.8,60.0,57.8,60.0,760.0
2024-09-17,59.2,59.6,58.0,58.0,3010.0
2024-09-18,59.4,59.4,58.0,58.6,850.0
2024-09-19,58.6,59.4,58.0,59.4,1980.0
2024-09-20,58.2,59.4,58.0,58.0,1010.0
2024-09-23,59.4,61.4,58.0,61.4,3170.0
2024-09-24,61.4,61.4,60.0,60.0,195060.0
2024-09-25,60.0,60.8,59.0,60.0,4770.0
2024-09-26,60.0,60.0,58.0,59.6,2290.0
2024-09-27,59.6,60.0,58.2,58.6,1090.0
2024-09-30,59.6,60.0,59.6,59.6,210.0
2024-10-01,59.6,59.6,58.0,58.0,1570.0
2024-10-02,57.8,59.0,56.8,58.0,1430.0
2024-10-03,57.0,58.4,57.0,57.8,500.0
2024-10-04,57.8,58.0,57.0,58.0,890.0
2024-10-07,58.0,58.8,58.0,58.8,350.0
2024-10-08,58.4,59.0,58.2,59.0,640.0
2024-10-09,57.2,59.0,57.2,58.0,620.0
2024-10-10,58.4,60.0,58.2,60.0,2670.0
2024-10-11,59.8,59.8,58.4,59.0,200.0
2024-10-14,57.2,59.0,57.2,58.8,960.0
2024-10-15,58.0,58.8,57.2,57.2,1170.0
2024-10-16,57.8,58.6,57.4,57.4,480.0
2024-10-17,57.4,58.2,57.4,57.6,770.0
2024-10-18,58.2,58.8,57.6,58.8,320.0
2024-10-21,58.8,59.2,58.8,59.2,390.0
2024-10-22,59.2,59.4,57.6,59.4,420.0
2024-10-23,59.6,59.6,58.6,59.6,170.0
2024-10-24,59.6,60.0,58.6,60.0,770.0
2024-10-25,60.0,60.0,58.8,60.0,650.0
2024-10-28,60.0,61.0,58.6,61.0,7660.0
2024-10-29,62.4,68.0,62.4,67.8,10940.0
2024-10-30,68.0,68.2,63.6,64.6,4390.0
2024-10-31,64.2,67.0,64.0,65.8,6810.0
2024-11-04,67.0,68.4,66.2,68.0,3290.0
2024-11-05,68.4,72.8,68.4,72.8,3070.0
2024-11-06,72.8,74.0,69.0,70.4,3450.0
2024-11-07,70.4,72.4,70.2,71.8,2230.0
2024-11-08,72.4,74.0,71.0,72.0,1470.0
2024-11-12,73.0,73.8,72.0,72.0,3220.0
2024-11-13,73.0,73.4,71.0,72.6,520.0
2024-11-14,73.0,73.0,70.6,71.2,1060.0
2024-11-15,71.8,73.0,70.6,72.0,780.0
2024-11-18,72.0,72.6,70.4,72.6,3600.0
2024-11-19,72.8,73.2,72.6,73.0,690.0
2024-11-20,72.8,72.8,71.0,71.0,770.0
2024-11-21,72.2,72.6,71.0,72.0,260.0
2024-11-22,73.0,73.2,70.2,71.6,1250.0
2024-11-25,72.0,72.4,70.4,70.4,700.0
2024-11-26,71.8,72.0,71.0,72.0,560.0
2024-11-27,72.0,72.0,70.6,71.4,310.0
2024-11-28,71.4,72.0,71.4,71.4,170.0
2024-11-29,70.0,72.0,68.4,71.0,1120.0
2024-12-02,72.0,72.0,70.0,71.0,1610.0
2024-12-03,70.0,71.2,69.4,70.0,870.0
2024-12-04,69.2,71.0,69.2,69.2,1090.0
2024-12-05,69.2,69.8,68.4,69.0,2450.0
2024-12-06,69.0,70.0,68.4,69.8,1150.0
2024-12-09,69.8,70.0,68.0,69.0,640.0
2024-12-10,69.8,70.0,68.4,69.6,350.0
2024-12-11,70.0,70.0,68.0,69.6,660.0
2024-12-12,69.0,69.6,68.0,68.2,1300.0
2024-12-13,69.0,70.0,68.0,69.4,1320.0
2024-12-16,69.0,69.0,65.0,65.0,4690.0
2024-12-17,66.0,67.6,66.0,67.0,1490.0
2024-12-18,66.2,67.8,66.2,67.8,440.0
2024-12-19,67.6,68.0,66.0,67.6,1900.0
2024-12-20,68.2,70.0,68.0,69.0,1310.0
2024-12-23,69.0,69.0,66.8,68.6,490.0
2024-12-27,68.0,70.2,66.8,66.8,3420.0
2024-12-30,67.0,69.6,67.0,69.4,850.0
2025-01-02,69.2,70.0,67.6,69.0,2070.0
2025-01-03,68.0,68.0,67.2,67.8,2360.0
2025-01-07,67.8,68.0,67.0,67.2,6300.0
2025-01-08,67.2,67.2,66.6,66.6,2730.0
2025-01-09,66.0,66.6,66.0,66.6,2550.0
2025-01-10,66.0,66.6,65.2,65.4,1940.0
2025-01-13,65.0,66.6,63.0,63.0,1550.0
2025-01-14,63.0,64.8,61.6,64.8,3450.0
2025-01-15,65.2,66.6,65.2,65.6,3170.0
2025-01-16,65.6,66.6,64.6,66.0,4820.0
2025-01-17,66.0,66.6,65.8,65.8,2180.0
2025-01-20,65.6,65.6,63.4,63.4,2230.0
2025-01-21,63.4,63.4,62.2,63.4,2140.0
2025-01-22,63.4,64.6,63.0,64.0,10830.0
2025-01-23,64.8,64.8,63.0,63.0,2070.0
2025-01-24,64.4,65.8,64.4,65.6,1020.0
2025-01-27,65.6,65.6,64.8,64.8,490.0
2025-01-28,64.8,65.8,64.8,65.8,1830.0
2025-01-29,66.0,68.0,64.4,65.8,1830.0
2025-01-30,66.0,66.0,65.0,66.0,280.0
2025-01-31,66.2,66.4,65.4,65.8,880.0
2025-02-03,65.6,65.8,63.8,65.2,2290.0
2025-02-04,64.8,64.8,63.2,64.6,830.0
2025-02-05,64.6,64.8,64.0,64.6,910.0
2025-02-06,64.4,65.0,64.0,65.0,3120.0
2025-02-07,65.0,66.6,65.0,66.0,3070.0
2025-02-10,65.8,66.0,64.0,65.6,7740.0
2025-02-11,65.8,68.0,65.8,67.8,1130.0
2025-02-12,68.0,68.0,64.4,65.8,3620.0
2025-02-13,65.8,66.8,65.8,66.6,1950.0
2025-02-14,66.6,68.6,66.0,68.4,1380.0
2025-02-17,69.8,70.4,68.0,69.4,2210.0
2025-02-18,69.4,69.4,66.0,67.4,5670.0
2025-02-19,68.2,82.0,67.0,77.2,40860.0
2025-02-20,78.0,81.4,76.0,78.0,7300.0
2025-02-21,78.0,79.0,76.0,78.0,4050.0
2025-02-24,77.0,80.0,75.2,76.8,2630.0
2025-02-25,77.8,77.8,75.0,75.0,2020.0
2025-02-26,75.0,76.4,74.6,75.0,2350.0
2025-02-27,75.6,76.0,74.2,74.4,1840.0
2025-02-28,75.4,75.6,74.2,74.8,1360.0
2025-03-03,75.4,75.4,74.0,75.4,1300.0
2025-03-04,74.4,75.0,71.6,72.2,2680.0
2025-03-05,71.8,74.0,71.8,73.2,1670.0
2025-03-06,74.0,76.0,73.4,76.0,4510.0
2025-03-07,73.2,78.0,73.2,75.6,36230.0
2025-03-10,78.0,78.0,74.8,74.8,3400.0
2025-03-11,75.0,75.0,70.2,73.4,1580.0
2025-03-12,73.8,74.0,72.2,74.0,2590.0
2025-03-13,74.0,74.0,72.6,73.8,540.0
2025-03-14,73.8,76.2,73.6,74.0,75370.0
2025-03-17,74.6,76.0,73.8,73.8,54460.0
2025-03-18,74.8,76.0,73.8,75.6,41210.0
2025-03-19,75.2,75.8,74.0,75.2,2170.0
2025-03-20,75.4,75.4,74.2,75.4,5780.0
2025-03-21,75.0,75.4,74.2,75.0,32159.999999999996
2025-03-24,75.0,76.0,75.0,75.0,5560.0
2025-03-25,75.0,76.0,74.8,75.4,3200.0
2025-03-26,75.6,75.6,75.0,75.0,3850.0
2025-03-27,75.0,75.6,73.2,74.4,25020.0
2025-03-28,75.0,76.0,74.8,76.0,11830.0
2025-03-31,76.0,76.0,74.8,75.0,8890.0
2025-04-01,76.0,76.0,74.8,76.0,11100.0
2025-04-02,75.0,79.8,75.0,79.8,6680.0
2025-04-03,79.0,81.0,77.2,78.0,2370.0
2025-04-04,78.0,80.0,75.0,75.2,5460.0
2025-04-07,73.0,75.0,72.0,72.6,6430.0
2025-04-08,72.0,75.0,72.0,74.4,9980.0
2025-04-09,74.4,75.8,74.0,75.8,1380.0
2025-04-10,76.0,78.6,74.2,77.0,3760.0
2025-04-11,76.6,78.2,76.6,78.2,1370.0
2025-04-14,76.6,78.6,76.2,78.2,4240.0
2025-04-15,79.0,80.0,77.8,80.0,3840.0
2025-04-16,80.8,80.8,78.8,79.6,7390.0
2025-04-17,79.6,80.0,78.6,78.6,1420.0
2025-04-22,78.6,79.6,77.8,78.6,3010.0
2025-04-23,78.6,78.6,78.2,78.6,920.0
2025-04-24,78.6,81.0,77.2,80.8,16970.0
2025-04-25,81.0,85.0,80.0,82.0,6040.0
2025-04-28,81.0,84.0,80.0,80.0,5020.0
2025-04-29,79.2,81.0,79.2,80.0,1670.0
2025-04-30,80.8,82.0,79.2,80.4,5130.0
2025-05-02,81.0,82.0,79.4,80.0,2220.0
2025-05-05,80.0,84.0,80.0,84.0,2040.0
2025-05-06,81.0,83.8,80.4,82.0,2380.0
2025-05-07,82.0,83.0,80.6,83.0,1240.0
2025-05-08,83.2,85.0,82.2,85.0,6680.0
2025-05-09,85.0,90.0,85.0,88.0,4570.0
2025-05-12,89.0,96.0,89.0,91.0,4370.0
2025-05-13,91.0,93.8,89.2,92.0,5340.0
2025-05-14,92.0,92.0,89.6,90.6,1790.0
2025-05-15,89.4,92.0,89.4,92.0,1860.0
2025-05-16,92.0,95.0,90.2,95.0,2750.0
2025-05-19,92.6,98.0,92.0,98.0,1740.0
2025-05-20,98.0,98.4,94.8,98.0,2720.0
2025-05-21,98.0,98.4,94.8,97.0,2330.0
2025-05-22,96.8,97.0,92.2,97.0,1310.0
2025-05-23,96.8,97.0,94.6,95.0,2260.0
2025-05-26,95.0,97.0,94.8,95.6,2880.0
2025-05-27,95.8,97.0,95.6,96.6,1870.0
2025-05-28,96.2,98.8,96.2,98.8,3780.0
2025-05-29,98.8,99.0,97.0,99.0,2700.0
2025-05-30,100.0,101.0,96.4,99.0,11020.0
2025-06-02,99.0,100.0,98.0,100.0,1380.0
2025-06-03,100.0,101.0,98.0,98.0,1440.0
2025-06-04,100.0,100.5,98.2,99.0,620.0
2025-06-05,99.2,100.5,98.8,99.0,1340.0
2025-06-06,99.0,99.0,97.0,98.0,3260.0
2025-06-09,98.4,98.4,94.0,97.0,3850.0
2025-06-10,97.0,98.2,94.2,94.8,2170.0
2025-06-11,95.0,99.2,94.8,99.2,5460.0
2025-06-12,99.4,101.0,96.8,101.0,2130.0
2025-06-13,100.0,101.0,97.6,98.8,1770.0
2025-06-16,98.4,103.0,98.0,103.0,3790.0
2025-06-17,102.0,104.0,99.6,103.0,4310.0
2025-06-18,101.0,105.5,101.0,103.0,4460.0
2025-06-20,105.0,105.5,102.0,105.5,5480.0
2025-06-23,105.5,110.5,104.0,110.5,4620.0
2025-06-24,111.0,119.0,109.0,116.0,10100.0
2025-06-25,117.5,119.0,116.0,116.5,2770.0
2025-06-26,118.0,118.0,116.0,116.5,1320.0
2025-06-27,116.5,117.0,112.0,116.0,5580.0
2025-06-30,116.0,118.0,113.5,114.5,8840.0
2025-07-01,115.0,115.0,110.0,111.5,2320.0
2025-07-02,111.5,114.0,110.0,111.5,3710.0
2025-07-03,112.0,112.0,105.0,105.5,4460.0
2025-07-04,105.5,110.0,105.5,109.5,1290.0
2025-07-07,109.5,114.0,109.5,113.0,3940.0
2025-07-08,113.0,116.0,111.5,115.5,2940.0
2025-07-09,113.0,119.0,111.5,113.0,3210.0
2025-07-10,113.0,119.0,110.0,116.0,2990.0
2025-07-11,115.0,116.0,110.0,116.0,1780.0
2025-07-14,116.0,116.0,109.5,112.0,2180.0
2025-07-15,112.5,112.5,104.5,107.0,3470.0
2025-07-16,108.5,111.0,108.0,111.0,1760.0
2025-07-17,111.0,112.0,109.5,109.5,1450.0
2025-07-18,109.0,111.0,107.5,110.0,490.0
2025-07-21,110.0,111.0,106.0,109.0,2070.0
2025-07-22,108.0,108.5,106.5,107.5,390.0
2025-07-23,107.0,112.5,106.0,112.5,7980.0
2025-07-24,112.5,115.0,112.0,115.0,18000.0
2025-07-25,115.0,115.5,113.0,115.0,1760.0
2025-07-28,115.0,115.5,113.0,115.0,940.0
2025-07-29,115.0,117.0,113.5,116.0,5050.0
2025-07-30,116.0,118.0,116.0,118.0,1330.0
2025-07-31,118.0,118.0,116.0,117.0,1170.0
2025-08-01,115.0,118.0,110.0,110.5,4720.0
2025-08-04,111.0,111.0,108.0,110.0,4660.0
2025-08-05,110.5,110.5,104.0,107.0,5500.0
2025-08-06,107.0,108.5,106.0,108.0,1170.0
2025-08-07,109.5,112.5,109.5,111.0,5750.0
2025-08-08,111.0,113.0,110.0,112.5,3810.0
2025-08-11,111.5,113.0,105.0,111.0,2050.0
2025-08-12,107.5,109.0,106.0,106.5,2890.0
2025-08-13,106.0,110.0,106.0,109.0,2980.0
2025-08-14,109.0,109.0,106.0,108.0,1770.0
2025-08-18,108.5,109.5,103.0,104.0,7470.0
2025-08-19,104.0,108.0,98.4,108.0,6520.0
2025-08-20,108.0,110.0,106.0,108.5,2060.0
2025-08-21,108.0,110.0,106.0,109.0,1470.0
2025-08-22,108.5,111.0,107.0,110.0,1070.0
2025-08-25,110.0,111.0,109.5,111.0,1490.0
2025-08-26,110.0,111.0,103.5,107.5,1110.0
2025-08-27,107.5,110.0,107.0,110.0,300.0
2025-08-28,108.0,109.5,106.0,108.5,760.0
2025-08-29,109.0,109.0,107.0,108.5,370.0
2025-09-01,107.0,108.5,105.0,105.5,2140.0
2025-09-02,105.5,108.5,105.0,107.0,550.0
2025-09-03,105.5,109.5,105.5,108.0,1080.0
2025-09-04,108.0,110.0,107.0,110.0,1150.0
2025-09-05,110.0,117.5,109.5,112.0,6860.0
2025-09-08,114.0,114.5,110.0,110.0,2540.0
2025-09-09,111.0,113.0,107.0,113.0,3440.0
2025-09-10,114.0,114.0,107.0,108.0,1780.0
2025-09-11,108.0,111.5,107.5,107.5,1710.0
2025-09-12,109.5,111.5,107.0,108.0,3260.0
2025-09-15,108.0,110.5,108.0,109.0,2480.0
2025-09-16,109.5,110.0,107.5,109.0,1140.0
2025-09-17,109.0,110.0,106.0,108.5,1950.0
2025-09-18,108.5,110.0,107.0,109.5,1350.0
2025-09-19,109.5,110.0,106.0,108.0,3180.0
2025-09-22,108.0,108.0,106.0,107.5,1240.0
2025-09-23,108.0,108.0,106.5,107.5,750.0
2025-09-24,107.0,107.0,103.0,106.0,4920.0
2025-09-25,106.0,106.5,103.0,103.0,3240.0
2025-09-26,104.5,104.5,100.0,102.0,2110.0
2025-09-29,102.5,103.0,99.0,100.0,4640.0
2025-09-30,100.0,101.5,96.2,98.0,3090.0
