Date,Open,High,Low,Close,Volume
2014-09-01,4.11,4.29,4.11,4.25,8520.0
2014-09-02,4.25,4.25,4.12,4.12,4690.0
2014-09-03,4.13,4.17,3.96,3.96,13410.0
2014-09-04,3.94,4.05,3.94,4.04,4750.0
2014-09-05,4.08,4.15,3.99,4.15,29250.0
2014-09-08,4.18,4.18,4.08,4.15,4770.0
2014-09-09,4.06,4.1,4.05,4.09,12120.0
2014-09-10,4.09,4.17,4.05,4.1,19980.0
2014-09-11,4.14,4.18,4.11,4.17,135630.0
2014-09-12,4.18,4.25,4.18,4.18,16780.0
2014-09-15,4.09,4.18,4.05,4.16,7040.0
2014-09-16,4.18,4.19,4.08,4.19,6330.0
2014-09-17,4.19,4.2,4.11,4.12,7830.0
2014-09-18,4.18,4.23,4.15,4.18,25810.0
2014-09-19,4.23,4.27,4.21,4.21,22050.0
2014-09-22,4.12,4.27,4.12,4.24,4070.0000000000005
2014-09-23,4.27,4.27,4.17,4.17,47900.0
2014-09-24,4.23,4.23,4.11,4.2,8770.0
2014-09-25,4.23,4.23,4.23,4.23,10.0
2014-09-26,4.23,4.23,4.15,4.2,1900.0
2014-09-29,4.2,4.2,4.14,4.14,5550.0
2014-09-30,4.14,4.2,4.11,4.14,8850.0
2014-10-01,4.19,4.19,4.0,4.02,4680.0
2014-10-02,4.02,4.11,4.02,4.05,5920.0
2014-10-03,4.05,4.08,4.05,4.05,8670.0
2014-10-06,4.05,4.08,4.05,4.05,2350.0
2014-10-07,4.06,4.09,4.05,4.05,7410.0
2014-10-08,4.05,4.09,4.05,4.09,1550.0
2014-10-09,4.09,4.09,4.05,4.05,1300.0
2014-10-10,4.06,4.06,4.03,4.03,38330.0
2014-10-13,4.05,4.06,4.02,4.02,3610.0
2014-10-14,4.01,4.05,4.01,4.05,6610.0
2014-10-15,4.05,4.08,4.05,4.08,1260.0
2014-10-16,4.08,4.08,4.02,4.02,260.0
2014-10-17,4.02,4.06,4.02,4.05,4000.0
2014-10-20,4.07,4.07,4.05,4.05,2420.0
2014-10-21,4.05,4.07,4.05,4.06,4500.0
2014-10-22,4.06,4.2,4.06,4.19,12350.0
2014-10-23,4.21,4.45,4.21,4.37,19720.0
2014-10-24,4.49,4.5,4.32,4.32,13270.0
2014-10-27,4.49,4.49,4.4,4.47,730.0
2014-10-28,4.47,4.49,4.4,4.4,8119.999999999999
2014-10-29,4.32,4.46,4.32,4.4,6010.0
2014-10-30,4.44,4.44,4.3,4.3,5980.0
2014-10-31,4.38,4.43,4.24,4.42,3890.0
2014-11-03,4.41,4.54,4.41,4.51,7500.0
2014-11-04,4.52,4.7,4.45,4.69,9370.0
2014-11-05,4.68,4.68,4.33,4.48,28010.0
2014-11-06,4.47,4.47,4.34,4.47,6770.0
2014-11-07,4.4,4.4,4.31,4.31,4150.0
2014-11-10,4.3,4.3,4.29,4.29,2150.0
2014-11-12,4.29,4.29,4.29,4.29,670.0
2014-11-13,4.3,4.3,4.16,4.18,5170.0
2014-11-14,4.22,4.22,4.07,4.07,5020.0
2014-11-17,4.07,4.07,4.05,4.05,6700.0
2014-11-18,4.05,4.13,4.05,4.08,4890.0
2014-11-19,4.14,4.2,4.1,4.2,5930.0
2014-11-20,4.3,4.3,4.25,4.25,10.0
2014-11-21,4.24,4.24,4.15,4.15,1260.0
2014-11-24,4.1,4.11,4.01,4.01,29540.0
2014-11-25,4.05,4.15,4.0,4.01,63620.0
2014-11-26,4.0,4.05,4.0,4.05,1560.0
2014-11-27,4.0,4.0,3.89,3.99,10400.0
2014-11-28,4.05,4.05,3.94,3.94,2160.0
2014-12-01,4.0,4.0,3.95,3.95,2830.0
2014-12-02,3.95,3.95,3.89,3.89,9530.0
2014-12-03,3.89,3.9,3.89,3.9,700.0
2014-12-04,3.9,3.9,3.8,3.8,57890.0
2014-12-05,3.84,3.85,3.72,3.72,9840.0
2014-12-08,3.72,3.84,3.72,3.84,12770.0
2014-12-09,3.84,3.9,3.75,3.89,520.0
2014-12-10,3.89,3.89,3.77,3.77,2020.0
2014-12-11,3.81,3.81,3.78,3.78,1000.0
2014-12-12,3.67,3.77,3.65,3.75,12540.0
2014-12-15,3.72,3.81,3.6,3.71,3200.0
2014-12-16,3.66,3.68,3.63,3.63,7290.0
2014-12-17,3.6,3.6,3.45,3.45,36940.0
2014-12-18,3.45,3.51,3.3,3.34,27180.0
2014-12-19,3.33,3.52,3.27,3.4,6540.0
2014-12-22,3.42,3.43,3.36,3.4,32100.0
2014-12-23,3.42,3.49,3.4,3.49,24430.0
2014-12-29,3.45,3.55,3.45,3.55,4400.0
2014-12-30,3.59,3.59,3.42,3.57,1270.0
2015-01-02,3.57,3.79,3.52,3.7,4630.0
2015-01-05,3.63,3.66,3.6,3.6,4990.0
2015-01-07,3.6,3.62,3.52,3.6,2430.0
2015-01-08,3.6,3.66,3.6,3.66,2770.0
2015-01-09,3.66,3.66,3.66,3.66,100.0
2015-01-12,3.73,3.82,3.68,3.7,5840.0
2015-01-13,3.69,3.69,3.68,3.68,300.0
2015-01-14,3.65,3.65,3.65,3.65,280.0
2015-01-15,3.64,3.81,3.62,3.62,4460.0
2015-01-16,3.64,3.64,3.64,3.64,530.0
2015-01-19,3.67,3.67,3.53,3.67,270.0
2015-01-20,3.72,3.72,3.72,3.72,10.0
2015-01-21,3.7,3.72,3.54,3.65,2110.0
2015-01-22,3.56,3.61,3.55,3.61,1540.0
2015-01-23,3.61,3.65,3.61,3.65,50.0
2015-01-26,3.55,3.55,3.53,3.53,5330.0
2015-01-27,3.53,3.53,3.53,3.53,540.0
2015-01-28,3.54,3.54,3.53,3.53,1120.0
2015-01-29,3.53,3.64,3.53,3.54,2440.0
2015-01-30,3.59,3.59,3.53,3.53,710.0
2015-02-02,3.53,3.6,3.53,3.6,3520.0
2015-02-03,3.65,3.65,3.64,3.64,1330.0
2015-02-04,3.65,3.83,3.65,3.83,7710.0
2015-02-05,3.85,3.85,3.8,3.84,860.0
2015-02-06,3.84,3.89,3.81,3.87,33750.0
2015-02-09,3.9,3.9,3.73,3.8,5380.0
2015-02-10,3.79,3.8,3.79,3.8,4730.0
2015-02-11,3.8,3.8,3.8,3.8,100.0
2015-02-12,3.8,3.9,3.77,3.89,4350.0
2015-02-13,3.9,3.9,3.83,3.9,11040.0
2015-02-16,3.94,3.94,3.94,3.94,10.0
2015-02-17,3.9,3.91,3.82,3.91,36960.0
2015-02-18,3.92,3.92,3.9,3.9,2970.0
2015-02-19,3.94,3.94,3.9,3.9,2009.9999999999998
2015-02-20,3.9,3.99,3.9,3.95,7890.0
2015-02-23,3.99,4.15,3.93,4.05,40790.0
2015-02-24,4.15,4.15,4.0,4.1,6480.0
2015-02-25,4.06,4.06,4.0,4.0,4190.0
2015-02-26,4.0,4.13,4.0,4.13,5090.0
2015-02-27,4.12,4.12,4.11,4.11,150.0
2015-03-02,3.97,4.12,3.97,4.12,1060.0
2015-03-03,4.1,4.1,3.98,3.98,6130.0
2015-03-04,4.02,4.08,4.02,4.08,6000.0
2015-03-05,4.08,4.08,4.08,4.08,0.0
2015-03-06,4.06,4.09,4.06,4.09,4280.0
2015-03-09,4.06,4.09,4.06,4.06,6980.0
2015-03-10,4.07,4.1,4.02,4.08,14130.0
2015-03-11,4.09,4.09,4.01,4.01,11050.0
2015-03-12,4.07,4.09,4.01,4.01,3470.0
2015-03-13,4.02,4.02,4.01,4.01,1100.0
2015-03-16,4.01,4.02,4.01,4.02,1310.0
2015-03-17,4.05,4.05,4.05,4.05,10.0
2015-03-18,4.03,4.03,4.02,4.02,140.0
2015-03-19,4.02,4.02,3.93,4.02,2810.0
2015-03-20,3.96,4.04,3.7,3.9,15830.0
2015-03-23,3.85,3.85,3.72,3.78,4300.0
2015-03-24,3.77,3.97,3.67,3.69,10020.0
2015-03-25,3.7,3.88,3.62,3.62,7200.0
2015-03-26,3.73,3.75,3.7,3.7,3480.0
2015-03-27,3.7,3.73,3.7,3.73,700.0
2015-03-30,3.73,3.73,3.71,3.72,4760.0
2015-03-31,3.72,3.72,3.61,3.61,6160.0
2015-04-01,3.63,3.75,3.63,3.73,7740.0
2015-04-02,3.76,3.76,3.73,3.73,2020.0
2015-04-07,3.73,3.73,3.68,3.7,3680.0
2015-04-08,3.69,3.73,3.69,3.73,900.0
2015-04-09,3.7,3.73,3.66,3.73,1380.0
2015-04-10,3.73,3.73,3.69,3.69,10510.0
2015-04-13,3.69,3.7,3.69,3.7,470.0
2015-04-14,3.73,3.73,3.73,3.73,140.0
2015-04-15,3.73,3.73,3.68,3.73,1730.0
2015-04-16,3.73,3.73,3.65,3.65,1000.0
2015-04-17,3.67,3.67,3.67,3.67,570.0
2015-04-20,3.73,3.73,3.73,3.73,0.0
2015-04-21,3.73,3.73,3.73,3.73,570.0
2015-04-22,3.73,3.73,3.67,3.7,150.0
2015-04-23,3.73,3.73,3.7,3.73,4900.0
2015-04-24,3.73,3.73,3.67,3.68,6000.0
2015-04-27,3.69,3.85,3.69,3.85,4930.0
2015-04-28,3.85,3.85,3.74,3.79,6590.0
2015-04-29,3.84,3.84,3.79,3.79,650.0
2015-04-30,3.73,3.84,3.72,3.72,5310.0
2015-05-04,3.72,3.74,3.72,3.74,300.0
2015-05-05,3.75,3.75,3.74,3.74,10.0
2015-05-06,3.82,3.83,3.71,3.71,2470.0
2015-05-07,3.71,3.71,3.62,3.62,1270.0
2015-05-08,3.63,3.8,3.63,3.8,7820.0
2015-05-11,3.8,3.84,3.73,3.74,3910.0
2015-05-12,3.74,3.83,3.73,3.83,2050.0
2015-05-13,3.83,3.84,3.63,3.73,5350.0
2015-05-14,3.69,3.7,3.6,3.6,1230.0
2015-05-15,3.62,3.64,3.57,3.57,8320.0
2015-05-18,3.58,3.74,3.28,3.74,13780.0
2015-05-19,3.72,3.72,3.72,3.72,100.0
2015-05-20,3.62,3.62,3.61,3.61,1090.0
2015-05-21,3.61,3.61,3.61,3.61,1020.0
2015-05-22,3.7,3.72,3.62,3.72,12400.0
2015-05-25,3.71,3.71,3.71,3.71,1000.0
2015-05-26,3.65,3.7,3.6,3.7,5410.0
2015-05-27,3.7,3.7,3.7,3.7,610.0
2015-05-28,3.71,3.71,3.71,3.71,0.0
2015-05-29,3.71,3.71,3.71,3.71,0.0
2015-06-01,3.7,3.7,3.61,3.61,720.0
2015-06-02,3.77,3.77,3.58,3.59,4610.0
2015-06-03,3.59,3.59,3.55,3.55,2110.0
2015-06-05,3.59,3.7,3.55,3.55,13340.0
2015-06-08,3.59,3.59,3.55,3.55,620.0
2015-06-10,3.6,3.7,3.6,3.7,5800.0
2015-06-12,3.67,3.67,3.51,3.51,950.0
2015-06-17,3.67,3.67,3.4,3.4,5770.0
2015-06-18,3.4,3.4,3.35,3.35,50.0
2015-06-19,3.41,3.41,3.41,3.41,1320.0
2015-06-23,3.41,3.41,3.41,3.41,90.0
2015-06-24,3.4,3.4,3.35,3.36,1160.0
2015-06-26,3.39,3.39,3.36,3.36,310.0
2015-06-29,3.36,3.41,3.3,3.36,7280.0
2015-06-30,3.35,3.36,3.33,3.33,3380.0
2015-07-01,3.3,3.3,3.3,3.3,1180.0
2015-07-02,3.4,3.4,3.4,3.4,3690.0
2015-07-03,3.4,3.4,3.39,3.39,2950.0
2015-07-06,3.39,3.39,3.39,3.39,10.0
2015-07-07,3.38,3.38,3.32,3.33,2070.0
2015-07-08,3.33,3.46,3.33,3.45,8000.0
2015-07-09,3.45,3.69,3.45,3.68,5880.0
2015-07-10,3.56,3.68,3.56,3.65,4750.0
2015-07-13,3.63,3.9,3.63,3.89,3660.0
2015-07-14,3.79,3.79,3.68,3.75,1220.0
2015-07-15,3.77,3.78,3.7,3.75,10950.0
2015-07-16,3.78,3.98,3.75,3.98,13000.0
2015-07-17,3.98,3.98,3.87,3.98,920.0
2015-07-20,3.98,4.15,3.98,4.15,19550.0
2015-07-21,4.14,4.14,3.91,4.0,19230.0
2015-07-22,3.96,3.96,3.94,3.94,1330.0
2015-07-23,3.93,3.93,3.93,3.93,970.0
2015-07-24,3.98,3.98,3.92,3.92,800.0
2015-07-27,4.0,4.0,3.99,3.99,190.0
2015-07-28,3.9,3.99,3.9,3.9,930.0
2015-07-29,3.95,3.95,3.86,3.86,1000.0
2015-07-30,3.95,3.95,3.95,3.95,20.0
2015-07-31,3.95,4.04,3.95,4.04,4090.0
2015-08-03,4.0,4.04,4.0,4.0,800.0
2015-08-04,4.04,4.04,4.04,4.04,0.0
2015-08-05,4.04,4.04,4.04,4.04,3370.0
2015-08-06,3.92,4.0,3.91,4.0,1190.0
2015-08-07,4.0,4.0,4.0,4.0,0.0
2015-08-10,4.0,4.04,4.0,4.0,1380.0
2015-08-11,4.04,4.04,3.92,4.04,8200.0
2015-08-12,4.04,4.04,3.72,3.91,12270.0
2015-08-13,3.85,3.85,3.73,3.8,12620.0
2015-08-14,3.77,3.77,3.73,3.73,1760.0
2015-08-17,3.85,3.85,3.7,3.7,9350.0
2015-08-18,3.69,3.7,3.62,3.69,6480.0
2015-08-19,3.71,3.72,3.7,3.71,2120.0
2015-08-20,3.68,3.72,3.68,3.72,1320.0
2015-08-21,3.72,3.72,3.7,3.7,7200.0
2015-08-24,3.69,3.7,3.4,3.4,17820.0
2015-08-25,3.5,3.76,3.4,3.65,6370.0
2015-08-26,3.52,3.68,3.52,3.68,12510.0
2015-08-27,3.64,3.64,3.59,3.59,2000.0
2015-08-28,3.6,3.61,3.55,3.55,3750.0
2015-08-31,3.5,3.5,3.5,3.5,640.0
2015-09-01,3.52,3.52,3.52,3.52,100.0
2015-09-02,3.61,3.61,3.61,3.61,10.0
2015-09-03,3.46,3.55,3.46,3.48,3610.0
2015-09-04,3.46,3.46,3.4,3.45,49890.0
2015-09-07,3.55,3.55,3.55,3.55,20.0
2015-09-08,3.53,3.53,3.4,3.4,2510.0
2015-09-09,3.4,3.4,3.34,3.34,17150.0
2015-09-10,3.44,3.44,3.32,3.35,5690.0
2015-09-11,3.31,3.33,3.31,3.31,4980.0
2015-09-14,3.33,3.33,3.29,3.32,8600.0
2015-09-15,3.35,3.35,3.35,3.35,100.0
2015-09-16,3.39,3.4,3.31,3.31,1160.0
2015-09-17,3.31,3.41,3.31,3.4,2210.0
2015-09-18,3.45,3.45,3.4,3.42,6370.0
2015-09-21,3.44,3.44,3.4,3.4,510.0
2015-09-22,3.45,3.45,3.4,3.4,770.0
2015-09-23,3.48,3.48,3.4,3.4,2670.0
2015-09-24,3.47,3.47,3.31,3.31,5290.0
2015-09-25,3.4,3.4,3.4,3.4,3010.0
2015-09-28,3.31,3.4,3.31,3.4,1390.0
2015-09-29,3.4,3.41,3.32,3.4,720.0
2015-09-30,3.4,3.4,3.4,3.4,3870.0
2015-10-01,3.3,3.3,3.11,3.3,28570.0
2015-10-02,3.3,3.3,3.25,3.25,570.0
2015-10-05,3.25,3.39,3.15,3.39,17630.0
2015-10-06,3.4,3.4,3.4,3.4,10.0
2015-10-07,3.4,3.45,3.4,3.42,3280.0
2015-10-08,3.49,3.49,3.4,3.4,160.0
2015-10-09,3.48,3.48,3.33,3.4,5030.0
2015-10-12,3.3,3.49,3.3,3.46,9670.0
2015-10-13,3.45,3.45,3.36,3.36,2300.0
2015-10-14,3.45,3.45,3.34,3.34,340.0
2015-10-15,3.45,3.45,3.4,3.45,3930.0
2015-10-16,3.48,3.5,3.48,3.5,1110.0
2015-10-19,3.5,3.7,3.5,3.7,11720.0
2015-10-20,3.69,3.81,3.65,3.65,16370.000000000002
2015-10-21,3.65,3.71,3.65,3.71,2590.0
2015-10-22,3.7,3.7,3.56,3.7,750.0
2015-10-23,3.7,3.77,3.65,3.74,9100.0
2015-10-26,3.77,3.77,3.76,3.76,110.0
2015-10-27,3.77,3.77,3.77,3.77,30.0
2015-10-28,3.7,3.7,3.62,3.63,2880.0
2015-10-29,3.74,3.74,3.53,3.53,2690.0
2015-10-30,3.53,3.53,3.51,3.51,460.0
2015-11-02,3.51,3.51,3.41,3.41,2220.0
2015-11-03,3.42,3.42,3.4,3.42,1400.0
2015-11-04,3.42,3.42,3.42,3.42,610.0
2015-11-05,3.42,3.42,3.35,3.35,2290.0
2015-11-06,3.4,3.4,3.4,3.4,10.0
2015-11-09,3.29,3.4,3.29,3.4,260.0
2015-11-10,3.4,3.41,3.4,3.41,1520.0
2015-11-12,3.4,3.4,3.4,3.4,2370.0
2015-11-13,3.4,3.4,3.26,3.26,2610.0
2015-11-16,3.35,3.35,3.3,3.3,540.0
2015-11-17,3.35,3.35,3.25,3.3,5490.0
2015-11-18,3.3,3.3,3.2,3.2,4980.0
2015-11-19,3.2,3.25,3.2,3.25,1500.0
2015-11-20,3.25,3.25,3.25,3.25,3000.0
2015-11-23,3.24,3.24,3.0,3.09,10300.0
2015-11-24,3.1,3.14,3.1,3.14,660.0
2015-11-25,3.14,3.14,3.0,3.0,3230.0
2015-11-26,3.0,3.04,3.0,3.04,3540.0
2015-11-27,3.05,3.09,3.05,3.05,2990.0
2015-11-30,3.05,3.16,3.05,3.16,6610.0
2015-12-01,3.16,3.16,3.16,3.16,330.0
2015-12-02,3.18,3.18,3.1,3.1,770.0
2015-12-03,3.1,3.15,3.1,3.15,760.0
2015-12-04,3.19,3.19,3.11,3.11,610.0
2015-12-07,3.11,3.11,3.1,3.1,80.0
2015-12-08,3.18,3.18,3.09,3.1,1040.0
2015-12-09,3.16,3.16,3.05,3.05,74220.0
2015-12-10,3.05,3.05,3.05,3.05,2420.0
2015-12-11,3.05,3.1,3.05,3.1,1260.0
2015-12-14,3.11,3.11,3.02,3.05,66230.0
2015-12-15,3.1,3.1,3.0,3.05,5970.0
2015-12-16,3.05,3.1,3.05,3.06,1450.0
2015-12-17,3.06,3.09,3.05,3.05,6070.0
2015-12-18,3.08,3.08,3.06,3.08,1590.0
2015-12-21,3.09,3.09,3.05,3.09,1130.0
2015-12-22,3.09,3.2,3.06,3.2,11810.0
2015-12-23,3.16,3.25,3.16,3.25,4470.0
2015-12-28,3.26,3.29,3.15,3.15,18530.0
2015-12-29,3.16,3.24,3.15,3.15,11510.0
2015-12-30,3.2,3.24,3.16,3.24,970.0
2016-01-04,3.25,3.25,3.2,3.2,5440.0
2016-01-05,3.25,3.25,3.25,3.25,0.0
2016-01-07,3.15,3.21,3.08,3.1,14650.0
2016-01-08,3.07,3.07,3.06,3.06,900.0
2016-01-11,3.05,3.05,3.05,3.05,0.0
2016-01-12,3.06,3.18,3.06,3.18,12090.0
2016-01-13,3.18,3.32,3.18,3.32,28540.0
2016-01-14,3.4,3.4,3.2,3.2,5200.0
2016-01-15,3.1,3.1,3.1,3.1,310.0
2016-01-18,3.19,3.2,3.05,3.05,4610.0
2016-01-19,3.18,3.18,3.05,3.05,62580.0
2016-01-20,3.05,3.09,3.05,3.09,12600.0
2016-01-21,3.05,3.05,3.05,3.05,2400.0
2016-01-22,3.05,3.09,3.05,3.09,900.0
2016-01-25,3.05,3.05,3.05,3.05,500.0
2016-01-26,3.05,3.09,3.05,3.05,1700.0
2016-01-27,3.06,3.06,3.06,3.06,400.0
2016-01-28,3.06,3.06,3.06,3.06,0.0
2016-01-29,3.06,3.15,3.06,3.15,6430.0
2016-02-01,3.18,3.24,3.18,3.24,8390.0
2016-02-02,3.24,3.39,3.19,3.39,10660.0
2016-02-03,3.4,3.4,3.28,3.34,17150.0
2016-02-04,3.3,3.3,3.22,3.22,1390.0
2016-02-05,3.34,3.34,3.2,3.22,4630.0
2016-02-09,3.2,3.2,3.11,3.11,700.0
2016-02-10,3.25,3.25,3.25,3.25,0.0
2016-02-11,3.11,3.11,3.11,3.11,130.0
2016-02-12,3.23,3.23,3.23,3.23,400.0
2016-02-15,3.27,3.27,3.15,3.15,2680.0
2016-02-16,3.17,3.19,3.17,3.19,1880.0
2016-02-17,3.19,3.19,3.19,3.19,1280.0
2016-02-18,3.19,3.19,3.19,3.19,300.0
2016-02-19,3.19,3.19,3.19,3.19,730.0
2016-02-22,3.2,3.26,3.2,3.2,4340.0
2016-02-23,3.2,3.2,3.16,3.16,1510.0
2016-02-24,3.18,3.18,3.06,3.06,3120.0
2016-02-25,3.17,3.17,3.15,3.17,510.0
2016-02-26,3.17,3.17,3.06,3.06,2760.0
2016-02-29,3.07,3.07,3.05,3.05,9530.0
2016-03-01,3.13,3.13,3.05,3.05,4920.0
2016-03-02,3.05,3.05,3.05,3.05,3020.0
2016-03-03,3.13,3.14,3.13,3.14,400.0
2016-03-04,3.1,3.13,3.1,3.1,530.0
2016-03-07,3.14,3.15,3.11,3.14,3570.0
2016-03-08,3.2,3.2,3.2,3.2,10.0
2016-03-09,3.19,3.19,3.19,3.19,20.0
2016-03-10,3.19,3.19,3.14,3.14,750.0
2016-03-11,3.19,3.19,3.19,3.19,10.0
2016-03-14,3.19,3.26,3.12,3.26,13940.0
2016-03-15,3.25,3.41,3.25,3.33,21090.0
2016-03-16,3.39,3.39,3.32,3.39,1100.0
2016-03-17,3.39,3.39,3.3,3.39,3600.0
2016-03-18,3.39,3.39,3.39,3.39,1170.0
2016-03-21,3.5,3.76,3.5,3.51,26340.0
2016-03-22,3.53,3.53,3.35,3.5,5820.0
2016-03-23,3.5,3.55,3.4,3.49,12070.0
2016-03-24,3.5,3.5,3.4,3.49,5230.0
2016-03-29,3.43,3.43,3.35,3.41,7890.0
2016-03-30,3.41,3.41,3.36,3.41,6850.0
2016-03-31,3.4,3.51,3.37,3.51,12870.0
2016-04-01,3.51,3.51,3.39,3.5,6610.0
2016-04-04,3.5,3.54,3.49,3.54,6020.0
2016-04-05,3.53,3.53,3.47,3.49,3970.0
2016-04-06,3.53,3.53,3.53,3.53,0.0
2016-04-07,3.53,3.7,3.49,3.55,31080.0
2016-04-08,3.55,3.65,3.55,3.65,2620.0
2016-04-11,3.64,3.64,3.6,3.6,150.0
2016-04-12,3.64,3.64,3.62,3.63,14200.0
2016-04-13,3.64,3.67,3.53,3.67,9330.0
2016-04-14,3.69,3.69,3.64,3.69,10370.0
2016-04-15,3.69,3.71,3.69,3.7,9410.0
2016-04-18,3.7,3.7,3.55,3.6,5420.0
2016-04-19,3.65,3.65,3.52,3.58,10960.0
2016-04-20,3.58,3.62,3.52,3.62,370.0
2016-04-21,3.59,3.59,3.52,3.52,450.0
2016-04-22,3.54,3.69,3.54,3.69,10070.0
2016-04-25,3.68,3.68,3.6,3.6,6150.0
2016-04-26,3.6,3.6,3.54,3.6,1920.0
2016-04-27,3.69,3.71,3.6,3.71,11240.0
2016-04-28,3.71,3.89,3.64,3.89,24640.0
2016-04-29,3.89,3.92,3.74,3.88,17260.0
2016-05-02,3.97,3.97,3.89,3.9,1200.0
2016-05-04,3.89,3.89,3.72,3.84,13090.0
2016-05-05,3.83,3.83,3.72,3.72,500.0
2016-05-06,3.83,3.83,3.71,3.83,2900.0
2016-05-09,3.81,3.81,3.81,3.81,0.0
2016-05-10,3.86,3.86,3.86,3.86,0.0
2016-05-11,3.8,3.8,3.7,3.8,1750.0
2016-05-12,3.8,3.8,3.7,3.7,550.0
2016-05-13,3.8,3.8,3.7,3.7,100.0
2016-05-16,3.7,3.7,3.52,3.57,109650.0
2016-05-17,3.57,3.57,3.41,3.45,33250.0
2016-05-18,3.47,3.47,3.47,3.47,4950.0
2016-05-19,3.52,3.52,3.35,3.5,6080.0
2016-05-24,3.49,3.49,3.49,3.49,110.0
2016-05-25,3.47,3.47,3.35,3.35,780.0
2016-05-27,3.49,3.49,3.45,3.45,700.0
2016-05-30,3.41,3.41,3.31,3.31,1050.0
2016-05-31,3.41,3.41,3.31,3.31,6640.0
2016-06-01,3.49,3.49,3.35,3.45,240.0
2016-06-02,3.45,3.45,3.31,3.31,4290.0
2016-06-03,3.31,3.44,3.31,3.44,1970.0
2016-06-06,3.48,3.48,3.48,3.48,10.0
2016-06-07,3.48,3.48,3.31,3.31,7330.0
2016-06-08,3.31,3.31,3.31,3.31,960.0
2016-06-09,3.31,3.32,3.31,3.31,11400.0
2016-06-10,3.31,3.31,3.31,3.31,1410.0
2016-06-13,3.27,3.3,3.27,3.3,8189.999999999999
2016-06-14,3.3,3.47,3.3,3.32,4980.0
2016-06-15,3.4,3.4,3.4,3.4,0.0
2016-06-16,3.43,3.43,3.3,3.3,18650.0
2016-06-17,3.3,3.3,3.3,3.3,1000.0
2016-06-20,3.32,3.32,3.3,3.3,73600.0
2016-06-21,3.4,3.4,3.25,3.3,25000.0
2016-06-22,3.4,3.4,3.3,3.3,31820.0
2016-06-23,3.4,3.4,3.4,3.4,60.0
2016-06-24,3.26,3.3,3.15,3.15,882240.0
2016-06-27,3.2,3.2,3.2,3.2,0.0
2016-06-28,3.2,3.22,3.2,3.22,80.0
2016-06-30,3.42,3.42,3.12,3.13,7760.0
2016-07-01,3.12,3.12,3.12,3.12,0.0
2016-07-04,3.23,3.28,3.23,3.28,50.0
2016-07-05,3.35,3.35,3.35,3.35,280.0
2016-07-06,3.4,3.4,3.3,3.3,1000.0
2016-07-07,3.4,3.4,3.4,3.4,0.0
2016-07-08,3.4,3.4,3.3,3.3,2310.0
2016-07-11,3.4,3.4,3.4,3.4,0.0
2016-07-12,3.4,3.4,3.4,3.4,0.0
2016-07-13,3.4,3.4,3.4,3.4,0.0
2016-07-14,3.21,3.21,3.21,3.21,340.0
2016-07-15,3.21,3.21,3.21,3.21,0.0
2016-07-18,3.21,3.21,3.21,3.21,0.0
2016-07-19,3.22,3.22,3.22,3.22,270.0
2016-07-20,3.4,3.4,3.4,3.4,0.0
2016-07-21,3.39,3.39,3.22,3.34,800.0
2016-07-22,3.38,3.38,3.38,3.38,0.0
2016-07-25,3.4,3.4,3.4,3.4,4059.9999999999995
2016-07-26,3.39,3.59,3.34,3.59,9300.0
2016-07-27,3.59,3.59,3.59,3.59,0.0
2016-07-28,3.59,3.59,3.59,3.59,0.0
2016-07-29,3.59,3.59,3.59,3.59,0.0
2016-08-01,3.45,3.57,3.45,3.57,1250.0
2016-08-02,3.55,3.55,3.55,3.55,0.0
2016-08-03,3.54,3.54,3.54,3.54,260.0
2016-08-04,3.54,3.54,3.43,3.43,280.0
2016-08-05,3.49,3.49,3.42,3.42,2700.0
2016-08-08,3.49,3.49,3.4,3.4,990.0
2016-08-09,3.35,3.49,3.35,3.49,750.0
2016-08-10,3.53,3.53,3.38,3.38,1720.0
2016-08-11,3.37,3.37,3.37,3.37,160.0
2016-08-12,3.37,3.37,3.37,3.37,100.0
2016-08-16,3.37,3.37,3.37,3.37,0.0
2016-08-17,3.37,3.37,3.3,3.3,2800.0
2016-08-18,3.5,3.5,3.5,3.5,0.0
2016-08-19,3.49,3.49,3.49,3.49,0.0
2016-08-22,3.49,3.49,3.49,3.49,0.0
2016-08-23,3.39,3.39,3.22,3.22,500.0
2016-08-24,3.3,3.3,3.3,3.3,0.0
2016-08-25,3.22,3.24,3.15,3.15,3070.0
2016-08-26,3.29,3.29,3.29,3.29,0.0
2016-08-29,3.28,3.28,3.2,3.2,780.0
2016-08-30,3.33,3.33,3.16,3.17,1490.0
2016-08-31,3.24,3.24,3.17,3.18,21820.0
2016-09-01,3.18,3.18,3.05,3.05,27310.0
2016-09-02,3.06,3.1,3.06,3.07,3260.0
2016-09-05,3.07,3.07,3.07,3.07,1000.0
2016-09-06,3.07,3.07,3.05,3.05,3250.0
2016-09-07,3.05,3.05,3.02,3.02,1710.0
2016-09-08,3.04,3.04,3.0,3.0,3240.0
2016-09-09,2.97,2.97,2.97,2.97,540.0
2016-09-13,2.95,2.95,2.88,2.88,7960.0
2016-09-14,2.88,2.88,2.88,2.88,1070.0
2016-09-15,2.77,2.77,2.68,2.7,8760.0
2016-09-16,2.74,2.74,2.74,2.74,630.0
2016-09-19,2.74,2.74,2.73,2.74,1460.0
2016-09-20,2.74,2.74,2.74,2.74,200.0
2016-09-21,2.75,2.94,2.75,2.94,14060.0
2016-09-22,2.96,2.96,2.91,2.91,1000.0
2016-09-23,2.96,2.97,2.96,2.97,770.0
2016-09-26,2.97,2.97,2.83,2.83,4080.0
2016-09-27,2.9,3.15,2.9,3.1,19270.0
2016-09-28,3.17,3.17,3.06,3.06,10010.0
2016-09-29,3.16,3.16,3.15,3.16,350.0
2016-09-30,3.16,3.19,3.16,3.19,13000.0
2016-10-03,3.23,3.23,3.2,3.23,700.0
2016-10-04,3.2,3.2,3.15,3.2,2270.0
2016-10-05,3.33,3.33,3.2,3.33,5590.0
2016-10-06,3.24,3.3,3.24,3.29,1500.0
2016-10-07,3.3,3.33,3.3,3.33,1570.0
2016-10-10,3.29,3.29,3.21,3.21,2680.0
2016-10-11,3.29,3.29,3.16,3.16,2060.0
2016-10-12,3.11,3.14,3.1,3.14,1530.0
2016-10-13,3.19,3.19,3.19,3.19,20.0
2016-10-14,3.17,3.17,3.08,3.14,1010.0
2016-10-17,3.1,3.1,3.1,3.1,1200.0
2016-10-18,3.17,3.17,3.17,3.17,20.0
2016-10-19,3.19,3.2,3.19,3.2,810.0
2016-10-20,3.2,3.2,3.2,3.2,20.0
2016-10-21,3.2,3.2,3.2,3.2,20.0
2016-10-24,3.17,3.17,3.07,3.07,190730.0
2016-10-25,3.07,3.07,3.05,3.05,660.0
2016-10-26,3.05,3.08,3.05,3.08,11130.0
2016-10-27,3.1,3.1,3.09,3.1,9020.0
2016-10-28,3.11,3.41,3.1,3.41,89770.0
2016-10-31,3.41,3.41,3.35,3.41,31410.0
2016-11-02,3.41,3.41,3.33,3.33,570.0
2016-11-03,3.39,3.39,3.39,3.39,20.0
2016-11-04,3.37,3.37,3.32,3.32,2670.0
2016-11-07,3.32,3.32,3.32,3.32,0.0
2016-11-08,3.25,3.3,3.25,3.3,970.0
2016-11-09,3.25,3.25,3.21,3.21,4059.9999999999995
2016-11-10,3.21,3.25,3.21,3.24,570.0
2016-11-14,3.2,3.22,3.2,3.2,2570.0
2016-11-15,3.15,3.2,3.15,3.18,8900.0
2016-11-16,3.25,3.25,3.25,3.25,5100.0
2016-11-17,3.35,3.35,3.22,3.32,7710.0
2016-11-18,3.36,3.36,3.11,3.24,7110.0
2016-11-21,3.25,3.41,3.25,3.36,18000.0
2016-11-22,3.36,3.36,3.35,3.35,290.0
2016-11-23,3.36,3.4,3.35,3.4,6100.0
2016-11-24,3.4,3.4,3.3,3.3,830.0
2016-11-25,3.39,3.39,3.39,3.39,0.0
2016-11-28,3.4,3.4,3.36,3.36,170.0
2016-11-29,3.39,3.39,3.39,3.39,20.0
2016-11-30,3.39,3.39,3.39,3.39,10.0
2016-12-01,3.3,3.35,3.3,3.35,40.0
2016-12-02,3.25,3.25,3.25,3.25,1000.0
2016-12-05,3.25,3.29,3.25,3.29,640.0
2016-12-06,3.29,3.38,3.28,3.38,1820.0
2016-12-07,3.37,3.37,3.37,3.37,20.0
2016-12-08,3.37,3.37,3.28,3.3,480.0
2016-12-09,3.38,3.38,3.28,3.28,1310.0
2016-12-12,3.35,3.35,3.28,3.28,3570.0
2016-12-13,3.35,3.35,3.35,3.35,10.0
2016-12-14,3.37,3.37,3.2,3.2,900.0
2016-12-15,3.2,3.3,3.2,3.3,870.0
2016-12-16,3.28,3.28,3.28,3.28,50.0
2016-12-19,3.28,3.28,3.18,3.28,350.0
2016-12-20,3.19,3.19,2.92,3.06,17150.0
2016-12-21,3.12,3.12,3.04,3.09,6010.0
2016-12-22,3.02,3.12,3.02,3.12,3220.0
2016-12-23,3.15,3.15,3.05,3.05,10.0
2016-12-27,3.07,3.07,3.03,3.05,3800.0
2016-12-28,3.05,3.07,2.92,2.97,10200.0
2016-12-29,3.08,3.08,2.9,3.08,4620.0
2016-12-30,3.08,3.08,2.97,3.07,5720.0
2017-01-02,3.17,3.17,3.04,3.04,1260.0
2017-01-03,2.9,3.04,2.9,3.04,70.0
2017-01-04,3.15,3.15,3.04,3.04,1000.0
2017-01-05,3.0,3.0,3.0,3.0,400.0
2017-01-09,3.04,3.05,3.0,3.04,6090.0
2017-01-10,3.09,3.13,3.09,3.12,7740.0
2017-01-11,3.11,3.14,3.11,3.14,20.0
2017-01-12,3.15,3.15,3.05,3.14,590.0
2017-01-13,3.14,3.14,3.03,3.12,2540.0
2017-01-16,3.03,3.12,3.03,3.12,900.0
2017-01-17,3.12,3.12,3.12,3.12,500.0
2017-01-18,3.12,3.12,3.12,3.12,920.0
2017-01-19,3.12,3.12,3.05,3.05,820.0
2017-01-20,3.1,3.12,3.1,3.12,750.0
2017-01-23,3.12,3.12,3.01,3.01,940.0
2017-01-24,3.03,3.1,3.03,3.1,380.0
2017-01-25,3.11,3.11,3.08,3.1,1550.0
2017-01-26,3.12,3.12,3.05,3.05,1630.0
2017-01-27,3.06,3.08,3.06,3.06,1480.0
2017-01-30,3.05,3.05,3.02,3.03,3270.0
2017-01-31,3.03,3.1,3.0,3.1,2490.0
2017-02-01,3.08,3.08,3.01,3.01,2150.0
2017-02-02,3.08,3.08,3.08,3.08,420.0
2017-02-03,3.08,3.08,3.08,3.08,0.0
2017-02-06,3.0,3.07,3.0,3.07,880.0
2017-02-07,3.05,3.05,3.0,3.0,670.0
2017-02-08,3.05,3.05,3.0,3.0,150.0
2017-02-09,3.0,3.04,3.0,3.04,1110.0
2017-02-10,3.05,3.05,3.05,3.05,110.0
2017-02-13,3.04,3.04,2.98,3.04,3410.0
2017-02-14,2.98,3.04,2.98,3.04,2020.0
2017-02-15,3.01,3.04,3.0,3.0,1450.0
2017-02-16,3.04,3.04,3.04,3.04,0.0
2017-02-17,3.0,3.04,3.0,3.0,230.0
2017-02-20,3.04,3.04,3.0,3.03,3200.0
2017-02-21,3.04,3.04,2.99,3.03,2200.0
2017-02-22,3.04,3.13,3.02,3.09,14450.0
2017-02-23,3.1,3.1,3.04,3.1,3350.0
2017-02-24,3.1,3.1,3.03,3.09,2090.0
2017-02-27,3.09,3.09,3.01,3.01,760.0
2017-02-28,3.08,3.1,3.08,3.1,2500.0
2017-03-01,3.1,3.1,3.05,3.09,2800.0
2017-03-02,3.09,3.39,3.09,3.25,33560.0
2017-03-03,3.24,3.24,3.15,3.24,105720.0
2017-03-06,3.18,3.49,3.18,3.3,36970.0
2017-03-07,3.31,3.52,3.31,3.47,21530.0
2017-03-08,3.47,3.47,3.3,3.39,4340.0
2017-03-09,3.39,3.39,3.3,3.37,6350.0
2017-03-10,3.37,3.37,3.24,3.33,4600.0
2017-03-13,3.37,3.37,3.3,3.3,900.0
2017-03-14,3.24,3.29,3.2,3.29,9490.0
2017-03-15,3.3,3.33,3.3,3.3,4950.0
2017-03-16,3.32,3.32,3.25,3.31,2100.0
2017-03-17,3.31,3.4,3.31,3.31,460.0
2017-03-20,3.31,3.31,3.2,3.25,9280.0
2017-03-21,3.19,3.2,3.15,3.2,2740.0
2017-03-22,3.19,3.19,3.07,3.17,3610.0
2017-03-23,3.17,3.17,3.05,3.14,3340.0
2017-03-24,3.08,3.17,3.02,3.14,16059.999999999998
2017-03-27,3.1,3.1,3.05,3.05,5710.0
2017-03-28,3.05,3.05,3.03,3.03,1770.0
2017-03-29,3.08,3.17,3.08,3.17,2510.0
2017-03-30,3.13,3.13,3.12,3.12,600.0
2017-03-31,3.14,3.14,3.1,3.14,1620.0
2017-04-03,3.14,3.17,3.14,3.17,3960.0
2017-04-04,3.18,3.18,3.18,3.18,1000.0
2017-04-05,3.16,3.19,3.16,3.19,250.0
2017-04-06,3.19,3.19,3.15,3.19,640.0
2017-04-07,3.13,3.13,3.13,3.13,3200.0
2017-04-10,3.17,3.19,3.17,3.19,5300.0
2017-04-11,3.22,3.22,3.22,3.22,2600.0
2017-04-12,3.22,3.22,3.22,3.22,0.0
2017-04-13,3.2,3.2,3.1,3.17,9710.0
2017-04-18,3.17,3.2,3.17,3.17,5060.0
2017-04-19,3.22,3.22,3.22,3.22,40.0
2017-04-20,3.22,3.23,3.22,3.23,3410.0
2017-04-21,3.22,3.22,3.16,3.16,3000.0
2017-04-24,3.21,3.21,3.21,3.21,0.0
2017-04-25,3.19,3.19,3.19,3.19,100.0
2017-04-26,3.18,3.18,3.1,3.18,1150.0
2017-04-27,3.17,3.17,3.11,3.15,2610.0
2017-04-28,3.17,3.17,3.06,3.14,9130.0
2017-05-02,3.04,3.05,3.04,3.04,520.0
2017-05-04,3.05,3.05,3.05,3.05,1230.0
2017-05-05,3.06,3.1,3.06,3.1,970.0
2017-05-08,3.1,3.1,3.1,3.1,0.0
2017-05-09,3.1,3.1,3.1,3.1,600.0
2017-05-10,3.1,3.1,3.04,3.1,4510.0
2017-05-12,3.1,3.1,3.1,3.1,0.0
2017-05-16,3.1,3.1,3.1,3.1,10.0
2017-05-17,3.1,3.1,3.1,3.1,0.0
2017-05-18,3.1,3.1,2.92,2.93,12530.0
2017-05-19,2.94,2.94,2.94,2.94,70.0
2017-05-22,2.96,3.0,2.85,2.89,12590.0
2017-05-23,2.87,2.92,2.87,2.9,4600.0
2017-05-24,2.87,2.87,2.8,2.8,6300.0
2017-05-25,2.85,2.85,2.8,2.8,2029.9999999999998
2017-05-26,2.84,2.84,2.75,2.79,10730.0
2017-05-29,2.84,2.84,2.84,2.84,0.0
2017-05-30,2.84,2.84,2.75,2.75,60.0
2017-05-31,2.84,2.84,2.83,2.83,350.0
2017-06-01,3.0,3.0,2.83,2.98,12010.0
2017-06-05,3.0,3.0,2.87,2.87,2710.0
2017-06-06,3.0,3.0,3.0,3.0,10.0
2017-06-07,2.99,2.99,2.99,2.99,0.0
2017-06-08,2.99,2.99,2.82,2.82,410.0
2017-06-09,2.85,3.1,2.79,2.9,8370.0
2017-06-12,2.88,2.89,2.87,2.89,1190.0
2017-06-13,2.88,2.88,2.8,2.8,2550.0
2017-06-14,2.87,2.87,2.75,2.75,3760.0
2017-06-16,2.75,2.87,2.75,2.87,10.0
2017-06-19,2.83,2.83,2.83,2.83,340.0
2017-06-21,2.87,2.87,2.87,2.87,60.0
2017-06-22,2.87,2.87,2.87,2.87,10.0
2017-06-23,2.87,2.87,2.87,2.87,20.0
2017-06-26,2.87,2.87,2.87,2.87,0.0
2017-06-27,2.75,2.77,2.75,2.77,2710.0
2017-06-30,2.77,2.8,2.77,2.8,570.0
2017-07-03,2.79,2.84,2.79,2.84,1970.0
2017-07-05,2.71,2.75,2.71,2.75,2850.0
2017-07-07,2.75,2.75,2.75,2.75,1050.0
2017-07-10,2.75,2.75,2.65,2.65,300.0
2017-07-11,2.65,2.71,2.65,2.71,40.0
2017-07-12,2.71,2.71,2.71,2.71,870.0
2017-07-13,2.75,2.75,2.75,2.75,0.0
2017-07-14,2.75,2.75,2.75,2.75,10.0
2017-07-17,2.75,2.75,2.73,2.73,360.0
2017-07-18,2.71,2.73,2.65,2.73,880.0
2017-07-19,2.7,2.7,2.7,2.7,10.0
2017-07-20,2.7,2.7,2.7,2.7,1010.0
2017-07-21,2.7,2.7,2.7,2.7,0.0
2017-07-24,2.7,2.7,2.7,2.7,10.0
2017-07-25,2.7,2.7,2.7,2.7,10.0
2017-07-26,2.7,2.7,2.7,2.7,10.0
2017-07-27,2.7,2.7,2.66,2.7,360.0
2017-07-28,2.7,2.7,2.7,2.7,0.0
2017-07-31,2.7,2.7,2.7,2.7,0.0
2017-08-01,2.7,2.7,2.7,2.7,10.0
2017-08-02,2.7,2.7,2.7,2.7,10.0
2017-08-03,2.7,2.7,2.54,2.61,2100.0
2017-08-04,2.7,2.7,2.63,2.63,2310.0
2017-08-07,2.7,2.7,2.65,2.65,5080.0
2017-08-08,2.63,2.63,2.6,2.6,1180.0
2017-08-09,2.73,2.73,2.6,2.6,7290.0
2017-08-10,2.6,2.6,2.5,2.6,2029.9999999999998
2017-08-11,2.55,2.59,2.55,2.59,600.0
2017-08-14,2.68,2.68,2.59,2.59,860.0
2017-08-16,2.68,2.68,2.68,2.68,10.0
2017-08-17,2.68,2.68,2.68,2.68,10.0
2017-08-18,2.68,2.68,2.68,2.68,0.0
2017-08-21,2.68,2.68,2.45,2.51,6400.0
2017-08-22,2.51,2.51,2.5,2.51,200.0
2017-08-23,2.51,2.52,2.51,2.52,300.0
2017-08-24,2.5,2.5,2.5,2.5,10.0
2017-08-25,2.5,2.5,2.5,2.5,570.0
2017-08-28,2.5,2.5,2.48,2.48,2070.0
2017-08-29,2.46,2.6,2.46,2.46,13090.0
2017-08-30,2.46,2.68,2.46,2.68,11960.0
2017-08-31,2.66,2.7,2.61,2.61,7820.0
2017-09-01,2.65,2.96,2.65,2.96,41040.0
2017-09-04,2.99,3.03,2.9,2.98,10720.0
2017-09-05,2.99,2.99,2.84,2.96,3620.0
2017-09-06,2.88,2.98,2.74,2.84,12080.0
2017-09-07,2.95,2.95,2.8,2.8,40.0
2017-09-08,2.8,2.8,2.8,2.8,200.0
2017-09-11,2.8,2.86,2.8,2.8,20.0
2017-09-12,2.85,2.85,2.81,2.85,1410.0
2017-09-13,2.86,2.98,2.86,2.95,16790.0
2017-09-14,2.95,3.1,2.95,3.1,98530.0
2017-09-15,3.1,3.1,3.01,3.01,4030.0000000000005
2017-09-18,3.1,3.1,3.07,3.07,1900.0
2017-09-19,3.09,3.09,3.09,3.09,1210.0
2017-09-20,3.09,3.09,3.09,3.09,0.0
2017-09-21,3.07,3.08,3.01,3.08,2700.0
2017-09-22,3.08,3.08,3.01,3.01,260.0
2017-09-25,3.08,3.08,3.01,3.01,1150.0
2017-09-26,3.05,3.05,3.05,3.05,0.0
2017-09-27,3.05,3.05,3.01,3.01,4059.9999999999995
2017-09-28,3.01,3.01,3.01,3.01,3130.0
2017-09-29,3.05,3.05,3.01,3.01,890.0
2017-10-02,3.01,3.03,3.0,3.0,7580.0
2017-10-03,3.0,3.02,2.91,3.01,6000.0
2017-10-04,3.02,3.05,2.91,3.03,7280.0
2017-10-05,3.03,3.03,2.92,2.92,1900.0
2017-10-06,3.03,3.03,3.03,3.03,0.0
2017-10-09,3.02,3.02,3.02,3.02,150.0
2017-10-10,3.03,3.03,3.03,3.03,80.0
2017-10-11,3.03,3.03,2.92,3.0,370.0
2017-10-12,3.03,3.03,3.03,3.03,0.0
2017-10-13,3.0,3.0,2.7,2.9,13830.0
2017-10-16,2.99,3.0,2.9,3.0,410.0
2017-10-17,3.0,3.0,2.9,2.9,3310.0
2017-10-18,3.0,3.0,2.86,2.9,4200.0
2017-10-19,3.0,3.0,2.83,2.83,450.0
2017-10-20,3.0,3.0,3.0,3.0,0.0
2017-10-23,3.0,3.0,2.89,3.0,270.0
2017-10-24,2.81,3.0,2.8,3.0,1300.0
2017-10-25,3.0,3.0,2.77,3.0,110.0
2017-10-26,3.0,3.0,3.0,3.0,0.0
2017-10-27,3.0,3.0,2.86,2.99,1760.0
2017-10-30,2.99,2.99,2.99,2.99,0.0
2017-10-31,2.89,2.99,2.89,2.99,20.0
2017-11-02,2.99,2.99,2.8,2.99,910.0
2017-11-03,2.99,2.99,2.85,2.85,2500.0
2017-11-06,2.85,2.85,2.57,2.83,7680.0
2017-11-07,2.8,2.8,2.69,2.69,300.0
2017-11-08,2.69,2.69,2.58,2.69,230.0
2017-11-09,2.69,2.69,2.69,2.69,0.0
2017-11-10,2.59,2.69,2.5,2.69,150.0
2017-11-13,2.5,2.7,2.5,2.7,180.0
2017-11-14,2.69,2.69,2.69,2.69,0.0
2017-11-15,2.69,2.69,2.69,2.69,0.0
2017-11-16,2.69,2.69,2.53,2.69,610.0
2017-11-20,2.69,2.69,2.69,2.69,0.0
2017-11-21,2.69,2.69,2.69,2.69,10.0
2017-11-22,2.69,2.69,2.69,2.69,0.0
2017-11-23,2.69,2.69,2.55,2.69,130.0
2017-11-24,2.55,2.66,2.43,2.66,13750.0
2017-11-27,2.67,2.67,2.67,2.67,0.0
2017-11-28,2.66,2.66,2.5,2.5,5000.0
2017-11-29,2.58,2.58,2.44,2.49,1310.0
2017-11-30,2.63,2.63,2.37,2.37,500.0
2017-12-01,2.59,2.59,2.43,2.43,200.0
2017-12-04,2.59,2.59,2.34,2.43,4530.0
2017-12-05,2.35,2.35,2.34,2.35,2550.0
2017-12-06,2.35,2.35,2.05,2.09,36580.0
2017-12-07,2.0,2.08,1.92,2.08,28250.0
2017-12-08,2.04,2.08,2.04,2.08,4300.0
2017-12-11,2.09,2.09,2.05,2.05,2009.9999999999998
2017-12-12,2.09,2.09,2.09,2.09,0.0
2017-12-13,2.01,2.07,2.01,2.01,2120.0
2017-12-14,2.07,2.07,1.95,1.99,40500.0
2017-12-15,1.99,2.02,1.99,1.99,15130.0
2017-12-18,1.99,1.99,1.97,1.97,1630.0
2017-12-19,1.99,1.99,1.95,1.95,1200.0
2017-12-20,1.95,1.98,1.88,1.98,1100.0
2017-12-21,1.89,1.98,1.89,1.97,14170.0
2017-12-22,1.91,1.91,1.91,1.91,2550.0
2017-12-27,1.92,2.0,1.88,1.9,56800.0
2017-12-28,1.95,1.96,1.95,1.96,6320.0
2017-12-29,1.9,2.07,1.9,2.03,10120.0
2018-01-03,2.05,2.25,2.05,2.25,23390.0
2018-01-04,2.25,2.71,2.25,2.35,26140.0
2018-01-05,2.44,2.51,2.4,2.5,12750.0
2018-01-08,2.51,2.53,2.51,2.53,4710.0
2018-01-09,2.5,2.51,2.5,2.5,6810.0
2018-01-10,2.49,2.49,2.37,2.37,16720.0
2018-01-11,2.42,2.42,2.35,2.42,470.0
2018-01-12,2.42,2.42,2.42,2.42,100.0
2018-01-15,2.43,2.63,2.43,2.5,16440.0
2018-01-16,2.53,2.53,2.4,2.4,6930.0
2018-01-17,2.41,2.41,2.41,2.41,160.0
2018-01-18,2.41,2.41,2.33,2.34,5100.0
2018-01-19,2.34,2.34,2.34,2.34,0.0
2018-01-22,2.43,2.44,2.27,2.44,6090.0
2018-01-23,2.44,2.44,2.44,2.44,0.0
2018-01-24,2.44,2.44,2.44,2.44,0.0
2018-01-25,2.44,2.44,2.44,2.44,0.0
2018-01-26,2.4,2.4,2.33,2.33,300.0
2018-01-29,2.43,2.43,2.43,2.43,0.0
2018-01-30,2.4,2.4,2.4,2.4,0.0
2018-01-31,2.4,2.4,2.4,2.4,0.0
2018-02-01,2.27,2.27,2.12,2.19,10250.0
2018-02-02,2.12,2.18,2.08,2.08,10120.0
2018-02-05,2.18,2.18,2.11,2.17,12710.0
2018-02-06,2.11,2.11,2.07,2.07,2000.0
2018-02-07,2.17,2.17,2.1,2.1,1900.0
2018-02-08,2.17,2.17,2.1,2.1,300.0
2018-02-09,2.1,2.1,2.1,2.1,500.0
2018-02-12,2.17,2.17,1.99,2.03,10500.0
2018-02-13,2.03,2.03,2.02,2.02,3360.0
2018-02-14,1.99,1.99,1.99,1.99,650.0
2018-02-15,1.99,2.05,1.92,1.92,17220.0
2018-02-16,1.95,1.95,1.95,1.95,200.0
2018-02-20,1.96,1.96,1.95,1.95,1000.0
2018-02-21,1.96,1.96,1.96,1.96,1760.0
2018-02-22,1.95,1.95,1.95,1.95,1000.0
2018-02-23,1.96,1.96,1.96,1.96,60.0
2018-02-26,1.99,1.99,1.91,1.91,330.0
2018-02-27,1.9,1.9,1.87,1.88,4190.0
2018-02-28,1.85,1.9,1.85,1.9,10.0
2018-03-01,1.9,1.9,1.9,1.9,1450.0
2018-03-02,1.9,1.9,1.85,1.9,1010.0
2018-03-05,1.9,1.9,1.78,1.9,5460.0
2018-03-06,1.88,1.9,1.88,1.9,3210.0
2018-03-07,1.9,1.9,1.9,1.9,0.0
2018-03-08,1.9,1.9,1.9,1.9,2700.0
2018-03-09,1.99,1.99,1.93,1.93,1200.0
2018-03-12,1.99,1.99,1.87,1.87,2400.0
2018-03-13,1.99,1.99,1.9,1.9,160.0
2018-03-14,1.99,1.99,1.87,1.87,410.0
2018-03-16,1.99,1.99,1.97,1.97,420.0
2018-03-19,1.99,1.99,1.99,1.99,0.0
2018-03-20,1.99,1.99,1.87,1.87,400.0
2018-03-21,1.87,1.99,1.87,1.9,3520.0
2018-03-22,1.99,1.99,1.99,1.99,0.0
2018-03-23,1.88,1.94,1.88,1.94,990.0
2018-03-26,1.94,1.94,1.86,1.86,22010.0
2018-03-27,1.86,1.86,1.84,1.84,410.0
2018-03-28,1.85,1.85,1.84,1.84,1100.0
2018-03-29,1.84,1.84,1.84,1.84,1050.0
2018-04-03,1.89,1.89,1.84,1.89,2530.0
2018-04-04,1.89,1.89,1.89,1.89,0.0
2018-04-05,1.89,1.89,1.88,1.89,1270.0
2018-04-06,1.88,1.89,1.84,1.89,1400.0
2018-04-09,1.89,1.89,1.89,1.89,0.0
2018-04-10,1.89,1.89,1.84,1.84,160.0
2018-04-11,1.89,1.89,1.89,1.89,0.0
2018-04-12,1.88,1.88,1.87,1.87,0.0
2018-04-13,1.88,1.88,1.87,1.87,770.0
2018-04-16,1.89,1.89,1.89,1.89,5240.0
2018-04-17,1.85,1.85,1.81,1.81,620.0
2018-04-18,1.85,1.94,1.81,1.88,176650.0
2018-04-19,1.94,1.97,1.9,1.9,8020.0
2018-04-20,1.93,1.93,1.88,1.88,2020.0
2018-04-23,1.88,1.88,1.85,1.85,12140.0
2018-04-24,1.89,1.89,1.89,1.89,0.0
2018-04-25,1.89,1.89,1.85,1.85,4760.0
2018-04-26,1.89,1.89,1.85,1.85,1350.0
2018-04-27,1.89,1.89,1.89,1.89,0.0
2018-04-30,1.89,1.89,1.8,1.89,300.0
2018-05-02,1.89,1.89,1.8,1.8,300.0
2018-05-04,1.89,1.89,1.89,1.89,0.0
2018-05-07,1.88,1.88,1.8,1.88,1400.0
2018-05-08,1.88,1.88,1.88,1.88,0.0
2018-05-09,1.89,1.89,1.77,1.86,1350.0
2018-05-10,1.85,1.85,1.69,1.71,16860.0
2018-05-11,1.74,1.74,1.7,1.7,210.0
2018-05-14,1.69,1.69,1.69,1.69,0.0
2018-05-15,1.69,1.69,1.69,1.69,30.0
2018-05-16,1.69,1.69,1.69,1.69,0.0
2018-05-17,1.69,1.71,1.65,1.65,13040.0
2018-05-18,1.65,1.71,1.65,1.71,320.0
2018-05-21,1.7,1.7,1.7,1.7,0.0
2018-05-22,1.7,1.7,1.69,1.7,1500.0
2018-05-23,1.7,1.7,1.7,1.7,100.0
2018-05-24,1.7,1.7,1.65,1.65,500.0
2018-05-25,1.66,1.66,1.66,1.66,0.0
2018-05-28,1.81,1.81,1.81,1.81,10.0
2018-05-29,1.88,1.88,1.75,1.84,11990.0
2018-05-30,1.88,1.88,1.84,1.84,5490.0
2018-06-01,1.8,1.84,1.8,1.84,6350.0
2018-06-04,1.89,1.89,1.78,1.78,1500.0
2018-06-05,1.88,1.89,1.87,1.89,8430.0
2018-06-06,1.99,1.99,1.99,1.99,0.0
2018-06-07,1.99,1.99,1.99,1.99,0.0
2018-06-08,1.99,1.99,1.99,1.99,0.0
2018-06-11,1.99,1.99,1.91,1.99,8210.0
2018-06-12,1.98,1.99,1.91,1.94,610.0
2018-06-13,1.99,1.99,1.91,1.92,1800.0
2018-06-14,1.99,1.99,1.99,1.99,0.0
2018-06-15,1.99,1.99,1.99,1.99,0.0
2018-06-18,1.99,2.13,1.99,2.02,15630.0
2018-06-19,2.11,2.13,2.11,2.12,530.0
2018-06-20,2.11,2.11,2.06,2.06,900.0
2018-06-21,2.1,2.1,2.1,2.1,0.0
2018-06-22,2.1,2.1,2.1,2.1,0.0
2018-06-25,2.1,2.1,2.05,2.05,4660.0
2018-06-26,2.1,2.1,2.1,2.1,0.0
2018-06-27,2.0,2.1,1.98,2.1,1330.0
2018-06-28,2.1,2.1,1.86,2.0,34100.0
2018-06-29,2.09,2.09,1.97,1.97,200.0
2018-07-02,2.1,2.1,2.0,2.0,6540.0
2018-07-03,2.1,2.1,2.1,2.1,0.0
2018-07-04,2.1,2.1,2.05,2.05,750.0
2018-07-05,2.1,2.1,2.1,2.1,0.0
2018-07-06,2.0,2.1,2.0,2.09,7120.0
2018-07-09,2.1,2.1,2.1,2.1,1800.0
2018-07-10,2.1,2.14,2.06,2.14,2460.0
2018-07-11,2.14,2.14,2.14,2.14,0.0
2018-07-12,2.14,2.19,2.14,2.19,300.0
2018-07-13,2.16,2.19,2.1,2.1,510.0
2018-07-16,2.18,2.18,2.18,2.18,0.0
2018-07-17,2.18,2.18,2.18,2.18,0.0
2018-07-18,2.18,2.18,2.18,2.18,0.0
2018-07-19,2.18,2.18,2.18,2.18,0.0
2018-07-20,2.18,2.18,2.18,2.18,0.0
2018-07-23,2.18,2.18,2.08,2.18,10.0
2018-07-24,2.18,2.18,2.18,2.18,0.0
2018-07-25,2.18,2.18,2.11,2.18,2820.0
2018-07-26,2.19,2.19,2.19,2.19,0.0
2018-07-27,2.19,2.19,2.19,2.19,0.0
2018-07-30,2.19,2.19,2.11,2.11,2520.0
2018-07-31,2.11,2.11,2.11,2.11,200.0
2018-08-01,2.15,2.15,2.15,2.15,0.0
2018-08-03,2.15,2.15,2.08,2.08,1200.0
2018-08-06,2.1,2.16,2.1,2.16,3490.0
2018-08-07,2.19,2.19,2.16,2.16,620.0
2018-08-08,2.16,2.16,2.16,2.16,0.0
2018-08-09,2.16,2.16,2.16,2.16,0.0
2018-08-10,2.19,2.19,2.09,2.16,3520.0
2018-08-13,2.16,2.16,2.08,2.16,2750.0
2018-08-14,2.16,2.16,2.16,2.16,0.0
2018-08-16,2.18,2.18,2.07,2.16,4680.0
2018-08-17,2.16,2.16,2.15,2.16,680.0
2018-08-20,2.16,2.16,2.09,2.15,1290.0
2018-08-21,2.16,2.16,2.09,2.16,2550.0
2018-08-22,2.16,2.16,2.16,2.16,0.0
2018-08-23,2.16,2.16,2.16,2.16,0.0
2018-08-24,2.15,2.15,2.1,2.1,1000.0
2018-08-27,2.15,2.16,2.15,2.16,950.0
2018-08-28,2.16,2.16,2.12,2.16,610.0
2018-08-29,2.16,2.16,2.16,2.16,1600.0
2018-08-30,2.16,2.16,2.16,2.16,1100.0
2018-08-31,2.16,2.16,2.1,2.1,2130.0
2018-09-03,2.12,2.12,2.03,2.03,4070.0000000000005
2018-09-04,2.12,2.12,2.09,2.09,1700.0
2018-09-05,2.12,2.12,2.02,2.02,2570.0
2018-09-06,2.12,2.12,2.09,2.09,650.0
2018-09-07,2.02,2.12,1.98,1.98,7610.0
2018-09-10,1.98,1.99,1.98,1.99,150.0
2018-09-11,2.12,2.12,1.99,2.1,750.0
2018-09-12,2.04,2.04,2.04,2.04,410.0
2018-09-14,2.04,2.04,1.99,1.99,4800.0
2018-09-17,1.99,1.99,1.99,1.99,30.0
2018-09-18,1.99,1.99,1.99,1.99,670.0
2018-09-19,1.99,1.99,1.99,1.99,0.0
2018-09-20,1.9,1.9,1.9,1.9,420.0
2018-09-21,1.99,1.99,1.99,1.99,790.0
2018-09-24,1.99,1.99,1.99,1.99,1690.0
2018-09-25,2.06,2.06,1.93,1.99,1400.0
2018-09-26,2.06,2.06,1.99,1.99,700.0
2018-09-27,2.06,2.06,2.06,2.06,0.0
2018-09-28,2.06,2.06,1.91,1.99,5300.0
2018-10-01,1.99,1.99,1.9,1.9,1170.0
2018-10-02,2.06,2.06,1.9,1.99,1480.0
2018-10-03,2.06,2.06,2.06,2.06,0.0
2018-10-04,2.06,2.08,2.0,2.08,10060.0
2018-10-05,2.12,2.14,2.01,2.14,6570.0
2018-10-08,2.32,2.32,2.2,2.2,7120.0
2018-10-09,2.29,2.29,2.29,2.29,0.0
2018-10-10,2.28,2.28,2.2,2.2,4480.0
2018-10-11,2.25,2.25,2.25,2.25,0.0
2018-10-12,2.25,2.38,2.21,2.38,11680.0
2018-10-15,2.38,2.38,2.29,2.29,100.0
2018-10-16,2.4,2.52,2.35,2.5,14800.0
2018-10-17,2.5,2.56,2.48,2.48,3060.0
2018-10-18,2.58,2.58,2.5,2.5,120.0
2018-10-19,2.47,2.64,2.47,2.64,14170.0
2018-10-22,2.64,2.64,2.46,2.46,5310.0
2018-10-23,2.56,2.56,2.33,2.33,8530.0
2018-10-24,2.56,2.56,2.41,2.56,570.0
2018-10-25,2.54,2.54,2.39,2.54,1520.0
2018-10-26,2.56,2.56,2.56,2.56,0.0
2018-10-29,2.56,2.56,2.39,2.56,6620.0
2018-10-30,2.5,2.5,2.39,2.48,2060.0
2018-10-31,2.5,2.5,2.5,2.5,0.0
2018-11-02,2.5,2.5,2.5,2.5,0.0
2018-11-05,2.5,2.5,2.41,2.5,3520.0
2018-11-06,2.5,2.7,2.41,2.7,16950.0
2018-11-07,2.5,2.75,2.5,2.7,13700.0
2018-11-08,2.53,2.67,2.53,2.63,6360.0
2018-11-09,2.8,2.8,2.58,2.66,5670.0
2018-11-13,2.8,2.8,2.62,2.67,960.0
2018-11-14,2.67,2.67,2.67,2.67,0.0
2018-11-15,2.67,2.67,2.61,2.61,2000.0
2018-11-16,2.55,2.67,2.47,2.67,17540.0
2018-11-19,2.75,2.8,2.66,2.75,10920.0
2018-11-20,2.8,2.8,2.63,2.63,70.0
2018-11-21,2.77,2.77,2.77,2.77,0.0
2018-11-22,2.73,2.73,2.72,2.73,970.0
2018-11-23,2.77,2.89,2.7,2.8,11100.0
2018-11-26,2.83,2.95,2.82,2.82,6030.0
2018-11-27,2.94,3.2,2.91,3.17,20470.0
2018-11-28,3.17,3.2,3.04,3.2,6940.0
2018-11-29,3.2,3.2,3.05,3.05,3450.0
2018-11-30,2.76,3.19,2.76,3.19,8760.0
2018-12-03,3.19,3.19,3.04,3.19,2000.0
2018-12-04,3.19,3.19,2.98,3.17,3690.0
2018-12-05,3.17,3.17,3.17,3.17,0.0
2018-12-06,3.17,3.17,2.92,3.15,3400.0
2018-12-07,3.17,3.17,2.94,2.94,3720.0
2018-12-10,2.94,2.94,2.81,2.92,3410.0
2018-12-11,2.92,2.92,2.92,2.92,0.0
2018-12-12,2.86,2.86,2.76,2.84,1640.0
2018-12-13,2.84,2.84,2.84,2.84,0.0
2018-12-14,2.83,2.83,2.72,2.79,1800.0
2018-12-17,2.62,2.64,2.59,2.6,5130.0
2018-12-18,2.82,2.82,2.29,2.63,25080.0
2018-12-19,2.63,2.63,2.51,2.51,4100.0
2018-12-20,2.61,2.61,2.45,2.5,10.0
2018-12-21,2.61,2.61,2.45,2.45,16920.0
2018-12-27,2.61,2.61,2.61,2.61,0.0
2018-12-28,2.61,2.61,2.48,2.6,87220.0
2019-01-02,2.6,2.6,2.56,2.56,1130.0
2019-01-03,2.46,2.56,2.43,2.54,5010.0
2019-01-04,2.55,2.55,2.55,2.55,0.0
2019-01-07,2.53,2.53,2.53,2.53,0.0
2019-01-08,2.53,2.53,2.53,2.53,190.0
2019-01-09,2.53,2.57,2.53,2.57,7270.0
2019-01-10,2.66,2.86,2.57,2.7,28640.0
2019-01-11,2.74,2.88,2.63,2.8,5340.0
2019-01-14,2.8,3.01,2.8,3.01,10120.0
2019-01-15,3.07,3.07,2.82,3.04,22650.0
2019-01-16,3.05,3.05,2.85,3.03,5550.0
2019-01-17,2.85,2.99,2.85,2.99,6700.0
2019-01-18,2.85,2.85,2.85,2.85,0.0
2019-01-21,2.86,2.96,2.86,2.96,1010.0
2019-01-22,2.96,2.96,2.95,2.96,8000.0
2019-01-23,2.96,2.96,2.85,2.95,450.0
2019-01-24,2.96,2.96,2.96,2.96,0.0
2019-01-25,2.95,2.95,2.86,2.86,500.0
2019-01-28,2.94,2.94,2.84,2.84,200.0
2019-01-29,2.93,2.93,2.93,2.93,0.0
2019-01-30,2.92,2.92,2.92,2.92,0.0
2019-01-31,2.92,2.92,2.92,2.92,200.0
2019-02-01,2.91,2.91,2.91,2.91,150.0
2019-02-04,2.9,2.9,2.89,2.9,480.0
2019-02-05,2.91,2.91,2.79,2.91,110.0
2019-02-06,2.91,3.0,2.91,3.0,9350.0
2019-02-07,3.0,3.04,2.92,3.04,2730.0
2019-02-08,3.03,3.03,2.96,2.96,1000.0
2019-02-11,3.04,3.04,2.9,3.02,3650.0
2019-02-12,3.02,3.02,2.83,2.94,460.0
2019-02-13,2.94,2.94,2.93,2.94,230.0
2019-02-14,2.94,2.94,2.93,2.94,600.0
2019-02-15,2.94,2.94,2.93,2.94,1470.0
2019-02-18,2.96,3.02,2.85,3.02,1730.0
2019-02-19,3.02,3.02,3.02,3.02,0.0
2019-02-20,3.02,3.02,3.02,3.02,0.0
2019-02-21,3.02,3.02,3.02,3.02,240.0
2019-02-22,3.04,3.04,2.91,3.03,9200.0
2019-02-25,3.04,3.08,2.92,3.03,12860.0
2019-02-26,3.03,3.03,3.03,3.03,3000.0
2019-02-27,2.91,3.03,2.91,3.03,1320.0
2019-02-28,3.03,3.03,3.03,3.03,0.0
2019-03-01,3.03,3.03,3.03,3.03,2000.0
2019-03-04,3.07,3.1,2.95,3.05,13090.0
2019-03-05,3.05,3.29,2.95,3.11,36090.0
2019-03-06,3.2,3.45,3.19,3.36,27130.0
2019-03-07,3.36,3.63,3.33,3.6,17890.0
2019-03-08,3.6,3.83,3.49,3.49,22360.0
2019-03-11,3.55,3.55,3.4,3.49,16690.0
2019-03-12,3.38,3.49,3.38,3.49,1750.0
2019-03-13,3.49,3.53,3.49,3.53,9000.0
2019-03-14,3.71,3.71,3.54,3.7,15740.0
2019-03-15,3.72,3.72,3.56,3.56,2670.0
2019-03-18,3.7,3.77,3.63,3.77,16590.0
2019-03-19,3.7,3.76,3.58,3.72,16180.0
2019-03-20,3.76,3.76,3.6,3.74,560.0
2019-03-21,3.71,3.71,3.57,3.63,6330.0
2019-03-22,3.63,3.71,3.63,3.71,9530.0
2019-03-25,3.7,3.7,3.57,3.59,3710.0
2019-03-26,3.58,3.59,3.26,3.36,10420.0
2019-03-27,3.36,3.36,3.27,3.36,4450.0
2019-03-28,3.36,3.36,3.36,3.36,260.0
2019-03-29,3.36,3.36,3.36,3.36,10.0
2019-04-01,3.5,3.5,3.5,3.5,0.0
2019-04-02,3.5,3.5,3.26,3.5,4940.0
2019-04-03,3.5,3.5,3.5,3.5,0.0
2019-04-04,3.5,3.62,3.48,3.6,11080.0
2019-04-05,3.6,3.6,3.56,3.56,3000.0
2019-04-08,3.56,3.56,3.56,3.56,0.0
2019-04-09,3.54,3.54,3.4,3.54,4180.0
2019-04-10,3.54,3.54,3.54,3.54,0.0
2019-04-11,3.54,3.56,3.44,3.56,17220.0
2019-04-12,3.56,3.56,3.52,3.54,11700.0
2019-04-15,3.46,3.56,3.3,3.56,15350.0
2019-04-16,3.56,3.56,3.5,3.56,6590.0
2019-04-17,3.56,3.7,3.56,3.7,9250.0
2019-04-18,3.7,3.7,3.66,3.66,6000.0
2019-04-23,3.66,3.66,3.66,3.66,0.0
2019-04-24,3.66,3.66,3.52,3.56,2990.0
2019-04-25,3.56,3.56,3.56,3.56,10.0
2019-04-26,3.56,3.56,3.56,3.56,0.0
2019-04-29,3.56,3.56,3.44,3.44,750.0
2019-04-30,3.56,3.56,3.4,3.4,6880.0
2019-05-02,3.42,3.42,3.4,3.4,1480.0
2019-05-06,3.4,3.4,3.32,3.4,3410.0
2019-05-07,3.4,3.4,3.4,3.4,0.0
2019-05-08,3.4,3.4,3.26,3.26,270.0
2019-05-09,3.4,3.4,3.4,3.4,0.0
2019-05-10,3.4,3.4,3.4,3.4,0.0
2019-05-13,3.38,3.38,3.38,3.38,10.0
2019-05-14,3.38,3.38,3.38,3.38,0.0
2019-05-15,3.38,3.38,3.1,3.24,3770.0
2019-05-16,3.24,3.38,3.1,3.38,2340.0
2019-05-17,3.1,3.24,3.02,3.08,6630.0
2019-05-20,3.0,3.0,2.86,2.98,260.0
2019-05-21,2.98,3.0,2.86,3.0,3720.0
2019-05-22,3.1,3.1,3.0,3.0,10.0
2019-05-23,2.98,2.98,2.86,2.96,520.0
2019-05-24,2.96,2.96,2.96,2.96,0.0
2019-05-27,2.96,2.96,2.88,2.88,20.0
2019-05-28,2.96,2.96,2.96,2.96,0.0
2019-05-29,2.96,2.96,2.96,2.96,0.0
2019-05-30,2.96,2.98,2.88,2.98,2900.0
2019-05-31,2.98,2.98,2.96,2.98,3000.0
2019-06-03,2.94,2.94,2.94,2.94,0.0
2019-06-04,2.94,2.94,2.86,2.9,3500.0
2019-06-05,2.9,2.9,2.9,2.9,0.0
2019-06-06,2.9,2.9,2.82,2.82,1000.0
2019-06-07,2.9,2.9,2.9,2.9,0.0
2019-06-10,2.8,2.9,2.8,2.9,2060.0
2019-06-11,2.9,2.9,2.9,2.9,0.0
2019-06-12,2.9,2.9,2.9,2.9,0.0
2019-06-13,2.9,2.9,2.8,2.9,2370.0
2019-06-14,2.9,2.9,2.9,2.9,0.0
2019-06-17,2.74,2.9,2.74,2.9,1000.0
2019-06-18,2.9,2.9,2.78,2.9,3500.0
2019-06-19,2.9,2.9,2.9,2.9,0.0
2019-06-21,2.88,2.88,2.8,2.8,210.0
2019-06-24,2.88,2.88,2.88,2.88,0.0
2019-06-25,2.88,2.88,2.86,2.86,2000.0
2019-06-26,2.86,2.86,2.76,2.86,530.0
2019-06-27,2.86,2.86,2.74,2.74,2400.0
2019-06-28,2.86,2.86,2.74,2.74,1330.0
2019-07-01,2.6,2.86,2.6,2.86,1000.0
2019-07-02,2.86,2.86,2.72,2.86,2950.0
2019-07-03,2.86,2.86,2.74,2.8,1010.0
2019-07-04,2.8,2.86,2.8,2.86,3810.0
2019-07-05,2.86,2.86,2.86,2.86,0.0
2019-07-08,2.84,2.84,2.78,2.84,730.0
2019-07-09,2.84,2.84,2.84,2.84,1990.0
2019-07-10,2.84,2.84,2.8,2.82,1170.0
2019-07-11,2.82,2.82,2.82,2.82,0.0
2019-07-12,2.82,2.82,2.82,2.82,0.0
2019-07-15,2.82,2.82,2.76,2.82,2220.0
2019-07-16,2.82,2.82,2.72,2.72,4520.0
2019-07-17,2.72,2.72,2.68,2.72,1030.0
2019-07-18,2.7,2.7,2.64,2.7,8119.999999999999
2019-07-19,2.7,2.7,2.5,2.7,9110.0
2019-07-22,2.7,2.7,2.64,2.7,1000.0
2019-07-23,2.7,2.7,2.7,2.7,0.0
2019-07-24,2.7,2.7,2.56,2.56,910.0
2019-07-25,2.6,2.6,2.5,2.6,1080.0
2019-07-26,2.6,2.6,2.6,2.6,0.0
2019-07-29,2.6,2.6,2.5,2.5,5010.0
2019-07-30,2.5,2.5,2.42,2.42,6080.0
2019-07-31,2.6,2.6,2.4,2.4,940.0
2019-08-01,2.4,2.4,2.4,2.4,120.0
2019-08-02,2.62,2.62,2.5,2.5,10.0
2019-08-05,2.62,2.62,2.5,2.5,10.0
2019-08-06,2.62,2.62,2.5,2.5,10.0
2019-08-07,2.62,2.62,2.4,2.4,2470.0
2019-08-08,2.5,2.5,2.4,2.48,2020.0
2019-08-09,2.48,2.48,2.48,2.48,400.0
2019-08-12,2.5,2.5,2.5,2.5,0.0
2019-08-13,2.5,2.5,2.5,2.5,0.0
2019-08-14,2.5,2.5,2.48,2.5,4890.0
2019-08-16,2.64,2.64,2.58,2.58,1000.0
2019-08-19,2.64,2.64,2.6,2.6,390.0
2019-08-20,2.6,2.6,2.6,2.6,0.0
2019-08-21,2.6,2.6,2.48,2.5,2140.0
2019-08-22,2.6,2.6,2.6,2.6,0.0
2019-08-23,2.6,2.6,2.5,2.5,280.0
2019-08-26,2.6,2.6,2.6,2.6,0.0
2019-08-27,2.6,2.6,2.48,2.6,1000.0
2019-08-28,2.6,2.6,2.6,2.6,0.0
2019-08-29,2.6,2.6,2.5,2.6,3530.0
2019-08-30,2.6,2.6,2.6,2.6,480.0
2019-09-02,2.6,2.6,2.6,2.6,0.0
2019-09-03,2.6,2.64,2.6,2.64,4800.0
2019-09-04,2.64,2.64,2.64,2.64,0.0
2019-09-05,2.64,2.64,2.52,2.64,3180.0
2019-09-06,2.6,2.6,2.36,2.58,10530.0
2019-09-09,2.5,2.5,2.4,2.5,3510.0
2019-09-10,2.48,2.48,2.48,2.48,100.0
2019-09-11,2.48,2.48,2.48,2.48,0.0
2019-09-12,2.48,2.48,2.48,2.48,0.0
2019-09-13,2.48,2.48,2.44,2.44,200.0
2019-09-16,2.48,2.48,2.48,2.48,0.0
2019-09-17,2.44,2.44,2.44,2.44,0.0
2019-09-18,2.48,2.48,2.48,2.48,0.0
2019-09-19,2.48,2.48,2.48,2.48,0.0
2019-09-20,2.48,2.48,2.46,2.46,500.0
2019-09-23,2.48,2.48,2.48,2.48,0.0
2019-09-24,2.48,2.48,2.4,2.42,1650.0
2019-09-25,2.48,2.48,2.38,2.48,1400.0
2019-09-26,2.48,2.48,2.48,2.48,0.0
2019-09-27,2.48,2.5,2.44,2.5,6140.0
2019-09-30,2.5,2.5,2.48,2.48,100.0
2019-10-01,2.48,2.48,2.44,2.48,4090.0
2019-10-02,2.48,2.48,2.48,2.48,0.0
2019-10-03,2.48,2.48,2.48,2.48,0.0
2019-10-04,2.48,2.48,2.48,2.48,0.0
2019-10-07,2.48,2.48,2.48,2.48,0.0
2019-10-08,2.48,2.48,2.48,2.48,0.0
2019-10-09,2.48,2.48,2.48,2.48,0.0
2019-10-10,2.48,2.48,2.48,2.48,0.0
2019-10-11,2.48,2.48,2.48,2.48,0.0
2019-10-14,2.48,2.6,2.48,2.6,7800.0
2019-10-15,2.54,2.54,2.54,2.54,0.0
2019-10-16,2.54,2.54,2.54,2.54,0.0
2019-10-17,2.54,2.54,2.54,2.54,370.0
2019-10-18,2.54,2.54,2.52,2.54,300.0
2019-10-21,2.52,2.64,2.52,2.64,5480.0
2019-10-22,2.64,2.88,2.64,2.84,4660.0
2019-10-23,2.84,2.94,2.82,2.94,2510.0
2019-10-24,2.94,2.94,2.94,2.94,590.0
2019-10-25,2.94,2.94,2.82,2.94,1410.0
2019-10-28,2.94,2.94,2.94,2.94,0.0
2019-10-29,2.94,2.94,2.94,2.94,460.0
2019-10-30,2.94,2.94,2.94,2.94,860.0
2019-10-31,2.94,2.98,2.94,2.96,450.0
2019-11-04,2.98,3.02,2.96,3.02,9590.0
2019-11-05,2.98,3.16,2.98,3.16,640.0
2019-11-06,3.16,3.24,3.1,3.14,6270.0
2019-11-07,3.14,3.14,2.94,3.02,8440.0
2019-11-08,3.02,3.12,2.94,3.0,2740.0
2019-11-12,3.0,3.12,3.0,3.12,5340.0
2019-11-13,3.22,3.22,3.22,3.22,0.0
2019-11-14,3.22,3.22,3.22,3.22,1450.0
2019-11-15,3.34,3.42,3.22,3.34,13560.0
2019-11-18,3.34,3.42,3.34,3.42,6980.0
2019-11-19,3.4,3.4,3.38,3.4,6560.0
2019-11-20,3.4,3.4,3.2,3.36,8260.0
2019-11-21,3.36,3.36,3.2,3.26,740.0
2019-11-22,3.4,3.4,3.12,3.12,3410.0
2019-11-25,3.38,3.38,3.1,3.38,1150.0
2019-11-26,3.38,3.38,3.16,3.16,2350.0
2019-11-27,3.36,3.36,3.24,3.24,200.0
2019-11-28,3.22,3.22,3.22,3.22,0.0
2019-11-29,3.22,3.22,3.22,3.22,0.0
2019-12-02,3.22,3.24,3.22,3.24,2000.0
2019-12-03,3.24,3.24,3.16,3.24,2080.0
2019-12-04,3.26,3.26,3.26,3.26,0.0
2019-12-05,3.14,3.16,3.14,3.16,570.0
2019-12-06,3.18,3.26,3.1,3.26,4170.0
2019-12-09,3.26,3.26,3.0,3.12,2910.0
2019-12-10,3.26,3.26,3.1,3.26,370.0
2019-12-11,3.18,3.18,3.0,3.18,4670.0
2019-12-12,3.18,3.18,3.18,3.18,0.0
2019-12-13,3.18,3.18,3.04,3.18,150.0
2019-12-16,3.18,3.18,2.94,3.18,2009.9999999999998
2019-12-17,3.18,3.18,3.0,3.0,3050.0
2019-12-18,3.18,3.18,2.92,3.0,8750.0
2019-12-19,2.88,3.0,2.6,2.94,46400.0
2019-12-20,2.76,2.9,2.76,2.86,5600.0
2019-12-23,2.94,2.94,2.86,2.92,2660.0
2019-12-27,2.92,2.92,2.92,2.92,0.0
2019-12-30,2.92,2.92,2.9,2.9,540.0
2020-01-02,2.9,2.9,2.9,2.9,0.0
2020-01-03,2.92,2.94,2.92,2.94,7500.0
2020-01-07,2.94,3.12,2.94,3.12,4330.0
2020-01-08,3.1,3.1,2.92,2.96,15550.0
2020-01-09,2.96,2.96,2.9,2.92,1350.0
2020-01-10,2.9,2.96,2.9,2.96,5670.0
2020-01-13,3.0,3.1,2.96,3.0,23670.0
2020-01-14,3.04,3.26,2.94,3.14,40610.0
2020-01-15,3.2,4.3,3.2,4.3,206560.0
2020-01-16,5.1,5.6,4.9,5.0,626140.0
2020-01-17,5.1,5.2,4.42,4.62,156110.0
2020-01-20,4.66,5.9,4.66,5.9,432040.0
2020-01-21,6.1,6.2,5.45,5.8,458160.0
2020-01-22,5.6,5.8,5.3,5.8,147550.0
2020-01-23,5.75,6.0,5.2,5.3,300630.0
2020-01-24,5.35,5.4,4.7,5.05,182700.0
2020-01-27,4.82,4.98,4.5,4.52,96410.0
2020-01-28,4.52,4.8,4.4,4.72,105690.0
2020-01-29,4.7,4.84,4.66,4.8,23290.0
2020-01-30,4.78,4.8,4.46,4.54,83600.0
2020-01-31,4.5,5.8,4.34,5.3,349110.0
2020-02-03,5.5,5.65,5.1,5.25,99690.0
2020-02-04,5.2,5.7,5.05,5.4,105070.0
2020-02-05,5.3,5.6,5.25,5.55,69880.0
2020-02-06,5.5,5.55,5.25,5.25,23450.0
2020-02-07,5.25,5.25,5.0,5.05,29480.0
2020-02-10,5.05,5.2,4.82,4.92,45690.0
2020-02-11,5.0,5.15,4.9,5.0,27120.0
2020-02-12,4.96,5.35,4.94,5.2,43570.0
2020-02-13,5.3,5.6,4.96,5.4,81760.0
2020-02-14,5.45,5.55,5.1,5.3,22430.0
2020-02-17,5.25,5.65,5.25,5.65,44370.0
2020-02-18,5.65,5.65,5.25,5.35,34390.0
2020-02-19,5.45,5.55,5.25,5.45,27930.0
2020-02-20,5.55,5.55,5.25,5.3,17820.0
2020-02-21,5.4,6.8,5.3,6.8,313950.0
2020-02-24,6.55,6.8,5.7,5.8,347760.0
2020-02-25,5.8,5.8,5.05,5.35,198060.0
2020-02-26,5.35,5.85,4.98,5.65,197700.0
2020-02-27,5.7,5.9,4.8,5.05,119480.0
2020-02-28,4.6,5.15,4.3,4.9,140910.0
2020-03-02,5.1,5.5,4.8,5.05,69420.0
2020-03-03,5.3,5.5,5.2,5.4,61110.0
2020-03-04,5.3,5.35,5.1,5.3,27710.0
2020-03-05,5.4,5.45,5.05,5.05,36260.0
2020-03-06,5.1,5.25,4.9,5.1,31480.0
2020-03-09,4.42,4.92,4.32,4.6,82110.0
2020-03-10,4.62,4.88,4.5,4.5,28570.0
2020-03-11,4.56,4.56,3.76,3.92,80510.0
2020-03-12,3.54,3.6,3.2,3.2,122480.0
2020-03-13,3.08,3.78,3.02,3.32,87840.0
2020-03-16,3.16,3.6,3.0,3.56,69180.0
2020-03-17,3.7,4.06,3.58,4.06,45800.0
2020-03-18,4.36,4.36,3.56,3.76,50720.0
2020-03-19,3.76,4.2,3.76,4.16,47050.0
2020-03-20,4.18,4.46,3.9,3.96,67460.0
2020-03-23,3.68,3.96,3.66,3.7,26200.0
2020-03-24,3.82,4.18,3.68,4.16,63580.0
2020-03-25,4.4,4.4,4.02,4.18,31480.0
2020-03-26,4.32,4.8,4.16,4.6,63390.0
2020-03-27,4.68,4.7,4.4,4.56,50990.0
2020-03-30,4.22,4.3,3.92,4.2,60000.0
2020-03-31,4.16,4.56,3.94,4.1,122420.0
2020-04-01,4.1,4.26,3.96,4.14,44790.0
2020-04-02,4.0,4.08,3.78,3.9,81370.0
2020-04-03,4.0,4.0,3.7,3.84,33350.0
2020-04-06,3.72,3.96,3.62,3.7,51040.0
2020-04-07,3.86,3.9,3.72,3.72,32780.0
2020-04-08,3.86,3.86,3.58,3.72,18750.0
2020-04-09,3.72,3.78,3.58,3.74,18950.0
2020-04-14,3.7,3.88,3.7,3.8,48340.0
2020-04-15,3.8,3.8,3.62,3.74,18920.0
2020-04-16,3.72,3.8,3.66,3.78,8060.000000000001
2020-04-17,3.74,4.1,3.74,3.76,163040.0
2020-04-20,3.82,4.1,3.82,4.04,61610.0
2020-04-21,4.08,4.12,3.74,3.94,48340.0
2020-04-22,3.82,4.0,3.8,3.98,19170.0
2020-04-23,3.9,4.04,3.9,4.0,21230.0
2020-04-24,4.0,4.0,3.82,3.84,15040.0
2020-04-27,3.84,3.92,3.8,3.9,17920.0
2020-04-28,3.9,3.9,3.72,3.8,35130.0
2020-04-29,3.8,3.86,3.7,3.84,6890.0
2020-04-30,3.84,3.98,3.8,3.88,17070.0
2020-05-04,4.02,5.1,4.02,5.1,290610.0
2020-05-05,5.4,5.9,5.1,5.35,384310.0
2020-05-06,5.2,5.2,4.84,4.86,100060.0
2020-05-07,5.15,5.25,4.8,5.25,51420.0
2020-05-08,5.3,5.4,5.1,5.25,23830.0
2020-05-11,5.25,5.5,5.0,5.1,56090.0
2020-05-12,5.2,5.2,4.88,5.0,31330.0
2020-05-13,5.0,5.0,4.72,4.9,28140.0
2020-05-14,4.96,4.96,4.3,4.58,67100.0
2020-05-15,4.64,4.94,4.5,4.66,78380.0
2020-05-18,4.74,4.76,4.58,4.76,25330.0
2020-05-19,5.05,5.3,4.92,5.1,87500.0
2020-05-20,5.1,5.2,4.9,5.15,42510.0
2020-05-21,5.15,5.2,5.0,5.2,16540.0
2020-05-22,5.15,5.25,4.86,4.98,46750.0
2020-05-25,4.84,4.96,4.82,4.9,24010.0
2020-05-26,4.9,5.2,4.88,5.0,53200.0
2020-05-27,4.92,5.0,4.76,4.8,38160.0
2020-05-28,4.78,4.98,4.74,4.9,21060.0
2020-05-29,4.82,4.84,4.76,4.8,21860.0
2020-06-01,4.98,4.98,4.82,4.82,13120.0
2020-06-02,4.8,4.96,4.76,4.92,20540.0
2020-06-03,4.86,5.4,4.82,5.2,96930.0
2020-06-04,5.2,5.4,5.15,5.2,44180.0
2020-06-05,5.25,5.25,5.05,5.25,34720.0
2020-06-08,5.25,5.25,4.9,5.1,52170.0
2020-06-09,5.1,5.1,4.94,4.96,36860.0
2020-06-10,5.0,5.0,4.9,5.0,27440.0
2020-06-12,4.8,4.96,4.72,4.96,31600.0
2020-06-15,4.96,5.1,4.84,5.1,22940.0
2020-06-16,5.15,5.3,5.05,5.1,48930.0
2020-06-17,5.25,5.3,5.1,5.15,10330.0
2020-06-18,5.1,5.25,5.05,5.15,11840.0
2020-06-19,5.2,5.2,5.05,5.1,9190.0
2020-06-22,5.15,5.2,5.0,5.15,12550.0
2020-06-23,5.15,5.7,5.1,5.5,140930.0
2020-06-24,5.55,5.6,5.05,5.15,85200.0
2020-06-25,5.05,5.1,4.88,4.94,48690.0
2020-06-26,4.98,5.05,4.8,4.8,43080.0
2020-06-29,4.86,5.05,4.86,5.05,29840.0
2020-06-30,5.1,5.1,4.7,4.88,19800.0
2020-07-01,4.94,4.94,4.74,4.9,15910.0
2020-07-02,4.92,5.05,4.88,5.0,10570.0
2020-07-03,5.0,5.15,4.88,5.0,86040.0
2020-07-06,5.0,5.45,4.96,5.35,88320.0
2020-07-07,5.35,6.4,5.25,6.15,321480.0
2020-07-08,6.3,7.0,6.25,7.0,337310.0
2020-07-09,7.45,7.6,6.55,6.55,173650.0
2020-07-10,6.5,6.8,6.2,6.3,67270.0
2020-07-13,6.25,6.5,6.05,6.2,114050.0
2020-07-14,6.15,6.15,5.7,5.9,108830.0
2020-07-15,6.0,6.4,5.45,5.6,222410.0
2020-07-16,5.6,5.85,5.4,5.75,59270.0
2020-07-17,5.75,5.85,5.4,5.5,76170.0
2020-07-20,5.25,5.35,4.9,5.35,246450.0
2020-07-21,5.3,5.4,5.1,5.3,68740.0
2020-07-22,5.45,6.0,5.25,6.0,138590.0
2020-07-23,6.2,6.45,5.8,6.0,181980.0
2020-07-24,6.05,6.1,5.65,5.8,24450.0
2020-07-27,5.85,6.2,5.8,6.05,111860.0
2020-07-28,6.2,6.4,6.0,6.2,87340.0
2020-07-29,6.25,6.3,5.85,5.95,51300.0
2020-07-30,5.95,5.95,5.05,5.2,101630.0
2020-07-31,5.3,5.5,5.2,5.45,40900.0
2020-08-03,5.65,5.7,5.5,5.7,21610.0
2020-08-04,5.75,5.8,5.5,5.5,17880.0
2020-08-05,5.6,5.7,5.5,5.5,9720.0
2020-08-06,5.65,5.7,5.25,5.35,21790.0
2020-08-07,5.35,5.4,5.1,5.35,29660.0
2020-08-10,5.35,6.2,5.35,6.1,85190.0
2020-08-11,6.1,6.1,5.65,5.7,39200.0
2020-08-12,5.95,5.95,5.5,5.55,30570.0
2020-08-13,5.6,5.8,5.5,5.8,20030.0
2020-08-14,5.8,5.8,5.6,5.8,14820.0
2020-08-17,5.85,5.85,5.7,5.7,7550.0
2020-08-18,5.65,5.8,5.5,5.5,14830.0
2020-08-19,5.6,5.7,5.5,5.5,11670.0
2020-08-20,5.5,5.65,5.45,5.5,7900.0
2020-08-21,5.8,5.85,5.6,5.6,18480.0
2020-08-24,5.7,5.7,5.55,5.6,7690.0
2020-08-25,5.65,5.65,5.25,5.3,49590.0
2020-08-26,5.3,5.3,5.15,5.2,18830.0
2020-08-27,5.35,5.35,5.2,5.3,4059.9999999999995
2020-08-28,5.4,5.4,5.15,5.3,9360.0
2020-08-31,5.3,5.35,5.15,5.25,15790.0
2020-09-01,5.2,5.2,5.0,5.0,51530.0
2020-09-02,4.92,5.2,4.9,5.2,22340.0
2020-09-03,5.25,5.25,5.1,5.1,5640.0
2020-09-04,5.0,5.1,5.0,5.05,27260.0
2020-09-07,5.1,5.1,5.0,5.0,7390.0
2020-09-08,5.15,5.15,4.86,4.86,80650.0
2020-09-09,4.82,5.0,4.8,5.0,14460.0
2020-09-10,5.05,5.05,4.98,5.05,6160.0
2020-09-11,5.05,5.05,4.96,5.05,6530.0
2020-09-14,5.05,5.25,4.96,5.15,29000.0
2020-09-15,5.25,5.25,4.98,5.0,12580.0
2020-09-16,5.1,5.1,4.96,5.0,40000.0
2020-09-17,5.05,5.05,4.9,5.0,3810.0
2020-09-18,5.0,5.0,4.9,4.94,15480.0
2020-09-21,5.05,5.05,4.86,4.88,7700.0
2020-09-22,4.86,4.94,4.82,4.86,13530.0
2020-09-23,4.94,4.94,4.82,4.9,13180.0
2020-09-24,4.84,4.9,4.8,4.8,17850.0
2020-09-25,4.76,4.82,4.32,4.82,23230.0
2020-09-28,4.9,4.94,4.6,4.9,10340.0
2020-09-29,4.9,4.96,4.76,4.76,13310.0
2020-09-30,4.8,4.8,4.66,4.7,65930.0
2020-10-01,4.8,4.8,4.6,4.62,13300.0
2020-10-02,4.8,4.8,4.56,4.56,11870.0
2020-10-05,4.54,4.6,4.48,4.54,19140.0
2020-10-06,4.56,4.6,4.48,4.48,40200.0
2020-10-07,4.48,4.48,4.44,4.48,6090.0
2020-10-08,4.5,4.5,4.42,4.44,30100.0
2020-10-09,4.4,4.7,4.28,4.48,175040.0
2020-10-12,4.46,4.48,4.36,4.42,8210.0
2020-10-13,4.48,4.48,4.32,4.4,24470.0
2020-10-14,4.4,4.42,4.28,4.32,14580.0
2020-10-15,4.28,4.3,4.06,4.08,42190.0
2020-10-16,4.0,4.06,3.96,4.02,21970.0
2020-10-19,4.0,4.28,4.0,4.14,27700.0
2020-10-20,4.18,4.18,4.04,4.06,4220.0
2020-10-21,4.1,4.18,4.04,4.06,6750.0
2020-10-22,4.1,4.1,4.0,4.0,8060.000000000001
2020-10-23,4.04,4.04,3.98,4.02,4750.0
2020-10-26,4.0,4.0,3.92,3.92,5680.0
2020-10-27,3.96,3.96,3.84,3.92,18030.0
2020-10-28,3.86,3.86,3.6,3.68,41070.0
2020-10-29,3.68,3.7,3.5,3.66,8510.0
2020-10-30,3.52,3.64,3.42,3.46,20210.0
2020-11-02,3.44,3.64,3.44,3.6,26650.0
2020-11-03,3.58,3.7,3.52,3.68,26710.0
2020-11-04,3.66,3.7,3.54,3.54,3750.0
2020-11-05,3.58,3.72,3.58,3.72,14410.0
2020-11-06,3.78,3.78,3.5,3.52,47200.0
2020-11-09,3.64,3.96,3.52,3.88,42850.0
2020-11-10,3.92,4.2,3.76,4.06,63460.0
2020-11-12,4.1,4.1,4.0,4.08,11130.0
2020-11-13,4.1,4.26,4.1,4.12,42530.0
2020-11-16,4.26,4.26,4.12,4.26,11430.0
2020-11-17,4.26,4.26,4.16,4.22,5760.0
2020-11-18,4.2,4.28,4.12,4.18,10050.0
2020-11-19,4.22,4.34,4.2,4.34,11370.0
2020-11-20,4.52,4.74,4.4,4.7,131220.0
2020-11-23,4.74,4.76,4.56,4.66,10830.0
2020-11-24,4.7,4.7,4.48,4.52,25930.0
2020-11-25,4.58,4.6,4.4,4.56,10760.0
2020-11-26,4.4,4.56,4.4,4.56,7610.0
2020-11-27,4.56,4.56,4.4,4.52,5930.0
2020-11-30,4.52,4.52,4.4,4.48,5210.0
2020-12-01,4.4,4.4,4.28,4.3,12190.0
2020-12-02,4.4,4.4,4.28,4.28,4160.0
2020-12-03,4.26,4.6,4.26,4.52,37300.0
2020-12-04,4.52,4.6,4.46,4.58,37950.0
2020-12-07,4.6,4.8,4.6,4.74,36520.0
2020-12-08,4.78,4.78,4.58,4.66,31500.0
2020-12-09,4.68,4.68,4.54,4.66,23860.0
2020-12-10,4.6,4.6,4.42,4.46,22420.0
2020-12-11,4.46,4.58,4.46,4.48,19900.0
2020-12-14,4.54,4.54,4.32,4.4,17040.0
2020-12-15,4.36,4.42,4.3,4.42,4730.0
2020-12-16,4.42,4.44,4.4,4.44,2950.0
2020-12-17,4.48,4.5,4.3,4.32,17230.0
2020-12-18,4.32,4.44,4.32,4.4,3440.0
2020-12-21,4.46,4.48,4.0,4.24,48380.0
2020-12-22,4.32,4.36,4.12,4.24,19550.0
2020-12-23,4.24,4.26,4.12,4.16,22910.0
2020-12-28,4.16,4.22,4.12,4.14,68650.0
2020-12-29,4.18,4.38,4.18,4.34,16030.000000000002
2020-12-30,4.32,4.58,4.12,4.18,66310.0
2021-01-04,4.48,4.58,4.38,4.58,41370.0
2021-01-05,4.62,4.68,4.28,4.44,51460.0
2021-01-07,4.5,4.7,4.5,4.7,23290.0
2021-01-08,4.7,4.7,4.56,4.6,26300.0
2021-01-11,4.7,4.7,4.58,4.66,11740.0
2021-01-12,4.66,4.68,4.52,4.52,11330.0
2021-01-13,4.52,4.6,4.52,4.52,6760.0
2021-01-14,4.52,4.56,4.48,4.56,9250.0
2021-01-15,4.46,4.52,4.42,4.52,8550.0
2021-01-18,4.5,4.56,4.42,4.56,4520.0
2021-01-19,4.5,4.6,4.5,4.5,14830.0
2021-01-20,4.6,4.6,4.52,4.6,21070.0
2021-01-21,4.64,4.96,4.6,4.64,116290.0
2021-01-22,4.68,5.05,4.6,5.05,209850.0
2021-01-25,5.2,5.7,5.15,5.45,203320.0
2021-01-26,5.4,5.4,5.1,5.35,56940.0
2021-01-27,5.35,5.45,4.92,5.05,105160.0
2021-01-28,4.92,5.2,4.86,5.05,24490.0
2021-01-29,5.05,5.05,4.9,5.05,13520.0
2021-02-01,5.1,5.1,4.92,5.05,4670.0
2021-02-02,4.98,5.0,4.9,4.92,9630.0
2021-02-03,4.96,5.15,4.96,5.15,20730.0
2021-02-04,5.15,5.3,5.1,5.2,16610.0
2021-02-05,5.2,5.2,4.9,5.1,19400.0
2021-02-08,5.15,5.15,4.96,5.05,8970.0
2021-02-09,4.96,5.05,4.94,4.98,7070.0
2021-02-10,5.05,5.35,4.96,5.2,35790.0
2021-02-11,5.1,5.3,5.1,5.15,10620.0
2021-02-12,5.2,5.2,5.05,5.1,10890.0
2021-02-15,5.15,5.15,5.05,5.1,3780.0
2021-02-16,5.2,5.2,5.05,5.05,18990.0
2021-02-17,5.1,5.1,4.94,4.94,22510.0
2021-02-18,4.94,5.0,4.86,4.96,20870.0
2021-02-19,4.96,4.96,4.88,4.96,7930.0
2021-02-22,4.96,4.96,4.74,4.88,26700.0
2021-02-23,4.82,4.82,4.58,4.76,67100.0
2021-02-24,4.74,4.74,4.64,4.7,11150.0
2021-02-25,4.7,4.76,4.6,4.74,7740.0
2021-02-26,4.6,4.7,4.5,4.68,20000.0
2021-03-01,4.56,4.72,4.56,4.72,8500.0
2021-03-02,4.72,4.78,4.7,4.78,7240.0
2021-03-03,4.78,4.92,4.76,4.84,19780.0
2021-03-04,4.78,4.88,4.72,4.72,10890.0
2021-03-05,4.82,5.15,4.7,4.96,51920.0
2021-03-08,4.98,5.4,4.92,5.3,127030.0
2021-03-09,5.3,5.3,5.0,5.05,45230.0
2021-03-10,5.15,5.15,4.88,4.94,55790.0
2021-03-11,4.98,4.98,4.9,4.98,7500.0
2021-03-12,4.96,5.2,4.92,5.15,41660.0
2021-03-15,5.2,5.2,5.05,5.05,18140.0
2021-03-16,5.05,5.1,5.0,5.1,18000.0
2021-03-17,5.2,5.2,4.92,4.94,18710.0
2021-03-18,4.96,5.0,4.76,4.96,23370.0
2021-03-19,4.92,5.0,4.92,5.0,9540.0
2021-03-22,5.0,5.2,5.0,5.15,22850.0
2021-03-23,5.2,5.2,5.05,5.15,4320.0
2021-03-24,5.15,5.15,4.96,5.0,6510.0
2021-03-25,4.98,5.05,4.9,4.98,8170.0
2021-03-26,4.98,4.98,4.9,4.98,5140.0
2021-03-29,4.98,4.98,4.86,4.96,10790.0
2021-03-30,4.96,4.98,4.9,4.96,3490.0
2021-03-31,4.98,4.98,4.94,4.98,2050.0
2021-04-01,5.05,5.21,5.0,5.15,34730.0
2021-04-06,5.19,5.3,5.11,5.25,53590.0
2021-04-07,5.4,5.45,5.12,5.29,85520.0
2021-04-08,5.29,5.29,5.06,5.17,34190.0
2021-04-09,5.14,5.22,5.06,5.18,21130.0
2021-04-12,5.24,5.24,5.17,5.22,14930.0
2021-04-13,5.24,5.24,5.11,5.18,10580.0
2021-04-14,5.11,5.2,5.11,5.15,5990.0
2021-04-15,5.18,5.18,5.11,5.11,5190.0
2021-04-16,5.15,5.15,5.07,5.08,5810.0
2021-04-19,5.13,5.13,5.0,5.0,10220.0
2021-04-20,5.0,5.1,4.89,4.92,19470.0
2021-04-21,4.95,4.97,4.92,4.97,18680.0
2021-04-22,4.97,4.98,4.96,4.96,6120.0
2021-04-23,4.98,4.99,4.96,4.99,2560.0
2021-04-26,4.97,4.97,4.9,4.91,7110.0
2021-04-27,4.91,4.91,4.86,4.86,19850.0
2021-04-28,4.88,5.02,4.82,5.02,12580.0
2021-04-29,5.02,5.05,4.91,4.91,11260.0
2021-04-30,4.99,4.99,4.91,4.92,1360.0
2021-05-04,4.93,4.99,4.91,4.91,11650.0
2021-05-05,4.98,5.05,4.91,5.02,15860.0
2021-05-06,5.0,5.17,5.0,5.1,26390.0
2021-05-07,5.19,5.19,4.91,5.09,8830.0
2021-05-10,5.09,5.09,4.91,5.08,5160.0
2021-05-11,5.08,5.08,4.95,5.0,5050.0
2021-05-12,5.09,5.09,4.96,5.05,4960.0
2021-05-13,5.0,5.04,4.96,5.02,6500.0
2021-05-14,4.9,4.9,4.42,4.74,75220.0
2021-05-17,4.76,4.8,4.64,4.79,22960.0
2021-05-18,4.79,4.79,4.75,4.76,4750.0
2021-05-19,4.76,4.76,4.62,4.66,6760.0
2021-05-20,4.78,4.8,4.7,4.8,3010.0
2021-05-21,4.8,4.82,4.75,4.82,6370.0
2021-05-24,4.87,4.89,4.81,4.84,2870.0
2021-05-25,4.91,4.91,4.72,4.88,6940.0
2021-05-26,4.89,4.89,4.75,4.86,830.0
2021-05-27,4.87,4.87,4.76,4.8,3730.0
2021-05-28,4.8,4.82,4.76,4.82,4960.0
2021-05-31,4.82,4.82,4.74,4.75,7850.0
2021-06-01,4.79,4.79,4.7,4.73,8610.0
2021-06-02,4.74,4.76,4.68,4.69,5260.0
2021-06-04,4.7,4.86,4.7,4.7,14090.0
2021-06-07,4.74,4.74,4.72,4.74,480.0
2021-06-08,4.74,4.74,4.56,4.6,10880.0
2021-06-09,4.66,4.68,4.61,4.65,2730.0
2021-06-10,4.71,4.71,4.57,4.59,12520.0
2021-06-11,4.7,4.7,4.6,4.68,4520.0
2021-06-14,4.69,4.69,4.68,4.68,1720.0
2021-06-15,4.7,4.72,4.67,4.72,14330.0
2021-06-16,4.68,4.7,4.6,4.7,8900.0
2021-06-17,4.7,4.7,4.58,4.59,11390.0
2021-06-18,4.68,4.68,4.68,4.68,0.0
2021-06-21,4.61,4.65,4.55,4.55,5560.0
2021-06-22,4.52,4.59,4.5,4.59,14120.0
2021-06-23,4.55,4.59,4.51,4.59,1940.0
2021-06-24,4.55,4.55,4.55,4.55,2450.0
2021-06-25,4.59,4.62,4.55,4.62,5660.0
2021-06-28,4.67,4.67,4.65,4.65,1180.0
2021-06-29,4.68,4.82,4.68,4.81,6340.0
2021-06-30,4.8,4.8,4.7,4.8,3570.0
2021-07-01,4.92,5.1,4.87,5.06,41710.0
2021-07-02,5.08,5.08,4.92,5.0,8670.0
2021-07-05,5.0,5.04,4.98,5.0,7610.0
2021-07-06,5.04,5.04,5.0,5.0,2670.0
2021-07-07,5.02,5.02,4.91,4.91,4740.0
2021-07-08,4.99,5.0,4.91,4.91,3720.0
2021-07-09,4.92,4.99,4.92,4.98,3870.0
2021-07-12,4.98,5.0,4.95,5.0,3780.0
2021-07-13,4.99,5.01,4.93,4.93,5160.0
2021-07-14,4.99,4.99,4.93,4.99,7720.0
2021-07-15,4.98,4.98,4.81,4.97,23280.0
2021-07-16,4.92,4.97,4.82,4.97,1720.0
2021-07-19,4.86,4.86,4.7,4.8,7030.0
2021-07-20,4.8,4.8,4.7,4.78,4430.0
2021-07-21,4.78,4.8,4.77,4.8,2340.0
2021-07-22,4.8,4.84,4.8,4.84,16190.000000000002
2021-07-23,4.87,5.35,4.87,5.18,122560.0
2021-07-26,5.18,5.25,5.07,5.24,17830.0
2021-07-27,5.24,5.24,4.95,5.04,12290.0
2021-07-28,5.06,5.12,4.93,5.07,1310.0
2021-07-29,5.1,5.1,4.92,5.02,2160.0
2021-07-30,5.06,5.18,5.0,5.12,18690.0
2021-08-02,5.13,5.13,5.0,5.0,11850.0
2021-08-03,5.06,5.09,4.98,5.08,6500.0
2021-08-04,5.08,5.08,5.08,5.08,10.0
2021-08-05,5.08,5.08,4.98,4.98,4010.0
2021-08-06,5.05,5.05,4.92,4.94,3680.0
2021-08-09,4.99,5.06,4.94,5.06,4280.0
2021-08-10,5.06,5.06,4.97,5.01,2600.0
2021-08-11,5.05,5.2,4.96,5.14,32500.0
2021-08-12,5.2,5.28,5.16,5.26,31590.0
2021-08-13,5.17,5.17,4.86,4.9,81740.0
2021-08-16,4.9,4.9,4.64,4.68,64769.99999999999
2021-08-17,4.71,4.71,4.62,4.67,12030.0
2021-08-18,4.66,4.67,4.66,4.66,5820.0
2021-08-19,4.67,4.67,4.56,4.56,16680.0
2021-08-20,4.56,4.63,4.55,4.62,5460.0
2021-08-23,4.63,4.64,4.63,4.64,4030.0000000000005
2021-08-24,4.64,4.7,4.64,4.64,6430.0
2021-08-25,4.7,4.7,4.7,4.7,1940.0
2021-08-26,4.7,4.7,4.57,4.59,4200.0
2021-08-27,4.58,4.6,4.48,4.55,17830.0
2021-08-30,4.55,4.57,4.5,4.53,6500.0
2021-08-31,4.57,4.68,4.53,4.58,18500.0
2021-09-01,4.64,4.64,4.54,4.55,5990.0
2021-09-02,4.55,4.58,4.54,4.54,8740.0
2021-09-03,4.57,4.57,4.51,4.51,7230.0
2021-09-06,4.55,4.55,4.48,4.55,15230.0
2021-09-07,4.53,4.55,4.5,4.55,4240.0
2021-09-08,4.55,4.55,4.46,4.51,4250.0
2021-09-09,4.5,4.57,4.43,4.57,11520.0
2021-09-10,4.57,4.57,4.49,4.52,1590.0
2021-09-13,4.57,4.57,4.52,4.52,3820.0
2021-09-14,4.57,4.68,4.41,4.6,18790.0
2021-09-15,4.6,4.64,4.6,4.64,1760.0
2021-09-16,4.64,4.64,4.58,4.6,1730.0
2021-09-17,4.6,4.6,4.58,4.58,2870.0
2021-09-20,4.58,4.58,4.26,4.41,17560.0
2021-09-21,4.28,4.41,4.28,4.35,16000.0
2021-09-22,4.4,4.41,4.3,4.3,1740.0
2021-09-23,4.33,4.4,4.28,4.39,5070.0
2021-09-24,4.39,4.4,4.38,4.38,11900.0
2021-09-27,4.39,4.39,4.28,4.34,1690.0
2021-09-28,4.34,4.34,4.28,4.3,1090.0
2021-09-29,4.33,4.34,4.28,4.3,2580.0
2021-09-30,4.3,4.41,4.3,4.41,5300.0
2021-10-01,4.4,4.4,4.32,4.33,2580.0
2021-10-04,4.38,4.38,4.32,4.33,2580.0
2021-10-05,4.38,4.69,4.3,4.64,27650.0
2021-10-06,4.64,4.73,4.4,4.53,26760.0
2021-10-07,4.42,4.5,4.4,4.45,3590.0
2021-10-08,4.52,4.52,4.4,4.5,7000.0
2021-10-11,4.49,4.52,4.43,4.52,4430.0
2021-10-12,4.41,4.5,4.4,4.41,11070.0
2021-10-13,4.49,4.49,4.3,4.33,10360.0
2021-10-14,4.38,4.38,4.26,4.36,12390.0
2021-10-15,4.36,4.38,4.32,4.32,920.0
2021-10-18,4.3,4.38,4.3,4.38,460.0
2021-10-19,4.3,4.38,4.3,4.38,810.0
2021-10-20,4.33,4.33,4.28,4.3,5900.0
2021-10-21,4.35,4.35,4.27,4.35,2300.0
2021-10-22,4.34,4.39,4.27,4.39,4560.0
2021-10-25,4.39,4.39,4.27,4.28,9260.0
2021-10-26,4.35,4.35,4.35,4.35,0.0
2021-10-27,4.35,4.35,4.28,4.28,2300.0
2021-10-28,4.34,4.35,4.3,4.35,970.0
2021-10-29,4.35,4.39,4.3,4.39,1750.0
2021-11-02,4.39,4.39,4.27,4.31,2650.0
2021-11-03,4.36,4.38,4.3,4.36,1180.0
2021-11-04,4.36,4.36,4.27,4.36,5290.0
2021-11-05,4.36,4.36,4.3,4.34,1720.0
2021-11-08,4.34,4.34,4.28,4.34,570.0
2021-11-09,4.34,4.34,4.26,4.32,4270.0
2021-11-10,4.32,4.32,4.24,4.3,2790.0
2021-11-12,4.3,4.3,4.3,4.3,320.0
2021-11-15,4.3,4.3,4.02,4.1,18280.0
2021-11-16,4.1,4.13,4.01,4.01,3690.0
2021-11-17,4.02,4.1,3.83,3.97,14000.0
2021-11-18,4.0,4.0,3.81,3.95,3860.0
2021-11-19,3.8,3.8,3.62,3.71,18780.0
2021-11-22,3.75,3.75,3.56,3.57,16000.0
2021-11-23,3.58,3.68,3.57,3.68,2510.0
2021-11-24,3.69,3.69,3.54,3.67,3200.0
2021-11-25,3.67,3.68,3.55,3.64,10330.0
2021-11-26,3.6,3.6,3.5,3.59,10970.0
2021-11-29,3.55,3.55,3.51,3.51,15650.0
2021-11-30,3.51,3.6,3.51,3.6,9240.0
2021-12-01,3.51,3.6,3.51,3.6,9380.0
2021-12-02,3.6,3.6,3.47,3.47,10120.0
2021-12-03,3.52,3.58,3.52,3.58,2910.0
2021-12-06,3.58,3.58,3.53,3.57,3680.0
2021-12-07,3.58,3.59,3.55,3.58,1360.0
2021-12-08,3.55,3.58,3.53,3.58,3620.0
2021-12-09,3.58,3.58,3.47,3.57,6720.0
2021-12-10,3.56,3.58,3.55,3.55,3740.0
2021-12-13,3.56,3.56,3.4,3.4,22710.0
2021-12-14,3.45,3.45,3.38,3.44,73860.0
2021-12-15,3.4,3.42,3.38,3.38,15740.0
2021-12-16,3.39,3.39,3.32,3.36,28130.0
2021-12-17,3.38,3.38,3.26,3.26,6970.0
2021-12-20,3.26,3.26,3.0,3.06,51450.0
2021-12-21,3.14,3.14,3.06,3.09,15290.0
2021-12-22,3.12,3.12,3.01,3.05,23190.0
2021-12-23,3.05,3.05,2.91,3.02,33600.0
2021-12-27,3.0,3.04,3.0,3.02,32290.0
2021-12-28,3.05,3.05,2.99,3.05,34530.0
2021-12-29,3.09,3.18,3.09,3.18,18030.0
2021-12-30,3.1,3.35,3.1,3.33,19370.0
2022-01-03,3.36,3.63,3.36,3.6,40880.0
2022-01-04,3.55,3.63,3.55,3.63,13310.0
2022-01-05,3.63,3.65,3.57,3.57,2370.0
2022-01-07,3.63,3.63,3.53,3.6,2920.0
2022-01-10,3.54,3.62,3.53,3.59,1440.0
2022-01-11,3.63,3.63,3.51,3.51,3210.0
2022-01-12,3.6,3.6,3.5,3.5,6850.0
2022-01-13,3.5,3.54,3.45,3.45,14640.0
2022-01-14,3.51,3.51,3.49,3.51,540.0
2022-01-17,3.51,3.51,3.48,3.49,140.0
2022-01-18,3.52,3.55,3.42,3.42,3800.0
2022-01-19,3.45,3.49,3.41,3.49,600.0
2022-01-20,3.49,3.49,3.4,3.4,1980.0
2022-01-21,3.48,3.48,3.33,3.33,2100.0
2022-01-24,3.33,3.42,3.16,3.16,24780.0
2022-01-25,3.02,3.16,3.02,3.14,3240.0
2022-01-26,3.28,3.28,3.16,3.27,3520.0
2022-01-27,3.19,3.27,3.17,3.27,1560.0
2022-01-28,3.27,3.27,3.2,3.2,1100.0
2022-01-31,3.25,3.35,3.25,3.35,4400.0
2022-02-01,3.35,3.39,3.27,3.38,2480.0
2022-02-02,3.38,3.39,3.38,3.39,410.0
2022-02-03,3.39,3.39,3.3,3.39,220.0
2022-02-04,3.39,3.39,3.25,3.35,2450.0
2022-02-07,3.39,3.39,3.22,3.22,6530.0
2022-02-08,3.22,3.35,3.22,3.35,2420.0
2022-02-09,3.37,3.37,3.28,3.28,2900.0
2022-02-10,3.36,3.36,3.24,3.24,4310.0
2022-02-11,3.3,3.3,3.22,3.28,240.0
2022-02-14,3.27,3.27,3.2,3.23,8060.000000000001
2022-02-15,3.24,3.24,3.24,3.24,1830.0
2022-02-16,3.23,3.3,3.15,3.3,5150.0
2022-02-17,3.35,3.35,3.16,3.35,6750.0
2022-02-18,3.3,3.3,3.18,3.25,2850.0
2022-02-21,3.25,3.25,3.13,3.14,10030.0
2022-02-22,3.14,3.2,3.09,3.2,4220.0
2022-02-23,3.2,3.2,3.2,3.2,1000.0
2022-02-24,3.05,3.05,2.8,2.88,14410.0
2022-02-25,2.83,3.1,2.83,3.09,15290.0
2022-02-28,3.06,3.19,3.06,3.13,3100.0
2022-03-01,3.12,3.13,3.08,3.13,7210.0
2022-03-02,3.13,3.39,3.13,3.36,54940.0
2022-03-03,3.36,3.36,3.28,3.34,28800.0
2022-03-04,3.36,3.36,3.21,3.21,2590.0
2022-03-07,3.25,3.35,3.21,3.3,19370.0
2022-03-08,3.25,3.25,3.21,3.23,860.0
2022-03-09,3.21,3.21,3.1,3.17,4100.0
2022-03-10,3.18,3.21,3.15,3.21,4019.9999999999995
2022-03-11,3.21,3.25,3.13,3.25,4610.0
2022-03-14,3.3,3.3,3.1,3.3,7260.0
2022-03-15,3.3,3.3,3.15,3.28,3830.0
2022-03-16,3.28,3.34,3.25,3.34,9850.0
2022-03-17,3.34,3.34,3.2,3.3,5960.0
2022-03-18,3.3,4.46,3.3,4.19,312760.0
2022-03-21,4.22,4.22,3.81,3.83,191510.0
2022-03-22,3.8,3.86,3.66,3.75,25930.0
2022-03-23,3.79,3.79,3.61,3.66,38970.0
2022-03-24,3.62,3.72,3.58,3.72,16760.0
2022-03-25,3.7,3.7,3.6,3.63,8029.999999999999
2022-03-28,3.61,3.66,3.53,3.64,20110.0
2022-03-29,3.66,3.69,3.61,3.68,14270.0
2022-03-30,3.68,3.72,3.6,3.72,10600.0
2022-03-31,3.72,3.89,3.72,3.89,23020.0
2022-04-01,3.85,3.96,3.78,3.9,20920.0
2022-04-04,3.9,3.9,3.7,3.72,13140.0
2022-04-05,3.86,3.86,3.73,3.73,5430.0
2022-04-06,3.8,3.8,3.7,3.74,8920.0
2022-04-07,3.78,3.79,3.7,3.74,16870.0
2022-04-08,3.74,3.74,3.67,3.74,1680.0
2022-04-11,3.74,3.74,3.69,3.71,4270.0
2022-04-12,3.74,3.94,3.7,3.8,33150.0
2022-04-13,3.83,3.83,3.74,3.79,1700.0
2022-04-14,3.81,3.81,3.74,3.75,960.0
2022-04-19,3.79,3.79,3.65,3.71,8550.0
2022-04-20,3.71,3.71,3.62,3.66,6500.0
2022-04-21,3.65,3.69,3.62,3.62,2630.0
2022-04-22,3.6,3.61,3.51,3.58,8130.000000000001
2022-04-25,3.67,3.67,3.4,3.49,10150.0
2022-04-26,3.49,3.49,3.38,3.43,8200.0
2022-04-27,3.42,3.46,3.25,3.46,9640.0
2022-04-28,3.46,3.46,3.31,3.37,6940.0
2022-04-29,3.37,3.48,3.3,3.4,10450.0
2022-05-02,3.4,3.4,3.3,3.4,1930.0
2022-05-04,3.4,3.41,3.3,3.41,2700.0
2022-05-05,3.42,3.46,3.41,3.46,3970.0
2022-05-06,3.4,3.44,3.34,3.44,3720.0
2022-05-09,3.44,3.46,3.37,3.4,1530.0
2022-05-10,3.4,3.4,3.34,3.4,4070.0000000000005
2022-05-11,3.48,3.48,3.3,3.4,7740.0
2022-05-12,3.39,3.39,3.28,3.29,2460.0
2022-05-13,3.27,3.3,3.11,3.3,14730.0
2022-05-16,3.39,3.39,3.2,3.28,1700.0
2022-05-17,3.28,3.6,3.2,3.56,30650.0
2022-05-18,3.5,3.5,3.28,3.36,19820.0
2022-05-19,3.4,3.4,3.36,3.4,3210.0
2022-05-20,3.4,3.4,3.33,3.37,2150.0
2022-05-23,3.4,3.4,3.38,3.4,610.0
2022-05-24,3.4,3.4,3.27,3.27,6770.0
2022-05-25,3.32,3.34,3.27,3.3,4120.0
2022-05-26,3.25,3.33,3.25,3.33,670.0
2022-05-27,3.33,3.33,3.26,3.33,780.0
2022-05-30,3.27,3.34,3.25,3.34,2820.0
2022-05-31,3.33,3.33,3.25,3.25,3680.0
2022-06-01,3.3,3.3,3.24,3.3,1260.0
2022-06-02,3.3,3.36,3.24,3.36,10940.0
2022-06-03,3.39,3.39,3.32,3.39,750.0
2022-06-06,3.39,3.39,3.32,3.35,710.0
2022-06-07,3.37,3.44,3.37,3.4,7530.0
2022-06-08,3.4,3.46,3.37,3.46,8450.0
2022-06-09,3.45,3.52,3.4,3.52,6350.0
2022-06-10,3.52,3.59,3.49,3.58,8500.0
2022-06-13,3.52,3.52,3.46,3.5,4290.0
2022-06-14,3.49,3.59,3.48,3.48,6320.0
2022-06-15,3.56,3.56,3.46,3.54,3250.0
2022-06-17,3.54,3.54,3.5,3.5,10.0
2022-06-20,3.54,3.58,3.5,3.58,6530.0
2022-06-21,3.51,3.58,3.5,3.5,1850.0
2022-06-22,3.56,3.75,3.56,3.75,20770.0
2022-06-23,3.8,3.83,3.7,3.7,6240.0
2022-06-24,3.71,3.71,3.6,3.67,6810.0
2022-06-27,3.68,3.71,3.67,3.71,3580.0
2022-06-28,3.71,3.78,3.71,3.78,6350.0
2022-06-29,3.71,3.78,3.7,3.78,4860.0
2022-06-30,3.78,3.88,3.7,3.88,4630.0
2022-07-01,3.87,3.87,3.68,3.85,5780.0
2022-07-04,3.86,3.86,3.72,3.84,21020.0
2022-07-05,3.7,3.7,3.41,3.59,16680.0
2022-07-06,3.59,3.59,3.53,3.53,2600.0
2022-07-07,3.59,4.33,3.46,3.84,75780.0
2022-07-08,3.9,3.94,3.7,3.76,42380.0
2022-07-11,3.79,3.94,3.73,3.86,13360.0
2022-07-12,3.89,3.89,3.73,3.83,2310.0
2022-07-13,3.73,3.77,3.6,3.77,13620.0
2022-07-14,3.65,3.71,3.58,3.58,6990.0
2022-07-15,3.59,3.71,3.53,3.53,12530.0
2022-07-18,3.54,3.65,3.54,3.58,2050.0
2022-07-19,3.58,3.63,3.57,3.63,1000.0
2022-07-20,3.63,3.63,3.56,3.6,2440.0
2022-07-21,3.6,3.65,3.6,3.65,2180.0
2022-07-22,3.64,3.64,3.56,3.64,910.0
2022-07-25,3.63,3.63,3.56,3.6,2180.0
2022-07-26,3.61,3.61,3.52,3.61,23010.0
2022-07-27,3.64,3.75,3.64,3.69,2540.0
2022-07-28,3.69,3.75,3.64,3.74,5970.0
2022-07-29,3.75,3.84,3.75,3.84,7450.0
2022-08-01,3.84,4.0,3.84,4.0,22130.0
2022-08-02,3.89,4.17,3.89,4.17,24390.0
2022-08-03,4.11,4.18,4.0,4.14,31090.0
2022-08-04,4.19,4.25,4.1,4.25,7130.0
2022-08-05,4.25,4.25,4.1,4.17,5520.0
2022-08-08,4.19,4.2,4.12,4.12,1160.0
2022-08-09,4.0,4.14,4.0,4.14,8630.0
2022-08-10,4.16,4.16,3.94,4.15,11460.0
2022-08-11,4.14,4.14,4.05,4.13,2230.0
2022-08-12,4.13,4.13,3.86,3.86,37810.0
2022-08-16,3.9,3.98,3.9,3.98,9480.0
2022-08-17,3.99,3.99,3.9,3.98,2250.0
2022-08-18,3.98,3.98,3.86,3.94,2250.0
2022-08-19,3.94,3.94,3.85,3.85,400.0
2022-08-22,3.85,3.9,3.8,3.9,3180.0
2022-08-23,3.9,3.9,3.69,3.77,41190.0
2022-08-24,3.77,3.77,3.7,3.75,620.0
2022-08-25,3.77,3.8,3.72,3.8,7810.0
2022-08-26,3.8,3.96,3.8,3.96,6370.0
2022-08-29,3.96,3.96,3.78,3.9,10710.0
2022-08-30,3.8,3.95,3.78,3.87,3390.0
2022-08-31,3.89,3.89,3.78,3.87,2400.0
2022-09-01,3.87,3.87,3.68,3.8,3850.0
2022-09-02,3.79,3.79,3.79,3.79,0.0
2022-09-05,3.83,3.83,3.8,3.8,980.0
2022-09-06,3.82,3.82,3.7,3.8,2890.0
2022-09-07,3.8,3.92,3.68,3.92,8810.0
2022-09-08,3.8,3.87,3.79,3.87,2840.0
2022-09-09,3.9,3.9,3.84,3.89,1420.0
2022-09-12,3.9,3.9,3.85,3.85,370.0
2022-09-13,3.9,3.9,3.85,3.85,790.0
2022-09-14,3.89,3.89,3.72,3.78,4660.0
2022-09-15,3.89,3.89,3.7,3.77,290.0
2022-09-16,3.83,3.83,3.7,3.7,830.0
2022-09-19,3.75,3.75,3.69,3.72,3370.0
2022-09-20,3.68,3.68,3.65,3.65,4200.0
2022-09-21,3.67,3.67,3.55,3.55,13630.0
2022-09-22,3.64,3.64,3.47,3.47,3170.0
2022-09-23,3.5,3.64,3.24,3.24,14940.0
2022-09-26,3.24,3.39,3.24,3.33,8260.0
2022-09-27,3.36,3.4,3.31,3.4,1130.0
2022-09-28,3.4,3.4,3.4,3.4,260.0
2022-09-29,3.37,3.37,3.26,3.3,3040.0
2022-09-30,3.28,3.37,3.28,3.36,2580.0
2022-10-03,3.38,3.38,3.22,3.32,3120.0
2022-10-04,3.3,3.32,3.18,3.21,13960.0
2022-10-05,3.27,3.38,3.27,3.28,4820.0
2022-10-06,3.37,3.37,3.25,3.25,1000.0
2022-10-07,3.35,3.35,3.26,3.26,1310.0
2022-10-10,3.35,3.35,3.25,3.32,1300.0
2022-10-11,3.32,3.33,3.32,3.33,680.0
2022-10-12,3.32,3.32,3.2,3.26,6980.0
2022-10-13,3.26,3.26,3.16,3.26,7400.0
2022-10-14,3.26,3.35,3.18,3.35,7570.0
2022-10-17,3.37,3.46,3.37,3.43,7640.0
2022-10-18,3.43,3.43,3.39,3.39,500.0
2022-10-19,3.43,3.43,3.39,3.39,200.0
2022-10-20,3.43,3.43,3.38,3.38,5780.0
2022-10-21,3.43,3.45,3.38,3.45,370.0
2022-10-24,3.44,3.46,3.33,3.46,5150.0
2022-10-25,3.46,3.46,3.46,3.46,0.0
2022-10-26,3.46,3.46,3.38,3.45,1250.0
2022-10-27,3.45,3.45,3.45,3.45,10.0
2022-10-28,3.45,3.45,3.35,3.45,1100.0
2022-10-31,3.45,3.47,3.45,3.47,4980.0
2022-11-02,3.49,3.59,3.47,3.59,8010.0
2022-11-03,3.6,3.63,3.5,3.63,3060.0
2022-11-04,3.63,3.67,3.63,3.67,10280.0
2022-11-07,3.67,3.87,3.6,3.66,4660.0
2022-11-08,3.71,3.75,3.46,3.5,19500.0
2022-11-09,3.5,3.59,3.5,3.59,2410.0
2022-11-10,3.6,3.72,3.58,3.64,8320.0
2022-11-14,3.64,3.64,3.5,3.62,23720.0
2022-11-15,3.62,3.62,3.62,3.62,5630.0
2022-11-16,3.7,3.7,3.62,3.67,6400.0
2022-11-17,3.69,3.69,3.68,3.68,1500.0
2022-11-18,3.68,3.68,3.63,3.63,1880.0
2022-11-21,3.68,3.68,3.54,3.65,1070.0
2022-11-22,3.66,3.66,3.54,3.62,1730.0
2022-11-23,3.67,3.67,3.52,3.53,23340.0
2022-11-24,3.62,3.67,3.62,3.67,1320.0
2022-11-25,3.66,3.66,3.54,3.63,1600.0
2022-11-28,3.63,3.63,3.55,3.61,1200.0
2022-11-29,3.61,3.61,3.53,3.56,910.0
2022-11-30,3.56,3.58,3.51,3.58,3470.0
2022-12-01,3.59,3.59,3.52,3.59,1140.0
2022-12-02,3.59,3.59,3.54,3.54,1760.0
2022-12-05,3.59,3.59,3.51,3.58,3600.0
2022-12-06,3.58,3.58,3.49,3.49,1370.0
2022-12-07,3.58,3.59,3.58,3.59,730.0
2022-12-08,3.59,3.59,3.59,3.59,700.0
2022-12-09,3.58,3.58,3.58,3.58,50.0
2022-12-12,3.56,3.56,3.49,3.56,2480.0
2022-12-13,3.56,3.56,3.5,3.5,1060.0
2022-12-14,3.56,3.56,3.54,3.56,810.0
2022-12-15,3.56,3.56,3.56,3.56,10.0
2022-12-16,3.5,3.5,3.45,3.46,14240.0
2022-12-19,3.47,3.47,3.37,3.46,4550.0
2022-12-20,3.47,3.47,3.38,3.4,3380.0
2022-12-21,3.38,3.4,3.35,3.4,1910.0
2022-12-22,3.44,3.44,3.34,3.34,2490.0
2022-12-23,3.41,3.41,3.31,3.31,46230.0
2022-12-27,3.38,3.38,3.21,3.21,9780.0
2022-12-28,3.28,3.3,3.14,3.28,17850.0
2022-12-29,3.25,3.3,3.2,3.3,4800.0
2022-12-30,3.3,3.32,3.21,3.31,7960.0
2023-01-02,3.48,3.48,3.22,3.41,9500.0
2023-01-03,3.43,3.44,3.36,3.43,3360.0
2023-01-04,3.36,3.45,3.36,3.45,3880.0
2023-01-05,3.48,3.48,3.46,3.46,9010.0
2023-01-09,3.48,3.52,3.48,3.52,3520.0
2023-01-10,3.52,3.77,3.52,3.77,20490.0
2023-01-11,3.77,3.77,3.59,3.75,8920.0
2023-01-12,3.67,3.69,3.5,3.69,12380.0
2023-01-13,3.78,3.78,3.57,3.57,10700.0
2023-01-16,3.67,3.7,3.67,3.7,5190.0
2023-01-17,3.7,3.73,3.66,3.72,1360.0
2023-01-18,3.73,3.73,3.65,3.65,1500.0
2023-01-19,3.72,3.72,3.55,3.56,16530.0
2023-01-20,3.6,3.63,3.54,3.63,1310.0
2023-01-23,3.63,3.63,3.56,3.63,1050.0
2023-01-24,3.62,3.62,3.53,3.53,17090.0
2023-01-25,3.62,3.62,3.52,3.6,3420.0
2023-01-26,3.61,3.68,3.6,3.62,8310.0
2023-01-27,3.67,3.68,3.56,3.68,7090.0
2023-01-30,3.65,3.65,3.52,3.62,7760.0
2023-01-31,3.62,3.62,3.52,3.62,4840.0
2023-02-01,3.55,3.62,3.55,3.62,4590.0
2023-02-02,3.62,3.62,3.53,3.6,2540.0
2023-02-03,3.61,3.65,3.55,3.57,3430.0
2023-02-06,3.64,3.64,3.55,3.55,3230.0
2023-02-07,3.55,3.62,3.55,3.62,570.0
2023-02-08,3.62,3.64,3.62,3.64,2040.0
2023-02-09,3.62,3.66,3.62,3.66,4430.0
2023-02-10,3.66,3.67,3.62,3.67,6540.0
2023-02-13,3.69,3.69,3.68,3.68,360.0
2023-02-14,3.69,3.69,3.52,3.62,5320.0
2023-02-15,3.61,3.62,3.61,3.62,630.0
2023-02-16,3.68,3.68,3.53,3.61,740.0
2023-02-17,3.6,3.6,3.52,3.6,2980.0
2023-02-20,3.6,3.61,3.58,3.61,2160.0
2023-02-21,3.56,3.61,3.56,3.61,4920.0
2023-02-22,3.6,3.6,3.52,3.58,6100.0
2023-02-23,3.6,3.6,3.55,3.59,10.0
2023-02-24,3.59,3.59,3.55,3.55,1150.0
2023-02-27,3.59,3.59,3.58,3.59,850.0
2023-02-28,3.59,3.59,3.51,3.53,2380.0
2023-03-01,3.58,3.6,3.48,3.6,9500.0
2023-03-02,3.58,3.58,3.52,3.52,390.0
2023-03-03,3.49,3.58,3.49,3.58,510.0
2023-03-06,3.57,3.57,3.4,3.4,10710.0
2023-03-07,3.51,3.52,3.38,3.45,9150.0
2023-03-08,3.42,3.48,3.42,3.48,1550.0
2023-03-09,3.48,3.48,3.4,3.47,720.0
2023-03-10,3.4,3.44,3.31,3.44,6560.0
2023-03-13,3.45,3.45,3.28,3.35,19110.0
2023-03-14,3.38,3.38,3.34,3.34,30810.0
2023-03-15,3.36,3.37,3.32,3.32,1700.0
2023-03-16,3.39,3.41,3.31,3.32,8890.0
2023-03-17,3.39,3.39,3.39,3.39,0.0
2023-03-20,3.32,3.39,3.32,3.39,340.0
2023-03-21,3.39,3.4,3.34,3.4,1750.0
2023-03-22,3.4,3.42,3.35,3.41,3580.0
2023-03-23,3.4,3.4,3.31,3.37,5520.0
2023-03-24,3.34,3.37,3.33,3.37,420.0
2023-03-27,3.37,3.38,3.29,3.29,38950.0
2023-03-28,3.33,3.33,3.27,3.33,4910.0
2023-03-29,3.33,3.33,3.26,3.31,13500.0
2023-03-30,3.25,3.39,3.25,3.39,4310.0
2023-03-31,3.39,3.39,3.3,3.3,8690.0
2023-04-03,3.33,3.34,3.24,3.29,2590.0
2023-04-04,3.3,3.3,3.27,3.29,980.0
2023-04-05,3.29,3.29,3.27,3.29,240.0
2023-04-06,3.3,3.3,3.28,3.3,2140.0
2023-04-11,3.3,3.32,3.3,3.32,4910.0
2023-04-12,3.31,3.37,3.27,3.32,65440.0
2023-04-13,3.32,3.32,3.26,3.3,11630.0
2023-04-14,3.3,3.3,3.3,3.3,1960.0
2023-04-17,3.32,3.32,3.3,3.32,10210.0
2023-04-18,3.32,3.32,3.27,3.27,2460.0
2023-04-19,3.32,3.32,3.31,3.32,21590.0
2023-04-20,3.34,3.56,3.34,3.55,23160.0
2023-04-21,3.55,3.56,3.44,3.56,3720.0
2023-04-24,3.56,3.56,3.4,3.47,11070.0
2023-04-25,3.44,3.44,3.36,3.37,9710.0
2023-04-26,3.4,3.4,3.32,3.4,9390.0
2023-04-27,3.4,3.4,3.3,3.37,7500.0
2023-04-28,3.37,3.37,3.27,3.27,10990.0
2023-05-02,3.29,3.35,3.29,3.29,4870.0
2023-05-04,3.34,3.35,3.34,3.35,1250.0
2023-05-05,3.28,3.36,3.28,3.36,4510.0
2023-05-08,3.37,3.37,3.26,3.28,6940.0
2023-05-09,3.33,3.34,3.3,3.3,1760.0
2023-05-10,3.33,3.34,3.3,3.34,4019.9999999999995
2023-05-11,3.35,3.35,3.3,3.3,230.0
2023-05-12,3.28,3.33,3.28,3.33,7570.0
2023-05-15,3.3,3.33,3.25,3.32,3520.0
2023-05-16,3.35,3.36,3.34,3.36,3560.0
2023-05-17,3.36,3.36,3.34,3.34,320.0
2023-05-18,3.36,3.36,3.36,3.36,1520.0
2023-05-19,3.36,3.36,3.3,3.3,2140.0
2023-05-22,3.36,3.36,3.36,3.36,30.0
2023-05-23,3.35,3.35,3.28,3.28,2570.0
2023-05-24,3.31,3.31,3.28,3.31,3000.0
2023-05-25,3.31,3.31,3.31,3.31,30.0
2023-05-26,3.3,3.31,3.29,3.29,2640.0
2023-05-29,3.3,3.3,3.29,3.3,160.0
2023-05-30,3.33,3.33,3.28,3.32,1400.0
2023-05-31,3.34,3.34,3.28,3.28,460.0
2023-06-01,3.34,3.34,3.28,3.29,100.0
2023-06-02,3.33,3.33,3.26,3.33,7140.0
2023-06-05,3.35,3.35,3.33,3.35,1440.0
2023-06-06,3.35,3.35,3.3,3.35,1290.0
2023-06-07,3.36,3.36,3.35,3.35,200.0
2023-06-09,3.36,3.36,3.3,3.34,1910.0
2023-06-12,3.34,3.34,3.29,3.29,140.0
2023-06-13,3.34,3.34,3.34,3.34,0.0
2023-06-14,3.33,3.33,3.29,3.32,880.0
2023-06-15,3.32,3.32,3.3,3.31,1480.0
2023-06-16,3.31,3.32,3.28,3.28,1680.0
2023-06-19,3.33,3.33,3.32,3.32,120.0
2023-06-20,3.28,3.36,3.28,3.36,7660.0
2023-06-21,3.37,3.48,3.37,3.45,13960.0
2023-06-22,3.45,3.45,3.43,3.43,20.0
2023-06-23,3.42,3.43,3.37,3.43,2610.0
2023-06-26,3.45,3.48,3.42,3.42,8350.0
2023-06-27,3.42,3.42,3.4,3.4,1550.0
2023-06-28,3.46,3.46,3.46,3.46,0.0
2023-06-29,3.43,3.47,3.4,3.47,1310.0
2023-06-30,3.46,3.46,3.45,3.46,1260.0
2023-07-03,3.46,3.46,3.41,3.42,1550.0
2023-07-04,3.42,3.46,3.37,3.39,25910.0
2023-07-05,3.38,3.38,3.32,3.38,9250.0
2023-07-06,3.37,3.37,3.29,3.35,4620.0
2023-07-07,3.33,3.38,3.33,3.37,3060.0
2023-07-10,3.36,3.37,3.33,3.37,1600.0
2023-07-11,3.35,3.37,3.35,3.35,2600.0
2023-07-12,3.34,3.35,3.34,3.35,5310.0
2023-07-13,3.35,3.35,3.35,3.35,4090.0
2023-07-14,3.35,3.35,3.33,3.35,7860.0
2023-07-17,3.34,3.38,3.34,3.38,4980.0
2023-07-18,3.39,3.4,3.34,3.38,11350.0
2023-07-19,3.38,3.43,3.38,3.42,11310.0
2023-07-20,3.45,3.53,3.45,3.5,25270.0
2023-07-21,3.53,3.53,3.42,3.42,10990.0
2023-07-24,3.51,3.51,3.5,3.51,1820.0
2023-07-25,3.51,3.53,3.47,3.52,5700.0
2023-07-26,3.52,3.53,3.49,3.5,2860.0
2023-07-27,3.5,3.53,3.43,3.53,9320.0
2023-07-28,3.5,3.53,3.47,3.51,4340.0
2023-07-31,3.51,3.56,3.51,3.56,7280.0
2023-08-01,3.56,3.64,3.56,3.64,12240.0
2023-08-02,3.64,3.64,3.57,3.57,2340.0
2023-08-03,3.59,3.59,3.55,3.55,5000.0
2023-08-04,3.59,3.61,3.59,3.61,9520.0
2023-08-07,3.64,3.64,3.58,3.58,5370.0
2023-08-08,3.6,3.6,3.56,3.56,2560.0
2023-08-09,3.58,3.6,3.56,3.56,2350.0
2023-08-10,3.6,3.6,3.56,3.57,2820.0
2023-08-11,3.59,3.6,3.56,3.6,7540.0
2023-08-14,3.65,3.65,3.63,3.63,15920.0
2023-08-16,3.65,3.7,3.53,3.64,32280.0
2023-08-17,3.6,3.64,3.54,3.59,34450.0
2023-08-18,3.47,3.47,3.35,3.44,15740.0
2023-08-21,3.44,3.44,3.39,3.39,3690.0
2023-08-22,3.43,3.43,3.39,3.39,4120.0
2023-08-23,3.42,3.42,3.41,3.42,1000.0
2023-08-24,3.44,3.44,3.39,3.44,60.0
2023-08-25,3.39,3.39,3.32,3.33,7150.0
2023-08-28,3.39,3.39,3.25,3.29,14490.0
2023-08-29,3.33,3.33,3.25,3.26,2550.0
2023-08-30,3.31,3.31,3.24,3.29,1400.0
2023-08-31,3.25,3.29,3.25,3.29,3700.0
2023-09-01,3.29,3.31,3.2,3.2,13630.0
2023-09-04,3.24,3.24,3.16,3.2,2380.0
2023-09-05,3.19,3.25,3.19,3.25,1310.0
2023-09-06,3.25,3.25,3.2,3.21,2120.0
2023-09-07,3.24,3.24,3.24,3.24,300.0
2023-09-08,3.24,3.24,3.24,3.24,30.0
2023-09-11,3.24,3.24,3.24,3.24,520.0
2023-09-12,3.24,3.25,3.24,3.25,2090.0
2023-09-13,3.22,3.32,3.21,3.32,1660.0
2023-09-14,3.26,3.26,3.26,3.26,800.0
2023-09-15,3.28,3.28,3.22,3.22,410.0
2023-09-18,3.28,3.28,3.21,3.21,610.0
2023-09-19,3.25,3.25,3.18,3.22,6110.0
2023-09-20,3.2,3.2,3.1,3.17,12870.0
2023-09-21,3.11,3.18,3.11,3.17,1560.0
2023-09-22,3.15,3.18,3.12,3.15,6230.0
2023-09-25,3.17,3.17,3.09,3.09,4190.0
2023-09-26,3.16,3.16,3.16,3.16,130.0
2023-09-27,3.16,3.16,3.16,3.16,10.0
2023-09-28,3.16,3.16,3.06,3.06,7620.0
2023-09-29,3.14,3.14,3.07,3.1,990.0
2023-10-02,3.16,3.16,2.89,2.91,13280.0
2023-10-03,2.91,2.91,2.75,2.83,22110.0
2023-10-04,2.95,2.95,2.76,2.95,4440.0
2023-10-05,2.93,2.93,2.77,2.8,5880.0
2023-10-06,2.9,2.9,2.77,2.77,7600.0
2023-10-09,2.9,2.9,2.78,2.86,830.0
2023-10-10,2.86,2.87,2.77,2.87,2680.0
2023-10-11,2.87,2.88,2.83,2.87,2370.0
2023-10-12,2.87,2.87,2.83,2.86,1000.0
2023-10-13,2.86,2.92,2.84,2.92,6420.0
2023-10-16,2.92,2.92,2.85,2.91,1610.0
2023-10-17,2.91,2.91,2.9,2.9,5000.0
2023-10-18,2.92,2.93,2.9,2.93,4680.0
2023-10-19,2.93,2.93,2.9,2.9,2210.0
2023-10-20,2.94,2.94,2.9,2.93,3780.0
2023-10-23,2.94,2.94,2.9,2.92,7100.0
2023-10-24,2.94,2.94,2.9,2.94,15760.0
2023-10-25,2.94,2.98,2.91,2.96,8020.0
2023-10-26,2.96,3.04,2.96,3.0,3520.0
2023-10-27,3.07,3.08,3.05,3.05,8370.0
2023-10-30,3.07,3.07,3.0,3.06,3620.0
2023-10-31,3.06,3.06,2.9,2.98,7800.0
2023-11-02,2.98,2.98,2.96,2.96,150.0
2023-11-03,2.96,2.96,2.95,2.95,170.0
2023-11-06,2.95,2.95,2.92,2.95,1790.0
2023-11-07,2.95,3.0,2.95,2.98,2380.0
2023-11-08,2.98,3.0,2.98,3.0,2480.0
2023-11-09,2.98,2.99,2.97,2.99,2390.0
2023-11-10,2.99,2.99,2.94,2.97,1220.0
2023-11-13,2.97,2.98,2.94,2.94,1230.0
2023-11-14,2.92,2.97,2.92,2.97,1740.0
2023-11-15,2.97,2.98,2.93,2.96,2640.0
2023-11-16,2.95,2.95,2.93,2.93,1310.0
2023-11-17,2.95,2.95,2.93,2.93,1830.0
2023-11-20,2.93,2.95,2.93,2.95,8760.0
2023-11-21,2.97,3.0,2.94,3.0,9900.0
2023-11-22,3.0,3.0,2.99,3.0,300.0
2023-11-23,3.0,3.0,2.94,2.94,960.0
2023-11-24,2.99,2.99,2.94,2.98,3350.0
2023-11-27,2.94,2.98,2.94,2.94,2180.0
2023-11-28,2.98,3.0,2.95,3.0,4940.0
2023-11-29,3.0,3.0,2.95,2.95,1590.0
2023-11-30,2.99,2.99,2.96,2.96,1390.0
2023-12-01,2.99,2.99,2.95,2.96,6300.0
2023-12-04,2.96,3.03,2.96,3.0,5300.0
2023-12-05,3.0,3.02,2.96,3.0,3580.0
2023-12-06,3.02,3.02,2.99,2.99,400.0
2023-12-07,3.03,3.03,3.0,3.0,860.0
2023-12-08,3.02,3.02,3.01,3.02,390.0
2023-12-11,3.02,3.02,2.99,2.99,940.0
2023-12-12,2.99,3.0,2.98,3.0,3370.0
2023-12-13,3.01,3.01,2.95,2.95,2510.0
2023-12-14,2.99,2.99,2.95,2.99,4910.0
2023-12-15,2.99,3.0,2.97,2.97,3820.0
2023-12-18,2.98,2.98,2.92,2.92,7780.0
2023-12-19,2.95,2.95,2.92,2.93,3860.0
2023-12-20,2.95,2.95,2.86,2.86,12750.0
2023-12-21,2.85,2.88,2.8,2.88,17790.0
2023-12-22,2.89,2.89,2.83,2.84,5980.0
2023-12-27,2.82,2.84,2.78,2.82,46890.0
2023-12-28,2.8,2.86,2.8,2.8,13120.0
2023-12-29,2.86,2.86,2.86,2.86,50.0
2024-01-02,2.86,2.9,2.86,2.9,4600.0
2024-01-03,2.91,2.91,2.84,2.89,5360.0
2024-01-04,2.89,2.91,2.84,2.91,2280.0
2024-01-05,2.91,2.94,2.86,2.86,2720.0
2024-01-08,2.91,2.91,2.85,2.85,1000.0
2024-01-09,2.91,2.91,2.89,2.91,1460.0
2024-01-10,2.91,2.97,2.91,2.97,6860.0
2024-01-11,2.97,2.98,2.93,2.94,4630.0
2024-01-12,2.96,2.96,2.96,2.96,180.0
2024-01-15,2.96,2.96,2.94,2.94,5950.0
2024-01-16,2.96,2.96,2.94,2.95,400.0
2024-01-17,2.95,3.01,2.94,2.94,16630.0
2024-01-18,2.95,2.95,2.95,2.95,10.0
2024-01-19,2.99,3.48,2.95,3.17,56070.0
2024-01-22,3.17,3.17,3.04,3.04,10640.0
2024-01-23,3.04,3.05,3.03,3.05,5680.0
2024-01-24,3.05,3.05,3.01,3.05,1280.0
2024-01-25,3.05,3.05,3.02,3.02,1370.0
2024-01-26,3.05,3.05,3.05,3.05,2020.0
2024-01-29,3.04,3.1,3.04,3.04,970.0
2024-01-30,3.08,3.08,3.08,3.08,140.0
2024-01-31,3.07,3.07,3.03,3.03,540.0
2024-02-01,3.08,3.1,3.06,3.08,4260.0
2024-02-02,3.11,3.11,3.02,3.02,3790.0
2024-02-05,3.09,3.11,3.04,3.08,3750.0
2024-02-06,3.07,3.07,3.06,3.06,750.0
2024-02-07,3.07,3.07,3.07,3.07,10.0
2024-02-08,3.07,3.07,3.07,3.07,130.0
2024-02-09,3.07,3.08,3.01,3.07,12810.0
2024-02-12,3.07,3.15,3.07,3.15,3250.0
2024-02-13,3.15,3.15,3.07,3.08,3670.0
2024-02-14,3.08,3.08,2.95,3.04,6660.0
2024-02-15,3.07,3.07,3.04,3.04,570.0
2024-02-16,3.05,3.05,2.98,2.98,520.0
2024-02-19,3.05,3.05,2.98,3.02,1040.0
2024-02-20,3.02,3.02,2.96,2.96,2210.0
2024-02-21,3.02,3.02,2.96,2.96,450.0
2024-02-22,3.02,3.02,2.98,3.02,2800.0
2024-02-23,3.02,3.02,3.02,3.02,680.0
2024-02-26,3.02,3.02,2.96,2.96,790.0
2024-02-27,3.02,3.02,3.02,3.02,20.0
2024-02-28,3.02,3.02,2.98,2.98,1030.0
2024-02-29,2.96,3.03,2.95,2.98,22860.0
2024-03-01,3.0,3.1,3.0,3.1,15990.0
2024-03-04,3.2,3.27,3.2,3.22,46240.0
2024-03-05,3.22,3.22,3.18,3.2,4160.0
2024-03-06,3.2,3.2,3.15,3.15,1600.0
2024-03-07,3.15,3.19,3.15,3.18,1030.0
2024-03-08,3.18,3.19,3.18,3.19,1820.0
2024-03-11,3.2,3.2,3.05,3.05,6830.0
2024-03-12,3.09,3.1,3.06,3.06,1800.0
2024-03-13,3.15,3.15,3.06,3.07,3650.0
2024-03-14,3.08,3.15,3.08,3.15,300.0
2024-03-15,3.15,3.15,3.15,3.15,150.0
2024-03-18,3.13,3.15,3.07,3.07,2610.0
2024-03-19,3.15,3.15,3.08,3.08,840.0
2024-03-20,3.1,3.1,3.08,3.1,1020.0
2024-03-21,3.13,3.13,2.98,3.09,10630.0
2024-03-22,3.09,3.09,2.9,3.05,23400.0
2024-03-25,3.06,3.06,2.92,2.99,6420.0
2024-03-26,3.03,3.04,2.99,3.04,8490.0
2024-03-27,3.04,3.04,2.94,3.0,15510.0
2024-03-28,3.0,3.0,2.95,2.99,900.0
2024-04-02,2.99,3.04,2.91,3.01,21180.0
2024-04-03,3.01,3.01,2.92,2.99,5710.0
2024-04-04,2.99,3.04,2.95,3.04,8210.0
2024-04-05,3.04,3.06,3.02,3.06,7300.0
2024-04-08,3.06,3.06,2.99,3.04,4850.0
2024-04-09,3.04,3.04,2.98,3.0,2570.0
2024-04-10,2.99,2.99,2.91,2.98,7710.0
2024-04-11,2.98,2.99,2.9,2.98,4770.0
2024-04-12,2.98,2.98,2.94,2.95,1010.0
2024-04-15,2.95,2.98,2.95,2.98,4880.0
2024-04-16,3.08,3.15,3.0,3.1,49260.0
2024-04-17,3.12,3.14,3.1,3.14,1910.0
2024-04-18,3.13,3.14,3.1,3.12,2390.0
2024-04-19,3.09,3.09,3.07,3.09,11590.0
2024-04-22,3.08,3.15,3.07,3.15,5170.0
2024-04-23,3.15,3.15,3.1,3.15,240.0
2024-04-24,3.15,3.19,3.15,3.19,8450.0
2024-04-25,3.21,3.21,3.17,3.18,2390.0
2024-04-26,3.19,3.21,3.18,3.21,4920.0
2024-04-29,3.21,3.21,3.17,3.21,1210.0
2024-04-30,3.21,3.21,3.17,3.21,7230.0
2024-05-02,3.21,3.21,3.2,3.2,240.0
2024-05-06,3.2,3.2,3.18,3.2,1760.0
2024-05-07,3.2,3.21,3.16,3.2,9190.0
2024-05-08,3.12,3.12,3.04,3.07,22420.0
2024-05-09,3.07,3.12,3.07,3.12,1030.0
2024-05-10,3.12,3.12,3.07,3.1,3360.0
2024-05-13,3.1,3.1,3.06,3.09,1300.0
2024-05-14,3.09,3.15,3.07,3.15,11190.0
2024-05-15,3.15,3.16,3.13,3.16,1170.0
2024-05-16,3.16,3.18,3.13,3.18,7650.0
2024-05-17,3.19,3.19,3.12,3.18,13170.0
2024-05-20,3.16,3.21,3.15,3.21,7380.0
2024-05-21,3.19,3.2,3.19,3.2,10660.0
2024-05-22,3.2,3.34,3.19,3.31,34690.0
2024-05-23,3.3,3.31,3.22,3.31,13250.0
2024-05-24,3.31,3.31,3.24,3.3,12390.0
2024-05-27,3.3,3.3,3.24,3.3,3810.0
2024-05-28,3.3,3.3,3.3,3.3,0.0
2024-05-29,3.24,3.25,3.15,3.15,10880.0
2024-05-31,3.13,3.18,3.06,3.18,11300.0
2024-06-03,3.18,3.18,3.11,3.16,1450.0
2024-06-04,3.16,3.19,3.11,3.19,3150.0
2024-06-05,3.18,3.2,3.18,3.2,2009.9999999999998
2024-06-06,3.19,3.2,3.18,3.18,1130.0
2024-06-07,3.16,3.2,3.14,3.2,1250.0
2024-06-10,3.16,3.26,3.16,3.24,6660.0
2024-06-11,3.25,3.25,3.14,3.15,5620.0
2024-06-12,3.11,3.16,3.09,3.16,7470.0
2024-06-13,3.1,3.2,3.1,3.2,5050.0
2024-06-14,3.2,3.2,3.12,3.2,6830.0
2024-06-17,3.2,3.2,3.2,3.2,10.0
2024-06-18,3.19,3.19,3.09,3.17,6770.0
2024-06-19,3.14,3.17,3.14,3.17,4260.0
2024-06-20,3.16,3.16,3.16,3.16,580.0
2024-06-21,3.17,3.19,3.14,3.19,10170.0
2024-06-24,3.19,3.19,3.14,3.19,420.0
2024-06-25,3.19,3.19,3.13,3.18,590.0
2024-06-26,3.18,3.18,3.09,3.18,2480.0
2024-06-27,3.18,3.18,3.08,3.13,3140.0
2024-06-28,3.1,3.13,3.1,3.13,20.0
2024-07-01,3.1,3.13,3.08,3.13,1590.0
2024-07-02,3.03,3.12,3.03,3.1,9650.0
2024-07-03,3.1,3.18,3.1,3.18,9700.0
2024-07-04,3.18,3.19,3.11,3.19,700.0
2024-07-05,3.19,3.19,3.11,3.17,790.0
2024-07-08,3.12,3.16,3.12,3.16,1050.0
2024-07-09,3.17,3.17,3.1,3.13,10430.0
2024-07-10,3.13,3.15,3.13,3.15,4400.0
2024-07-11,3.14,3.14,3.09,3.09,170.0
2024-07-12,3.1,3.1,3.06,3.06,7750.0
2024-07-15,3.1,3.1,3.05,3.05,2940.0
2024-07-16,3.05,3.05,3.04,3.04,6160.0
2024-07-17,3.05,3.05,3.02,3.02,1440.0
2024-07-18,3.02,3.08,3.02,3.08,760.0
2024-07-19,3.08,3.08,3.02,3.05,1380.0
2024-07-22,3.05,3.05,3.0,3.01,4590.0
2024-07-23,3.05,3.05,3.0,3.05,2340.0
2024-07-24,3.05,3.05,3.05,3.05,0.0
2024-07-25,3.05,3.05,3.0,3.04,2610.0
2024-07-26,3.05,3.05,2.99,3.04,630.0
2024-07-29,3.05,3.05,3.05,3.05,1350.0
2024-07-30,3.05,3.05,3.05,3.05,100.0
2024-07-31,3.0,3.0,2.99,2.99,3670.0
2024-08-01,3.0,3.04,2.95,3.04,4540.0
2024-08-02,3.04,3.04,2.81,2.95,15130.0
2024-08-05,2.86,2.87,2.8,2.87,7570.0
2024-08-06,2.93,2.93,2.81,2.82,6200.0
2024-08-07,2.89,2.89,2.81,2.89,5550.0
2024-08-08,2.89,2.89,2.89,2.89,10.0
2024-08-09,2.89,2.89,2.89,2.89,0.0
2024-08-12,2.89,2.89,2.88,2.89,130.0
2024-08-13,2.89,2.89,2.89,2.89,0.0
2024-08-14,2.89,2.89,2.89,2.89,0.0
2024-08-16,2.89,2.89,2.83,2.85,900.0
2024-08-19,2.89,2.92,2.83,2.92,6950.0
2024-08-20,2.93,2.93,2.91,2.91,20.0
2024-08-21,2.91,2.91,2.91,2.91,0.0
2024-08-22,2.91,2.93,2.91,2.93,3230.0
2024-08-23,2.93,2.93,2.93,2.93,10.0
2024-08-26,2.93,2.93,2.93,2.93,0.0
2024-08-27,2.93,2.93,2.93,2.93,0.0
2024-08-28,2.93,2.93,2.83,2.87,5390.0
2024-08-29,2.82,2.85,2.82,2.85,2330.0
2024-08-30,2.82,2.87,2.82,2.87,3200.0
2024-09-02,2.87,2.88,2.85,2.85,730.0
2024-09-03,2.89,2.89,2.82,2.82,720.0
2024-09-04,2.87,2.87,2.82,2.87,1160.0
2024-09-05,2.87,2.87,2.87,2.87,810.0
2024-09-06,2.87,2.87,2.87,2.87,20.0
2024-09-09,2.87,2.87,2.87,2.87,160.0
2024-09-10,2.87,2.87,2.87,2.87,0.0
2024-09-11,2.87,2.87,2.87,2.87,500.0
2024-09-12,2.88,2.88,2.87,2.87,500.0
2024-09-13,2.88,2.88,2.83,2.86,1410.0
2024-09-16,2.86,2.89,2.85,2.85,1110.0
2024-09-17,2.89,2.89,2.89,2.89,10.0
2024-09-18,2.89,2.89,2.85,2.85,660.0
2024-09-19,2.89,2.89,2.84,2.85,2410.0
2024-09-20,2.88,2.88,2.82,2.87,310.0
2024-09-23,2.88,2.88,2.8,2.86,940.0
2024-09-24,2.86,2.86,2.86,2.86,20.0
2024-09-25,2.86,2.86,2.83,2.83,460.0
2024-09-26,2.84,2.84,2.8,2.83,2480.0
2024-09-27,2.84,2.84,2.83,2.84,3400.0
2024-09-30,2.87,2.87,2.87,2.87,140.0
2024-10-01,2.87,2.87,2.84,2.85,870.0
2024-10-02,2.87,2.87,2.79,2.85,3010.0
2024-10-03,2.85,2.85,2.8,2.8,70.0
2024-10-04,2.85,2.85,2.71,2.77,20120.0
2024-10-07,2.72,2.77,2.72,2.77,2290.0
2024-10-08,2.7,2.7,2.68,2.7,8840.0
2024-10-09,2.75,2.75,2.65,2.71,1200.0
2024-10-10,2.72,2.74,2.71,2.74,390.0
2024-10-11,2.74,2.74,2.66,2.71,1030.0
2024-10-14,2.71,2.72,2.71,2.72,960.0
2024-10-15,2.74,2.74,2.65,2.72,2950.0
2024-10-16,2.74,2.74,2.69,2.69,380.0
2024-10-17,2.69,2.69,2.63,2.63,9080.0
2024-10-18,2.63,2.64,2.63,2.64,590.0
2024-10-21,2.69,2.69,2.64,2.64,550.0
2024-10-22,2.69,2.69,2.64,2.64,20.0
2024-10-23,2.69,2.69,2.69,2.69,20.0
2024-10-24,2.69,2.69,2.68,2.68,490.0
2024-10-25,2.6,2.6,2.46,2.6,18430.0
2024-10-28,2.6,2.6,2.53,2.6,630.0
2024-10-29,2.6,2.6,2.56,2.6,2300.0
2024-10-30,2.6,2.6,2.56,2.56,1940.0
2024-10-31,2.58,2.6,2.55,2.6,740.0
2024-11-04,2.6,2.6,2.59,2.59,80.0
2024-11-05,2.59,2.59,2.55,2.55,1940.0
2024-11-06,2.58,2.58,2.55,2.58,1350.0
2024-11-07,2.59,2.59,2.59,2.59,20.0
2024-11-08,2.56,2.56,2.55,2.56,2760.0
2024-11-12,2.59,2.59,2.51,2.53,11600.0
2024-11-13,2.53,2.54,2.51,2.54,4270.0
2024-11-14,2.59,2.59,2.5,2.51,1970.0
2024-11-15,2.54,2.54,2.5,2.54,13100.0
2024-11-18,2.54,2.54,2.45,2.45,5930.0
2024-11-19,2.47,2.48,2.41,2.44,18820.0
2024-11-20,2.44,2.44,2.43,2.43,540.0
2024-11-21,2.43,2.43,2.41,2.43,2680.0
2024-11-22,2.43,2.43,2.4,2.4,2450.0
2024-11-25,2.41,2.41,2.39,2.39,6570.0
2024-11-26,2.39,2.39,2.35,2.35,9270.0
2024-11-27,2.35,2.36,2.34,2.36,360.0
2024-11-28,2.36,2.36,2.34,2.35,5050.0
2024-11-29,2.38,2.39,2.34,2.34,3790.0
2024-12-02,2.37,2.39,2.34,2.37,10140.0
2024-12-03,2.4,2.4,2.36,2.36,2410.0
2024-12-04,2.39,2.41,2.32,2.41,7460.0
2024-12-05,2.4,2.4,2.4,2.4,560.0
2024-12-06,2.4,2.4,2.34,2.4,660.0
2024-12-09,2.39,2.39,2.27,2.32,8420.0
2024-12-10,2.29,2.39,2.29,2.37,16700.0
2024-12-11,2.37,2.37,2.31,2.31,5560.0
2024-12-12,2.34,2.35,2.28,2.35,5310.0
2024-12-13,2.35,2.35,2.22,2.25,18800.0
2024-12-16,2.25,2.28,2.25,2.27,8400.0
2024-12-17,2.27,2.27,2.22,2.25,4160.0
2024-12-18,2.25,2.25,2.07,2.07,68370.0
2024-12-19,2.15,2.15,2.06,2.12,10620.0
2024-12-20,2.12,2.19,2.06,2.14,30240.0
2024-12-23,2.14,2.16,2.08,2.09,16760.0
2024-12-27,2.09,2.14,2.09,2.14,3030.0
2024-12-30,2.15,2.27,2.12,2.24,19650.0
2025-01-02,2.33,2.34,2.24,2.33,15870.0
2025-01-03,2.33,2.35,2.27,2.3,8090.0
2025-01-07,2.29,2.29,2.27,2.27,3100.0
2025-01-08,2.29,2.29,2.24,2.24,6710.0
2025-01-09,2.24,2.27,2.2,2.24,6020.0
2025-01-10,2.25,2.26,2.22,2.23,4630.0
2025-01-13,2.25,2.33,2.25,2.33,9230.0
2025-01-14,2.38,2.46,2.35,2.44,17630.0
2025-01-15,2.44,2.44,2.39,2.42,1310.0
2025-01-16,2.42,2.42,2.38,2.42,320.0
2025-01-17,2.43,2.67,2.43,2.67,27350.0
2025-01-20,2.67,2.67,2.56,2.56,7410.0
2025-01-21,2.61,2.61,2.56,2.56,1570.0
2025-01-22,2.56,2.56,2.56,2.56,510.0
2025-01-23,2.6,2.63,2.53,2.55,5330.0
2025-01-24,2.64,2.64,2.53,2.61,7980.0
2025-01-27,2.61,2.61,2.47,2.6,12030.0
2025-01-28,2.57,2.57,2.57,2.57,1000.0
2025-01-29,2.58,2.65,2.55,2.65,11580.0
2025-01-30,2.65,2.76,2.65,2.7,4230.0
2025-01-31,2.73,2.73,2.64,2.7,4780.0
2025-02-03,2.7,2.7,2.62,2.68,5190.0
2025-02-04,2.67,2.7,2.67,2.7,11270.0
2025-02-05,2.71,2.72,2.68,2.68,7850.0
2025-02-06,2.72,2.79,2.72,2.79,10600.0
2025-02-07,2.79,2.79,2.7,2.74,8530.0
2025-02-10,2.74,2.78,2.74,2.78,810.0
2025-02-11,2.78,2.78,2.74,2.74,960.0
2025-02-12,2.78,2.85,2.74,2.85,9570.0
2025-02-13,2.85,2.95,2.85,2.95,16520.0
2025-02-14,2.95,2.95,2.86,2.91,440.0
2025-02-17,2.91,2.91,2.85,2.85,2350.0
2025-02-18,2.9,2.9,2.82,2.82,2120.0
2025-02-19,2.9,2.9,2.85,2.87,1450.0
2025-02-20,2.9,2.93,2.83,2.9,16239.999999999998
2025-02-21,2.93,2.98,2.9,2.94,17640.0
2025-02-24,2.8,2.93,2.78,2.9,60030.0
2025-02-25,2.91,2.93,2.85,2.93,1490.0
2025-02-26,2.94,2.94,2.86,2.9,650.0
2025-02-27,2.9,2.94,2.85,2.85,2330.0
2025-02-28,2.94,2.94,2.85,2.85,5810.0
2025-03-03,2.9,2.9,2.85,2.85,9810.0
2025-03-04,2.85,2.85,2.83,2.84,22670.0
2025-03-05,2.86,2.89,2.83,2.83,10010.0
2025-03-06,2.85,3.0,2.85,2.97,15230.0
2025-03-07,2.97,3.04,2.9,2.97,21300.0
2025-03-10,2.97,2.97,2.93,2.95,4340.0
2025-03-11,2.94,2.97,2.89,2.96,17890.0
2025-03-12,2.9,2.98,2.9,2.98,1400.0
2025-03-13,2.97,2.99,2.9,2.99,23370.0
2025-03-14,3.0,3.06,2.98,3.03,54320.0
2025-03-17,3.04,3.08,2.98,3.04,22360.0
2025-03-18,3.07,3.07,3.0,3.04,15300.0
2025-03-19,3.06,3.06,3.03,3.04,5020.0
2025-03-20,3.04,3.04,3.0,3.0,3240.0
2025-03-21,3.03,3.07,3.0,3.0,6760.0
2025-03-24,3.07,3.11,3.07,3.08,74730.0
2025-03-25,3.1,3.1,3.04,3.04,4380.0
2025-03-26,3.07,3.07,2.97,2.97,5740.0
2025-03-27,3.03,3.03,3.0,3.0,1760.0
2025-03-28,3.08,3.08,3.0,3.0,10120.0
2025-03-31,3.07,3.07,2.98,3.01,8330.0
2025-04-01,3.02,3.02,2.95,2.95,830.0
2025-04-02,3.02,3.02,2.87,2.87,5990.0
2025-04-03,2.85,2.92,2.75,2.75,9140.0
2025-04-04,2.72,2.72,2.55,2.61,15650.0
2025-04-07,2.61,2.61,2.57,2.58,2390.0
2025-04-08,2.58,2.65,2.58,2.61,950.0
2025-04-09,2.71,2.71,2.61,2.61,80.0
2025-04-10,2.65,2.86,2.65,2.75,3390.0
2025-04-11,2.7,2.74,2.68,2.74,1600.0
2025-04-14,2.76,2.76,2.71,2.75,230.0
2025-04-15,2.76,2.76,2.71,2.71,240.0
2025-04-16,2.73,2.76,2.69,2.69,1880.0
2025-04-17,2.68,2.68,2.58,2.68,13680.0
2025-04-22,2.67,2.67,2.62,2.62,170.0
2025-04-23,2.66,2.68,2.64,2.64,2290.0
2025-04-24,2.69,2.69,2.62,2.68,3760.0
2025-04-25,2.69,2.69,2.56,2.69,9220.0
2025-04-28,2.67,2.67,2.59,2.59,8850.0
2025-04-29,2.65,2.65,2.54,2.54,6050.0
2025-04-30,2.58,2.58,2.54,2.56,3820.0
2025-05-02,2.55,2.56,2.5,2.56,10770.0
2025-05-05,2.56,2.56,2.53,2.53,2140.0
2025-05-06,2.54,2.58,2.54,2.54,5590.0
2025-05-07,2.56,2.56,2.49,2.5,16350.000000000002
2025-05-08,2.49,2.49,2.44,2.45,10200.0
2025-05-09,2.49,2.49,2.44,2.49,730.0
2025-05-12,2.49,2.49,2.49,2.49,10.0
2025-05-13,2.49,2.49,2.45,2.46,290.0
2025-05-14,2.49,2.49,2.45,2.45,3280.0
2025-05-15,2.45,2.46,2.45,2.46,2160.0
2025-05-16,2.46,2.49,2.45,2.46,2450.0
2025-05-19,2.48,2.54,2.45,2.5,10630.0
2025-05-20,2.43,2.51,2.36,2.37,21410.0
2025-05-21,2.39,2.39,2.32,2.37,9000.0
2025-05-22,2.37,2.39,2.36,2.39,3840.0
2025-05-23,2.39,2.51,2.37,2.4,22590.0
2025-05-26,2.48,2.7,2.48,2.68,26040.0
2025-05-27,2.68,2.89,2.65,2.76,25380.0
2025-05-28,2.84,2.84,2.56,2.69,23050.0
2025-05-29,2.69,2.69,2.45,2.45,42000.0
2025-05-30,2.53,2.53,2.5,2.51,3870.0
2025-06-02,2.49,2.49,2.39,2.47,32580.0
2025-06-03,2.47,2.49,2.47,2.49,2070.0
2025-06-04,2.49,2.54,2.42,2.42,11440.0
2025-06-05,2.52,2.52,2.39,2.4,7960.0
2025-06-06,2.49,2.49,2.39,2.39,1170.0
2025-06-09,2.48,2.49,2.41,2.42,4960.0
2025-06-10,2.42,2.47,2.4,2.47,3950.0
2025-06-11,2.48,2.48,2.43,2.43,360.0
2025-06-12,2.48,2.48,2.4,2.43,2590.0
2025-06-13,2.43,2.48,2.39,2.39,5730.0
2025-06-16,2.44,2.44,2.39,2.4,7890.0
2025-06-17,2.44,2.44,2.25,2.31,54730.0
2025-06-18,2.31,2.45,2.31,2.45,10990.0
2025-06-20,2.44,2.48,2.44,2.48,5600.0
2025-06-23,2.48,2.48,2.45,2.45,90.0
2025-06-24,2.47,2.49,2.45,2.46,6800.0
2025-06-25,2.49,2.49,2.49,2.49,10.0
2025-06-26,2.45,2.45,2.45,2.45,10.0
2025-06-27,2.49,2.49,2.43,2.43,1930.0
2025-06-30,2.45,2.45,2.42,2.42,3590.0
2025-07-01,2.27,2.43,2.27,2.4,8550.0
2025-07-02,2.4,2.4,2.35,2.35,10.0
2025-07-03,2.4,2.4,2.37,2.4,1350.0
2025-07-04,2.39,2.39,2.39,2.39,60.0
2025-07-07,2.39,2.4,2.36,2.36,5610.0
2025-07-08,2.4,2.4,2.4,2.4,20.0
2025-07-09,2.4,2.4,2.33,2.33,5310.0
2025-07-10,2.4,2.4,2.34,2.35,3150.0
2025-07-11,2.4,2.4,2.32,2.32,7310.0
2025-07-14,2.39,2.39,2.36,2.38,770.0
2025-07-15,2.38,2.38,2.38,2.38,1070.0
2025-07-16,2.38,2.38,2.27,2.27,13000.0
2025-07-17,2.37,2.37,2.3,2.3,1900.0
2025-07-18,2.36,2.36,2.33,2.33,40.0
2025-07-21,2.3,2.31,2.2,2.26,16920.0
2025-07-22,2.25,2.27,2.22,2.26,12940.0
2025-07-23,2.26,2.26,2.21,2.26,200.0
2025-07-24,2.26,2.27,2.26,2.26,1260.0
2025-07-25,2.26,2.27,2.26,2.27,400.0
2025-07-28,2.22,2.27,2.22,2.25,130.0
2025-07-29,2.26,2.26,2.23,2.26,160.0
2025-07-30,2.26,2.26,2.2,2.25,2450.0
2025-07-31,2.26,2.26,2.26,2.26,2990.0
2025-08-01,2.27,2.35,2.27,2.31,8610.0
2025-08-04,2.31,2.31,2.26,2.26,2100.0
2025-08-05,2.31,2.36,2.31,2.35,13650.0
2025-08-06,2.35,2.35,2.3,2.3,360.0
2025-08-07,2.35,2.35,2.34,2.34,590.0
2025-08-08,2.33,2.4,2.31,2.39,17860.0
2025-08-11,2.38,2.44,2.34,2.4,25140.0
2025-08-12,2.44,2.44,2.39,2.39,10640.0
2025-08-13,2.41,2.41,2.39,2.39,6670.0
2025-08-14,2.39,2.39,2.39,2.39,550.0
2025-08-18,2.43,2.43,2.43,2.43,840.0
2025-08-19,2.43,2.43,2.43,2.43,0.0
2025-08-20,2.43,2.43,2.43,2.43,490.0
2025-08-21,2.43,2.43,2.37,2.38,9300.0
2025-08-22,2.38,2.38,2.38,2.38,0.0
2025-08-25,2.39,2.39,2.33,2.33,4290.0
2025-08-26,2.39,2.39,2.39,2.39,0.0
2025-08-27,2.39,2.39,2.33,2.33,810.0
2025-08-28,2.38,2.38,2.32,2.33,3490.0
2025-08-29,2.33,2.33,2.32,2.33,1530.0
2025-09-01,2.38,2.38,2.38,2.38,0.0
2025-09-02,2.36,2.36,2.3,2.3,90.0
2025-09-03,2.36,2.36,2.26,2.32,4580.0
2025-09-04,2.3,2.32,2.27,2.32,840.0
2025-09-05,2.36,2.36,2.26,2.27,3860.0
2025-09-08,2.28,2.28,2.28,2.28,50.0
2025-09-09,2.36,2.36,2.29,2.34,5260.0
2025-09-10,2.36,2.36,2.25,2.25,12740.0
2025-09-11,2.32,2.32,2.24,2.25,7100.0
2025-09-12,2.25,2.25,2.24,2.24,1130.0
2025-09-15,2.31,2.31,2.23,2.23,3010.0
2025-09-16,2.29,2.35,2.21,2.23,15160.0
2025-09-17,2.35,2.35,2.25,2.25,2210.0
2025-09-18,2.26,2.26,2.25,2.25,4500.0
2025-09-19,2.26,2.38,2.25,2.38,23010.0
2025-09-22,2.37,2.44,2.37,2.41,20020.0
2025-09-23,2.41,2.41,2.34,2.35,2920.0
2025-09-24,2.39,2.4,2.34,2.34,3270.0
2025-09-25,2.39,2.39,2.33,2.35,5060.0
2025-09-26,2.35,2.35,2.33,2.33,3880.0
2025-09-29,2.35,2.35,2.33,2.35,260.0
2025-09-30,2.35,2.35,2.35,2.35,0.0
