month,amihud,cs_spread,turnover_value,ret_std,ticker,company,event_month,k
Aug-21,9.450634122944195e-08,0.04810114572075724,809765.1,0.007907034488093665,CAVP,Cavatina Holding,Dec-22,-16
Sep-21,3.393822465090839e-07,0.06782001167848531,1092381.9,0.010473545721469347,CAVP,Cavatina Holding,Dec-22,-15
Oct-21,2.2596497211517322e-07,0.13451533238254607,2906147,0.016604728429961493,CAVP,Cavatina Holding,Dec-22,-14
Nov-21,1.0300405220463712e-07,0.1012168009002325,2766805.5,0.013582095601943059,CAVP,Cavatina Holding,Dec-22,-13
Dec-21,2.6503010853624614e-07,0.11342182850172243,1423636.9,0.026145863365195098,CAVP,Cavatina Holding,Dec-22,-12
Jan-22,7.170278335864459e-07,0.17350249263000203,1410333.6,0.03094091503147736,CAVP,Cavatina Holding,Dec-22,-11
Feb-22,6.402561024410835e-08,0.12966986213118675,6302932.2,0.03585735189341169,CAVP,Cavatina Holding,Dec-22,-10
Mar-22,9.792401096749025e-08,0.24415315854546538,1801302.2,0.02080475868588315,CAVP,Cavatina Holding,Dec-22,-9
Apr-22,1.0322889084985878e-06,0.214470512791978,428326.6,0.0316305991055667,CAVP,Cavatina Holding,Dec-22,-8
May-22,1.4008751266916354e-06,0.171662123185626,267106,0.02377908907460273,CAVP,Cavatina Holding,Dec-22,-7
Jun-22,1.7735347704032815e-06,0.12347853441404512,240157,0.02144566465820433,CAVP,Cavatina Holding,Dec-22,-6
Jul-22,4.025129764347054e-06,0.22997660293587266,171068,0.028882909770364312,CAVP,Cavatina Holding,Dec-22,-5
Aug-22,3.4031370487676507e-07,0.17615142337927558,778610,0.01997245925178137,CAVP,Cavatina Holding,Dec-22,-4
Sep-22,1.0595465140919695e-06,0.12746398681761892,442902.5,0.022227018089083953,CAVP,Cavatina Holding,Dec-22,-3
Oct-22,8.845895205634754e-07,0.17984402076465464,290074.5,0.01836467823992478,CAVP,Cavatina Holding,Dec-22,-2
Nov-22,8.738737951465095e-07,0.17185645354476667,1985333.5,0.013912370129084674,CAVP,Cavatina Holding,Dec-22,-1
Dec-22,2.5451509783560664e-06,0.13697558148406297,164224,0.024202103812233124,CAVP,Cavatina Holding,Dec-22,0
Jan-23,8.261143332323883e-07,0.12897173867331652,185935,0.017473682276900715,CAVP,Cavatina Holding,Dec-22,1
Feb-23,2.1671943313734806e-06,0.12222295628700257,163489,0.016496083845705917,CAVP,Cavatina Holding,Dec-22,2
Mar-23,3.1550001072700353e-07,0.1391066068961329,588424.5,0.013704920941653891,CAVP,Cavatina Holding,Dec-22,3
Apr-23,1.4674199704640348e-07,0.11596467772988638,912471,0.01999225954582707,CAVP,Cavatina Holding,Dec-22,4
May-23,1.510796529700359e-07,0.05074495337719659,1757795,0.010386343012029729,CAVP,Cavatina Holding,Dec-22,5
Jun-23,7.168356009232872e-07,0.03276571894444165,605944.5,0.01630400549742326,CAVP,Cavatina Holding,Dec-22,6
Jul-23,3.719075884024362e-07,0.04520030999955459,544399,0.013897779543329597,CAVP,Cavatina Holding,Dec-22,7
Aug-23,5.35868374244374e-06,0.07272675604637231,111776,0.01773248940095267,CAVP,Cavatina Holding,Dec-22,8
Sep-23,9.017310736665077e-07,0.16310102231102036,191225,0.012389382791911823,CAVP,Cavatina Holding,Dec-22,9
Oct-23,3.661570014315159e-07,0.07900838065217736,2573374,0.01670753967155474,CAVP,Cavatina Holding,Dec-22,10
Nov-23,1.6133396172548065e-06,0.14378273677977813,288014,0.018710064711995704,CAVP,Cavatina Holding,Dec-22,11
Dec-23,3.0664595202448517e-07,0.11738800147445075,2772009,0.028911998244423698,CAVP,Cavatina Holding,Dec-22,12
Jan-24,6.874883986332802e-07,0.16790070018098996,2034517,0.019607723738560682,CAVP,Cavatina Holding,Dec-22,13
Feb-24,7.987297776749831e-08,0.08116875699909909,4522634,0.01473412544165735,CAVP,Cavatina Holding,Dec-22,14
Mar-24,5.04085793491839e-07,0.14431468720233193,589841.5,0.012773890663787537,CAVP,Cavatina Holding,Dec-22,15
Apr-24,2.069014032053169e-06,0.12752821167538192,150319.5,0.01871664925086675,CAVP,Cavatina Holding,Dec-22,16
May-24,6.781527786796126e-07,0.13928862597204383,455697,0.02713751869864578,CAVP,Cavatina Holding,Dec-22,17
Jun-24,7.021978793624049e-07,0.12049231039394098,353029,0.01844834264158085,CAVP,Cavatina Holding,Dec-22,18
Jul-24,1.3817485484263388e-06,0.11658621300372762,294682.5,0.022977024750561674,CAVP,Cavatina Holding,Dec-22,19
Aug-24,1.6459035928429423e-06,0.08134532385925913,277865.5,0.018077530310470116,CAVP,Cavatina Holding,Dec-22,20
Sep-24,1.4286666730163065e-06,0.05849254974877576,233386.5,0.01943960399672357,CAVP,Cavatina Holding,Dec-22,21
Oct-24,3.3370819887673756e-07,0.1272619726715882,4708531,0.01780053578679762,CAVP,Cavatina Holding,Dec-22,22
Nov-24,2.6217322728950636e-07,0.07594361428646386,647570.5,0.010513578168124491,CAVP,Cavatina Holding,Dec-22,23
Dec-24,1.795985413372128e-07,0.04032965980837223,519972.5,0.010665308308249024,CAVP,Cavatina Holding,Dec-22,24
Jan-25,1.2847814031223678e-06,0.16851668458029037,646023,0.040310956942607425,CAVP,Cavatina Holding,Dec-22,25
Feb-25,9.334895274687155e-07,0.11413213344610869,382508,0.02734199172693856,CAVP,Cavatina Holding,Dec-22,26
Mar-25,1.9709471379781844e-06,0.18894656706213012,330760,0.027330811256837336,CAVP,Cavatina Holding,Dec-22,27
Apr-25,3.259047421176877e-06,0.0812767611232183,80099.5,0.019565485055495317,CAVP,Cavatina Holding,Dec-22,28
May-25,1.3823904466159301e-06,0.12954543719244815,219617.5,0.01853219625537589,CAVP,Cavatina Holding,Dec-22,29
Jun-25,1.8669572647879586e-07,0.07299129473959656,743818.5,0.010098114647003905,CAVP,Cavatina Holding,Dec-22,30
Jul-25,6.293424580078085e-07,0.10941880538665344,2150884.5,0.021668478964065013,CAVP,Cavatina Holding,Dec-22,31
Aug-25,2.9264913553418175e-07,0.08711727800201542,325249,0.01783393173680373,CAVP,Cavatina Holding,Dec-22,32
Sep-25,0,0.07538204080733553,5713620,0.03394251895490328,CAVP,Cavatina Holding,Dec-22,33
Sep-14,0,,3800,0,CFIP,CFI Holding SA,Dec-18,-51
Oct-14,0,,51279.899999999994,0.055922464193965814,CFIP,CFI Holding SA,Dec-18,-50
Nov-14,1.1186292990067645e-05,0.22830917821648794,22344.6,0.06760210342429729,CFIP,CFI Holding SA,Dec-18,-49
Dec-14,8.738495580600862e-06,,75724.7,0.037293854870088954,CFIP,CFI Holding SA,Dec-18,-48
Jan-15,2.8270538984824686e-05,0.400068340646113,40051.3,0.07423838740896832,CFIP,CFI Holding SA,Dec-18,-47
Feb-15,1.1473111254155995e-05,,46670.6,0.03906930012138161,CFIP,CFI Holding SA,Dec-18,-46
Mar-15,6.716514638272638e-06,0.07249480343120919,117752.6,0.07115426852983744,CFIP,CFI Holding SA,Dec-18,-45
Apr-15,8.88291526796618e-07,0.2842092561526115,140182.7,0.051002854266913644,CFIP,CFI Holding SA,Dec-18,-44
May-15,2.195387874269031e-06,0.007503354091537736,92397.7,0.019915253767326065,CFIP,CFI Holding SA,Dec-18,-43
Jun-15,8.459531504774193e-06,0.38116166577835847,28692.5,0.0343851096906633,CFIP,CFI Holding SA,Dec-18,-42
Jul-15,0,,9710.6,0.04608173690217016,CFIP,CFI Holding SA,Dec-18,-41
Aug-15,2.962183253055868e-05,,26173.6,0.060601021728850867,CFIP,CFI Holding SA,Dec-18,-40
Sep-15,2.5418515863695085e-06,0.02426246680876115,55288.7,0.01668826747786047,CFIP,CFI Holding SA,Dec-18,-39
Oct-15,3.297493226999717e-06,0.02365380421532906,305442,0.08670596969711723,CFIP,CFI Holding SA,Dec-18,-38
Nov-15,3.6567849307942395e-06,0.37265346756323775,188887.2,0.06619337461208646,CFIP,CFI Holding SA,Dec-18,-37
Dec-15,1.2649946907432164e-05,0.28009800494034265,125223.59999999999,0.05166750747795096,CFIP,CFI Holding SA,Dec-18,-36
Jan-16,2.644660667408978e-05,,22594.3,0.06212801467674041,CFIP,CFI Holding SA,Dec-18,-35
Feb-16,1.241089366191141e-06,,69628.2,0.02150042533380324,CFIP,CFI Holding SA,Dec-18,-34
Mar-16,7.074109658989353e-06,0.49427539712010615,84245.6,0.05293445829370302,CFIP,CFI Holding SA,Dec-18,-33
Apr-16,2.1480260962037046e-07,,452442.6,0.10005257394303617,CFIP,CFI Holding SA,Dec-18,-32
May-16,1.0688899577788465e-06,0.18241526392116209,3508631.1,0.13689195427876152,CFIP,CFI Holding SA,Dec-18,-31
Jun-16,1.5983925152292317e-07,0.5776891616537647,12063304.7,0.08051313118589466,CFIP,CFI Holding SA,Dec-18,-30
Jul-16,1.6069419893941846e-07,0.25610053780943043,8198358.2,0.08088272728445411,CFIP,CFI Holding SA,Dec-18,-29
Aug-16,7.2634484175789e-08,0.48038715387797987,43494337.5,0.24061787729584133,CFIP,CFI Holding SA,Dec-18,-28
Sep-16,3.665540870872075e-08,0.802744330334307,53083642.1,0.119642117386376,CFIP,CFI Holding SA,Dec-18,-27
Oct-16,3.8461135957389564e-08,0.7651417515414709,34827248.4,0.0828979486428648,CFIP,CFI Holding SA,Dec-18,-26
Nov-16,3.600891170814861e-08,0.24412621733319212,26475303,0.0698834402018739,CFIP,CFI Holding SA,Dec-18,-25
Dec-16,4.919323101141278e-08,0.329239080458813,16909068,0.04774191290297048,CFIP,CFI Holding SA,Dec-18,-24
Jan-17,6.514536602119312e-08,0.4016939168296813,13852113.3,0.061890686335299296,CFIP,CFI Holding SA,Dec-18,-23
Feb-17,6.452306403889306e-08,0.2334991489850624,21824708.3,0.07590090775398675,CFIP,CFI Holding SA,Dec-18,-22
Mar-17,3.752036605469435e-08,0.4296402808519874,26480374.2,0.07118352460384338,CFIP,CFI Holding SA,Dec-18,-21
Apr-17,2.206414346119336e-07,0.22218416612657155,2519161.5,0.02959822716427386,CFIP,CFI Holding SA,Dec-18,-20
May-17,1.1846969847210847e-07,0.2959401924900217,11353292.9,0.08096058226166367,CFIP,CFI Holding SA,Dec-18,-19
Jun-17,1.5805944476625416e-07,0.18238817828215215,1983609,0.02039322671338993,CFIP,CFI Holding SA,Dec-18,-18
Jul-17,9.282170012225935e-08,0.1330847862184348,5492995.9,0.05623143743138161,CFIP,CFI Holding SA,Dec-18,-17
Aug-17,1.205188226604352e-07,0.18376993408898756,4367056.3,0.028154293019834072,CFIP,CFI Holding SA,Dec-18,-16
Sep-17,2.118056217448137e-07,0.15932730621713298,2297939.1,0.030283308633763086,CFIP,CFI Holding SA,Dec-18,-15
Oct-17,1.7625298841684717e-07,0.15549532431124044,1617654,0.023262294593889992,CFIP,CFI Holding SA,Dec-18,-14
Nov-17,2.397398534901781e-07,0.1822396455197837,4191040.9000000004,0.05441628680532953,CFIP,CFI Holding SA,Dec-18,-13
Dec-17,2.959191681404425e-07,0.24789120137775988,1807381.5,0.043113401309685516,CFIP,CFI Holding SA,Dec-18,-12
Jan-18,1.7818451362755177e-07,0.1975903505814589,4129871.7,0.06285165254153009,CFIP,CFI Holding SA,Dec-18,-11
Feb-18,2.84285994586738e-07,0.16340102484942076,833973.2000000001,0.02383236003431894,CFIP,CFI Holding SA,Dec-18,-10
Mar-18,1.4809197192679672e-07,0.16805041684960872,1022510.2,0.027773684997891138,CFIP,CFI Holding SA,Dec-18,-9
Apr-18,4.084568661759649e-06,,219790.3,0.05250252758406041,CFIP,CFI Holding SA,Dec-18,-8
May-18,3.945707070707067e-06,0.21254840018069943,112294,0.04139066840105759,CFIP,CFI Holding SA,Dec-18,-7
Jun-18,0,,129677.4,0.018288436248526472,CFIP,CFI Holding SA,Dec-18,-6
Jul-18,1.1577960604150684e-06,0.12244675344207732,410348.8,0.04122825332135146,CFIP,CFI Holding SA,Dec-18,-5
Aug-18,9.046776502661276e-07,0.17024120539542156,914789.4,0.039741939230730466,CFIP,CFI Holding SA,Dec-18,-4
Sep-18,4.662004662004672e-06,0.3939065375081537,257018.1,0.04642667111827995,CFIP,CFI Holding SA,Dec-18,-3
Oct-18,4.6057479734708886e-06,0.21297626028446712,248988.40000000002,0.05846843817095215,CFIP,CFI Holding SA,Dec-18,-2
Nov-18,1.982239137329529e-06,,157362.4,0.039927008502229154,CFIP,CFI Holding SA,Dec-18,-1
Dec-18,6.212090716403163e-07,0.16705293264921522,425581.7,0.03532736199847888,CFIP,CFI Holding SA,Dec-18,0
Jan-19,1.3855941327450478e-07,0.3087712394173635,7866536.9,0.07687783461463399,CFIP,CFI Holding SA,Dec-18,1
Feb-19,3.802032527946085e-07,0.1432178809659339,1467190.3,0.023297286101723647,CFIP,CFI Holding SA,Dec-18,2
Mar-19,2.684984706327116e-07,0.15785025643350767,1423896.11,0.03355277303631184,CFIP,CFI Holding SA,Dec-18,3
Apr-19,1.4619228021251964e-06,0.13770489474266545,263838.18,0.022379664767669574,CFIP,CFI Holding SA,Dec-18,4
May-19,9.451840509643368e-07,0.20436684914153985,664548.5,0.030014913893023753,CFIP,CFI Holding SA,Dec-18,5
Jun-19,9.920123730585527e-07,0.1411371026157449,444449.9,0.030256921184818986,CFIP,CFI Holding SA,Dec-18,6
Jul-19,8.279120426245915e-06,0.2842796344978403,69244.09,0.027565578943318833,CFIP,CFI Holding SA,Dec-18,7
Aug-19,6.604980019841549e-06,0.1729924407949692,70029.20999999999,0.028749321713512042,CFIP,CFI Holding SA,Dec-18,8
Sep-19,2.3295258554341224e-06,0.1427214440469899,122812.98999999999,0.04084350013668943,CFIP,CFI Holding SA,Dec-18,9
Oct-19,2.989679551011791e-06,,61357.490000000005,0.016894856331666246,CFIP,CFI Holding SA,Dec-18,10
Nov-19,1.5795123350436311e-06,0.08065444312726462,134336.24,0.02020971976636182,CFIP,CFI Holding SA,Dec-18,11
Dec-19,3.223756281274175e-06,0.1007854955663534,90670.54999999999,0.018585833735987576,CFIP,CFI Holding SA,Dec-18,12
Jan-20,1.8626922146245726e-06,0.1741692629072352,239684.3,0.025567663997141537,CFIP,CFI Holding SA,Dec-18,13
Feb-20,2.0016852874119286e-06,,399090.39,0.044662194899124714,CFIP,CFI Holding SA,Dec-18,14
Mar-20,1.3377926421404694e-05,0.32683649631326706,162578.11,0.05716750158070926,CFIP,CFI Holding SA,Dec-18,15
Apr-20,1.788457613053459e-06,0.20724962497768426,397246.81,0.04412444008301792,CFIP,CFI Holding SA,Dec-18,16
May-20,9.897516873860884e-07,0.18635843456837625,931868.43,0.0477267384684744,CFIP,CFI Holding SA,Dec-18,17
Jun-20,1.1842724484656304e-06,0.23556892891429634,1212941.25,0.08255440401765607,CFIP,CFI Holding SA,Dec-18,18
Jul-20,6.919778509515167e-07,0.262744547860968,748476.47,0.025072170087976547,CFIP,CFI Holding SA,Dec-18,19
Aug-20,1.3569488775315128e-06,0.3050050432546761,632208.44,0.04044620666417861,CFIP,CFI Holding SA,Dec-18,20
Sep-20,7.798980766553278e-07,0.32720461891442126,977251.88,0.046717724441052426,CFIP,CFI Holding SA,Dec-18,21
Oct-20,1.425322448377722e-06,0.3425935767834695,515043.8,0.03767466571166781,CFIP,CFI Holding SA,Dec-18,22
Nov-20,4.906514221803467e-07,0.3739729682801852,2209727.645,0.09523545880163564,CFIP,CFI Holding SA,Dec-18,23
Dec-20,7.3522789786175e-07,0.271306198665735,910880,0.05394277985786586,CFIP,CFI Holding SA,Dec-18,24
Jan-21,4.1101693069161174e-07,0.15678893535726152,606900.94,0.01980200687541209,CFIP,CFI Holding SA,Dec-18,25
Feb-21,5.414711938354888e-07,0.2773029319514768,1703647.68,0.059112346809407426,CFIP,CFI Holding SA,Dec-18,26
Mar-21,4.0218790218790144e-07,0.17848408437944258,559709.76,0.016467786876703083,CFIP,CFI Holding SA,Dec-18,27
Apr-21,7.007583200624362e-07,0.19754532018874169,435059.36,0.022427128707278775,CFIP,CFI Holding SA,Dec-18,28
May-21,5.973710426929193e-07,0.17247044322771482,577818.79,0.02248421573692715,CFIP,CFI Holding SA,Dec-18,29
Jun-21,8.262474353279495e-07,0.13016219199194523,596138.21,0.035484762665491186,CFIP,CFI Holding SA,Dec-18,30
Jul-21,1.0000439188310482e-06,0.09670848909826975,242639.53000000003,0.014789667052645093,CFIP,CFI Holding SA,Dec-18,31
Aug-21,4.416017252720558e-07,0.11234513910293846,258265.71000000002,0.018928237496010823,CFIP,CFI Holding SA,Dec-18,32
Sep-21,6.701091642032882e-07,0.14604764308653004,398850.6,0.027312085729645417,CFIP,CFI Holding SA,Dec-18,33
Oct-21,3.7966783341534444e-07,0.22155816689119018,1186518.16,0.0359252799629849,CFIP,CFI Holding SA,Dec-18,34
Nov-21,1.1158746529482315e-06,0.21360256993889165,617785.14,0.027798117120963604,CFIP,CFI Holding SA,Dec-18,35
Dec-21,4.087796964059149e-06,0.2820706494047594,242166.66,0.039962080685447245,CFIP,CFI Holding SA,Dec-18,36
Jan-22,1.3834317119292336e-06,0.1568909449743332,107580.19,0.017197207165349112,CFIP,CFI Holding SA,Dec-18,37
Feb-22,2.41138172172655e-06,0.34223740785919166,242001.85,0.047479753208084605,CFIP,CFI Holding SA,Dec-18,38
Mar-22,3.091985326674367e-06,0.2733992718779684,119227.94,0.043266424629715514,CFIP,CFI Holding SA,Dec-18,39
Apr-22,2.5601638504863756e-06,0.3072964405870636,97705.05,0.02569151730366206,CFIP,CFI Holding SA,Dec-18,40
May-22,5.9150237855472725e-06,0.23665128923097528,114261.91,0.03758199632467239,CFIP,CFI Holding SA,Dec-18,41
Jun-22,1.1444525289169495e-05,0.24018538324466943,73123.37,0.05323153627213616,CFIP,CFI Holding SA,Dec-18,42
Jul-22,2.938713137517085e-06,0.26333750897843067,580512.53,0.05754399774855552,CFIP,CFI Holding SA,Dec-18,43
Aug-22,3.982931809552144e-06,0.19691512189638144,243501.34,0.039234412967014715,CFIP,CFI Holding SA,Dec-18,44
Sep-22,7.567199760755506e-06,0.2016052905391743,54270.55,0.04312395278198322,CFIP,CFI Holding SA,Dec-18,45
Oct-22,7.895883954499187e-06,0.18823010994373537,69434.94,0.06394407855215875,CFIP,CFI Holding SA,Dec-18,46
Nov-22,3.2163110713146105e-06,0.2521673896468889,181430.91999999998,0.042432361560407986,CFIP,CFI Holding SA,Dec-18,47
Dec-22,2.014478459584728e-06,0.25324390697319143,132120.06,0.031728951686089794,CFIP,CFI Holding SA,Dec-18,48
Jan-23,2.7226442320782717e-06,0.20817055975289703,147251.09,0.021910202681169257,CFIP,CFI Holding SA,Dec-18,49
Feb-23,3.7037216467458474e-06,0.2573361983637308,158703.88999999998,0.0321408039693617,CFIP,CFI Holding SA,Dec-18,50
Mar-23,5.6375585425219965e-06,0.20600198061986758,91583.23,0.034460452543246235,CFIP,CFI Holding SA,Dec-18,51
Apr-23,5.163881772558566e-06,0.252082319212792,120507.34000000001,0.04243030020484563,CFIP,CFI Holding SA,Dec-18,52
May-23,3.870712025218462e-06,0.23781989992083058,169418.19999999998,0.03766753905486679,CFIP,CFI Holding SA,Dec-18,53
Jun-23,1.779506034038035e-06,0.15322429815621819,129884.5,0.0272155724761239,CFIP,CFI Holding SA,Dec-18,54
Jul-23,2.1217678314959887e-06,0.15973985031168167,302678.38,0.02740936242506972,CFIP,CFI Holding SA,Dec-18,55
Aug-23,2.290288821003537e-06,0.12838376924542055,93179.02,0.0207160298003631,CFIP,CFI Holding SA,Dec-18,56
Sep-23,5.63469674963643e-06,0.1612997448209847,83370.81999999999,0.037464209299722676,CFIP,CFI Holding SA,Dec-18,57
Oct-23,1.216058856444691e-06,0.1985196585912338,2091443.94,0.10055661135509857,CFIP,CFI Holding SA,Dec-18,58
Nov-23,2.505474461698817e-06,0.24812441299453225,286155.34,0.04521765303718807,CFIP,CFI Holding SA,Dec-18,59
Dec-23,5.314378715913239e-06,0.3575623192215889,169887.12,0.04313337298777283,CFIP,CFI Holding SA,Dec-18,60
Jan-24,4.546973234514868e-06,0.15574012461105807,68373.08,0.026816323089209795,CFIP,CFI Holding SA,Dec-18,61
Feb-24,5.095667765179412e-06,0.20737294151971025,131914.42,0.03617086654960516,CFIP,CFI Holding SA,Dec-18,62
Mar-24,7.504181329837019e-07,0.16909743162162544,74001.68000000001,0.022321132378574356,CFIP,CFI Holding SA,Dec-18,63
Apr-24,4.623775131142615e-06,0.12446706844748613,33057.46,0.02486707158963003,CFIP,CFI Holding SA,Dec-18,64
May-24,4.201617813678438e-06,0.16696365375403482,81321.28,0.01740032120493809,CFIP,CFI Holding SA,Dec-18,65
Jun-24,4.008192745972794e-06,0.13172071329127497,59420.04,0.017700800595974855,CFIP,CFI Holding SA,Dec-18,66
Jul-24,1.6262698902681372e-06,0.13146086516392716,121503.15,0.017107200881519277,CFIP,CFI Holding SA,Dec-18,67
Aug-24,1.4206411880610446e-05,0.18751715688701964,19551.65,0.020763151876399627,CFIP,CFI Holding SA,Dec-18,68
Sep-24,5.827995976060911e-06,0.12363125655183643,30186.41,0.015374667414692664,CFIP,CFI Holding SA,Dec-18,69
Oct-24,1.370361600056133e-05,0.03623972459556914,23012.85,0.03337278629150134,CFIP,CFI Holding SA,Dec-18,70
Nov-24,4.243633986738394e-06,0.32618210655739305,38281.55,0.07328531955184606,CFIP,CFI Holding SA,Dec-18,71
Dec-24,1.352987071308927e-05,0.20223623623849107,41931.98,0.051895575292296346,CFIP,CFI Holding SA,Dec-18,72
Jan-25,4.104969945755755e-05,0.075339326079851,19491.835,0.05089722197871696,CFIP,CFI Holding SA,Dec-18,73
Feb-25,1.5242733320548898e-05,0.22284884304032399,34780.85,0.027883152432836164,CFIP,CFI Holding SA,Dec-18,74
Mar-25,3.777287038099062e-05,,16564.09,0.0469143834394543,CFIP,CFI Holding SA,Dec-18,75
Apr-25,3.299446447156062e-05,,34840.21,0.05028161126934603,CFIP,CFI Holding SA,Dec-18,76
May-25,0,,91389.22,0.0219948437577322,CFIP,CFI Holding SA,Dec-18,77
Jun-25,0,,16135.5,0.009245611763411066,CFIP,CFI Holding SA,Dec-18,78
Jul-25,1.0670281658703123e-05,,53732.49,0.04993464198366843,CFIP,CFI Holding SA,Dec-18,79
Aug-25,2.511351735078251e-06,0.22495609803683955,18125.82,0.023363552963458618,CFIP,CFI Holding SA,Dec-18,80
Sep-25,1.0309668328544281e-05,,42586.810000000005,0.0414378258860611,CFIP,CFI Holding SA,Dec-18,81
Sep-14,2.8947095708940977e-07,0.14086262637363853,1793885.4000000001,0.018250846671834707,CPLP,Comperia,Dec-18,-51
Oct-14,7.902749013797617e-07,0.06415943296095038,572411.4,0.015092895175972561,CPLP,Comperia,Dec-18,-50
Nov-14,6.192195480660151e-07,0.11347179936290877,902681.6,0.025614921064123584,CPLP,Comperia,Dec-18,-49
Dec-14,1.401785094237511e-07,0.1325088469360559,1329191.6,0.016630917368626454,CPLP,Comperia,Dec-18,-48
Jan-15,3.575854969043811e-07,0.11977276178918658,544643.9,0.01866176981416667,CPLP,Comperia,Dec-18,-47
Feb-15,5.174378236588259e-07,0.11925638438125333,788704.8,0.021128969297994436,CPLP,Comperia,Dec-18,-46
Mar-15,4.0287481838449463e-07,0.20480083130369908,983688.5,0.025609959053063847,CPLP,Comperia,Dec-18,-45
Apr-15,3.775945429122339e-07,0.11887779162942905,1836330.6,0.011633550353082387,CPLP,Comperia,Dec-18,-44
May-15,8.417508417508425e-07,0.08025204413833761,230464,0.012691077179613498,CPLP,Comperia,Dec-18,-43
Jun-15,8.381348359199934e-07,0.11715833629468733,78217.5,0.014377765723768565,CPLP,Comperia,Dec-18,-42
Jul-15,1.1953704587438527e-06,0.1412429143277512,338193,0.017754226666334895,CPLP,Comperia,Dec-18,-41
Aug-15,8.213635353216966e-07,0.053762734882470256,342804.6,0.013163434503502238,CPLP,Comperia,Dec-18,-40
Sep-15,2.9649554130012946e-07,0.17416462934322308,142610.4,0.012438456608988145,CPLP,Comperia,Dec-18,-39
Oct-15,4.9201363468193474e-09,0.07771586437682837,171214.3,0.015164808165596436,CPLP,Comperia,Dec-18,-38
Nov-15,1.5128595870314236e-06,,360525.10000000003,0.027838553974914786,CPLP,Comperia,Dec-18,-37
Dec-15,2.502782997366949e-06,,179423.4,0.109875354001438,CPLP,Comperia,Dec-18,-36
Jan-16,4.804949097570491e-06,0.18421578708300435,286315.5,0.05687793567938248,CPLP,Comperia,Dec-18,-35
Feb-16,1.5372196286863588e-06,0.32866133092535255,103828.6,0.03423343842385605,CPLP,Comperia,Dec-18,-34
Mar-16,1.960612584335404e-06,0.2972788345688392,121615.90000000001,0.05127493830970221,CPLP,Comperia,Dec-18,-33
Apr-16,3.673873110074901e-05,0.21978948581528535,114334.3,0.03510551877740153,CPLP,Comperia,Dec-18,-32
May-16,1.174350884888067e-06,0.25702951724396583,393167.4,0.0606606595952561,CPLP,Comperia,Dec-18,-31
Jun-16,3.1384220866911418e-06,0.5953780458062858,402909.2,0.07647140972819418,CPLP,Comperia,Dec-18,-30
Jul-16,4.021436002342927e-06,0.44270203646744777,160727.8,0.04151128157747003,CPLP,Comperia,Dec-18,-29
Aug-16,6.640958279023799e-06,0.4896830376861305,173013.6,0.06698155950665399,CPLP,Comperia,Dec-18,-28
Sep-16,8.713887586239259e-06,0.3163320059497361,55716.2,0.06187814382613321,CPLP,Comperia,Dec-18,-27
Oct-16,2.645352468695246e-05,0.8471538067209121,7994.299999999999,0.08342522880544234,CPLP,Comperia,Dec-18,-26
Nov-16,2.737557363415935e-06,,259085.8,0.08908998836635243,CPLP,Comperia,Dec-18,-25
Dec-16,5.744832422753147e-05,,153024.4,0.08758769119485901,CPLP,Comperia,Dec-18,-24
Jan-17,5.435801351435186e-06,,54044.2,0.03648575522542001,CPLP,Comperia,Dec-18,-23
Feb-17,1.2971999840485475e-06,,40580.6,0.03939830660170249,CPLP,Comperia,Dec-18,-22
Mar-17,1.8850903377304488e-06,,142422.30000000002,0.03892122364065306,CPLP,Comperia,Dec-18,-21
Apr-17,3.6240944294044317e-07,,59985,,CPLP,Comperia,Dec-18,-20
May-17,9.034892755822981e-07,,49034.5,0.02438550039082979,CPLP,Comperia,Dec-18,-19
Jun-17,1.0245901639344286e-05,0.2573955665771009,57305.8,0.03469062750846835,CPLP,Comperia,Dec-18,-18
Jul-17,0.00036458333333333335,,3608,0.25000104166449655,CPLP,Comperia,Dec-18,-17
Aug-17,3.728172111512796e-08,,275880.2,0.023363365713932764,CPLP,Comperia,Dec-18,-16
Sep-17,2.1700154241970242e-05,,8707,0.051704689395815545,CPLP,Comperia,Dec-18,-15
Oct-17,1.5467591867627103e-05,,870054,0.0544120223014637,CPLP,Comperia,Dec-18,-14
Nov-17,1.1714917483049996e-05,,34407.4,0.04261199953950602,CPLP,Comperia,Dec-18,-13
Dec-17,5.9177819511121e-06,0.1958798013071968,88792.8,0.0629461434595747,CPLP,Comperia,Dec-18,-12
Jan-18,2.664362016880005e-06,,1791974,0.0695820266985703,CPLP,Comperia,Dec-18,-11
Feb-18,0,0.8086743523270252,15530,0.04799173884206059,CPLP,Comperia,Dec-18,-10
Mar-18,0,,98611,0.021314017416788917,CPLP,Comperia,Dec-18,-9
Apr-18,2.02711468604047e-07,,150374.5,0.01398838985179619,CPLP,Comperia,Dec-18,-8
May-18,2.3845285388714544e-06,0.39073354984201497,28854,0.030644946177097475,CPLP,Comperia,Dec-18,-7
Jun-18,2.784545770971153e-07,,21125,0.004159451654038578,CPLP,Comperia,Dec-18,-6
Jul-18,0,,420,0.004184063794003183,CPLP,Comperia,Dec-18,-5
Aug-18,0.00011022927689594385,,732.5,0.03952135925253705,CPLP,Comperia,Dec-18,-4
Sep-18,1.188715131022822e-07,,224084.5,0.03765657414602912,CPLP,Comperia,Dec-18,-3
Oct-18,8.134818675671682e-06,,97126,0.08494997145677456,CPLP,Comperia,Dec-18,-2
Nov-18,2.3711706228443832e-05,,3259,0.02925995795234719,CPLP,Comperia,Dec-18,-1
Dec-18,1.4050255562419015e-05,,75696.5,0.10308081670328154,CPLP,Comperia,Dec-18,0
Jan-19,6.0509795023069145e-06,0.25238469852997336,70579.5,0.035790046239853913,CPLP,Comperia,Dec-18,1
Feb-19,8.18124202944682e-06,0.3759928169316341,46136.299999999996,0.0591799438640559,CPLP,Comperia,Dec-18,2
Mar-19,0,0.11277314225182719,1181.2,0.0025380710659898553,CPLP,Comperia,Dec-18,3
Apr-19,0,,1968,0.0025510204081632404,CPLP,Comperia,Dec-18,4
May-19,8.354414305430622e-08,0.12203167621149176,70756,0.00508909696581348,CPLP,Comperia,Dec-18,5
Jun-19,8.35202098027668e-07,0.1980755391229581,73363.40000000001,0.02620403043023011,CPLP,Comperia,Dec-18,6
Jul-19,0,0.11896756887266924,11674.4,0.032139065836855336,CPLP,Comperia,Dec-18,7
Aug-19,8.138711960368011e-06,0.10653781267750333,16283.2,0.08448028646299417,CPLP,Comperia,Dec-18,8
Sep-19,5.611672278338902e-07,0.10653781267750333,16824,0.013094570021973003,CPLP,Comperia,Dec-18,9
Oct-19,3.44068263143409e-06,,57577.6,0.06528217954151903,CPLP,Comperia,Dec-18,10
Nov-19,5.052418845522288e-06,0.1043165385238868,8751.4,0.019705659746015212,CPLP,Comperia,Dec-18,11
Dec-19,4.328413287783571e-06,0.1263955474862018,155593.8,0.022266183653852332,CPLP,Comperia,Dec-18,12
Jan-20,1.7893983920125237e-06,0.3916648940718809,158281.8,0.04895252158236948,CPLP,Comperia,Dec-18,13
Feb-20,8.155542506687558e-07,0.12813538036278446,112535.8,0.023486994185115226,CPLP,Comperia,Dec-18,14
Mar-20,0,,25796,0.03140371465106641,CPLP,Comperia,Dec-18,15
Apr-20,2.8476398760707216e-06,0.060637358821128924,24159.2,0.03052740147509859,CPLP,Comperia,Dec-18,16
May-20,5.10885818790572e-07,0.4081920688930274,156832,0.024306355899705232,CPLP,Comperia,Dec-18,17
Jun-20,4.510777814415013e-06,0.1649993665967168,358735,0.03886051056019703,CPLP,Comperia,Dec-18,18
Jul-20,3.1221510371785716e-06,0.20953437424030388,164400.19999999998,0.036430237400456145,CPLP,Comperia,Dec-18,19
Aug-20,1.2603347449082474e-06,0.20161639238408313,109043.59999999999,0.031242492039899677,CPLP,Comperia,Dec-18,20
Sep-20,2.0770293528371412e-06,0.12687319311526854,262089,0.06350115924273411,CPLP,Comperia,Dec-18,21
Oct-20,2.188444753177163e-06,0.15286664516891452,265753.4,0.04588616091098567,CPLP,Comperia,Dec-18,22
Nov-20,5.778206012181789e-08,0.3089710857060823,311717,0.0344195372688241,CPLP,Comperia,Dec-18,23
Dec-20,0,0.06522984363027827,431271,0.013036026532784952,CPLP,Comperia,Dec-18,24
Jan-21,5.438218764230221e-07,0.13623632765437188,435543.2,0.04178475223392964,CPLP,Comperia,Dec-18,25
Feb-21,0,0.13750177000982022,711005.6,0.06571772315386243,CPLP,Comperia,Dec-18,26
Mar-21,7.978425742486722e-07,0.11598413634508556,841926.6,0.05981500931813133,CPLP,Comperia,Dec-18,27
Apr-21,1.639612649392487e-07,0.2597918267282988,1169651.5,0.02831994910842921,CPLP,Comperia,Dec-18,28
May-21,5.124835001842121e-07,0.07661063484254564,589813.5,0.01888039219288745,CPLP,Comperia,Dec-18,29
Jun-21,7.70681626795879e-07,0.10537262302895829,342294,0.02181464430344407,CPLP,Comperia,Dec-18,30
Jul-21,2.4374222309969276e-07,0.061863683675165475,378748.5,0.015652371493474253,CPLP,Comperia,Dec-18,31
Aug-21,3.6195688369601286e-07,0.06863563275821187,329763,0.017754113686673685,CPLP,Comperia,Dec-18,32
Sep-21,7.824455873366329e-07,0.14928153799657098,631947,0.03306652277643472,CPLP,Comperia,Dec-18,33
Oct-21,3.584062733995333e-07,0.11111237954368162,541838.5,0.021124695418680464,CPLP,Comperia,Dec-18,34
Nov-21,4.989982609910613e-07,0.17753045021734806,633198.5,0.02138310111065298,CPLP,Comperia,Dec-18,35
Dec-21,9.58456107171419e-07,0.1551103995696137,391776,0.02651038444015124,CPLP,Comperia,Dec-18,36
Jan-22,1.0644314733832846e-06,0.2744309842162665,375571,0.03396706895430204,CPLP,Comperia,Dec-18,37
Feb-22,1.468641357815125e-06,0.12186506141172868,208506.5,0.03123767895399243,CPLP,Comperia,Dec-18,38
Mar-22,1.3605442176870764e-06,0.10778983999183833,454381.1,0.04160712528321681,CPLP,Comperia,Dec-18,39
Apr-22,1.2090728829133767e-06,0.24767845364948177,219135.5,0.025126180123786687,CPLP,Comperia,Dec-18,40
May-22,1.0210384912996434e-06,0.11599916556096315,493056.5,0.04307280472190517,CPLP,Comperia,Dec-18,41
Jun-22,5.754131519737198e-07,0.09836442749217933,140900,0.024009007936255433,CPLP,Comperia,Dec-18,42
Jul-22,8.855900332155211e-07,0.1913189320431135,303563.6,0.033972943529233114,CPLP,Comperia,Dec-18,43
Aug-22,1.0765990429696987e-06,0.16422778692017087,387626.8,0.07279713866633981,CPLP,Comperia,Dec-18,44
Sep-22,8.75718497836858e-07,0.11384991424678081,410405.2,0.05011360424754569,CPLP,Comperia,Dec-18,45
Oct-22,1.0592185739404313e-06,0.2485097032539439,475627.5,0.038161906678643484,CPLP,Comperia,Dec-18,46
Nov-22,1.3555990915934526e-06,0.16236336675882426,375668.5,0.03724702667302616,CPLP,Comperia,Dec-18,47
Dec-22,1.19166785833453e-06,0.13638415328711964,287866,0.028280141607294626,CPLP,Comperia,Dec-18,48
Jan-23,1.3476532311684826e-06,0.14246930156713544,328657,0.022307483046728225,CPLP,Comperia,Dec-18,49
Feb-23,5.405047813432671e-07,0.10116059139642172,212220,0.022205936652343723,CPLP,Comperia,Dec-18,50
Mar-23,0,0.112191351548352,161281,0.011315153664128375,CPLP,Comperia,Dec-18,51
Apr-23,7.653334557866836e-07,0.10978990755740853,177236.5,0.014205024193131716,CPLP,Comperia,Dec-18,52
May-23,2.8546183200116953e-07,0.11539546036267158,168104,0.01348757084327627,CPLP,Comperia,Dec-18,53
Jun-23,5.637992401113822e-07,0.10843665081651949,272574.5,0.02139066096328971,CPLP,Comperia,Dec-18,54
Jul-23,0,0.14979329764950175,87921.5,0.00960920509114959,CPLP,Comperia,Dec-18,55
Aug-23,0,0.07400571776214851,106539.5,0.023651305171018943,CPLP,Comperia,Dec-18,56
Sep-23,4.936845261787264e-07,0.09559251781281966,286160,0.033333475077368904,CPLP,Comperia,Dec-18,57
Oct-23,3.2580519343606612e-06,0.3648835180475942,153578.5,0.044540745200032636,CPLP,Comperia,Dec-18,58
Nov-23,2.5149218697605774e-06,,164539,0.04661112080727149,CPLP,Comperia,Dec-18,59
Dec-23,2.2000022000022002e-06,0.1685036846228713,121270,0.04987953006284545,CPLP,Comperia,Dec-18,60
Jan-24,0,0.13182339810129357,73875,0.02976413201410223,CPLP,Comperia,Dec-18,61
Feb-24,4.2713728148417937e-07,0.3281477322261994,1649438.5,0.035707687141951536,CPLP,Comperia,Dec-18,62
Mar-24,1.6615141267469504e-06,0.09522320587452299,87136,0.03351127211686612,CPLP,Comperia,Dec-18,63
Apr-24,8.896956176028859e-07,0.18084847352979724,549943.5,0.03652856741754301,CPLP,Comperia,Dec-18,64
May-24,9.294801115655046e-07,0.26438247232374784,303349,0.024406035683503684,CPLP,Comperia,Dec-18,65
Jun-24,8.608815426997217e-07,0.15014167231321954,62353,0.024093037912615137,CPLP,Comperia,Dec-18,66
Jul-24,0,,57036,0.01770141110679865,CPLP,Comperia,Dec-18,67
Aug-24,0,,23986,0.02300852322388741,CPLP,Comperia,Dec-18,68
Sep-24,7.209015306181314e-07,0.5624241228466581,160642,0.04598159722470019,CPLP,Comperia,Dec-18,69
Oct-24,1.0913218089750325e-06,0.27875500408074616,43936,0.023667801925565123,CPLP,Comperia,Dec-18,70
Nov-24,1.7715419501133862e-06,0.24630305677218262,212401,0.04459108481228537,CPLP,Comperia,Dec-18,71
Dec-24,2.0274781533699437e-06,0.2590679878008822,182389,0.03093843990855023,CPLP,Comperia,Dec-18,72
Jan-25,3.1705870976128617e-06,0.269489544639683,167571.3,0.040805068389463316,CPLP,Comperia,Dec-18,73
Feb-25,1.2363078901169477e-06,0.3037075547891548,283905,0.03271812748016396,CPLP,Comperia,Dec-18,74
Mar-25,2.3516087872523505e-06,0.23681190691130918,129960,0.028462344824085956,CPLP,Comperia,Dec-18,75
Apr-25,6.693440428380133e-07,0.17625701851061468,85869,0.04222139188198913,CPLP,Comperia,Dec-18,76
May-25,4.341906909255197e-06,0.4746306044370199,127995.59999999999,0.059202650521756044,CPLP,Comperia,Dec-18,77
Jun-25,3.787878787878791e-06,0.24679144047875673,166103,0.04872268489288971,CPLP,Comperia,Dec-18,78
Jul-25,9.915704271691022e-07,0.24679144047875673,284415.2,0.04378844809697523,CPLP,Comperia,Dec-18,79
Aug-25,1.2919438809108349e-06,0.16717288056812557,187950,0.03257195545925369,CPLP,Comperia,Dec-18,80
Sep-25,9.850862322596884e-07,0.24679144047875673,1116166.9,0.05981374032841292,CPLP,Comperia,Dec-18,81
Sep-14,0,,1815.6,0.00596026490066226,CSRP,Caspar,Jun-23,-105
Oct-14,0,,534.8,0,CSRP,Caspar,Jun-23,-104
Jan-15,5.1734841691385314e-05,,299.3,0.03999681389651417,CSRP,Caspar,Jun-23,-101
Feb-15,2.1282255919127477e-05,,1704,0.01864362185621266,CSRP,Caspar,Jun-23,-100
Mar-15,1.8147350905552805e-05,,2001,,CSRP,Caspar,Jun-23,-99
Apr-15,1.5813834610132713e-05,1.034757883784493,9732.599999999999,0.11848901660480127,CSRP,Caspar,Jun-23,-98
May-15,5.4729007215809185e-05,,1168.2,,CSRP,Caspar,Jun-23,-97
Jun-15,5.1752710443305336e-05,,1101.6,,CSRP,Caspar,Jun-23,-96
Jul-15,5.804286703380164e-05,0.29523647638170075,2450.9,0.03374951067216784,CSRP,Caspar,Jun-23,-95
Aug-15,3.7197399157850625e-06,,6872.8,0.03969077482563172,CSRP,Caspar,Jun-23,-94
Sep-15,3.230378062506477e-05,,3152.6,0.046538054624786544,CSRP,Caspar,Jun-23,-93
Nov-15,8.748734171009693e-05,,1456.5,0.07455915353730244,CSRP,Caspar,Jun-23,-91
Dec-15,0.0002277555132163894,,232.50000000000003,,CSRP,Caspar,Jun-23,-90
Jan-16,0.0003700976370481175,,322.2,,CSRP,Caspar,Jun-23,-89
Feb-16,6.890130353817503e-05,,1000,,CSRP,Caspar,Jun-23,-88
Mar-16,1.9607843137254923e-05,,1019.9999999999999,,CSRP,Caspar,Jun-23,-87
Apr-16,7.22394220846233e-05,,950,,CSRP,Caspar,Jun-23,-86
May-16,5.99424124680218e-05,,983.4,,CSRP,Caspar,Jun-23,-85
Jun-16,4.7558173157411576e-07,,4704,,CSRP,Caspar,Jun-23,-84
Jul-16,5.4178224687933456e-05,,1483.2,,CSRP,Caspar,Jun-23,-83
Aug-16,3.875579297657289e-05,,2466,0.07625444252695514,CSRP,Caspar,Jun-23,-82
Sep-16,0,,451.2,,CSRP,Caspar,Jun-23,-81
Oct-16,6.572374993427701e-06,,4574,0.02639439534627867,CSRP,Caspar,Jun-23,-80
Nov-16,2.4763263203771942e-05,,7795,0.044108172075413704,CSRP,Caspar,Jun-23,-79
Dec-16,1.306402627018896e-06,,2035.8,,CSRP,Caspar,Jun-23,-78
Jan-17,1.431151218039795e-05,,4237.2,0.013463910052675495,CSRP,Caspar,Jun-23,-77
Feb-17,3.384819254882814e-05,,1473.5,,CSRP,Caspar,Jun-23,-76
Apr-17,2.248775356283401e-05,,3772.9999999999995,0.0624295762920972,CSRP,Caspar,Jun-23,-74
May-17,6.366182836771063e-05,,748.0000000000001,,CSRP,Caspar,Jun-23,-73
Jun-17,2.030026345230785e-05,,2015.2,,CSRP,Caspar,Jun-23,-72
Jul-17,1.078757961233729e-06,,4047.9999999999995,0.0030878025379324505,CSRP,Caspar,Jun-23,-71
Aug-17,0.00029114906832297964,,89.60000000000001,,CSRP,Caspar,Jun-23,-70
Nov-17,4.0688203140018766e-07,,373046,,CSRP,Caspar,Jun-23,-67
Dec-17,6.694730978929962e-07,,27119.5,0.0162928080021885,CSRP,Caspar,Jun-23,-66
Jan-18,2.398399020685724e-06,,120441.20000000001,0.02249633833720401,CSRP,Caspar,Jun-23,-65
Feb-18,1.707566961018685e-05,,1990,,CSRP,Caspar,Jun-23,-64
Mar-18,1.244089331585642e-06,,12108.199999999999,0.0066819329591351765,CSRP,Caspar,Jun-23,-63
Apr-18,1.4044786013640285e-05,,6026.4,0.0428549564355483,CSRP,Caspar,Jun-23,-62
May-18,2.7570995312930773e-05,,1755,,CSRP,Caspar,Jun-23,-61
Jun-18,5.4293532554402365e-06,,6043.6,0.025305518114113454,CSRP,Caspar,Jun-23,-60
Jul-18,1.6912842485060305e-05,,10251.4,0.038974725129313645,CSRP,Caspar,Jun-23,-59
Oct-18,0.00020822343763013957,,477.6,,CSRP,Caspar,Jun-23,-56
Jan-19,4.950495049504955e-06,,35300,0.1061454417853388,CSRP,Caspar,Jun-23,-53
Feb-19,8.064516129032265e-05,,99.2,,CSRP,Caspar,Jun-23,-52
Mar-19,1.8293660912875537e-05,,4040,0.00665288638213149,CSRP,Caspar,Jun-23,-51
May-19,1.9268713774818143e-05,,13572.4,0.06644522622760342,CSRP,Caspar,Jun-23,-49
Jul-19,3.7562917887461575e-06,,10530,0.11746170197929635,CSRP,Caspar,Jun-23,-47
Aug-19,2.116654143409186e-05,,4803.200000000001,0.05612122433650888,CSRP,Caspar,Jun-23,-46
Nov-19,2.139355353937059e-05,,17738.8,0.07216302503283445,CSRP,Caspar,Jun-23,-43
Dec-19,1.6942375592136092e-05,,2000.8,,CSRP,Caspar,Jun-23,-42
Feb-20,0,,2228.7999999999997,0.00946475851130535,CSRP,Caspar,Jun-23,-40
Mar-20,3.1748063622103535e-07,0.5980085484842648,54049.6,0.0275669736633535,CSRP,Caspar,Jun-23,-39
Apr-20,4.9275927220089046e-06,0.6014593283248516,60584.8,0.06817542552298715,CSRP,Caspar,Jun-23,-38
May-20,0,0.2155030058443768,14700,0.03783050274244705,CSRP,Caspar,Jun-23,-37
Jun-20,1.5418562578805983e-05,0.40371213552684937,44218.4,0.1340318625443363,CSRP,Caspar,Jun-23,-36
Jul-20,1.7788704235081525e-05,,31974,0.13702679826098355,CSRP,Caspar,Jun-23,-35
Aug-20,3.1288265137474803e-05,,25088.399999999998,0.10724340948979987,CSRP,Caspar,Jun-23,-34
Sep-20,3.90691670933605e-05,,8208,0.035666945066597504,CSRP,Caspar,Jun-23,-33
Oct-20,7.3574501209107906e-06,0.16257426277866838,44660,0.03505042172109996,CSRP,Caspar,Jun-23,-32
Nov-20,6.3402554004058195e-06,0.2898771532862685,40886,0.04959770090931109,CSRP,Caspar,Jun-23,-31
Dec-20,1.2863775918928083e-05,,109853,0.05229279688915533,CSRP,Caspar,Jun-23,-30
Jan-21,6.385141520276653e-06,0.24442385428488617,87616,0.03529408868036753,CSRP,Caspar,Jun-23,-29
Feb-21,2.8599545715167682e-06,0.1588375298935609,72088,0.051235737396064414,CSRP,Caspar,Jun-23,-28
Mar-21,7.877427232265976e-06,0.29461602642318785,54732,0.05116430522422426,CSRP,Caspar,Jun-23,-27
Apr-21,3.5637435936538505e-06,0.1537602918784384,99394,0.03280961827072565,CSRP,Caspar,Jun-23,-26
May-21,2.60286523404963e-07,0.19274043288615503,52259,0.040754507711064994,CSRP,Caspar,Jun-23,-25
Jun-21,3.4293999302945215e-06,0.41716371268733166,92920,0.04958042100592736,CSRP,Caspar,Jun-23,-24
Jul-21,1.4342831856200838e-05,,31099,0.023145247834386633,CSRP,Caspar,Jun-23,-23
Aug-21,1.360988622135114e-05,,40923,0.04685466474475923,CSRP,Caspar,Jun-23,-22
Sep-21,2.0504843676841932e-05,,9873,0.028279242918674685,CSRP,Caspar,Jun-23,-21
Oct-21,8.396775638154943e-06,0.15433689253944247,22589,0.039611589512150866,CSRP,Caspar,Jun-23,-20
Nov-21,2.427876707059026e-06,0.198026513901183,71249,0.02718200666439585,CSRP,Caspar,Jun-23,-19
Dec-21,0,0.48609910780666604,83305,0.0151655293146408,CSRP,Caspar,Jun-23,-18
Jan-22,6.377164590545063e-06,0.35178186108608944,84541,0.04576376272617085,CSRP,Caspar,Jun-23,-17
Feb-22,8.589958338702047e-06,,50116,0.07898054870865186,CSRP,Caspar,Jun-23,-16
Mar-22,1.4523764523764523e-05,0.23148401486579995,46664,0.037219786024301114,CSRP,Caspar,Jun-23,-15
Apr-22,1.4029180695847453e-06,0.21141807139321836,40301,0.014920888228700618,CSRP,Caspar,Jun-23,-14
May-22,1.3374194682420148e-05,,28977,0.04599400608174514,CSRP,Caspar,Jun-23,-13
Jun-22,1.2887445649585428e-05,,14699,0.09937501793071465,CSRP,Caspar,Jun-23,-12
Jul-22,3.153579312519673e-06,,10189,0.0184530315395474,CSRP,Caspar,Jun-23,-11
Aug-22,4.094858813401858e-05,0.6292826258413105,12781,0.09795637578803802,CSRP,Caspar,Jun-23,-10
Sep-22,8.438831250132263e-06,0.33212986175891485,87145,0.10441355637781001,CSRP,Caspar,Jun-23,-9
Oct-22,0,0.12031927424336387,24112,0.01029596365557002,CSRP,Caspar,Jun-23,-8
Nov-22,0,0.21838429789353747,24295,0.01555191162562721,CSRP,Caspar,Jun-23,-7
Dec-22,9.099172020992178e-06,0.10499857787042143,77627,0.020507644225959572,CSRP,Caspar,Jun-23,-6
Jan-23,5.636724386724445e-06,0.0570270201102036,36327,0.01775371967147456,CSRP,Caspar,Jun-23,-5
Feb-23,0,0.11178382825786486,39678,0.008675077548561934,CSRP,Caspar,Jun-23,-4
Mar-23,8.243696348736955e-06,0.19789704486290763,24879,0.02175880611021021,CSRP,Caspar,Jun-23,-3
Apr-23,1.8629050887115378e-06,0.22377593083186065,88483,0.02826848058437341,CSRP,Caspar,Jun-23,-2
May-23,4.7288031399252835e-06,0.1355595643338987,55488,0.022513854755670377,CSRP,Caspar,Jun-23,-1
Jun-23,8.818342151675483e-06,0.17962572361500848,65705,0.04157479227277857,CSRP,Caspar,Jun-23,0
Jul-23,1.683501683501674e-05,0.23626282396476792,53502,0.048980154565571345,CSRP,Caspar,Jun-23,1
Aug-23,3.2759610020383575e-05,0.19040273946846495,55642,0.03344608759799685,CSRP,Caspar,Jun-23,2
Sep-23,2.9799314814601907e-06,0.3191641215336409,94540,0.028935360305095963,CSRP,Caspar,Jun-23,3
Oct-23,4.44931754435049e-06,0.2807088659303205,100089,0.04215046231772963,CSRP,Caspar,Jun-23,4
Nov-23,1.2460003792808933e-06,0.3291082852285385,74631.5,0.031863860847891355,CSRP,Caspar,Jun-23,5
Dec-23,4.66853408029879e-06,0.2591456243350607,138359.5,0.03727925495231189,CSRP,Caspar,Jun-23,6
Jan-24,1.7544478376686174e-06,0.30016580296401413,85647.5,0.022771461953188892,CSRP,Caspar,Jun-23,7
Feb-24,7.175634415777927e-07,0.19053351078397124,13335.5,0.008818576323423796,CSRP,Caspar,Jun-23,8
Mar-24,0,0.1307944513790527,25207,0.011461306453108343,CSRP,Caspar,Jun-23,9
Apr-24,3.079229971703243e-06,0.10396649466799962,38415,0.021265595034127976,CSRP,Caspar,Jun-23,10
May-24,5.582838384633813e-06,0.15195646864023796,160607,0.03123431816889791,CSRP,Caspar,Jun-23,11
Jun-24,2.861339650356195e-05,0.25601776128089127,100886.99999999999,0.031245723155458233,CSRP,Caspar,Jun-23,12
Jul-24,0,0.11748903450222836,17057,0.012487860831067265,CSRP,Caspar,Jun-23,13
Aug-24,1.6478910084887114e-05,0.30054998577164643,46711,0.04418997872100896,CSRP,Caspar,Jun-23,14
Sep-24,5.675521899710677e-06,0.36263437761554934,44611.5,0.03976888321872924,CSRP,Caspar,Jun-23,15
Oct-24,7.329287833671035e-06,0.4173790651670551,82414,0.03593853249516963,CSRP,Caspar,Jun-23,16
Nov-24,4.969913616585829e-06,0.17887114372424032,60902.5,0.03014627012442521,CSRP,Caspar,Jun-23,17
Dec-24,0,0.13586880280409913,103279,0.02940728218019002,CSRP,Caspar,Jun-23,18
Jan-25,5.608999804881507e-06,0.30054998577164643,45028.5,0.03599304673279613,CSRP,Caspar,Jun-23,19
Feb-25,0,0.22760478239988746,6761.5,0.008517502662465195,CSRP,Caspar,Jun-23,20
Mar-25,2.9206050340338554e-06,0.30229829756251136,176705,0.055447179367654385,CSRP,Caspar,Jun-23,21
Apr-25,3.3572368597749257e-06,0.30698010858591,265638,0.048379690850632595,CSRP,Caspar,Jun-23,22
May-25,2.6997707649186896e-06,0.374883643666255,206525,0.042216569783633466,CSRP,Caspar,Jun-23,23
Jun-25,2.652011036897441e-06,0.31818588367068107,79087,0.031389424285141965,CSRP,Caspar,Jun-23,24
Jul-25,1.1872969170040804e-06,0.20530303762968444,343039,0.04678631313193382,CSRP,Caspar,Jun-23,25
Aug-25,1.2467081555343938e-06,0.20991773252023418,171628.2,0.01589268318831696,CSRP,Caspar,Jun-23,26
Sep-25,1.221538281033818e-06,0.14937925861028767,126129.8,0.023984827830224816,CSRP,Caspar,Jun-23,27
Sep-14,1.1336744278067666e-06,0.12171923206930405,402463.6,0.021631898735760106,FSG,FASING SA,Jun-25,-129
Oct-14,8.777162758732608e-07,0.1680226713773988,401730.8,0.017672276181099927,FSG,FASING SA,Jun-25,-128
Nov-14,3.1762805352225844e-07,0.17225991935353147,1459379.5,0.02639287866877071,FSG,FASING SA,Jun-25,-127
Dec-14,3.332740556797724e-07,0.11517229207685152,387307.7,0.027158714448386644,FSG,FASING SA,Jun-25,-126
Jan-15,5.809328600270386e-07,0.12251683433750221,470449.1,0.018065843116839037,FSG,FASING SA,Jun-25,-125
Feb-15,8.240416489798485e-07,0.08852526530502026,211882.4,0.012963726685933572,FSG,FASING SA,Jun-25,-124
Mar-15,6.194948764244942e-07,0.16446688219579322,635928.7,0.023802821490725976,FSG,FASING SA,Jun-25,-123
Apr-15,5.976299959626199e-07,0.16099593595784942,422678.1,0.026629185370759582,FSG,FASING SA,Jun-25,-122
May-15,5.202498865374869e-07,0.09991915290867653,331543.2,0.012738249862166307,FSG,FASING SA,Jun-25,-121
Jun-15,4.516790680294589e-07,0.12463791740610165,314811.4,0.011157582899946481,FSG,FASING SA,Jun-25,-120
Jul-15,3.33787284039628e-07,0.11760423191612687,568889.4,0.018203949175425196,FSG,FASING SA,Jun-25,-119
Aug-15,3.1573011642230975e-07,0.13855631718863942,276034.7,0.014230805668126617,FSG,FASING SA,Jun-25,-118
Sep-15,2.794545048066165e-07,0.12934514118745144,385877.7,0.01302054606118313,FSG,FASING SA,Jun-25,-117
Oct-15,4.948120199074782e-07,0.09888275414722833,320562.8,0.01447044331034684,FSG,FASING SA,Jun-25,-116
Nov-15,4.462097057695195e-07,0.1411784482310507,1002688.3,0.02248288156342253,FSG,FASING SA,Jun-25,-115
Dec-15,5.312818769126162e-07,0.13287517595535897,610752,0.023161574290454404,FSG,FASING SA,Jun-25,-114
Jan-16,3.7425177713455494e-07,0.10555595950749518,178253.8,0.011561954542736098,FSG,FASING SA,Jun-25,-113
Feb-16,5.888836684745875e-07,0.14230491237494913,237211.4,0.010936339986547977,FSG,FASING SA,Jun-25,-112
Mar-16,4.724111866969014e-07,0.1493942905333414,593866.5,0.024800411249178252,FSG,FASING SA,Jun-25,-111
Apr-16,1.723251360965322e-06,0.1561228834343538,172645.4,0.02756844839203029,FSG,FASING SA,Jun-25,-110
May-16,1.2051881078483218e-06,0.08054049394693516,299152,0.012406320483734528,FSG,FASING SA,Jun-25,-109
Jun-16,1.383636195922894e-06,0.14256328260715323,162815.8,0.017261307689878453,FSG,FASING SA,Jun-25,-108
Jul-16,1.5872469994418246e-06,0.15613007353043498,87726.90000000001,0.014218112120981738,FSG,FASING SA,Jun-25,-107
Aug-16,3.8978807201781357e-07,0.14739115076388712,202129.5,0.01692895532567598,FSG,FASING SA,Jun-25,-106
Sep-16,1.2150305352361275e-06,0.15615873211417805,374749.4,0.02320570218391125,FSG,FASING SA,Jun-25,-105
Oct-16,1.809389370170375e-06,0.16723275625033182,249669.5,0.031451832095713186,FSG,FASING SA,Jun-25,-104
Nov-16,1.0779281632741057e-06,0.19146855385190686,145952.6,0.01855235040636548,FSG,FASING SA,Jun-25,-103
Dec-16,1.584978565282231e-06,0.11914956115936787,1774813.2000000002,0.025495699465433567,FSG,FASING SA,Jun-25,-102
Jan-17,7.672914401158764e-07,0.07552447391534134,92943.9,0.00785424887566574,FSG,FASING SA,Jun-25,-101
Feb-17,4.842839952814418e-07,0.1766594451911911,299668.1,0.011190408066282242,FSG,FASING SA,Jun-25,-100
Mar-17,5.428528000347406e-07,0.1374393508898293,795518.9,0.020617934353107215,FSG,FASING SA,Jun-25,-99
Apr-17,1.3514877176796293e-06,0.14633677818825525,113364.8,0.02111395116326279,FSG,FASING SA,Jun-25,-98
May-17,1.5231972842779606e-06,0.19604378322390464,259023,0.030918651925209262,FSG,FASING SA,Jun-25,-97
Jun-17,1.8361261367790963e-07,0.17066584895186618,2755814.5,0.028586781881816566,FSG,FASING SA,Jun-25,-96
Jul-17,9.647028386381034e-07,0.2100888981420817,320163.1,0.027208983176841894,FSG,FASING SA,Jun-25,-95
Aug-17,2.8825089357776796e-07,0.11416993409689687,1598984,0.024227940838095444,FSG,FASING SA,Jun-25,-94
Sep-17,5.907225469468964e-07,0.1833526390888473,437556.2,0.023385769099248232,FSG,FASING SA,Jun-25,-93
Oct-17,9.668729973643203e-08,0.23074797104907194,777934.9,0.012020060371187847,FSG,FASING SA,Jun-25,-92
Nov-17,7.502843577715395e-07,0.13053130516816303,225058.69999999998,0.021153968261656365,FSG,FASING SA,Jun-25,-91
Dec-17,2.3169613412425634e-07,0.13850546054130997,206175.5,0.010224594744701212,FSG,FASING SA,Jun-25,-90
Jan-18,2.0472992343750334e-06,0.08844933699799895,101845.5,0.02497197303785299,FSG,FASING SA,Jun-25,-89
Feb-18,7.922435021017829e-07,0.13143883260397912,167066.5,0.01670740320711336,FSG,FASING SA,Jun-25,-88
Mar-18,3.4547147355676463e-07,0.1970148646794866,293792.5,0.016420333374517253,FSG,FASING SA,Jun-25,-87
Apr-18,7.789370416167477e-07,0.1277745107037389,208645,0.015433395997268253,FSG,FASING SA,Jun-25,-86
May-18,4.146843172438714e-07,0.10508731245246788,380196.5,0.020364706351819334,FSG,FASING SA,Jun-25,-85
Jun-18,2.241107286287996e-06,0.1504908354679128,139184.5,0.01766744092458691,FSG,FASING SA,Jun-25,-84
Jul-18,2.094157111281605e-07,0.15551298067157693,2173791,0.017947014215053115,FSG,FASING SA,Jun-25,-83
Aug-18,4.401277889665918e-07,0.11608493921426959,501537,0.016540619780977952,FSG,FASING SA,Jun-25,-82
Sep-18,3.2713992036103427e-07,0.11432013106479184,593098.5,0.01473478743772645,FSG,FASING SA,Jun-25,-81
Oct-18,4.083334320138841e-07,0.14176201858154133,700429,0.01852174375687066,FSG,FASING SA,Jun-25,-80
Nov-18,2.428212106632746e-07,0.23561192695803623,878480.5,0.029588735834144328,FSG,FASING SA,Jun-25,-79
Dec-18,9.615384615384615e-07,0.12734465359842267,531053.5,0.018983029652950567,FSG,FASING SA,Jun-25,-78
Jan-19,2.345215759849906e-06,0.06705434342422273,144848.5,0.015170275146151338,FSG,FASING SA,Jun-25,-77
Feb-19,3.082309552574308e-07,0.039156327924070596,387520,0.010478650274252762,FSG,FASING SA,Jun-25,-76
Mar-19,7.728608371319538e-07,0.08668732643745464,261125.5,0.013242985578756993,FSG,FASING SA,Jun-25,-75
Apr-19,7.885029533809993e-07,0.1509159274157842,786793.5,0.039136901667639945,FSG,FASING SA,Jun-25,-74
May-19,4.3283747472228993e-07,0.21145874272249182,616834.5,0.025799612484186746,FSG,FASING SA,Jun-25,-73
Jun-19,8.371477328987212e-07,0.11414026920063328,254734,0.019857981064944005,FSG,FASING SA,Jun-25,-72
Jul-19,5.76281334976166e-07,0.1094262857577747,448312,0.014055738700512167,FSG,FASING SA,Jun-25,-71
Aug-19,5.072392552459649e-07,0.11654087173952943,434046,0.014854698038922315,FSG,FASING SA,Jun-25,-70
Sep-19,5.815684924848547e-07,0.10477389906376097,326110,0.014931858047341767,FSG,FASING SA,Jun-25,-69
Oct-19,4.853803440375913e-07,0.18272860821474382,463931.5,0.02339481732233054,FSG,FASING SA,Jun-25,-68
Nov-19,7.860385185823992e-07,0.18356651818955588,222012.5,0.01904799327001359,FSG,FASING SA,Jun-25,-67
Dec-19,5.634048699986536e-07,0.1290134064591027,285533.5,0.01518177885676259,FSG,FASING SA,Jun-25,-66
Jan-20,5.01512467568603e-07,0.11805982780815016,700270,0.017892893152962348,FSG,FASING SA,Jun-25,-65
Feb-20,1.2237024875302397e-06,0.09840269293801594,446337,0.02346668726465803,FSG,FASING SA,Jun-25,-64
Mar-20,2.0313015160799924e-06,0.2528076522489276,445757,0.04788221639534128,FSG,FASING SA,Jun-25,-63
Apr-20,8.804302665553438e-07,0.22935617758248963,644310.5,0.03403622960492885,FSG,FASING SA,Jun-25,-62
May-20,3.6850130112431734e-07,0.22861441997122592,645576,0.027125312906375747,FSG,FASING SA,Jun-25,-61
Jun-20,2.711687917260969e-07,0.21365484054976192,1125454.5,0.024335549791099025,FSG,FASING SA,Jun-25,-60
Jul-20,6.281722699633156e-07,0.20738028329838795,881124,0.030460353361507184,FSG,FASING SA,Jun-25,-59
Aug-20,1.0103099853825446e-06,0.11391330950905858,229601,0.020761890050152974,FSG,FASING SA,Jun-25,-58
Sep-20,5.267593763169058e-07,0.15571970562355067,300449,0.01784523449107411,FSG,FASING SA,Jun-25,-57
Oct-20,4.213826407207362e-07,0.1850777337565015,788223.7,0.021237641237856892,FSG,FASING SA,Jun-25,-56
Nov-20,3.9819435191969133e-07,0.16262056476623277,990232.3,0.028815046757579076,FSG,FASING SA,Jun-25,-55
Dec-20,4.6556866818217814e-07,0.10842268936929374,535994,0.01820996219070704,FSG,FASING SA,Jun-25,-54
Jan-21,4.735549175718479e-07,0.1044299484611177,562166.5,0.015232423794402174,FSG,FASING SA,Jun-25,-53
Feb-21,4.580516315799124e-07,0.11643418034352324,471764.5,0.016387928608604534,FSG,FASING SA,Jun-25,-52
Mar-21,7.392997131764867e-07,0.17396831806117363,670078,0.022488373101229517,FSG,FASING SA,Jun-25,-51
Apr-21,1.1241273761051422e-06,0.13950629273168136,208573,0.016275785221671935,FSG,FASING SA,Jun-25,-50
May-21,7.708740354824068e-07,0.15001062466351006,785011.5,0.03703465711408635,FSG,FASING SA,Jun-25,-49
Jun-21,8.679470621727825e-07,0.10378952738896195,260621,0.01528775874855142,FSG,FASING SA,Jun-25,-48
Jul-21,6.850701512465845e-07,,165735,0.017852143098303137,FSG,FASING SA,Jun-25,-47
Aug-21,2.1089700514693825e-07,0.09513943043248425,1610464.5,0.02747725966417109,FSG,FASING SA,Jun-25,-46
Sep-21,5.433721565349463e-07,0.1826977156955218,1904772.5,0.04101124722761239,FSG,FASING SA,Jun-25,-45
Oct-21,1.738936883546882e-07,0.13372912583236818,4931752.5,0.0344186410755968,FSG,FASING SA,Jun-25,-44
Nov-21,5.203165975276351e-07,0.14086718894576794,687012.5,0.02425687044245292,FSG,FASING SA,Jun-25,-43
Dec-21,8.109376677627325e-07,0.16548256794916996,853136,0.03552246680439289,FSG,FASING SA,Jun-25,-42
Jan-22,2.2504275812404113e-06,0.3498804151197342,399656,0.026501441914850248,FSG,FASING SA,Jun-25,-41
Feb-22,5.789871661704757e-07,0.21942292633174068,345718,0.03151080261717462,FSG,FASING SA,Jun-25,-40
Mar-22,3.747833752091302e-07,0.2812882733697338,2884162.5,0.035885632551907784,FSG,FASING SA,Jun-25,-39
Apr-22,3.158809128958345e-07,0.138847712834281,1064284.5,0.02838729101494281,FSG,FASING SA,Jun-25,-38
May-22,7.816493739770136e-07,0.1382651001520038,335751,0.02610740558220147,FSG,FASING SA,Jun-25,-37
Jun-22,1.5268271333916456e-06,0.16660095425293173,276605,0.0355441995278893,FSG,FASING SA,Jun-25,-36
Jul-22,9.733925577811923e-07,0.2412817133394919,432258.5,0.022040561743649587,FSG,FASING SA,Jun-25,-35
Aug-22,5.98331230274409e-07,0.1818520039208193,1578007,0.0322408886501133,FSG,FASING SA,Jun-25,-34
Sep-22,1.3264918511193788e-06,0.2971115619658831,482338,0.031108146847288996,FSG,FASING SA,Jun-25,-33
Oct-22,6.82458762429272e-07,0.1306308029293761,151841,0.010863206511614962,FSG,FASING SA,Jun-25,-32
Nov-22,1.4019281649115732e-06,0.09804162607314887,584521,0.025109297686439026,FSG,FASING SA,Jun-25,-31
Dec-22,8.064500228375779e-07,0.07713061682391305,231283,0.007428267589068354,FSG,FASING SA,Jun-25,-30
Jan-23,1.8491124260354963e-07,0.18697499189088748,958669,0.022965242465843763,FSG,FASING SA,Jun-25,-29
Feb-23,9.64474916707951e-07,0.10842023006862792,313205,0.01827931948063214,FSG,FASING SA,Jun-25,-28
Mar-23,3.770620581304005e-07,0.15831930827302895,439933.5,0.025394276555416376,FSG,FASING SA,Jun-25,-27
Apr-23,4.929065813872554e-07,0.01822006213401594,31815,0.01536487650309712,FSG,FASING SA,Jun-25,-26
May-23,9.627418311766063e-07,0.11035426101893632,122281.5,0.012993377438418057,FSG,FASING SA,Jun-25,-25
Jun-23,8.546108259848753e-07,0.12507682905272674,216352.5,0.01404672752511101,FSG,FASING SA,Jun-25,-24
Jul-23,0,0.06882892500889864,273835.5,0.008191080625102055,FSG,FASING SA,Jun-25,-23
Aug-23,4.508212610913289e-07,0.08805993122711034,455056.5,0.010114962007182359,FSG,FASING SA,Jun-25,-22
Sep-23,6.7495872123101e-07,0.12316506135073835,475656.5,0.029848587587133966,FSG,FASING SA,Jun-25,-21
Oct-23,1.0401097523810731e-06,0.13084278310006672,127521.5,0.01723063482361825,FSG,FASING SA,Jun-25,-20
Nov-23,1.7600180225845123e-06,0.15247501193845303,458371,0.030609676206524335,FSG,FASING SA,Jun-25,-19
Dec-23,6.439298116505286e-07,0.10571598891415562,449919,0.02074896710029451,FSG,FASING SA,Jun-25,-18
Jan-24,3.5033318171537537e-07,0.17031127150143613,669689.5,0.02061616506104373,FSG,FASING SA,Jun-25,-17
Feb-24,1.2284863044399142e-06,0.1118477872548729,182173,0.02122564270221014,FSG,FASING SA,Jun-25,-16
Mar-24,2.646774567725473e-07,0.07021648596639732,129177.5,0.013497080379363815,FSG,FASING SA,Jun-25,-15
Apr-24,1.5220908971593808e-06,0.22364329595590493,522772,0.025466935120253994,FSG,FASING SA,Jun-25,-14
May-24,9.273825609037071e-07,0.15130329897567588,378747,0.02066818712110268,FSG,FASING SA,Jun-25,-13
Jun-24,3.005298943096527e-07,0.05266366335206642,255497,0.012766607126610957,FSG,FASING SA,Jun-25,-12
Jul-24,2.6149246300273855e-07,0.07599936283888359,414105,0.013740919780890055,FSG,FASING SA,Jun-25,-11
Aug-24,1.4305987914301789e-06,0.14919240607250378,202153,0.024497143938129868,FSG,FASING SA,Jun-25,-10
Sep-24,1.8975332068311178e-06,0.07152844251374894,209614,0.02249071113090651,FSG,FASING SA,Jun-25,-9
Oct-24,4.554531344639632e-06,0.09929955411138408,104338,0.02477153879356024,FSG,FASING SA,Jun-25,-8
Nov-24,2.116402116402109e-06,0.13276721028765068,149105,0.01276056071970563,FSG,FASING SA,Jun-25,-7
Dec-24,5.949682346459569e-07,0.14110818668793956,345125,0.02109899551801711,FSG,FASING SA,Jun-25,-6
Jan-25,9.352155401430142e-07,0.11238461690794424,191409,0.015684734850674894,FSG,FASING SA,Jun-25,-5
Feb-25,6.587823593894932e-07,0.16286387316951673,318710,0.024364633623314595,FSG,FASING SA,Jun-25,-4
Mar-25,1.0118525316666603e-06,0.11161674176652114,231936,0.016734704797086022,FSG,FASING SA,Jun-25,-3
Apr-25,2.1462531964431555e-06,0.15363202462035144,123556,0.025806964181820737,FSG,FASING SA,Jun-25,-2
May-25,7.196004778147195e-07,0.12624105332458374,252346,0.020635261810857373,FSG,FASING SA,Jun-25,-1
Jun-25,1.4698533086397912e-06,0.13991257472194957,253114,0.028570365028523403,FSG,FASING SA,Jun-25,0
Jul-25,0,0.11939990497772555,52705,0.01594867333102675,FSG,FASING SA,Jun-25,1
Aug-25,4.7116304912122157e-07,0.10103742238524438,1219204,0.022355277627653453,FSG,FASING SA,Jun-25,2
Sep-25,3.855347366797699e-07,0.1406476754314117,862453,0.010521342279397973,FSG,FASING SA,Jun-25,3
Sep-14,5.265664281649851e-07,0.12204601861291989,781658.5,0.01676775823181557,KCH,Krakchemia SA,Jul-24,-118
Oct-14,7.145425004448803e-07,0.07648236955944286,319064.3,0.0114265808380178,KCH,Krakchemia SA,Jul-24,-117
Nov-14,1.7628409743675467e-06,0.1048117678639442,221867.90000000002,0.0180448270879122,KCH,Krakchemia SA,Jul-24,-116
Dec-14,1.2971698969829304e-06,0.06897852411738054,203584,0.014035945460082461,KCH,Krakchemia SA,Jul-24,-115
Jan-15,1.4808841915242412e-06,0.1524987558614237,229263.30000000002,0.024218392437733847,KCH,Krakchemia SA,Jul-24,-114
Feb-15,3.468786846951293e-07,0.17499734194550093,785705.7000000001,0.02293285095506934,KCH,Krakchemia SA,Jul-24,-113
Mar-15,5.131853001664867e-07,0.09999500266495832,1446027.5,0.024379429255280964,KCH,Krakchemia SA,Jul-24,-112
Apr-15,6.698171088299055e-07,0.09184419011497807,384764.2,0.019603544787179572,KCH,Krakchemia SA,Jul-24,-111
May-15,4.980818164209864e-07,0.12500731165361895,617656.3999999999,0.020657021649294532,KCH,Krakchemia SA,Jul-24,-110
Jun-15,1.1562030292519215e-06,0.13361930529148747,350242.3,0.015441557259641518,KCH,Krakchemia SA,Jul-24,-109
Jul-15,2.418069751640047e-07,0.13211661038467606,823134.3,0.015951133381674032,KCH,Krakchemia SA,Jul-24,-108
Aug-15,3.6674852493743144e-07,0.10984499870520398,935934.1,0.025582564307788366,KCH,Krakchemia SA,Jul-24,-107
Sep-15,8.987730571740386e-07,0.20445976089094386,649758.8,0.017706226455943847,KCH,Krakchemia SA,Jul-24,-106
Oct-15,9.089358596880701e-07,0.16920822047362583,1965190.5,0.025457881933248175,KCH,Krakchemia SA,Jul-24,-105
Nov-15,1.1367982601968576e-06,0.232009176755613,414371.19999999995,0.020924882199301015,KCH,Krakchemia SA,Jul-24,-104
Dec-15,7.022129978028441e-07,0.181678355030437,724327.2,0.02454059222227486,KCH,Krakchemia SA,Jul-24,-103
Jan-16,2.5001602706906807e-07,0.17020713179854027,777268.6,0.023672841068748358,KCH,Krakchemia SA,Jul-24,-102
Feb-16,8.32391620946168e-07,0.12689374714059848,40521,0.00824042654886625,KCH,Krakchemia SA,Jul-24,-101
Mar-16,3.3522357714129675e-07,0.10425450285603151,563515.8999999999,0.015162370307420034,KCH,Krakchemia SA,Jul-24,-100
Apr-16,5.023503718020691e-07,0.08805346172252491,480482.4,0.01680760702010894,KCH,Krakchemia SA,Jul-24,-99
May-16,1.638670451819931e-06,0.1690989582685947,871111.1,0.022095760509954373,KCH,Krakchemia SA,Jul-24,-98
Jun-16,3.3493411102519297e-06,0.1012422722379471,159420.4,0.0208000035933025,KCH,Krakchemia SA,Jul-24,-97
Jul-16,2.787317833167137e-06,0.11227424603856273,138580.8,0.012212480083564247,KCH,Krakchemia SA,Jul-24,-96
Aug-16,1.8932053138339849e-06,0.14526553253423755,214100.4,0.024193235843343496,KCH,Krakchemia SA,Jul-24,-95
Sep-16,5.338167136949516e-07,0.2327882896467554,4492601.9,0.025796660500556942,KCH,Krakchemia SA,Jul-24,-94
Oct-16,1.545799567918096e-06,0.12469963218598505,182358.9,0.020894370718933897,KCH,Krakchemia SA,Jul-24,-93
Nov-16,1.6310672532169802e-06,0.11181310515376369,1436062.5,0.03244323494738011,KCH,Krakchemia SA,Jul-24,-92
Dec-16,3.591958861295167e-06,0.1496747710101973,172749.3,0.026103943491914677,KCH,Krakchemia SA,Jul-24,-91
Jan-17,1.4382942980260799e-06,0.17656450273939048,263039.9,0.021459096762926,KCH,Krakchemia SA,Jul-24,-90
Feb-17,7.51549420547279e-07,0.16900354783790378,244202,0.01072789978176133,KCH,Krakchemia SA,Jul-24,-89
Mar-17,1.69384059883934e-06,0.2151824329766273,137655.4,0.021770335526167847,KCH,Krakchemia SA,Jul-24,-88
Apr-17,4.641648221433544e-07,0.17033540698781807,88808.90000000001,0.02106551279560727,KCH,Krakchemia SA,Jul-24,-87
May-17,6.103277264984688e-06,0.254017699618305,140214.1,0.026919507080539338,KCH,Krakchemia SA,Jul-24,-86
Jun-17,2.2668189709950067e-06,0.194428942964249,138129,0.03015246019921525,KCH,Krakchemia SA,Jul-24,-85
Jul-17,4.0317730595580015e-06,0.2824064449583482,237722.19999999998,0.03202948314051159,KCH,Krakchemia SA,Jul-24,-84
Aug-17,2.6709107322432193e-06,0.23644550274739984,734695.7000000001,0.04902033682315996,KCH,Krakchemia SA,Jul-24,-83
Sep-17,2.649776773784613e-06,0.22294349720125584,960445.4,0.024251655514633888,KCH,Krakchemia SA,Jul-24,-82
Oct-17,1.3882793474878845e-06,0.19196150435491094,566347,0.03344349991203653,KCH,Krakchemia SA,Jul-24,-81
Nov-17,5.926915536427629e-07,0.13428702098559306,205722.3,0.015681810353326928,KCH,Krakchemia SA,Jul-24,-80
Dec-17,3.7898122513814956e-07,0.13169017892858387,285084.7,0.020892818871227847,KCH,Krakchemia SA,Jul-24,-79
Jan-18,3.9494300613382486e-06,0.22904368968756214,215702,0.03736983328871856,KCH,Krakchemia SA,Jul-24,-78
Feb-18,2.423995617415928e-06,0.4330895350121711,157482.7,0.028675143478603598,KCH,Krakchemia SA,Jul-24,-77
Mar-18,9.5559221297262e-06,0.2634399119054582,87150.09999999999,0.0390844986142582,KCH,Krakchemia SA,Jul-24,-76
Apr-18,1.4820743112059699e-06,0.24128488684822588,42791.1,0.026338453139033307,KCH,Krakchemia SA,Jul-24,-75
May-18,2.2902664005158977e-06,0.05478339525534763,39845,0.017877892513503132,KCH,Krakchemia SA,Jul-24,-74
Jun-18,1.1516870532926126e-05,0.2004520514153602,41637.6,0.04117123608450571,KCH,Krakchemia SA,Jul-24,-73
Jul-18,4.826719451054712e-06,0.21716201781805397,29105,0.022533167112240765,KCH,Krakchemia SA,Jul-24,-72
Aug-18,1.1923075387278508e-05,0.2665096038991296,17529.2,0.034088449411233325,KCH,Krakchemia SA,Jul-24,-71
Sep-18,1.0119656701015383e-06,0.432438935315056,985183.4000000001,0.06062679088211715,KCH,Krakchemia SA,Jul-24,-70
Oct-18,3.893717098090508e-06,0.38764514312454157,68123.1,0.04569841295126965,KCH,Krakchemia SA,Jul-24,-69
Nov-18,1.8907119633072473e-06,0.2467239028799928,129043.7,0.031697419866574504,KCH,Krakchemia SA,Jul-24,-68
Dec-18,3.330237691557365e-06,0.22890844111726127,153662.40000000002,0.03700587457933233,KCH,Krakchemia SA,Jul-24,-67
Jan-19,1.875942912133544e-06,0.319721836176874,375345.3,0.047440541806473946,KCH,Krakchemia SA,Jul-24,-66
Feb-19,8.209840770183633e-06,0.21793810816279288,35050.4,0.044187060702589834,KCH,Krakchemia SA,Jul-24,-65
Mar-19,1.620668055579193e-05,0.18551927579538632,48730.1,0.036653904351546564,KCH,Krakchemia SA,Jul-24,-64
Apr-19,1.5715599910793935e-05,0.42549454409452403,28938.699999999997,0.03448480386406855,KCH,Krakchemia SA,Jul-24,-63
May-19,0,0.21123495177732268,83752.5,0.04392527680810272,KCH,Krakchemia SA,Jul-24,-62
Jun-19,1.1773289764835592e-05,0.3080230655241654,65753.7,0.049111308049096594,KCH,Krakchemia SA,Jul-24,-61
Jul-19,5.84687616023962e-06,0.46002144425627606,245215.52000000002,0.06436643633581543,KCH,Krakchemia SA,Jul-24,-60
Aug-19,8.711772741211556e-06,0.24297661815201368,84420.27,0.05002238713796033,KCH,Krakchemia SA,Jul-24,-59
Sep-19,1.7494582711974e-05,1.102808955933211,67870.04000000001,0.04291044640702444,KCH,Krakchemia SA,Jul-24,-58
Oct-19,5.148785647023338e-05,0.26985851014280016,26264.31,0.05637164129332953,KCH,Krakchemia SA,Jul-24,-57
Nov-19,3.8254511727657295e-05,0.4317895131125399,13662.98,0.04059813614205204,KCH,Krakchemia SA,Jul-24,-56
Dec-19,1.1342243346015938e-06,0.3319969319140603,106855.31000000001,0.042027730912897666,KCH,Krakchemia SA,Jul-24,-55
Jan-20,0.0002309646808582088,0.22071691960633605,2063.76,0.0823123784756615,KCH,Krakchemia SA,Jul-24,-54
Feb-20,0,,20756.32,0.04874339640572221,KCH,Krakchemia SA,Jul-24,-53
Mar-20,1.8279085070861924e-05,0.47879210700459346,30280.71,0.11142560489519365,KCH,Krakchemia SA,Jul-24,-52
Apr-20,4.110639957852452e-05,,19146.24,0.07838671506739833,KCH,Krakchemia SA,Jul-24,-51
May-20,1.4723630390232756e-05,,92266.94,0.07745792245967358,KCH,Krakchemia SA,Jul-24,-50
Jun-20,7.036911825538016e-06,,92663,0.040897911256354884,KCH,Krakchemia SA,Jul-24,-49
Jul-20,3.359368438733506e-06,,63820.85,0.030386109520562782,KCH,Krakchemia SA,Jul-24,-48
Aug-20,8.352120026253162e-06,,14088.800000000001,0.03048340212559354,KCH,Krakchemia SA,Jul-24,-47
Sep-20,5.871990604815037e-06,,20107.86,0.021655890170882004,KCH,Krakchemia SA,Jul-24,-46
Oct-20,6.0596879260718034e-05,,14278.099999999999,0.10707910157194313,KCH,Krakchemia SA,Jul-24,-45
Nov-20,1.0367719232558399e-05,,13251.9,0.02567176642066906,KCH,Krakchemia SA,Jul-24,-44
Dec-20,1.1279534785062566e-07,,98914.7,0.045658767165570976,KCH,Krakchemia SA,Jul-24,-43
Jan-21,6.147037128104254e-06,0.6879119594844758,82978.36,0.06964397777086877,KCH,Krakchemia SA,Jul-24,-42
Feb-21,1.078582434514639e-05,,45051.18,0.060642667550852514,KCH,Krakchemia SA,Jul-24,-41
Mar-21,5.949074966435318e-06,0.13268275283705516,141586.65,0.05561386466339706,KCH,Krakchemia SA,Jul-24,-40
Apr-21,7.708508287711119e-05,,15664.7,0.06770643494139497,KCH,Krakchemia SA,Jul-24,-39
May-21,2.3550513024375788e-06,,78960.8,0.05753638838683271,KCH,Krakchemia SA,Jul-24,-38
Jun-21,7.2007570228632755e-06,,107078.8,0.08650346235580526,KCH,Krakchemia SA,Jul-24,-37
Jul-21,6.094718012634353e-06,,95666.8,0.04311195850720958,KCH,Krakchemia SA,Jul-24,-36
Aug-21,9.551536269093563e-06,0.05100341189289023,68589.1,0.045530948144442814,KCH,Krakchemia SA,Jul-24,-35
Sep-21,0,,23677.55,0.017932974873411472,KCH,Krakchemia SA,Jul-24,-34
Oct-21,1.172480672995992e-05,,72749,0.03955329334567399,KCH,Krakchemia SA,Jul-24,-33
Nov-21,7.436831449922372e-06,,40562.8,0.05252522572110259,KCH,Krakchemia SA,Jul-24,-32
Dec-21,5.6937880772077715e-06,,77347.3,0.04387559902405658,KCH,Krakchemia SA,Jul-24,-31
Jan-22,0,0.18708092201407187,27886.2,0.046055033147187084,KCH,Krakchemia SA,Jul-24,-30
Feb-22,9.845542209292514e-06,,22632.5,0.12545717071186555,KCH,Krakchemia SA,Jul-24,-29
Mar-22,1.2014725247263002e-05,0.16404112743272037,125889.5,0.10597537406647145,KCH,Krakchemia SA,Jul-24,-28
Apr-22,1.12469537303172e-05,,59747.45,0.13093390677474562,KCH,Krakchemia SA,Jul-24,-27
May-22,1.0828698650310962e-06,0.3372896627741669,832961.58,0.06877325656819214,KCH,Krakchemia SA,Jul-24,-26
Jun-22,1.3045301476232661e-05,0.33975110692518073,42505.73,0.03583636068849632,KCH,Krakchemia SA,Jul-24,-25
Jul-22,0,0.11478100166149618,32153.2,0.01833386627804477,KCH,Krakchemia SA,Jul-24,-24
Aug-22,0,0.22291537312611953,22521.9,0.0300027809199131,KCH,Krakchemia SA,Jul-24,-23
Sep-22,1.7008189807288322e-05,0.22904368968756192,26575.22,0.05104831327749994,KCH,Krakchemia SA,Jul-24,-22
Oct-22,0,,38426.68,0.006626708459518802,KCH,Krakchemia SA,Jul-24,-21
Nov-22,1.0397777371109143e-07,0.22239817473790166,115273.95999999999,0.017184205650772597,KCH,Krakchemia SA,Jul-24,-20
Dec-22,4.6231751898571175e-06,0.4000774311410787,93902.20999999999,0.04004001623220866,KCH,Krakchemia SA,Jul-24,-19
Jan-23,4.567358924131198e-06,0.2996125315884677,468396.67,0.07967543983339102,KCH,Krakchemia SA,Jul-24,-18
Feb-23,2.982304228875615e-06,0.33646483889536677,55460.83,0.03135545834886468,KCH,Krakchemia SA,Jul-24,-17
Mar-23,7.663156749296576e-06,0.2129738571718896,75076.38,0.027814695932269675,KCH,Krakchemia SA,Jul-24,-16
Apr-23,3.3186424457610638e-06,0.1932044298713313,39185.54,0.022138879593327387,KCH,Krakchemia SA,Jul-24,-15
May-23,6.293886795470956e-06,0.3490000679280392,63738.45,0.02647748237790084,KCH,Krakchemia SA,Jul-24,-14
Jun-23,4.916696992853706e-06,0.18242517272008058,49700.299999999996,0.03056286450147962,KCH,Krakchemia SA,Jul-24,-13
Jul-23,3.048793147246709e-06,0.22581343529653913,194369.68,0.03421699480233527,KCH,Krakchemia SA,Jul-24,-12
Aug-23,5.8994961830259694e-06,0.24107651784727452,178721.92,0.04085902556494906,KCH,Krakchemia SA,Jul-24,-11
Sep-23,0,0.16580382024571838,76506.16,0.031693697826587666,KCH,Krakchemia SA,Jul-24,-10
Oct-23,6.764970650330794e-06,0.27837732700578643,115983.12,0.055756422053626735,KCH,Krakchemia SA,Jul-24,-9
Nov-23,1.9423902535413116e-06,0.3287416375131205,156075.08,0.04328895977535549,KCH,Krakchemia SA,Jul-24,-8
Dec-23,2.1361952653368176e-06,0.30314003796781913,330714.6,0.052772586366108196,KCH,Krakchemia SA,Jul-24,-7
Jan-24,3.0110136827468763e-06,0.23489362459697685,81204.38,0.02866815465687489,KCH,Krakchemia SA,Jul-24,-6
Feb-24,8.867280620476231e-06,0.18963193254134098,32225.14,0.02305297631138149,KCH,Krakchemia SA,Jul-24,-5
Mar-24,1.3923698134224493e-05,0.3387755848624316,54538.08,0.03315891806297631,KCH,Krakchemia SA,Jul-24,-4
Apr-24,2.240105732990595e-05,,40107.9,0.040484350699429655,KCH,Krakchemia SA,Jul-24,-3
May-24,6.714884035723972e-06,,67357.4,0.031571237881241665,KCH,Krakchemia SA,Jul-24,-2
Jun-24,2.3154579975919326e-05,,26461.44,0.0926037712038166,KCH,Krakchemia SA,Jul-24,-1
Jul-24,4.261615792129384e-06,0.2068338838653283,476161.58,0.05987110678118329,KCH,Krakchemia SA,Jul-24,0
Aug-24,4.061012739779412e-06,0.31712087934754035,617685.14,0.10481071982238123,KCH,Krakchemia SA,Jul-24,1
Sep-24,2.290941997166867e-06,0.36751252202180285,479981.83,0.08258670713224188,KCH,Krakchemia SA,Jul-24,2
Oct-24,5.456962623638594e-07,0.5434807951459998,11431695.95,0.16802023662665683,KCH,Krakchemia SA,Jul-24,3
Nov-24,2.3587642717032213e-07,0.4016528343283281,4549092.5,0.06102228099356416,KCH,Krakchemia SA,Jul-24,4
Dec-24,7.294604065310109e-07,0.45555432082014524,2439828.75,0.09619336295695638,KCH,Krakchemia SA,Jul-24,5
Jan-25,1.6833163486713738e-07,0.4876210242376274,5555549.15,0.10172231322935657,KCH,Krakchemia SA,Jul-24,6
Feb-25,2.4454020597639737e-07,0.3069112366447583,3786296.5,0.05970201372808397,KCH,Krakchemia SA,Jul-24,7
Mar-25,7.706394982335375e-07,0.15898434679126397,662558.3,0.02595478882232717,KCH,Krakchemia SA,Jul-24,8
Apr-25,1.4359184664737493e-06,0.2705580211402536,477715.44,0.04100663846571461,KCH,Krakchemia SA,Jul-24,9
May-25,1.2270254816381793e-06,0.1751880668933007,1493808.44,0.0284313107954864,KCH,Krakchemia SA,Jul-24,10
Jun-25,2.5921292233236275e-06,0.20442052259074664,160797.08,0.024922850010684085,KCH,Krakchemia SA,Jul-24,11
Jul-25,6.813675253369228e-06,0.13161631113041994,85686.92,0.019589704019956293,KCH,Krakchemia SA,Jul-24,12
Aug-25,2.7373786314749173e-06,0.20540233162450486,256950.22,0.044112867360214615,KCH,Krakchemia SA,Jul-24,13
Sep-25,3.553064410404463e-06,0.15499568522022875,105851.02,0.02459159910790697,KCH,Krakchemia SA,Jul-24,14
Sep-14,1.6253051670878118e-06,0.311523061070205,481745.3,0.049413206746032536,MBR,Mo-Bruk SA,Apr-18,-43
Oct-14,7.008454292332799e-06,0.1530835547974797,139362.7,0.03825770316475119,MBR,Mo-Bruk SA,Apr-18,-42
Nov-14,7.517684177389185e-06,0.3812940618199242,77890.1,0.04175575898606001,MBR,Mo-Bruk SA,Apr-18,-41
Dec-14,2.979986594014477e-06,0.35195198600823707,340681.19999999995,0.06084467584621916,MBR,Mo-Bruk SA,Apr-18,-40
Jan-15,3.921568627450967e-06,0.3513826564721608,84367.3,0.044835458940844536,MBR,Mo-Bruk SA,Apr-18,-39
Feb-15,3.97535281256212e-06,0.2530592883193023,180035.2,0.05099327207230743,MBR,Mo-Bruk SA,Apr-18,-38
Mar-15,3.748003636886364e-06,0.3519181447036145,462616.2,0.03739074228245697,MBR,Mo-Bruk SA,Apr-18,-37
Apr-15,2.6498076418979927e-06,0.1686317681624468,216387.2,0.020813200583377333,MBR,Mo-Bruk SA,Apr-18,-36
May-15,5.917159763313623e-06,0.3548362721362902,434514.10000000003,0.0471400037446314,MBR,Mo-Bruk SA,Apr-18,-35
Jun-15,7.30994152046781e-06,,27403.4,0.04515610270214511,MBR,Mo-Bruk SA,Apr-18,-34
Jul-15,7.219695328857129e-06,0.8358149455048122,104979.5,0.047184206811730425,MBR,Mo-Bruk SA,Apr-18,-33
Aug-15,6.222033256767845e-06,0.3557026038613812,64194.1,0.04612827314138356,MBR,Mo-Bruk SA,Apr-18,-32
Sep-15,3.588006239354004e-06,0.3164543208554548,35674.9,0.03070373016585703,MBR,Mo-Bruk SA,Apr-18,-31
Oct-15,2.622251953302609e-06,,30955.1,0.056538202961217664,MBR,Mo-Bruk SA,Apr-18,-30
Nov-15,1.0860270373672642e-06,0.3257011387034887,293390.3,0.05497404323945001,MBR,Mo-Bruk SA,Apr-18,-29
Dec-15,0.00010393873085339169,,61419,0.0822649873838061,MBR,Mo-Bruk SA,Apr-18,-28
Jan-16,0,0.23784290117671358,97800.1,0.023899579536750398,MBR,Mo-Bruk SA,Apr-18,-27
Feb-16,3.317122724975087e-06,0.26062646694637986,303950.5,0.04897111380769552,MBR,Mo-Bruk SA,Apr-18,-26
Mar-16,2.6758340363632686e-07,0.13093040872802067,241943.5,0.014193661512263036,MBR,Mo-Bruk SA,Apr-18,-25
Apr-16,0,,4155,,MBR,Mo-Bruk SA,Apr-18,-24
May-16,7.78313107456491e-06,0.05341610168752578,72854.8,0.031307886915515996,MBR,Mo-Bruk SA,Apr-18,-23
Jun-16,2.1116059440512017e-05,,8678.599999999999,0.043058798444735,MBR,Mo-Bruk SA,Apr-18,-22
Jul-16,4.597701149425297e-05,,5105.8,0.08070930917271088,MBR,Mo-Bruk SA,Apr-18,-21
Aug-16,0,,44623.2,0.020513481709229328,MBR,Mo-Bruk SA,Apr-18,-20
Sep-16,2.307726445657477e-05,,5508.8,0.06685158530036228,MBR,Mo-Bruk SA,Apr-18,-19
Oct-16,7.303708594906344e-05,,24055.5,0.08547093199637511,MBR,Mo-Bruk SA,Apr-18,-18
Nov-16,6.850013226992524e-06,,43849.8,0.09776261348777879,MBR,Mo-Bruk SA,Apr-18,-17
Dec-16,2.5329409680419242e-05,,60916.5,0.07595881717892101,MBR,Mo-Bruk SA,Apr-18,-16
Jan-17,1.6939988678441283e-06,,108706.59999999999,0.03803976563468229,MBR,Mo-Bruk SA,Apr-18,-15
Feb-17,0.00013576135112681656,,5622.599999999999,0.06419337645037551,MBR,Mo-Bruk SA,Apr-18,-14
Mar-17,4.950495049504955e-05,0.45056704564165617,11197.8,0.08009160178825984,MBR,Mo-Bruk SA,Apr-18,-13
Apr-17,1.285561854808644e-05,,50185.299999999996,0.040879030595504476,MBR,Mo-Bruk SA,Apr-18,-12
May-17,7.057917977492312e-06,,66277.8,0.12799885689445512,MBR,Mo-Bruk SA,Apr-18,-11
Jun-17,2.913752913752911e-05,,6485.9,0.08442527678282977,MBR,Mo-Bruk SA,Apr-18,-10
Jul-17,1.081319593343638e-05,,25742,0.04971587013412407,MBR,Mo-Bruk SA,Apr-18,-9
Aug-17,0,,20747,0.0011570145675143455,MBR,Mo-Bruk SA,Apr-18,-8
Sep-17,6.692544505420967e-08,,60820,0.03185250289285018,MBR,Mo-Bruk SA,Apr-18,-7
Oct-17,2.1296532924439826e-06,,188882,0.0038358747682684176,MBR,Mo-Bruk SA,Apr-18,-6
Nov-17,2.3621548434315543e-05,,62417.8,0.07780265344980224,MBR,Mo-Bruk SA,Apr-18,-5
Dec-17,3.652459332797067e-05,,6409.9,0.08874503332410737,MBR,Mo-Bruk SA,Apr-18,-4
Jan-18,4.022526146419958e-05,,2040,0.056829579209222325,MBR,Mo-Bruk SA,Apr-18,-3
Feb-18,4.950004950004951e-06,,62388,0.07140021922918698,MBR,Mo-Bruk SA,Apr-18,-2
Mar-18,1.3635124079629173e-05,0.19286902957044225,93916,0.06466871267526073,MBR,Mo-Bruk SA,Apr-18,-1
Apr-18,4.042935980108759e-06,,24260,0.02529162115774252,MBR,Mo-Bruk SA,Apr-18,0
May-18,0,,65882,0.025095210171979465,MBR,Mo-Bruk SA,Apr-18,1
Jun-18,9.5325249752154e-06,0.2504914389716344,100304,0.04553674629294145,MBR,Mo-Bruk SA,Apr-18,2
Jul-18,4.762643031759726e-06,0.06101226839041952,27246,0.028382588050219155,MBR,Mo-Bruk SA,Apr-18,3
Aug-18,1.970792073158955e-06,0.27235237850931987,235668,0.047899396240913085,MBR,Mo-Bruk SA,Apr-18,4
Sep-18,4.393754393754399e-06,0.3785794919754024,117216,0.061418276315115344,MBR,Mo-Bruk SA,Apr-18,5
Oct-18,2.4107828489714836e-06,0.1917930651847297,62782,0.03221364313392581,MBR,Mo-Bruk SA,Apr-18,6
Nov-18,5.668864528923572e-06,0.23119740094565355,83546,0.04936533742314024,MBR,Mo-Bruk SA,Apr-18,7
Dec-18,4.72411186696903e-06,,33172,0.03055980883537385,MBR,Mo-Bruk SA,Apr-18,8
Jan-19,1.1725528821349838e-06,,29258,0.028839419366480986,MBR,Mo-Bruk SA,Apr-18,9
Feb-19,1.7268414848072898e-06,0.3592229520780053,79850,0.025384824286422508,MBR,Mo-Bruk SA,Apr-18,10
Mar-19,1.5519569626701467e-06,0.19577138570337793,305258,0.07589855859872713,MBR,Mo-Bruk SA,Apr-18,11
Apr-19,2.5364845166612468e-06,0.3945063845630021,195315,0.08293629724957315,MBR,Mo-Bruk SA,Apr-18,12
May-19,1.4293882218410518e-07,0.07963093623765577,399555,0.018777793042789648,MBR,Mo-Bruk SA,Apr-18,13
Jun-19,6.367738376028057e-07,0.23003514051920504,439195,0.036097704899738736,MBR,Mo-Bruk SA,Apr-18,14
Jul-19,1.4993253036133683e-06,0.2082896869008852,130050,0.026434106040343196,MBR,Mo-Bruk SA,Apr-18,15
Aug-19,2.762446201360237e-07,,70570,0.026899771389772408,MBR,Mo-Bruk SA,Apr-18,16
Sep-19,2.7173431334955023e-06,0.19246546264271674,77220,0.016683756952388537,MBR,Mo-Bruk SA,Apr-18,17
Oct-19,1.1897963068722592e-06,0.08758910311499367,129195,0.0342882649605883,MBR,Mo-Bruk SA,Apr-18,18
Nov-19,3.950695322376744e-06,0.22116856765934362,98810,0.030318542027433157,MBR,Mo-Bruk SA,Apr-18,19
Dec-19,1.6849388928828184e-06,0.12992145902341976,82740,0.03174779419246821,MBR,Mo-Bruk SA,Apr-18,20
Jan-20,1.0236045694610114e-06,0.1416633335719574,541550,0.041638293862938804,MBR,Mo-Bruk SA,Apr-18,21
Feb-20,1.6219527082261596e-06,0.2926564577195097,210000,0.04362409447525954,MBR,Mo-Bruk SA,Apr-18,22
Mar-20,3.7830472840004134e-06,0.12124032433478296,193680,0.06263143259035645,MBR,Mo-Bruk SA,Apr-18,23
Apr-20,1.434462972924512e-06,0.43851320669649396,491070,0.06178343174033294,MBR,Mo-Bruk SA,Apr-18,24
May-20,1.2215605435944426e-06,0.07963093623765577,270480,0.03238313805198044,MBR,Mo-Bruk SA,Apr-18,25
Jun-20,8.350511528477623e-07,0.30804632217170635,1036710,0.04624652761837876,MBR,Mo-Bruk SA,Apr-18,26
Jul-20,6.701558374763935e-07,0.16457561471726373,594660,0.02979718488564285,MBR,Mo-Bruk SA,Apr-18,27
Aug-20,1.0857411752552413e-06,0.18674800946054954,440680,0.032823733237671654,MBR,Mo-Bruk SA,Apr-18,28
Sep-20,1.48951172219284e-06,0.09393975051521414,336160,0.01840925577007235,MBR,Mo-Bruk SA,Apr-18,29
Oct-20,5.697156981539761e-07,0.18027090818356298,1361860,0.04324548398855496,MBR,Mo-Bruk SA,Apr-18,30
Nov-20,3.6358578351679544e-07,0.33716883140579335,1527520,0.05488178273961748,MBR,Mo-Bruk SA,Apr-18,31
Dec-20,9.078839694016829e-09,0.1839997467907752,46718260,0.0562246178447356,MBR,Mo-Bruk SA,Apr-18,32
Jan-21,4.498112929173393e-09,0.17058612857690042,61371000,0.027517126438770315,MBR,Mo-Bruk SA,Apr-18,33
Feb-21,4.242414467016942e-09,0.13952534937217637,159978580,0.035071021313809986,MBR,Mo-Bruk SA,Apr-18,34
Mar-21,2.70685663025581e-09,0.09285777964813001,59380560,0.016307308147175414,MBR,Mo-Bruk SA,Apr-18,35
Apr-21,3.882615896766826e-09,0.05792445742939524,36058390,0.010610197907931516,MBR,Mo-Bruk SA,Apr-18,36
May-21,5.250236224101421e-09,0.16720417262095705,89069840,0.03254349671897809,MBR,Mo-Bruk SA,Apr-18,37
Jun-21,4.990976314822822e-09,0.13085328061871757,47469030,0.0173914224713326,MBR,Mo-Bruk SA,Apr-18,38
Jul-21,7.893350007877366e-09,0.10328240285484298,36889500,0.01285532948786226,MBR,Mo-Bruk SA,Apr-18,39
Aug-21,8.744588159815633e-09,0.07492686874335329,32531400,0.012896704950144732,MBR,Mo-Bruk SA,Apr-18,40
Sep-21,1.0745070311672917e-08,0.16481420076775538,24532640,0.01958339328215478,MBR,Mo-Bruk SA,Apr-18,41
Oct-21,7.514493955942409e-09,0.07445505010446188,48688930,0.02240086695858419,MBR,Mo-Bruk SA,Apr-18,42
Nov-21,5.314382590863297e-09,0.11810185493340927,47503840,0.02067568152898833,MBR,Mo-Bruk SA,Apr-18,43
Dec-21,9.226821215922075e-09,0.14102583661529167,38707110,0.01838846024367522,MBR,Mo-Bruk SA,Apr-18,44
Jan-22,5.995518803440389e-09,0.10182890337572614,44927360,0.017439929575543918,MBR,Mo-Bruk SA,Apr-18,45
Feb-22,9.287676115887927e-09,0.16919069772475553,44218600,0.038815659696531564,MBR,Mo-Bruk SA,Apr-18,46
Mar-22,8.531345870999241e-09,0.15934918323945083,49538690,0.022191028458658897,MBR,Mo-Bruk SA,Apr-18,47
Apr-22,5.823182555608461e-09,0.07953926888470378,27897960,0.01550709231021148,MBR,Mo-Bruk SA,Apr-18,48
May-22,8.77464705737139e-09,0.11632740012348972,41122490,0.03293790976750192,MBR,Mo-Bruk SA,Apr-18,49
Jun-22,1.752853480804755e-08,0.16619929245724419,32309035,0.03216481832595064,MBR,Mo-Bruk SA,Apr-18,50
Jul-22,1.910228432756896e-08,0.16371642917288223,31220155,0.021943897561727377,MBR,Mo-Bruk SA,Apr-18,51
Aug-22,1.1729444839355448e-08,0.14149226987672298,48273020,0.04242439499613443,MBR,Mo-Bruk SA,Apr-18,52
Sep-22,9.774738949069771e-09,0.14837238967245625,26163370,0.019187319497694255,MBR,Mo-Bruk SA,Apr-18,53
Oct-22,1.0481850675555309e-08,0.12305736499406589,21465010,0.015177981261165416,MBR,Mo-Bruk SA,Apr-18,54
Nov-22,7.055747181238104e-09,0.10178045133252121,30536630,0.02369547403870858,MBR,Mo-Bruk SA,Apr-18,55
Dec-22,6.970356745646395e-09,0.09292996474342965,25099140,0.01571194836323581,MBR,Mo-Bruk SA,Apr-18,56
Jan-23,1.4875451120368433e-08,0.09986378209287254,17529745,0.016829805396462602,MBR,Mo-Bruk SA,Apr-18,57
Feb-23,9.862386881689176e-09,0.0771517858091937,26139640,0.013888700719818412,MBR,Mo-Bruk SA,Apr-18,58
Mar-23,9.35908954776879e-09,0.12617560916546486,31238335,0.02349479951567183,MBR,Mo-Bruk SA,Apr-18,59
Apr-23,5.35106755287073e-09,0.10383875749960575,57173060,0.03484173210871405,MBR,Mo-Bruk SA,Apr-18,60
May-23,5.709717939933732e-09,0.09126789371872722,31467665,0.011160058154369407,MBR,Mo-Bruk SA,Apr-18,61
Jun-23,1.0116633893960888e-08,0.13247120667398968,33051435,0.016170087710509963,MBR,Mo-Bruk SA,Apr-18,62
Jul-23,7.3994094679291576e-09,0.08413991655460096,44638425,0.01903663289829153,MBR,Mo-Bruk SA,Apr-18,63
Aug-23,6.782068460572272e-09,0.049501100738470624,27591225,0.013915162305515875,MBR,Mo-Bruk SA,Apr-18,64
Sep-23,1.0416378046191575e-08,0.11736406792984268,22755890,0.013606692340890894,MBR,Mo-Bruk SA,Apr-18,65
Oct-23,1.4116095705767856e-08,0.07774240401508926,9633915,0.009748782906909722,MBR,Mo-Bruk SA,Apr-18,66
Nov-23,1.3902095879974803e-08,0.09383765310317618,15681590,0.015588775761768085,MBR,Mo-Bruk SA,Apr-18,67
Dec-23,8.732761092964362e-09,0.14002551304877014,38548985,0.019568431452162013,MBR,Mo-Bruk SA,Apr-18,68
Jan-24,7.859524801754102e-09,0.08901246269330719,21564995,0.012643725298837052,MBR,Mo-Bruk SA,Apr-18,69
Feb-24,8.176909062959013e-09,0.10699876663336302,23306815,0.014849167054410266,MBR,Mo-Bruk SA,Apr-18,70
Mar-24,1.2760325556060498e-08,0.11292468280928211,17123940,0.01410464036525107,MBR,Mo-Bruk SA,Apr-18,71
Apr-24,1.529897397963147e-08,0.08598044987334859,18541195,0.017104154609254327,MBR,Mo-Bruk SA,Apr-18,72
May-24,1.169031274262554e-08,0.06627003353080294,17604900,0.010967534593109392,MBR,Mo-Bruk SA,Apr-18,73
Jun-24,8.161934747217975e-09,0.08566986136561752,17860465,0.00957010943473204,MBR,Mo-Bruk SA,Apr-18,74
Jul-24,4.569552008736985e-09,0.060184139078894555,30818215,0.016747393426396313,MBR,Mo-Bruk SA,Apr-18,75
Aug-24,1.7392433165668643e-08,0.059419245805130805,18867490,0.021499727907928572,MBR,Mo-Bruk SA,Apr-18,76
Sep-24,2.158287045270501e-08,0.07159972718490291,11863800,0.01109207946365802,MBR,Mo-Bruk SA,Apr-18,77
Oct-24,1.802949006420554e-08,0.10999395349330725,15496630,0.015980532412751974,MBR,Mo-Bruk SA,Apr-18,78
Nov-24,6.9198663047230024e-09,0.13031376584649024,45745160,0.036634794282554735,MBR,Mo-Bruk SA,Apr-18,79
Dec-24,7.375299946741921e-09,0.07328326928811962,17777450,0.010811545905290336,MBR,Mo-Bruk SA,Apr-18,80
Jan-25,5.658980764747098e-09,0.05078081867562427,27224220,0.01083136425472618,MBR,Mo-Bruk SA,Apr-18,81
Feb-25,7.97025724665605e-09,0.11415734304820306,37576100,0.014676343804454551,MBR,Mo-Bruk SA,Apr-18,82
Mar-25,7.263896685597435e-09,0.1481667962047216,32433150,0.016148649149909062,MBR,Mo-Bruk SA,Apr-18,83
Apr-25,1.1494954178791877e-08,0.11118991651542165,40082535,0.028526554282037715,MBR,Mo-Bruk SA,Apr-18,84
May-25,4.11667140769989e-09,0.09183869391396812,53281465,0.022663836241952475,MBR,Mo-Bruk SA,Apr-18,85
Jun-25,5.992262549476383e-09,0.09911766887224813,37774690,0.019055387325767524,MBR,Mo-Bruk SA,Apr-18,86
Jul-25,3.988338205442971e-09,0.1300431066275078,63733265,0.018073161383432956,MBR,Mo-Bruk SA,Apr-18,87
Aug-25,6.406137153044608e-09,0.09431391320156235,39607960,0.013600780608660714,MBR,Mo-Bruk SA,Apr-18,88
Sep-25,1.0073549209685827e-08,0.07921805570776308,18158395,0.010690829962700387,MBR,Mo-Bruk SA,Apr-18,89
Sep-14,4.1516460113974607e-07,0.1617654984444627,646258.6,0.03073873797343444,MIR,Miraculum SA,Jun-17,-33
Oct-14,1.782213509178401e-06,0.2988468471664965,322334,0.03809723663123371,MIR,Miraculum SA,Jun-17,-32
Nov-14,2.215530104935846e-06,0.26221560276752864,867711.3,0.09869020265859309,MIR,Miraculum SA,Jun-17,-31
Dec-14,9.288569857476142e-07,0.26779172186032046,813809.1,0.04340602086275601,MIR,Miraculum SA,Jun-17,-30
Jan-15,1.212103762137058e-06,0.3410610043851762,902252.1,0.045085865435171985,MIR,Miraculum SA,Jun-17,-29
Feb-15,7.465199440863253e-07,0.18589171999901472,743519.01,0.04248654229312216,MIR,Miraculum SA,Jun-17,-28
Mar-15,1.253707737592191e-06,0.1728199432890533,440113.08999999997,0.02736461954899576,MIR,Miraculum SA,Jun-17,-27
Apr-15,3.0274251606772048e-06,0.2244632422295172,734313.05,0.03143154627042075,MIR,Miraculum SA,Jun-17,-26
May-15,7.542738982900014e-07,0.3672768581259636,1546639.85,0.05302022763395825,MIR,Miraculum SA,Jun-17,-25
Jun-15,8.493894420884055e-07,0.19620281589794303,761697.29,0.03610458666345881,MIR,Miraculum SA,Jun-17,-24
Jul-15,2.0506816397414467e-07,0.23687931801571932,3241128.71,0.05019588338678616,MIR,Miraculum SA,Jun-17,-23
Aug-15,7.362301732291289e-07,0.3184641030044597,1280327.9,0.0459622267076892,MIR,Miraculum SA,Jun-17,-22
Sep-15,1.0745333666579372e-06,0.32199399843880494,488038.72,0.046440295573166174,MIR,Miraculum SA,Jun-17,-21
Oct-15,1.3632718769214852e-06,0.19705551164355833,647055.87,0.04449475219427032,MIR,Miraculum SA,Jun-17,-20
Nov-15,4.3052048757609796e-07,0.24239529088574446,985678.14,0.0310988458321728,MIR,Miraculum SA,Jun-17,-19
Dec-15,1.9262267894714144e-06,0.2856876099184013,390248.6,0.03948964675595996,MIR,Miraculum SA,Jun-17,-18
Jan-16,2.4092459133146877e-06,0.2975199827724263,272829.49,0.044146299339170345,MIR,Miraculum SA,Jun-17,-17
Feb-16,5.925681652397719e-07,0.1696286040224868,519940.85,0.02727387446770418,MIR,Miraculum SA,Jun-17,-16
Mar-16,1.4020711619535785e-06,0.2087575012465523,500546.72,0.031999154283057676,MIR,Miraculum SA,Jun-17,-15
Apr-16,2.166735515660301e-07,0.16899221434819375,2925194.03,0.056329176174415824,MIR,Miraculum SA,Jun-17,-14
May-16,2.29418731152375e-07,0.17665256341559402,1478740.53,0.04193997944478817,MIR,Miraculum SA,Jun-17,-13
Jun-16,6.343560519400048e-07,0.2540357108151816,2078941.5899999999,0.04977099383467434,MIR,Miraculum SA,Jun-17,-12
Jul-16,1.7519018377942685e-07,0.18465983599710592,697456.76,0.01791827848966068,MIR,Miraculum SA,Jun-17,-11
Aug-16,2.501738244565955e-07,0.15018166597464833,1371636.15,0.031493605690657525,MIR,Miraculum SA,Jun-17,-10
Sep-16,4.315013965593902e-07,0.3249570362775287,2620030.92,0.042745897810531945,MIR,Miraculum SA,Jun-17,-9
Oct-16,1.1988111859806567e-06,0.166828892806122,242324.56,0.018939563779589,MIR,Miraculum SA,Jun-17,-8
Nov-16,3.076973501707548e-07,0.36600587772660165,1670256.15,0.04482761463455821,MIR,Miraculum SA,Jun-17,-7
Dec-16,9.369370144579258e-07,0.2395357980074883,621721.56,0.03178937063565522,MIR,Miraculum SA,Jun-17,-6
Jan-17,7.961946633123391e-07,0.22352712665649438,618208.7,0.0344409771680732,MIR,Miraculum SA,Jun-17,-5
Feb-17,2.7743704601801867e-07,0.2636540853576996,2862514.69,0.05029956363783118,MIR,Miraculum SA,Jun-17,-4
Mar-17,1.1326077717068648e-06,0.2606835551117206,667667.0499999999,0.03950796058731459,MIR,Miraculum SA,Jun-17,-3
Apr-17,6.358556635154201e-07,0.2255394282222301,443048.9,0.028554816627128617,MIR,Miraculum SA,Jun-17,-2
May-17,1.3278624927197126e-06,0.2548550705540126,575064.5,0.044043310800681766,MIR,Miraculum SA,Jun-17,-1
Jun-17,3.1709495995210168e-06,0.24098875055130456,342828.4,0.03254583048997587,MIR,Miraculum SA,Jun-17,0
Jul-17,4.7349321831446354e-07,0.17993326475685117,1033764.7,0.02834563516722659,MIR,Miraculum SA,Jun-17,1
Aug-17,1.023827336352284e-06,0.1440272793261862,366703.9,0.02632078777169072,MIR,Miraculum SA,Jun-17,2
Sep-17,1.6418824510677968e-06,0.09538345610005429,292662,0.026197830805326103,MIR,Miraculum SA,Jun-17,3
Oct-17,1.0381945255330035e-06,0.23881156380441332,1135352.2,0.05942668400378141,MIR,Miraculum SA,Jun-17,4
Nov-17,3.8483037158258556e-07,0.295977197243124,3672797,0.06766627951607578,MIR,Miraculum SA,Jun-17,5
Dec-17,5.691176286461956e-07,0.2011899381019105,1220987.6,0.050120608305154926,MIR,Miraculum SA,Jun-17,6
Jan-18,2.19480375820635e-06,0.20934239189176504,392484.5,0.035907649258550924,MIR,Miraculum SA,Jun-17,7
Feb-18,6.09894422647217e-07,0.14970555310766095,859753.1,0.03129339850010454,MIR,Miraculum SA,Jun-17,8
Mar-18,1.153703688080635e-06,0.3170715068181423,966003.8999999999,0.050648731013799776,MIR,Miraculum SA,Jun-17,9
Apr-18,5.917460870344174e-07,0.1460309568179868,283773.19999999995,0.01569092576695913,MIR,Miraculum SA,Jun-17,10
May-18,9.731025691951358e-07,0.27099059016496063,239420.7,0.026973631153426773,MIR,Miraculum SA,Jun-17,11
Jun-18,1.3438543128417517e-06,0.18650234512353417,431427.8,0.027227138598094235,MIR,Miraculum SA,Jun-17,12
Jul-18,2.4105921901878254e-06,0.23062523593319417,333217.9,0.04107061648548306,MIR,Miraculum SA,Jun-17,13
Aug-18,4.4399655655394357e-07,0.17841904567226505,697029.6,0.02176953977468651,MIR,Miraculum SA,Jun-17,14
Sep-18,9.761191004832328e-07,0.3281072875089247,674071.9,0.04897669934175612,MIR,Miraculum SA,Jun-17,15
Oct-18,1.4122618220437154e-06,0.2560360957579045,536167.9,0.03903938271239543,MIR,Miraculum SA,Jun-17,16
Nov-18,7.34467473130377e-07,0.22779270906546242,521223.4,0.03541641281949616,MIR,Miraculum SA,Jun-17,17
Dec-18,8.97835802710997e-07,0.19044790425639518,280612.2,0.05456955699447743,MIR,Miraculum SA,Jun-17,18
Jan-19,4.87179772157311e-07,0.18769177270649173,556380.6,0.02049698326303108,MIR,Miraculum SA,Jun-17,19
Feb-19,6.59208134058414e-07,0.09764889948764419,219760,0.01483853176426508,MIR,Miraculum SA,Jun-17,20
Mar-19,1.9774038111690024e-07,0.2189081419512345,669192.35,0.037845997970189955,MIR,Miraculum SA,Jun-17,21
Apr-19,6.978224626621721e-07,0.22119604828354575,628810,0.02486435329659796,MIR,Miraculum SA,Jun-17,22
May-19,1.8810943180691088e-06,0.23895634748876218,306190.85,0.03585703049990824,MIR,Miraculum SA,Jun-17,23
Jun-19,3.860890305406636e-06,0.21757789646368855,149053.85,0.03702743596962824,MIR,Miraculum SA,Jun-17,24
Jul-19,3.0216936272836888e-06,0.22120778544103928,230610.45,0.02898327130384996,MIR,Miraculum SA,Jun-17,25
Aug-19,1.1519962251387685e-06,0.13875438060002265,197048.7,0.021806057937539508,MIR,Miraculum SA,Jun-17,26
Sep-19,2.1112225836635246e-06,0.18826026381938143,199564.35,0.03384301710816559,MIR,Miraculum SA,Jun-17,27
Oct-19,2.1906505679953814e-06,0.1969523194900322,354433.6,0.029486779722297893,MIR,Miraculum SA,Jun-17,28
Nov-19,1.9556979651353833e-06,0.147509065728059,296659.5,0.033817594689262695,MIR,Miraculum SA,Jun-17,29
Dec-19,5.88553112798559e-06,0.16662742090172206,172127.19999999998,0.03213161247366086,MIR,Miraculum SA,Jun-17,30
Jan-20,1.0185429132500193e-06,0.18234249248806159,342194.8,0.02672185109395184,MIR,Miraculum SA,Jun-17,31
Feb-20,6.475751114356358e-07,0.2532924512146253,1129452.05,0.05434633658382671,MIR,Miraculum SA,Jun-17,32
Mar-20,1.626889573470383e-06,0.42461573272254344,640526.95,0.053665941394001083,MIR,Miraculum SA,Jun-17,33
Apr-20,5.997518990087959e-07,0.35359852541443626,2083170.7,0.07204541173680894,MIR,Miraculum SA,Jun-17,34
May-20,3.050253951737459e-07,0.23373716149998208,971598.2,0.03207792086642212,MIR,Miraculum SA,Jun-17,35
Jun-20,3.5300264045975105e-07,0.21589577968277399,1649484.95,0.02015754738700511,MIR,Miraculum SA,Jun-17,36
Jul-20,2.6611485091181504e-07,0.16248174354312836,4233630.5,0.060566370893303266,MIR,Miraculum SA,Jun-17,37
Aug-20,3.523328096258444e-07,0.2882797254564489,1374172.6,0.03270839234523336,MIR,Miraculum SA,Jun-17,38
Sep-20,3.339292741951541e-07,0.1612692867798897,1240454.3,0.02400128495223446,MIR,Miraculum SA,Jun-17,39
Oct-20,8.282244905103895e-07,0.21537514682656236,702053,0.030815973780147294,MIR,Miraculum SA,Jun-17,40
Nov-20,6.604561742809021e-07,0.18235764861814657,563042.1,0.02195668016405435,MIR,Miraculum SA,Jun-17,41
Dec-20,1.7526138378298218e-07,0.10286460459481322,954726.3999999999,0.012163773475343665,MIR,Miraculum SA,Jun-17,42
Jan-21,2.921151218016571e-07,0.30976416640672483,2523369.6999999997,0.04065501728385034,MIR,Miraculum SA,Jun-17,43
Feb-21,2.936666295688446e-07,0.1979312574395633,1079330.1,0.024907802492365048,MIR,Miraculum SA,Jun-17,44
Mar-21,4.93929376434229e-07,0.1426094416264879,825731.25,0.023168019397999742,MIR,Miraculum SA,Jun-17,45
Apr-21,5.003771408860043e-07,0.10436925095304811,405072.25,0.01544405654289235,MIR,Miraculum SA,Jun-17,46
May-21,4.2212024522496286e-07,0.148382334456663,651478.65,0.018011171303380657,MIR,Miraculum SA,Jun-17,47
Jun-21,2.193502932055425e-07,0.12217688885883737,741768.85,0.01133353904810881,MIR,Miraculum SA,Jun-17,48
Jul-21,5.050297438211775e-07,0.20192417824118858,642749.75,0.017875370867635666,MIR,Miraculum SA,Jun-17,49
Aug-21,3.807914720267145e-07,0.10498912771748012,382908.6,0.01547407090857437,MIR,Miraculum SA,Jun-17,50
Sep-21,4.6270909527189174e-07,0.17868089364493525,1317563.05,0.03280668298341747,MIR,Miraculum SA,Jun-17,51
Oct-21,3.2500738091762096e-07,0.10014614683698748,550066.5,0.019551785060889157,MIR,Miraculum SA,Jun-17,52
Nov-21,5.71289090574508e-07,0.22847280394732342,847645.5,0.03660074599282943,MIR,Miraculum SA,Jun-17,53
Dec-21,8.320944371713195e-07,0.18735759398875315,727295.15,0.027474656806919823,MIR,Miraculum SA,Jun-17,54
Jan-22,5.553424634970014e-07,0.11156891847804701,842351.8,0.023930258848640543,MIR,Miraculum SA,Jun-17,55
Feb-22,1.2633589453999974e-06,0.18477173274572653,299068.3,0.03865542994552652,MIR,Miraculum SA,Jun-17,56
Mar-22,9.57155792419701e-07,0.2303915139583536,406259.2,0.02802616202934478,MIR,Miraculum SA,Jun-17,57
Apr-22,1.2449036755781648e-06,0.2884367633384338,239926.85,0.020586064087657726,MIR,Miraculum SA,Jun-17,58
May-22,7.567161967686058e-07,0.18097565927999681,402197.14999999997,0.03315947861671738,MIR,Miraculum SA,Jun-17,59
Jun-22,0,0.1449811222453093,104602.35,0.012840685283501815,MIR,Miraculum SA,Jun-17,60
Jul-22,2.4343694009503785e-06,0.27629259513168813,177374.95,0.03143025357875999,MIR,Miraculum SA,Jun-17,61
Aug-22,3.031125270664172e-06,0.13801033315172825,128817,0.02021739187431473,MIR,Miraculum SA,Jun-17,62
Sep-22,9.787258202188148e-07,0.20852606543193924,241045.15,0.013607347807711946,MIR,Miraculum SA,Jun-17,63
Oct-22,8.383365257188203e-07,0.08009602512311864,119677.4,0.016128154978637257,MIR,Miraculum SA,Jun-17,64
Nov-22,9.335065266871063e-07,0.188993441708018,287808.75,0.009057851258269484,MIR,Miraculum SA,Jun-17,65
Dec-22,1.0339729172714566e-06,0.15177291687103278,214192.05000000002,0.01353876683311651,MIR,Miraculum SA,Jun-17,66
Jan-23,1.0269740906760595e-06,0.14143061381044636,349584.35,0.016415239221784332,MIR,Miraculum SA,Jun-17,67
Feb-23,7.965673350858103e-07,0.1537448549163798,323431.1,0.02333523910185503,MIR,Miraculum SA,Jun-17,68
Mar-23,3.482390803368057e-07,0.21570727522470518,1738414,0.03336572578828749,MIR,Miraculum SA,Jun-17,69
Apr-23,8.737359483612889e-07,0.1191588234811605,408111.2,0.030602540831652307,MIR,Miraculum SA,Jun-17,70
May-23,5.314642797542916e-07,0.1375682285384092,543090.2,0.02176154996278757,MIR,Miraculum SA,Jun-17,71
Jun-23,4.6333753304510473e-07,0.09028367199678461,298962.5,0.010025239064508806,MIR,Miraculum SA,Jun-17,72
Jul-23,2.846950773374167e-07,0.08774290164720694,450888.6,0.012397638796305692,MIR,Miraculum SA,Jun-17,73
Aug-23,4.667474061952458e-07,0.11982280698509137,903286.4,0.03512011314477974,MIR,Miraculum SA,Jun-17,74
Sep-23,6.570986531777414e-07,0.18307374496890158,350124.2,0.016072148809395802,MIR,Miraculum SA,Jun-17,75
Oct-23,1.2540033469464334e-06,0.16930290061823305,202269.6,0.013490929108474202,MIR,Miraculum SA,Jun-17,76
Nov-23,8.688942421463145e-07,0.17472814565155423,287489.5,0.01589816109338891,MIR,Miraculum SA,Jun-17,77
Dec-23,3.4378363976631334e-07,0.12358964562213409,529575.2999999999,0.017554193531355386,MIR,Miraculum SA,Jun-17,78
Jan-24,5.561342819256154e-07,0.13430308139815605,1466893.5,0.022931098290259258,MIR,Miraculum SA,Jun-17,79
Feb-24,5.2898717470595e-07,0.11569963294312965,493409.7,0.015396816745350993,MIR,Miraculum SA,Jun-17,80
Mar-24,1.1982929147570752e-06,0.2177372522203543,221498,0.015081557421254178,MIR,Miraculum SA,Jun-17,81
Apr-24,4.28980111795649e-07,0.14606746306464824,411395.6,0.01586557151722747,MIR,Miraculum SA,Jun-17,82
May-24,3.3932306736612883e-07,0.10690028156960983,332752,0.009506367743414549,MIR,Miraculum SA,Jun-17,83
Jun-24,1.326319872310275e-06,0.10297314042374006,284610.3,0.010473328513452658,MIR,Miraculum SA,Jun-17,84
Jul-24,7.064338034791544e-07,0.11624010336777894,337235.6,0.01695133167901574,MIR,Miraculum SA,Jun-17,85
Aug-24,1.6326535943358666e-06,0.17937359890632418,371896.3,0.02654845945179252,MIR,Miraculum SA,Jun-17,86
Sep-24,7.523548707454339e-07,0.19830246223350556,379298.79000000004,0.023495340484092922,MIR,Miraculum SA,Jun-17,87
Oct-24,1.7600537083909216e-07,0.13116939603469377,208852.69999999998,0.012591269059607968,MIR,Miraculum SA,Jun-17,88
Nov-24,1.5165198296341622e-06,0.21265239956606635,390778.14,0.032641714600614845,MIR,Miraculum SA,Jun-17,89
Dec-24,1.2906127716738651e-06,0.1571145664763659,384087.54,0.0245413213933081,MIR,Miraculum SA,Jun-17,90
Jan-25,2.34884608481375e-06,0.2005340288842947,123946.02,0.020805213700487463,MIR,Miraculum SA,Jun-17,91
Feb-25,1.0980323980906672e-06,0.13440155728472486,224655.69999999998,0.010922098088136769,MIR,Miraculum SA,Jun-17,92
Mar-25,1.7136744710829368e-06,0.1710180016074817,188336.32,0.02271007413987642,MIR,Miraculum SA,Jun-17,93
Apr-25,3.474360268420721e-06,0.2806984922902906,350701.96,0.04935312368113118,MIR,Miraculum SA,Jun-17,94
May-25,8.051881001738978e-07,0.154445511682062,600808.4,0.03865295077174308,MIR,Miraculum SA,Jun-17,95
Jun-25,1.0304725547655046e-06,0.15141928091723225,261965.3,0.013246006257703917,MIR,Miraculum SA,Jun-17,96
Jul-25,1.6084197557373368e-06,0.09603892187596354,98834.72,0.012440924923464663,MIR,Miraculum SA,Jun-17,97
Aug-25,0,0.12270627012354958,103216.78,0.00906277975028432,MIR,Miraculum SA,Jun-17,98
Sep-25,2.370718282527794e-06,0.1802246148644426,91995.94,0.01228871328009689,MIR,Miraculum SA,Jun-17,99
Sep-14,4.295532646048098e-06,0.21864036293937267,122268.8,0.04645123143856567,NVAP,P.A. Nova SA,Sep-21,-84
Oct-14,2.911754073381619e-06,0.2442098419573147,363550,0.0322040725196298,NVAP,P.A. Nova SA,Sep-21,-83
Nov-14,9.402136631692096e-08,0.11112804588480142,2507546.9,0.01837470223221347,NVAP,P.A. Nova SA,Sep-21,-82
Dec-14,4.267330889302434e-07,0.0988306123428212,379974.3,0.02654933301537303,NVAP,P.A. Nova SA,Sep-21,-81
Jan-15,2.4590716960694085e-06,0.07772470582830852,53898.9,0.014418253902991077,NVAP,P.A. Nova SA,Sep-21,-80
Feb-15,1.3954925590343182e-06,0.20563065030827685,324931.7,0.024014502500238295,NVAP,P.A. Nova SA,Sep-21,-79
Mar-15,5.691547980105276e-07,0.15921439747902183,431328.4,0.02142775522288911,NVAP,P.A. Nova SA,Sep-21,-78
Apr-15,1.3759847320733778e-06,0.17092234858308855,81803.9,0.02019162492603209,NVAP,P.A. Nova SA,Sep-21,-77
May-15,1.2185440039038357e-06,0.16636906438159202,898733,0.031682287332142574,NVAP,P.A. Nova SA,Sep-21,-76
Jun-15,2.3149755770076717e-06,0.10154656564479136,1289052.6,0.02871634999585978,NVAP,P.A. Nova SA,Sep-21,-75
Jul-15,8.036341658915375e-07,0.11776078271753734,142359.5,0.01473090610444471,NVAP,P.A. Nova SA,Sep-21,-74
Aug-15,1.0109086896611865e-07,0.12402379817454223,733976.2000000001,0.013850112434991067,NVAP,P.A. Nova SA,Sep-21,-73
Sep-15,1.8553660034130828e-06,0.0824347382540664,1173619.3,0.022443042419819325,NVAP,P.A. Nova SA,Sep-21,-72
Oct-15,4.941932295527566e-07,0.1342838562165653,1195723.1,0.02047223643434784,NVAP,P.A. Nova SA,Sep-21,-71
Nov-15,1.217088881497313e-07,0.1389355207303791,832167.4,0.012170643520782204,NVAP,P.A. Nova SA,Sep-21,-70
Dec-15,5.192890522274376e-07,0.2079128974364504,776647,0.024175385956897603,NVAP,P.A. Nova SA,Sep-21,-69
Jan-16,6.061118686356556e-07,0.1990482367649589,796479.4,0.029221390751539,NVAP,P.A. Nova SA,Sep-21,-68
Feb-16,1.2141214577150014e-06,0.20968586916818158,288532.4,0.02379852911133138,NVAP,P.A. Nova SA,Sep-21,-67
Mar-16,1.24187076698738e-06,0.19737209671712305,362816.7,0.027207236617781596,NVAP,P.A. Nova SA,Sep-21,-66
Apr-16,1.083353429539321e-08,0.15110770605980506,167572.6,0.009147550985428953,NVAP,P.A. Nova SA,Sep-21,-65
May-16,2.3272361525786832e-07,0.11174196199073869,978437.6,0.013845381308064569,NVAP,P.A. Nova SA,Sep-21,-64
Jun-16,9.600276466459817e-10,0.12391751279781367,3667962.1,0.009307217775898298,NVAP,P.A. Nova SA,Sep-21,-63
Jul-16,1.6144547096238352e-07,0.12473748156896722,3171213.6999999997,0.01573242290932241,NVAP,P.A. Nova SA,Sep-21,-62
Aug-16,7.263763696957129e-07,0.059100575120279594,275267.60000000003,0.018678323119302696,NVAP,P.A. Nova SA,Sep-21,-61
Sep-16,4.0355178201222553e-07,0.19311098325469056,1412541.2,0.03462744902870519,NVAP,P.A. Nova SA,Sep-21,-60
Oct-16,4.970263907837513e-07,0.13665719585034783,280694,0.013876394629575654,NVAP,P.A. Nova SA,Sep-21,-59
Nov-16,1.3929670791881783e-06,0.26045731121800086,849537.7,0.02540867604080924,NVAP,P.A. Nova SA,Sep-21,-58
Dec-16,8.713078330574199e-08,0.05444566985920368,9692327.9,0.014491391323182936,NVAP,P.A. Nova SA,Sep-21,-57
Jan-17,1.0645375914837002e-07,0.03542749046913396,10119235.2,0.007308931457331139,NVAP,P.A. Nova SA,Sep-21,-56
Feb-17,2.5674857067645747e-07,0.12068764834033188,4094125.7,0.015319824165886705,NVAP,P.A. Nova SA,Sep-21,-55
Mar-17,5.997706477043087e-07,0.10919209837948339,1492475.5,0.013414944691113718,NVAP,P.A. Nova SA,Sep-21,-54
Apr-17,1.0769572081822872e-06,0.0983069999594883,684285.1,0.01613741027118601,NVAP,P.A. Nova SA,Sep-21,-53
May-17,7.983878951620871e-08,0.0819800501109332,1928134.2,0.015785844558413715,NVAP,P.A. Nova SA,Sep-21,-52
Jun-17,2.108036890645594e-07,0.078893282111511,869980.8,0.007404384483774,NVAP,P.A. Nova SA,Sep-21,-51
Jul-17,2.338252698157709e-07,0.07693184281177501,244669.4,0.008236978800765868,NVAP,P.A. Nova SA,Sep-21,-50
Aug-17,1.6265663834275525e-06,0.12704423239671317,253392.3,0.02239479128610419,NVAP,P.A. Nova SA,Sep-21,-49
Sep-17,2.24299321206479e-06,0.17317310410853706,267789.9,0.02694990500669555,NVAP,P.A. Nova SA,Sep-21,-48
Oct-17,6.073599578403923e-08,0.10771438933984953,2325575.9,0.01232851365987769,NVAP,P.A. Nova SA,Sep-21,-47
Nov-17,5.090886133491767e-07,0.18124647267665006,3402114.5,0.02905415743787535,NVAP,P.A. Nova SA,Sep-21,-46
Dec-17,1.926686383251803e-07,0.12319545143791741,428384.30000000005,0.008083820950108575,NVAP,P.A. Nova SA,Sep-21,-45
Jan-18,8.012512339269134e-07,0.055865078245886574,1126906,0.010646322356697482,NVAP,P.A. Nova SA,Sep-21,-44
Feb-18,5.557945472108387e-07,0.2839218348653456,331983,0.02149201906964679,NVAP,P.A. Nova SA,Sep-21,-43
Mar-18,1.6963183107383223e-06,0.11912253180275209,276532,0.012784583273152883,NVAP,P.A. Nova SA,Sep-21,-42
Apr-18,2.880625717995958e-07,0.30393251606356786,1199435,0.028838093516091373,NVAP,P.A. Nova SA,Sep-21,-41
May-18,9.181994476112014e-07,0.1836150460344393,265646,0.02062965335627217,NVAP,P.A. Nova SA,Sep-21,-40
Jun-18,1.348179485831346e-07,0.10269802807250825,93303,0.017739725221183847,NVAP,P.A. Nova SA,Sep-21,-39
Jul-18,1.620595159641861e-06,0.12218950207311603,387260.5,0.014298780444233612,NVAP,P.A. Nova SA,Sep-21,-38
Aug-18,8.78806118417894e-07,0.08159343734651826,232580.5,0.012675183574915346,NVAP,P.A. Nova SA,Sep-21,-37
Sep-18,5.505823019601322e-07,0.1540190395131775,379462,0.01811703084132309,NVAP,P.A. Nova SA,Sep-21,-36
Oct-18,6.119801228856087e-07,0.14709746359575604,527461,0.02292325574662846,NVAP,P.A. Nova SA,Sep-21,-35
Nov-18,7.162220718155712e-07,0.14206437946682893,594964,0.03382400771058562,NVAP,P.A. Nova SA,Sep-21,-34
Dec-18,5.506064072437158e-07,0.2829415848851844,564092,0.04511238117578731,NVAP,P.A. Nova SA,Sep-21,-33
Jan-19,1.6226390601674505e-06,0.1963159856551226,398218.5,0.03409327585339585,NVAP,P.A. Nova SA,Sep-21,-32
Feb-19,2.61408660437809e-07,0.18037691940727515,2574486.5,0.03417931479552027,NVAP,P.A. Nova SA,Sep-21,-31
Mar-19,6.331899158173984e-07,0.14265444726938453,948948,0.03629398048485224,NVAP,P.A. Nova SA,Sep-21,-30
Apr-19,5.431771669764077e-07,0.19799276177249805,1027827,0.03869047815223594,NVAP,P.A. Nova SA,Sep-21,-29
May-19,1.3392857142857155e-06,0.14307559811143156,251123,0.026696937090991545,NVAP,P.A. Nova SA,Sep-21,-28
Jun-19,2.5569296017669453e-06,0.10202114544788685,128800,0.01890960805390369,NVAP,P.A. Nova SA,Sep-21,-27
Jul-19,2.2489393720803882e-07,0.1509796783171472,224153,0.015125721141405252,NVAP,P.A. Nova SA,Sep-21,-26
Aug-19,1.0492735004567035e-06,0.09103895708445209,141184,0.014618676564940238,NVAP,P.A. Nova SA,Sep-21,-25
Sep-19,7.743961472627605e-07,0.1926729536563075,2205881,0.03691699220126907,NVAP,P.A. Nova SA,Sep-21,-24
Oct-19,1.438273205385255e-07,0.0644324121555891,589470,0.013266186960106431,NVAP,P.A. Nova SA,Sep-21,-23
Nov-19,2.474126854992748e-07,0.18808553758529944,1259498,0.034502963761947475,NVAP,P.A. Nova SA,Sep-21,-22
Dec-19,4.346085280422877e-07,0.1736729250984124,943881,0.043550755159264126,NVAP,P.A. Nova SA,Sep-21,-21
Jan-20,2.9459124580870085e-07,0.11235414379631914,784504,0.02680047486194276,NVAP,P.A. Nova SA,Sep-21,-20
Feb-20,6.177723820098252e-07,0.12271276123670166,404611,0.024698695715271758,NVAP,P.A. Nova SA,Sep-21,-19
Mar-20,5.52096669918514e-07,0.31606189751442204,874842,0.039843326036203885,NVAP,P.A. Nova SA,Sep-21,-18
Apr-20,1.8139949935512241e-06,0.29514483444185935,807074.4,0.06979722371850293,NVAP,P.A. Nova SA,Sep-21,-17
May-20,5.789769838555887e-07,0.21147939163853066,461085,0.020321191064245677,NVAP,P.A. Nova SA,Sep-21,-16
Jun-20,4.448247380763827e-07,0.2847126614971017,4641062,0.04204730413861072,NVAP,P.A. Nova SA,Sep-21,-15
Jul-20,2.1556834527533376e-06,0.2648988430525586,401081.1,0.0400762110798413,NVAP,P.A. Nova SA,Sep-21,-14
Aug-20,1.5051105310556998e-06,0.20650551985441634,253357.5,0.02445601682800103,NVAP,P.A. Nova SA,Sep-21,-13
Sep-20,1.14854737470784e-06,0.18251164699620584,223820,0.033119429637643194,NVAP,P.A. Nova SA,Sep-21,-12
Oct-20,1.0861301183881838e-06,0.20706161483417282,706913,0.020802442615091413,NVAP,P.A. Nova SA,Sep-21,-11
Nov-20,2.642566460546494e-06,0.3892653226524452,187294.5,0.03590590722473125,NVAP,P.A. Nova SA,Sep-21,-10
Dec-20,7.05843660944215e-07,0.2001136677461099,462920.5,0.03282375641741697,NVAP,P.A. Nova SA,Sep-21,-9
Jan-21,8.809794068310579e-07,0.16995195624323084,603972,0.027727997705533927,NVAP,P.A. Nova SA,Sep-21,-8
Feb-21,8.310623202289751e-07,0.22098561538002884,380474,0.019749250423035106,NVAP,P.A. Nova SA,Sep-21,-7
Mar-21,1.8299449983328154e-06,0.1776896795630561,173873,0.01548947616731206,NVAP,P.A. Nova SA,Sep-21,-6
Apr-21,5.009977484456274e-07,0.13395652682714826,935735,0.03067911440010959,NVAP,P.A. Nova SA,Sep-21,-5
May-21,2.3773542741263672e-07,0.1259488039074895,936951.5,0.018162189890157044,NVAP,P.A. Nova SA,Sep-21,-4
Jun-21,6.92269323309231e-07,0.09438249959344902,704798,0.01450023150525496,NVAP,P.A. Nova SA,Sep-21,-3
Jul-21,1.738256771813845e-06,0.10565886524483947,178268.5,0.023796883916385764,NVAP,P.A. Nova SA,Sep-21,-2
Aug-21,9.5158575349565e-07,0.12460799993948501,155527,0.011759093593784789,NVAP,P.A. Nova SA,Sep-21,-1
Sep-21,7.299499734720317e-07,0.08513566839801572,298214,0.009991665798710695,NVAP,P.A. Nova SA,Sep-21,0
Oct-21,8.741081096543553e-07,0.0950830148606901,199672.5,0.01578448328142805,NVAP,P.A. Nova SA,Sep-21,1
Nov-21,9.552083691536557e-07,0.09821039759266262,287392.5,0.019374387789918377,NVAP,P.A. Nova SA,Sep-21,2
Dec-21,8.649637603566964e-07,0.07872301973461877,225362.5,0.011299230836017752,NVAP,P.A. Nova SA,Sep-21,3
Jan-22,4.5695451876840113e-07,0.18885468421314267,603255,0.029841323668248192,NVAP,P.A. Nova SA,Sep-21,4
Feb-22,6.840448087133068e-07,0.19139564425992603,1429456,0.026952821919060663,NVAP,P.A. Nova SA,Sep-21,5
Mar-22,4.3208987469393626e-07,0.0779534415222584,149832.5,0.015888318113490278,NVAP,P.A. Nova SA,Sep-21,6
Apr-22,6.94425154856807e-07,0.13576754871207558,173344,0.021429285479718122,NVAP,P.A. Nova SA,Sep-21,7
May-22,1.1646541443053091e-06,0.1771855966347908,181051,0.024446920282201606,NVAP,P.A. Nova SA,Sep-21,8
Jun-22,7.829320806420015e-07,0.07618543681258756,119214,0.017696105023377103,NVAP,P.A. Nova SA,Sep-21,9
Jul-22,9.457874626413944e-07,0.13586880037546367,82721,0.02076791862859031,NVAP,P.A. Nova SA,Sep-21,10
Aug-22,5.8719906048150424e-08,0.04465505938826976,260416,0.009587385850430846,NVAP,P.A. Nova SA,Sep-21,11
Sep-22,3.302182483075834e-06,0.2571939978615804,112928,0.03212632956095283,NVAP,P.A. Nova SA,Sep-21,12
Oct-22,1.9531630288751717e-06,0.09955130671415804,197395,0.023738017992932393,NVAP,P.A. Nova SA,Sep-21,13
Nov-22,1.4649009726942499e-06,0.06360937069300793,241638,0.020083790378074097,NVAP,P.A. Nova SA,Sep-21,14
Dec-22,9.134088417975929e-07,0.2056085702773713,531875,0.018915064593645704,NVAP,P.A. Nova SA,Sep-21,15
Jan-23,8.843036109064127e-07,0.14981537330123973,396868,0.023559037527345162,NVAP,P.A. Nova SA,Sep-21,16
Feb-23,4.2470130206286996e-07,0.15111083260578445,727365,0.03294347714873846,NVAP,P.A. Nova SA,Sep-21,17
Mar-23,8.848040633067874e-07,0.10398795010541086,749334,0.017021324294184327,NVAP,P.A. Nova SA,Sep-21,18
Apr-23,3.504558442655337e-07,0.10216670937568942,680181,0.027420773244585958,NVAP,P.A. Nova SA,Sep-21,19
May-23,1.1846338770539617e-06,0.12122380443519071,811478,0.032179733610070094,NVAP,P.A. Nova SA,Sep-21,20
Jun-23,8.830022075055084e-07,0.10902267585339996,187730,0.011949639451288081,NVAP,P.A. Nova SA,Sep-21,21
Jul-23,1.3387841524994772e-06,0.10170869040454138,171859,0.012529186980368048,NVAP,P.A. Nova SA,Sep-21,22
Aug-23,5.577374299897204e-07,0.08074406336692673,183721,0.012406208835673943,NVAP,P.A. Nova SA,Sep-21,23
Sep-23,2.729532724650012e-07,0.12792754514121452,1164667,0.02478544856715139,NVAP,P.A. Nova SA,Sep-21,24
Oct-23,5.733209470971154e-07,0.12905596769868405,462668,0.015049448834781392,NVAP,P.A. Nova SA,Sep-21,25
Nov-23,4.046879046879033e-07,0.11882981661036457,928558,0.027475551104326007,NVAP,P.A. Nova SA,Sep-21,26
Dec-23,9.77969032677672e-07,0.14763903428011058,370308,0.02315366927693842,NVAP,P.A. Nova SA,Sep-21,27
Jan-24,3.085364417970278e-07,0.12938826531787542,1664508,0.029257091732332922,NVAP,P.A. Nova SA,Sep-21,28
Feb-24,2.933755794167696e-07,0.1275176158391723,998733,0.030227185680261583,NVAP,P.A. Nova SA,Sep-21,29
Mar-24,9.783807433518223e-07,0.14861245870429907,414387,0.0226542917250449,NVAP,P.A. Nova SA,Sep-21,30
Apr-24,4.567999700339234e-07,0.15944972309480804,791490,0.021609784286658294,NVAP,P.A. Nova SA,Sep-21,31
May-24,7.500192931983612e-07,0.14852998694202968,443705.5,0.02372446216557664,NVAP,P.A. Nova SA,Sep-21,32
Jun-24,7.256191950464328e-07,0.0762979148315849,233976,0.011403629048644006,NVAP,P.A. Nova SA,Sep-21,33
Jul-24,8.870543291208077e-07,0.08219750522039763,259456.5,0.013821905929456499,NVAP,P.A. Nova SA,Sep-21,34
Aug-24,3.385464980073218e-07,0.10880153758726448,474581.5,0.017897216209826098,NVAP,P.A. Nova SA,Sep-21,35
Sep-24,1.240481372931699e-06,0.09872623865173444,215154.5,0.020940436052505163,NVAP,P.A. Nova SA,Sep-21,36
Oct-24,2.3591122871510533e-06,0.09304542691649985,112625.5,0.011202445899860193,NVAP,P.A. Nova SA,Sep-21,37
Nov-24,7.323707888679647e-07,0.16771171600170123,530830.5,0.02807431596111027,NVAP,P.A. Nova SA,Sep-21,38
Dec-24,8.688318495550997e-07,0.18918324888570856,251122.5,0.020909284977999643,NVAP,P.A. Nova SA,Sep-21,39
Jan-25,1.0909034238783135e-06,0.14101087677205845,195273.5,0.02109440806092707,NVAP,P.A. Nova SA,Sep-21,40
Feb-25,3.8772674259906985e-07,0.07806381721072256,217110.5,0.009466620530204339,NVAP,P.A. Nova SA,Sep-21,41
Mar-25,4.889822519001881e-07,0.04405269240988122,346491,0.011830833256430749,NVAP,P.A. Nova SA,Sep-21,42
Apr-25,3.399903442742214e-07,0.12518347332599544,657419.5,0.014477444409274846,NVAP,P.A. Nova SA,Sep-21,43
May-25,4.066293682648951e-07,0.055066329647128105,705868,0.018703005880936402,NVAP,P.A. Nova SA,Sep-21,44
Jun-25,1.092167672303696e-06,0.07502973276934147,207452.5,0.016363983154246052,NVAP,P.A. Nova SA,Sep-21,45
Jul-25,6.301971571806222e-07,0.037155538255313314,547102,0.01318251787522857,NVAP,P.A. Nova SA,Sep-21,46
Aug-25,1.923002961424546e-06,0.10105831503444695,110438,0.013011701317041775,NVAP,P.A. Nova SA,Sep-21,47
Sep-25,3.4188258603270113e-07,0.1353206156993379,1408136.5,0.018116476499170815,NVAP,P.A. Nova SA,Sep-21,48
Jul-15,3.924246348488732e-07,0.11452958943652554,1339783.7,0.01810716984871476,PBX,Pozna®Ωska Korporacja Budowlana Pekabex,Jun-17,-23
Aug-15,1.5039221493066554e-07,0.20785924104960474,1329659.9,0.013717818000001412,PBX,Pozna®Ωska Korporacja Budowlana Pekabex,Jun-17,-22
Sep-15,1.387521409455343e-07,0.09098489666179385,1950840.5,0.008679050919639308,PBX,Pozna®Ωska Korporacja Budowlana Pekabex,Jun-17,-21
Oct-15,8.513653942784456e-08,0.13386061575486813,2833161,0.017947364673036037,PBX,Pozna®Ωska Korporacja Budowlana Pekabex,Jun-17,-20
Nov-15,7.404494972718112e-08,0.10130689598425613,1421885.5999999999,0.009255860646454948,PBX,Pozna®Ωska Korporacja Budowlana Pekabex,Jun-17,-19
Dec-15,6.483042541371496e-08,0.16866603342876155,2474298.8,0.012632604920906504,PBX,Pozna®Ωska Korporacja Budowlana Pekabex,Jun-17,-18
Jan-16,8.293073914924028e-07,0.2489787867708559,592320,0.027050510159781542,PBX,Pozna®Ωska Korporacja Budowlana Pekabex,Jun-17,-17
Feb-16,1.667763220984458e-07,0.1831095555297017,2427933.7,0.02654931164286004,PBX,Pozna®Ωska Korporacja Budowlana Pekabex,Jun-17,-16
Mar-16,2.766898997026764e-07,0.15782054976217877,2575458.5,0.015987585396348366,PBX,Pozna®Ωska Korporacja Budowlana Pekabex,Jun-17,-15
Apr-16,2.4265012763396626e-07,0.2024686167387046,938993.9,0.01668928996494668,PBX,Pozna®Ωska Korporacja Budowlana Pekabex,Jun-17,-14
May-16,4.818928752138414e-07,0.2258990374054023,953433.2,0.033161239540581096,PBX,Pozna®Ωska Korporacja Budowlana Pekabex,Jun-17,-13
Jun-16,2.092491382419316e-07,0.2789523443298068,1956002.8,0.024632951113207614,PBX,Pozna®Ωska Korporacja Budowlana Pekabex,Jun-17,-12
Jul-16,2.945941964943288e-07,0.18018393796434046,530801.1,0.009787740595808411,PBX,Pozna®Ωska Korporacja Budowlana Pekabex,Jun-17,-11
Aug-16,0,,2907900,0.008545200231086793,PBX,Pozna®Ωska Korporacja Budowlana Pekabex,Jun-17,-10
Sep-16,3.081615837986434e-08,0.15988808347130648,1712913.5,0.012463487687375891,PBX,Pozna®Ωska Korporacja Budowlana Pekabex,Jun-17,-9
Oct-16,4.068908941755538e-07,0.17879198409418495,814314,0.020007192133078604,PBX,Pozna®Ωska Korporacja Budowlana Pekabex,Jun-17,-8
Nov-16,3.7206256604110503e-07,0.25730111796542937,2656727.3,0.039003534796748764,PBX,Pozna®Ωska Korporacja Budowlana Pekabex,Jun-17,-7
Dec-16,2.4952753832076207e-08,0.35949439058893695,807550,0.025048929284244917,PBX,Pozna®Ωska Korporacja Budowlana Pekabex,Jun-17,-6
Jan-17,2.044531294328265e-07,0.1639332451117065,1559489.1,0.02057827453114166,PBX,Pozna®Ωska Korporacja Budowlana Pekabex,Jun-17,-5
Feb-17,2.6732419865159547e-07,0.16531539491013492,832199.2,0.017384521068688562,PBX,Pozna®Ωska Korporacja Budowlana Pekabex,Jun-17,-4
Mar-17,8.275187211946005e-07,0.19995552642940032,369413.6,0.03687577682837462,PBX,Pozna®Ωska Korporacja Budowlana Pekabex,Jun-17,-3
Apr-17,4.853105635932676e-06,0.2013065200447644,28095.899999999998,0.03422753903037783,PBX,Pozna®Ωska Korporacja Budowlana Pekabex,Jun-17,-2
May-17,2.864397982106971e-07,0.29731706287380744,682879.5,0.026660596309595674,PBX,Pozna®Ωska Korporacja Budowlana Pekabex,Jun-17,-1
Jun-17,7.700007700007707e-07,0.052975735547641796,253926,0.02126316038269771,PBX,Pozna®Ωska Korporacja Budowlana Pekabex,Jun-17,0
Jul-17,1.4300516248636777e-06,0.19906943730956675,335799.7,0.0237353071930876,PBX,Pozna®Ωska Korporacja Budowlana Pekabex,Jun-17,1
Aug-17,5.444761636712078e-07,0.2404602360111838,810449.3,0.023573708089345037,PBX,Pozna®Ωska Korporacja Budowlana Pekabex,Jun-17,2
Sep-17,1.0060692806135574e-06,0.3343397761949828,18116.4,0.017736529274053593,PBX,Pozna®Ωska Korporacja Budowlana Pekabex,Jun-17,3
Oct-17,1.6174084910710676e-07,0.1720079642024021,666699.3,0.02044131532754093,PBX,Pozna®Ωska Korporacja Budowlana Pekabex,Jun-17,4
Nov-17,2.507907513289642e-07,0.28248423526503136,3635568.4,0.03284480321865115,PBX,Pozna®Ωska Korporacja Budowlana Pekabex,Jun-17,5
Dec-17,2.5846401117962683e-06,0.255455719504149,498790.7,0.025234714112886136,PBX,Pozna®Ωska Korporacja Budowlana Pekabex,Jun-17,6
Jan-18,4.823717740302794e-09,0.05797104390681563,8079871,0.015130321407640854,PBX,Pozna®Ωska Korporacja Budowlana Pekabex,Jun-17,7
Feb-18,2.448316048222035e-08,0.12690104856927903,1177099,0.013698830135902762,PBX,Pozna®Ωska Korporacja Budowlana Pekabex,Jun-17,8
Mar-18,4.2830587892649584e-07,0.349022965249044,647035,0.03931746661175478,PBX,Pozna®Ωska Korporacja Budowlana Pekabex,Jun-17,9
Apr-18,3.577152014652002e-07,0.21048562123474063,1034250,0.02240102267180086,PBX,Pozna®Ωska Korporacja Budowlana Pekabex,Jun-17,10
May-18,1.173859782051956e-07,0.18063939042093388,2300363,0.03738720159915908,PBX,Pozna®Ωska Korporacja Budowlana Pekabex,Jun-17,11
Jun-18,0,0.11014566135053369,1566459,0.01387489803994387,PBX,Pozna®Ωska Korporacja Budowlana Pekabex,Jun-17,12
Jul-18,4.4836462484131244e-08,0.1744043155515903,5530284,0.014443116540905883,PBX,Pozna®Ωska Korporacja Budowlana Pekabex,Jun-17,13
Aug-18,5.890080727090478e-08,0.16694538758234706,1106421,0.028907573031010974,PBX,Pozna®Ωska Korporacja Budowlana Pekabex,Jun-17,14
Sep-18,1.0453502195026289e-07,0.09372630582256085,2200299,0.016040815897170067,PBX,Pozna®Ωska Korporacja Budowlana Pekabex,Jun-17,15
Oct-18,4.4562398141498515e-08,0.16181498247714227,4585016,0.020177803275143257,PBX,Pozna®Ωska Korporacja Budowlana Pekabex,Jun-17,16
Nov-18,1.307852911762641e-07,0.18133199231426667,3703438,0.025563238158408864,PBX,Pozna®Ωska Korporacja Budowlana Pekabex,Jun-17,17
Dec-18,2.3281098703411162e-07,0.14350311610395175,1837881,0.02525702956546661,PBX,Pozna®Ωska Korporacja Budowlana Pekabex,Jun-17,18
Jan-19,3.8821341356253936e-07,0.14775564799797686,1156020,0.023869199146974877,PBX,Pozna®Ωska Korporacja Budowlana Pekabex,Jun-17,19
Feb-19,5.252424978957454e-07,0.1454149959105477,890059,0.01850471288389172,PBX,Pozna®Ωska Korporacja Budowlana Pekabex,Jun-17,20
Mar-19,3.9849909301606466e-08,0.10256073790474468,5393527,0.017605355410354722,PBX,Pozna®Ωska Korporacja Budowlana Pekabex,Jun-17,21
Apr-19,9.739723072236589e-08,0.1986249675833511,5841655,0.02529517566970874,PBX,Pozna®Ωska Korporacja Budowlana Pekabex,Jun-17,22
May-19,1.6426810591810095e-07,0.07761651407685521,1115526,0.010856850725166714,PBX,Pozna®Ωska Korporacja Budowlana Pekabex,Jun-17,23
Jun-19,1.1673484590564606e-06,0.11472625265574865,351212.5,0.024117607257496815,PBX,Pozna®Ωska Korporacja Budowlana Pekabex,Jun-17,24
Jul-19,9.355986407590947e-07,0.11305623573419202,442944.5,0.026009278798804575,PBX,Pozna®Ωska Korporacja Budowlana Pekabex,Jun-17,25
Aug-19,4.738787602042677e-07,0.20866497936922018,1417314,0.023854464820164487,PBX,Pozna®Ωska Korporacja Budowlana Pekabex,Jun-17,26
Sep-19,1.277532542266168e-07,0.1629974919950528,2258128.5,0.02242228211052322,PBX,Pozna®Ωska Korporacja Budowlana Pekabex,Jun-17,27
Oct-19,2.053050833538652e-06,0.14192484653067583,958987.4999999999,0.021714678570025753,PBX,Pozna®Ωska Korporacja Budowlana Pekabex,Jun-17,28
Nov-19,2.740538428103877e-07,0.15656324898204083,1937592.5,0.021934018558172494,PBX,Pozna®Ωska Korporacja Budowlana Pekabex,Jun-17,29
Dec-19,2.7457654576298544e-07,0.12734298938632704,2024260.5,0.019035729196352616,PBX,Pozna®Ωska Korporacja Budowlana Pekabex,Jun-17,30
Jan-20,3.8010059362209933e-07,0.16782220587064287,1837677.5,0.03530102514805681,PBX,Pozna®Ωska Korporacja Budowlana Pekabex,Jun-17,31
Feb-20,3.769662396567192e-07,0.21483124579564244,1200958,0.02957727783776581,PBX,Pozna®Ωska Korporacja Budowlana Pekabex,Jun-17,32
Mar-20,5.387325320917822e-07,0.31495374775500007,1577786.5,0.047049519402032905,PBX,Pozna®Ωska Korporacja Budowlana Pekabex,Jun-17,33
Apr-20,3.451268207516933e-07,0.22095188662376275,1869377.2,0.041035489329243544,PBX,Pozna®Ωska Korporacja Budowlana Pekabex,Jun-17,34
May-20,1.7954129153630495e-07,0.2104856212347403,1893774.6,0.02743205227769096,PBX,Pozna®Ωska Korporacja Budowlana Pekabex,Jun-17,35
Jun-20,1.8041206114766153e-07,0.1628918757386706,3055019,0.0288918259304676,PBX,Pozna®Ωska Korporacja Budowlana Pekabex,Jun-17,36
Jul-20,2.185209627159536e-07,0.17939838430324928,2483408,0.020994694432070065,PBX,Pozna®Ωska Korporacja Budowlana Pekabex,Jun-17,37
Aug-20,2.7444597505251825e-07,0.17871418667952932,2039270,0.026926437419338808,PBX,Pozna®Ωska Korporacja Budowlana Pekabex,Jun-17,38
Sep-20,1.0278157888753158e-07,0.2189401722241057,5143166.5,0.035623847177359835,PBX,Pozna®Ωska Korporacja Budowlana Pekabex,Jun-17,39
Oct-20,1.9021984363082205e-07,0.13500219430255636,5535554.5,0.02313063018178913,PBX,Pozna®Ωska Korporacja Budowlana Pekabex,Jun-17,40
Nov-20,1.087107035914966e-07,0.21647469685021586,6023815.5,0.03115199746808832,PBX,Pozna®Ωska Korporacja Budowlana Pekabex,Jun-17,41
Dec-20,1.2793696504083707e-07,0.14743883613359565,3895218.5,0.02186637431383085,PBX,Pozna®Ωska Korporacja Budowlana Pekabex,Jun-17,42
Jan-21,1.1537310114912074e-07,0.13037334333244482,3044181,0.02345392898949204,PBX,Pozna®Ωska Korporacja Budowlana Pekabex,Jun-17,43
Feb-21,3.3880964511687785e-08,0.18640790726650897,12327727,0.029385885066792492,PBX,Pozna®Ωska Korporacja Budowlana Pekabex,Jun-17,44
Mar-21,5.9382394592686643e-08,0.15589782741201666,4190943,0.014162333757986688,PBX,Pozna®Ωska Korporacja Budowlana Pekabex,Jun-17,45
Apr-21,2.9192752790744295e-08,0.1539744693396426,14233297,0.02675188291695526,PBX,Pozna®Ωska Korporacja Budowlana Pekabex,Jun-17,46
May-21,2.604690741654516e-08,0.17459556317774202,11818968,0.032790894434573184,PBX,Pozna®Ωska Korporacja Budowlana Pekabex,Jun-17,47
Jun-21,3.010297686532048e-08,0.09873690401165519,7560958,0.012749096956521084,PBX,Pozna®Ωska Korporacja Budowlana Pekabex,Jun-17,48
Jul-21,1.2152835497205428e-07,0.14203731882142942,3266002,0.019261722967929412,PBX,Pozna®Ωska Korporacja Budowlana Pekabex,Jun-17,49
Aug-21,7.47807891693829e-08,0.09412350281589425,3506691,0.00971977566287269,PBX,Pozna®Ωska Korporacja Budowlana Pekabex,Jun-17,50
Sep-21,4.666206515566553e-08,0.2037213940943738,14062988,0.03662310414477156,PBX,Pozna®Ωska Korporacja Budowlana Pekabex,Jun-17,51
Oct-21,8.471594844146698e-08,0.08369073655071119,3182964,0.01887928951766465,PBX,Pozna®Ωska Korporacja Budowlana Pekabex,Jun-17,52
Nov-21,1.4779779019755293e-07,0.18031844787541235,3138266,0.02385090104733556,PBX,Pozna®Ωska Korporacja Budowlana Pekabex,Jun-17,53
Dec-21,1.0857774107448042e-07,0.21035456020453136,9140005,0.027194660743235177,PBX,Pozna®Ωska Korporacja Budowlana Pekabex,Jun-17,54
Jan-22,2.8581149774775335e-07,0.17276739835342309,1724148,0.018551571991686906,PBX,Pozna®Ωska Korporacja Budowlana Pekabex,Jun-17,55
Feb-22,3.3787213710791053e-07,0.1961373503732191,1716426,0.023976158426328758,PBX,Pozna®Ωska Korporacja Budowlana Pekabex,Jun-17,56
Mar-22,1.7688265049049535e-07,0.19770183543501152,2721109.5,0.0355386667379162,PBX,Pozna®Ωska Korporacja Budowlana Pekabex,Jun-17,57
Apr-22,5.07958673405895e-07,0.12888893520994893,717844,0.02421516170445265,PBX,Pozna®Ωska Korporacja Budowlana Pekabex,Jun-17,58
May-22,3.4945485043332354e-07,0.2018788786614046,1478722,0.022389737683242393,PBX,Pozna®Ωska Korporacja Budowlana Pekabex,Jun-17,59
Jun-22,3.547703305572615e-07,0.16332506962429053,799138.5,0.019503510605058293,PBX,Pozna®Ωska Korporacja Budowlana Pekabex,Jun-17,60
Jul-22,3.5494221540733043e-07,0.1756484387566585,772042,0.0367623210244549,PBX,Pozna®Ωska Korporacja Budowlana Pekabex,Jun-17,61
Aug-22,5.941278386927435e-07,0.13743332394072927,483861,0.01983455219164328,PBX,Pozna®Ωska Korporacja Budowlana Pekabex,Jun-17,62
Sep-22,6.974565687163193e-07,0.22191041190629873,1825055.5,0.03515294409634172,PBX,Pozna®Ωska Korporacja Budowlana Pekabex,Jun-17,63
Oct-22,4.832663051140857e-07,0.16833921788966616,705356.5,0.025411961676129458,PBX,Pozna®Ωska Korporacja Budowlana Pekabex,Jun-17,64
Nov-22,8.519848040102337e-08,0.16524977708998528,5165718,0.03395196807699341,PBX,Pozna®Ωska Korporacja Budowlana Pekabex,Jun-17,65
Dec-22,1.5640681922001277e-07,0.15789489479327581,3454381.5,0.031323207110700566,PBX,Pozna®Ωska Korporacja Budowlana Pekabex,Jun-17,66
Jan-23,1.3708846044175398e-07,0.18921071191558936,4203094.5,0.02375768693667825,PBX,Pozna®Ωska Korporacja Budowlana Pekabex,Jun-17,67
Feb-23,2.4779839692639283e-07,0.12396056466883906,899269.5,0.01574502859558381,PBX,Pozna®Ωska Korporacja Budowlana Pekabex,Jun-17,68
Mar-23,1.9698928333272636e-07,0.15493053412430036,2166913,0.024501437015549778,PBX,Pozna®Ωska Korporacja Budowlana Pekabex,Jun-17,69
Apr-23,1.0642862356448131e-07,0.1022202029360569,2746456,0.02274132612922632,PBX,Pozna®Ωska Korporacja Budowlana Pekabex,Jun-17,70
May-23,7.008119046077324e-08,0.14914554741486014,8530751.5,0.026919618403923606,PBX,Pozna®Ωska Korporacja Budowlana Pekabex,Jun-17,71
Jun-23,6.279762936437169e-08,0.12153000896945737,4171378,0.024166763863113356,PBX,Pozna®Ωska Korporacja Budowlana Pekabex,Jun-17,72
Jul-23,9.072607991026066e-08,0.11363634754946625,4557920,0.01610700783615365,PBX,Pozna®Ωska Korporacja Budowlana Pekabex,Jun-17,73
Aug-23,1.582236918113843e-07,0.1720020164690918,2628007.5,0.023102227977685637,PBX,Pozna®Ωska Korporacja Budowlana Pekabex,Jun-17,74
Sep-23,1.0258605071813322e-07,0.20016797688455468,5731422.5,0.030336110501168415,PBX,Pozna®Ωska Korporacja Budowlana Pekabex,Jun-17,75
Oct-23,9.654698002834117e-08,0.14942699283191932,4998970,0.02095772497789178,PBX,Pozna®Ωska Korporacja Budowlana Pekabex,Jun-17,76
Nov-23,5.5546174423875095e-08,0.1933100439339429,6017860,0.020626324714460523,PBX,Pozna®Ωska Korporacja Budowlana Pekabex,Jun-17,77
Dec-23,5.970990539562661e-08,0.1082109097503247,5153977,0.01915122258569234,PBX,Pozna®Ωska Korporacja Budowlana Pekabex,Jun-17,78
Jan-24,5.037449406858377e-08,0.20815109767967893,12732235,0.028032043866561364,PBX,Pozna®Ωska Korporacja Budowlana Pekabex,Jun-17,79
Feb-24,5.640926592140264e-08,0.11235551269764515,6885172,0.021899361310864167,PBX,Pozna®Ωska Korporacja Budowlana Pekabex,Jun-17,80
Mar-24,6.583027100364955e-08,0.10395894312146559,5264596,0.02709168545647451,PBX,Pozna®Ωska Korporacja Budowlana Pekabex,Jun-17,81
Apr-24,5.100146476206784e-08,0.14903198100792323,7175121,0.021297238302711092,PBX,Pozna®Ωska Korporacja Budowlana Pekabex,Jun-17,82
May-24,5.66756374020668e-08,0.16119531322973424,5611730,0.01713376634341032,PBX,Pozna®Ωska Korporacja Budowlana Pekabex,Jun-17,83
Jun-24,7.025138980546835e-08,0.1236267996808511,4526785,0.0167725426122337,PBX,Pozna®Ωska Korporacja Budowlana Pekabex,Jun-17,84
Jul-24,1.5442368258067623e-07,0.11511224571261944,2962380,0.01793587752111868,PBX,Pozna®Ωska Korporacja Budowlana Pekabex,Jun-17,85
Aug-24,1.5473432889400568e-07,0.18814183191739783,3675037,0.02711198421611519,PBX,Pozna®Ωska Korporacja Budowlana Pekabex,Jun-17,86
Sep-24,1.3227843923611554e-07,0.1260334644476753,6341100.5,0.03274722730266179,PBX,Pozna®Ωska Korporacja Budowlana Pekabex,Jun-17,87
Oct-24,1.9386833238337782e-07,0.19035287550215657,2074132,0.01907882019118512,PBX,Pozna®Ωska Korporacja Budowlana Pekabex,Jun-17,88
Nov-24,4.911494862576406e-07,0.21578641297876236,1373527,0.02525360940676482,PBX,Pozna®Ωska Korporacja Budowlana Pekabex,Jun-17,89
Dec-24,1.135454094998058e-07,0.1953062025590565,3546851,0.021405160725514703,PBX,Pozna®Ωska Korporacja Budowlana Pekabex,Jun-17,90
Jan-25,1.2542368119507603e-07,0.18294039382234167,2166161,0.019779231688089528,PBX,Pozna®Ωska Korporacja Budowlana Pekabex,Jun-17,91
Feb-25,1.0517146741936196e-07,0.11029547119399562,3361702,0.026450843272263953,PBX,Pozna®Ωska Korporacja Budowlana Pekabex,Jun-17,92
Mar-25,1.000458300852548e-07,0.12878431424932457,4333598.5,0.02186060058751389,PBX,Pozna®Ωska Korporacja Budowlana Pekabex,Jun-17,93
Apr-25,2.8523400009239957e-07,0.13930666590533053,1696218,0.028782305048139604,PBX,Pozna®Ωska Korporacja Budowlana Pekabex,Jun-17,94
May-25,7.969448322909266e-08,0.17599939752575175,5624901.5,0.02960423436629694,PBX,Pozna®Ωska Korporacja Budowlana Pekabex,Jun-17,95
Jun-25,1.1170460424472312e-07,0.077664792804283,1836822.5,0.007059757526729222,PBX,Pozna®Ωska Korporacja Budowlana Pekabex,Jun-17,96
Jul-25,1.3231608725452012e-07,0.0958086360290899,4005657,0.017957049454288415,PBX,Pozna®Ωska Korporacja Budowlana Pekabex,Jun-17,97
Aug-25,1.916087193861354e-07,0.10700953638786934,2424328.5,0.018894403370332515,PBX,Pozna®Ωska Korporacja Budowlana Pekabex,Jun-17,98
Sep-25,1.0931751706706092e-07,0.09933232420828376,3008221,0.019283224965453826,PBX,Pozna®Ωska Korporacja Budowlana Pekabex,Jun-17,99
Sep-14,1.3257808996808043e-07,0.09467424801352216,1483607.7,0.01138382388606797,PCE,Grupa Azoty Zak≈Çady Chemiczne Police,Dec-17,-39
Oct-14,2.3965697579468356e-07,0.17164608453030497,977728.4,0.025200633920160427,PCE,Grupa Azoty Zak≈Çady Chemiczne Police,Dec-17,-38
Nov-14,1.5243939976869066e-07,0.16578968937646554,4888804.3,0.02509356312375064,PCE,Grupa Azoty Zak≈Çady Chemiczne Police,Dec-17,-37
Dec-14,2.1666182635119083e-07,0.16579646253603683,1132539.2,0.016492075270796863,PCE,Grupa Azoty Zak≈Çady Chemiczne Police,Dec-17,-36
Jan-15,1.8401100000587575e-07,0.16490761086196457,2954812.1,0.01935279954823098,PCE,Grupa Azoty Zak≈Çady Chemiczne Police,Dec-17,-35
Feb-15,2.756863229876997e-07,0.11947667488768218,577543.8,0.011362393374724907,PCE,Grupa Azoty Zak≈Çady Chemiczne Police,Dec-17,-34
Mar-15,6.036993956927114e-08,0.08578189193434169,969340.9,0.008078160223720706,PCE,Grupa Azoty Zak≈Çady Chemiczne Police,Dec-17,-33
Apr-15,8.226015704203223e-08,0.09714506965422165,921941.1,0.008967072176437024,PCE,Grupa Azoty Zak≈Çady Chemiczne Police,Dec-17,-32
May-15,5.620463892316051e-08,0.072319992920903,965030.4,0.011389663701758349,PCE,Grupa Azoty Zak≈Çady Chemiczne Police,Dec-17,-31
Jun-15,5.8120675231473624e-08,0.138449811448871,819713.8,0.007037949471903169,PCE,Grupa Azoty Zak≈Çady Chemiczne Police,Dec-17,-30
Jul-15,1.2229947333415246e-07,0.0818538327721086,838711.5,0.012833297738532097,PCE,Grupa Azoty Zak≈Çady Chemiczne Police,Dec-17,-29
Aug-15,2.3568418884337215e-07,0.10068300292660881,1589290,0.02971145151944868,PCE,Grupa Azoty Zak≈Çady Chemiczne Police,Dec-17,-28
Sep-15,0,0.08524750739514109,1821860.6,0.006804922176650915,PCE,Grupa Azoty Zak≈Çady Chemiczne Police,Dec-17,-27
Oct-15,6.18294990896943e-08,0.10568413012382648,1446300.2,0.012879403933427567,PCE,Grupa Azoty Zak≈Çady Chemiczne Police,Dec-17,-26
Nov-15,1.5329391741711914e-07,0.1525015627884022,2849042.2,0.02163251017438417,PCE,Grupa Azoty Zak≈Çady Chemiczne Police,Dec-17,-25
Dec-15,3.383025069276268e-08,0.1515066511408625,6570562.8,0.019952404446366936,PCE,Grupa Azoty Zak≈Çady Chemiczne Police,Dec-17,-24
Jan-16,1.2148309477697482e-08,0.09851615766791863,1416493.5,0.014113773190624826,PCE,Grupa Azoty Zak≈Çady Chemiczne Police,Dec-17,-23
Feb-16,1.1550011550012125e-07,0.07578791237944713,626754.6,0.008849902800258306,PCE,Grupa Azoty Zak≈Çady Chemiczne Police,Dec-17,-22
Mar-16,1.5275274460899733e-07,0.06439603983330518,1198146.2,0.028986527345800577,PCE,Grupa Azoty Zak≈Çady Chemiczne Police,Dec-17,-21
Apr-16,1.695708112743267e-07,0.08528092240386526,695016.4,0.012157633108453537,PCE,Grupa Azoty Zak≈Çady Chemiczne Police,Dec-17,-20
May-16,2.3416187218809557e-07,0.09955945543764869,1825468.7,0.030693120397183013,PCE,Grupa Azoty Zak≈Çady Chemiczne Police,Dec-17,-19
Jun-16,1.6117016404488514e-07,0.14502511931469136,2249536.4,0.016735459251930724,PCE,Grupa Azoty Zak≈Çady Chemiczne Police,Dec-17,-18
Jul-16,2.0676835534381851e-07,0.12109874936332671,523476.1,0.006906358614175127,PCE,Grupa Azoty Zak≈Çady Chemiczne Police,Dec-17,-17
Aug-16,1.5894286970210942e-08,0.11529020218242962,1370140.8,0.009049902342701949,PCE,Grupa Azoty Zak≈Çady Chemiczne Police,Dec-17,-16
Sep-16,8.64596872003469e-08,0.11365651989433057,571992.3,0.011274717235841203,PCE,Grupa Azoty Zak≈Çady Chemiczne Police,Dec-17,-15
Oct-16,4.1553098193026677e-07,0.08262704215451101,321871,0.010801824452135365,PCE,Grupa Azoty Zak≈Çady Chemiczne Police,Dec-17,-14
Nov-16,9.92559771949578e-09,0.10673544550082237,489863.49999999994,0.010620813896558279,PCE,Grupa Azoty Zak≈Çady Chemiczne Police,Dec-17,-13
Dec-16,1.0454500341792485e-07,0.12385506058473644,1129410.3,0.01099704843369487,PCE,Grupa Azoty Zak≈Çady Chemiczne Police,Dec-17,-12
Jan-17,5.79450620766217e-07,0.11271647797811833,382305.5,0.016600473424983043,PCE,Grupa Azoty Zak≈Çady Chemiczne Police,Dec-17,-11
Feb-17,8.634429224509855e-08,0.1283754649795408,3833888.3,0.011865467033189246,PCE,Grupa Azoty Zak≈Çady Chemiczne Police,Dec-17,-10
Mar-17,1.8154737914571873e-07,0.07528969028006635,700946.9,0.012291751853933502,PCE,Grupa Azoty Zak≈Çady Chemiczne Police,Dec-17,-9
Apr-17,2.78467086953942e-07,0.032452736601030985,404700.1,0.006771420289803849,PCE,Grupa Azoty Zak≈Çady Chemiczne Police,Dec-17,-8
May-17,1.103854947852126e-08,0.09278928153534823,563225.8,0.00694629927190629,PCE,Grupa Azoty Zak≈Çady Chemiczne Police,Dec-17,-7
Jun-17,1.2025086166301476e-07,0.03745646488205231,481145.4,0.004989480962493899,PCE,Grupa Azoty Zak≈Çady Chemiczne Police,Dec-17,-6
Jul-17,3.9232128974573683e-07,0.06432999747823533,480252.2,0.012775585363366754,PCE,Grupa Azoty Zak≈Çady Chemiczne Police,Dec-17,-5
Aug-17,6.67712939457137e-08,0.08637982952576881,882768.8,0.009629459021286695,PCE,Grupa Azoty Zak≈Çady Chemiczne Police,Dec-17,-4
Sep-17,2.7381850592675652e-08,0.07876520892982893,509218.5,0.010937841039825437,PCE,Grupa Azoty Zak≈Çady Chemiczne Police,Dec-17,-3
Oct-17,2.345415978287089e-07,0.059943260060738746,506020.2,0.02875196053106543,PCE,Grupa Azoty Zak≈Çady Chemiczne Police,Dec-17,-2
Nov-17,2.0673713599514454e-07,0.08652529526354967,364503.39999999997,0.00500169874662405,PCE,Grupa Azoty Zak≈Çady Chemiczne Police,Dec-17,-1
Dec-17,1.1120405042213387e-07,0.06949814070358898,241791.9,0.008184351791747799,PCE,Grupa Azoty Zak≈Çady Chemiczne Police,Dec-17,0
Jan-18,1.522117362854573e-07,0.06462768623366451,616083.3,0.009685536203499504,PCE,Grupa Azoty Zak≈Çady Chemiczne Police,Dec-17,1
Feb-18,0,0.08483756013323054,432035.5,0.003356970882727862,PCE,Grupa Azoty Zak≈Çady Chemiczne Police,Dec-17,2
Mar-18,3.5037677503721846e-07,0.09457976538322013,240054.9,0.008710840383883532,PCE,Grupa Azoty Zak≈Çady Chemiczne Police,Dec-17,3
Apr-18,2.931460258310517e-07,0.05685923727594054,185959.4,0.008790745738832467,PCE,Grupa Azoty Zak≈Çady Chemiczne Police,Dec-17,4
May-18,5.741478614013164e-07,0.21923972609298611,466070.1,0.022581856729025376,PCE,Grupa Azoty Zak≈Çady Chemiczne Police,Dec-17,5
Jun-18,1.0060654621667374e-06,0.0507223081573136,70142,0.010993731704714488,PCE,Grupa Azoty Zak≈Çady Chemiczne Police,Dec-17,6
Jul-18,1.0497947018496357e-06,0.19609703457815225,155470.2,0.017127761272853415,PCE,Grupa Azoty Zak≈Çady Chemiczne Police,Dec-17,7
Aug-18,3.3420756781239804e-06,0.24694908564007362,76524.7,0.036216940337586094,PCE,Grupa Azoty Zak≈Çady Chemiczne Police,Dec-17,8
Sep-18,7.692601238781018e-07,0.17379828825973526,152931,0.01959957018394841,PCE,Grupa Azoty Zak≈Çady Chemiczne Police,Dec-17,9
Oct-18,4.920798759801334e-07,0.20739133831335632,618024.7,0.04075732958510904,PCE,Grupa Azoty Zak≈Çady Chemiczne Police,Dec-17,10
Nov-18,4.146555870693676e-06,0.22115569143042857,203475,0.04284052308033922,PCE,Grupa Azoty Zak≈Çady Chemiczne Police,Dec-17,11
Dec-18,1.4630353543445064e-06,0.17732078286960268,138301.9,0.02560853830099193,PCE,Grupa Azoty Zak≈Çady Chemiczne Police,Dec-17,12
Jan-19,2.001920082908764e-06,0.12822626637302656,134373.3,0.01711833357542843,PCE,Grupa Azoty Zak≈Çady Chemiczne Police,Dec-17,13
Feb-19,1.1809004808246963e-06,0.12201677337778821,233854.3,0.02443837161166391,PCE,Grupa Azoty Zak≈Çady Chemiczne Police,Dec-17,14
Mar-19,9.547288579591188e-07,0.09302478817543536,569706.5,0.024079548078643813,PCE,Grupa Azoty Zak≈Çady Chemiczne Police,Dec-17,15
Apr-19,1.4658796358901702e-06,0.0986713632340941,181775.1,0.019402840325597383,PCE,Grupa Azoty Zak≈Çady Chemiczne Police,Dec-17,16
May-19,2.5033788461912725e-06,0.14406055768841736,151091,0.024924164020132374,PCE,Grupa Azoty Zak≈Çady Chemiczne Police,Dec-17,17
Jun-19,1.5593887196219124e-06,0.2451517361830582,189758.8,0.0285335141650464,PCE,Grupa Azoty Zak≈Çady Chemiczne Police,Dec-17,18
Jul-19,1.0130137047377503e-06,0.2828508759350318,893150.6,0.04019382580106958,PCE,Grupa Azoty Zak≈Çady Chemiczne Police,Dec-17,19
Aug-19,2.009023768443052e-06,0.16947311808321752,185628.3,0.025852592233284854,PCE,Grupa Azoty Zak≈Çady Chemiczne Police,Dec-17,20
Sep-19,0,0.08758764894528462,138476.40000000002,0.01166835201436957,PCE,Grupa Azoty Zak≈Çady Chemiczne Police,Dec-17,21
Oct-19,2.8247963384613137e-06,0.06779789487630497,121787.2,0.014349120450659409,PCE,Grupa Azoty Zak≈Çady Chemiczne Police,Dec-17,22
Nov-19,4.270868346946392e-07,0.1727765437111597,901208.3,0.027576281258056157,PCE,Grupa Azoty Zak≈Çady Chemiczne Police,Dec-17,23
Dec-19,4.2656002408324387e-07,0.07010822295738216,355765,0.014121551733723413,PCE,Grupa Azoty Zak≈Çady Chemiczne Police,Dec-17,24
Jan-20,1.5012249799918275e-06,0.11574426780496176,246749,0.016016917057807268,PCE,Grupa Azoty Zak≈Çady Chemiczne Police,Dec-17,25
Feb-20,1.4976123388703979e-06,0.11305623923002246,173942,0.0175513113094977,PCE,Grupa Azoty Zak≈Çady Chemiczne Police,Dec-17,26
Mar-20,1.5848865221250156e-06,0.32234449128600473,564751.5,0.05691944090396553,PCE,Grupa Azoty Zak≈Çady Chemiczne Police,Dec-17,27
Apr-20,2.8844964507233423e-07,0.20429394989221095,530962,0.030141818876849,PCE,Grupa Azoty Zak≈Çady Chemiczne Police,Dec-17,28
May-20,7.120072909546615e-07,0.1078322392822914,469246,0.013119546250672175,PCE,Grupa Azoty Zak≈Çady Chemiczne Police,Dec-17,29
Jun-20,3.444956294663472e-07,0.24789321294281413,2635289,0.05679160557143635,PCE,Grupa Azoty Zak≈Çady Chemiczne Police,Dec-17,30
Jul-20,4.843702435496474e-07,0.18714481424977517,622636,0.02126793677488638,PCE,Grupa Azoty Zak≈Çady Chemiczne Police,Dec-17,31
Aug-20,5.797674226444079e-07,0.10252831861715599,436760,0.012850152405222193,PCE,Grupa Azoty Zak≈Çady Chemiczne Police,Dec-17,32
Sep-20,5.453723216943931e-07,0.1001290311949839,373047,0.020095847864562106,PCE,Grupa Azoty Zak≈Çady Chemiczne Police,Dec-17,33
Oct-20,1.7131978530322117e-06,0.0973172686839061,218945,0.023668737921251348,PCE,Grupa Azoty Zak≈Çady Chemiczne Police,Dec-17,34
Nov-20,5.457246559410056e-07,0.12797508219087042,497890,0.021571175839809095,PCE,Grupa Azoty Zak≈Çady Chemiczne Police,Dec-17,35
Dec-20,5.05781851465989e-07,0.1300818818286696,714163,0.019891513749987728,PCE,Grupa Azoty Zak≈Çady Chemiczne Police,Dec-17,36
Jan-21,3.0234315948601556e-07,0.14887205539470633,1454576,0.01620499370869536,PCE,Grupa Azoty Zak≈Çady Chemiczne Police,Dec-17,37
Feb-21,0,0.11063808050759344,721024,0.01192799196269394,PCE,Grupa Azoty Zak≈Çady Chemiczne Police,Dec-17,38
Mar-21,2.0817069997397885e-07,0.07591015273005854,880425,0.009535866539476703,PCE,Grupa Azoty Zak≈Çady Chemiczne Police,Dec-17,39
Apr-21,6.291697243366156e-08,0.09917520767938715,2374889,0.026321223058562153,PCE,Grupa Azoty Zak≈Çady Chemiczne Police,Dec-17,40
May-21,1.235898504317767e-07,0.09182504103780073,1169562.5,0.009690672264745915,PCE,Grupa Azoty Zak≈Çady Chemiczne Police,Dec-17,41
Jun-21,2.100196958785776e-07,0.06922178571399445,525635.5,0.008230403024332908,PCE,Grupa Azoty Zak≈Çady Chemiczne Police,Dec-17,42
Jul-21,1.8043928555728002e-07,0.0779300573330208,688228.5,0.011759044707936091,PCE,Grupa Azoty Zak≈Çady Chemiczne Police,Dec-17,43
Aug-21,4.523431853483052e-07,0.047629524924450856,407015,0.00828100128509663,PCE,Grupa Azoty Zak≈Çady Chemiczne Police,Dec-17,44
Sep-21,2.8722578646756687e-07,0.05845010345095875,406924,0.009757233798108033,PCE,Grupa Azoty Zak≈Çady Chemiczne Police,Dec-17,45
Oct-21,2.199313520939662e-07,0.07118198722622184,887494,0.011447059225305372,PCE,Grupa Azoty Zak≈Çady Chemiczne Police,Dec-17,46
Nov-21,3.399826993888675e-07,0.06759016381979782,430364.5,0.010252992706504283,PCE,Grupa Azoty Zak≈Çady Chemiczne Police,Dec-17,47
Dec-21,5.153050760641938e-07,0.07114008042481593,421521,0.01647297835837877,PCE,Grupa Azoty Zak≈Çady Chemiczne Police,Dec-17,48
Jan-22,5.315609195861269e-07,0.15317725924041922,416076,0.016737395935501522,PCE,Grupa Azoty Zak≈Çady Chemiczne Police,Dec-17,49
Feb-22,4.95998486445222e-07,0.10733624842656035,587573,0.018085736539640906,PCE,Grupa Azoty Zak≈Çady Chemiczne Police,Dec-17,50
Mar-22,1.3472564200809778e-07,0.19631040333433558,4806622,0.04805452821500489,PCE,Grupa Azoty Zak≈Çady Chemiczne Police,Dec-17,51
Apr-22,2.6026561965525937e-07,0.13451533238254607,1139016.5,0.018910461818776706,PCE,Grupa Azoty Zak≈Çady Chemiczne Police,Dec-17,52
May-22,7.529893677901241e-07,0.13042777934340175,701239.5,0.021307651693627274,PCE,Grupa Azoty Zak≈Çady Chemiczne Police,Dec-17,53
Jun-22,9.018759018758987e-07,0.1909239619382665,282413,0.022399722282541775,PCE,Grupa Azoty Zak≈Çady Chemiczne Police,Dec-17,54
Jul-22,1.8375327080822298e-06,0.11210987154957917,155272.5,0.022470056973453962,PCE,Grupa Azoty Zak≈Çady Chemiczne Police,Dec-17,55
Aug-22,1.2680093836055051e-06,0.2465232186933422,308873.5,0.016225945100313714,PCE,Grupa Azoty Zak≈Çady Chemiczne Police,Dec-17,56
Sep-22,1.193972825178492e-06,0.13298865120246703,258950,0.024885850406265723,PCE,Grupa Azoty Zak≈Çady Chemiczne Police,Dec-17,57
Oct-22,8.871720322436493e-07,0.19495991927455023,307018.5,0.0265434409301749,PCE,Grupa Azoty Zak≈Çady Chemiczne Police,Dec-17,58
Nov-22,7.714140013268393e-07,0.15258125075259543,467617,0.017703654835360485,PCE,Grupa Azoty Zak≈Çady Chemiczne Police,Dec-17,59
Dec-22,3.381828757719012e-07,0.13498872483981592,1375893,0.02256309408287992,PCE,Grupa Azoty Zak≈Çady Chemiczne Police,Dec-17,60
Jan-23,3.1627083789949656e-07,0.10952787239123131,877420.5,0.016954454590007696,PCE,Grupa Azoty Zak≈Çady Chemiczne Police,Dec-17,61
Feb-23,3.0188373241067713e-07,0.08579661252448345,441907.5,0.01368657128061983,PCE,Grupa Azoty Zak≈Çady Chemiczne Police,Dec-17,62
Mar-23,1.128107937367444e-06,0.14508606862814225,411445,0.022399130028799816,PCE,Grupa Azoty Zak≈Çady Chemiczne Police,Dec-17,63
Apr-23,1.2921298952341212e-06,0.13611150601376745,249161.5,0.017023093089406905,PCE,Grupa Azoty Zak≈Çady Chemiczne Police,Dec-17,64
May-23,9.170296066065233e-07,0.16458643738591916,327675.5,0.015319567353065933,PCE,Grupa Azoty Zak≈Çady Chemiczne Police,Dec-17,65
Jun-23,2.891824090340577e-07,0.12099444027865183,2585466.5,0.04076746548844407,PCE,Grupa Azoty Zak≈Çady Chemiczne Police,Dec-17,66
Jul-23,4.603008894854379e-07,0.1414501117170748,818063.5,0.017409697742356657,PCE,Grupa Azoty Zak≈Çady Chemiczne Police,Dec-17,67
Aug-23,6.836073687405486e-07,0.14606609953024663,505759,0.028085967471973373,PCE,Grupa Azoty Zak≈Çady Chemiczne Police,Dec-17,68
Sep-23,1.6486306473842922e-06,0.13698878064692746,344792.5,0.015399246222059054,PCE,Grupa Azoty Zak≈Çady Chemiczne Police,Dec-17,69
Oct-23,1.8403474148850514e-06,0.13546604364983372,466204.5,0.019028067066461304,PCE,Grupa Azoty Zak≈Çady Chemiczne Police,Dec-17,70
Nov-23,3.1125885531443395e-07,0.14864631134230613,527714.5,0.012613389298249546,PCE,Grupa Azoty Zak≈Çady Chemiczne Police,Dec-17,71
Dec-23,3.52850431641935e-07,0.11895378938642724,492501.5,0.01230656325447745,PCE,Grupa Azoty Zak≈Çady Chemiczne Police,Dec-17,72
Jan-24,4.177793017441046e-07,0.06369219196823067,367668.5,0.012046687531304072,PCE,Grupa Azoty Zak≈Çady Chemiczne Police,Dec-17,73
Feb-24,1.8059095138202564e-07,0.07632990313503932,564657.5,0.009219746187877959,PCE,Grupa Azoty Zak≈Çady Chemiczne Police,Dec-17,74
Mar-24,3.539011076564193e-07,0.08587579913437265,447377.5,0.011421190534884869,PCE,Grupa Azoty Zak≈Çady Chemiczne Police,Dec-17,75
Apr-24,4.573414740115737e-07,0.10644109732001425,328869.5,0.013960280874189056,PCE,Grupa Azoty Zak≈Çady Chemiczne Police,Dec-17,76
May-24,2.7991392091456345e-07,0.1029680637585514,380447,0.011897452907133923,PCE,Grupa Azoty Zak≈Çady Chemiczne Police,Dec-17,77
Jun-24,1.3561528655510316e-06,0.10794922783918495,171876.5,0.016286776021253106,PCE,Grupa Azoty Zak≈Çady Chemiczne Police,Dec-17,78
Jul-24,9.501301995083364e-07,0.11096454254112575,561830.5,0.018868936223264517,PCE,Grupa Azoty Zak≈Çady Chemiczne Police,Dec-17,79
Aug-24,1.284580918321212e-06,0.13653405517192269,269927.5,0.022394276096180128,PCE,Grupa Azoty Zak≈Çady Chemiczne Police,Dec-17,80
Sep-24,8.32675519672772e-07,0.11451136403448244,282385,0.017443473538875282,PCE,Grupa Azoty Zak≈Çady Chemiczne Police,Dec-17,81
Oct-24,1.306074470733731e-06,0.10435000692736071,264184.6,0.015714159660389273,PCE,Grupa Azoty Zak≈Çady Chemiczne Police,Dec-17,82
Nov-24,1.0616095325401986e-06,0.09867798455373367,312778.4,0.017564997399341968,PCE,Grupa Azoty Zak≈Çady Chemiczne Police,Dec-17,83
Dec-24,4.450422218479714e-07,0.13672822895018294,1113938.2,0.036199014857725746,PCE,Grupa Azoty Zak≈Çady Chemiczne Police,Dec-17,84
Jan-25,6.258567979564029e-07,0.18861790588242755,932791.2,0.027993820515030375,PCE,Grupa Azoty Zak≈Çady Chemiczne Police,Dec-17,85
Feb-25,6.932270880034278e-07,0.14018802312621542,400311,0.020024641307179472,PCE,Grupa Azoty Zak≈Çady Chemiczne Police,Dec-17,86
Mar-25,7.97657609299958e-07,0.10410029523294997,341174.4,0.01664851508887891,PCE,Grupa Azoty Zak≈Çady Chemiczne Police,Dec-17,87
Apr-25,5.734436853748037e-07,0.13466025254709404,511164.2,0.02260845945397263,PCE,Grupa Azoty Zak≈Çady Chemiczne Police,Dec-17,88
May-25,4.815439377301993e-07,0.06735412946226195,425831.2,0.01042473225107535,PCE,Grupa Azoty Zak≈Çady Chemiczne Police,Dec-17,89
Jun-25,2.067817334984471e-06,0.10088946243827825,137865,0.011922538095171105,PCE,Grupa Azoty Zak≈Çady Chemiczne Police,Dec-17,90
Jul-25,1.0593966630064383e-06,0.057111922310519814,252542.2,0.013353885550131176,PCE,Grupa Azoty Zak≈Çady Chemiczne Police,Dec-17,91
Aug-25,8.460752262405105e-07,0.05702887361038094,207921,0.018201096646406904,PCE,Grupa Azoty Zak≈Çady Chemiczne Police,Dec-17,92
Sep-25,6.149186647081909e-07,0.07270757496317334,304236.4,0.010425508912177082,PCE,Grupa Azoty Zak≈Çady Chemiczne Police,Dec-17,93
Sep-14,1.97779433389414e-07,0.14535783246205505,2622059.9,0.031065803096118248,PGVP,PGF Polska Grupa Fotowoltaiczna,Jul-25,-130
Oct-14,1.235446990404169e-07,0.14801502036271996,1917488.9,0.02075902382995035,PGVP,PGF Polska Grupa Fotowoltaiczna,Jul-25,-129
Nov-14,1.6176486764722e-07,0.14648874384570343,1607984.4,0.018047341644341623,PGVP,PGF Polska Grupa Fotowoltaiczna,Jul-25,-128
Dec-14,2.545262919550964e-07,0.1598559660320681,2108737.3,0.03231090660229307,PGVP,PGF Polska Grupa Fotowoltaiczna,Jul-25,-127
Jan-15,3.1724758478930335e-07,0.2824104524739079,2247238.5,0.04341269659375958,PGVP,PGF Polska Grupa Fotowoltaiczna,Jul-25,-126
Feb-15,4.716878070765099e-07,0.14492850424470544,838579.7,0.023673142654543428,PGVP,PGF Polska Grupa Fotowoltaiczna,Jul-25,-125
Mar-15,5.226086020679879e-07,0.30216449588124233,5019117.6,0.06159125445130504,PGVP,PGF Polska Grupa Fotowoltaiczna,Jul-25,-124
Apr-15,4.970702698022805e-07,0.13500219430255483,1070844.8,0.03146849218433431,PGVP,PGF Polska Grupa Fotowoltaiczna,Jul-25,-123
May-15,2.412435920572565e-07,0.17342518488779685,762449.7,0.021676556781905606,PGVP,PGF Polska Grupa Fotowoltaiczna,Jul-25,-122
Jun-15,5.13784689072408e-07,0.38400583766333196,3556895.6,0.06895648340297258,PGVP,PGF Polska Grupa Fotowoltaiczna,Jul-25,-121
Jul-15,1.6653692832542747e-06,0.28267470422500107,586115.2000000001,0.042187550675460615,PGVP,PGF Polska Grupa Fotowoltaiczna,Jul-25,-120
Aug-15,9.235659408977258e-07,0.13176512269680316,379734.10000000003,0.022317519947671845,PGVP,PGF Polska Grupa Fotowoltaiczna,Jul-25,-119
Sep-15,8.098009534997971e-07,0.17438076197046082,857529.9,0.042427990071786194,PGVP,PGF Polska Grupa Fotowoltaiczna,Jul-25,-118
Oct-15,1.1572782832264818e-06,0.2134937080652082,462748.3,0.027967661727248776,PGVP,PGF Polska Grupa Fotowoltaiczna,Jul-25,-117
Nov-15,3.0222357215417745e-06,0.14777460963163622,221776,0.03387995692812258,PGVP,PGF Polska Grupa Fotowoltaiczna,Jul-25,-116
Dec-15,1.1260264575680557e-06,0.2979688585819834,312122.60000000003,0.0360927627786499,PGVP,PGF Polska Grupa Fotowoltaiczna,Jul-25,-115
Jan-16,2.163027373111409e-06,0.20917888571580773,115748.7,0.024129727816531464,PGVP,PGF Polska Grupa Fotowoltaiczna,Jul-25,-114
Feb-16,1.2649098081359515e-06,0.30375155007448024,515309.69999999995,0.05220375806670282,PGVP,PGF Polska Grupa Fotowoltaiczna,Jul-25,-113
Mar-16,4.967483350734443e-07,0.21107823983517315,1480503,0.038357643445985114,PGVP,PGF Polska Grupa Fotowoltaiczna,Jul-25,-112
Apr-16,3.239363448885478e-07,0.31005111164010885,2047509.7,0.04691619256772598,PGVP,PGF Polska Grupa Fotowoltaiczna,Jul-25,-111
May-16,7.064216993965439e-07,0.2819729892930988,998407.5,0.03847009498389185,PGVP,PGF Polska Grupa Fotowoltaiczna,Jul-25,-110
Jun-16,8.673888316735848e-07,0.2989095431608833,984922.6,0.428418126262467,PGVP,PGF Polska Grupa Fotowoltaiczna,Jul-25,-109
Jul-16,6.444137703489778e-07,0.22341841847497496,607393.5,0.02020709275203354,PGVP,PGF Polska Grupa Fotowoltaiczna,Jul-25,-108
Aug-16,3.3903432451513013e-07,0.15891085514171302,727158.3,0.017868475608397095,PGVP,PGF Polska Grupa Fotowoltaiczna,Jul-25,-107
Sep-16,1.7303200161666698e-06,0.2816209620233101,574199.7,0.04533671536423493,PGVP,PGF Polska Grupa Fotowoltaiczna,Jul-25,-106
Oct-16,6.22499962338753e-07,0.1954007760121928,1418490.3,0.051109717438487634,PGVP,PGF Polska Grupa Fotowoltaiczna,Jul-25,-105
Nov-16,6.590134121091612e-07,0.19931670757738307,202389.59999999998,0.029378386997621502,PGVP,PGF Polska Grupa Fotowoltaiczna,Jul-25,-104
Dec-16,0,0.13034480314108934,329727.6,0.018100949914935025,PGVP,PGF Polska Grupa Fotowoltaiczna,Jul-25,-103
Jan-17,3.828390116015532e-06,,257814.9,0.051043561787508344,PGVP,PGF Polska Grupa Fotowoltaiczna,Jul-25,-102
Feb-17,3.4829955879946036e-06,0.08466730724799251,142945.2,0.02927314477374337,PGVP,PGF Polska Grupa Fotowoltaiczna,Jul-25,-101
Mar-17,2.629171937559105e-06,0.07946125771899205,180376.2,0.024762295032685032,PGVP,PGF Polska Grupa Fotowoltaiczna,Jul-25,-100
Apr-17,0,0.16547504905440494,60566.100000000006,0.0397648111419954,PGVP,PGF Polska Grupa Fotowoltaiczna,Jul-25,-99
May-17,9.868005557660725e-06,0.09105023169615462,39627.9,1.9645424304943258,PGVP,PGF Polska Grupa Fotowoltaiczna,Jul-25,-98
Jun-17,1.08533441866775e-05,0.17251717570843852,47409,0.051569932952571444,PGVP,PGF Polska Grupa Fotowoltaiczna,Jul-25,-97
Jul-17,0,0.09461649655742398,30054,0.03052989449212832,PGVP,PGF Polska Grupa Fotowoltaiczna,Jul-25,-96
Aug-17,0,,83595,0.029968789292352464,PGVP,PGF Polska Grupa Fotowoltaiczna,Jul-25,-95
Sep-17,0,0.0817999281737581,81210,0.026951303315106496,PGVP,PGF Polska Grupa Fotowoltaiczna,Jul-25,-94
Oct-17,0,0.09105023169615462,110886,0.04635320778377636,PGVP,PGF Polska Grupa Fotowoltaiczna,Jul-25,-93
Nov-17,3.7016786543881778e-06,0.15549532431124044,259635,0.04836072076850292,PGVP,PGF Polska Grupa Fotowoltaiczna,Jul-25,-92
Dec-17,0,,116196,0.04737031726360195,PGVP,PGF Polska Grupa Fotowoltaiczna,Jul-25,-91
Jan-18,3.0634439236589844e-06,0.16617950476360097,637893,0.12845107339727174,PGVP,PGF Polska Grupa Fotowoltaiczna,Jul-25,-90
Feb-18,3.3694436778268505e-06,0.15688270991858902,346437,0.11237741007417648,PGVP,PGF Polska Grupa Fotowoltaiczna,Jul-25,-89
Mar-18,1.2359411692003492e-06,0.26756028500041756,101664,0.041641304491244854,PGVP,PGF Polska Grupa Fotowoltaiczna,Jul-25,-88
Apr-18,0,,44601,0.043544173681338304,PGVP,PGF Polska Grupa Fotowoltaiczna,Jul-25,-87
May-18,1.5314396317221163e-05,0.1851894596038814,22761,0.043974061085578664,PGVP,PGF Polska Grupa Fotowoltaiczna,Jul-25,-86
Jun-18,1.3599122294774469e-05,0.2953974196221878,165702,0.07398850178042535,PGVP,PGF Polska Grupa Fotowoltaiczna,Jul-25,-85
Jul-18,5.894488653109348e-06,0.09377151246352515,480361,0.04735464479420062,PGVP,PGF Polska Grupa Fotowoltaiczna,Jul-25,-84
Aug-18,9.655290084793622e-06,0.03197408160186617,112395,0.06213388754454194,PGVP,PGF Polska Grupa Fotowoltaiczna,Jul-25,-83
Sep-18,1.835615943871164e-05,0.5159944381087248,841806.9999999999,0.056185851511889,PGVP,PGF Polska Grupa Fotowoltaiczna,Jul-25,-82
Oct-18,7.399565133249088e-06,0.31898085296390744,120947,0.07935600200760615,PGVP,PGF Polska Grupa Fotowoltaiczna,Jul-25,-81
Nov-18,1.0768719555839633e-05,0.8642256566139865,145239,0.1071835327506643,PGVP,PGF Polska Grupa Fotowoltaiczna,Jul-25,-80
Dec-18,9.06552561917537e-06,0.39305041901005744,90900,0.06378971009850117,PGVP,PGF Polska Grupa Fotowoltaiczna,Jul-25,-79
Jan-19,5.952380952380951e-05,0.6147110642489806,32792.5,0.23482659442229245,PGVP,PGF Polska Grupa Fotowoltaiczna,Jul-25,-78
Feb-19,2.4441767035371794e-05,0.1905335188522928,37328.840000000004,0.051973533649283275,PGVP,PGF Polska Grupa Fotowoltaiczna,Jul-25,-77
Mar-19,1.6074468511763848e-05,0.15650748123604072,31845.25,0.0461891856478123,PGVP,PGF Polska Grupa Fotowoltaiczna,Jul-25,-76
Apr-19,1.97396264315177e-05,,31570.95,0.040256817727700143,PGVP,PGF Polska Grupa Fotowoltaiczna,Jul-25,-75
May-19,0,,8836.349999999999,0.03297370753824502,PGVP,PGF Polska Grupa Fotowoltaiczna,Jul-25,-74
Jun-19,0,,2799.87,0.028852490032255373,PGVP,PGF Polska Grupa Fotowoltaiczna,Jul-25,-73
Jul-19,1.1100011100011198e-05,,29374.949999999997,0.07025040571621936,PGVP,PGF Polska Grupa Fotowoltaiczna,Jul-25,-72
Aug-19,9.587657758651109e-05,,6236.22,0.05233991989768516,PGVP,PGF Polska Grupa Fotowoltaiczna,Jul-25,-71
Sep-19,7.265683297289977e-05,,16608.84,0.039879077856963034,PGVP,PGF Polska Grupa Fotowoltaiczna,Jul-25,-70
Oct-19,1.82862074908534e-05,0.20356984834056674,32844.63,0.053510923782754356,PGVP,PGF Polska Grupa Fotowoltaiczna,Jul-25,-69
Nov-19,2.773451193915273e-05,,57164.52,0.08141077630418261,PGVP,PGF Polska Grupa Fotowoltaiczna,Jul-25,-68
Dec-19,0.00014775413711583938,,31284.9,0.108136469947404,PGVP,PGF Polska Grupa Fotowoltaiczna,Jul-25,-67
Jan-20,2.0346641916759766e-05,,83768.84999999999,0.08848674346166979,PGVP,PGF Polska Grupa Fotowoltaiczna,Jul-25,-66
Feb-20,3.536177303930019e-05,,57874.05,0.08818698791233569,PGVP,PGF Polska Grupa Fotowoltaiczna,Jul-25,-65
Mar-20,7.300741193022952e-05,,30756.66,0.07393078509497968,PGVP,PGF Polska Grupa Fotowoltaiczna,Jul-25,-64
Apr-20,1.4449420418704685e-05,,40754.73,0.032691163916943676,PGVP,PGF Polska Grupa Fotowoltaiczna,Jul-25,-63
May-20,1.9147067823777518e-07,0.20652126052463265,100728.36,0.029353763774835593,PGVP,PGF Polska Grupa Fotowoltaiczna,Jul-25,-62
Jun-20,1.1440816970698813e-06,,1549262.46,0.13348616880355482,PGVP,PGF Polska Grupa Fotowoltaiczna,Jul-25,-61
Jul-20,3.573319356409152e-06,0.15852483189381048,281102.43,0.063105018622096,PGVP,PGF Polska Grupa Fotowoltaiczna,Jul-25,-60
Aug-20,1.8386868539773627e-06,0.16596255894894096,297171.51,0.043616996721527336,PGVP,PGF Polska Grupa Fotowoltaiczna,Jul-25,-59
Sep-20,9.645869475943916e-07,0.22477823419802792,714740.52,0.04231988243541865,PGVP,PGF Polska Grupa Fotowoltaiczna,Jul-25,-58
Oct-20,7.228709529696486e-07,0.4930897483298783,2310005.4,0.11166480582741445,PGVP,PGF Polska Grupa Fotowoltaiczna,Jul-25,-57
Nov-20,3.283200986303678e-07,0.3517389933182773,2982686.04,0.08081041121847962,PGVP,PGF Polska Grupa Fotowoltaiczna,Jul-25,-56
Dec-20,2.3179742247533614e-07,0.2878328522512171,2030949.92,0.03889219201821749,PGVP,PGF Polska Grupa Fotowoltaiczna,Jul-25,-55
Jan-21,1.388985837294301e-07,0.3617764981856666,7497311.67,0.07633913255999834,PGVP,PGF Polska Grupa Fotowoltaiczna,Jul-25,-54
Feb-21,1.2131072211691142e-07,0.28524601018072515,16100354.430000002,0.09669381382413954,PGVP,PGF Polska Grupa Fotowoltaiczna,Jul-25,-53
Mar-21,3.798514628839542e-08,0.3525519570656881,12624005.4,0.03829393709502473,PGVP,PGF Polska Grupa Fotowoltaiczna,Jul-25,-52
Apr-21,9.433045733377695e-08,0.24119686327610199,3518326,0.023590323353098255,PGVP,PGF Polska Grupa Fotowoltaiczna,Jul-25,-51
May-21,1.5781494255724872e-07,0.27372508452547717,3397685.3,0.03512229970034756,PGVP,PGF Polska Grupa Fotowoltaiczna,Jul-25,-50
Jun-21,2.3334016553338635e-07,0.22021525028687244,2169165.2,0.04119635335876019,PGVP,PGF Polska Grupa Fotowoltaiczna,Jul-25,-49
Jul-21,6.991054670112477e-07,0.2529166833195089,849997.1,0.04255103109961667,PGVP,PGF Polska Grupa Fotowoltaiczna,Jul-25,-48
Aug-21,5.770436570067446e-07,0.18467373230760561,730352.7999999999,0.02404803774944151,PGVP,PGF Polska Grupa Fotowoltaiczna,Jul-25,-47
Sep-21,8.483300423475751e-07,0.22555283024199824,838074.2999999999,0.027436302344140247,PGVP,PGF Polska Grupa Fotowoltaiczna,Jul-25,-46
Oct-21,7.055855874162931e-07,0.2507441885064497,917087.6,0.06456930972112153,PGVP,PGF Polska Grupa Fotowoltaiczna,Jul-25,-45
Nov-21,1.6220697668900223e-06,0.2943312112605008,417268.3,0.03879034599798778,PGVP,PGF Polska Grupa Fotowoltaiczna,Jul-25,-44
Dec-21,6.060164173635056e-07,0.33501371467340163,1564189.35,0.04030511397427068,PGVP,PGF Polska Grupa Fotowoltaiczna,Jul-25,-43
Jan-22,9.474855371778037e-07,0.39537580165653835,461740.7,0.046436447211054784,PGVP,PGF Polska Grupa Fotowoltaiczna,Jul-25,-42
Feb-22,2.9109517167662408e-06,0.29256219954162843,210544.8,0.05319052524361119,PGVP,PGF Polska Grupa Fotowoltaiczna,Jul-25,-41
Mar-22,1.335876590903291e-06,0.38712964123128835,2191903.25,0.07097433845579848,PGVP,PGF Polska Grupa Fotowoltaiczna,Jul-25,-40
Apr-22,1.5069305241737028e-06,0.21585404898844643,218318.1,0.028211514868873046,PGVP,PGF Polska Grupa Fotowoltaiczna,Jul-25,-39
May-22,1.1380666554006502e-06,0.26050702625701017,870734.96,0.0647225751800926,PGVP,PGF Polska Grupa Fotowoltaiczna,Jul-25,-38
Jun-22,1.4879844659183293e-06,0.5165949061743569,1982531.77,0.13073945730669623,PGVP,PGF Polska Grupa Fotowoltaiczna,Jul-25,-37
Jul-22,1.5084416922422962e-06,0.439960028934121,454922.38,0.05667864983541935,PGVP,PGF Polska Grupa Fotowoltaiczna,Jul-25,-36
Aug-22,1.6420873023393352e-06,0.2681721895166479,189688.46,0.030479314121221932,PGVP,PGF Polska Grupa Fotowoltaiczna,Jul-25,-35
Sep-22,6.251000209369794e-06,0.2494888914795996,97324.23,0.050522676210678484,PGVP,PGF Polska Grupa Fotowoltaiczna,Jul-25,-34
Oct-22,2.0870238022519485e-06,0.2906492087847727,207923.94,0.027754689260470103,PGVP,PGF Polska Grupa Fotowoltaiczna,Jul-25,-33
Nov-22,5.438202364998781e-06,0.2390957652961535,138911.45,0.03673040186164605,PGVP,PGF Polska Grupa Fotowoltaiczna,Jul-25,-32
Dec-22,2.3772096341840318e-06,0.22834495137984062,2681599.53,0.16510346586886773,PGVP,PGF Polska Grupa Fotowoltaiczna,Jul-25,-31
Jan-23,1.0899759003131203e-06,0.29565916440685236,729864.62,0.05324132232451374,PGVP,PGF Polska Grupa Fotowoltaiczna,Jul-25,-30
Feb-23,2.9001301412316655e-07,0.4753515670909046,3641083.6799999997,0.10714313672213029,PGVP,PGF Polska Grupa Fotowoltaiczna,Jul-25,-29
Mar-23,4.788993223172279e-07,0.2688864727781888,1314664.75,0.03013151365971488,PGVP,PGF Polska Grupa Fotowoltaiczna,Jul-25,-28
Apr-23,1.0261905125006612e-06,0.13901646572407242,506787.3,0.027529110950624155,PGVP,PGF Polska Grupa Fotowoltaiczna,Jul-25,-27
May-23,6.680852487083545e-07,0.3037216460854947,74186.84,0.047238769792922894,PGVP,PGF Polska Grupa Fotowoltaiczna,Jul-25,-26
Sep-23,7.037985811165977e-07,0.6450854746653987,1336459.72,0.12071298115195367,PGVP,PGF Polska Grupa Fotowoltaiczna,Jul-25,-22
Oct-23,3.1972043072598387e-07,0.35374072793246547,2057214.22,0.1166665462399084,PGVP,PGF Polska Grupa Fotowoltaiczna,Jul-25,-21
Nov-23,7.729489151260036e-07,0.27016767209127796,642051.8200000001,0.03678291879176242,PGVP,PGF Polska Grupa Fotowoltaiczna,Jul-25,-20
Dec-23,3.9452100667045163e-07,0.22318906395985694,1658892.09,0.04868082857459564,PGVP,PGF Polska Grupa Fotowoltaiczna,Jul-25,-19
Jan-24,5.178048246941658e-07,0.07792602680045999,320879.14,0.01766561042841416,PGVP,PGF Polska Grupa Fotowoltaiczna,Jul-25,-18
Feb-24,8.047836339200251e-07,0.13669014914790784,262280.55,0.015707032829177466,PGVP,PGF Polska Grupa Fotowoltaiczna,Jul-25,-17
Mar-24,2.058175000404388e-06,0.23907057831472173,185760.32,0.02596847231753284,PGVP,PGF Polska Grupa Fotowoltaiczna,Jul-25,-16
Apr-24,2.034503703609347e-06,0.24760365784403637,403482.31,0.042220625970018064,PGVP,PGF Polska Grupa Fotowoltaiczna,Jul-25,-15
May-24,2.7678879411471614e-06,0.12936547489348402,128921.79000000001,0.023467589091662435,PGVP,PGF Polska Grupa Fotowoltaiczna,Jul-25,-14
Jun-24,2.272440745265336e-06,0.18133545060421108,232800.94,0.023925501892677083,PGVP,PGF Polska Grupa Fotowoltaiczna,Jul-25,-13
Jul-24,1.7953917233170753e-06,0.2378503419535647,575350.1,0.03741571115012758,PGVP,PGF Polska Grupa Fotowoltaiczna,Jul-25,-12
Aug-24,2.2822066462531588e-06,0.26338298302387175,877186.45,0.08371766138293192,PGVP,PGF Polska Grupa Fotowoltaiczna,Jul-25,-11
Sep-24,4.046879046879032e-06,0.23261785552642053,112413.73000000001,0.03041076986300025,PGVP,PGF Polska Grupa Fotowoltaiczna,Jul-25,-10
Oct-24,6.178743638983442e-06,0.2137391061956685,120232.52,0.017709332935694815,PGVP,PGF Polska Grupa Fotowoltaiczna,Jul-25,-9
Nov-24,2.729860919045893e-06,0.36438625976187045,213682.99,0.05082638784004514,PGVP,PGF Polska Grupa Fotowoltaiczna,Jul-25,-8
Dec-24,1.7648164343015451e-06,0.27597172985075513,165464.49,0.029652601288693257,PGVP,PGF Polska Grupa Fotowoltaiczna,Jul-25,-7
Jan-25,1.0364487235273726e-06,0.33159581951605466,588392.4,0.08031862379962758,PGVP,PGF Polska Grupa Fotowoltaiczna,Jul-25,-6
Feb-25,9.971348904268037e-07,0.15357314586098372,169882.03,0.016024225112449164,PGVP,PGF Polska Grupa Fotowoltaiczna,Jul-25,-5
Mar-25,1.6566813621371762e-06,0.16461403863081095,2930450.7,0.12405374748725691,PGVP,PGF Polska Grupa Fotowoltaiczna,Jul-25,-4
Apr-25,1.6813588039741008e-07,0.7380187027062226,8323535.72,0.12605552388001573,PGVP,PGF Polska Grupa Fotowoltaiczna,Jul-25,-3
May-25,3.1162590400401606e-07,,154103.36000000002,,PGVP,PGF Polska Grupa Fotowoltaiczna,Jul-25,-2
Jul-25,1.1087937567992595e-06,0.34311596791872795,1261704.81,0.12927554700053998,PGVP,PGF Polska Grupa Fotowoltaiczna,Jul-25,0
Aug-25,1.1878293449089127e-06,0.24822976230602112,267002.18,0.027892462664392388,PGVP,PGF Polska Grupa Fotowoltaiczna,Jul-25,1
Sep-25,2.5269979826571174e-06,0.18715381195795172,251534.45,0.029040174915933505,PGVP,PGF Polska Grupa Fotowoltaiczna,Jul-25,2
Sep-14,5.166710315035389e-08,0.1099503592334396,5135435.8,0.02774776754891838,PRTE,Protektor SA,Aug-25,-131
Oct-14,5.024834238255735e-07,0.08331396846857118,588236.6,0.017100531444215326,PRTE,Protektor SA,Aug-25,-130
Nov-14,4.13780645185701e-07,0.160682443946461,833588.1,0.01883784649038857,PRTE,Protektor SA,Aug-25,-129
Dec-14,2.859467031946444e-07,0.14630950984337504,914885.9,0.021499550867610285,PRTE,Protektor SA,Aug-25,-128
Jan-15,6.724275225655599e-07,0.1042904414802388,500369.10000000003,0.019202095610476047,PRTE,Protektor SA,Aug-25,-127
Feb-15,1.777633371538525e-07,0.13974088426461823,722134.9,0.015276651307768058,PRTE,Protektor SA,Aug-25,-126
Mar-15,4.644589867929391e-07,0.13091523618775555,700415.4,0.02025095961480401,PRTE,Protektor SA,Aug-25,-125
Apr-15,2.2355485934318486e-07,0.09305325545056323,940335.7000000001,0.010852511684352795,PRTE,Protektor SA,Aug-25,-124
May-15,1.1180034783323946e-07,0.12940137369328655,1348968.8,0.012748939797479856,PRTE,Protektor SA,Aug-25,-123
Jun-15,2.0433334840291901e-07,0.12024302948342361,1050127,0.013571332509945069,PRTE,Protektor SA,Aug-25,-122
Jul-15,1.247021769084458e-07,0.062377184480545245,1615898.2,0.013533056613818433,PRTE,Protektor SA,Aug-25,-121
Aug-15,8.750139725147968e-08,0.07417557177160948,2749376.5,0.015524716711513375,PRTE,Protektor SA,Aug-25,-120
Sep-15,1.4812116360441456e-07,0.09360008420343924,1096912.7,0.017151633801733488,PRTE,Protektor SA,Aug-25,-119
Oct-15,1.9213429849308198e-07,0.06502757880071587,373945.8,0.007484140295040577,PRTE,Protektor SA,Aug-25,-118
Nov-15,3.2767487791160283e-07,0.10174572127890558,1109881.2,0.012076660458596952,PRTE,Protektor SA,Aug-25,-117
Dec-15,2.9663573157035584e-07,0.11000287990522115,1270110.8,0.023674220551949877,PRTE,Protektor SA,Aug-25,-116
Jan-16,3.5348972906798016e-07,0.08028675865977924,611486.1,0.010564244299076164,PRTE,Protektor SA,Aug-25,-115
Feb-16,8.584390675533474e-08,0.0788563202749506,734792,0.006445866041310694,PRTE,Protektor SA,Aug-25,-114
Mar-16,9.036306469731866e-08,0.058655040618250984,589664.1,0.007815508355474357,PRTE,Protektor SA,Aug-25,-113
Apr-16,4.7015800200338557e-07,0.089760671458976,735831.4,0.012074773857762467,PRTE,Protektor SA,Aug-25,-112
May-16,9.287051621147749e-07,0.12376981922742385,321259,0.009440188655994993,PRTE,Protektor SA,Aug-25,-111
Jun-16,3.927204697886978e-07,0.046554846651075184,756322.2,0.013315236337448754,PRTE,Protektor SA,Aug-25,-110
Jul-16,9.365428532040636e-08,0.03931722928338479,1455599.6,0.014879227871057572,PRTE,Protektor SA,Aug-25,-109
Aug-16,1.3061785816595538e-07,0.06102706464143287,1866263.8,0.007108265832463466,PRTE,Protektor SA,Aug-25,-108
Sep-16,9.662751063220774e-08,0.0689165473122687,2526201.4,0.024841524948481523,PRTE,Protektor SA,Aug-25,-107
Oct-16,2.1864875221698574e-07,0.078817979156959,671906,0.01101442268653262,PRTE,Protektor SA,Aug-25,-106
Nov-16,2.4693103308844987e-07,0.09781435799301584,317568.1,0.00792079227986042,PRTE,Protektor SA,Aug-25,-105
Dec-16,2.4078341291225115e-07,0.055545345165651176,556434.1000000001,0.007758998427690401,PRTE,Protektor SA,Aug-25,-104
Jan-17,2.6587266454129525e-07,0.07900850123573117,913117.1,0.014820951306087375,PRTE,Protektor SA,Aug-25,-103
Feb-17,1.98012054215359e-07,0.07937531953872876,1607309.3,0.0163291106794945,PRTE,Protektor SA,Aug-25,-102
Mar-17,2.3119813532230365e-07,0.08439727132909453,1817444.9000000001,0.01376513569985142,PRTE,Protektor SA,Aug-25,-101
Apr-17,1.1138283416809704e-07,0.08416815824624832,2363277.9,0.013377690164877455,PRTE,Protektor SA,Aug-25,-100
May-17,1.9462287209861146e-07,0.07819520687376519,459658.7,0.011663311239893056,PRTE,Protektor SA,Aug-25,-99
Jun-17,6.979496217636482e-07,0.07946939117329781,533188.1,0.014817542666711599,PRTE,Protektor SA,Aug-25,-98
Jul-17,7.408829858975963e-07,0.03353704882669372,290485.1,0.014678770620964975,PRTE,Protektor SA,Aug-25,-97
Aug-17,1.2297487998708816e-07,0.07838440557331963,710780,0.012270506572180309,PRTE,Protektor SA,Aug-25,-96
Sep-17,2.3659670218266998e-07,0.05602832565375341,633766.1,0.012105473009324139,PRTE,Protektor SA,Aug-25,-95
Oct-17,6.263215384461207e-07,0.17441242713240723,428680.9,0.021734944499935054,PRTE,Protektor SA,Aug-25,-94
Nov-17,3.5987295620950326e-07,0.14729580639222994,343806.3,0.01407725448608766,PRTE,Protektor SA,Aug-25,-93
Dec-17,2.8480291638186225e-07,0.059090178544104505,464625.3,0.00842201692088185,PRTE,Protektor SA,Aug-25,-92
Jan-18,5.368013083637301e-07,0.03781684368159014,401621.9,0.027240497284445622,PRTE,Protektor SA,Aug-25,-91
Feb-18,0,0.036970999655450046,494687.7,0.00523482855059753,PRTE,Protektor SA,Aug-25,-90
Mar-18,1.7409900820888437e-07,0.0628271772388769,329719.2,0.007046189301919236,PRTE,Protektor SA,Aug-25,-89
Apr-18,9.895119647828698e-07,0.22565633891205508,158839.8,0.01745163263825953,PRTE,Protektor SA,Aug-25,-88
May-18,2.2320088563429957e-06,0.2330784559060594,116397.70000000001,0.022722718025547754,PRTE,Protektor SA,Aug-25,-87
Jun-18,0,0.1637778824542129,358391,0.016773460667084305,PRTE,Protektor SA,Aug-25,-86
Jul-18,4.176198840520163e-07,0.13811375370133352,829387.8,0.021491571083443746,PRTE,Protektor SA,Aug-25,-85
Aug-18,3.5625077875788426e-07,0.10280979011560165,171506.5,0.009109908847990924,PRTE,Protektor SA,Aug-25,-84
Sep-18,1.7549702103300937e-07,0.1169101649409644,2350603.2,0.017371033848642,PRTE,Protektor SA,Aug-25,-83
Oct-18,5.084970946296136e-07,0.15283007570171797,3713570.9,0.028716987237024268,PRTE,Protektor SA,Aug-25,-82
Nov-18,4.864445516820134e-07,0.0950015399793126,75431,0.005019951058882517,PRTE,Protektor SA,Aug-25,-81
Dec-18,4.629294514082587e-06,0.25484302284589766,261827.49999999997,0.023966438642600035,PRTE,Protektor SA,Aug-25,-80
Jan-19,0,0.058274133659181035,129388.50000000001,0.0042415176662009,PRTE,Protektor SA,Aug-25,-79
Feb-19,0,0.08054702001312686,185895.2,0.008484800978491526,PRTE,Protektor SA,Aug-25,-78
Mar-19,1.8949540646733482e-07,0.1401269335741119,108810.1,0.008452858521863851,PRTE,Protektor SA,Aug-25,-77
Apr-19,7.063902891113743e-08,0.18587290570084217,150362.8,0.021932177067615053,PRTE,Protektor SA,Aug-25,-76
May-19,2.0514838421778767e-06,0.2820813505591131,83566.3,0.023521983875498316,PRTE,Protektor SA,Aug-25,-75
Jun-19,1.1007898730871325e-06,0.2452308363706844,61347.8,0.005668614190931623,PRTE,Protektor SA,Aug-25,-74
Jul-19,1.1288490620176075e-06,0.16495640316280147,242741.4,0.027431278147065204,PRTE,Protektor SA,Aug-25,-73
Aug-19,5.264681881597287e-07,0.11893055015482291,62746.5,0.012580383259079456,PRTE,Protektor SA,Aug-25,-72
Sep-19,4.098360655737691e-07,0.23681190027279372,82977.6,0.015142617187122967,PRTE,Protektor SA,Aug-25,-71
Oct-19,5.112170971445959e-06,0.22205325227514225,79298.5,0.02070367268832474,PRTE,Protektor SA,Aug-25,-70
Nov-19,1.4902105020898263e-06,0.17781259980201392,224756.3,0.017136604336634623,PRTE,Protektor SA,Aug-25,-69
Dec-19,1.147043389921106e-05,0.14895738198915784,62195.1,0.02459996316550232,PRTE,Protektor SA,Aug-25,-68
Jan-20,2.729031069112041e-06,0.24441489422620033,88000.1,0.024870152838081083,PRTE,Protektor SA,Aug-25,-67
Feb-20,2.2812430378388383e-06,0.2910536542178557,82103.7,0.03191064077444053,PRTE,Protektor SA,Aug-25,-66
Mar-20,5.030181086519108e-06,0.26719997245620536,85555,0.04153775925369165,PRTE,Protektor SA,Aug-25,-65
Apr-20,1.1555451830396122e-07,0.38553092181104165,8645743.4,0.16825893686642224,PRTE,Protektor SA,Aug-25,-64
May-20,3.6962200042056785e-07,0.24541034847180876,1197842.6,0.02221663257478579,PRTE,Protektor SA,Aug-25,-63
Jun-20,4.92072103325292e-07,0.19391809504217022,837011.2,0.0275267392117147,PRTE,Protektor SA,Aug-25,-62
Jul-20,1.1222027290932321e-07,0.21709977279085255,22290010.7,0.07797143878444479,PRTE,Protektor SA,Aug-25,-61
Aug-20,1.2091018283796023e-07,0.37282835514893653,12248019.2,0.06340575490320771,PRTE,Protektor SA,Aug-25,-60
Sep-20,9.335320680526272e-08,0.34468872800804584,10571436.8,0.049332272286970735,PRTE,Protektor SA,Aug-25,-59
Oct-20,9.285913185324528e-08,0.20637697375014236,12240665.5,0.04248573675422772,PRTE,Protektor SA,Aug-25,-58
Nov-20,9.959854730450015e-08,0.23478468640205613,3674350.1999999997,0.03606445235460428,PRTE,Protektor SA,Aug-25,-57
Dec-20,8.215540489945991e-08,0.22997660293587366,5325617.8,0.03741883219177652,PRTE,Protektor SA,Aug-25,-56
Jan-21,2.1384365667862825e-07,0.13199680308202028,1250320.8,0.01847148358530191,PRTE,Protektor SA,Aug-25,-55
Feb-21,1.5495030560002828e-07,0.17141441776937527,3742257,0.02925583254687387,PRTE,Protektor SA,Aug-25,-54
Mar-21,1.304941154461609e-07,0.21216593302641393,2650758.1999999997,0.019008249076032442,PRTE,Protektor SA,Aug-25,-53
Apr-21,1.5399228062096205e-07,0.09250041431148756,1337129.5,0.011550627982384971,PRTE,Protektor SA,Aug-25,-52
May-21,3.417919690286321e-07,0.13401867504074869,983395.3999999999,0.019576145914752603,PRTE,Protektor SA,Aug-25,-51
Jun-21,3.188162805497602e-07,0.10024523366439604,540364.5,0.01353646976242172,PRTE,Protektor SA,Aug-25,-50
Jul-21,2.917463328652953e-07,0.0897133664069292,299046.8,0.01419394009659131,PRTE,Protektor SA,Aug-25,-49
Aug-21,1.8644315434033133e-07,0.08292979697492121,438290.3,0.005107324589188483,PRTE,Protektor SA,Aug-25,-48
Sep-21,4.0673598942607066e-07,0.13990943928479166,894376.7000000001,0.021053311828378524,PRTE,Protektor SA,Aug-25,-47
Oct-21,2.612985492704535e-07,0.0900863232481991,829339.1,0.013707699471769903,PRTE,Protektor SA,Aug-25,-46
Nov-21,3.3619272583110897e-07,0.09356858820947257,330729.2,0.010567752329465033,PRTE,Protektor SA,Aug-25,-45
Dec-21,1.7057846960506103e-07,0.10468511715259884,1260647.8,0.022996683855025932,PRTE,Protektor SA,Aug-25,-44
Jan-22,1.2610262452458912e-06,0.13708472076252168,365416,0.021438055791296966,PRTE,Protektor SA,Aug-25,-43
Feb-22,8.123537890110022e-07,0.16554554147132716,7089763.5,0.10291191920454874,PRTE,Protektor SA,Aug-25,-42
Mar-22,6.96910883739014e-08,0.37760384754244164,39462822,0.10630420497422975,PRTE,Protektor SA,Aug-25,-41
Apr-22,1.636147638845695e-07,0.15588611758744483,1845428.2,0.020996859920470234,PRTE,Protektor SA,Aug-25,-40
May-22,2.5391998885677324e-07,0.2216888311548763,3375277.6,0.022404278626912147,PRTE,Protektor SA,Aug-25,-39
Jun-22,2.737290569984038e-07,0.11147868686985637,710644.9,0.013861283141966834,PRTE,Protektor SA,Aug-25,-38
Jul-22,2.844956688379366e-07,0.1101926585092979,599621.3,0.013797041016427444,PRTE,Protektor SA,Aug-25,-37
Aug-22,3.7736817442918613e-07,0.10154324019339131,473070.10000000003,0.009976356335098182,PRTE,Protektor SA,Aug-25,-36
Sep-22,1.1705324732520777e-06,0.16539397094447736,417554.3,0.020284772236882673,PRTE,Protektor SA,Aug-25,-35
Oct-22,3.6376984291739184e-07,0.32045821966602,3706476.8000000003,0.05272076890201883,PRTE,Protektor SA,Aug-25,-34
Nov-22,2.5746847969581393e-07,0.14723994216360542,809454,0.019252634660505356,PRTE,Protektor SA,Aug-25,-33
Dec-22,2.995222978775556e-07,0.1171011627662421,817165.1,0.01172506179251089,PRTE,Protektor SA,Aug-25,-32
Jan-23,2.5546518121984564e-07,0.12499793068509837,809976.5,0.019411970226994767,PRTE,Protektor SA,Aug-25,-31
Feb-23,1.9132317985753884e-07,0.23708545757828964,3932870.4,0.04519761121354067,PRTE,Protektor SA,Aug-25,-30
Mar-23,2.2782692403226167e-07,0.23318924346704167,1670322.1,0.02482028810572244,PRTE,Protektor SA,Aug-25,-29
Apr-23,1.8395473732478412e-07,0.2691616639667549,1226140,0.025865714016766357,PRTE,Protektor SA,Aug-25,-28
May-23,3.41234069828681e-07,0.12558089807125156,640457.8,0.012063860679763677,PRTE,Protektor SA,Aug-25,-27
Jun-23,3.502341773698764e-07,0.13113844062941485,363816.3,0.01363792918839193,PRTE,Protektor SA,Aug-25,-26
Jul-23,2.618777947270824e-07,0.07832236663394104,663103.9,0.010513729670553664,PRTE,Protektor SA,Aug-25,-25
Aug-23,1.9204523748625182e-07,0.0916832301413535,1105780.3,0.009268277616382438,PRTE,Protektor SA,Aug-25,-24
Sep-23,2.7984709154917777e-07,0.08124614688186406,1025586.7000000001,0.012447415647467996,PRTE,Protektor SA,Aug-25,-23
Oct-23,0,0.12371630069163167,739810.8,0.010706546484296512,PRTE,Protektor SA,Aug-25,-22
Nov-23,2.1981872429082712e-07,0.060476260007919586,587451.2999999999,0.011564251808645315,PRTE,Protektor SA,Aug-25,-21
Dec-23,2.8143148549078633e-07,0.13489611531778256,897414,0.0146209411561032,PRTE,Protektor SA,Aug-25,-20
Jan-24,4.984243887750332e-07,0.1149853420755098,323308.8,0.01511036061557466,PRTE,Protektor SA,Aug-25,-19
Feb-24,2.016280253277028e-07,0.12021687099021028,3970125.8000000003,0.04423737539696186,PRTE,Protektor SA,Aug-25,-18
Mar-24,5.143515318259094e-07,0.15637750576065879,911230.7999999999,0.026806962626008353,PRTE,Protektor SA,Aug-25,-17
Apr-24,4.4803469580684166e-07,0.1495916366017177,698655.1,0.017662017292009866,PRTE,Protektor SA,Aug-25,-16
May-24,3.4693200123267085e-07,0.11821746022481783,871190.6,0.01799343954019808,PRTE,Protektor SA,Aug-25,-15
Jun-24,6.361828245654158e-07,0.11284629025476005,484978.6,0.02166318726437929,PRTE,Protektor SA,Aug-25,-14
Jul-24,8.324154713081009e-07,0.09641549654775006,394255.8,0.02038066868838073,PRTE,Protektor SA,Aug-25,-13
Aug-24,7.361721111502192e-07,0.12501915795742002,401454.8,0.02487463690675503,PRTE,Protektor SA,Aug-25,-12
Sep-24,8.254626162104675e-07,0.1002301618916389,301988,0.015007968096265877,PRTE,Protektor SA,Aug-25,-11
Oct-24,3.952915245346598e-06,0.13804941126346848,281373.1,0.02810408429168609,PRTE,Protektor SA,Aug-25,-10
Nov-24,1.4295149084109826e-06,0.11280341717722314,194272.3,0.01969986457787984,PRTE,Protektor SA,Aug-25,-9
Dec-24,6.417424206806349e-07,0.24085936692109958,1332418.2,0.041522197828098295,PRTE,Protektor SA,Aug-25,-8
Jan-25,7.415945816133493e-07,0.21593941077350087,1780225.6,0.04891773271148991,PRTE,Protektor SA,Aug-25,-7
Feb-25,8.707134282500373e-08,0.185727118562049,15645673.5,0.11686880230554911,PRTE,Protektor SA,Aug-25,-6
Mar-25,2.5861382987188665e-08,0.2537209085595135,53717763.4,0.10562940330680612,PRTE,Protektor SA,Aug-25,-5
Apr-25,3.9184840175710796e-08,0.3071332944874496,19998694.1,0.08808894157157257,PRTE,Protektor SA,Aug-25,-4
May-25,8.414151680936336e-08,0.24368734557184382,208504.2,,PRTE,Protektor SA,Aug-25,-3
Jul-25,9.731210553113849e-07,0.48908792999570555,1623166,0.09031237050347245,PRTE,Protektor SA,Aug-25,-1
Aug-25,2.2546311730236253e-07,0.33412280252013615,4294585.2,0.05571229008800902,PRTE,Protektor SA,Aug-25,0
Sep-25,8.858696497252532e-08,0.1938542935695173,14208926.9,0.07357072208885056,PRTE,Protektor SA,Aug-25,1
Sep-14,6.381016475983953e-08,0.0968290968906249,8913425.5,0.023811926161910062,QRS,Quercus TFI SA,Sep-19,-60
Oct-14,7.125852145028703e-08,0.1429057634928217,9064803.9,0.029229572407328878,QRS,Quercus TFI SA,Sep-19,-59
Nov-14,1.5326572475682806e-07,0.09749202096842129,2533660.6,0.015971913646176398,QRS,Quercus TFI SA,Sep-19,-58
Dec-14,1.0967256400569982e-07,0.19681542378755218,6702500.9,0.0290473070976863,QRS,Quercus TFI SA,Sep-19,-57
Jan-15,1.1212624362678801e-07,0.13266346227037906,2452879.6,0.020485809874032836,QRS,Quercus TFI SA,Sep-19,-56
Feb-15,4.985209654512422e-08,0.15504954324553094,19261039.3,0.030861055720996008,QRS,Quercus TFI SA,Sep-19,-55
Mar-15,2.2142499743498122e-08,0.12964548880003446,16333804.1,0.017079573249510323,QRS,Quercus TFI SA,Sep-19,-54
Apr-15,2.486859969480728e-08,0.06000292871254945,6098586.9,0.00950731786215953,QRS,Quercus TFI SA,Sep-19,-53
May-15,6.018862478874425e-08,0.07331860723824514,3379647.5,0.014808906959537113,QRS,Quercus TFI SA,Sep-19,-52
Jun-15,1.2470074475362808e-07,0.13081997709113696,8451208.299999999,0.036839943138282316,QRS,Quercus TFI SA,Sep-19,-51
Jul-15,1.4241618487083918e-07,0.25280317584946,6515573.7,0.045086177478948046,QRS,Quercus TFI SA,Sep-19,-50
Aug-15,1.5004768515434234e-07,0.16186636463067275,3032663.7,0.021820202170066375,QRS,Quercus TFI SA,Sep-19,-49
Sep-15,2.5131751999374688e-08,0.0752054477251054,1413283.3,0.004575887456694334,QRS,Quercus TFI SA,Sep-19,-48
Oct-15,9.409364200302024e-08,0.0931565781392642,3973546.7,0.01690029471985011,QRS,Quercus TFI SA,Sep-19,-47
Nov-15,2.486867047696891e-07,0.16900711109503397,5090936.3,0.02033906460349802,QRS,Quercus TFI SA,Sep-19,-46
Dec-15,1.4005785336969398e-07,0.14497907537791424,4906809.7,0.03168911999511096,QRS,Quercus TFI SA,Sep-19,-45
Jan-16,1.4933668898846997e-07,0.1502036673726382,2080370.6,0.021554567637205715,QRS,Quercus TFI SA,Sep-19,-44
Feb-16,1.1483988563784933e-07,0.18913073351824813,4717769.2,0.027165091891910745,QRS,Quercus TFI SA,Sep-19,-43
Mar-16,1.4274490457788113e-07,0.1236239899087912,2046232,0.021168660323253853,QRS,Quercus TFI SA,Sep-19,-42
Apr-16,7.87216935240494e-08,0.11998345410215681,2444635,0.009991332132254702,QRS,Quercus TFI SA,Sep-19,-41
May-16,1.4374032478054602e-07,0.08670095638659883,2516062,0.01608786796156582,QRS,Quercus TFI SA,Sep-19,-40
Jun-16,2.0172143679030017e-07,0.13678043275874763,2058934.5,0.022293537824259906,QRS,Quercus TFI SA,Sep-19,-39
Jul-16,1.9247639527712333e-07,0.10696353272176715,1326450.9,0.022121450366572,QRS,Quercus TFI SA,Sep-19,-38
Aug-16,2.6758726520126906e-07,0.11444795693396688,1142978,0.016765415865609177,QRS,Quercus TFI SA,Sep-19,-37
Sep-16,1.3471296050009033e-07,0.12086838192927765,1287287,0.012521296248747668,QRS,Quercus TFI SA,Sep-19,-36
Oct-16,1.6790293598431914e-07,0.10431833332207144,1821799.5,0.018796462469149684,QRS,Quercus TFI SA,Sep-19,-35
Nov-16,2.3261926997566818e-07,0.14471305878994037,1681145.8,0.023165037213475893,QRS,Quercus TFI SA,Sep-19,-34
Dec-16,2.077587649267749e-07,0.10404047799348316,1071968.3,0.019140899557766246,QRS,Quercus TFI SA,Sep-19,-33
Jan-17,9.036509304893395e-08,0.11436023719283622,3241396.4,0.027293491312914298,QRS,Quercus TFI SA,Sep-19,-32
Feb-17,3.923408417748525e-08,0.1456975908484277,9573029.1,0.021892765713276436,QRS,Quercus TFI SA,Sep-19,-31
Mar-17,1.5596661928684393e-07,0.14794870438346003,5682328.899999999,0.027259700237788793,QRS,Quercus TFI SA,Sep-19,-30
Apr-17,1.6668211637005616e-07,0.16182040230584988,2729821.3,0.028644897980802525,QRS,Quercus TFI SA,Sep-19,-29
May-17,1.2582851787594848e-07,0.10013213800040896,1494356.1,0.014625335098016579,QRS,Quercus TFI SA,Sep-19,-28
Jun-17,2.1998570092943064e-07,0.09730215364965471,1131549.3,0.012955435335723305,QRS,Quercus TFI SA,Sep-19,-27
Jul-17,1.2633729075070362e-07,0.09412556153534503,1697657.7000000002,0.014422187427768147,QRS,Quercus TFI SA,Sep-19,-26
Aug-17,7.722385086809063e-08,0.1249854889789365,1548253.1,0.012874996332107874,QRS,Quercus TFI SA,Sep-19,-25
Sep-17,1.5618746644312387e-07,0.09971462116611357,1047355.7000000001,0.010774027364056854,QRS,Quercus TFI SA,Sep-19,-24
Oct-17,1.7670390183066526e-07,0.1153797007349742,1382449.5,0.016560757666167283,QRS,Quercus TFI SA,Sep-19,-23
Nov-17,2.5741185252874975e-07,0.06905977939368857,1151304.2,0.014971372029037963,QRS,Quercus TFI SA,Sep-19,-22
Dec-17,2.2506650947714145e-07,0.1047032997422332,1103005.1,0.020313187994698556,QRS,Quercus TFI SA,Sep-19,-21
Jan-18,2.3994348850958674e-07,0.0927838289117058,1240696,0.016873331014702644,QRS,Quercus TFI SA,Sep-19,-20
Feb-18,5.862240402516239e-07,0.11264577470982495,1717106,0.01641061691600342,QRS,Quercus TFI SA,Sep-19,-19
Mar-18,2.2511431948327246e-07,0.187502733909605,1531272.2,0.021631354690013902,QRS,Quercus TFI SA,Sep-19,-18
Apr-18,6.568398278170378e-08,0.400492490007782,9394064.2,0.056213312667622146,QRS,Quercus TFI SA,Sep-19,-17
May-18,3.959540581260043e-08,0.1579017311225824,8798958.8,0.04294189469888008,QRS,Quercus TFI SA,Sep-19,-16
Jun-18,1.1686518945950815e-07,0.16120379646254945,1998194.5,0.014461917831197163,QRS,Quercus TFI SA,Sep-19,-15
Jul-18,1.1407504932811842e-07,0.22014671374877556,2883125.6,0.02337468762894042,QRS,Quercus TFI SA,Sep-19,-14
Aug-18,3.1448450028515e-08,0.1413503540292279,3013409.1,0.017853041693876075,QRS,Quercus TFI SA,Sep-19,-13
Sep-18,6.740854167192046e-07,0.18797240919040686,1419775.7,0.027039556898224397,QRS,Quercus TFI SA,Sep-19,-12
Oct-18,9.840394173985662e-07,0.1492730382125905,608233.9,0.02582404833638229,QRS,Quercus TFI SA,Sep-19,-11
Nov-18,7.080556035316e-07,0.3122580929164746,393318.10000000003,0.036814876932225155,QRS,Quercus TFI SA,Sep-19,-10
Dec-18,1.6388069485413907e-06,0.1339929315390061,690609.9,0.02889785631928162,QRS,Quercus TFI SA,Sep-19,-9
Jan-19,5.289712250233028e-07,0.07176825072945078,475825.1,0.01943081269176059,QRS,Quercus TFI SA,Sep-19,-8
Feb-19,3.57600796102864e-07,0.27010744391124114,4449028.8,0.043713346754823974,QRS,Quercus TFI SA,Sep-19,-7
Mar-19,3.7094244605383873e-07,0.1441893279327028,1261801.5999999999,0.015062785472240395,QRS,Quercus TFI SA,Sep-19,-6
Apr-19,3.910542841579442e-07,0.1316119342425136,2057873.5,0.024911629074871277,QRS,Quercus TFI SA,Sep-19,-5
May-19,1.8523148630701393e-06,0.17930375014099814,360357.3,0.03615983550135301,QRS,Quercus TFI SA,Sep-19,-4
Jun-19,1.6922403910395246e-06,0.22464906990692346,274940.10000000003,0.029192856841193795,QRS,Quercus TFI SA,Sep-19,-3
Jul-19,5.178378405938979e-07,0.15830093979351914,496905.39999999997,0.019647167323170067,QRS,Quercus TFI SA,Sep-19,-2
Aug-19,7.631781792094974e-07,0.14493036251293612,389551.89999999997,0.01749969652972529,QRS,Quercus TFI SA,Sep-19,-1
Sep-19,9.054471388914934e-07,0.08076719360066403,393255.5,0.013704861270845553,QRS,Quercus TFI SA,Sep-19,0
Oct-19,7.5377375699223e-07,0.1315550923028957,440575.2,0.018235412261929967,QRS,Quercus TFI SA,Sep-19,1
Nov-19,6.016710088594851e-07,0.10967488264585627,640410.8,0.02533785202542464,QRS,Quercus TFI SA,Sep-19,2
Dec-19,2.5432082917733493e-07,0.166576602597711,1315303.6,0.018826011473605925,QRS,Quercus TFI SA,Sep-19,3
Jan-20,1.528405173241901e-07,0.27441441262815996,6481757.7,0.038701227721485154,QRS,Quercus TFI SA,Sep-19,4
Feb-20,1.1236310924951028e-07,0.27618745089976543,5862261.7,0.03794309574261433,QRS,Quercus TFI SA,Sep-19,5
Mar-20,3.4935223987474475e-07,0.33551026690607394,2105805.8,0.04687548422337082,QRS,Quercus TFI SA,Sep-19,6
Apr-20,2.1523581475009757e-07,0.2628402752009524,2499364.6,0.03243175009797996,QRS,Quercus TFI SA,Sep-19,7
May-20,3.3064980523887324e-07,0.2248428019279028,2351349.2,0.049019244434481524,QRS,Quercus TFI SA,Sep-19,8
Jun-20,1.2748727676977793e-07,0.1858292940743192,5831544.2,0.048168690458306664,QRS,Quercus TFI SA,Sep-19,9
Jul-20,1.57886691013037e-07,0.2873386185082269,7342684.2,0.06721189810547924,QRS,Quercus TFI SA,Sep-19,10
Aug-20,1.8651381635599402e-07,0.29217537718326425,4630735.2,0.06331006130659798,QRS,Quercus TFI SA,Sep-19,11
Sep-20,2.070320358892938e-07,0.20571960405917802,2396886.7,0.021187843748467387,QRS,Quercus TFI SA,Sep-19,12
Oct-20,1.231028988844712e-07,0.1916648885797136,4578590.4,0.03021450942325286,QRS,Quercus TFI SA,Sep-19,13
Nov-20,2.2108784595146107e-07,0.17348867735754894,1279932.2,0.022489342029582783,QRS,Quercus TFI SA,Sep-19,14
Dec-20,1.680474251122872e-07,0.14028351996189964,2088605.2,0.023411875547909942,QRS,Quercus TFI SA,Sep-19,15
Jan-21,9.894271986294342e-08,0.26490318185695855,5131329.3,0.02596575040829841,QRS,Quercus TFI SA,Sep-19,16
Feb-21,7.190412292230789e-08,0.20888219056967028,6091077.9,0.026923222001036348,QRS,Quercus TFI SA,Sep-19,17
Mar-21,6.681081452799248e-08,0.1837722170800859,6601449.4,0.02151476687867073,QRS,Quercus TFI SA,Sep-19,18
Apr-21,2.9124548190146293e-08,0.13860197882853428,9063575.9,0.01783327330368809,QRS,Quercus TFI SA,Sep-19,19
May-21,5.884677712702499e-08,0.12697046438993512,3937427.3,0.016720314169146124,QRS,Quercus TFI SA,Sep-19,20
Jun-21,8.289735806383885e-08,0.1104206029277674,3494135.8,0.01784416555499596,QRS,Quercus TFI SA,Sep-19,21
Jul-21,1.386398296758138e-07,0.11766913427866388,2812841.9,0.02222982764304398,QRS,Quercus TFI SA,Sep-19,22
Aug-21,1.4943425240941195e-07,0.13659130641226447,2492651.4,0.020392642669497873,QRS,Quercus TFI SA,Sep-19,23
Sep-21,9.67085765392834e-08,0.12978389907433438,3051941.4,0.017165128019592052,QRS,Quercus TFI SA,Sep-19,24
Oct-21,1.3008748790084716e-07,0.13868181811654257,2162194.3,0.014417411362444038,QRS,Quercus TFI SA,Sep-19,25
Nov-21,1.672386501825134e-07,0.18633106386470535,2082388.9,0.02424812369959258,QRS,Quercus TFI SA,Sep-19,26
Dec-21,1.5023325214728564e-07,0.12179782248992833,2714582.4,0.02083037652706969,QRS,Quercus TFI SA,Sep-19,27
Jan-22,2.194452281763617e-07,0.1389590861060687,1893337.6,0.023688340882789625,QRS,Quercus TFI SA,Sep-19,28
Feb-22,2.699684161414108e-07,0.16622216355737618,1676509,0.03646590829102962,QRS,Quercus TFI SA,Sep-19,29
Mar-22,5.758386840903707e-07,0.27868736088150925,1271306.6,0.030932958839702644,QRS,Quercus TFI SA,Sep-19,30
Apr-22,3.3074759275286964e-07,0.16746724488383094,823587.3,0.017495177968721163,QRS,Quercus TFI SA,Sep-19,31
May-22,1.238826159687475e-06,0.1611345957576818,546815.7,0.025628523210530236,QRS,Quercus TFI SA,Sep-19,32
Jun-22,8.050800551479847e-07,0.137620593623883,518012.8,0.03335740592345754,QRS,Quercus TFI SA,Sep-19,33
Jul-22,5.540546967949389e-07,0.10562170026984799,427789.8,0.023494284846267376,QRS,Quercus TFI SA,Sep-19,34
Aug-22,8.673088601866698e-07,0.06417239497961048,482982.4,0.01699964678303137,QRS,Quercus TFI SA,Sep-19,35
Sep-22,1.5975956521365896e-06,0.1294760456060149,325415.4,0.01738877161429283,QRS,Quercus TFI SA,Sep-19,36
Oct-22,1.148997384881948e-06,0.1947196608743697,323604.1,0.02648297521441302,QRS,Quercus TFI SA,Sep-19,37
Nov-22,6.996053357634269e-07,0.0741185621384285,391882.60000000003,0.022337419511448766,QRS,Quercus TFI SA,Sep-19,38
Dec-22,3.930529206452324e-07,0.1608972803473861,569748.2,0.017526587097176513,QRS,Quercus TFI SA,Sep-19,39
Jan-23,5.060300434324338e-07,0.15277933280079556,518378.9,0.019192875415471267,QRS,Quercus TFI SA,Sep-19,40
Feb-23,7.636441833528079e-07,0.12875457289893308,246447.2,0.014382879784411606,QRS,Quercus TFI SA,Sep-19,41
Mar-23,7.062196766926318e-07,0.16129285427351525,914005.4,0.03225557879278306,QRS,Quercus TFI SA,Sep-19,42
Apr-23,5.765585904915057e-07,0.09519167802241149,440187.7,0.01673698449263304,QRS,Quercus TFI SA,Sep-19,43
May-23,3.567303876321577e-07,0.09677706891491035,545886.4,0.013462504705471291,QRS,Quercus TFI SA,Sep-19,44
Jun-23,3.702655705525791e-07,0.10721523258381606,627323.7,0.020272542087790422,QRS,Quercus TFI SA,Sep-19,45
Jul-23,2.0935406524770595e-07,0.10206441868557431,2220518.8000000003,0.03392877368943805,QRS,Quercus TFI SA,Sep-19,46
Aug-23,2.826946800698581e-07,0.14460795126423479,1681619.8,0.028583179402014828,QRS,Quercus TFI SA,Sep-19,47
Sep-23,3.7561952806861666e-07,0.09249896687822404,758703.6,0.020598398446868543,QRS,Quercus TFI SA,Sep-19,48
Oct-23,1.7967615318372277e-07,0.12310975387297582,1199543.9,0.022751188380795036,QRS,Quercus TFI SA,Sep-19,49
Nov-23,4.5924182848052697e-07,0.1192126119318129,1113759.9,0.020198857699834274,QRS,Quercus TFI SA,Sep-19,50
Dec-23,6.394863441048484e-08,0.13131391601733608,7171513.100000001,0.01937734439632946,QRS,Quercus TFI SA,Sep-19,51
Jan-24,1.1290210833079798e-07,0.1812622080260273,2224246.2,0.019654936937180272,QRS,Quercus TFI SA,Sep-19,52
Feb-24,1.288812225755252e-07,0.1904956047625122,4687004.2,0.019887897714668427,QRS,Quercus TFI SA,Sep-19,53
Mar-24,1.256167963352763e-07,0.1696631260838715,4054864.2,0.025272309107275605,QRS,Quercus TFI SA,Sep-19,54
Apr-24,8.771126535556212e-08,0.13922163720469527,2682073.6,0.01439854567349791,QRS,Quercus TFI SA,Sep-19,55
May-24,1.0622499822388336e-07,0.12678296862364988,2916228,0.016998955145144903,QRS,Quercus TFI SA,Sep-19,56
Jun-24,9.980701143825767e-08,0.13542059975857795,3803309.6,0.019690677320911443,QRS,Quercus TFI SA,Sep-19,57
Jul-24,3.577364953042064e-07,0.1835196959424437,1436959.8,0.022965388917029147,QRS,Quercus TFI SA,Sep-19,58
Aug-24,1.1168741818896717e-07,0.11240960387150141,4069550,0.030124940510117573,QRS,Quercus TFI SA,Sep-19,59
Sep-24,7.485388521605831e-08,0.14489065657378855,3771952.4,0.0169216523007961,QRS,Quercus TFI SA,Sep-19,60
Oct-24,8.64796129933532e-08,0.11316150219284343,2829162,0.014386987789194273,QRS,Quercus TFI SA,Sep-19,61
Nov-24,1.380526884159662e-07,0.14871103291839916,9608145.2,0.01763581229146595,QRS,Quercus TFI SA,Sep-19,62
Dec-24,1.6335069943263262e-07,0.12467548899091736,12873828.799999999,0.017543270447966705,QRS,Quercus TFI SA,Sep-19,63
Jan-25,1.0764417046132502e-07,0.10709484565882768,1330689.4,0.009380581204216112,QRS,Quercus TFI SA,Sep-19,64
Feb-25,1.0018039032147285e-07,0.18230121415982017,2869687.2,0.018642850280991177,QRS,Quercus TFI SA,Sep-19,65
Mar-25,4.3734891317111125e-08,0.14028348290580006,4476240.8,0.015016201205474245,QRS,Quercus TFI SA,Sep-19,66
Apr-25,7.023966155626982e-08,0.13642067458986049,4581241,0.019266785860030302,QRS,Quercus TFI SA,Sep-19,67
May-25,9.189022793371015e-08,0.15576080384078816,5044963,0.02053045051783133,QRS,Quercus TFI SA,Sep-19,68
Jun-25,1.1567612068657094e-07,0.13807116932760516,5541586.5,0.02077015445950414,QRS,Quercus TFI SA,Sep-19,69
Jul-25,1.0083808803825518e-07,0.1481604099876159,14822662.5,0.018130667243432475,QRS,Quercus TFI SA,Sep-19,70
Aug-25,7.08828807163249e-08,0.1454271900042182,11338991,0.023356331765614646,QRS,Quercus TFI SA,Sep-19,71
Sep-25,8.538980069068561e-08,0.13894911003186128,5222399,0.017737793528698177,QRS,Quercus TFI SA,Sep-19,72
Sep-14,6.545521571595799e-08,0.09415263503440255,2757114.3,0.013328708681379798,SGN,Sygnity SA,Jan-19,-52
Oct-14,1.9567327259634885e-07,0.07908289638117492,1867337.2,0.01652611091849363,SGN,Sygnity SA,Jan-19,-51
Nov-14,7.709035061557132e-08,0.07727083792810338,3168788.6,0.011190600282060901,SGN,Sygnity SA,Jan-19,-50
Dec-14,6.315287273643128e-08,0.11856490907551244,7534958.8,0.023744572151307625,SGN,Sygnity SA,Jan-19,-49
Jan-15,1.8195257073505304e-07,0.19064495000414805,1811045.0999999999,0.02299873768877142,SGN,Sygnity SA,Jan-19,-48
Feb-15,1.0686432831860114e-07,0.10187445683236168,3597309.1,0.021380502800161717,SGN,Sygnity SA,Jan-19,-47
Mar-15,1.4223430134074503e-07,0.06830893550210408,1696355.7,0.014917234291274716,SGN,Sygnity SA,Jan-19,-46
Apr-15,9.181173056314819e-08,0.11760170878148682,5606325.9,0.022419783772148066,SGN,Sygnity SA,Jan-19,-45
May-15,7.851967843849494e-08,0.06030744884376143,2831285.8,0.015696536698942873,SGN,Sygnity SA,Jan-19,-44
Jun-15,1.7523229009905225e-07,0.13388718090562776,1733643.2,0.02169857624197849,SGN,Sygnity SA,Jan-19,-43
Jul-15,8.802123424254796e-08,0.11116417896617925,6220373.9,0.03334664216687191,SGN,Sygnity SA,Jan-19,-42
Aug-15,3.953194180898169e-07,0.1625376830001876,2074075.0999999999,0.03499156185436987,SGN,Sygnity SA,Jan-19,-41
Sep-15,4.2479476041150755e-07,0.07815311346459711,2764055.5,0.013968213973972358,SGN,Sygnity SA,Jan-19,-40
Oct-15,1.766175570264508e-07,0.1451330476336171,3589026.9,0.024080829930435994,SGN,Sygnity SA,Jan-19,-39
Nov-15,1.4264983743027113e-07,0.15992362739121913,1344768,0.018543260599706388,SGN,Sygnity SA,Jan-19,-38
Dec-15,8.108638384779032e-08,0.22254355518842583,5578938.9,0.03565031641983756,SGN,Sygnity SA,Jan-19,-37
Jan-16,3.631772049325449e-08,0.1345088621948651,11648031.6,0.03367350372392277,SGN,Sygnity SA,Jan-19,-36
Feb-16,1.11165949376871e-07,0.13951137074547293,3102953.1,0.019218339379817637,SGN,Sygnity SA,Jan-19,-35
Mar-16,3.112048690698853e-07,0.11659103362580876,1478910.1,0.019463570520140347,SGN,Sygnity SA,Jan-19,-34
Apr-16,1.6734856185163908e-07,0.07894825976452312,1494332,0.016577338124138443,SGN,Sygnity SA,Jan-19,-33
May-16,2.4751967160268973e-07,0.148552693591641,1190433.5,0.021736793265268138,SGN,Sygnity SA,Jan-19,-32
Jun-16,5.384998482564095e-07,0.10156778866007043,1190115.5,0.01631807163572673,SGN,Sygnity SA,Jan-19,-31
Jul-16,2.7207379302950377e-07,0.20192451518321541,2320950.5,0.02728303210983652,SGN,Sygnity SA,Jan-19,-30
Aug-16,1.0559898265017456e-07,0.2507397960744861,6575391.100000001,0.038657531391030536,SGN,Sygnity SA,Jan-19,-29
Sep-16,7.157572474591137e-08,0.13373954120150003,4398336.9,0.02931832645598086,SGN,Sygnity SA,Jan-19,-28
Oct-16,1.0797384664235004e-07,0.146695674896837,5096830.9,0.031332681471281064,SGN,Sygnity SA,Jan-19,-27
Nov-16,4.527073338253913e-07,0.1666336168996924,700653.4,0.02578881272260559,SGN,Sygnity SA,Jan-19,-26
Dec-16,1.4717273618913545e-07,0.12786602157847834,1683841.8,0.017764856096548983,SGN,Sygnity SA,Jan-19,-25
Jan-17,2.4830408311234246e-07,0.13843434394798154,3195121.7,0.031004675867419288,SGN,Sygnity SA,Jan-19,-24
Feb-17,9.024398264690298e-08,0.14760825012879009,5677060.8,0.0345034171200147,SGN,Sygnity SA,Jan-19,-23
Mar-17,1.8658033088916434e-07,0.1637753801151984,3709289.8,0.026699970444200197,SGN,Sygnity SA,Jan-19,-22
Apr-17,1.6569020948127498e-07,0.21881632445996427,3600810.9,0.050820487331266935,SGN,Sygnity SA,Jan-19,-21
May-17,3.2468692063677626e-07,0.15556962008103492,932373.7999999999,0.0198216406603083,SGN,Sygnity SA,Jan-19,-20
Jun-17,3.1049625896719454e-07,0.19057905486678273,2380447.9,0.03996839254712632,SGN,Sygnity SA,Jan-19,-19
Jul-17,3.955559552135709e-07,0.2219321588622458,5448381.7,0.0748694690532418,SGN,Sygnity SA,Jan-19,-18
Aug-17,6.690249570548899e-07,0.17437621040071144,812842.1,0.04323163258773217,SGN,Sygnity SA,Jan-19,-17
Sep-17,5.550337907545211e-07,0.21756843510057597,2509768.9,0.06199478421054441,SGN,Sygnity SA,Jan-19,-16
Oct-17,5.603555095237809e-07,0.18883734260765322,1365936.7,0.031151750347913044,SGN,Sygnity SA,Jan-19,-15
Nov-17,1.153908819971304e-06,0.15487203247776898,469907.1,0.029632660217462466,SGN,Sygnity SA,Jan-19,-14
Dec-17,6.380073753652625e-07,0.18135821270486596,665590.4,0.026802930041519023,SGN,Sygnity SA,Jan-19,-13
Jan-18,7.457531485889168e-07,0.17778368798138963,504806.9,0.024874171816795042,SGN,Sygnity SA,Jan-19,-12
Feb-18,5.819773261633715e-07,0.1622785780649057,889549.5,0.05037247656560514,SGN,Sygnity SA,Jan-19,-11
Mar-18,4.032070190277872e-07,0.3594617484790312,4013689.4,0.05593209531509774,SGN,Sygnity SA,Jan-19,-10
Apr-18,6.370172143534022e-07,0.14668624808785907,712095.8,0.03941015545615539,SGN,Sygnity SA,Jan-19,-9
May-18,1.0733328372088554e-06,0.3415647300129735,1219121.8,0.06465785513453799,SGN,Sygnity SA,Jan-19,-8
Jun-18,1.2507414098743944e-06,0.3762679094894983,417011.1,0.04645354490199555,SGN,Sygnity SA,Jan-19,-7
Jul-18,1.1623774079293721e-06,0.2831986607375909,794915.7,0.035576967762623965,SGN,Sygnity SA,Jan-19,-6
Aug-18,1.7253828562736443e-06,0.2733281759702759,1351477.2,0.04529928078367692,SGN,Sygnity SA,Jan-19,-5
Sep-18,1.9915917518107007e-06,0.2139810732466643,237425.8,0.030530993875693184,SGN,Sygnity SA,Jan-19,-4
Oct-18,3.3460914690672344e-06,0.1590702063626623,196558,0.0425194081656063,SGN,Sygnity SA,Jan-19,-3
Nov-18,2.319889573256359e-06,0.19625713333341788,157355.8,0.033110250005327906,SGN,Sygnity SA,Jan-19,-2
Dec-18,2.3632239810516556e-06,0.15335377809572776,112360.9,0.02626703157067412,SGN,Sygnity SA,Jan-19,-1
Jan-19,2.246772371065698e-06,0.3880947816939017,124935.7,0.02548896908109111,SGN,Sygnity SA,Jan-19,0
Feb-19,1.4341271176166565e-06,0.19377646565321113,366106.10000000003,0.01953560726750399,SGN,Sygnity SA,Jan-19,1
Mar-19,1.3094073618484198e-06,0.13969149165354383,1627157.4,0.016686336487998363,SGN,Sygnity SA,Jan-19,2
Apr-19,1.8620158857363027e-06,0.21037063003917486,123070.1,0.016431677841349187,SGN,Sygnity SA,Jan-19,3
May-19,3.9403730146235066e-07,0.1115689184780482,296608.5,0.014596969230151384,SGN,Sygnity SA,Jan-19,4
Jun-19,3.087389976648098e-06,0.21706040587729045,234792,0.03191832981110317,SGN,Sygnity SA,Jan-19,5
Jul-19,3.42358053287062e-07,0.21106210993124846,1622792.2000000002,0.02533140966411557,SGN,Sygnity SA,Jan-19,6
Aug-19,1.2985209223404545e-07,0.18133250126640366,4636311.8,0.06799044764483761,SGN,Sygnity SA,Jan-19,7
Sep-19,5.876573158634608e-07,0.18691184757869728,721634,0.0342460320154615,SGN,Sygnity SA,Jan-19,8
Oct-19,8.870876235190642e-07,0.2372758667221302,885157.2999999999,0.03886659098283381,SGN,Sygnity SA,Jan-19,9
Nov-19,9.89882980999978e-07,0.19856840356129385,405274.2,0.02712773162403929,SGN,Sygnity SA,Jan-19,10
Dec-19,2.394373098511268e-07,0.18917312454148394,1149639.6,0.02602707408401152,SGN,Sygnity SA,Jan-19,11
Jan-20,1.750222074010821e-07,0.18099636129741709,3884082.8,0.041307625153733485,SGN,Sygnity SA,Jan-19,12
Feb-20,1.855550177769172e-07,0.296634663684001,3536385.4,0.033144735788461076,SGN,Sygnity SA,Jan-19,13
Mar-20,6.670967477012523e-07,0.5640565175997286,1610300.7,0.06470437118315453,SGN,Sygnity SA,Jan-19,14
Apr-20,3.933486577946033e-07,0.2664054372652168,1127784.1,0.029886827664207683,SGN,Sygnity SA,Jan-19,15
May-20,1.8347630475514712e-07,0.3016817332070433,3723612,0.03544892732044221,SGN,Sygnity SA,Jan-19,16
Jun-20,1.199844576932878e-07,0.3753552523340046,9180059.2,0.06439725247620129,SGN,Sygnity SA,Jan-19,17
Jul-20,7.489122891526361e-08,0.29587513145642264,6736727,0.0456533452227792,SGN,Sygnity SA,Jan-19,18
Aug-20,1.1878496174021913e-07,0.1614693002383826,3461106.8,0.027867620702643946,SGN,Sygnity SA,Jan-19,19
Sep-20,1.1156330315055311e-07,0.23359922590796017,7038884.6,0.04981732212862902,SGN,Sygnity SA,Jan-19,20
Oct-20,1.2211293417229595e-07,0.12658630535709015,2829630,0.025229236496594504,SGN,Sygnity SA,Jan-19,21
Nov-20,1.8468077620783911e-07,0.17662531105562873,2056409,0.021080620541625936,SGN,Sygnity SA,Jan-19,22
Dec-20,6.276783866854237e-08,0.1563281195314239,5925738.6,0.023141157042110692,SGN,Sygnity SA,Jan-19,23
Jan-21,1.1041226916681069e-07,0.13158921570453075,4305228.6,0.028147956027542675,SGN,Sygnity SA,Jan-19,24
Feb-21,6.647315785989792e-08,0.14696694916814876,4830339.8,0.02209159640142549,SGN,Sygnity SA,Jan-19,25
Mar-21,6.445761648728883e-08,0.19300103551598916,3827291.5,0.01992136156151917,SGN,Sygnity SA,Jan-19,26
Apr-21,1.1334665215879059e-07,0.19584747993246754,2785189,0.019976186322974664,SGN,Sygnity SA,Jan-19,27
May-21,1.3822819992657725e-07,0.16433548547757143,2663275.9,0.02517397183525051,SGN,Sygnity SA,Jan-19,28
Jun-21,1.4782123327846156e-07,0.1587294264909247,2971658.8000000003,0.01637537937697502,SGN,Sygnity SA,Jan-19,29
Jul-21,2.7677238135230283e-07,0.12702395366760413,1897124.9,0.020737909184283393,SGN,Sygnity SA,Jan-19,30
Aug-21,1.276048932634204e-07,0.08770366468225936,1008208.4,0.012270923434734475,SGN,Sygnity SA,Jan-19,31
Sep-21,9.819985191474191e-08,0.17626200938832076,4924108.4,0.028985014299858933,SGN,Sygnity SA,Jan-19,32
Oct-21,1.4314558803348744e-07,0.09389428217069101,3946223,0.01999974977043935,SGN,Sygnity SA,Jan-19,33
Nov-21,8.148126087851084e-08,0.16643975374382675,3089272.2,0.010955203513139718,SGN,Sygnity SA,Jan-19,34
Dec-21,2.3542769813595056e-07,0.07409435886670633,1949772.4,0.01597770726790703,SGN,Sygnity SA,Jan-19,35
Jan-22,3.0192602195195394e-07,0.14161084033860813,1227415.2,0.026710567110142257,SGN,Sygnity SA,Jan-19,36
Feb-22,1.3311817875807845e-07,0.16707660205531183,3587755.8,0.033316940704361926,SGN,Sygnity SA,Jan-19,37
Mar-22,1.3056562923787425e-08,0.20555503382165555,16988705.6,0.027405142373602656,SGN,Sygnity SA,Jan-19,38
Apr-22,0,0.030367211420449375,4702066,0.0024054877051061436,SGN,Sygnity SA,Jan-19,39
May-22,1.6225373817198638e-07,0.2086096686467989,8450671.9,0.06121326454010761,SGN,Sygnity SA,Jan-19,40
Jun-22,1.41408579343354e-07,0.23041263928792804,4536722.5,0.02463831561931589,SGN,Sygnity SA,Jan-19,41
Jul-22,1.1979066341986014e-07,0.20405270732439945,14159162.5,0.033559579966565854,SGN,Sygnity SA,Jan-19,42
Aug-22,6.824391532535824e-08,0.10749786394791924,10431440.5,0.02749929478148877,SGN,Sygnity SA,Jan-19,43
Sep-22,6.075503572834591e-08,0.10724153027454475,3304393,0.012887756105657665,SGN,Sygnity SA,Jan-19,44
Oct-22,1.7478875031636658e-07,0.1779242484467408,1884892.5,0.028265865818250593,SGN,Sygnity SA,Jan-19,45
Nov-22,1.9579413943825544e-07,0.1909218144680876,2180500,0.03100303416443377,SGN,Sygnity SA,Jan-19,46
Dec-22,1.9449955265102896e-07,0.1292833296612998,1986537,0.02018602649782105,SGN,Sygnity SA,Jan-19,47
Jan-23,3.560873126090525e-07,0.0886955617981758,824776,0.01218516889033396,SGN,Sygnity SA,Jan-19,48
Feb-23,1.8326181898869425e-07,0.09625455145043552,4681758,0.040287309707543476,SGN,Sygnity SA,Jan-19,49
Mar-23,1.6315156617346053e-07,0.15119315159782593,2835894,0.020797805220416448,SGN,Sygnity SA,Jan-19,50
Apr-23,9.014643693429114e-08,0.4250529219396698,9202130,0.04368904203925236,SGN,Sygnity SA,Jan-19,51
May-23,4.007780437756499e-07,0.1778526482128532,2396882,0.03993519507721809,SGN,Sygnity SA,Jan-19,52
Jun-23,4.2666437644240094e-07,0.20134379838427663,1710056,0.03165604694287396,SGN,Sygnity SA,Jan-19,53
Jul-23,4.7324822437266606e-07,0.1517484343488689,848508,0.014498138897602144,SGN,Sygnity SA,Jan-19,54
Aug-23,4.7642827396959763e-07,0.2134781553365278,78054553,0.020432599757262214,SGN,Sygnity SA,Jan-19,55
Sep-23,2.245677071637102e-06,0.16840758893992558,727625,0.03241257639490052,SGN,Sygnity SA,Jan-19,56
Oct-23,9.288637817519411e-07,0.20085379693601374,666687,0.035901955711526,SGN,Sygnity SA,Jan-19,57
Nov-23,4.999542898934949e-07,0.13233859256223027,991492,0.018483799957188348,SGN,Sygnity SA,Jan-19,58
Dec-23,2.535506308339699e-07,0.13715727086851465,2590721,0.03759760813058242,SGN,Sygnity SA,Jan-19,59
Jan-24,7.478383526580828e-08,0.16573009758908716,4146952,0.01958307933826738,SGN,Sygnity SA,Jan-19,60
Feb-24,1.0895608831299534e-07,0.08894488771655233,2220759,0.01510812800546909,SGN,Sygnity SA,Jan-19,61
Mar-24,5.3399135545020776e-08,0.19038566046274918,11249574,0.0416241875060211,SGN,Sygnity SA,Jan-19,62
Apr-24,9.879670877865524e-08,0.15949891186980272,4423100,0.027014467603298658,SGN,Sygnity SA,Jan-19,63
May-24,4.1792781809731226e-08,0.13002876959527054,8506412,0.01712585042809588,SGN,Sygnity SA,Jan-19,64
Jun-24,2.402731470447278e-07,0.12550107581766812,1782012,0.017725664667189733,SGN,Sygnity SA,Jan-19,65
Jul-24,5.6506704661774906e-08,0.08515732625774462,4376540,0.015477974788809579,SGN,Sygnity SA,Jan-19,66
Aug-24,2.419048946068765e-07,0.15739147724120625,4160710,0.0406155867834894,SGN,Sygnity SA,Jan-19,67
Sep-24,1.2378014665471725e-07,0.13046013523293754,13634300,0.02014002243453353,SGN,Sygnity SA,Jan-19,68
Oct-24,1.4526860164443795e-07,0.09820915065030653,2818964,0.02922707882334415,SGN,Sygnity SA,Jan-19,69
Nov-24,1.494486431965273e-07,0.12469694834150305,2035286,0.023322130726864402,SGN,Sygnity SA,Jan-19,70
Dec-24,2.000223817855681e-07,0.08130568899973958,1769084,0.023210359604409512,SGN,Sygnity SA,Jan-19,71
Jan-25,5.9367926311580245e-08,0.10016150082991204,3711912,0.01848606836919375,SGN,Sygnity SA,Jan-19,72
Feb-25,6.824089053966971e-08,0.1834663372942985,7057530,0.03666137422038887,SGN,Sygnity SA,Jan-19,73
Mar-25,2.210433244916036e-08,0.07487680294193153,24194660,0.016601474923803417,SGN,Sygnity SA,Jan-19,74
Apr-25,4.403592716165405e-08,0.12413792614590448,8144334,0.021997435521490128,SGN,Sygnity SA,Jan-19,75
May-25,6.098131847287346e-08,0.12804425921875856,6293068,0.019900119734000334,SGN,Sygnity SA,Jan-19,76
Jun-25,4.223310816503767e-08,0.14418273591265263,7993319,0.02347067558988014,SGN,Sygnity SA,Jan-19,77
Jul-25,7.179253025388517e-08,0.1639399713034782,8433890,0.02681850340656523,SGN,Sygnity SA,Jan-19,78
Aug-25,5.47934756564887e-08,0.22835078892409202,6290010,0.025016168915430376,SGN,Sygnity SA,Jan-19,79
Sep-25,4.368452153676373e-08,0.1326827528370577,5840970,0.017765622672502788,SGN,Sygnity SA,Jan-19,80
Jul-18,1.9176968020488127e-06,0.2495773747103202,36074.6,0.051403870183566985,SVRS,Silvair,Jun-23,-59
Aug-18,7.484172045291624e-07,0.268100292762259,832095.7,0.01776604127453981,SVRS,Silvair,Jun-23,-58
Sep-18,9.189115676263618e-07,0.18251539855803756,65439.5,0.011959248783072944,SVRS,Silvair,Jun-23,-57
Oct-18,6.7095230743522265e-09,0.172491791143094,147820.5,0.004459001392685852,SVRS,Silvair,Jun-23,-56
Nov-18,0,,7820,0,SVRS,Silvair,Jun-23,-55
Dec-18,6.553423508440811e-07,0.24194316230721716,65945,0.016029741279567838,SVRS,Silvair,Jun-23,-54
Jan-19,4.958329964976853e-06,0.15483927345400703,203110.1,0.03795663181770165,SVRS,Silvair,Jun-23,-53
Feb-19,2.2513209280955676e-05,,2654013.5,0.025271404829657784,SVRS,Silvair,Jun-23,-52
Mar-19,4.17207456594415e-06,,50459.5,0.030130718791258476,SVRS,Silvair,Jun-23,-51
Apr-19,4.686496796779444e-06,0.3095004228311236,77089.3,0.04733975469935868,SVRS,Silvair,Jun-23,-50
May-19,0,,7881,0.01037984408915581,SVRS,Silvair,Jun-23,-49
Jun-19,0,,16077.900000000001,0.016462466628562038,SVRS,Silvair,Jun-23,-48
Jul-19,6.438265544975781e-06,,1344861.6,0.0609621864926434,SVRS,Silvair,Jun-23,-47
Aug-19,1.225722272170408e-07,0.2033594495549716,162258.90000000002,0.025366717767438644,SVRS,Silvair,Jun-23,-46
Sep-19,1.8521027689337652e-06,0.2124637495223676,149997.8,0.04361319954483509,SVRS,Silvair,Jun-23,-45
Oct-19,1.4419489223432003e-07,0.1215684658294555,593832.2,0.01684585870414813,SVRS,Silvair,Jun-23,-44
Nov-19,0,,240856.1,0.027348390863074515,SVRS,Silvair,Jun-23,-43
Dec-19,4.789370334640144e-06,0.3768425757443236,118576,0.05022764057128947,SVRS,Silvair,Jun-23,-42
Jan-20,3.4788900949041176e-06,0.3908440530986964,461547.30000000005,0.049084276476711305,SVRS,Silvair,Jun-23,-41
Feb-20,2.75454115442416e-06,0.26655137655324745,449938.1,0.07903602100269794,SVRS,Silvair,Jun-23,-40
Mar-20,2.215468875410214e-06,0.32293137951181533,441721.3,0.03684466883285674,SVRS,Silvair,Jun-23,-39
Apr-20,6.324487974723947e-07,0.5039666991792358,999818.5,0.089219452850095,SVRS,Silvair,Jun-23,-38
May-20,7.576970475467442e-06,0.4663950213642091,132295.6,0.0749816562623064,SVRS,Silvair,Jun-23,-37
Jun-20,3.545242962470384e-06,0.39395959892451643,1356121.8,0.0704650536845825,SVRS,Silvair,Jun-23,-36
Jul-20,1.6229443761173604e-06,0.23018331097825306,629085.9,0.09311053742160466,SVRS,Silvair,Jun-23,-35
Aug-20,6.971360547288615e-07,0.08626739052971556,296279.3,0.036992687864559934,SVRS,Silvair,Jun-23,-34
Sep-20,4.378146793007466e-06,0.1298766362348462,740676.9,0.02886254045657376,SVRS,Silvair,Jun-23,-33
Oct-20,5.460899956312805e-06,0.17307723989659646,89901.1,0.04564039664849805,SVRS,Silvair,Jun-23,-32
Nov-20,3.663986451770613e-06,0.2724437584323469,760522.9,0.03688768100723979,SVRS,Silvair,Jun-23,-31
Dec-20,1.5573995165831833e-06,0.27162225748091673,212376.5,0.04116657650544867,SVRS,Silvair,Jun-23,-30
Jan-21,1.061889015607646e-06,0.22480303193089987,229738.3,0.020637228844058428,SVRS,Silvair,Jun-23,-29
Feb-21,8.102414519526808e-06,0.10475301676370219,131456.5,0.046542215244501445,SVRS,Silvair,Jun-23,-28
Mar-21,4.876577085029354e-07,0.22689778738647326,1816736.5,0.02658450875822095,SVRS,Silvair,Jun-23,-27
Apr-21,3.652567755131855e-06,0.13881803191064523,658691.5,0.04629797150560342,SVRS,Silvair,Jun-23,-26
May-21,0,,47880.5,0.026924588840704807,SVRS,Silvair,Jun-23,-25
Jun-21,3.1796906796906825e-06,0.07320649680579021,203076.8,0.03501209172262761,SVRS,Silvair,Jun-23,-24
Jul-21,0,0.13187889480626477,75955,0.024699946229750986,SVRS,Silvair,Jun-23,-23
Aug-21,6.022767624003789e-06,0.2257461894320444,33259.4,0.03258635697132617,SVRS,Silvair,Jun-23,-22
Sep-21,2.783302829469803e-06,0.15018007124999505,56807.7,0.024622936055694572,SVRS,Silvair,Jun-23,-21
Oct-21,8.951244664157221e-07,0.13191254375489184,317127.1,0.021613976126141243,SVRS,Silvair,Jun-23,-20
Nov-21,2.9534500003650586e-06,0.18174272370063874,632168.5,0.0404120949735971,SVRS,Silvair,Jun-23,-19
Dec-21,7.714165840885479e-07,0.29141484993436906,242040.1,0.03528839055737174,SVRS,Silvair,Jun-23,-18
Jan-22,1.8703223238679857e-07,0.43923382157696594,570326.1,0.04698304753027692,SVRS,Silvair,Jun-23,-17
Feb-22,4.854466002970317e-06,0.2899480998551795,168276.2,0.037641264011013746,SVRS,Silvair,Jun-23,-16
Mar-22,5.593258259378029e-06,0.40097195302384503,50027.4,0.024859470611284986,SVRS,Silvair,Jun-23,-15
Apr-22,6.9905101136549386e-06,0.11124524912355127,293541.39999999997,0.028224202451514403,SVRS,Silvair,Jun-23,-14
May-22,2.3622701983550956e-06,0.22617650969122594,141334.6,0.03326351174107627,SVRS,Silvair,Jun-23,-13
Jun-22,2.0179246130412484e-06,0.12002840023194819,2301704.8,0.036496768984640895,SVRS,Silvair,Jun-23,-12
Jul-22,2.7043018952829373e-06,0.3492485920100358,111251.9,0.05663279176591264,SVRS,Silvair,Jun-23,-11
Aug-22,3.545847812211925e-06,0.010038240199116576,50420.2,0.030178245563895773,SVRS,Silvair,Jun-23,-10
Sep-22,2.1305380673888617e-07,,61827.8,0.019583078478536044,SVRS,Silvair,Jun-23,-9
Oct-22,3.176324439942559e-07,0.3273411718865366,129363.4,0.028431561435166536,SVRS,Silvair,Jun-23,-8
Nov-22,0,,74218,0.00512562149611062,SVRS,Silvair,Jun-23,-7
Dec-22,4.592886537330984e-07,0.17690648702198516,161380.5,0.01836717212768486,SVRS,Silvair,Jun-23,-6
Jan-23,0,,38456.5,0.013294141973130356,SVRS,Silvair,Jun-23,-5
Feb-23,0,0.08230884992148389,243869.4,0.00609523165937944,SVRS,Silvair,Jun-23,-4
Mar-23,2.038459753961951e-06,0.2555945613427264,155687.4,0.028538051865325192,SVRS,Silvair,Jun-23,-3
Apr-23,1.0734076668142615e-05,0.17403315839184944,40312.4,0.0323406030019919,SVRS,Silvair,Jun-23,-2
May-23,1.7546781215473792e-06,,39321.2,0.028371163365764483,SVRS,Silvair,Jun-23,-1
Jun-23,1.856669808897556e-06,,144626.6,0.02538065084777209,SVRS,Silvair,Jun-23,0
Jul-23,0,,7926.6,0.015167936788587718,SVRS,Silvair,Jun-23,1
Aug-23,0,,39274,0.0015743559385469567,SVRS,Silvair,Jun-23,2
Sep-23,1.4629507717065323e-05,,73159.4,0.0245932224327876,SVRS,Silvair,Jun-23,3
Oct-23,0,0.10028728524603894,36979,0.019129795957170577,SVRS,Silvair,Jun-23,4
Nov-23,1.0962514230713733e-07,0.2591605412623157,124224.4,0.030499919411004748,SVRS,Silvair,Jun-23,5
Dec-23,1.7048554282596775e-06,0.0878275173516286,1067732.4,0.025464521754394724,SVRS,Silvair,Jun-23,6
Jan-24,7.5895567698846475e-06,0.4952668740441717,5452.5,0.01749798747896938,SVRS,Silvair,Jun-23,7
Feb-24,8.751059698635366e-06,0.07538204080733779,29017.399999999998,0.03911786330864552,SVRS,Silvair,Jun-23,8
Mar-24,7.324526618445987e-06,,63734.90000000001,0.035917588703000394,SVRS,Silvair,Jun-23,9
Apr-24,1.677655308940208e-06,,46408.2,0.02402262845061419,SVRS,Silvair,Jun-23,10
May-24,7.58820036691888e-06,,97629,0.046516663877509135,SVRS,Silvair,Jun-23,11
Jun-24,4.544793484584093e-07,0.2695186010848864,39989.6,0.012001635944444729,SVRS,Silvair,Jun-23,12
Jul-24,0,,4304.8,0.005180461082781267,SVRS,Silvair,Jun-23,13
Aug-24,3.712283202660981e-07,,15745,0.008106254394080666,SVRS,Silvair,Jun-23,14
Sep-24,4.105090311986833e-07,,31501.4,0.008237258496405553,SVRS,Silvair,Jun-23,15
Oct-24,3.21384607454011e-06,,29655.2,0.02296889713084548,SVRS,Silvair,Jun-23,16
Nov-24,1.8719104118652137e-06,,14991,0.021155642658419918,SVRS,Silvair,Jun-23,17
Dec-24,8.436419106482672e-07,,106354.4,0.0188864997019384,SVRS,Silvair,Jun-23,18
Jan-25,7.986710114369706e-07,0.1064281306421162,129144.6,0.028607118341067012,SVRS,Silvair,Jun-23,19
Feb-25,1.0216925767904184e-06,0.19350602496381988,321082.8,0.03602683362005462,SVRS,Silvair,Jun-23,20
Mar-25,3.2543627132801937e-06,0.18508835757744613,172797.6,0.04101921282833283,SVRS,Silvair,Jun-23,21
Apr-25,7.70051593456761e-06,0.26327606512973534,98810.2,0.024490525202687106,SVRS,Silvair,Jun-23,22
May-25,1.6771508721989582e-06,0.12671159991398803,278429.6,0.06315316108983908,SVRS,Silvair,Jun-23,23
Jun-25,2.141786249732264e-06,0.3418089603673408,293860,0.0383254533377995,SVRS,Silvair,Jun-23,24
Jul-25,1.1936718211186056e-06,0.19960351434226659,590568,0.040995650333284825,SVRS,Silvair,Jun-23,25
Aug-25,1.1125262857448548e-06,0.2788479290281256,854001,0.06254504537083468,SVRS,Silvair,Jun-23,26
Sep-25,1.0327202663238047e-06,0.25052656341619983,1177052.5,0.06320667738382865,SVRS,Silvair,Jun-23,27
Apr-21,2.6381680708162825e-07,0.2178237723815195,1622561.5,0.046973739205963656,THGP,Tenderhut,Jun-24,-38
May-21,3.6713038676880993e-07,0.2214998985074977,1297382.9,0.03154687745377589,THGP,Tenderhut,Jun-24,-37
Jun-21,1.0037353911922078e-06,0.1680941826199257,430374.6,0.029052867368095543,THGP,Tenderhut,Jun-24,-36
Jul-21,4.7462436470709225e-07,0.1644328079015903,518747.4,0.014052794327580592,THGP,Tenderhut,Jun-24,-35
Aug-21,4.614323444154824e-07,0.2060721007667002,877321.5,0.02914733062398854,THGP,Tenderhut,Jun-24,-34
Sep-21,1.0355265144775499e-06,0.29644726726395576,586687.3,0.032818269928319196,THGP,Tenderhut,Jun-24,-33
Oct-21,1.747819076425005e-06,0.14283194916569988,239640.8,0.022053551211114162,THGP,Tenderhut,Jun-24,-32
Nov-21,1.1792796246051465e-06,0.15538966732069867,428111.4,0.028370058132282452,THGP,Tenderhut,Jun-24,-31
Dec-21,1.2622373915106973e-06,0.2253430870974094,1042361,0.04454889784035891,THGP,Tenderhut,Jun-24,-30
Jan-22,7.805479882524641e-08,0.46579734782976384,6090041.4,0.03496326252217057,THGP,Tenderhut,Jun-24,-29
Feb-22,0,0.17666244415065396,525849,0.008146720081784473,THGP,Tenderhut,Jun-24,-28
Mar-22,6.767426122264826e-06,0.31733744335755293,157659.8,0.04432140822370209,THGP,Tenderhut,Jun-24,-27
Apr-22,1.6809995667461475e-06,0.30084963021401706,486703,0.04649213125609855,THGP,Tenderhut,Jun-24,-26
May-22,1.5786713836246678e-06,0.5877156086037747,387852,0.037634442653343474,THGP,Tenderhut,Jun-24,-25
Jun-22,1.1371859665502113e-05,0.1711013001092309,75370.3,0.04400150662730161,THGP,Tenderhut,Jun-24,-24
Jul-22,1.4033688486694616e-05,0.2611911973117692,64907.8,0.04093792039565247,THGP,Tenderhut,Jun-24,-23
Aug-22,5.866215664623302e-06,0.1236313941785031,180747.1,0.03482081737408402,THGP,Tenderhut,Jun-24,-22
Sep-22,2.34790478702178e-06,0.26735463396041065,139419.6,0.03589035791673603,THGP,Tenderhut,Jun-24,-21
Oct-22,2.600405769627956e-07,0.5775735352074358,62383.5,0.03613962925291856,THGP,Tenderhut,Jun-24,-20
Nov-22,1.944519467039495e-06,0.1502504640794971,303630.8,0.046768375021031705,THGP,Tenderhut,Jun-24,-19
Dec-22,3.091678686283161e-06,0.26174892213367323,245419.4,0.0392663019418579,THGP,Tenderhut,Jun-24,-18
Jan-23,2.322898881417412e-06,0.25474000796672835,295397.6,0.0434122198448591,THGP,Tenderhut,Jun-24,-17
Feb-23,2.3032315762831106e-06,0.14371726618552708,272383.7,0.024790232306227265,THGP,Tenderhut,Jun-24,-16
Mar-23,5.984726052446885e-07,0.09563655579776599,243716.2,0.01574878425660608,THGP,Tenderhut,Jun-24,-15
Apr-23,1.0308091998892634e-06,0.11783520454672594,127931.5,0.015585238445469683,THGP,Tenderhut,Jun-24,-14
May-23,1.4761155637202986e-06,0.4571310752964428,997090.9,0.07117430475186423,THGP,Tenderhut,Jun-24,-13
Jun-23,3.916972551299451e-06,0.2915431530266602,182638.9,0.055124129938218594,THGP,Tenderhut,Jun-24,-12
Jul-23,2.3856226227486007e-06,0.2249824730026792,311932,0.031945680848418645,THGP,Tenderhut,Jun-24,-11
Aug-23,2.6148721689140667e-06,0.2432463931071978,214754.6,0.04381247468953933,THGP,Tenderhut,Jun-24,-10
Sep-23,1.3793849884529054e-06,0.173080322996183,91746.1,0.021099372654616307,THGP,Tenderhut,Jun-24,-9
Oct-23,5.729424317523831e-06,0.48707138492899643,154020.2,0.05873397735852843,THGP,Tenderhut,Jun-24,-8
Nov-23,5.47425644471244e-06,0.21563124006082296,99798.5,0.02155403101227924,THGP,Tenderhut,Jun-24,-7
Dec-23,1.12290763006751e-06,0.23260715679464555,157954.5,0.03463995343733433,THGP,Tenderhut,Jun-24,-6
Jan-24,5.070146775139612e-06,0.3936233539650873,279029.3,0.0802367839848587,THGP,Tenderhut,Jun-24,-5
Feb-24,7.552094413748539e-06,0.36763429199388775,106222,0.06488082257367468,THGP,Tenderhut,Jun-24,-4
Mar-24,1.0181044422442117e-05,0.273179316323426,62969.5,0.04627402848134944,THGP,Tenderhut,Jun-24,-3
Apr-24,9.661179123556843e-06,0.2096225948552432,53904.4,0.0344623731553196,THGP,Tenderhut,Jun-24,-2
May-24,8.82072418714656e-06,0.4100275829183909,76742.6,0.06796782977602712,THGP,Tenderhut,Jun-24,-1
Jun-24,1.78683105512374e-05,0.060307429041631666,17346.899999999998,0.01401869142032443,THGP,Tenderhut,Jun-24,0
Jul-24,1.490955438323866e-05,0.13277178314251806,123933,0.02491170355878423,THGP,Tenderhut,Jun-24,1
Aug-24,2.550970950563219e-06,0.23928845603410098,43431,0.011428421525393431,THGP,Tenderhut,Jun-24,2
Sep-24,3.5108873828392655e-06,0.19048708004995943,43119,0.030507607127721017,THGP,Tenderhut,Jun-24,3
Oct-24,7.4207576681506934e-06,0.2265681487327425,79582.4,0.0341484800196856,THGP,Tenderhut,Jun-24,4
Nov-24,1.9925330477503168e-05,0.16434396520947986,34397.6,0.03306824487911748,THGP,Tenderhut,Jun-24,5
Dec-24,8.567850450078058e-06,0.43914493825566653,71922.4,0.04967812523609363,THGP,Tenderhut,Jun-24,6
Jan-25,6.619886137958425e-06,0.42493925045410275,79941.6,0.05210413456749573,THGP,Tenderhut,Jun-24,7
Feb-25,2.39684000613591e-06,0.08205255251902253,46332.6,0.020394537959844288,THGP,Tenderhut,Jun-24,8
Mar-25,7.754534851981793e-06,0.11762316836744817,43441.4,0.01131021623482025,THGP,Tenderhut,Jun-24,9
Apr-25,7.3555372484407194e-06,0.08464619384088388,40834.6,0.017225275289216257,THGP,Tenderhut,Jun-24,10
May-25,2.3884509680621923e-05,0.07032531610394428,33850.2,0.016386123319089504,THGP,Tenderhut,Jun-24,11
Jun-25,2.4412867774898565e-06,0.16532334441001903,24105,0.015803468235026628,THGP,Tenderhut,Jun-24,12
Jul-25,1.945794826053743e-06,0.14006119391782607,74980.2,0.024176285973078013,THGP,Tenderhut,Jun-24,13
Aug-25,9.499799659780521e-06,0.09190355026285874,31858.6,0.017872175428608267,THGP,Tenderhut,Jun-24,14
Sep-25,3.0119107957479384e-06,0.11736083851742701,46749.4,0.02010239701393142,THGP,Tenderhut,Jun-24,15
Sep-14,2.2430417277130882e-07,0.11296502399969449,1646472.8,0.01639712897780631,TSGP,Tesgas SA,Mar-15,-6
Oct-14,4.383104359961542e-07,0.048873652562960536,678837.4,0.017899852818095304,TSGP,Tesgas SA,Mar-15,-5
Nov-14,6.019805158973e-07,0.15374659383619071,812703,0.022714836238651063,TSGP,Tesgas SA,Mar-15,-4
Dec-14,6.578338006584648e-07,0.15164768032044307,910396.5,0.021750345537172172,TSGP,Tesgas SA,Mar-15,-3
Jan-15,1.695661860056512e-06,0.2016893688038283,146445.7,0.015544192274061642,TSGP,Tesgas SA,Mar-15,-2
Feb-15,6.276545608403344e-07,0.1187024094491409,705039.1,0.017465551917395256,TSGP,Tesgas SA,Mar-15,-1
Mar-15,5.571281425926878e-07,0.10258087341242682,433001.5,0.01656272569707704,TSGP,Tesgas SA,Mar-15,0
Apr-15,6.239731417000889e-07,0.0671737659396655,220974.5,0.016473054363093136,TSGP,Tesgas SA,Mar-15,1
May-15,1.0018572722939864e-06,0.1821961956451895,252835.6,0.023020582626681513,TSGP,Tesgas SA,Mar-15,2
Jun-15,1.4874923277934852e-06,0.18406719237177113,166241.1,0.021364399589706835,TSGP,Tesgas SA,Mar-15,3
Jul-15,1.3789253023906522e-06,0.21923684504772087,410308.4,0.030202074691853067,TSGP,Tesgas SA,Mar-15,4
Aug-15,6.707190894928517e-07,0.1771859180561426,413248.9,0.02719717314109785,TSGP,Tesgas SA,Mar-15,5
Sep-15,1.1180577369543731e-06,0.0760333552880959,410034.6,0.019022160254759644,TSGP,Tesgas SA,Mar-15,6
Oct-15,2.6650820644855873e-06,0.1758369692161225,416185.9,0.02338951991675889,TSGP,Tesgas SA,Mar-15,7
Nov-15,1.6367370095869735e-06,0.1722018268008485,179601.8,0.023117771951391763,TSGP,Tesgas SA,Mar-15,8
Dec-15,8.34395750947417e-07,0.10890588416067097,650488.6,0.016135486592364995,TSGP,Tesgas SA,Mar-15,9
Jan-16,1.2996133421619357e-06,0.15288645753879507,498530,0.02418601181303187,TSGP,Tesgas SA,Mar-15,10
Feb-16,2.117390231843636e-06,0.1837952804594473,233003.40000000002,0.028492892306581988,TSGP,Tesgas SA,Mar-15,11
Mar-16,4.828663964693472e-07,0.1174106145084462,445019.4,0.015836547942143134,TSGP,Tesgas SA,Mar-15,12
Apr-16,5.212322945965595e-07,0.10973631532832741,670008.8,0.021280457941504204,TSGP,Tesgas SA,Mar-15,13
May-16,1.7194342347069817e-06,0.07182599554198182,652452.9,0.022439756173365452,TSGP,Tesgas SA,Mar-15,14
Jun-16,3.665630026495198e-07,0.19746281864302803,3434278.5,0.028531289573497674,TSGP,Tesgas SA,Mar-15,15
Jul-16,4.522840343735879e-06,,63848.8,0.027284944500778778,TSGP,Tesgas SA,Mar-15,16
Aug-16,3.0605186967085937e-06,0.15631810737735402,125378,0.02912570050203026,TSGP,Tesgas SA,Mar-15,17
Sep-16,1.3218449148097426e-06,0.22429992847047675,369730.5,0.03573214535750868,TSGP,Tesgas SA,Mar-15,18
Oct-16,2.325520688442515e-06,0.13999075287050622,1130978.3,0.028803957853603988,TSGP,Tesgas SA,Mar-15,19
Nov-16,1.9872981891259353e-06,0.08923380626102734,216248.69999999998,0.019546742137982263,TSGP,Tesgas SA,Mar-15,20
Dec-16,4.446911876634342e-06,0.1642059931924418,191196.3,0.025235339544226482,TSGP,Tesgas SA,Mar-15,21
Jan-17,9.894855288730966e-07,0.11471697232187576,108805,0.01624989471969225,TSGP,Tesgas SA,Mar-15,22
Feb-17,2.1132962095016276e-06,0.06127199662893893,126077,0.015752312196149195,TSGP,Tesgas SA,Mar-15,23
Mar-17,6.895431950746526e-07,0.16241338563481567,916377.5,0.021879512471052655,TSGP,Tesgas SA,Mar-15,24
Apr-17,1.0576594554113627e-06,0.09836508471044247,162177,0.011601274802273362,TSGP,Tesgas SA,Mar-15,25
May-17,8.76842245557883e-07,0.16567597713214915,165271.30000000002,0.02036136825023401,TSGP,Tesgas SA,Mar-15,26
Jun-17,4.641614234605478e-06,0.24344458213864534,100297.70000000001,0.030823824042437182,TSGP,Tesgas SA,Mar-15,27
Jul-17,0,0.12162252307904169,26800.6,0.013686369077560876,TSGP,Tesgas SA,Mar-15,28
Aug-17,1.2613097705532582e-06,0.23339778347562803,164777.3,0.027330906796223648,TSGP,Tesgas SA,Mar-15,29
Sep-17,7.084063213221293e-07,0.14406628730473822,616749.5,0.03540191558360424,TSGP,Tesgas SA,Mar-15,30
Oct-17,6.334245464680181e-07,0.14367053408341365,144963.5,0.023264932212421804,TSGP,Tesgas SA,Mar-15,31
Nov-17,3.13898191570405e-07,0.2954496777136568,89434.9,0.02137521640774629,TSGP,Tesgas SA,Mar-15,32
Dec-17,2.1438918629825424e-06,0.32658581448373947,462093.3,0.0322640981436147,TSGP,Tesgas SA,Mar-15,33
Jan-18,2.0308880115265234e-06,0.6021176456946521,301488.8,0.038113479780263713,TSGP,Tesgas SA,Mar-15,34
Feb-18,2.386188359982282e-06,0.11551181213659563,159729.6,0.029503017006616138,TSGP,Tesgas SA,Mar-15,35
Mar-18,2.3987411406493636e-06,0.1816088517738992,89984.7,0.026395484292566912,TSGP,Tesgas SA,Mar-15,36
Apr-18,7.043286174326151e-07,0.08991620721135712,408055.19999999995,0.01987483046099483,TSGP,Tesgas SA,Mar-15,37
May-18,2.40373377388251e-06,0.21293875392439568,92710.8,0.034585966305051896,TSGP,Tesgas SA,Mar-15,38
Jun-18,2.9830087819778437e-06,0.2908681037265265,166754.2,0.029136078689159375,TSGP,Tesgas SA,Mar-15,39
Jul-18,1.265790739474986e-06,0.17182760359977178,52179.3,0.020815874550136716,TSGP,Tesgas SA,Mar-15,40
Aug-18,0,0.14698454261793184,60550.5,0.01628050395428188,TSGP,Tesgas SA,Mar-15,41
Sep-18,4.034486793107495e-06,0.2186729152287341,67546.9,0.0317557188683141,TSGP,Tesgas SA,Mar-15,42
Oct-18,2.568684442685592e-06,0.2500842508812792,236311.30000000002,0.04422951639144023,TSGP,Tesgas SA,Mar-15,43
Nov-18,1.4666816854870935e-06,0.3321702032231495,384490.6,0.040531673477101626,TSGP,Tesgas SA,Mar-15,44
Dec-18,6.831961885304486e-07,0.25860699031853196,417201.3,0.030541469381166038,TSGP,Tesgas SA,Mar-15,45
Jan-19,7.525882888155694e-07,0.21192714157200948,293808.6,0.027321531890508826,TSGP,Tesgas SA,Mar-15,46
Feb-19,1.102596615028388e-06,0.1717112201371699,146476,0.013861825706818978,TSGP,Tesgas SA,Mar-15,47
Mar-19,3.915551659937613e-07,0.1733756855038499,803042.2000000001,0.03629647448204633,TSGP,Tesgas SA,Mar-15,48
Apr-19,4.359802394902826e-07,0.17158960378523253,356319.8,0.018457451796227365,TSGP,Tesgas SA,Mar-15,49
May-19,3.868742141443583e-06,0.1855874939088652,89228,0.029277243914689034,TSGP,Tesgas SA,Mar-15,50
Jun-19,0,0.11714955307590574,56911,0.01731943991865283,TSGP,Tesgas SA,Mar-15,51
Jul-19,2.15463146310984e-06,0.3218196488025026,141255.4,0.02025331044724697,TSGP,Tesgas SA,Mar-15,52
Aug-19,0,0.11306630421968718,47187.6,0.023878456127678097,TSGP,Tesgas SA,Mar-15,53
Sep-19,6.058990329851428e-06,0.11546653504142028,82038.6,0.014491146274083115,TSGP,Tesgas SA,Mar-15,54
Oct-19,0,0.22795576911752807,78298.8,0.021322039383316744,TSGP,Tesgas SA,Mar-15,55
Nov-19,1.2513596083126164e-06,0.2355493404894433,249942.8,0.03572563871427157,TSGP,Tesgas SA,Mar-15,56
Dec-19,1.6989812908180274e-06,0.2621557721908768,257784.6,0.025166021624487604,TSGP,Tesgas SA,Mar-15,57
Jan-20,1.4716420222558496e-07,0.4287827449957139,16895351.4,0.11898337496005813,TSGP,Tesgas SA,Mar-15,58
Feb-20,1.2135358268097725e-07,0.3593085275023702,11201581.3,0.08636785879548217,TSGP,Tesgas SA,Mar-15,59
Mar-20,2.5858217795913504e-07,0.5216194373156722,5533379.199999999,0.08467955633766652,TSGP,Tesgas SA,Mar-15,60
Apr-20,1.4516988799387226e-07,0.2844010417633056,2934605.6,0.027741360908463603,TSGP,Tesgas SA,Mar-15,61
May-20,1.5255569178630905e-07,0.26195351595454963,7552196.7,0.08248349247125442,TSGP,Tesgas SA,Mar-15,62
Jun-20,1.37051614107765e-07,0.19531340565795294,4323913.4,0.032791731995498445,TSGP,Tesgas SA,Mar-15,63
Jul-20,7.535792376259896e-08,0.3630033081804366,16310378.5,0.06767145254125691,TSGP,Tesgas SA,Mar-15,64
Aug-20,1.9269500927633656e-07,0.16448652794660915,2558680.5,0.04258978820277516,TSGP,Tesgas SA,Mar-15,65
Sep-20,1.708712496429643e-07,0.1647360824579394,2402764.7,0.020628911118427167,TSGP,Tesgas SA,Mar-15,66
Oct-20,2.5011780417767564e-07,0.14018319893323147,2350772.8000000003,0.02122951226391795,TSGP,Tesgas SA,Mar-15,67
Nov-20,2.899632307400796e-07,0.1596568480718737,2154467.4,0.0390115908925788,TSGP,Tesgas SA,Mar-15,68
Dec-20,2.0961423272480306e-07,0.22491216128312316,2245692.4,0.028061028035482646,TSGP,Tesgas SA,Mar-15,69
Jan-21,1.7586870346074554e-07,0.25645195594938985,4785029,0.04174530189260398,TSGP,Tesgas SA,Mar-15,70
Feb-21,1.7530793473046215e-07,0.1802076075903149,1741491.2,0.019628635910462277,TSGP,Tesgas SA,Mar-15,71
Mar-21,1.6906742408872643e-07,0.17590895297162595,2667805.2,0.026412079183598596,TSGP,Tesgas SA,Mar-15,72
Apr-21,1.7738406838539105e-07,0.14295182631824888,1957818.7999999998,0.016120442687797505,TSGP,Tesgas SA,Mar-15,73
May-21,2.605145106479694e-07,0.10738470836126507,1122167.9,0.01807252016495236,TSGP,Tesgas SA,Mar-15,74
Jun-21,3.952350026323325e-07,0.10239086540641992,634481.6,0.015991873109354248,TSGP,Tesgas SA,Mar-15,75
Jul-21,2.345701261468944e-07,0.09955315091407999,1621645.7,0.023985528050368913,TSGP,Tesgas SA,Mar-15,76
Aug-21,2.0119270942334648e-07,0.10410130232071325,1658834.7999999998,0.022835075427130952,TSGP,Tesgas SA,Mar-15,77
Sep-21,2.917347248870263e-07,0.08694971151014669,675489.5,0.013677911319204702,TSGP,Tesgas SA,Mar-15,78
Oct-21,5.951307828479798e-07,0.07853287551541215,613367.8,0.02211415834072466,TSGP,Tesgas SA,Mar-15,79
Nov-21,3.957850267876068e-07,0.10883808608267335,554914.2,0.02167026917176003,TSGP,Tesgas SA,Mar-15,80
Dec-21,2.1261844548361193e-07,0.11740245250437403,1350822.6,0.026016371338528774,TSGP,Tesgas SA,Mar-15,81
Jan-22,1.7484552503739339e-06,0.10758237367210224,459924.9,0.029872149254997375,TSGP,Tesgas SA,Mar-15,82
Feb-22,1.374565352219723e-06,0.18657942454379087,299603.9,0.03452239265965902,TSGP,Tesgas SA,Mar-15,83
Mar-22,4.3862554055114885e-07,0.16578864307910926,3138346.8000000003,0.06431483536415201,TSGP,Tesgas SA,Mar-15,84
Apr-22,3.79645143406586e-07,0.18823440968919972,655273.4,0.015460411749495254,TSGP,Tesgas SA,Mar-15,85
May-22,8.436009694527369e-07,0.13061985647829177,407820.3,0.02694684746362116,TSGP,Tesgas SA,Mar-15,86
Jun-22,8.206103511051094e-07,0.10614587798240982,431447.6,0.021010554326230786,TSGP,Tesgas SA,Mar-15,87
Jul-22,8.784624377367692e-07,0.14844718647141952,985637.2999999999,0.030545997260773776,TSGP,Tesgas SA,Mar-15,88
Aug-22,4.969874009939592e-07,0.13198312624447792,961665.9,0.02605044341843174,TSGP,Tesgas SA,Mar-15,89
Sep-22,1.1605253521869482e-06,0.18325050620258493,293221.9,0.021735888512710452,TSGP,Tesgas SA,Mar-15,90
Oct-22,8.253331303831337e-07,0.13481538347138977,249951.6,0.014996038949966381,TSGP,Tesgas SA,Mar-15,91
Nov-22,8.218048325854903e-07,0.12723031328305298,467117.9,0.019505682471155226,TSGP,Tesgas SA,Mar-15,92
Dec-22,6.825236009836045e-07,0.07293191671730996,425229.7,0.01587872782250295,TSGP,Tesgas SA,Mar-15,93
Jan-23,5.804076659625404e-07,0.13385546969059567,567025.2,0.02415548600824884,TSGP,Tesgas SA,Mar-15,94
Feb-23,6.423752843748507e-07,0.07272675604637026,198407.3,0.008772192973761677,TSGP,Tesgas SA,Mar-15,95
Mar-23,5.377994601883406e-07,0.12146125541882792,609718.5,0.01817814361886492,TSGP,Tesgas SA,Mar-15,96
Apr-23,3.139678905094133e-07,0.11888534111107003,671361.2,0.02155942189507751,TSGP,Tesgas SA,Mar-15,97
May-23,1.0498555398777138e-06,0.07870433361755157,174144.6,0.012466095750921573,TSGP,Tesgas SA,Mar-15,98
Jun-23,6.358038168829359e-07,0.08488987631949305,180142.7,0.010145082636224344,TSGP,Tesgas SA,Mar-15,99
Jul-23,3.059529042411177e-07,0.08461318143252293,552531.5,0.011527872516741257,TSGP,Tesgas SA,Mar-15,100
Aug-23,4.6203028242816873e-07,0.06993149033230969,658726,0.015080437963534676,TSGP,Tesgas SA,Mar-15,101
Sep-23,1.3571770890266937e-06,0.10266609018002884,208056.2,0.014789603491968626,TSGP,Tesgas SA,Mar-15,102
Oct-23,7.42690969807423e-07,0.12262320906942874,401901,0.02398622964930925,TSGP,Tesgas SA,Mar-15,103
Nov-23,1.37706904624198e-06,0.06609052410841952,156608,0.01091885932149678,TSGP,Tesgas SA,Mar-15,104
Dec-23,7.410561342314712e-07,0.07274275809478153,404412.8,0.01172541947035085,TSGP,Tesgas SA,Mar-15,105
Jan-24,1.1693577289585043e-06,0.08765760392996676,399087,0.021134261429683703,TSGP,Tesgas SA,Mar-15,106
Feb-24,1.9659420204379263e-06,0.09014274628619401,218353,0.015471905214085854,TSGP,Tesgas SA,Mar-15,107
Mar-24,7.3014301884474e-07,0.12579201404609233,477062.5,0.02033126326989231,TSGP,Tesgas SA,Mar-15,108
Apr-24,4.124623349707138e-07,0.08326663238947957,501743.5,0.012616348853024085,TSGP,Tesgas SA,Mar-15,109
May-24,2.9937147231543296e-07,0.07859537025943822,567586.5,0.017544301355712763,TSGP,Tesgas SA,Mar-15,110
Jun-24,5.333290118654573e-07,0.09053461377334411,219823.9,0.009597485917940785,TSGP,Tesgas SA,Mar-15,111
Jul-24,8.177615086941814e-07,0.0731153952856546,229329.5,0.010935254674499347,TSGP,Tesgas SA,Mar-15,112
Aug-24,1.0494151215996735e-06,0.12212701682263831,177793.3,0.01433569426423371,TSGP,Tesgas SA,Mar-15,113
Sep-24,9.846512454875608e-07,0.08170661033655313,51139.200000000004,0.007688058556139837,TSGP,Tesgas SA,Mar-15,114
Oct-24,1.1389002778916183e-06,0.11441622648599617,206703.2,0.012338542180755899,TSGP,Tesgas SA,Mar-15,115
Nov-24,1.6393528621789457e-06,0.12612336723364265,227393.5,0.011056520832162173,TSGP,Tesgas SA,Mar-15,116
Dec-24,9.736430575887888e-07,0.1807360630851608,520072,0.03013237247923874,TSGP,Tesgas SA,Mar-15,117
Jan-25,1.0143840932401607e-06,0.15682268550760314,390529.10000000003,0.030837182913685212,TSGP,Tesgas SA,Mar-15,118
Feb-25,1.4298953519175245e-06,0.11052697174682835,519825.2,0.01959514460333516,TSGP,Tesgas SA,Mar-15,119
Mar-25,8.128050874055502e-08,0.10017447430920269,1014550.9,0.014693770784642029,TSGP,Tesgas SA,Mar-15,120
Apr-25,1.540533546691435e-06,0.16114845355512697,240622.1,0.023311232817820216,TSGP,Tesgas SA,Mar-15,121
May-25,6.118593641251592e-07,0.10314117327845304,611476.1,0.03742096027238584,TSGP,Tesgas SA,Mar-15,122
Jun-25,1.1238685903374742e-06,0.12806648346425695,394386.3,0.02072456052950141,TSGP,Tesgas SA,Mar-15,123
Jul-25,1.5661974718725155e-06,0.09842468718433003,196916.09999999998,0.017227765481843155,TSGP,Tesgas SA,Mar-15,124
Aug-25,9.296165034446067e-07,0.14546094105112775,253573.5,0.01802364530882503,TSGP,Tesgas SA,Mar-15,125
Sep-25,9.98218292521158e-07,0.1552028558228265,275822,0.020393398510294196,TSGP,Tesgas SA,Mar-15,126
Oct-21,8.092055220184831e-07,,72390,,URT,Urteste,Sep-24,-35
Nov-21,3.0703718448934743e-07,0.21242950875135583,711192,0.021525405281566216,URT,Urteste,Sep-24,-34
Dec-21,4.0817570494668174e-07,0.25527311362857696,233669.6,0.028603465981046163,URT,Urteste,Sep-24,-33
Jan-22,3.411154295431756e-07,0.17866136369912172,162345.7,0.02624449510884142,URT,Urteste,Sep-24,-32
Feb-22,2.2396416573348414e-06,0.4417481948717851,155400,0.04764957686902167,URT,Urteste,Sep-24,-31
Mar-22,3.6919896132025576e-06,0.14276329553011147,438463.5,0.04372903143643039,URT,Urteste,Sep-24,-30
Apr-22,2.787128730848703e-06,0.32749360430463403,83326.9,0.019050286899594017,URT,Urteste,Sep-24,-29
May-22,8.41750841750843e-06,0.1547829261100773,48296,0.028353885728951818,URT,Urteste,Sep-24,-28
Jun-22,0,0.1968725855739961,44562,0.00871905136096846,URT,Urteste,Sep-24,-27
Jul-22,3.163275635185724e-07,0.10843665081651949,39442,0.010715501487331566,URT,Urteste,Sep-24,-26
Aug-22,3.3806626098715307e-06,0.14610007063513458,15436,0.01666896838143322,URT,Urteste,Sep-24,-25
Sep-22,0,0.3062054858144467,97968,0.021834761984756743,URT,Urteste,Sep-24,-24
Oct-22,1.7725089338592153e-06,0.42798951237250793,119118,0.03914258027387043,URT,Urteste,Sep-24,-23
Nov-22,7.095217823187182e-06,0.22028967644441824,64128,0.04445316911388002,URT,Urteste,Sep-24,-22
Dec-22,1.2276656703601547e-05,0.3969757443932439,44168,0.0585973592911408,URT,Urteste,Sep-24,-21
Jan-23,1.440043418653042e-06,0.42360565678043266,581751,0.07466680123824868,URT,Urteste,Sep-24,-20
Feb-23,5.074493565542143e-07,0.3726939016668286,2099485,0.09189367675622377,URT,Urteste,Sep-24,-19
Mar-23,3.3732216796957424e-07,0.2597942032699854,1628070,0.03602224245675939,URT,Urteste,Sep-24,-18
Apr-23,5.150801843042523e-07,0.2555977402201975,1240360,0.04086301066356862,URT,Urteste,Sep-24,-17
May-23,7.531339787691545e-07,0.1965688720109327,654340,0.03013368336394222,URT,Urteste,Sep-24,-16
Jun-23,2.1000021000021043e-07,0.14101175453140102,699340,0.02524806619836461,URT,Urteste,Sep-24,-15
Jul-23,6.414124223858733e-07,0.11603274501088837,537580,0.01659252428757068,URT,Urteste,Sep-24,-14
Aug-23,0,0.10915479123064449,236650,0.01053568206123983,URT,Urteste,Sep-24,-13
Sep-23,4.410345349493485e-07,0.12082530458534275,2737070,0.01590762387931469,URT,Urteste,Sep-24,-12
Oct-23,7.803614088744387e-07,0.13688260945327954,478130,0.026817426738496058,URT,Urteste,Sep-24,-11
Nov-23,3.0228558128005927e-07,0.14614634896138887,722410,0.027632453401325863,URT,Urteste,Sep-24,-10
Dec-23,4.84355323065e-07,0.17092934220317343,595350,0.03970812474709862,URT,Urteste,Sep-24,-9
Jan-24,5.480688377250183e-07,0.28446347357353996,2826345,0.0282041009545365,URT,Urteste,Sep-24,-8
Feb-24,1.123090745732255e-06,0.12319623849915823,131425,0.011030472730792041,URT,Urteste,Sep-24,-7
Mar-24,7.998720204767262e-07,0.1315083527058217,321225,0.021217891639876314,URT,Urteste,Sep-24,-6
Apr-24,1.2263133782988913e-06,0.18558171840618212,436971,0.026559189661629356,URT,Urteste,Sep-24,-5
May-24,1.7389368835468956e-07,0.14617736953037597,317154,0.012110644911154756,URT,Urteste,Sep-24,-4
Jun-24,8.566862443820687e-07,0.19190278641596642,170108,0.012490220807940558,URT,Urteste,Sep-24,-3
Jul-24,5.479514712346925e-07,0.14128390317723702,475666,0.035200075662435826,URT,Urteste,Sep-24,-2
Aug-24,1.0598968932302272e-06,0.1396991988229081,159166,0.026877291766421764,URT,Urteste,Sep-24,-1
Sep-24,1.6030650603954926e-06,0.20703891590130863,166128,0.02210009658154903,URT,Urteste,Sep-24,0
Oct-24,1.6044954396674e-06,0.1015548299296041,199150,0.019815559722047724,URT,Urteste,Sep-24,1
Nov-24,1.4384298100193824e-06,0.10024724560086923,408970,0.021037890838899558,URT,Urteste,Sep-24,2
Dec-24,9.27687821506038e-07,0.19358304195652135,378112,0.035194464610181546,URT,Urteste,Sep-24,3
Jan-25,1.4574145570397822e-06,0.18513739912497829,300254,0.022336398855604876,URT,Urteste,Sep-24,4
Feb-25,2.023443344494214e-06,0.1357119210879704,84742,0.016029145109471087,URT,Urteste,Sep-24,5
Mar-25,5.736247346985544e-07,0.15385489690431622,292720,0.016784653213346153,URT,Urteste,Sep-24,6
Apr-25,1.6832466461310458e-06,0.1260769960400278,306510,0.02498065360469811,URT,Urteste,Sep-24,7
May-25,4.764627406136841e-06,0.2616184490863905,388766,0.04077502113562415,URT,Urteste,Sep-24,8
Jun-25,5.186342624812185e-07,0.5293913000276596,770408,0.05030530974301774,URT,Urteste,Sep-24,9
Jul-25,1.1113314502490681e-06,0.15751250240381395,412966,0.030061606192697248,URT,Urteste,Sep-24,10
Aug-25,2.3515579071134647e-06,0.161783294181652,157878,0.02621902999816829,URT,Urteste,Sep-24,11
Sep-25,1.3388766936174087e-06,0.18165117338763845,299745,0.023714074109780117,URT,Urteste,Sep-24,12
Sep-14,2.173839085691975e-06,0.18365172145078296,545073.1,0.030649617881276944,ZRE,Zremb,Dec-19,-63
Oct-14,2.880672548019109e-06,0.11915648331790862,133685.8,0.025378884792034186,ZRE,Zremb,Dec-19,-62
Nov-14,1.3806998960447397e-06,0.1044594629170924,455708.2,0.022418362711503412,ZRE,Zremb,Dec-19,-61
Dec-14,1.778855301198531e-06,0.22708049491803647,278924.6,0.028649205645107208,ZRE,Zremb,Dec-19,-60
Jan-15,5.787757157285194e-06,0.20873659954403592,114948.9,0.029419941918490032,ZRE,Zremb,Dec-19,-59
Feb-15,3.0693101028834977e-06,0.21788732717650694,473263.49999999994,0.031568246535879856,ZRE,Zremb,Dec-19,-58
Mar-15,9.549755715638726e-07,0.18545071204297994,191240.5,0.017908521431488623,ZRE,Zremb,Dec-19,-57
Apr-15,1.2651802787091531e-06,0.15399482161433314,292228,0.015807030624148108,ZRE,Zremb,Dec-19,-56
May-15,1.80187773326084e-06,0.15616161909813253,288977,0.0315418509727472,ZRE,Zremb,Dec-19,-55
Jun-15,7.410243486352358e-07,0.19509382758145827,334797.6,0.0294454574268546,ZRE,Zremb,Dec-19,-54
Jul-15,7.734382734382735e-07,0.20007430583088856,380467.3,0.023973883230981995,ZRE,Zremb,Dec-19,-53
Aug-15,4.869195436168397e-06,0.23071932098004694,213505,0.034370314183585875,ZRE,Zremb,Dec-19,-52
Sep-15,1.119694189123063e-06,0.2277308128615047,251552.3,0.03126695765004416,ZRE,Zremb,Dec-19,-51
Oct-15,1.3677345938375302e-06,,231851.69999999998,0.01879832967676832,ZRE,Zremb,Dec-19,-50
Nov-15,2.7369156274597932e-06,,125735.4,0.037050169803933615,ZRE,Zremb,Dec-19,-49
Dec-15,9.66491491021526e-06,0.31641565583274034,56577.3,0.048790442721083176,ZRE,Zremb,Dec-19,-48
Jan-16,2.425733271835865e-05,,20508.8,0.0524074083781061,ZRE,Zremb,Dec-19,-47
Feb-16,7.610350076103531e-06,0.1298387698070573,43412.6,0.027872389541312045,ZRE,Zremb,Dec-19,-46
Mar-16,2.754695023393557e-06,0.10550806348468197,66772.2,0.026466213850382787,ZRE,Zremb,Dec-19,-45
Apr-16,2.2949001498809357e-06,0.1236411962907373,115307.2,0.025513480880946408,ZRE,Zremb,Dec-19,-44
May-16,6.180994985667843e-06,,69080.7,0.04028451291865653,ZRE,Zremb,Dec-19,-43
Jun-16,2.8085672984422836e-06,0.16979715051807984,55430.1,0.027604057912584364,ZRE,Zremb,Dec-19,-42
Jul-16,9.473195593069469e-07,,22155.5,0.02366944211135163,ZRE,Zremb,Dec-19,-41
Aug-16,8.938659344116917e-06,,11932.6,0.05527063295009098,ZRE,Zremb,Dec-19,-40
Sep-16,1.035196687370605e-05,,39308.9,0.04030736251679628,ZRE,Zremb,Dec-19,-39
Oct-16,1.025956704627068e-05,,32061.9,0.048440739853638795,ZRE,Zremb,Dec-19,-38
Nov-16,9.410180637758694e-06,,22514,0.02480729792449916,ZRE,Zremb,Dec-19,-37
Dec-16,5.075194075421445e-06,0.03862343856589369,91898.2,0.04364856446332597,ZRE,Zremb,Dec-19,-36
Jan-17,6.118034879028666e-06,,76472.8,0.024987799521834757,ZRE,Zremb,Dec-19,-35
Feb-17,3.404673616469205e-06,0.34108012116088937,151439.8,0.03585136201569138,ZRE,Zremb,Dec-19,-34
Mar-17,1.2307631716274706e-06,,118196,0.031226023525213528,ZRE,Zremb,Dec-19,-33
Apr-17,4.678467225089688e-05,,30877.600000000002,0.07414008348236102,ZRE,Zremb,Dec-19,-32
May-17,1.3243629814059419e-05,,16808,0.04485758910760324,ZRE,Zremb,Dec-19,-31
Jun-17,2.6372675617602524e-05,,33174,0.04645965391578909,ZRE,Zremb,Dec-19,-30
Jul-17,6.943697860701054e-06,0.05887791268965321,25151,0.021842619703083075,ZRE,Zremb,Dec-19,-29
Aug-17,7.97957271056837e-06,,27946.699999999997,0.02644307969921818,ZRE,Zremb,Dec-19,-28
Sep-17,1.117720526493476e-05,,47099.8,0.03003700646112171,ZRE,Zremb,Dec-19,-27
Oct-17,1.680107526881719e-05,0.9152255879433813,64213.3,0.06688801979991149,ZRE,Zremb,Dec-19,-26
Nov-17,1.4716443565382205e-05,0.5416505678350475,52046.2,0.07232056355037612,ZRE,Zremb,Dec-19,-25
Dec-17,2.0084791975656093e-05,0.17355816709723149,129332.5,0.14462297070497374,ZRE,Zremb,Dec-19,-24
Jan-18,4.53465382452701e-06,0.12792755278636234,145652.3,0.04760501550413727,ZRE,Zremb,Dec-19,-23
Feb-18,5.679592636114368e-06,0.48639163623599885,67783.4,0.04648198890554134,ZRE,Zremb,Dec-19,-22
Mar-18,4.506998823723053e-05,0.12518347864475443,21575,0.07991590924199614,ZRE,Zremb,Dec-19,-21
Apr-18,5.403442641375642e-06,0.2824689522084722,13123.2,0.050504545659268374,ZRE,Zremb,Dec-19,-20
May-18,1.2406178276781856e-05,,32808.2,0.05582041811393059,ZRE,Zremb,Dec-19,-19
Jun-18,0.00015016668502037275,,3628.5,0.051363647326095795,ZRE,Zremb,Dec-19,-18
Jul-18,4.988377081400346e-05,0.15768398554321011,10632.5,0.08422937193465106,ZRE,Zremb,Dec-19,-17
Aug-18,5.92571523382873e-05,0.44673294745912207,5285.2,0.06068041368063333,ZRE,Zremb,Dec-19,-16
Sep-18,2.7386583626953387e-06,0.14870303174513277,65053,0.029482315194371805,ZRE,Zremb,Dec-19,-15
Jul-19,2.985973092799266e-06,,73440.3,0.10595927737959984,ZRE,Zremb,Dec-19,-5
Aug-19,2.4429674160276494e-06,,51192,0.055836227304398876,ZRE,Zremb,Dec-19,-4
Sep-19,8.207027184956826e-07,,40917.2,0.037030439792483404,ZRE,Zremb,Dec-19,-3
Oct-19,3.2760848427348093e-06,,28625.1,0.01815649896094017,ZRE,Zremb,Dec-19,-2
Nov-19,1.4282953559394876e-06,,26917.699999999997,0.026448028600092748,ZRE,Zremb,Dec-19,-1
Dec-19,1.1342498071775363e-05,0.37391732657791177,42649.65,0.043561818394579996,ZRE,Zremb,Dec-19,0
Jan-20,4.428854875283431e-06,0.3872177022762993,340828.95,0.08307139438556907,ZRE,Zremb,Dec-19,1
Feb-20,5.4751280216831255e-06,0.2482234581414122,94032.25,0.04453148990976374,ZRE,Zremb,Dec-19,2
Mar-20,7.962888013792073e-06,0.4312067953210454,95057.45,0.05358311292000568,ZRE,Zremb,Dec-19,3
Apr-20,1.886945117371008e-06,0.38296786281364853,203778.2,0.03466850705389598,ZRE,Zremb,Dec-19,4
May-20,2.417893608460905e-06,0.18639820919451616,203060.8,0.03400985655879639,ZRE,Zremb,Dec-19,5
Jun-20,8.435196769522053e-07,0.23551493219400102,753413.7,0.030375676679746232,ZRE,Zremb,Dec-19,6
Jul-20,2.138756421148305e-06,0.21245158246757978,289622.45,0.03315195229040968,ZRE,Zremb,Dec-19,7
Aug-20,2.9709965376006248e-06,0.14464330288629648,184881.5,0.020405675059680613,ZRE,Zremb,Dec-19,8
Sep-20,4.250506167961378e-06,0.2211327747010687,93784,0.02604859823865725,ZRE,Zremb,Dec-19,9
Oct-20,2.0994500484857675e-06,0.4122248262537682,317331.3,0.0376907985590877,ZRE,Zremb,Dec-19,10
Nov-20,2.1704737437711155e-06,0.24870688754374118,57257,0.030532966906200873,ZRE,Zremb,Dec-19,11
Dec-20,2.021130753223235e-06,0.2910625105385695,225504.95,0.0280890998119333,ZRE,Zremb,Dec-19,12
Jan-21,1.4896587886889193e-06,0.15676245634130248,215013.6,0.0252245759959994,ZRE,Zremb,Dec-19,13
Feb-21,1.5927577380230347e-06,0.27436721357168653,1113269.75,0.07657326240690152,ZRE,Zremb,Dec-19,14
Mar-21,3.95693278315744e-07,0.3119444865237388,2386028.4,0.050983045290606537,ZRE,Zremb,Dec-19,15
Apr-21,8.811915279612872e-07,0.2271701874278742,747983.25,0.03167930779669635,ZRE,Zremb,Dec-19,16
May-21,7.487942579826693e-07,0.31034939305781145,1023158.1,0.0414272667203487,ZRE,Zremb,Dec-19,17
Jun-21,1.21152153099103e-06,0.25243932986121703,249115.15000000002,0.029910161093104584,ZRE,Zremb,Dec-19,18
Jul-21,2.0523660617009084e-06,0.18228166818921537,212518.05,0.024425214911959207,ZRE,Zremb,Dec-19,19
Aug-21,1.4575036274978112e-06,0.17715259497187508,192791.82,0.024169053879998303,ZRE,Zremb,Dec-19,20
Sep-21,4.280431267117543e-07,0.25145351859687903,3568564.68,0.08797602602808237,ZRE,Zremb,Dec-19,21
Oct-21,2.082839960617738e-07,0.17403242922743967,755039.7000000001,0.016868810532806405,ZRE,Zremb,Dec-19,22
Nov-21,2.794910530008936e-07,0.26581166887934654,4559790.55,0.11003217548659373,ZRE,Zremb,Dec-19,23
Dec-21,1.383073856887643e-07,0.6690738058815224,14031753.75,0.09475762025408943,ZRE,Zremb,Dec-19,24
Jan-22,1.302195233387862e-07,0.296710453215527,7123736.4,0.0582813016341229,ZRE,Zremb,Dec-19,25
Feb-22,1.0506689757168521e-07,0.2740397857458643,12971250.15,0.10409450249369398,ZRE,Zremb,Dec-19,26
Mar-22,7.493601087216836e-08,0.6008337905898236,35738712.5,0.1197083629270142,ZRE,Zremb,Dec-19,27
Apr-22,1.8549993219513744e-07,0.26084566637924333,3397595,0.03794258908296524,ZRE,Zremb,Dec-19,28
May-22,2.437341560772197e-07,0.36828568486941404,2469062.45,0.04773677779784435,ZRE,Zremb,Dec-19,29
Jun-22,4.6738756524730245e-07,0.19592061211877443,1019803.7,0.02354644792347974,ZRE,Zremb,Dec-19,30
Jul-22,2.54731918646739e-07,0.28301598880962886,2206184.3,0.039978575752564714,ZRE,Zremb,Dec-19,31
Aug-22,2.2268089723285177e-07,0.188142924157389,1681502.9,0.020598081944172654,ZRE,Zremb,Dec-19,32
Sep-22,3.340134383737888e-07,0.3804469452315084,1578508.0999999999,0.036820703971606916,ZRE,Zremb,Dec-19,33
Oct-22,5.153576582148044e-07,0.11785475089330348,751173.2,0.02100903535377372,ZRE,Zremb,Dec-19,34
Nov-22,2.1348344159265603e-07,0.1691168783985675,2298980.25,0.016919834951197484,ZRE,Zremb,Dec-19,35
Dec-22,5.031963029161223e-07,0.1326985418725832,900040.15,0.01925368296084624,ZRE,Zremb,Dec-19,36
Jan-23,3.341176559686265e-07,0.18982290479055902,1529186.8,0.02834058429668203,ZRE,Zremb,Dec-19,37
Feb-23,1.6117398459382426e-07,0.32920088022291777,5383306.5,0.059708059155859305,ZRE,Zremb,Dec-19,38
Mar-23,1.2860912160837998e-07,0.2687859100630021,40121432.4,0.08239840957148008,ZRE,Zremb,Dec-19,39
Apr-23,3.543127660975621e-08,0.29352320780403607,21888094.4,0.04851091742144288,ZRE,Zremb,Dec-19,40
May-23,4.43242290558917e-08,0.3369178302897357,15283646.25,0.048581144555157135,ZRE,Zremb,Dec-19,41
Jun-23,6.00834113967056e-08,0.1777971181823474,6648858.25,0.036162437649773414,ZRE,Zremb,Dec-19,42
Jul-23,7.969310786287726e-08,0.18801704283959073,5465459.199999999,0.03026070580968435,ZRE,Zremb,Dec-19,43
Aug-23,1.458931305702074e-07,0.1627507722067357,2039220.75,0.01941123035796472,ZRE,Zremb,Dec-19,44
Sep-23,2.0572068068858844e-07,0.13654992599839758,1824727.9,0.02633371986334795,ZRE,Zremb,Dec-19,45
Oct-23,1.9345043838363586e-07,0.14843686089830552,1790403.2,0.022965527869110575,ZRE,Zremb,Dec-19,46
Nov-23,1.6667463149172305e-07,0.2235457364617976,6299600,0.073350624041906,ZRE,Zremb,Dec-19,47
Dec-23,1.1773299635581052e-07,0.233596417270172,2389016.15,0.02486395683473836,ZRE,Zremb,Dec-19,48
Jan-24,2.208296808129649e-07,0.16364350618713552,3978616.1500000004,0.041045026967757824,ZRE,Zremb,Dec-19,49
Feb-24,7.603640124092607e-08,0.1467649368681957,5433052.600000001,0.01915511976348754,ZRE,Zremb,Dec-19,50
Mar-24,1.5977146282099377e-07,0.2370186033718875,3059823.35,0.023538928872475297,ZRE,Zremb,Dec-19,51
Apr-24,1.1709415400410244e-07,0.16883360360047134,1579169.55,0.017324816269322564,ZRE,Zremb,Dec-19,52
May-24,1.08931510796233e-07,0.2301025143444717,6331565.15,0.03186437520894454,ZRE,Zremb,Dec-19,53
Jun-24,1.2407947296535387e-07,0.2062588656192074,3484904.9,0.03040678115572011,ZRE,Zremb,Dec-19,54
Jul-24,2.4577312981247133e-07,0.12758195027993638,1712652.9,0.016211749548784345,ZRE,Zremb,Dec-19,55
Aug-24,4.0005267893677377e-07,0.14201541798492934,1886511.2,0.032850998357906704,ZRE,Zremb,Dec-19,56
Sep-24,4.875374887076561e-07,0.12368458009344062,690009.4,0.01791275518468718,ZRE,Zremb,Dec-19,57
Oct-24,2.5280303709883873e-07,0.16060823090271958,1087159.9,0.0162041537275339,ZRE,Zremb,Dec-19,58
Nov-24,4.88298709968202e-08,0.30483940251282987,10987877.35,0.060201021308824945,ZRE,Zremb,Dec-19,59
Dec-24,1.5876922746046663e-07,0.15904010464379612,2218295.75,0.01809562054186493,ZRE,Zremb,Dec-19,60
Jan-25,6.568308683784481e-08,0.20284838670493816,5340141.95,0.022269895361101476,ZRE,Zremb,Dec-19,61
Feb-25,7.448919399955692e-08,0.2324840055060546,12997331.049999999,0.03455806657670647,ZRE,Zremb,Dec-19,62
Mar-25,2.0948537097550213e-08,0.21758912758763704,33913442.6,0.05347738076101435,ZRE,Zremb,Dec-19,63
Apr-25,3.450401936792171e-08,0.2869974486334598,25756056.900000002,0.051666491804513485,ZRE,Zremb,Dec-19,64
May-25,3.668518534823045e-08,0.19070478789208123,13942555.5,0.03359299129099304,ZRE,Zremb,Dec-19,65
Jun-25,6.749962003000645e-08,0.19133158522920243,4642604.4,0.023279421155844516,ZRE,Zremb,Dec-19,66
Jul-25,7.755485217182386e-08,0.13148389942059296,6660271.3,0.02912159755816355,ZRE,Zremb,Dec-19,67
Aug-25,3.171775210419828e-08,0.17636419600760292,11305297.6,0.0378071838938218,ZRE,Zremb,Dec-19,68
Sep-25,2.8013992294868024e-08,0.29633138412462895,30862205.8,0.04548028320202257,ZRE,Zremb,Dec-19,69
