"Date","Price","Open","High","Low","Vol.","Change %"
"30/09/2025","0.1700","0.1700","0.1700","0.1700","0.99K","4.94%"
"29/09/2025","0.1620","0.1700","0.1700","0.1620","0.46K","-4.71%"
"25/09/2025","0.1700","0.1700","0.1700","0.1700","2.00K","0.00%"
"24/09/2025","0.1700","0.1700","0.1700","0.1700","16.19K","0.00%"
"23/09/2025","0.1700","0.1700","0.1700","0.1700","79.32K","8.28%"
"22/09/2025","0.1570","0.1570","0.1570","0.1570","9.15K","-3.68%"
"18/09/2025","0.1630","0.1570","0.1630","0.1570","7.80K","0.00%"
"17/09/2025","0.1630","0.1630","0.1630","0.1630","0.50K","0.00%"
"16/09/2025","0.1630","0.1630","0.1630","0.1630","22.62K","5.16%"
"15/09/2025","0.1550","0.1550","0.1550","0.1550","53.20K","0.00%"
"12/09/2025","0.1550","0.1610","0.1610","0.1550","41.22K","-3.73%"
"11/09/2025","0.1610","0.1610","0.1610","0.1610","17.33K","-0.62%"
"08/09/2025","0.1620","0.1620","0.1620","0.1620","0.82K","-0.61%"
"05/09/2025","0.1630","0.1630","0.1630","0.1630","0.24K","5.16%"
"04/09/2025","0.1550","0.1550","0.1550","0.1550","1.00K","-4.91%"
"03/09/2025","0.1630","0.1640","0.1640","0.1630","5.65K","-0.61%"
"02/09/2025","0.1640","0.1640","0.1640","0.1640","0.01K","6.49%"
"01/09/2025","0.1540","0.1530","0.1540","0.1530","4.00K","-5.52%"
"29/08/2025","0.1630","0.1630","0.1630","0.1630","0.31K","-0.61%"
"28/08/2025","0.1640","0.1640","0.1640","0.1640","5.00K","0.00%"
"27/08/2025","0.1640","0.1640","0.1640","0.1640","2.34K","5.81%"
"26/08/2025","0.1550","0.1540","0.1550","0.1540","2.96K","-4.91%"
"19/08/2025","0.1630","0.1630","0.1630","0.1630","1.00K","0.00%"
"18/08/2025","0.1630","0.1520","0.1630","0.1520","4.98K","0.00%"
"13/08/2025","0.1630","0.1510","0.1630","0.1510","12.01K","0.62%"
"12/08/2025","0.1620","0.1500","0.1620","0.1500","61.00K","-0.61%"
"11/08/2025","0.1630","0.1630","0.1630","0.1630","0.11K","0.00%"
"08/08/2025","0.1630","0.1630","0.1630","0.1630","1.00K","-0.61%"
"05/08/2025","0.1640","0.1640","0.1640","0.1640","0.95K","0.61%"
"01/08/2025","0.1630","0.1510","0.1630","0.1510","20.01K","-0.61%"
"31/07/2025","0.1640","0.1530","0.1640","0.1530","2.01K","7.89%"
"30/07/2025","0.1520","0.1520","0.1520","0.1520","10.00K","0.00%"
"29/07/2025","0.1520","0.1520","0.1520","0.1520","10.00K","-7.32%"
"28/07/2025","0.1640","0.1640","0.1640","0.1640","3.60K","0.00%"
"25/07/2025","0.1640","0.1640","0.1640","0.1640","1.83K","0.00%"
"23/07/2025","0.1640","0.1590","0.1640","0.1590","7.71K","3.14%"
"22/07/2025","0.1590","0.1590","0.1590","0.1590","3.00K","0.00%"
"21/07/2025","0.1590","0.1520","0.1590","0.1520","12.60K","-1.85%"
"18/07/2025","0.1620","0.1620","0.1620","0.1620","4.00K","-1.22%"
"17/07/2025","0.1640","0.1510","0.1640","0.1510","2.30K","-0.61%"
"16/07/2025","0.1650","0.1650","0.1650","0.1650","6.00K","-1.20%"
"15/07/2025","0.1670","0.1680","0.1680","0.1670","12.39K","12.08%"
"14/07/2025","0.1490","0.1480","0.1490","0.1480","24.93K","0.00%"
"11/07/2025","0.1490","0.1490","0.1490","0.1490","29.62K","-1.32%"
"10/07/2025","0.1510","0.1490","0.1510","0.1490","20.00K","-2.58%"
"09/07/2025","0.1550","0.1540","0.1550","0.1540","121.18K","-8.28%"
"04/07/2025","0.1690","0.1690","0.1690","0.1690","17.19K","5.63%"
"03/07/2025","0.1600","0.1600","0.1600","0.1600","29.00K","-5.88%"
"02/07/2025","0.1700","0.1700","0.1700","0.1700","1.04K","6.25%"
"01/07/2025","0.1600","0.1660","0.1660","0.1600","24.94K","-3.61%"
"30/06/2025","0.1660","0.1660","0.1660","0.1660","9.06K","0.00%"
"25/06/2025","0.1660","0.1660","0.1660","0.1660","12.05K","-2.35%"
"23/06/2025","0.1700","0.1700","0.1700","0.1700","5.88K","0.00%"
"20/06/2025","0.1700","0.1700","0.1700","0.1700","0.30K","0.59%"
"18/06/2025","0.1690","0.1690","0.1690","0.1690","6.91K","0.00%"
"17/06/2025","0.1690","0.1690","0.1690","0.1690","5.09K","0.00%"
"16/06/2025","0.1690","0.1690","0.1690","0.1690","0.16K","0.00%"
"13/06/2025","0.1690","0.1690","0.1690","0.1690","0.07K","-0.59%"
"12/06/2025","0.1700","0.1700","0.1700","0.1700","2.00K","0.00%"
"11/06/2025","0.1700","0.1700","0.1700","0.1700","4.00K","0.00%"
"09/06/2025","0.1700","0.1700","0.1700","0.1700","3.03K","0.00%"
"06/06/2025","0.1700","0.1690","0.1700","0.1690","26.83K","0.59%"
"05/06/2025","0.1690","0.1660","0.1690","0.1660","5.88K","2.42%"
"04/06/2025","0.1650","0.1650","0.1650","0.1650","7.65K","0.00%"
"03/06/2025","0.1650","0.1650","0.1650","0.1650","0.22K","0.00%"
"02/06/2025","0.1650","0.1660","0.1660","0.1650","6.82K","-0.60%"
"29/05/2025","0.1660","0.1670","0.1670","0.1660","15.00K","-1.78%"
"28/05/2025","0.1690","0.1690","0.1690","0.1690","0.80K","0.00%"
"26/05/2025","0.1690","0.1690","0.1690","0.1690","0.14K","-0.59%"
"22/05/2025","0.1700","0.1700","0.1700","0.1700","12.65K","0.59%"
"21/05/2025","0.1690","0.1630","0.1690","0.1630","28.80K","-0.59%"
"20/05/2025","0.1700","0.1700","0.1700","0.1700","14.38K","0.00%"
"19/05/2025","0.1700","0.1700","0.1700","0.1700","20.43K","0.00%"
"16/05/2025","0.1700","0.1700","0.1700","0.1700","36.00K","0.00%"
"15/05/2025","0.1700","0.1700","0.1700","0.1700","13.00K","0.00%"
"14/05/2025","0.1700","0.1700","0.1700","0.1700","11.00K","0.00%"
"13/05/2025","0.1700","0.1700","0.1700","0.1700","34.06K","0.00%"
"12/05/2025","0.1700","0.1700","0.1700","0.1700","186.20K","0.00%"
"09/05/2025","0.1700","0.1670","0.1700","0.1670","91.63K","4.94%"
"08/05/2025","0.1620","0.1620","0.1620","0.1620","66.80K","2.53%"
"07/05/2025","0.1580","0.1670","0.1670","0.1580","6.10K","-5.39%"
"06/05/2025","0.1670","0.1670","0.1670","0.1670","0.51K","0.00%"
"05/05/2025","0.1670","0.1670","0.1670","0.1670","3.47K","0.00%"
"02/05/2025","0.1670","0.1670","0.1670","0.1670","0.80K","4.37%"
"30/04/2025","0.1600","0.1600","0.1600","0.1600","5.00K","-4.19%"
"28/04/2025","0.1670","0.1600","0.1670","0.1600","7.94K","4.37%"
"25/04/2025","0.1600","0.1600","0.1600","0.1600","7.50K","0.00%"
"24/04/2025","0.1600","0.1600","0.1600","0.1600","3.00K","4.58%"
"22/04/2025","0.1530","0.1670","0.1670","0.1530","2.00K","-3.16%"
"17/04/2025","0.1580","0.1580","0.1580","0.1580","10.40K","1.28%"
"16/04/2025","0.1560","0.1560","0.1560","0.1560","13.66K","0.65%"
"15/04/2025","0.1550","0.1550","0.1550","0.1550","7.00K","-6.06%"
"09/04/2025","0.1650","0.1650","0.1650","0.1650","3.16K","8.55%"
"08/04/2025","0.1520","0.1650","0.1650","0.1520","4.30K","0.66%"
"07/04/2025","0.1510","0.1510","0.1510","0.1510","9.67K","-11.18%"
"02/04/2025","0.1700","0.1700","0.1700","0.1700","2.06K","0.00%"
"01/04/2025","0.1700","0.1700","0.1700","0.1700","134.61K","0.00%"
"28/03/2025","0.1700","0.1700","0.1700","0.1700","3.00K","0.00%"
"27/03/2025","0.1700","0.1700","0.1700","0.1700","0.50K","6.25%"
"26/03/2025","0.1600","0.1600","0.1600","0.1600","0.20K","0.00%"
"25/03/2025","0.1600","0.1600","0.1600","0.1600","5.00K","-3.03%"
"24/03/2025","0.1650","0.1650","0.1650","0.1650","6.53K","-2.94%"
"20/03/2025","0.1700","0.1700","0.1700","0.1700","3.00K","-5.56%"
"19/03/2025","0.1800","0.1650","0.1800","0.1650","13.55K","-2.70%"
"17/03/2025","0.1850","0.1850","0.1850","0.1850","5.57K","4.52%"
"14/03/2025","0.1770","0.1685","0.1770","0.1685","3.49K","7.27%"
"13/03/2025","0.1650","0.1645","0.1650","0.1645","8.39K","0.30%"
"12/03/2025","0.1645","0.1645","0.1645","0.1645","0.68K","7.87%"
"11/03/2025","0.1525","0.1525","0.1525","0.1525","15.59K","-8.96%"
"07/03/2025","0.1675","0.1675","0.1675","0.1675","15.72K","0.00%"
"05/03/2025","0.1675","0.1675","0.1675","0.1675","0.39K","4.04%"
"04/03/2025","0.1610","0.1610","0.1610","0.1610","17.15K","-0.31%"
"03/03/2025","0.1615","0.1615","0.1615","0.1615","0.80K","-2.12%"
"28/02/2025","0.1650","0.1650","0.1650","0.1650","11.07K","-2.65%"
"27/02/2025","0.1695","0.1770","0.1770","0.1695","1.67K","-0.29%"
"26/02/2025","0.1700","0.1695","0.1700","0.1695","41.67K","0.29%"
"25/02/2025","0.1695","0.1695","0.1695","0.1695","0.10K","3.35%"
"24/02/2025","0.1640","0.1740","0.1740","0.1640","1.91K","-2.96%"
"21/02/2025","0.1690","0.1640","0.1690","0.1640","11.31K","3.05%"
"20/02/2025","0.1640","0.1650","0.1650","0.1640","30.00K","-3.24%"
"19/02/2025","0.1695","0.1695","0.1695","0.1695","12.00K","-5.04%"
"18/02/2025","0.1785","0.1645","0.1785","0.1645","32.92K","-0.28%"
"17/02/2025","0.1790","0.1630","0.1790","0.1630","20.59K","-1.65%"
"13/02/2025","0.1820","0.1820","0.1820","0.1820","12.20K","1.39%"
"12/02/2025","0.1795","0.1795","0.1795","0.1795","3.14K","0.00%"
"11/02/2025","0.1795","0.1900","0.1900","0.1795","6.67K","-5.53%"
"10/02/2025","0.1900","0.1900","0.1900","0.1900","0.20K","2.15%"
"06/02/2025","0.1860","0.1860","0.1860","0.1860","7.80K","0.00%"
"05/02/2025","0.1860","0.1860","0.1860","0.1860","2.00K","3.62%"
"04/02/2025","0.1795","0.1795","0.1795","0.1795","0.26K","-3.49%"
"03/02/2025","0.1860","0.1900","0.1900","0.1860","5.06K","-2.11%"
"31/01/2025","0.1900","0.1900","0.1900","0.1900","0.63K","0.00%"
"30/01/2025","0.1900","0.1900","0.1900","0.1900","7.50K","5.85%"
"28/01/2025","0.1795","0.1795","0.1795","0.1795","6.82K","-7.47%"
"24/01/2025","0.1940","0.1940","0.1940","0.1940","1.55K","-0.51%"
"23/01/2025","0.1950","0.1950","0.1950","0.1950","3.20K","5.41%"
"21/01/2025","0.1850","0.1850","0.1850","0.1850","1.48K","-2.63%"
"20/01/2025","0.1900","0.1960","0.1960","0.1900","4.50K","0.00%"
"17/01/2025","0.1900","0.1900","0.1900","0.1900","18.40K","0.00%"
"16/01/2025","0.1900","0.1900","0.1900","0.1900","11.23K","0.00%"
"15/01/2025","0.1900","0.1850","0.1900","0.1850","2.01K","2.70%"
"14/01/2025","0.1850","0.1800","0.1850","0.1800","2.00K","0.00%"
"13/01/2025","0.1850","0.1795","0.1850","0.1795","11.59K","0.00%"
"10/01/2025","0.1850","0.1795","0.1850","0.1795","3.38K","3.06%"
"09/01/2025","0.1795","0.1595","0.1795","0.1595","12.49K","-0.28%"
"08/01/2025","0.1800","0.1900","0.1900","0.1800","0.58K","-1.10%"
"07/01/2025","0.1820","0.1820","0.1820","0.1820","11.22K","-9.00%"
"03/01/2025","0.2000","0.1760","0.2000","0.1760","5.65K","13.96%"
"30/12/2024","0.1755","0.1755","0.1755","0.1755","7.00K","-0.28%"
"27/12/2024","0.1760","0.1510","0.1760","0.1510","11.16K","10.00%"
"23/12/2024","0.1600","0.1600","0.1600","0.1600","10.41K","7.38%"
"20/12/2024","0.1490","0.1500","0.1500","0.1490","21.52K","-5.70%"
"19/12/2024","0.1580","0.1580","0.1580","0.1580","41.45K","-1.25%"
"18/12/2024","0.1600","0.1580","0.1600","0.1580","2.63K","0.00%"
"17/12/2024","0.1600","0.1580","0.1600","0.1580","11.28K","0.00%"
"16/12/2024","0.1600","0.1600","0.1600","0.1600","11.49K","-3.03%"
"13/12/2024","0.1650","0.1650","0.1650","0.1650","4.38K","0.00%"
"12/12/2024","0.1650","0.1820","0.1820","0.1650","4.12K","-4.07%"
"11/12/2024","0.1720","0.1650","0.1720","0.1650","7.14K","-3.37%"
"10/12/2024","0.1780","0.1700","0.1780","0.1700","6.43K","12.66%"
"09/12/2024","0.1580","0.1600","0.1600","0.1580","50.38K","-1.25%"
"06/12/2024","0.1600","0.1640","0.1640","0.1600","28.14K","-4.76%"
"05/12/2024","0.1680","0.1670","0.1680","0.1670","6.73K","0.00%"
"04/12/2024","0.1680","0.1700","0.1700","0.1680","14.45K","-5.62%"
"03/12/2024","0.1780","0.1710","0.1780","0.1710","4.50K","4.09%"
"02/12/2024","0.1710","0.1710","0.1710","0.1710","15.54K","-0.58%"
"29/11/2024","0.1720","0.1785","0.1785","0.1720","40.51K","-3.37%"
"28/11/2024","0.1780","0.1780","0.1780","0.1780","10.00K","-3.52%"
"27/11/2024","0.1845","0.1740","0.1845","0.1740","30.41K","-2.38%"
"26/11/2024","0.1890","0.1710","0.1890","0.1710","19.25K","0.00%"
"25/11/2024","0.1890","0.1670","0.1890","0.1670","13.40K","13.86%"
"22/11/2024","0.1660","0.1890","0.1890","0.1660","5.47K","-3.49%"
"21/11/2024","0.1720","0.1720","0.1720","0.1720","3.10K","7.50%"
"20/11/2024","0.1600","0.1500","0.1600","0.1500","40.28K","4.58%"
"19/11/2024","0.1530","0.1530","0.1530","0.1530","0.92K","-23.50%"
"18/11/2024","0.2000","0.2000","0.2000","0.2000","0.01K","0.00%"
"14/11/2024","0.2000","0.2000","0.2000","0.2000","0.03K","0.00%"
"13/11/2024","0.2000","0.2000","0.2000","0.2000","10.00K","0.25%"
"12/11/2024","0.1995","0.1995","0.1995","0.1995","3.35K","0.25%"
"08/11/2024","0.1990","0.1990","0.1990","0.1990","3.25K","0.00%"
"07/11/2024","0.1990","0.1990","0.1990","0.1990","2.30K","1.02%"
"06/11/2024","0.1970","0.1970","0.1970","0.1970","13.04K","-0.51%"
"04/11/2024","0.1980","0.2000","0.2000","0.1980","17.05K","0.00%"
"31/10/2024","0.1980","0.2000","0.2000","0.1980","1.15K","-0.50%"
"30/10/2024","0.1990","0.2000","0.2000","0.1990","3.46K","-0.50%"
"28/10/2024","0.2000","0.1980","0.2000","0.1980","1.24K","1.01%"
"25/10/2024","0.1980","0.1980","0.1980","0.1980","6.29K","-1.00%"
"24/10/2024","0.2000","0.2000","0.2000","0.2000","11.92K","-6.10%"
"23/10/2024","0.2130","0.2130","0.2130","0.2130","0.01K","6.50%"
"22/10/2024","0.2000","0.2000","0.2000","0.2000","13.40K","-5.66%"
"21/10/2024","0.2120","0.2010","0.2120","0.2010","1.58K","-0.47%"
"18/10/2024","0.2130","0.2130","0.2130","0.2130","0.55K","-0.93%"
"17/10/2024","0.2150","0.2150","0.2150","0.2150","1.44K","0.00%"
"16/10/2024","0.2150","0.2040","0.2150","0.2040","9.15K","0.00%"
"15/10/2024","0.2150","0.2150","0.2150","0.2150","1.83K","0.00%"
"08/10/2024","0.2150","0.2150","0.2150","0.2150","1.77K","6.44%"
"07/10/2024","0.2020","0.2020","0.2020","0.2020","13.00K","0.00%"
"04/10/2024","0.2020","0.2100","0.2100","0.2020","12.70K","0.00%"
"03/10/2024","0.2020","0.2060","0.2060","0.2020","17.15K","-1.94%"
"02/10/2024","0.2060","0.2150","0.2150","0.2060","16.40K","-4.63%"
"30/09/2024","0.2160","0.2160","0.2160","0.2160","0.20K","-0.46%"
"26/09/2024","0.2170","0.2070","0.2170","0.2070","0.76K","0.00%"
"25/09/2024","0.2170","0.2070","0.2170","0.2070","8.89K","-0.46%"
"24/09/2024","0.2180","0.2070","0.2180","0.2070","3.77K","-0.46%"
"23/09/2024","0.2190","0.2190","0.2190","0.2070","1.28K","1.39%"
"20/09/2024","0.2160","0.2160","0.2160","0.2160","7.99K","0.00%"
"19/09/2024","0.2160","0.2130","0.2180","0.2060","3.53K","0.47%"
"18/09/2024","0.2150","0.2140","0.2150","0.2140","1.45K","1.42%"
"17/09/2024","0.2120","0.2050","0.2120","0.2050","30.54K","0.00%"
"16/09/2024","0.2120","0.2090","0.2120","0.2040","9.23K","1.44%"
"13/09/2024","0.2090","0.2040","0.2090","0.2040","7.10K","4.76%"
"12/09/2024","0.1995","0.2030","0.2050","0.1995","1.86K","-2.68%"
"11/09/2024","0.2050","0.2040","0.2050","0.2040","5.27K","0.99%"
"10/09/2024","0.2030","0.2030","0.2030","0.2030","5.00K","0.00%"
"09/09/2024","0.2030","0.2020","0.2040","0.2000","28.18K","0.50%"
"06/09/2024","0.2020","0.2040","0.2040","0.2020","5.00K","-0.98%"
"05/09/2024","0.2040","0.2040","0.2040","0.2040","0.00K","-1.45%"
"04/09/2024","0.2070","0.2060","0.2100","0.2050","20.63K","-1.43%"
"02/09/2024","0.2100","0.2070","0.2100","0.2070","3.64K","0.00%"
"30/08/2024","0.2100","0.2100","0.2100","0.2100","4.82K","-3.67%"
"29/08/2024","0.2180","0.2190","0.2190","0.2110","20.02K","-0.46%"
"28/08/2024","0.2190","0.2190","0.2190","0.2190","1.17K","1.86%"
"27/08/2024","0.2150","0.2060","0.2150","0.2060","0.30K","1.90%"
"23/08/2024","0.2110","0.2200","0.2200","0.2050","7.71K","-4.09%"
"22/08/2024","0.2200","0.2070","0.2200","0.2070","0.71K","-0.45%"
"21/08/2024","0.2210","0.2200","0.2210","0.2090","0.70K","0.00%"
"20/08/2024","0.2210","0.2090","0.2210","0.2090","0.05K","0.91%"
"19/08/2024","0.2190","0.2080","0.2200","0.2080","5.76K","-0.90%"
"16/08/2024","0.2210","0.2210","0.2210","0.2210","0.10K","-0.45%"
"12/08/2024","0.2220","0.2020","0.2220","0.2020","16.53K","5.21%"
"09/08/2024","0.2110","0.2110","0.2110","0.2110","0.48K","0.00%"
"08/08/2024","0.2110","0.2000","0.2120","0.2000","1.75K","-0.47%"
"07/08/2024","0.2120","0.2120","0.2120","0.2120","0.11K","0.47%"
"06/08/2024","0.2110","0.2100","0.2110","0.2100","4.00K","0.00%"
"05/08/2024","0.2110","0.2080","0.2120","0.2000","25.95K","-1.40%"
"01/08/2024","0.2140","0.2140","0.2140","0.2140","0.65K","0.00%"
"31/07/2024","0.2140","0.2140","0.2140","0.2140","0.70K","0.00%"
"30/07/2024","0.2140","0.2170","0.2170","0.2000","139.13K","-4.89%"
"26/07/2024","0.2250","0.2250","0.2250","0.2250","0.08K","0.00%"
"25/07/2024","0.2250","0.2250","0.2250","0.2160","4.30K","0.00%"
"24/07/2024","0.2250","0.2240","0.2250","0.2180","5.65K","0.45%"
"23/07/2024","0.2240","0.2190","0.2240","0.2160","33.43K","-0.88%"
"22/07/2024","0.2260","0.2260","0.2260","0.2260","0.11K","-0.44%"
"18/07/2024","0.2270","0.2160","0.2270","0.2160","13.14K","2.71%"
"17/07/2024","0.2210","0.2210","0.2210","0.2210","0.61K","-0.45%"
"16/07/2024","0.2220","0.2210","0.2240","0.2150","54.23K","0.45%"
"15/07/2024","0.2210","0.2210","0.2240","0.2210","5.07K","-1.78%"
"12/07/2024","0.2250","0.2210","0.2250","0.2200","20.93K","0.00%"
"11/07/2024","0.2250","0.2260","0.2260","0.2210","0.93K","-0.88%"
"10/07/2024","0.2270","0.2200","0.2270","0.2200","52.90K","3.65%"
"09/07/2024","0.2190","0.2200","0.2250","0.2180","42.39K","-0.45%"
"08/07/2024","0.2200","0.2270","0.2270","0.2200","86.19K","-3.08%"
"05/07/2024","0.2270","0.2270","0.2270","0.2270","0.10K","0.00%"
"04/07/2024","0.2270","0.2220","0.2280","0.2220","45.21K","-0.44%"
"03/07/2024","0.2280","0.2220","0.2280","0.2220","1.56K","-0.87%"
"02/07/2024","0.2300","0.2330","0.2330","0.2200","40.13K","-0.86%"
"01/07/2024","0.2320","0.2330","0.2330","0.2250","2.11K","-0.43%"
"28/06/2024","0.2330","0.2330","0.2340","0.2330","4.41K","0.00%"
"27/06/2024","0.2330","0.2320","0.2340","0.2220","22.09K","0.43%"
"26/06/2024","0.2320","0.2220","0.2320","0.2210","88.87K","2.65%"
"25/06/2024","0.2260","0.2220","0.2260","0.2210","18.97K","-0.88%"
"24/06/2024","0.2280","0.2270","0.2280","0.2220","4.95K","0.44%"
"21/06/2024","0.2270","0.2270","0.2270","0.2220","0.68K","0.00%"
"20/06/2024","0.2270","0.2280","0.2280","0.2270","0.24K","-0.44%"
"19/06/2024","0.2280","0.2250","0.2280","0.2220","1.06K","-0.44%"
"17/06/2024","0.2290","0.2290","0.2290","0.2290","0.04K","0.44%"
"14/06/2024","0.2280","0.2250","0.2280","0.2200","14.59K","1.33%"
"13/06/2024","0.2250","0.2200","0.2280","0.2200","1.80K","1.81%"
"12/06/2024","0.2210","0.2220","0.2290","0.2200","24.16K","-3.07%"
"11/06/2024","0.2280","0.2280","0.2280","0.2280","0.54K","0.44%"
"10/06/2024","0.2270","0.2210","0.2270","0.2210","5.45K","-0.87%"
"07/06/2024","0.2290","0.2280","0.2290","0.2280","4.72K","0.00%"
"06/06/2024","0.2290","0.2280","0.2290","0.2200","23.37K","0.44%"
"05/06/2024","0.2280","0.2200","0.2290","0.2200","31.03K","3.64%"
"04/06/2024","0.2200","0.2250","0.2250","0.2200","12.58K","-4.35%"
"03/06/2024","0.2300","0.2300","0.2300","0.2300","0.20K","0.00%"
"31/05/2024","0.2300","0.2290","0.2300","0.2220","2.07K","0.44%"
"29/05/2024","0.2290","0.2260","0.2320","0.2200","21.42K","-1.72%"
"28/05/2024","0.2330","0.2330","0.2330","0.2330","0.01K","0.00%"
"27/05/2024","0.2330","0.2320","0.2330","0.2250","2.64K","0.43%"
"24/05/2024","0.2320","0.2300","0.2330","0.2220","6.63K","-0.43%"
"23/05/2024","0.2330","0.2250","0.2330","0.2250","0.87K","0.43%"
"22/05/2024","0.2320","0.2250","0.2320","0.2210","16.45K","1.75%"
"21/05/2024","0.2280","0.2300","0.2340","0.2280","10.02K","-0.87%"
"20/05/2024","0.2300","0.2190","0.2300","0.2190","60.57K","4.55%"
"17/05/2024","0.2200","0.2220","0.2260","0.2200","53.50K","-1.79%"
"16/05/2024","0.2240","0.2180","0.2260","0.2100","26.17K","-0.88%"
"15/05/2024","0.2260","0.2200","0.2260","0.2180","65.55K","0.00%"
"14/05/2024","0.2260","0.2260","0.2260","0.2260","0.65K","-2.16%"
"13/05/2024","0.2310","0.2280","0.2360","0.2280","41.25K","1.32%"
"10/05/2024","0.2280","0.2280","0.2280","0.2270","1.62K","0.44%"
"09/05/2024","0.2270","0.2210","0.2270","0.2200","9.53K","2.71%"
"08/05/2024","0.2210","0.2210","0.2250","0.2210","1.35K","-2.64%"
"07/05/2024","0.2270","0.2260","0.2270","0.2260","4.05K","0.44%"
"06/05/2024","0.2260","0.2180","0.2260","0.2170","13.11K","0.00%"
"02/05/2024","0.2260","0.2200","0.2260","0.2160","20.86K","2.26%"
"30/04/2024","0.2210","0.2200","0.2210","0.2200","5.84K","-2.64%"
"29/04/2024","0.2270","0.2270","0.2270","0.2270","0.08K","0.00%"
"26/04/2024","0.2270","0.2270","0.2270","0.2270","0.00K","0.00%"
"25/04/2024","0.2270","0.2240","0.2270","0.2190","12.76K","1.34%"
"24/04/2024","0.2240","0.2240","0.2240","0.2110","19.40K","0.00%"
"23/04/2024","0.2240","0.2260","0.2260","0.2170","12.44K","-0.44%"
"22/04/2024","0.2250","0.2250","0.2250","0.2250","0.31K","4.65%"
"19/04/2024","0.2150","0.2200","0.2250","0.2150","6.13K","0.47%"
"18/04/2024","0.2140","0.2210","0.2210","0.2110","5.91K","-5.73%"
"16/04/2024","0.2270","0.2270","0.2270","0.2270","0.15K","0.44%"
"15/04/2024","0.2260","0.2220","0.2270","0.2140","2.47K","-0.88%"
"12/04/2024","0.2280","0.2280","0.2280","0.2280","0.60K","0.00%"
"11/04/2024","0.2280","0.2240","0.2280","0.2220","2.10K","-0.87%"
"10/04/2024","0.2300","0.2230","0.2300","0.2230","18.00K","0.88%"
"09/04/2024","0.2280","0.2260","0.2290","0.2220","23.34K","-0.44%"
"08/04/2024","0.2290","0.2300","0.2300","0.2240","9.05K","-0.43%"
"05/04/2024","0.2300","0.2310","0.2310","0.2300","1.20K","1.77%"
"04/04/2024","0.2260","0.2260","0.2320","0.2260","1.69K","-2.59%"
"03/04/2024","0.2320","0.2280","0.2320","0.2280","13.90K","-0.85%"
"02/04/2024","0.2340","0.2190","0.2400","0.2190","10.44K","6.36%"
"28/03/2024","0.2200","0.2200","0.2200","0.2200","15.61K","0.00%"
"27/03/2024","0.2200","0.2180","0.2200","0.2140","26.05K","3.77%"
"26/03/2024","0.2120","0.2180","0.2200","0.2100","49.11K","-4.50%"
"25/03/2024","0.2220","0.2260","0.2260","0.2220","1.27K","-2.63%"
"22/03/2024","0.2280","0.2280","0.2280","0.2160","19.97K","0.00%"
"21/03/2024","0.2280","0.2200","0.2280","0.2200","0.37K","0.00%"
"20/03/2024","0.2280","0.2280","0.2280","0.2280","0.05K","0.00%"
"19/03/2024","0.2280","0.2280","0.2280","0.2280","0.61K","0.00%"
"18/03/2024","0.2280","0.2200","0.2280","0.2200","1.61K","0.00%"
"15/03/2024","0.2280","0.2260","0.2280","0.2180","24.69K","0.00%"
"14/03/2024","0.2280","0.2280","0.2280","0.2280","5.00K","0.00%"
"13/03/2024","0.2280","0.2220","0.2280","0.2160","68.41K","2.70%"
"12/03/2024","0.2220","0.2200","0.2220","0.2200","5.31K","1.83%"
"11/03/2024","0.2180","0.2200","0.2200","0.2120","6.25K","-0.91%"
"08/03/2024","0.2200","0.2180","0.2200","0.2160","14.70K","0.92%"
"07/03/2024","0.2180","0.2160","0.2180","0.2160","26.01K","0.00%"
"06/03/2024","0.2180","0.2180","0.2180","0.2180","9.48K","0.00%"
"05/03/2024","0.2180","0.2180","0.2180","0.2180","4.84K","-4.39%"
"04/03/2024","0.2280","0.2140","0.2280","0.2140","25.81K","4.59%"
"01/03/2024","0.2180","0.2200","0.2280","0.2160","28.30K","0.93%"
"29/02/2024","0.2160","0.2180","0.2180","0.2160","1.59K","-4.42%"
"28/02/2024","0.2260","0.2260","0.2260","0.2260","0.10K","0.89%"
"27/02/2024","0.2240","0.2220","0.2240","0.2120","95.69K","-1.75%"
"26/02/2024","0.2280","0.2280","0.2280","0.2220","1.49K","-0.87%"
"23/02/2024","0.2300","0.2340","0.2340","0.2220","25.26K","-1.71%"
"22/02/2024","0.2340","0.2300","0.2340","0.2200","75.22K","1.74%"
"21/02/2024","0.2300","0.2280","0.2300","0.2200","2.12K","0.88%"
"20/02/2024","0.2280","0.2180","0.2280","0.2180","29.94K","6.54%"
"19/02/2024","0.2140","0.2180","0.2180","0.2140","25.01K","-2.73%"
"16/02/2024","0.2200","0.2260","0.2260","0.2200","26.14K","-1.79%"
"15/02/2024","0.2240","0.2180","0.2260","0.2140","14.74K","6.67%"
"14/02/2024","0.2100","0.2240","0.2240","0.2100","135.48K","-7.89%"
"13/02/2024","0.2280","0.2280","0.2300","0.2160","40.65K","3.64%"
"12/02/2024","0.2200","0.2240","0.2340","0.2200","46.14K","-5.17%"
"09/02/2024","0.2320","0.2320","0.2380","0.2320","4.21K","-0.85%"
"08/02/2024","0.2340","0.2380","0.2380","0.2340","7.81K","-1.68%"
"07/02/2024","0.2380","0.2300","0.2380","0.2260","10.14K","0.85%"
"06/02/2024","0.2360","0.2300","0.2360","0.2300","0.53K","0.00%"
"05/02/2024","0.2360","0.2380","0.2380","0.2220","3.37K","0.85%"
"02/02/2024","0.2340","0.2300","0.2360","0.2300","3.45K","4.46%"
"01/02/2024","0.2240","0.2320","0.2400","0.2220","43.88K","-2.61%"
"31/01/2024","0.2300","0.2360","0.2360","0.2220","6.88K","-3.36%"
"30/01/2024","0.2380","0.2380","0.2380","0.2200","33.84K","0.85%"
"29/01/2024","0.2360","0.2360","0.2360","0.2360","0.07K","2.61%"
"26/01/2024","0.2300","0.2360","0.2360","0.2300","2.56K","-2.54%"
"25/01/2024","0.2360","0.2340","0.2360","0.2340","7.00K","0.85%"
"24/01/2024","0.2340","0.2280","0.2340","0.2280","8.42K","3.54%"
"23/01/2024","0.2260","0.2300","0.2300","0.2260","1.05K","-4.24%"
"19/01/2024","0.2360","0.2380","0.2380","0.2280","14.66K","-0.84%"
"18/01/2024","0.2380","0.2380","0.2380","0.2380","0.20K","-0.83%"
"17/01/2024","0.2400","0.2340","0.2400","0.2280","12.52K","0.00%"
"16/01/2024","0.2400","0.2400","0.2400","0.2400","0.10K","0.84%"
"15/01/2024","0.2380","0.2420","0.2480","0.2380","0.29K","0.00%"
"12/01/2024","0.2380","0.2300","0.2400","0.2260","33.66K","7.21%"
"11/01/2024","0.2220","0.2220","0.2300","0.2220","26.07K","-2.63%"
"10/01/2024","0.2280","0.2280","0.2280","0.2200","35.25K","-3.39%"
"09/01/2024","0.2360","0.2280","0.2360","0.2280","9.81K","-0.84%"
"08/01/2024","0.2380","0.2400","0.2400","0.2300","31.13K","-0.83%"
"05/01/2024","0.2400","0.2380","0.2400","0.2300","11.41K","0.84%"
"04/01/2024","0.2380","0.2360","0.2380","0.2360","35.22K","0.00%"
"03/01/2024","0.2380","0.2300","0.2380","0.2300","10.90K","3.48%"
"02/01/2024","0.2300","0.2200","0.2300","0.2200","10.40K","0.88%"
"29/12/2023","0.2280","0.2200","0.2280","0.2200","15.13K","-0.87%"
"28/12/2023","0.2300","0.2100","0.2300","0.2100","37.23K","6.48%"
"27/12/2023","0.2160","0.2180","0.2200","0.2060","201.78K","-1.82%"
"22/12/2023","0.2200","0.2160","0.2320","0.2160","47.24K","1.85%"
"21/12/2023","0.2160","0.2260","0.2280","0.2160","23.57K","-6.09%"
"20/12/2023","0.2300","0.2340","0.2340","0.2300","3.86K","0.88%"
"19/12/2023","0.2280","0.2380","0.2420","0.2220","52.60K","-4.20%"
"18/12/2023","0.2380","0.2380","0.2420","0.2360","4.44K","0.00%"
"15/12/2023","0.2380","0.2380","0.2400","0.2380","0.57K","3.48%"
"14/12/2023","0.2300","0.2300","0.2460","0.2300","80.54K","-10.16%"
"13/12/2023","0.2560","0.2580","0.2580","0.2440","0.70K","-0.78%"
"12/12/2023","0.2580","0.2580","0.2580","0.2580","5.49K","0.00%"
"11/12/2023","0.2580","0.2500","0.2640","0.2400","45.62K","3.20%"
"08/12/2023","0.2500","0.2300","0.2640","0.2220","65.45K","8.70%"
"07/12/2023","0.2300","0.2300","0.2300","0.2220","114.75K","-1.71%"
"06/12/2023","0.2340","0.2260","0.2340","0.2240","4.86K","3.54%"
"05/12/2023","0.2260","0.2260","0.2300","0.2260","19.64K","-3.42%"
"04/12/2023","0.2340","0.2200","0.2340","0.2200","3.43K","-0.85%"
"01/12/2023","0.2360","0.2300","0.2360","0.2300","15.72K","-0.84%"
"30/11/2023","0.2380","0.2460","0.2500","0.2200","176.06K","-0.83%"
"29/11/2023","0.2400","0.2700","0.2700","0.2400","91.63K","-11.11%"
"28/11/2023","0.2700","0.2840","0.2840","0.2700","7.03K","-4.93%"
"27/11/2023","0.2840","0.2800","0.2840","0.2680","23.09K","1.43%"
"24/11/2023","0.2800","0.2700","0.2800","0.2660","11.33K","-1.41%"
"23/11/2023","0.2840","0.2860","0.2860","0.2680","2.86K","-0.70%"
"22/11/2023","0.2860","0.2860","0.2860","0.2860","0.04K","0.00%"
"21/11/2023","0.2860","0.2700","0.2860","0.2660","5.30K","0.00%"
"20/11/2023","0.2860","0.2860","0.2860","0.2860","3.05K","0.00%"
"17/11/2023","0.2860","0.2700","0.2860","0.2700","2.47K","0.70%"
"16/11/2023","0.2840","0.2760","0.2840","0.2700","13.06K","-1.39%"
"15/11/2023","0.2880","0.2860","0.2960","0.2680","62.71K","0.70%"
"14/11/2023","0.2860","0.2820","0.2860","0.2620","8.41K","2.14%"
"13/11/2023","0.2800","0.2620","0.2880","0.2620","27.25K","7.69%"
"10/11/2023","0.2600","0.2840","0.2880","0.2600","109.08K","-10.34%"
"09/11/2023","0.2900","0.2980","0.3060","0.2820","243.36K","0.00%"
"08/11/2023","0.2900","0.2800","0.2900","0.2800","52.41K","3.57%"
"07/11/2023","0.2800","0.2600","0.2800","0.2560","41.64K","0.00%"
"06/11/2023","0.2800","0.2600","0.2900","0.2600","109.65K","7.69%"
"03/11/2023","0.2600","0.2500","0.2600","0.2500","65.44K","3.17%"
"02/11/2023","0.2520","0.2540","0.2540","0.2440","5.56K","0.80%"
"31/10/2023","0.2500","0.2420","0.2600","0.2420","10.50K","4.17%"
"30/10/2023","0.2400","0.2480","0.2480","0.2400","0.97K","-0.83%"
"27/10/2023","0.2420","0.2420","0.2480","0.2420","2.43K","0.00%"
"26/10/2023","0.2420","0.2500","0.2500","0.2420","2.34K","-0.82%"
"25/10/2023","0.2440","0.2440","0.2440","0.2440","5.98K","-1.61%"
"24/10/2023","0.2480","0.2400","0.2480","0.2400","6.24K","3.33%"
"23/10/2023","0.2400","0.2560","0.2560","0.2400","27.34K","-4.00%"
"20/10/2023","0.2500","0.2540","0.2560","0.2400","95.00K","-6.02%"
"19/10/2023","0.2660","0.2560","0.2660","0.2520","18.15K","1.53%"
"18/10/2023","0.2620","0.2580","0.2680","0.2520","106.07K","-2.24%"
"17/10/2023","0.2680","0.2640","0.2680","0.2560","30.94K","1.52%"
"16/10/2023","0.2640","0.2540","0.2740","0.2500","72.46K","0.76%"
"13/10/2023","0.2620","0.2520","0.2640","0.2500","55.42K","4.80%"
"12/10/2023","0.2500","0.2580","0.2660","0.2500","90.07K","-2.34%"
"11/10/2023","0.2560","0.2600","0.2600","0.2500","86.68K","-1.54%"
"10/10/2023","0.2600","0.2580","0.2680","0.2500","82.05K","0.00%"
"09/10/2023","0.2600","0.2780","0.2860","0.2540","302.96K","-10.96%"
"06/10/2023","0.2920","0.3080","0.3080","0.2780","241.47K","-2.01%"
"05/10/2023","0.2980","0.2840","0.2980","0.2640","962.75K","5.67%"
"04/10/2023","0.2820","0.3400","0.3460","0.2820","2.56M","-6.00%"
"03/10/2023","0.3000","0.2260","0.3000","0.2040","2.51M","42.86%"
"02/10/2023","0.2100","0.2100","0.2100","0.2100","11.50K","0.00%"
"29/09/2023","0.2100","0.2080","0.2100","0.2080","0.30K","2.94%"
"28/09/2023","0.2040","0.2060","0.2060","0.2040","5.02K","-2.86%"
"26/09/2023","0.2100","0.2100","0.2100","0.2100","4.00K","1.94%"
"25/09/2023","0.2060","0.2080","0.2120","0.2060","21.35K","-0.96%"
"22/09/2023","0.2080","0.2060","0.2080","0.2060","0.31K","0.97%"
"21/09/2023","0.2060","0.2120","0.2120","0.2000","39.38K","0.98%"
"20/09/2023","0.2040","0.2080","0.2140","0.2040","22.46K","-6.42%"
"19/09/2023","0.2180","0.2200","0.2200","0.2040","15.54K","-0.91%"
"18/09/2023","0.2200","0.2060","0.2240","0.2040","122.36K","10.55%"
"14/09/2023","0.1990","0.2000","0.2040","0.1970","0.42K","-4.33%"
"12/09/2023","0.2080","0.2080","0.2080","0.2080","1.00K","4.00%"
"11/09/2023","0.2000","0.2040","0.2080","0.2000","23.66K","-1.96%"
"08/09/2023","0.2040","0.2060","0.2080","0.2000","26.56K","-0.97%"
"07/09/2023","0.2060","0.2020","0.2060","0.2000","85.27K","-0.96%"
"05/09/2023","0.2080","0.2040","0.2080","0.2020","16.73K","1.96%"
"04/09/2023","0.2040","0.2060","0.2060","0.2040","9.11K","-1.92%"
"01/09/2023","0.2080","0.2080","0.2080","0.2080","3.05K","0.00%"
"31/08/2023","0.2080","0.2080","0.2080","0.2080","0.05K","0.97%"
"30/08/2023","0.2060","0.2080","0.2080","0.2060","0.13K","-0.96%"
"29/08/2023","0.2080","0.2040","0.2080","0.2020","37.20K","1.96%"
"28/08/2023","0.2040","0.2100","0.2100","0.2040","48.55K","-2.86%"
"25/08/2023","0.2100","0.2120","0.2120","0.2060","50.53K","-0.94%"
"24/08/2023","0.2120","0.2120","0.2120","0.2120","8.10K","-2.75%"
"23/08/2023","0.2180","0.2180","0.2180","0.2180","1.00K","0.00%"
"22/08/2023","0.2180","0.2140","0.2180","0.2140","31.06K","5.83%"
"21/08/2023","0.2060","0.2140","0.2140","0.2060","19.82K","-2.83%"
"18/08/2023","0.2120","0.2120","0.2120","0.2120","10.03K","0.00%"
"17/08/2023","0.2120","0.2120","0.2120","0.2120","0.18K","0.00%"
"16/08/2023","0.2120","0.2180","0.2200","0.2120","35.99K","-3.64%"
"14/08/2023","0.2200","0.2100","0.2200","0.2100","8.17K","1.85%"
"11/08/2023","0.2160","0.2100","0.2160","0.2100","2.05K","0.93%"
"10/08/2023","0.2140","0.2140","0.2140","0.2140","5.00K","-0.93%"
"09/08/2023","0.2160","0.2120","0.2160","0.2120","5.82K","0.00%"
"08/08/2023","0.2160","0.2160","0.2160","0.2120","3.23K","0.00%"
"07/08/2023","0.2160","0.2100","0.2160","0.2100","0.23K","0.00%"
"04/08/2023","0.2160","0.2160","0.2160","0.2100","21.60K","0.93%"
"03/08/2023","0.2140","0.2240","0.2240","0.2060","69.16K","-2.73%"
"02/08/2023","0.2200","0.2220","0.2240","0.2160","20.01K","-0.90%"
"01/08/2023","0.2220","0.2160","0.2240","0.2160","59.11K","0.00%"
"31/07/2023","0.2220","0.2260","0.2260","0.2160","12.78K","-1.77%"
"28/07/2023","0.2260","0.2200","0.2300","0.2120","27.95K","2.73%"
"27/07/2023","0.2200","0.2280","0.2280","0.2080","98.52K","1.85%"
"26/07/2023","0.2160","0.2160","0.2340","0.2100","201.65K","-0.92%"
"25/07/2023","0.2180","0.2180","0.2180","0.2180","30.00K","0.00%"
"24/07/2023","0.2180","0.2180","0.2180","0.2160","49.89K","0.93%"
"21/07/2023","0.2160","0.2160","0.2160","0.2160","5.89K","2.86%"
"20/07/2023","0.2100","0.2100","0.2180","0.2100","82.36K","-3.67%"
"19/07/2023","0.2180","0.2180","0.2180","0.2100","8.08K","0.00%"
"18/07/2023","0.2180","0.2080","0.2200","0.2020","78.15K","4.81%"
"17/07/2023","0.2080","0.2040","0.2100","0.2040","57.04K","2.97%"
"14/07/2023","0.2020","0.2080","0.2080","0.2020","71.58K","-1.94%"
"13/07/2023","0.2060","0.2020","0.2060","0.2020","9.62K","1.98%"
"12/07/2023","0.2020","0.2040","0.2100","0.2020","14.35K","-2.88%"
"11/07/2023","0.2080","0.2100","0.2100","0.2060","10.13K","-0.95%"
"10/07/2023","0.2100","0.2080","0.2100","0.2080","30.75K","0.96%"
"07/07/2023","0.2080","0.2020","0.2080","0.2000","31.74K","0.00%"
"06/07/2023","0.2080","0.2020","0.2080","0.1980","140.32K","0.00%"
"05/07/2023","0.2080","0.2080","0.2100","0.1970","364.70K","-5.45%"
"04/07/2023","0.2200","0.2060","0.2200","0.2020","88.51K","4.76%"
"03/07/2023","0.2100","0.2100","0.2100","0.2100","12.50K","3.96%"
"30/06/2023","0.2020","0.2120","0.2120","0.2020","10.42K","-4.72%"
"29/06/2023","0.2120","0.2120","0.2120","0.2120","1.07K","-0.93%"
"28/06/2023","0.2140","0.2120","0.2140","0.2060","13.37K","0.94%"
"26/06/2023","0.2120","0.2020","0.2120","0.2020","21.73K","0.00%"
"23/06/2023","0.2120","0.2040","0.2120","0.2040","16.30K","1.92%"
"22/06/2023","0.2080","0.2040","0.2080","0.2040","54.39K","0.97%"
"21/06/2023","0.2060","0.2040","0.2060","0.2020","40.54K","-0.96%"
"20/06/2023","0.2080","0.2040","0.2080","0.2040","1.23K","1.96%"
"19/06/2023","0.2040","0.2040","0.2100","0.2040","103.95K","-3.77%"
"16/06/2023","0.2120","0.2120","0.2180","0.2000","150.54K","-2.75%"
"15/06/2023","0.2180","0.2120","0.2180","0.2100","34.29K","0.00%"
"14/06/2023","0.2180","0.2120","0.2180","0.2100","32.67K","2.83%"
"13/06/2023","0.2120","0.2120","0.2180","0.2120","11.86K","-3.64%"
"12/06/2023","0.2200","0.2120","0.2200","0.2100","17.63K","0.00%"
"09/06/2023","0.2200","0.2200","0.2200","0.2200","26.10K","0.00%"
"07/06/2023","0.2200","0.2180","0.2200","0.2180","17.77K","0.00%"
"05/06/2023","0.2200","0.2120","0.2200","0.2100","6.26K","0.00%"
"02/06/2023","0.2200","0.2220","0.2220","0.2200","2.00K","4.76%"
"01/06/2023","0.2100","0.2240","0.2240","0.2100","53.00K","-6.25%"
"31/05/2023","0.2240","0.2240","0.2240","0.2240","0.01K","3.70%"
"30/05/2023","0.2160","0.2260","0.2260","0.2160","3.21K","-3.57%"
"29/05/2023","0.2240","0.2160","0.2260","0.2100","81.96K","4.67%"
"26/05/2023","0.2140","0.2060","0.2140","0.2060","12.17K","3.88%"
"25/05/2023","0.2060","0.2060","0.2140","0.2040","33.51K","0.00%"
"24/05/2023","0.2060","0.2100","0.2140","0.2060","92.56K","-1.90%"
"23/05/2023","0.2100","0.2120","0.2240","0.2100","41.41K","-2.78%"
"22/05/2023","0.2160","0.2140","0.2200","0.2140","60.28K","3.85%"
"19/05/2023","0.2080","0.2160","0.2160","0.2080","5.70K","-3.70%"
"18/05/2023","0.2160","0.2080","0.2160","0.2080","12.33K","4.85%"
"17/05/2023","0.2060","0.2100","0.2100","0.2060","20.94K","-2.83%"
"16/05/2023","0.2120","0.2220","0.2220","0.2120","15.11K","-3.64%"
"15/05/2023","0.2200","0.2180","0.2200","0.2060","27.20K","0.00%"
"12/05/2023","0.2200","0.2120","0.2200","0.2060","89.77K","0.92%"
"11/05/2023","0.2180","0.2260","0.2260","0.2100","10.43K","-2.68%"
"10/05/2023","0.2240","0.2100","0.2280","0.2080","76.89K","6.67%"
"09/05/2023","0.2100","0.2100","0.2100","0.2100","7.77K","-2.78%"
"08/05/2023","0.2160","0.2100","0.2180","0.2100","30.84K","0.00%"
"05/05/2023","0.2160","0.2060","0.2160","0.2060","9.10K","5.88%"
"04/05/2023","0.2040","0.2060","0.2100","0.2020","19.77K","-0.97%"
"02/05/2023","0.2060","0.2080","0.2160","0.2040","141.67K","-6.36%"
"28/04/2023","0.2200","0.2220","0.2220","0.2120","22.15K","-2.65%"
"27/04/2023","0.2260","0.2200","0.2260","0.2200","68.14K","7.62%"
"26/04/2023","0.2100","0.2280","0.2280","0.2100","231.94K","-10.26%"
"25/04/2023","0.2340","0.2320","0.2340","0.2240","2.01K","0.86%"
"24/04/2023","0.2320","0.2220","0.2340","0.2200","34.61K","2.65%"
"21/04/2023","0.2260","0.2260","0.2260","0.2260","0.14K","-0.88%"
"20/04/2023","0.2280","0.2360","0.2360","0.2220","5.88K","-0.44%"
"19/04/2023","0.2290","0.2300","0.2300","0.2200","2.69K","-0.43%"
"18/04/2023","0.2300","0.2160","0.2350","0.2160","27.73K","-2.95%"
"17/04/2023","0.2370","0.2380","0.2380","0.2370","6.06K","0.00%"
"14/04/2023","0.2370","0.2200","0.2380","0.2200","31.62K","8.22%"
"13/04/2023","0.2190","0.2300","0.2300","0.2160","37.11K","-4.78%"
"12/04/2023","0.2300","0.2300","0.2300","0.2300","9.28K","1.77%"
"11/04/2023","0.2260","0.2340","0.2340","0.2260","8.22K","-3.83%"
"06/04/2023","0.2350","0.2300","0.2350","0.2300","3.38K","0.43%"
"05/04/2023","0.2340","0.2350","0.2350","0.2340","4.28K","-0.43%"
"04/04/2023","0.2350","0.2250","0.2350","0.2250","12.23K","-0.84%"
"03/04/2023","0.2370","0.2220","0.2370","0.2220","37.73K","3.04%"
"31/03/2023","0.2300","0.2300","0.2300","0.2300","0.13K","0.00%"
"30/03/2023","0.2300","0.2100","0.2300","0.2100","73.45K","9.52%"
"29/03/2023","0.2100","0.2250","0.2260","0.2100","11.01K","-2.33%"
"28/03/2023","0.2150","0.2170","0.2280","0.2150","8.86K","-4.02%"
"27/03/2023","0.2240","0.2070","0.2240","0.2070","34.76K","0.00%"
"24/03/2023","0.2240","0.2290","0.2290","0.2130","0.00K","-2.18%"
"23/03/2023","0.2290","0.2290","0.2290","0.2290","0.00K","0.00%"
"22/03/2023","0.2290","0.2210","0.2290","0.2020","33.79K","4.09%"
"21/03/2023","0.2200","0.2200","0.2300","0.2200","37.77K","4.76%"
"20/03/2023","0.2100","0.2220","0.2220","0.2000","22.41K","-5.41%"
"17/03/2023","0.2220","0.2190","0.2230","0.2130","19.84K","1.37%"
"16/03/2023","0.2190","0.2150","0.2190","0.2150","1.46K","1.86%"
"15/03/2023","0.2150","0.2200","0.2280","0.2150","21.06K","-4.44%"
"14/03/2023","0.2250","0.2260","0.2260","0.2190","7.40K","2.74%"
"13/03/2023","0.2190","0.2290","0.2300","0.2190","25.07K","-2.67%"
"10/03/2023","0.2250","0.2300","0.2300","0.2250","1.87K","-2.17%"
"09/03/2023","0.2300","0.2290","0.2300","0.2290","10.80K","0.00%"
"08/03/2023","0.2300","0.2210","0.2300","0.2210","25.39K","1.77%"
"07/03/2023","0.2260","0.2210","0.2270","0.2190","46.13K","-1.74%"
"06/03/2023","0.2300","0.2230","0.2300","0.2230","0.50K","0.00%"
"03/03/2023","0.2300","0.2280","0.2300","0.2280","10.71K","3.60%"
"02/03/2023","0.2220","0.2270","0.2300","0.2210","14.55K","-3.48%"
"01/03/2023","0.2300","0.2330","0.2360","0.2300","2.25K","0.00%"
"28/02/2023","0.2300","0.2220","0.2300","0.2210","12.80K","2.68%"
"27/02/2023","0.2240","0.2240","0.2240","0.2240","0.16K","1.82%"
"24/02/2023","0.2200","0.2210","0.2270","0.2200","21.26K","-0.45%"
"23/02/2023","0.2210","0.2210","0.2280","0.2200","49.50K","0.00%"
"22/02/2023","0.2210","0.2300","0.2300","0.2210","30.33K","-1.78%"
"21/02/2023","0.2250","0.2430","0.2430","0.2250","25.10K","-5.86%"
"20/02/2023","0.2390","0.2330","0.2390","0.2250","12.16K","2.14%"
"17/02/2023","0.2340","0.2340","0.2340","0.2260","23.39K","1.74%"
"16/02/2023","0.2300","0.2310","0.2350","0.2240","15.10K","-4.17%"
"15/02/2023","0.2400","0.2400","0.2400","0.2400","2.01K","0.00%"
"14/02/2023","0.2400","0.2390","0.2400","0.2220","103.33K","0.42%"
"13/02/2023","0.2390","0.2340","0.2390","0.2340","10.08K","-2.05%"
"10/02/2023","0.2440","0.2330","0.2440","0.2330","70.17K","4.27%"
"09/02/2023","0.2340","0.2280","0.2360","0.2280","36.90K","-0.43%"
"08/02/2023","0.2350","0.2200","0.2380","0.2200","83.34K","-1.26%"
"07/02/2023","0.2380","0.2480","0.2480","0.2250","101.99K","-4.03%"
"06/02/2023","0.2480","0.2480","0.2480","0.2480","0.60K","1.64%"
"03/02/2023","0.2440","0.2480","0.2490","0.2330","11.55K","-2.40%"
"02/02/2023","0.2500","0.2400","0.2570","0.2380","5.79K","6.38%"
"01/02/2023","0.2350","0.2490","0.2580","0.2320","60.36K","-6.00%"
"31/01/2023","0.2500","0.2460","0.2500","0.2450","15.57K","0.00%"
"30/01/2023","0.2500","0.2540","0.2570","0.2470","50.91K","-5.66%"
"27/01/2023","0.2650","0.2650","0.2650","0.2650","0.73K","-0.38%"
"26/01/2023","0.2660","0.2630","0.2670","0.2550","24.82K","1.14%"
"25/01/2023","0.2630","0.2630","0.2630","0.2600","1.35K","-0.75%"
"24/01/2023","0.2650","0.2530","0.2670","0.2530","5.25K","0.38%"
"23/01/2023","0.2640","0.2580","0.2750","0.2510","79.04K","3.94%"
"20/01/2023","0.2540","0.2530","0.2560","0.2530","13.53K","2.42%"
"19/01/2023","0.2480","0.2530","0.2560","0.2480","12.61K","0.40%"
"18/01/2023","0.2470","0.2450","0.2550","0.2450","14.20K","0.82%"
"17/01/2023","0.2450","0.2460","0.2540","0.2450","46.29K","-4.67%"
"16/01/2023","0.2570","0.2580","0.2580","0.2440","12.99K","-0.39%"
"13/01/2023","0.2580","0.2580","0.2580","0.2580","4.02K","0.00%"
"12/01/2023","0.2580","0.2580","0.2580","0.2580","1.68K","0.39%"
"11/01/2023","0.2570","0.2510","0.2570","0.2420","13.31K","1.58%"
"10/01/2023","0.2530","0.2500","0.2570","0.2420","20.80K","1.20%"
"09/01/2023","0.2500","0.2500","0.2500","0.2420","16.10K","-1.96%"
"05/01/2023","0.2550","0.2500","0.2550","0.2500","159.55K","2.00%"
"04/01/2023","0.2500","0.2570","0.2620","0.2500","32.31K","-2.34%"
"03/01/2023","0.2560","0.2540","0.2560","0.2540","48.61K","0.39%"
"02/01/2023","0.2550","0.2380","0.2550","0.2380","4.26K","0.39%"
"30/12/2022","0.2540","0.2500","0.2540","0.2300","61.92K","1.60%"
"29/12/2022","0.2500","0.2320","0.2500","0.2300","27.57K","7.76%"
"28/12/2022","0.2320","0.2340","0.2340","0.2320","35.79K","-2.52%"
"27/12/2022","0.2380","0.2430","0.2500","0.2360","53.77K","-2.46%"
"23/12/2022","0.2440","0.2400","0.2440","0.2360","6.01K","-2.01%"
"22/12/2022","0.2490","0.2400","0.2490","0.2400","20.01K","3.75%"
"21/12/2022","0.2400","0.2370","0.2480","0.2340","33.27K","1.27%"
"20/12/2022","0.2370","0.2460","0.2500","0.2370","23.32K","0.00%"
"19/12/2022","0.2370","0.2370","0.2370","0.2370","3.39K","0.00%"
"15/12/2022","0.2370","0.2500","0.2500","0.2370","3.53K","-5.20%"
"14/12/2022","0.2500","0.2360","0.2500","0.2360","26.04K","-1.57%"
"12/12/2022","0.2540","0.2540","0.2540","0.2340","21.87K","0.00%"
"09/12/2022","0.2540","0.2560","0.2560","0.2430","4.98K","-0.78%"
"08/12/2022","0.2560","0.2560","0.2560","0.2560","2.13K","0.00%"
"07/12/2022","0.2560","0.2550","0.2560","0.2430","6.12K","0.39%"
"06/12/2022","0.2550","0.2330","0.2550","0.2330","21.34K","6.25%"
"05/12/2022","0.2400","0.2410","0.2590","0.2400","74.76K","-3.61%"
"02/12/2022","0.2490","0.2540","0.2580","0.2460","63.05K","-1.97%"
"01/12/2022","0.2540","0.2340","0.2540","0.2340","48.32K","0.40%"
"30/11/2022","0.2530","0.2410","0.2530","0.2400","63.00K","5.42%"
"29/11/2022","0.2400","0.2500","0.2590","0.2360","150.24K","-4.00%"
"25/11/2022","0.2500","0.2340","0.2500","0.2340","2.92K","-3.47%"
"24/11/2022","0.2590","0.2400","0.2590","0.2400","78.29K","4.44%"
"23/11/2022","0.2480","0.2400","0.2480","0.2400","48.71K","3.33%"
"22/11/2022","0.2400","0.2410","0.2430","0.2400","20.05K","0.00%"
"21/11/2022","0.2400","0.2400","0.2400","0.2400","15.00K","-1.23%"
"18/11/2022","0.2430","0.2390","0.2470","0.2310","91.08K","2.10%"
"17/11/2022","0.2380","0.2260","0.2380","0.2260","74.15K","5.31%"
"16/11/2022","0.2260","0.2330","0.2330","0.2260","9.27K","-5.44%"
"15/11/2022","0.2390","0.2480","0.2480","0.2260","41.86K","-4.02%"
"14/11/2022","0.2490","0.2490","0.2490","0.2270","20.59K","0.00%"
"10/11/2022","0.2490","0.2490","0.2490","0.2400","17.10K","-0.40%"
"09/11/2022","0.2500","0.2340","0.2500","0.2340","20.18K","7.30%"
"08/11/2022","0.2330","0.2310","0.2390","0.2250","38.92K","-2.92%"
"07/11/2022","0.2400","0.2320","0.2400","0.2320","11.02K","-2.83%"
"04/11/2022","0.2470","0.2310","0.2470","0.2310","18.07K","0.00%"
"03/11/2022","0.2470","0.2460","0.2470","0.2310","3.41K","7.39%"
"02/11/2022","0.2300","0.2470","0.2470","0.2290","20.03K","-5.74%"
"28/10/2022","0.2440","0.2410","0.2440","0.2380","6.01K","1.24%"
"27/10/2022","0.2410","0.2310","0.2410","0.2310","2.17K","0.00%"
"26/10/2022","0.2410","0.2420","0.2420","0.2280","10.14K","-0.41%"
"25/10/2022","0.2420","0.2310","0.2420","0.2280","18.74K","-1.22%"
"21/10/2022","0.2450","0.2490","0.2490","0.2310","62.75K","5.60%"
"20/10/2022","0.2320","0.2490","0.2490","0.2320","11.37K","-6.83%"
"19/10/2022","0.2490","0.2490","0.2490","0.2320","21.08K","7.79%"
"18/10/2022","0.2310","0.2570","0.2570","0.2310","45.05K","-7.60%"
"17/10/2022","0.2500","0.2500","0.2500","0.2500","2.72K","-2.72%"
"14/10/2022","0.2570","0.2580","0.2580","0.2320","6.32K","-0.39%"
"13/10/2022","0.2580","0.2300","0.2580","0.2300","14.95K","12.17%"
"12/10/2022","0.2300","0.2460","0.2460","0.2300","5.28K","-11.20%"
"11/10/2022","0.2590","0.2590","0.2590","0.2590","0.04K","12.61%"
"10/10/2022","0.2300","0.2300","0.2600","0.2300","18.27K","2.22%"
"07/10/2022","0.2250","0.2250","0.2250","0.2250","1.24K","-5.86%"
"06/10/2022","0.2390","0.2360","0.2490","0.2280","16.94K","-4.02%"
"05/10/2022","0.2490","0.2350","0.2490","0.2350","24.45K","0.00%"
"04/10/2022","0.2490","0.2360","0.2490","0.2350","19.26K","0.00%"
"30/09/2022","0.2490","0.2400","0.2490","0.2360","21.30K","-3.49%"
"29/09/2022","0.2580","0.2580","0.2580","0.2580","0.23K","-0.77%"
"28/09/2022","0.2600","0.2600","0.2600","0.2600","0.04K","0.00%"
"27/09/2022","0.2600","0.2350","0.2600","0.2350","2.64K","1.96%"
"26/09/2022","0.2550","0.2550","0.2550","0.2350","0.29K","0.00%"
"23/09/2022","0.2550","0.2470","0.2550","0.2470","3.97K","2.82%"
"22/09/2022","0.2480","0.2340","0.2490","0.2340","2.14K","-0.40%"
"20/09/2022","0.2490","0.2490","0.2490","0.2490","0.69K","-0.80%"
"19/09/2022","0.2510","0.2510","0.2510","0.2510","0.04K","9.61%"
"16/09/2022","0.2290","0.2500","0.2500","0.2280","19.90K","-10.89%"
"12/09/2022","0.2570","0.2570","0.2570","0.2570","0.10K","4.90%"
"09/09/2022","0.2450","0.2500","0.2560","0.2390","89.05K","-6.13%"
"08/09/2022","0.2610","0.2500","0.2610","0.2500","10.20K","0.00%"
"07/09/2022","0.2610","0.2500","0.2610","0.2490","37.87K","-0.38%"
"05/09/2022","0.2620","0.2460","0.2620","0.2460","0.20K","-0.76%"
"02/09/2022","0.2640","0.2460","0.2640","0.2450","11.90K","0.00%"
"01/09/2022","0.2640","0.2530","0.2680","0.2520","16.18K","0.00%"
"31/08/2022","0.2640","0.2530","0.2640","0.2530","4.52K","-1.12%"
"30/08/2022","0.2670","0.2540","0.2670","0.2540","2.02K","-0.37%"
"29/08/2022","0.2680","0.2790","0.2790","0.2530","20.09K","-0.74%"
"26/08/2022","0.2700","0.2800","0.2800","0.2580","40.07K","4.65%"
"25/08/2022","0.2580","0.2800","0.2800","0.2580","20.02K","-7.86%"
"24/08/2022","0.2800","0.2840","0.2840","0.2800","40.15K","4.48%"
"23/08/2022","0.2680","0.2680","0.2840","0.2680","30.79K","-5.63%"
"22/08/2022","0.2840","0.2520","0.2840","0.2520","243.99K","6.77%"
"18/08/2022","0.2660","0.2660","0.2660","0.2660","0.28K","5.56%"
"17/08/2022","0.2520","0.2600","0.2600","0.2520","2.00K","-3.08%"
"16/08/2022","0.2600","0.2570","0.2680","0.2570","143.32K","1.17%"
"12/08/2022","0.2570","0.2500","0.2580","0.2430","106.10K","2.80%"
"11/08/2022","0.2500","0.2510","0.2640","0.2500","44.21K","-4.94%"
"10/08/2022","0.2630","0.2570","0.2630","0.2460","36.63K","-0.75%"
"09/08/2022","0.2650","0.2660","0.2660","0.2560","12.70K","-0.38%"
"08/08/2022","0.2660","0.2570","0.2660","0.2560","10.01K","0.00%"
"05/08/2022","0.2660","0.2600","0.2660","0.2560","1.59K","0.00%"
"04/08/2022","0.2660","0.2660","0.2660","0.2660","0.03K","3.91%"
"03/08/2022","0.2560","0.2620","0.2690","0.2560","10.69K","-4.83%"
"02/08/2022","0.2690","0.2660","0.2690","0.2600","58.35K","1.13%"
"01/08/2022","0.2660","0.2610","0.2660","0.2600","78.67K","-3.27%"
"29/07/2022","0.2750","0.2750","0.2750","0.2700","5.08K","2.23%"
"28/07/2022","0.2690","0.2540","0.2750","0.2540","80.00K","6.32%"
"27/07/2022","0.2530","0.2650","0.2750","0.2520","20.95K","-6.30%"
"26/07/2022","0.2700","0.2790","0.2790","0.2660","16.42K","-4.26%"
"25/07/2022","0.2820","0.2680","0.2820","0.2680","234.67K","5.22%"
"22/07/2022","0.2680","0.2640","0.2780","0.2630","143.84K","2.29%"
"21/07/2022","0.2620","0.2800","0.2800","0.2620","15.64K","-6.43%"
"20/07/2022","0.2800","0.2660","0.2810","0.2660","116.09K","-2.44%"
"19/07/2022","0.2870","0.2900","0.2900","0.2700","14.94K","6.30%"
"18/07/2022","0.2700","0.2800","0.2950","0.2700","39.49K","-3.91%"
"15/07/2022","0.2810","0.2840","0.2840","0.2800","13.10K","2.55%"
"14/07/2022","0.2740","0.2810","0.2810","0.2700","45.58K","-7.12%"
"13/07/2022","0.2950","0.2730","0.2960","0.2730","229.73K","3.87%"
"12/07/2022","0.2840","0.2720","0.2880","0.2700","26.02K","-2.07%"
"11/07/2022","0.2900","0.2700","0.2900","0.2700","156.06K","5.45%"
"08/07/2022","0.2750","0.2690","0.2880","0.2660","28.53K","-6.46%"
"07/07/2022","0.2940","0.2540","0.2940","0.2360","616.58K","15.75%"
"06/07/2022","0.2540","0.2500","0.2560","0.2250","22.48K","-1.55%"
"05/07/2022","0.2580","0.2580","0.2580","0.2580","0.04K","1.18%"
"04/07/2022","0.2550","0.2240","0.2550","0.2240","164.40K","6.25%"
"01/07/2022","0.2400","0.2200","0.2400","0.2200","75.97K","0.42%"
"30/06/2022","0.2390","0.2390","0.2390","0.2390","0.50K","-0.42%"
"29/06/2022","0.2400","0.2100","0.2400","0.2100","51.53K","5.26%"
"27/06/2022","0.2280","0.2100","0.2280","0.2100","26.10K","-0.44%"
"24/06/2022","0.2290","0.2290","0.2290","0.2290","2.15K","0.00%"
"23/06/2022","0.2290","0.2290","0.2290","0.2290","0.10K","0.44%"
"22/06/2022","0.2280","0.2290","0.2290","0.2280","0.93K","6.05%"
"21/06/2022","0.2150","0.2120","0.2160","0.2120","29.78K","-7.33%"
"20/06/2022","0.2320","0.2340","0.2340","0.2210","8.90K","-1.28%"
"17/06/2022","0.2350","0.2350","0.2350","0.2220","11.48K","2.62%"
"15/06/2022","0.2290","0.2220","0.2300","0.2220","9.92K","-4.18%"
"14/06/2022","0.2390","0.2440","0.2440","0.2220","1.85K","7.66%"
"13/06/2022","0.2220","0.2300","0.2400","0.2220","21.64K","-10.84%"
"09/06/2022","0.2490","0.2330","0.2550","0.2330","24.50K","6.41%"
"08/06/2022","0.2340","0.2250","0.2350","0.2250","76.10K","-0.43%"
"07/06/2022","0.2350","0.2370","0.2370","0.2250","9.88K","5.86%"
"06/06/2022","0.2220","0.2220","0.2390","0.2220","0.15K","0.00%"
"03/06/2022","0.2220","0.2220","0.2220","0.2220","0.40K","-5.13%"
"02/06/2022","0.2340","0.2340","0.2340","0.2340","15.27K","3.08%"
"01/06/2022","0.2270","0.2260","0.2420","0.2260","23.57K","-8.84%"
"31/05/2022","0.2490","0.2490","0.2490","0.2300","2.40K","0.00%"
"27/05/2022","0.2490","0.2310","0.2490","0.2280","27.51K","0.00%"
"26/05/2022","0.2490","0.2370","0.2500","0.2300","54.71K","-0.40%"
"25/05/2022","0.2500","0.2500","0.2500","0.2500","6.23K","-6.37%"
"24/05/2022","0.2670","0.2450","0.2670","0.2450","43.90K","6.80%"
"23/05/2022","0.2500","0.2380","0.2590","0.2380","23.23K","4.60%"
"20/05/2022","0.2390","0.2340","0.2450","0.2060","78.42K","2.14%"
"19/05/2022","0.2340","0.2340","0.2340","0.2340","0.26K","-4.49%"
"18/05/2022","0.2450","0.2400","0.2500","0.2400","8.19K","-1.21%"
"17/05/2022","0.2480","0.2480","0.2480","0.2480","1.94K","-2.75%"
"16/05/2022","0.2550","0.2400","0.2550","0.2340","15.05K","4.94%"
"13/05/2022","0.2430","0.2680","0.2680","0.2430","17.53K","-6.54%"
"12/05/2022","0.2600","0.2600","0.2600","0.2600","0.10K","4.00%"
"11/05/2022","0.2500","0.2490","0.2500","0.2490","3.01K","-3.47%"
"10/05/2022","0.2590","0.2600","0.2600","0.2400","6.00K","-0.38%"
"09/05/2022","0.2600","0.2450","0.2610","0.2400","14.87K","4.00%"
"06/05/2022","0.2500","0.2690","0.2690","0.2500","83.86K","-3.85%"
"05/05/2022","0.2600","0.2510","0.2600","0.2500","35.10K","0.00%"
"04/05/2022","0.2600","0.2510","0.2600","0.2510","8.15K","0.78%"
"02/05/2022","0.2580","0.2560","0.2590","0.2550","24.45K","0.00%"
"29/04/2022","0.2580","0.2700","0.2700","0.2580","121.21K","-7.53%"
"28/04/2022","0.2790","0.2790","0.2790","0.2790","0.03K","-0.36%"
"27/04/2022","0.2800","0.2800","0.2800","0.2800","5.00K","0.36%"
"26/04/2022","0.2790","0.2700","0.2790","0.2650","22.79K","-0.36%"
"25/04/2022","0.2800","0.2800","0.2800","0.2800","6.32K","0.00%"
"22/04/2022","0.2800","0.2860","0.2860","0.2800","2.97K","0.00%"
"21/04/2022","0.2800","0.2880","0.2880","0.2800","5.33K","3.70%"
"20/04/2022","0.2700","0.2800","0.2800","0.2660","4.10K","-3.57%"
"19/04/2022","0.2800","0.2650","0.2900","0.2650","7.15K","0.00%"
"14/04/2022","0.2800","0.2840","0.2840","0.2800","12.45K","0.00%"
"13/04/2022","0.2800","0.2800","0.2800","0.2800","0.70K","-3.11%"
"12/04/2022","0.2890","0.2830","0.2890","0.2830","10.48K","3.21%"
"11/04/2022","0.2800","0.2800","0.2800","0.2800","0.01K","-0.36%"
"08/04/2022","0.2810","0.2810","0.2810","0.2810","0.93K","-0.71%"
"07/04/2022","0.2830","0.2710","0.2830","0.2710","24.62K","-0.35%"
"06/04/2022","0.2840","0.2860","0.2920","0.2710","31.27K","-0.35%"
"05/04/2022","0.2850","0.2790","0.2860","0.2790","10.96K","2.15%"
"04/04/2022","0.2790","0.2710","0.2790","0.2710","61.10K","-0.36%"
"01/04/2022","0.2800","0.2880","0.2910","0.2790","30.25K","-4.11%"
"31/03/2022","0.2920","0.2820","0.2920","0.2640","6.37K","0.69%"
"30/03/2022","0.2900","0.2900","0.2900","0.2900","5.16K","0.00%"
"29/03/2022","0.2900","0.2800","0.2900","0.2800","21.98K","-2.03%"
"28/03/2022","0.2960","0.2740","0.2960","0.2740","6.08K","0.00%"
"25/03/2022","0.2960","0.2990","0.2990","0.2960","4.04K","5.34%"
"24/03/2022","0.2810","0.2980","0.3080","0.2800","17.11K","-5.70%"
"23/03/2022","0.2980","0.2860","0.2980","0.2800","61.16K","4.93%"
"22/03/2022","0.2840","0.2820","0.2840","0.2800","28.24K","1.43%"
"21/03/2022","0.2800","0.2840","0.2840","0.2700","27.86K","-0.71%"
"18/03/2022","0.2820","0.2840","0.2840","0.2630","8.30K","8.46%"
"17/03/2022","0.2600","0.2800","0.2820","0.2600","4.62K","-9.09%"
"16/03/2022","0.2860","0.2660","0.2860","0.2660","0.99K","3.62%"
"15/03/2022","0.2760","0.2760","0.2760","0.2680","10.70K","-1.43%"
"14/03/2022","0.2800","0.2850","0.2850","0.2660","4.14K","0.36%"
"11/03/2022","0.2790","0.2840","0.2880","0.2700","28.56K","-1.76%"
"10/03/2022","0.2840","0.2700","0.2880","0.2500","88.35K","10.94%"
"09/03/2022","0.2560","0.2560","0.2560","0.2460","11.80K","0.39%"
"08/03/2022","0.2550","0.2550","0.2550","0.2550","10.10K","0.00%"
"07/03/2022","0.2550","0.2590","0.2590","0.2500","13.65K","-0.78%"
"04/03/2022","0.2570","0.2500","0.2580","0.2500","14.66K","-0.39%"
"03/03/2022","0.2580","0.2590","0.2590","0.2540","13.68K","-0.39%"
"02/03/2022","0.2590","0.2470","0.2600","0.2470","34.86K","-4.07%"
"01/03/2022","0.2700","0.2500","0.2730","0.2460","4.62K","4.25%"
"28/02/2022","0.2590","0.2310","0.2590","0.2310","25.97K","0.00%"
"25/02/2022","0.2590","0.2400","0.2600","0.2400","114.40K","7.02%"
"24/02/2022","0.2420","0.2400","0.2490","0.2200","129.00K","-13.57%"
"23/02/2022","0.2800","0.2640","0.2800","0.2640","25.15K","5.66%"
"22/02/2022","0.2650","0.2500","0.2660","0.2400","37.92K","2.32%"
"21/02/2022","0.2590","0.2500","0.2590","0.2500","41.00K","-2.26%"
"18/02/2022","0.2650","0.2540","0.2690","0.2540","20.68K","1.92%"
"17/02/2022","0.2600","0.2750","0.2750","0.2600","87.00K","-5.45%"
"16/02/2022","0.2750","0.2740","0.2770","0.2680","60.04K","1.48%"
"15/02/2022","0.2710","0.2850","0.2850","0.2700","29.79K","-6.55%"
"11/02/2022","0.2900","0.2720","0.2940","0.2720","14.12K","0.00%"
"10/02/2022","0.2900","0.2710","0.2900","0.2710","3.86K","-1.02%"
"09/02/2022","0.2930","0.2930","0.2930","0.2930","0.10K","-0.34%"
"08/02/2022","0.2940","0.2940","0.2940","0.2940","0.05K","-0.34%"
"07/02/2022","0.2950","0.2870","0.2950","0.2870","1.84K","-1.01%"
"04/02/2022","0.2980","0.2880","0.2990","0.2870","15.80K","-0.33%"
"03/02/2022","0.2990","0.3090","0.3200","0.2820","165.77K","-3.24%"
"02/02/2022","0.3090","0.2700","0.3100","0.2700","109.30K","6.55%"
"01/02/2022","0.2900","0.2640","0.2900","0.2640","0.64K","-0.68%"
"31/01/2022","0.2920","0.2640","0.2920","0.2640","22.24K","5.04%"
"28/01/2022","0.2780","0.2780","0.2780","0.2780","0.03K","0.00%"
"27/01/2022","0.2780","0.2780","0.2780","0.2780","0.01K","0.00%"
"26/01/2022","0.2780","0.2680","0.2780","0.2680","8.01K","0.00%"
"25/01/2022","0.2780","0.2700","0.2780","0.2700","3.77K","0.00%"
"24/01/2022","0.2780","0.2740","0.2860","0.2620","35.15K","-3.47%"
"21/01/2022","0.2880","0.2740","0.2900","0.2740","14.32K","-0.69%"
"20/01/2022","0.2900","0.2920","0.2920","0.2900","1.01K","-0.68%"
"19/01/2022","0.2920","0.2920","0.2920","0.2810","16.84K","-0.68%"
"18/01/2022","0.2940","0.2830","0.2940","0.2830","1.95K","-0.68%"
"17/01/2022","0.2960","0.2820","0.2960","0.2820","75.56K","-0.67%"
"14/01/2022","0.2980","0.2960","0.2980","0.2900","3.06K","-0.33%"
"12/01/2022","0.2990","0.2860","0.3000","0.2860","37.27K","0.67%"
"11/01/2022","0.2970","0.2900","0.2990","0.2900","36.30K","0.34%"
"10/01/2022","0.2960","0.2960","0.2960","0.2820","7.34K","2.07%"
"07/01/2022","0.2900","0.2900","0.2960","0.2900","3.35K","-1.69%"
"05/01/2022","0.2950","0.2960","0.2960","0.2900","8.84K","0.00%"
"04/01/2022","0.2950","0.2900","0.2960","0.2900","50.88K","1.72%"
"03/01/2022","0.2900","0.2840","0.2900","0.2840","41.92K","1.75%"
"30/12/2021","0.2850","0.2680","0.2890","0.2680","18.86K","2.15%"
"29/12/2021","0.2790","0.2560","0.2800","0.2500","259.07K","8.56%"
"28/12/2021","0.2570","0.2620","0.2830","0.2560","146.28K","-2.28%"
"27/12/2021","0.2630","0.2750","0.2800","0.2600","82.10K","-9.31%"
"23/12/2021","0.2900","0.2750","0.2900","0.2750","2.10K","0.00%"
"22/12/2021","0.2900","0.2900","0.2900","0.2800","15.37K","5.84%"
"21/12/2021","0.2740","0.2800","0.2900","0.2740","35.01K","-5.52%"
"20/12/2021","0.2900","0.2900","0.2900","0.2700","34.81K","1.75%"
"16/12/2021","0.2850","0.2720","0.2850","0.2700","97.66K","0.00%"
"15/12/2021","0.2850","0.2770","0.2910","0.2740","29.44K","0.00%"
"14/12/2021","0.2850","0.2740","0.2920","0.2740","13.33K","-2.40%"
"13/12/2021","0.2920","0.2920","0.2940","0.2680","7.70K","-1.02%"
"10/12/2021","0.2950","0.2800","0.2950","0.2800","20.49K","1.03%"
"09/12/2021","0.2920","0.2950","0.2950","0.2790","14.58K","-1.02%"
"08/12/2021","0.2950","0.2940","0.2950","0.2940","14.00K","1.72%"
"07/12/2021","0.2900","0.2900","0.2900","0.2800","8.43K","-1.36%"
"06/12/2021","0.2940","0.2820","0.2980","0.2600","21.78K","3.16%"
"03/12/2021","0.2850","0.2890","0.2990","0.2850","17.67K","-5.00%"
"02/12/2021","0.3000","0.3000","0.3000","0.3000","3.00K","0.00%"
"01/12/2021","0.3000","0.2880","0.3050","0.2880","30.28K","4.17%"
"30/11/2021","0.2880","0.2940","0.2940","0.2880","30.39K","-2.37%"
"29/11/2021","0.2950","0.2900","0.2950","0.2880","47.25K","-0.67%"
"26/11/2021","0.2970","0.3000","0.3000","0.2900","33.07K","-1.98%"
"25/11/2021","0.3030","0.3030","0.3030","0.3030","0.05K","-0.66%"
"24/11/2021","0.3050","0.3000","0.3050","0.2900","4.04K","-0.33%"
"23/11/2021","0.3060","0.3070","0.3070","0.2890","67.99K","-0.33%"
"22/11/2021","0.3070","0.3100","0.3100","0.2860","127.56K","-1.92%"
"19/11/2021","0.3130","0.3140","0.3140","0.3000","102.81K","4.33%"
"18/11/2021","0.3000","0.3160","0.3170","0.3000","26.78K","-3.23%"
"17/11/2021","0.3100","0.3200","0.3260","0.3000","90.99K","-5.20%"
"16/11/2021","0.3270","0.3140","0.3380","0.3000","967.06K","6.17%"
"15/11/2021","0.3080","0.3150","0.3290","0.3080","50.40K","-0.65%"
"12/11/2021","0.3100","0.3050","0.3300","0.3050","8.63K","0.00%"
"10/11/2021","0.3100","0.3280","0.3290","0.3100","25.30K","-5.20%"
"09/11/2021","0.3270","0.3240","0.3290","0.3050","26.88K","0.62%"
"08/11/2021","0.3250","0.3080","0.3280","0.3080","18.65K","-0.91%"
"05/11/2021","0.3280","0.3120","0.3290","0.3120","46.07K","1.55%"
"04/11/2021","0.3230","0.3280","0.3280","0.3100","39.09K","-1.52%"
"03/11/2021","0.3280","0.3260","0.3280","0.3130","87.70K","0.61%"
"02/11/2021","0.3260","0.3400","0.3400","0.3100","128.88K","-4.12%"
"29/10/2021","0.3400","0.3480","0.3480","0.3150","201.07K","-2.30%"
"28/10/2021","0.3480","0.3100","0.3500","0.3050","561.42K","14.10%"
"27/10/2021","0.3050","0.3000","0.3170","0.2910","357.80K","1.67%"
"26/10/2021","0.3000","0.2840","0.3000","0.2840","584.29K","0.33%"
"25/10/2021","0.2990","0.2990","0.3000","0.2850","116.29K","-1.32%"
"22/10/2021","0.3030","0.3000","0.3050","0.3000","24.53K","1.00%"
"21/10/2021","0.3000","0.2990","0.3070","0.2860","119.11K","0.00%"
"20/10/2021","0.3000","0.2890","0.3050","0.2850","324.09K","3.81%"
"19/10/2021","0.2890","0.2860","0.2930","0.2700","157.22K","1.05%"
"18/10/2021","0.2860","0.2750","0.2860","0.2700","298.20K","2.88%"
"15/10/2021","0.2780","0.2690","0.2780","0.2600","305.38K","3.35%"
"14/10/2021","0.2690","0.2610","0.2700","0.2600","24.36K","-0.37%"
"13/10/2021","0.2700","0.2540","0.2710","0.2540","161.94K","2.27%"
"12/10/2021","0.2640","0.2650","0.2650","0.2550","65.50K","5.60%"
"11/10/2021","0.2500","0.2540","0.2660","0.2450","212.78K","-1.57%"
"08/10/2021","0.2540","0.2580","0.2580","0.2480","58.76K","-0.78%"
"07/10/2021","0.2560","0.2560","0.2560","0.2560","10.00K","0.00%"
"06/10/2021","0.2560","0.2410","0.2560","0.2320","241.29K","4.92%"
"05/10/2021","0.2440","0.2400","0.2450","0.2400","69.98K","-0.81%"
"04/10/2021","0.2460","0.2400","0.2480","0.2400","118.88K","-0.81%"
"01/10/2021","0.2480","0.2480","0.2480","0.2410","5.02K","0.00%"
"30/09/2021","0.2480","0.2480","0.2490","0.2350","13.26K","0.00%"
"29/09/2021","0.2480","0.2480","0.2480","0.2350","10.15K","0.00%"
"28/09/2021","0.2480","0.2430","0.2480","0.2400","15.87K","0.00%"
"27/09/2021","0.2480","0.2410","0.2480","0.2410","23.70K","1.64%"
"24/09/2021","0.2440","0.2460","0.2480","0.2400","49.41K","-3.56%"
"23/09/2021","0.2530","0.2480","0.2530","0.2460","24.00K","-1.17%"
"22/09/2021","0.2560","0.2460","0.2590","0.2430","71.47K","4.07%"
"21/09/2021","0.2460","0.2430","0.2470","0.2400","16.10K","2.07%"
"20/09/2021","0.2410","0.2450","0.2450","0.2400","100.52K","-1.63%"
"17/09/2021","0.2450","0.2410","0.2460","0.2390","158.32K","0.41%"
"16/09/2021","0.2440","0.2620","0.2620","0.2370","571.67K","-9.29%"
"15/09/2021","0.2690","0.2690","0.2690","0.2690","2.83K","0.00%"
"14/09/2021","0.2690","0.2630","0.2690","0.2600","43.90K","3.07%"
"13/09/2021","0.2610","0.2630","0.2630","0.2560","80.37K","-0.76%"
"10/09/2021","0.2630","0.2560","0.2630","0.2560","8.10K","0.00%"
"09/09/2021","0.2630","0.2550","0.2630","0.2550","22.00K","0.00%"
"08/09/2021","0.2630","0.2630","0.2630","0.2560","22.00K","0.00%"
"07/09/2021","0.2630","0.2610","0.2630","0.2550","38.52K","0.77%"
"06/09/2021","0.2610","0.2630","0.2630","0.2510","56.99K","0.77%"
"03/09/2021","0.2590","0.2610","0.2640","0.2530","37.64K","-2.26%"
"02/09/2021","0.2650","0.2650","0.2740","0.2520","144.37K","-3.28%"
"01/09/2021","0.2740","0.2730","0.2750","0.2570","73.30K","2.24%"
"31/08/2021","0.2680","0.2740","0.2740","0.2520","35.07K","-2.19%"
"30/08/2021","0.2740","0.2750","0.2750","0.2660","31.67K","0.00%"
"27/08/2021","0.2740","0.2650","0.2750","0.2650","9.35K","3.40%"
"26/08/2021","0.2650","0.2700","0.2700","0.2650","12.71K","-4.68%"
"25/08/2021","0.2780","0.2640","0.2780","0.2640","40.15K","2.96%"
"24/08/2021","0.2700","0.2740","0.2750","0.2620","39.03K","-1.82%"
"23/08/2021","0.2750","0.2600","0.2750","0.2460","348.61K","1.10%"
"20/08/2021","0.2720","0.2670","0.2720","0.2520","84.48K","-1.09%"
"19/08/2021","0.2750","0.2670","0.2750","0.2670","0.35K","0.00%"
"18/08/2021","0.2750","0.2700","0.2750","0.2700","7.19K","0.00%"
"17/08/2021","0.2750","0.2760","0.2760","0.2700","23.00K","0.00%"
"16/08/2021","0.2750","0.2750","0.2750","0.2670","91.31K","0.00%"
"13/08/2021","0.2750","0.2700","0.2750","0.2700","23.29K","0.00%"
"12/08/2021","0.2750","0.2750","0.2750","0.2670","6.06K","3.00%"
"11/08/2021","0.2670","0.2700","0.2740","0.2670","26.34K","-1.11%"
"10/08/2021","0.2700","0.2720","0.2750","0.2700","5.93K","-0.37%"
"09/08/2021","0.2710","0.2770","0.2770","0.2710","11.25K","-2.17%"
"06/08/2021","0.2770","0.2750","0.2790","0.2710","64.28K","0.73%"
"05/08/2021","0.2750","0.2690","0.2780","0.2690","37.28K","0.36%"
"04/08/2021","0.2740","0.2690","0.2740","0.2690","18.72K","0.00%"
"03/08/2021","0.2740","0.2780","0.2780","0.2690","10.56K","0.00%"
"02/08/2021","0.2740","0.2780","0.2780","0.2690","15.95K","2.62%"
"30/07/2021","0.2670","0.2730","0.2800","0.2650","14.82K","-2.20%"
"29/07/2021","0.2730","0.2710","0.2860","0.2710","90.42K","1.11%"
"28/07/2021","0.2700","0.2690","0.2700","0.2690","3.70K","-0.74%"
"27/07/2021","0.2720","0.2720","0.2740","0.2710","31.68K","0.00%"
"26/07/2021","0.2720","0.2730","0.2730","0.2650","25.12K","-0.37%"
"23/07/2021","0.2730","0.2740","0.2740","0.2650","28.62K","3.41%"
"22/07/2021","0.2640","0.2690","0.2740","0.2640","19.56K","-1.86%"
"21/07/2021","0.2690","0.2630","0.2690","0.2610","13.05K","1.51%"
"20/07/2021","0.2650","0.2690","0.2690","0.2610","36.00K","-1.85%"
"19/07/2021","0.2700","0.2740","0.2740","0.2640","18.06K","-1.46%"
"16/07/2021","0.2740","0.2670","0.2740","0.2650","26.76K","1.11%"
"15/07/2021","0.2710","0.2640","0.2720","0.2640","7.50K","-0.73%"
"14/07/2021","0.2730","0.2730","0.2730","0.2650","36.90K","-0.36%"
"13/07/2021","0.2740","0.2710","0.2740","0.2700","22.39K","-0.36%"
"12/07/2021","0.2750","0.2740","0.2760","0.2650","129.15K","0.00%"
"09/07/2021","0.2750","0.2710","0.2750","0.2700","34.00K","0.00%"
"08/07/2021","0.2750","0.2760","0.2770","0.2710","17.15K","-0.72%"
"07/07/2021","0.2770","0.2760","0.2770","0.2700","54.85K","-0.36%"
"06/07/2021","0.2780","0.2790","0.2790","0.2700","44.04K","-0.36%"
"05/07/2021","0.2790","0.2820","0.2890","0.2700","143.13K","-3.46%"
"02/07/2021","0.2890","0.2920","0.2920","0.2820","29.72K","0.00%"
"01/07/2021","0.2890","0.2750","0.2900","0.2750","53.74K","1.76%"
"30/06/2021","0.2840","0.2850","0.2860","0.2730","61.85K","2.16%"
"29/06/2021","0.2780","0.2780","0.2860","0.2750","96.80K","0.00%"
"28/06/2021","0.2780","0.2990","0.3000","0.2730","235.19K","-7.33%"
"25/06/2021","0.3000","0.2660","0.3000","0.2660","959.96K","12.78%"
"24/06/2021","0.2660","0.2650","0.2660","0.2650","5.96K","0.38%"
"23/06/2021","0.2650","0.2660","0.2660","0.2600","32.50K","-0.38%"
"22/06/2021","0.2660","0.2600","0.2660","0.2590","13.54K","0.00%"
"21/06/2021","0.2660","0.2650","0.2660","0.2570","62.15K","0.76%"
"18/06/2021","0.2640","0.2620","0.2640","0.2590","37.01K","0.76%"
"17/06/2021","0.2620","0.2660","0.2660","0.2590","69.36K","-1.13%"
"16/06/2021","0.2650","0.2680","0.2680","0.2620","43.09K","-2.57%"
"15/06/2021","0.2720","0.2700","0.2730","0.2700","32.96K","0.74%"
"14/06/2021","0.2700","0.2710","0.2710","0.2620","57.49K","0.00%"
"11/06/2021","0.2700","0.2720","0.2720","0.2690","13.53K","-0.74%"
"10/06/2021","0.2720","0.2670","0.2720","0.2670","45.32K","1.87%"
"09/06/2021","0.2670","0.2660","0.2680","0.2600","65.17K","2.30%"
"08/06/2021","0.2610","0.2640","0.2680","0.2610","31.85K","-2.61%"
"07/06/2021","0.2680","0.2680","0.2680","0.2570","69.56K","0.00%"
"04/06/2021","0.2680","0.2690","0.2690","0.2590","52.04K","-0.37%"
"02/06/2021","0.2690","0.2650","0.2710","0.2570","62.37K","1.51%"
"01/06/2021","0.2650","0.2590","0.2680","0.2570","49.25K","-1.85%"
"31/05/2021","0.2700","0.2700","0.2700","0.2600","50.04K","0.00%"
"28/05/2021","0.2700","0.2700","0.2740","0.2600","82.84K","0.00%"
"27/05/2021","0.2700","0.2600","0.2730","0.2540","181.03K","3.85%"
"26/05/2021","0.2600","0.2620","0.2620","0.2540","58.61K","-0.38%"
"25/05/2021","0.2610","0.2560","0.2630","0.2550","54.39K","-0.76%"
"24/05/2021","0.2630","0.2760","0.2760","0.2550","82.99K","-4.71%"
"21/05/2021","0.2760","0.2700","0.2840","0.2690","274.15K","2.60%"
"20/05/2021","0.2690","0.2690","0.2690","0.2680","7.01K","0.37%"
"19/05/2021","0.2680","0.2630","0.2690","0.2560","48.76K","0.37%"
"18/05/2021","0.2670","0.2620","0.2670","0.2540","31.00K","1.91%"
"17/05/2021","0.2620","0.2630","0.2640","0.2540","86.76K","-0.38%"
"14/05/2021","0.2630","0.2680","0.2690","0.2530","42.46K","-1.87%"
"13/05/2021","0.2680","0.2620","0.2680","0.2500","41.10K","2.29%"
"12/05/2021","0.2620","0.2730","0.2730","0.2350","550.52K","-4.03%"
"11/05/2021","0.2730","0.2820","0.2820","0.2630","112.08K","-2.50%"
"10/05/2021","0.2800","0.2690","0.2800","0.2690","138.95K","2.56%"
"07/05/2021","0.2730","0.2750","0.2750","0.2710","20.56K","1.11%"
"06/05/2021","0.2700","0.2770","0.2770","0.2660","23.91K","-2.53%"
"05/05/2021","0.2770","0.2690","0.2770","0.2690","73.40K","-1.07%"
"04/05/2021","0.2800","0.2770","0.2800","0.2700","185.19K","1.08%"
"30/04/2021","0.2770","0.2740","0.2800","0.2700","101.65K","1.09%"
"29/04/2021","0.2740","0.2680","0.2740","0.2640","65.82K","2.24%"
"28/04/2021","0.2680","0.2590","0.2680","0.2500","51.31K","3.08%"
"27/04/2021","0.2600","0.2600","0.2710","0.2460","106.31K","-4.06%"
"26/04/2021","0.2710","0.2770","0.2770","0.2500","275.33K","-4.58%"
"23/04/2021","0.2840","0.2810","0.2840","0.2770","24.26K","-0.70%"
"22/04/2021","0.2860","0.2890","0.2890","0.2800","46.64K","-1.04%"
"21/04/2021","0.2890","0.2860","0.2890","0.2860","43.49K","-0.34%"
"20/04/2021","0.2900","0.2930","0.2960","0.2870","140.81K","-1.02%"
"19/04/2021","0.2930","0.2810","0.2940","0.2810","199.94K","2.81%"
"16/04/2021","0.2850","0.2930","0.2930","0.2850","23.90K","-2.73%"
"15/04/2021","0.2930","0.2920","0.2930","0.2900","10.50K","0.00%"
"14/04/2021","0.2930","0.2890","0.2980","0.2850","47.72K","1.38%"
"13/04/2021","0.2890","0.2980","0.2980","0.2820","67.16K","-1.03%"
"12/04/2021","0.2920","0.2900","0.2920","0.2840","23.08K","-0.34%"
"09/04/2021","0.2930","0.2900","0.2930","0.2900","17.34K","0.69%"
"08/04/2021","0.2910","0.2910","0.2910","0.2840","8.89K","0.00%"
"07/04/2021","0.2910","0.2930","0.2930","0.2830","52.00K","-1.02%"
"06/04/2021","0.2940","0.2840","0.3080","0.2840","181.81K","3.89%"
"01/04/2021","0.2830","0.2760","0.2830","0.2750","50.80K","2.17%"
"31/03/2021","0.2770","0.2780","0.2780","0.2670","7.81K","-0.36%"
"30/03/2021","0.2780","0.2780","0.2780","0.2730","5.75K","0.00%"
"29/03/2021","0.2780","0.2760","0.2780","0.2640","45.73K","0.36%"
"26/03/2021","0.2770","0.2700","0.2770","0.2700","55.94K","0.73%"
"25/03/2021","0.2750","0.2790","0.2790","0.2660","125.80K","1.85%"
"24/03/2021","0.2700","0.2800","0.2800","0.2700","22.38K","-4.59%"
"23/03/2021","0.2830","0.2780","0.2840","0.2680","238.25K","-0.35%"
"22/03/2021","0.2840","0.2810","0.2850","0.2780","24.82K","-0.35%"
"19/03/2021","0.2850","0.2810","0.2930","0.2810","78.85K","0.71%"
"18/03/2021","0.2830","0.2800","0.2830","0.2770","80.08K","0.00%"
"17/03/2021","0.2830","0.2930","0.2930","0.2800","79.72K","-3.41%"
"16/03/2021","0.2930","0.2850","0.3000","0.2810","199.66K","2.81%"
"15/03/2021","0.2850","0.2880","0.2880","0.2780","25.59K","-1.72%"
"12/03/2021","0.2900","0.2850","0.2900","0.2750","48.70K","0.00%"
"11/03/2021","0.2900","0.2920","0.2930","0.2800","70.31K","-0.34%"
"10/03/2021","0.2910","0.2890","0.2950","0.2820","48.04K","0.34%"
"09/03/2021","0.2900","0.2800","0.2980","0.2800","74.43K","0.69%"
"08/03/2021","0.2880","0.2840","0.2880","0.2740","105.15K","1.41%"
"05/03/2021","0.2840","0.2970","0.2970","0.2800","120.73K","-2.07%"
"04/03/2021","0.2900","0.2910","0.2950","0.2800","107.36K","-2.03%"
"03/03/2021","0.2960","0.2990","0.3000","0.2930","112.00K","-1.33%"
"02/03/2021","0.3000","0.3000","0.3000","0.2910","134.55K","0.00%"
"01/03/2021","0.3000","0.2950","0.3060","0.2950","132.80K","-1.32%"
"26/02/2021","0.3040","0.3050","0.3050","0.2900","135.15K","-0.33%"
"25/02/2021","0.3050","0.3040","0.3170","0.3000","172.31K","0.33%"
"24/02/2021","0.3040","0.3010","0.3120","0.2920","160.63K","1.33%"
"23/02/2021","0.3000","0.3130","0.3130","0.2960","124.05K","-1.96%"
"22/02/2021","0.3060","0.3200","0.3200","0.3000","188.22K","-3.47%"
"19/02/2021","0.3170","0.3200","0.3340","0.3020","154.07K","-2.76%"
"18/02/2021","0.3260","0.3270","0.3350","0.3200","124.09K","-3.26%"
"17/02/2021","0.3370","0.3440","0.3440","0.3180","305.77K","-2.03%"
"16/02/2021","0.3440","0.3540","0.3540","0.3340","259.99K","-3.64%"
"15/02/2021","0.3570","0.3020","0.3650","0.3020","1.13M","18.21%"
"12/02/2021","0.3020","0.2950","0.3100","0.2910","229.20K","2.37%"
"11/02/2021","0.2950","0.2800","0.2960","0.2800","165.99K","4.98%"
"10/02/2021","0.2810","0.2870","0.2900","0.2800","154.52K","-3.10%"
"09/02/2021","0.2900","0.2890","0.2930","0.2870","57.42K","-1.02%"
"08/02/2021","0.2930","0.2800","0.2990","0.2780","172.06K","5.78%"
"05/02/2021","0.2770","0.2810","0.2910","0.2770","255.63K","-7.05%"
"04/02/2021","0.2980","0.2660","0.3200","0.2660","1.35M","12.88%"
"03/02/2021","0.2640","0.2570","0.2660","0.2550","185.54K","2.72%"
"02/02/2021","0.2570","0.2600","0.2600","0.2540","44.76K","-0.77%"
"01/02/2021","0.2590","0.2580","0.2620","0.2550","73.03K","0.78%"
"29/01/2021","0.2570","0.2600","0.2620","0.2510","85.83K","-1.15%"
"28/01/2021","0.2600","0.2590","0.2600","0.2510","61.93K","0.00%"
"27/01/2021","0.2600","0.2630","0.2630","0.2520","50.39K","-1.14%"
"26/01/2021","0.2630","0.2650","0.2650","0.2600","23.09K","-1.13%"
"25/01/2021","0.2660","0.2640","0.2670","0.2620","140.35K","1.92%"
"22/01/2021","0.2610","0.2560","0.2650","0.2510","256.90K","2.76%"
"21/01/2021","0.2540","0.2630","0.2630","0.2510","64.49K","-3.42%"
"20/01/2021","0.2630","0.2560","0.2630","0.2560","119.62K","1.15%"
"19/01/2021","0.2600","0.2620","0.2640","0.2540","195.87K","0.39%"
"18/01/2021","0.2590","0.2600","0.2600","0.2510","59.67K","-1.89%"
"15/01/2021","0.2640","0.2630","0.2640","0.2600","41.73K","0.38%"
"14/01/2021","0.2630","0.2620","0.2670","0.2600","123.42K","0.77%"
"13/01/2021","0.2610","0.2620","0.2690","0.2530","106.23K","-1.14%"
"12/01/2021","0.2640","0.2650","0.2790","0.2640","288.99K","-0.38%"
"11/01/2021","0.2650","0.2720","0.2760","0.2610","99.73K","-2.57%"
"08/01/2021","0.2720","0.2710","0.2740","0.2650","145.37K","0.74%"
"07/01/2021","0.2700","0.2620","0.2700","0.2600","220.34K","3.45%"
"05/01/2021","0.2610","0.2620","0.2700","0.2520","77.73K","-0.38%"
"04/01/2021","0.2620","0.2780","0.2820","0.2620","143.96K","-4.38%"
"30/12/2020","0.2740","0.2470","0.2890","0.2470","650.90K","11.38%"
"29/12/2020","0.2460","0.2170","0.2470","0.2160","458.19K","16.04%"
"28/12/2020","0.2120","0.2220","0.2260","0.2090","204.12K","-6.61%"
"23/12/2020","0.2270","0.2200","0.2290","0.2160","168.42K","3.18%"
"22/12/2020","0.2200","0.2130","0.2240","0.2130","32.26K","-2.22%"
"21/12/2020","0.2250","0.2300","0.2300","0.2110","135.73K","-4.26%"
"18/12/2020","0.2350","0.2380","0.2380","0.2270","102.90K","-1.26%"
"17/12/2020","0.2380","0.2390","0.2450","0.2340","276.15K","0.00%"
"16/12/2020","0.2380","0.2350","0.2390","0.2330","80.01K","0.42%"
"15/12/2020","0.2370","0.2380","0.2380","0.2260","152.07K","-0.42%"
"14/12/2020","0.2380","0.2400","0.2440","0.2300","120.17K","-1.65%"
"11/12/2020","0.2420","0.2380","0.2430","0.2320","125.91K","2.54%"
"10/12/2020","0.2360","0.2350","0.2390","0.2290","139.01K","0.43%"
"09/12/2020","0.2350","0.2390","0.2460","0.2250","165.88K","-3.29%"
"08/12/2020","0.2430","0.2480","0.2560","0.2390","250.48K","-0.82%"
"07/12/2020","0.2450","0.2200","0.2450","0.2130","360.21K","9.37%"
"04/12/2020","0.2240","0.2180","0.2290","0.2180","45.04K","-1.75%"
"03/12/2020","0.2280","0.2260","0.2280","0.2160","36.99K","2.24%"
"02/12/2020","0.2230","0.2230","0.2260","0.2200","150.55K","1.36%"
"01/12/2020","0.2200","0.2130","0.2220","0.2070","107.35K","0.46%"
"30/11/2020","0.2190","0.2200","0.2240","0.2040","131.58K","-2.67%"
"27/11/2020","0.2250","0.2360","0.2360","0.2200","99.22K","-5.06%"
"26/11/2020","0.2370","0.2250","0.2380","0.2170","326.06K","6.28%"
"25/11/2020","0.2230","0.2030","0.2230","0.1950","433.69K","9.85%"
"24/11/2020","0.2030","0.2200","0.2210","0.1980","238.80K","-8.14%"
"23/11/2020","0.2210","0.2240","0.2240","0.2110","229.67K","0.00%"
"20/11/2020","0.2210","0.2230","0.2230","0.2010","416.42K","1.38%"
"19/11/2020","0.2180","0.2340","0.2340","0.2060","308.28K","-5.22%"
"18/11/2020","0.2300","0.2460","0.2600","0.2250","1.57M","1.77%"
"17/11/2020","0.2260","0.1635","0.2260","0.1615","2.50M","38.23%"
"16/11/2020","0.1635","0.1670","0.1690","0.1610","667.39K","0.31%"
"13/11/2020","0.1630","0.1720","0.1720","0.1550","1.90M","-5.23%"
"12/11/2020","0.1720","0.1720","0.1720","0.1530","1.08M","1.18%"
"10/11/2020","0.1700","0.1740","0.1840","0.1600","568.33K","1.19%"
"09/11/2020","0.1680","0.1665","0.1740","0.1520","235.34K","1.20%"
"06/11/2020","0.1660","0.1700","0.1700","0.1630","61.39K","-3.49%"
"05/11/2020","0.1720","0.1700","0.1720","0.1680","7.57K","0.00%"
"04/11/2020","0.1720","0.1700","0.1755","0.1665","41.82K","-0.58%"
"03/11/2020","0.1730","0.1690","0.1780","0.1650","189.11K","2.37%"
"02/11/2020","0.1690","0.1690","0.1700","0.1650","46.73K","0.00%"
"30/10/2020","0.1690","0.1740","0.1740","0.1600","93.93K","-2.59%"
"29/10/2020","0.1735","0.1725","0.1745","0.1560","117.34K","7.76%"
"28/10/2020","0.1610","0.1840","0.1840","0.1600","219.49K","-12.50%"
"27/10/2020","0.1840","0.1975","0.1975","0.1750","147.82K","-6.60%"
"26/10/2020","0.1970","0.1980","0.1990","0.1905","41.73K","-0.51%"
"23/10/2020","0.1980","0.2000","0.2030","0.1860","285.25K","-3.41%"
"22/10/2020","0.2050","0.2000","0.2060","0.1990","23.95K","0.00%"
"21/10/2020","0.2050","0.2100","0.2100","0.1990","73.80K","-2.38%"
"20/10/2020","0.2100","0.2060","0.2110","0.2020","131.51K","-1.41%"
"19/10/2020","0.2130","0.2150","0.2150","0.2050","25.94K","1.43%"
"16/10/2020","0.2100","0.1945","0.2220","0.1880","458.84K","3.45%"
"15/10/2020","0.2030","0.1970","0.2050","0.1970","16.05K","0.00%"
"14/10/2020","0.2030","0.2050","0.2050","0.1950","35.45K","-0.49%"
"13/10/2020","0.2040","0.2040","0.2170","0.1900","258.64K","-2.86%"
"12/10/2020","0.2100","0.2210","0.2230","0.2000","168.92K","-4.55%"
"09/10/2020","0.2200","0.2150","0.2270","0.2100","106.39K","-0.90%"
"08/10/2020","0.2220","0.2290","0.2290","0.2200","32.11K","-3.48%"
"07/10/2020","0.2300","0.2350","0.2350","0.2190","149.47K","-2.13%"
"06/10/2020","0.2350","0.2370","0.2370","0.2300","16.91K","-0.84%"
"05/10/2020","0.2370","0.2310","0.2390","0.2310","16.60K","-0.84%"
"02/10/2020","0.2390","0.2370","0.2390","0.2280","96.76K","-3.63%"
"01/10/2020","0.2480","0.2530","0.2530","0.2370","29.84K","-1.59%"
"30/09/2020","0.2520","0.2580","0.2590","0.2420","96.21K","-0.79%"
"29/09/2020","0.2540","0.2320","0.2550","0.2300","111.63K","9.48%"
"28/09/2020","0.2320","0.2320","0.2320","0.2260","43.46K","0.43%"
"25/09/2020","0.2310","0.2130","0.2320","0.2130","111.35K","5.00%"
"24/09/2020","0.2200","0.2090","0.2200","0.2000","127.29K","6.80%"
"23/09/2020","0.2060","0.2350","0.2390","0.1940","466.20K","-11.97%"
"22/09/2020","0.2340","0.2390","0.2480","0.2250","173.14K","-2.50%"
"21/09/2020","0.2400","0.2440","0.2550","0.2360","77.80K","-5.88%"
"18/09/2020","0.2550","0.2540","0.2590","0.2440","50.75K","0.39%"
"17/09/2020","0.2540","0.2470","0.2540","0.2360","101.23K","1.60%"
"16/09/2020","0.2500","0.2470","0.2580","0.2400","102.82K","-2.72%"
"15/09/2020","0.2570","0.2680","0.2680","0.2490","148.71K","-4.46%"
"14/09/2020","0.2690","0.2520","0.2690","0.2500","349.26K","1.89%"
"11/09/2020","0.2640","0.2480","0.2690","0.2480","93.96K","2.33%"
"10/09/2020","0.2580","0.2580","0.2580","0.2470","6.38K","0.00%"
"09/09/2020","0.2580","0.2590","0.2600","0.2500","83.29K","0.00%"
"08/09/2020","0.2580","0.2620","0.2620","0.2500","280.61K","-1.53%"
"07/09/2020","0.2620","0.2590","0.2740","0.2500","672.81K","1.16%"
"04/09/2020","0.2590","0.2630","0.2630","0.2500","95.19K","-2.63%"
"03/09/2020","0.2660","0.2790","0.2790","0.2520","473.49K","-4.66%"
"02/09/2020","0.2790","0.2700","0.2870","0.2640","92.12K","3.33%"
"01/09/2020","0.2700","0.2870","0.2870","0.2700","133.98K","-5.92%"
"31/08/2020","0.2870","0.3090","0.3090","0.2800","151.54K","-5.90%"
"28/08/2020","0.3050","0.3180","0.3220","0.2900","278.98K","-4.39%"
"27/08/2020","0.3190","0.2820","0.3200","0.2780","171.96K","10.38%"
"26/08/2020","0.2890","0.2950","0.2950","0.2790","32.95K","-2.36%"
"25/08/2020","0.2960","0.2870","0.2990","0.2800","68.06K","-0.34%"
"24/08/2020","0.2970","0.3110","0.3170","0.2900","96.17K","-4.19%"
"21/08/2020","0.3100","0.3120","0.3120","0.2850","44.21K","0.00%"
"20/08/2020","0.3100","0.2910","0.3140","0.2810","61.20K","3.33%"
"19/08/2020","0.3000","0.3230","0.3230","0.2910","312.67K","-7.41%"
"18/08/2020","0.3240","0.3340","0.3340","0.3100","101.91K","-3.28%"
"17/08/2020","0.3350","0.3270","0.3350","0.3200","22.05K","2.76%"
"14/08/2020","0.3260","0.3260","0.3350","0.3220","17.05K","-3.55%"
"13/08/2020","0.3380","0.3170","0.3420","0.3170","43.26K","2.42%"
"12/08/2020","0.3300","0.3230","0.3300","0.3150","15.87K","-0.90%"
"11/08/2020","0.3330","0.3180","0.3340","0.3140","33.31K","2.15%"
"10/08/2020","0.3260","0.3480","0.3480","0.3140","111.99K","-6.32%"
"07/08/2020","0.3480","0.3540","0.3600","0.3200","111.40K","-2.79%"
"06/08/2020","0.3580","0.3530","0.3600","0.3490","31.39K","-0.56%"
"05/08/2020","0.3600","0.3640","0.3640","0.3510","114.60K","-1.10%"
"04/08/2020","0.3640","0.3470","0.3650","0.3470","109.50K","1.96%"
"03/08/2020","0.3570","0.3450","0.3620","0.3450","54.68K","-1.92%"
"31/07/2020","0.3640","0.3650","0.3650","0.3420","8.86K","2.25%"
"30/07/2020","0.3560","0.3640","0.3650","0.3420","44.34K","-2.47%"
"29/07/2020","0.3650","0.3630","0.3720","0.3400","114.47K","-0.82%"
"28/07/2020","0.3680","0.3780","0.3780","0.3560","101.06K","-0.54%"
"27/07/2020","0.3700","0.3650","0.3800","0.3550","138.43K","-2.63%"
"24/07/2020","0.3800","0.3700","0.3820","0.3600","140.82K","-2.06%"
"23/07/2020","0.3880","0.3900","0.4080","0.3700","68.32K","0.26%"
"22/07/2020","0.3870","0.3960","0.4090","0.3620","165.20K","-2.27%"
"21/07/2020","0.3960","0.4200","0.4200","0.3950","79.55K","-3.41%"
"20/07/2020","0.4100","0.4260","0.4260","0.4010","76.15K","-2.38%"
"17/07/2020","0.4200","0.3980","0.4290","0.3900","155.80K","5.53%"
"16/07/2020","0.3980","0.4080","0.4080","0.3800","60.25K","-1.73%"
"15/07/2020","0.4050","0.3970","0.4080","0.3920","70.56K","-0.74%"
"14/07/2020","0.4080","0.3970","0.4210","0.3960","134.25K","4.62%"
"13/07/2020","0.3900","0.3740","0.4190","0.3740","134.45K","4.28%"
"10/07/2020","0.3740","0.3640","0.3800","0.3620","105.78K","3.31%"
"09/07/2020","0.3620","0.3640","0.3640","0.3580","50.85K","0.84%"
"08/07/2020","0.3590","0.3620","0.3620","0.3500","33.36K","-0.83%"
"07/07/2020","0.3620","0.3640","0.3640","0.3520","19.55K","-0.82%"
"06/07/2020","0.3650","0.3660","0.3660","0.3500","74.52K","-0.54%"
"03/07/2020","0.3670","0.3540","0.3670","0.3540","15.00K","-0.81%"
"02/07/2020","0.3700","0.3780","0.3780","0.3500","61.70K","-1.07%"
"01/07/2020","0.3740","0.3680","0.3800","0.3680","93.16K","1.91%"
"30/06/2020","0.3670","0.3680","0.3680","0.3610","23.76K","1.94%"
"29/06/2020","0.3600","0.3690","0.3700","0.3550","15.27K","-0.28%"
"26/06/2020","0.3610","0.3710","0.3710","0.3610","28.31K","-0.82%"
"25/06/2020","0.3640","0.3750","0.3750","0.3610","37.88K","-3.19%"
"24/06/2020","0.3760","0.3830","0.3830","0.3610","16.66K","-1.83%"
"23/06/2020","0.3830","0.3840","0.3870","0.3780","64.87K","-0.52%"
"22/06/2020","0.3850","0.3780","0.3900","0.3720","44.60K","2.39%"
"19/06/2020","0.3760","0.3520","0.3840","0.3520","67.68K","3.01%"
"18/06/2020","0.3650","0.3570","0.3680","0.3500","26.57K","-1.35%"
"17/06/2020","0.3700","0.3880","0.3880","0.3480","44.28K","-4.15%"
"16/06/2020","0.3860","0.3910","0.3910","0.3310","223.08K","-1.03%"
"15/06/2020","0.3900","0.3760","0.3900","0.3760","10.42K","-0.26%"
"12/06/2020","0.3910","0.3840","0.3990","0.3840","13.98K","-2.01%"
"10/06/2020","0.3990","0.3870","0.4080","0.3840","58.18K","2.57%"
"09/06/2020","0.3890","0.4110","0.4110","0.3890","33.92K","-6.27%"
"08/06/2020","0.4150","0.3980","0.4200","0.3830","42.78K","4.01%"
"05/06/2020","0.3990","0.4200","0.4200","0.3860","94.19K","-0.25%"
"04/06/2020","0.4000","0.4260","0.4280","0.3990","110.73K","-6.76%"
"03/06/2020","0.4290","0.4200","0.4390","0.3980","136.36K","-1.83%"
"02/06/2020","0.4370","0.4610","0.4800","0.4240","902.37K","1.63%"
"01/06/2020","0.4300","0.3210","0.4300","0.3090","907.90K","34.80%"
"29/05/2020","0.3190","0.3200","0.3200","0.2860","51.04K","-0.31%"
"28/05/2020","0.3200","0.3250","0.3260","0.3080","75.90K","-1.84%"
"27/05/2020","0.3260","0.3200","0.3280","0.3110","126.50K","-0.91%"
"26/05/2020","0.3290","0.2830","0.3400","0.2760","697.02K","15.85%"
"25/05/2020","0.2840","0.2850","0.2850","0.2750","18.20K","0.71%"
"22/05/2020","0.2820","0.2870","0.2870","0.2750","31.41K","-1.74%"
"21/05/2020","0.2870","0.2700","0.2960","0.2700","240.19K","6.30%"
"20/05/2020","0.2700","0.2600","0.2750","0.2590","161.58K","4.65%"
"19/05/2020","0.2580","0.2570","0.2600","0.2570","27.59K","0.78%"
"18/05/2020","0.2560","0.2580","0.2600","0.2550","20.80K","-1.54%"
"15/05/2020","0.2600","0.2560","0.2600","0.2560","26.27K","1.56%"
"14/05/2020","0.2560","0.2530","0.2580","0.2500","45.82K","-0.39%"
"13/05/2020","0.2570","0.2580","0.2620","0.2520","51.37K","0.00%"
"12/05/2020","0.2570","0.2540","0.2630","0.2470","1.01M","-2.65%"
"11/05/2020","0.2640","0.2470","0.2640","0.2470","175.00K","6.45%"
"08/05/2020","0.2480","0.2600","0.2680","0.2480","490.55K","-7.81%"
"07/05/2020","0.2690","0.2690","0.2690","0.2610","39.67K","1.89%"
"06/05/2020","0.2640","0.2690","0.2690","0.2640","14.54K","-1.86%"
"05/05/2020","0.2690","0.2640","0.2690","0.2580","26.98K","-2.18%"
"04/05/2020","0.2750","0.2740","0.2760","0.2640","2.74K","0.00%"
"30/04/2020","0.2750","0.2690","0.2750","0.2600","85.33K","2.23%"
"29/04/2020","0.2690","0.2680","0.2690","0.2590","5.71K","0.37%"
"28/04/2020","0.2680","0.2620","0.2680","0.2600","17.03K","-0.37%"
"27/04/2020","0.2690","0.2690","0.2690","0.2690","2.20K","-0.37%"
"24/04/2020","0.2700","0.2700","0.2780","0.2600","47.33K","0.75%"
"23/04/2020","0.2680","0.2700","0.2780","0.2620","51.48K","-3.60%"
"22/04/2020","0.2780","0.2800","0.2800","0.2650","145.30K","-0.36%"
"21/04/2020","0.2790","0.2840","0.2850","0.2680","55.08K","-1.76%"
"20/04/2020","0.2840","0.2850","0.2850","0.2700","38.75K","-0.35%"
"17/04/2020","0.2850","0.2670","0.2860","0.2600","86.31K","6.74%"
"16/04/2020","0.2670","0.2620","0.2670","0.2600","7.10K","0.00%"
"15/04/2020","0.2670","0.2750","0.2750","0.2570","33.30K","-2.55%"
"14/04/2020","0.2740","0.2690","0.2740","0.2550","67.28K","1.86%"
"09/04/2020","0.2690","0.2640","0.2690","0.2600","21.25K","2.67%"
"08/04/2020","0.2620","0.2730","0.2730","0.2620","25.59K","-4.03%"
"07/04/2020","0.2730","0.2630","0.2730","0.2630","39.58K","4.20%"
"06/04/2020","0.2620","0.2620","0.2700","0.2620","53.58K","-2.96%"
"03/04/2020","0.2700","0.2870","0.2870","0.2630","38.90K","-5.92%"
"02/04/2020","0.2870","0.2700","0.2890","0.2660","289.03K","7.09%"
"01/04/2020","0.2680","0.2320","0.2800","0.2320","332.87K","13.08%"
"31/03/2020","0.2370","0.2370","0.2370","0.2370","2.84K","-1.25%"
"30/03/2020","0.2400","0.2390","0.2400","0.2390","25.38K","-4.00%"
"27/03/2020","0.2500","0.2500","0.2500","0.2500","25.10K","0.00%"
"26/03/2020","0.2500","0.2390","0.2500","0.2390","11.77K","5.04%"
"25/03/2020","0.2380","0.2380","0.2380","0.2380","1.25K","-4.80%"
"24/03/2020","0.2500","0.2600","0.2600","0.2500","10.93K","-3.85%"
"20/03/2020","0.2600","0.2600","0.2600","0.2600","11.50K","4.00%"
"19/03/2020","0.2500","0.2450","0.2500","0.2450","31.71K","-3.47%"
"18/03/2020","0.2590","0.2310","0.2590","0.2310","4.20K","4.02%"
"17/03/2020","0.2490","0.2490","0.2490","0.2490","21.00K","7.79%"
"16/03/2020","0.2310","0.2500","0.2500","0.2310","8.58K","-7.60%"
"13/03/2020","0.2500","0.2230","0.2500","0.2230","89.90K","-16.67%"
"10/03/2020","0.3000","0.3030","0.3030","0.3000","4.21K","3.45%"
"09/03/2020","0.2900","0.2900","0.2900","0.2900","137.16K","-4.61%"
"06/03/2020","0.3040","0.2950","0.3040","0.2950","40.10K","0.00%"
"05/03/2020","0.3040","0.3040","0.3040","0.3040","1.00K","-1.62%"
"04/03/2020","0.3090","0.3100","0.3100","0.3090","16.45K","-0.32%"
"03/03/2020","0.3100","0.2930","0.3100","0.2930","22.11K","6.53%"
"02/03/2020","0.2910","0.3090","0.3090","0.2910","125.10K","-3.32%"
"28/02/2020","0.3010","0.3010","0.3010","0.3010","274.79K","-0.33%"
"27/02/2020","0.3020","0.3200","0.3200","0.3020","88.11K","0.33%"
"26/02/2020","0.3010","0.3010","0.3010","0.3010","47.82K","0.00%"
"25/02/2020","0.3010","0.3010","0.3010","0.3010","51.59K","-8.51%"
"24/02/2020","0.3290","0.3290","0.3290","0.3290","1.20K","-7.58%"
"21/02/2020","0.3560","0.3560","0.3560","0.3560","2.02K","4.71%"
"20/02/2020","0.3400","0.3500","0.3500","0.3400","16.87K","-2.86%"
"19/02/2020","0.3500","0.3700","0.3700","0.3500","38.60K","-7.89%"
"18/02/2020","0.3800","0.3800","0.3800","0.3800","119.16K","8.57%"
"17/02/2020","0.3500","0.3400","0.3500","0.3400","88.09K","6.06%"
"14/02/2020","0.3300","0.3290","0.3300","0.3290","40.96K","1.54%"
"13/02/2020","0.3250","0.3210","0.3250","0.3210","66.55K","-0.31%"
"12/02/2020","0.3260","0.3260","0.3260","0.3260","3.25K","1.56%"
"11/02/2020","0.3210","0.3230","0.3230","0.3210","234.73K","-1.83%"
"10/02/2020","0.3270","0.3270","0.3270","0.3270","5.39K","1.55%"
"07/02/2020","0.3220","0.3220","0.3220","0.3220","54.86K","1.58%"
"06/02/2020","0.3170","0.3080","0.3170","0.3080","33.61K","4.62%"
"05/02/2020","0.3030","0.3030","0.3030","0.3030","17.25K","1.00%"
"04/02/2020","0.3000","0.3020","0.3020","0.3000","52.77K","-3.23%"
"03/02/2020","0.3100","0.3100","0.3100","0.3100","2.20K","0.32%"
"31/01/2020","0.3090","0.3090","0.3090","0.3090","9.68K","0.32%"
"30/01/2020","0.3080","0.3020","0.3080","0.3020","34.63K","1.99%"
"29/01/2020","0.3020","0.3020","0.3020","0.3020","10.05K","-1.31%"
"28/01/2020","0.3060","0.3020","0.3060","0.3020","3.00K","0.99%"
"27/01/2020","0.3030","0.3030","0.3030","0.3030","21.78K","-0.33%"
"24/01/2020","0.3040","0.3040","0.3040","0.3040","2.50K","-1.62%"
"23/01/2020","0.3090","0.3090","0.3090","0.3090","0.60K","0.00%"
"22/01/2020","0.3090","0.3100","0.3100","0.3090","4.52K","4.75%"
"21/01/2020","0.2950","0.3140","0.3140","0.2950","19.46K","-4.84%"
"20/01/2020","0.3100","0.3100","0.3100","0.3100","6.83K","-1.59%"
"17/01/2020","0.3150","0.3160","0.3160","0.3150","15.47K","0.00%"
"16/01/2020","0.3150","0.3150","0.3150","0.3150","16.91K","0.00%"
"15/01/2020","0.3150","0.3180","0.3180","0.3150","77.58K","1.61%"
"14/01/2020","0.3100","0.3060","0.3100","0.3060","132.75K","3.33%"
"13/01/2020","0.3000","0.3060","0.3060","0.3000","31.00K","-1.96%"
"10/01/2020","0.3060","0.3010","0.3060","0.3010","141.33K","4.44%"
"09/01/2020","0.2930","0.3060","0.3060","0.2930","26.22K","-4.87%"
"08/01/2020","0.3080","0.3060","0.3080","0.3060","83.64K","0.65%"
"07/01/2020","0.3060","0.3060","0.3060","0.3060","123.19K","0.66%"
"03/01/2020","0.3040","0.3040","0.3040","0.3040","1.00K","-1.62%"
"02/01/2020","0.3090","0.3020","0.3090","0.3020","17.78K","3.00%"
"30/12/2019","0.3000","0.2920","0.3000","0.2920","16.00K","1.35%"
"27/12/2019","0.2960","0.2930","0.2960","0.2930","10.73K","1.02%"
"23/12/2019","0.2930","0.2940","0.2940","0.2930","15.36K","-0.34%"
"20/12/2019","0.2940","0.2940","0.2940","0.2940","20.15K","-2.97%"
"19/12/2019","0.3030","0.2960","0.3030","0.2960","69.30K","2.02%"
"18/12/2019","0.2970","0.2980","0.2980","0.2970","54.81K","-3.26%"
"17/12/2019","0.3070","0.2990","0.3070","0.2990","10.90K","1.99%"
"16/12/2019","0.3010","0.3000","0.3010","0.3000","24.07K","0.33%"
"12/12/2019","0.3000","0.3000","0.3000","0.3000","1.70K","0.00%"
"11/12/2019","0.3000","0.2920","0.3000","0.2920","27.20K","0.33%"
"10/12/2019","0.2990","0.2990","0.2990","0.2990","0.50K","-0.33%"
"09/12/2019","0.3000","0.2970","0.3000","0.2970","7.95K","0.00%"
"06/12/2019","0.3000","0.3050","0.3050","0.3000","1.52K","-1.64%"
"05/12/2019","0.3050","0.3020","0.3050","0.3020","8.31K","0.99%"
"04/12/2019","0.3020","0.2980","0.3020","0.2980","4.00K","-1.95%"
"03/12/2019","0.3080","0.3080","0.3080","0.3080","0.25K","2.67%"
"02/12/2019","0.3000","0.3090","0.3090","0.3000","29.74K","-3.23%"
"29/11/2019","0.3100","0.3010","0.3100","0.3010","5.39K","2.99%"
"28/11/2019","0.3010","0.2960","0.3010","0.2960","2.20K","-2.90%"
"27/11/2019","0.3100","0.3100","0.3100","0.3100","18.02K","0.00%"
"26/11/2019","0.3100","0.3010","0.3100","0.3010","15.90K","0.00%"
"25/11/2019","0.3100","0.3100","0.3100","0.3100","33.48K","1.64%"
"22/11/2019","0.3050","0.3050","0.3050","0.3050","17.13K","1.67%"
"21/11/2019","0.3000","0.3010","0.3010","0.3000","17.46K","-0.66%"
"20/11/2019","0.3020","0.3040","0.3040","0.3020","10.60K","0.33%"
"19/11/2019","0.3010","0.3050","0.3050","0.3010","34.85K","-0.66%"
"18/11/2019","0.3030","0.3020","0.3030","0.3020","47.48K","0.66%"
"15/11/2019","0.3010","0.3100","0.3100","0.3010","14.20K","-1.31%"
"14/11/2019","0.3050","0.3100","0.3100","0.3050","21.00K","-1.61%"
"13/11/2019","0.3100","0.3120","0.3120","0.3100","35.08K","-0.96%"
"12/11/2019","0.3130","0.3200","0.3200","0.3130","3.91K","-2.19%"
"08/11/2019","0.3200","0.3200","0.3200","0.3200","37.69K","0.00%"
"07/11/2019","0.3200","0.3200","0.3200","0.3200","44.87K","1.59%"
"06/11/2019","0.3150","0.3150","0.3150","0.3150","9.67K","-1.56%"
"05/11/2019","0.3200","0.3100","0.3200","0.3100","33.85K","5.26%"
"04/11/2019","0.3040","0.3100","0.3100","0.3040","31.23K","-2.56%"
"31/10/2019","0.3120","0.3120","0.3120","0.3120","8.80K","-4.29%"
"30/10/2019","0.3260","0.3260","0.3260","0.3260","3.50K","-0.31%"
"29/10/2019","0.3270","0.3200","0.3270","0.3200","10.16K","1.87%"
"28/10/2019","0.3210","0.3210","0.3210","0.3210","16.83K","-2.73%"
"25/10/2019","0.3300","0.3300","0.3300","0.3300","1.75K","-0.60%"
"23/10/2019","0.3320","0.3330","0.3330","0.3320","16.98K","0.61%"
"22/10/2019","0.3300","0.3300","0.3300","0.3300","4.33K","0.00%"
"21/10/2019","0.3300","0.3330","0.3330","0.3300","16.35K","0.92%"
"18/10/2019","0.3270","0.3060","0.3270","0.3060","10.76K","2.19%"
"16/10/2019","0.3200","0.3200","0.3200","0.3200","9.10K","-2.44%"
"15/10/2019","0.3280","0.3250","0.3280","0.3250","32.60K","0.92%"
"14/10/2019","0.3250","0.3250","0.3250","0.3250","0.20K","-0.91%"
"11/10/2019","0.3280","0.3200","0.3280","0.3200","2.50K","2.50%"
"10/10/2019","0.3200","0.3200","0.3200","0.3200","15.26K","0.95%"
"09/10/2019","0.3170","0.3170","0.3170","0.3170","5.70K","0.00%"
"08/10/2019","0.3170","0.3170","0.3170","0.3170","0.10K","1.60%"
"07/10/2019","0.3120","0.3120","0.3120","0.3120","0.00K","-1.58%"
"04/10/2019","0.3170","0.3170","0.3170","0.3170","2.76K","0.00%"
"03/10/2019","0.3170","0.3170","0.3170","0.3170","13.00K","0.32%"
"02/10/2019","0.3160","0.3160","0.3160","0.3160","11.99K","-1.25%"
"01/10/2019","0.3200","0.3200","0.3200","0.3200","6.85K","0.00%"
"30/09/2019","0.3200","0.3490","0.3490","0.3200","19.60K","-8.57%"
"27/09/2019","0.3500","0.3500","0.3500","0.3500","0.50K","0.57%"
"26/09/2019","0.3480","0.3410","0.3480","0.3410","1.80K","0.00%"
"25/09/2019","0.3480","0.3480","0.3480","0.3480","0.01K","-0.57%"
"24/09/2019","0.3500","0.3500","0.3500","0.3500","0.25K","0.00%"
"23/09/2019","0.3500","0.3500","0.3500","0.3500","1.20K","-4.37%"
"19/09/2019","0.3660","0.3500","0.3660","0.3500","27.70K","4.57%"
"18/09/2019","0.3500","0.3690","0.3690","0.3500","20.07K","-5.15%"
"17/09/2019","0.3690","0.3700","0.3700","0.3690","30.27K","-0.27%"
"16/09/2019","0.3700","0.3780","0.3780","0.3700","27.72K","0.54%"
"13/09/2019","0.3680","0.3660","0.3680","0.3660","26.20K","0.55%"
"12/09/2019","0.3660","0.3640","0.3660","0.3640","38.40K","1.67%"
"11/09/2019","0.3600","0.3340","0.3600","0.3340","56.94K","12.50%"
"10/09/2019","0.3200","0.3140","0.3200","0.3140","32.90K","3.90%"
"09/09/2019","0.3080","0.3080","0.3080","0.3080","16.68K","0.65%"
"06/09/2019","0.3060","0.3000","0.3060","0.3000","26.20K","2.00%"
"05/09/2019","0.3000","0.2900","0.3000","0.2900","4.50K","0.33%"
"04/09/2019","0.2990","0.3000","0.3000","0.2990","19.05K","0.00%"
"03/09/2019","0.2990","0.3000","0.3000","0.2990","5.11K","-0.33%"
"02/09/2019","0.3000","0.3010","0.3010","0.3000","0.63K","0.00%"
"30/08/2019","0.3000","0.3000","0.3000","0.3000","32.00K","0.00%"
"29/08/2019","0.3000","0.3000","0.3000","0.3000","15.00K","0.00%"
"28/08/2019","0.3000","0.3090","0.3090","0.3000","9.71K","-4.15%"
"27/08/2019","0.3130","0.3100","0.3130","0.3100","10.10K","0.97%"
"26/08/2019","0.3100","0.3010","0.3100","0.3010","7.78K","0.65%"
"23/08/2019","0.3080","0.3100","0.3100","0.3080","14.06K","-0.96%"
"22/08/2019","0.3110","0.3300","0.3300","0.3110","17.57K","-2.81%"
"21/08/2019","0.3200","0.3190","0.3200","0.3190","6.33K","0.00%"
"20/08/2019","0.3200","0.3250","0.3250","0.3200","9.94K","-2.14%"
"19/08/2019","0.3270","0.3270","0.3270","0.3270","11.27K","-2.39%"
"16/08/2019","0.3350","0.3350","0.3350","0.3350","0.10K","-1.18%"
"13/08/2019","0.3390","0.3390","0.3390","0.3390","1.70K","4.31%"
"12/08/2019","0.3250","0.3250","0.3250","0.3250","1.57K","-4.41%"
"09/08/2019","0.3400","0.3310","0.3400","0.3310","0.70K","-2.30%"
"08/08/2019","0.3480","0.3310","0.3480","0.3310","5.84K","5.78%"
"07/08/2019","0.3290","0.3500","0.3500","0.3290","17.90K","-5.19%"
"06/08/2019","0.3470","0.3470","0.3470","0.3470","22.72K","-0.29%"
"05/08/2019","0.3480","0.3260","0.3480","0.3260","24.52K","-4.40%"
"02/08/2019","0.3640","0.3640","0.3640","0.3640","0.10K","1.11%"
"01/08/2019","0.3600","0.3510","0.3600","0.3510","8.40K","2.27%"
"31/07/2019","0.3520","0.3520","0.3520","0.3520","5.12K","2.92%"
"30/07/2019","0.3420","0.3420","0.3420","0.3420","1.30K","-2.29%"
"29/07/2019","0.3500","0.3500","0.3500","0.3500","16.88K","-4.89%"
"26/07/2019","0.3680","0.3240","0.3680","0.3240","12.01K","5.14%"
"25/07/2019","0.3500","0.3300","0.3500","0.3300","18.19K","5.42%"
"24/07/2019","0.3320","0.3330","0.3330","0.3320","5.70K","-3.77%"
"23/07/2019","0.3450","0.3450","0.3450","0.3450","1.10K","0.00%"
"22/07/2019","0.3450","0.3450","0.3450","0.3450","10.48K","1.17%"
"19/07/2019","0.3410","0.3500","0.3500","0.3410","31.66K","-2.85%"
"18/07/2019","0.3510","0.3510","0.3510","0.3510","1.10K","-3.57%"
"17/07/2019","0.3640","0.3500","0.3640","0.3500","5.39K","1.68%"
"15/07/2019","0.3580","0.3700","0.3700","0.3580","9.29K","-2.72%"
"12/07/2019","0.3680","0.3670","0.3680","0.3670","25.51K","0.00%"
"11/07/2019","0.3680","0.3680","0.3680","0.3680","1.00K","2.22%"
"10/07/2019","0.3600","0.3600","0.3600","0.3600","23.26K","-0.28%"
"09/07/2019","0.3610","0.3610","0.3610","0.3610","0.30K","-1.10%"
"05/07/2019","0.3650","0.3690","0.3690","0.3650","2.63K","0.00%"
"04/07/2019","0.3650","0.3640","0.3650","0.3640","5.20K","1.39%"
"03/07/2019","0.3600","0.3600","0.3600","0.3600","11.00K","-1.10%"
"02/07/2019","0.3640","0.3640","0.3640","0.3640","6.10K","-1.62%"
"01/07/2019","0.3700","0.3740","0.3740","0.3700","1.81K","-1.07%"
"28/06/2019","0.3740","0.3660","0.3750","0.3560","34.47K","-0.27%"
"27/06/2019","0.3750","0.3810","0.3810","0.3640","27.26K","-1.83%"
"26/06/2019","0.3820","0.3730","0.3830","0.3690","52.31K","2.69%"
"25/06/2019","0.3720","0.3790","0.3850","0.3710","71.65K","-1.59%"
"24/06/2019","0.3780","0.3740","0.3850","0.3650","105.14K","1.07%"
"21/06/2019","0.3740","0.4050","0.4100","0.3640","281.56K","-7.65%"
"19/06/2019","0.4050","0.4400","0.4400","0.4000","197.99K","-7.95%"
"18/06/2019","0.4400","0.4330","0.4420","0.4330","8.03K","1.15%"
"17/06/2019","0.4350","0.4340","0.4480","0.4340","6.40K","-1.81%"
"14/06/2019","0.4430","0.4330","0.4440","0.4330","8.60K","2.31%"
"13/06/2019","0.4330","0.4330","0.4400","0.4110","40.97K","0.70%"
"12/06/2019","0.4300","0.4400","0.4400","0.4200","61.38K","-2.27%"
"11/06/2019","0.4400","0.4550","0.4550","0.4240","105.50K","-4.35%"
"10/06/2019","0.4600","0.4740","0.4780","0.4600","22.21K","-1.92%"
"07/06/2019","0.4690","0.4680","0.4690","0.4680","14.41K","0.43%"
"06/06/2019","0.4670","0.4660","0.4700","0.4660","11.51K","-2.30%"
"05/06/2019","0.4780","0.4650","0.4780","0.4650","1.56K","2.58%"
"04/06/2019","0.4660","0.4700","0.4780","0.4660","12.59K","-2.92%"
"03/06/2019","0.4800","0.4700","0.4800","0.4650","41.30K","0.00%"
"31/05/2019","0.4800","0.4830","0.4830","0.4700","1.81K","-0.62%"
"30/05/2019","0.4830","0.4870","0.4870","0.4680","37.47K","-0.41%"
"29/05/2019","0.4850","0.4770","0.4890","0.4650","65.23K","-0.82%"
"28/05/2019","0.4890","0.4830","0.4910","0.4720","75.44K","-1.21%"
"27/05/2019","0.4950","0.4980","0.4980","0.4800","130.80K","1.02%"
"24/05/2019","0.4900","0.4950","0.4950","0.4800","16.08K","-1.01%"
"23/05/2019","0.4950","0.4990","0.5000","0.4800","108.94K","1.02%"
"22/05/2019","0.4900","0.5100","0.5100","0.4880","41.45K","-3.92%"
"21/05/2019","0.5100","0.4620","0.5100","0.4620","277.24K","10.63%"
"20/05/2019","0.4610","0.4600","0.4690","0.4600","10.00K","0.44%"
"17/05/2019","0.4590","0.4800","0.4800","0.4540","8.77K","-2.34%"
"16/05/2019","0.4700","0.4680","0.4780","0.4680","8.50K","-1.67%"
"15/05/2019","0.4780","0.4780","0.4790","0.4680","3.09K","3.46%"
"14/05/2019","0.4620","0.4790","0.4790","0.4500","63.55K","-1.91%"
"13/05/2019","0.4710","0.4800","0.4800","0.4700","14.45K","-1.88%"
"10/05/2019","0.4800","0.4610","0.4800","0.4600","47.95K","2.35%"
"09/05/2019","0.4690","0.4760","0.4760","0.4500","117.88K","-2.29%"
"08/05/2019","0.4800","0.4800","0.4800","0.4780","4.08K","-2.04%"
"07/05/2019","0.4900","0.4950","0.4950","0.4760","6.51K","-0.81%"
"06/05/2019","0.4940","0.4750","0.5000","0.4750","66.99K","-1.20%"
"02/05/2019","0.5000","0.5080","0.5080","0.4780","243.97K","-1.57%"
"30/04/2019","0.5080","0.5100","0.5100","0.5000","44.99K","1.20%"
"29/04/2019","0.5020","0.5040","0.5100","0.5000","40.70K","-1.95%"
"26/04/2019","0.5120","0.5020","0.5140","0.5000","38.71K","0.79%"
"25/04/2019","0.5080","0.5080","0.5080","0.5020","5.65K","1.20%"
"24/04/2019","0.5020","0.4990","0.5160","0.4990","69.25K","2.45%"
"23/04/2019","0.4900","0.4980","0.5000","0.4900","13.78K","-1.61%"
"18/04/2019","0.4980","0.5000","0.5100","0.4980","4.88K","-2.35%"
"17/04/2019","0.5100","0.5040","0.5180","0.5040","24.12K","-0.78%"
"16/04/2019","0.5140","0.4960","0.5180","0.4960","54.60K","3.63%"
"15/04/2019","0.4960","0.4960","0.5100","0.4960","14.02K","1.22%"
"12/04/2019","0.4900","0.5080","0.5080","0.4900","7.95K","-2.78%"
"11/04/2019","0.5040","0.4960","0.5040","0.4900","15.30K","2.23%"
"10/04/2019","0.4930","0.5200","0.5200","0.4860","58.22K","-5.19%"
"09/04/2019","0.5200","0.5060","0.5200","0.5060","46.50K","3.17%"
"08/04/2019","0.5040","0.5060","0.5060","0.5000","16.53K","-0.40%"
"05/04/2019","0.5060","0.5020","0.5100","0.5020","9.36K","-2.32%"
"04/04/2019","0.5180","0.5020","0.5200","0.5000","19.36K","1.57%"
"03/04/2019","0.5100","0.5060","0.5100","0.5000","11.40K","0.79%"
"02/04/2019","0.5060","0.5040","0.5060","0.4920","4.04K","0.40%"
"01/04/2019","0.5040","0.5080","0.5080","0.4910","22.13K","-0.20%"
"29/03/2019","0.5050","0.5050","0.5050","0.4980","61.69K","1.00%"
"28/03/2019","0.5000","0.5120","0.5120","0.4850","124.54K","-2.34%"
"27/03/2019","0.5120","0.5150","0.5150","0.4900","62.31K","-0.78%"
"26/03/2019","0.5160","0.5080","0.5250","0.5070","81.04K","0.19%"
"25/03/2019","0.5150","0.5270","0.5270","0.5070","20.55K","0.19%"
"22/03/2019","0.5140","0.5140","0.5280","0.5140","6.13K","-2.65%"
"21/03/2019","0.5280","0.5300","0.5300","0.5100","135.97K","-0.38%"
"20/03/2019","0.5300","0.5280","0.5300","0.5150","33.06K","2.51%"
"19/03/2019","0.5170","0.5300","0.5310","0.5050","422.96K","-4.61%"
"18/03/2019","0.5420","0.5450","0.5490","0.5230","64.79K","-0.55%"
"15/03/2019","0.5450","0.5370","0.5450","0.5290","67.00K","1.49%"
"14/03/2019","0.5370","0.5400","0.5400","0.5200","117.66K","-0.92%"
"13/03/2019","0.5420","0.5330","0.5560","0.5210","270.75K","1.50%"
"12/03/2019","0.5340","0.5370","0.5510","0.5200","310.11K","-1.48%"
"11/03/2019","0.5420","0.4820","0.5500","0.4810","593.35K","12.92%"
"08/03/2019","0.4800","0.4810","0.4870","0.4780","127.20K","-1.64%"
"07/03/2019","0.4880","0.4950","0.4950","0.4800","96.82K","-1.41%"
"06/03/2019","0.4950","0.4950","0.4950","0.4920","7.51K","-0.40%"
"05/03/2019","0.4970","0.4960","0.4990","0.4960","5.20K","-0.60%"
"04/03/2019","0.5000","0.4900","0.5000","0.4900","35.57K","2.04%"
"01/03/2019","0.4900","0.4900","0.5000","0.4800","69.16K","0.00%"
"28/02/2019","0.4900","0.5000","0.5000","0.4900","113.87K","0.00%"
"27/02/2019","0.4900","0.4900","0.5100","0.4900","52.05K","-2.00%"
"26/02/2019","0.5000","0.5000","0.5000","0.4900","9.40K","-1.96%"
"25/02/2019","0.5100","0.5000","0.5100","0.5000","34.85K","0.00%"
"22/02/2019","0.5100","0.5100","0.5100","0.5000","29.85K","2.00%"
"21/02/2019","0.5000","0.5000","0.5100","0.4900","106.18K","-1.96%"
"20/02/2019","0.5100","0.4900","0.5200","0.4800","226.29K","2.00%"
"19/02/2019","0.5000","0.5000","0.5100","0.4900","8.74K","-1.96%"
"18/02/2019","0.5100","0.5000","0.5100","0.4900","33.93K","2.00%"
"15/02/2019","0.5000","0.5100","0.5100","0.4900","99.94K","-3.85%"
"14/02/2019","0.5200","0.4900","0.5200","0.4900","223.54K","6.12%"
"13/02/2019","0.4900","0.5000","0.5000","0.4900","182.51K","-3.92%"
"12/02/2019","0.5100","0.5000","0.5100","0.5000","96.42K","-1.92%"
"11/02/2019","0.5200","0.5200","0.5300","0.5000","189.79K","0.00%"
"08/02/2019","0.5200","0.5100","0.5300","0.5000","185.27K","0.00%"
"07/02/2019","0.5200","0.5200","0.5300","0.5100","399.68K","0.00%"
"06/02/2019","0.5200","0.5300","0.5300","0.5200","74.15K","-1.89%"
"05/02/2019","0.5300","0.5200","0.5400","0.5200","313.37K","0.00%"
"04/02/2019","0.5300","0.5300","0.5400","0.5200","196.37K","-1.85%"
"01/02/2019","0.5400","0.5500","0.5500","0.5100","262.26K","-1.82%"
"31/01/2019","0.5500","0.5500","0.5600","0.5400","123.00K","-1.79%"
"30/01/2019","0.5600","0.5600","0.5600","0.5400","314.37K","1.82%"
"29/01/2019","0.5500","0.5100","0.5600","0.4900","794.77K","5.77%"
"28/01/2019","0.5200","0.5300","0.5400","0.5100","175.39K","-3.70%"
"25/01/2019","0.5400","0.5400","0.5500","0.5200","283.19K","0.00%"
"24/01/2019","0.5400","0.5500","0.5500","0.5300","115.58K","-1.82%"
"23/01/2019","0.5500","0.5500","0.5500","0.5300","64.03K","1.85%"
"22/01/2019","0.5400","0.5500","0.5500","0.5400","132.68K","-1.82%"
"21/01/2019","0.5500","0.5600","0.5700","0.5400","290.38K","1.85%"
"18/01/2019","0.5400","0.5500","0.5500","0.5400","197.04K","-3.57%"
"17/01/2019","0.5600","0.5600","0.5600","0.5400","120.18K","1.82%"
"16/01/2019","0.5500","0.5700","0.5700","0.5500","139.01K","-3.51%"
"15/01/2019","0.5700","0.5700","0.5800","0.5500","301.76K","0.00%"
"14/01/2019","0.5700","0.5600","0.5800","0.5500","245.70K","1.79%"
"11/01/2019","0.5600","0.5400","0.5900","0.5300","1.19M","3.70%"
"10/01/2019","0.5400","0.5400","0.6300","0.5400","2.00M","-3.57%"
"09/01/2019","0.5600","0.6800","0.6900","0.5300","2.02M","-16.42%"
"08/01/2019","0.6700","0.6700","0.7100","0.6600","1.02M","0.00%"
"07/01/2019","0.6700","0.7400","0.7400","0.6600","589.06K","-6.94%"
"04/01/2019","0.7200","0.7200","0.7300","0.6800","322.72K","2.86%"
"03/01/2019","0.7000","0.7800","0.8300","0.6800","1.83M","-5.41%"
"02/01/2019","0.7400","0.5700","0.7400","0.5500","785.63K","27.59%"
"28/12/2018","0.5800","0.6000","0.6000","0.5800","74.57K","-1.69%"
"27/12/2018","0.5900","0.5600","0.5900","0.5600","89.68K","11.32%"
"21/12/2018","0.5300","0.5200","0.5300","0.5200","74.88K","3.92%"
"20/12/2018","0.5100","0.5000","0.5100","0.5000","60.70K","-1.92%"
"19/12/2018","0.5200","0.5200","0.5200","0.5200","15.50K","1.96%"
"18/12/2018","0.5100","0.5100","0.5100","0.5100","12.85K","0.00%"
"17/12/2018","0.5100","0.4800","0.5100","0.4800","61.05K","4.08%"
"14/12/2018","0.4900","0.5100","0.5100","0.4900","28.11K","-3.92%"
"13/12/2018","0.5100","0.5000","0.5100","0.5000","101.90K","2.00%"
"12/12/2018","0.5000","0.5000","0.5000","0.5000","5.00K","0.00%"
"11/12/2018","0.5000","0.4900","0.5000","0.4900","57.00K","2.04%"
"10/12/2018","0.4900","0.4900","0.4900","0.4900","59.00K","2.08%"
"07/12/2018","0.4800","0.4800","0.4800","0.4800","87.72K","0.00%"
"06/12/2018","0.4800","0.4900","0.4900","0.4800","43.50K","0.00%"
"05/12/2018","0.4800","0.4800","0.4800","0.4800","39.26K","0.00%"
"04/12/2018","0.4800","0.4800","0.4800","0.4800","5.04K","-4.00%"
"03/12/2018","0.5000","0.5000","0.5000","0.5000","6.25K","0.00%"
"30/11/2018","0.5000","0.4900","0.5000","0.4900","19.40K","2.04%"
"29/11/2018","0.4900","0.4900","0.4900","0.4900","22.99K","-2.00%"
"28/11/2018","0.5000","0.5000","0.5000","0.5000","14.00K","0.00%"
"27/11/2018","0.5000","0.4600","0.5000","0.4600","3.00K","0.00%"
"26/11/2018","0.5000","0.5000","0.5000","0.5000","9.90K","2.04%"
"23/11/2018","0.4900","0.4800","0.4900","0.4800","108.53K","2.08%"
"22/11/2018","0.4800","0.4800","0.4800","0.4800","24.01K","0.00%"
"21/11/2018","0.4800","0.4800","0.4800","0.4800","42.04K","-4.00%"
"20/11/2018","0.5000","0.5000","0.5000","0.5000","0.50K","0.00%"
"19/11/2018","0.5000","0.5000","0.5000","0.5000","0.04K","0.00%"
"16/11/2018","0.5000","0.4900","0.5000","0.4900","9.76K","2.04%"
"15/11/2018","0.4900","0.4900","0.4900","0.4900","5.82K","-2.00%"
"14/11/2018","0.5000","0.5000","0.5000","0.5000","0.43K","-1.96%"
"09/11/2018","0.5100","0.5100","0.5100","0.5100","2.10K","8.51%"
"08/11/2018","0.4700","0.5200","0.5200","0.4700","6.95K","-7.84%"
"07/11/2018","0.5100","0.5100","0.5100","0.5100","6.09K","8.51%"
"06/11/2018","0.4700","0.5000","0.5000","0.4700","14.22K","-6.00%"
"05/11/2018","0.5000","0.5000","0.5000","0.5000","7.00K","0.00%"
"02/11/2018","0.5000","0.5000","0.5000","0.5000","24.44K","0.00%"
"31/10/2018","0.5000","0.5000","0.5000","0.5000","0.03K","-1.96%"
"30/10/2018","0.5100","0.5000","0.5100","0.5000","2.32K","-1.92%"
"29/10/2018","0.5200","0.5000","0.5200","0.5000","19.57K","4.00%"
"26/10/2018","0.5000","0.5000","0.5000","0.5000","0.07K","-5.66%"
"25/10/2018","0.5300","0.5300","0.5300","0.5300","0.35K","6.00%"
"24/10/2018","0.5000","0.5100","0.5100","0.5000","4.52K","0.00%"
"23/10/2018","0.5000","0.5000","0.5000","0.5000","71.69K","-7.41%"
"22/10/2018","0.5400","0.5400","0.5400","0.5400","5.00K","3.85%"
"19/10/2018","0.5200","0.4800","0.5200","0.4800","12.09K","-1.89%"
"18/10/2018","0.5300","0.5000","0.5300","0.5000","18.50K","6.00%"
"17/10/2018","0.5000","0.5000","0.5000","0.5000","17.30K","0.00%"
"16/10/2018","0.5000","0.5000","0.5000","0.5000","9.60K","0.00%"
"15/10/2018","0.5000","0.5000","0.5000","0.5000","0.06K","-3.85%"
"12/10/2018","0.5200","0.4600","0.5200","0.4600","61.96K","13.04%"
"11/10/2018","0.4600","0.5000","0.5000","0.4600","37.76K","-8.00%"
"10/10/2018","0.5000","0.5200","0.5200","0.5000","3.52K","-3.85%"
"09/10/2018","0.5200","0.5200","0.5200","0.5200","1.23K","1.96%"
"08/10/2018","0.5100","0.5100","0.5100","0.5100","26.18K","-3.77%"
"05/10/2018","0.5300","0.5300","0.5300","0.5300","0.30K","0.00%"
"04/10/2018","0.5300","0.5300","0.5300","0.5300","0.17K","-1.85%"
"03/10/2018","0.5400","0.5900","0.5900","0.5400","29.75K","-8.47%"
"02/10/2018","0.5900","0.5400","0.5900","0.5400","130.58K","13.46%"
"01/10/2018","0.5200","0.5200","0.5200","0.5200","16.00K","-3.70%"
"27/09/2018","0.5400","0.5100","0.5400","0.5100","46.60K","1.89%"
"26/09/2018","0.5300","0.5300","0.5300","0.5300","1.10K","1.92%"
"25/09/2018","0.5200","0.5200","0.5200","0.5200","75.17K","1.96%"
"24/09/2018","0.5100","0.5100","0.5100","0.5100","22.41K","-3.77%"
"21/09/2018","0.5300","0.5100","0.5300","0.5100","8.10K","6.00%"
"20/09/2018","0.5000","0.5100","0.5100","0.5000","16.50K","-3.85%"
"19/09/2018","0.5200","0.5200","0.5200","0.5200","1.82K","-3.70%"
"18/09/2018","0.5400","0.5100","0.5400","0.5100","65.56K","3.85%"
"17/09/2018","0.5200","0.5200","0.5200","0.5200","14.22K","-1.89%"
"14/09/2018","0.5300","0.5300","0.5300","0.5300","4.25K","-1.85%"
"13/09/2018","0.5400","0.5400","0.5400","0.5400","3.22K","1.89%"
"12/09/2018","0.5300","0.5200","0.5300","0.5200","61.30K","3.92%"
"11/09/2018","0.5100","0.5100","0.5100","0.5100","17.00K","-5.56%"
"10/09/2018","0.5400","0.5400","0.5400","0.5400","0.06K","0.00%"
"07/09/2018","0.5400","0.5400","0.5400","0.5400","4.76K","-1.82%"
"06/09/2018","0.5500","0.5200","0.5500","0.5200","5.02K","7.84%"
"05/09/2018","0.5100","0.5700","0.5700","0.5100","3.55K","-12.07%"
"04/09/2018","0.5800","0.5700","0.5800","0.5700","70.74K","3.57%"
"03/09/2018","0.5600","0.5500","0.5600","0.5500","55.56K","1.82%"
"31/08/2018","0.5500","0.5500","0.5500","0.5500","124.73K","0.00%"
"30/08/2018","0.5500","0.5500","0.5500","0.5500","18.52K","0.00%"
"29/08/2018","0.5500","0.5500","0.5500","0.5500","28.74K","1.85%"
"28/08/2018","0.5400","0.5200","0.5400","0.5200","29.87K","-3.57%"
"27/08/2018","0.5600","0.5600","0.5600","0.5600","14.80K","-1.75%"
"24/08/2018","0.5700","0.5600","0.5700","0.5600","203.07K","5.56%"
"23/08/2018","0.5400","0.5400","0.5400","0.5400","87.52K","3.85%"
"22/08/2018","0.5200","0.5100","0.5200","0.5100","25.00K","1.96%"
"21/08/2018","0.5100","0.5000","0.5100","0.5000","47.32K","0.00%"
"20/08/2018","0.5100","0.5200","0.5200","0.5100","18.07K","-1.92%"
"17/08/2018","0.5200","0.5200","0.5200","0.5200","83.12K","-1.89%"
"16/08/2018","0.5300","0.5400","0.5400","0.5300","1.17K","-1.85%"
"14/08/2018","0.5400","0.5500","0.5500","0.5400","5.26K","-1.82%"
"13/08/2018","0.5500","0.5400","0.5500","0.5400","193.36K","1.85%"
"10/08/2018","0.5400","0.5400","0.5400","0.5400","111.86K","3.85%"
"09/08/2018","0.5200","0.5000","0.5200","0.5000","149.74K","8.33%"
"08/08/2018","0.4800","0.4700","0.4800","0.4700","56.95K","-2.04%"
"07/08/2018","0.4900","0.4600","0.4900","0.4600","21.88K","-3.92%"
"06/08/2018","0.5100","0.5100","0.5100","0.5100","132.02K","6.25%"
"03/08/2018","0.4800","0.4500","0.4800","0.4500","274.94K","11.63%"
"02/08/2018","0.4300","0.4100","0.4300","0.4100","103.36K","2.38%"
"01/08/2018","0.4200","0.4100","0.4200","0.4100","31.70K","2.44%"
"31/07/2018","0.4100","0.4100","0.4100","0.4100","22.75K","0.00%"
"30/07/2018","0.4100","0.4100","0.4100","0.4100","40.30K","0.00%"
"27/07/2018","0.4100","0.4000","0.4100","0.4000","38.03K","0.00%"
"26/07/2018","0.4100","0.4000","0.4100","0.4000","2.10K","2.50%"
"25/07/2018","0.4000","0.4000","0.4000","0.4000","19.97K","-6.98%"
"24/07/2018","0.4300","0.4300","0.4300","0.4300","13.19K","2.38%"
"23/07/2018","0.4200","0.4100","0.4200","0.4100","27.78K","2.44%"
"20/07/2018","0.4100","0.4100","0.4100","0.4100","156.10K","2.50%"
"19/07/2018","0.4000","0.3900","0.4000","0.3900","90.53K","2.56%"
"18/07/2018","0.3900","0.3900","0.3900","0.3900","95.36K","0.00%"
"17/07/2018","0.3900","0.4000","0.4000","0.3900","8.40K","-2.50%"
"16/07/2018","0.4000","0.3800","0.4000","0.3800","18.58K","2.56%"
"13/07/2018","0.3900","0.3600","0.3900","0.3600","234.57K","14.71%"
"12/07/2018","0.3400","0.3300","0.3400","0.3300","140.79K","3.03%"
"11/07/2018","0.3300","0.3300","0.3300","0.3300","86.64K","0.00%"
"10/07/2018","0.3300","0.3300","0.3300","0.3300","10.93K","6.45%"
"09/07/2018","0.3100","0.3200","0.3200","0.3100","16.77K","-3.12%"
"06/07/2018","0.3200","0.3200","0.3200","0.3200","13.47K","0.00%"
"05/07/2018","0.3200","0.3100","0.3200","0.3100","3.50K","3.23%"
"04/07/2018","0.3100","0.3100","0.3100","0.3100","0.70K","-3.12%"
"03/07/2018","0.3200","0.3200","0.3200","0.3200","33.56K","0.00%"
"02/07/2018","0.3200","0.3200","0.3200","0.3200","4.60K","0.00%"
"29/06/2018","0.3200","0.3300","0.3300","0.3200","3.05K","0.00%"
"28/06/2018","0.3200","0.3200","0.3200","0.3200","32.00K","3.23%"
"27/06/2018","0.3100","0.3100","0.3100","0.3100","4.00K","0.00%"
"26/06/2018","0.3100","0.3100","0.3100","0.3100","8.10K","-3.12%"
"25/06/2018","0.3200","0.3200","0.3200","0.3200","8.66K","0.00%"
"22/06/2018","0.3200","0.3200","0.3200","0.3200","4.00K","0.00%"
"21/06/2018","0.3200","0.3200","0.3200","0.3200","1.20K","0.00%"
"20/06/2018","0.3200","0.3200","0.3200","0.3200","6.35K","-3.03%"
"19/06/2018","0.3300","0.3200","0.3300","0.3200","12.08K","3.13%"
"18/06/2018","0.3200","0.3200","0.3200","0.3200","3.00K","0.00%"
"15/06/2018","0.3200","0.3200","0.3200","0.3200","2.00K","0.00%"
"14/06/2018","0.3200","0.3200","0.3200","0.3200","12.50K","0.00%"
"13/06/2018","0.3200","0.3200","0.3200","0.3200","27.22K","0.00%"
"12/06/2018","0.3200","0.3200","0.3200","0.3200","34.63K","0.00%"
"11/06/2018","0.3200","0.3200","0.3200","0.3200","12.77K","-3.03%"
"08/06/2018","0.3300","0.3300","0.3300","0.3300","5.33K","0.00%"
"07/06/2018","0.3300","0.3300","0.3300","0.3300","12.67K","3.13%"
"06/06/2018","0.3200","0.3200","0.3200","0.3200","8.43K","0.00%"
"05/06/2018","0.3200","0.3200","0.3200","0.3200","11.08K","0.00%"
"04/06/2018","0.3200","0.3200","0.3200","0.3200","63.78K","0.00%"
"01/06/2018","0.3200","0.3200","0.3200","0.3200","131.83K","-3.03%"
"30/05/2018","0.3300","0.3300","0.3300","0.3300","9.15K","0.00%"
"29/05/2018","0.3300","0.3300","0.3300","0.3300","14.99K","3.13%"
"28/05/2018","0.3200","0.3200","0.3200","0.3200","24.00K","-3.03%"
"25/05/2018","0.3300","0.3300","0.3300","0.3300","11.78K","0.00%"
"23/05/2018","0.3300","0.3300","0.3300","0.3300","1.02K","3.13%"
"22/05/2018","0.3200","0.3200","0.3200","0.3200","3.98K","-3.03%"
"21/05/2018","0.3300","0.3300","0.3300","0.3300","16.76K","3.13%"
"18/05/2018","0.3200","0.3200","0.3200","0.3200","36.71K","-3.03%"
"17/05/2018","0.3300","0.3400","0.3400","0.3300","55.72K","-2.94%"
"16/05/2018","0.3400","0.3400","0.3400","0.3400","15.88K","3.03%"
"15/05/2018","0.3300","0.3300","0.3300","0.3300","4.10K","-2.94%"
"14/05/2018","0.3400","0.3400","0.3400","0.3400","9.96K","3.03%"
"11/05/2018","0.3300","0.3300","0.3300","0.3300","7.77K","0.00%"
"10/05/2018","0.3300","0.3300","0.3300","0.3300","33.40K","3.13%"
"09/05/2018","0.3200","0.3200","0.3200","0.3200","8.34K","-5.88%"
"08/05/2018","0.3400","0.3400","0.3400","0.3400","1.00K","0.00%"
"07/05/2018","0.3400","0.3400","0.3400","0.3400","12.84K","0.00%"
"04/05/2018","0.3400","0.3500","0.3500","0.3400","30.00K","-2.86%"
"02/05/2018","0.3500","0.3300","0.3500","0.3300","40.53K","12.90%"
"30/04/2018","0.3100","0.3100","0.3100","0.3100","17.85K","0.00%"
"27/04/2018","0.3100","0.3100","0.3100","0.3100","21.33K","-3.12%"
"26/04/2018","0.3200","0.3200","0.3200","0.3200","14.13K","3.23%"
"25/04/2018","0.3100","0.3200","0.3200","0.3100","47.48K","-6.06%"
"24/04/2018","0.3300","0.3300","0.3300","0.3300","6.00K","-5.71%"
"23/04/2018","0.3500","0.3500","0.3500","0.3500","21.60K","6.06%"
"20/04/2018","0.3300","0.3300","0.3300","0.3300","1.17K","0.00%"
"19/04/2018","0.3300","0.3300","0.3300","0.3300","59.20K","-2.94%"
"18/04/2018","0.3400","0.3400","0.3400","0.3400","20.19K","-2.86%"
"17/04/2018","0.3500","0.3500","0.3500","0.3500","38.36K","0.00%"
"16/04/2018","0.3500","0.3500","0.3500","0.3500","11.50K","0.00%"
"13/04/2018","0.3500","0.3500","0.3500","0.3500","10.00K","-2.78%"
"12/04/2018","0.3600","0.3600","0.3600","0.3600","49.39K","0.00%"
"11/04/2018","0.3600","0.3500","0.3600","0.3500","40.33K","5.88%"
"10/04/2018","0.3400","0.3300","0.3400","0.3300","41.60K","6.25%"
"09/04/2018","0.3200","0.3100","0.3200","0.3100","29.00K","3.23%"
"06/04/2018","0.3100","0.3100","0.3100","0.3100","61.80K","3.33%"
"05/04/2018","0.3000","0.2900","0.3000","0.2900","92.32K","-3.23%"
"04/04/2018","0.3100","0.3500","0.3500","0.3100","54.84K","-13.89%"
"03/04/2018","0.3600","0.3800","0.3800","0.3600","32.08K","-10.00%"
"29/03/2018","0.4000","0.3900","0.4000","0.3800","96.49K","0.00%"
"28/03/2018","0.4000","0.4200","0.4200","0.3900","42.11K","-4.76%"
"27/03/2018","0.4200","0.4100","0.4200","0.4000","21.32K","0.00%"
"26/03/2018","0.4200","0.4400","0.4400","0.4000","102.60K","-4.55%"
"23/03/2018","0.4400","0.4300","0.4400","0.4200","17.08K","0.00%"
"22/03/2018","0.4400","0.4300","0.4400","0.4200","11.68K","2.33%"
"21/03/2018","0.4300","0.4300","0.4400","0.4300","12.79K","0.00%"
"20/03/2018","0.4300","0.4300","0.4400","0.4200","63.06K","2.38%"
"19/03/2018","0.4200","0.4400","0.4400","0.4200","44.79K","-4.55%"
"16/03/2018","0.4400","0.4500","0.4500","0.4300","44.99K","0.00%"
"15/03/2018","0.4400","0.4300","0.4400","0.4300","36.34K","0.00%"
"14/03/2018","0.4400","0.4300","0.4500","0.4300","37.90K","0.00%"
"13/03/2018","0.4400","0.4500","0.4500","0.4400","91.71K","-2.22%"
"12/03/2018","0.4500","0.4500","0.4500","0.4400","37.44K","0.00%"
"09/03/2018","0.4500","0.4200","0.4500","0.4200","144.69K","2.27%"
"08/03/2018","0.4400","0.4400","0.4400","0.4200","63.68K","0.00%"
"07/03/2018","0.4400","0.4400","0.4500","0.4300","123.57K","0.00%"
"06/03/2018","0.4400","0.4800","0.4800","0.4400","255.47K","-6.38%"
"05/03/2018","0.4700","0.4500","0.4900","0.4400","638.54K","4.44%"
"02/03/2018","0.4500","0.4300","0.4700","0.4300","325.30K","2.27%"
"01/03/2018","0.4400","0.4300","0.4400","0.4200","79.26K","2.33%"
"28/02/2018","0.4300","0.4400","0.4400","0.4200","30.41K","-2.27%"
"27/02/2018","0.4400","0.4200","0.4400","0.4200","129.77K","4.76%"
"26/02/2018","0.4200","0.4200","0.4300","0.4100","76.55K","0.00%"
"23/02/2018","0.4200","0.4100","0.4300","0.4100","64.58K","2.44%"
"22/02/2018","0.4100","0.4200","0.4300","0.4100","65.45K","0.00%"
"21/02/2018","0.4100","0.4200","0.4300","0.4100","51.55K","-4.65%"
"20/02/2018","0.4300","0.4300","0.4400","0.4200","40.61K","0.00%"
"19/02/2018","0.4300","0.4200","0.4400","0.4200","143.07K","0.00%"
"16/02/2018","0.4300","0.4400","0.4400","0.4300","9.92K","-2.27%"
"15/02/2018","0.4400","0.4300","0.4400","0.4300","46.40K","0.00%"
"14/02/2018","0.4400","0.4400","0.4500","0.4300","110.76K","0.00%"
"13/02/2018","0.4400","0.4400","0.4500","0.4400","61.73K","-2.22%"
"12/02/2018","0.4500","0.4600","0.4700","0.4400","153.99K","-2.17%"
"09/02/2018","0.4600","0.4400","0.4600","0.4300","231.36K","2.22%"
"08/02/2018","0.4500","0.4400","0.4600","0.4300","164.41K","2.27%"
"07/02/2018","0.4400","0.4200","0.4500","0.4200","56.67K","2.33%"
"06/02/2018","0.4300","0.4400","0.4400","0.4000","202.21K","-2.27%"
"05/02/2018","0.4400","0.4400","0.4700","0.4400","112.72K","0.00%"
"02/02/2018","0.4400","0.4500","0.4600","0.4400","71.90K","0.00%"
"01/02/2018","0.4400","0.4500","0.4700","0.4400","77.66K","-4.35%"
"31/01/2018","0.4600","0.4600","0.4700","0.4500","85.61K","-2.13%"
"30/01/2018","0.4700","0.4600","0.4800","0.4600","21.96K","0.00%"
"29/01/2018","0.4700","0.4700","0.4800","0.4600","57.06K","0.00%"
"26/01/2018","0.4700","0.4800","0.4800","0.4600","162.88K","-4.08%"
"25/01/2018","0.4900","0.4800","0.4900","0.4700","68.87K","2.08%"
"24/01/2018","0.4800","0.4800","0.4900","0.4600","196.35K","0.00%"
"23/01/2018","0.4800","0.5100","0.5200","0.4800","467.68K","-4.00%"
"22/01/2018","0.5000","0.4900","0.5400","0.4900","1.16M","4.17%"
"19/01/2018","0.4800","0.4700","0.4900","0.4700","93.62K","0.00%"
"18/01/2018","0.4800","0.4700","0.4800","0.4600","83.81K","2.13%"
"17/01/2018","0.4700","0.4900","0.4900","0.4700","30.37K","-2.08%"
"16/01/2018","0.4800","0.4700","0.5000","0.4700","107.71K","0.00%"
"15/01/2018","0.4800","0.4800","0.4900","0.4700","44.55K","2.13%"
"12/01/2018","0.4700","0.4700","0.4900","0.4600","73.05K","0.00%"
"11/01/2018","0.4700","0.4700","0.5100","0.4600","497.94K","0.00%"
"10/01/2018","0.4700","0.5000","0.5000","0.4600","324.06K","-6.00%"
"09/01/2018","0.5000","0.5100","0.5300","0.4900","290.76K","-3.85%"
"08/01/2018","0.5200","0.5000","0.5500","0.5000","1.02M","0.00%"
"05/01/2018","0.5200","0.4600","0.5500","0.4600","2.41M","10.64%"
"04/01/2018","0.4700","0.3800","0.4900","0.3800","966.00K","23.68%"
"03/01/2018","0.3800","0.3600","0.3900","0.3600","179.26K","5.56%"
"29/12/2017","0.3600","0.3600","0.3600","0.3400","193.43K","0.00%"
"28/12/2017","0.3600","0.3500","0.3600","0.3400","79.04K","2.86%"
"27/12/2017","0.3500","0.3500","0.3500","0.3400","276.89K","0.00%"
"22/12/2017","0.3500","0.3700","0.3800","0.3500","349.05K","0.00%"
"21/12/2017","0.3500","0.3400","0.3500","0.3300","185.61K","6.06%"
"20/12/2017","0.3300","0.3500","0.3500","0.3200","536.52K","-5.71%"
"19/12/2017","0.3500","0.3800","0.3900","0.3400","1.02M","-14.63%"
"18/12/2017","0.4100","0.4100","0.4200","0.3900","277.29K","-2.38%"
"15/12/2017","0.4200","0.4200","0.4300","0.3900","137.95K","-2.33%"
"14/12/2017","0.4300","0.4400","0.4500","0.4200","186.74K","-2.27%"
"13/12/2017","0.4400","0.4400","0.4500","0.4300","142.51K","0.00%"
"12/12/2017","0.4400","0.4300","0.4500","0.4100","277.87K","2.33%"
"11/12/2017","0.4300","0.4400","0.4400","0.4300","31.87K","-2.27%"
"08/12/2017","0.4400","0.4300","0.4400","0.4200","72.35K","0.00%"
"07/12/2017","0.4400","0.4200","0.4400","0.4200","275.50K","4.76%"
"06/12/2017","0.4200","0.4200","0.4200","0.4000","160.30K","-2.33%"
"05/12/2017","0.4300","0.4300","0.4300","0.4200","178.61K","-2.27%"
"04/12/2017","0.4400","0.4500","0.4500","0.4300","92.80K","-2.22%"
"01/12/2017","0.4500","0.4600","0.4700","0.4300","227.97K","-2.17%"
"30/11/2017","0.4600","0.4800","0.4900","0.4600","125.13K","-6.12%"
"29/11/2017","0.4900","0.4800","0.4900","0.4800","92.72K","2.08%"
"28/11/2017","0.4800","0.4900","0.4900","0.4600","255.13K","-4.00%"
"27/11/2017","0.5000","0.5200","0.5300","0.5000","280.77K","-3.85%"
"24/11/2017","0.5200","0.5200","0.5300","0.5100","91.29K","0.00%"
"23/11/2017","0.5200","0.5200","0.5300","0.4800","1.04M","-5.45%"
"22/11/2017","0.5500","0.5600","0.6400","0.5500","1.71M","-19.12%"
"21/11/2017","0.6800","0.6700","0.6800","0.6600","60.56K","1.49%"
"20/11/2017","0.6700","0.6700","0.6900","0.6600","93.04K","0.00%"
"17/11/2017","0.6700","0.6500","0.6700","0.6500","68.16K","1.52%"
"16/11/2017","0.6600","0.6700","0.6800","0.6500","112.78K","-1.49%"
"15/11/2017","0.6700","0.6800","0.6900","0.6700","66.48K","-1.47%"
"14/11/2017","0.6800","0.7000","0.7000","0.6700","88.90K","-1.45%"
"13/11/2017","0.6900","0.7100","0.7200","0.6900","84.72K","-1.43%"
"10/11/2017","0.7000","0.7000","0.7300","0.6900","131.52K","0.00%"
"09/11/2017","0.7000","0.7200","0.7200","0.6900","70.17K","-2.78%"
"08/11/2017","0.7200","0.6900","0.7300","0.6600","480.26K","4.35%"
"07/11/2017","0.6900","0.7000","0.7500","0.6900","767.60K","-1.43%"
"06/11/2017","0.7000","0.6400","0.7300","0.6400","1.19M","9.38%"
"03/11/2017","0.6400","0.6100","0.6400","0.6100","67.59K","4.92%"
"02/11/2017","0.6100","0.6100","0.6200","0.6100","27.03K","0.00%"
"31/10/2017","0.6100","0.6100","0.6200","0.6000","46.37K","-1.61%"
"30/10/2017","0.6200","0.6200","0.6300","0.6000","92.53K","1.64%"
"27/10/2017","0.6100","0.6000","0.6300","0.6000","136.09K","1.67%"
"26/10/2017","0.6000","0.6000","0.6000","0.5900","91.37K","0.00%"
"25/10/2017","0.6000","0.6000","0.6100","0.6000","66.57K","0.00%"
"24/10/2017","0.6000","0.6100","0.6100","0.5900","74.41K","-3.23%"
"23/10/2017","0.6200","0.6100","0.6200","0.6000","87.65K","0.00%"
"20/10/2017","0.6200","0.6300","0.6500","0.6100","260.56K","1.64%"
"19/10/2017","0.6100","0.6100","0.6100","0.5900","98.76K","0.00%"
"18/10/2017","0.6100","0.6200","0.6200","0.6100","77.67K","-3.17%"
"17/10/2017","0.6300","0.6200","0.6300","0.6200","36.63K","0.00%"
"16/10/2017","0.6300","0.6200","0.6300","0.6200","49.72K","0.00%"
"13/10/2017","0.6300","0.6300","0.6300","0.6200","53.83K","0.00%"
"12/10/2017","0.6300","0.6500","0.6600","0.6200","126.51K","-3.08%"
"11/10/2017","0.6500","0.6500","0.6600","0.6400","158.42K","1.56%"
"10/10/2017","0.6400","0.6100","0.6500","0.5900","404.97K","6.67%"
"09/10/2017","0.6000","0.6000","0.6100","0.5900","86.69K","-1.64%"
"06/10/2017","0.6100","0.6000","0.6100","0.6000","113.36K","-1.61%"
"05/10/2017","0.6200","0.6400","0.6400","0.6000","98.42K","-1.59%"
"04/10/2017","0.6300","0.6300","0.6400","0.6000","80.55K","0.00%"
"03/10/2017","0.6300","0.6200","0.6300","0.6000","139.13K","0.00%"
"02/10/2017","0.6300","0.6600","0.6600","0.6200","214.78K","-4.55%"
"29/09/2017","0.6600","0.6500","0.6600","0.6400","131.97K","1.54%"
"28/09/2017","0.6500","0.6500","0.6600","0.6400","38.52K","-1.52%"
"27/09/2017","0.6600","0.6400","0.6700","0.6300","106.50K","3.13%"
"26/09/2017","0.6400","0.6700","0.6700","0.6300","126.08K","-4.48%"
"25/09/2017","0.6700","0.6600","0.6700","0.6500","65.15K","0.00%"
"22/09/2017","0.6700","0.6900","0.6900","0.6600","80.28K","-2.90%"
"21/09/2017","0.6900","0.6700","0.7000","0.6600","177.25K","2.99%"
"20/09/2017","0.6700","0.6700","0.6700","0.6500","216.49K","0.00%"
"19/09/2017","0.6700","0.6800","0.6900","0.6500","265.89K","-1.47%"
"18/09/2017","0.6800","0.7500","0.7500","0.6600","920.36K","-10.53%"
"15/09/2017","0.7600","0.7500","0.7600","0.7500","29.31K","0.00%"
"14/09/2017","0.7600","0.7700","0.7700","0.7500","36.57K","-1.30%"
"13/09/2017","0.7700","0.7700","0.7700","0.7600","30.58K","1.32%"
"12/09/2017","0.7600","0.7600","0.7700","0.7500","43.59K","-1.30%"
"11/09/2017","0.7700","0.7700","0.7800","0.7600","61.50K","1.32%"
"08/09/2017","0.7600","0.7600","0.7800","0.7500","139.62K","-1.30%"
"07/09/2017","0.7700","0.7800","0.7900","0.7600","144.24K","-2.53%"
"06/09/2017","0.7900","0.7900","0.7900","0.7700","168.59K","1.28%"
"05/09/2017","0.7800","0.7600","0.7900","0.7500","252.76K","2.63%"
"04/09/2017","0.7600","0.7500","0.7700","0.7500","133.52K","0.00%"
"01/09/2017","0.7600","0.7400","0.7600","0.7400","82.83K","1.33%"
"31/08/2017","0.7500","0.7700","0.7700","0.7500","229.75K","-2.60%"
"30/08/2017","0.7700","0.7600","0.7800","0.7500","254.07K","1.32%"
"29/08/2017","0.7600","0.7700","0.7700","0.7400","243.78K","-1.30%"
"28/08/2017","0.7700","0.7800","0.7900","0.7600","113.73K","-1.28%"
"25/08/2017","0.7800","0.8000","0.8100","0.7700","314.99K","-2.50%"
"24/08/2017","0.8000","0.7700","0.8000","0.7600","498.69K","5.26%"
"23/08/2017","0.7600","0.8000","0.8000","0.7600","252.23K","-2.56%"
"22/08/2017","0.7800","0.7900","0.8000","0.7700","175.82K","-1.27%"
"21/08/2017","0.7900","0.7700","0.7900","0.7300","151.86K","2.60%"
"18/08/2017","0.7700","0.7600","0.7700","0.7500","54.36K","0.00%"
"17/08/2017","0.7700","0.7800","0.7800","0.7600","142.05K","-2.53%"
"16/08/2017","0.7900","0.8000","0.8100","0.7700","178.20K","-1.25%"
"14/08/2017","0.8000","0.7900","0.8100","0.7700","112.12K","1.27%"
"11/08/2017","0.7900","0.7800","0.7900","0.7700","51.51K","1.28%"
"10/08/2017","0.7800","0.7600","0.7800","0.7600","75.52K","1.30%"
"09/08/2017","0.7700","0.7900","0.7900","0.7500","284.20K","-2.53%"
"08/08/2017","0.7900","0.8500","0.8600","0.7800","406.04K","-7.06%"
"07/08/2017","0.8500","0.8400","0.8600","0.8200","243.65K","1.19%"
"04/08/2017","0.8400","0.8300","0.8500","0.8200","231.64K","2.44%"
"03/08/2017","0.8200","0.8100","0.8400","0.8000","302.14K","1.23%"
"02/08/2017","0.8100","0.8300","0.8300","0.8000","487.61K","-2.41%"
"01/08/2017","0.8300","0.8900","0.9000","0.8300","683.74K","-5.68%"
"31/07/2017","0.8800","0.8200","0.8900","0.8200","681.53K","10.00%"
"28/07/2017","0.8000","0.7800","0.8400","0.7700","800.92K","2.56%"
"27/07/2017","0.7800","0.7700","0.7800","0.7400","159.46K","1.30%"
"26/07/2017","0.7700","0.7800","0.7900","0.7500","299.32K","0.00%"
"25/07/2017","0.7700","0.8000","0.8000","0.7600","173.71K","-2.53%"
"24/07/2017","0.7900","0.8100","0.8100","0.7600","268.88K","0.00%"
"21/07/2017","0.7900","0.8600","0.8700","0.7900","1.11M","-8.14%"
"20/07/2017","0.8600","0.7200","0.8600","0.7200","2.12M","21.13%"
"19/07/2017","0.7100","0.7200","0.7200","0.7000","35.25K","0.00%"
"18/07/2017","0.7100","0.7100","0.7200","0.7000","71.94K","0.00%"
"17/07/2017","0.7100","0.6900","0.7200","0.6900","47.58K","-1.39%"
"14/07/2017","0.7200","0.7100","0.7200","0.7000","52.32K","1.41%"
"13/07/2017","0.7100","0.7000","0.7200","0.6900","133.47K","0.00%"
"12/07/2017","0.7100","0.7200","0.7200","0.7000","140.21K","-2.74%"
"11/07/2017","0.7300","0.7300","0.7300","0.7000","208.66K","0.00%"
"10/07/2017","0.7300","0.7300","0.7500","0.7300","155.15K","0.00%"
"07/07/2017","0.7300","0.7400","0.7400","0.7300","19.40K","-1.35%"
"06/07/2017","0.7400","0.7400","0.7500","0.7200","41.24K","0.00%"
"05/07/2017","0.7400","0.7300","0.7400","0.7200","81.93K","0.00%"
"04/07/2017","0.7400","0.7300","0.7400","0.7300","26.32K","1.37%"
"03/07/2017","0.7300","0.7400","0.7400","0.7200","163.22K","-2.67%"
"30/06/2017","0.7500","0.7500","0.7500","0.7200","109.24K","0.00%"
"29/06/2017","0.7500","0.7300","0.7500","0.7200","75.74K","2.74%"
"28/06/2017","0.7300","0.7400","0.7500","0.7300","138.66K","-1.35%"
"27/06/2017","0.7400","0.7100","0.7600","0.7100","237.49K","2.78%"
"26/06/2017","0.7200","0.7200","0.7300","0.7100","90.59K","0.00%"
"23/06/2017","0.7200","0.7300","0.7300","0.7000","127.93K","-1.37%"
"22/06/2017","0.7300","0.7300","0.7400","0.7200","50.11K","0.00%"
"21/06/2017","0.7300","0.7300","0.7400","0.7100","178.05K","0.00%"
"20/06/2017","0.7300","0.7300","0.7600","0.7300","98.82K","-1.35%"
"19/06/2017","0.7400","0.7600","0.7600","0.7200","100.58K","-2.63%"
"16/06/2017","0.7600","0.7500","0.7700","0.7400","39.92K","1.33%"
"14/06/2017","0.7500","0.7500","0.7700","0.7300","123.33K","0.00%"
"13/06/2017","0.7500","0.7500","0.7500","0.7200","86.63K","2.74%"
"12/06/2017","0.7300","0.7500","0.7600","0.7300","168.04K","-2.67%"
"09/06/2017","0.7500","0.7600","0.7700","0.7500","100.84K","-1.32%"
"08/06/2017","0.7600","0.7600","0.7800","0.7500","67.92K","-2.56%"
"07/06/2017","0.7800","0.7800","0.7900","0.7600","140.41K","0.00%"
"06/06/2017","0.7800","0.8100","0.8100","0.7800","130.83K","-2.50%"
"05/06/2017","0.8000","0.7800","0.8200","0.7700","291.22K","2.56%"
"02/06/2017","0.7800","0.7500","0.7900","0.7500","143.55K","1.30%"
"01/06/2017","0.7700","0.7300","0.7800","0.7200","134.04K","4.05%"
"31/05/2017","0.7400","0.7100","0.7400","0.6900","255.85K","1.37%"
"30/05/2017","0.7300","0.7900","0.7900","0.7300","264.83K","-5.19%"
"29/05/2017","0.7700","0.8000","0.8000","0.7400","307.28K","-3.75%"
"26/05/2017","0.8000","0.7800","0.8100","0.7600","277.20K","2.56%"
"25/05/2017","0.7800","0.7200","0.7900","0.7200","755.98K","9.86%"
"24/05/2017","0.7100","0.6700","0.7200","0.6600","393.79K","5.97%"
"23/05/2017","0.6700","0.6600","0.6800","0.6400","252.07K","3.08%"
"22/05/2017","0.6500","0.6900","0.7000","0.6300","698.68K","-5.80%"
"19/05/2017","0.6900","0.7100","0.7300","0.6800","344.60K","-2.82%"
"18/05/2017","0.7100","0.7400","0.7400","0.6700","513.54K","-4.05%"
"17/05/2017","0.7400","0.7800","0.7800","0.7400","326.24K","-5.13%"
"16/05/2017","0.7800","0.8000","0.8000","0.7600","284.36K","-2.50%"
"15/05/2017","0.8000","0.8000","0.8100","0.7900","188.45K","0.00%"
"12/05/2017","0.8000","0.8000","0.8100","0.7900","226.62K","2.56%"
"11/05/2017","0.7800","0.7700","0.8400","0.7700","772.21K","1.30%"
"10/05/2017","0.7700","0.8000","0.8300","0.7700","794.57K","-2.53%"
"09/05/2017","0.7900","0.8700","0.9000","0.7900","1.09M","-11.24%"
"08/05/2017","0.8900","0.9200","0.9800","0.8800","986.26K","-2.20%"
"05/05/2017","0.9100","0.9800","0.9800","0.8900","1.60M","-8.08%"
"04/05/2017","0.9900","0.8100","1.0400","0.8100","3.14M","28.57%"
"02/05/2017","0.7700","0.7700","0.7800","0.7400","135.99K","1.32%"
"28/04/2017","0.7600","0.7400","0.7600","0.7200","64.29K","1.33%"
"27/04/2017","0.7500","0.7500","0.7500","0.7300","74.91K","1.35%"
"26/04/2017","0.7400","0.7700","0.7700","0.7200","104.82K","-3.90%"
"25/04/2017","0.7700","0.7500","0.7700","0.7400","148.39K","2.67%"
"24/04/2017","0.7500","0.7300","0.7600","0.7100","270.37K","0.00%"
"21/04/2017","0.7500","0.7700","0.7900","0.7300","312.11K","-5.06%"
"20/04/2017","0.7900","0.7800","0.8000","0.7700","81.97K","2.60%"
"19/04/2017","0.7700","0.7800","0.7900","0.7700","116.54K","-2.53%"
"18/04/2017","0.7900","0.7900","0.8100","0.7800","93.84K","0.00%"
"13/04/2017","0.7900","0.7900","0.8000","0.7800","70.33K","-1.25%"
"12/04/2017","0.8000","0.8200","0.8200","0.7800","89.10K","1.27%"
"11/04/2017","0.7900","0.8100","0.8500","0.7900","388.96K","-2.47%"
"10/04/2017","0.8100","0.7900","0.8100","0.7900","80.46K","3.85%"
"07/04/2017","0.7800","0.7800","0.8000","0.7700","107.28K","-1.27%"
"06/04/2017","0.7900","0.7800","0.8000","0.7700","133.39K","-1.25%"
"05/04/2017","0.8000","0.7900","0.8300","0.7500","429.75K","1.27%"
"04/04/2017","0.7900","0.7600","0.7900","0.7600","277.72K","2.60%"
"03/04/2017","0.7700","0.7800","0.8200","0.7700","396.44K","-7.23%"
"31/03/2017","0.8300","0.8100","0.8400","0.8100","135.71K","2.47%"
"30/03/2017","0.8100","0.8300","0.8500","0.8000","255.23K","-3.57%"
"29/03/2017","0.8400","0.8500","0.9000","0.8300","373.28K","-1.18%"
"28/03/2017","0.8500","0.8200","0.9000","0.7800","831.83K","3.66%"
"27/03/2017","0.8200","0.8200","0.8200","0.7900","210.81K","-1.20%"
"24/03/2017","0.8300","0.8500","0.8500","0.8100","273.41K","0.00%"
"23/03/2017","0.8300","0.8500","0.8900","0.8100","703.59K","1.22%"
"22/03/2017","0.8200","0.7500","0.8600","0.6800","3.24M","6.49%"
"21/03/2017","0.7700","0.9400","0.9400","0.7700","1.42M","-17.20%"
"20/03/2017","0.9300","0.9900","0.9900","0.9100","783.77K","-6.06%"
"17/03/2017","0.9900","1.0100","1.0100","0.9600","517.25K","-1.00%"
"16/03/2017","1.0000","1.0300","1.0300","0.9900","809.00K","0.00%"
"15/03/2017","1.0000","1.0500","1.0800","0.9700","1.67M","-2.91%"
"14/03/2017","1.0300","1.1100","1.1100","1.0300","708.55K","-4.63%"
"13/03/2017","1.0800","0.9600","1.1000","0.9300","2.11M","12.50%"
"10/03/2017","0.9600","0.9800","0.9800","0.9100","355.20K","0.00%"
"09/03/2017","0.9600","0.9100","0.9900","0.9100","498.56K","2.13%"
"08/03/2017","0.9400","0.9300","0.9800","0.9000","1.30M","-3.09%"
"07/03/2017","0.9700","1.0700","1.1600","0.9700","2.78M","-4.90%"
"06/03/2017","1.0200","0.8600","1.0600","0.8400","4.37M","20.00%"
"03/03/2017","0.8500","0.7900","0.8500","0.7500","2.14M","7.59%"
"02/03/2017","0.7900","0.8100","0.8100","0.7900","606.60K","-1.25%"
"01/03/2017","0.8000","0.7600","0.8300","0.7600","2.73M","5.26%"
"28/02/2017","0.7600","0.8000","0.8000","0.7400","1.38M","-3.80%"
"27/02/2017","0.7900","0.7500","0.8100","0.7400","1.29M","0.00%"
"24/02/2017","0.7900","0.8100","0.8500","0.7700","4.20M","-1.25%"
"23/02/2017","0.8000","0.8000","0.8600","0.6900","7.01M","2.56%"
"22/02/2017","0.7800","0.6100","0.7800","0.6000","6.51M","30.00%"
"21/02/2017","0.6000","0.6000","0.6100","0.5900","420.69K","-1.64%"
"20/02/2017","0.6100","0.6000","0.6100","0.5900","388.58K","1.67%"
"17/02/2017","0.6000","0.6200","0.6300","0.5900","1.05M","-1.64%"
"16/02/2017","0.6100","0.5500","0.6300","0.5300","2.79M","10.91%"
"15/02/2017","0.5500","0.5400","0.5500","0.5200","322.46K","3.77%"
"14/02/2017","0.5300","0.5500","0.5600","0.5300","491.93K","-3.64%"
"13/02/2017","0.5500","0.5500","0.5600","0.5400","226.08K","0.00%"
"10/02/2017","0.5500","0.5700","0.5700","0.5400","540.45K","-3.51%"
"09/02/2017","0.5700","0.5600","0.5700","0.5500","194.39K","1.79%"
"08/02/2017","0.5600","0.5500","0.5700","0.5500","410.69K","1.82%"
"07/02/2017","0.5500","0.5900","0.5900","0.5400","1.34M","-5.17%"
"06/02/2017","0.5800","0.5800","0.5900","0.5700","269.04K","0.00%"
"03/02/2017","0.5800","0.6100","0.6100","0.5800","489.83K","-3.33%"
"02/02/2017","0.6000","0.5800","0.6100","0.5800","632.94K","3.45%"
"01/02/2017","0.5800","0.5900","0.6000","0.5700","300.51K","0.00%"
"31/01/2017","0.5800","0.6000","0.6000","0.5700","234.44K","-3.33%"
"30/01/2017","0.6000","0.5800","0.6100","0.5600","1.04M","9.09%"
"27/01/2017","0.5500","0.5600","0.5600","0.5300","634.88K","-1.79%"
"26/01/2017","0.5600","0.5800","0.5800","0.5400","929.92K","-3.45%"
"25/01/2017","0.5800","0.6100","0.6600","0.5700","2.49M","-4.92%"
"24/01/2017","0.6100","0.6100","0.6200","0.6000","246.79K","0.00%"
"23/01/2017","0.6100","0.6200","0.6200","0.5900","630.00K","-1.61%"
"20/01/2017","0.6200","0.6100","0.6300","0.6100","184.29K","0.00%"
"19/01/2017","0.6200","0.6600","0.6700","0.6000","889.14K","-4.62%"
"18/01/2017","0.6500","0.6400","0.6700","0.6300","1.14M","3.17%"
"17/01/2017","0.6300","0.6500","0.6500","0.6200","649.87K","-3.08%"
"16/01/2017","0.6500","0.6500","0.6600","0.6200","290.29K","0.00%"
"13/01/2017","0.6500","0.6400","0.6600","0.6200","435.59K","3.17%"
"12/01/2017","0.6300","0.6200","0.6500","0.6100","920.99K","3.28%"
"11/01/2017","0.6100","0.6900","0.7000","0.6000","2.91M","-12.86%"
"10/01/2017","0.7000","0.8500","0.8500","0.7000","3.18M","-16.67%"
"09/01/2017","0.8400","0.8500","0.8600","0.8400","214.99K","-1.18%"
"05/01/2017","0.8500","0.8500","0.8600","0.8400","338.60K","1.19%"
"04/01/2017","0.8400","0.8400","0.8500","0.8000","1.14M","0.00%"
"03/01/2017","0.8400","0.7500","0.8700","0.7500","2.13M","12.00%"
"02/01/2017","0.7500","0.7800","0.7800","0.7500","211.82K","-2.60%"
"30/12/2016","0.7700","0.7900","0.7900","0.7700","199.47K","-2.53%"
"29/12/2016","0.7900","0.7800","0.7900","0.7700","204.89K","1.28%"
"28/12/2016","0.7800","0.7900","0.8500","0.7700","598.89K","-2.50%"
"27/12/2016","0.8000","0.8000","0.8000","0.7800","81.82K","0.00%"
"23/12/2016","0.8000","0.8100","0.8100","0.7700","1.32M","0.00%"
"22/12/2016","0.8000","0.8900","0.8900","0.7900","2.31M","-9.09%"
"21/12/2016","0.8800","0.8800","0.9600","0.8300","2.05M","0.00%"
"20/12/2016","0.8800","0.8700","0.8900","0.8500","656.05K","0.00%"
"19/12/2016","0.8800","0.8700","0.8800","0.8600","358.80K","1.15%"
"16/12/2016","0.8700","0.8400","0.8900","0.8400","780.87K","3.57%"
"15/12/2016","0.8400","0.9000","0.9200","0.8100","1.15M","-7.69%"
"14/12/2016","0.9100","1.0000","1.0000","0.8600","1.79M","-9.00%"
"13/12/2016","1.0000","0.9100","1.0100","0.9100","942.18K","9.89%"
"12/12/2016","0.9100","1.0000","1.0100","0.8900","1.18M","-6.19%"
"09/12/2016","0.9700","0.9700","1.0000","0.9500","313.05K","0.00%"
"08/12/2016","0.9700","1.0100","1.0200","0.9300","1.13M","-3.00%"
"07/12/2016","1.0000","1.1100","1.1100","1.0000","1.89M","-9.91%"
"06/12/2016","1.1100","1.1100","1.1200","1.1000","336.01K","0.91%"
"05/12/2016","1.1000","1.1000","1.1300","1.0900","584.53K","0.00%"
"02/12/2016","1.1000","1.0900","1.1100","1.0900","466.02K","0.92%"
"01/12/2016","1.0900","1.0800","1.1000","1.0700","322.37K","1.87%"
"30/11/2016","1.0700","1.0500","1.0800","1.0400","560.31K","1.90%"
"29/11/2016","1.0500","1.0400","1.0500","1.0300","250.30K","0.96%"
"28/11/2016","1.0400","1.0400","1.0600","1.0300","430.29K","0.97%"
"25/11/2016","1.0300","1.0600","1.0700","1.0200","653.78K","-1.90%"
"24/11/2016","1.0500","1.1400","1.1400","1.0100","1.78M","-7.89%"
"23/11/2016","1.1400","1.0800","1.1800","1.0800","3.09M","5.56%"
"22/11/2016","1.0800","1.0600","1.0800","1.0400","304.29K","1.89%"
"21/11/2016","1.0600","1.0300","1.0600","1.0300","237.45K","0.95%"
"18/11/2016","1.0500","1.0400","1.0600","1.0300","400.04K","1.94%"
"17/11/2016","1.0300","1.0200","1.0500","1.0200","360.55K","0.00%"
"16/11/2016","1.0300","1.1400","1.1400","1.0300","1.02M","-10.43%"
"15/11/2016","1.1500","1.1400","1.1500","1.1100","395.61K","0.88%"
"14/11/2016","1.1400","1.1400","1.1900","1.1200","1.17M","0.00%"
"10/11/2016","1.1400","1.1600","1.1800","1.1300","426.85K","-1.72%"
"09/11/2016","1.1600","1.1200","1.1700","1.1100","546.05K","4.50%"
"08/11/2016","1.1100","1.4000","1.4200","1.0800","3.79M","-20.14%"
"07/11/2016","1.3900","1.3400","1.4700","1.2900","4.20M","8.59%"
"04/11/2016","1.2800","1.2400","1.3200","1.2400","826.77K","4.07%"
"03/11/2016","1.2300","1.2600","1.2900","1.2100","937.95K","-1.60%"
"02/11/2016","1.2500","1.1000","1.2800","1.1000","1.21M","13.64%"
"31/10/2016","1.1000","1.0900","1.1200","1.0800","698.92K","0.00%"
"28/10/2016","1.1000","1.2500","1.3000","1.0800","1.85M","-14.06%"
"27/10/2016","1.2800","1.3300","1.3700","1.1100","2.72M","-2.29%"
"26/10/2016","1.3100","1.6000","1.6900","1.3000","3.17M","-17.61%"
"25/10/2016","1.5900","1.7400","1.7500","1.4700","1.90M","-10.17%"
"24/10/2016","1.7700","2.1500","2.2400","1.7500","1.88M","-17.29%"
"21/10/2016","2.1400","2.0600","2.1600","2.0300","528.16K","4.90%"
"20/10/2016","2.0400","2.0600","2.1200","2.0300","325.06K","0.00%"
"19/10/2016","2.0400","2.0500","2.1000","2.0200","234.26K","-0.49%"
"18/10/2016","2.0500","2.5000","2.5200","2.0300","988.35K","-15.29%"
"17/10/2016","2.4200","2.5000","2.5700","2.3500","637.14K","1.26%"
"14/10/2016","2.3900","2.2600","2.4800","2.2600","490.81K","5.75%"
"13/10/2016","2.2600","2.2500","2.2900","2.2100","321.76K","0.89%"
"12/10/2016","2.2400","2.1400","2.2600","2.1400","419.56K","4.19%"
"11/10/2016","2.1500","2.1200","2.1900","2.1200","520.25K","1.42%"
"10/10/2016","2.1200","2.0900","2.1400","2.0700","235.39K","2.91%"
"07/10/2016","2.0600","2.1800","2.2000","2.0200","520.18K","-4.19%"
"06/10/2016","2.1500","2.4100","2.5000","2.1500","761.63K","-16.34%"
"05/10/2016","2.5700","2.4800","2.5900","2.4200","573.99K","4.90%"
"04/10/2016","2.4500","2.3400","2.4800","2.3300","503.09K","4.70%"
"03/10/2016","2.3400","2.5500","2.8000","2.2900","994.39K","-8.95%"
"30/09/2016","2.5700","2.4500","2.6200","2.4500","555.45K","4.90%"
"29/09/2016","2.4500","3.0100","3.0800","2.4500","1.06M","-19.14%"
"28/09/2016","3.0300","3.0000","3.0900","2.6700","835.86K","2.71%"
"27/09/2016","2.9500","3.6200","3.6400","2.9500","1.01M","-18.06%"
"26/09/2016","3.6000","3.0700","3.7000","3.0700","1.28M","18.03%"
"23/09/2016","3.0500","3.0100","3.1000","3.0000","195.46K","1.33%"
"22/09/2016","3.0100","3.4100","3.4600","2.9000","503.39K","-11.73%"
"21/09/2016","3.4100","3.8100","3.9300","3.3000","591.94K","-8.33%"
"20/09/2016","3.7200","3.3000","3.7200","3.1500","634.38K","9.09%"
"19/09/2016","3.4100","4.1600","4.1800","3.3800","507.12K","-14.75%"
"16/09/2016","4.0000","3.8600","4.1700","3.8600","281.46K","3.63%"
"15/09/2016","3.8600","3.7500","4.1300","3.7000","403.23K","4.32%"
"14/09/2016","3.7000","3.5000","3.8500","3.4200","261.46K","3.93%"
"13/09/2016","3.5600","4.7500","4.8300","3.5200","782.01K","-24.89%"
"12/09/2016","4.7400","5.1000","5.1500","4.2000","607.19K","-7.06%"
"09/09/2016","5.1000","5.2000","5.2600","5.0000","255.23K","-1.35%"
"08/09/2016","5.1700","5.0700","5.3400","5.0600","227.73K","1.97%"
"07/09/2016","5.0700","5.1100","5.4800","5.0300","387.28K","-7.65%"
"06/09/2016","5.4900","6.7200","6.8200","5.4900","880.59K","-16.82%"
"05/09/2016","6.6000","5.4400","6.6000","5.1000","1.27M","21.55%"
"02/09/2016","5.4300","5.3500","5.4700","5.3100","238.98K","0.37%"
"01/09/2016","5.4100","6.1400","6.3500","5.3100","453.15K","-11.89%"
"31/08/2016","6.1400","6.6400","6.8100","6.0100","746.80K","-3.76%"
"30/08/2016","6.3800","5.8500","6.9300","5.8000","1.49M","20.15%"
"29/08/2016","5.3100","5.4500","5.5200","5.0000","781.18K","2.51%"
"26/08/2016","5.1800","4.7000","5.3500","3.8000","1.27M","10.92%"
"25/08/2016","4.6700","4.2500","4.6700","4.2500","359.96K","10.93%"
"24/08/2016","4.2100","4.0000","4.2500","4.0000","328.16K","9.35%"
"23/08/2016","3.8500","3.4900","3.8500","3.4100","116.24K","11.59%"
"22/08/2016","3.4500","3.3800","3.5200","3.3500","36.80K","-1.99%"
"19/08/2016","3.5200","3.4400","3.7300","3.4400","39.80K","-1.12%"
"18/08/2016","3.5600","3.5500","3.6200","3.4800","67.76K","0.28%"
"17/08/2016","3.5500","3.5000","3.6000","3.4200","136.08K","3.80%"
"16/08/2016","3.4200","3.7700","3.7700","3.3900","92.64K","-97.72%"
"12/08/2016","150.0000","154.0500","154.2000","140.1000","1.77K","-2.60%"
"11/08/2016","154.0000","138.5000","159.2000","136.7000","12.60K","12.66%"
"10/08/2016","136.7000","113.0000","136.7000","102.0000","15.31K","23.26%"
"09/08/2016","110.9000","113.7500","117.8000","102.4000","10.46K","-0.63%"
"08/08/2016","111.6000","123.5000","127.2000","111.1500","7.12K","-9.08%"
"05/08/2016","122.7500","136.2000","136.2000","122.6000","11.23K","-5.58%"
"04/08/2016","130.0000","104.1000","130.0000","104.1000","13.36K","24.64%"
"03/08/2016","104.3000","100.0500","104.3000","100.0000","4.57K","4.09%"
"02/08/2016","100.2000","110.0000","112.4000","100.1000","11.99K","-9.32%"
"01/08/2016","110.5000","100.1000","114.9000","100.1000","25.44K","13.45%"
"29/07/2016","97.4000","91.0000","97.4000","91.0000","13.99K","7.59%"
"28/07/2016","90.5300","88.5600","95.0000","88.5600","10.59K","2.89%"
"27/07/2016","87.9900","77.1000","90.1800","77.1000","21.46K","15.78%"
"26/07/2016","76.0000","63.0000","76.2300","63.0000","16.91K","22.38%"
"25/07/2016","62.1000","50.5000","62.1000","50.4900","8.53K","22.17%"
"22/07/2016","50.8300","50.0000","50.8500","48.0000","5.93K","3.73%"
"21/07/2016","49.0000","49.0000","49.5000","47.7000","2.29K","1.87%"
"20/07/2016","48.1000","48.3000","49.2900","47.5000","1.12K","0.21%"
"19/07/2016","48.0000","49.3100","49.3100","47.3000","2.09K","-0.44%"
"18/07/2016","48.2100","50.5500","51.0000","48.1000","2.01K","-4.63%"
"15/07/2016","50.5500","47.7200","51.9800","47.7200","10.20K","5.91%"
"14/07/2016","47.7300","49.0000","49.0000","47.6800","0.33K","0.15%"
"13/07/2016","47.6600","47.6000","48.8500","47.6000","0.28K","0.21%"
"12/07/2016","47.5600","48.4000","48.7000","47.5100","1.66K","-1.74%"
"11/07/2016","48.4000","49.8000","51.0000","48.4000","1.08K","-2.22%"
"08/07/2016","49.5000","47.7000","49.5000","47.1100","0.35K","5.27%"
"07/07/2016","47.0200","50.0000","51.5000","46.0000","3.94K","-5.96%"
"06/07/2016","50.0000","50.0000","52.0000","50.0000","2.54K","2.04%"
"05/07/2016","49.0000","47.1000","50.0000","45.7500","6.31K","3.59%"
"04/07/2016","47.3000","48.5000","50.0000","46.7500","0.43K","-2.47%"
"01/07/2016","48.5000","52.7000","52.7000","47.5000","3.59K","-7.58%"
"30/06/2016","52.4800","53.2600","55.7000","51.5100","7.38K","-0.70%"
"29/06/2016","52.8500","64.8300","67.1200","52.8500","19.32K","-17.52%"
"28/06/2016","64.0800","52.9700","64.0800","50.1500","6.11K","20.97%"
"27/06/2016","52.9700","56.6000","56.6000","50.9500","1.52K","2.26%"
"24/06/2016","51.8000","51.9900","53.0000","47.0000","8.52K","-5.22%"
"23/06/2016","54.6500","54.4400","56.7000","54.4400","0.23K","-2.90%"
"22/06/2016","56.2800","56.2800","58.0000","56.0000","1.00K","0.00%"
"21/06/2016","56.2800","59.4400","59.4400","54.5000","0.88K","-5.33%"
"20/06/2016","59.4500","58.6000","60.9500","57.0100","0.62K","2.68%"
"17/06/2016","57.9000","56.5000","58.6000","54.5000","1.56K","2.48%"
"16/06/2016","56.5000","58.1000","60.8000","56.0000","9.72K","-4.24%"
"15/06/2016","59.0000","64.0000","65.8000","59.0000","6.80K","-7.29%"
"14/06/2016","63.6400","63.0200","64.0000","57.0000","2.08K","-2.09%"
"13/06/2016","65.0000","67.7000","69.3000","65.0000","0.98K","-6.20%"
"10/06/2016","69.3000","70.5100","72.0000","67.5000","4.36K","-4.55%"
"09/06/2016","72.6000","63.8300","74.0000","63.3000","11.71K","13.74%"
"08/06/2016","63.8300","60.0200","63.8400","60.0200","9.98K","6.17%"
"07/06/2016","60.1200","64.4000","64.4000","60.0000","3.28K","-6.06%"
"06/06/2016","64.0000","62.2000","67.6000","59.5100","9.75K","3.23%"
"03/06/2016","62.0000","68.0000","68.0000","61.2000","9.54K","-8.82%"
"02/06/2016","68.0000","61.9900","71.0000","55.8000","46.34K","7.09%"
"01/06/2016","63.5000","65.9800","72.5700","60.0100","31.44K","0.79%"
"31/05/2016","63.0000","52.0100","63.0000","52.0100","15.93K","24.58%"
"30/05/2016","50.5700","38.0000","50.5700","38.0000","14.23K","26.90%"
"27/05/2016","39.8500","39.8500","39.8500","39.8500","15.56K","20.76%"
"25/05/2016","33.0000","30.0300","33.0000","30.0300","5.38K","30.95%"
"24/05/2016","25.2000","25.2000","25.2000","25.2000","2.08K","20.00%"
"20/05/2016","21.0000","21.0000","21.0000","21.0000","3.71K","-2.37%"
"19/05/2016","21.5100","23.0000","23.0000","21.5100","1.61K","-20.33%"
"18/05/2016","27.0000","29.4900","29.4900","27.0000","1.83K","-10.00%"
"17/05/2016","30.0000","32.4000","32.4000","30.0000","2.31K","-7.41%"
"16/05/2016","32.4000","31.0000","32.4000","31.0000","0.71K","4.52%"
"13/05/2016","31.0000","32.4000","32.4000","31.0000","2.51K","0.00%"
"12/05/2016","31.0000","31.0000","31.0000","31.0000","0.61K","3.33%"
"11/05/2016","30.0000","30.0000","30.0000","30.0000","1.66K","0.00%"
"10/05/2016","30.0000","30.0000","30.0000","30.0000","3.18K","9.09%"
"09/05/2016","27.5000","25.0000","27.5000","25.0000","1.44K","19.57%"
"06/05/2016","23.0000","22.6300","23.0000","22.6300","1.97K","8.39%"
"05/05/2016","21.2200","21.0000","21.2200","21.0000","4.88K","-3.46%"
"04/05/2016","21.9800","21.8500","21.9800","21.8500","7.35K","10.62%"
"02/05/2016","19.8700","19.9000","19.9000","19.8700","4.49K","9.78%"
"29/04/2016","18.1000","16.4600","18.1000","16.4600","2.96K","26.93%"
"28/04/2016","14.2600","12.9700","14.2600","12.9700","3.79K","30.71%"
"27/04/2016","10.9100","9.3300","10.9100","9.3300","3.01K","21.22%"
"26/04/2016","9.0000","8.9900","9.0000","8.9900","8.99K","0.11%"
"25/04/2016","8.9900","8.9900","8.9900","8.9900","0.51K","-0.11%"
"22/04/2016","9.0000","9.0000","9.0000","9.0000","6.68K","0.00%"
"21/04/2016","9.0000","9.0000","9.0000","9.0000","6.83K","0.00%"
"20/04/2016","9.0000","9.0000","9.0000","9.0000","0.76K","0.00%"
"19/04/2016","9.0000","9.0000","9.0000","9.0000","0.66K","0.11%"
"18/04/2016","8.9900","8.9900","8.9900","8.9900","0.18K","-0.11%"
"15/04/2016","9.0000","9.0000","9.0000","9.0000","0.01K","0.00%"
"14/04/2016","9.0000","9.0000","9.0000","9.0000","3.68K","0.00%"
"13/04/2016","9.0000","9.0000","9.0000","9.0000","1.67K","-3.12%"
"12/04/2016","9.2900","9.2900","9.2900","9.2900","3.98K","6.05%"
"11/04/2016","8.7600","8.7600","8.7600","8.7600","0.23K","0.00%"
"08/04/2016","8.7600","8.7600","8.7600","8.7600","0.30K","-2.67%"
"07/04/2016","9.0000","9.0000","9.0000","9.0000","0.01K","0.00%"
"06/04/2016","9.0000","9.0000","9.0000","9.0000","0.01K","0.00%"
"04/04/2016","9.0000","9.0000","9.0000","9.0000","0.01K","-3.23%"
"01/04/2016","9.3000","9.3000","9.3000","9.3000","0.04K","8.90%"
"31/03/2016","8.5400","8.5100","8.5400","8.5100","0.06K","0.47%"
"30/03/2016","8.5000","8.5000","8.5000","8.5000","0.14K","-7.61%"
"29/03/2016","9.2000","9.2000","9.2000","9.2000","0.08K","0.00%"
"24/03/2016","9.2000","9.2000","9.2000","9.2000","1.02K","0.00%"
"23/03/2016","9.2000","9.3000","9.3000","9.2000","1.77K","-9.00%"
"22/03/2016","10.1100","9.2000","10.1100","9.2000","0.94K","2.12%"
"21/03/2016","9.9000","8.8200","9.9000","8.8200","0.33K","12.24%"
"18/03/2016","8.8200","8.8000","8.8200","8.8000","0.41K","2.56%"
"17/03/2016","8.6000","8.6000","8.6000","8.6000","0.04K","0.00%"
"16/03/2016","8.6000","8.7700","8.7700","8.6000","0.02K","-1.94%"
"15/03/2016","8.7700","8.7700","8.7700","8.7700","0.00K","0.00%"
"14/03/2016","8.7700","8.7800","8.7800","8.7700","0.50K","-0.34%"
"11/03/2016","8.8000","8.8000","8.8000","8.8000","0.80K","0.00%"
"10/03/2016","8.8000","8.8000","8.8000","8.8000","0.35K","-0.23%"
"09/03/2016","8.8200","8.8200","8.8200","8.8200","0.33K","0.80%"
"07/03/2016","8.7500","8.8000","8.8000","8.7500","0.22K","9.38%"
"04/03/2016","8.0000","8.0000","8.0000","8.0000","1.23K","-9.09%"
"03/03/2016","8.8000","8.8000","8.8000","8.8000","0.10K","3.77%"
"02/03/2016","8.4800","8.8200","8.8200","8.4800","0.70K","-5.78%"
"01/03/2016","9.0000","8.8000","9.0000","8.8000","0.36K","3.09%"
"29/02/2016","8.7300","8.5800","8.7300","8.5800","0.12K","-0.80%"
"26/02/2016","8.8000","8.8000","8.8000","8.8000","0.05K","4.27%"
"25/02/2016","8.4400","8.8000","8.8000","8.4400","0.06K","-4.09%"
"24/02/2016","8.8000","8.8000","8.8000","8.8000","0.31K","0.00%"
"23/02/2016","8.8000","8.8000","8.8000","8.8000","0.03K","0.34%"
"22/02/2016","8.7700","9.0000","9.0000","8.7700","0.21K","0.23%"
"19/02/2016","8.7500","8.7500","8.7500","8.7500","0.09K","-2.78%"
"17/02/2016","9.0000","9.0000","9.0000","9.0000","0.11K","2.86%"
"16/02/2016","8.7500","8.2600","8.7500","8.2600","1.04K","-2.78%"
"15/02/2016","9.0000","9.0000","9.0000","9.0000","0.55K","0.00%"
"12/02/2016","9.0000","9.0000","9.0000","9.0000","0.01K","0.00%"
"11/02/2016","9.0000","9.0000","9.0000","9.0000","0.00K","0.00%"
"10/02/2016","9.0000","9.0000","9.0000","9.0000","0.02K","0.00%"
"09/02/2016","9.0000","9.0000","9.0000","9.0000","0.31K","0.00%"
"08/02/2016","9.0000","9.0100","9.0100","9.0000","1.54K","0.00%"
"05/02/2016","9.0000","9.0000","9.0000","9.0000","0.25K","-0.22%"
"04/02/2016","9.0200","9.0300","9.0300","9.0200","1.90K","3.68%"
"03/02/2016","8.7000","8.7000","8.7000","8.7000","0.01K","0.00%"
"02/02/2016","8.7000","8.7000","8.7000","8.7000","0.03K","-3.87%"
"01/02/2016","9.0500","9.0500","9.0500","9.0500","1.14K","0.56%"
"29/01/2016","9.0000","9.0000","9.0000","9.0000","0.15K","0.00%"
"28/01/2016","9.0000","9.0000","9.0000","9.0000","0.41K","0.11%"
"27/01/2016","8.9900","8.7800","8.9900","8.7800","0.36K","-0.11%"
"26/01/2016","9.0000","9.0000","9.0000","9.0000","0.01K","0.00%"
"25/01/2016","9.0000","9.0000","9.0000","9.0000","0.13K","12.36%"
"21/01/2016","8.0100","8.0100","8.0100","8.0100","0.06K","-10.80%"
"20/01/2016","8.9800","9.0000","9.0000","8.9800","0.11K","-10.20%"
"19/01/2016","10.0000","10.0000","10.0000","10.0000","0.01K","-2.91%"
"18/01/2016","10.3000","10.3000","10.3000","10.3000","0.01K","-3.29%"
"15/01/2016","10.6500","10.6500","10.6500","10.6500","0.05K","0.00%"
"14/01/2016","10.6500","10.6500","10.6500","10.6500","0.06K","13.30%"
"13/01/2016","9.4000","9.4000","9.4000","9.4000","0.01K","1.08%"
"12/01/2016","9.3000","8.8100","9.3000","8.8100","0.14K","4.49%"
"11/01/2016","8.9000","8.9000","8.9000","8.9000","0.01K","-1.11%"
"08/01/2016","9.0000","9.0000","9.0000","9.0000","0.05K","0.00%"
"07/01/2016","9.0000","9.3000","9.3000","9.0000","0.36K","0.00%"
"05/01/2016","9.0000","9.0000","9.0000","9.0000","0.05K","0.00%"
"04/01/2016","9.0000","8.7000","9.0000","8.7000","0.51K","8.43%"
"30/12/2015","8.3000","8.3000","8.3000","8.3000","0.01K","3.75%"
"29/12/2015","8.0000","8.5500","8.5500","8.0000","2.21K","-13.89%"
"28/12/2015","9.2900","9.2900","9.2900","9.2900","0.05K","0.98%"
"23/12/2015","9.2000","9.2000","9.2000","9.2000","0.08K","2.22%"
"22/12/2015","9.0000","8.5000","9.0000","8.5000","0.25K","7.78%"
"21/12/2015","8.3500","8.3500","8.3500","8.3500","0.04K","-7.43%"
"18/12/2015","9.0200","8.9900","9.0200","8.9900","1.13K","-3.01%"
"17/12/2015","9.3000","8.9000","9.3000","8.9000","0.15K","1.09%"
"16/12/2015","9.2000","8.7000","9.2000","8.7000","3.13K","3.25%"
"15/12/2015","8.9100","8.9100","8.9100","8.9100","0.35K","-4.60%"
"14/12/2015","9.3400","9.3500","9.3500","9.3400","1.67K","-1.68%"
"11/12/2015","9.5000","10.0000","10.0000","9.5000","0.49K","-4.90%"
"10/12/2015","9.9900","10.0000","10.0000","9.9900","3.38K","-1.09%"
"08/12/2015","10.1000","10.6500","10.6500","10.1000","0.40K","2.02%"
"04/12/2015","9.9000","9.9000","9.9000","9.9000","0.01K","1.02%"
"03/12/2015","9.8000","9.8000","9.8000","9.8000","0.07K","3.16%"
"02/12/2015","9.5000","9.5000","9.5000","9.5000","0.08K","0.00%"
"01/12/2015","9.5000","10.3000","10.3000","9.5000","0.06K","-7.77%"
"26/11/2015","10.3000","10.2400","10.3000","10.2400","0.14K","0.98%"
"25/11/2015","10.2000","10.2000","10.2000","10.2000","0.87K","-1.07%"
"24/11/2015","10.3100","10.6500","10.6500","10.3100","0.31K","-3.64%"
"23/11/2015","10.7000","10.7000","10.7000","10.7000","0.01K","-2.73%"
"20/11/2015","11.0000","11.0000","11.0000","11.0000","0.55K","-1.79%"
"19/11/2015","11.2000","11.2000","11.2000","11.2000","1.43K","-0.80%"
"18/11/2015","11.2900","11.4200","11.4200","11.2900","1.92K","-4.81%"
"17/11/2015","11.8600","11.0000","11.8600","11.0000","2.36K","17.89%"
"16/11/2015","10.0600","10.5100","10.5100","10.0600","0.15K","-7.96%"
"13/11/2015","10.9300","10.9300","10.9300","10.9300","0.19K","-0.46%"
"12/11/2015","10.9800","10.9800","10.9800","10.9800","0.64K","-0.09%"
"10/11/2015","10.9900","11.0200","11.0200","10.9900","0.87K","4.17%"
"09/11/2015","10.5500","10.6000","10.6000","10.5500","0.55K","-0.47%"
"06/11/2015","10.6000","11.0000","11.0000","10.6000","1.06K","-1.03%"
"05/11/2015","10.7100","10.7100","10.7100","10.7100","0.54K","-2.64%"
"04/11/2015","11.0000","11.1100","11.1100","11.0000","0.74K","-4.35%"
"03/11/2015","11.5000","11.5000","11.5000","11.5000","2.68K","4.45%"
"02/11/2015","11.0100","13.0000","13.0000","11.0100","1.96K","-16.46%"
"30/10/2015","13.1800","15.4400","15.4400","13.1800","1.02K","-8.73%"
"29/10/2015","14.4400","16.9000","16.9000","14.4400","7.52K","-0.55%"
"28/10/2015","14.5200","13.2000","14.5200","13.2000","10.82K","32.00%"
"23/10/2015","11.0000","10.0000","11.0000","10.0000","1.63K","10.00%"
"22/10/2015","10.0000","9.9100","10.0000","9.9100","0.21K","0.91%"
"20/10/2015","9.9100","9.9900","9.9900","9.9100","0.06K","-0.80%"
"19/10/2015","9.9900","9.9900","9.9900","9.9900","0.01K","0.00%"
"16/10/2015","9.9900","9.9900","9.9900","9.9900","0.01K","-0.10%"
"15/10/2015","10.0000","10.0000","10.0000","10.0000","0.01K","0.00%"
"14/10/2015","10.0000","10.0000","10.0000","10.0000","0.13K","0.00%"
"13/10/2015","10.0000","10.0000","10.0000","10.0000","0.22K","0.70%"
"12/10/2015","9.9300","9.9300","9.9300","9.9300","0.09K","0.30%"
"08/10/2015","9.9000","9.9000","9.9000","9.9000","0.01K","0.10%"
"07/10/2015","9.8900","9.8900","9.8900","9.8900","0.01K","0.00%"
"06/10/2015","9.8900","9.8900","9.8900","9.8900","0.03K","0.82%"
"01/10/2015","9.8100","9.8100","9.8100","9.8100","0.05K","0.10%"
"30/09/2015","9.8000","9.8000","9.8000","9.8000","0.01K","0.00%"
"25/09/2015","9.8000","10.0000","10.0000","9.8000","0.42K","-3.45%"
"24/09/2015","10.1500","10.4000","10.4000","10.1500","0.01K","-0.49%"
"23/09/2015","10.2000","10.2000","10.2000","10.2000","0.41K","0.49%"
"21/09/2015","10.1500","10.2000","10.2000","10.1500","0.19K","-0.49%"
"18/09/2015","10.2000","10.2000","10.2000","10.2000","0.06K","-1.92%"
"17/09/2015","10.4000","10.1600","10.4000","10.1600","0.05K","5.05%"
"16/09/2015","9.9000","10.0000","10.0000","9.9000","1.54K","0.00%"
"15/09/2015","9.9000","10.0000","10.0000","9.9000","0.58K","-1.00%"
"14/09/2015","10.0000","10.0000","10.0000","10.0000","0.01K","0.00%"
"11/09/2015","10.0000","10.0000","10.0000","10.0000","0.21K","-1.48%"
"10/09/2015","10.1500","10.1500","10.1500","10.1500","0.01K","0.00%"
"09/09/2015","10.1500","10.1500","10.1500","10.1500","0.03K","1.50%"
"08/09/2015","10.0000","10.0000","10.0000","10.0000","0.05K","-1.48%"
"07/09/2015","10.1500","10.1500","10.1500","10.1500","0.11K","-0.49%"
"04/09/2015","10.2000","10.2000","10.2000","10.2000","0.73K","-0.97%"
"03/09/2015","10.3000","10.3000","10.3000","10.3000","0.11K","0.00%"
"02/09/2015","10.3000","10.3000","10.3000","10.3000","0.14K","0.59%"
"01/09/2015","10.2400","10.2500","10.2500","10.2400","0.83K","-0.58%"
"31/08/2015","10.3000","10.3000","10.3000","10.3000","0.15K","0.68%"
"28/08/2015","10.2300","10.2300","10.2300","10.2300","0.10K","0.00%"
"27/08/2015","10.2300","10.2300","10.2300","10.2300","0.10K","0.00%"
"26/08/2015","10.2300","10.2300","10.2300","10.2300","0.11K","-0.10%"
"25/08/2015","10.2400","10.3000","10.3000","10.2400","1.15K","-2.01%"
"24/08/2015","10.4500","11.4000","11.4000","10.4500","0.20K","-8.33%"
"21/08/2015","11.4000","11.4000","11.4000","11.4000","0.05K","13.89%"
"20/08/2015","10.0100","10.0100","10.0100","10.0100","0.03K","-3.75%"
"18/08/2015","10.4000","10.4000","10.4000","10.4000","0.00K","1.96%"
"14/08/2015","10.2000","9.8700","10.2000","9.8700","0.12K","3.34%"
"13/08/2015","9.8700","9.4000","9.8700","9.4000","0.21K","9.67%"
"12/08/2015","9.0000","9.0000","9.0000","9.0000","0.04K","-13.46%"
"11/08/2015","10.4000","10.4000","10.4000","10.4000","0.00K","0.00%"
"10/08/2015","10.4000","10.4000","10.4000","10.4000","0.00K","0.00%"
"07/08/2015","10.4000","10.4000","10.4000","10.4000","0.01K","4.31%"
"06/08/2015","9.9700","10.0000","10.0000","9.9700","0.14K","-4.13%"
"05/08/2015","10.4000","10.4000","10.4000","10.4000","0.12K","-1.42%"
"03/08/2015","10.5500","10.5500","10.5500","10.5500","0.03K","-4.09%"
"31/07/2015","11.0000","11.0000","11.0000","11.0000","0.38K","-1.52%"
"29/07/2015","11.1700","11.1700","11.1700","11.1700","0.02K","0.00%"
"28/07/2015","11.1700","11.4000","11.4000","11.1700","0.03K","-2.02%"
"27/07/2015","11.4000","11.4000","11.4000","11.4000","0.00K","-0.87%"
"24/07/2015","11.5000","11.1800","11.5000","11.1800","0.01K","0.00%"
"23/07/2015","11.5000","11.5000","11.5000","11.5000","0.00K","0.00%"
"22/07/2015","11.5000","11.5000","11.5000","11.5000","0.01K","0.00%"
"21/07/2015","11.5000","11.5000","11.5000","11.5000","0.00K","-3.20%"
"17/07/2015","11.8800","11.8800","11.8800","11.8800","0.10K","0.00%"
"15/07/2015","11.8800","11.8800","11.8800","11.8800","0.03K","15.34%"
"14/07/2015","10.3000","10.3000","10.3000","10.3000","0.02K","-10.43%"
"10/07/2015","11.5000","11.5000","11.5000","11.5000","0.04K","4.55%"
"09/07/2015","11.0000","11.0000","11.0000","11.0000","0.17K","0.00%"
"08/07/2015","11.0000","11.0000","11.0000","11.0000","0.01K","0.00%"
"07/07/2015","11.0000","11.0000","11.0000","11.0000","0.01K","-0.18%"
"06/07/2015","11.0200","11.0200","11.0200","11.0200","0.01K","-0.27%"
"03/07/2015","11.0500","11.0500","11.0500","11.0500","0.01K","0.00%"
"02/07/2015","11.0500","11.0500","11.0500","11.0500","0.01K","0.00%"
"01/07/2015","11.0500","11.0500","11.0500","11.0500","0.01K","0.00%"
"30/06/2015","11.0500","11.0500","11.0500","11.0500","0.12K","-0.09%"
"29/06/2015","11.0600","11.0000","11.0600","11.0000","0.06K","0.55%"
"26/06/2015","11.0000","11.0000","11.0000","11.0000","0.55K","5.26%"
"25/06/2015","10.4500","10.4500","10.4500","10.4500","0.02K","0.00%"
"24/06/2015","10.4500","10.4500","10.4500","10.4500","0.07K","-0.29%"
"22/06/2015","10.4800","10.4500","10.4800","10.4500","0.06K","0.77%"
"19/06/2015","10.4000","10.4000","10.4000","10.4000","0.17K","-7.96%"
"18/06/2015","11.3000","11.2000","11.3000","11.2000","0.08K","0.89%"
"17/06/2015","11.2000","11.2000","11.2000","11.2000","0.01K","-1.75%"
"16/06/2015","11.4000","11.4000","11.4000","11.4000","0.02K","0.00%"
"15/06/2015","11.4000","11.4000","11.4000","11.4000","0.79K","-0.87%"
"12/06/2015","11.5000","11.5000","11.5000","11.5000","0.01K","-4.17%"
"11/06/2015","12.0000","12.0000","12.0000","12.0000","0.23K","0.00%"
"10/06/2015","12.0000","12.0000","12.0000","12.0000","0.01K","0.00%"
"08/06/2015","12.0000","12.0000","12.0000","12.0000","0.00K","0.00%"
"05/06/2015","12.0000","11.8000","12.0000","11.8000","0.01K","-0.41%"
"03/06/2015","12.0500","12.0500","12.0500","12.0500","0.15K","6.45%"
"02/06/2015","11.3200","11.1500","11.3200","11.1500","0.08K","0.62%"
"01/06/2015","11.2500","12.2000","12.2000","11.2500","0.11K","-7.79%"
"29/05/2015","12.2000","12.0000","12.2000","12.0000","0.24K","5.63%"
"28/05/2015","11.5500","11.5500","11.5500","11.5500","0.50K","-2.12%"
"26/05/2015","11.8000","11.8000","11.8000","11.8000","0.34K","-2.48%"
"25/05/2015","12.1000","12.1000","12.1000","12.1000","0.00K","0.00%"
"22/05/2015","12.1000","12.3000","12.3000","12.1000","0.41K","-2.42%"
"20/05/2015","12.4000","12.4000","12.4000","12.4000","0.01K","0.40%"
"19/05/2015","12.3500","12.4100","12.4100","12.3500","0.16K","-4.11%"
"18/05/2015","12.8800","12.8800","12.8800","12.8800","0.01K","0.23%"
"15/05/2015","12.8500","12.8500","12.8500","12.8500","0.16K","0.00%"
"14/05/2015","12.8500","12.8500","12.8500","12.8500","0.01K","0.08%"
"13/05/2015","12.8400","12.8400","12.8400","12.8400","0.78K","-0.39%"
"12/05/2015","12.8900","12.8900","12.8900","12.8900","0.01K","0.00%"
"11/05/2015","12.8900","12.8900","12.8900","12.8900","0.11K","0.31%"
"08/05/2015","12.8500","12.8500","12.8500","12.8500","0.46K","0.00%"
"07/05/2015","12.8500","12.8500","12.8500","12.8500","0.04K","0.00%"
"06/05/2015","12.8500","12.8900","12.8900","12.8500","0.30K","-0.31%"
"05/05/2015","12.8900","12.8500","12.8900","12.8500","0.77K","0.00%"
"04/05/2015","12.8900","12.8900","12.8900","12.8900","2.99K","1.58%"
"30/04/2015","12.6900","12.6900","12.6900","12.6900","0.01K","0.00%"
"29/04/2015","12.6900","12.6900","12.6900","12.6900","0.10K","-0.08%"
"28/04/2015","12.7000","12.7000","12.7000","12.7000","0.01K","0.16%"
"27/04/2015","12.6800","12.6800","12.6800","12.6800","0.01K","-0.16%"
"24/04/2015","12.7000","12.7900","12.7900","12.7000","0.02K","-0.70%"
"23/04/2015","12.7900","12.7900","12.7900","12.7900","0.03K","0.00%"
"22/04/2015","12.7900","12.7900","12.7900","12.7900","0.31K","-0.08%"
"21/04/2015","12.8000","12.8500","12.8500","12.8000","0.31K","-0.39%"
"20/04/2015","12.8500","12.8900","12.8900","12.8500","1.72K","1.18%"
"17/04/2015","12.7000","12.8000","12.8000","12.7000","1.05K","-0.78%"
"16/04/2015","12.8000","12.8000","12.8000","12.8000","0.02K","0.00%"
"15/04/2015","12.8000","12.8900","12.8900","12.8000","1.51K","-1.54%"
"14/04/2015","13.0000","12.1900","13.0000","12.1900","3.25K","8.42%"
"13/04/2015","11.9900","12.7900","12.7900","11.9900","0.25K","-6.33%"
"10/04/2015","12.8000","12.0000","12.8000","12.0000","0.25K","17.43%"
"09/04/2015","10.9000","11.8000","11.8000","10.9000","0.41K","-8.40%"
"08/04/2015","11.9000","11.9000","11.9000","11.9000","0.11K","0.00%"
"07/04/2015","11.9000","11.9000","11.9000","11.9000","0.08K","-2.38%"
"02/04/2015","12.1900","12.1900","12.1900","12.1900","0.01K","-0.08%"
"01/04/2015","12.2000","12.2000","12.2000","12.2000","1.61K","0.00%"
"31/03/2015","12.2000","12.2000","12.2000","12.2000","1.00K","0.00%"
"30/03/2015","12.2000","11.6000","12.2000","11.6000","0.07K","0.00%"
"27/03/2015","12.2000","12.2000","12.2000","12.2000","0.02K","-0.81%"
"26/03/2015","12.3000","12.9000","12.9000","12.3000","0.04K","-6.11%"
"25/03/2015","13.1000","13.5500","13.5500","13.1000","0.07K","-2.82%"
"24/03/2015","13.4800","13.0500","13.4800","13.0500","0.10K","8.71%"
"23/03/2015","12.4000","12.4000","12.4000","12.4000","0.10K","-0.16%"
"20/03/2015","12.4200","12.4500","12.4500","12.4200","0.44K","-0.64%"
"19/03/2015","12.5000","12.4000","12.5000","12.4000","0.17K","0.81%"
"18/03/2015","12.4000","12.4000","12.4000","12.4000","0.01K","0.00%"
"17/03/2015","12.4000","12.4500","12.4500","12.4000","0.42K","-2.67%"
"16/03/2015","12.7400","12.7400","12.7400","12.7400","0.50K","-7.01%"
"13/03/2015","13.7000","13.7000","13.7000","13.7000","0.30K","10.48%"
"12/03/2015","12.4000","12.5000","12.5000","12.4000","1.10K","-3.88%"
"11/03/2015","12.9000","13.3700","13.3700","12.9000","0.82K","-4.44%"
"10/03/2015","13.5000","13.9000","13.9000","13.5000","0.03K","-4.93%"
"09/03/2015","14.2000","14.2000","14.2000","14.2000","0.16K","1.43%"
"06/03/2015","14.0000","15.0000","15.0000","14.0000","0.53K","-6.67%"
"05/03/2015","15.0000","15.0000","15.0000","15.0000","0.96K","-7.41%"
"04/03/2015","16.2000","18.0000","18.0000","16.2000","0.52K","-18.10%"
"03/03/2015","19.7800","18.0000","19.7800","18.0000","0.56K","16.35%"
"02/03/2015","17.0000","15.8000","17.0000","15.8000","0.52K","6.32%"
"27/02/2015","15.9900","15.0000","15.9900","15.0000","0.36K","11.82%"
"26/02/2015","14.3000","14.0000","14.3000","14.0000","0.13K","2.88%"
"25/02/2015","13.9000","12.9000","13.9000","12.9000","0.46K","7.34%"
"24/02/2015","12.9500","12.6000","12.9500","12.6000","0.11K","3.60%"
"23/02/2015","12.5000","12.5000","12.5000","12.5000","0.29K","1.30%"
"20/02/2015","12.3400","12.3400","12.3400","12.3400","0.98K","1.31%"
"19/02/2015","12.1800","12.1800","12.1800","12.1800","0.03K","5.91%"
"18/02/2015","11.5000","11.5000","11.5000","11.5000","0.00K","0.00%"
"17/02/2015","11.5000","11.5000","11.5000","11.5000","0.00K","0.00%"
"16/02/2015","11.5000","11.5000","11.5000","11.5000","0.05K","-4.17%"
"13/02/2015","12.0000","11.8000","12.0000","11.8000","0.33K","1.69%"
"11/02/2015","11.8000","11.8000","11.8000","11.8000","0.00K","-1.67%"
"10/02/2015","12.0000","12.0000","12.0000","12.0000","0.39K","0.00%"
"09/02/2015","12.0000","12.0000","12.0000","12.0000","0.00K","0.00%"
"06/02/2015","12.0000","12.5000","12.5000","12.0000","0.39K","-4.31%"
"05/02/2015","12.5400","12.5400","12.5400","12.5400","0.01K","-0.08%"
"04/02/2015","12.5500","12.5500","12.5500","12.5500","0.01K","-0.08%"
"03/02/2015","12.5600","12.9500","12.9500","12.5600","0.07K","-1.87%"
"02/02/2015","12.8000","13.0000","13.0000","12.8000","0.01K","-1.54%"
"30/01/2015","13.0000","13.0000","13.0000","13.0000","0.06K","-2.77%"
"28/01/2015","13.3700","13.2000","13.3700","13.2000","0.18K","-2.19%"
"27/01/2015","13.6700","13.0100","13.6700","13.0100","0.06K","5.15%"
"26/01/2015","13.0000","13.0000","13.0000","13.0000","0.08K","0.00%"
"23/01/2015","13.0000","13.0000","13.0000","13.0000","0.01K","0.00%"
"22/01/2015","13.0000","13.0000","13.0000","13.0000","0.47K","0.23%"
"21/01/2015","12.9700","12.5000","12.9700","12.5000","0.06K","-0.23%"
"20/01/2015","13.0000","12.9900","13.0000","12.9900","0.03K","-4.06%"
"19/01/2015","13.5500","13.5500","13.5500","13.5500","0.03K","0.37%"
"16/01/2015","13.5000","13.5000","13.5000","13.5000","0.04K","3.93%"
"15/01/2015","12.9900","12.5400","12.9900","12.5400","0.11K","9.44%"
"14/01/2015","11.8700","11.6000","11.8700","11.6000","0.12K","5.04%"
"13/01/2015","11.3000","11.0000","11.3000","11.0000","0.48K","13.00%"
"09/01/2015","10.0000","10.0000","10.0000","10.0000","0.75K","-18.37%"
"08/01/2015","12.2500","14.0000","14.0000","12.2500","0.31K","-12.50%"
"07/01/2015","14.0000","13.5000","14.0000","13.5000","0.31K","3.70%"
"05/01/2015","13.5000","13.5000","13.5000","13.5000","0.01K","3.85%"
"02/01/2015","13.0000","13.0000","13.0000","13.0000","0.20K","8.33%"
"30/12/2014","12.0000","12.0000","12.0000","12.0000","3.45K","0.17%"
"29/12/2014","11.9800","11.9800","11.9800","11.9800","0.10K","-0.17%"
"23/12/2014","12.0000","12.0000","12.0000","12.0000","0.64K","4.26%"
"22/12/2014","11.5100","11.5100","11.5100","11.5100","0.17K","-4.08%"
"19/12/2014","12.0000","12.0000","12.0000","12.0000","0.04K","0.00%"
"18/12/2014","12.0000","12.0000","12.0000","12.0000","0.29K","6.10%"
"17/12/2014","11.3100","11.3100","11.3100","11.3100","0.06K","-1.65%"
"16/12/2014","11.5000","11.5000","11.5000","11.5000","0.02K","-4.17%"
"15/12/2014","12.0000","12.0000","12.0000","12.0000","0.25K","-1.32%"
"12/12/2014","12.1600","12.0000","12.1600","12.0000","0.37K","3.93%"
"11/12/2014","11.7000","12.0000","12.0000","11.7000","0.28K","-6.40%"
"10/12/2014","12.5000","12.5000","12.5000","12.5000","0.12K","-0.08%"
"09/12/2014","12.5100","13.0000","13.0000","12.5100","0.11K","0.00%"
"08/12/2014","12.5100","12.5100","12.5100","12.5100","0.01K","0.00%"
"05/12/2014","12.5100","12.0000","12.5100","12.0000","0.05K","4.25%"
"04/12/2014","12.0000","11.2500","12.0000","11.2500","0.10K","6.67%"
"03/12/2014","11.2500","11.2500","11.2500","11.2500","0.05K","0.45%"
"02/12/2014","11.2000","11.4000","11.4000","11.2000","0.06K","-5.88%"
"01/12/2014","11.9000","11.9000","11.9000","11.9000","0.15K","-1.65%"
"28/11/2014","12.1000","11.5100","12.1000","11.5100","0.10K","0.00%"
"27/11/2014","12.1000","12.5000","12.5000","12.1000","0.27K","-3.20%"
"26/11/2014","12.5000","13.0000","13.0000","12.5000","0.15K","0.00%"
"25/11/2014","12.5000","13.7500","13.7500","12.5000","0.06K","-9.09%"
"24/11/2014","13.7500","13.7500","13.7500","13.7500","0.01K","-0.36%"
"21/11/2014","13.8000","13.8000","13.8000","13.8000","0.17K","9.96%"
"20/11/2014","12.5500","12.5500","12.5500","12.5500","0.08K","-0.55%"
"19/11/2014","12.6200","12.6000","12.6200","12.6000","0.01K","0.16%"
"18/11/2014","12.6000","13.0000","13.0000","12.6000","0.06K","-3.08%"
"17/11/2014","13.0000","13.0000","13.0000","13.0000","0.20K","-0.23%"
"14/11/2014","13.0300","13.0300","13.0300","13.0300","0.05K","0.00%"
"13/11/2014","13.0300","13.0300","13.0300","13.0300","0.03K","-0.53%"
"12/11/2014","13.1000","13.1000","13.1000","13.1000","0.07K","-12.67%"
"07/11/2014","15.0000","14.4000","15.0000","14.4000","0.03K","0.00%"
"06/11/2014","15.0000","14.0000","15.0000","14.0000","0.03K","19.05%"
"05/11/2014","12.6000","12.1200","12.6000","12.1200","0.12K","0.72%"
"04/11/2014","12.5100","12.5100","12.5100","12.5100","0.15K","-7.33%"
"03/11/2014","13.5000","13.5100","13.5100","13.5000","0.15K","-0.30%"
"31/10/2014","13.5400","13.5500","13.5500","13.5400","0.48K","-9.67%"
"30/10/2014","14.9900","16.5200","16.5200","14.9900","0.39K","-15.98%"
"29/10/2014","17.8400","19.9500","19.9500","17.8400","0.14K","-10.80%"
"28/10/2014","20.0000","20.0000","20.0000","20.0000","0.18K","-2.39%"
"27/10/2014","20.4900","16.6100","20.4900","16.6100","1.30K","2.45%"
"10/10/2014","20.0000","20.0000","20.0000","20.0000","","0.00%"
"09/10/2014","20.0000","20.0000","20.0000","20.0000","0.02K","0.00%"
"08/10/2014","20.0000","20.0000","20.0000","20.0000","0.01K","0.00%"
"07/10/2014","20.0000","20.0000","20.0000","20.0000","0.07K","0.00%"
"06/10/2014","20.0000","20.0000","20.0000","20.0000","0.15K","0.00%"
"03/10/2014","20.0000","20.0000","20.0000","20.0000","0.00K","0.00%"
"02/10/2014","20.0000","20.0000","20.0000","20.0000","0.05K","0.00%"
"01/10/2014","20.0000","20.0000","20.0000","20.0000","0.01K","0.00%"
"30/09/2014","20.0000","20.0000","20.0000","20.0000","","0.00%"
"29/09/2014","20.0000","20.0000","20.0000","20.0000","","0.00%"
"26/09/2014","20.0000","20.0000","20.0000","20.0000","0.01K","0.00%"
"25/09/2014","20.0000","20.0000","20.0000","20.0000","","0.00%"
"24/09/2014","20.0000","20.0000","20.0000","20.0000","0.01K","0.00%"
"23/09/2014","20.0000","20.0000","20.0000","20.0000","","0.00%"
"22/09/2014","20.0000","20.0000","20.0000","20.0000","","0.00%"
"19/09/2014","20.0000","20.0000","20.0000","20.0000","0.00K","0.00%"
"18/09/2014","20.0000","20.0000","20.0000","20.0000","","0.00%"
"17/09/2014","20.0000","20.0000","20.0000","20.0000","0.03K","0.00%"
"16/09/2014","20.0000","20.0000","20.0000","20.0000","0.01K","0.00%"
"15/09/2014","20.0000","20.0000","20.0000","20.0000","","0.00%"
"12/09/2014","20.0000","20.0000","20.0000","20.0000","0.03K","0.00%"
"11/09/2014","20.0000","20.0000","20.0000","20.0000","","0.00%"
"10/09/2014","20.0000","20.0000","20.0000","20.0000","0.08K","0.00%"
"09/09/2014","20.0000","20.0000","20.0000","20.0000","0.00K","0.00%"
"08/09/2014","20.0000","20.0000","20.0000","20.0000","","0.00%"
"05/09/2014","20.0000","20.0000","20.0000","20.0000","","0.00%"
"04/09/2014","20.0000","20.0000","20.0000","20.0000","","0.00%"
"03/09/2014","20.0000","20.0000","20.0000","20.0000","","0.00%"
"02/09/2014","20.0000","20.0000","20.0000","20.0000","","0.00%"
"01/09/2014","20.0000","20.0000","20.0000","20.0000","0.02K","0.00%"