"Date","Price","Open","High","Low","Vol.","Change %"
"30/09/2025","6.450","6.600","6.600","6.400","5.59K","-5.84%"
"29/09/2025","6.850","6.400","6.900","6.400","10.42K","7.03%"
"26/09/2025","6.400","6.400","6.400","6.400","0.01K","1.59%"
"25/09/2025","6.300","6.300","6.600","6.300","3.36K","-0.79%"
"24/09/2025","6.350","6.450","6.600","6.350","2.76K","-2.31%"
"23/09/2025","6.500","6.300","7.200","6.300","29.53K","2.36%"
"22/09/2025","6.350","5.750","6.800","5.750","48.30K","11.40%"
"19/09/2025","5.700","5.000","6.000","5.000","57.70K","18.75%"
"18/09/2025","4.800","4.800","4.800","4.800","1.25K","0.00%"
"17/09/2025","4.800","4.600","4.800","4.600","5.00K","0.00%"
"16/09/2025","4.800","4.620","4.800","4.600","4.38K","2.56%"
"15/09/2025","4.680","4.680","4.680","4.680","0.02K","-2.50%"
"12/09/2025","4.800","4.600","4.800","4.600","3.91K","4.35%"
"10/09/2025","4.600","4.600","4.600","4.600","6.00K","0.00%"
"09/09/2025","4.600","4.600","4.600","4.600","0.00K","-4.17%"
"08/09/2025","4.800","4.900","4.900","4.800","1.71K","0.00%"
"05/09/2025","4.800","4.800","4.800","4.800","1.60K","2.56%"
"03/09/2025","4.680","4.800","4.800","4.600","6.21K","-4.88%"
"29/08/2025","4.920","4.920","4.920","4.920","0.01K","2.50%"
"28/08/2025","4.800","4.800","4.800","4.800","4.57K","-2.83%"
"27/08/2025","4.940","4.800","4.940","4.800","1.19K","0.00%"
"26/08/2025","4.940","4.800","4.940","4.800","1.98K","0.82%"
"25/08/2025","4.900","4.800","4.940","4.800","1.65K","2.08%"
"22/08/2025","4.800","4.800","4.800","4.800","0.03K","0.00%"
"21/08/2025","4.800","4.800","4.800","4.800","0.20K","0.00%"
"20/08/2025","4.800","4.800","4.940","4.800","3.20K","4.35%"
"19/08/2025","4.600","4.800","4.800","4.600","0.46K","-4.17%"
"18/08/2025","4.800","4.800","4.800","4.800","0.01K","-3.61%"
"14/08/2025","4.980","4.600","4.980","4.600","1.70K","8.26%"
"13/08/2025","4.600","4.600","4.640","4.600","1.81K","-4.17%"
"12/08/2025","4.800","4.600","4.980","4.600","2.70K","4.35%"
"11/08/2025","4.600","4.600","4.640","4.600","4.80K","0.00%"
"07/08/2025","4.600","4.600","4.600","4.600","3.90K","0.00%"
"04/08/2025","4.600","4.500","4.600","4.500","4.00K","0.00%"
"01/08/2025","4.600","4.600","4.600","4.600","7.70K","0.00%"
"31/07/2025","4.600","4.600","4.600","4.600","5.20K","0.00%"
"28/07/2025","4.600","4.800","4.980","4.520","12.01K","-2.13%"
"25/07/2025","4.700","4.600","4.700","4.600","4.97K","2.17%"
"24/07/2025","4.600","4.600","4.600","4.600","1.70K","0.00%"
"23/07/2025","4.600","4.800","4.800","4.600","10.54K","-7.63%"
"22/07/2025","4.980","4.600","4.980","4.600","8.24K","10.67%"
"21/07/2025","4.500","4.600","4.800","4.500","4.59K","-2.17%"
"18/07/2025","4.600","4.600","4.600","4.600","2.30K","-4.17%"
"17/07/2025","4.800","4.600","4.800","4.600","4.40K","0.00%"
"15/07/2025","4.800","4.800","4.800","4.800","1.50K","0.00%"
"09/07/2025","4.800","4.800","4.800","4.800","0.05K","-3.61%"
"07/07/2025","4.980","4.800","4.980","4.800","2.60K","3.75%"
"02/07/2025","4.800","4.800","4.980","4.800","2.45K","0.00%"
"01/07/2025","4.800","4.800","4.800","4.800","0.01K","4.35%"
"30/06/2025","4.600","4.800","4.800","4.600","0.42K","-4.17%"
"27/06/2025","4.800","4.800","4.800","4.600","2.00K","0.00%"
"26/06/2025","4.800","4.600","4.800","4.600","0.05K","0.00%"
"25/06/2025","4.800","4.800","4.800","4.800","2.20K","-4.00%"
"23/06/2025","5.000","4.600","5.000","4.600","3.76K","7.30%"
"20/06/2025","4.660","4.660","4.660","4.660","0.50K","-2.51%"
"18/06/2025","4.780","4.880","4.880","4.780","1.51K","-2.05%"
"17/06/2025","4.880","5.000","5.000","4.880","0.19K","-3.37%"
"16/06/2025","5.050","4.560","5.100","4.560","2.28K","12.22%"
"13/06/2025","4.500","4.600","4.600","4.500","5.50K","-2.17%"
"12/06/2025","4.600","4.600","4.600","4.600","0.68K","0.00%"
"09/06/2025","4.600","4.600","4.600","4.600","1.00K","0.00%"
"06/06/2025","4.600","4.600","4.600","4.600","1.00K","-4.17%"
"05/06/2025","4.800","4.600","4.800","4.600","0.92K","0.00%"
"04/06/2025","4.800","4.600","4.800","4.600","1.71K","4.35%"
"03/06/2025","4.600","4.800","4.800","4.400","4.30K","-8.00%"
"02/06/2025","5.000","4.600","5.000","4.600","6.70K","4.17%"
"30/05/2025","4.800","4.600","4.800","4.600","1.70K","6.67%"
"28/05/2025","4.500","4.420","4.500","4.420","1.39K","-2.17%"
"27/05/2025","4.600","4.600","4.600","4.600","0.32K","0.00%"
"23/05/2025","4.600","4.800","4.800","4.400","11.60K","-4.17%"
"22/05/2025","4.800","4.800","4.800","4.800","1.60K","-4.00%"
"19/05/2025","5.000","5.000","5.000","5.000","0.00K","4.17%"
"15/05/2025","4.800","4.800","4.800","4.800","0.02K","0.00%"
"14/05/2025","4.800","4.820","4.820","4.800","0.80K","-4.00%"
"08/05/2025","5.000","5.000","5.000","5.000","3.50K","0.00%"
"07/05/2025","5.000","4.620","5.000","4.620","3.69K","13.12%"
"05/05/2025","4.420","4.380","4.420","4.380","2.53K","-7.92%"
"30/04/2025","4.800","4.800","4.800","4.800","0.98K","-4.00%"
"29/04/2025","5.000","5.000","5.000","5.000","0.35K","0.00%"
"28/04/2025","5.000","5.000","5.000","5.000","0.75K","0.00%"
"25/04/2025","5.000","5.000","5.000","5.000","0.10K","-3.85%"
"24/04/2025","5.200","4.800","5.200","4.800","2.40K","10.64%"
"14/04/2025","4.700","4.700","4.700","4.700","0.51K","-2.08%"
"11/04/2025","4.800","4.800","4.800","4.800","0.20K","0.00%"
"09/04/2025","4.800","4.600","4.800","4.600","1.70K","0.00%"
"07/04/2025","4.800","4.600","4.800","4.600","9.00K","-3.61%"
"04/04/2025","4.980","4.800","4.980","4.800","1.60K","-0.40%"
"31/03/2025","5.000","5.000","5.000","4.800","3.03K","-3.85%"
"27/03/2025","5.200","5.050","5.200","5.000","1.15K","-0.95%"
"25/03/2025","5.250","5.000","5.250","5.000","0.56K","5.00%"
"24/03/2025","5.000","4.900","5.000","4.800","2.60K","0.00%"
"21/03/2025","5.000","5.000","5.000","5.000","1.50K","0.00%"
"20/03/2025","5.000","5.000","5.000","5.000","8.80K","-6.54%"
"19/03/2025","5.350","5.400","5.400","5.350","0.60K","-2.73%"
"18/03/2025","5.500","5.500","5.500","5.250","1.39K","0.00%"
"17/03/2025","5.500","5.500","5.500","5.500","0.03K","-1.79%"
"13/03/2025","5.600","5.600","5.600","5.600","0.00K","1.82%"
"11/03/2025","5.500","5.500","5.500","5.500","0.36K","0.00%"
"10/03/2025","5.500","5.500","5.500","5.500","1.50K","-1.79%"
"07/03/2025","5.600","5.600","5.600","5.600","1.00K","-1.75%"
"06/03/2025","5.700","5.700","5.700","5.700","0.00K","2.70%"
"05/03/2025","5.550","5.550","5.550","5.550","1.00K","-4.31%"
"03/03/2025","5.800","5.800","5.800","5.550","1.55K","-3.33%"
"28/02/2025","6.000","6.000","6.000","6.000","0.03K","0.00%"
"27/02/2025","6.000","6.000","6.000","6.000","1.00K","0.00%"
"26/02/2025","6.000","5.800","6.000","5.800","2.09K","3.45%"
"25/02/2025","5.800","6.000","6.000","5.400","6.75K","-3.33%"
"24/02/2025","6.000","6.100","6.100","6.000","2.21K","-1.64%"
"21/02/2025","6.100","6.200","6.200","6.100","0.98K","-1.61%"
"20/02/2025","6.200","6.200","6.450","6.200","1.70K","-3.88%"
"19/02/2025","6.450","6.000","6.550","6.000","13.59K","7.50%"
"18/02/2025","6.000","5.850","6.000","5.850","1.40K","2.56%"
"17/02/2025","5.850","5.600","5.850","5.600","1.80K","4.46%"
"14/02/2025","5.600","5.400","5.800","5.400","3.53K","3.70%"
"13/02/2025","5.400","5.400","5.400","5.400","1.50K","-3.57%"
"11/02/2025","5.600","5.400","5.600","5.400","0.12K","0.00%"
"10/02/2025","5.600","5.250","5.600","5.250","2.38K","4.67%"
"06/02/2025","5.350","5.250","5.350","5.250","1.46K","0.00%"
"04/02/2025","5.350","5.400","5.400","4.920","7.19K","-1.83%"
"03/02/2025","5.450","5.450","5.450","5.450","0.28K","0.00%"
"31/01/2025","5.450","5.200","5.450","5.200","2.37K","4.81%"
"30/01/2025","5.200","4.960","5.200","4.960","3.73K","8.33%"
"29/01/2025","4.800","5.000","5.250","4.800","11.67K","4.35%"
"27/01/2025","4.600","4.400","4.600","4.400","1.53K","0.00%"
"24/01/2025","4.600","4.400","4.600","4.400","1.00K","0.00%"
"23/01/2025","4.600","4.400","4.600","4.400","1.83K","5.02%"
"22/01/2025","4.380","4.380","4.380","4.380","0.31K","0.00%"
"16/01/2025","4.380","4.200","4.380","4.200","0.05K","-0.45%"
"09/01/2025","4.400","4.340","4.400","4.340","0.58K","2.33%"
"08/01/2025","4.300","4.300","4.400","4.200","4.92K","-2.27%"
"07/01/2025","4.400","4.400","4.400","4.400","0.21K","-4.35%"
"03/01/2025","4.600","4.200","4.600","4.000","6.53K","9.52%"
"02/01/2025","4.200","4.200","4.200","4.200","0.70K","0.00%"
"30/12/2024","4.200","4.000","4.200","4.000","4.77K","5.00%"
"23/12/2024","4.000","4.000","4.000","4.000","0.35K","-1.48%"
"20/12/2024","4.060","3.840","4.060","3.840","6.96K","5.73%"
"19/12/2024","3.840","3.700","3.840","3.700","4.49K","0.00%"
"17/12/2024","3.840","3.700","3.840","3.700","2.81K","3.78%"
"16/12/2024","3.700","3.700","3.700","3.700","1.92K","-4.15%"
"12/12/2024","3.860","3.800","4.100","3.700","10.97K","1.58%"
"11/12/2024","3.800","3.800","3.800","3.800","0.05K","0.00%"
"10/12/2024","3.800","3.660","3.800","3.660","4.21K","3.83%"
"09/12/2024","3.660","3.440","3.660","3.440","7.10K","4.57%"
"06/12/2024","3.500","3.500","3.500","3.500","2.16K","0.00%"
"05/12/2024","3.500","3.500","3.660","3.500","0.17K","-4.37%"
"04/12/2024","3.660","3.500","3.660","3.500","0.54K","0.00%"
"03/12/2024","3.660","3.500","3.660","3.500","0.53K","1.67%"
"02/12/2024","3.600","3.600","3.600","3.600","0.27K","0.00%"
"29/11/2024","3.600","3.600","3.600","3.600","0.10K","0.00%"
"28/11/2024","3.600","3.480","3.600","3.480","4.48K","2.86%"
"26/11/2024","3.500","3.360","3.500","3.340","0.54K","4.17%"
"25/11/2024","3.360","3.400","3.480","3.340","3.29K","-1.18%"
"22/11/2024","3.400","3.640","3.640","3.340","5.92K","-10.53%"
"21/11/2024","3.800","3.660","3.800","3.660","0.36K","0.00%"
"20/11/2024","3.800","3.640","3.800","3.640","2.12K","0.00%"
"19/11/2024","3.800","3.900","3.900","3.520","6.03K","-1.55%"
"18/11/2024","3.860","4.100","4.300","3.700","8.91K","-10.23%"
"15/11/2024","4.300","4.500","4.500","4.120","3.75K","-4.44%"
"14/11/2024","4.500","4.200","4.500","4.040","15.70K","2.27%"
"08/11/2024","4.400","4.500","4.500","4.400","2.05K","-2.22%"
"05/11/2024","4.500","4.500","4.500","4.500","0.07K","-2.17%"
"30/10/2024","4.600","4.600","4.600","4.600","0.00K","2.22%"
"29/10/2024","4.500","4.500","4.500","4.500","0.22K","-2.17%"
"25/10/2024","4.600","4.620","4.620","4.600","4.15K","-4.17%"
"16/10/2024","4.800","4.800","4.800","4.800","1.50K","0.00%"
"15/10/2024","4.800","4.800","4.800","4.800","0.22K","-4.00%"
"10/10/2024","5.000","4.620","5.000","4.620","2.45K","0.00%"
"08/10/2024","5.000","4.800","5.000","4.800","0.67K","0.00%"
"30/09/2024","5.000","4.800","5.000","4.800","1.07K","0.00%"
"23/09/2024","5.000","5.200","5.200","5.000","2.02K","-7.41%"
"20/09/2024","5.400","5.000","5.400","4.600","9.88K","3.85%"
"19/09/2024","5.200","4.800","5.200","4.800","3.91K","8.33%"
"18/09/2024","4.800","4.620","4.800","4.400","3.51K","0.00%"
"17/09/2024","4.800","4.800","4.800","4.800","3.05K","-4.00%"
"16/09/2024","5.000","4.800","5.000","4.800","0.36K","0.00%"
"13/09/2024","5.000","5.000","5.200","4.800","1.62K","0.00%"
"12/09/2024","5.000","5.000","5.000","5.000","3.00K","-3.85%"
"09/09/2024","5.200","5.400","5.400","5.200","2.80K","-7.14%"
"06/09/2024","5.600","5.600","5.600","5.600","0.10K","0.00%"
"30/08/2024","5.600","5.600","5.600","5.600","0.00K","0.00%"
"23/08/2024","5.600","5.400","5.600","5.400","1.40K","3.70%"
"22/08/2024","5.400","5.200","5.400","5.200","1.50K","0.00%"
"20/08/2024","5.400","5.400","5.400","5.400","0.05K","0.00%"
"14/08/2024","5.400","5.400","5.400","5.200","0.04K","0.00%"
"05/08/2024","5.400","5.400","5.400","5.400","1.40K","-3.57%"
"25/07/2024","5.600","5.400","5.600","5.400","2.28K","0.00%"
"22/07/2024","5.600","5.600","5.600","5.600","0.03K","0.00%"
"19/07/2024","5.600","5.600","5.600","5.600","1.07K","0.00%"
"16/07/2024","5.600","5.600","5.600","5.600","0.00K","2.75%"
"15/07/2024","5.450","5.450","5.450","5.450","0.30K","0.00%"
"12/07/2024","5.450","5.600","5.600","5.450","0.59K","-2.68%"
"11/07/2024","5.600","5.600","5.600","5.600","0.00K","2.75%"
"10/07/2024","5.450","5.450","5.450","5.450","0.20K","0.00%"
"08/07/2024","5.450","5.450","5.450","5.450","0.27K","-1.80%"
"05/07/2024","5.550","5.450","5.550","5.450","2.16K","0.00%"
"04/07/2024","5.550","5.550","5.550","5.550","2.76K","-1.77%"
"03/07/2024","5.650","5.650","5.650","5.650","0.60K","-2.59%"
"27/06/2024","5.800","5.800","5.800","5.800","0.08K","0.00%"
"26/06/2024","5.800","5.600","5.800","5.600","0.11K","0.00%"
"25/06/2024","5.800","5.800","5.800","5.800","0.40K","0.00%"
"24/06/2024","5.800","5.600","5.800","5.600","2.82K","0.00%"
"21/06/2024","5.800","5.800","6.000","5.800","1.02K","-2.52%"
"20/06/2024","5.950","5.950","5.950","5.950","1.00K","-0.83%"
"19/06/2024","6.000","5.800","6.000","5.800","1.60K","-0.83%"
"17/06/2024","6.050","6.050","6.050","6.050","1.00K","-0.82%"
"14/06/2024","6.100","6.100","6.100","6.100","1.20K","-4.69%"
"10/06/2024","6.400","6.400","6.400","6.400","0.20K","4.92%"
"06/06/2024","6.100","6.100","6.100","6.100","0.30K","0.00%"
"04/06/2024","6.100","6.400","6.400","6.100","0.57K","-4.69%"
"03/06/2024","6.400","6.200","6.400","6.200","0.18K","0.00%"
"31/05/2024","6.400","6.400","6.400","6.400","0.51K","0.00%"
"28/05/2024","6.400","6.400","6.400","6.400","0.30K","0.00%"
"27/05/2024","6.400","6.400","6.400","6.400","2.50K","-2.29%"
"24/05/2024","6.550","6.650","6.650","6.350","2.47K","-1.50%"
"23/05/2024","6.650","6.500","6.800","6.400","35.87K","3.91%"
"15/05/2024","6.400","6.400","6.400","6.400","0.15K","0.00%"
"14/05/2024","6.400","6.700","6.700","6.400","1.31K","-3.03%"
"13/05/2024","6.600","6.950","6.950","6.400","1.62K","-5.04%"
"07/05/2024","6.950","6.950","6.950","6.950","0.02K","2.21%"
"06/05/2024","6.800","6.950","6.950","6.800","0.57K","0.00%"
"02/05/2024","6.800","6.800","6.800","6.800","0.50K","-1.45%"
"29/04/2024","6.900","6.900","6.900","6.900","3.76K","2.99%"
"25/04/2024","6.700","6.700","6.700","6.700","0.15K","-4.29%"
"23/04/2024","7.000","7.000","7.000","7.000","1.10K","0.00%"
"22/04/2024","7.000","7.000","7.000","6.950","3.64K","-0.71%"
"19/04/2024","7.050","7.300","7.300","7.050","0.13K","-4.73%"
"18/04/2024","7.400","6.950","7.400","6.950","27.61K","7.25%"
"17/04/2024","6.900","6.900","6.900","6.900","0.01K","0.00%"
"16/04/2024","6.900","6.900","6.900","6.900","6.88K","2.99%"
"15/04/2024","6.700","6.700","6.750","6.700","3.50K","0.00%"
"12/04/2024","6.700","6.650","6.700","6.600","13.82K","2.29%"
"11/04/2024","6.550","6.800","6.800","6.550","4.42K","-3.68%"
"10/04/2024","6.800","6.800","6.800","6.800","1.10K","3.82%"
"09/04/2024","6.550","6.300","6.800","6.300","3.28K","3.97%"
"08/04/2024","6.300","6.600","6.600","6.000","4.84K","-4.55%"
"03/04/2024","6.600","6.900","7.000","6.600","4.52K","-4.35%"
"02/04/2024","6.900","6.900","6.900","6.900","0.40K","0.00%"
"28/03/2024","6.900","6.650","6.900","6.650","0.40K","3.76%"
"27/03/2024","6.650","7.200","7.200","6.650","3.62K","-10.74%"
"26/03/2024","7.450","7.250","7.450","7.200","0.23K","0.00%"
"25/03/2024","7.450","7.250","7.450","7.250","0.01K","-0.67%"
"20/03/2024","7.500","7.250","7.500","7.250","0.00K","0.00%"
"15/03/2024","7.500","7.500","7.500","7.250","1.12K","0.00%"
"12/03/2024","7.500","7.500","7.500","7.500","0.00K","2.04%"
"11/03/2024","7.350","7.350","7.350","7.350","1.12K","-2.00%"
"08/03/2024","7.500","7.500","7.500","7.350","0.71K","0.00%"
"07/03/2024","7.500","7.400","7.500","7.400","0.07K","2.74%"
"06/03/2024","7.300","7.300","7.300","7.300","0.05K","0.00%"
"05/03/2024","7.300","7.450","7.500","7.300","1.66K","-2.01%"
"04/03/2024","7.450","7.450","7.450","7.200","0.00K","-0.67%"
"01/03/2024","7.500","7.450","7.800","7.450","3.14K","0.00%"
"29/02/2024","7.500","7.500","7.500","7.500","1.39K","-3.23%"
"28/02/2024","7.750","7.950","7.950","7.500","2.71K","-3.13%"
"27/02/2024","8.000","7.700","8.400","7.700","4.88K","0.00%"
"26/02/2024","8.000","8.000","8.000","7.700","0.17K","0.00%"
"23/02/2024","8.000","8.400","8.450","8.000","14.41K","6.67%"
"22/02/2024","7.500","7.500","7.500","7.500","156.64K","0.00%"
"21/02/2024","7.500","7.500","7.500","7.200","0.16K","0.00%"
"19/02/2024","7.500","7.500","7.800","7.500","2.52K","0.00%"
"16/02/2024","7.500","6.750","7.800","6.750","34.51K","7.14%"
"15/02/2024","7.000","6.700","7.000","6.700","0.54K","4.48%"
"12/02/2024","6.700","6.950","6.950","6.700","0.25K","-2.19%"
"07/02/2024","6.850","6.850","6.850","6.850","0.46K","-2.14%"
"31/01/2024","7.000","7.000","7.000","7.000","0.23K","4.48%"
"25/01/2024","6.700","6.700","6.700","6.700","0.01K","0.00%"
"23/01/2024","6.700","6.700","6.700","6.700","3.15K","0.00%"
"17/01/2024","6.700","6.700","6.700","6.700","0.05K","0.00%"
"16/01/2024","6.700","6.700","6.700","6.700","1.20K","0.00%"
"15/01/2024","6.700","6.700","6.700","6.700","0.50K","0.00%"
"12/01/2024","6.700","6.700","6.700","6.700","0.10K","0.00%"
"09/01/2024","6.700","6.700","6.700","6.700","0.80K","-4.29%"
"04/01/2024","7.000","7.000","7.000","6.950","2.80K","0.00%"
"03/01/2024","7.000","7.300","7.300","7.000","1.90K","-4.11%"
"02/01/2024","7.300","6.950","7.300","6.950","0.06K","5.80%"
"29/12/2023","6.900","6.600","6.900","6.600","4.31K","9.52%"
"28/12/2023","6.300","6.300","6.300","6.300","0.95K","1.61%"
"27/12/2023","6.200","6.300","6.300","6.200","1.21K","-1.59%"
"22/12/2023","6.300","6.300","6.600","6.300","2.22K","-3.08%"
"21/12/2023","6.500","6.300","6.500","6.300","1.25K","6.56%"
"19/12/2023","6.100","6.100","6.100","6.100","2.19K","1.67%"
"18/12/2023","6.000","6.000","6.000","6.000","0.31K","-0.83%"
"15/12/2023","6.050","6.100","6.100","6.050","2.20K","-9.70%"
"14/12/2023","6.700","6.400","6.700","6.400","2.11K","1.52%"
"12/12/2023","6.600","6.700","6.700","6.600","2.00K","-1.49%"
"05/12/2023","6.700","6.700","6.700","6.700","0.01K","0.00%"
"30/11/2023","6.700","6.700","6.700","6.700","1.20K","3.08%"
"29/11/2023","6.500","6.400","6.500","6.400","4.13K","0.00%"
"28/11/2023","6.500","6.500","6.500","6.500","1.30K","-4.41%"
"24/11/2023","6.800","6.250","7.100","6.200","6.22K","-8.11%"
"23/11/2023","7.400","7.700","8.000","7.400","4.03K","-7.50%"
"22/11/2023","8.000","8.300","8.400","8.000","1.58K","-3.61%"
"21/11/2023","8.300","8.300","8.300","8.300","0.02K","0.00%"
"13/11/2023","8.300","8.300","8.300","8.300","1.00K","0.00%"
"09/11/2023","8.300","8.800","8.800","8.300","1.24K","-5.68%"
"07/11/2023","8.800","8.800","8.800","8.800","0.10K","0.00%"
"03/11/2023","8.800","8.400","8.800","8.400","1.91K","7.32%"
"31/10/2023","8.200","8.300","8.300","8.200","1.50K","0.00%"
"30/10/2023","8.200","8.400","8.400","8.200","0.25K","-2.38%"
"27/10/2023","8.400","8.400","8.400","8.400","0.90K","-0.59%"
"25/10/2023","8.450","8.400","8.450","8.400","0.61K","-6.11%"
"24/10/2023","9.000","8.400","9.000","8.400","0.99K","11.11%"
"23/10/2023","8.100","8.100","8.100","8.100","1.00K","1.25%"
"20/10/2023","8.000","8.000","8.000","8.000","0.98K","1.91%"
"19/10/2023","7.850","7.850","7.850","7.850","0.44K","-1.88%"
"18/10/2023","8.000","8.000","8.000","8.000","1.00K","2.56%"
"16/10/2023","7.800","8.100","8.100","7.800","1.35K","-3.70%"
"13/10/2023","8.100","8.100","8.100","8.100","0.35K","2.53%"
"12/10/2023","7.900","7.900","7.900","7.900","0.80K","0.00%"
"11/10/2023","7.900","8.050","8.050","7.900","0.74K","-3.66%"
"10/10/2023","8.200","8.050","8.200","8.050","0.61K","3.80%"
"06/10/2023","7.900","8.800","8.800","7.900","3.91K","-10.23%"
"05/10/2023","8.800","8.800","8.800","8.800","1.16K","-1.12%"
"03/10/2023","8.900","8.900","8.900","8.900","1.00K","1.14%"
"02/10/2023","8.800","8.800","8.800","8.800","1.10K","-1.68%"
"22/09/2023","8.950","8.800","8.950","8.800","1.01K","1.70%"
"21/09/2023","8.800","8.800","8.800","8.800","0.70K","-1.68%"
"20/09/2023","8.950","9.600","9.600","8.700","19.63K","-8.67%"
"18/09/2023","9.800","10.000","10.000","9.800","1.08K","2.08%"
"15/09/2023","9.600","9.600","9.600","9.600","1.11K","0.00%"
"14/09/2023","9.600","9.650","9.650","9.200","3.17K","-4.00%"
"12/09/2023","10.000","10.000","10.000","10.000","2.05K","0.00%"
"04/09/2023","10.000","10.000","10.000","10.000","0.45K","0.00%"
"01/09/2023","10.000","9.800","10.000","9.650","1.86K","0.00%"
"31/08/2023","10.000","9.700","10.000","9.700","2.10K","0.50%"
"25/08/2023","9.950","9.600","9.950","9.600","0.81K","3.65%"
"23/08/2023","9.600","9.600","9.600","9.600","0.90K","-4.00%"
"17/08/2023","10.000","10.000","10.000","10.000","0.02K","4.17%"
"16/08/2023","9.600","9.600","9.600","9.600","2.72K","0.00%"
"09/08/2023","9.600","9.400","9.600","9.350","1.85K","0.00%"
"08/08/2023","9.600","9.400","9.600","9.400","0.28K","0.00%"
"04/08/2023","9.600","9.400","9.600","9.400","0.04K","0.00%"
"03/08/2023","9.600","9.400","9.600","9.400","0.55K","0.00%"
"02/08/2023","9.600","9.250","9.600","9.250","0.48K","0.00%"
"01/08/2023","9.600","9.750","9.750","9.600","1.23K","-3.03%"
"31/07/2023","9.900","9.900","9.900","9.900","1.00K","-1.00%"
"26/07/2023","10.000","10.000","10.000","10.000","0.10K","0.00%"
"25/07/2023","10.000","9.850","10.000","9.850","1.17K","1.52%"
"24/07/2023","9.850","9.850","9.850","9.850","0.11K","0.00%"
"21/07/2023","9.850","9.700","9.850","9.700","0.41K","1.03%"
"19/07/2023","9.750","9.750","9.750","9.750","0.19K","0.52%"
"18/07/2023","9.700","9.700","9.700","9.700","0.10K","0.00%"
"17/07/2023","9.700","9.750","9.750","9.700","0.98K","0.00%"
"11/07/2023","9.700","9.700","9.700","9.700","0.34K","0.00%"
"10/07/2023","9.700","9.700","9.700","9.700","0.10K","0.00%"
"05/07/2023","9.700","9.750","9.750","9.700","1.59K","0.00%"
"04/07/2023","9.700","9.700","10.000","9.700","1.90K","-0.51%"
"03/07/2023","9.750","9.750","9.750","9.750","1.00K","-2.50%"
"30/06/2023","10.000","9.950","10.000","9.950","2.22K","0.50%"
"29/06/2023","9.950","9.600","9.950","9.600","1.67K","2.58%"
"27/06/2023","9.700","9.700","9.700","9.700","0.10K","0.00%"
"23/06/2023","9.700","9.700","9.700","9.300","0.24K","0.00%"
"22/06/2023","9.700","9.600","9.700","9.300","0.18K","2.11%"
"21/06/2023","9.500","9.300","9.500","9.300","2.48K","2.15%"
"20/06/2023","9.300","8.900","9.300","8.900","1.51K","4.49%"
"19/06/2023","8.900","8.900","8.900","8.900","0.45K","0.00%"
"16/06/2023","8.900","8.800","8.900","8.300","4.38K","-2.20%"
"15/06/2023","9.100","9.300","9.500","8.900","5.53K","1.11%"
"14/06/2023","9.000","8.600","9.000","8.600","3.96K","2.27%"
"13/06/2023","8.800","8.600","8.800","8.600","1.71K","0.00%"
"09/06/2023","8.800","8.800","8.800","8.500","0.64K","3.53%"
"07/06/2023","8.500","8.500","8.500","8.500","0.65K","-4.49%"
"06/06/2023","8.900","8.600","8.900","8.600","0.90K","0.00%"
"02/06/2023","8.900","8.600","8.900","8.600","1.72K","0.00%"
"01/06/2023","8.900","8.700","8.900","8.700","1.42K","2.30%"
"31/05/2023","8.700","8.600","8.700","8.600","1.30K","1.16%"
"30/05/2023","8.600","8.600","8.600","8.600","1.90K","-1.15%"
"29/05/2023","8.700","8.400","8.700","8.400","1.73K","3.57%"
"23/05/2023","8.400","8.350","8.400","8.300","1.37K","0.00%"
"22/05/2023","8.400","8.300","8.500","8.250","4.23K","-1.18%"
"19/05/2023","8.500","8.400","8.550","8.300","5.84K","1.19%"
"18/05/2023","8.400","8.350","8.400","8.350","0.60K","0.00%"
"16/05/2023","8.400","8.300","8.400","8.300","0.31K","0.00%"
"09/05/2023","8.400","8.250","8.400","8.250","0.96K","1.20%"
"08/05/2023","8.300","8.300","8.300","8.300","0.05K","-1.19%"
"05/05/2023","8.400","8.400","8.400","8.400","0.27K","0.00%"
"04/05/2023","8.400","8.200","8.400","8.200","1.23K","0.00%"
"28/04/2023","8.400","8.400","8.400","8.400","2.32K","0.00%"
"27/04/2023","8.400","8.200","8.400","8.200","0.53K","0.00%"
"26/04/2023","8.400","8.350","8.400","8.350","1.00K","0.00%"
"25/04/2023","8.400","8.000","8.400","8.000","0.18K","2.44%"
"24/04/2023","8.200","8.200","8.200","8.200","2.60K","-2.38%"
"21/04/2023","8.400","8.400","8.400","8.400","0.98K","0.00%"
"20/04/2023","8.400","8.400","8.400","8.400","1.83K","-1.18%"
"19/04/2023","8.500","8.500","8.700","8.500","2.47K","0.00%"
"18/04/2023","8.500","8.500","8.500","8.500","0.50K","0.00%"
"13/04/2023","8.500","8.500","8.500","8.500","0.15K","-2.30%"
"12/04/2023","8.700","8.600","8.700","8.500","1.12K","1.16%"
"11/04/2023","8.600","8.550","8.600","8.550","0.49K","0.58%"
"06/04/2023","8.550","8.700","8.700","8.550","4.92K","-1.72%"
"05/04/2023","8.700","8.450","8.700","8.450","0.66K","1.75%"
"04/04/2023","8.550","8.550","8.550","8.550","1.19K","-1.72%"
"30/03/2023","8.700","8.700","8.700","8.700","0.02K","1.16%"
"29/03/2023","8.600","8.500","8.600","8.500","0.31K","-1.15%"
"28/03/2023","8.700","8.500","8.700","8.500","0.61K","0.00%"
"22/03/2023","8.700","8.700","8.700","8.700","2.39K","0.00%"
"21/03/2023","8.700","8.450","8.700","8.450","0.32K","0.00%"
"20/03/2023","8.700","8.550","8.700","8.450","0.41K","0.00%"
"17/03/2023","8.700","8.700","8.700","8.700","5.50K","0.00%"
"16/03/2023","8.700","8.700","8.700","8.550","0.69K","0.58%"
"15/03/2023","8.650","8.400","8.650","8.400","0.52K","0.00%"
"14/03/2023","8.650","8.500","8.650","8.400","0.26K","0.58%"
"13/03/2023","8.600","8.500","8.600","8.500","0.30K","-1.15%"
"10/03/2023","8.700","8.500","8.800","8.500","0.79K","2.35%"
"09/03/2023","8.500","8.450","8.500","8.400","3.33K","-3.41%"
"08/03/2023","8.800","8.750","8.800","8.350","2.70K","0.00%"
"06/03/2023","8.800","8.800","8.800","8.800","0.06K","0.00%"
"03/03/2023","8.800","8.800","8.800","8.800","0.15K","0.00%"
"02/03/2023","8.800","8.400","8.800","8.400","0.21K","0.00%"
"01/03/2023","8.800","8.400","8.800","8.400","0.02K","0.00%"
"27/02/2023","8.800","8.400","8.800","8.400","0.35K","0.00%"
"23/02/2023","8.800","8.650","8.800","8.650","0.07K","0.00%"
"22/02/2023","8.800","8.800","8.800","8.800","0.00K","1.73%"
"21/02/2023","8.650","8.400","8.650","8.400","6.44K","2.98%"
"16/02/2023","8.400","8.400","8.400","8.300","2.87K","-1.75%"
"15/02/2023","8.550","8.400","8.550","8.400","3.82K","1.79%"
"14/02/2023","8.400","8.400","8.550","8.400","2.42K","1.82%"
"13/02/2023","8.250","8.400","8.400","8.250","0.56K","-1.79%"
"10/02/2023","8.400","8.200","8.400","8.200","0.01K","0.00%"
"09/02/2023","8.400","8.400","8.400","8.400","0.00K","3.70%"
"08/02/2023","8.100","8.100","8.100","8.100","0.18K","1.25%"
"07/02/2023","8.000","8.400","8.400","8.000","0.16K","0.00%"
"06/02/2023","8.000","8.400","8.400","8.000","1.61K","-3.61%"
"03/02/2023","8.300","8.350","8.350","8.000","4.40K","-4.60%"
"02/02/2023","8.700","8.400","8.700","8.400","0.35K","0.00%"
"01/02/2023","8.700","8.400","8.700","8.400","1.82K","0.00%"
"31/01/2023","8.700","9.000","9.000","8.650","1.63K","0.00%"
"30/01/2023","8.700","8.700","8.700","8.700","0.10K","-0.57%"
"27/01/2023","8.750","8.350","9.000","8.350","1.37K","2.94%"
"26/01/2023","8.500","8.500","8.500","8.500","0.06K","1.19%"
"24/01/2023","8.400","8.650","8.700","8.400","4.03K","-0.59%"
"23/01/2023","8.450","8.200","9.000","8.200","2.47K","3.05%"
"19/01/2023","8.200","8.000","8.200","8.000","0.50K","2.50%"
"18/01/2023","8.000","8.100","8.200","8.000","0.21K","0.00%"
"17/01/2023","8.000","8.000","8.000","8.000","0.06K","0.00%"
"16/01/2023","8.000","8.400","8.400","8.000","1.25K","-1.23%"
"13/01/2023","8.100","8.400","8.400","8.100","1.33K","-3.57%"
"12/01/2023","8.400","8.400","8.400","8.400","0.01K","0.00%"
"11/01/2023","8.400","7.900","9.200","7.900","13.24K","6.33%"
"10/01/2023","7.900","7.800","7.900","7.800","1.60K","1.28%"
"05/01/2023","7.800","7.800","7.900","7.800","1.26K","4.00%"
"04/01/2023","7.500","7.500","7.500","7.500","1.58K","2.04%"
"03/01/2023","7.350","7.350","7.350","7.350","1.00K","2.08%"
"02/01/2023","7.200","7.700","7.800","7.000","9.22K","1.41%"
"30/12/2022","7.100","7.200","7.200","7.100","1.18K","-1.39%"
"29/12/2022","7.200","7.200","7.200","7.200","0.00K","2.13%"
"28/12/2022","7.050","7.050","7.050","7.050","0.01K","-2.08%"
"27/12/2022","7.200","7.200","7.200","7.000","3.33K","2.86%"
"23/12/2022","7.000","7.100","7.100","6.750","6.83K","-1.41%"
"22/12/2022","7.100","7.100","7.100","7.100","0.17K","0.00%"
"20/12/2022","7.100","7.100","7.100","7.100","0.45K","0.00%"
"19/12/2022","7.100","7.100","7.100","7.100","0.01K","-2.74%"
"16/12/2022","7.300","7.050","7.300","7.050","1.90K","3.55%"
"15/12/2022","7.050","7.050","7.150","7.050","3.85K","0.71%"
"14/12/2022","7.000","7.000","7.000","7.000","2.24K","0.00%"
"13/12/2022","7.000","7.100","7.100","7.000","2.65K","-4.11%"
"12/12/2022","7.300","7.100","7.300","7.100","1.16K","7.35%"
"07/12/2022","6.800","7.100","7.100","6.800","0.07K","0.00%"
"06/12/2022","6.800","6.800","6.800","6.300","9.60K","0.00%"
"05/12/2022","6.800","6.600","7.250","6.450","5.64K","3.03%"
"02/12/2022","6.600","6.700","6.800","6.600","1.84K","-2.94%"
"01/12/2022","6.800","6.750","6.800","6.750","0.47K","3.03%"
"29/11/2022","6.600","6.800","6.800","6.600","0.01K","0.00%"
"28/11/2022","6.600","6.750","6.750","6.600","3.84K","0.00%"
"25/11/2022","6.600","6.600","6.600","6.600","1.35K","0.00%"
"24/11/2022","6.600","6.600","6.600","6.600","0.01K","2.33%"
"23/11/2022","6.450","6.450","6.450","6.450","0.00K","-2.27%"
"22/11/2022","6.600","6.850","6.850","6.300","2.65K","-2.94%"
"21/11/2022","6.800","6.450","6.800","6.450","4.59K","9.68%"
"18/11/2022","6.200","6.200","6.450","6.200","1.13K","-3.13%"
"17/11/2022","6.400","6.000","6.400","5.900","7.15K","6.67%"
"16/11/2022","6.000","5.900","6.400","5.900","8.94K","4.35%"
"15/11/2022","5.750","5.650","5.900","5.650","2.16K","5.50%"
"14/11/2022","5.450","5.250","5.450","5.250","2.15K","0.93%"
"10/11/2022","5.400","5.250","5.400","5.250","3.85K","-1.82%"
"09/11/2022","5.500","5.700","5.700","5.500","2.90K","-1.79%"
"08/11/2022","5.600","5.650","5.650","5.600","0.68K","-0.88%"
"07/11/2022","5.650","5.900","5.900","5.650","3.17K","-4.24%"
"04/11/2022","5.900","5.700","5.900","5.700","3.79K","3.51%"
"03/11/2022","5.700","5.400","5.700","5.400","9.02K","2.70%"
"02/11/2022","5.550","5.400","5.550","5.200","5.37K","3.74%"
"31/10/2022","5.350","5.100","5.350","5.100","3.88K","1.90%"
"28/10/2022","5.250","5.000","5.250","5.000","0.51K","0.00%"
"27/10/2022","5.250","5.000","5.250","5.000","4.21K","0.00%"
"25/10/2022","5.250","5.300","5.300","5.200","1.52K","-2.78%"
"24/10/2022","5.400","5.250","5.400","5.200","4.19K","2.86%"
"21/10/2022","5.250","5.000","5.250","5.000","1.41K","5.00%"
"20/10/2022","5.000","5.000","5.100","5.000","6.64K","-2.91%"
"19/10/2022","5.150","5.000","5.150","5.000","3.08K","-1.90%"
"18/10/2022","5.250","4.780","5.250","4.720","5.34K","7.14%"
"17/10/2022","4.900","4.720","4.900","4.700","4.01K","0.41%"
"14/10/2022","4.880","4.700","4.880","4.700","5.58K","1.67%"
"13/10/2022","4.800","4.860","4.900","4.700","18.34K","-2.04%"
"12/10/2022","4.900","4.500","4.900","4.500","4.15K","10.86%"
"11/10/2022","4.420","4.420","4.420","4.420","1.44K","0.00%"
"10/10/2022","4.420","4.500","4.700","4.300","7.70K","-1.78%"
"07/10/2022","4.500","4.280","4.500","4.280","8.66K","5.14%"
"06/10/2022","4.280","4.280","4.280","4.280","0.01K","-0.47%"
"05/10/2022","4.300","4.500","4.500","4.300","4.60K","-4.44%"
"04/10/2022","4.500","4.100","4.500","4.100","5.60K","4.65%"
"03/10/2022","4.300","4.100","4.440","4.100","8.22K","0.00%"
"30/09/2022","4.300","4.100","4.500","4.100","6.44K","2.38%"
"29/09/2022","4.200","4.400","4.700","4.200","10.88K","-4.55%"
"28/09/2022","4.400","4.700","4.700","4.400","5.61K","-5.17%"
"27/09/2022","4.640","4.220","4.640","4.220","36.55K","14.85%"
"26/09/2022","4.040","4.120","4.120","4.040","4.08K","-6.05%"
"22/09/2022","4.300","4.500","4.500","4.300","2.64K","-4.44%"
"21/09/2022","4.500","4.500","4.500","4.500","0.50K","0.00%"
"20/09/2022","4.500","4.680","4.680","4.500","2.50K","-3.85%"
"19/09/2022","4.680","4.500","4.680","4.500","3.81K","-2.50%"
"16/09/2022","4.800","4.480","4.800","4.480","5.32K","7.14%"
"15/09/2022","4.480","4.500","4.500","4.320","0.54K","-0.44%"
"14/09/2022","4.500","4.500","4.500","4.300","1.20K","0.00%"
"08/09/2022","4.500","4.300","4.500","4.300","3.61K","0.00%"
"07/09/2022","4.500","4.500","4.500","4.500","0.51K","0.00%"
"06/09/2022","4.500","4.300","4.500","4.300","3.62K","0.00%"
"05/09/2022","4.500","4.300","4.500","4.300","1.81K","0.00%"
"01/09/2022","4.500","4.300","4.500","4.300","1.61K","0.00%"
"31/08/2022","4.500","4.400","4.500","4.300","2.38K","0.00%"
"30/08/2022","4.500","4.400","4.500","4.400","0.53K","0.00%"
"24/08/2022","4.500","4.500","4.500","4.400","1.32K","0.00%"
"23/08/2022","4.500","4.300","4.500","4.300","2.64K","0.00%"
"22/08/2022","4.500","4.700","4.700","4.400","3.61K","-3.85%"
"19/08/2022","4.680","4.680","4.680","4.500","1.59K","4.00%"
"18/08/2022","4.500","4.300","4.700","4.300","10.21K","3.21%"
"17/08/2022","4.360","5.000","5.000","4.360","22.73K","-4.80%"
"16/08/2022","4.580","3.700","4.580","3.700","27.23K","25.14%"
"12/08/2022","3.660","3.680","3.680","3.580","6.36K","-0.54%"
"11/08/2022","3.680","3.560","3.680","3.560","1.01K","-0.54%"
"10/08/2022","3.700","3.560","3.700","3.560","0.98K","-0.54%"
"08/08/2022","3.720","3.560","3.720","3.560","6.00K","4.49%"
"03/08/2022","3.560","3.560","3.560","3.560","2.90K","-3.26%"
"29/07/2022","3.680","3.680","3.680","3.680","0.20K","-1.08%"
"27/07/2022","3.720","3.700","3.720","3.560","6.29K","-0.53%"
"26/07/2022","3.740","3.700","3.740","3.700","3.08K","-0.53%"
"25/07/2022","3.760","3.700","3.860","3.700","4.87K","1.62%"
"22/07/2022","3.700","3.520","3.880","3.520","21.19K","4.52%"
"21/07/2022","3.540","3.520","3.540","3.480","4.11K","-3.28%"
"18/07/2022","3.660","3.660","3.660","3.660","0.02K","0.00%"
"15/07/2022","3.660","3.560","3.680","3.560","5.37K","2.81%"
"13/07/2022","3.560","3.700","3.800","3.560","5.86K","-6.32%"
"12/07/2022","3.800","3.700","3.800","3.700","3.65K","2.70%"
"11/07/2022","3.700","3.560","3.700","3.560","1.00K","0.00%"
"08/07/2022","3.700","3.580","3.700","3.560","7.19K","3.35%"
"07/07/2022","3.580","3.580","3.580","3.480","0.76K","0.00%"
"06/07/2022","3.580","3.580","3.580","3.460","0.02K","0.00%"
"05/07/2022","3.580","3.500","3.600","3.460","7.06K","-0.56%"
"04/07/2022","3.600","3.460","3.600","3.460","5.25K","3.45%"
"01/07/2022","3.480","3.620","3.680","3.460","7.16K","-8.42%"
"30/06/2022","3.800","3.800","3.800","3.660","4.45K","0.00%"
"29/06/2022","3.800","3.720","3.800","3.660","2.58K","2.15%"
"28/06/2022","3.720","3.720","3.720","3.680","2.64K","0.00%"
"27/06/2022","3.720","3.700","3.720","3.680","2.78K","0.54%"
"24/06/2022","3.700","3.660","3.700","3.660","2.80K","1.09%"
"23/06/2022","3.660","3.660","3.660","3.660","0.20K","0.00%"
"22/06/2022","3.660","3.600","3.660","3.520","3.17K","-1.61%"
"21/06/2022","3.720","3.640","3.720","3.460","5.55K","0.00%"
"20/06/2022","3.720","3.720","3.720","3.720","0.00K","0.00%"
"17/06/2022","3.720","3.640","3.720","3.640","0.20K","2.20%"
"15/06/2022","3.640","3.660","3.720","3.620","5.11K","-8.54%"
"14/06/2022","3.980","3.820","3.980","3.640","2.00K","-0.50%"
"13/06/2022","4.000","3.900","4.000","3.900","0.91K","0.00%"
"09/06/2022","4.000","4.000","4.000","3.900","1.34K","-3.85%"
"08/06/2022","4.160","4.160","4.160","4.160","0.01K","-0.48%"
"07/06/2022","4.180","4.180","4.180","4.180","0.10K","0.00%"
"03/06/2022","4.180","4.000","4.180","4.000","3.33K","0.00%"
"02/06/2022","4.180","4.000","4.180","4.000","0.00K","0.48%"
"31/05/2022","4.160","4.060","4.160","4.000","1.20K","-0.48%"
"30/05/2022","4.180","4.180","4.180","4.180","0.04K","0.00%"
"27/05/2022","4.180","4.000","4.180","4.000","0.44K","0.00%"
"26/05/2022","4.180","4.200","4.200","4.000","2.41K","-1.88%"
"25/05/2022","4.260","4.260","4.260","4.260","0.01K","0.00%"
"24/05/2022","4.260","4.380","4.400","4.200","1.54K","-4.91%"
"23/05/2022","4.480","4.160","4.480","3.980","10.26K","3.70%"
"20/05/2022","4.320","4.120","4.340","4.040","11.40K","4.85%"
"19/05/2022","4.120","4.720","4.720","4.120","32.55K","-14.17%"
"18/05/2022","4.800","4.800","4.800","4.800","7.70K","-4.00%"
"17/05/2022","5.000","5.200","5.200","5.000","3.32K","-3.85%"
"16/05/2022","5.200","5.200","5.200","5.000","5.72K","4.42%"
"13/05/2022","4.980","4.840","4.980","4.820","5.69K","0.00%"
"12/05/2022","4.980","4.820","4.980","4.820","2.30K","0.00%"
"11/05/2022","4.980","4.820","4.980","4.800","1.55K","3.32%"
"10/05/2022","4.820","5.000","5.000","4.800","3.09K","0.42%"
"09/05/2022","4.800","4.800","4.800","4.800","0.40K","-4.00%"
"06/05/2022","5.000","5.100","5.100","4.900","3.26K","-5.66%"
"04/05/2022","5.300","5.300","5.700","5.250","12.81K","0.95%"
"02/05/2022","5.250","5.300","5.300","5.250","1.57K","-0.94%"
"29/04/2022","5.300","5.300","5.300","5.300","0.01K","0.00%"
"28/04/2022","5.300","5.400","5.400","5.150","6.61K","-3.64%"
"27/04/2022","5.500","5.100","5.500","5.100","1.74K","3.77%"
"26/04/2022","5.300","5.250","5.300","5.100","12.22K","0.00%"
"25/04/2022","5.300","5.500","5.500","5.150","2.79K","-3.64%"
"20/04/2022","5.500","5.500","5.500","5.350","0.64K","0.00%"
"19/04/2022","5.500","5.650","5.650","5.350","3.22K","-4.35%"
"14/04/2022","5.750","5.600","5.750","5.550","3.26K","0.00%"
"13/04/2022","5.750","5.750","5.750","5.750","0.73K","0.00%"
"12/04/2022","5.750","5.750","5.750","5.750","0.01K","2.68%"
"11/04/2022","5.600","5.600","5.600","5.600","0.13K","-2.61%"
"08/04/2022","5.750","5.750","5.800","5.700","1.24K","-0.86%"
"06/04/2022","5.800","5.800","5.800","5.650","1.49K","-2.52%"
"04/04/2022","5.950","5.950","5.950","5.950","0.07K","-0.83%"
"01/04/2022","6.000","5.800","6.000","5.800","5.63K","3.45%"
"31/03/2022","5.800","5.700","5.800","5.600","2.26K","0.00%"
"30/03/2022","5.800","5.650","5.800","5.650","0.59K","0.87%"
"29/03/2022","5.750","5.800","5.800","5.650","0.29K","-0.86%"
"28/03/2022","5.800","5.550","5.800","5.550","1.00K","0.00%"
"24/03/2022","5.800","5.550","5.800","5.550","1.16K","0.00%"
"23/03/2022","5.800","5.850","5.950","5.550","2.51K","-2.52%"
"22/03/2022","5.950","5.900","5.950","5.900","0.13K","-0.83%"
"18/03/2022","6.000","5.850","6.000","5.850","1.60K","2.56%"
"17/03/2022","5.850","5.850","5.850","5.800","0.51K","0.86%"
"16/03/2022","5.800","5.800","5.850","5.700","1.11K","0.00%"
"15/03/2022","5.800","5.350","5.800","5.250","25.69K","16.00%"
"14/03/2022","5.000","4.700","5.100","4.700","4.44K","2.04%"
"11/03/2022","4.900","4.900","4.900","4.900","0.01K","0.00%"
"10/03/2022","4.900","4.900","4.900","4.900","0.28K","-2.00%"
"09/03/2022","5.000","4.900","5.000","4.700","3.00K","2.04%"
"08/03/2022","4.900","4.600","5.000","4.600","7.93K","6.52%"
"07/03/2022","4.600","4.600","4.600","4.160","18.20K","-2.13%"
"04/03/2022","4.700","4.820","5.000","4.600","8.93K","-4.08%"
"03/03/2022","4.900","4.900","4.900","4.900","0.12K","1.24%"
"02/03/2022","4.840","4.880","4.880","4.820","2.54K","-3.20%"
"01/03/2022","5.000","5.000","5.000","4.880","4.85K","0.40%"
"25/02/2022","4.980","4.980","4.980","4.880","0.35K","-0.40%"
"24/02/2022","5.000","5.000","5.200","4.720","13.00K","-6.54%"
"23/02/2022","5.350","5.350","5.350","5.350","1.50K","-2.73%"
"21/02/2022","5.500","5.600","5.600","5.500","1.33K","-5.17%"
"17/02/2022","5.800","5.600","5.800","5.600","1.33K","0.00%"
"14/02/2022","5.800","5.650","5.800","5.650","3.12K","-0.85%"
"11/02/2022","5.850","5.750","5.850","5.750","1.00K","0.00%"
"10/02/2022","5.850","5.600","5.850","5.600","1.91K","4.46%"
"09/02/2022","5.600","5.750","5.800","5.600","1.20K","-4.27%"
"07/02/2022","5.850","5.750","5.850","5.750","5.10K","0.86%"
"04/02/2022","5.800","5.600","5.800","5.600","3.03K","0.87%"
"03/02/2022","5.750","5.750","5.750","5.600","0.32K","2.68%"
"02/02/2022","5.600","5.600","5.750","5.550","2.41K","-0.88%"
"01/02/2022","5.650","5.500","5.650","5.500","2.50K","2.73%"
"31/01/2022","5.500","5.250","5.500","5.200","5.06K","4.76%"
"28/01/2022","5.250","5.250","5.250","5.250","1.00K","-3.67%"
"26/01/2022","5.450","5.200","5.500","5.200","3.34K","4.81%"
"25/01/2022","5.200","5.100","5.200","5.100","1.21K","0.00%"
"24/01/2022","5.200","5.650","5.650","5.100","15.29K","-7.96%"
"21/01/2022","5.650","5.900","5.900","5.650","9.16K","-5.83%"
"20/01/2022","6.000","6.100","6.200","6.000","4.45K","0.00%"
"19/01/2022","6.000","6.000","6.000","6.000","1.55K","0.00%"
"18/01/2022","6.000","6.000","6.000","6.000","3.90K","0.00%"
"17/01/2022","6.000","6.000","6.000","6.000","0.53K","0.00%"
"14/01/2022","6.000","6.000","6.000","5.900","1.19K","0.84%"
"13/01/2022","5.950","6.000","6.000","5.950","0.27K","0.85%"
"12/01/2022","5.900","5.900","5.900","5.900","0.01K","-1.67%"
"11/01/2022","6.000","6.100","6.100","6.000","5.62K","0.00%"
"07/01/2022","6.000","6.250","6.250","6.000","9.17K","-4.00%"
"05/01/2022","6.250","6.250","6.250","6.250","1.30K","0.00%"
"04/01/2022","6.250","6.450","6.450","6.250","0.14K","-3.10%"
"03/01/2022","6.450","6.000","6.450","6.000","2.73K","4.03%"
"30/12/2021","6.200","6.050","6.200","5.950","4.16K","2.48%"
"29/12/2021","6.050","6.050","6.050","6.050","0.33K","0.00%"
"28/12/2021","6.050","6.200","6.200","5.900","4.31K","-2.42%"
"27/12/2021","6.200","6.050","6.200","6.000","0.65K","0.00%"
"23/12/2021","6.200","6.250","6.300","6.050","1.46K","-0.80%"
"22/12/2021","6.250","6.050","6.250","6.050","0.23K","0.00%"
"21/12/2021","6.250","6.150","6.250","5.950","18.81K","2.46%"
"16/12/2021","6.100","6.100","6.100","6.100","0.20K","0.83%"
"15/12/2021","6.050","6.100","6.300","6.000","7.06K","-0.82%"
"14/12/2021","6.100","6.250","6.250","6.100","1.87K","-3.17%"
"13/12/2021","6.300","6.300","6.300","6.300","3.20K","0.00%"
"10/12/2021","6.300","6.600","6.600","6.300","7.55K","-4.55%"
"09/12/2021","6.600","6.700","6.800","6.600","6.17K","-4.35%"
"08/12/2021","6.900","6.700","6.900","6.700","1.99K","4.55%"
"06/12/2021","6.600","6.600","6.600","6.600","0.30K","-1.49%"
"03/12/2021","6.700","6.500","6.700","6.500","1.00K","3.08%"
"02/12/2021","6.500","6.500","6.500","6.500","3.01K","-2.99%"
"01/12/2021","6.700","6.700","6.700","6.700","0.01K","3.08%"
"29/11/2021","6.500","6.500","6.700","6.500","2.39K","0.78%"
"26/11/2021","6.450","6.500","6.500","6.400","2.45K","-0.77%"
"25/11/2021","6.500","6.600","6.700","6.500","15.47K","-2.99%"
"24/11/2021","6.700","6.700","6.700","6.600","1.32K","3.08%"
"23/11/2021","6.500","6.400","6.500","6.400","4.83K","0.00%"
"22/11/2021","6.500","6.700","6.700","6.500","2.70K","-2.99%"
"19/11/2021","6.700","6.700","6.900","6.700","4.72K","-1.47%"
"18/11/2021","6.800","6.950","6.950","6.800","3.10K","-2.86%"
"17/11/2021","7.000","7.000","7.000","7.000","2.80K","-1.41%"
"12/11/2021","7.100","7.100","7.100","7.100","1.70K","-0.70%"
"10/11/2021","7.150","7.200","7.200","7.150","1.60K","-0.69%"
"09/11/2021","7.200","7.200","7.200","7.200","0.03K","0.00%"
"08/11/2021","7.200","7.250","7.250","7.200","21.31K","-2.04%"
"05/11/2021","7.350","7.300","7.350","7.000","19.89K","3.52%"
"04/11/2021","7.100","6.850","7.100","6.850","4.86K","3.65%"
"03/11/2021","6.850","6.850","6.850","6.850","0.52K","0.00%"
"02/11/2021","6.850","6.800","6.850","6.700","1.43K","1.48%"
"29/10/2021","6.750","6.650","6.750","6.650","1.32K","-0.74%"
"28/10/2021","6.800","6.800","6.800","6.750","1.04K","0.00%"
"26/10/2021","6.800","6.800","6.800","6.800","0.30K","2.26%"
"25/10/2021","6.650","6.650","6.650","6.650","1.10K","0.00%"
"21/10/2021","6.650","6.800","6.850","6.650","3.05K","-0.75%"
"20/10/2021","6.700","6.700","6.700","6.700","0.16K","0.00%"
"19/10/2021","6.700","6.600","6.700","6.600","2.03K","1.52%"
"18/10/2021","6.600","6.600","6.600","6.600","0.96K","0.00%"
"15/10/2021","6.600","6.550","6.650","6.550","9.86K","2.33%"
"14/10/2021","6.450","6.400","6.600","6.400","0.75K","-2.27%"
"13/10/2021","6.600","6.500","6.600","6.500","0.43K","1.54%"
"12/10/2021","6.500","6.850","6.850","6.300","35.41K","-6.47%"
"11/10/2021","6.950","6.950","7.000","6.950","8.83K","2.21%"
"07/10/2021","6.800","6.750","6.800","6.750","10.35K","1.49%"
"06/10/2021","6.700","6.700","6.700","6.700","2.00K","0.75%"
"05/10/2021","6.650","6.650","6.700","6.650","1.32K","0.00%"
"04/10/2021","6.650","6.800","6.800","6.650","2.22K","-2.21%"
"01/10/2021","6.800","6.800","6.800","6.800","0.53K","0.00%"
"30/09/2021","6.800","6.800","6.800","6.600","0.43K","0.00%"
"29/09/2021","6.800","6.700","6.800","6.550","0.67K","0.74%"
"28/09/2021","6.750","6.800","6.800","6.700","1.50K","1.50%"
"27/09/2021","6.650","7.350","7.350","6.650","21.47K","-6.99%"
"24/09/2021","7.150","7.300","7.400","7.150","7.27K","-0.69%"
"23/09/2021","7.200","7.400","7.550","7.200","27.70K","7.46%"
"22/09/2021","6.700","6.800","6.800","6.700","4.40K","-4.96%"
"21/09/2021","7.050","6.800","7.050","6.800","0.31K","3.68%"
"20/09/2021","6.800","6.900","6.900","6.800","3.56K","-1.45%"
"17/09/2021","6.900","6.800","6.900","6.800","2.63K","1.47%"
"16/09/2021","6.800","6.800","6.800","6.800","0.01K","-3.55%"
"15/09/2021","7.050","6.600","7.050","6.600","9.47K","5.22%"
"14/09/2021","6.700","6.700","6.700","6.700","0.40K","0.00%"
"13/09/2021","6.700","6.600","6.700","6.600","2.80K","1.52%"
"09/09/2021","6.600","6.600","6.600","6.600","0.56K","0.00%"
"08/09/2021","6.600","6.600","6.700","6.600","1.12K","-1.49%"
"06/09/2021","6.700","6.550","6.700","6.400","3.04K","0.00%"
"02/09/2021","6.700","6.500","6.700","6.450","1.58K","0.00%"
"01/09/2021","6.700","6.700","6.700","6.600","2.36K","-1.47%"
"31/08/2021","6.800","6.500","6.800","6.500","1.40K","4.62%"
"30/08/2021","6.500","6.700","6.700","6.300","12.39K","-4.41%"
"27/08/2021","6.800","6.800","6.800","6.800","0.33K","0.00%"
"26/08/2021","6.800","6.800","6.800","6.700","1.25K","0.00%"
"25/08/2021","6.800","6.700","6.800","6.700","3.15K","0.00%"
"23/08/2021","6.800","6.700","6.800","6.700","4.10K","0.00%"
"20/08/2021","6.800","6.700","6.800","6.700","0.15K","0.00%"
"19/08/2021","6.800","6.800","6.900","6.700","4.95K","-1.45%"
"18/08/2021","6.900","6.800","6.900","6.800","0.45K","0.00%"
"16/08/2021","6.900","6.900","6.900","6.850","1.89K","0.00%"
"13/08/2021","6.900","6.900","6.900","6.800","3.20K","-1.43%"
"12/08/2021","7.000","7.000","7.000","6.850","1.75K","-1.41%"
"11/08/2021","7.100","7.000","7.100","7.000","0.86K","0.00%"
"10/08/2021","7.100","6.900","7.100","6.900","1.64K","1.43%"
"06/08/2021","7.000","6.850","7.000","6.850","0.46K","0.00%"
"05/08/2021","7.000","6.850","7.000","6.850","0.18K","1.45%"
"04/08/2021","6.900","7.000","7.000","6.800","5.72K","-1.43%"
"03/08/2021","7.000","7.000","7.000","7.000","1.34K","-1.41%"
"02/08/2021","7.100","7.000","7.100","6.900","3.30K","1.43%"
"30/07/2021","7.000","6.900","7.000","6.900","0.95K","0.00%"
"29/07/2021","7.000","7.100","7.100","7.000","4.55K","-3.45%"
"28/07/2021","7.250","7.200","7.250","7.100","4.78K","-2.03%"
"22/07/2021","7.400","7.150","7.400","7.150","4.63K","0.00%"
"21/07/2021","7.400","7.400","7.400","7.400","0.30K","2.78%"
"20/07/2021","7.200","7.200","7.200","7.200","0.33K","-2.70%"
"19/07/2021","7.400","7.450","7.450","7.150","2.41K","-3.27%"
"16/07/2021","7.650","7.500","7.650","7.500","0.20K","0.00%"
"14/07/2021","7.650","7.500","7.650","7.500","0.71K","0.00%"
"13/07/2021","7.650","7.650","7.650","7.550","1.23K","0.00%"
"12/07/2021","7.650","7.550","7.650","7.500","1.18K","0.00%"
"08/07/2021","7.650","7.600","7.650","7.600","6.92K","-1.29%"
"07/07/2021","7.750","7.750","7.750","7.650","7.68K","-1.27%"
"06/07/2021","7.850","7.950","7.950","7.700","11.08K","-0.63%"
"05/07/2021","7.900","7.650","7.900","7.650","1.04K","0.64%"
"02/07/2021","7.850","7.850","7.850","7.850","0.35K","0.64%"
"01/07/2021","7.800","7.800","7.850","7.800","1.68K","-0.64%"
"30/06/2021","7.850","7.900","7.900","7.850","0.63K","-0.63%"
"29/06/2021","7.900","7.900","7.900","7.600","2.17K","0.64%"
"28/06/2021","7.850","7.850","7.850","7.600","3.22K","1.95%"
"25/06/2021","7.700","7.500","7.700","7.500","10.36K","5.48%"
"24/06/2021","7.300","7.300","7.300","7.200","3.49K","-2.67%"
"23/06/2021","7.500","7.200","7.500","7.200","4.59K","4.90%"
"21/06/2021","7.150","7.200","7.200","7.050","1.24K","-2.05%"
"18/06/2021","7.300","7.300","7.300","7.300","0.22K","0.00%"
"17/06/2021","7.300","7.300","7.300","7.050","2.31K","2.10%"
"16/06/2021","7.150","7.150","7.150","7.150","0.67K","0.00%"
"15/06/2021","7.150","7.250","7.250","7.150","0.60K","0.70%"
"14/06/2021","7.100","7.300","7.300","7.100","0.60K","0.00%"
"11/06/2021","7.100","7.050","7.100","7.050","4.67K","0.00%"
"10/06/2021","7.100","7.100","7.100","7.100","0.53K","0.00%"
"09/06/2021","7.100","7.100","7.250","7.100","1.70K","-2.74%"
"08/06/2021","7.300","7.250","7.300","7.100","1.01K","0.00%"
"07/06/2021","7.300","7.100","7.300","7.100","5.17K","2.82%"
"04/06/2021","7.100","7.100","7.100","7.100","0.45K","-1.39%"
"02/06/2021","7.200","7.200","7.200","7.200","0.00K","0.00%"
"01/06/2021","7.200","7.050","7.200","7.050","2.40K","2.13%"
"31/05/2021","7.050","7.200","7.200","6.500","15.65K","-2.76%"
"28/05/2021","7.250","7.250","7.250","7.100","3.80K","-2.03%"
"27/05/2021","7.400","7.200","7.400","7.200","0.49K","2.78%"
"26/05/2021","7.200","7.300","7.300","7.100","5.44K","-3.36%"
"25/05/2021","7.450","7.450","7.450","7.300","1.40K","0.00%"
"24/05/2021","7.450","7.300","7.450","7.300","1.61K","2.05%"
"21/05/2021","7.300","7.000","7.500","7.000","20.30K","4.29%"
"20/05/2021","7.000","7.000","7.000","7.000","0.25K","0.00%"
"19/05/2021","7.000","6.950","7.000","6.850","6.53K","0.00%"
"18/05/2021","7.000","6.950","7.000","6.900","8.45K","0.72%"
"17/05/2021","6.950","6.900","6.950","6.800","8.46K","0.72%"
"14/05/2021","6.900","6.700","6.900","6.700","2.00K","2.99%"
"13/05/2021","6.700","6.500","6.700","6.500","0.32K","0.75%"
"12/05/2021","6.650","6.700","6.700","6.650","1.77K","2.31%"
"11/05/2021","6.500","6.500","6.500","6.450","2.17K","0.00%"
"10/05/2021","6.500","6.500","6.500","6.400","1.25K","0.00%"
"07/05/2021","6.500","6.450","6.500","6.450","0.21K","0.78%"
"06/05/2021","6.450","6.450","6.450","6.300","0.80K","-0.77%"
"05/05/2021","6.500","6.200","6.500","6.200","1.34K","1.56%"
"04/05/2021","6.400","6.200","6.400","6.200","1.24K","0.00%"
"30/04/2021","6.400","6.400","6.400","6.200","0.25K","0.00%"
"29/04/2021","6.400","6.300","6.500","6.200","1.70K","1.59%"
"28/04/2021","6.300","6.100","6.300","6.100","1.55K","0.00%"
"27/04/2021","6.300","6.300","6.300","6.300","0.66K","0.00%"
"26/04/2021","6.300","6.300","6.300","6.100","2.12K","0.00%"
"23/04/2021","6.300","6.200","6.300","6.100","2.18K","0.00%"
"22/04/2021","6.300","6.250","6.300","6.250","0.73K","0.00%"
"21/04/2021","6.300","6.300","6.300","6.300","0.40K","0.00%"
"20/04/2021","6.300","6.250","6.300","6.250","2.26K","1.61%"
"19/04/2021","6.200","6.400","6.400","6.000","7.35K","-6.06%"
"16/04/2021","6.600","6.500","6.600","6.500","0.62K","0.00%"
"15/04/2021","6.600","6.600","6.700","6.100","48.55K","0.00%"
"14/04/2021","6.600","6.550","6.600","6.400","5.13K","-0.75%"
"13/04/2021","6.650","6.650","6.700","6.550","2.63K","-0.75%"
"12/04/2021","6.700","6.300","6.900","6.300","25.62K","4.69%"
"09/04/2021","6.400","6.400","6.400","6.400","1.50K","0.79%"
"08/04/2021","6.350","6.150","6.350","6.150","0.78K","2.42%"
"07/04/2021","6.200","6.400","6.400","6.050","19.26K","-3.13%"
"06/04/2021","6.400","6.300","6.550","6.300","23.43K","1.59%"
"01/04/2021","6.300","5.800","6.500","5.800","34.57K","8.62%"
"31/03/2021","5.800","5.850","5.850","5.750","2.60K","0.00%"
"30/03/2021","5.800","5.750","5.800","5.750","1.90K","-2.52%"
"29/03/2021","5.950","6.000","6.000","5.750","5.79K","-0.83%"
"26/03/2021","6.000","5.600","6.000","5.500","14.22K","6.19%"
"25/03/2021","5.650","5.000","5.650","5.000","12.59K","9.71%"
"24/03/2021","5.150","4.900","5.150","4.900","3.01K","3.00%"
"23/03/2021","5.000","5.000","5.000","5.000","2.50K","-0.99%"
"22/03/2021","5.050","5.000","5.050","4.920","2.54K","1.00%"
"19/03/2021","5.000","5.100","5.100","4.920","5.48K","-1.96%"
"18/03/2021","5.100","4.900","5.100","4.900","3.83K","4.08%"
"17/03/2021","4.900","4.800","4.900","4.700","7.49K","2.08%"
"16/03/2021","4.800","5.200","5.200","4.800","9.34K","-6.80%"
"15/03/2021","5.150","4.300","5.650","4.300","53.13K","22.62%"
"12/03/2021","4.200","4.000","4.200","4.000","0.15K","0.00%"
"11/03/2021","4.200","4.000","4.200","4.000","13.40K","5.00%"
"10/03/2021","4.000","4.000","4.000","4.000","6.00K","0.00%"
"08/03/2021","4.000","4.000","4.000","4.000","2.00K","-2.44%"
"05/03/2021","4.100","4.020","4.100","4.020","6.04K","1.99%"
"04/03/2021","4.020","4.000","4.020","3.900","2.19K","-3.83%"
"03/03/2021","4.180","4.140","4.200","4.120","11.19K","0.97%"
"02/03/2021","4.140","4.120","4.140","4.120","1.61K","-4.17%"
"01/03/2021","4.320","4.320","4.320","4.120","1.41K","0.00%"
"26/02/2021","4.320","4.120","4.320","4.120","0.31K","0.00%"
"24/02/2021","4.320","4.320","4.320","4.320","0.08K","0.00%"
"23/02/2021","4.320","4.400","4.480","4.120","26.98K","-1.82%"
"22/02/2021","4.400","3.840","4.400","3.840","11.49K","14.58%"
"19/02/2021","3.840","3.840","3.840","3.840","0.10K","0.00%"
"18/02/2021","3.840","3.720","3.840","3.700","4.14K","3.23%"
"17/02/2021","3.720","3.600","3.720","3.600","1.77K","-5.58%"
"16/02/2021","3.940","3.860","4.140","3.560","30.64K","2.60%"
"15/02/2021","3.840","3.140","4.000","3.140","64.32K","22.29%"
"12/02/2021","3.140","3.020","3.180","3.020","34.62K","0.00%"
"11/02/2021","3.140","3.040","3.160","3.000","3.98K","-0.63%"
"10/02/2021","3.160","3.020","3.160","3.020","6.51K","0.00%"
"09/02/2021","3.160","3.120","3.160","3.060","0.68K","0.00%"
"05/02/2021","3.160","3.020","3.160","3.020","0.87K","0.00%"
"04/02/2021","3.160","3.020","3.160","3.020","0.45K","0.00%"
"02/02/2021","3.160","3.040","3.160","3.020","0.61K","0.00%"
"01/02/2021","3.160","3.140","3.160","3.040","0.51K","0.00%"
"29/01/2021","3.160","2.900","3.260","2.900","11.22K","10.49%"
"28/01/2021","2.860","3.060","3.060","2.800","29.50K","-8.33%"
"27/01/2021","3.120","3.120","3.120","3.120","5.51K","0.65%"
"26/01/2021","3.100","3.220","3.520","3.020","20.31K","-3.73%"
"25/01/2021","3.220","3.180","3.220","3.020","7.88K","1.26%"
"20/01/2021","3.180","3.180","3.180","3.180","0.50K","0.00%"
"19/01/2021","3.180","3.180","3.180","3.180","1.00K","3.25%"
"18/01/2021","3.080","3.120","3.300","3.060","8.42K","-1.28%"
"15/01/2021","3.120","3.120","3.120","3.020","1.01K","-0.64%"
"14/01/2021","3.140","3.040","3.140","3.000","3.14K","0.00%"
"13/01/2021","3.140","3.140","3.140","3.000","6.31K","0.00%"
"12/01/2021","3.140","3.120","3.140","3.000","5.94K","0.64%"
"11/01/2021","3.120","2.800","3.120","2.800","31.64K","6.85%"
"07/01/2021","2.920","2.920","2.920","2.920","1.50K","0.00%"
"05/01/2021","2.920","2.800","2.920","2.800","5.10K","4.29%"
"04/01/2021","2.800","2.680","2.800","2.680","3.58K","1.45%"
"30/12/2020","2.760","2.760","2.760","2.680","0.59K","0.00%"
"29/12/2020","2.760","2.760","2.760","2.760","2.72K","1.47%"
"28/12/2020","2.720","2.760","2.760","2.720","1.77K","-1.45%"
"22/12/2020","2.760","2.740","2.760","2.720","0.59K","0.00%"
"21/12/2020","2.760","2.760","2.760","2.720","3.00K","-3.50%"
"18/12/2020","2.860","2.860","2.860","2.860","3.15K","-3.38%"
"17/12/2020","2.960","2.860","2.960","2.860","1.89K","0.00%"
"15/12/2020","2.960","2.900","3.000","2.880","91.77K","-1.33%"
"14/12/2020","3.000","2.920","3.000","2.900","3.56K","0.00%"
"09/12/2020","3.000","2.920","3.000","2.920","1.51K","0.00%"
"08/12/2020","3.000","2.920","3.000","2.920","0.21K","0.00%"
"07/12/2020","3.000","2.920","3.000","2.920","0.62K","0.00%"
"04/12/2020","3.000","3.000","3.000","2.920","8.16K","0.00%"
"03/12/2020","3.000","3.000","3.060","3.000","15.55K","0.00%"
"02/12/2020","3.000","2.880","3.000","2.880","3.78K","0.00%"
"01/12/2020","3.000","3.000","3.260","2.900","7.00K","0.00%"
"30/11/2020","3.000","2.980","3.260","2.980","7.53K","0.67%"
"27/11/2020","2.980","2.980","2.980","2.980","0.10K","0.00%"
"23/11/2020","2.980","3.020","3.120","2.900","39.67K","0.00%"
"20/11/2020","2.980","2.980","3.200","2.860","19.62K","0.68%"
"19/11/2020","2.960","2.680","3.100","2.500","21.01K","12.12%"
"18/11/2020","2.640","2.400","2.680","2.400","9.47K","5.60%"
"17/11/2020","2.500","2.500","2.500","2.500","0.10K","0.00%"
"13/11/2020","2.500","2.500","2.500","2.500","0.15K","0.00%"
"12/11/2020","2.500","2.500","2.500","2.500","0.20K","0.00%"
"10/11/2020","2.500","2.400","2.500","2.400","3.51K","4.17%"
"06/11/2020","2.400","2.400","2.400","2.400","0.60K","0.00%"
"05/11/2020","2.400","2.340","2.400","2.340","0.81K","0.00%"
"03/11/2020","2.400","2.320","2.480","2.320","4.65K","3.45%"
"02/11/2020","2.320","2.320","2.320","2.320","0.22K","2.65%"
"30/10/2020","2.260","2.260","2.260","2.260","0.50K","-8.87%"
"29/10/2020","2.480","2.280","2.480","2.280","4.45K","8.77%"
"28/10/2020","2.280","2.260","2.280","2.220","5.22K","-2.56%"
"27/10/2020","2.340","2.360","2.360","2.340","3.05K","-4.10%"
"26/10/2020","2.440","2.440","2.440","2.440","0.30K","0.00%"
"23/10/2020","2.440","2.440","2.440","2.440","0.32K","0.83%"
"22/10/2020","2.420","2.500","2.500","2.420","6.76K","-6.92%"
"21/10/2020","2.600","2.560","2.700","2.560","21.59K","1.56%"
"20/10/2020","2.560","2.500","2.560","2.500","8.98K","2.40%"
"19/10/2020","2.500","2.340","2.500","2.340","13.09K","10.62%"
"16/10/2020","2.260","2.200","2.400","2.200","20.36K","3.67%"
"15/10/2020","2.180","2.100","2.280","2.100","13.69K","3.81%"
"13/10/2020","2.100","2.100","2.100","2.100","0.14K","0.00%"
"12/10/2020","2.100","2.100","2.100","2.100","0.20K","-1.87%"
"09/10/2020","2.140","2.120","2.140","2.040","3.83K","-3.60%"
"07/10/2020","2.220","2.220","2.220","2.220","2.20K","0.00%"
"06/10/2020","2.220","2.120","2.220","2.120","5.63K","2.78%"
"05/10/2020","2.160","2.140","2.160","2.140","0.32K","0.00%"
"02/10/2020","2.160","2.160","2.160","2.160","0.16K","0.00%"
"01/10/2020","2.160","2.120","2.160","2.120","0.76K","-0.92%"
"30/09/2020","2.180","2.160","2.180","2.120","14.91K","0.00%"
"29/09/2020","2.180","2.240","2.240","2.180","9.58K","-7.63%"
"28/09/2020","2.360","2.360","2.360","2.360","3.37K","0.00%"
"25/09/2020","2.360","2.460","2.460","2.360","2.53K","-0.84%"
"24/09/2020","2.380","2.460","2.460","2.380","2.60K","0.00%"
"23/09/2020","2.380","2.460","2.460","2.380","3.01K","-3.25%"
"22/09/2020","2.460","2.460","2.460","2.460","0.15K","0.00%"
"21/09/2020","2.460","2.360","2.460","2.360","3.70K","2.50%"
"18/09/2020","2.400","2.460","2.460","2.400","0.49K","0.00%"
"17/09/2020","2.400","2.400","2.400","2.400","5.00K","3.45%"
"16/09/2020","2.320","2.400","2.400","2.320","1.26K","-3.33%"
"11/09/2020","2.400","2.420","2.420","2.400","13.90K","-4.00%"
"09/09/2020","2.500","2.500","2.500","2.500","3.00K","0.00%"
"08/09/2020","2.500","2.680","2.680","2.500","14.65K","-10.71%"
"07/09/2020","2.800","2.420","2.920","2.420","26.41K","20.69%"
"04/09/2020","2.320","2.340","2.340","2.320","1.00K","-4.13%"
"03/09/2020","2.420","2.360","2.420","2.360","0.24K","3.42%"
"01/09/2020","2.340","2.340","2.340","2.340","0.65K","0.00%"
"31/08/2020","2.340","2.420","2.420","2.340","1.27K","-3.31%"
"28/08/2020","2.420","2.320","2.420","2.320","2.01K","4.31%"
"26/08/2020","2.320","2.300","2.320","2.220","2.50K","0.00%"
"25/08/2020","2.320","2.420","2.420","2.320","4.30K","-4.13%"
"24/08/2020","2.420","2.420","2.420","2.420","0.60K","0.00%"
"21/08/2020","2.420","2.420","2.420","2.420","0.40K","0.00%"
"19/08/2020","2.420","2.400","2.420","2.400","0.80K","0.83%"
"17/08/2020","2.400","2.320","2.420","2.320","6.00K","3.45%"
"14/08/2020","2.320","2.320","2.320","2.320","1.84K","0.00%"
"13/08/2020","2.320","2.320","2.320","2.320","0.75K","0.00%"
"12/08/2020","2.320","2.320","2.320","2.320","0.40K","0.00%"
"11/08/2020","2.320","2.300","2.320","2.300","11.40K","-3.33%"
"10/08/2020","2.400","2.400","2.400","2.400","0.10K","3.45%"
"07/08/2020","2.320","2.300","2.400","2.300","5.19K","0.87%"
"06/08/2020","2.300","2.500","2.500","2.300","3.90K","-8.00%"
"05/08/2020","2.500","2.500","2.500","2.500","4.40K","-3.85%"
"03/08/2020","2.600","2.600","2.600","2.600","0.40K","0.00%"
"31/07/2020","2.600","2.440","2.600","2.440","5.39K","6.56%"
"30/07/2020","2.440","2.620","2.620","2.440","5.27K","-8.96%"
"29/07/2020","2.680","2.660","2.680","2.660","1.00K","4.69%"
"28/07/2020","2.560","2.600","2.700","2.540","5.81K","-0.78%"
"27/07/2020","2.580","2.500","2.600","2.500","13.10K","3.20%"
"24/07/2020","2.500","2.400","2.500","2.400","0.61K","3.31%"
"22/07/2020","2.420","2.420","2.420","2.420","0.37K","-3.20%"
"21/07/2020","2.500","2.500","2.500","2.500","1.16K","1.63%"
"20/07/2020","2.460","2.500","2.500","2.460","1.05K","-0.81%"
"16/07/2020","2.480","2.400","2.480","2.400","6.06K","3.33%"
"14/07/2020","2.400","2.400","2.400","2.400","0.35K","0.00%"
"13/07/2020","2.400","2.400","2.400","2.400","1.40K","0.00%"
"10/07/2020","2.400","2.400","2.400","2.400","1.00K","0.00%"
"09/07/2020","2.400","2.420","2.420","2.320","5.21K","-4.00%"
"08/07/2020","2.500","2.520","2.520","2.420","5.10K","-3.85%"
"07/07/2020","2.600","2.700","2.700","2.520","7.26K","-0.76%"
"06/07/2020","2.620","2.520","2.620","2.520","3.68K","0.77%"
"03/07/2020","2.600","2.600","2.600","2.600","0.50K","-0.76%"
"02/07/2020","2.620","2.580","2.620","2.580","0.60K","3.97%"
"30/06/2020","2.520","2.620","2.620","2.520","1.60K","0.00%"
"29/06/2020","2.520","2.620","2.620","2.520","6.04K","-3.82%"
"26/06/2020","2.620","2.620","2.620","2.620","0.65K","0.77%"
"24/06/2020","2.600","2.600","2.700","2.600","2.86K","-3.70%"
"23/06/2020","2.700","2.700","2.700","2.700","1.53K","3.85%"
"22/06/2020","2.600","2.640","2.640","2.600","8.60K","-2.99%"
"19/06/2020","2.680","2.700","2.700","2.680","3.55K","-4.29%"
"18/06/2020","2.800","2.800","2.800","2.800","0.10K","-0.71%"
"17/06/2020","2.820","2.740","2.820","2.740","0.37K","3.68%"
"16/06/2020","2.720","2.600","2.860","2.600","16.81K","4.62%"
"15/06/2020","2.600","2.600","2.600","2.600","1.00K","-3.70%"
"12/06/2020","2.700","2.700","2.740","2.640","1.08K","-1.46%"
"10/06/2020","2.740","2.680","2.900","2.680","21.41K","1.48%"
"09/06/2020","2.700","2.560","2.700","2.560","3.78K","5.47%"
"08/06/2020","2.560","2.560","2.560","2.400","44.49K","-2.29%"
"05/06/2020","2.620","2.600","2.620","2.600","6.39K","0.77%"
"03/06/2020","2.600","2.720","2.720","2.600","11.55K","-4.41%"
"01/06/2020","2.720","2.600","2.720","2.600","4.50K","8.80%"
"29/05/2020","2.500","2.500","2.500","2.500","3.00K","0.00%"
"28/05/2020","2.500","2.400","2.640","2.400","14.16K","0.81%"
"27/05/2020","2.480","2.560","2.700","2.400","11.48K","-3.88%"
"26/05/2020","2.580","2.340","2.680","2.340","7.50K","0.78%"
"25/05/2020","2.560","2.560","2.560","2.560","3.10K","0.00%"
"22/05/2020","2.560","2.660","2.920","2.400","17.51K","-2.29%"
"21/05/2020","2.620","2.560","2.620","2.560","1.40K","4.80%"
"20/05/2020","2.500","2.500","2.500","2.500","2.50K","1.63%"
"19/05/2020","2.460","2.460","2.460","2.460","0.63K","2.50%"
"13/05/2020","2.400","2.400","2.400","2.400","0.61K","-2.44%"
"12/05/2020","2.460","2.420","2.460","2.420","0.17K","0.00%"
"30/04/2020","2.460","2.460","2.460","2.460","0.01K","4.24%"
"24/04/2020","2.360","2.360","2.360","2.360","0.08K","0.00%"
"15/04/2020","2.360","2.400","2.400","2.360","2.48K","-1.67%"
"14/04/2020","2.400","2.380","2.400","2.380","4.29K","4.35%"
"07/04/2020","2.300","2.300","2.300","2.300","0.20K","0.00%"
"06/04/2020","2.300","2.300","2.300","2.300","1.87K","0.00%"
"03/04/2020","2.300","2.380","2.380","2.300","1.32K","-4.17%"
"31/03/2020","2.400","2.400","2.400","2.400","0.83K","0.00%"
"12/03/2020","2.400","2.460","2.460","2.400","3.30K","0.00%"
"10/03/2020","2.400","2.400","2.400","2.400","0.74K","0.00%"
"09/03/2020","2.400","2.500","2.500","2.400","3.43K","-7.69%"
"06/03/2020","2.600","2.600","2.600","2.600","2.01K","0.00%"
"05/03/2020","2.600","2.600","2.600","2.600","0.25K","0.00%"
"28/02/2020","2.600","2.500","2.600","2.500","3.60K","-0.76%"
"25/02/2020","2.620","2.500","2.620","2.500","0.09K","0.00%"
"24/02/2020","2.620","2.580","2.620","2.520","1.83K","-6.43%"
"20/02/2020","2.800","2.700","2.800","2.680","3.70K","0.00%"
"13/02/2020","2.800","2.800","2.800","2.800","0.00K","0.00%"
"12/02/2020","2.800","2.680","2.800","2.680","0.10K","0.72%"
"11/02/2020","2.780","2.860","2.860","2.780","5.80K","-4.14%"
"07/02/2020","2.900","2.920","2.920","2.820","3.55K","-0.68%"
"06/02/2020","2.920","2.920","2.920","2.880","18.10K","0.00%"
"04/02/2020","2.920","3.040","3.040","2.900","2.82K","-3.31%"
"31/01/2020","3.020","3.020","3.060","3.000","7.43K","4.86%"
"30/01/2020","2.880","2.560","2.880","2.560","30.73K","12.50%"
"29/01/2020","2.560","2.600","2.600","2.560","1.76K","-1.54%"
"28/01/2020","2.600","2.480","2.600","2.480","0.06K","1.56%"
"23/01/2020","2.560","2.560","2.560","2.560","2.31K","-4.48%"
"17/01/2020","2.680","2.680","2.680","2.680","0.56K","0.00%"
"15/01/2020","2.680","2.680","2.680","2.580","1.25K","0.00%"
"13/01/2020","2.680","2.680","2.680","2.680","1.91K","0.00%"
"08/01/2020","2.680","2.680","2.680","2.560","4.20K","-4.29%"
"02/01/2020","2.800","2.820","2.820","2.800","5.55K","0.00%"
"30/12/2019","2.800","2.800","2.800","2.800","0.70K","0.00%"
"27/12/2019","2.800","2.920","2.920","2.800","0.79K","-4.76%"
"23/12/2019","2.940","3.100","3.100","2.940","33.86K","-5.77%"
"20/12/2019","3.120","3.120","3.120","3.120","3.18K","-4.29%"
"10/12/2019","3.260","3.260","3.260","3.140","1.09K","-4.12%"
"09/12/2019","3.400","3.260","3.400","3.260","2.40K","0.00%"
"04/12/2019","3.400","3.400","3.400","3.300","2.63K","-2.86%"
"03/12/2019","3.500","3.560","3.560","3.500","3.30K","-5.91%"
"02/12/2019","3.720","3.720","3.720","3.580","2.62K","-4.62%"
"20/11/2019","3.900","3.980","3.980","3.900","2.00K","-3.94%"
"14/11/2019","4.060","4.060","4.060","4.060","0.01K","-1.93%"
"04/11/2019","4.140","3.980","4.140","3.980","0.22K","0.00%"
"30/10/2019","4.140","4.000","4.140","4.000","5.34K","3.50%"
"23/10/2019","4.000","4.000","4.000","4.000","0.00K","15.61%"
"22/10/2019","3.460","3.460","3.460","3.460","2.40K","0.00%"
"09/10/2019","3.460","3.360","3.460","3.360","2.50K","2.98%"
"03/10/2019","3.360","3.180","3.360","3.180","3.05K","5.66%"
"02/10/2019","3.180","3.180","3.180","3.180","2.60K","-3.64%"
"30/09/2019","3.300","3.240","3.300","3.240","5.00K","1.85%"
"09/09/2019","3.240","3.100","3.240","3.100","0.10K","0.00%"
"13/08/2019","3.240","3.100","3.240","3.100","0.12K","0.00%"
"12/08/2019","3.240","3.100","3.240","3.100","0.06K","3.18%"
"08/08/2019","3.140","3.280","3.440","3.140","5.00K","-12.78%"
"30/07/2019","3.600","3.440","3.600","3.440","2.30K","0.00%"
"22/07/2019","3.600","3.600","3.600","3.600","0.00K","3.45%"
"19/07/2019","3.480","3.480","3.480","3.480","0.17K","-4.40%"
"11/07/2019","3.640","3.500","3.640","3.480","0.77K","0.00%"
"26/06/2019","3.640","3.500","3.640","3.500","0.04K","0.00%"
"17/06/2019","3.640","3.640","3.640","3.620","1.81K","0.55%"
"12/06/2019","3.620","3.640","3.640","3.620","14.00K","-4.23%"
"11/06/2019","3.780","3.620","3.780","3.620","2.23K","0.53%"
"03/06/2019","3.760","3.760","3.760","3.760","2.00K","-4.57%"
"31/05/2019","3.940","3.900","3.940","3.900","15.50K","0.51%"
"24/05/2019","3.920","3.760","3.920","3.760","0.32K","-0.51%"
"10/05/2019","3.940","3.760","3.940","3.760","2.14K","0.00%"
"09/04/2019","3.940","3.940","3.940","3.940","0.10K","0.00%"
"05/04/2019","3.940","3.940","3.940","3.940","0.10K","0.00%"
"04/04/2019","3.940","3.940","3.940","3.940","0.20K","0.51%"
"01/04/2019","3.920","3.920","3.920","3.920","0.10K","0.00%"
"26/03/2019","3.920","3.760","3.920","3.760","0.04K","-0.51%"
"19/03/2019","3.940","3.940","3.940","3.940","0.10K","0.00%"
"18/03/2019","3.940","3.760","3.940","3.760","0.13K","0.00%"
"04/03/2019","3.940","3.760","3.940","3.760","0.03K","0.00%"
"27/02/2019","3.940","3.940","3.940","3.940","0.00K","3.14%"
"20/02/2019","3.820","3.960","3.960","3.820","1.82K","6.11%"
"18/02/2019","3.600","4.180","4.180","3.600","1.90K","-13.88%"
"15/02/2019","4.180","4.180","4.180","4.180","1.85K","-5.86%"
"13/02/2019","4.440","4.460","4.460","4.440","0.11K","-2.20%"
"12/02/2019","4.540","4.780","4.780","4.540","3.30K","-7.35%"
"11/02/2019","4.900","5.000","5.000","4.900","1.11K","-3.92%"
"06/02/2019","5.100","5.000","5.100","5.000","0.13K","-0.97%"
"01/02/2019","5.150","5.000","5.150","5.000","0.59K","0.00%"
"30/01/2019","5.150","5.150","5.150","5.150","1.28K","-2.83%"
"25/01/2019","5.300","5.300","5.300","5.300","0.00K","0.95%"
"24/01/2019","5.250","5.250","5.250","5.250","0.08K","-1.87%"
"23/01/2019","5.350","5.350","5.350","5.350","1.01K","-4.46%"
"22/01/2019","5.600","5.500","5.850","5.500","2.74K","-0.88%"
"14/01/2019","5.650","5.650","5.650","5.650","1.00K","-3.42%"
"10/01/2019","5.850","5.900","6.100","5.850","1.12K","-4.88%"
"09/01/2019","6.150","6.000","6.150","6.000","1.00K","-6.82%"
"04/01/2019","6.600","6.400","6.600","6.300","1.38K","3.12%"
"03/01/2019","6.400","6.700","6.700","6.400","2.40K","-8.57%"
"02/01/2019","7.000","7.000","7.000","7.000","0.00K","1.45%"
"28/12/2018","6.900","6.900","6.900","6.900","0.01K","-0.72%"
"27/12/2018","6.950","6.950","6.950","6.950","1.08K","-4.14%"
"21/12/2018","7.250","7.250","7.250","7.250","0.13K","-0.68%"
"20/12/2018","7.300","7.300","7.300","7.300","1.71K","0.00%"
"19/12/2018","7.300","7.300","7.300","7.300","0.60K","17.74%"
"18/12/2018","6.200","6.200","6.200","6.200","0.18K","-19.48%"
"11/12/2018","7.700","7.700","7.700","7.700","6.00K","2.67%"
"03/12/2018","7.500","7.500","7.500","7.500","0.40K","-6.25%"
"29/11/2018","8.000","8.000","8.000","8.000","0.00K","3.23%"
"08/11/2018","7.750","7.750","7.750","7.750","0.40K","-2.52%"
"06/11/2018","7.950","7.950","7.950","7.950","0.02K","-0.63%"
"31/10/2018","8.000","8.000","8.000","8.000","2.00K","14.29%"
"22/10/2018","7.000","7.000","7.000","7.000","0.14K","0.72%"
"16/10/2018","6.950","6.950","6.950","6.950","0.08K","-0.71%"
"12/10/2018","7.000","7.000","7.000","7.000","0.04K","0.00%"
"10/10/2018","7.000","7.000","7.000","7.000","11.00K","0.00%"
"01/10/2018","7.000","7.000","7.000","7.000","0.33K","-12.50%"
"26/09/2018","8.000","8.000","8.000","8.000","28.00K","-5.33%"
"07/09/2018","8.450","8.450","8.450","8.450","0.01K","0.00%"
"31/08/2018","8.450","8.450","8.450","8.450","0.01K","4.32%"
"29/08/2018","8.100","8.100","8.100","8.100","0.04K","0.00%"
"28/08/2018","8.100","8.100","8.100","8.100","0.04K","-3.57%"
"17/07/2018","8.400","8.400","8.400","8.400","0.05K","0.00%"
"16/07/2018","8.400","8.400","8.400","8.400","0.00K","-0.59%"
"04/06/2018","8.450","8.450","8.450","8.450","2.50K","-0.59%"
"01/06/2018","8.500","8.500","8.500","8.500","0.00K","0.00%"
"30/05/2018","8.500","8.500","8.500","8.500","0.00K","-1.16%"
"28/05/2018","8.600","8.600","8.600","8.600","0.00K","0.58%"
"25/05/2018","8.550","8.100","8.550","8.100","1.48K","5.56%"
"16/05/2018","8.100","7.350","8.100","7.350","2.00K","-0.61%"
"30/04/2018","8.150","7.700","8.150","7.700","0.07K","0.62%"
"25/04/2018","8.100","8.100","8.100","8.100","1.03K","0.00%"
"24/04/2018","8.100","8.100","8.100","8.100","1.40K","0.00%"
"23/04/2018","8.100","8.100","8.100","8.100","1.21K","1.25%"
"17/04/2018","8.000","8.000","8.000","8.000","15.04K","-2.44%"
"29/03/2018","8.200","7.700","8.200","7.700","0.17K","6.49%"
"28/03/2018","7.700","7.500","7.700","7.500","1.21K","2.67%"
"27/03/2018","7.500","7.500","7.500","7.500","0.30K","0.00%"
"26/03/2018","7.500","7.500","7.500","7.500","0.41K","0.00%"
"23/03/2018","7.500","7.500","7.500","7.500","0.38K","0.00%"
"19/03/2018","7.500","7.500","7.500","7.500","0.90K","0.00%"
"15/03/2018","7.500","7.500","7.500","7.500","0.35K","0.00%"
"13/03/2018","7.500","7.450","7.500","7.450","5.80K","0.00%"
"09/03/2018","7.500","7.500","7.500","7.500","2.94K","0.00%"
"05/03/2018","7.500","7.500","7.500","7.500","0.64K","0.00%"
"28/02/2018","7.500","7.500","7.500","7.500","0.25K","7.14%"
"14/02/2018","7.000","7.000","7.000","7.000","0.55K","0.00%"
"12/02/2018","7.000","7.000","7.000","7.000","0.02K","0.00%"
"08/02/2018","7.000","7.000","7.000","7.000","0.11K","0.00%"
"06/02/2018","7.000","7.000","7.000","7.000","0.34K","-6.67%"
"02/02/2018","7.500","7.500","7.500","7.500","0.01K","7.14%"
"01/02/2018","7.000","6.000","7.000","6.000","0.92K","0.00%"
"30/01/2018","7.000","6.950","7.000","6.950","5.00K","2.94%"
"25/01/2018","6.800","6.800","6.800","6.800","5.00K","-1.45%"
"19/01/2018","6.900","6.900","6.900","6.900","0.00K","-0.72%"
"15/01/2018","6.950","6.950","6.950","6.950","0.06K","15.83%"
"12/01/2018","6.000","6.000","6.000","6.000","0.56K","-9.77%"
"11/01/2018","6.650","6.650","6.650","6.650","101.13K","-0.75%"
"10/01/2018","6.700","6.700","6.700","6.700","151.30K","1.52%"
"09/01/2018","6.600","6.600","6.600","6.600","0.88K","0.00%"
"08/01/2018","6.600","6.600","6.600","6.600","1.70K","-5.04%"
"04/01/2018","6.950","6.500","6.950","6.500","2.21K","6.92%"
"03/01/2018","6.500","6.500","6.500","6.500","0.09K","-7.14%"
"29/12/2017","7.000","7.000","7.000","7.000","2.12K","9.55%"
"28/12/2017","6.390","6.390","6.390","6.390","1.55K","1.43%"
"27/12/2017","6.300","5.740","6.300","5.740","0.98K","-1.10%"
"22/12/2017","6.370","6.370","6.370","6.370","1.96K","0.00%"
"21/12/2017","6.370","6.370","6.370","6.370","0.40K","-0.31%"
"20/12/2017","6.390","5.840","6.390","5.840","0.63K","-1.39%"
"15/12/2017","6.480","6.480","6.480","6.480","0.01K","6.93%"
"14/12/2017","6.060","6.490","6.490","6.060","0.77K","0.83%"
"13/12/2017","6.010","6.490","6.490","6.010","2.16K","-7.40%"
"12/12/2017","6.490","6.000","6.490","6.000","0.20K","10.00%"
"08/12/2017","5.900","5.900","5.900","5.900","1.25K","-9.09%"
"07/12/2017","6.490","6.490","6.490","6.490","0.01K","8.17%"
"05/12/2017","6.000","6.000","6.000","6.000","2.05K","-7.55%"
"04/12/2017","6.490","6.490","6.490","6.490","0.01K","5.02%"
"29/11/2017","6.180","6.180","6.180","6.180","0.68K","-4.92%"
"22/11/2017","6.500","6.500","6.500","6.500","0.01K","1.56%"
"17/11/2017","6.400","6.400","6.400","6.400","0.34K","0.00%"
"13/11/2017","6.400","6.400","6.400","6.400","0.01K","6.67%"
"09/11/2017","6.000","6.000","6.000","6.000","4.05K","0.00%"
"08/11/2017","6.000","6.000","6.000","6.000","0.13K","0.00%"
"07/11/2017","6.000","5.800","6.000","5.800","0.47K","-6.25%"
"30/10/2017","6.400","6.400","6.400","6.400","0.01K","6.67%"
"27/10/2017","6.000","6.000","6.000","6.000","140.21K","-3.23%"
"23/10/2017","6.200","6.200","6.200","6.200","3.00K","0.00%"
"20/10/2017","6.200","6.000","6.200","6.000","1.03K","-3.13%"
"10/10/2017","6.400","6.400","6.400","6.400","0.21K","6.67%"
"09/10/2017","6.000","6.000","6.000","6.000","0.40K","-6.25%"
"18/09/2017","6.400","6.000","6.400","6.000","0.31K","6.67%"
"14/09/2017","6.000","6.000","6.000","6.000","0.30K","0.00%"
"11/09/2017","6.000","6.000","6.000","6.000","0.81K","-4.76%"
"01/09/2017","6.300","6.300","6.300","6.300","0.01K","5.00%"
"31/08/2017","6.000","6.000","6.000","6.000","1.18K","0.00%"
"30/08/2017","6.000","6.000","6.000","6.000","7.50K","0.00%"
"24/08/2017","6.000","6.000","6.000","6.000","1.84K","0.00%"
"23/08/2017","6.000","6.000","6.000","6.000","30.00K","-5.81%"
"02/08/2017","6.370","6.370","6.370","6.370","3.30K","-0.16%"
"01/08/2017","6.380","6.370","6.380","6.370","1.84K","-0.31%"
"27/07/2017","6.400","6.400","6.400","6.400","0.02K","28.00%"
"25/07/2017","5.000","5.000","5.000","5.000","0.12K","-21.88%"
"17/07/2017","6.400","6.400","6.400","6.400","0.45K","0.00%"
"28/06/2017","6.400","6.400","6.400","6.400","0.00K","4.92%"
"27/06/2017","6.100","6.100","6.100","6.100","0.75K","-4.69%"
"23/06/2017","6.400","6.400","6.400","6.400","0.01K","0.00%"
"19/06/2017","6.400","6.400","6.400","6.400","1.00K","0.00%"
"16/06/2017","6.400","6.400","6.400","6.400","0.00K","4.07%"
"13/06/2017","6.150","6.000","6.150","6.000","0.39K","2.50%"
"09/06/2017","6.000","6.400","6.400","6.000","0.52K","-3.23%"
"08/06/2017","6.200","6.200","6.200","6.200","1.94K","0.81%"
"07/06/2017","6.150","6.150","6.150","6.150","0.30K","6.22%"
"06/06/2017","5.790","5.800","5.800","5.790","0.07K","5.27%"
"05/06/2017","5.500","5.500","5.500","5.500","3.30K","5.77%"
"02/06/2017","5.200","5.200","5.200","5.200","0.35K","4.00%"
"01/06/2017","5.000","5.000","5.000","5.000","1.30K","0.20%"
"30/05/2017","4.990","4.990","4.990","4.990","1.49K","0.00%"
"29/05/2017","4.990","4.990","4.990","4.990","0.01K","3.96%"
"26/05/2017","4.800","4.800","4.800","4.800","0.67K","0.00%"
"25/05/2017","4.800","4.500","4.800","4.500","0.81K","1.05%"
"24/05/2017","4.750","4.750","4.750","4.750","0.29K","5.56%"
"19/05/2017","4.500","4.500","4.500","4.500","0.05K","0.00%"
"18/05/2017","4.500","4.500","4.500","4.500","5.59K","2.27%"
"10/05/2017","4.400","4.400","4.400","4.400","1.15K","0.46%"
"08/05/2017","4.380","4.190","4.380","4.190","0.60K","-2.67%"
"04/04/2017","4.500","4.500","4.500","4.500","13.33K","-2.17%"
"30/03/2017","4.600","4.600","4.600","4.600","0.52K","9.26%"
"29/03/2017","4.210","4.210","4.210","4.210","2.27K","0.24%"
"28/03/2017","4.200","4.180","4.200","4.180","23.43K","0.24%"
"24/03/2017","4.190","4.190","4.190","4.190","0.26K","-0.24%"
"14/03/2017","4.200","4.460","4.460","4.200","0.70K","3.19%"
"08/03/2017","4.070","4.070","4.070","4.070","2.32K","1.50%"
"07/03/2017","4.010","4.010","4.010","4.010","0.20K","0.25%"
"03/03/2017","4.000","4.000","4.000","4.000","3.44K","0.25%"
"02/03/2017","3.990","3.990","3.990","3.990","0.92K","9.92%"
"01/03/2017","3.630","3.630","3.630","3.630","0.10K","0.00%"
"27/02/2017","3.630","3.630","3.630","3.630","0.01K","0.28%"
"23/02/2017","3.620","3.620","3.620","3.620","0.59K","0.00%"
"22/02/2017","3.620","3.990","3.990","3.620","0.21K","-0.28%"
"21/02/2017","3.630","3.630","3.630","3.630","0.79K","0.28%"
"20/02/2017","3.620","3.620","3.620","3.620","0.17K","-9.50%"
"15/02/2017","4.000","3.620","4.000","3.620","4.05K","0.50%"
"14/02/2017","3.980","3.980","3.980","3.980","1.93K","0.00%"
"08/02/2017","3.980","3.700","3.980","3.700","0.06K","7.57%"
"06/02/2017","3.700","3.700","3.700","3.700","0.10K","0.00%"
"03/02/2017","3.700","3.700","3.700","3.700","0.02K","0.00%"
"02/02/2017","3.700","3.700","3.700","3.700","1.33K","-5.13%"
"01/02/2017","3.900","3.610","3.900","3.610","1.20K","-0.76%"
"30/01/2017","3.930","3.930","3.930","3.930","2.01K","0.00%"
"26/01/2017","3.930","3.930","3.930","3.930","1.08K","-0.51%"
"24/01/2017","3.950","3.950","3.950","3.950","0.05K","9.72%"
"19/01/2017","3.600","3.600","3.600","3.600","0.01K","2.86%"
"18/01/2017","3.500","3.500","3.500","3.500","0.00K","1.45%"
"11/01/2017","3.450","3.450","3.450","3.450","10.40K","-1.43%"
"10/01/2017","3.500","3.500","3.500","3.500","0.33K","0.00%"
"03/01/2017","3.500","3.500","3.500","3.500","0.48K","-2.78%"
"02/01/2017","3.600","3.600","3.600","3.600","0.82K","2.86%"
"29/12/2016","3.500","3.500","3.500","3.500","0.05K","10.41%"
"28/12/2016","3.170","3.170","3.170","3.170","0.37K","-22.68%"
"22/12/2016","4.100","4.100","4.100","4.100","0.10K","-2.38%"
"20/12/2016","4.200","4.200","4.200","4.200","0.01K","-2.10%"
"19/12/2016","4.290","4.290","4.290","4.290","0.01K","2.39%"
"16/12/2016","4.190","4.190","4.190","4.190","0.01K","-0.24%"
"15/12/2016","4.200","4.200","4.200","4.200","0.05K","7.97%"
"14/12/2016","3.890","3.660","3.890","3.660","0.61K","6.28%"
"13/12/2016","3.660","3.650","3.660","3.650","26.78K","5.17%"
"12/12/2016","3.480","3.480","3.480","3.480","0.10K","16.00%"
"09/12/2016","3.000","3.000","3.000","3.000","1.06K","0.00%"
"08/12/2016","3.000","3.000","3.000","3.000","9.76K","7.14%"
"07/12/2016","2.800","2.720","2.800","2.720","4.83K","3.32%"
"05/12/2016","2.710","2.710","2.710","2.710","0.50K","0.00%"
"02/12/2016","2.710","2.710","2.710","2.710","0.50K","-9.67%"
"01/12/2016","3.000","3.000","3.000","3.000","0.50K","0.00%"
"30/11/2016","3.000","3.000","3.000","3.000","10.77K","3.45%"
"29/11/2016","2.900","3.000","3.000","2.900","0.40K","-3.33%"
"28/11/2016","3.000","3.000","3.000","3.000","21.00K","0.00%"
"25/11/2016","3.000","3.000","3.000","3.000","6.50K","0.00%"
"24/11/2016","3.000","3.000","3.000","3.000","17.70K","0.00%"
"23/11/2016","3.000","3.380","3.380","3.000","16.17K","-22.68%"
"22/11/2016","3.880","3.900","3.900","3.880","8.61K","-14.73%"
"21/11/2016","4.550","4.550","4.550","4.550","1.78K","-5.21%"
"26/10/2016","4.800","4.800","4.800","4.800","0.00K","0.00%"
"24/10/2016","4.800","4.800","4.800","4.800","0.70K","0.84%"
"21/10/2016","4.760","4.760","4.760","4.760","0.03K","16.10%"
"20/10/2016","4.100","4.100","4.100","4.100","0.10K","0.99%"
"18/10/2016","4.060","4.060","4.060","4.060","0.06K","0.00%"
"12/10/2016","4.060","4.060","4.060","4.060","0.06K","-15.24%"
"10/10/2016","4.790","4.790","4.790","4.790","0.06K","5.74%"
"04/10/2016","4.530","4.530","4.530","4.530","0.30K","0.00%"
"03/10/2016","4.530","4.540","4.540","4.530","0.43K","-5.62%"
"30/09/2016","4.800","5.020","5.290","4.520","4.59K","-4.38%"
"29/09/2016","5.020","5.550","5.850","5.020","1.00K","-15.49%"
"23/09/2016","5.940","5.940","5.940","5.940","0.03K","0.00%"
"22/09/2016","5.940","5.940","5.940","5.940","0.01K","1.02%"
"20/09/2016","5.880","5.880","5.880","5.880","0.07K","-1.01%"
"19/09/2016","5.940","5.600","5.940","5.600","0.32K","-0.17%"
"16/09/2016","5.950","5.650","5.950","5.650","0.41K","-3.72%"
"07/09/2016","6.180","5.700","6.180","5.700","0.11K","9.38%"
"06/09/2016","5.650","5.650","6.100","5.650","0.40K","-8.58%"
"05/09/2016","6.180","5.610","6.180","5.610","0.35K","0.00%"
"02/09/2016","6.180","5.980","6.180","5.500","2.88K","3.87%"
"01/09/2016","5.950","5.900","5.950","5.900","0.13K","0.00%"
"31/08/2016","5.950","5.510","6.060","5.510","2.44K","-0.83%"
"30/08/2016","6.000","7.400","7.400","6.000","3.77K","-10.45%"
"29/08/2016","6.700","6.750","7.390","6.700","0.02K","-15.19%"
"24/08/2016","7.900","7.900","7.900","7.900","0.01K","-0.38%"
"23/08/2016","7.930","7.390","7.990","7.390","0.45K","7.31%"
"22/08/2016","7.390","7.000","7.390","7.000","0.79K","6.33%"
"19/08/2016","6.950","6.950","6.950","6.950","0.01K","0.00%"
"18/08/2016","6.950","6.520","6.950","6.520","0.07K","0.00%"
"17/08/2016","6.950","7.040","7.040","6.420","0.75K","-0.71%"
"16/08/2016","7.000","6.420","7.000","6.420","1.98K","9.20%"
"12/08/2016","6.410","6.700","7.000","6.210","5.59K","-5.74%"
"11/08/2016","6.800","6.950","6.950","6.800","0.02K","-1.45%"
"10/08/2016","6.900","6.500","6.900","6.110","4.38K","6.15%"
"09/08/2016","6.500","6.510","6.510","6.400","0.87K","6.21%"
"08/08/2016","6.120","6.110","6.410","6.110","0.94K","-8.11%"
"05/08/2016","6.660","6.660","6.660","6.660","0.03K","5.71%"
"04/08/2016","6.300","6.460","6.600","6.300","0.45K","0.00%"
"02/08/2016","6.300","6.000","6.470","5.650","3.60K","-3.08%"
"01/08/2016","6.500","6.000","6.500","6.000","0.51K","8.33%"
"29/07/2016","6.000","5.630","6.010","5.310","3.11K","10.29%"
"28/07/2016","5.440","5.640","5.640","5.090","2.77K","-0.37%"
"27/07/2016","5.460","4.980","5.460","4.970","4.19K","9.20%"
"26/07/2016","5.000","5.020","5.030","5.000","0.20K","-1.38%"
"25/07/2016","5.070","5.500","5.500","5.000","2.34K","-5.94%"
"22/07/2016","5.390","5.750","5.750","5.390","1.56K","-5.93%"
"21/07/2016","5.730","5.730","5.730","5.730","0.00K","-0.35%"
"20/07/2016","5.750","5.750","5.750","5.750","0.02K","0.17%"
"19/07/2016","5.740","5.740","5.740","5.740","0.00K","-0.17%"
"18/07/2016","5.750","5.450","5.750","5.280","8.49K","3.05%"
"15/07/2016","5.580","5.750","5.750","5.340","3.60K","-2.96%"
"14/07/2016","5.750","5.750","5.750","5.470","0.01K","0.00%"
"13/07/2016","5.750","5.750","5.750","5.750","0.00K","0.00%"
"12/07/2016","5.750","5.750","5.750","5.750","0.00K","0.00%"
"11/07/2016","5.750","5.750","5.750","5.750","0.03K","6.68%"
"08/07/2016","5.390","5.750","5.750","5.390","0.24K","-0.19%"
"07/07/2016","5.400","5.400","5.400","5.400","0.04K","0.00%"
"06/07/2016","5.400","5.750","5.750","5.400","0.26K","0.00%"
"05/07/2016","5.400","5.780","5.780","5.100","0.07K","-2.00%"
"04/07/2016","5.510","5.600","5.600","5.500","1.85K","-3.16%"
"01/07/2016","5.690","5.500","5.690","5.500","0.02K","3.08%"
"30/06/2016","5.520","5.800","5.800","5.500","2.75K","-8.00%"
"29/06/2016","6.000","6.440","6.440","6.000","1.01K","-6.83%"
"28/06/2016","6.440","6.500","6.500","6.440","0.05K","-0.92%"
"27/06/2016","6.500","7.080","7.080","6.500","0.96K","-8.32%"
"24/06/2016","7.090","5.450","7.090","5.450","3.28K","14.17%"
"23/06/2016","6.210","5.650","6.210","5.480","5.63K","9.91%"
"22/06/2016","5.650","5.570","5.650","5.510","1.12K","11.88%"
"21/06/2016","5.050","4.520","5.050","4.520","3.61K","11.97%"
"20/06/2016","4.510","4.300","4.510","4.300","1.73K","4.88%"
"17/06/2016","4.300","3.750","4.300","3.530","10.03K","13.16%"
"16/06/2016","3.800","3.960","3.960","3.750","4.26K","-5.00%"
"15/06/2016","4.000","4.280","4.280","3.970","5.13K","-6.54%"
"14/06/2016","4.280","4.620","4.620","4.010","7.58K","-7.36%"
"13/06/2016","4.620","4.670","4.670","4.480","4.17K","-0.22%"
"10/06/2016","4.630","4.950","4.950","4.630","4.33K","-4.34%"
"09/06/2016","4.840","4.720","5.000","4.720","4.59K","4.09%"
"08/06/2016","4.650","4.690","4.920","4.620","11.85K","-2.11%"
"07/06/2016","4.750","5.100","5.100","4.690","0.79K","-6.86%"
"06/06/2016","5.100","5.430","5.430","5.100","3.67K","-2.86%"
"03/06/2016","5.250","5.430","5.430","5.250","0.16K","-3.31%"
"02/06/2016","5.430","5.440","5.440","5.430","0.50K","-0.18%"
"01/06/2016","5.440","5.800","5.800","5.030","5.44K","-6.21%"
"31/05/2016","5.800","5.980","5.980","5.660","3.46K","-3.01%"
"30/05/2016","5.980","5.990","5.990","5.980","0.00K","3.10%"
"27/05/2016","5.800","5.990","5.990","5.720","1.35K","-3.17%"
"25/05/2016","5.990","6.190","6.190","5.820","1.84K","-1.64%"
"24/05/2016","6.090","6.290","6.290","5.810","3.29K","2.35%"
"23/05/2016","5.950","6.400","6.400","5.940","2.56K","-1.82%"
"20/05/2016","6.060","6.090","6.250","6.000","7.47K","1.00%"
"19/05/2016","6.000","6.750","6.750","6.000","12.67K","-6.25%"
"18/05/2016","6.400","6.980","6.980","6.400","4.27K","-8.31%"
"17/05/2016","6.980","7.190","7.190","6.980","5.15K","-2.38%"
"16/05/2016","7.150","8.900","8.900","6.860","13.43K","-25.52%"
"13/05/2016","9.600","9.600","9.600","9.600","1.27K","-4.00%"
"12/05/2016","10.000","10.000","10.000","10.000","0.00K","0.00%"
"11/05/2016","10.000","10.000","10.000","10.000","0.00K","0.00%"
"10/05/2016","10.000","10.040","10.040","9.630","0.21K","0.00%"
"09/05/2016","10.000","10.040","10.040","10.000","0.00K","0.00%"
"06/05/2016","10.000","10.040","10.040","10.000","0.00K","0.00%"
"05/05/2016","10.000","10.000","10.000","9.630","0.26K","0.00%"
"04/05/2016","10.000","10.000","10.000","10.000","0.06K","0.00%"
"02/05/2016","10.000","10.000","10.490","9.800","2.09K","0.00%"
"21/04/2016","10.000","9.810","10.000","9.810","0.07K","-3.85%"
"18/04/2016","10.400","10.400","10.400","10.400","0.01K","-0.95%"
"13/04/2016","10.500","10.100","10.500","10.100","0.10K","3.86%"
"12/04/2016","10.110","10.100","10.110","10.100","0.78K","-7.25%"
"08/04/2016","10.900","10.900","10.900","10.900","0.01K","-0.91%"
"06/04/2016","11.000","11.000","11.000","11.000","8.26K","-3.93%"
"05/04/2016","11.450","11.490","11.490","11.450","1.19K","-0.35%"
"31/03/2016","11.490","11.490","11.490","11.490","0.04K","-0.09%"
"29/03/2016","11.500","10.800","11.500","10.800","0.26K","0.00%"
"24/03/2016","11.500","11.000","11.500","11.000","0.34K","-3.36%"
"23/03/2016","11.900","11.900","11.900","11.900","0.34K","8.18%"
"22/03/2016","11.000","10.100","11.000","10.100","4.48K","10.00%"
"21/03/2016","10.000","8.900","10.000","8.210","4.19K","11.23%"
"18/03/2016","8.990","8.540","8.990","8.540","0.32K","-5.17%"
"16/03/2016","9.480","8.880","9.480","8.500","0.17K","6.64%"
"15/03/2016","8.890","8.890","8.890","8.890","0.01K","0.00%"
"08/03/2016","8.890","8.880","8.890","8.880","0.28K","0.11%"
"07/03/2016","8.880","8.200","8.880","8.200","0.27K","-0.11%"
"03/03/2016","8.890","8.200","8.890","8.200","0.86K","0.00%"
"02/03/2016","8.890","8.890","8.890","8.890","0.02K","7.11%"
"01/03/2016","8.300","8.050","8.320","8.050","0.21K","-0.24%"
"24/02/2016","8.320","8.000","8.320","8.000","0.03K","0.00%"
"22/02/2016","8.320","8.300","8.320","8.300","1.00K","0.24%"
"18/02/2016","8.300","8.300","8.300","8.000","1.02K","0.00%"
"17/02/2016","8.300","7.800","8.300","7.800","0.18K","6.41%"
"16/02/2016","7.800","7.500","7.800","7.500","0.42K","7.59%"
"15/02/2016","7.250","7.520","8.000","7.250","1.24K","-2.42%"
"10/02/2016","7.430","7.350","7.430","7.350","0.42K","1.36%"
"09/02/2016","7.330","7.200","7.330","7.200","1.36K","-0.27%"
"08/02/2016","7.350","7.140","7.350","7.140","1.88K","2.23%"
"05/02/2016","7.190","6.700","7.190","6.700","2.95K","3.01%"
"04/02/2016","6.980","6.980","6.980","6.980","0.14K","-0.14%"
"03/02/2016","6.990","6.800","6.990","6.600","2.58K","-1.69%"
"02/02/2016","7.110","6.850","7.110","6.800","0.81K","-1.66%"
"01/02/2016","7.230","6.600","7.230","6.600","0.02K","7.91%"
"29/01/2016","6.700","7.220","7.220","6.700","1.75K","-5.63%"
"28/01/2016","7.100","7.250","7.250","7.100","2.73K","-6.58%"
"25/01/2016","7.600","7.600","7.600","7.600","0.01K","8.42%"
"22/01/2016","7.010","7.390","7.900","7.000","1.17K","-5.27%"
"21/01/2016","7.400","7.400","7.400","7.400","0.25K","-7.50%"
"20/01/2016","8.000","8.050","8.050","8.000","0.15K","-5.66%"
"19/01/2016","8.480","8.490","8.490","8.480","13.48K","-0.12%"
"18/01/2016","8.490","8.900","8.900","8.490","0.86K","-4.61%"
"15/01/2016","8.900","8.900","8.900","8.540","0.26K","0.00%"
"14/01/2016","8.900","8.990","9.000","8.490","1.13K","-1.11%"
"13/01/2016","9.000","9.500","9.500","9.000","0.69K","-2.70%"
"12/01/2016","9.250","9.000","9.250","9.000","0.55K","12.12%"
"11/01/2016","8.250","7.700","8.250","7.700","1.44K","7.14%"
"08/01/2016","7.700","7.450","7.700","7.250","1.10K","3.36%"
"07/01/2016","7.450","7.700","7.770","7.000","6.79K","-1.97%"
"05/01/2016","7.600","7.800","7.800","7.600","1.24K","-5.00%"
"04/01/2016","8.000","8.200","8.200","8.000","2.28K","-2.44%"
"30/12/2015","8.200","9.000","9.000","8.200","5.38K","-17.92%"
"29/12/2015","9.990","9.990","9.990","9.990","0.01K","-0.10%"
"23/12/2015","10.000","8.000","10.000","8.000","1.07K","1.01%"
"18/12/2015","9.900","9.900","9.900","9.900","1.02K","0.00%"
"17/12/2015","9.900","9.900","9.900","9.900","5.73K","-1.00%"
"16/12/2015","10.000","10.000","10.000","10.000","1.93K","0.00%"
"14/12/2015","10.000","10.000","10.000","10.000","0.50K","-13.04%"
"11/12/2015","11.500","11.490","11.500","11.490","0.01K","0.00%"
"10/12/2015","11.500","11.500","11.500","11.500","0.01K","0.00%"
"09/12/2015","11.500","10.500","11.500","10.500","0.33K","15.00%"
"08/12/2015","10.000","10.000","10.000","10.000","0.81K","0.00%"
"07/12/2015","10.000","10.000","10.000","10.000","0.55K","10.86%"
"04/12/2015","9.020","11.060","11.060","9.020","1.29K","-27.78%"
"03/12/2015","12.490","12.400","12.490","12.400","0.33K","-9.49%"
"30/11/2015","13.800","12.550","13.800","12.550","0.08K","2.68%"
"26/11/2015","13.440","13.440","13.440","13.440","0.11K","0.00%"
"25/11/2015","13.440","13.440","13.440","13.440","0.20K","-0.44%"
"24/11/2015","13.500","13.000","13.500","13.000","0.78K","0.00%"
"23/11/2015","13.500","13.500","13.500","13.500","0.85K","-2.74%"
"20/11/2015","13.880","13.880","13.880","13.880","0.65K","-0.86%"
"19/11/2015","14.000","14.000","14.000","14.000","2.04K","-3.38%"
"18/11/2015","14.490","14.490","14.490","14.490","1.20K","-3.40%"
"17/11/2015","15.000","15.000","15.000","15.000","0.88K","-7.69%"
"16/11/2015","16.250","16.270","16.270","16.250","0.51K","-4.41%"
"13/11/2015","17.000","17.000","17.000","17.000","9.63K","-3.95%"
"12/11/2015","17.700","17.700","17.700","17.700","0.67K","-4.74%"
"10/11/2015","18.580","18.270","18.580","18.270","0.25K","0.98%"
"09/11/2015","18.400","18.400","18.400","18.400","0.18K","0.00%"
"06/11/2015","18.400","18.400","18.400","18.400","0.36K","0.00%"
"04/11/2015","18.400","18.400","18.400","18.400","2.37K","0.00%"
"03/11/2015","18.400","18.400","18.400","18.400","1.19K","-3.00%"
"02/11/2015","18.970","18.970","18.970","18.970","0.06K","3.10%"
"29/10/2015","18.400","18.400","18.400","18.400","0.02K","0.00%"
"28/10/2015","18.400","18.400","18.400","18.400","0.15K","0.00%"
"26/10/2015","18.400","18.400","18.400","18.400","0.00K","0.00%"
"23/10/2015","18.400","18.400","18.400","18.400","0.15K","0.00%"
"22/10/2015","18.400","18.400","18.400","18.400","0.10K","0.00%"
"21/10/2015","18.400","18.400","18.400","18.400","0.11K","0.00%"
"20/10/2015","18.400","18.400","18.400","18.400","3.00K","-0.05%"
"19/10/2015","18.410","18.410","18.410","18.410","0.02K","0.00%"
"16/10/2015","18.410","18.410","18.410","18.410","0.19K","0.05%"
"15/10/2015","18.400","18.400","18.400","18.400","1.11K","-3.11%"
"14/10/2015","18.990","18.410","18.990","18.410","0.15K","0.00%"
"13/10/2015","18.990","18.400","18.990","18.400","1.95K","3.21%"
"12/10/2015","18.400","19.000","19.000","18.400","2.05K","-3.56%"
"06/10/2015","19.080","19.080","19.080","19.080","0.04K","0.42%"
"02/10/2015","19.000","19.000","19.000","19.000","0.19K","-0.42%"
"30/09/2015","19.080","19.080","19.080","19.080","0.02K","0.00%"
"29/09/2015","19.080","18.500","19.080","18.500","0.24K","0.32%"
"28/09/2015","19.020","18.950","19.020","18.950","1.85K","0.11%"
"25/09/2015","19.000","19.000","19.000","19.000","0.30K","0.00%"
"24/09/2015","19.000","19.000","19.000","19.000","0.03K","0.00%"
"23/09/2015","19.000","18.580","19.000","18.580","0.04K","-0.42%"
"22/09/2015","19.080","19.080","19.080","19.080","0.01K","-0.10%"
"21/09/2015","19.100","19.100","19.100","19.100","0.10K","0.00%"
"18/09/2015","19.100","19.000","19.100","19.000","0.29K","0.53%"
"17/09/2015","19.000","19.000","19.000","19.000","0.24K","0.00%"
"16/09/2015","19.000","19.000","19.000","19.000","2.53K","0.00%"
"15/09/2015","19.000","19.000","19.000","19.000","0.59K","1.60%"
"14/09/2015","18.700","18.400","18.700","18.400","0.46K","1.41%"
"11/09/2015","18.440","18.580","18.580","18.440","0.17K","0.38%"
"10/09/2015","18.370","18.370","18.370","18.370","0.10K","0.05%"
"09/09/2015","18.360","18.770","18.770","18.360","0.25K","-4.72%"
"08/09/2015","19.270","19.270","19.270","19.270","0.10K","-0.05%"
"07/09/2015","19.280","18.770","19.280","18.770","0.15K","-0.62%"
"01/09/2015","19.400","19.000","19.400","18.400","0.05K","0.00%"
"31/08/2015","19.400","19.000","19.400","19.000","0.82K","-1.77%"
"28/08/2015","19.750","19.750","19.750","19.750","0.10K","0.00%"
"27/08/2015","19.750","19.000","19.750","18.350","0.14K","0.77%"
"24/08/2015","19.600","19.600","19.600","19.600","1.00K","-2.05%"
"21/08/2015","20.010","20.010","20.010","20.010","1.00K","-1.43%"
"19/08/2015","20.300","20.300","20.300","20.300","0.00K","0.50%"
"18/08/2015","20.200","20.010","20.300","20.010","0.62K","-0.49%"
"17/08/2015","20.300","20.020","20.300","20.020","0.09K","0.00%"
"14/08/2015","20.300","20.010","20.300","20.010","0.05K","-0.98%"
"13/08/2015","20.500","20.500","20.500","20.500","0.00K","2.45%"
"12/08/2015","20.010","20.010","20.010","20.010","0.18K","-0.20%"
"11/08/2015","20.050","20.050","20.050","20.050","0.03K","0.20%"
"10/08/2015","20.010","19.600","20.390","19.600","1.10K","-2.39%"
"05/08/2015","20.500","20.490","20.500","20.490","0.78K","1.49%"
"04/08/2015","20.200","19.990","20.200","19.020","8.99K","1.05%"
"03/08/2015","19.990","19.800","19.990","19.800","2.17K","0.00%"
"31/07/2015","19.990","19.600","19.990","19.600","0.29K","0.86%"
"30/07/2015","19.820","19.900","19.900","18.580","0.93K","-0.85%"
"28/07/2015","19.990","19.990","19.990","19.990","0.01K","0.81%"
"27/07/2015","19.830","19.830","19.830","19.830","0.10K","-2.07%"
"24/07/2015","20.250","20.400","20.410","19.910","1.82K","0.80%"
"23/07/2015","20.090","19.830","20.100","19.830","1.06K","0.50%"
"22/07/2015","19.990","20.020","20.400","19.990","0.44K","-2.01%"
"21/07/2015","20.400","20.080","20.400","20.000","5.01K","2.00%"
"20/07/2015","20.000","19.550","20.000","19.510","0.18K","0.50%"
"17/07/2015","19.900","19.900","19.900","19.800","0.82K","-0.45%"
"16/07/2015","19.990","19.300","20.000","19.000","2.62K","5.21%"
"15/07/2015","19.000","19.000","19.000","19.000","0.08K","-2.06%"
"13/07/2015","19.400","18.350","19.400","18.350","0.78K","0.94%"
"10/07/2015","19.220","18.500","19.220","18.500","0.18K","1.16%"
"08/07/2015","19.000","19.250","19.250","18.600","0.24K","-1.30%"
"07/07/2015","19.250","19.250","19.250","19.250","0.04K","0.00%"
"06/07/2015","19.250","19.200","19.250","19.200","0.07K","-2.78%"
"03/07/2015","19.800","19.200","19.800","19.200","2.13K","0.76%"
"02/07/2015","19.650","19.650","19.650","19.650","0.01K","0.00%"
"01/07/2015","19.650","19.690","19.690","19.650","0.06K","-0.76%"
"30/06/2015","19.800","19.800","19.800","19.800","0.03K","0.00%"
"29/06/2015","19.800","19.000","19.800","19.000","0.65K","1.02%"
"26/06/2015","19.600","19.400","19.650","19.400","0.16K","0.51%"
"25/06/2015","19.500","19.680","19.680","18.850","0.45K","0.78%"
"24/06/2015","19.350","19.000","19.350","19.000","0.10K","-1.68%"
"23/06/2015","19.680","19.050","19.680","19.030","0.19K","0.00%"
"19/06/2015","19.680","19.150","19.680","19.150","0.26K","-0.05%"
"18/06/2015","19.690","19.250","19.690","19.250","0.05K","-0.05%"
"17/06/2015","19.700","19.250","19.700","19.250","0.09K","1.81%"
"16/06/2015","19.350","19.350","19.350","19.350","0.10K","-0.26%"
"15/06/2015","19.400","19.400","19.400","19.400","0.00K","-3.00%"
"10/06/2015","20.000","19.990","20.000","19.990","0.01K","2.56%"
"09/06/2015","19.500","19.500","19.550","19.500","0.39K","-0.26%"
"08/06/2015","19.550","19.700","19.700","19.550","0.33K","-2.20%"
"05/06/2015","19.990","19.990","19.990","19.990","0.05K","-0.05%"
"02/06/2015","20.000","20.000","20.000","20.000","0.13K","1.52%"
"01/06/2015","19.700","20.200","20.200","19.700","0.99K","-1.50%"
"29/05/2015","20.000","20.200","20.200","20.000","0.20K","-0.99%"
"28/05/2015","20.200","20.000","20.200","20.000","0.82K","1.00%"
"27/05/2015","20.000","19.700","20.000","19.700","0.52K","1.52%"
"26/05/2015","19.700","19.700","19.700","19.650","0.16K","0.00%"
"25/05/2015","19.700","19.530","19.700","19.300","1.05K","-0.25%"
"22/05/2015","19.750","19.720","19.750","19.720","0.38K","-2.23%"
"21/05/2015","20.200","20.300","20.300","20.000","0.08K","-0.49%"
"20/05/2015","20.300","20.010","20.300","20.010","0.07K","-0.49%"
"19/05/2015","20.400","20.200","20.400","19.860","0.92K","0.99%"
"18/05/2015","20.200","20.000","20.200","19.900","0.23K","0.00%"
"15/05/2015","20.200","20.000","20.200","19.730","0.97K","0.50%"
"14/05/2015","20.100","20.000","20.100","19.800","0.83K","-1.47%"
"13/05/2015","20.400","20.190","20.400","20.190","0.45K","1.49%"
"12/05/2015","20.100","20.000","20.100","20.000","0.25K","1.52%"
"11/05/2015","19.800","19.800","19.800","19.800","0.60K","-1.00%"
"08/05/2015","20.000","20.000","20.000","19.750","0.42K","0.00%"
"06/05/2015","20.000","19.700","20.000","19.700","1.81K","0.15%"
"05/05/2015","19.970","19.960","19.970","19.960","1.00K","1.37%"
"04/05/2015","19.700","20.160","20.160","19.700","0.75K","-2.91%"
"30/04/2015","20.290","20.000","20.300","20.000","0.20K","1.81%"
"29/04/2015","19.930","20.000","20.000","19.930","0.15K","-1.82%"
"28/04/2015","20.300","20.250","20.300","20.000","0.06K","0.25%"
"27/04/2015","20.250","20.000","20.700","20.000","2.18K","1.50%"
"24/04/2015","19.950","19.600","19.950","19.600","62.60K","1.79%"
"23/04/2015","19.600","19.800","19.800","19.300","0.21K","-0.20%"
"22/04/2015","19.640","19.640","19.640","19.640","0.20K","0.00%"
"21/04/2015","19.640","19.400","19.640","19.400","0.21K","0.00%"
"20/04/2015","19.640","19.640","19.640","19.640","0.10K","0.00%"
"17/04/2015","19.640","19.400","19.640","19.400","0.16K","-0.81%"
"16/04/2015","19.800","19.600","19.800","19.600","0.06K","0.00%"
"15/04/2015","19.800","19.600","19.800","19.600","0.34K","1.02%"
"14/04/2015","19.600","20.000","20.000","19.600","0.27K","-2.73%"
"13/04/2015","20.150","20.150","20.150","20.150","0.26K","0.25%"
"10/04/2015","20.100","19.870","20.100","19.600","1.47K","1.01%"
"09/04/2015","19.900","19.980","19.980","19.900","0.16K","-0.40%"
"08/04/2015","19.980","19.870","19.980","19.850","12.11K","1.16%"
"07/04/2015","19.750","19.800","19.890","19.750","0.31K","0.25%"
"02/04/2015","19.700","19.800","19.900","19.400","0.79K","-0.51%"
"01/04/2015","19.800","19.800","19.800","19.750","10.25K","1.54%"
"31/03/2015","19.500","19.990","20.160","19.450","24.03K","-2.45%"
"30/03/2015","19.990","19.000","19.990","19.000","5.65K","4.55%"
"27/03/2015","19.120","19.120","19.120","19.000","0.60K","0.00%"
"26/03/2015","19.120","19.200","19.200","19.000","0.29K","-1.44%"
"24/03/2015","19.400","19.500","19.500","19.200","0.68K","0.31%"
"23/03/2015","19.340","19.290","19.600","18.850","3.98K","-2.32%"
"20/03/2015","19.800","20.250","20.500","19.290","3.15K","-1.25%"
"19/03/2015","20.050","19.990","20.050","19.990","1.11K","0.75%"
"18/03/2015","19.900","19.760","19.900","19.570","1.31K","0.71%"
"17/03/2015","19.760","20.900","20.900","19.570","2.06K","-5.68%"
"16/03/2015","20.950","19.900","20.950","19.900","2.04K","4.75%"
"13/03/2015","20.000","19.630","20.000","19.630","0.24K","1.94%"
"12/03/2015","19.620","19.620","19.620","19.620","0.10K","-0.91%"
"11/03/2015","19.800","19.800","19.800","19.800","0.86K","0.00%"
"10/03/2015","19.800","20.400","20.400","19.800","1.11K","-2.80%"
"09/03/2015","20.370","20.540","20.540","19.800","0.25K","0.15%"
"06/03/2015","20.340","19.550","20.340","19.550","1.26K","4.85%"
"05/03/2015","19.400","19.300","19.400","19.300","0.27K","0.52%"
"04/03/2015","19.300","19.170","19.300","19.050","0.81K","-0.52%"
"03/03/2015","19.400","19.600","19.600","19.400","0.03K","0.41%"
"02/03/2015","19.320","19.400","19.400","19.320","0.15K","-1.68%"
"27/02/2015","19.650","19.400","19.780","19.400","0.61K","1.34%"
"26/02/2015","19.390","19.240","19.450","19.170","1.74K","0.78%"
"25/02/2015","19.240","19.180","19.250","19.000","2.02K","0.16%"
"24/02/2015","19.210","19.700","19.740","19.200","2.76K","-3.95%"
"23/02/2015","20.000","20.100","20.100","20.000","0.33K","-0.10%"
"20/02/2015","20.020","19.250","20.020","19.150","15.04K","0.00%"
"19/02/2015","20.020","19.500","20.020","19.470","0.31K","0.10%"
"18/02/2015","20.000","19.700","20.000","19.500","0.22K","0.05%"
"17/02/2015","19.990","19.620","19.990","19.550","0.30K","-0.05%"
"16/02/2015","20.000","19.620","20.000","19.620","0.26K","0.00%"
"13/02/2015","20.000","20.000","20.190","19.650","1.27K","0.00%"
"12/02/2015","20.000","20.050","20.050","20.000","0.38K","-2.34%"
"11/02/2015","20.480","19.950","20.480","19.520","1.17K","2.71%"
"10/02/2015","19.940","19.680","19.940","19.520","0.52K","2.31%"
"09/02/2015","19.490","19.700","19.700","19.210","0.79K","-2.45%"
"06/02/2015","19.980","19.980","19.980","19.980","0.11K","1.42%"
"05/02/2015","19.700","20.240","20.240","19.700","0.41K","-1.45%"
"04/02/2015","19.990","21.000","21.000","19.760","9.85K","-5.71%"
"03/02/2015","21.200","21.500","21.500","21.200","1.25K","2.17%"
"02/02/2015","20.750","21.160","21.160","20.750","0.25K","-1.89%"
"30/01/2015","21.150","21.340","21.340","20.760","0.17K","0.71%"
"28/01/2015","21.000","21.000","21.000","20.750","0.20K","2.44%"
"27/01/2015","20.500","21.000","21.000","20.500","0.10K","-3.98%"
"26/01/2015","21.350","21.350","21.350","21.350","0.01K","0.00%"
"23/01/2015","21.350","20.900","21.350","20.900","0.60K","2.15%"
"22/01/2015","20.900","20.850","20.900","20.850","0.04K","1.85%"
"20/01/2015","20.520","21.320","21.320","20.510","2.10K","-4.42%"
"19/01/2015","21.470","21.470","21.470","21.470","0.07K","-1.51%"
"16/01/2015","21.800","21.690","21.800","21.690","0.02K","-0.91%"
"15/01/2015","22.000","21.760","22.000","21.470","1.19K","0.05%"
"14/01/2015","21.990","22.000","22.490","21.900","1.11K","-0.05%"
"13/01/2015","22.000","21.660","22.200","21.660","1.47K","0.00%"
"12/01/2015","22.000","21.730","22.000","20.650","2.26K","1.15%"
"09/01/2015","21.750","21.250","21.750","20.580","4.53K","-0.18%"
"08/01/2015","21.790","21.200","21.790","20.150","6.54K","-0.50%"
"07/01/2015","21.900","21.700","22.000","21.200","4.09K","-1.35%"
"02/01/2015","22.200","22.000","22.230","21.700","0.57K","0.45%"
"30/12/2014","22.100","22.000","22.250","21.950","3.82K","0.00%"
"29/12/2014","22.100","22.300","22.300","21.910","3.00K","-2.21%"
"23/12/2014","22.600","22.500","22.600","22.400","1.67K","-1.74%"
"22/12/2014","23.000","22.300","23.770","22.100","2.50K","2.22%"
"19/12/2014","22.500","22.500","23.000","22.500","3.36K","0.00%"
"18/12/2014","22.500","22.700","22.700","22.300","0.34K","-1.53%"
"17/12/2014","22.850","22.700","22.850","22.000","1.01K","-0.65%"
"16/12/2014","23.000","22.800","23.000","21.850","4.54K","0.44%"
"15/12/2014","22.900","21.940","22.900","21.940","2.28K","4.57%"
"12/12/2014","21.900","21.700","21.900","21.700","3.09K","0.55%"
"11/12/2014","21.780","21.250","21.780","21.250","4.42K","1.35%"
"10/12/2014","21.490","21.330","21.600","21.330","3.64K","0.94%"
"09/12/2014","21.290","21.190","21.300","21.000","1.75K","-1.44%"
"08/12/2014","21.600","21.270","21.700","21.000","1.05K","1.46%"
"05/12/2014","21.290","21.700","21.700","21.000","12.70K","-1.89%"
"04/12/2014","21.700","21.500","21.800","21.300","4.82K","0.93%"
"03/12/2014","21.500","21.400","21.530","21.000","1.96K","-0.46%"
"02/12/2014","21.600","21.700","21.700","21.450","0.29K","-0.64%"
"01/12/2014","21.740","21.490","21.750","21.200","4.36K","1.16%"
"28/11/2014","21.490","21.000","21.650","21.000","8.10K","2.33%"
"27/11/2014","21.000","21.000","21.000","20.800","2.39K","0.05%"
"26/11/2014","20.990","19.700","21.000","19.610","6.37K","6.55%"
"25/11/2014","19.700","19.750","19.750","19.310","1.27K","-1.55%"
"24/11/2014","20.010","20.190","20.200","19.750","0.65K","-1.19%"
"21/11/2014","20.250","20.200","21.000","19.650","3.04K","-1.22%"
"20/11/2014","20.500","19.480","20.770","19.440","8.96K","5.24%"
"19/11/2014","19.480","19.100","19.480","19.100","1.92K","1.99%"
"18/11/2014","19.100","18.550","19.100","18.500","5.67K","4.37%"
"17/11/2014","18.300","18.280","18.540","18.010","2.56K","0.05%"
"14/11/2014","18.290","18.380","18.390","18.290","0.23K","-0.54%"
"13/11/2014","18.390","18.140","18.390","18.140","0.18K","-0.76%"
"12/11/2014","18.530","18.310","18.550","18.150","0.85K","-0.48%"
"10/11/2014","18.620","18.300","18.620","18.300","0.06K","1.75%"
"07/11/2014","18.300","18.300","18.640","18.300","0.68K","-1.77%"
"06/11/2014","18.630","18.300","18.630","18.300","0.15K","1.53%"
"05/11/2014","18.350","18.900","18.900","18.350","0.95K","-3.42%"
"04/11/2014","19.000","19.050","19.050","18.700","0.13K","-0.73%"
"03/11/2014","19.140","18.890","19.140","18.500","0.49K","1.32%"
"31/10/2014","18.890","18.600","18.900","18.500","0.27K","1.56%"
"30/10/2014","18.600","18.370","18.820","18.300","1.40K","0.49%"
"29/10/2014","18.510","18.790","18.790","18.510","0.09K","-1.54%"
"28/10/2014","18.800","19.200","19.200","18.620","1.23K","-2.59%"
"27/10/2014","19.300","19.010","19.300","19.010","0.26K","0.57%"
"24/10/2014","19.190","19.190","19.190","19.000","0.15K","-0.26%"
"23/10/2014","19.240","18.770","19.350","18.700","5.99K","3.22%"
"22/10/2014","18.640","18.300","18.640","18.300","0.20K","1.86%"
"21/10/2014","18.300","18.700","18.720","18.300","1.41K","-2.56%"
"20/10/2014","18.780","18.800","18.800","18.750","3.02K","-0.05%"
"17/10/2014","18.790","18.280","18.800","18.280","1.83K","2.62%"
"16/10/2014","18.310","18.500","18.600","18.300","0.23K","-1.03%"
"15/10/2014","18.500","18.500","18.500","18.500","0.05K","1.09%"
"14/10/2014","18.300","18.300","18.500","18.300","1.05K","0.00%"
"13/10/2014","18.300","18.590","18.590","18.300","0.10K","-2.14%"
"10/10/2014","18.700","18.570","18.700","18.300","0.53K","0.27%"
"09/10/2014","18.650","18.650","19.000","18.650","8.69K","0.00%"
"08/10/2014","18.650","18.550","18.700","18.300","0.58K","-0.27%"
"07/10/2014","18.700","18.400","18.700","18.300","0.30K","0.00%"
"06/10/2014","18.700","18.730","18.740","18.300","0.92K","-0.21%"
"03/10/2014","18.740","18.450","18.740","18.450","0.95K","1.41%"
"02/10/2014","18.480","18.400","18.480","18.200","0.75K","-0.11%"
"01/10/2014","18.500","18.750","18.750","18.500","0.50K","-1.33%"
"30/09/2014","18.750","18.600","18.750","18.400","0.21K","0.81%"
"29/09/2014","18.600","18.450","18.600","18.450","1.51K","0.81%"
"26/09/2014","18.450","18.400","18.450","18.400","1.50K","0.00%"
"25/09/2014","18.450","18.540","18.540","18.050","0.45K","-0.27%"
"24/09/2014","18.500","18.280","18.500","18.000","2.02K","1.54%"
"23/09/2014","18.220","17.900","18.220","17.900","2.81K","2.02%"
"22/09/2014","17.860","18.220","18.220","17.410","1.66K","-1.98%"
"19/09/2014","18.220","18.100","18.220","17.500","2.69K","0.66%"
"18/09/2014","18.100","17.400","18.100","17.390","1.94K","4.08%"
"17/09/2014","17.390","17.490","17.490","16.910","12.55K","2.29%"
"16/09/2014","17.000","17.300","17.670","16.900","1.71K","-1.45%"
"15/09/2014","17.250","16.600","17.500","16.600","7.42K","1.47%"
"12/09/2014","17.000","17.000","17.500","17.000","1.85K","0.00%"
"11/09/2014","17.000","17.680","17.690","17.000","8.87K","-0.58%"
"10/09/2014","17.100","17.460","17.460","17.060","33.72K","-2.01%"
"09/09/2014","17.450","17.690","17.690","17.000","0.63K","-1.30%"
"08/09/2014","17.680","17.490","18.000","17.160","7.18K","1.03%"
"05/09/2014","17.500","17.870","17.870","17.500","0.97K","-0.96%"
"04/09/2014","17.670","17.700","17.930","17.670","1.62K","0.00%"
"03/09/2014","17.670","18.600","18.610","17.670","4.05K","-3.18%"
"02/09/2014","18.250","19.390","19.390","18.100","7.11K","-3.18%"
"01/09/2014","18.850","18.400","18.850","18.400","0.24K","0.27%"