"Date","Price","Open","High","Low","Vol.","Change %"
"30/09/2025","12.70","12.40","12.80","12.40","0.57K","-0.78%"
"29/09/2025","12.80","12.60","12.80","12.50","4.04K","0.00%"
"26/09/2025","12.80","12.70","12.80","12.70","6.58K","0.79%"
"25/09/2025","12.70","12.60","12.70","12.50","3.83K","0.00%"
"24/09/2025","12.70","12.50","12.70","12.40","18.94K","-0.78%"
"23/09/2025","12.80","12.90","12.90","12.50","14.75K","-0.78%"
"22/09/2025","12.90","12.90","12.90","12.70","0.32K","-1.53%"
"19/09/2025","13.10","12.70","13.10","12.60","4.14K","0.77%"
"18/09/2025","13.00","13.00","13.00","12.70","0.65K","-0.76%"
"17/09/2025","13.10","12.90","13.10","12.80","0.30K","0.77%"
"16/09/2025","13.00","13.00","13.00","13.00","0.01K","-0.76%"
"15/09/2025","13.10","13.00","13.10","12.80","0.89K","0.77%"
"12/09/2025","13.00","12.90","13.20","12.50","4.44K","-1.52%"
"11/09/2025","13.20","13.00","13.20","13.00","1.50K","0.76%"
"10/09/2025","13.10","12.80","13.10","12.80","0.05K","-0.76%"
"09/09/2025","13.20","12.80","13.30","12.60","3.90K","3.12%"
"08/09/2025","12.80","12.70","12.80","12.70","0.30K","0.79%"
"04/09/2025","12.70","12.70","12.70","12.30","1.03K","0.00%"
"03/09/2025","12.70","12.70","12.70","12.70","0.01K","0.00%"
"02/09/2025","12.70","12.70","12.70","12.70","0.03K","0.00%"
"01/09/2025","12.70","12.70","12.70","12.60","0.92K","-0.78%"
"29/08/2025","12.80","12.90","12.90","12.80","0.07K","-1.54%"
"28/08/2025","13.00","12.90","13.00","12.90","0.01K","0.00%"
"27/08/2025","13.00","12.80","13.00","12.80","0.02K","0.00%"
"26/08/2025","13.00","13.00","13.00","13.00","0.10K","0.00%"
"25/08/2025","13.00","12.90","13.00","12.70","0.57K","-0.76%"
"22/08/2025","13.10","12.90","13.20","12.90","0.17K","-1.50%"
"21/08/2025","13.30","12.90","13.30","12.90","8.81K","2.31%"
"20/08/2025","13.00","12.90","13.00","12.80","0.51K","0.78%"
"19/08/2025","12.90","12.60","12.90","12.60","0.23K","0.78%"
"18/08/2025","12.80","12.50","12.80","12.50","20.59K","0.00%"
"14/08/2025","12.80","12.70","12.80","12.60","0.10K","1.59%"
"13/08/2025","12.60","12.60","12.80","12.60","0.98K","-1.56%"
"12/08/2025","12.80","12.90","12.90","12.50","4.40K","-0.78%"
"11/08/2025","12.90","12.80","12.90","12.70","0.13K","0.00%"
"08/08/2025","12.90","12.80","12.90","12.70","0.80K","-0.77%"
"07/08/2025","13.00","13.20","13.20","12.80","9.61K","-0.76%"
"06/08/2025","13.10","12.90","13.40","12.80","22.56K","0.77%"
"05/08/2025","13.00","12.90","13.20","12.60","18.94K","0.78%"
"04/08/2025","12.90","11.90","12.90","11.70","4.72K","8.40%"
"01/08/2025","11.90","11.80","11.90","11.60","0.60K","-2.46%"
"31/07/2025","12.20","12.10","12.20","11.80","0.19K","0.83%"
"30/07/2025","12.10","12.10","12.10","11.80","0.01K","0.00%"
"29/07/2025","12.10","11.60","12.10","11.60","0.09K","4.31%"
"28/07/2025","11.60","12.00","12.00","11.60","0.36K","-3.33%"
"25/07/2025","12.00","12.00","12.00","12.00","0.40K","0.00%"
"23/07/2025","12.00","11.60","12.00","11.60","0.10K","0.00%"
"22/07/2025","12.00","11.50","12.00","11.50","0.30K","2.56%"
"21/07/2025","11.70","11.40","11.70","11.30","0.17K","0.00%"
"18/07/2025","11.70","11.70","11.70","11.70","0.23K","-0.85%"
"16/07/2025","11.80","11.60","11.90","11.40","0.52K","-1.67%"
"15/07/2025","12.00","11.60","12.00","11.60","0.28K","0.00%"
"14/07/2025","12.00","11.60","12.00","11.60","0.09K","0.00%"
"11/07/2025","12.00","12.00","12.00","12.00","0.01K","-0.83%"
"10/07/2025","12.10","11.60","12.10","11.60","0.06K","0.00%"
"08/07/2025","12.10","11.90","12.10","11.90","0.21K","0.00%"
"07/07/2025","12.10","12.10","12.10","12.10","0.01K","0.00%"
"04/07/2025","12.10","12.10","12.10","12.10","0.00K","0.83%"
"03/07/2025","12.00","12.00","12.00","12.00","0.01K","-0.83%"
"02/07/2025","12.10","11.60","12.10","11.60","1.17K","2.54%"
"01/07/2025","11.80","11.60","11.80","11.50","0.20K","0.00%"
"30/06/2025","11.80","11.80","11.80","11.80","0.10K","0.00%"
"27/06/2025","11.80","11.80","11.80","11.70","0.54K","0.00%"
"26/06/2025","11.80","11.50","12.10","11.50","2.93K","-2.48%"
"25/06/2025","12.10","11.60","12.10","11.60","0.25K","0.83%"
"24/06/2025","12.00","12.10","12.10","11.80","1.03K","1.69%"
"23/06/2025","11.80","12.10","12.10","11.80","0.22K","-1.67%"
"20/06/2025","12.00","12.00","12.00","12.00","0.01K","-0.83%"
"17/06/2025","12.10","11.90","12.10","11.70","1.45K","1.68%"
"16/06/2025","11.90","12.00","12.60","11.90","0.88K","-5.56%"
"13/06/2025","12.60","12.90","12.90","12.30","0.36K","-2.33%"
"12/06/2025","12.90","11.90","12.90","11.90","8.67K","8.40%"
"11/06/2025","11.90","11.90","11.90","11.90","0.18K","-0.83%"
"10/06/2025","12.00","12.00","12.00","11.50","1.00K","0.00%"
"09/06/2025","12.00","11.40","12.00","11.40","0.84K","1.69%"
"04/06/2025","11.80","11.80","11.80","11.80","0.38K","1.72%"
"03/06/2025","11.60","11.40","11.60","11.40","1.20K","0.87%"
"02/06/2025","11.50","11.20","11.50","11.20","0.51K","-0.86%"
"30/05/2025","11.60","11.40","11.60","11.40","0.44K","3.57%"
"29/05/2025","11.20","11.20","11.20","11.20","0.05K","0.00%"
"28/05/2025","11.20","11.40","11.40","11.20","0.12K","-1.75%"
"27/05/2025","11.40","11.40","11.40","11.40","0.10K","0.00%"
"26/05/2025","11.40","11.00","11.40","11.00","0.67K","2.70%"
"23/05/2025","11.10","11.30","11.30","11.10","3.02K","0.91%"
"22/05/2025","11.00","11.40","11.40","11.00","0.21K","-2.65%"
"20/05/2025","11.30","11.10","11.30","11.00","0.93K","0.89%"
"19/05/2025","11.20","11.30","11.30","11.20","0.85K","0.00%"
"15/05/2025","11.20","11.30","11.30","11.20","1.22K","-0.88%"
"14/05/2025","11.30","11.50","11.50","11.30","0.72K","-2.59%"
"13/05/2025","11.60","11.30","11.60","11.20","0.21K","0.00%"
"12/05/2025","11.60","11.70","11.70","11.30","1.80K","0.87%"
"09/05/2025","11.50","11.40","11.50","11.30","1.06K","0.88%"
"08/05/2025","11.40","11.40","11.50","11.40","0.51K","0.88%"
"07/05/2025","11.30","11.40","11.80","11.30","0.43K","-1.74%"
"06/05/2025","11.50","11.50","11.70","11.40","6.16K","-4.17%"
"05/05/2025","12.00","12.00","12.00","12.00","0.01K","3.45%"
"02/05/2025","11.60","11.70","12.00","11.60","3.60K","-1.69%"
"30/04/2025","11.80","11.80","11.80","11.80","0.64K","1.72%"
"29/04/2025","11.60","12.10","12.10","11.60","2.16K","-3.33%"
"28/04/2025","12.00","12.00","12.10","12.00","0.11K","0.00%"
"25/04/2025","12.00","11.80","12.10","11.80","1.43K","3.45%"
"23/04/2025","11.60","11.50","11.90","11.50","1.20K","0.87%"
"22/04/2025","11.50","11.50","11.50","11.50","0.11K","-2.54%"
"17/04/2025","11.80","11.40","11.80","11.40","0.01K","1.72%"
"15/04/2025","11.60","11.60","11.60","11.60","1.36K","-2.52%"
"14/04/2025","11.90","12.30","12.30","11.90","1.56K","1.71%"
"11/04/2025","11.70","11.80","11.80","11.40","1.21K","-4.88%"
"08/04/2025","12.30","12.30","12.30","12.30","0.06K","0.82%"
"07/04/2025","12.20","12.40","12.40","12.20","0.65K","-2.40%"
"28/03/2025","12.50","12.40","12.50","12.40","0.02K","0.81%"
"27/03/2025","12.40","12.30","12.40","12.30","1.56K","0.81%"
"26/03/2025","12.30","12.50","12.50","12.30","0.55K","-1.60%"
"25/03/2025","12.50","12.50","12.50","12.50","0.32K","0.00%"
"24/03/2025","12.50","12.80","12.80","12.50","0.41K","-3.85%"
"20/03/2025","13.00","13.00","13.00","13.00","0.01K","0.00%"
"19/03/2025","13.00","13.00","13.00","13.00","0.01K","-1.52%"
"18/03/2025","13.20","13.20","13.20","13.20","0.01K","-0.75%"
"13/03/2025","13.30","13.30","13.30","13.30","0.00K","3.10%"
"12/03/2025","12.90","12.90","13.10","12.90","3.20K","-0.77%"
"11/03/2025","13.00","13.00","13.00","13.00","0.02K","-0.76%"
"10/03/2025","13.10","13.20","13.20","12.70","5.19K","-1.50%"
"07/03/2025","13.30","13.00","13.30","12.80","2.97K","2.31%"
"06/03/2025","13.00","12.80","13.00","12.70","0.95K","1.56%"
"05/03/2025","12.80","12.60","12.80","12.20","0.97K","-1.54%"
"04/03/2025","13.00","12.60","13.00","12.50","0.76K","0.78%"
"03/03/2025","12.90","12.90","12.90","12.50","0.96K","0.00%"
"28/02/2025","12.90","12.70","12.90","12.70","0.23K","-0.77%"
"27/02/2025","13.00","12.80","13.00","12.80","0.26K","0.00%"
"21/02/2025","13.00","13.00","13.00","13.00","0.02K","0.00%"
"20/02/2025","13.00","13.00","13.00","13.00","0.01K","2.36%"
"19/02/2025","12.70","13.20","13.20","12.70","2.14K","-3.79%"
"17/02/2025","13.20","13.20","13.20","13.20","0.26K","0.00%"
"14/02/2025","13.20","13.10","13.20","13.10","0.28K","1.54%"
"13/02/2025","13.00","13.00","13.10","13.00","0.77K","-2.99%"
"12/02/2025","13.40","13.40","13.40","12.70","7.83K","0.00%"
"11/02/2025","13.40","12.70","13.40","12.60","5.31K","4.69%"
"10/02/2025","12.80","12.50","12.80","12.50","0.49K","0.00%"
"07/02/2025","12.80","12.80","12.80","12.80","0.09K","0.00%"
"05/02/2025","12.80","12.80","12.80","12.80","0.06K","-2.29%"
"04/02/2025","13.10","12.30","13.10","12.30","1.97K","3.97%"
"03/02/2025","12.60","12.10","12.60","12.10","4.57K","3.28%"
"31/01/2025","12.20","12.20","12.60","12.20","0.74K","0.00%"
"30/01/2025","12.20","11.90","12.30","11.90","0.86K","0.83%"
"29/01/2025","12.10","11.70","12.10","11.70","0.74K","3.42%"
"28/01/2025","11.70","11.90","11.90","11.70","1.10K","-3.31%"
"27/01/2025","12.10","12.10","12.10","12.10","0.02K","-0.82%"
"24/01/2025","12.20","12.10","12.20","11.80","0.19K","1.67%"
"23/01/2025","12.00","12.00","12.00","12.00","0.11K","-0.83%"
"20/01/2025","12.10","12.10","12.10","12.10","0.01K","0.00%"
"17/01/2025","12.10","11.90","12.30","11.80","1.42K","1.68%"
"15/01/2025","11.90","11.90","11.90","11.90","0.25K","0.00%"
"14/01/2025","11.90","11.90","12.10","11.90","3.21K","-0.83%"
"13/01/2025","12.00","11.90","12.00","11.90","1.07K","0.84%"
"10/01/2025","11.90","11.70","11.90","11.70","1.66K","3.48%"
"09/01/2025","11.50","11.50","11.50","11.50","0.76K","0.00%"
"08/01/2025","11.50","11.30","11.50","11.30","0.28K","0.88%"
"07/01/2025","11.40","11.40","11.40","11.10","2.40K","0.00%"
"03/01/2025","11.40","11.00","11.40","11.00","0.87K","0.88%"
"02/01/2025","11.30","11.20","11.30","11.20","0.52K","0.89%"
"30/12/2024","11.20","11.20","11.20","11.20","0.01K","0.00%"
"27/12/2024","11.20","11.20","11.20","10.90","0.09K","2.75%"
"23/12/2024","10.90","10.90","11.20","10.90","3.60K","-1.80%"
"20/12/2024","11.10","11.30","11.30","11.00","2.68K","-1.77%"
"19/12/2024","11.30","11.30","11.30","11.30","0.10K","0.00%"
"18/12/2024","11.30","11.40","11.50","11.10","6.17K","0.00%"
"17/12/2024","11.30","11.30","11.30","10.80","2.03K","-0.88%"
"16/12/2024","11.40","11.50","11.50","11.30","1.54K","-1.72%"
"13/12/2024","11.60","11.00","11.60","10.80","4.76K","2.65%"
"12/12/2024","11.30","11.80","11.90","11.30","2.42K","-5.83%"
"11/12/2024","12.00","11.90","12.00","11.80","0.13K","0.00%"
"10/12/2024","12.00","12.20","12.20","11.90","1.27K","-2.44%"
"09/12/2024","12.30","12.30","12.30","12.30","0.29K","0.00%"
"06/12/2024","12.30","12.30","12.30","12.30","0.76K","-0.81%"
"05/12/2024","12.40","12.40","12.40","12.40","0.12K","-0.80%"
"03/12/2024","12.50","12.00","12.50","12.00","0.84K","2.46%"
"02/12/2024","12.20","12.30","12.30","12.00","3.23K","-2.40%"
"29/11/2024","12.50","12.60","12.60","12.50","1.61K","-0.79%"
"26/11/2024","12.60","12.50","12.70","12.40","3.35K","0.80%"
"25/11/2024","12.50","12.30","12.50","12.20","0.30K","-0.79%"
"22/11/2024","12.60","12.40","12.60","12.30","0.10K","1.61%"
"21/11/2024","12.40","12.40","12.40","12.40","0.20K","-2.36%"
"20/11/2024","12.70","12.40","12.70","12.40","0.07K","1.60%"
"19/11/2024","12.50","12.40","12.50","12.40","0.59K","0.81%"
"18/11/2024","12.40","12.40","12.40","12.40","0.13K","-2.36%"
"15/11/2024","12.70","12.40","12.70","12.40","0.14K","0.00%"
"14/11/2024","12.70","12.70","12.70","12.70","0.09K","0.00%"
"12/11/2024","12.70","12.40","12.70","12.30","0.25K","0.00%"
"08/11/2024","12.70","12.60","12.70","12.60","0.10K","0.79%"
"07/11/2024","12.60","12.40","12.60","12.30","0.03K","-0.79%"
"06/11/2024","12.70","12.70","12.70","12.70","0.01K","-1.55%"
"04/11/2024","12.90","12.30","12.90","12.30","4.77K","0.78%"
"31/10/2024","12.80","12.90","12.90","12.80","0.02K","-0.78%"
"30/10/2024","12.90","12.60","12.90","12.60","0.24K","4.03%"
"29/10/2024","12.40","12.60","12.70","12.40","1.23K","2.48%"
"28/10/2024","12.10","12.30","12.70","12.10","0.54K","-4.72%"
"24/10/2024","12.70","12.30","12.70","12.30","1.05K","4.10%"
"23/10/2024","12.20","12.50","12.50","12.20","1.47K","-3.94%"
"22/10/2024","12.70","12.70","12.70","12.70","0.01K","0.00%"
"21/10/2024","12.70","12.50","12.70","12.20","0.15K","-0.78%"
"17/10/2024","12.80","12.50","12.80","12.50","0.13K","2.40%"
"16/10/2024","12.50","12.60","12.60","12.50","0.22K","-0.79%"
"15/10/2024","12.60","12.50","12.60","12.50","0.04K","0.80%"
"14/10/2024","12.50","12.50","12.80","12.50","0.64K","-1.57%"
"11/10/2024","12.70","12.30","12.70","12.20","0.13K","2.42%"
"10/10/2024","12.40","12.50","12.50","12.40","0.45K","-3.13%"
"09/10/2024","12.80","12.60","12.80","12.50","0.04K","1.59%"
"08/10/2024","12.60","12.60","12.60","12.60","0.31K","-0.79%"
"04/10/2024","12.70","12.70","12.70","12.70","1.10K","-2.31%"
"03/10/2024","13.00","12.90","13.00","12.90","0.17K","1.56%"
"02/10/2024","12.80","12.70","12.80","12.70","0.24K","-1.54%"
"01/10/2024","13.00","12.70","13.00","12.70","0.16K","0.00%"
"30/09/2024","13.00","12.70","13.00","12.70","2.95K","1.56%"
"27/09/2024","12.80","12.70","13.00","12.70","0.78K","0.00%"
"26/09/2024","12.80","12.80","12.80","12.80","0.52K","0.00%"
"25/09/2024","12.80","12.80","12.80","12.80","0.24K","-1.54%"
"24/09/2024","13.00","13.00","13.00","13.00","0.01K","1.56%"
"23/09/2024","12.80","13.00","13.00","12.80","0.61K","-5.19%"
"20/09/2024","13.50","13.40","13.50","13.10","0.02K","0.75%"
"19/09/2024","13.40","13.40","13.40","13.40","0.01K","-0.74%"
"18/09/2024","13.50","12.90","13.50","12.90","0.33K","4.65%"
"17/09/2024","12.90","12.90","12.90","12.80","0.59K","3.20%"
"16/09/2024","12.50","12.40","12.50","12.40","2.03K","0.00%"
"13/09/2024","12.50","12.90","12.90","12.50","0.34K","0.81%"
"12/09/2024","12.40","12.70","12.70","12.40","2.43K","-3.13%"
"11/09/2024","12.80","13.00","13.00","12.70","2.80K","-3.76%"
"10/09/2024","13.30","13.10","13.30","13.10","0.01K","0.76%"
"09/09/2024","13.20","12.90","13.20","12.90","0.34K","2.33%"
"06/09/2024","12.90","13.10","13.10","12.90","0.92K","-0.77%"
"05/09/2024","13.00","13.10","13.10","13.00","0.02K","0.00%"
"04/09/2024","13.00","12.90","13.00","12.90","0.93K","0.78%"
"03/09/2024","12.90","12.90","12.90","12.90","0.50K","0.00%"
"02/09/2024","12.90","13.10","13.10","12.90","0.02K","-1.53%"
"30/08/2024","13.10","12.90","13.10","12.70","1.23K","1.55%"
"28/08/2024","12.90","13.00","13.00","12.70","1.25K","-3.01%"
"22/08/2024","13.30","13.30","13.30","13.30","0.20K","0.00%"
"21/08/2024","13.30","13.10","13.30","12.80","2.17K","0.00%"
"20/08/2024","13.30","13.00","13.30","13.00","0.47K","2.31%"
"19/08/2024","13.00","13.30","13.30","13.00","0.22K","0.78%"
"16/08/2024","12.90","12.90","12.90","12.90","0.14K","-3.01%"
"12/08/2024","13.30","13.30","13.30","12.80","0.16K","0.00%"
"09/08/2024","13.30","13.30","13.30","13.30","0.08K","0.00%"
"08/08/2024","13.30","12.90","13.30","12.90","1.36K","3.91%"
"07/08/2024","12.80","12.70","12.90","12.70","0.43K","0.79%"
"06/08/2024","12.70","12.70","13.40","12.50","2.51K","0.79%"
"05/08/2024","12.60","13.20","13.20","12.50","3.35K","-5.26%"
"02/08/2024","13.30","13.50","13.50","13.30","1.30K","-2.92%"
"01/08/2024","13.70","13.70","13.70","13.60","0.68K","-2.84%"
"31/07/2024","14.10","14.10","14.10","13.60","0.03K","0.00%"
"29/07/2024","14.10","13.80","14.10","13.70","0.29K","2.17%"
"26/07/2024","13.80","13.80","13.80","13.80","0.40K","-2.13%"
"24/07/2024","14.10","13.80","14.10","13.80","2.01K","-0.70%"
"23/07/2024","14.20","13.80","14.20","13.80","0.06K","0.00%"
"22/07/2024","14.20","13.80","14.20","13.80","0.02K","0.00%"
"19/07/2024","14.20","14.00","14.20","13.80","0.59K","1.43%"
"18/07/2024","14.00","13.90","14.00","13.80","0.41K","-0.71%"
"17/07/2024","14.10","14.10","14.10","13.80","0.55K","0.00%"
"16/07/2024","14.10","14.00","14.10","13.90","0.15K","-2.08%"
"15/07/2024","14.40","14.20","14.40","14.20","0.09K","0.70%"
"12/07/2024","14.30","14.00","14.30","14.00","0.56K","2.14%"
"11/07/2024","14.00","14.20","14.30","14.00","0.22K","-2.10%"
"10/07/2024","14.30","14.20","14.50","14.00","5.41K","1.42%"
"09/07/2024","14.10","14.30","14.30","13.90","1.91K","-0.70%"
"08/07/2024","14.20","14.20","14.40","14.20","4.32K","0.00%"
"05/07/2024","14.20","14.10","14.20","14.10","2.75K","0.71%"
"04/07/2024","14.10","14.20","14.20","14.10","0.86K","-0.70%"
"03/07/2024","14.20","14.30","14.30","14.20","0.23K","0.00%"
"02/07/2024","14.20","14.30","14.30","14.20","1.31K","0.00%"
"01/07/2024","14.20","13.60","14.30","13.60","7.01K","2.90%"
"28/06/2024","13.80","13.60","13.80","13.60","0.63K","0.00%"
"27/06/2024","13.80","13.60","13.80","13.60","0.80K","0.73%"
"25/06/2024","13.70","13.40","13.70","13.40","0.11K","0.00%"
"24/06/2024","13.70","13.70","13.70","13.70","0.02K","0.00%"
"19/06/2024","13.70","13.20","13.70","13.20","1.87K","3.01%"
"18/06/2024","13.30","13.10","13.30","13.10","2.08K","-1.48%"
"17/06/2024","13.50","13.40","13.50","13.30","1.57K","0.75%"
"13/06/2024","13.40","13.60","13.60","13.40","4.43K","-1.47%"
"12/06/2024","13.60","13.90","13.90","13.60","0.55K","-2.16%"
"11/06/2024","13.90","13.70","13.90","13.60","0.29K","0.00%"
"10/06/2024","13.90","13.60","13.90","13.60","0.29K","-0.71%"
"07/06/2024","14.00","14.00","14.00","13.70","0.91K","1.45%"
"06/06/2024","13.80","13.80","13.80","13.80","0.07K","0.00%"
"04/06/2024","13.80","13.70","14.00","13.70","3.39K","0.73%"
"03/06/2024","13.70","13.30","13.70","13.20","1.76K","-0.72%"
"31/05/2024","13.80","13.90","13.90","13.40","0.53K","-0.72%"
"29/05/2024","13.90","13.90","13.90","13.30","2.71K","-0.71%"
"28/05/2024","14.00","14.20","14.20","13.30","7.54K","1.45%"
"27/05/2024","13.80","13.70","13.80","13.40","2.10K","0.73%"
"24/05/2024","13.70","13.70","13.70","13.70","0.01K","0.00%"
"23/05/2024","13.70","13.40","13.70","13.40","0.19K","2.24%"
"22/05/2024","13.40","13.40","13.80","13.40","0.97K","-2.90%"
"21/05/2024","13.80","13.50","13.80","13.50","0.31K","0.73%"
"20/05/2024","13.70","13.70","13.90","13.60","2.56K","0.00%"
"17/05/2024","13.70","13.70","13.70","13.70","0.00K","0.00%"
"16/05/2024","13.70","13.70","13.70","13.70","0.22K","-1.44%"
"14/05/2024","13.90","13.10","13.90","13.00","5.03K","3.73%"
"13/05/2024","13.40","13.20","13.40","13.00","1.31K","0.75%"
"09/05/2024","13.30","13.40","13.40","12.70","2.52K","-2.92%"
"08/05/2024","13.70","13.70","13.70","13.70","0.11K","3.01%"
"07/05/2024","13.30","13.70","13.80","13.30","1.38K","-2.92%"
"02/05/2024","13.70","13.70","13.70","13.70","0.02K","3.01%"
"30/04/2024","13.30","13.70","13.70","13.30","0.27K","-3.62%"
"29/04/2024","13.80","13.50","14.60","12.90","10.96K","0.00%"
"26/04/2024","13.80","14.20","14.70","13.50","7.96K","1.47%"
"25/04/2024","13.60","13.30","13.60","13.30","0.06K","-1.45%"
"24/04/2024","13.80","13.90","13.90","13.70","0.51K","-2.13%"
"23/04/2024","14.10","13.30","14.10","13.30","2.27K","6.02%"
"22/04/2024","13.30","13.10","13.30","13.10","0.75K","1.53%"
"19/04/2024","13.10","13.00","13.10","12.60","0.26K","0.77%"
"18/04/2024","13.00","12.60","13.00","12.60","0.03K","2.36%"
"17/04/2024","12.70","13.00","13.00","12.70","1.35K","-1.55%"
"16/04/2024","12.90","12.90","12.90","12.90","0.24K","0.00%"
"15/04/2024","12.90","12.90","12.90","12.90","0.20K","2.38%"
"12/04/2024","12.60","13.00","13.00","12.60","5.04K","-3.08%"
"11/04/2024","13.00","13.00","13.00","13.00","0.77K","-1.52%"
"10/04/2024","13.20","13.20","13.20","13.20","0.01K","0.00%"
"09/04/2024","13.20","13.00","13.20","12.70","3.77K","3.12%"
"08/04/2024","12.80","12.80","12.80","12.80","0.00K","-3.03%"
"05/04/2024","13.20","12.90","13.40","12.90","0.59K","3.94%"
"04/04/2024","12.70","12.70","12.70","12.70","0.34K","-1.55%"
"03/04/2024","12.90","12.70","13.20","12.60","1.60K","-2.27%"
"02/04/2024","13.20","13.10","13.20","12.40","1.93K","-1.12%"
"28/03/2024","13.35","13.35","13.35","12.90","3.11K","-2.20%"
"26/03/2024","13.65","13.35","13.65","13.35","0.03K","0.00%"
"25/03/2024","13.65","13.65","13.65","13.65","0.01K","-1.09%"
"21/03/2024","13.80","13.50","13.80","13.50","1.50K","2.22%"
"20/03/2024","13.50","13.10","13.50","13.10","1.30K","2.27%"
"19/03/2024","13.20","13.20","13.20","13.10","0.39K","-2.94%"
"18/03/2024","13.60","13.50","13.60","13.50","0.33K","0.74%"
"15/03/2024","13.50","13.30","13.50","13.20","0.50K","0.00%"
"13/03/2024","13.50","13.30","13.50","13.30","0.01K","0.00%"
"12/03/2024","13.50","13.40","13.50","13.30","0.39K","0.00%"
"08/03/2024","13.50","13.50","13.50","13.50","0.15K","-0.74%"
"07/03/2024","13.60","13.80","13.80","13.40","1.70K","-1.45%"
"06/03/2024","13.80","13.80","13.80","13.80","0.01K","0.00%"
"05/03/2024","13.80","13.80","13.80","13.80","0.07K","0.00%"
"04/03/2024","13.80","13.50","13.80","13.50","0.04K","0.00%"
"01/03/2024","13.80","13.80","13.80","13.80","0.02K","0.00%"
"29/02/2024","13.80","13.55","13.80","13.50","0.67K","0.00%"
"28/02/2024","13.80","13.95","13.95","13.55","0.78K","-1.08%"
"27/02/2024","13.95","13.95","13.95","13.95","0.01K","0.00%"
"26/02/2024","13.95","13.95","13.95","13.95","0.02K","-0.36%"
"23/02/2024","14.00","13.85","14.00","13.85","2.18K","1.08%"
"22/02/2024","13.85","13.85","13.85","13.85","0.02K","0.00%"
"21/02/2024","13.85","13.85","13.85","13.60","0.66K","1.47%"
"20/02/2024","13.65","13.90","13.90","13.65","0.09K","-0.36%"
"19/02/2024","13.70","13.65","13.70","13.65","0.57K","-0.72%"
"15/02/2024","13.80","14.00","14.00","13.80","0.71K","-1.43%"
"14/02/2024","14.00","14.15","14.15","14.00","1.42K","0.00%"
"13/02/2024","14.00","14.05","14.60","14.00","0.55K","-4.76%"
"12/02/2024","14.70","14.00","14.70","14.00","1.24K","5.00%"
"09/02/2024","14.00","13.95","14.00","13.95","1.10K","0.72%"
"07/02/2024","13.90","13.95","13.95","13.90","0.15K","2.96%"
"06/02/2024","13.50","13.70","13.70","13.50","0.61K","-3.57%"
"05/02/2024","14.00","13.65","14.00","13.65","0.00K","-0.71%"
"02/02/2024","14.10","13.85","14.10","13.70","1.92K","0.00%"
"01/02/2024","14.10","14.15","14.15","14.05","0.31K","-2.08%"
"31/01/2024","14.40","14.40","14.40","14.10","0.55K","0.00%"
"30/01/2024","14.40","14.40","14.40","14.40","0.05K","0.00%"
"29/01/2024","14.40","14.40","14.40","14.15","0.57K","0.00%"
"26/01/2024","14.40","14.15","14.40","14.15","1.03K","1.05%"
"25/01/2024","14.25","13.80","14.25","13.80","0.14K","1.06%"
"23/01/2024","14.10","14.25","14.25","14.10","0.05K","0.00%"
"22/01/2024","14.10","14.10","14.10","14.10","0.01K","0.00%"
"17/01/2024","14.10","14.10","14.10","14.10","0.00K","0.00%"
"16/01/2024","14.10","13.70","14.10","13.65","0.25K","0.00%"
"15/01/2024","14.10","14.10","14.10","14.10","0.48K","0.71%"
"12/01/2024","14.00","14.00","14.00","14.00","0.18K","1.08%"
"11/01/2024","13.85","13.95","13.95","13.85","0.56K","0.00%"
"10/01/2024","13.85","14.45","14.45","13.60","4.57K","-4.15%"
"09/01/2024","14.45","14.10","14.45","13.90","0.57K","2.48%"
"08/01/2024","14.10","14.40","14.70","13.90","2.01K","-2.08%"
"05/01/2024","14.40","15.30","15.30","14.30","2.85K","-5.57%"
"04/01/2024","15.25","15.25","15.40","15.20","5.99K","0.33%"
"03/01/2024","15.20","15.20","15.50","14.90","1.45K","1.33%"
"02/01/2024","15.00","14.60","15.50","14.20","24.02K","3.45%"
"29/12/2023","14.50","14.10","14.50","14.10","6.50K","3.57%"
"28/12/2023","14.00","13.90","14.65","13.90","4.52K","1.08%"
"27/12/2023","13.85","13.85","13.85","13.85","0.18K","0.00%"
"22/12/2023","13.85","13.85","13.85","13.80","0.58K","0.00%"
"21/12/2023","13.85","13.45","13.90","13.45","0.48K","2.97%"
"20/12/2023","13.45","13.60","13.65","13.45","0.79K","-3.58%"
"19/12/2023","13.95","13.45","13.95","13.40","5.38K","1.82%"
"18/12/2023","13.70","13.70","13.70","13.70","0.01K","-1.44%"
"15/12/2023","13.90","14.05","14.05","13.80","0.84K","-1.42%"
"14/12/2023","14.10","13.50","14.10","13.50","3.18K","4.44%"
"13/12/2023","13.50","13.50","13.50","13.10","0.39K","0.00%"
"12/12/2023","13.50","13.50","13.50","13.10","0.35K","0.75%"
"11/12/2023","13.40","13.10","13.40","13.10","0.02K","0.75%"
"08/12/2023","13.30","13.10","13.30","13.10","0.04K","0.00%"
"07/12/2023","13.30","13.15","13.30","13.00","2.98K","-1.12%"
"06/12/2023","13.45","13.20","13.45","13.20","0.21K","2.28%"
"05/12/2023","13.15","13.20","13.20","13.15","0.38K","-0.38%"
"04/12/2023","13.20","13.40","13.40","13.20","2.66K","-1.49%"
"01/12/2023","13.40","13.75","13.75","13.40","2.95K","-2.55%"
"30/11/2023","13.75","13.45","13.75","13.45","0.21K","1.10%"
"29/11/2023","13.60","13.85","13.95","13.60","0.26K","0.00%"
"28/11/2023","13.60","14.20","14.20","13.60","3.71K","-4.23%"
"27/11/2023","14.20","13.95","14.45","13.65","5.96K","1.79%"
"24/11/2023","13.95","13.95","14.85","13.55","14.05K","7.31%"
"23/11/2023","13.00","12.90","13.30","12.90","0.81K","0.78%"
"22/11/2023","12.90","12.90","12.90","12.50","0.08K","-0.39%"
"21/11/2023","12.95","12.65","12.95","12.65","0.70K","4.86%"
"20/11/2023","12.35","12.50","12.60","12.20","2.33K","-0.40%"
"17/11/2023","12.40","12.70","12.70","12.40","0.80K","-6.06%"
"16/11/2023","13.20","13.20","13.20","13.20","0.01K","3.12%"
"15/11/2023","12.80","12.80","12.80","12.80","0.14K","0.00%"
"14/11/2023","12.80","12.75","13.00","12.75","0.84K","-4.12%"
"13/11/2023","13.35","12.80","13.35","12.80","0.16K","0.38%"
"10/11/2023","13.30","12.85","13.30","12.85","0.11K","-0.37%"
"09/11/2023","13.35","12.70","13.35","12.70","1.99K","5.12%"
"08/11/2023","12.70","12.65","12.70","12.65","0.96K","0.40%"
"07/11/2023","12.65","12.65","12.65","12.65","0.10K","0.00%"
"06/11/2023","12.65","12.30","12.65","12.30","0.06K","1.61%"
"03/11/2023","12.45","12.45","12.45","12.45","0.20K","0.00%"
"02/11/2023","12.45","12.45","12.45","12.45","0.16K","1.22%"
"31/10/2023","12.30","12.30","12.30","12.30","0.09K","0.82%"
"30/10/2023","12.20","12.30","12.50","12.20","1.50K","-3.94%"
"27/10/2023","12.70","12.35","12.70","12.10","1.06K","0.00%"
"26/10/2023","12.70","12.60","12.85","12.35","1.48K","-1.17%"
"25/10/2023","12.85","12.70","12.85","12.65","0.29K","-0.39%"
"24/10/2023","12.90","12.90","13.10","12.90","0.51K","1.57%"
"23/10/2023","12.70","13.05","13.05","12.70","0.17K","-2.68%"
"20/10/2023","13.05","13.05","13.05","13.05","0.02K","0.38%"
"19/10/2023","13.00","13.05","13.10","12.70","0.51K","0.00%"
"18/10/2023","13.00","13.00","13.00","13.00","0.20K","0.00%"
"16/10/2023","13.00","13.00","13.00","13.00","0.03K","2.36%"
"13/10/2023","12.70","12.70","12.70","12.70","0.10K","-2.68%"
"12/10/2023","13.05","12.80","13.05","12.70","0.22K","0.00%"
"11/10/2023","13.05","13.05","13.05","12.90","0.16K","0.00%"
"10/10/2023","13.05","12.80","13.05","12.70","0.19K","0.00%"
"06/10/2023","13.05","13.05","13.05","12.80","0.21K","0.00%"
"05/10/2023","13.05","12.75","13.05","12.65","2.13K","0.00%"
"04/10/2023","13.05","13.05","13.05","13.05","0.01K","1.56%"
"03/10/2023","12.85","13.10","13.10","12.80","1.10K","-3.75%"
"29/09/2023","13.35","13.40","13.40","13.35","0.45K","0.00%"
"28/09/2023","13.35","14.00","14.20","13.10","6.55K","-6.97%"
"27/09/2023","14.35","14.35","14.35","14.05","0.40K","1.06%"
"26/09/2023","14.20","14.10","14.20","14.00","1.23K","-2.74%"
"25/09/2023","14.60","14.60","14.70","14.60","0.18K","0.00%"
"22/09/2023","14.60","14.10","14.60","14.05","0.11K","0.00%"
"21/09/2023","14.60","14.60","14.60","14.05","0.32K","1.04%"
"20/09/2023","14.45","14.45","14.60","14.25","2.04K","0.00%"
"19/09/2023","14.45","14.05","14.45","13.90","1.77K","-1.70%"
"18/09/2023","14.70","14.00","14.70","14.00","1.94K","5.00%"
"15/09/2023","14.00","14.00","14.00","14.00","0.01K","0.00%"
"14/09/2023","14.00","14.00","14.00","14.00","0.02K","0.00%"
"13/09/2023","14.00","14.00","14.00","14.00","0.01K","0.00%"
"12/09/2023","14.00","13.70","14.00","13.70","0.12K","1.08%"
"11/09/2023","13.85","13.90","13.90","13.50","0.80K","2.59%"
"08/09/2023","13.50","13.50","14.00","13.50","0.87K","-3.57%"
"06/09/2023","14.00","13.80","14.00","13.40","1.67K","-0.36%"
"05/09/2023","14.05","13.95","14.05","13.45","0.82K","-2.43%"
"04/09/2023","14.40","14.10","14.50","13.90","7.02K","2.13%"
"01/09/2023","14.10","12.85","14.20","12.85","7.48K","7.22%"
"31/08/2023","13.15","13.00","14.25","12.80","21.73K","1.15%"
"30/08/2023","13.00","12.75","13.00","12.75","1.34K","-0.76%"
"29/08/2023","13.10","13.10","13.10","13.10","0.11K","-0.76%"
"28/08/2023","13.20","13.20","13.20","13.20","0.06K","0.00%"
"25/08/2023","13.20","12.85","13.20","12.85","0.22K","0.38%"
"24/08/2023","13.15","13.15","13.15","13.15","0.01K","-0.38%"
"23/08/2023","13.20","13.20","13.20","13.20","0.03K","0.00%"
"22/08/2023","13.20","13.20","13.20","13.20","0.02K","0.00%"
"21/08/2023","13.20","13.15","13.20","13.15","0.18K","0.00%"
"18/08/2023","13.20","13.00","13.20","13.00","0.50K","1.54%"
"17/08/2023","13.00","13.00","13.00","13.00","0.66K","-2.26%"
"16/08/2023","13.30","13.00","13.30","13.00","0.19K","-0.75%"
"11/08/2023","13.40","13.20","13.40","13.00","1.14K","-0.37%"
"10/08/2023","13.45","13.30","13.45","13.20","1.86K","1.13%"
"09/08/2023","13.30","13.35","13.35","13.20","2.71K","0.00%"
"08/08/2023","13.30","13.30","13.30","13.30","0.49K","-0.37%"
"07/08/2023","13.35","13.30","13.35","13.30","0.93K","-0.74%"
"04/08/2023","13.45","13.45","13.45","13.45","0.03K","0.00%"
"03/08/2023","13.45","13.45","13.45","13.45","0.02K","0.00%"
"02/08/2023","13.45","13.50","13.50","13.45","0.11K","-0.74%"
"01/08/2023","13.55","13.20","13.55","13.20","2.10K","2.65%"
"31/07/2023","13.20","13.00","13.20","13.00","1.44K","0.00%"
"28/07/2023","13.20","13.20","13.20","12.90","1.15K","-0.38%"
"27/07/2023","13.25","13.25","13.25","13.25","0.03K","0.00%"
"26/07/2023","13.25","13.00","13.25","13.00","0.09K","-0.38%"
"25/07/2023","13.30","13.30","13.30","13.00","0.21K","2.31%"
"24/07/2023","13.00","13.00","13.00","13.00","2.06K","-2.26%"
"21/07/2023","13.30","13.20","13.30","13.00","1.09K","0.76%"
"20/07/2023","13.20","12.90","13.20","12.90","0.15K","0.00%"
"19/07/2023","13.20","13.20","13.20","13.20","0.03K","0.00%"
"18/07/2023","13.20","13.20","13.20","13.20","1.01K","0.00%"
"17/07/2023","13.20","13.20","13.20","13.20","3.16K","-0.75%"
"14/07/2023","13.30","13.30","13.40","13.10","4.30K","0.00%"
"13/07/2023","13.30","13.30","13.30","13.10","2.52K","0.00%"
"12/07/2023","13.30","13.30","13.30","13.30","0.06K","0.00%"
"11/07/2023","13.30","13.15","13.30","13.10","0.56K","1.14%"
"10/07/2023","13.15","13.15","13.15","13.10","0.85K","0.00%"
"07/07/2023","13.15","13.00","13.15","13.00","0.63K","0.00%"
"06/07/2023","13.15","13.00","13.15","13.00","1.01K","0.00%"
"05/07/2023","13.15","13.15","13.15","13.15","0.25K","-0.38%"
"04/07/2023","13.20","13.25","13.25","13.20","0.11K","-0.38%"
"03/07/2023","13.25","13.25","13.25","13.25","0.01K","0.00%"
"30/06/2023","13.25","13.25","13.25","13.25","0.01K","-0.38%"
"29/06/2023","13.30","12.90","13.30","12.90","0.27K","1.53%"
"26/06/2023","13.10","12.80","13.10","12.80","0.45K","2.34%"
"23/06/2023","12.80","12.80","12.80","12.50","0.38K","-1.54%"
"22/06/2023","13.00","13.10","13.10","12.80","0.39K","-0.76%"
"21/06/2023","13.10","13.00","13.10","12.90","0.77K","0.77%"
"20/06/2023","13.00","13.00","13.00","13.00","0.24K","-2.99%"
"19/06/2023","13.40","13.15","13.40","13.00","2.28K","1.90%"
"16/06/2023","13.15","13.00","13.40","13.00","2.22K","1.54%"
"15/06/2023","12.95","12.90","13.00","12.60","1.69K","-0.38%"
"14/06/2023","13.00","12.65","13.00","12.65","0.37K","0.00%"
"13/06/2023","13.00","13.00","13.20","12.80","1.03K","1.56%"
"12/06/2023","12.80","12.75","12.90","12.60","1.31K","1.59%"
"09/06/2023","12.60","12.60","12.60","12.60","4.10K","-1.56%"
"07/06/2023","12.80","12.75","12.80","12.75","0.31K","0.39%"
"06/06/2023","12.75","12.80","12.80","12.35","0.51K","-0.39%"
"05/06/2023","12.80","12.70","12.80","12.70","0.04K","0.00%"
"02/06/2023","12.80","12.80","12.80","12.80","0.34K","0.00%"
"31/05/2023","12.80","12.90","12.90","12.55","0.13K","0.79%"
"30/05/2023","12.70","12.75","12.75","12.70","0.64K","-2.31%"
"29/05/2023","13.00","13.00","13.00","13.00","0.11K","0.00%"
"26/05/2023","13.00","12.85","13.00","12.85","1.08K","1.56%"
"25/05/2023","12.80","12.75","12.80","12.70","1.33K","0.39%"
"24/05/2023","12.75","12.75","12.75","12.75","0.01K","0.00%"
"23/05/2023","12.75","12.45","12.75","12.45","0.09K","0.39%"
"22/05/2023","12.70","12.40","12.70","12.35","0.38K","-0.39%"
"19/05/2023","12.75","12.75","12.75","12.75","0.01K","-0.39%"
"18/05/2023","12.80","12.40","12.85","12.40","0.63K","2.81%"
"17/05/2023","12.45","12.80","12.80","12.40","0.23K","-3.11%"
"16/05/2023","12.85","12.85","12.90","12.40","2.41K","-0.39%"
"11/05/2023","12.90","13.05","13.05","12.50","0.80K","-1.15%"
"09/05/2023","13.05","13.05","13.05","13.05","0.01K","0.00%"
"08/05/2023","13.05","13.05","13.05","13.05","0.01K","0.00%"
"05/05/2023","13.05","12.55","13.05","12.55","0.32K","0.00%"
"04/05/2023","13.05","12.60","13.05","12.60","0.20K","0.77%"
"02/05/2023","12.95","12.70","12.95","12.55","1.12K","-0.38%"
"28/04/2023","13.00","12.80","13.00","12.80","0.21K","-1.52%"
"27/04/2023","13.20","13.20","13.20","13.20","0.01K","-0.38%"
"26/04/2023","13.25","12.95","13.25","12.95","0.08K","0.00%"
"25/04/2023","13.25","13.25","13.25","13.25","0.01K","0.00%"
"24/04/2023","13.25","13.25","13.25","13.25","0.01K","0.00%"
"21/04/2023","13.25","13.25","13.25","13.25","0.01K","0.00%"
"20/04/2023","13.25","13.25","13.25","13.25","0.06K","3.11%"
"19/04/2023","12.85","13.25","13.25","12.85","0.11K","-3.02%"
"18/04/2023","13.25","13.25","13.25","13.25","0.01K","0.38%"
"17/04/2023","13.20","13.00","13.20","13.00","0.22K","0.00%"
"14/04/2023","13.20","13.20","13.20","13.20","0.01K","0.00%"
"13/04/2023","13.20","13.20","13.20","13.20","0.01K","-0.75%"
"12/04/2023","13.30","13.30","13.30","13.30","0.01K","0.00%"
"11/04/2023","13.30","13.20","13.30","13.20","0.17K","0.00%"
"06/04/2023","13.30","13.20","13.30","13.20","0.87K","1.14%"
"05/04/2023","13.15","12.70","13.15","12.70","0.61K","3.54%"
"31/03/2023","12.70","13.00","13.00","12.40","0.60K","-2.31%"
"30/03/2023","13.00","13.00","13.10","12.50","0.41K","0.78%"
"29/03/2023","12.90","12.55","12.90","12.55","0.43K","0.00%"
"28/03/2023","12.90","12.70","12.90","12.70","0.27K","3.20%"
"27/03/2023","12.50","12.50","12.50","12.50","0.15K","-3.85%"
"24/03/2023","13.00","13.00","13.00","13.00","0.01K","0.00%"
"23/03/2023","13.00","13.00","13.00","13.00","0.01K","0.00%"
"22/03/2023","13.00","13.00","13.00","13.00","0.01K","0.00%"
"21/03/2023","13.00","12.65","13.30","12.65","0.61K","2.77%"
"20/03/2023","12.65","12.50","12.65","12.30","1.85K","-1.94%"
"17/03/2023","12.90","12.45","12.90","12.30","0.38K","3.20%"
"16/03/2023","12.50","13.05","13.30","12.00","14.25K","-6.72%"
"15/03/2023","13.40","13.05","13.40","13.00","3.51K","0.00%"
"14/03/2023","13.40","13.00","13.40","13.00","0.16K","0.00%"
"13/03/2023","13.40","13.05","13.40","13.00","1.38K","-1.47%"
"10/03/2023","13.60","13.60","13.60","13.60","0.01K","0.00%"
"09/03/2023","13.60","13.60","13.60","13.60","0.11K","4.62%"
"08/03/2023","13.00","13.00","13.00","13.00","0.50K","-4.41%"
"07/03/2023","13.60","13.65","13.65","13.05","0.86K","-0.37%"
"06/03/2023","13.65","12.90","13.70","12.75","5.60K","1.49%"
"03/03/2023","13.45","13.25","13.45","12.95","2.76K","0.00%"
"02/03/2023","13.45","13.45","13.45","13.45","0.01K","0.00%"
"01/03/2023","13.45","13.45","13.45","13.45","0.01K","-0.37%"
"28/02/2023","13.50","13.40","13.50","13.40","0.19K","0.75%"
"24/02/2023","13.40","13.00","13.40","13.00","0.33K","3.08%"
"23/02/2023","13.00","13.40","13.40","13.00","1.10K","-3.70%"
"22/02/2023","13.50","13.40","13.50","13.05","1.59K","-2.17%"
"21/02/2023","13.80","13.50","13.80","13.40","0.30K","0.00%"
"20/02/2023","13.80","13.50","13.85","13.50","0.13K","-0.36%"
"17/02/2023","13.85","13.80","13.85","13.70","0.29K","-0.36%"
"16/02/2023","13.90","13.90","13.90","13.90","0.12K","1.09%"
"14/02/2023","13.75","13.75","13.95","13.75","1.36K","-0.36%"
"13/02/2023","13.80","13.50","13.90","13.35","0.71K","2.99%"
"10/02/2023","13.40","13.40","13.70","13.35","1.58K","0.00%"
"09/02/2023","13.40","13.50","13.75","13.40","2.90K","-2.19%"
"08/02/2023","13.70","13.40","13.70","13.40","1.05K","0.37%"
"07/02/2023","13.65","13.35","13.70","13.30","3.98K","2.25%"
"06/02/2023","13.35","13.30","13.95","13.00","6.05K","-0.74%"
"03/02/2023","13.45","13.00","13.45","12.90","1.46K","1.89%"
"01/02/2023","13.20","13.35","13.35","13.00","0.09K","-0.75%"
"31/01/2023","13.30","12.90","13.30","12.90","1.07K","-0.37%"
"30/01/2023","13.35","13.35","13.35","13.00","0.21K","0.00%"
"27/01/2023","13.35","12.80","13.35","12.80","3.33K","-0.37%"
"26/01/2023","13.40","13.20","13.70","13.00","1.41K","-1.83%"
"25/01/2023","13.65","13.70","13.70","13.65","0.23K","0.00%"
"24/01/2023","13.65","12.85","14.10","12.85","6.90K","2.63%"
"23/01/2023","13.30","13.40","13.40","13.20","0.22K","-0.75%"
"20/01/2023","13.40","13.20","13.40","13.20","0.14K","0.00%"
"19/01/2023","13.40","13.70","13.70","13.30","0.62K","-2.19%"
"18/01/2023","13.70","12.90","13.70","12.90","0.59K","3.79%"
"17/01/2023","13.20","12.80","13.20","12.80","0.11K","0.00%"
"16/01/2023","13.20","13.20","13.20","12.75","0.72K","0.00%"
"13/01/2023","13.20","12.75","13.20","12.75","0.01K","0.00%"
"12/01/2023","13.20","13.50","13.50","12.75","4.01K","-0.75%"
"11/01/2023","13.30","13.30","13.30","13.30","0.56K","2.70%"
"10/01/2023","12.95","12.90","12.95","12.90","0.65K","-2.63%"
"09/01/2023","13.30","13.40","13.40","12.85","3.84K","-3.62%"
"05/01/2023","13.80","13.55","13.90","13.55","34.88K","1.10%"
"04/01/2023","13.65","12.75","13.90","12.75","2.12K","6.64%"
"03/01/2023","12.80","12.80","12.80","12.25","2.76K","0.00%"
"02/01/2023","12.80","13.00","13.00","12.50","6.50K","-1.54%"
"30/12/2022","13.00","12.50","13.00","12.45","0.99K","0.39%"
"29/12/2022","12.95","12.95","12.95","12.95","0.00K","0.00%"
"28/12/2022","12.95","12.70","12.95","12.45","3.78K","-0.38%"
"27/12/2022","13.00","12.90","13.00","12.75","2.45K","0.00%"
"23/12/2022","13.00","12.90","13.00","12.80","3.36K","0.00%"
"22/12/2022","13.00","13.00","13.25","12.90","0.87K","-1.89%"
"21/12/2022","13.25","12.95","13.25","12.85","0.28K","-0.38%"
"20/12/2022","13.30","13.30","13.30","13.30","0.02K","0.00%"
"19/12/2022","13.30","13.15","13.30","13.15","0.25K","0.00%"
"16/12/2022","13.30","13.30","13.30","13.25","0.23K","0.00%"
"15/12/2022","13.30","13.20","13.30","13.20","0.30K","0.76%"
"14/12/2022","13.20","13.15","13.20","13.15","0.25K","0.38%"
"13/12/2022","13.15","13.00","13.15","13.00","0.42K","1.15%"
"12/12/2022","13.00","13.00","13.00","12.80","2.41K","-1.14%"
"09/12/2022","13.15","12.95","13.15","12.95","0.12K","-1.13%"
"08/12/2022","13.30","12.95","13.30","12.90","0.95K","0.76%"
"07/12/2022","13.20","13.20","13.20","13.20","0.01K","-0.75%"
"06/12/2022","13.30","13.30","13.30","13.30","0.03K","0.76%"
"05/12/2022","13.20","13.20","13.20","13.20","0.03K","0.00%"
"02/12/2022","13.20","13.30","13.30","12.90","0.55K","-0.75%"
"01/12/2022","13.30","13.00","13.40","13.00","0.43K","-0.75%"
"30/11/2022","13.40","13.40","13.40","13.00","0.43K","0.75%"
"29/11/2022","13.30","13.20","13.30","12.80","0.57K","4.31%"
"28/11/2022","12.75","12.85","12.85","12.75","1.15K","-4.14%"
"25/11/2022","13.30","12.90","13.30","12.85","0.64K","0.38%"
"24/11/2022","13.25","12.95","13.25","12.90","2.44K","-0.38%"
"23/11/2022","13.30","13.00","13.30","13.00","0.33K","2.31%"
"22/11/2022","13.00","13.00","13.40","13.00","2.02K","-1.89%"
"21/11/2022","13.25","13.65","13.65","13.25","1.10K","-2.93%"
"18/11/2022","13.65","13.30","13.65","13.30","0.68K","2.63%"
"17/11/2022","13.30","13.20","13.30","13.00","0.38K","0.76%"
"16/11/2022","13.20","13.15","13.20","13.15","0.03K","0.00%"
"15/11/2022","13.20","12.95","13.20","12.95","0.57K","-0.75%"
"14/11/2022","13.30","13.15","13.30","13.00","2.38K","-2.56%"
"10/11/2022","13.65","13.15","13.70","13.10","0.43K","-0.36%"
"09/11/2022","13.70","13.50","13.70","13.10","1.01K","-2.84%"
"08/11/2022","14.10","13.60","14.10","13.60","1.11K","0.00%"
"07/11/2022","14.10","14.20","14.20","14.10","0.31K","-0.70%"
"04/11/2022","14.20","14.15","14.20","14.15","0.33K","1.07%"
"03/11/2022","14.05","13.20","14.15","13.20","26.42K","6.44%"
"02/11/2022","13.20","12.70","13.20","12.70","0.07K","0.38%"
"31/10/2022","13.15","12.70","13.15","12.70","0.19K","0.00%"
"28/10/2022","13.15","12.70","13.15","12.70","0.21K","0.00%"
"27/10/2022","13.15","12.70","13.15","12.65","0.23K","1.15%"
"26/10/2022","13.00","12.70","13.00","12.70","0.16K","-0.38%"
"25/10/2022","13.05","12.90","13.05","12.90","0.60K","0.00%"
"24/10/2022","13.05","12.80","13.05","12.60","1.50K","1.95%"
"21/10/2022","12.80","13.10","13.10","12.80","0.78K","-2.29%"
"20/10/2022","13.10","12.85","13.10","12.80","0.92K","-0.38%"
"19/10/2022","13.15","13.10","13.20","13.10","0.22K","-0.38%"
"18/10/2022","13.20","12.85","13.20","12.85","0.89K","-0.38%"
"17/10/2022","13.25","12.90","13.40","12.80","0.53K","-0.38%"
"13/10/2022","13.30","13.10","13.30","13.00","1.58K","-1.48%"
"12/10/2022","13.50","13.40","13.50","13.40","0.62K","0.75%"
"10/10/2022","13.40","13.00","13.40","12.95","0.77K","0.00%"
"07/10/2022","13.40","12.90","13.40","12.90","0.02K","0.00%"
"06/10/2022","13.40","13.15","13.70","13.10","0.51K","-2.19%"
"05/10/2022","13.70","13.40","13.70","13.40","0.57K","1.48%"
"04/10/2022","13.50","13.20","13.50","13.20","0.81K","0.75%"
"03/10/2022","13.40","13.00","13.40","12.80","0.36K","0.00%"
"30/09/2022","13.40","12.95","13.40","12.95","0.20K","0.75%"
"29/09/2022","13.30","13.30","13.30","13.30","0.52K","-1.85%"
"27/09/2022","13.55","13.95","13.95","13.55","0.70K","-2.87%"
"26/09/2022","13.95","13.90","14.65","13.60","2.77K","-2.11%"
"23/09/2022","14.25","14.40","14.40","14.00","1.05K","-1.72%"
"22/09/2022","14.50","14.15","14.50","14.10","1.90K","-3.65%"
"21/09/2022","15.05","13.95","15.05","13.95","3.98K","7.89%"
"20/09/2022","13.95","13.65","13.95","13.50","0.46K","1.82%"
"19/09/2022","13.70","13.40","14.70","13.40","2.91K","-2.49%"
"16/09/2022","14.05","13.30","14.05","13.30","0.75K","0.72%"
"15/09/2022","13.95","13.40","13.95","13.40","1.43K","0.36%"
"14/09/2022","13.90","13.65","13.90","13.30","1.19K","6.11%"
"13/09/2022","13.10","13.90","13.90","12.90","2.27K","-5.07%"
"12/09/2022","13.80","14.00","14.10","13.70","0.65K","-2.82%"
"09/09/2022","14.20","14.15","14.70","14.10","2.48K","0.35%"
"08/09/2022","14.15","14.15","14.15","14.15","0.10K","1.07%"
"07/09/2022","14.00","14.10","14.10","14.00","4.00K","-3.45%"
"06/09/2022","14.50","14.15","14.50","14.10","0.23K","1.05%"
"05/09/2022","14.35","14.50","14.70","14.35","0.42K","-1.71%"
"02/09/2022","14.60","14.20","14.65","14.05","1.54K","-2.01%"
"01/09/2022","14.90","14.65","14.90","13.70","4.41K","-1.32%"
"31/08/2022","15.10","14.70","15.10","14.50","0.52K","-0.66%"
"30/08/2022","15.20","15.20","15.20","14.70","1.63K","0.00%"
"29/08/2022","15.20","14.85","15.20","14.80","0.17K","1.33%"
"26/08/2022","15.00","15.00","15.10","15.00","0.41K","0.00%"
"25/08/2022","15.00","15.30","15.30","15.00","1.46K","-1.96%"
"24/08/2022","15.30","15.00","15.60","14.90","1.86K","2.00%"
"23/08/2022","15.00","15.00","15.90","14.90","5.79K","-1.96%"
"22/08/2022","15.30","15.00","15.30","14.80","0.41K","-0.65%"
"19/08/2022","15.40","14.80","15.40","14.80","1.00K","0.00%"
"18/08/2022","15.40","14.70","15.40","14.70","0.68K","0.65%"
"17/08/2022","15.30","14.90","15.30","14.90","0.49K","-0.65%"
"16/08/2022","15.40","15.00","15.40","14.75","0.65K","0.00%"
"12/08/2022","15.40","15.50","15.50","15.00","2.17K","-1.91%"
"11/08/2022","15.70","15.30","16.30","14.70","3.24K","2.61%"
"10/08/2022","15.30","14.90","15.30","14.90","0.45K","0.66%"
"09/08/2022","15.20","15.90","15.90","14.65","2.15K","-2.25%"
"08/08/2022","15.55","16.30","16.30","15.15","4.25K","-4.60%"
"05/08/2022","16.30","16.45","16.50","15.85","1.05K","-1.81%"
"04/08/2022","16.60","17.30","17.30","16.00","6.35K","-4.60%"
"03/08/2022","17.40","16.80","18.45","16.50","19.41K","7.08%"
"02/08/2022","16.25","14.60","18.60","14.60","37.79K","8.33%"
"01/08/2022","15.00","14.45","15.00","14.45","5.70K","4.90%"
"29/07/2022","14.30","14.10","14.50","13.85","0.89K","1.42%"
"28/07/2022","14.10","13.70","14.10","13.50","1.60K","-2.76%"
"27/07/2022","14.50","14.35","14.50","14.15","1.26K","2.47%"
"26/07/2022","14.15","14.35","14.50","13.50","10.42K","0.35%"
"25/07/2022","14.10","13.80","14.10","13.80","1.04K","2.92%"
"21/07/2022","13.70","13.50","13.80","13.50","1.00K","1.48%"
"20/07/2022","13.50","13.10","13.90","13.05","3.07K","3.85%"
"19/07/2022","13.00","13.00","13.10","13.00","1.33K","2.36%"
"18/07/2022","12.70","12.70","13.10","12.60","2.47K","-3.05%"
"15/07/2022","13.10","13.10","13.10","12.70","1.58K","0.00%"
"14/07/2022","13.10","12.80","13.10","12.80","0.18K","2.34%"
"13/07/2022","12.80","12.80","12.80","12.80","2.60K","-2.29%"
"12/07/2022","13.10","12.80","13.10","12.80","0.05K","0.00%"
"11/07/2022","13.10","13.10","13.10","13.10","0.04K","0.00%"
"08/07/2022","13.10","12.70","13.10","12.70","0.20K","0.00%"
"07/07/2022","13.10","13.10","13.10","13.10","0.01K","0.38%"
"06/07/2022","13.05","12.50","13.05","12.50","1.19K","-0.38%"
"05/07/2022","13.10","12.50","13.10","12.30","1.89K","-1.50%"
"04/07/2022","13.30","12.40","13.30","12.40","0.92K","5.14%"
"30/06/2022","12.65","12.40","12.65","12.40","0.10K","0.00%"
"28/06/2022","12.65","12.45","12.75","12.45","3.58K","-0.39%"
"27/06/2022","12.70","12.25","12.70","12.00","0.91K","-0.39%"
"23/06/2022","12.75","12.25","12.75","12.25","0.21K","-0.39%"
"21/06/2022","12.80","12.40","12.80","12.40","0.32K","4.92%"
"20/06/2022","12.20","12.40","12.40","12.05","0.09K","-1.61%"
"17/06/2022","12.40","12.05","12.45","12.05","0.83K","-0.80%"
"15/06/2022","12.50","12.50","12.50","12.50","0.05K","-1.19%"
"14/06/2022","12.65","12.20","12.65","12.20","0.32K","3.69%"
"13/06/2022","12.20","12.40","12.40","11.90","3.17K","-2.40%"
"10/06/2022","12.50","12.50","12.50","12.50","0.79K","-1.57%"
"09/06/2022","12.70","13.45","13.45","12.70","1.54K","-5.22%"
"08/06/2022","13.40","12.70","13.85","12.65","3.73K","8.94%"
"07/06/2022","12.30","12.25","12.70","12.20","0.70K","-5.02%"
"06/06/2022","12.95","12.35","12.95","12.35","0.61K","4.86%"
"03/06/2022","12.35","12.70","12.70","12.15","3.34K","-2.76%"
"02/06/2022","12.70","12.55","12.70","12.45","1.28K","0.00%"
"01/06/2022","12.70","12.70","12.70","12.50","0.28K","0.00%"
"31/05/2022","12.70","12.55","12.70","12.45","1.48K","-2.31%"
"30/05/2022","13.00","12.95","13.00","12.50","2.73K","0.39%"
"27/05/2022","12.95","12.60","12.95","12.50","3.09K","-1.15%"
"26/05/2022","13.10","12.90","13.30","12.55","1.90K","1.95%"
"25/05/2022","12.85","12.85","12.85","12.85","0.14K","0.00%"
"24/05/2022","12.85","12.55","12.85","12.55","0.93K","2.39%"
"20/05/2022","12.55","12.90","12.90","12.55","2.01K","-4.92%"
"18/05/2022","13.20","13.30","13.30","12.80","0.27K","0.00%"
"17/05/2022","13.20","12.90","13.20","12.90","2.10K","2.33%"
"16/05/2022","12.90","12.85","12.90","12.55","0.23K","3.20%"
"13/05/2022","12.50","12.35","12.90","12.35","0.18K","-6.02%"
"12/05/2022","13.30","12.80","13.30","11.65","5.09K","2.31%"
"11/05/2022","13.00","12.95","13.00","12.95","0.31K","-0.76%"
"10/05/2022","13.10","12.90","13.10","12.75","0.42K","0.00%"
"09/05/2022","13.10","13.10","13.10","13.10","0.08K","0.00%"
"06/05/2022","13.10","13.10","13.10","13.10","0.09K","0.00%"
"05/05/2022","13.10","13.00","13.10","12.90","2.50K","-1.87%"
"04/05/2022","13.35","13.20","13.50","13.00","1.45K","-1.84%"
"02/05/2022","13.60","13.05","13.60","13.05","0.70K","4.21%"
"29/04/2022","13.05","13.05","13.05","13.05","0.10K","0.38%"
"28/04/2022","13.00","13.00","13.50","12.80","5.60K","-0.76%"
"27/04/2022","13.10","13.15","13.15","12.70","2.74K","-0.38%"
"26/04/2022","13.15","13.00","13.15","12.90","0.46K","-0.38%"
"25/04/2022","13.20","13.20","13.20","12.90","3.08K","-0.75%"
"22/04/2022","13.30","13.30","13.30","13.30","0.05K","2.31%"
"21/04/2022","13.00","13.05","13.10","13.00","3.63K","0.00%"
"20/04/2022","13.00","13.50","13.50","13.00","3.37K","-1.89%"
"19/04/2022","13.25","13.85","13.85","13.25","2.98K","-4.33%"
"14/04/2022","13.85","13.50","13.85","13.50","1.36K","2.59%"
"13/04/2022","13.50","13.40","13.50","13.30","1.75K","0.75%"
"12/04/2022","13.40","13.20","13.40","13.20","0.50K","2.29%"
"11/04/2022","13.10","13.15","13.45","13.00","9.29K","-0.38%"
"08/04/2022","13.15","13.20","13.65","13.15","3.45K","0.38%"
"07/04/2022","13.10","13.15","13.30","13.00","9.49K","-1.87%"
"06/04/2022","13.35","13.35","13.35","13.05","1.35K","0.00%"
"05/04/2022","13.35","13.35","13.40","13.00","10.89K","1.91%"
"04/04/2022","13.10","14.40","14.40","13.10","13.60K","-9.03%"
"01/04/2022","14.40","13.80","14.40","13.80","6.55K","3.97%"
"31/03/2022","13.85","13.20","14.00","13.00","65.69K","1.47%"
"30/03/2022","13.65","13.45","13.75","13.00","6.45K","1.49%"
"29/03/2022","13.45","13.35","13.45","13.35","1.30K","0.75%"
"28/03/2022","13.35","13.20","13.60","12.70","4.31K","4.30%"
"25/03/2022","12.80","13.20","13.20","12.80","8.85K","-5.19%"
"24/03/2022","13.50","13.20","13.65","13.10","2.60K","-1.10%"
"23/03/2022","13.65","13.50","14.05","13.20","16.71K","0.37%"
"22/03/2022","13.60","13.80","13.80","13.00","5.81K","-1.45%"
"21/03/2022","13.80","13.00","14.00","13.00","10.09K","1.47%"
"18/03/2022","13.60","13.10","13.65","12.70","3.09K","3.82%"
"17/03/2022","13.10","13.10","13.30","12.70","3.79K","-3.68%"
"16/03/2022","13.60","12.80","14.00","12.80","6.11K","3.82%"
"15/03/2022","13.10","13.10","13.10","13.10","0.39K","0.00%"
"14/03/2022","13.10","13.10","13.40","12.70","2.16K","0.00%"
"11/03/2022","13.10","13.40","13.40","12.60","4.56K","-2.24%"
"10/03/2022","13.40","13.40","13.40","13.00","0.34K","-2.55%"
"09/03/2022","13.75","12.85","13.75","12.80","3.32K","6.59%"
"08/03/2022","12.90","12.80","13.25","12.60","3.10K","-4.44%"
"07/03/2022","13.50","13.90","14.10","12.65","8.90K","-2.88%"
"04/03/2022","13.90","14.80","14.80","13.35","25.68K","-2.80%"
"03/03/2022","14.30","14.10","15.00","13.80","15.96K","4.00%"
"02/03/2022","13.75","12.80","14.00","12.60","10.11K","9.13%"
"01/03/2022","12.60","12.60","12.60","12.60","1.12K","0.80%"
"28/02/2022","12.50","11.90","12.85","11.90","2.93K","2.46%"
"25/02/2022","12.20","11.75","12.20","11.10","6.05K","4.27%"
"24/02/2022","11.70","12.20","12.60","11.00","6.53K","-8.24%"
"23/02/2022","12.75","12.30","12.75","12.30","0.31K","0.00%"
"22/02/2022","12.75","12.60","12.75","12.60","0.04K","0.00%"
"21/02/2022","12.75","12.35","12.75","12.15","2.10K","-1.54%"
"16/02/2022","12.95","12.40","12.95","12.40","0.21K","0.00%"
"15/02/2022","12.95","12.45","13.10","12.45","0.63K","4.02%"
"14/02/2022","12.45","13.10","13.10","12.00","1.86K","-4.23%"
"11/02/2022","13.00","12.50","13.00","12.50","0.09K","0.00%"
"10/02/2022","13.00","12.65","13.10","12.60","1.54K","-1.14%"
"09/02/2022","13.15","12.65","13.15","12.60","1.50K","0.00%"
"08/02/2022","13.15","13.15","13.15","13.15","0.15K","0.77%"
"04/02/2022","13.05","13.20","13.20","13.05","0.12K","0.00%"
"03/02/2022","13.05","13.05","13.05","12.70","0.40K","-1.14%"
"02/02/2022","13.20","13.15","13.20","13.15","0.30K","0.38%"
"01/02/2022","13.15","12.60","13.15","12.50","3.04K","5.20%"
"31/01/2022","12.50","12.50","12.50","12.50","0.10K","0.40%"
"28/01/2022","12.45","12.10","12.45","11.95","1.22K","-0.40%"
"27/01/2022","12.50","12.50","12.50","12.50","0.00K","0.00%"
"26/01/2022","12.50","12.10","13.10","11.70","9.70K","3.31%"
"25/01/2022","12.10","11.45","12.60","11.45","6.18K","1.68%"
"24/01/2022","11.90","12.25","12.45","11.90","2.21K","-7.03%"
"21/01/2022","12.80","12.70","13.20","12.05","4.67K","-3.03%"
"20/01/2022","13.20","13.25","13.25","13.20","0.02K","-0.38%"
"19/01/2022","13.25","13.25","13.25","13.25","0.01K","-0.38%"
"18/01/2022","13.30","13.35","13.35","12.70","1.18K","-3.62%"
"17/01/2022","13.80","13.80","13.80","13.80","0.01K","-0.36%"
"14/01/2022","13.85","13.50","13.90","13.45","0.80K","-0.36%"
"13/01/2022","13.90","13.75","14.00","13.70","3.30K","1.09%"
"12/01/2022","13.75","13.75","13.75","13.75","0.01K","-0.36%"
"11/01/2022","13.80","13.85","13.85","13.80","0.02K","0.00%"
"10/01/2022","13.80","13.80","13.80","13.80","0.01K","0.00%"
"07/01/2022","13.80","13.50","13.80","13.50","0.68K","-1.43%"
"05/01/2022","14.00","13.80","14.10","13.80","0.46K","1.45%"
"04/01/2022","13.80","13.15","13.80","13.15","0.21K","-2.82%"
"03/01/2022","14.20","13.30","14.20","13.30","0.61K","5.97%"
"30/12/2021","13.40","13.00","13.40","12.80","1.06K","0.00%"
"29/12/2021","13.40","13.40","13.40","13.10","0.36K","3.08%"
"28/12/2021","13.00","13.20","13.40","13.00","1.16K","0.00%"
"27/12/2021","13.00","12.80","13.60","12.80","1.24K","0.00%"
"23/12/2021","13.00","13.40","13.40","12.80","2.30K","-2.99%"
"22/12/2021","13.40","13.05","13.40","13.05","0.92K","2.68%"
"21/12/2021","13.05","12.60","13.05","12.50","9.33K","-0.38%"
"16/12/2021","13.10","12.85","13.40","12.75","1.95K","2.75%"
"15/12/2021","12.75","13.40","13.40","12.75","2.20K","-7.61%"
"14/12/2021","13.80","13.50","13.80","13.45","1.59K","-1.78%"
"13/12/2021","14.05","14.05","14.05","14.05","0.11K","0.36%"
"10/12/2021","14.00","13.95","14.00","13.45","2.21K","1.08%"
"09/12/2021","13.85","13.80","13.85","13.20","2.65K","-3.82%"
"08/12/2021","14.40","13.20","15.20","13.20","20.69K","8.68%"
"07/12/2021","13.25","13.10","13.25","13.10","0.27K","1.15%"
"06/12/2021","13.10","12.60","13.15","12.30","9.75K","5.65%"
"03/12/2021","12.40","12.50","12.65","12.40","2.08K","-3.13%"
"02/12/2021","12.80","12.60","12.80","12.60","0.49K","0.00%"
"01/12/2021","12.80","12.85","12.90","12.60","2.57K","-0.39%"
"30/11/2021","12.85","12.85","12.85","12.45","2.74K","3.21%"
"29/11/2021","12.45","12.55","12.90","12.40","2.09K","-6.04%"
"26/11/2021","13.25","13.00","13.30","12.80","1.91K","3.52%"
"25/11/2021","12.80","12.80","13.30","12.80","1.38K","0.00%"
"24/11/2021","12.80","12.70","12.80","12.70","0.62K","0.39%"
"23/11/2021","12.75","12.10","12.75","12.10","0.69K","2.41%"
"22/11/2021","12.45","12.55","12.60","12.10","3.59K","-3.11%"
"19/11/2021","12.85","12.85","12.85","12.85","0.10K","0.39%"
"18/11/2021","12.80","12.55","13.05","12.55","0.72K","0.39%"
"17/11/2021","12.75","13.00","13.00","12.75","1.94K","-1.92%"
"16/11/2021","13.00","13.15","13.60","13.00","6.21K","-4.41%"
"15/11/2021","13.60","13.35","13.75","13.30","0.60K","-1.45%"
"12/11/2021","13.80","13.85","13.85","13.80","0.19K","0.36%"
"10/11/2021","13.75","13.80","13.80","13.75","1.65K","-0.72%"
"09/11/2021","13.85","13.50","13.85","13.35","0.40K","0.00%"
"08/11/2021","13.85","13.75","13.85","13.40","6.33K","1.09%"
"05/11/2021","13.70","13.80","13.80","13.40","1.25K","-0.72%"
"04/11/2021","13.80","13.65","13.90","13.50","1.83K","1.10%"
"03/11/2021","13.65","13.50","13.85","13.20","5.85K","-1.44%"
"02/11/2021","13.85","13.50","13.95","13.25","11.30K","2.59%"
"29/10/2021","13.50","13.75","13.95","13.45","14.57K","-1.82%"
"28/10/2021","13.75","13.75","13.75","13.45","2.27K","0.00%"
"27/10/2021","13.75","13.95","13.95","13.50","6.51K","-1.79%"
"26/10/2021","14.00","13.65","14.00","13.65","5.24K","0.36%"
"25/10/2021","13.95","13.85","13.95","13.85","1.85K","0.36%"
"22/10/2021","13.90","13.50","13.90","13.50","0.64K","2.96%"
"21/10/2021","13.50","13.60","13.80","13.45","1.10K","-2.88%"
"20/10/2021","13.90","13.60","13.90","13.40","4.22K","1.83%"
"19/10/2021","13.65","13.95","13.95","13.50","1.53K","-2.15%"
"18/10/2021","13.95","14.30","14.30","13.60","2.73K","-0.36%"
"15/10/2021","14.00","14.00","14.25","13.80","0.85K","0.00%"
"14/10/2021","14.00","14.00","14.00","13.80","1.46K","-0.71%"
"13/10/2021","14.10","14.00","14.30","14.00","7.49K","0.71%"
"12/10/2021","14.00","14.30","14.30","13.70","16.20K","-4.44%"
"11/10/2021","14.65","14.70","15.15","14.30","7.24K","1.74%"
"08/10/2021","14.40","13.75","15.60","13.75","11.41K","2.86%"
"07/10/2021","14.00","13.50","14.45","13.30","7.31K","4.48%"
"06/10/2021","13.40","13.85","14.35","13.30","17.28K","-4.63%"
"05/10/2021","14.05","14.00","14.75","13.10","31.34K","-0.35%"
"04/10/2021","14.10","16.15","16.80","14.00","37.15K","-11.87%"
"01/10/2021","16.00","16.40","19.45","14.90","152.54K","0.95%"
"30/09/2021","15.85","14.00","16.15","13.65","75.07K","13.62%"
"29/09/2021","13.95","13.30","14.00","13.30","16.20K","8.14%"
"28/09/2021","12.90","13.10","13.10","12.90","0.37K","0.00%"
"27/09/2021","12.90","13.10","13.10","12.90","1.09K","-3.73%"
"24/09/2021","13.40","13.00","13.40","13.00","0.45K","-0.37%"
"23/09/2021","13.45","13.00","13.45","13.00","0.80K","-0.37%"
"22/09/2021","13.50","13.20","13.50","13.00","0.54K","1.50%"
"21/09/2021","13.30","13.00","13.40","13.00","1.50K","1.53%"
"20/09/2021","13.10","13.15","13.15","13.10","2.61K","-3.32%"
"17/09/2021","13.55","13.15","13.70","13.10","2.95K","1.88%"
"16/09/2021","13.30","13.05","13.30","13.05","1.09K","1.92%"
"15/09/2021","13.05","12.80","13.80","12.80","9.80K","-0.76%"
"14/09/2021","13.15","13.35","13.45","13.15","0.74K","-1.87%"
"13/09/2021","13.40","13.40","13.40","13.10","0.43K","0.00%"
"10/09/2021","13.40","13.40","13.40","13.40","0.52K","0.00%"
"09/09/2021","13.40","13.10","13.40","13.10","0.20K","0.00%"
"08/09/2021","13.40","13.40","13.40","13.40","0.03K","-0.74%"
"07/09/2021","13.50","13.50","13.50","13.50","1.47K","-0.37%"
"06/09/2021","13.55","13.40","13.55","13.00","0.26K","1.12%"
"03/09/2021","13.40","12.90","13.40","12.85","2.73K","5.10%"
"02/09/2021","12.75","13.30","13.60","12.75","7.35K","-6.59%"
"01/09/2021","13.65","13.70","13.70","13.15","2.22K","-0.73%"
"31/08/2021","13.75","13.40","13.75","13.40","0.01K","-0.36%"
"30/08/2021","13.80","13.80","13.80","13.40","0.01K","0.00%"
"27/08/2021","13.80","13.85","13.85","13.40","0.28K","-0.36%"
"26/08/2021","13.85","13.90","13.90","13.40","0.03K","-0.36%"
"25/08/2021","13.90","13.45","13.90","13.45","0.93K","0.00%"
"24/08/2021","13.90","13.90","13.90","13.50","0.43K","0.00%"
"23/08/2021","13.90","13.50","13.90","13.50","0.42K","-0.71%"
"20/08/2021","14.00","14.00","14.00","14.00","10.06K","0.00%"
"19/08/2021","14.00","13.60","14.00","13.50","20.85K","0.00%"
"18/08/2021","14.00","13.50","14.00","13.50","1.76K","0.36%"
"17/08/2021","13.95","13.75","14.00","13.75","8.96K","1.09%"
"16/08/2021","13.80","13.80","13.80","13.40","2.90K","1.10%"
"13/08/2021","13.65","13.85","13.85","13.65","0.74K","-1.44%"
"12/08/2021","13.85","13.20","13.90","13.20","2.83K","2.59%"
"11/08/2021","13.50","13.60","13.60","13.05","3.70K","-0.74%"
"10/08/2021","13.60","13.25","13.75","13.00","15.90K","1.87%"
"09/08/2021","13.35","13.10","13.35","13.10","2.58K","-1.84%"
"06/08/2021","13.60","13.00","13.65","13.00","19.02K","2.64%"
"05/08/2021","13.25","12.40","13.25","12.40","26.32K","10.88%"
"02/08/2021","11.95","12.25","12.25","11.95","0.12K","-2.45%"
"30/07/2021","12.25","12.25","12.25","12.25","2.60K","-0.41%"
"29/07/2021","12.30","12.30","12.30","12.30","0.01K","-0.81%"
"27/07/2021","12.40","11.80","12.40","11.80","2.52K","4.64%"
"23/07/2021","11.85","11.70","11.85","11.70","0.11K","0.42%"
"22/07/2021","11.80","11.80","11.80","11.80","0.24K","2.61%"
"21/07/2021","11.50","11.50","11.50","11.50","0.19K","0.00%"
"20/07/2021","11.50","11.60","11.60","11.50","0.87K","-0.86%"
"19/07/2021","11.60","11.80","11.80","11.60","2.18K","-1.28%"
"16/07/2021","11.75","11.75","11.75","11.75","0.08K","-2.89%"
"15/07/2021","12.10","11.75","12.10","11.75","2.41K","0.00%"
"14/07/2021","12.10","12.10","12.10","12.10","0.09K","0.00%"
"13/07/2021","12.10","12.10","12.10","12.10","0.05K","0.00%"
"12/07/2021","12.10","12.10","12.15","12.10","0.24K","0.00%"
"09/07/2021","12.10","12.10","12.10","12.10","0.08K","0.83%"
"08/07/2021","12.00","12.05","12.05","12.00","0.68K","-0.41%"
"07/07/2021","12.05","12.30","12.30","12.05","0.67K","-3.60%"
"05/07/2021","12.50","12.30","12.50","12.20","0.50K","0.00%"
"02/07/2021","12.50","12.50","12.50","12.50","0.22K","-0.79%"
"30/06/2021","12.60","12.25","12.60","12.25","0.16K","3.28%"
"29/06/2021","12.20","12.45","12.45","12.20","0.09K","-3.17%"
"24/06/2021","12.60","12.50","12.60","12.20","0.72K","-0.79%"
"18/06/2021","12.70","12.25","12.70","12.20","0.60K","0.40%"
"17/06/2021","12.65","12.25","12.65","12.25","0.33K","-1.17%"
"15/06/2021","12.80","12.90","12.95","12.40","2.26K","0.00%"
"14/06/2021","12.80","12.90","13.00","12.80","0.77K","0.00%"
"11/06/2021","12.80","12.95","12.95","12.50","0.87K","-1.54%"
"10/06/2021","13.00","12.80","13.00","12.80","0.40K","0.78%"
"09/06/2021","12.90","13.00","13.00","12.70","1.30K","-1.90%"
"08/06/2021","13.15","13.15","13.15","13.15","0.15K","-0.38%"
"07/06/2021","13.20","13.10","13.20","12.95","2.19K","-2.22%"
"04/06/2021","13.50","13.25","13.50","13.25","0.90K","-0.74%"
"02/06/2021","13.60","13.40","13.60","13.25","1.28K","0.00%"
"01/06/2021","13.60","13.70","13.70","13.25","7.67K","0.74%"
"31/05/2021","13.50","12.90","13.50","12.90","1.18K","3.85%"
"28/05/2021","13.00","13.00","13.00","12.90","2.77K","0.00%"
"27/05/2021","13.00","12.90","13.10","12.90","1.11K","0.00%"
"26/05/2021","13.00","13.00","13.00","13.00","1.22K","0.78%"
"25/05/2021","12.90","12.60","13.00","12.60","3.91K","2.38%"
"24/05/2021","12.60","12.45","12.60","12.45","2.41K","0.80%"
"21/05/2021","12.50","12.40","12.50","12.30","0.41K","0.81%"
"20/05/2021","12.40","12.00","12.40","12.00","1.13K","2.48%"
"19/05/2021","12.10","12.25","12.50","12.10","3.36K","0.00%"
"18/05/2021","12.10","12.70","12.70","12.10","4.94K","-6.92%"
"17/05/2021","13.00","12.55","13.00","12.50","1.98K","3.59%"
"13/05/2021","12.55","12.70","12.70","12.20","0.90K","2.03%"
"12/05/2021","12.30","12.80","13.15","12.20","1.36K","-6.46%"
"11/05/2021","13.15","13.25","13.25","12.90","0.89K","-1.13%"
"10/05/2021","13.30","12.90","13.35","12.90","3.81K","3.91%"
"07/05/2021","12.80","12.90","13.20","12.40","4.15K","-3.03%"
"06/05/2021","13.20","12.20","13.35","11.85","20.45K","7.76%"
"05/05/2021","12.25","11.50","12.25","11.50","3.78K","6.52%"
"04/05/2021","11.50","11.30","11.50","11.30","1.47K","0.88%"
"30/04/2021","11.40","11.20","11.40","11.20","0.37K","0.44%"
"29/04/2021","11.35","11.35","11.35","11.35","0.19K","1.79%"
"27/04/2021","11.15","11.55","11.55","11.15","0.45K","0.00%"
"26/04/2021","11.15","11.20","11.20","11.15","0.59K","-0.89%"
"23/04/2021","11.25","11.25","11.25","11.25","0.30K","-2.60%"
"22/04/2021","11.55","11.35","11.55","11.20","0.26K","-0.43%"
"21/04/2021","11.60","11.40","11.60","11.35","1.32K","1.75%"
"20/04/2021","11.40","11.40","11.40","11.40","0.24K","-1.72%"
"19/04/2021","11.60","11.60","11.60","11.55","0.22K","0.00%"
"16/04/2021","11.60","11.20","11.60","11.20","0.06K","0.00%"
"15/04/2021","11.60","11.60","11.60","11.10","2.41K","1.31%"
"14/04/2021","11.45","11.45","11.45","11.45","0.13K","0.00%"
"13/04/2021","11.45","11.45","11.45","11.45","0.07K","0.44%"
"12/04/2021","11.40","11.50","11.50","11.40","4.68K","-0.87%"
"08/04/2021","11.50","11.55","11.55","11.50","0.96K","-2.13%"
"07/04/2021","11.75","11.50","11.75","11.50","2.37K","3.07%"
"06/04/2021","11.40","11.25","11.40","11.15","2.19K","-1.30%"
"01/04/2021","11.55","11.25","11.55","11.25","1.34K","3.13%"
"31/03/2021","11.20","11.40","11.40","11.20","0.28K","0.45%"
"30/03/2021","11.15","11.15","11.15","11.15","0.04K","0.00%"
"29/03/2021","11.15","11.15","11.20","11.15","0.77K","-3.04%"
"26/03/2021","11.50","11.15","11.50","11.15","0.57K","3.14%"
"25/03/2021","11.15","11.45","11.45","11.15","0.19K","-2.62%"
"24/03/2021","11.45","11.45","11.45","11.15","2.14K","0.00%"
"22/03/2021","11.45","11.75","11.75","11.45","0.80K","-4.58%"
"19/03/2021","12.00","11.90","12.00","11.50","4.60K","0.84%"
"18/03/2021","11.90","11.90","11.90","11.90","0.15K","-0.83%"
"17/03/2021","12.00","11.90","12.00","11.50","2.16K","0.00%"
"16/03/2021","12.00","12.05","12.05","11.80","5.50K","-0.41%"
"15/03/2021","12.05","11.60","12.05","11.60","3.67K","3.88%"
"12/03/2021","11.60","11.50","11.60","11.50","6.57K","0.43%"
"11/03/2021","11.55","11.50","11.65","11.10","4.10K","-0.86%"
"10/03/2021","11.65","11.60","11.65","11.60","0.78K","2.64%"
"09/03/2021","11.35","11.15","11.35","11.15","1.10K","0.00%"
"08/03/2021","11.35","11.60","11.60","11.30","1.33K","-2.16%"
"05/03/2021","11.60","11.60","11.60","11.50","3.77K","-1.69%"
"04/03/2021","11.80","11.55","11.80","11.55","0.47K","2.61%"
"03/03/2021","11.50","11.40","12.40","11.40","13.84K","0.88%"
"02/03/2021","11.40","11.05","11.40","11.05","4.62K","3.17%"
"01/03/2021","11.05","11.05","11.05","11.05","0.10K","-3.07%"
"26/02/2021","11.40","11.10","11.40","11.10","1.00K","-0.87%"
"25/02/2021","11.50","11.20","11.50","11.20","0.15K","0.00%"
"24/02/2021","11.50","11.50","11.50","11.50","1.50K","0.00%"
"23/02/2021","11.50","11.50","11.60","11.50","2.13K","0.00%"
"19/02/2021","11.50","11.30","11.50","11.10","0.73K","0.88%"
"18/02/2021","11.40","11.50","11.55","11.40","5.35K","-2.56%"
"17/02/2021","11.70","11.65","11.70","11.50","7.50K","0.43%"
"16/02/2021","11.65","11.50","11.70","11.30","7.92K","1.30%"
"15/02/2021","11.50","11.10","11.50","11.10","3.36K","1.77%"
"12/02/2021","11.30","11.00","11.30","10.90","5.90K","2.73%"
"11/02/2021","11.00","11.25","11.25","11.00","0.32K","0.00%"
"10/02/2021","11.00","11.00","11.00","10.85","0.88K","0.00%"
"09/02/2021","11.00","11.00","11.25","11.00","0.75K","-1.35%"
"08/02/2021","11.15","11.20","11.20","10.85","1.04K","2.76%"
"05/02/2021","10.85","10.80","10.85","10.80","0.12K","-1.36%"
"04/02/2021","11.00","11.00","11.00","10.80","0.42K","1.85%"
"03/02/2021","10.80","10.95","11.15","10.80","1.54K","-1.82%"
"02/02/2021","11.00","11.00","11.00","11.00","0.23K","0.46%"
"01/02/2021","10.95","10.95","11.25","10.95","0.37K","-3.10%"
"29/01/2021","11.30","11.30","11.30","10.90","1.28K","0.89%"
"28/01/2021","11.20","11.00","11.20","11.00","2.03K","1.82%"
"27/01/2021","11.00","11.05","11.05","11.00","3.82K","-0.45%"
"26/01/2021","11.05","11.40","11.40","11.05","3.17K","-2.64%"
"25/01/2021","11.35","11.10","11.35","11.10","0.30K","-0.44%"
"22/01/2021","11.40","11.10","11.40","11.00","4.27K","0.88%"
"21/01/2021","11.30","11.50","11.50","11.00","1.05K","-1.74%"
"20/01/2021","11.50","11.50","11.50","11.30","0.53K","0.00%"
"19/01/2021","11.50","11.30","11.50","11.30","3.25K","1.77%"
"18/01/2021","11.30","11.20","11.30","11.00","0.61K","0.89%"
"15/01/2021","11.20","11.20","11.20","11.00","1.29K","1.82%"
"14/01/2021","11.00","11.00","11.00","11.00","0.45K","-1.79%"
"13/01/2021","11.20","11.20","11.20","11.20","0.51K","0.00%"
"12/01/2021","11.20","11.20","11.20","11.00","0.55K","0.90%"
"11/01/2021","11.10","11.05","11.30","10.80","6.94K","-1.77%"
"08/01/2021","11.30","11.40","11.70","11.10","4.76K","1.80%"
"07/01/2021","11.10","10.80","11.40","10.65","10.15K","2.78%"
"05/01/2021","10.80","10.60","10.80","10.60","3.81K","1.89%"
"04/01/2021","10.60","10.65","10.65","10.50","1.67K","0.47%"
"30/12/2020","10.55","10.65","10.65","10.55","1.87K","-0.94%"
"29/12/2020","10.65","10.55","10.65","10.30","1.38K","0.47%"
"28/12/2020","10.60","10.40","10.60","10.25","8.79K","0.00%"
"23/12/2020","10.60","10.15","10.60","10.00","10.26K","4.95%"
"22/12/2020","10.10","10.15","10.70","10.10","4.20K","-0.49%"
"21/12/2020","10.15","10.35","10.40","10.15","2.68K","-3.33%"
"18/12/2020","10.50","10.35","10.55","10.35","1.64K","0.00%"
"17/12/2020","10.50","10.55","10.60","10.50","3.07K","-0.47%"
"16/12/2020","10.55","10.35","10.55","10.35","2.66K","0.48%"
"15/12/2020","10.50","10.45","10.50","10.45","0.25K","1.45%"
"14/12/2020","10.35","10.50","10.50","10.35","2.00K","-1.43%"
"11/12/2020","10.50","10.35","10.50","10.35","0.79K","0.96%"
"10/12/2020","10.40","10.40","10.40","10.35","1.29K","0.00%"
"09/12/2020","10.40","10.50","10.55","10.30","1.60K","-1.42%"
"08/12/2020","10.55","10.40","10.55","10.25","0.61K","1.44%"
"07/12/2020","10.40","10.25","10.40","10.25","0.70K","0.00%"
"04/12/2020","10.40","10.40","10.60","10.35","3.60K","-1.42%"
"03/12/2020","10.55","10.55","10.55","10.55","0.10K","-0.47%"
"02/12/2020","10.60","10.60","10.60","10.60","0.14K","1.92%"
"01/12/2020","10.40","10.45","10.45","10.25","3.57K","-3.26%"
"30/11/2020","10.75","11.00","11.00","10.35","1.06K","-2.27%"
"27/11/2020","11.00","10.70","11.00","10.35","0.75K","7.32%"
"26/11/2020","10.25","10.80","10.80","10.15","9.39K","-5.96%"
"25/11/2020","10.90","11.10","11.30","10.90","3.59K","-1.36%"
"24/11/2020","11.05","11.30","11.30","11.05","1.13K","-0.45%"
"23/11/2020","11.10","11.00","11.25","10.90","1.88K","0.91%"
"20/11/2020","11.00","11.15","11.15","10.60","3.94K","-0.90%"
"19/11/2020","11.10","10.90","11.90","10.90","14.09K","4.72%"
"18/11/2020","10.60","10.40","10.90","10.35","4.88K","3.41%"
"17/11/2020","10.25","10.15","10.40","10.00","5.95K","0.99%"
"16/11/2020","10.15","10.00","10.20","9.82","1.18K","1.50%"
"13/11/2020","10.00","10.05","10.10","10.00","0.69K","1.01%"
"12/11/2020","9.90","9.64","10.35","9.60","5.80K","4.87%"
"10/11/2020","9.44","9.42","9.66","9.32","4.87K","1.51%"
"09/11/2020","9.30","9.32","9.66","9.12","11.68K","-1.06%"
"06/11/2020","9.40","9.18","9.40","9.00","3.60K","0.00%"
"05/11/2020","9.40","9.42","9.42","9.12","10.49K","0.64%"
"04/11/2020","9.34","9.42","9.42","9.34","0.43K","-0.85%"
"03/11/2020","9.42","9.42","9.44","9.06","10.21K","-0.21%"
"02/11/2020","9.44","9.02","9.44","9.02","2.74K","2.61%"
"30/10/2020","9.20","9.30","9.30","9.00","4.95K","-1.92%"
"29/10/2020","9.38","9.38","9.38","9.00","5.87K","0.00%"
"28/10/2020","9.38","9.70","9.86","9.00","5.43K","-5.06%"
"27/10/2020","9.88","9.82","10.10","9.70","3.09K","-3.61%"
"26/10/2020","10.25","9.90","10.25","9.60","1.47K","3.54%"
"23/10/2020","9.90","10.25","10.30","9.90","3.71K","-3.41%"
"22/10/2020","10.25","10.20","10.25","10.20","0.37K","-0.49%"
"21/10/2020","10.30","9.94","10.45","9.94","4.50K","-1.90%"
"20/10/2020","10.50","10.45","10.50","10.00","1.20K","0.96%"
"19/10/2020","10.40","10.40","10.40","10.40","0.20K","0.00%"
"16/10/2020","10.40","10.10","10.50","10.00","4.48K","-0.95%"
"15/10/2020","10.50","10.20","10.60","10.10","5.23K","-0.94%"
"14/10/2020","10.60","10.30","10.60","10.00","8.95K","2.91%"
"13/10/2020","10.30","10.40","10.60","10.20","5.22K","-3.29%"
"12/10/2020","10.65","10.70","10.70","10.65","0.98K","-2.29%"
"09/10/2020","10.90","10.75","10.90","10.50","9.92K","-0.91%"
"08/10/2020","11.00","10.70","11.00","10.70","0.10K","1.85%"
"07/10/2020","10.80","11.00","11.00","10.80","5.54K","-1.82%"
"06/10/2020","11.00","11.00","11.00","10.95","0.84K","-1.79%"
"05/10/2020","11.20","11.30","11.30","10.85","4.27K","-1.32%"
"01/10/2020","11.35","11.10","11.35","11.00","0.25K","0.00%"
"30/09/2020","11.35","11.25","11.35","11.25","0.44K","0.00%"
"29/09/2020","11.35","11.30","11.35","11.30","0.35K","0.44%"
"28/09/2020","11.30","11.60","11.60","11.00","5.04K","-3.83%"
"25/09/2020","11.75","11.00","11.75","11.00","2.23K","4.91%"
"23/09/2020","11.20","11.05","11.40","10.95","1.50K","-0.88%"
"22/09/2020","11.30","11.40","11.40","11.20","1.82K","-0.88%"
"21/09/2020","11.40","11.00","11.40","11.00","0.59K","-0.87%"
"18/09/2020","11.50","11.40","11.50","11.10","1.12K","-0.43%"
"17/09/2020","11.55","11.20","11.55","11.20","1.58K","-0.86%"
"16/09/2020","11.65","11.15","11.75","11.15","3.64K","4.02%"
"15/09/2020","11.20","11.15","11.20","11.15","0.80K","0.45%"
"14/09/2020","11.15","11.20","11.20","11.00","0.58K","-0.45%"
"11/09/2020","11.20","11.20","11.20","11.20","0.17K","0.00%"
"10/09/2020","11.20","11.20","11.20","11.20","0.16K","0.00%"
"09/09/2020","11.20","11.00","11.20","11.00","0.30K","0.00%"
"08/09/2020","11.20","11.50","11.50","10.70","4.07K","-1.75%"
"07/09/2020","11.40","11.15","11.40","11.05","0.69K","-0.44%"
"04/09/2020","11.45","11.25","11.45","11.20","0.30K","-0.43%"
"03/09/2020","11.50","11.50","11.50","11.50","0.40K","0.00%"
"02/09/2020","11.50","11.50","11.50","11.50","0.07K","0.88%"
"01/09/2020","11.40","11.50","11.50","11.40","0.52K","-0.87%"
"31/08/2020","11.50","11.40","11.50","11.35","0.52K","0.00%"
"28/08/2020","11.50","11.50","11.50","11.30","0.58K","0.88%"
"27/08/2020","11.40","11.25","11.50","11.20","0.26K","-0.87%"
"26/08/2020","11.50","11.25","11.50","11.25","0.48K","-0.43%"
"25/08/2020","11.55","11.50","11.80","11.25","2.68K","-1.70%"
"24/08/2020","11.75","11.30","11.75","11.30","1.58K","3.98%"
"21/08/2020","11.30","11.55","11.65","11.30","0.44K","-1.74%"
"20/08/2020","11.50","11.60","11.60","11.50","0.46K","0.00%"
"18/08/2020","11.50","11.50","11.50","11.50","0.05K","-0.86%"
"17/08/2020","11.60","11.60","11.60","11.60","0.09K","0.00%"
"14/08/2020","11.60","11.20","11.60","11.20","0.06K","0.00%"
"13/08/2020","11.60","11.60","11.60","11.60","0.40K","-0.43%"
"12/08/2020","11.65","11.55","11.65","11.20","2.44K","0.87%"
"11/08/2020","11.55","11.20","11.55","11.10","1.01K","-0.86%"
"10/08/2020","11.65","11.20","11.65","11.15","3.01K","4.02%"
"07/08/2020","11.20","11.20","11.65","11.20","1.09K","-3.86%"
"06/08/2020","11.65","11.65","11.65","11.20","0.68K","3.10%"
"05/08/2020","11.30","11.10","11.30","11.10","0.69K","1.80%"
"04/08/2020","11.10","11.20","11.50","11.10","2.86K","-3.48%"
"03/08/2020","11.50","11.40","11.50","11.10","0.60K","0.00%"
"31/07/2020","11.50","11.60","11.65","11.50","0.33K","3.60%"
"30/07/2020","11.10","11.60","12.10","11.10","5.50K","-5.13%"
"29/07/2020","11.70","12.10","12.15","11.70","2.68K","-2.50%"
"28/07/2020","12.00","12.90","12.90","12.00","10.12K","-9.09%"
"27/07/2020","13.20","13.20","13.20","13.20","0.01K","0.00%"
"24/07/2020","13.20","12.80","13.20","12.60","2.08K","0.00%"
"23/07/2020","13.20","12.75","13.20","12.55","1.92K","2.33%"
"22/07/2020","12.90","13.35","13.35","12.70","2.19K","-0.77%"
"21/07/2020","13.00","13.00","13.35","13.00","0.71K","0.78%"
"20/07/2020","12.90","13.10","13.50","12.90","2.44K","-1.53%"
"17/07/2020","13.10","13.10","13.10","12.95","1.43K","-4.38%"
"16/07/2020","13.70","13.20","13.70","13.20","1.70K","3.01%"
"15/07/2020","13.30","13.00","13.95","12.80","11.46K","2.31%"
"14/07/2020","13.00","13.10","13.10","13.00","0.52K","-2.99%"
"13/07/2020","13.40","13.45","13.45","13.10","0.88K","-0.74%"
"10/07/2020","13.50","13.50","13.55","13.05","3.33K","0.00%"
"09/07/2020","13.50","13.20","13.60","13.00","2.60K","2.27%"
"08/07/2020","13.20","13.80","14.50","13.10","10.65K","-4.35%"
"07/07/2020","13.80","13.80","13.80","13.80","0.17K","0.00%"
"06/07/2020","13.80","13.60","13.90","13.10","3.27K","1.10%"
"03/07/2020","13.65","13.65","13.65","13.65","0.04K","0.00%"
"02/07/2020","13.65","13.65","13.90","13.00","2.18K","2.63%"
"01/07/2020","13.30","13.60","13.75","13.00","2.27K","-0.75%"
"30/06/2020","13.40","13.10","13.40","13.10","0.88K","-0.74%"
"29/06/2020","13.50","13.10","13.50","13.00","0.85K","2.27%"
"26/06/2020","13.20","13.70","13.85","13.20","7.42K","-2.22%"
"25/06/2020","13.50","13.70","13.90","13.30","2.07K","-2.53%"
"24/06/2020","13.85","13.80","13.85","13.80","0.15K","0.00%"
"23/06/2020","13.85","14.00","14.00","13.40","6.36K","-2.12%"
"22/06/2020","14.15","13.75","14.20","13.60","1.80K","1.07%"
"19/06/2020","14.00","13.45","14.15","13.45","7.28K","3.70%"
"18/06/2020","13.50","13.40","13.60","13.40","2.30K","0.00%"
"17/06/2020","13.50","13.40","13.60","13.20","1.61K","1.12%"
"16/06/2020","13.35","13.30","13.35","13.30","1.06K","0.38%"
"15/06/2020","13.30","13.30","13.30","13.00","2.93K","-2.21%"
"12/06/2020","13.60","13.45","13.70","12.60","7.23K","0.00%"
"10/06/2020","13.60","14.10","14.10","13.50","3.70K","0.37%"
"09/06/2020","13.55","13.60","14.00","13.45","1.76K","-4.58%"
"08/06/2020","14.20","14.00","14.40","13.55","3.71K","1.43%"
"05/06/2020","14.00","13.90","14.00","13.30","9.72K","0.72%"
"04/06/2020","13.90","13.15","13.90","13.10","8.05K","6.92%"
"03/06/2020","13.00","12.70","13.30","12.70","12.20K","2.36%"
"02/06/2020","12.70","12.80","12.80","12.35","1.56K","-0.39%"
"01/06/2020","12.75","12.75","12.75","12.75","0.10K","0.39%"
"29/05/2020","12.70","12.50","12.75","12.50","0.76K","2.42%"
"28/05/2020","12.40","12.45","12.80","12.40","1.01K","0.00%"
"27/05/2020","12.40","12.90","12.95","12.10","7.60K","-3.88%"
"26/05/2020","12.90","12.75","12.95","12.60","4.83K","0.78%"
"25/05/2020","12.80","12.65","12.80","12.65","1.60K","-0.39%"
"22/05/2020","12.85","12.60","12.95","12.10","2.22K","1.58%"
"21/05/2020","12.65","12.30","12.65","11.90","3.15K","0.00%"
"20/05/2020","12.65","12.65","12.65","12.15","0.34K","-0.39%"
"19/05/2020","12.70","12.00","12.70","12.00","7.44K","7.63%"
"18/05/2020","11.80","11.70","11.90","11.30","3.35K","1.29%"
"15/05/2020","11.65","11.60","11.65","11.60","0.20K","0.00%"
"14/05/2020","11.65","11.50","11.75","11.25","4.33K","3.10%"
"13/05/2020","11.30","11.65","11.75","11.20","2.31K","0.44%"
"12/05/2020","11.25","11.45","12.10","11.25","1.46K","0.45%"
"11/05/2020","11.20","11.15","11.20","11.00","2.97K","-3.03%"
"08/05/2020","11.55","11.50","11.55","11.35","1.20K","-1.28%"
"07/05/2020","11.70","11.95","12.00","11.70","1.72K","-0.43%"
"06/05/2020","11.75","11.50","11.75","11.45","0.71K","0.00%"
"05/05/2020","11.75","11.35","11.75","11.20","2.07K","4.91%"
"04/05/2020","11.20","11.15","11.20","10.90","3.97K","-3.86%"
"30/04/2020","11.65","11.30","11.65","11.15","2.40K","3.10%"
"29/04/2020","11.30","10.90","11.30","10.90","1.32K","1.80%"
"28/04/2020","11.10","11.20","11.20","10.50","3.74K","-1.77%"
"27/04/2020","11.30","11.00","11.30","10.70","2.68K","2.73%"
"24/04/2020","11.00","11.30","11.40","10.60","4.78K","-2.22%"
"23/04/2020","11.25","11.00","11.30","11.00","2.40K","3.21%"
"22/04/2020","10.90","11.00","11.30","10.90","1.75K","-1.80%"
"21/04/2020","11.10","11.50","11.50","10.90","4.08K","-3.90%"
"20/04/2020","11.55","11.50","11.55","11.00","5.88K","0.43%"
"17/04/2020","11.50","11.20","11.50","11.20","2.09K","2.68%"
"16/04/2020","11.20","11.15","11.20","11.15","1.68K","0.90%"
"15/04/2020","11.10","12.05","12.10","11.10","2.74K","-7.88%"
"14/04/2020","12.05","11.85","12.05","11.85","2.73K","1.69%"
"09/04/2020","11.85","11.25","11.90","11.25","3.16K","4.87%"
"08/04/2020","11.30","11.00","11.30","11.00","1.35K","0.00%"
"07/04/2020","11.30","11.10","11.30","10.75","2.51K","5.61%"
"06/04/2020","10.70","10.95","11.90","10.60","5.18K","-2.28%"
"03/04/2020","10.95","11.30","11.30","10.80","6.26K","-4.78%"
"02/04/2020","11.50","11.50","11.50","11.50","0.09K","-2.54%"
"01/04/2020","11.80","11.85","11.85","11.40","0.47K","-0.42%"
"31/03/2020","11.85","11.40","11.85","11.40","1.12K","0.00%"
"30/03/2020","11.85","11.75","11.85","11.75","1.30K","0.42%"
"27/03/2020","11.80","11.45","11.80","11.40","2.39K","3.06%"
"26/03/2020","11.45","11.45","11.50","11.45","0.78K","-2.97%"
"25/03/2020","11.80","11.80","11.80","11.80","0.10K","1.29%"
"24/03/2020","11.65","11.50","11.85","11.50","0.46K","-2.10%"
"23/03/2020","11.90","11.70","11.95","11.00","3.44K","-1.65%"
"20/03/2020","12.10","11.55","12.10","11.50","4.73K","1.68%"
"19/03/2020","11.90","11.50","11.90","11.40","1.02K","6.25%"
"18/03/2020","11.20","11.10","11.70","11.10","1.60K","-7.44%"
"17/03/2020","12.10","11.00","12.10","10.90","2.25K","6.14%"
"16/03/2020","11.40","11.95","11.95","10.90","1.25K","-6.94%"
"13/03/2020","12.25","11.20","12.25","11.20","0.41K","9.38%"
"12/03/2020","11.20","11.40","12.30","11.20","1.92K","-11.46%"
"11/03/2020","12.65","12.50","12.75","11.30","2.30K","-1.17%"
"10/03/2020","12.80","12.20","12.80","12.20","1.43K","0.00%"
"09/03/2020","12.80","12.20","12.80","12.20","0.99K","-2.29%"
"06/03/2020","13.10","13.00","13.10","12.75","0.41K","0.00%"
"05/03/2020","13.10","13.00","13.10","13.00","0.15K","0.77%"
"04/03/2020","13.00","13.25","13.50","13.00","2.75K","-1.89%"
"03/03/2020","13.25","13.00","13.25","13.00","1.45K","5.16%"
"02/03/2020","12.60","12.50","12.95","11.55","4.35K","-4.18%"
"28/02/2020","13.15","13.45","13.45","12.15","6.59K","-3.31%"
"27/02/2020","13.60","13.40","13.70","12.80","3.20K","1.49%"
"26/02/2020","13.40","13.10","13.40","12.80","0.17K","2.29%"
"25/02/2020","13.10","13.50","13.70","13.10","1.40K","-5.42%"
"24/02/2020","13.85","13.65","13.85","13.50","2.13K","-2.46%"
"21/02/2020","14.20","13.85","14.20","13.80","0.71K","0.00%"
"20/02/2020","14.20","14.20","14.20","14.20","0.02K","1.43%"
"19/02/2020","14.00","14.40","14.40","14.00","2.72K","-4.11%"
"18/02/2020","14.60","14.60","14.60","14.60","0.20K","0.69%"
"17/02/2020","14.50","14.50","14.50","14.20","0.68K","0.00%"
"14/02/2020","14.50","14.00","14.50","14.00","0.98K","0.00%"
"13/02/2020","14.50","15.10","15.10","14.00","7.53K","-1.02%"
"12/02/2020","14.65","15.00","15.00","14.65","0.90K","-2.33%"
"11/02/2020","15.00","14.70","15.00","14.70","0.21K","2.04%"
"10/02/2020","14.70","14.90","15.10","14.70","2.26K","-4.55%"
"07/02/2020","15.40","15.40","15.40","15.40","0.01K","2.33%"
"06/02/2020","15.05","15.05","15.05","15.05","0.10K","0.33%"
"05/02/2020","15.00","15.00","15.05","15.00","0.44K","-1.64%"
"04/02/2020","15.25","15.00","15.25","15.00","1.32K","0.99%"
"03/02/2020","15.10","15.00","15.20","15.00","0.23K","-0.33%"
"31/01/2020","15.15","14.90","15.15","14.90","0.07K","1.68%"
"30/01/2020","14.90","15.10","15.10","14.90","0.51K","-2.93%"
"29/01/2020","15.35","15.50","15.50","15.15","0.72K","-0.97%"
"28/01/2020","15.50","14.95","15.50","14.80","2.31K","3.33%"
"27/01/2020","15.00","15.05","15.05","14.60","1.44K","-0.66%"
"24/01/2020","15.10","14.95","15.10","14.95","0.89K","1.00%"
"23/01/2020","14.95","15.00","15.00","14.50","2.40K","2.40%"
"22/01/2020","14.60","14.60","14.80","14.50","2.16K","0.00%"
"21/01/2020","14.60","15.00","15.00","14.50","1.90K","-2.01%"
"20/01/2020","14.90","15.05","15.10","14.70","1.70K","0.00%"
"17/01/2020","14.90","14.85","15.05","14.70","11.13K","2.05%"
"16/01/2020","14.60","14.60","14.90","14.50","2.25K","0.00%"
"15/01/2020","14.60","14.60","14.90","14.35","4.69K","0.34%"
"14/01/2020","14.55","14.50","14.65","14.45","1.91K","1.39%"
"13/01/2020","14.35","14.90","14.90","14.35","0.36K","-3.37%"
"10/01/2020","14.85","14.90","14.90","14.30","2.02K","-0.34%"
"09/01/2020","14.90","14.50","14.90","14.50","0.82K","2.05%"
"08/01/2020","14.60","14.70","15.10","14.60","2.41K","0.00%"
"07/01/2020","14.60","15.00","15.00","14.60","5.69K","-2.67%"
"03/01/2020","15.00","15.10","15.10","14.70","0.28K","0.67%"
"02/01/2020","14.90","14.90","15.50","14.80","1.64K","0.00%"
"30/12/2019","14.90","14.85","14.90","14.50","0.39K","0.34%"
"27/12/2019","14.85","14.70","14.90","14.50","1.27K","1.71%"
"23/12/2019","14.60","14.90","14.90","14.30","1.21K","-1.68%"
"20/12/2019","14.85","14.70","14.85","14.70","0.30K","1.71%"
"19/12/2019","14.60","14.40","14.85","14.40","2.29K","-0.34%"
"18/12/2019","14.65","14.30","14.65","14.30","1.12K","0.00%"
"17/12/2019","14.65","14.65","14.70","14.30","0.55K","0.00%"
"16/12/2019","14.65","14.65","14.65","14.65","0.07K","1.03%"
"13/12/2019","14.50","14.50","14.65","14.35","1.73K","0.00%"
"12/12/2019","14.50","14.40","14.50","14.40","0.62K","0.00%"
"11/12/2019","14.50","14.50","14.50","14.35","0.80K","0.00%"
"10/12/2019","14.50","15.00","15.00","14.50","1.04K","-3.33%"
"09/12/2019","15.00","14.60","15.00","14.60","2.36K","2.39%"
"06/12/2019","14.65","14.50","15.15","14.50","1.15K","0.34%"
"05/12/2019","14.60","14.60","14.70","14.60","1.30K","0.00%"
"04/12/2019","14.60","15.10","15.15","14.60","1.68K","-3.31%"
"03/12/2019","15.10","15.15","15.15","15.10","1.19K","-0.98%"
"02/12/2019","15.25","15.30","15.30","15.10","0.35K","0.66%"
"29/11/2019","15.15","15.15","15.15","15.15","0.09K","0.00%"
"28/11/2019","15.15","15.05","15.15","15.05","0.18K","-1.62%"
"27/11/2019","15.40","15.20","15.40","15.20","1.18K","1.32%"
"26/11/2019","15.20","14.80","15.20","14.80","0.63K","2.70%"
"25/11/2019","14.80","14.90","14.90","14.55","0.63K","-1.00%"
"22/11/2019","14.95","14.80","14.95","14.80","0.76K","3.10%"
"21/11/2019","14.50","14.50","14.90","14.50","0.56K","-3.01%"
"20/11/2019","14.95","14.90","14.95","14.90","0.29K","0.34%"
"19/11/2019","14.90","14.35","14.90","14.35","0.52K","2.76%"
"18/11/2019","14.50","14.60","14.60","14.50","1.21K","-0.68%"
"15/11/2019","14.60","14.60","14.60","14.60","0.35K","0.00%"
"14/11/2019","14.60","14.95","14.95","14.45","2.04K","-2.34%"
"13/11/2019","14.95","14.95","14.95","14.95","0.01K","3.10%"
"12/11/2019","14.50","14.95","14.95","14.50","0.46K","0.00%"
"08/11/2019","14.50","14.50","14.50","14.50","0.95K","-1.36%"
"07/11/2019","14.70","14.50","14.90","14.50","2.01K","1.38%"
"06/11/2019","14.50","14.45","14.50","14.45","0.17K","0.00%"
"05/11/2019","14.50","14.40","14.50","14.00","0.44K","0.35%"
"04/11/2019","14.45","14.00","14.45","13.70","2.62K","3.21%"
"31/10/2019","14.00","14.20","14.20","13.70","1.56K","-1.06%"
"30/10/2019","14.15","14.15","14.15","14.15","0.73K","0.00%"
"29/10/2019","14.15","14.10","14.15","13.70","2.79K","4.81%"
"28/10/2019","13.50","14.50","14.50","13.50","5.01K","-7.53%"
"25/10/2019","14.60","14.65","14.65","14.50","1.97K","-0.34%"
"24/10/2019","14.65","14.60","14.65","14.60","0.15K","-1.35%"
"22/10/2019","14.85","14.70","14.85","14.65","0.70K","0.00%"
"21/10/2019","14.85","14.85","14.85","14.85","0.10K","0.00%"
"18/10/2019","14.85","14.40","14.85","14.40","0.07K","3.13%"
"17/10/2019","14.40","14.70","15.20","14.40","8.00K","0.00%"
"16/10/2019","14.40","14.30","14.40","14.30","1.19K","-1.37%"
"15/10/2019","14.60","14.50","14.60","14.25","1.13K","-0.68%"
"14/10/2019","14.70","15.00","15.00","14.10","1.63K","1.38%"
"11/10/2019","14.50","14.20","15.00","14.20","1.72K","0.00%"
"10/10/2019","14.50","14.50","14.50","14.45","0.41K","-2.03%"
"09/10/2019","14.80","14.80","14.80","14.80","0.00K","0.00%"
"08/10/2019","14.80","14.30","14.85","14.00","2.32K","3.50%"
"07/10/2019","14.30","13.90","14.30","13.90","0.14K","-0.35%"
"04/10/2019","14.35","14.35","14.35","14.35","0.25K","0.00%"
"03/10/2019","14.35","14.20","14.35","13.85","1.17K","-0.69%"
"02/10/2019","14.45","14.45","14.45","14.45","0.77K","0.00%"
"01/10/2019","14.45","14.45","14.45","14.45","0.64K","1.05%"
"30/09/2019","14.30","14.40","14.40","14.30","1.23K","-2.39%"
"27/09/2019","14.65","14.65","14.65","14.30","0.55K","0.00%"
"26/09/2019","14.65","14.65","14.65","14.40","0.75K","1.03%"
"25/09/2019","14.50","14.50","14.80","14.50","1.33K","-2.03%"
"24/09/2019","14.80","14.50","14.80","14.50","0.34K","0.00%"
"23/09/2019","14.80","14.50","14.80","14.50","0.46K","-0.34%"
"20/09/2019","14.85","14.40","14.85","14.40","0.12K","0.00%"
"19/09/2019","14.85","14.90","14.90","14.45","0.18K","2.06%"
"18/09/2019","14.55","14.65","15.00","14.50","2.60K","-0.68%"
"17/09/2019","14.65","14.55","14.70","14.40","1.63K","1.03%"
"16/09/2019","14.50","14.90","15.00","14.45","3.63K","-2.68%"
"13/09/2019","14.90","14.40","14.90","14.40","1.01K","0.34%"
"12/09/2019","14.85","14.85","14.85","14.50","0.67K","1.02%"
"11/09/2019","14.70","14.30","14.95","14.30","2.17K","2.08%"
"10/09/2019","14.40","15.00","15.00","14.40","0.74K","-0.35%"
"09/09/2019","14.45","14.45","14.60","14.45","1.70K","-1.70%"
"05/09/2019","14.70","15.00","15.40","14.60","1.66K","-2.00%"
"04/09/2019","15.00","15.00","15.00","15.00","0.01K","0.33%"
"03/09/2019","14.95","14.60","14.95","14.50","0.30K","2.40%"
"02/09/2019","14.60","14.40","14.60","14.40","1.26K","0.34%"
"30/08/2019","14.55","14.45","14.60","14.35","1.49K","0.34%"
"29/08/2019","14.50","14.90","15.10","14.50","3.65K","-2.68%"
"28/08/2019","14.90","15.10","15.10","14.90","0.23K","-1.32%"
"27/08/2019","15.10","15.65","15.65","14.95","1.45K","-3.51%"
"26/08/2019","15.65","15.65","15.65","15.65","0.06K","0.00%"
"23/08/2019","15.65","16.00","16.00","15.30","0.39K","-2.80%"
"22/08/2019","16.10","16.30","16.30","15.50","3.12K","-0.62%"
"21/08/2019","16.20","15.85","16.20","15.85","4.38K","2.21%"
"20/08/2019","15.85","15.50","15.85","15.50","0.60K","-0.31%"
"19/08/2019","15.90","15.90","15.90","15.90","0.93K","0.00%"
"16/08/2019","15.90","15.95","15.95","15.50","3.68K","-0.31%"
"14/08/2019","15.95","16.10","16.10","15.70","4.10K","-0.62%"
"13/08/2019","16.05","15.90","16.10","15.85","0.59K","-1.83%"
"12/08/2019","16.35","16.00","16.35","15.95","0.80K","-0.91%"
"09/08/2019","16.50","15.90","16.50","15.90","0.39K","0.61%"
"08/08/2019","16.40","16.00","16.40","15.85","1.12K","-0.30%"
"07/08/2019","16.45","16.45","16.45","16.45","0.03K","0.00%"
"06/08/2019","16.45","16.35","16.45","16.10","0.23K","0.61%"
"05/08/2019","16.35","16.10","16.35","16.10","0.26K","-0.30%"
"02/08/2019","16.40","16.05","16.40","16.05","0.10K","-0.30%"
"01/08/2019","16.45","16.45","16.45","16.45","0.01K","2.81%"
"31/07/2019","16.00","16.15","16.45","16.00","1.74K","-1.23%"
"30/07/2019","16.20","16.00","16.20","16.00","0.81K","1.25%"
"29/07/2019","16.00","16.00","16.20","16.00","1.14K","0.00%"
"26/07/2019","16.00","16.25","16.25","15.75","0.53K","-1.54%"
"25/07/2019","16.25","16.20","16.25","16.00","1.64K","1.25%"
"24/07/2019","16.05","16.25","16.25","16.00","0.97K","-1.23%"
"23/07/2019","16.25","16.10","16.25","15.90","5.89K","-0.91%"
"22/07/2019","16.40","16.45","16.45","16.05","0.52K","-0.30%"
"19/07/2019","16.45","16.10","16.45","16.10","2.66K","0.00%"
"18/07/2019","16.45","16.20","16.80","16.05","1.50K","0.30%"
"17/07/2019","16.40","16.45","16.45","16.20","1.75K","0.31%"
"16/07/2019","16.35","16.40","16.55","16.35","2.30K","-1.80%"
"15/07/2019","16.65","16.65","16.65","16.25","0.08K","0.00%"
"12/07/2019","16.65","16.65","16.65","16.65","0.26K","2.78%"
"11/07/2019","16.20","16.50","16.60","16.20","1.92K","-1.52%"
"10/07/2019","16.45","16.80","16.80","16.45","0.15K","-0.30%"
"09/07/2019","16.50","16.45","16.75","16.45","0.66K","1.23%"
"08/07/2019","16.30","16.80","16.90","16.30","1.12K","-1.21%"
"05/07/2019","16.50","16.75","16.75","16.50","0.58K","-1.49%"
"03/07/2019","16.75","16.25","16.75","16.25","0.20K","3.08%"
"02/07/2019","16.25","16.30","16.30","16.20","0.62K","-1.22%"
"01/07/2019","16.45","16.30","16.65","16.25","0.49K","-1.79%"
"26/06/2019","16.75","16.50","16.80","16.15","1.79K","-0.59%"
"25/06/2019","16.85","16.20","16.85","16.20","3.17K","0.90%"
"24/06/2019","16.70","16.70","16.70","16.70","0.44K","-0.89%"
"21/06/2019","16.85","16.50","16.85","16.50","0.10K","0.30%"
"18/06/2019","16.80","16.80","16.80","16.80","0.05K","0.00%"
"17/06/2019","16.80","16.90","16.90","16.80","0.89K","-0.59%"
"14/06/2019","16.90","16.90","16.90","16.90","0.00K","3.05%"
"13/06/2019","16.40","16.85","16.90","16.40","1.10K","-2.38%"
"12/06/2019","16.80","16.50","16.80","16.50","2.12K","2.44%"
"11/06/2019","16.40","16.75","16.85","16.00","3.41K","-4.65%"
"07/06/2019","17.20","16.75","17.20","16.75","0.20K","-0.29%"
"06/06/2019","17.25","16.80","17.25","16.80","0.44K","2.68%"
"05/06/2019","16.80","17.20","17.20","16.80","0.54K","-1.18%"
"04/06/2019","17.00","16.70","17.00","16.70","0.43K","0.00%"
"03/06/2019","17.00","17.20","17.20","17.00","0.56K","-1.45%"
"31/05/2019","17.25","17.00","17.35","16.80","0.86K","4.55%"
"30/05/2019","16.50","16.60","17.00","16.50","0.73K","-4.62%"
"29/05/2019","17.30","16.80","17.30","16.80","0.00K","0.00%"
"28/05/2019","17.30","17.50","18.00","16.50","6.99K","4.22%"
"27/05/2019","16.60","16.50","16.60","15.70","0.97K","0.61%"
"24/05/2019","16.50","16.50","16.60","16.50","0.72K","-1.79%"
"23/05/2019","16.80","16.80","16.80","16.80","0.45K","0.30%"
"22/05/2019","16.75","16.50","16.75","16.20","0.58K","1.52%"
"21/05/2019","16.50","16.60","16.85","16.50","2.06K","-4.07%"
"20/05/2019","17.20","17.30","17.30","16.60","1.27K","-0.58%"
"16/05/2019","17.30","16.60","17.30","16.45","2.55K","2.98%"
"15/05/2019","16.80","17.10","17.10","16.65","1.59K","-2.89%"
"14/05/2019","17.30","16.85","17.30","16.80","1.53K","-1.14%"
"13/05/2019","17.50","17.50","17.50","16.50","3.50K","-2.23%"
"10/05/2019","17.90","17.70","17.90","17.70","0.25K","0.00%"
"09/05/2019","17.90","17.85","17.90","17.45","0.41K","0.28%"
"08/05/2019","17.85","17.60","17.85","17.35","2.87K","-0.83%"
"07/05/2019","18.00","18.50","18.50","17.60","1.91K","-2.70%"
"06/05/2019","18.50","19.40","19.40","18.50","4.07K","-3.65%"
"02/05/2019","19.20","18.80","19.70","18.80","1.91K","1.59%"
"30/04/2019","18.90","20.90","20.90","18.85","5.44K","-9.57%"
"29/04/2019","20.90","20.00","21.00","19.40","8.63K","2.45%"
"26/04/2019","20.40","18.15","20.40","18.00","6.98K","9.09%"
"25/04/2019","18.70","18.30","18.70","18.10","0.17K","-0.80%"
"24/04/2019","18.85","18.40","18.85","18.40","0.64K","-1.31%"
"23/04/2019","19.10","19.10","19.10","19.10","0.58K","-0.52%"
"18/04/2019","19.20","18.45","19.20","18.45","2.16K","4.07%"
"17/04/2019","18.45","18.00","18.45","18.00","0.94K","4.24%"
"16/04/2019","17.70","17.95","18.50","17.70","1.74K","-1.67%"
"15/04/2019","18.00","17.70","18.00","17.40","2.37K","0.00%"
"12/04/2019","18.00","18.10","18.45","18.00","1.68K","-2.96%"
"11/04/2019","18.55","17.15","18.60","17.15","4.23K","8.16%"
"10/04/2019","17.15","17.15","17.15","16.60","0.56K","0.00%"
"09/04/2019","17.15","17.20","17.20","16.80","0.25K","1.18%"
"08/04/2019","16.95","16.85","16.95","16.75","1.09K","1.19%"
"05/04/2019","16.75","16.70","16.75","16.70","0.38K","-0.59%"
"04/04/2019","16.85","16.90","16.90","16.85","0.20K","0.00%"
"03/04/2019","16.85","16.60","16.90","16.60","0.76K","1.51%"
"02/04/2019","16.60","16.60","16.80","16.60","1.76K","0.00%"
"01/04/2019","16.60","16.60","16.60","16.60","0.59K","-0.30%"
"29/03/2019","16.65","16.75","16.75","16.65","0.30K","-1.48%"
"28/03/2019","16.90","16.80","16.90","16.60","0.46K","0.00%"
"27/03/2019","16.90","16.80","16.90","16.60","0.90K","1.20%"
"26/03/2019","16.70","16.90","16.90","16.70","0.42K","-1.18%"
"25/03/2019","16.90","16.70","16.90","16.45","1.32K","0.00%"
"22/03/2019","16.90","16.75","16.90","16.75","2.55K","1.81%"
"21/03/2019","16.60","16.85","16.85","16.60","0.60K","0.61%"
"20/03/2019","16.50","16.40","16.85","16.40","0.17K","-2.08%"
"19/03/2019","16.85","16.50","16.95","16.50","1.68K","2.12%"
"18/03/2019","16.50","16.20","16.50","16.15","1.61K","0.61%"
"15/03/2019","16.40","16.15","16.40","16.15","0.69K","0.00%"
"14/03/2019","16.40","16.10","16.40","16.10","0.07K","1.23%"
"13/03/2019","16.20","16.40","16.40","16.20","0.68K","-1.52%"
"12/03/2019","16.45","16.40","16.45","16.40","0.15K","0.00%"
"11/03/2019","16.45","16.40","16.45","16.15","0.65K","0.00%"
"08/03/2019","16.45","16.25","16.45","16.00","0.95K","1.23%"
"07/03/2019","16.25","16.30","16.45","16.25","1.74K","2.20%"
"06/03/2019","15.90","16.00","16.30","15.90","0.29K","-1.85%"
"04/03/2019","16.20","16.00","16.20","16.00","0.49K","-0.61%"
"28/02/2019","16.30","16.00","16.30","16.00","0.46K","2.19%"
"27/02/2019","15.95","15.95","15.95","15.90","0.41K","0.31%"
"26/02/2019","15.90","15.95","16.00","15.90","0.21K","-0.31%"
"25/02/2019","15.95","15.90","15.95","15.60","0.78K","0.00%"
"22/02/2019","15.95","15.95","15.95","15.85","0.66K","0.00%"
"21/02/2019","15.95","15.85","15.95","15.85","0.55K","0.63%"
"20/02/2019","15.85","15.85","15.85","15.85","0.77K","0.00%"
"19/02/2019","15.85","15.65","15.85","15.60","0.24K","-0.63%"
"18/02/2019","15.95","15.95","15.95","15.95","0.01K","0.00%"
"15/02/2019","15.95","15.50","15.95","15.50","0.40K","0.00%"
"14/02/2019","15.95","15.95","15.95","15.80","0.16K","0.00%"
"13/02/2019","15.95","15.95","16.00","15.90","2.31K","0.95%"
"12/02/2019","15.80","15.90","15.90","15.60","0.56K","0.32%"
"11/02/2019","15.75","16.10","17.30","14.55","13.74K","-3.08%"
"08/02/2019","16.25","16.20","16.25","16.10","1.13K","0.31%"
"07/02/2019","16.20","16.20","16.20","16.15","0.52K","0.93%"
"06/02/2019","16.05","16.15","16.20","16.05","0.36K","0.00%"
"05/02/2019","16.05","16.00","16.05","16.00","0.33K","-0.62%"
"04/02/2019","16.15","16.00","16.15","16.00","0.43K","0.94%"
"01/02/2019","16.00","16.00","16.05","16.00","0.40K","-1.54%"
"31/01/2019","16.25","16.00","16.25","16.00","0.41K","1.56%"
"30/01/2019","16.00","16.00","16.00","16.00","0.32K","0.00%"
"29/01/2019","16.00","16.05","16.05","16.00","0.88K","-1.84%"
"25/01/2019","16.30","16.30","16.30","16.30","0.16K","1.87%"
"24/01/2019","16.00","16.15","16.15","16.00","1.00K","-1.84%"
"23/01/2019","16.30","16.30","16.30","16.30","0.06K","1.87%"
"22/01/2019","16.00","16.00","16.30","16.00","0.45K","-1.84%"
"21/01/2019","16.30","16.30","16.30","16.05","0.37K","1.56%"
"18/01/2019","16.05","16.30","16.30","16.05","0.22K","-1.23%"
"17/01/2019","16.25","16.15","16.25","16.15","0.60K","0.93%"
"16/01/2019","16.10","16.40","16.40","15.90","1.32K","-1.23%"
"15/01/2019","16.30","16.05","16.40","16.05","0.42K","-0.61%"
"10/01/2019","16.40","16.20","16.40","16.20","0.25K","1.23%"
"09/01/2019","16.20","16.00","16.20","16.00","0.15K","1.89%"
"08/01/2019","15.90","16.15","16.15","15.90","0.22K","-1.55%"
"07/01/2019","16.15","16.10","16.15","16.00","0.56K","0.31%"
"04/01/2019","16.10","16.10","16.10","15.70","0.40K","0.63%"
"03/01/2019","16.00","16.25","16.40","16.00","0.81K","-1.23%"
"02/01/2019","16.20","16.20","16.20","16.20","0.39K","-2.41%"
"28/12/2018","16.60","16.45","16.60","16.20","1.05K","0.91%"
"27/12/2018","16.45","15.90","16.45","15.90","0.39K","4.11%"
"21/12/2018","15.80","16.00","16.00","15.80","0.08K","-3.36%"
"20/12/2018","16.35","16.00","16.35","15.50","4.20K","0.93%"
"19/12/2018","16.20","16.15","16.20","16.15","2.50K","0.31%"
"18/12/2018","16.15","15.90","16.25","15.85","0.34K","1.57%"
"17/12/2018","15.90","16.15","16.15","15.90","0.64K","-1.85%"
"14/12/2018","16.20","16.20","16.30","16.20","2.44K","0.00%"
"13/12/2018","16.20","15.90","16.20","15.90","0.36K","1.25%"
"12/12/2018","16.00","15.85","16.30","15.85","1.98K","-1.23%"
"11/12/2018","16.20","16.15","16.20","16.15","1.50K","2.21%"
"10/12/2018","15.85","16.20","16.20","15.85","1.10K","-2.46%"
"07/12/2018","16.25","15.90","16.25","15.90","1.00K","1.56%"
"06/12/2018","16.00","16.35","16.40","16.00","1.08K","-1.84%"
"05/12/2018","16.30","15.80","16.35","15.80","0.12K","1.24%"
"04/12/2018","16.10","15.80","16.10","15.30","10.10K","1.26%"
"03/12/2018","15.90","15.90","15.90","15.80","4.04K","0.00%"
"30/11/2018","15.90","15.90","15.90","15.75","2.67K","0.95%"
"29/11/2018","15.75","16.40","16.85","15.50","12.12K","1.94%"
"28/11/2018","15.45","15.15","15.45","15.00","1.31K","-0.32%"
"27/11/2018","15.50","15.45","15.50","15.00","1.88K","0.00%"
"26/11/2018","15.50","15.30","15.50","15.30","0.27K","0.00%"
"23/11/2018","15.50","14.65","15.50","14.65","1.50K","5.44%"
"22/11/2018","14.70","14.70","14.70","14.70","0.35K","0.00%"
"21/11/2018","14.70","14.40","14.70","14.10","0.66K","2.08%"
"20/11/2018","14.40","14.60","14.60","14.30","1.16K","-1.37%"
"19/11/2018","14.60","14.10","15.00","14.10","1.19K","3.18%"
"16/11/2018","14.15","14.50","14.55","13.90","4.09K","1.07%"
"15/11/2018","14.00","14.65","15.05","14.00","3.94K","-6.98%"
"14/11/2018","15.05","14.60","15.05","14.60","0.55K","1.01%"
"13/11/2018","14.90","14.85","14.90","14.50","1.63K","0.00%"
"09/11/2018","14.90","14.95","15.15","14.90","3.25K","-0.67%"
"08/11/2018","15.00","15.00","15.15","15.00","6.58K","0.00%"
"07/11/2018","15.00","15.50","15.70","15.00","8.23K","-3.23%"
"06/11/2018","15.50","16.10","16.35","15.50","5.48K","-6.06%"
"05/11/2018","16.50","16.15","16.50","16.15","0.82K","4.10%"
"02/11/2018","15.85","15.85","15.85","15.85","0.30K","-0.63%"
"31/10/2018","15.95","15.80","16.10","15.80","0.44K","-0.31%"
"30/10/2018","16.00","15.55","16.20","15.55","0.15K","-0.93%"
"29/10/2018","16.15","15.55","16.15","15.55","0.01K","-0.31%"
"26/10/2018","16.20","15.80","16.20","15.55","2.15K","2.53%"
"25/10/2018","15.80","15.90","15.90","15.80","0.26K","-2.77%"
"24/10/2018","16.25","16.15","16.25","15.80","1.50K","-0.31%"
"23/10/2018","16.30","16.50","16.80","16.30","0.97K","-1.21%"
"22/10/2018","16.50","15.65","16.60","15.65","6.87K","1.85%"
"19/10/2018","16.20","16.20","16.20","15.70","0.50K","-1.52%"
"17/10/2018","16.45","16.35","16.45","16.10","1.02K","0.61%"
"16/10/2018","16.35","16.35","16.35","16.35","0.00K","2.19%"
"15/10/2018","16.00","16.25","16.50","16.00","1.11K","0.31%"
"12/10/2018","15.95","15.90","15.95","15.90","0.56K","0.00%"
"11/10/2018","15.95","16.05","16.05","15.30","0.82K","-2.45%"
"10/10/2018","16.35","16.55","16.55","15.05","8.83K","-0.91%"
"09/10/2018","16.50","16.50","16.50","16.50","0.29K","0.00%"
"08/10/2018","16.50","16.55","16.55","16.50","1.12K","-2.08%"
"05/10/2018","16.85","16.70","16.85","16.65","0.43K","-0.30%"
"04/10/2018","16.90","16.90","17.00","16.65","1.22K","-0.59%"
"03/10/2018","17.00","16.75","17.00","16.75","4.58K","1.49%"
"02/10/2018","16.75","17.00","17.00","16.75","1.40K","-1.76%"
"01/10/2018","17.05","16.15","17.05","16.15","8.03K","5.25%"
"28/09/2018","16.20","16.20","16.20","16.20","0.65K","0.00%"
"27/09/2018","16.20","16.20","16.20","16.15","0.66K","0.62%"
"26/09/2018","16.10","15.80","16.30","15.80","3.38K","3.21%"
"25/09/2018","15.60","15.75","15.75","15.60","0.33K","-0.95%"
"24/09/2018","15.75","15.95","15.95","15.50","1.15K","0.00%"
"21/09/2018","15.75","15.75","15.75","15.75","0.24K","0.00%"
"20/09/2018","15.75","15.80","15.80","15.75","0.44K","-1.56%"
"19/09/2018","16.00","16.00","16.00","16.00","0.32K","0.00%"
"18/09/2018","16.00","16.00","16.00","16.00","0.63K","0.00%"
"14/09/2018","16.00","16.25","16.25","16.00","1.52K","-1.54%"
"13/09/2018","16.25","16.00","16.25","16.00","0.80K","1.56%"
"12/09/2018","16.00","15.90","16.00","15.55","1.43K","2.89%"
"11/09/2018","15.55","15.70","15.70","15.55","0.45K","-1.89%"
"10/09/2018","15.85","16.30","16.35","15.85","1.62K","-2.76%"
"07/09/2018","16.30","16.30","16.30","16.00","1.52K","-0.31%"
"06/09/2018","16.35","16.35","16.40","16.10","0.57K","-0.30%"
"05/09/2018","16.40","16.20","16.40","16.00","3.37K","0.31%"
"04/09/2018","16.35","16.50","16.60","16.00","8.38K","-0.61%"
"03/09/2018","16.45","16.45","16.55","16.40","9.06K","0.30%"
"31/08/2018","16.40","15.80","16.50","15.80","11.40K","5.81%"
"30/08/2018","15.50","15.50","15.50","15.50","0.23K","0.00%"
"29/08/2018","15.50","15.50","15.50","15.50","0.15K","-1.27%"
"28/08/2018","15.70","15.70","15.70","15.30","1.26K","0.00%"
"27/08/2018","15.70","15.50","15.70","15.50","0.30K","-0.63%"
"24/08/2018","15.80","15.35","15.80","15.25","1.86K","0.00%"
"23/08/2018","15.80","15.90","15.90","15.80","0.33K","-0.63%"
"22/08/2018","15.90","15.70","15.90","15.50","1.01K","0.00%"
"21/08/2018","15.90","16.00","16.00","15.90","0.69K","-0.63%"
"20/08/2018","16.00","16.00","16.00","16.00","0.02K","0.00%"
"17/08/2018","16.00","16.00","16.00","15.95","0.62K","0.00%"
"16/08/2018","16.00","15.60","16.00","15.60","0.11K","0.00%"
"14/08/2018","16.00","15.80","16.00","15.80","0.15K","0.00%"
"13/08/2018","16.00","15.95","16.05","15.95","0.97K","1.27%"
"10/08/2018","15.80","15.85","15.85","15.80","0.97K","-1.86%"
"09/08/2018","16.10","15.85","16.25","15.85","1.30K","1.26%"
"08/08/2018","15.90","16.05","16.05","15.90","3.78K","-3.64%"
"07/08/2018","16.50","16.50","16.50","16.50","0.09K","-0.30%"
"06/08/2018","16.55","16.20","16.70","16.20","4.22K","-0.60%"
"03/08/2018","16.65","16.50","16.65","16.50","0.76K","0.30%"
"02/08/2018","16.60","16.60","16.70","16.50","0.53K","-0.60%"
"01/08/2018","16.70","16.80","16.80","16.70","0.21K","-0.60%"
"31/07/2018","16.80","16.90","16.90","16.45","1.69K","0.30%"
"30/07/2018","16.75","16.80","17.00","16.75","1.64K","-0.30%"
"27/07/2018","16.80","16.30","16.80","16.30","2.64K","3.07%"
"26/07/2018","16.30","16.00","16.35","15.80","6.45K","1.87%"
"25/07/2018","16.00","16.05","16.05","15.75","4.28K","0.63%"
"24/07/2018","15.90","15.90","15.90","15.50","88.40K","0.63%"
"23/07/2018","15.80","15.45","16.10","15.40","10.90K","3.61%"
"20/07/2018","15.25","15.00","15.25","15.00","0.45K","1.67%"
"19/07/2018","15.00","15.00","15.00","15.00","0.93K","-2.91%"
"17/07/2018","15.45","15.40","15.50","15.10","1.26K","1.64%"
"16/07/2018","15.20","15.15","15.20","15.15","0.60K","2.70%"
"13/07/2018","14.80","15.15","15.15","14.70","0.20K","-0.34%"
"11/07/2018","14.85","14.75","14.85","14.70","2.45K","0.34%"
"10/07/2018","14.80","15.35","15.35","14.80","0.71K","0.00%"
"09/07/2018","14.80","14.90","14.90","14.80","0.60K","-0.67%"
"06/07/2018","14.90","14.90","14.90","14.90","0.50K","0.68%"
"05/07/2018","14.80","15.30","15.30","14.80","2.69K","-3.27%"
"04/07/2018","15.30","15.50","15.50","15.00","10.80K","-1.29%"
"03/07/2018","15.50","15.50","15.50","15.50","0.10K","0.00%"
"29/06/2018","15.50","15.50","15.50","15.50","0.90K","0.00%"
"28/06/2018","15.50","15.55","15.55","15.40","1.68K","-0.32%"
"27/06/2018","15.55","15.55","15.55","15.55","0.15K","-3.72%"
"26/06/2018","16.15","16.10","16.15","16.10","0.02K","0.31%"
"25/06/2018","16.10","16.25","16.25","16.00","3.01K","-4.73%"
"22/06/2018","16.90","16.15","16.90","16.15","0.20K","0.60%"
"21/06/2018","16.80","16.05","16.80","16.05","0.11K","0.90%"
"20/06/2018","16.65","16.30","16.65","16.20","0.34K","-1.19%"
"19/06/2018","16.85","17.00","17.00","16.85","0.37K","-0.88%"
"18/06/2018","17.00","16.20","17.00","16.20","0.15K","2.72%"
"15/06/2018","16.55","16.30","16.55","16.25","0.37K","-0.30%"
"13/06/2018","16.60","16.60","16.60","16.60","0.04K","0.30%"
"12/06/2018","16.55","16.55","16.55","16.55","0.14K","0.91%"
"06/06/2018","16.40","16.40","16.40","16.40","0.10K","-1.20%"
"05/06/2018","16.60","16.60","16.60","16.60","0.50K","0.00%"
"04/06/2018","16.60","16.60","16.80","16.60","0.24K","-1.19%"
"01/06/2018","16.80","16.60","16.80","16.60","0.32K","1.20%"
"30/05/2018","16.60","16.60","16.60","16.60","0.34K","-1.78%"
"29/05/2018","16.90","16.65","16.90","16.65","1.28K","1.50%"
"25/05/2018","16.65","17.00","17.00","16.50","6.24K","5.71%"
"23/05/2018","15.75","15.75","15.75","15.75","0.05K","0.00%"
"22/05/2018","15.75","15.75","15.75","15.75","0.05K","0.00%"
"21/05/2018","15.75","15.75","15.75","15.75","0.08K","0.00%"
"18/05/2018","15.75","15.85","15.85","15.40","4.19K","-0.63%"
"17/05/2018","15.85","15.85","15.85","15.85","0.53K","0.32%"
"16/05/2018","15.80","16.00","16.00","15.80","0.17K","-3.07%"
"15/05/2018","16.30","16.25","16.30","16.00","0.13K","0.93%"
"14/05/2018","16.15","16.15","16.15","16.15","0.47K","0.00%"
"11/05/2018","16.15","15.85","16.15","15.80","1.06K","1.89%"
"10/05/2018","15.85","16.10","16.10","15.85","1.39K","-2.46%"
"09/05/2018","16.25","16.15","16.60","16.00","2.69K","-1.81%"
"08/05/2018","16.55","16.35","16.55","16.15","4.40K","-2.07%"
"07/05/2018","16.90","16.35","16.90","16.35","0.11K","0.00%"
"02/05/2018","16.90","16.50","16.90","16.35","0.11K","0.60%"
"30/04/2018","16.80","16.35","17.00","16.35","1.83K","0.30%"
"26/04/2018","16.75","16.35","16.75","16.35","0.03K","2.76%"
"24/04/2018","16.30","16.20","16.75","16.10","0.56K","-2.69%"
"23/04/2018","16.75","16.35","16.75","16.20","0.81K","1.52%"
"18/04/2018","16.50","16.50","16.50","16.50","2.71K","0.00%"
"17/04/2018","16.50","16.50","16.50","16.35","0.08K","1.23%"
"16/04/2018","16.30","16.30","16.50","16.30","0.38K","0.00%"
"13/04/2018","16.30","16.30","16.30","16.30","0.27K","-1.21%"
"12/04/2018","16.50","16.50","16.50","16.50","0.31K","0.00%"
"11/04/2018","16.50","16.55","17.00","16.10","2.11K","0.61%"
"09/04/2018","16.40","16.60","16.60","16.40","1.27K","-1.20%"
"06/04/2018","16.60","17.00","17.00","16.60","0.25K","0.61%"
"04/04/2018","16.50","16.50","16.50","16.50","0.19K","0.00%"
"03/04/2018","16.50","16.60","17.00","16.50","1.82K","-2.94%"
"29/03/2018","17.00","17.00","17.00","16.95","0.42K","0.00%"
"28/03/2018","17.00","16.90","17.00","16.90","0.85K","1.80%"
"27/03/2018","16.70","16.25","17.00","16.25","1.01K","3.09%"
"26/03/2018","16.20","16.70","16.85","16.20","0.61K","-4.71%"
"23/03/2018","17.00","17.00","17.05","16.95","2.01K","0.00%"
"22/03/2018","17.00","16.60","17.00","16.60","0.55K","2.41%"
"21/03/2018","16.60","16.55","16.60","16.00","2.32K","0.30%"
"20/03/2018","16.55","16.50","16.55","16.50","0.53K","0.30%"
"16/03/2018","16.50","16.40","16.50","16.40","0.50K","0.61%"
"15/03/2018","16.40","16.20","16.40","16.10","0.75K","1.86%"
"14/03/2018","16.10","15.95","16.20","15.35","2.27K","0.94%"
"13/03/2018","15.95","15.25","15.95","15.25","0.18K","-1.54%"
"12/03/2018","16.20","16.35","16.35","15.25","2.64K","-0.92%"
"09/03/2018","16.35","16.15","16.35","16.15","0.16K","0.93%"
"08/03/2018","16.20","16.20","16.20","16.20","0.19K","0.00%"
"07/03/2018","16.20","15.50","16.20","15.10","1.85K","-0.31%"
"06/03/2018","16.25","16.20","16.25","16.20","0.30K","0.00%"
"02/03/2018","16.25","16.20","16.25","16.20","0.60K","0.00%"
"01/03/2018","16.25","16.20","16.25","16.20","0.10K","0.31%"
"28/02/2018","16.20","16.20","16.20","16.20","0.20K","0.00%"
"27/02/2018","16.20","16.15","16.25","16.15","0.25K","1.25%"
"26/02/2018","16.00","16.00","16.00","16.00","1.24K","-1.54%"
"23/02/2018","16.25","16.40","16.40","15.70","1.64K","-0.61%"
"22/02/2018","16.35","16.35","16.35","16.35","1.04K","0.00%"
"21/02/2018","16.35","16.20","16.35","16.20","0.43K","-2.68%"
"20/02/2018","16.80","16.80","16.80","16.80","0.01K","-0.59%"
"19/02/2018","16.90","16.90","16.90","16.90","0.10K","-0.59%"
"16/02/2018","17.00","16.10","17.00","16.10","2.66K","3.66%"
"14/02/2018","16.40","16.40","16.40","16.40","0.00K","0.61%"
"13/02/2018","16.30","16.00","16.40","16.00","1.83K","-0.91%"
"07/02/2018","16.45","15.80","16.45","15.80","0.21K","0.00%"
"06/02/2018","16.45","16.50","16.50","16.45","0.52K","-0.30%"
"05/02/2018","16.50","17.15","17.15","16.50","0.01K","-3.79%"
"01/02/2018","17.15","17.15","17.15","17.15","0.01K","-0.29%"
"30/01/2018","17.20","17.20","17.20","17.20","0.07K","0.29%"
"29/01/2018","17.15","16.55","17.15","16.55","0.18K","-0.29%"
"24/01/2018","17.20","16.55","17.20","16.55","0.01K","-0.29%"
"22/01/2018","17.25","17.20","17.25","17.20","0.33K","0.29%"
"19/01/2018","17.20","17.20","17.20","17.20","0.01K","0.58%"
"18/01/2018","17.10","17.70","17.70","17.10","0.56K","-3.39%"
"16/01/2018","17.70","17.15","17.70","17.15","0.19K","-0.28%"
"15/01/2018","17.75","17.70","17.75","17.70","0.41K","0.00%"
"12/01/2018","17.75","17.60","17.75","17.50","1.19K","1.43%"
"11/01/2018","17.50","16.10","17.50","16.10","2.18K","6.38%"
"10/01/2018","16.45","15.90","16.45","15.90","0.32K","3.13%"
"09/01/2018","15.95","15.95","15.95","15.95","0.10K","-3.92%"
"05/01/2018","16.60","16.40","16.60","16.40","0.19K","-1.19%"
"03/01/2018","16.80","16.80","16.80","16.80","0.12K","0.00%"
"29/12/2017","16.80","16.70","16.80","16.10","2.58K","-2.21%"
"27/12/2017","17.18","16.65","17.18","16.65","2.66K","1.06%"
"22/12/2017","17.00","16.70","17.00","16.70","0.42K","-0.87%"
"20/12/2017","17.15","17.15","17.15","17.15","2.12K","-0.12%"
"19/12/2017","17.17","17.17","17.17","17.17","1.00K","0.00%"
"18/12/2017","17.17","16.65","17.17","16.60","0.21K","-0.46%"
"15/12/2017","17.25","17.00","17.25","17.00","0.10K","0.29%"
"14/12/2017","17.20","17.25","17.25","16.65","0.81K","-0.29%"
"13/12/2017","17.25","17.21","17.25","17.21","0.84K","0.29%"
"12/12/2017","17.20","17.20","17.20","17.20","0.04K","0.00%"
"11/12/2017","17.20","17.00","17.20","17.00","0.20K","0.00%"
"08/12/2017","17.20","16.80","17.20","16.80","0.45K","2.38%"
"07/12/2017","16.80","16.80","16.80","16.80","0.01K","0.00%"
"05/12/2017","16.80","16.60","17.01","16.20","0.26K","1.20%"
"04/12/2017","16.60","16.69","16.70","16.60","0.38K","-0.54%"
"30/11/2017","16.69","16.27","16.69","16.27","0.30K","0.60%"
"29/11/2017","16.59","16.40","16.59","15.80","1.21K","1.16%"
"28/11/2017","16.40","16.40","16.40","16.40","0.05K","-4.76%"
"27/11/2017","17.22","17.22","17.22","17.22","0.00K","0.00%"
"24/11/2017","17.22","17.10","17.22","17.10","0.09K","0.12%"
"21/11/2017","17.20","17.20","17.20","17.20","0.15K","0.00%"
"17/11/2017","17.20","17.06","17.20","16.64","2.18K","0.82%"
"16/11/2017","17.06","16.90","17.06","15.21","1.66K","-1.50%"
"15/11/2017","17.32","16.75","17.32","16.75","0.20K","1.29%"
"14/11/2017","17.10","17.10","17.32","17.10","2.00K","-3.66%"
"13/11/2017","17.75","16.75","17.75","16.75","0.54K","2.48%"
"10/11/2017","17.32","17.01","17.53","17.00","1.67K","1.88%"
"09/11/2017","17.00","17.10","17.74","17.00","0.78K","-4.17%"
"06/11/2017","17.74","17.30","17.74","17.10","1.45K","-0.28%"
"03/11/2017","17.79","17.70","17.80","17.70","0.60K","-0.06%"
"02/11/2017","17.80","17.50","17.80","17.50","0.19K","-0.28%"
"31/10/2017","17.85","17.52","17.85","17.52","0.57K","1.88%"
"30/10/2017","17.52","17.45","17.52","17.45","0.10K","-0.17%"
"27/10/2017","17.55","17.63","17.70","16.75","4.14K","-0.11%"
"26/10/2017","17.57","17.25","17.57","17.25","0.28K","1.86%"
"25/10/2017","17.25","17.60","17.60","17.25","0.33K","-0.86%"
"24/10/2017","17.40","17.45","17.45","17.30","1.48K","-1.14%"
"23/10/2017","17.60","17.60","17.60","17.60","0.15K","-0.56%"
"20/10/2017","17.70","17.50","17.70","17.50","2.02K","0.00%"
"19/10/2017","17.70","17.90","17.90","17.70","4.12K","-1.12%"
"18/10/2017","17.90","17.90","17.90","17.90","0.60K","0.00%"
"17/10/2017","17.90","17.80","17.90","17.50","3.21K","-0.56%"
"16/10/2017","18.00","18.00","18.00","17.70","7.83K","0.00%"
"13/10/2017","18.00","17.70","18.00","17.70","1.46K","0.06%"
"11/10/2017","17.99","17.99","17.99","17.70","1.54K","-0.06%"
"10/10/2017","18.00","18.00","18.00","17.95","1.00K","0.00%"
"09/10/2017","18.00","18.00","18.00","18.00","0.18K","0.00%"
"06/10/2017","18.00","18.00","18.00","17.95","0.40K","0.06%"
"05/10/2017","17.99","18.00","18.00","17.25","1.91K","2.22%"
"04/10/2017","17.60","17.60","17.60","17.60","0.43K","-2.22%"
"03/10/2017","18.00","18.46","18.46","18.00","1.45K","-2.49%"
"02/10/2017","18.46","17.65","18.89","17.00","10.08K","1.43%"
"29/09/2017","18.20","17.70","18.20","17.70","0.55K","0.00%"
"28/09/2017","18.20","18.15","18.20","18.10","0.30K","3.41%"
"27/09/2017","17.60","17.80","17.80","17.60","4.00K","-3.03%"
"26/09/2017","18.15","17.78","18.15","17.78","1.30K","2.08%"
"25/09/2017","17.78","17.76","17.80","17.76","0.54K","0.45%"
"22/09/2017","17.70","18.00","18.00","17.70","0.70K","0.57%"
"21/09/2017","17.60","17.60","17.60","17.60","0.70K","0.00%"
"20/09/2017","17.60","17.75","17.76","17.50","1.05K","-2.22%"
"19/09/2017","18.00","18.00","18.00","18.00","0.06K","1.69%"
"18/09/2017","17.70","18.37","18.37","17.70","0.16K","-3.65%"
"15/09/2017","18.37","18.89","18.89","18.00","0.55K","-2.75%"
"13/09/2017","18.89","18.25","18.89","18.25","0.35K","3.51%"
"12/09/2017","18.25","18.01","19.10","18.00","1.55K","-1.35%"
"11/09/2017","18.50","18.20","19.40","17.51","4.44K","-3.14%"
"08/09/2017","19.10","18.20","19.10","18.20","0.20K","0.00%"
"07/09/2017","19.10","19.80","19.80","18.22","1.31K","-3.54%"
"06/09/2017","19.80","19.80","19.80","19.20","0.86K","-1.00%"
"05/09/2017","20.00","19.50","20.20","19.50","1.65K","-1.96%"
"04/09/2017","20.40","20.35","20.40","19.70","1.06K","0.25%"
"01/09/2017","20.35","19.50","20.49","19.50","2.15K","3.30%"
"31/08/2017","19.70","20.00","20.00","19.22","3.23K","-1.50%"
"30/08/2017","20.00","20.50","20.50","20.00","1.08K","-3.47%"
"29/08/2017","20.72","19.50","21.00","19.49","8.09K","6.26%"
"28/08/2017","19.50","19.55","19.55","19.22","0.13K","-0.26%"
"25/08/2017","19.55","19.33","19.55","19.30","0.44K","-0.66%"
"24/08/2017","19.68","19.10","19.68","19.10","0.77K","-0.05%"
"23/08/2017","19.69","19.10","19.69","19.10","0.06K","-1.01%"
"22/08/2017","19.89","19.80","19.89","19.50","2.10K","0.00%"
"21/08/2017","19.89","19.00","19.97","18.99","2.36K","6.31%"
"18/08/2017","18.71","17.92","18.71","17.92","38.22K","1.91%"
"17/08/2017","18.36","17.85","18.36","17.85","1.25K","-0.22%"
"14/08/2017","18.40","17.85","18.40","17.85","0.52K","0.00%"
"11/08/2017","18.40","17.90","18.40","17.90","3.20K","-0.49%"
"10/08/2017","18.49","17.83","18.49","17.83","4.83K","3.64%"
"09/08/2017","17.84","17.39","17.84","17.39","6.25K","2.59%"
"08/08/2017","17.39","17.22","17.39","17.22","0.91K","-0.63%"
"07/08/2017","17.50","17.50","17.84","17.50","0.15K","-1.69%"
"04/08/2017","17.80","17.50","18.63","17.00","6.69K","-0.56%"
"03/08/2017","17.90","17.99","17.99","17.80","2.24K","0.00%"
"02/08/2017","17.90","17.40","17.90","17.40","0.30K","1.13%"
"01/08/2017","17.70","17.51","17.70","17.51","2.24K","1.14%"
"31/07/2017","17.50","17.50","17.50","17.50","1.62K","0.00%"
"28/07/2017","17.50","17.50","17.50","17.50","0.39K","0.00%"
"27/07/2017","17.50","17.60","17.60","17.50","0.13K","0.00%"
"26/07/2017","17.50","17.61","17.61","17.05","0.37K","-0.62%"
"25/07/2017","17.61","17.71","17.71","17.02","1.43K","-0.56%"
"24/07/2017","17.71","17.80","17.80","17.71","0.10K","-3.17%"
"21/07/2017","18.29","18.29","18.29","18.29","0.28K","-0.38%"
"19/07/2017","18.36","18.20","18.36","17.61","0.24K","-0.76%"
"18/07/2017","18.50","18.05","18.50","17.65","1.23K","2.49%"
"17/07/2017","18.05","17.00","18.05","17.00","1.37K","6.18%"
"14/07/2017","17.00","17.30","17.30","16.60","0.19K","-1.85%"
"13/07/2017","17.32","16.20","17.32","16.20","0.71K","1.88%"
"12/07/2017","17.00","16.58","17.00","15.82","1.05K","-1.85%"
"11/07/2017","17.32","16.81","17.32","16.50","2.30K","0.06%"
"10/07/2017","17.31","17.50","17.50","16.86","1.95K","-1.09%"
"07/07/2017","17.50","17.65","17.65","17.50","0.47K","-5.41%"
"05/07/2017","18.50","17.80","18.50","17.65","0.27K","0.00%"
"04/07/2017","18.50","17.20","18.50","17.20","2.60K","3.35%"
"03/07/2017","17.90","18.55","18.99","17.90","1.34K","-5.29%"
"30/06/2017","18.90","18.30","18.90","18.30","0.16K","-0.53%"
"28/06/2017","19.00","19.00","19.00","18.98","2.21K","0.00%"
"27/06/2017","19.00","18.30","19.00","18.30","4.50K","2.70%"
"26/06/2017","18.50","17.89","18.50","17.22","45.97K","3.64%"
"23/06/2017","17.85","17.35","17.94","17.10","58.39K","3.78%"
"22/06/2017","17.20","15.95","17.50","15.90","14.13K","10.97%"
"21/06/2017","15.50","15.50","15.95","15.50","1.85K","3.47%"
"20/06/2017","14.98","14.98","15.32","14.98","15.25K","-0.13%"
"19/06/2017","15.00","14.88","15.11","14.88","12.99K","0.81%"
"16/06/2017","14.88","14.90","14.90","14.88","0.18K","-0.13%"
"14/06/2017","14.90","14.45","14.90","14.45","0.09K","0.00%"
"13/06/2017","14.90","14.53","14.90","14.50","0.39K","-0.67%"
"12/06/2017","15.00","14.99","15.00","14.99","0.87K","0.07%"
"09/06/2017","14.99","14.99","14.99","14.44","0.22K","0.00%"
"07/06/2017","14.99","14.99","14.99","14.99","0.20K","0.00%"
"06/06/2017","14.99","14.61","14.99","14.61","0.35K","-0.66%"
"02/06/2017","15.09","15.09","15.09","15.09","0.09K","0.20%"
"01/06/2017","15.06","14.61","15.06","14.61","0.12K","-0.20%"
"31/05/2017","15.09","15.09","15.09","15.09","0.05K","-0.13%"
"29/05/2017","15.11","14.71","15.11","14.61","1.09K","-0.72%"
"25/05/2017","15.22","15.05","15.22","15.00","3.18K","1.33%"
"24/05/2017","15.02","15.02","15.02","15.02","0.10K","-4.51%"
"23/05/2017","15.73","15.06","15.73","15.05","0.21K","4.66%"
"22/05/2017","15.03","15.40","16.16","15.02","0.74K","-6.99%"
"19/05/2017","16.16","14.80","16.16","14.80","2.81K","1.38%"
"18/05/2017","15.94","15.52","15.94","15.50","0.64K","-0.38%"
"17/05/2017","16.00","15.71","16.00","15.55","0.64K","-1.78%"
"12/05/2017","16.29","16.25","16.29","16.25","0.83K","0.06%"
"11/05/2017","16.28","16.28","16.28","16.28","0.13K","0.87%"
"10/05/2017","16.14","15.81","16.14","15.80","0.30K","1.96%"
"09/05/2017","15.83","16.09","16.16","15.83","0.97K","-0.75%"
"08/05/2017","15.95","15.30","15.95","14.80","1.91K","1.59%"
"05/05/2017","15.70","15.80","16.45","15.70","0.39K","-4.68%"
"02/05/2017","16.47","16.60","16.60","15.71","2.38K","-5.13%"
"28/04/2017","17.36","16.70","17.36","16.60","0.31K","2.12%"
"26/04/2017","17.00","17.00","17.00","17.00","0.12K","-2.19%"
"24/04/2017","17.38","16.90","17.38","16.71","0.76K","3.08%"
"21/04/2017","16.86","17.30","17.37","16.86","0.12K","-2.94%"
"13/04/2017","17.37","16.71","17.37","16.62","0.50K","-0.12%"
"12/04/2017","17.39","17.39","17.39","17.39","0.08K","0.52%"
"11/04/2017","17.30","17.80","17.80","17.30","0.45K","-3.57%"
"10/04/2017","17.94","17.42","17.94","17.40","1.28K","3.10%"
"07/04/2017","17.40","17.40","17.40","17.40","0.18K","-0.11%"
"06/04/2017","17.42","16.69","17.42","15.92","0.96K","1.81%"
"05/04/2017","17.11","17.11","17.11","16.30","0.76K","-0.52%"
"04/04/2017","17.20","17.21","17.21","16.40","0.58K","0.00%"
"03/04/2017","17.20","17.10","17.20","17.10","0.41K","0.17%"
"31/03/2017","17.17","16.40","17.17","16.40","0.35K","2.20%"
"30/03/2017","16.80","16.80","16.80","16.80","0.18K","-0.59%"
"29/03/2017","16.90","16.90","16.90","16.90","0.21K","-0.59%"
"28/03/2017","17.00","15.70","17.00","15.70","3.78K","3.16%"
"27/03/2017","16.48","17.00","17.00","16.40","0.85K","-3.06%"
"23/03/2017","17.00","17.20","17.25","17.00","3.47K","0.00%"
"20/03/2017","17.00","17.12","17.12","16.50","0.93K","-0.53%"
"17/03/2017","17.09","17.00","17.09","17.00","0.05K","0.53%"
"15/03/2017","17.00","17.00","17.09","17.00","0.51K","0.00%"
"14/03/2017","17.00","17.00","17.09","17.00","1.29K","1.19%"
"13/03/2017","16.80","16.19","16.80","16.19","3.58K","3.77%"
"10/03/2017","16.19","15.85","16.20","15.85","3.26K","1.57%"
"09/03/2017","15.94","15.10","15.95","15.10","2.68K","3.51%"
"08/03/2017","15.40","15.00","15.40","15.00","8.02K","0.65%"
"07/03/2017","15.30","15.00","15.30","15.00","9.02K","-1.48%"
"06/03/2017","15.53","15.64","15.64","14.86","1.11K","-0.45%"
"03/03/2017","15.60","15.49","15.60","15.49","4.15K","4.35%"
"02/03/2017","14.95","15.32","15.35","14.95","1.80K","-2.29%"
"01/03/2017","15.30","14.86","15.30","14.84","4.73K","2.00%"
"28/02/2017","15.00","14.65","15.32","14.65","0.60K","-1.96%"
"27/02/2017","15.30","15.11","15.30","15.10","1.76K","2.62%"
"24/02/2017","14.91","15.06","15.69","14.90","3.43K","-1.00%"
"22/02/2017","15.06","14.60","15.06","14.55","2.12K","0.20%"
"21/02/2017","15.03","14.80","15.10","14.80","5.11K","1.55%"
"20/02/2017","14.80","14.52","14.80","14.26","0.36K","-0.27%"
"17/02/2017","14.84","14.53","14.84","14.53","0.15K","0.27%"
"16/02/2017","14.80","14.80","14.80","14.80","0.20K","0.00%"
"15/02/2017","14.80","14.52","14.80","14.52","1.18K","0.34%"
"14/02/2017","14.75","14.75","14.75","14.75","1.20K","1.65%"
"13/02/2017","14.51","14.44","14.77","14.44","1.95K","1.82%"
"10/02/2017","14.25","14.18","14.25","14.18","1.58K","0.49%"
"09/02/2017","14.18","14.00","14.18","14.00","0.21K","-0.14%"
"07/02/2017","14.20","14.20","14.20","14.20","0.15K","0.00%"
"06/02/2017","14.20","14.20","14.20","14.20","0.06K","-0.07%"
"01/02/2017","14.21","14.21","14.21","14.21","0.10K","0.07%"
"27/01/2017","14.20","14.00","14.20","13.80","0.10K","-0.35%"
"26/01/2017","14.25","14.15","14.25","14.00","0.56K","0.00%"
"25/01/2017","14.25","14.08","14.25","14.08","2.04K","1.06%"
"24/01/2017","14.10","14.10","14.10","14.10","0.10K","0.00%"
"23/01/2017","14.10","14.10","14.10","13.71","0.34K","0.00%"
"20/01/2017","14.10","13.72","14.10","13.72","0.21K","0.71%"
"19/01/2017","14.00","13.96","14.00","13.96","0.30K","1.45%"
"18/01/2017","13.80","13.90","13.90","13.75","0.42K","-1.15%"
"17/01/2017","13.96","13.82","13.96","13.80","0.95K","1.16%"
"16/01/2017","13.80","13.80","13.80","13.80","0.30K","-0.14%"
"13/01/2017","13.82","13.83","13.95","13.82","0.40K","-1.00%"
"12/01/2017","13.96","14.10","14.10","13.80","0.28K","-0.99%"
"11/01/2017","14.10","14.10","14.10","14.10","0.28K","-0.28%"
"09/01/2017","14.14","14.15","14.15","14.14","0.19K","-0.07%"
"04/01/2017","14.15","14.15","14.15","14.15","0.13K","-0.14%"
"30/12/2016","14.17","13.75","14.17","13.70","3.24K","-1.39%"
"29/12/2016","14.37","14.37","14.37","13.77","0.79K","3.23%"
"28/12/2016","13.92","14.00","14.47","13.92","10.00K","-3.67%"
"23/12/2016","14.45","14.00","14.45","14.00","0.81K","1.05%"
"22/12/2016","14.30","14.30","14.30","14.30","0.10K","-1.38%"
"21/12/2016","14.50","14.00","14.50","13.99","93.57K","2.11%"
"20/12/2016","14.20","14.30","14.30","13.80","10.59K","3.12%"
"19/12/2016","13.77","13.77","13.77","13.77","0.11K","-4.18%"
"14/12/2016","14.37","13.90","14.37","13.75","0.52K","0.14%"
"12/12/2016","14.35","13.90","14.35","13.90","0.55K","1.77%"
"09/12/2016","14.10","13.80","14.10","13.80","0.55K","0.71%"
"07/12/2016","14.00","13.80","14.00","13.80","0.69K","1.45%"
"06/12/2016","13.80","14.00","14.10","13.80","0.62K","-1.43%"
"05/12/2016","14.00","13.91","14.00","13.80","0.61K","1.45%"
"02/12/2016","13.80","13.80","13.80","13.80","0.29K","2.99%"
"01/12/2016","13.40","13.40","13.40","13.40","0.20K","-4.29%"
"30/11/2016","14.00","13.71","14.06","13.59","1.10K","-0.71%"
"28/11/2016","14.10","14.00","14.10","13.70","0.49K","0.28%"
"25/11/2016","14.06","13.71","14.06","13.71","0.14K","0.43%"
"23/11/2016","14.00","14.00","14.00","14.00","0.35K","0.72%"
"21/11/2016","13.90","14.00","14.00","13.90","0.89K","0.00%"
"18/11/2016","13.90","14.05","14.05","13.01","1.99K","-1.42%"
"17/11/2016","14.10","13.64","14.10","13.64","0.55K","3.37%"
"16/11/2016","13.64","14.05","14.10","13.50","1.29K","-3.74%"
"15/11/2016","14.17","14.50","14.50","13.60","1.49K","-2.28%"
"14/11/2016","14.50","14.11","14.50","14.11","0.71K","-0.34%"
"09/11/2016","14.55","14.55","14.55","14.55","0.10K","-0.27%"
"08/11/2016","14.59","14.59","14.59","14.59","0.59K","0.00%"
"04/11/2016","14.59","14.50","14.59","14.25","0.68K","-3.38%"
"27/10/2016","15.10","14.59","15.10","14.59","0.51K","3.57%"
"26/10/2016","14.58","15.15","15.18","14.50","5.00K","-4.08%"
"25/10/2016","15.20","14.80","15.20","14.80","0.25K","0.66%"
"24/10/2016","15.10","15.05","15.10","15.05","1.20K","-0.26%"
"21/10/2016","15.14","15.10","15.14","15.10","0.92K","-0.39%"
"20/10/2016","15.20","14.10","15.20","14.10","1.38K","5.70%"
"19/10/2016","14.38","14.75","14.75","14.20","0.85K","-2.51%"
"18/10/2016","14.75","14.75","14.75","14.75","0.04K","0.34%"
"17/10/2016","14.70","14.70","14.70","14.70","0.08K","0.00%"
"14/10/2016","14.70","13.90","14.70","13.90","1.74K","6.14%"
"13/10/2016","13.85","13.80","14.45","13.61","2.18K","-4.35%"
"10/10/2016","14.48","14.00","14.48","13.61","0.52K","-1.36%"
"06/10/2016","14.68","14.50","14.68","14.26","0.07K","0.20%"
"05/10/2016","14.65","14.10","14.65","14.10","1.09K","0.34%"
"04/10/2016","14.60","14.60","14.69","14.21","1.23K","-3.31%"
"29/09/2016","15.10","15.05","15.20","15.05","0.30K","0.00%"
"27/09/2016","15.10","15.10","15.10","14.70","1.26K","0.00%"
"26/09/2016","15.10","15.10","15.10","15.10","0.20K","-2.08%"
"23/09/2016","15.42","15.41","15.90","15.30","1.28K","-3.50%"
"22/09/2016","15.98","15.20","16.50","15.20","2.38K","5.13%"
"21/09/2016","15.20","15.10","15.20","15.10","0.22K","1.33%"
"20/09/2016","15.00","14.90","15.00","14.90","1.23K","0.40%"
"19/09/2016","14.94","14.59","14.94","13.90","4.13K","2.40%"
"16/09/2016","14.59","14.55","14.59","14.30","1.91K","2.03%"
"15/09/2016","14.30","14.05","14.92","14.05","3.08K","2.14%"
"14/09/2016","14.00","14.00","14.00","14.00","1.00K","-1.20%"
"13/09/2016","14.17","14.06","14.17","13.50","0.90K","-2.28%"
"12/09/2016","14.50","14.25","14.50","14.00","0.18K","-1.23%"
"09/09/2016","14.68","14.67","14.68","14.67","0.05K","0.89%"
"07/09/2016","14.55","14.40","14.68","14.40","2.57K","2.39%"
"06/09/2016","14.21","14.40","14.40","14.21","0.20K","-0.63%"
"05/09/2016","14.30","14.21","14.49","14.00","0.95K","-1.65%"
"02/09/2016","14.54","14.49","14.55","14.10","1.34K","-4.28%"
"01/09/2016","15.19","15.20","15.20","14.92","2.08K","1.27%"
"31/08/2016","15.00","15.20","15.20","15.00","1.01K","-1.32%"
"30/08/2016","15.20","15.20","15.20","15.20","0.60K","0.00%"
"29/08/2016","15.20","15.59","15.59","15.20","0.75K","-0.33%"
"25/08/2016","15.25","15.25","15.25","15.25","0.08K","0.07%"
"24/08/2016","15.24","15.22","15.25","15.15","1.25K","0.20%"
"22/08/2016","15.21","15.20","15.21","15.00","1.23K","-1.87%"
"19/08/2016","15.50","15.40","15.96","15.40","1.26K","-0.19%"
"18/08/2016","15.53","15.51","15.53","15.51","1.40K","1.17%"
"17/08/2016","15.35","15.51","15.51","15.35","0.69K","0.00%"
"16/08/2016","15.35","15.40","15.40","15.20","0.62K","-1.03%"
"12/08/2016","15.51","15.39","15.51","15.39","0.98K","0.71%"
"11/08/2016","15.40","15.40","15.40","15.10","1.23K","0.00%"
"10/08/2016","15.40","15.38","15.40","15.38","0.19K","0.13%"
"09/08/2016","15.38","15.37","15.38","15.37","0.10K","4.55%"
"04/08/2016","14.71","15.39","15.39","14.71","0.11K","-4.42%"
"03/08/2016","15.39","14.92","15.51","14.80","1.50K","-0.77%"
"02/08/2016","15.51","15.00","15.51","15.00","0.10K","0.00%"
"01/08/2016","15.51","15.51","15.51","15.51","0.08K","0.00%"
"29/07/2016","15.51","15.43","15.51","15.43","0.33K","0.52%"
"28/07/2016","15.43","15.40","15.43","15.40","0.10K","0.00%"
"25/07/2016","15.43","15.40","15.43","15.40","0.11K","0.06%"
"22/07/2016","15.42","15.11","15.54","15.10","1.72K","2.12%"
"21/07/2016","15.10","15.11","15.11","15.10","0.14K","-0.79%"
"20/07/2016","15.22","14.96","15.22","14.96","0.20K","1.74%"
"19/07/2016","14.96","14.75","14.96","14.75","0.05K","0.00%"
"18/07/2016","14.96","14.50","14.96","14.50","0.04K","-0.27%"
"14/07/2016","15.00","14.70","15.00","14.70","0.71K","2.04%"
"12/07/2016","14.70","14.70","14.70","14.70","0.02K","-0.34%"
"06/07/2016","14.75","14.43","15.00","14.30","0.43K","-1.01%"
"05/07/2016","14.90","14.90","14.90","14.90","1.48K","0.00%"
"01/07/2016","14.90","15.20","15.43","14.70","0.47K","-3.25%"
"30/06/2016","15.40","15.40","15.40","15.40","0.10K","-0.19%"
"28/06/2016","15.43","15.18","15.43","15.18","0.07K","3.56%"
"24/06/2016","14.90","14.41","14.90","14.40","1.56K","0.00%"
"23/06/2016","14.90","14.70","14.90","14.70","0.21K","1.36%"
"22/06/2016","14.70","14.65","14.70","14.40","0.44K","-0.68%"
"21/06/2016","14.80","14.65","14.90","14.65","0.37K","1.02%"
"20/06/2016","14.65","14.40","14.65","14.20","0.50K","-1.01%"
"17/06/2016","14.80","14.70","15.13","13.70","3.25K","-1.33%"
"16/06/2016","15.00","14.77","15.00","14.77","0.07K","0.00%"
"15/06/2016","15.00","15.32","15.32","14.61","1.70K","-2.09%"
"14/06/2016","15.32","15.40","15.40","15.32","0.65K","-0.84%"
"13/06/2016","15.45","15.54","15.54","15.45","0.25K","-2.34%"
"09/06/2016","15.82","15.82","15.82","15.82","0.03K","3.20%"
"08/06/2016","15.33","15.33","15.33","15.33","0.03K","0.07%"
"06/06/2016","15.32","15.70","15.70","15.32","0.72K","-0.07%"
"03/06/2016","15.33","15.75","15.78","15.32","0.51K","-2.67%"
"02/06/2016","15.75","15.89","15.89","15.75","0.40K","-1.25%"
"31/05/2016","15.95","15.93","15.95","15.93","0.05K","-0.31%"
"30/05/2016","16.00","15.85","16.09","15.85","0.08K","-0.44%"
"27/05/2016","16.07","15.90","16.07","15.85","2.11K","0.00%"
"25/05/2016","16.07","15.83","16.07","15.83","11.07K","1.52%"
"24/05/2016","15.83","15.83","15.83","15.83","0.02K","-1.68%"
"23/05/2016","16.10","16.00","16.10","16.00","0.15K","0.63%"
"20/05/2016","16.00","15.96","16.00","15.91","0.15K","0.00%"
"19/05/2016","16.00","16.00","16.00","16.00","0.17K","0.00%"
"18/05/2016","16.00","15.96","16.00","15.96","0.13K","0.31%"
"17/05/2016","15.95","15.89","15.95","15.89","1.10K","0.00%"
"16/05/2016","15.95","15.88","15.95","15.60","1.11K","-3.16%"
"13/05/2016","16.47","16.47","16.47","16.47","0.04K","0.00%"
"11/05/2016","16.47","16.25","16.47","16.22","0.33K","-0.78%"
"10/05/2016","16.60","16.60","16.60","16.60","0.05K","-0.24%"
"09/05/2016","16.64","16.00","16.64","16.00","1.11K","3.03%"
"06/05/2016","16.15","16.15","16.15","16.15","0.05K","0.00%"
"05/05/2016","16.15","16.15","16.15","16.14","0.35K","0.00%"
"04/05/2016","16.15","16.35","16.35","16.15","0.51K","-0.80%"
"29/04/2016","16.28","16.44","16.69","16.28","1.12K","-3.67%"
"28/04/2016","16.90","16.32","16.90","15.92","1.29K","3.68%"
"27/04/2016","16.30","16.30","16.30","16.30","0.20K","0.62%"
"26/04/2016","16.20","15.95","16.22","15.95","0.64K","1.82%"
"25/04/2016","15.91","15.70","15.91","15.70","0.26K","1.34%"
"22/04/2016","15.70","16.31","16.31","15.70","1.15K","-7.37%"
"21/04/2016","16.95","16.95","17.00","16.95","0.47K","-0.29%"
"20/04/2016","17.00","16.15","17.00","16.15","1.94K","4.94%"
"18/04/2016","16.20","16.00","16.20","16.00","0.10K","1.25%"
"15/04/2016","16.00","16.00","16.00","16.00","0.07K","0.00%"
"13/04/2016","16.00","16.00","16.00","16.00","0.10K","0.06%"
"12/04/2016","15.99","16.00","16.00","15.50","0.76K","0.00%"
"11/04/2016","15.99","15.90","15.99","15.90","0.42K","0.57%"
"08/04/2016","15.90","15.85","15.90","15.85","0.22K","0.32%"
"06/04/2016","15.85","15.32","15.85","15.32","1.14K","3.26%"
"05/04/2016","15.35","15.40","15.80","15.32","0.19K","0.00%"
"04/04/2016","15.35","15.60","15.60","15.32","0.48K","-2.23%"
"01/04/2016","15.70","15.70","15.70","15.70","0.05K","-0.95%"
"31/03/2016","15.85","15.99","15.99","15.70","0.58K","-0.88%"
"30/03/2016","15.99","15.76","16.00","15.76","2.28K","1.59%"
"29/03/2016","15.74","15.34","15.74","15.32","2.62K","0.90%"
"24/03/2016","15.60","15.40","15.60","15.40","0.08K","0.13%"
"23/03/2016","15.58","15.33","16.00","15.32","1.95K","1.70%"
"22/03/2016","15.32","15.32","15.32","15.32","0.05K","-2.42%"
"21/03/2016","15.70","15.49","15.70","15.32","4.52K","1.36%"
"18/03/2016","15.49","15.19","15.87","15.19","0.89K","1.97%"
"17/03/2016","15.19","14.70","15.19","14.65","3.38K","3.40%"
"16/03/2016","14.69","14.70","14.70","14.69","0.24K","0.14%"
"15/03/2016","14.67","15.00","15.00","14.67","1.36K","-0.20%"
"14/03/2016","14.70","14.70","15.20","14.70","1.00K","0.00%"
"11/03/2016","14.70","14.70","14.70","14.66","1.75K","0.00%"
"10/03/2016","14.70","15.00","15.00","14.70","1.72K","0.00%"
"09/03/2016","14.70","14.75","14.85","14.70","2.88K","-2.00%"
"08/03/2016","15.00","15.00","15.00","14.68","2.01K","-1.32%"
"07/03/2016","15.20","15.50","15.50","14.55","3.79K","-2.56%"
"04/03/2016","15.60","16.55","16.55","15.60","2.67K","-5.91%"
"03/03/2016","16.58","16.16","16.60","15.90","0.53K","4.28%"
"02/03/2016","15.90","16.69","16.69","15.46","3.49K","-4.22%"
"01/03/2016","16.60","16.60","17.20","16.60","0.80K","-3.49%"
"29/02/2016","17.20","17.20","17.20","17.00","0.26K","0.23%"
"26/02/2016","17.16","17.10","17.16","17.10","0.22K","0.35%"
"25/02/2016","17.10","17.10","17.10","17.10","0.06K","-0.58%"
"23/02/2016","17.20","16.90","17.20","15.70","1.32K","2.99%"
"22/02/2016","16.70","17.20","17.20","16.70","0.23K","-2.57%"
"19/02/2016","17.14","17.15","17.15","17.14","0.31K","-0.35%"
"17/02/2016","17.20","16.95","17.20","16.95","1.00K","1.47%"
"16/02/2016","16.95","16.95","16.95","16.95","0.11K","-0.24%"
"12/02/2016","16.99","16.78","16.99","16.78","0.93K","0.59%"
"11/02/2016","16.89","16.89","16.89","15.75","4.04K","-0.35%"
"10/02/2016","16.95","16.95","16.95","16.95","0.10K","-0.24%"
"09/02/2016","16.99","16.95","16.99","16.95","0.41K","0.00%"
"08/02/2016","16.99","16.95","16.99","16.32","0.32K","0.24%"
"05/02/2016","16.95","16.60","16.95","16.60","2.38K","0.95%"
"04/02/2016","16.79","16.80","16.84","16.25","0.77K","-0.36%"
"03/02/2016","16.85","16.60","16.85","16.60","0.50K","0.00%"
"02/02/2016","16.85","16.85","16.85","16.85","0.50K","0.00%"
"01/02/2016","16.85","16.60","16.85","16.25","0.52K","0.90%"
"29/01/2016","16.70","16.70","16.70","16.70","1.10K","0.00%"
"28/01/2016","16.70","16.48","16.70","16.40","0.30K","1.33%"
"27/01/2016","16.48","16.11","16.48","16.11","0.66K","0.00%"
"26/01/2016","16.48","16.10","16.48","16.10","0.15K","0.00%"
"25/01/2016","16.48","16.20","16.48","16.10","0.68K","-1.32%"
"22/01/2016","16.70","16.37","16.85","16.15","1.72K","2.02%"
"21/01/2016","16.37","16.85","16.89","16.20","2.75K","-3.08%"
"19/01/2016","16.89","16.50","16.89","16.40","0.56K","-0.35%"
"18/01/2016","16.95","16.60","16.95","16.60","0.30K","-0.18%"
"13/01/2016","16.98","16.98","16.98","16.98","0.01K","-0.12%"
"11/01/2016","17.00","16.90","17.00","16.80","0.37K","-1.45%"
"08/01/2016","17.25","17.00","17.25","17.00","0.15K","-0.63%"
"07/01/2016","17.36","17.36","17.36","17.36","0.01K","0.00%"
"05/01/2016","17.36","17.25","17.42","17.25","1.83K","-0.23%"
"04/01/2016","17.40","17.40","17.40","17.40","0.06K","0.00%"
"30/12/2015","17.40","16.99","17.40","16.99","0.04K","2.41%"
"29/12/2015","16.99","16.00","16.99","16.00","15.04K","3.60%"
"28/12/2015","16.40","16.15","16.69","16.00","0.29K","0.00%"
"23/12/2015","16.40","16.40","16.40","16.40","0.30K","-2.32%"
"22/12/2015","16.79","16.79","16.79","16.79","0.00K","3.01%"
"21/12/2015","16.30","16.15","16.30","16.15","0.72K","-1.21%"
"17/12/2015","16.50","16.79","16.79","16.50","0.42K","0.79%"
"16/12/2015","16.37","16.50","16.50","16.20","8.34K","-3.42%"
"15/12/2015","16.95","16.99","16.99","16.50","0.13K","3.35%"
"14/12/2015","16.40","16.41","16.41","16.30","0.42K","-3.47%"
"11/12/2015","16.99","16.85","16.99","16.85","0.15K","0.00%"
"10/12/2015","16.99","16.41","16.99","16.41","0.14K","2.97%"
"09/12/2015","16.50","16.90","16.90","16.50","0.41K","-2.88%"
"08/12/2015","16.99","16.60","16.99","16.60","0.20K","-0.06%"
"07/12/2015","17.00","17.00","17.00","17.00","0.09K","0.00%"
"04/12/2015","17.00","16.80","17.30","16.70","1.92K","-1.73%"
"03/12/2015","17.30","16.80","17.30","16.80","1.74K","0.00%"
"02/12/2015","17.30","16.85","17.39","16.80","5.85K","-0.86%"
"30/11/2015","17.45","17.45","17.45","17.45","0.01K","0.29%"
"27/11/2015","17.40","17.40","17.40","17.40","0.15K","0.00%"
"26/11/2015","17.40","17.00","17.49","16.80","4.87K","2.35%"
"25/11/2015","17.00","17.49","17.49","17.00","0.57K","-1.45%"
"24/11/2015","17.25","17.25","17.25","17.01","0.35K","0.00%"
"23/11/2015","17.25","17.49","17.61","17.01","0.62K","0.88%"
"20/11/2015","17.10","17.11","17.11","17.10","5.25K","-2.29%"
"19/11/2015","17.50","17.50","17.61","17.10","6.94K","2.94%"
"18/11/2015","17.00","17.20","17.20","17.00","30.72K","-2.86%"
"17/11/2015","17.50","17.30","17.50","17.20","0.42K","-0.57%"
"16/11/2015","17.60","17.59","17.60","17.59","0.22K","0.00%"
"13/11/2015","17.60","17.58","17.60","17.58","0.50K","0.11%"
"12/11/2015","17.58","16.71","17.58","16.71","1.65K","5.97%"
"10/11/2015","16.59","16.59","16.59","16.50","0.70K","0.00%"
"09/11/2015","16.59","16.69","16.69","16.16","0.10K","-0.60%"
"06/11/2015","16.69","16.16","16.69","16.16","0.02K","-0.65%"
"05/11/2015","16.80","16.48","16.80","16.17","1.61K","2.75%"
"04/11/2015","16.35","16.39","16.40","16.15","1.92K","-0.61%"
"03/11/2015","16.45","16.30","16.45","15.86","0.91K","0.92%"
"02/11/2015","16.30","16.30","16.30","16.29","1.18K","-4.51%"
"30/10/2015","17.07","17.10","17.10","17.00","0.11K","0.47%"
"29/10/2015","16.99","17.00","17.00","16.51","0.06K","2.35%"
"28/10/2015","16.60","17.02","17.61","16.60","7.69K","-5.68%"
"27/10/2015","17.60","17.05","17.61","17.05","0.50K","0.00%"
"26/10/2015","17.60","17.03","17.61","17.03","0.28K","0.28%"
"23/10/2015","17.55","17.05","17.55","17.05","0.20K","-0.28%"
"22/10/2015","17.60","17.59","17.60","17.59","0.51K","-0.23%"
"21/10/2015","17.64","17.65","17.65","17.10","0.17K","0.23%"
"20/10/2015","17.60","17.15","17.65","17.15","1.60K","0.63%"
"19/10/2015","17.49","17.13","17.49","17.13","0.39K","0.00%"
"16/10/2015","17.49","17.14","17.49","17.14","0.44K","0.00%"
"15/10/2015","17.49","17.50","17.50","17.13","0.28K","-0.06%"
"14/10/2015","17.50","17.49","17.50","17.15","0.31K","0.06%"
"13/10/2015","17.49","17.30","17.49","17.20","0.30K","-1.13%"
"12/10/2015","17.69","17.49","17.69","17.49","0.00K","0.00%"
"09/10/2015","17.69","17.20","17.70","17.20","1.06K","1.09%"
"08/10/2015","17.50","17.30","17.50","17.30","0.19K","0.06%"
"07/10/2015","17.49","17.49","17.50","17.05","3.92K","-0.06%"
"06/10/2015","17.50","17.50","17.50","17.50","0.06K","0.06%"
"05/10/2015","17.49","17.00","17.50","16.93","0.51K","-1.13%"
"01/10/2015","17.69","17.66","17.69","17.17","0.11K","-0.23%"
"30/09/2015","17.73","17.70","17.73","17.70","0.12K","0.00%"
"29/09/2015","17.73","17.70","17.73","17.70","0.08K","0.00%"
"28/09/2015","17.73","17.10","17.73","17.10","0.02K","0.00%"
"25/09/2015","17.73","17.74","17.74","17.39","0.19K","-0.62%"
"24/09/2015","17.84","17.60","17.84","17.40","5.01K","-0.11%"
"23/09/2015","17.86","17.41","17.87","17.26","0.76K","-0.11%"
"22/09/2015","17.88","17.51","17.88","17.50","0.26K","-0.28%"
"21/09/2015","17.93","17.27","17.93","17.26","0.23K","0.73%"
"18/09/2015","17.80","17.60","17.95","17.47","0.69K","-1.00%"
"17/09/2015","17.98","17.98","17.98","17.98","0.00K","2.80%"
"16/09/2015","17.49","17.46","17.68","17.26","3.03K","-1.19%"
"15/09/2015","17.70","17.99","18.00","17.70","1.10K","-1.61%"
"14/09/2015","17.99","17.99","17.99","17.99","0.01K","0.00%"
"11/09/2015","17.99","17.61","17.99","17.47","0.47K","2.22%"
"10/09/2015","17.60","17.45","17.60","17.45","0.24K","0.11%"
"09/09/2015","17.58","17.50","17.58","17.35","0.86K","-0.96%"
"08/09/2015","17.75","18.00","18.00","17.30","2.80K","-1.39%"
"07/09/2015","18.00","18.00","18.00","18.00","0.45K","-0.55%"
"04/09/2015","18.10","18.10","18.10","18.10","0.01K","-0.55%"
"03/09/2015","18.20","17.80","18.20","17.80","2.99K","1.11%"
"02/09/2015","18.00","17.40","18.00","17.40","0.58K","3.45%"
"01/09/2015","17.40","17.50","17.50","17.00","1.80K","-0.57%"
"31/08/2015","17.50","18.11","18.11","17.50","5.45K","2.82%"
"28/08/2015","17.02","17.02","17.02","17.02","0.10K","-0.76%"
"27/08/2015","17.15","16.74","17.15","16.74","2.00K","2.39%"
"26/08/2015","16.75","16.10","16.80","16.00","0.21K","-0.30%"
"25/08/2015","16.80","16.30","16.80","16.30","0.69K","1.94%"
"24/08/2015","16.48","16.41","16.90","15.82","1.93K","-3.06%"
"21/08/2015","17.00","17.00","17.00","17.00","0.45K","0.00%"
"20/08/2015","17.00","17.00","17.00","17.00","0.34K","0.00%"
"19/08/2015","17.00","17.00","17.00","17.00","0.09K","0.00%"
"18/08/2015","17.00","16.99","17.00","16.99","0.05K","0.00%"
"17/08/2015","17.00","17.15","17.15","17.00","0.30K","-0.58%"
"14/08/2015","17.10","17.01","17.10","17.00","0.08K","0.00%"
"13/08/2015","17.10","17.10","17.15","17.10","0.54K","-0.29%"
"11/08/2015","17.15","17.15","17.15","17.15","0.05K","0.88%"
"07/08/2015","17.00","16.71","17.00","16.60","0.94K","0.00%"
"06/08/2015","17.00","17.00","17.00","17.00","0.10K","1.49%"
"05/08/2015","16.75","16.70","16.75","16.70","0.89K","-0.30%"
"04/08/2015","16.80","17.00","17.00","16.80","1.05K","-2.38%"
"03/08/2015","17.21","17.21","17.21","17.21","0.88K","0.12%"
"31/07/2015","17.19","17.00","17.19","16.80","0.26K","1.12%"
"30/07/2015","17.00","17.00","17.00","17.00","0.22K","0.00%"
"29/07/2015","17.00","17.00","17.00","16.80","1.11K","-1.11%"
"28/07/2015","17.19","16.82","17.21","16.82","1.32K","1.12%"
"27/07/2015","17.00","17.20","17.21","16.50","6.52K","-4.66%"
"24/07/2015","17.83","17.50","17.83","17.30","0.36K","1.89%"
"23/07/2015","17.50","17.84","17.84","17.50","1.05K","-1.91%"
"22/07/2015","17.84","17.70","17.84","17.60","2.87K","-1.65%"
"17/07/2015","18.14","18.14","18.14","18.14","0.30K","-0.06%"
"16/07/2015","18.15","17.70","18.15","17.70","0.27K","0.83%"
"15/07/2015","18.00","18.00","18.00","18.00","0.45K","0.00%"
"14/07/2015","18.00","18.06","18.14","18.00","0.47K","0.00%"
"13/07/2015","18.00","17.84","18.00","17.84","1.06K","0.90%"
"10/07/2015","17.84","17.84","17.84","17.80","0.69K","3.12%"
"09/07/2015","17.30","17.83","17.84","17.30","1.04K","-2.97%"
"08/07/2015","17.83","17.30","17.83","17.20","0.46K","-0.06%"
"07/07/2015","17.84","17.53","18.20","17.25","3.69K","1.83%"
"06/07/2015","17.52","17.51","17.52","17.21","4.56K","-2.67%"
"03/07/2015","18.00","18.00","18.00","17.75","2.87K","-1.04%"
"02/07/2015","18.19","18.00","18.19","18.00","1.11K","0.50%"
"01/07/2015","18.10","18.05","18.30","17.95","1.67K","0.28%"
"30/06/2015","18.05","17.75","18.05","17.70","1.52K","0.00%"
"29/06/2015","18.05","17.75","18.05","17.60","0.82K","-0.77%"
"26/06/2015","18.19","18.19","18.19","18.19","0.20K","0.00%"
"25/06/2015","18.19","18.19","18.19","18.19","0.06K","0.00%"
"24/06/2015","18.19","18.19","18.19","18.19","0.05K","-0.05%"
"23/06/2015","18.20","18.19","18.20","17.80","1.24K","0.00%"
"22/06/2015","18.20","18.19","18.20","18.19","0.70K","0.05%"
"19/06/2015","18.19","18.19","18.19","17.61","0.55K","1.06%"
"18/06/2015","18.00","18.20","18.20","18.00","1.52K","0.00%"
"17/06/2015","18.00","18.10","18.10","18.00","0.10K","-0.55%"
"16/06/2015","18.10","18.04","18.10","17.61","0.29K","-0.55%"
"15/06/2015","18.20","18.30","18.30","18.00","0.75K","1.05%"
"12/06/2015","18.01","18.01","18.01","18.01","0.46K","-1.58%"
"11/06/2015","18.30","18.01","18.30","18.01","0.42K","0.00%"
"10/06/2015","18.30","18.20","18.30","18.19","1.16K","-1.03%"
"09/06/2015","18.49","17.90","18.49","17.85","0.98K","2.72%"
"08/06/2015","18.00","18.00","18.00","18.00","0.60K","-2.44%"
"05/06/2015","18.45","18.20","18.45","18.20","0.28K","-0.16%"
"03/06/2015","18.48","18.19","18.48","18.00","1.91K","1.59%"
"02/06/2015","18.19","18.00","18.19","17.97","1.70K","1.39%"
"01/06/2015","17.94","17.97","17.99","17.85","2.01K","0.28%"
"29/05/2015","17.89","17.65","17.89","17.65","0.36K","-0.50%"
"28/05/2015","17.98","17.70","17.98","17.70","0.48K","0.45%"
"27/05/2015","17.90","17.74","17.90","17.60","3.71K","0.85%"
"25/05/2015","17.75","17.30","17.75","17.30","1.71K","-0.84%"
"22/05/2015","17.90","17.90","17.90","17.50","0.27K","-0.39%"
"21/05/2015","17.97","17.97","17.97","17.97","0.19K","1.24%"
"20/05/2015","17.75","17.75","17.75","17.39","0.01K","1.95%"
"19/05/2015","17.41","17.41","17.41","17.35","0.94K","-1.08%"
"18/05/2015","17.60","18.00","18.00","17.60","1.28K","0.00%"
"15/05/2015","17.60","17.50","17.60","17.16","0.45K","0.40%"
"14/05/2015","17.53","17.35","17.60","17.20","2.29K","0.17%"
"12/05/2015","17.50","17.49","17.50","17.30","2.11K","0.00%"
"11/05/2015","17.50","17.56","17.77","17.35","0.50K","-2.23%"
"06/05/2015","17.90","17.35","18.00","17.35","1.03K","1.70%"
"05/05/2015","17.60","17.60","17.60","17.60","0.41K","0.28%"
"04/05/2015","17.55","17.52","18.04","17.52","3.02K","-2.77%"
"29/04/2015","18.05","18.00","18.05","18.00","0.06K","0.22%"
"28/04/2015","18.01","18.01","18.01","17.35","0.12K","-0.06%"
"27/04/2015","18.02","18.01","18.02","18.01","1.10K","-0.93%"
"23/04/2015","18.19","17.65","18.19","17.40","1.21K","-0.05%"
"22/04/2015","18.20","17.50","18.25","17.50","5.34K","3.88%"
"21/04/2015","17.52","18.00","18.00","17.52","0.04K","-4.21%"
"20/04/2015","18.29","18.29","18.29","18.00","0.88K","0.00%"
"17/04/2015","18.29","17.80","18.46","17.75","1.24K","4.63%"
"16/04/2015","17.48","17.33","17.48","17.33","0.83K","2.16%"
"15/04/2015","17.11","17.10","17.39","17.10","1.91K","-0.52%"
"14/04/2015","17.20","17.20","17.21","17.20","0.72K","-0.06%"
"13/04/2015","17.21","16.60","17.21","16.60","0.16K","4.18%"
"10/04/2015","16.52","16.52","16.52","16.52","0.00K","-4.78%"
"09/04/2015","17.35","17.10","17.35","16.96","0.38K","1.40%"
"08/04/2015","17.11","16.54","17.11","16.30","8.43K","2.46%"
"07/04/2015","16.70","17.00","17.00","16.52","1.46K","-1.76%"
"02/04/2015","17.00","17.00","17.00","17.00","0.20K","-1.79%"
"31/03/2015","17.31","16.80","17.31","16.65","3.32K","1.82%"
"30/03/2015","17.00","17.05","17.10","17.00","1.67K","-0.29%"
"27/03/2015","17.05","17.29","17.29","17.05","0.95K","-1.16%"
"26/03/2015","17.25","17.25","17.30","17.25","1.80K","0.88%"
"25/03/2015","17.10","17.30","17.30","17.10","1.65K","-1.16%"
"24/03/2015","17.30","17.30","17.31","17.30","0.55K","0.00%"
"23/03/2015","17.30","17.40","17.40","17.30","1.38K","-3.30%"
"20/03/2015","17.89","17.32","17.89","17.32","0.10K","2.23%"
"19/03/2015","17.50","17.50","17.50","17.50","1.00K","-2.45%"
"18/03/2015","17.94","17.50","17.94","17.35","0.31K","1.93%"
"17/03/2015","17.60","17.35","17.60","17.30","4.13K","-3.03%"
"13/03/2015","18.15","17.85","18.15","17.70","1.69K","0.55%"
"12/03/2015","18.05","18.00","18.05","17.85","3.75K","-4.19%"
"11/03/2015","18.84","18.20","18.84","18.00","0.18K","0.86%"
"10/03/2015","18.68","17.95","18.70","17.85","1.53K","2.36%"
"09/03/2015","18.25","18.23","19.09","18.20","3.18K","-4.15%"
"06/03/2015","19.04","18.68","19.08","18.68","0.89K","2.42%"
"05/03/2015","18.59","18.20","18.59","17.95","0.50K","-0.05%"
"04/03/2015","18.60","18.20","18.60","18.20","0.23K","2.20%"
"03/03/2015","18.20","18.65","18.65","18.20","2.01K","-2.20%"
"02/03/2015","18.61","18.49","18.89","17.70","4.74K","-4.56%"
"27/02/2015","19.50","19.50","19.58","19.50","1.11K","0.00%"
"26/02/2015","19.50","19.30","19.50","19.30","0.06K","2.63%"
"25/02/2015","19.00","19.09","19.10","19.00","0.48K","-3.06%"
"24/02/2015","19.60","19.60","19.60","19.60","0.03K","0.00%"
"23/02/2015","19.60","19.50","19.60","19.00","2.02K","0.62%"
"20/02/2015","19.48","19.48","19.48","19.48","0.08K","0.15%"
"19/02/2015","19.45","19.44","19.45","19.44","0.24K","-0.31%"
"18/02/2015","19.51","19.51","19.51","19.51","0.04K","0.77%"
"17/02/2015","19.36","19.37","19.37","19.36","1.39K","2.22%"
"16/02/2015","18.94","18.94","18.94","18.94","0.10K","0.00%"
"13/02/2015","18.94","19.09","19.09","18.94","0.10K","-0.32%"
"12/02/2015","19.00","18.99","19.00","18.99","0.40K","0.00%"
"11/02/2015","19.00","18.81","19.00","18.80","0.16K","-0.52%"
"09/02/2015","19.10","18.91","19.10","18.80","1.41K","0.42%"
"06/02/2015","19.02","19.30","19.37","19.02","0.51K","-1.81%"
"05/02/2015","19.37","19.37","19.37","19.37","0.20K","1.41%"
"04/02/2015","19.10","19.15","19.15","19.10","0.24K","-1.04%"
"03/02/2015","19.30","19.52","19.60","19.25","1.36K","-1.03%"
"02/02/2015","19.50","19.44","19.50","19.44","1.03K","0.00%"
"30/01/2015","19.50","19.20","19.55","19.00","2.61K","2.63%"
"28/01/2015","19.00","19.01","19.31","19.00","1.44K","-2.56%"
"27/01/2015","19.50","19.50","19.60","19.00","0.76K","0.00%"
"26/01/2015","19.50","19.10","19.70","19.00","1.08K","1.56%"
"23/01/2015","19.20","18.68","19.20","18.68","1.35K","3.84%"
"22/01/2015","18.49","18.45","18.49","18.45","0.30K","0.00%"
"21/01/2015","18.49","17.88","18.49","17.83","1.58K","3.64%"
"20/01/2015","17.84","17.84","17.84","17.84","0.10K","1.42%"
"19/01/2015","17.59","17.39","17.59","17.39","1.43K","-1.62%"
"16/01/2015","17.88","17.92","17.92","17.35","0.81K","-0.17%"
"14/01/2015","17.91","17.22","17.91","17.22","0.26K","1.53%"
"13/01/2015","17.64","17.64","17.64","17.55","0.92K","-1.67%"
"12/01/2015","17.94","17.78","17.94","17.78","2.65K","1.99%"
"09/01/2015","17.59","17.59","17.80","17.59","1.00K","1.56%"
"08/01/2015","17.32","17.00","17.98","17.00","2.60K","1.88%"
"07/01/2015","17.00","17.20","17.20","16.99","3.43K","-1.16%"
"05/01/2015","17.20","17.04","17.32","17.00","2.12K","1.18%"
"02/01/2015","17.00","16.99","17.00","16.99","1.67K","0.00%"
"30/12/2014","17.00","17.00","17.00","16.80","1.13K","0.24%"
"29/12/2014","16.96","17.65","17.65","16.96","5.51K","-1.62%"
"23/12/2014","17.24","17.70","17.70","17.24","1.21K","-0.81%"
"22/12/2014","17.38","17.40","17.40","17.38","0.31K","0.17%"
"19/12/2014","17.35","17.66","17.66","17.35","1.11K","-3.29%"
"18/12/2014","17.94","17.31","17.94","17.31","0.20K","-0.28%"
"16/12/2014","17.99","17.53","18.99","17.53","0.55K","3.09%"
"15/12/2014","17.45","17.85","17.85","17.45","0.63K","-9.02%"
"11/12/2014","19.18","18.51","19.18","18.50","1.03K","0.00%"
"09/12/2014","19.18","19.00","19.18","18.65","1.24K","0.00%"
"08/12/2014","19.18","18.99","19.18","18.99","0.70K","0.95%"
"05/12/2014","19.00","18.90","19.18","18.65","1.17K","0.00%"
"04/12/2014","19.00","19.00","19.20","18.65","1.46K","-0.52%"
"03/12/2014","19.10","19.38","19.38","19.00","1.40K","0.53%"
"02/12/2014","19.00","18.01","19.00","18.01","2.41K","2.54%"
"01/12/2014","18.53","18.20","18.60","18.18","1.36K","0.87%"
"28/11/2014","18.37","18.00","18.37","17.50","2.00K","1.21%"
"27/11/2014","18.15","17.83","18.34","17.83","2.15K","-0.22%"
"26/11/2014","18.19","17.80","18.29","17.80","1.17K","1.06%"
"25/11/2014","18.00","17.99","18.00","17.50","3.75K","0.00%"
"24/11/2014","18.00","17.80","18.19","17.80","2.62K","-1.26%"
"21/11/2014","18.23","17.65","18.25","17.65","0.99K","-0.38%"
"20/11/2014","18.30","17.60","18.30","17.60","0.29K","2.35%"
"19/11/2014","17.88","17.88","17.88","17.88","0.05K","-1.54%"
"18/11/2014","18.16","18.63","18.76","17.75","2.26K","-1.84%"
"17/11/2014","18.50","18.50","18.60","18.15","4.87K","0.11%"
"14/11/2014","18.48","18.87","18.89","18.00","2.41K","1.43%"
"13/11/2014","18.22","17.60","18.88","17.10","7.49K","9.69%"
"12/11/2014","16.61","16.63","16.63","16.00","3.25K","1.71%"
"10/11/2014","16.33","16.48","16.81","16.16","9.86K","-0.91%"
"07/11/2014","16.48","16.31","16.48","16.22","1.11K","1.54%"
"06/11/2014","16.23","16.49","16.70","16.23","1.46K","-0.49%"
"05/11/2014","16.31","17.00","17.10","16.31","28.17K","-3.15%"
"04/11/2014","16.84","16.90","17.00","16.72","11.43K","-0.36%"
"03/11/2014","16.90","16.73","16.90","16.72","0.14K","1.87%"
"31/10/2014","16.59","16.72","16.72","16.59","0.72K","-2.98%"
"30/10/2014","17.10","16.90","17.10","16.71","2.13K","0.00%"
"29/10/2014","17.10","17.11","17.11","17.10","0.50K","-0.06%"
"28/10/2014","17.11","17.11","17.11","17.11","0.12K","-0.41%"
"23/10/2014","17.18","17.20","17.20","16.70","0.46K","-0.69%"
"22/10/2014","17.30","16.74","17.32","16.70","0.81K","2.19%"
"20/10/2014","16.93","16.52","17.07","16.52","1.57K","-0.76%"
"17/10/2014","17.06","16.99","17.06","16.99","0.46K","-0.81%"
"16/10/2014","17.20","17.20","17.20","17.20","0.06K","-1.09%"
"15/10/2014","17.39","16.75","17.47","16.75","2.93K","4.01%"
"13/10/2014","16.72","16.72","16.72","16.72","0.15K","0.00%"
"10/10/2014","16.72","16.72","16.75","16.72","0.48K","-0.89%"
"09/10/2014","16.87","17.01","17.01","16.87","0.59K","-1.92%"
"08/10/2014","17.20","17.41","17.64","17.20","1.33K","-3.10%"
"07/10/2014","17.75","17.75","17.75","17.75","0.17K","-0.28%"
"06/10/2014","17.80","17.25","17.80","17.20","3.05K","1.71%"
"03/10/2014","17.50","17.15","17.50","16.81","2.51K","1.69%"
"02/10/2014","17.21","17.21","17.21","17.21","0.01K","0.00%"
"01/10/2014","17.21","17.00","17.21","16.80","5.21K","1.89%"
"30/09/2014","16.89","17.38","17.38","16.80","1.68K","-1.86%"
"29/09/2014","17.21","17.08","17.38","17.08","0.16K","0.58%"
"26/09/2014","17.11","17.39","17.40","17.11","0.54K","-2.17%"
"25/09/2014","17.49","17.48","17.49","17.01","0.10K","0.40%"
"24/09/2014","17.42","17.42","17.49","17.40","0.71K","0.11%"
"23/09/2014","17.40","17.42","17.42","17.40","0.34K","-2.25%"
"22/09/2014","17.80","17.90","17.90","17.42","0.24K","1.14%"
"19/09/2014","17.60","17.99","17.99","17.60","0.63K","-0.06%"
"18/09/2014","17.61","17.99","18.00","17.61","1.11K","-2.65%"
"17/09/2014","18.09","17.79","18.26","17.79","0.73K","1.63%"
"16/09/2014","17.80","17.47","17.80","17.30","3.55K","1.89%"
"15/09/2014","17.47","16.76","17.47","16.76","1.01K","4.24%"
"12/09/2014","16.76","16.69","17.48","16.69","1.52K","2.63%"
"11/09/2014","16.33","16.68","16.70","16.33","0.76K","0.12%"
"10/09/2014","16.31","16.32","16.32","16.31","0.17K","-0.12%"
"09/09/2014","16.33","16.68","16.68","16.33","0.12K","-1.03%"
"05/09/2014","16.50","16.10","16.70","16.10","1.31K","3.06%"
"04/09/2014","16.01","16.11","16.74","16.01","1.55K","-0.87%"
"03/09/2014","16.15","16.13","16.50","16.13","0.39K","0.12%"
"02/09/2014","16.13","16.81","16.81","16.13","6.47K","-4.95%"
"01/09/2014","16.97","17.30","17.30","16.97","0.79K","-5.09%"