"Date","Price","Open","High","Low","Vol.","Change %"
"30/09/2025","8.56","8.56","8.56","8.56","0.13K","0.71%"
"29/09/2025","8.50","8.58","8.62","8.50","3.23K","-1.16%"
"26/09/2025","8.60","8.54","8.62","8.54","1.47K","2.38%"
"25/09/2025","8.40","8.54","8.54","8.40","2.04K","-1.64%"
"24/09/2025","8.54","8.46","8.54","8.40","0.26K","0.95%"
"23/09/2025","8.46","8.42","8.54","8.40","0.97K","0.71%"
"22/09/2025","8.40","8.50","8.54","8.40","1.03K","-1.18%"
"19/09/2025","8.50","8.54","8.54","8.50","2.04K","-0.47%"
"18/09/2025","8.54","8.52","8.62","8.50","0.89K","-0.23%"
"17/09/2025","8.56","8.62","8.62","8.54","0.67K","-1.38%"
"16/09/2025","8.68","8.68","8.76","8.68","1.45K","0.00%"
"15/09/2025","8.68","8.70","8.70","8.52","1.48K","-0.23%"
"12/09/2025","8.70","8.60","8.70","8.42","0.77K","0.00%"
"11/09/2025","8.70","8.70","8.76","8.50","2.22K","0.00%"
"10/09/2025","8.70","8.50","8.76","8.50","1.21K","1.40%"
"09/09/2025","8.58","8.50","8.58","8.50","0.68K","0.94%"
"08/09/2025","8.50","8.58","8.58","8.50","0.43K","-0.23%"
"05/09/2025","8.52","8.50","8.58","8.50","0.47K","0.24%"
"04/09/2025","8.50","8.60","8.60","8.10","5.98K","-1.16%"
"03/09/2025","8.60","8.50","8.76","8.50","3.04K","-0.46%"
"02/09/2025","8.64","8.82","8.82","8.50","3.00K","-1.82%"
"01/09/2025","8.80","8.80","8.80","8.72","2.02K","-0.45%"
"29/08/2025","8.84","8.84","8.84","8.84","0.38K","0.00%"
"28/08/2025","8.84","8.88","8.88","8.78","1.18K","-0.45%"
"27/08/2025","8.88","8.80","8.88","8.80","1.21K","0.91%"
"26/08/2025","8.80","8.90","8.90","8.80","0.09K","-1.35%"
"25/08/2025","8.92","8.90","8.92","8.78","0.84K","0.22%"
"22/08/2025","8.90","8.90","8.94","8.84","0.34K","0.00%"
"20/08/2025","8.90","8.84","8.96","8.82","0.36K","-0.45%"
"19/08/2025","8.94","8.80","8.94","8.80","0.64K","1.59%"
"18/08/2025","8.80","8.98","8.98","8.80","0.59K","-0.23%"
"14/08/2025","8.82","9.00","9.00","8.78","0.82K","-2.00%"
"13/08/2025","9.00","8.98","9.00","8.76","0.19K","2.74%"
"12/08/2025","8.76","8.90","9.00","8.70","0.90K","-1.57%"
"11/08/2025","8.90","8.70","8.90","8.70","0.93K","3.97%"
"08/08/2025","8.56","8.78","8.78","8.56","1.85K","-0.23%"
"07/08/2025","8.58","9.00","9.00","8.44","12.20K","-4.67%"
"06/08/2025","9.00","9.00","9.00","8.90","0.11K","0.00%"
"05/08/2025","9.00","8.90","9.00","8.90","0.51K","0.90%"
"04/08/2025","8.92","9.04","9.04","8.92","0.15K","-1.33%"
"01/08/2025","9.04","9.04","9.04","8.94","0.60K","0.00%"
"31/07/2025","9.04","9.04","9.04","8.92","0.94K","0.00%"
"30/07/2025","9.04","9.04","9.04","9.04","0.02K","1.35%"
"29/07/2025","8.92","8.92","9.00","8.92","0.37K","0.00%"
"28/07/2025","8.92","9.04","9.06","8.92","0.27K","-1.55%"
"25/07/2025","9.06","9.06","9.08","8.84","2.03K","1.80%"
"24/07/2025","8.90","8.94","9.06","8.90","0.89K","-1.77%"
"23/07/2025","9.06","8.92","9.06","8.92","0.37K","1.57%"
"22/07/2025","8.92","9.06","9.06","8.90","0.68K","-1.55%"
"21/07/2025","9.06","8.92","9.06","8.92","0.52K","0.00%"
"18/07/2025","9.06","9.06","9.06","9.06","0.25K","0.00%"
"17/07/2025","9.06","9.00","9.10","8.90","0.97K","0.67%"
"16/07/2025","9.00","8.92","9.10","8.92","1.18K","1.35%"
"15/07/2025","8.88","9.10","9.10","8.88","12.23K","-2.84%"
"14/07/2025","9.14","9.16","9.16","9.02","0.45K","-0.44%"
"11/07/2025","9.18","9.16","9.18","9.00","2.65K","0.22%"
"10/07/2025","9.16","9.16","9.18","9.04","0.36K","1.55%"
"09/07/2025","9.02","9.04","9.16","9.02","0.11K","-1.74%"
"08/07/2025","9.18","9.02","9.18","9.00","1.08K","1.77%"
"07/07/2025","9.02","9.10","9.18","9.00","0.10K","0.00%"
"04/07/2025","9.02","9.20","9.20","9.02","0.60K","-1.96%"
"03/07/2025","9.20","9.18","9.20","9.04","1.38K","0.22%"
"02/07/2025","9.18","9.18","9.20","9.18","0.52K","0.00%"
"01/07/2025","9.18","9.12","9.18","9.02","0.11K","0.88%"
"30/06/2025","9.10","8.92","9.18","8.92","0.69K","0.00%"
"27/06/2025","9.10","9.18","9.18","9.10","0.05K","-0.87%"
"26/06/2025","9.18","9.08","9.18","8.90","2.02K","2.00%"
"25/06/2025","9.00","9.10","9.10","8.94","0.29K","-1.10%"
"24/06/2025","9.10","9.00","9.10","8.90","0.79K","0.66%"
"23/06/2025","9.04","9.04","9.04","9.00","0.24K","-0.44%"
"20/06/2025","9.08","9.10","9.18","8.94","4.75K","0.44%"
"18/06/2025","9.04","9.00","9.04","8.88","3.18K","-0.66%"
"17/06/2025","9.10","9.08","9.10","9.08","0.18K","2.94%"
"16/06/2025","8.84","9.00","9.10","8.84","0.11K","-1.78%"
"13/06/2025","9.00","9.10","9.10","8.82","0.07K","-1.10%"
"12/06/2025","9.10","8.94","9.10","8.80","0.58K","1.11%"
"11/06/2025","9.00","8.94","9.00","8.94","0.41K","-1.10%"
"10/06/2025","9.10","9.10","9.10","8.94","0.27K","0.00%"
"09/06/2025","9.10","8.96","9.10","8.96","0.57K","0.22%"
"06/06/2025","9.08","9.08","9.08","9.08","0.35K","1.34%"
"05/06/2025","8.96","9.06","9.06","8.96","0.06K","-1.10%"
"04/06/2025","9.06","9.08","9.08","8.94","0.16K","-0.22%"
"03/06/2025","9.08","9.10","9.10","8.90","0.35K","-0.22%"
"02/06/2025","9.10","9.00","9.12","9.00","0.06K","1.11%"
"30/05/2025","9.00","9.04","9.14","8.84","3.03K","-1.53%"
"29/05/2025","9.14","9.16","9.16","9.06","0.99K","-0.44%"
"28/05/2025","9.18","9.18","9.18","9.00","2.17K","0.00%"
"27/05/2025","9.18","9.04","9.18","9.04","0.34K","1.55%"
"26/05/2025","9.04","9.18","9.20","9.00","4.84K","-1.53%"
"23/05/2025","9.18","9.14","9.18","8.80","4.99K","0.44%"
"22/05/2025","9.14","9.16","9.18","9.06","2.86K","1.56%"
"21/05/2025","9.00","9.10","9.16","9.00","1.31K","-1.10%"
"20/05/2025","9.10","9.08","9.10","9.00","0.37K","0.22%"
"19/05/2025","9.08","9.00","9.14","9.00","0.22K","0.67%"
"16/05/2025","9.02","9.14","9.14","9.02","1.18K","-1.31%"
"15/05/2025","9.14","9.14","9.18","9.04","1.18K","0.00%"
"14/05/2025","9.14","9.08","9.20","9.08","0.60K","1.11%"
"13/05/2025","9.04","9.14","9.24","9.02","2.36K","-1.09%"
"12/05/2025","9.14","9.12","9.18","8.92","4.74K","0.22%"
"09/05/2025","9.12","9.18","9.18","8.98","3.24K","-0.65%"
"08/05/2025","9.18","9.04","9.20","9.00","1.40K","1.77%"
"07/05/2025","9.02","8.96","9.06","8.92","4.22K","0.22%"
"06/05/2025","9.00","9.08","9.08","8.92","1.62K","0.67%"
"05/05/2025","8.94","8.94","9.10","8.92","1.43K","-0.45%"
"02/05/2025","8.98","9.04","9.22","8.90","3.81K","1.35%"
"30/04/2025","8.86","8.88","9.10","8.80","2.83K","0.68%"
"29/04/2025","8.80","8.98","8.98","8.80","4.50K","-2.22%"
"28/04/2025","9.00","8.94","9.10","8.80","3.34K","0.67%"
"25/04/2025","8.94","9.00","9.10","8.82","1.79K","-1.76%"
"24/04/2025","9.10","9.12","9.14","8.94","1.31K","-0.22%"
"23/04/2025","9.12","9.12","9.12","9.02","0.05K","1.11%"
"22/04/2025","9.02","8.84","9.18","8.84","1.65K","2.04%"
"17/04/2025","8.84","8.76","9.04","8.76","2.71K","0.91%"
"16/04/2025","8.76","8.76","8.76","8.76","0.26K","0.00%"
"15/04/2025","8.76","8.70","8.76","8.68","0.06K","0.69%"
"14/04/2025","8.70","8.76","8.76","8.70","0.60K","-0.46%"
"11/04/2025","8.74","8.90","8.94","8.74","1.59K","0.00%"
"10/04/2025","8.74","8.66","9.00","8.66","6.17K","2.34%"
"09/04/2025","8.54","8.50","8.70","8.50","1.67K","0.23%"
"08/04/2025","8.52","8.40","8.66","8.40","1.78K","1.43%"
"07/04/2025","8.40","9.06","9.10","8.16","13.55K","-6.67%"
"04/04/2025","9.00","8.74","9.00","8.72","2.23K","2.27%"
"03/04/2025","8.80","9.00","9.06","8.80","2.01K","-1.79%"
"02/04/2025","8.96","9.28","9.28","8.94","8.64K","-4.68%"
"01/04/2025","9.40","9.40","9.50","9.26","1.59K","0.43%"
"31/03/2025","9.36","9.38","9.38","9.20","1.13K","-0.43%"
"28/03/2025","9.40","9.22","9.40","9.22","0.59K","1.95%"
"27/03/2025","9.22","9.38","9.38","9.22","1.18K","-1.50%"
"26/03/2025","9.36","9.30","9.48","9.30","0.12K","-0.43%"
"25/03/2025","9.40","9.40","9.54","9.30","6.52K","-0.42%"
"24/03/2025","9.44","9.42","9.56","9.42","1.76K","0.21%"
"21/03/2025","9.42","9.74","9.74","9.42","2.98K","-3.09%"
"20/03/2025","9.72","9.78","9.78","9.42","1.07K","-0.61%"
"19/03/2025","9.78","9.64","9.80","9.44","0.88K","2.95%"
"18/03/2025","9.50","9.46","9.66","9.30","6.31K","1.06%"
"17/03/2025","9.40","9.48","9.50","9.32","2.12K","0.00%"
"14/03/2025","9.40","9.30","9.40","9.22","2.44K","1.08%"
"13/03/2025","9.30","9.44","9.44","9.30","0.35K","0.00%"
"12/03/2025","9.30","9.46","9.50","9.30","1.49K","0.00%"
"11/03/2025","9.30","9.46","9.48","9.30","0.41K","-1.69%"
"10/03/2025","9.46","9.30","9.46","9.30","1.66K","-1.25%"
"07/03/2025","9.58","9.40","9.58","9.10","1.56K","1.91%"
"06/03/2025","9.40","9.42","9.42","9.40","0.23K","0.00%"
"05/03/2025","9.40","9.14","9.42","9.14","0.92K","2.84%"
"04/03/2025","9.14","9.44","9.44","9.04","2.10K","-3.18%"
"03/03/2025","9.44","9.46","9.48","9.32","0.39K","1.29%"
"28/02/2025","9.32","9.40","9.48","9.30","1.30K","-0.85%"
"27/02/2025","9.40","9.40","9.60","9.26","1.43K","2.17%"
"26/02/2025","9.20","9.40","9.64","9.20","2.64K","-4.17%"
"25/02/2025","9.60","9.64","9.64","9.40","2.11K","3.23%"
"24/02/2025","9.30","9.44","9.96","9.20","2.50K","-1.48%"
"21/02/2025","9.44","9.48","9.70","9.36","1.41K","1.51%"
"20/02/2025","9.30","9.36","9.60","9.30","0.58K","-2.11%"
"19/02/2025","9.50","9.24","10.00","9.24","7.26K","0.64%"
"18/02/2025","9.44","9.14","9.76","9.00","4.09K","4.89%"
"17/02/2025","9.00","9.04","9.18","9.00","1.11K","-0.22%"
"14/02/2025","9.02","9.02","9.14","9.00","1.38K","0.00%"
"13/02/2025","9.02","9.10","9.18","9.02","1.03K","0.22%"
"12/02/2025","9.00","9.10","9.12","9.00","2.50K","-1.10%"
"11/02/2025","9.10","9.02","9.18","9.02","2.01K","0.44%"
"10/02/2025","9.06","9.14","9.14","9.02","0.43K","-0.66%"
"07/02/2025","9.12","9.06","9.14","9.00","0.69K","1.56%"
"06/02/2025","8.98","9.14","9.34","8.98","4.86K","-1.54%"
"05/02/2025","9.12","9.18","9.18","8.92","0.70K","-0.44%"
"04/02/2025","9.16","9.06","9.18","8.92","1.11K","0.88%"
"03/02/2025","9.08","9.00","9.10","9.00","4.16K","1.79%"
"31/01/2025","8.92","9.18","9.18","8.80","3.21K","-2.83%"
"30/01/2025","9.18","9.20","9.20","9.04","2.51K","-0.22%"
"29/01/2025","9.20","9.00","9.20","9.00","3.48K","4.55%"
"28/01/2025","8.80","8.80","9.18","8.70","11.12K","-4.35%"
"27/01/2025","9.20","9.22","9.22","9.02","3.94K","-0.22%"
"24/01/2025","9.22","8.88","9.22","8.76","6.71K","3.83%"
"23/01/2025","8.88","8.78","8.94","8.66","1.71K","1.14%"
"22/01/2025","8.78","8.56","8.80","8.56","1.80K","2.57%"
"21/01/2025","8.56","8.50","8.56","8.40","9.15K","4.90%"
"20/01/2025","8.16","7.90","8.20","7.76","7.32K","6.81%"
"17/01/2025","7.64","7.56","7.66","7.56","1.14K","1.06%"
"16/01/2025","7.56","7.50","7.56","7.40","1.29K","0.00%"
"15/01/2025","7.56","7.40","7.68","7.32","4.83K","3.28%"
"14/01/2025","7.32","7.38","7.52","7.14","5.39K","-2.66%"
"13/01/2025","7.52","7.50","7.66","7.34","3.68K","1.62%"
"10/01/2025","7.40","7.48","7.84","7.40","4.30K","0.82%"
"09/01/2025","7.34","7.38","7.44","7.10","5.39K","-0.54%"
"08/01/2025","7.38","7.18","7.40","7.04","3.57K","2.79%"
"07/01/2025","7.18","7.10","7.20","6.90","6.77K","3.16%"
"03/01/2025","6.96","7.20","7.20","6.96","15.10K","-1.97%"
"02/01/2025","7.10","7.04","7.30","6.98","15.57K","0.85%"
"30/12/2024","7.04","7.00","7.16","6.94","6.70K","3.23%"
"27/12/2024","6.82","7.08","7.12","6.82","12.57K","-3.67%"
"23/12/2024","7.08","6.80","7.10","6.80","15.61K","4.12%"
"20/12/2024","6.80","7.50","7.58","6.76","19.48K","-7.61%"
"19/12/2024","7.36","8.00","8.00","7.36","16.60K","-5.64%"
"18/12/2024","7.80","7.82","8.08","7.80","4.55K","-1.52%"
"17/12/2024","7.92","7.92","8.18","7.82","13.10K","0.00%"
"16/12/2024","7.92","8.78","9.08","7.92","37.55K","-10.20%"
"13/12/2024","8.82","8.84","9.10","8.82","2.52K","-0.23%"
"12/12/2024","8.84","9.00","9.00","8.70","3.46K","-1.78%"
"11/12/2024","9.00","9.10","9.10","8.70","2.44K","-1.10%"
"10/12/2024","9.10","9.10","9.10","8.82","0.26K","0.00%"
"09/12/2024","9.10","9.00","9.10","8.80","4.68K","1.34%"
"06/12/2024","8.98","8.80","9.00","8.74","2.58K","2.05%"
"05/12/2024","8.80","8.80","8.80","8.80","0.54K","0.46%"
"04/12/2024","8.76","8.80","8.80","8.76","0.97K","-0.45%"
"03/12/2024","8.80","8.74","8.80","8.74","0.34K","-0.23%"
"02/12/2024","8.82","8.82","8.82","8.74","2.28K","0.00%"
"29/11/2024","8.82","8.74","8.82","8.74","1.05K","0.00%"
"28/11/2024","8.82","8.80","8.82","8.80","5.54K","0.23%"
"27/11/2024","8.80","9.08","9.10","8.80","2.91K","-3.30%"
"26/11/2024","9.10","9.20","9.20","9.10","0.21K","0.44%"
"25/11/2024","9.06","9.02","9.06","9.00","3.06K","-2.16%"
"22/11/2024","9.26","9.08","9.26","9.00","0.09K","0.00%"
"21/11/2024","9.26","9.10","9.30","9.06","0.06K","1.98%"
"20/11/2024","9.08","9.06","9.08","9.06","0.35K","0.00%"
"19/11/2024","9.08","8.92","9.08","8.92","5.01K","0.67%"
"18/11/2024","9.02","9.10","9.30","9.02","0.38K","0.00%"
"15/11/2024","9.02","9.40","9.66","8.74","4.00K","-5.05%"
"14/11/2024","9.50","9.50","9.50","9.36","1.00K","-1.86%"
"13/11/2024","9.68","9.68","9.68","9.54","5.68K","0.00%"
"12/11/2024","9.68","9.56","9.68","9.56","0.13K","1.26%"
"08/11/2024","9.56","9.64","9.68","9.56","1.02K","-1.04%"
"07/11/2024","9.66","9.60","9.66","9.60","0.74K","0.00%"
"06/11/2024","9.66","9.46","9.66","9.46","1.16K","1.68%"
"05/11/2024","9.50","9.68","9.68","9.32","1.39K","-1.45%"
"04/11/2024","9.64","9.86","9.86","9.64","0.29K","-2.23%"
"31/10/2024","9.86","9.60","9.86","9.60","0.03K","2.49%"
"30/10/2024","9.62","9.80","9.86","9.60","0.26K","-1.84%"
"29/10/2024","9.80","9.74","9.80","9.50","1.35K","0.62%"
"28/10/2024","9.74","9.62","9.90","9.62","1.66K","1.25%"
"25/10/2024","9.62","9.62","9.62","9.36","0.61K","3.00%"
"24/10/2024","9.34","9.54","9.64","9.34","0.75K","-0.85%"
"23/10/2024","9.42","9.54","9.60","9.42","0.35K","-1.26%"
"22/10/2024","9.54","9.32","9.64","9.32","1.76K","2.36%"
"21/10/2024","9.32","9.70","9.70","9.20","9.47K","-2.92%"
"18/10/2024","9.60","9.64","9.70","9.54","0.73K","-0.21%"
"17/10/2024","9.62","9.64","9.64","9.60","0.97K","-0.21%"
"16/10/2024","9.64","9.78","9.78","9.60","1.38K","-1.43%"
"15/10/2024","9.78","9.78","9.90","9.78","0.13K","-0.41%"
"14/10/2024","9.82","9.98","9.98","9.82","0.65K","0.00%"
"11/10/2024","9.82","9.96","9.98","9.70","0.60K","-1.60%"
"10/10/2024","9.98","9.98","9.98","9.98","0.15K","-0.20%"
"09/10/2024","10.00","9.80","10.00","9.80","0.11K","2.04%"
"08/10/2024","9.80","9.84","9.84","9.80","0.13K","-1.80%"
"07/10/2024","9.98","9.82","10.00","9.80","1.25K","1.63%"
"04/10/2024","9.82","9.84","9.84","9.82","0.62K","-1.01%"
"03/10/2024","9.92","9.90","9.92","9.84","0.87K","0.00%"
"02/10/2024","9.92","9.92","9.92","9.80","2.32K","-0.80%"
"01/10/2024","10.00","10.10","10.10","9.96","1.35K","-0.99%"
"30/09/2024","10.10","9.96","10.10","9.90","0.68K","0.00%"
"27/09/2024","10.10","10.20","10.20","10.10","0.71K","-0.98%"
"26/09/2024","10.20","10.15","10.20","9.82","0.58K","0.49%"
"25/09/2024","10.15","10.20","10.20","9.94","0.18K","0.50%"
"24/09/2024","10.10","9.94","10.15","9.86","2.33K","1.61%"
"23/09/2024","9.94","10.20","10.20","9.94","0.59K","-1.58%"
"20/09/2024","10.10","10.20","10.20","9.96","0.67K","-0.49%"
"19/09/2024","10.15","9.90","10.20","9.90","0.23K","0.50%"
"18/09/2024","10.10","10.10","10.10","10.10","0.11K","0.00%"
"17/09/2024","10.10","10.10","10.10","9.90","0.38K","2.02%"
"16/09/2024","9.90","10.20","10.30","9.90","1.20K","-3.88%"
"13/09/2024","10.30","10.35","10.40","10.10","2.01K","-0.48%"
"12/09/2024","10.35","10.10","10.40","10.00","7.05K","3.50%"
"11/09/2024","10.00","9.94","10.00","9.50","4.98K","-1.96%"
"10/09/2024","10.20","10.15","10.20","10.10","1.01K","2.82%"
"09/09/2024","9.92","9.98","10.05","9.90","1.55K","-0.80%"
"06/09/2024","10.00","9.96","10.20","9.96","1.08K","-1.96%"
"05/09/2024","10.20","9.98","10.20","9.96","0.67K","2.20%"
"04/09/2024","9.98","9.96","10.05","9.96","0.38K","-0.20%"
"03/09/2024","10.00","9.94","10.15","9.92","0.77K","0.00%"
"02/09/2024","10.00","10.00","10.20","10.00","0.70K","-0.99%"
"30/08/2024","10.10","10.15","10.15","10.10","0.21K","2.43%"
"29/08/2024","9.86","9.90","9.90","9.84","1.28K","0.00%"
"28/08/2024","9.86","9.98","10.05","9.80","1.13K","-1.00%"
"27/08/2024","9.96","9.82","10.00","9.82","1.34K","0.61%"
"26/08/2024","9.90","10.00","10.20","9.90","1.32K","-2.94%"
"23/08/2024","10.20","10.40","10.40","10.20","0.25K","-1.92%"
"22/08/2024","10.40","10.15","10.40","10.00","0.25K","0.97%"
"21/08/2024","10.30","10.20","10.45","10.20","0.91K","-0.48%"
"20/08/2024","10.35","10.35","10.35","10.35","0.02K","0.49%"
"19/08/2024","10.30","10.30","10.30","10.25","1.32K","0.98%"
"16/08/2024","10.20","10.20","10.20","10.00","0.03K","2.00%"
"14/08/2024","10.00","10.00","10.15","10.00","0.87K","0.00%"
"13/08/2024","10.00","10.35","10.35","10.00","1.00K","-2.44%"
"12/08/2024","10.25","10.35","10.35","10.10","0.72K","-0.97%"
"09/08/2024","10.35","10.40","10.40","10.35","0.51K","0.49%"
"08/08/2024","10.30","10.20","10.30","10.10","4.34K","0.00%"
"07/08/2024","10.30","10.45","10.45","10.00","0.67K","0.98%"
"06/08/2024","10.20","10.00","10.30","10.00","2.79K","0.49%"
"05/08/2024","10.15","10.25","10.50","10.00","1.49K","-5.58%"
"02/08/2024","10.75","10.70","10.80","10.20","1.55K","-0.46%"
"01/08/2024","10.80","10.35","11.30","10.30","4.24K","5.88%"
"31/07/2024","10.20","9.98","10.20","9.98","0.33K","2.20%"
"30/07/2024","9.98","9.98","9.98","9.96","0.92K","0.00%"
"29/07/2024","9.98","9.94","10.00","9.90","0.88K","1.84%"
"26/07/2024","9.80","10.00","10.30","9.54","3.19K","-2.97%"
"25/07/2024","10.10","10.55","10.55","9.50","8.68K","-4.72%"
"24/07/2024","10.60","10.45","10.60","10.45","0.46K","-0.47%"
"23/07/2024","10.65","10.60","10.65","10.30","0.27K","0.47%"
"22/07/2024","10.60","10.65","10.65","10.40","0.32K","-0.47%"
"19/07/2024","10.65","10.60","10.65","10.25","2.87K","0.47%"
"18/07/2024","10.60","10.50","10.60","10.35","2.17K","0.95%"
"17/07/2024","10.50","10.50","10.55","10.45","0.14K","0.00%"
"16/07/2024","10.50","10.30","10.55","10.30","0.52K","1.94%"
"15/07/2024","10.30","10.50","10.60","10.20","1.47K","-0.96%"
"12/07/2024","10.40","10.40","10.65","10.25","0.98K","-2.35%"
"11/07/2024","10.65","11.30","11.30","9.52","21.89K","-4.05%"
"10/07/2024","11.10","11.30","11.30","11.10","0.36K","0.00%"
"09/07/2024","11.10","11.10","11.30","11.00","4.46K","-1.77%"
"08/07/2024","11.30","11.20","11.30","11.20","0.21K","0.89%"
"05/07/2024","11.20","11.25","11.25","10.95","0.70K","-0.44%"
"04/07/2024","11.25","11.00","11.25","11.00","0.58K","2.27%"
"03/07/2024","11.00","11.20","11.20","11.00","0.47K","-1.79%"
"02/07/2024","11.20","11.05","11.30","11.05","1.01K","-0.88%"
"01/07/2024","11.30","11.30","11.30","11.05","0.42K","0.89%"
"28/06/2024","11.20","11.25","11.30","11.20","0.29K","1.82%"
"27/06/2024","11.00","11.00","11.15","10.90","0.01K","-2.22%"
"26/06/2024","11.25","11.25","11.30","10.85","0.74K","1.81%"
"25/06/2024","11.05","11.05","11.25","11.05","0.03K","-2.21%"
"24/06/2024","11.30","10.95","11.30","10.95","1.32K","-0.88%"
"21/06/2024","11.40","10.85","11.40","10.85","5.04K","4.11%"
"20/06/2024","10.95","10.95","11.20","10.95","0.57K","-1.79%"
"19/06/2024","11.15","11.15","11.20","11.15","0.11K","0.00%"
"18/06/2024","11.15","11.10","11.15","11.05","0.26K","0.45%"
"17/06/2024","11.10","11.00","11.10","10.70","1.06K","0.91%"
"14/06/2024","11.00","11.00","11.20","11.00","0.63K","-0.45%"
"13/06/2024","11.05","11.05","11.10","11.00","1.45K","-0.45%"
"12/06/2024","11.10","11.10","11.10","11.05","1.13K","0.45%"
"11/06/2024","11.05","11.40","11.40","11.00","1.03K","-3.07%"
"10/06/2024","11.40","11.40","11.40","11.40","0.00K","-0.87%"
"07/06/2024","11.50","11.50","11.50","11.50","0.14K","0.44%"
"06/06/2024","11.45","11.35","11.45","11.35","0.28K","-0.43%"
"05/06/2024","11.50","11.50","11.50","11.50","0.39K","0.00%"
"04/06/2024","11.50","11.45","11.50","11.45","0.59K","0.88%"
"03/06/2024","11.40","11.40","11.55","11.40","0.21K","0.44%"
"31/05/2024","11.35","11.65","11.65","11.35","0.67K","0.00%"
"29/05/2024","11.35","11.70","11.70","11.35","0.22K","-2.99%"
"28/05/2024","11.70","11.50","11.70","11.50","2.27K","1.74%"
"27/05/2024","11.50","11.60","11.60","11.30","0.06K","1.32%"
"24/05/2024","11.35","11.45","11.70","11.30","1.48K","0.44%"
"23/05/2024","11.30","11.45","11.50","11.30","1.97K","-0.44%"
"22/05/2024","11.35","11.45","11.50","11.35","1.13K","-0.44%"
"21/05/2024","11.40","11.70","11.70","11.40","0.65K","-2.15%"
"20/05/2024","11.65","11.55","11.65","11.35","4.49K","0.43%"
"17/05/2024","11.60","11.35","11.60","11.35","3.81K","1.31%"
"16/05/2024","11.45","11.50","11.60","11.40","5.43K","-0.43%"
"15/05/2024","11.50","11.40","11.50","11.40","0.99K","0.00%"
"14/05/2024","11.50","11.25","11.60","11.25","0.54K","0.00%"
"13/05/2024","11.50","11.50","11.50","11.45","0.41K","0.00%"
"10/05/2024","11.50","11.50","11.50","11.50","0.12K","1.32%"
"09/05/2024","11.35","11.50","11.60","11.35","0.22K","-1.30%"
"08/05/2024","11.50","11.40","11.75","11.40","3.45K","0.88%"
"07/05/2024","11.40","11.35","11.50","11.15","0.40K","-0.87%"
"06/05/2024","11.50","11.55","11.60","11.25","3.21K","-0.43%"
"02/05/2024","11.55","11.45","11.55","11.00","1.54K","0.87%"
"30/04/2024","11.45","11.10","11.45","10.70","5.51K","1.33%"
"29/04/2024","11.30","11.25","11.30","11.25","0.15K","0.44%"
"26/04/2024","11.25","11.05","11.25","11.05","0.19K","0.90%"
"25/04/2024","11.15","11.00","11.30","10.95","0.36K","0.00%"
"24/04/2024","11.15","11.35","11.45","11.00","0.70K","-1.33%"
"23/04/2024","11.30","11.30","11.30","11.05","0.86K","0.44%"
"22/04/2024","11.25","11.00","11.35","11.00","0.72K","2.27%"
"19/04/2024","11.00","11.05","11.05","11.00","1.16K","-1.35%"
"18/04/2024","11.15","11.15","11.15","11.10","0.40K","0.00%"
"17/04/2024","11.15","11.15","11.15","11.00","1.45K","0.00%"
"16/04/2024","11.15","11.15","11.15","11.05","0.97K","0.00%"
"15/04/2024","11.15","11.15","11.15","11.15","1.18K","0.00%"
"12/04/2024","11.15","11.55","11.60","11.00","4.36K","-3.46%"
"11/04/2024","11.55","11.55","11.65","11.10","2.80K","-1.28%"
"10/04/2024","11.70","11.70","11.70","11.50","0.45K","0.00%"
"09/04/2024","11.70","11.65","11.70","11.55","0.24K","2.18%"
"08/04/2024","11.45","11.55","11.55","11.45","3.70K","-0.87%"
"05/04/2024","11.55","11.85","11.85","11.50","0.97K","-2.53%"
"04/04/2024","11.85","11.70","11.85","11.70","1.20K","1.28%"
"03/04/2024","11.70","11.80","11.85","11.70","0.81K","0.00%"
"02/04/2024","11.70","11.65","11.70","11.65","0.74K","0.43%"
"28/03/2024","11.65","11.80","11.85","11.65","1.47K","-2.10%"
"27/03/2024","11.90","11.75","11.90","11.75","4.84K","0.85%"
"26/03/2024","11.80","11.75","11.80","11.55","0.82K","0.43%"
"25/03/2024","11.75","11.55","11.75","11.50","4.12K","0.86%"
"22/03/2024","11.65","11.80","11.80","11.55","1.00K","0.00%"
"21/03/2024","11.65","11.80","11.80","11.65","0.50K","-0.43%"
"20/03/2024","11.70","11.75","11.80","11.55","6.07K","1.30%"
"19/03/2024","11.55","11.75","11.75","11.50","0.41K","0.00%"
"18/03/2024","11.55","11.70","11.85","11.50","1.97K","-0.86%"
"15/03/2024","11.65","11.65","11.70","11.65","2.13K","-1.27%"
"14/03/2024","11.80","11.70","11.90","11.55","4.63K","-0.84%"
"13/03/2024","11.90","11.90","11.90","11.70","0.64K","0.00%"
"12/03/2024","11.90","11.90","11.90","11.65","0.76K","1.28%"
"11/03/2024","11.75","11.65","12.00","11.65","0.32K","0.00%"
"08/03/2024","11.75","11.60","11.90","11.60","0.79K","0.00%"
"07/03/2024","11.75","11.65","11.80","11.55","2.21K","0.86%"
"06/03/2024","11.65","11.85","11.85","11.60","1.46K","-2.51%"
"05/03/2024","11.95","11.70","11.95","11.65","2.55K","1.70%"
"04/03/2024","11.75","11.80","11.90","11.75","0.52K","-1.26%"
"01/03/2024","11.90","11.85","11.95","11.80","0.83K","0.85%"
"29/02/2024","11.80","11.80","11.80","11.80","0.46K","-0.42%"
"28/02/2024","11.85","11.95","11.95","11.65","2.40K","-0.42%"
"27/02/2024","11.90","11.80","11.95","11.65","2.32K","-0.42%"
"26/02/2024","11.95","11.70","11.95","11.70","2.39K","1.27%"
"23/02/2024","11.80","11.65","11.80","11.60","3.29K","0.85%"
"22/02/2024","11.70","11.70","11.85","11.65","0.98K","0.43%"
"21/02/2024","11.65","11.70","11.90","11.55","4.46K","-1.27%"
"20/02/2024","11.80","11.80","11.80","11.60","1.18K","0.00%"
"19/02/2024","11.80","11.90","11.95","11.65","2.66K","0.85%"
"16/02/2024","11.70","11.65","11.95","11.65","1.00K","0.00%"
"15/02/2024","11.70","11.60","12.00","11.60","4.08K","0.86%"
"14/02/2024","11.60","11.75","11.85","11.60","1.60K","-1.28%"
"13/02/2024","11.75","11.75","11.90","11.75","0.74K","0.00%"
"12/02/2024","11.75","11.80","11.90","11.75","0.64K","-2.08%"
"09/02/2024","12.00","11.90","12.00","11.60","7.75K","0.84%"
"08/02/2024","11.90","11.80","12.00","11.80","5.39K","0.85%"
"07/02/2024","11.80","11.80","11.85","11.80","0.05K","-1.67%"
"06/02/2024","12.00","12.00","12.00","11.80","0.81K","0.00%"
"05/02/2024","12.00","11.90","12.00","11.80","1.78K","0.00%"
"02/02/2024","12.00","12.00","12.00","11.90","2.27K","0.00%"
"01/02/2024","12.00","11.95","12.00","11.85","1.40K","0.84%"
"31/01/2024","11.90","12.00","12.00","11.90","0.34K","-0.42%"
"30/01/2024","11.95","11.95","12.00","11.95","1.01K","0.00%"
"29/01/2024","11.95","11.95","11.95","11.80","1.74K","1.27%"
"25/01/2024","11.80","11.85","11.95","11.80","0.22K","0.00%"
"23/01/2024","11.80","11.90","11.90","11.75","1.16K","-1.26%"
"22/01/2024","11.95","11.95","12.00","11.95","1.83K","0.00%"
"19/01/2024","11.95","11.80","11.95","11.80","0.03K","1.27%"
"18/01/2024","11.80","11.90","12.00","11.60","2.96K","-2.07%"
"17/01/2024","12.05","11.90","12.10","11.80","0.39K","0.00%"
"16/01/2024","12.05","12.20","12.25","12.05","0.17K","0.84%"
"15/01/2024","11.95","11.85","12.30","11.85","2.10K","0.84%"
"12/01/2024","11.85","12.05","12.10","11.85","3.10K","-1.25%"
"11/01/2024","12.00","12.05","12.05","11.85","2.06K","-0.41%"
"10/01/2024","12.05","11.90","12.05","11.80","1.75K","1.26%"
"09/01/2024","11.90","12.20","12.20","11.90","0.41K","0.00%"
"08/01/2024","11.90","12.20","12.20","11.90","0.68K","-2.46%"
"05/01/2024","12.20","12.20","12.20","12.00","4.99K","1.67%"
"04/01/2024","12.00","12.25","12.25","12.00","0.43K","-2.04%"
"03/01/2024","12.25","12.30","12.30","12.00","0.67K","-0.41%"
"02/01/2024","12.30","12.20","12.30","12.00","4.53K","0.82%"
"29/12/2023","12.20","12.15","12.20","12.00","1.17K","0.41%"
"28/12/2023","12.15","11.80","12.20","11.80","3.64K","2.10%"
"27/12/2023","11.90","11.95","12.15","11.85","2.76K","-0.42%"
"22/12/2023","11.95","11.90","12.00","11.80","2.94K","-1.24%"
"21/12/2023","12.10","12.15","12.25","12.05","1.74K","-0.41%"
"20/12/2023","12.15","12.00","12.30","12.00","0.95K","-1.62%"
"19/12/2023","12.35","12.25","12.35","11.70","4.51K","0.41%"
"18/12/2023","12.30","12.10","12.30","11.90","2.99K","0.82%"
"15/12/2023","12.20","12.10","12.20","12.00","1.30K","1.67%"
"14/12/2023","12.00","12.10","12.20","11.70","5.03K","0.00%"
"13/12/2023","12.00","12.10","12.10","12.00","0.26K","-1.64%"
"12/12/2023","12.20","11.95","12.20","11.95","0.27K","1.67%"
"11/12/2023","12.00","12.00","12.20","11.90","1.98K","0.00%"
"08/12/2023","12.00","12.10","12.20","12.00","0.36K","-0.83%"
"07/12/2023","12.10","12.00","12.10","12.00","1.93K","0.83%"
"06/12/2023","12.00","12.05","12.15","12.00","2.12K","0.84%"
"05/12/2023","11.90","12.00","12.15","11.75","1.26K","-2.06%"
"04/12/2023","12.15","12.20","12.30","12.00","0.77K","-0.41%"
"01/12/2023","12.20","12.15","12.20","11.85","4.68K","1.67%"
"30/11/2023","12.00","12.20","12.20","12.00","0.44K","0.00%"
"29/11/2023","12.00","11.85","12.00","11.80","1.13K","0.00%"
"28/11/2023","12.00","12.10","12.10","11.90","0.51K","0.00%"
"27/11/2023","12.00","12.10","12.10","12.00","0.60K","0.84%"
"24/11/2023","11.90","11.95","12.25","11.90","1.85K","0.42%"
"23/11/2023","11.85","11.95","12.00","11.65","0.48K","-0.84%"
"22/11/2023","11.95","12.25","12.30","11.60","4.32K","-2.45%"
"21/11/2023","12.25","12.25","12.30","12.00","1.45K","0.82%"
"20/11/2023","12.15","12.30","12.30","12.10","0.70K","-0.82%"
"17/11/2023","12.25","12.25","12.40","12.00","0.30K","0.82%"
"16/11/2023","12.15","12.05","12.15","12.05","0.19K","0.00%"
"15/11/2023","12.15","12.00","12.40","12.00","2.98K","-1.22%"
"14/11/2023","12.30","12.15","12.30","11.90","1.52K","0.41%"
"13/11/2023","12.25","11.75","12.40","11.75","3.25K","3.38%"
"10/11/2023","11.85","11.75","11.85","11.50","3.66K","-0.84%"
"09/11/2023","11.95","11.95","12.00","11.40","3.55K","0.00%"
"08/11/2023","11.95","12.00","12.25","11.90","4.65K","-0.42%"
"07/11/2023","12.00","12.20","12.20","12.00","6.53K","-2.44%"
"06/11/2023","12.30","12.30","12.30","12.20","2.48K","-0.40%"
"03/11/2023","12.35","12.25","12.40","12.25","0.81K","0.82%"
"02/11/2023","12.25","11.80","12.30","11.80","2.37K","1.24%"
"31/10/2023","12.10","12.30","12.50","12.00","4.51K","-3.97%"
"30/10/2023","12.60","12.60","12.60","12.35","0.64K","1.61%"
"27/10/2023","12.40","12.10","12.60","12.10","1.20K","-2.36%"
"26/10/2023","12.70","12.70","12.70","12.70","0.14K","2.01%"
"25/10/2023","12.45","12.70","12.70","12.45","0.07K","-1.58%"
"24/10/2023","12.65","12.65","12.65","12.65","0.14K","1.61%"
"23/10/2023","12.45","12.65","12.65","12.35","0.40K","-1.58%"
"20/10/2023","12.65","12.55","12.65","12.55","0.10K","2.02%"
"19/10/2023","12.40","12.85","12.90","12.15","4.56K","-4.25%"
"18/10/2023","12.95","12.70","12.95","12.70","0.63K","1.97%"
"17/10/2023","12.70","12.60","12.70","12.60","3.64K","0.40%"
"16/10/2023","12.65","12.70","13.40","12.65","3.56K","-0.39%"
"13/10/2023","12.70","12.45","12.70","12.35","0.56K","1.20%"
"12/10/2023","12.55","12.60","12.60","12.50","0.23K","-1.18%"
"11/10/2023","12.70","12.70","12.70","12.60","0.51K","0.00%"
"10/10/2023","12.70","12.70","12.70","12.40","4.39K","1.60%"
"09/10/2023","12.50","12.60","12.70","12.50","0.03K","1.21%"
"06/10/2023","12.35","12.80","12.80","12.35","0.34K","-2.37%"
"05/10/2023","12.65","12.45","12.95","12.45","0.30K","0.40%"
"04/10/2023","12.60","12.80","13.00","12.45","0.12K","0.00%"
"03/10/2023","12.60","12.70","12.70","12.60","0.04K","-0.79%"
"02/10/2023","12.70","12.30","12.95","12.30","10.98K","1.20%"
"29/09/2023","12.55","12.45","12.60","12.25","0.12K","2.45%"
"28/09/2023","12.25","12.35","12.35","12.20","0.41K","-1.61%"
"27/09/2023","12.45","12.50","12.50","12.25","0.58K","-1.19%"
"26/09/2023","12.60","12.50","12.60","12.45","4.13K","2.02%"
"25/09/2023","12.35","12.40","12.40","12.35","0.15K","0.41%"
"22/09/2023","12.30","12.60","12.70","12.30","0.68K","-3.15%"
"21/09/2023","12.70","12.55","12.70","12.20","1.75K","1.20%"
"20/09/2023","12.55","12.70","12.70","12.25","2.32K","-0.40%"
"19/09/2023","12.60","12.70","12.70","12.50","0.22K","-0.79%"
"18/09/2023","12.70","12.70","12.70","12.70","0.01K","-0.78%"
"15/09/2023","12.80","12.55","12.80","12.45","0.29K","2.40%"
"14/09/2023","12.50","12.45","12.50","12.45","0.15K","0.40%"
"13/09/2023","12.45","12.25","12.45","12.25","0.29K","1.63%"
"12/09/2023","12.25","12.30","12.35","12.05","2.23K","-2.78%"
"11/09/2023","12.60","12.50","12.60","12.40","2.94K","0.80%"
"08/09/2023","12.50","12.35","12.60","12.35","1.38K","1.21%"
"07/09/2023","12.35","12.35","12.60","12.35","3.23K","-0.80%"
"06/09/2023","12.45","12.50","12.50","12.25","0.08K","-0.80%"
"05/09/2023","12.55","12.60","12.60","12.50","3.62K","-0.40%"
"04/09/2023","12.60","12.60","12.60","12.55","0.01K","0.00%"
"01/09/2023","12.60","12.70","12.80","12.10","2.96K","-0.79%"
"31/08/2023","12.70","12.00","12.70","12.00","3.76K","5.83%"
"30/08/2023","12.00","12.20","12.30","12.00","1.86K","-1.64%"
"29/08/2023","12.20","12.20","12.55","12.20","0.44K","0.00%"
"28/08/2023","12.20","12.45","12.50","12.20","1.88K","-2.01%"
"25/08/2023","12.45","12.25","12.70","12.20","0.91K","1.63%"
"24/08/2023","12.25","11.85","12.25","11.85","0.34K","3.81%"
"23/08/2023","11.80","12.30","12.45","11.80","7.10K","-7.09%"
"22/08/2023","12.70","12.35","12.70","12.20","1.01K","0.00%"
"21/08/2023","12.70","12.35","12.75","12.35","0.26K","3.25%"
"18/08/2023","12.30","12.50","12.65","12.30","2.23K","-1.60%"
"17/08/2023","12.50","12.50","12.80","12.45","2.84K","0.81%"
"16/08/2023","12.40","12.40","12.40","12.40","0.00K","2.48%"
"14/08/2023","12.10","12.70","12.80","12.10","1.35K","-3.97%"
"11/08/2023","12.60","12.60","12.60","12.60","0.02K","0.00%"
"10/08/2023","12.60","12.30","12.65","12.30","0.23K","0.00%"
"09/08/2023","12.60","12.15","12.65","12.15","0.51K","2.44%"
"08/08/2023","12.30","12.40","12.75","12.15","2.40K","-0.81%"
"07/08/2023","12.40","12.55","12.55","12.40","1.41K","-1.20%"
"04/08/2023","12.55","12.55","12.75","12.40","0.89K","-1.95%"
"03/08/2023","12.80","12.80","12.80","12.65","0.63K","0.00%"
"02/08/2023","12.80","13.00","13.00","12.25","7.09K","-1.54%"
"01/08/2023","13.00","12.65","13.00","12.50","3.55K","2.77%"
"31/07/2023","12.65","12.70","12.70","12.45","4.26K","0.00%"
"28/07/2023","12.65","12.75","12.75","12.50","0.17K","1.20%"
"27/07/2023","12.50","12.75","12.75","12.50","2.34K","-1.96%"
"26/07/2023","12.75","12.65","12.85","12.65","0.24K","-1.16%"
"25/07/2023","12.90","12.65","12.90","12.65","0.19K","0.39%"
"24/07/2023","12.85","12.85","12.90","12.60","0.41K","0.39%"
"21/07/2023","12.80","12.90","12.90","12.60","1.00K","0.00%"
"20/07/2023","12.80","12.35","12.90","12.35","3.73K","-0.78%"
"19/07/2023","12.90","12.80","13.30","12.50","6.01K","0.78%"
"18/07/2023","12.80","12.50","12.90","12.50","0.19K","0.00%"
"17/07/2023","12.80","12.70","12.90","12.60","6.31K","1.19%"
"14/07/2023","12.65","12.45","12.90","12.30","3.59K","0.40%"
"13/07/2023","12.60","12.95","12.95","12.15","4.66K","-2.70%"
"12/07/2023","12.95","12.50","12.95","11.50","6.32K","1.97%"
"11/07/2023","12.70","12.60","12.70","12.40","1.51K","-1.17%"
"10/07/2023","12.85","12.95","12.95","12.50","1.12K","2.80%"
"07/07/2023","12.50","13.00","13.00","12.50","2.21K","-3.85%"
"06/07/2023","13.00","12.70","13.00","12.50","7.39K","0.00%"
"05/07/2023","13.00","13.40","13.40","12.95","4.27K","-2.99%"
"04/07/2023","13.40","13.60","13.60","13.10","3.31K","0.00%"
"03/07/2023","13.40","13.35","13.50","13.00","4.30K","2.68%"
"30/06/2023","13.05","13.35","13.35","12.95","3.27K","0.77%"
"29/06/2023","12.95","12.90","13.10","12.85","5.78K","-1.15%"
"28/06/2023","13.10","13.45","13.45","12.90","12.13K","-0.76%"
"27/06/2023","13.20","14.20","14.25","13.10","13.76K","-7.04%"
"26/06/2023","14.20","13.65","14.45","13.20","44.02K","5.58%"
"23/06/2023","13.45","12.00","13.50","12.00","72.25K","13.50%"
"22/06/2023","11.85","11.30","12.00","11.30","7.52K","5.33%"
"21/06/2023","11.25","11.00","11.25","10.85","9.87K","3.21%"
"20/06/2023","10.90","11.00","11.00","10.90","0.45K","-0.91%"
"19/06/2023","11.00","10.85","11.00","10.85","0.71K","1.38%"
"16/06/2023","10.85","10.95","11.00","10.85","1.01K","0.93%"
"15/06/2023","10.75","10.75","10.75","10.65","2.42K","-0.46%"
"14/06/2023","10.80","10.80","10.90","10.80","1.79K","0.47%"
"13/06/2023","10.75","11.30","11.30","10.20","17.81K","-4.87%"
"12/06/2023","11.30","11.40","11.40","11.30","1.57K","-0.88%"
"09/06/2023","11.40","11.40","11.40","11.40","0.04K","0.00%"
"07/06/2023","11.40","11.40","11.40","11.40","0.56K","-1.72%"
"06/06/2023","11.60","11.60","11.60","11.60","0.44K","2.20%"
"05/06/2023","11.35","11.50","11.80","11.35","0.78K","-1.30%"
"02/06/2023","11.50","11.40","11.70","11.40","1.85K","0.00%"
"01/06/2023","11.50","11.40","11.50","11.30","0.88K","1.32%"
"31/05/2023","11.35","11.40","11.40","11.35","0.01K","-1.30%"
"30/05/2023","11.50","11.65","11.65","11.50","0.25K","1.32%"
"29/05/2023","11.35","11.20","11.55","11.20","0.15K","1.34%"
"26/05/2023","11.20","11.20","11.55","11.20","0.53K","-0.88%"
"25/05/2023","11.30","11.25","11.30","11.25","0.55K","-0.88%"
"24/05/2023","11.40","11.40","11.45","11.40","2.45K","-0.44%"
"23/05/2023","11.45","11.40","11.65","11.40","1.09K","0.44%"
"22/05/2023","11.40","11.35","11.90","11.35","1.54K","-0.44%"
"19/05/2023","11.45","11.60","11.65","11.40","2.44K","-1.29%"
"18/05/2023","11.60","11.85","11.85","11.55","1.30K","-2.11%"
"17/05/2023","11.85","11.80","11.85","11.70","2.24K","1.28%"
"16/05/2023","11.70","11.90","12.00","11.70","0.73K","-0.85%"
"15/05/2023","11.80","12.10","12.40","11.80","0.77K","-2.07%"
"12/05/2023","12.05","12.35","12.65","12.00","1.15K","-2.03%"
"11/05/2023","12.30","11.95","12.30","11.85","5.78K","3.80%"
"10/05/2023","11.85","11.90","11.90","11.85","0.02K","-0.42%"
"09/05/2023","11.90","12.00","12.00","11.60","0.80K","-0.42%"
"08/05/2023","11.95","11.80","11.95","11.75","1.16K","1.27%"
"05/05/2023","11.80","11.80","12.00","11.80","1.57K","1.29%"
"04/05/2023","11.65","11.65","11.80","11.55","1.20K","0.87%"
"02/05/2023","11.55","11.75","11.95","11.25","2.13K","-2.12%"
"28/04/2023","11.80","11.85","11.90","11.75","0.47K","-0.42%"
"27/04/2023","11.85","11.95","11.95","11.85","0.01K","-0.84%"
"26/04/2023","11.95","11.90","12.00","11.90","0.65K","3.91%"
"25/04/2023","11.50","11.70","11.95","11.50","5.27K","-2.54%"
"24/04/2023","11.80","11.90","11.90","11.80","1.39K","-0.84%"
"21/04/2023","11.90","12.05","12.05","11.90","1.47K","-2.46%"
"20/04/2023","12.20","12.25","12.35","12.10","2.66K","0.00%"
"19/04/2023","12.20","12.30","12.30","12.20","0.43K","-0.81%"
"18/04/2023","12.30","12.10","12.35","12.10","1.04K","1.65%"
"17/04/2023","12.10","12.55","12.55","12.10","0.80K","-1.22%"
"14/04/2023","12.25","12.10","12.30","12.10","0.23K","0.82%"
"13/04/2023","12.15","12.15","12.15","12.15","0.08K","0.41%"
"12/04/2023","12.10","12.50","12.50","12.00","1.67K","-3.59%"
"11/04/2023","12.55","12.45","12.55","12.00","1.65K","1.21%"
"06/04/2023","12.40","12.30","12.40","12.30","1.00K","0.81%"
"05/04/2023","12.30","12.30","12.30","12.30","0.00K","0.00%"
"04/04/2023","12.30","12.35","12.35","11.75","0.07K","-0.40%"
"03/04/2023","12.35","12.35","12.35","11.85","1.87K","0.00%"
"31/03/2023","12.35","12.15","12.45","11.75","0.41K","1.65%"
"30/03/2023","12.15","11.90","12.20","11.75","1.93K","2.97%"
"29/03/2023","11.80","11.85","11.85","11.70","0.36K","0.00%"
"28/03/2023","11.80","11.70","11.80","11.70","0.46K","0.85%"
"27/03/2023","11.70","11.40","11.70","11.20","1.49K","5.88%"
"24/03/2023","11.05","11.20","11.30","11.05","1.71K","-3.07%"
"23/03/2023","11.40","11.80","11.80","11.40","0.00K","-1.72%"
"22/03/2023","11.60","11.50","11.80","11.50","0.11K","0.87%"
"21/03/2023","11.50","11.60","11.85","11.50","0.83K","1.32%"
"20/03/2023","11.35","11.50","11.70","11.35","1.67K","-3.40%"
"17/03/2023","11.75","11.75","11.75","11.30","1.18K","0.00%"
"16/03/2023","11.75","11.50","11.80","11.40","2.11K","0.86%"
"15/03/2023","11.65","11.95","11.95","11.65","1.27K","-2.92%"
"14/03/2023","12.00","11.65","12.20","11.30","6.27K","2.13%"
"13/03/2023","11.75","12.00","12.30","11.75","2.06K","-2.08%"
"10/03/2023","12.00","12.30","12.45","12.00","3.57K","-1.64%"
"09/03/2023","12.20","12.20","12.20","12.20","2.12K","1.24%"
"08/03/2023","12.05","12.40","12.40","12.00","0.54K","0.42%"
"07/03/2023","12.00","12.45","12.45","11.80","2.67K","-3.61%"
"06/03/2023","12.45","12.30","12.45","11.90","3.16K","0.81%"
"03/03/2023","12.35","12.35","12.35","12.35","0.00K","0.00%"
"02/03/2023","12.35","12.45","12.45","12.05","0.58K","-0.80%"
"01/03/2023","12.45","12.05","12.45","12.05","0.04K","0.40%"
"28/02/2023","12.40","12.05","12.40","11.90","3.84K","1.64%"
"27/02/2023","12.20","12.05","12.40","12.05","3.40K","0.41%"
"24/02/2023","12.15","12.35","12.35","12.00","0.54K","1.67%"
"23/02/2023","11.95","12.45","12.45","11.90","2.34K","-2.45%"
"22/02/2023","12.25","12.40","12.40","12.20","2.53K","-0.41%"
"21/02/2023","12.30","12.40","12.40","12.30","0.31K","0.00%"
"20/02/2023","12.30","12.40","12.40","12.25","1.09K","-0.81%"
"17/02/2023","12.40","12.40","12.40","12.35","0.69K","0.40%"
"16/02/2023","12.35","12.35","12.40","12.35","0.46K","0.82%"
"15/02/2023","12.25","12.20","12.40","12.20","2.30K","0.41%"
"14/02/2023","12.20","12.20","12.40","12.00","4.23K","0.00%"
"13/02/2023","12.20","12.20","12.20","12.20","0.34K","-3.17%"
"10/02/2023","12.60","12.80","12.80","12.00","4.80K","-1.18%"
"09/02/2023","12.75","12.70","12.75","12.45","1.19K","0.39%"
"08/02/2023","12.70","12.65","12.70","12.40","2.38K","1.60%"
"07/02/2023","12.50","12.65","12.65","12.50","0.46K","0.00%"
"06/02/2023","12.50","12.70","12.70","12.50","0.36K","-2.72%"
"03/02/2023","12.85","12.70","12.85","12.70","0.63K","0.78%"
"02/02/2023","12.75","12.55","12.80","12.50","0.77K","0.00%"
"01/02/2023","12.75","12.85","13.00","12.70","2.97K","0.39%"
"31/01/2023","12.70","12.50","12.80","12.50","2.87K","0.40%"
"30/01/2023","12.65","12.80","12.80","12.50","0.22K","0.40%"
"27/01/2023","12.60","12.40","12.75","12.40","4.96K","-1.56%"
"26/01/2023","12.80","12.70","12.80","12.65","1.43K","3.23%"
"25/01/2023","12.40","12.80","12.80","12.40","1.21K","-3.13%"
"24/01/2023","12.80","12.55","12.80","12.40","2.40K","1.99%"
"23/01/2023","12.55","12.30","12.80","12.30","4.08K","1.62%"
"20/01/2023","12.35","12.50","12.50","12.20","1.58K","0.82%"
"19/01/2023","12.25","12.20","12.50","12.20","0.82K","0.41%"
"18/01/2023","12.20","12.30","12.50","12.00","0.95K","-0.81%"
"17/01/2023","12.30","12.40","12.40","12.30","0.67K","0.00%"
"16/01/2023","12.30","12.35","12.45","12.30","3.61K","-0.81%"
"13/01/2023","12.40","12.25","12.50","12.25","0.56K","1.64%"
"12/01/2023","12.20","12.50","12.50","12.10","0.56K","-0.41%"
"11/01/2023","12.25","12.20","12.55","12.20","3.90K","-0.41%"
"10/01/2023","12.30","12.70","12.70","12.30","1.72K","-0.40%"
"09/01/2023","12.35","12.20","12.55","12.20","13.14K","1.23%"
"05/01/2023","12.20","12.15","12.30","12.10","4.10K","0.41%"
"04/01/2023","12.15","12.05","12.25","12.05","11.51K","1.25%"
"03/01/2023","12.00","12.00","12.40","12.00","6.54K","1.69%"
"02/01/2023","11.80","11.50","11.90","11.50","4.52K","4.89%"
"30/12/2022","11.25","11.25","11.35","10.80","23.28K","0.45%"
"29/12/2022","11.20","11.20","11.50","11.10","3.47K","0.00%"
"28/12/2022","11.20","11.20","11.40","11.10","5.94K","-2.61%"
"27/12/2022","11.50","11.15","12.00","11.10","16.83K","3.14%"
"23/12/2022","11.15","11.25","11.25","11.05","5.93K","0.00%"
"22/12/2022","11.15","11.05","11.15","11.00","2.40K","0.90%"
"21/12/2022","11.05","10.85","11.15","10.85","10.76K","1.84%"
"20/12/2022","10.85","10.35","10.85","10.35","8.33K","1.40%"
"19/12/2022","10.70","10.20","10.75","10.20","9.67K","4.90%"
"16/12/2022","10.20","10.70","10.70","10.20","13.97K","-3.77%"
"15/12/2022","10.60","10.50","10.60","10.40","5.57K","1.92%"
"14/12/2022","10.40","10.60","10.70","10.30","4.67K","0.00%"
"13/12/2022","10.40","10.70","10.70","10.30","5.76K","-2.80%"
"12/12/2022","10.70","10.60","10.70","10.50","0.91K","0.94%"
"09/12/2022","10.60","10.90","10.90","10.55","3.23K","0.47%"
"08/12/2022","10.55","10.90","11.00","10.55","0.52K","-3.21%"
"07/12/2022","10.90","10.75","10.90","10.65","0.31K","1.87%"
"06/12/2022","10.70","10.90","10.90","10.70","1.13K","0.94%"
"05/12/2022","10.60","10.80","10.80","10.55","2.83K","-1.85%"
"02/12/2022","10.80","11.00","11.00","10.80","0.09K","-1.82%"
"01/12/2022","11.00","11.00","11.00","11.00","0.32K","2.80%"
"30/11/2022","10.70","10.85","10.85","10.70","1.99K","0.94%"
"29/11/2022","10.60","10.70","10.70","10.60","0.01K","-0.93%"
"28/11/2022","10.70","10.50","10.75","10.50","1.62K","1.90%"
"25/11/2022","10.50","10.40","10.80","10.40","2.31K","-1.87%"
"24/11/2022","10.70","10.70","10.70","10.40","1.10K","0.00%"
"23/11/2022","10.70","10.60","10.70","10.60","0.92K","0.94%"
"22/11/2022","10.60","10.90","10.90","10.30","7.74K","1.44%"
"21/11/2022","10.45","10.90","10.90","10.40","0.72K","-4.13%"
"18/11/2022","10.90","10.40","10.90","10.40","0.47K","0.00%"
"17/11/2022","10.90","10.90","10.90","10.65","0.41K","0.00%"
"16/11/2022","10.90","10.50","11.00","10.45","0.69K","-1.80%"
"15/11/2022","11.10","11.00","11.10","10.85","0.15K","0.91%"
"14/11/2022","11.00","11.20","11.20","10.50","5.34K","0.46%"
"10/11/2022","10.95","10.30","11.00","10.30","11.89K","-2.23%"
"09/11/2022","11.20","10.70","11.20","10.70","1.15K","3.23%"
"08/11/2022","10.85","11.10","11.10","10.80","1.09K","-0.91%"
"07/11/2022","10.95","11.00","11.10","10.95","2.10K","2.82%"
"04/11/2022","10.65","10.60","11.00","10.60","2.30K","-1.39%"
"03/11/2022","10.80","10.60","11.00","10.60","0.51K","-0.46%"
"02/11/2022","10.85","10.80","10.90","10.50","0.74K","-0.46%"
"31/10/2022","10.90","10.70","10.90","10.30","2.17K","1.87%"
"28/10/2022","10.70","10.70","10.70","10.30","0.50K","0.47%"
"27/10/2022","10.65","10.25","10.65","10.25","0.65K","0.47%"
"26/10/2022","10.60","10.65","10.65","10.60","0.14K","0.95%"
"25/10/2022","10.50","10.50","10.50","10.05","0.58K","-1.41%"
"24/10/2022","10.65","10.80","10.80","10.05","1.66K","-1.39%"
"21/10/2022","10.80","10.70","10.80","10.70","0.03K","0.00%"
"20/10/2022","10.80","10.80","10.80","10.30","1.90K","0.00%"
"19/10/2022","10.80","10.85","10.90","10.30","1.71K","-0.92%"
"18/10/2022","10.90","10.80","10.90","10.65","0.93K","-0.91%"
"17/10/2022","11.00","10.90","11.00","10.90","0.01K","0.46%"
"14/10/2022","10.95","10.90","11.10","10.65","2.62K","4.29%"
"13/10/2022","10.50","11.25","11.25","10.50","4.76K","-3.23%"
"12/10/2022","10.85","10.25","10.85","10.25","3.00K","5.85%"
"11/10/2022","10.25","10.55","10.55","10.20","2.86K","0.00%"
"10/10/2022","10.25","10.70","10.70","10.25","0.76K","0.49%"
"07/10/2022","10.20","10.65","10.70","10.20","1.54K","-4.67%"
"06/10/2022","10.70","10.35","10.70","10.35","0.57K","3.38%"
"05/10/2022","10.35","10.35","10.35","10.35","0.00K","-4.17%"
"04/10/2022","10.80","10.60","10.80","10.50","0.90K","1.89%"
"03/10/2022","10.60","10.20","10.60","10.20","1.55K","3.92%"
"30/09/2022","10.20","10.10","10.20","10.10","0.83K","0.99%"
"29/09/2022","10.10","10.00","10.20","10.00","0.96K","-0.98%"
"28/09/2022","10.20","10.00","10.20","10.00","1.19K","0.00%"
"27/09/2022","10.20","10.15","10.20","10.15","0.74K","2.00%"
"26/09/2022","10.00","10.05","10.10","10.00","1.56K","-0.99%"
"23/09/2022","10.10","10.50","10.50","10.10","1.46K","-3.81%"
"22/09/2022","10.50","10.70","10.70","10.50","0.74K","-2.78%"
"21/09/2022","10.80","10.60","10.80","10.40","0.31K","4.85%"
"20/09/2022","10.30","10.40","10.80","10.30","2.99K","-0.48%"
"19/09/2022","10.35","10.40","10.40","10.35","1.23K","-0.48%"
"15/09/2022","10.40","10.80","10.80","10.40","0.08K","-3.26%"
"14/09/2022","10.75","10.75","10.75","10.60","0.76K","0.47%"
"13/09/2022","10.70","10.65","10.70","10.60","0.97K","0.94%"
"12/09/2022","10.60","11.05","11.05","10.60","0.65K","-4.07%"
"09/09/2022","11.05","10.50","11.05","10.45","2.88K","5.74%"
"08/09/2022","10.45","10.25","10.50","10.25","0.23K","-0.48%"
"07/09/2022","10.50","10.50","10.50","10.25","0.34K","0.48%"
"06/09/2022","10.45","10.30","10.50","10.30","1.38K","-0.48%"
"05/09/2022","10.50","10.30","10.50","10.20","1.61K","-2.78%"
"02/09/2022","10.80","10.80","10.80","10.20","2.36K","0.00%"
"01/09/2022","10.80","11.00","11.00","10.20","1.41K","-1.82%"
"31/08/2022","11.00","11.30","11.30","11.00","0.78K","-1.79%"
"30/08/2022","11.20","10.80","11.20","10.80","1.21K","3.70%"
"29/08/2022","10.80","10.65","11.00","10.20","0.53K","1.41%"
"26/08/2022","10.65","10.10","10.65","10.00","10.27K","0.95%"
"25/08/2022","10.55","10.85","11.05","10.55","2.13K","-2.76%"
"24/08/2022","10.85","11.25","11.25","10.55","2.51K","-3.56%"
"23/08/2022","11.25","11.15","11.25","11.10","0.63K","0.00%"
"22/08/2022","11.25","11.30","11.30","11.20","0.37K","0.45%"
"19/08/2022","11.20","11.20","11.20","11.20","0.10K","0.00%"
"18/08/2022","11.20","11.15","11.20","11.15","0.10K","-1.32%"
"17/08/2022","11.35","11.35","11.35","11.35","0.31K","1.34%"
"16/08/2022","11.20","11.40","11.40","11.20","0.32K","-2.18%"
"12/08/2022","11.45","11.30","11.45","11.30","0.21K","1.33%"
"11/08/2022","11.30","11.15","11.30","11.15","0.38K","0.89%"
"10/08/2022","11.20","11.20","11.20","11.20","0.12K","0.00%"
"09/08/2022","11.20","11.15","11.20","11.15","0.53K","-0.88%"
"08/08/2022","11.30","11.30","11.30","11.30","0.10K","-0.44%"
"05/08/2022","11.35","11.35","11.35","11.35","0.04K","0.00%"
"04/08/2022","11.35","11.20","11.40","11.20","2.82K","1.34%"
"03/08/2022","11.20","11.20","11.20","11.15","2.43K","-1.32%"
"02/08/2022","11.35","11.35","11.35","11.25","0.54K","0.00%"
"01/08/2022","11.35","11.35","11.35","11.35","1.80K","0.00%"
"29/07/2022","11.35","11.15","11.35","11.15","1.31K","-0.44%"
"28/07/2022","11.40","11.25","11.40","11.20","0.36K","1.33%"
"27/07/2022","11.25","11.30","11.30","11.25","0.37K","-1.75%"
"25/07/2022","11.45","11.45","11.50","11.25","1.22K","0.00%"
"22/07/2022","11.45","11.45","11.45","11.45","0.16K","-0.43%"
"21/07/2022","11.50","11.15","11.50","11.15","0.63K","1.32%"
"20/07/2022","11.35","11.30","11.35","11.20","0.74K","1.34%"
"19/07/2022","11.20","11.30","11.30","11.20","0.51K","-0.88%"
"18/07/2022","11.30","11.25","11.50","11.25","0.55K","0.89%"
"15/07/2022","11.20","11.20","11.20","11.20","0.05K","0.00%"
"14/07/2022","11.20","11.25","11.25","11.20","0.43K","-0.88%"
"13/07/2022","11.30","11.25","11.30","11.25","0.65K","-2.16%"
"11/07/2022","11.55","11.60","11.65","11.15","2.52K","3.59%"
"08/07/2022","11.15","11.80","11.80","11.15","0.60K","-4.29%"
"07/07/2022","11.65","11.50","11.65","11.50","1.44K","2.19%"
"06/07/2022","11.40","11.35","11.40","11.30","0.42K","0.88%"
"05/07/2022","11.30","11.75","11.75","11.30","0.40K","-3.83%"
"04/07/2022","11.75","11.55","11.80","11.30","0.51K","3.52%"
"01/07/2022","11.35","11.75","11.75","11.30","0.72K","-3.40%"
"30/06/2022","11.75","11.80","11.80","11.30","0.43K","-0.42%"
"29/06/2022","11.80","11.80","11.80","11.80","2.72K","4.89%"
"27/06/2022","11.25","11.00","11.25","11.00","0.43K","2.27%"
"24/06/2022","11.00","11.00","11.00","11.00","0.50K","0.00%"
"23/06/2022","11.00","11.10","11.20","11.00","1.80K","-1.79%"
"22/06/2022","11.20","11.20","11.20","11.20","0.01K","1.36%"
"21/06/2022","11.05","11.30","11.35","11.05","1.56K","0.00%"
"20/06/2022","11.05","11.05","11.05","11.05","0.00K","0.45%"
"17/06/2022","11.00","11.25","11.35","10.70","1.58K","-2.22%"
"15/06/2022","11.25","11.00","11.25","11.00","0.51K","3.21%"
"14/06/2022","10.90","11.05","11.05","10.90","0.86K","-1.80%"
"13/06/2022","11.10","11.50","11.50","11.05","6.95K","-3.06%"
"10/06/2022","11.45","11.45","11.75","11.40","0.18K","-0.43%"
"09/06/2022","11.50","11.50","11.50","11.50","0.39K","0.00%"
"08/06/2022","11.50","11.55","11.80","11.40","0.97K","-0.43%"
"07/06/2022","11.55","11.85","11.90","11.50","1.31K","-2.94%"
"06/06/2022","11.90","11.90","11.90","11.90","0.63K","4.39%"
"03/06/2022","11.40","11.80","11.80","11.40","1.37K","-1.30%"
"02/06/2022","11.55","11.60","11.60","11.50","1.08K","-0.43%"
"01/06/2022","11.60","11.65","11.90","11.60","1.70K","-1.69%"
"31/05/2022","11.80","11.90","12.20","11.50","2.52K","-2.48%"
"30/05/2022","12.10","12.00","12.10","11.80","1.08K","2.54%"
"27/05/2022","11.80","11.80","11.85","11.80","0.87K","-1.67%"
"26/05/2022","12.00","11.95","12.20","11.80","0.93K","0.84%"
"25/05/2022","11.90","12.30","12.30","11.90","3.49K","-2.46%"
"24/05/2022","12.20","12.25","12.30","12.10","4.14K","-0.41%"
"23/05/2022","12.25","11.80","12.30","11.70","1.59K","2.08%"
"20/05/2022","12.00","12.20","12.25","11.90","0.96K","-0.83%"
"19/05/2022","12.10","12.10","12.30","11.90","3.38K","-1.63%"
"18/05/2022","12.30","11.75","12.60","11.45","20.15K","4.24%"
"17/05/2022","11.80","11.45","11.80","11.05","2.51K","0.00%"
"16/05/2022","11.80","11.30","11.85","11.30","3.79K","4.42%"
"13/05/2022","11.30","11.20","11.30","11.10","1.18K","0.00%"
"12/05/2022","11.30","11.10","11.35","11.10","0.38K","2.26%"
"11/05/2022","11.05","11.30","11.40","11.05","1.76K","-1.34%"
"10/05/2022","11.20","11.00","11.20","11.00","0.83K","1.36%"
"09/05/2022","11.05","11.05","11.05","11.00","1.97K","-3.07%"
"06/05/2022","11.40","11.50","11.50","11.05","3.11K","-0.87%"
"05/05/2022","11.50","11.25","11.50","11.25","2.54K","0.44%"
"04/05/2022","11.45","11.30","11.45","11.15","0.99K","1.78%"
"02/05/2022","11.25","11.45","11.45","11.15","0.60K","-1.32%"
"29/04/2022","11.40","11.10","11.40","11.10","0.09K","1.79%"
"28/04/2022","11.20","11.20","11.50","11.10","2.11K","0.00%"
"27/04/2022","11.20","11.75","11.75","11.15","4.78K","-4.68%"
"26/04/2022","11.75","12.15","12.35","11.70","6.48K","-2.49%"
"25/04/2022","12.05","12.40","12.50","12.00","9.00K","-2.82%"
"22/04/2022","12.40","12.20","12.40","12.10","3.67K","1.22%"
"21/04/2022","12.25","12.25","12.30","12.25","1.12K","0.82%"
"20/04/2022","12.15","12.15","12.45","12.15","0.58K","-1.62%"
"19/04/2022","12.35","12.35","12.40","12.20","3.42K","0.00%"
"14/04/2022","12.35","12.20","12.35","12.00","6.57K","1.23%"
"13/04/2022","12.20","12.55","12.55","12.20","3.56K","-0.81%"
"12/04/2022","12.30","12.30","12.55","12.20","3.80K","-1.99%"
"11/04/2022","12.55","12.70","12.70","12.30","1.88K","1.21%"
"08/04/2022","12.40","12.50","12.50","12.20","2.59K","0.81%"
"07/04/2022","12.30","12.35","13.00","12.30","20.57K","2.50%"
"06/04/2022","12.00","12.10","12.10","12.00","5.31K","-1.64%"
"05/04/2022","12.20","12.40","12.45","12.00","4.31K","-1.61%"
"04/04/2022","12.40","12.20","12.40","12.05","7.20K","1.64%"
"01/04/2022","12.20","12.20","12.40","12.15","6.73K","0.00%"
"31/03/2022","12.20","12.70","12.70","12.05","9.47K","-1.21%"
"30/03/2022","12.35","12.65","12.70","12.20","9.33K","-3.14%"
"29/03/2022","12.75","12.95","12.95","12.65","4.45K","-1.54%"
"28/03/2022","12.95","12.60","13.10","12.60","7.77K","-0.38%"
"25/03/2022","13.00","13.00","13.00","12.70","8.20K","0.39%"
"24/03/2022","12.95","12.80","12.95","12.55","10.15K","1.17%"
"23/03/2022","12.80","13.20","13.20","12.60","16.25K","-2.66%"
"22/03/2022","13.15","13.40","13.45","12.70","48.60K","-1.50%"
"21/03/2022","13.35","11.80","13.70","11.80","145.54K","16.09%"
"18/03/2022","11.50","11.40","11.50","11.35","12.66K","0.88%"
"17/03/2022","11.40","11.40","11.40","11.35","0.70K","0.00%"
"16/03/2022","11.40","11.55","11.55","11.20","1.32K","-1.30%"
"15/03/2022","11.55","11.60","11.60","11.15","2.77K","-0.43%"
"14/03/2022","11.60","11.30","11.60","10.55","13.24K","1.31%"
"11/03/2022","11.45","11.00","11.50","11.00","2.35K","0.88%"
"10/03/2022","11.35","11.00","11.50","10.75","6.82K","2.25%"
"09/03/2022","11.10","11.10","11.50","11.05","4.88K","-3.48%"
"08/03/2022","11.50","11.65","11.70","11.00","7.90K","0.44%"
"07/03/2022","11.45","11.00","11.65","10.90","9.64K","3.62%"
"04/03/2022","11.05","11.90","11.90","10.60","7.32K","-5.56%"
"03/03/2022","11.70","11.60","12.00","10.50","39.56K","12.50%"
"02/03/2022","10.40","10.00","10.60","9.80","8.42K","4.00%"
"01/03/2022","10.00","10.45","10.45","10.00","4.52K","-1.96%"
"28/02/2022","10.20","10.50","10.50","10.00","5.44K","0.00%"
"25/02/2022","10.20","10.20","10.20","9.72","5.54K","3.03%"
"24/02/2022","9.90","10.00","10.00","9.30","6.72K","-4.35%"
"23/02/2022","10.35","10.35","10.35","9.98","4.56K","0.00%"
"22/02/2022","10.35","10.05","10.40","10.05","0.99K","-0.48%"
"21/02/2022","10.40","10.70","10.70","10.25","6.34K","-0.95%"
"18/02/2022","10.50","10.65","11.00","10.50","6.11K","-3.67%"
"17/02/2022","10.90","11.00","11.00","10.90","0.10K","-0.91%"
"16/02/2022","11.00","10.70","11.00","10.70","0.18K","0.00%"
"15/02/2022","11.00","11.00","11.00","10.65","1.86K","-1.35%"
"14/02/2022","11.15","11.15","11.15","10.75","1.55K","0.00%"
"11/02/2022","11.15","10.95","11.15","10.95","0.34K","1.83%"
"10/02/2022","10.95","10.95","10.95","10.95","0.02K","0.00%"
"09/02/2022","10.95","10.75","10.95","10.75","1.89K","0.46%"
"08/02/2022","10.90","10.90","10.90","10.90","0.01K","0.46%"
"07/02/2022","10.85","10.85","10.85","10.70","1.61K","-0.91%"
"04/02/2022","10.95","10.85","10.95","10.70","0.43K","0.92%"
"03/02/2022","10.85","11.00","11.00","10.70","3.63K","1.40%"
"02/02/2022","10.70","11.00","11.00","10.70","7.88K","-2.73%"
"01/02/2022","11.00","10.90","11.00","10.80","0.91K","1.85%"
"31/01/2022","10.80","10.80","11.15","10.80","0.92K","0.47%"
"28/01/2022","10.75","10.75","10.75","10.65","0.46K","-2.27%"
"27/01/2022","11.00","10.65","11.00","10.65","1.56K","0.00%"
"26/01/2022","11.00","11.00","11.15","10.55","2.05K","1.85%"
"25/01/2022","10.80","10.80","10.90","10.80","0.35K","1.89%"
"24/01/2022","10.60","11.15","11.60","10.50","8.20K","-4.93%"
"21/01/2022","11.15","11.15","11.15","11.15","1.29K","-0.45%"
"20/01/2022","11.20","11.20","11.25","11.20","0.69K","-0.88%"
"19/01/2022","11.30","11.30","11.35","11.15","2.27K","-0.44%"
"18/01/2022","11.35","11.35","11.35","11.35","0.11K","-0.44%"
"17/01/2022","11.40","11.60","11.60","11.25","1.07K","-0.87%"
"14/01/2022","11.50","11.50","11.55","11.30","1.37K","-0.86%"
"13/01/2022","11.60","11.45","11.65","11.45","2.21K","1.75%"
"12/01/2022","11.40","11.50","11.55","11.40","4.04K","-0.87%"
"11/01/2022","11.50","11.50","11.50","11.20","3.18K","0.88%"
"10/01/2022","11.40","11.40","11.50","11.40","1.31K","-0.44%"
"07/01/2022","11.45","11.35","11.45","11.30","0.67K","0.00%"
"05/01/2022","11.45","11.65","11.65","11.20","3.24K","-1.72%"
"04/01/2022","11.65","11.65","11.65","11.55","2.17K","1.30%"
"03/01/2022","11.50","11.80","11.80","11.50","0.05K","2.22%"
"30/12/2021","11.25","11.15","11.70","11.15","0.44K","-3.02%"
"29/12/2021","11.60","11.30","11.60","11.30","1.91K","4.04%"
"28/12/2021","11.15","11.25","11.45","11.15","4.92K","-1.33%"
"27/12/2021","11.30","11.50","11.75","11.25","2.22K","-3.00%"
"23/12/2021","11.65","11.50","11.85","11.50","1.73K","-0.43%"
"22/12/2021","11.70","11.85","11.90","11.50","10.40K","-2.09%"
"21/12/2021","11.95","11.85","12.10","11.80","0.30K","-1.24%"
"20/12/2021","12.10","11.80","12.10","11.80","0.41K","0.00%"
"17/12/2021","12.10","12.10","12.10","11.95","0.66K","-0.41%"
"16/12/2021","12.15","12.15","12.15","12.00","0.42K","1.25%"
"15/12/2021","12.00","12.15","12.20","11.95","0.83K","0.00%"
"14/12/2021","12.00","12.10","12.10","12.00","0.40K","-1.64%"
"13/12/2021","12.20","12.20","12.20","12.10","2.35K","0.00%"
"10/12/2021","12.20","12.00","12.20","12.00","2.29K","0.83%"
"09/12/2021","12.10","11.80","12.10","11.80","0.72K","1.26%"
"08/12/2021","11.95","11.95","12.00","11.95","1.17K","0.00%"
"07/12/2021","11.95","11.85","11.95","11.85","1.47K","0.42%"
"06/12/2021","11.90","11.65","11.90","11.65","0.41K","1.71%"
"03/12/2021","11.70","11.80","11.90","11.70","1.11K","-1.68%"
"02/12/2021","11.90","11.85","11.90","11.75","1.18K","0.42%"
"01/12/2021","11.85","11.85","11.90","11.75","0.63K","0.42%"
"30/11/2021","11.80","11.80","11.80","11.80","0.96K","-0.42%"
"29/11/2021","11.85","11.80","11.90","11.60","0.81K","0.42%"
"26/11/2021","11.80","11.80","11.80","11.80","0.54K","-0.42%"
"25/11/2021","11.85","11.80","11.85","11.80","0.35K","0.85%"
"24/11/2021","11.75","11.95","11.95","11.75","0.49K","-1.67%"
"23/11/2021","11.95","11.80","12.00","11.60","1.32K","-0.42%"
"22/11/2021","12.00","11.80","12.00","11.80","0.30K","0.00%"
"19/11/2021","12.00","11.90","12.05","11.90","2.02K","2.13%"
"18/11/2021","11.75","12.05","12.20","11.75","7.51K","-2.89%"
"17/11/2021","12.10","12.15","12.20","12.05","1.51K","0.41%"
"16/11/2021","12.05","12.10","12.20","12.05","1.07K","-0.41%"
"15/11/2021","12.10","12.35","12.35","12.10","5.41K","-0.82%"
"12/11/2021","12.20","12.35","12.40","12.15","2.77K","0.00%"
"10/11/2021","12.20","12.25","12.35","12.15","3.79K","-0.41%"
"09/11/2021","12.25","12.35","12.35","12.20","0.95K","-0.81%"
"08/11/2021","12.35","12.40","12.45","12.35","0.89K","0.82%"
"05/11/2021","12.25","12.35","12.40","12.25","1.18K","-0.41%"
"04/11/2021","12.30","12.25","12.30","12.25","1.05K","0.82%"
"03/11/2021","12.20","12.25","12.30","12.15","1.89K","0.00%"
"02/11/2021","12.20","12.25","12.30","12.20","0.95K","-0.41%"
"29/10/2021","12.25","12.30","12.40","12.20","1.55K","-1.61%"
"28/10/2021","12.45","12.20","12.45","12.20","0.45K","2.05%"
"27/10/2021","12.20","12.40","12.40","12.20","1.16K","-1.61%"
"26/10/2021","12.40","12.40","12.40","12.40","0.79K","0.00%"
"25/10/2021","12.40","12.25","12.40","12.25","1.41K","1.22%"
"22/10/2021","12.25","12.35","12.35","12.20","1.05K","0.00%"
"21/10/2021","12.25","12.25","12.25","12.25","0.27K","0.00%"
"20/10/2021","12.25","12.30","12.45","12.25","0.95K","-1.21%"
"19/10/2021","12.40","12.20","12.40","12.20","0.52K","1.22%"
"18/10/2021","12.25","12.40","12.50","12.25","6.35K","-0.81%"
"15/10/2021","12.35","12.30","12.40","12.20","0.75K","0.00%"
"14/10/2021","12.35","12.20","12.35","12.15","4.82K","1.23%"
"13/10/2021","12.20","12.25","12.30","12.15","3.04K","-0.41%"
"12/10/2021","12.25","12.45","12.50","12.25","5.30K","-1.61%"
"11/10/2021","12.45","12.60","12.60","12.30","11.86K","0.00%"
"08/10/2021","12.45","12.45","12.60","12.30","15.85K","-0.40%"
"07/10/2021","12.50","12.40","12.50","12.25","6.54K","2.04%"
"06/10/2021","12.25","12.40","12.50","12.25","4.49K","-1.21%"
"05/10/2021","12.40","12.30","12.40","12.15","1.93K","1.22%"
"04/10/2021","12.25","12.30","12.30","12.20","1.78K","0.00%"
"01/10/2021","12.25","12.25","12.30","12.25","0.91K","-0.41%"
"30/09/2021","12.30","12.25","12.30","12.20","0.62K","0.41%"
"29/09/2021","12.25","12.15","12.30","12.15","0.14K","0.41%"
"28/09/2021","12.20","12.20","12.30","12.20","0.71K","0.00%"
"27/09/2021","12.20","12.30","12.30","12.20","0.55K","0.00%"
"24/09/2021","12.20","12.40","12.40","12.20","0.66K","0.00%"
"23/09/2021","12.20","12.30","12.40","12.20","2.07K","0.00%"
"22/09/2021","12.20","12.40","12.40","12.20","0.52K","0.00%"
"21/09/2021","12.20","12.15","12.45","12.15","0.50K","0.00%"
"20/09/2021","12.20","12.20","12.20","12.20","0.92K","-2.01%"
"17/09/2021","12.45","12.45","12.45","12.45","0.10K","1.22%"
"16/09/2021","12.30","12.35","12.35","12.30","1.97K","-0.81%"
"15/09/2021","12.40","12.35","12.45","12.35","0.33K","0.40%"
"14/09/2021","12.35","12.30","12.50","12.30","5.33K","-0.40%"
"13/09/2021","12.40","12.45","12.45","12.30","1.84K","0.00%"
"10/09/2021","12.40","12.45","12.50","12.40","1.97K","1.64%"
"09/09/2021","12.20","12.50","12.50","12.15","4.01K","-2.40%"
"08/09/2021","12.50","12.25","12.50","12.25","1.13K","0.81%"
"07/09/2021","12.40","12.50","12.50","12.40","2.67K","-0.80%"
"06/09/2021","12.50","12.45","12.50","12.45","2.14K","0.40%"
"03/09/2021","12.45","12.25","12.45","12.25","3.05K","0.00%"
"02/09/2021","12.45","12.40","12.50","12.20","0.81K","1.63%"
"01/09/2021","12.25","12.25","12.25","12.25","0.95K","0.82%"
"31/08/2021","12.15","12.40","12.40","12.15","2.25K","-0.82%"
"30/08/2021","12.25","12.30","12.40","12.20","1.19K","-0.41%"
"27/08/2021","12.30","12.20","12.30","12.20","0.93K","0.00%"
"26/08/2021","12.30","12.30","12.50","12.20","4.07K","-0.40%"
"25/08/2021","12.35","12.30","12.35","12.30","0.75K","0.41%"
"24/08/2021","12.30","12.20","12.30","12.20","0.75K","0.41%"
"23/08/2021","12.25","12.40","12.40","12.20","3.08K","-1.21%"
"20/08/2021","12.40","12.40","12.40","12.40","0.02K","1.22%"
"19/08/2021","12.25","12.30","12.30","12.25","0.13K","-0.41%"
"18/08/2021","12.30","12.30","12.30","12.20","0.83K","0.00%"
"17/08/2021","12.30","12.30","12.30","12.30","0.27K","0.41%"
"16/08/2021","12.25","12.25","12.25","12.25","0.48K","-1.21%"
"13/08/2021","12.40","12.40","12.40","12.40","2.00K","1.64%"
"12/08/2021","12.20","12.35","12.35","12.20","1.26K","-1.21%"
"11/08/2021","12.35","12.20","12.35","12.20","0.07K","0.41%"
"10/08/2021","12.30","12.35","12.35","12.15","0.69K","-0.40%"
"09/08/2021","12.35","12.35","12.35","12.20","1.43K","0.82%"
"06/08/2021","12.25","12.30","12.35","12.25","3.38K","-0.41%"
"05/08/2021","12.30","12.35","12.35","12.30","0.29K","-1.20%"
"04/08/2021","12.45","12.50","12.50","12.20","0.52K","1.22%"
"03/08/2021","12.30","12.40","12.40","12.30","3.01K","0.00%"
"02/08/2021","12.30","12.35","12.40","12.30","5.73K","-0.40%"
"30/07/2021","12.35","12.40","12.45","12.30","0.84K","-1.59%"
"29/07/2021","12.55","12.15","12.55","12.15","4.50K","2.03%"
"28/07/2021","12.30","12.30","12.30","12.25","2.22K","0.00%"
"27/07/2021","12.30","12.40","12.40","12.30","2.56K","-2.38%"
"26/07/2021","12.60","12.60","12.60","12.60","0.01K","2.44%"
"23/07/2021","12.30","12.60","12.65","12.30","0.51K","-1.60%"
"22/07/2021","12.50","12.60","12.60","12.50","1.85K","-0.40%"
"21/07/2021","12.55","12.30","12.55","12.30","0.71K","2.03%"
"20/07/2021","12.30","12.30","12.30","12.30","0.90K","-1.20%"
"19/07/2021","12.45","12.50","12.50","12.45","4.87K","-0.40%"
"16/07/2021","12.50","12.50","12.55","12.50","6.30K","-0.40%"
"15/07/2021","12.55","12.50","12.55","12.50","6.45K","0.40%"
"14/07/2021","12.50","12.50","12.60","12.50","3.42K","-0.40%"
"13/07/2021","12.55","12.50","12.55","12.50","5.78K","0.40%"
"12/07/2021","12.50","12.30","12.55","12.30","1.69K","-0.40%"
"09/07/2021","12.55","12.40","12.65","12.40","1.38K","0.40%"
"08/07/2021","12.50","12.55","12.55","12.50","3.51K","0.00%"
"07/07/2021","12.50","12.70","12.70","12.50","0.17K","0.00%"
"06/07/2021","12.50","12.75","12.75","12.50","2.00K","-0.79%"
"05/07/2021","12.60","12.50","12.60","12.50","0.19K","0.80%"
"02/07/2021","12.50","12.60","12.65","12.50","1.92K","0.00%"
"01/07/2021","12.50","12.75","12.75","12.50","3.33K","-0.40%"
"30/06/2021","12.55","12.70","12.75","12.55","2.14K","-1.95%"
"29/06/2021","12.80","12.80","12.80","12.80","1.12K","1.59%"
"28/06/2021","12.60","12.60","12.90","12.55","3.08K","0.00%"
"25/06/2021","12.60","12.70","12.75","12.60","0.82K","-0.40%"
"24/06/2021","12.65","12.55","12.65","12.55","2.96K","0.80%"
"23/06/2021","12.55","12.55","12.55","12.55","0.00K","0.00%"
"22/06/2021","12.55","12.70","12.70","12.55","0.93K","-1.18%"
"21/06/2021","12.70","12.70","12.70","12.70","0.60K","1.20%"
"18/06/2021","12.55","12.80","12.80","12.55","3.54K","-1.18%"
"17/06/2021","12.70","12.70","12.75","12.65","0.95K","0.40%"
"16/06/2021","12.65","12.70","12.80","12.65","1.68K","-0.39%"
"15/06/2021","12.70","12.70","12.70","12.70","0.34K","-0.78%"
"14/06/2021","12.80","12.80","12.80","12.75","7.56K","0.79%"
"11/06/2021","12.70","12.70","12.80","12.65","1.65K","-0.39%"
"10/06/2021","12.75","12.75","12.75","12.70","2.39K","0.00%"
"09/06/2021","12.75","12.70","12.90","12.65","2.26K","0.39%"
"08/06/2021","12.70","12.70","12.70","12.70","0.32K","0.00%"
"07/06/2021","12.70","12.75","12.80","12.70","5.30K","-0.39%"
"04/06/2021","12.75","12.75","12.75","12.65","0.86K","0.00%"
"02/06/2021","12.75","12.80","12.80","12.60","1.43K","0.39%"
"01/06/2021","12.70","12.80","12.80","12.65","1.49K","-0.39%"
"31/05/2021","12.75","12.80","12.90","12.55","8.63K","0.79%"
"28/05/2021","12.65","12.65","12.65","12.55","8.29K","0.40%"
"27/05/2021","12.60","12.60","12.80","12.50","1.38K","0.40%"
"26/05/2021","12.55","12.60","12.65","12.55","1.30K","0.00%"
"25/05/2021","12.55","12.80","12.80","12.50","2.31K","-0.79%"
"24/05/2021","12.65","12.60","12.85","12.60","4.87K","-1.17%"
"21/05/2021","12.80","12.80","12.90","12.80","1.21K","1.59%"
"20/05/2021","12.60","12.90","12.90","12.60","2.47K","-0.40%"
"19/05/2021","12.65","12.80","12.80","12.65","3.45K","-1.17%"
"18/05/2021","12.80","12.65","12.95","12.65","7.08K","0.79%"
"17/05/2021","12.70","12.90","12.90","12.60","1.67K","-1.55%"
"14/05/2021","12.90","12.65","12.90","12.60","3.34K","0.78%"
"13/05/2021","12.80","12.65","12.90","12.65","0.85K","0.39%"
"12/05/2021","12.75","12.75","12.90","12.65","6.61K","0.39%"
"11/05/2021","12.70","12.60","12.75","12.50","5.20K","0.79%"
"10/05/2021","12.60","12.50","12.75","12.40","5.78K","0.80%"
"07/05/2021","12.50","12.50","12.55","12.40","7.44K","-0.40%"
"06/05/2021","12.55","12.40","12.65","12.40","8.80K","1.21%"
"05/05/2021","12.40","12.35","12.75","12.35","2.86K","0.40%"
"04/05/2021","12.35","12.70","12.75","12.35","9.09K","-1.98%"
"30/04/2021","12.60","12.60","12.60","12.40","5.26K","1.20%"
"29/04/2021","12.45","12.60","12.60","12.40","16.31K","0.40%"
"28/04/2021","12.40","12.30","12.60","12.30","8.75K","0.81%"
"27/04/2021","12.30","12.70","12.80","11.95","43.08K","-5.02%"
"26/04/2021","12.95","13.10","13.10","12.70","3.02K","-0.38%"
"23/04/2021","13.00","13.00","13.05","12.95","3.30K","0.39%"
"22/04/2021","12.95","12.60","13.05","12.60","3.94K","1.17%"
"21/04/2021","12.80","13.00","13.00","12.45","6.56K","-1.54%"
"20/04/2021","13.00","13.10","13.10","12.90","2.12K","0.00%"
"19/04/2021","13.00","13.10","13.10","13.00","5.79K","-0.38%"
"16/04/2021","13.05","13.10","13.15","13.05","4.37K","0.00%"
"15/04/2021","13.05","13.20","13.25","13.05","7.11K","-0.38%"
"14/04/2021","13.10","13.30","13.30","13.10","5.79K","0.00%"
"13/04/2021","13.10","13.05","13.20","13.05","13.46K","0.00%"
"12/04/2021","13.10","13.20","13.20","13.00","7.52K","0.00%"
"09/04/2021","13.10","13.10","13.15","13.00","7.21K","0.00%"
"08/04/2021","13.10","13.40","13.40","13.00","3.92K","0.00%"
"07/04/2021","13.10","13.50","13.50","13.00","6.23K","-2.60%"
"06/04/2021","13.45","12.60","13.50","12.60","28.23K","9.35%"
"01/04/2021","12.30","12.60","12.60","12.30","3.23K","-2.38%"
"31/03/2021","12.60","12.70","12.70","12.30","1.13K","0.80%"
"30/03/2021","12.50","12.60","12.60","12.30","3.47K","0.00%"
"29/03/2021","12.50","12.60","12.60","12.40","3.76K","0.00%"
"26/03/2021","12.50","12.50","12.50","12.20","2.06K","0.00%"
"25/03/2021","12.50","12.30","12.50","12.30","0.96K","1.63%"
"24/03/2021","12.30","12.50","12.50","12.30","1.98K","-1.60%"
"23/03/2021","12.50","12.50","12.50","12.50","0.05K","0.81%"
"22/03/2021","12.40","12.30","12.50","12.30","2.10K","-0.80%"
"19/03/2021","12.50","12.30","12.50","12.30","0.02K","0.00%"
"18/03/2021","12.50","12.30","12.50","12.30","1.77K","1.63%"
"17/03/2021","12.30","12.40","12.50","12.20","1.22K","-0.81%"
"16/03/2021","12.40","12.30","12.50","12.30","5.27K","-0.80%"
"15/03/2021","12.50","12.60","12.60","12.40","7.12K","0.81%"
"12/03/2021","12.40","12.50","12.50","12.30","2.61K","-1.59%"
"11/03/2021","12.60","12.50","12.60","12.30","3.33K","1.61%"
"10/03/2021","12.40","12.70","12.70","12.40","2.58K","0.00%"
"09/03/2021","12.40","12.60","12.80","12.40","4.21K","-0.80%"
"08/03/2021","12.50","12.60","12.80","12.20","11.81K","0.00%"
"05/03/2021","12.50","12.50","12.50","12.50","0.61K","0.81%"
"04/03/2021","12.40","12.50","12.50","12.00","3.84K","-0.80%"
"03/03/2021","12.50","12.40","12.50","12.30","5.33K","0.00%"
"02/03/2021","12.50","12.50","12.60","12.40","2.31K","-0.79%"
"01/03/2021","12.60","12.50","12.60","12.30","3.05K","0.80%"
"26/02/2021","12.50","12.60","12.60","12.40","2.98K","-1.57%"
"25/02/2021","12.70","12.70","12.90","12.50","6.03K","0.00%"
"24/02/2021","12.70","12.70","12.80","12.70","4.75K","1.60%"
"23/02/2021","12.50","12.50","12.80","12.50","1.95K","-2.34%"
"22/02/2021","12.80","12.60","12.80","12.50","6.43K","0.00%"
"19/02/2021","12.80","12.70","12.90","12.70","1.60K","0.00%"
"18/02/2021","12.80","12.80","12.90","12.70","3.04K","0.00%"
"17/02/2021","12.80","12.90","12.90","12.70","1.75K","0.00%"
"16/02/2021","12.80","12.90","12.90","12.80","4.08K","0.00%"
"15/02/2021","12.80","12.80","13.00","12.50","6.54K","0.00%"
"12/02/2021","12.80","12.80","12.90","12.50","2.24K","0.00%"
"11/02/2021","12.80","12.80","12.80","12.80","1.26K","0.00%"
"10/02/2021","12.80","12.90","12.90","12.40","2.63K","1.59%"
"09/02/2021","12.60","12.90","12.90","12.60","1.87K","-1.56%"
"08/02/2021","12.80","12.80","12.90","12.70","1.47K","0.00%"
"05/02/2021","12.80","12.80","12.80","12.30","1.86K","0.00%"
"04/02/2021","12.80","12.80","12.80","12.40","0.46K","0.00%"
"03/02/2021","12.80","12.50","12.80","12.50","0.83K","0.79%"
"02/02/2021","12.70","12.30","12.80","12.30","4.11K","3.25%"
"01/02/2021","12.30","12.30","12.30","12.20","0.74K","0.82%"
"29/01/2021","12.20","12.40","12.50","11.90","3.46K","-1.61%"
"28/01/2021","12.40","12.30","12.50","12.00","3.60K","0.00%"
"27/01/2021","12.40","12.60","12.80","11.90","2.08K","-1.59%"
"26/01/2021","12.60","12.70","12.70","12.30","1.61K","0.00%"
"25/01/2021","12.60","12.90","12.90","12.30","1.87K","-2.33%"
"22/01/2021","12.90","12.50","12.90","12.50","0.84K","2.38%"
"21/01/2021","12.60","13.00","13.00","12.50","1.50K","-3.08%"
"20/01/2021","13.00","12.80","13.00","12.50","10.22K","0.00%"
"19/01/2021","13.00","13.10","13.10","12.90","6.59K","0.00%"
"18/01/2021","13.00","12.80","13.00","12.70","8.65K","1.56%"
"15/01/2021","12.80","12.80","12.80","12.80","0.20K","2.40%"
"14/01/2021","12.50","12.70","13.00","12.50","2.10K","-0.79%"
"13/01/2021","12.60","12.80","12.80","12.50","1.29K","-0.79%"
"12/01/2021","12.70","13.00","13.10","12.70","3.14K","-1.55%"
"11/01/2021","12.90","12.90","13.30","12.50","7.16K","0.00%"
"08/01/2021","12.90","13.00","13.20","12.50","13.68K","0.78%"
"07/01/2021","12.80","12.70","13.80","12.60","39.12K","1.59%"
"05/01/2021","12.60","12.30","12.70","12.20","4.35K","2.44%"
"04/01/2021","12.30","12.20","12.40","12.00","2.28K","0.82%"
"30/12/2020","12.20","12.20","12.20","12.10","2.42K","0.00%"
"29/12/2020","12.20","12.20","12.20","12.10","2.41K","2.52%"
"28/12/2020","11.90","12.30","12.30","11.80","4.18K","-0.83%"
"23/12/2020","12.00","12.20","12.20","12.00","2.30K","-1.64%"
"22/12/2020","12.20","12.20","12.30","12.00","1.29K","2.52%"
"21/12/2020","11.90","12.00","12.00","11.80","1.37K","-0.83%"
"18/12/2020","12.00","12.20","12.20","12.00","1.47K","-2.44%"
"17/12/2020","12.30","12.10","12.30","12.10","0.27K","2.50%"
"16/12/2020","12.00","12.10","12.20","12.00","4.45K","-1.64%"
"15/12/2020","12.20","12.10","12.30","12.10","3.32K","3.39%"
"14/12/2020","11.80","12.10","12.10","11.40","8.63K","-3.28%"
"11/12/2020","12.20","12.20","12.30","12.20","2.18K","0.83%"
"10/12/2020","12.10","12.10","12.20","12.10","6.39K","-1.63%"
"09/12/2020","12.30","12.20","12.40","11.80","6.25K","0.82%"
"08/12/2020","12.20","12.10","12.20","12.00","2.73K","1.67%"
"07/12/2020","12.00","12.00","12.30","12.00","0.53K","0.84%"
"04/12/2020","11.90","11.90","12.30","11.90","0.14K","0.00%"
"03/12/2020","11.90","12.00","12.20","11.90","7.27K","-0.83%"
"02/12/2020","12.00","12.20","12.40","12.00","1.09K","-3.23%"
"01/12/2020","12.40","12.50","12.50","12.20","0.60K","1.64%"
"30/11/2020","12.20","12.30","12.30","12.10","1.33K","-2.40%"
"26/11/2020","12.50","12.50","12.50","12.50","0.00K","1.63%"
"25/11/2020","12.30","12.40","12.40","12.00","4.65K","-0.81%"
"24/11/2020","12.40","12.20","12.50","12.20","2.59K","0.81%"
"23/11/2020","12.30","12.00","12.30","12.00","2.79K","4.24%"
"20/11/2020","11.80","12.00","12.20","11.80","1.13K","-1.67%"
"19/11/2020","12.00","12.40","12.40","11.80","1.96K","-1.64%"
"18/11/2020","12.20","11.80","12.20","11.80","7.67K","5.17%"
"17/11/2020","11.60","11.50","11.80","11.50","1.82K","0.00%"
"16/11/2020","11.60","11.50","11.60","11.30","2.94K","0.87%"
"13/11/2020","11.50","11.30","11.50","11.30","0.53K","0.00%"
"12/11/2020","11.50","11.70","11.70","11.30","2.74K","0.00%"
"10/11/2020","11.50","11.50","11.60","11.40","4.73K","1.77%"
"09/11/2020","11.30","11.20","11.40","11.00","2.96K","1.80%"
"06/11/2020","11.10","11.00","11.20","11.00","1.29K","-0.89%"
"05/11/2020","11.20","11.20","11.20","11.20","0.13K","0.00%"
"04/11/2020","11.20","11.40","11.40","11.20","1.41K","-2.61%"
"03/11/2020","11.50","11.50","11.50","11.00","0.98K","3.60%"
"02/11/2020","11.10","10.90","11.10","10.90","0.37K","1.83%"
"30/10/2020","10.90","10.50","10.90","10.40","0.65K","1.87%"
"29/10/2020","10.70","10.60","11.20","10.50","1.81K","0.00%"
"28/10/2020","10.70","11.70","11.70","10.60","4.05K","-6.14%"
"27/10/2020","11.40","11.40","11.40","11.40","0.28K","-4.20%"
"26/10/2020","11.90","11.50","11.90","11.50","0.37K","2.59%"
"23/10/2020","11.60","11.60","11.70","11.60","1.21K","-0.85%"
"22/10/2020","11.70","11.70","11.70","11.60","0.95K","-0.85%"
"21/10/2020","11.80","11.80","11.80","11.80","0.49K","-0.84%"
"20/10/2020","11.90","11.90","11.90","11.90","0.01K","0.85%"
"19/10/2020","11.80","11.90","11.90","11.70","1.23K","-0.84%"
"16/10/2020","11.90","11.60","12.00","11.50","0.89K","1.71%"
"15/10/2020","11.70","11.80","11.80","11.70","0.36K","-0.85%"
"13/10/2020","11.80","11.90","11.90","11.80","0.62K","-0.84%"
"12/10/2020","11.90","12.00","12.00","11.90","0.22K","-1.65%"
"09/10/2020","12.10","12.00","12.30","12.00","0.38K","0.83%"
"08/10/2020","12.00","12.20","12.20","12.00","0.33K","-1.64%"
"07/10/2020","12.20","12.00","12.20","11.90","0.93K","1.67%"
"06/10/2020","12.00","12.30","12.30","11.90","1.80K","-1.64%"
"05/10/2020","12.20","11.90","12.20","11.90","0.64K","3.39%"
"01/10/2020","11.80","12.20","12.20","11.80","1.86K","-4.07%"
"30/09/2020","12.30","12.30","12.30","12.30","0.06K","3.36%"
"29/09/2020","11.90","12.30","12.30","11.90","0.19K","-3.25%"
"28/09/2020","12.30","11.90","12.30","11.90","0.02K","3.36%"
"25/09/2020","11.90","11.90","12.30","11.90","0.97K","0.00%"
"24/09/2020","11.90","11.90","12.00","11.90","5.65K","0.00%"
"23/09/2020","11.90","12.00","12.20","11.90","0.63K","-3.25%"
"22/09/2020","12.30","11.90","12.30","11.90","0.55K","-0.81%"
"21/09/2020","12.40","11.80","12.40","11.80","0.25K","2.48%"
"18/09/2020","12.10","12.10","12.10","11.80","0.32K","0.00%"
"17/09/2020","12.10","11.80","12.10","11.80","0.67K","1.68%"
"16/09/2020","11.90","11.80","12.10","11.80","0.63K","0.85%"
"15/09/2020","11.80","11.80","11.80","11.80","1.48K","0.85%"
"14/09/2020","11.70","11.70","12.10","11.70","1.94K","-3.31%"
"11/09/2020","12.10","12.00","12.10","12.00","0.12K","0.00%"
"10/09/2020","12.10","12.20","12.20","12.10","0.05K","0.00%"
"09/09/2020","12.10","12.00","12.10","11.70","1.81K","0.83%"
"08/09/2020","12.00","12.00","12.00","12.00","0.51K","0.00%"
"07/09/2020","12.00","12.00","12.00","12.00","0.07K","0.00%"
"04/09/2020","12.00","12.10","12.20","11.90","3.38K","-2.44%"
"03/09/2020","12.30","12.30","12.30","12.30","0.89K","0.00%"
"02/09/2020","12.30","12.70","12.70","12.30","1.52K","-3.15%"
"01/09/2020","12.70","12.50","12.90","12.50","8.89K","1.60%"
"31/08/2020","12.50","12.00","12.80","11.90","7.98K","3.31%"
"28/08/2020","12.10","12.10","12.10","12.10","0.11K","0.00%"
"27/08/2020","12.10","12.10","12.10","12.00","0.20K","0.83%"
"26/08/2020","12.00","12.10","12.10","12.00","1.14K","-0.83%"
"25/08/2020","12.10","12.20","12.20","12.10","0.19K","0.83%"
"24/08/2020","12.00","12.00","12.00","12.00","0.05K","0.00%"
"21/08/2020","12.00","12.10","12.10","12.00","1.24K","-0.83%"
"20/08/2020","12.10","12.20","12.20","12.10","0.65K","0.00%"
"19/08/2020","12.10","12.40","12.40","12.10","0.21K","-1.63%"
"17/08/2020","12.30","12.40","12.40","12.20","0.75K","-1.60%"
"14/08/2020","12.50","12.60","12.60","12.50","0.02K","0.00%"
"13/08/2020","12.50","12.00","12.50","12.00","2.09K","2.46%"
"12/08/2020","12.20","12.30","12.30","12.10","1.55K","0.00%"
"11/08/2020","12.20","12.40","12.40","12.20","0.98K","-0.81%"
"10/08/2020","12.30","12.10","12.30","12.00","1.67K","1.65%"
"07/08/2020","12.10","12.20","12.20","12.10","0.60K","-0.82%"
"06/08/2020","12.20","12.10","12.30","12.10","9.49K","0.83%"
"05/08/2020","12.10","12.40","12.70","12.10","2.83K","-0.82%"
"04/08/2020","12.20","12.10","12.30","11.90","2.79K","0.83%"
"03/08/2020","12.10","12.30","12.30","12.00","1.08K","-0.82%"
"31/07/2020","12.20","12.10","12.20","12.10","1.71K","0.83%"
"30/07/2020","12.10","11.90","12.30","11.90","1.46K","2.54%"
"29/07/2020","11.80","12.00","12.00","11.80","1.20K","-2.48%"
"28/07/2020","12.10","12.00","12.10","12.00","2.09K","0.00%"
"27/07/2020","12.10","12.30","12.30","12.00","2.50K","-1.63%"
"24/07/2020","12.30","12.30","12.30","12.10","1.07K","-0.81%"
"23/07/2020","12.40","12.40","12.40","12.30","1.31K","-0.80%"
"22/07/2020","12.50","12.50","12.50","12.40","2.24K","0.00%"
"21/07/2020","12.50","12.60","12.80","12.30","3.28K","0.00%"
"20/07/2020","12.50","12.90","12.90","12.30","4.40K","-3.10%"
"17/07/2020","12.90","12.90","12.90","12.80","1.26K","-0.77%"
"16/07/2020","13.00","12.50","13.00","12.50","1.31K","4.84%"
"14/07/2020","12.40","12.70","12.70","12.40","3.14K","-1.59%"
"13/07/2020","12.60","12.90","13.20","12.60","3.78K","-1.56%"
"10/07/2020","12.80","12.60","12.80","12.60","0.45K","-1.54%"
"09/07/2020","13.00","12.80","13.00","12.70","0.36K","1.56%"
"08/07/2020","12.80","12.40","12.80","12.30","4.93K","0.00%"
"07/07/2020","12.80","12.70","12.80","12.70","0.61K","0.79%"
"06/07/2020","12.70","12.90","12.90","12.70","1.13K","0.00%"
"03/07/2020","12.70","12.40","12.70","12.30","4.00K","2.42%"
"02/07/2020","12.40","12.50","13.00","12.30","5.75K","2.48%"
"01/07/2020","12.10","13.20","13.20","12.10","1.93K","-4.72%"
"30/06/2020","12.70","12.50","13.10","12.50","3.85K","3.25%"
"29/06/2020","12.30","13.30","13.30","12.30","5.97K","-9.56%"
"25/06/2020","13.60","13.60","13.60","13.30","2.30K","-2.16%"
"24/06/2020","13.90","13.80","13.90","13.10","1.78K","0.72%"
"23/06/2020","13.80","13.80","13.80","13.50","1.45K","-0.72%"
"22/06/2020","13.90","14.00","14.00","13.80","0.69K","-1.42%"
"19/06/2020","14.10","14.50","14.50","14.10","1.94K","-1.40%"
"18/06/2020","14.30","13.70","14.30","13.50","0.34K","5.93%"
"17/06/2020","13.50","13.70","13.70","13.50","0.72K","-1.46%"
"16/06/2020","13.70","13.70","14.10","13.60","3.20K","0.00%"
"15/06/2020","13.70","13.80","13.80","13.00","2.25K","-1.44%"
"12/06/2020","13.90","13.00","14.00","13.00","7.07K","-2.11%"
"10/06/2020","14.20","14.10","14.20","14.10","1.78K","-0.70%"
"09/06/2020","14.30","14.30","14.30","13.70","10.00K","-2.05%"
"08/06/2020","14.60","14.80","15.00","14.60","8.55K","-1.35%"
"05/06/2020","14.80","15.00","15.10","14.00","13.53K","-1.33%"
"04/06/2020","15.00","15.60","15.80","14.50","19.56K","-3.23%"
"03/06/2020","15.50","14.00","16.90","14.00","58.52K","14.81%"
"02/06/2020","13.50","12.40","13.50","12.40","30.23K","13.45%"
"01/06/2020","11.90","11.40","12.10","11.40","9.29K","7.21%"
"29/05/2020","11.10","11.10","11.30","11.00","2.13K","0.91%"
"28/05/2020","11.00","11.10","11.10","11.00","1.32K","-1.79%"
"27/05/2020","11.20","11.40","11.40","11.20","3.30K","-1.75%"
"26/05/2020","11.40","11.30","11.40","11.20","12.65K","1.79%"
"25/05/2020","11.20","11.10","11.30","11.10","1.65K","-1.75%"
"22/05/2020","11.40","11.40","11.40","11.40","0.45K","2.70%"
"21/05/2020","11.10","11.10","11.40","11.10","2.90K","0.91%"
"20/05/2020","11.00","11.10","11.10","10.90","1.01K","0.00%"
"19/05/2020","11.00","10.60","11.00","10.60","2.09K","0.92%"
"18/05/2020","10.90","10.80","10.90","10.80","0.27K","0.93%"
"15/05/2020","10.80","10.80","10.80","10.80","0.10K","0.93%"
"13/05/2020","10.70","10.70","10.90","10.70","0.42K","-0.93%"
"12/05/2020","10.80","10.80","10.90","10.70","9.02K","0.93%"
"11/05/2020","10.70","11.00","11.00","10.70","0.77K","0.94%"
"08/05/2020","10.60","10.50","11.00","10.50","1.23K","1.92%"
"07/05/2020","10.40","10.50","10.50","10.40","0.40K","0.00%"
"06/05/2020","10.40","10.50","10.50","10.40","0.22K","-0.95%"
"05/05/2020","10.50","10.50","10.50","10.50","0.00K","0.00%"
"04/05/2020","10.50","11.00","11.00","10.50","2.51K","-0.94%"
"30/04/2020","10.60","10.60","10.60","10.50","3.78K","0.95%"
"29/04/2020","10.50","10.60","10.60","10.40","1.06K","-0.94%"
"28/04/2020","10.60","10.40","11.00","10.40","3.18K","0.00%"
"27/04/2020","10.60","10.80","11.00","10.60","2.11K","-1.85%"
"24/04/2020","10.80","10.80","10.90","10.80","0.49K","0.00%"
"23/04/2020","10.80","10.50","10.80","10.50","0.38K","2.86%"
"22/04/2020","10.50","10.90","10.90","10.50","0.73K","-3.67%"
"21/04/2020","10.90","10.50","11.00","10.50","1.10K","-1.80%"
"20/04/2020","11.10","11.10","11.30","11.10","0.85K","0.00%"
"17/04/2020","11.10","10.90","11.20","10.90","1.36K","0.00%"
"16/04/2020","11.10","11.20","11.20","11.00","3.32K","-0.89%"
"15/04/2020","11.20","11.40","11.70","11.10","5.31K","1.82%"
"14/04/2020","11.00","10.20","11.10","10.00","5.66K","3.77%"
"09/04/2020","10.60","10.00","10.60","10.00","1.86K","0.00%"
"08/04/2020","10.60","10.50","10.70","9.70","3.63K","0.95%"
"07/04/2020","10.50","10.50","10.70","10.10","6.83K","1.94%"
"06/04/2020","10.30","10.00","10.30","9.55","1.24K","8.42%"
"03/04/2020","9.50","10.20","10.50","9.50","1.83K","-6.86%"
"02/04/2020","10.20","10.30","10.50","10.20","3.51K","-0.97%"
"01/04/2020","10.30","10.60","10.60","10.20","1.52K","-0.96%"
"31/03/2020","10.40","9.45","10.60","9.40","9.91K","10.64%"
"30/03/2020","9.40","9.70","9.70","9.10","0.56K","3.30%"
"27/03/2020","9.10","9.35","9.35","9.00","3.52K","-0.55%"
"26/03/2020","9.15","9.00","9.15","8.80","3.35K","3.98%"
"25/03/2020","8.80","9.15","9.15","8.75","2.50K","0.00%"
"24/03/2020","8.80","8.80","8.80","8.75","0.75K","1.15%"
"23/03/2020","8.70","8.85","8.90","8.60","1.89K","-1.14%"
"20/03/2020","8.80","8.25","8.95","8.25","4.78K","6.67%"
"19/03/2020","8.25","7.80","8.25","7.80","1.50K","8.55%"
"18/03/2020","7.60","7.60","8.00","7.60","4.04K","-2.56%"
"17/03/2020","7.80","7.10","7.80","6.70","7.31K","9.86%"
"16/03/2020","7.10","7.30","7.30","6.60","3.24K","-2.74%"
"13/03/2020","7.30","6.80","7.55","6.70","5.40K","1.39%"
"12/03/2020","7.20","7.60","7.60","7.20","1.87K","-5.26%"
"11/03/2020","7.60","8.95","8.95","7.60","1.21K","-8.98%"
"09/03/2020","8.35","9.30","9.30","8.15","3.64K","-10.70%"
"06/03/2020","9.35","9.85","9.95","9.30","7.26K","-2.09%"
"05/03/2020","9.55","9.80","9.80","9.55","0.18K","-2.55%"
"04/03/2020","9.80","10.00","10.00","9.80","0.69K","-1.51%"
"03/03/2020","9.95","9.30","9.95","9.30","0.86K","6.99%"
"02/03/2020","9.30","8.70","9.30","8.70","0.66K","0.54%"
"28/02/2020","9.25","9.55","9.55","8.60","3.42K","-4.15%"
"27/02/2020","9.65","9.90","9.90","9.65","1.84K","-2.03%"
"26/02/2020","9.85","9.90","9.90","9.85","0.25K","0.51%"
"25/02/2020","9.80","10.00","10.00","9.70","0.32K","-1.51%"
"24/02/2020","9.95","10.20","10.20","9.95","2.15K","-3.40%"
"20/02/2020","10.30","10.30","10.30","10.30","0.17K","0.98%"
"19/02/2020","10.20","10.30","10.40","10.20","0.77K","-1.92%"
"18/02/2020","10.40","10.50","10.50","10.20","0.56K","-0.95%"
"17/02/2020","10.50","10.20","10.50","10.20","0.54K","0.00%"
"14/02/2020","10.50","10.20","10.50","10.20","0.94K","2.94%"
"13/02/2020","10.20","10.20","10.20","10.20","0.38K","-0.97%"
"12/02/2020","10.30","10.30","10.40","10.30","1.07K","1.98%"
"11/02/2020","10.10","10.10","10.10","10.10","0.10K","0.00%"
"07/02/2020","10.10","10.20","10.20","10.10","2.00K","-0.98%"
"06/02/2020","10.20","10.20","10.20","10.20","0.15K","0.00%"
"05/02/2020","10.20","10.50","10.50","10.20","0.69K","0.99%"
"04/02/2020","10.10","10.20","10.50","10.10","1.16K","-0.98%"
"03/02/2020","10.20","10.10","10.20","10.00","1.00K","0.00%"
"31/01/2020","10.20","10.40","10.40","10.20","0.89K","-0.97%"
"30/01/2020","10.30","10.40","10.40","10.30","0.37K","-1.90%"
"29/01/2020","10.50","10.30","10.50","10.20","0.35K","0.00%"
"28/01/2020","10.50","10.30","10.50","10.30","1.10K","1.94%"
"27/01/2020","10.30","10.60","10.60","10.30","0.21K","-2.83%"
"24/01/2020","10.60","10.60","10.60","10.30","0.14K","0.95%"
"23/01/2020","10.50","10.20","10.50","10.20","2.77K","-1.87%"
"22/01/2020","10.70","10.70","10.70","10.40","0.60K","0.00%"
"21/01/2020","10.70","10.50","10.80","10.50","0.30K","0.94%"
"17/01/2020","10.60","10.60","10.60","10.60","0.17K","-2.75%"
"16/01/2020","10.90","10.90","11.00","10.90","0.10K","0.93%"
"15/01/2020","10.80","10.80","11.30","10.80","4.35K","0.93%"
"14/01/2020","10.70","10.60","10.70","10.60","1.07K","2.88%"
"13/01/2020","10.40","10.40","10.40","10.40","4.40K","-0.95%"
"10/01/2020","10.50","10.70","10.70","10.50","0.78K","-1.87%"
"09/01/2020","10.70","10.70","10.70","10.70","0.48K","1.90%"
"08/01/2020","10.50","10.70","10.70","10.50","0.97K","-0.94%"
"07/01/2020","10.60","10.60","10.70","10.60","1.48K","0.00%"
"03/01/2020","10.60","10.50","10.60","10.40","0.68K","0.95%"
"02/01/2020","10.50","10.30","10.70","10.30","2.17K","0.00%"
"30/12/2019","10.50","10.30","10.50","10.30","4.40K","0.96%"
"27/12/2019","10.40","10.50","10.50","10.40","0.66K","0.97%"
"23/12/2019","10.30","10.40","10.40","10.20","1.36K","0.00%"
"20/12/2019","10.30","10.30","10.30","10.20","1.63K","0.00%"
"19/12/2019","10.30","10.30","10.50","10.30","0.20K","0.00%"
"18/12/2019","10.30","10.20","10.30","10.20","1.21K","0.98%"
"17/12/2019","10.20","10.20","10.20","10.20","0.01K","-2.86%"
"16/12/2019","10.50","10.60","10.60","10.50","0.15K","0.00%"
"13/12/2019","10.50","10.30","10.50","10.20","2.19K","0.00%"
"12/12/2019","10.50","10.50","10.50","10.50","0.02K","-0.94%"
"11/12/2019","10.60","10.50","10.60","10.50","0.70K","3.92%"
"10/12/2019","10.20","10.70","10.70","10.20","11.64K","0.00%"
"09/12/2019","10.20","10.20","10.60","10.20","5.33K","0.00%"
"06/12/2019","10.20","10.00","10.30","10.00","3.04K","2.00%"
"05/12/2019","10.00","10.10","10.10","10.00","0.78K","0.00%"
"04/12/2019","10.00","10.10","10.10","10.00","0.63K","-0.99%"
"03/12/2019","10.10","10.30","10.30","10.10","0.59K","-0.98%"
"02/12/2019","10.20","10.20","10.20","10.10","0.09K","-0.97%"
"29/11/2019","10.30","10.20","10.30","10.20","1.71K","1.98%"
"28/11/2019","10.10","10.20","10.20","10.10","1.97K","-1.94%"
"27/11/2019","10.30","10.30","10.30","10.30","0.08K","0.00%"
"26/11/2019","10.30","10.30","10.30","10.30","3.79K","0.00%"
"25/11/2019","10.30","10.30","10.30","10.30","0.73K","0.98%"
"22/11/2019","10.20","10.10","10.20","10.10","1.19K","0.99%"
"21/11/2019","10.10","10.20","10.30","10.10","3.91K","-0.98%"
"20/11/2019","10.20","10.30","10.30","10.00","4.53K","-0.97%"
"19/11/2019","10.30","10.30","10.30","10.20","4.74K","0.00%"
"18/11/2019","10.30","10.70","10.70","10.30","13.66K","-2.83%"
"15/11/2019","10.60","10.60","10.60","10.60","1.12K","1.92%"
"14/11/2019","10.40","10.50","10.50","10.40","3.92K","-0.95%"
"13/11/2019","10.50","11.00","11.20","10.50","5.82K","-5.41%"
"12/11/2019","11.10","11.90","11.90","11.00","5.22K","-3.48%"
"08/11/2019","11.50","11.70","12.30","11.50","10.19K","1.77%"
"07/11/2019","11.30","11.20","11.40","11.00","6.26K","5.61%"
"06/11/2019","10.70","11.40","11.40","10.30","12.35K","-5.60%"
"05/11/2019","11.34","11.77","11.77","10.90","2.44K","-3.70%"
"04/11/2019","11.77","11.77","11.77","11.51","0.81K","0.00%"
"30/10/2019","11.77","11.77","11.77","11.77","1.36K","0.00%"
"29/10/2019","11.77","11.51","11.77","11.51","0.25K","0.75%"
"28/10/2019","11.68","11.86","11.86","11.68","0.46K","-1.47%"
"25/10/2019","11.86","11.60","11.86","11.60","0.09K","2.26%"
"24/10/2019","11.60","11.86","11.86","11.60","0.66K","-0.75%"
"23/10/2019","11.68","11.68","11.68","11.51","2.18K","0.00%"
"22/10/2019","11.68","11.68","11.68","11.68","0.19K","-0.74%"
"21/10/2019","11.77","11.77","11.95","11.77","0.31K","1.50%"
"18/10/2019","11.60","11.95","11.95","11.60","0.69K","-2.92%"
"17/10/2019","11.95","11.95","11.95","11.95","0.13K","2.24%"
"15/10/2019","11.68","11.68","11.68","11.16","1.33K","-1.47%"
"14/10/2019","11.86","11.95","11.95","11.51","0.67K","-0.73%"
"11/10/2019","11.95","11.95","11.95","11.95","0.07K","-0.72%"
"10/10/2019","12.03","12.03","12.03","12.03","0.03K","0.00%"
"09/10/2019","12.03","12.03","12.03","12.03","0.14K","-1.43%"
"07/10/2019","12.21","12.21","12.21","12.21","0.34K","-1.41%"
"04/10/2019","12.38","12.38","12.38","12.38","0.01K","1.43%"
"03/10/2019","12.21","12.21","12.21","12.21","0.40K","0.00%"
"02/10/2019","12.21","12.21","12.21","12.21","1.01K","-2.10%"
"30/09/2019","12.47","12.47","12.64","12.21","0.68K","0.00%"
"27/09/2019","12.47","12.47","12.47","12.21","0.34K","0.00%"
"26/09/2019","12.47","12.21","12.47","12.21","0.40K","0.00%"
"25/09/2019","12.47","12.47","12.47","12.21","0.46K","2.14%"
"24/09/2019","12.21","12.21","12.21","12.21","0.23K","-1.41%"
"23/09/2019","12.38","12.47","12.47","12.21","0.67K","-0.70%"
"20/09/2019","12.47","12.38","12.47","12.38","0.34K","0.00%"
"19/09/2019","12.47","12.21","12.47","12.21","0.43K","0.00%"
"16/09/2019","12.47","12.47","12.47","12.47","0.50K","0.00%"
"13/09/2019","12.47","12.21","12.47","12.21","0.23K","0.00%"
"12/09/2019","12.47","12.47","12.47","12.21","0.50K","0.00%"
"11/09/2019","12.47","12.21","12.47","11.95","1.10K","2.14%"
"10/09/2019","12.21","11.86","12.47","10.72","2.35K","-2.10%"
"09/09/2019","12.47","12.47","12.47","12.47","0.11K","2.14%"
"06/09/2019","12.21","11.86","12.21","11.86","0.62K","0.00%"
"05/09/2019","12.21","12.03","12.47","12.03","1.72K","1.45%"
"04/09/2019","12.03","12.03","12.03","12.03","0.19K","0.00%"
"03/09/2019","12.03","11.68","12.03","11.68","0.25K","-1.43%"
"02/09/2019","12.21","12.21","12.21","12.21","0.11K","0.00%"
"30/08/2019","12.21","12.47","12.47","12.21","0.42K","-2.10%"
"29/08/2019","12.47","12.38","12.47","12.38","0.19K","2.14%"
"28/08/2019","12.21","12.21","12.38","12.21","0.22K","0.00%"
"27/08/2019","12.21","12.21","12.21","12.21","0.18K","-0.71%"
"26/08/2019","12.29","12.21","12.64","12.21","0.56K","-0.70%"
"22/08/2019","12.38","12.38","12.38","12.38","1.14K","-1.39%"
"21/08/2019","12.56","12.38","12.56","12.38","3.80K","2.13%"
"20/08/2019","12.29","12.21","12.38","12.21","2.28K","2.92%"
"19/08/2019","11.95","12.29","12.29","11.86","0.11K","-2.84%"
"16/08/2019","12.29","12.73","12.73","11.60","3.62K","1.44%"
"14/08/2019","12.12","12.12","12.12","12.12","0.00K","0.00%"
"13/08/2019","12.12","12.21","12.21","11.68","1.69K","0.00%"
"12/08/2019","12.12","12.21","12.56","12.12","0.09K","-5.44%"
"09/08/2019","12.82","12.21","12.82","12.21","0.11K","0.00%"
"08/08/2019","12.82","12.21","12.82","12.21","0.15K","5.00%"
"07/08/2019","12.21","12.21","12.21","12.21","0.38K","-4.76%"
"05/08/2019","12.82","12.82","12.82","12.82","0.01K","0.00%"
"02/08/2019","12.82","12.82","12.82","12.82","0.05K","0.68%"
"01/08/2019","12.73","12.21","12.73","12.21","0.03K","2.82%"
"31/07/2019","12.38","12.38","12.38","12.38","0.01K","-2.74%"
"30/07/2019","12.73","12.38","12.73","12.38","0.07K","0.00%"
"29/07/2019","12.73","12.82","12.82","12.73","0.11K","-0.68%"
"25/07/2019","12.82","12.64","12.82","12.64","0.10K","4.26%"
"24/07/2019","12.29","12.29","12.29","12.29","0.01K","-2.76%"
"22/07/2019","12.64","12.47","12.64","12.47","2.06K","1.40%"
"19/07/2019","12.47","12.29","12.47","12.29","0.43K","2.14%"
"18/07/2019","12.21","12.29","12.29","12.21","1.56K","-2.10%"
"16/07/2019","12.47","12.47","12.47","12.47","0.11K","1.42%"
"15/07/2019","12.29","12.29","12.73","12.21","4.12K","-3.42%"
"12/07/2019","12.73","12.73","12.73","12.73","0.11K","-1.35%"
"11/07/2019","12.90","12.64","12.90","12.64","0.39K","2.78%"
"09/07/2019","12.56","12.64","12.64","12.38","4.55K","2.86%"
"08/07/2019","12.21","12.99","12.99","12.21","5.28K","-6.04%"
"05/07/2019","12.99","13.08","13.08","12.56","1.02K","-0.67%"
"04/07/2019","13.08","13.08","13.08","13.08","0.00K","-1.32%"
"03/07/2019","13.25","13.69","13.69","12.73","6.30K","0.00%"
"02/07/2019","13.25","13.43","13.43","13.08","3.46K","-0.65%"
"01/07/2019","13.34","11.86","13.95","10.81","38.70K","13.33%"
"28/06/2019","11.77","11.42","11.77","11.42","0.28K","0.75%"
"27/06/2019","11.68","11.68","11.68","11.68","0.09K","0.00%"
"26/06/2019","11.68","11.77","11.77","11.07","1.25K","2.29%"
"25/06/2019","11.42","11.42","11.42","11.42","0.57K","0.00%"
"24/06/2019","11.42","11.77","11.77","11.42","0.75K","0.77%"
"21/06/2019","11.34","11.34","11.34","11.34","0.17K","5.69%"
"19/06/2019","10.72","9.94","10.72","9.94","4.99K","-1.60%"
"18/06/2019","10.90","10.90","10.90","10.90","0.01K","-0.79%"
"17/06/2019","10.99","11.86","11.86","10.99","1.75K","-5.26%"
"13/06/2019","11.60","11.95","11.95","11.42","2.47K","-3.62%"
"12/06/2019","12.03","12.12","12.12","12.03","0.17K","2.99%"
"11/06/2019","11.68","11.68","11.68","11.68","0.03K","0.00%"
"10/06/2019","11.68","11.95","12.03","11.68","1.63K","-4.29%"
"07/06/2019","12.21","12.21","12.47","11.68","1.85K","0.00%"
"06/06/2019","12.21","12.64","12.64","12.21","0.39K","-3.45%"
"05/06/2019","12.64","12.64","12.64","12.12","0.23K","0.00%"
"03/06/2019","12.64","12.64","12.64","12.64","0.05K","2.84%"
"31/05/2019","12.29","12.64","12.64","12.29","0.90K","-2.76%"
"30/05/2019","12.64","12.64","12.64","12.64","0.01K","2.84%"
"29/05/2019","12.29","12.47","12.47","12.29","0.23K","-4.08%"
"28/05/2019","12.82","12.47","12.82","12.47","1.22K","3.52%"
"27/05/2019","12.38","12.38","12.38","12.38","0.22K","0.71%"
"24/05/2019","12.29","12.64","12.64","12.29","0.25K","-3.42%"
"23/05/2019","12.73","12.73","12.73","12.73","0.19K","0.00%"
"22/05/2019","12.73","12.47","12.73","12.47","0.75K","2.82%"
"20/05/2019","12.38","12.38","12.38","12.38","0.61K","-2.74%"
"17/05/2019","12.73","12.82","12.82","12.73","0.14K","2.82%"
"16/05/2019","12.38","12.38","12.38","12.38","0.25K","0.00%"
"15/05/2019","12.38","12.73","12.73","12.38","0.12K","-2.74%"
"14/05/2019","12.73","12.64","12.73","12.64","2.12K","0.69%"
"13/05/2019","12.64","12.90","13.08","12.64","3.00K","2.11%"
"08/05/2019","12.38","12.21","12.38","12.21","0.33K","0.00%"
"07/05/2019","12.38","12.47","12.47","12.38","0.83K","-2.07%"
"06/05/2019","12.64","12.82","12.82","12.64","0.83K","-1.36%"
"30/04/2019","12.82","12.90","12.99","12.82","0.33K","-0.68%"
"29/04/2019","12.90","12.90","12.99","12.90","1.50K","0.68%"
"26/04/2019","12.82","12.64","12.82","12.64","0.78K","-0.68%"
"24/04/2019","12.90","12.99","12.99","12.73","0.57K","0.00%"
"18/04/2019","12.90","12.90","12.90","12.90","0.69K","3.50%"
"17/04/2019","12.47","12.56","12.56","12.47","0.14K","0.00%"
"16/04/2019","12.47","12.47","12.47","12.47","0.22K","0.00%"
"15/04/2019","12.47","12.82","12.82","12.47","0.71K","-2.72%"
"12/04/2019","12.82","12.82","12.82","12.82","0.44K","3.52%"
"11/04/2019","12.38","12.73","12.73","12.38","1.10K","-2.07%"
"10/04/2019","12.64","12.73","12.73","12.64","1.38K","-0.68%"
"09/04/2019","12.73","12.64","12.73","12.64","0.62K","2.10%"
"05/04/2019","12.47","12.38","12.47","12.38","2.41K","-2.05%"
"04/04/2019","12.73","12.56","12.73","12.56","0.23K","1.39%"
"03/04/2019","12.56","12.82","12.82","12.47","0.50K","-2.04%"
"02/04/2019","12.82","12.64","12.82","12.64","0.78K","2.08%"
"01/04/2019","12.56","12.56","12.56","12.56","1.97K","2.13%"
"29/03/2019","12.29","12.60","12.64","12.29","3.93K","-2.42%"
"28/03/2019","12.60","12.25","12.64","12.25","2.45K","2.48%"
"27/03/2019","12.29","12.29","12.29","12.29","0.03K","0.71%"
"26/03/2019","12.21","12.21","12.21","12.21","0.07K","1.45%"
"25/03/2019","12.03","12.03","12.03","12.03","0.02K","0.00%"
"22/03/2019","12.03","12.03","12.03","12.03","1.62K","-0.36%"
"21/03/2019","12.08","12.12","12.12","11.90","3.84K","-0.72%"
"20/03/2019","12.16","12.25","12.25","11.90","3.26K","-1.76%"
"19/03/2019","12.38","12.16","12.56","12.16","1.09K","2.90%"
"18/03/2019","12.03","12.21","12.21","12.03","7.64K","-1.43%"
"15/03/2019","12.21","12.64","12.64","12.03","13.22K","-3.45%"
"14/03/2019","12.64","12.64","12.64","12.64","0.03K","-6.45%"
"13/03/2019","13.51","13.17","13.51","13.17","0.14K","2.65%"
"12/03/2019","13.17","13.12","13.17","13.12","0.41K","0.67%"
"11/03/2019","13.08","12.69","13.08","12.21","2.06K","-0.66%"
"08/03/2019","13.17","13.73","13.73","12.64","3.57K","-4.73%"
"07/03/2019","13.82","13.86","13.86","13.82","0.22K","0.32%"
"06/03/2019","13.78","13.78","13.78","13.78","0.57K","-1.86%"
"05/03/2019","14.04","14.04","14.04","14.04","0.11K","-0.62%"
"04/03/2019","14.13","14.13","14.13","14.13","0.45K","-3.86%"
"01/03/2019","14.69","14.82","14.82","14.69","1.11K","-0.88%"
"26/02/2019","14.82","15.00","15.00","14.82","0.46K","-0.87%"
"22/02/2019","14.95","14.95","14.95","14.95","0.12K","-2.00%"
"21/02/2019","15.26","14.95","15.35","14.95","0.45K","3.86%"
"20/02/2019","14.69","14.69","14.69","14.69","0.01K","0.00%"
"19/02/2019","14.69","14.82","14.82","14.69","0.24K","-1.73%"
"18/02/2019","14.95","14.60","14.95","14.60","2.33K","2.40%"
"15/02/2019","14.60","14.21","14.60","14.21","2.21K","4.66%"
"14/02/2019","13.95","13.25","14.21","13.25","2.68K","3.18%"
"13/02/2019","13.52","12.90","13.52","12.90","0.22K","4.81%"
"12/02/2019","12.90","13.25","13.30","12.90","0.21K","-3.30%"
"11/02/2019","13.34","13.21","13.52","13.21","0.69K","0.98%"
"08/02/2019","13.21","13.12","13.25","13.12","2.64K","0.99%"
"07/02/2019","13.08","13.30","13.30","13.08","0.27K","0.00%"
"06/02/2019","13.08","12.64","13.69","12.64","2.45K","3.48%"
"05/02/2019","12.64","12.47","12.64","12.47","1.27K","1.69%"
"04/02/2019","12.43","12.21","12.43","12.21","0.71K","1.47%"
"31/01/2019","12.25","12.03","12.25","12.03","0.60K","1.83%"
"28/01/2019","12.03","12.03","12.03","12.03","0.56K","1.86%"
"25/01/2019","11.81","11.81","11.81","11.81","0.03K","-1.50%"
"23/01/2019","11.99","11.99","11.99","11.99","0.51K","-0.33%"
"22/01/2019","12.03","11.86","12.03","11.86","0.55K","0.67%"
"21/01/2019","11.95","11.99","11.99","11.95","0.76K","-0.33%"
"18/01/2019","11.99","11.99","11.99","11.99","0.06K","0.00%"
"17/01/2019","11.99","12.38","12.38","11.99","1.58K","-3.15%"
"16/01/2019","12.38","12.38","12.38","12.38","0.58K","0.00%"
"15/01/2019","12.38","12.34","12.38","12.34","0.13K","3.25%"
"14/01/2019","11.99","12.21","12.21","11.99","0.15K","-1.80%"
"11/01/2019","12.21","12.38","12.38","12.21","1.09K","0.00%"
"09/01/2019","12.21","12.21","12.21","11.77","2.03K","0.00%"
"08/01/2019","12.21","12.16","12.21","12.16","0.81K","2.95%"
"07/01/2019","11.86","12.16","12.16","11.86","0.30K","0.76%"
"04/01/2019","11.77","11.77","11.77","11.77","0.21K","0.77%"
"03/01/2019","11.68","11.95","11.95","11.68","0.48K","-2.26%"
"02/01/2019","11.95","11.95","11.95","11.95","0.69K","1.53%"
"28/12/2018","11.77","11.90","11.90","11.47","0.67K","2.62%"
"27/12/2018","11.47","11.55","11.55","11.47","0.07K","-3.61%"
"21/12/2018","11.90","11.64","11.90","11.47","1.53K","0.34%"
"20/12/2018","11.86","12.12","12.12","11.86","0.57K","-0.75%"
"19/12/2018","11.95","11.95","11.95","11.95","0.22K","0.00%"
"18/12/2018","11.95","11.90","12.29","11.90","0.35K","0.42%"
"17/12/2018","11.90","11.90","11.90","11.90","0.23K","0.00%"
"14/12/2018","11.90","11.90","11.90","11.90","0.13K","0.34%"
"13/12/2018","11.86","11.86","11.86","11.86","0.15K","-4.20%"
"12/12/2018","12.38","11.99","12.38","11.99","0.36K","3.25%"
"10/12/2018","11.99","12.29","12.29","11.99","1.45K","-3.15%"
"07/12/2018","12.38","12.21","12.38","12.21","0.43K","3.25%"
"06/12/2018","11.99","11.77","12.38","11.77","2.75K","-1.07%"
"05/12/2018","12.12","12.12","12.12","12.12","0.27K","0.00%"
"04/12/2018","12.12","12.21","12.21","12.12","0.57K","0.00%"
"03/12/2018","12.12","12.12","12.12","12.12","1.77K","5.30%"
"30/11/2018","11.51","12.25","12.25","11.51","2.66K","-4.32%"
"29/11/2018","12.03","12.03","12.12","12.03","0.84K","0.67%"
"28/11/2018","11.95","11.95","11.95","11.95","0.01K","1.53%"
"26/11/2018","11.77","11.77","11.77","11.77","2.16K","-2.16%"
"22/11/2018","12.03","11.64","12.03","11.51","1.24K","4.52%"
"21/11/2018","11.51","11.47","11.60","11.07","3.39K","3.51%"
"20/11/2018","11.12","11.34","11.60","11.12","1.33K","-3.39%"
"16/11/2018","11.51","11.60","11.60","11.51","0.13K","2.31%"
"15/11/2018","11.25","11.25","11.25","11.25","0.12K","-3.02%"
"14/11/2018","11.60","11.60","11.60","11.60","0.19K","4.32%"
"13/11/2018","11.12","11.64","11.64","10.99","0.37K","-3.72%"
"09/11/2018","11.55","11.34","11.55","11.34","0.09K","-0.43%"
"08/11/2018","11.60","11.60","11.60","11.60","0.29K","1.13%"
"07/11/2018","11.47","11.25","11.55","10.68","2.95K","6.50%"
"06/11/2018","10.77","10.77","10.77","10.77","0.04K","-4.61%"
"05/11/2018","11.29","10.68","11.29","10.68","0.43K","7.93%"
"02/11/2018","10.46","11.25","11.25","10.46","1.51K","-7.02%"
"31/10/2018","11.25","10.68","11.25","10.51","1.54K","-0.79%"
"30/10/2018","11.34","10.68","11.34","10.68","0.88K","6.18%"
"29/10/2018","10.68","10.68","10.68","10.51","0.60K","0.00%"
"25/10/2018","10.68","10.46","10.68","10.46","0.71K","-0.37%"
"24/10/2018","10.72","10.99","10.99","9.90","8.66K","-5.47%"
"23/10/2018","11.34","11.38","11.38","11.29","5.03K","-0.35%"
"22/10/2018","11.38","11.47","11.60","11.34","3.06K","0.35%"
"19/10/2018","11.34","11.34","11.68","10.99","2.40K","2.44%"
"18/10/2018","11.07","11.34","11.51","10.99","3.69K","0.00%"
"17/10/2018","11.07","11.34","11.51","11.03","5.03K","0.00%"
"16/10/2018","11.07","12.64","12.64","11.07","13.92K","-12.42%"
"15/10/2018","12.64","12.56","12.82","12.56","1.19K","1.36%"
"12/10/2018","12.47","13.25","13.25","12.47","3.14K","-1.34%"
"11/10/2018","12.64","13.95","13.95","12.64","1.97K","-9.39%"
"10/10/2018","13.95","14.34","14.34","13.95","1.36K","-2.72%"
"08/10/2018","14.34","14.34","14.34","14.34","0.11K","-0.35%"
"05/10/2018","14.39","14.39","14.39","14.39","0.11K","0.00%"
"03/10/2018","14.39","14.17","14.52","14.17","0.67K","-0.28%"
"02/10/2018","14.43","14.52","14.52","14.21","0.23K","-1.16%"
"28/09/2018","14.60","14.60","14.60","14.60","0.11K","0.00%"
"27/09/2018","14.60","14.17","14.60","14.17","0.14K","-0.34%"
"26/09/2018","14.65","14.65","14.65","14.65","0.35K","0.90%"
"25/09/2018","14.52","14.52","14.52","13.99","0.22K","-0.27%"
"24/09/2018","14.56","14.56","14.56","14.56","1.10K","-0.27%"
"21/09/2018","14.60","14.13","14.60","14.13","0.58K","0.27%"
"19/09/2018","14.56","14.13","14.56","14.13","0.65K","-1.22%"
"18/09/2018","14.74","14.74","14.74","14.74","0.11K","4.32%"
"14/09/2018","14.13","14.60","14.60","14.13","1.24K","-1.19%"
"13/09/2018","14.30","14.39","14.39","13.17","2.74K","-0.63%"
"12/09/2018","14.39","14.39","14.47","14.39","0.40K","0.00%"
"11/09/2018","14.39","14.43","14.43","14.39","0.11K","0.00%"
"10/09/2018","14.39","14.39","15.13","14.39","0.58K","-5.14%"
"07/09/2018","15.17","14.39","15.30","14.39","0.57K","-1.17%"
"05/09/2018","15.35","15.22","15.43","14.34","1.19K","0.85%"
"04/09/2018","15.22","15.22","15.69","15.22","0.40K","-3.00%"
"30/08/2018","15.69","15.87","15.87","15.69","0.46K","-1.13%"
"28/08/2018","15.87","15.87","15.87","15.87","0.06K","1.15%"
"27/08/2018","15.69","15.17","15.69","15.17","0.12K","0.00%"
"24/08/2018","15.69","15.69","15.69","15.69","0.23K","2.21%"
"23/08/2018","15.35","15.35","15.35","15.35","0.23K","-3.03%"
"21/08/2018","15.83","15.22","15.83","15.17","0.32K","0.00%"
"17/08/2018","15.83","15.83","15.83","15.83","0.08K","0.00%"
"16/08/2018","15.83","15.17","15.83","15.17","0.19K","4.35%"
"14/08/2018","15.17","15.17","15.17","15.17","0.06K","0.00%"
"13/08/2018","15.17","15.35","15.35","15.17","0.87K","-4.41%"
"08/08/2018","15.87","15.91","15.91","15.87","0.64K","-4.22%"
"07/08/2018","16.57","15.30","16.57","15.30","0.51K","10.47%"
"06/08/2018","15.00","14.34","15.00","14.34","1.04K","-1.12%"
"03/08/2018","15.17","15.30","15.30","15.17","0.04K","-0.85%"
"02/08/2018","15.30","15.30","15.30","15.30","0.07K","0.26%"
"31/07/2018","15.26","15.26","15.26","15.26","0.95K","0.00%"
"30/07/2018","15.26","15.17","15.26","14.52","1.26K","0.86%"
"27/07/2018","15.13","14.39","15.13","14.39","0.14K","0.87%"
"26/07/2018","15.00","15.00","15.00","15.00","0.06K","0.00%"
"25/07/2018","15.00","14.82","15.00","14.82","0.19K","1.21%"
"24/07/2018","14.82","14.65","14.82","14.65","1.22K","2.99%"
"23/07/2018","14.39","14.39","14.39","13.95","0.33K","0.00%"
"17/07/2018","14.39","14.39","14.39","14.39","0.08K","0.00%"
"16/07/2018","14.39","13.95","14.39","13.52","2.43K","0.00%"
"11/07/2018","14.39","14.39","14.39","14.39","0.11K","-1.77%"
"10/07/2018","14.65","14.13","14.65","14.13","0.56K","3.68%"
"09/07/2018","14.13","14.56","14.91","14.13","0.46K","-3.22%"
"06/07/2018","14.60","14.74","14.74","14.60","2.35K","-0.95%"
"05/07/2018","14.74","14.74","14.74","14.74","0.22K","0.00%"
"04/07/2018","14.74","14.74","14.74","14.74","0.10K","0.34%"
"02/07/2018","14.69","14.74","14.74","14.69","0.11K","-2.07%"
"29/06/2018","15.00","15.00","15.00","15.00","0.03K","0.00%"
"28/06/2018","15.00","14.87","15.00","14.87","0.25K","0.87%"
"27/06/2018","14.87","14.87","14.87","14.87","0.11K","1.50%"
"26/06/2018","14.65","14.87","14.87","14.65","1.20K","-1.48%"
"25/06/2018","14.87","15.08","15.08","14.87","0.87K","-1.39%"
"22/06/2018","15.08","15.08","15.08","15.08","0.16K","-2.01%"
"21/06/2018","15.39","15.39","15.39","15.39","0.09K","-0.26%"
"20/06/2018","15.43","15.43","15.43","15.43","0.05K","0.00%"
"15/06/2018","15.43","15.43","15.43","15.43","0.06K","0.00%"
"14/06/2018","15.43","15.43","15.43","15.43","0.05K","0.00%"
"13/06/2018","15.43","15.43","15.43","15.43","0.12K","-0.58%"
"12/06/2018","15.52","15.56","15.56","15.43","0.74K","-0.26%"
"08/06/2018","15.56","15.56","15.56","15.56","0.22K","-0.32%"
"07/06/2018","15.61","15.61","15.61","15.61","0.12K","0.00%"
"06/06/2018","15.61","15.61","15.61","15.61","0.00K","2.29%"
"05/06/2018","15.26","15.26","15.26","15.26","0.35K","-1.10%"
"04/06/2018","15.43","15.43","15.43","15.43","0.23K","1.11%"
"30/05/2018","15.26","15.26","15.26","14.91","0.19K","-1.10%"
"29/05/2018","15.43","14.91","15.43","14.91","0.46K","0.00%"
"28/05/2018","15.43","15.43","15.43","15.43","0.30K","0.00%"
"25/05/2018","15.43","15.04","15.43","14.82","1.20K","2.59%"
"24/05/2018","15.04","15.04","15.08","15.04","1.41K","-0.27%"
"23/05/2018","15.08","15.22","15.22","14.60","3.44K","-3.89%"
"22/05/2018","15.69","15.69","15.69","15.13","1.66K","-1.13%"
"21/05/2018","15.87","16.04","16.31","15.39","3.95K","-3.47%"
"18/05/2018","16.44","16.57","16.57","16.04","0.48K","-1.79%"
"16/05/2018","16.74","15.69","16.74","15.52","4.38K","4.36%"
"15/05/2018","16.04","16.04","16.04","15.78","2.29K","-2.67%"
"14/05/2018","16.48","16.31","16.48","16.04","3.62K","-2.08%"
"09/05/2018","16.83","16.57","16.83","16.26","0.86K","2.37%"
"08/05/2018","16.44","16.57","16.61","16.44","2.56K","-2.55%"
"07/05/2018","16.87","16.57","16.92","16.48","1.38K","-1.29%"
"02/05/2018","17.09","16.87","17.18","16.70","0.80K","0.00%"
"30/04/2018","17.09","16.61","17.09","16.57","1.53K","0.77%"
"27/04/2018","16.96","16.74","17.00","16.74","0.14K","0.77%"
"26/04/2018","16.83","16.92","16.96","16.83","1.03K","-0.53%"
"25/04/2018","16.92","16.83","17.00","16.83","1.42K","-0.47%"
"24/04/2018","17.00","16.87","17.09","16.87","0.92K","1.80%"
"23/04/2018","16.70","16.70","16.70","16.70","0.11K","-1.76%"
"19/04/2018","17.00","16.96","17.00","16.65","0.96K","0.00%"
"18/04/2018","17.00","16.70","17.00","16.65","0.85K","0.00%"
"16/04/2018","17.00","16.74","17.00","16.70","0.50K","0.00%"
"13/04/2018","17.00","16.74","17.00","16.74","0.22K","0.00%"
"12/04/2018","17.00","16.74","17.00","16.74","0.63K","0.00%"
"11/04/2018","17.00","16.78","17.00","16.78","0.61K","0.00%"
"10/04/2018","17.00","16.78","17.13","16.78","0.42K","0.00%"
"09/04/2018","17.00","17.18","17.18","16.78","0.66K","-1.05%"
"06/04/2018","17.18","16.78","17.18","16.78","0.23K","-0.23%"
"05/04/2018","17.22","17.00","17.26","17.00","0.58K","1.29%"
"03/04/2018","17.00","17.00","17.00","17.00","0.13K","1.31%"
"29/03/2018","16.78","17.09","17.09","16.78","1.55K","-1.81%"
"27/03/2018","17.09","16.78","17.13","16.65","3.14K","-0.23%"
"23/03/2018","17.13","17.18","17.18","17.13","0.06K","-0.75%"
"21/03/2018","17.26","16.74","17.26","16.74","0.60K","1.23%"
"20/03/2018","17.05","17.05","17.09","16.74","0.79K","-0.23%"
"19/03/2018","17.09","16.78","17.09","16.65","2.44K","-0.98%"
"16/03/2018","17.26","17.26","17.26","16.78","0.47K","0.99%"
"15/03/2018","17.09","17.00","17.09","17.00","0.12K","-1.27%"
"14/03/2018","17.31","16.83","17.31","16.83","1.03K","1.29%"
"13/03/2018","17.09","17.13","17.13","16.87","0.16K","-0.52%"
"12/03/2018","17.18","16.92","17.18","16.92","0.77K","-0.46%"
"08/03/2018","17.26","17.22","17.26","17.22","0.57K","-0.29%"
"06/03/2018","17.31","16.87","17.35","16.83","1.04K","-0.23%"
"05/03/2018","17.35","16.92","17.35","16.83","0.86K","0.00%"
"01/03/2018","17.35","16.87","17.35","16.87","0.41K","0.00%"
"28/02/2018","17.35","17.22","17.35","17.00","2.36K","0.75%"
"27/02/2018","17.22","17.26","17.26","16.74","2.31K","-0.23%"
"26/02/2018","17.26","17.09","17.26","16.87","1.05K","0.00%"
"23/02/2018","17.26","17.18","17.26","17.18","0.75K","0.00%"
"22/02/2018","17.26","16.83","17.26","16.83","0.86K","0.00%"
"21/02/2018","17.26","16.96","17.26","16.78","1.47K","0.00%"
"20/02/2018","17.26","16.83","17.26","16.83","0.92K","0.00%"
"19/02/2018","17.26","17.26","17.26","17.18","0.23K","0.00%"
"16/02/2018","17.26","17.05","17.26","17.05","0.47K","0.00%"
"15/02/2018","17.26","16.92","17.26","16.92","0.47K","0.00%"
"14/02/2018","17.26","16.92","17.26","16.92","1.05K","0.00%"
"08/02/2018","17.26","17.26","17.26","17.00","1.09K","0.47%"
"07/02/2018","17.18","17.26","17.26","16.70","8.64K","-0.46%"
"06/02/2018","17.26","16.83","17.26","16.74","2.60K","-0.52%"
"05/02/2018","17.35","17.18","17.35","17.09","0.79K","0.52%"
"31/01/2018","17.26","17.22","17.40","17.22","0.97K","-0.80%"
"29/01/2018","17.40","17.31","17.44","17.31","0.52K","-0.23%"
"26/01/2018","17.44","17.44","17.44","17.44","0.03K","0.00%"
"25/01/2018","17.44","17.31","17.61","17.31","0.60K","0.52%"
"24/01/2018","17.35","17.44","17.44","17.22","3.18K","0.00%"
"23/01/2018","17.35","17.53","17.53","17.35","1.65K","-1.03%"
"22/01/2018","17.53","17.40","17.53","17.35","2.97K","-1.90%"
"18/01/2018","17.87","17.44","17.87","17.35","0.43K","0.00%"
"17/01/2018","17.87","17.53","17.87","17.44","2.27K","1.94%"
"16/01/2018","17.53","17.35","17.53","17.35","1.90K","1.04%"
"15/01/2018","17.35","17.22","17.35","17.22","1.49K","0.23%"
"12/01/2018","17.31","17.31","17.53","17.26","7.86K","-1.25%"
"11/01/2018","17.53","17.44","17.53","17.26","0.62K","0.00%"
"10/01/2018","17.53","17.53","17.61","17.44","0.54K","-0.45%"
"09/01/2018","17.61","17.61","17.61","17.53","1.22K","0.00%"
"08/01/2018","17.61","17.61","17.61","17.44","0.91K","0.00%"
"05/01/2018","17.61","17.70","17.70","17.35","1.63K","-1.95%"
"04/01/2018","17.96","17.87","17.96","17.61","5.22K","-1.43%"
"03/01/2018","18.22","18.31","18.75","17.79","1.08K","0.28%"
"29/12/2017","18.17","18.13","18.17","18.13","0.54K","0.00%"
"28/12/2017","18.17","18.18","18.18","17.80","0.67K","2.08%"
"27/12/2017","17.80","18.31","18.31","17.80","1.16K","-1.98%"
"21/12/2017","18.16","18.31","18.31","18.02","1.49K","-0.33%"
"20/12/2017","18.22","17.88","18.22","17.88","1.08K","0.22%"
"19/12/2017","18.18","18.22","18.22","17.88","1.88K","-0.38%"
"18/12/2017","18.25","17.92","18.25","17.92","2.92K","-0.05%"
"15/12/2017","18.26","17.89","18.27","17.89","0.32K","-0.27%"
"13/12/2017","18.31","17.96","18.31","17.96","0.47K","0.00%"
"11/12/2017","18.31","17.88","18.35","17.88","0.94K","0.05%"
"08/12/2017","18.30","17.89","18.30","17.89","0.43K","0.05%"
"07/12/2017","18.29","17.89","18.29","17.89","0.78K","0.00%"
"06/12/2017","18.29","17.88","18.30","17.88","0.54K","-0.11%"
"05/12/2017","18.31","18.31","18.31","18.31","0.07K","-0.38%"
"30/11/2017","18.38","17.96","18.38","17.96","0.50K","-0.11%"
"29/11/2017","18.40","18.39","18.40","18.14","0.51K","0.00%"
"28/11/2017","18.40","18.01","18.40","18.01","1.37K","0.55%"
"27/11/2017","18.30","17.90","18.31","17.90","0.63K","-0.05%"
"24/11/2017","18.31","18.28","18.31","18.28","0.46K","0.11%"
"23/11/2017","18.29","18.21","18.30","17.88","2.25K","-0.05%"
"21/11/2017","18.30","17.88","18.30","17.88","0.12K","-0.05%"
"20/11/2017","18.31","18.22","18.31","18.22","0.71K","0.05%"
"17/11/2017","18.30","18.31","18.31","17.80","4.79K","0.49%"
"16/11/2017","18.21","18.05","18.22","17.80","1.06K","0.00%"
"15/11/2017","18.21","18.21","18.21","17.80","0.40K","-0.27%"
"14/11/2017","18.26","18.27","18.39","17.80","1.20K","-0.71%"
"13/11/2017","18.39","18.40","18.40","17.80","0.96K","0.60%"
"10/11/2017","18.28","18.15","18.30","17.80","0.74K","-0.76%"
"09/11/2017","18.42","18.42","18.42","18.16","0.30K","0.11%"
"08/11/2017","18.40","18.22","18.40","18.22","0.77K","0.55%"
"07/11/2017","18.30","17.63","18.30","17.63","0.66K","1.44%"
"06/11/2017","18.04","18.13","18.13","17.62","1.82K","-0.22%"
"03/11/2017","18.08","17.96","18.08","17.96","0.61K","-0.28%"
"02/11/2017","18.13","18.05","18.13","18.05","0.08K","-0.44%"
"31/10/2017","18.21","18.10","18.21","17.88","1.32K","0.61%"
"30/10/2017","18.10","18.07","18.10","17.90","0.26K","-0.11%"
"27/10/2017","18.12","17.88","18.12","17.87","0.15K","-0.06%"
"26/10/2017","18.13","17.79","18.13","17.79","0.36K","-0.06%"
"25/10/2017","18.14","17.80","18.14","17.80","0.12K","-0.22%"
"24/10/2017","18.18","17.79","18.22","17.79","6.34K","0.00%"
"20/10/2017","18.18","17.88","18.18","17.88","1.32K","0.00%"
"19/10/2017","18.18","17.88","18.18","17.88","0.62K","0.00%"
"18/10/2017","18.18","18.14","18.18","17.88","0.32K","0.22%"
"17/10/2017","18.14","18.38","18.38","18.14","0.17K","0.00%"
"16/10/2017","18.14","18.30","18.30","18.14","0.02K","-0.87%"
"13/10/2017","18.30","17.67","18.30","17.67","3.41K","0.00%"
"12/10/2017","18.30","18.30","18.30","18.22","0.38K","-0.05%"
"11/10/2017","18.31","18.06","18.31","17.63","8.49K","0.94%"
"10/10/2017","18.14","18.17","18.17","18.14","0.28K","-12.96%"
"09/10/2017","20.84","20.99","20.99","20.84","0.19K","-0.71%"
"06/10/2017","20.99","20.73","21.20","20.73","1.70K","1.35%"
"05/10/2017","20.71","20.90","20.90","20.71","0.11K","-1.38%"
"04/10/2017","21.00","20.71","21.00","20.71","0.78K","0.00%"
"03/10/2017","21.00","21.01","21.01","21.00","0.74K","-0.94%"
"02/10/2017","21.20","21.22","21.22","21.01","0.11K","-0.09%"
"29/09/2017","21.22","21.00","21.25","21.00","4.82K","0.00%"
"28/09/2017","21.22","21.21","21.23","20.58","2.02K","-0.05%"
"27/09/2017","21.23","20.57","21.25","20.57","1.27K","-0.09%"
"26/09/2017","21.25","21.28","21.28","20.58","0.58K","-0.70%"
"25/09/2017","21.40","21.40","21.40","21.40","0.00K","1.13%"
"22/09/2017","21.16","20.55","21.17","20.55","2.60K","-0.09%"
"21/09/2017","21.18","20.55","21.18","20.55","2.02K","-0.24%"
"20/09/2017","21.23","21.00","21.30","20.70","0.19K","2.07%"
"19/09/2017","20.80","20.60","20.80","20.60","1.19K","0.97%"
"18/09/2017","20.60","20.60","20.60","20.40","0.31K","0.00%"
"15/09/2017","20.60","20.60","20.60","20.60","0.15K","-0.05%"
"14/09/2017","20.61","20.81","20.81","20.61","2.61K","-4.05%"
"13/09/2017","21.48","20.82","21.48","20.82","0.67K","0.00%"
"12/09/2017","21.48","21.48","21.48","21.00","1.67K","-0.05%"
"11/09/2017","21.49","21.02","21.49","21.02","0.11K","0.42%"
"08/09/2017","21.40","21.49","21.49","21.08","0.22K","-0.47%"
"07/09/2017","21.50","21.49","21.50","21.04","1.09K","0.05%"
"06/09/2017","21.49","21.50","21.50","21.12","1.69K","-0.05%"
"05/09/2017","21.50","21.45","21.50","21.45","0.10K","0.00%"
"04/09/2017","21.50","21.50","21.50","21.50","0.28K","0.00%"
"01/09/2017","21.50","21.60","21.60","21.10","0.45K","-0.42%"
"31/08/2017","21.59","21.42","21.59","21.30","0.60K","0.00%"
"30/08/2017","21.59","21.59","21.59","21.59","0.15K","-0.05%"
"29/08/2017","21.60","21.46","21.79","21.46","0.51K","0.00%"
"28/08/2017","21.60","21.90","21.90","21.46","1.63K","-0.23%"
"25/08/2017","21.65","21.55","21.70","21.55","3.21K","0.46%"
"24/08/2017","21.55","21.62","21.78","21.35","14.41K","2.67%"
"23/08/2017","20.99","20.73","21.00","20.73","0.52K","-1.46%"
"21/08/2017","21.30","21.34","21.34","20.62","0.33K","0.00%"
"18/08/2017","21.30","20.61","21.30","20.61","2.13K","0.00%"
"17/08/2017","21.30","20.77","21.30","20.77","0.86K","0.00%"
"16/08/2017","21.30","21.48","21.48","21.30","0.40K","-0.79%"
"14/08/2017","21.47","21.47","21.47","21.01","0.09K","-0.05%"
"11/08/2017","21.48","21.48","21.48","21.48","0.10K","0.05%"
"10/08/2017","21.47","21.49","21.49","21.22","0.26K","-0.09%"
"09/08/2017","21.49","21.50","21.50","21.20","1.02K","-0.05%"
"08/08/2017","21.50","21.20","21.65","21.20","1.18K","0.00%"
"07/08/2017","21.50","21.00","21.80","21.00","5.78K","2.38%"
"04/08/2017","21.00","20.40","21.00","20.40","3.26K","1.89%"
"03/08/2017","20.61","20.80","21.04","20.50","1.68K","-0.15%"
"02/08/2017","20.64","20.64","20.64","20.40","1.11K","-0.05%"
"01/08/2017","20.65","20.96","20.96","20.40","2.08K","0.63%"
"31/07/2017","20.52","20.97","20.97","20.41","3.07K","-2.47%"
"28/07/2017","21.04","21.04","21.04","21.04","0.05K","0.77%"
"27/07/2017","20.88","20.88","20.88","20.88","0.05K","-0.19%"
"26/07/2017","20.92","20.70","20.92","20.70","0.23K","0.87%"
"25/07/2017","20.74","20.94","20.94","20.52","1.27K","-1.24%"
"24/07/2017","21.00","20.99","21.00","20.51","0.85K","0.05%"
"21/07/2017","20.99","21.00","21.24","20.70","0.62K","-1.22%"
"20/07/2017","21.25","20.80","21.29","20.73","1.85K","2.51%"
"19/07/2017","20.73","21.00","21.29","20.73","1.49K","-2.22%"
"18/07/2017","21.20","20.70","21.50","20.70","2.31K","2.61%"
"17/07/2017","20.66","20.40","20.80","20.40","2.25K","1.32%"
"14/07/2017","20.39","20.19","20.48","20.10","2.75K","0.99%"
"13/07/2017","20.19","20.09","20.19","20.05","1.62K","0.40%"
"12/07/2017","20.11","20.17","20.17","20.00","1.22K","-0.30%"
"11/07/2017","20.17","20.17","20.17","20.17","0.02K","-0.05%"
"10/07/2017","20.18","20.18","20.18","20.18","0.50K","-0.05%"
"07/07/2017","20.19","20.19","20.19","20.19","0.03K","0.00%"
"06/07/2017","20.19","20.30","20.30","20.00","1.62K","-0.05%"
"05/07/2017","20.20","20.30","20.30","20.01","0.84K","-0.49%"
"04/07/2017","20.30","20.30","20.30","20.30","0.15K","0.00%"
"03/07/2017","20.30","20.39","20.39","20.29","0.51K","-0.93%"
"30/06/2017","20.49","20.29","20.50","20.10","1.45K","1.19%"
"29/06/2017","20.25","20.01","20.31","20.01","1.47K","-0.98%"
"28/06/2017","20.45","20.33","20.49","20.33","0.91K","0.00%"
"27/06/2017","20.45","20.49","20.49","20.45","0.66K","-0.24%"
"26/06/2017","20.50","20.30","20.50","20.29","1.19K","1.03%"
"23/06/2017","20.29","20.11","20.40","20.11","2.21K","-0.54%"
"22/06/2017","20.40","20.20","20.40","20.20","0.80K","-0.39%"
"21/06/2017","20.48","20.21","20.49","20.11","3.69K","-0.10%"
"19/06/2017","20.50","20.23","20.50","20.20","0.74K","0.74%"
"16/06/2017","20.35","20.35","20.35","20.35","0.00K","0.00%"
"14/06/2017","20.35","20.23","20.35","20.23","0.47K","-0.15%"
"13/06/2017","20.38","20.23","20.38","20.23","0.61K","0.15%"
"12/06/2017","20.35","20.23","20.46","20.23","1.56K","-0.39%"
"09/06/2017","20.43","20.22","20.45","20.22","1.17K","-0.15%"
"08/06/2017","20.46","20.21","20.46","20.21","0.32K","-0.10%"
"07/06/2017","20.48","20.30","20.50","20.22","3.27K","-0.10%"
"06/06/2017","20.50","20.49","20.50","20.22","0.85K","0.05%"
"05/06/2017","20.49","20.50","20.50","20.21","1.34K","-0.05%"
"02/06/2017","20.50","20.50","20.50","20.21","0.30K","0.00%"
"01/06/2017","20.50","20.40","20.50","20.40","0.54K","0.00%"
"31/05/2017","20.50","20.58","20.58","20.11","1.74K","-0.39%"
"30/05/2017","20.58","20.40","20.58","20.40","0.25K","0.00%"
"29/05/2017","20.58","20.60","20.60","20.58","0.75K","-0.10%"
"26/05/2017","20.60","20.50","20.60","20.02","1.89K","0.49%"
"25/05/2017","20.50","20.50","20.50","20.50","0.01K","0.00%"
"24/05/2017","20.50","20.60","20.64","20.05","4.07K","-0.97%"
"23/05/2017","20.70","20.70","20.70","20.70","0.49K","0.98%"
"22/05/2017","20.50","20.21","20.50","20.21","1.83K","0.05%"
"19/05/2017","20.49","20.49","20.49","20.47","0.40K","0.00%"
"18/05/2017","20.49","20.22","20.50","20.20","1.69K","-0.53%"
"16/05/2017","20.60","20.70","20.70","20.60","0.61K","0.00%"
"15/05/2017","20.60","20.52","20.81","20.52","0.31K","0.00%"
"12/05/2017","20.60","20.60","20.60","20.59","0.61K","0.00%"
"11/05/2017","20.60","20.62","20.62","20.40","1.48K","0.00%"
"10/05/2017","20.60","20.60","20.65","20.58","0.71K","0.00%"
"09/05/2017","20.60","20.60","20.60","20.50","0.70K","1.23%"
"08/05/2017","20.35","20.90","20.90","20.31","1.59K","-1.21%"
"05/05/2017","20.60","20.59","20.80","20.41","2.60K","0.05%"
"04/05/2017","20.59","20.60","20.60","20.21","1.15K","0.00%"
"02/05/2017","20.59","19.91","20.60","19.91","4.53K","1.93%"
"28/04/2017","20.20","20.05","20.20","20.01","1.33K","0.75%"
"27/04/2017","20.05","20.14","20.14","20.01","1.78K","-0.50%"
"26/04/2017","20.15","20.03","20.18","20.03","1.34K","-0.20%"
"25/04/2017","20.19","20.20","20.20","20.00","4.71K","-0.05%"
"24/04/2017","20.20","20.20","20.20","20.00","3.03K","0.05%"
"21/04/2017","20.19","20.19","20.20","20.00","0.63K","0.00%"
"20/04/2017","20.19","20.20","20.20","20.00","0.39K","-0.05%"
"19/04/2017","20.20","20.20","20.20","20.10","1.00K","0.00%"
"18/04/2017","20.20","20.20","20.20","20.00","0.61K","1.05%"
"13/04/2017","19.99","20.19","20.19","19.99","1.69K","-1.04%"
"12/04/2017","20.20","20.37","20.37","20.11","0.07K","-0.83%"
"11/04/2017","20.37","20.07","20.37","20.07","0.30K","1.24%"
"10/04/2017","20.12","20.03","20.20","20.03","0.45K","-0.89%"
"06/04/2017","20.30","20.39","20.39","20.30","0.31K","-0.39%"
"05/04/2017","20.38","20.10","20.38","20.10","0.55K","0.94%"
"04/04/2017","20.19","20.15","20.19","20.01","0.79K","-0.49%"
"03/04/2017","20.29","20.25","20.29","20.00","1.08K","-0.05%"
"31/03/2017","20.30","20.39","20.39","20.06","1.52K","-0.44%"
"30/03/2017","20.39","20.38","20.39","20.06","1.69K","0.00%"
"29/03/2017","20.39","20.39","20.39","20.05","1.73K","0.10%"
"28/03/2017","20.37","20.39","20.39","20.01","1.06K","-0.10%"
"27/03/2017","20.39","19.90","20.39","19.90","2.25K","-0.05%"
"24/03/2017","20.40","20.45","20.45","20.00","1.82K","1.49%"
"23/03/2017","20.10","20.15","20.15","20.05","0.68K","-0.25%"
"22/03/2017","20.15","20.20","20.20","20.15","0.27K","-1.47%"
"21/03/2017","20.45","20.45","20.45","20.45","0.40K","0.00%"
"20/03/2017","20.45","20.50","20.50","20.45","0.12K","-0.73%"
"17/03/2017","20.60","20.12","20.60","20.12","1.28K","2.90%"
"16/03/2017","20.02","20.70","20.74","20.02","2.11K","-3.47%"
"15/03/2017","20.74","20.77","20.77","20.50","1.02K","-0.19%"
"14/03/2017","20.78","20.87","20.87","20.52","1.11K","0.78%"
"13/03/2017","20.62","21.27","21.27","20.50","1.86K","-0.82%"
"10/03/2017","20.79","20.83","20.84","20.52","0.75K","-0.24%"
"09/03/2017","20.84","20.52","20.84","20.52","0.14K","0.43%"
"08/03/2017","20.75","20.78","20.78","20.56","3.00K","-0.29%"
"07/03/2017","20.81","21.05","21.10","20.78","0.74K","-1.61%"
"06/03/2017","21.15","20.86","21.40","20.86","3.39K","1.44%"
"03/03/2017","20.85","20.79","20.85","20.79","2.05K","0.43%"
"02/03/2017","20.76","20.88","20.88","20.60","3.84K","0.78%"
"01/03/2017","20.60","20.40","20.60","20.21","1.19K","0.73%"
"28/02/2017","20.45","20.15","20.70","20.15","2.89K","1.49%"
"27/02/2017","20.15","20.00","20.15","19.99","106.16K","0.25%"
"24/02/2017","20.10","20.25","20.25","19.90","9.17K","-0.45%"
"23/02/2017","20.19","20.50","20.50","20.19","9.01K","-1.27%"
"22/02/2017","20.45","20.20","20.45","20.19","1.21K","1.29%"
"21/02/2017","20.19","20.20","20.20","20.00","1.79K","0.40%"
"20/02/2017","20.11","20.44","20.45","20.07","10.00K","-1.66%"
"17/02/2017","20.45","20.70","20.70","20.44","3.03K","-0.54%"
"16/02/2017","20.56","20.50","20.70","20.50","3.70K","0.64%"
"15/02/2017","20.43","21.10","21.10","19.77","12.38K","-3.04%"
"14/02/2017","21.07","21.30","21.30","20.99","2.31K","-0.61%"
"13/02/2017","21.20","21.49","21.49","21.10","3.73K","-1.26%"
"10/02/2017","21.47","21.49","21.70","21.45","1.88K","0.33%"
"09/02/2017","21.40","21.00","21.40","20.90","2.41K","0.00%"
"08/02/2017","21.40","21.50","21.55","20.62","4.58K","-2.19%"
"07/02/2017","21.88","22.05","22.05","21.50","5.42K","-0.77%"
"06/02/2017","22.05","22.10","22.10","21.42","4.27K","-0.23%"
"03/02/2017","22.10","22.10","22.10","22.10","0.00K","0.23%"
"02/02/2017","22.05","22.25","22.79","21.95","2.12K","-1.83%"
"01/02/2017","22.46","22.87","22.87","22.30","1.75K","-1.84%"
"31/01/2017","22.88","22.99","22.99","22.20","0.97K","1.69%"
"30/01/2017","22.50","22.98","22.98","22.45","1.56K","-2.13%"
"27/01/2017","22.99","22.99","22.99","22.90","0.29K","0.61%"
"26/01/2017","22.85","23.35","23.35","21.52","1.54K","-0.87%"
"25/01/2017","23.05","23.02","23.11","22.56","1.88K","-1.71%"
"24/01/2017","23.45","23.45","23.45","23.45","0.00K","-0.09%"
"23/01/2017","23.47","23.20","23.47","23.02","0.45K","-0.34%"
"20/01/2017","23.55","23.20","23.55","23.20","0.01K","0.64%"
"19/01/2017","23.40","23.61","23.61","23.40","0.22K","-0.85%"
"18/01/2017","23.60","23.50","24.00","23.50","3.55K","1.72%"
"17/01/2017","23.20","23.20","23.20","23.19","2.46K","0.87%"
"16/01/2017","23.00","23.18","23.19","23.00","0.33K","-0.86%"
"13/01/2017","23.20","23.01","23.20","23.00","0.22K","0.00%"
"12/01/2017","23.20","22.53","23.20","22.53","0.92K","1.18%"
"11/01/2017","22.93","22.02","22.93","22.01","1.22K","4.18%"
"10/01/2017","22.01","22.01","22.01","22.01","0.18K","0.00%"
"09/01/2017","22.01","22.01","22.01","22.00","0.56K","0.00%"
"03/01/2017","22.01","22.79","22.80","22.01","0.08K","-3.46%"
"02/01/2017","22.80","22.90","22.90","22.35","0.13K","1.33%"
"30/12/2016","22.50","22.50","22.80","22.50","4.91K","2.37%"
"29/12/2016","21.98","21.95","21.99","21.95","1.51K","0.37%"
"28/12/2016","21.90","21.90","21.92","21.90","1.66K","0.46%"
"27/12/2016","21.80","21.70","21.84","21.70","2.12K","0.46%"
"23/12/2016","21.70","21.70","21.85","21.70","3.27K","0.00%"
"22/12/2016","21.70","21.70","21.70","21.70","3.01K","0.00%"
"21/12/2016","21.70","21.70","21.71","21.70","2.00K","-0.46%"
"20/12/2016","21.80","21.65","21.80","21.24","3.04K","0.69%"
"19/12/2016","21.65","21.65","21.65","21.65","1.50K","0.70%"
"16/12/2016","21.50","21.85","21.85","21.39","2.18K","-1.38%"
"15/12/2016","21.80","21.80","21.80","21.80","0.08K","0.00%"
"14/12/2016","21.80","21.84","21.90","21.17","2.39K","-0.18%"
"13/12/2016","21.84","21.59","21.85","21.59","2.00K","1.16%"
"12/12/2016","21.59","21.19","21.59","21.19","1.52K","2.76%"
"09/12/2016","21.01","21.00","21.20","21.00","1.22K","2.49%"
"08/12/2016","20.50","20.00","20.53","19.83","10.87K","2.55%"
"07/12/2016","19.99","19.99","20.00","19.90","2.20K","0.20%"
"06/12/2016","19.95","20.00","20.00","19.95","2.11K","-0.25%"
"05/12/2016","20.00","20.00","20.00","19.51","3.42K","0.00%"
"02/12/2016","20.00","20.00","20.00","19.98","0.80K","0.00%"
"01/12/2016","20.00","19.98","20.00","19.98","1.43K","0.05%"
"30/11/2016","19.99","19.98","19.99","19.98","1.25K","0.00%"
"29/11/2016","19.99","20.09","20.10","19.99","2.35K","0.00%"
"28/11/2016","19.99","20.00","20.09","19.99","1.35K","0.00%"
"25/11/2016","19.99","19.32","19.99","19.32","1.20K","2.46%"
"24/11/2016","19.51","19.70","19.70","19.51","0.18K","-2.40%"
"23/11/2016","19.99","19.99","19.99","19.99","0.88K","0.00%"
"22/11/2016","19.99","20.00","20.00","19.51","2.52K","-0.05%"
"21/11/2016","20.00","20.00","20.00","20.00","0.20K","0.00%"
"18/11/2016","20.00","20.10","20.39","20.00","1.02K","-0.50%"
"17/11/2016","20.10","20.10","20.10","20.10","0.20K","0.50%"
"16/11/2016","20.00","20.00","20.00","20.00","1.50K","0.00%"
"15/11/2016","20.00","20.00","20.00","20.00","1.00K","0.00%"
"14/11/2016","20.00","20.00","20.00","20.00","0.96K","0.00%"
"10/11/2016","20.00","20.35","20.35","20.00","3.56K","-1.96%"
"08/11/2016","20.40","20.28","20.40","20.28","0.13K","0.59%"
"07/11/2016","20.28","20.48","20.48","20.28","1.02K","0.00%"
"04/11/2016","20.28","20.28","20.28","20.28","0.07K","-0.10%"
"03/11/2016","20.30","20.30","20.30","20.00","3.15K","-0.98%"
"02/11/2016","20.50","20.71","20.71","20.30","1.85K","-1.96%"
"31/10/2016","20.91","21.20","21.20","20.91","0.01K","-1.83%"
"28/10/2016","21.30","21.00","21.30","21.00","0.34K","1.43%"
"27/10/2016","21.00","21.00","21.00","21.00","1.03K","-0.05%"
"26/10/2016","21.01","20.61","21.01","20.61","1.34K","-0.47%"
"25/10/2016","21.11","21.11","21.11","21.11","0.40K","-0.89%"
"24/10/2016","21.30","21.25","21.30","21.25","0.50K","0.00%"
"21/10/2016","21.30","21.30","21.30","21.30","0.40K","1.43%"
"19/10/2016","21.00","21.00","21.00","21.00","0.69K","0.00%"
"17/10/2016","21.00","21.29","21.29","21.00","0.16K","-1.36%"
"14/10/2016","21.29","21.00","21.30","21.00","0.86K","0.90%"
"13/10/2016","21.10","21.42","21.42","21.10","0.36K","-1.54%"
"12/10/2016","21.43","20.82","21.45","20.82","0.28K","-0.28%"
"10/10/2016","21.49","21.49","21.49","20.62","0.19K","1.18%"
"07/10/2016","21.24","21.50","21.50","21.00","2.82K","-1.67%"
"06/10/2016","21.60","21.60","21.60","21.60","0.16K","0.00%"
"05/10/2016","21.60","21.60","21.60","21.60","0.63K","0.05%"
"04/10/2016","21.59","21.59","21.59","21.00","2.56K","0.00%"
"03/10/2016","21.59","21.90","22.00","21.40","2.36K","-1.86%"
"30/09/2016","22.00","21.50","22.00","21.50","2.04K","2.33%"
"29/09/2016","21.50","21.30","21.50","21.30","1.25K","2.38%"
"28/09/2016","21.00","20.99","21.00","20.98","1.45K","0.10%"
"27/09/2016","20.98","20.98","20.98","20.50","3.33K","0.38%"
"26/09/2016","20.90","20.80","20.90","20.80","0.42K","0.48%"
"23/09/2016","20.80","20.80","20.85","20.80","0.75K","0.00%"
"22/09/2016","20.80","20.70","20.80","20.14","0.89K","0.48%"
"21/09/2016","20.70","20.70","20.70","20.70","0.66K","0.00%"
"20/09/2016","20.70","20.70","20.70","20.70","0.17K","0.00%"
"19/09/2016","20.70","20.80","20.80","20.60","0.76K","0.00%"
"16/09/2016","20.70","20.55","20.70","20.00","2.05K","0.00%"
"15/09/2016","20.70","20.50","20.75","20.50","0.80K","-0.24%"
"14/09/2016","20.75","20.70","20.75","20.70","1.30K","0.24%"
"13/09/2016","20.70","20.00","20.70","20.00","0.81K","3.55%"
"12/09/2016","19.99","19.42","20.19","19.42","1.29K","-1.43%"
"09/09/2016","20.28","20.29","20.29","20.00","1.59K","-0.49%"
"08/09/2016","20.38","19.97","20.50","19.50","4.74K","2.05%"
"07/09/2016","19.97","19.57","19.98","19.57","1.60K","-0.15%"
"06/09/2016","20.00","19.99","20.00","19.60","0.43K","0.00%"
"05/09/2016","20.00","20.00","20.00","20.00","0.30K","0.05%"
"02/09/2016","19.99","19.56","20.00","19.56","0.16K","-0.05%"
"01/09/2016","20.00","19.56","20.00","19.56","0.85K","0.00%"
"30/08/2016","20.00","20.00","20.00","20.00","0.51K","0.05%"
"29/08/2016","19.99","20.00","20.00","19.80","0.23K","-0.05%"
"26/08/2016","20.00","20.00","20.00","20.00","0.07K","0.00%"
"25/08/2016","20.00","20.00","20.00","19.71","1.85K","0.00%"
"24/08/2016","20.00","19.60","20.00","19.60","1.70K","0.00%"
"23/08/2016","20.00","20.00","20.05","20.00","0.37K","0.00%"
"22/08/2016","20.00","20.00","20.00","19.66","1.07K","0.00%"
"19/08/2016","20.00","20.00","20.00","20.00","1.30K","0.00%"
"18/08/2016","20.00","20.00","20.00","20.00","0.14K","0.00%"
"17/08/2016","20.00","19.61","20.00","19.61","0.72K","0.00%"
"16/08/2016","20.00","20.00","20.30","19.60","2.49K","0.50%"
"12/08/2016","19.90","19.87","20.00","18.90","12.59K","0.15%"
"11/08/2016","19.87","19.55","19.92","19.55","5.38K","-0.35%"
"10/08/2016","19.94","19.70","20.50","19.60","9.86K","-0.15%"
"09/08/2016","19.97","19.72","20.10","19.60","6.11K","1.22%"
"08/08/2016","19.73","20.33","20.33","19.40","11.96K","-3.00%"
"05/08/2016","20.34","20.15","20.34","20.15","1.52K","-0.05%"
"04/08/2016","20.35","20.35","20.35","20.35","1.10K","-0.05%"
"03/08/2016","20.36","20.40","20.40","20.00","4.58K","-1.40%"
"02/08/2016","20.65","20.96","20.96","20.60","2.02K","-1.57%"
"01/08/2016","20.98","21.35","21.35","20.61","2.90K","-1.73%"
"29/07/2016","21.35","21.20","21.35","20.71","2.00K","-0.09%"
"28/07/2016","21.37","21.06","21.37","21.06","0.59K","-0.28%"
"27/07/2016","21.43","21.43","21.43","21.43","0.05K","-0.09%"
"26/07/2016","21.45","20.81","21.47","20.81","0.75K","-0.19%"
"25/07/2016","21.49","21.50","21.50","21.00","0.31K","-0.51%"
"22/07/2016","21.60","21.37","21.60","20.87","1.33K","1.08%"
"21/07/2016","21.37","21.58","21.58","20.71","4.49K","-0.97%"
"20/07/2016","21.58","21.80","21.80","21.17","2.07K","-1.42%"
"19/07/2016","21.89","21.90","21.90","21.41","0.60K","0.88%"
"18/07/2016","21.70","21.64","21.70","21.18","0.33K","0.05%"
"15/07/2016","21.69","21.80","21.80","21.06","2.40K","-0.50%"
"14/07/2016","21.80","21.98","22.00","21.45","1.20K","0.00%"
"13/07/2016","21.80","21.99","22.00","21.31","0.51K","0.23%"
"12/07/2016","21.75","21.75","21.75","21.24","0.65K","0.00%"
"11/07/2016","21.75","21.99","21.99","21.46","1.13K","0.00%"
"08/07/2016","21.75","21.79","21.80","21.21","0.82K","-0.23%"
"07/07/2016","21.80","21.01","21.80","20.84","0.61K","1.40%"
"06/07/2016","21.50","21.29","21.50","21.29","1.48K","0.94%"
"05/07/2016","21.30","21.40","21.40","20.60","0.72K","-0.47%"
"04/07/2016","21.40","21.40","21.40","20.53","1.29K","0.00%"
"01/07/2016","21.40","21.49","21.50","21.20","0.97K","0.94%"
"30/06/2016","21.20","21.20","21.21","21.20","0.37K","1.00%"
"29/06/2016","20.99","20.60","21.20","20.60","2.36K","2.39%"
"28/06/2016","20.50","20.02","20.50","19.80","5.86K","2.50%"
"27/06/2016","20.00","20.40","20.40","20.00","2.63K","1.01%"
"24/06/2016","19.80","19.60","19.80","19.60","2.51K","-3.27%"
"23/06/2016","20.47","20.57","20.57","19.80","2.77K","3.12%"
"22/06/2016","19.85","20.00","20.00","19.42","4.27K","-0.15%"
"21/06/2016","19.88","19.91","20.00","19.33","15.40K","-0.25%"
"20/06/2016","19.93","20.08","20.08","19.93","0.70K","0.00%"
"17/06/2016","19.93","20.00","20.00","19.60","4.72K","-1.09%"
"16/06/2016","20.15","20.49","20.49","19.90","1.33K","-1.66%"
"15/06/2016","20.49","20.13","20.49","20.11","2.47K","0.05%"
"14/06/2016","20.48","20.49","20.49","20.10","1.09K","0.89%"
"13/06/2016","20.30","21.79","21.79","20.04","2.75K","-0.98%"
"10/06/2016","20.50","21.00","21.19","20.50","7.87K","-2.38%"
"09/06/2016","21.00","20.95","21.00","20.00","10.24K","0.24%"
"08/06/2016","20.95","21.00","21.00","20.52","5.54K","-0.24%"
"07/06/2016","21.00","21.20","21.20","20.62","8.36K","-0.94%"
"06/06/2016","21.20","21.46","21.46","20.45","9.99K","-2.30%"
"03/06/2016","21.70","22.00","22.00","21.55","3.26K","-1.36%"
"02/06/2016","22.00","22.30","22.30","21.61","2.08K","-1.35%"
"01/06/2016","22.30","22.30","22.30","21.15","11.76K","1.83%"
"31/05/2016","21.90","22.44","23.00","21.80","58.28K","-11.98%"
"30/05/2016","24.88","24.79","24.88","24.20","0.10K","0.04%"
"27/05/2016","24.87","24.33","24.87","23.91","0.35K","2.18%"
"25/05/2016","24.34","24.40","24.97","23.91","1.74K","-0.04%"
"24/05/2016","24.35","24.40","24.40","24.13","0.20K","-0.94%"
"23/05/2016","24.58","24.55","24.58","24.10","0.75K","-0.08%"
"20/05/2016","24.60","24.70","24.70","24.10","1.37K","1.44%"
"19/05/2016","24.25","24.66","25.40","24.25","4.92K","-4.53%"
"18/05/2016","25.40","25.40","25.40","24.62","0.74K","-0.39%"
"17/05/2016","25.50","25.50","25.50","25.50","0.70K","2.12%"
"16/05/2016","24.97","24.00","24.97","24.00","1.07K","1.50%"
"13/05/2016","24.60","24.50","24.60","23.83","1.95K","0.00%"
"12/05/2016","24.60","24.80","24.80","24.60","0.15K","-0.81%"
"11/05/2016","24.80","24.49","24.80","24.49","1.62K","1.68%"
"10/05/2016","24.39","23.82","24.40","23.82","1.70K","-0.16%"
"09/05/2016","24.43","24.40","24.43","23.81","0.53K","0.16%"
"06/05/2016","24.39","23.72","24.48","23.72","0.65K","0.41%"
"05/05/2016","24.29","24.70","24.70","23.61","3.77K","-1.66%"
"04/05/2016","24.70","24.99","24.99","24.70","0.04K","-1.20%"
"02/05/2016","25.00","25.00","25.00","25.00","0.05K","0.00%"
"29/04/2016","25.00","25.00","25.00","24.71","0.86K","0.00%"
"28/04/2016","25.00","24.71","25.00","24.71","0.59K","0.00%"
"27/04/2016","25.00","24.66","25.00","24.66","0.65K","0.00%"
"26/04/2016","25.00","25.30","25.30","24.51","2.12K","-1.61%"
"25/04/2016","25.41","25.96","25.96","25.31","2.23K","-2.12%"
"22/04/2016","25.96","25.98","25.98","25.51","2.80K","-0.15%"
"21/04/2016","26.00","26.00","26.00","25.74","2.53K","0.08%"
"20/04/2016","25.98","26.00","26.20","25.70","1.43K","-1.18%"
"19/04/2016","26.29","26.20","26.29","26.00","0.85K","-0.38%"
"18/04/2016","26.39","26.10","26.39","25.67","2.02K","1.11%"
"15/04/2016","26.10","26.15","26.15","26.10","1.73K","-1.51%"
"14/04/2016","26.50","26.50","26.50","26.03","0.55K","0.00%"
"13/04/2016","26.50","26.50","26.75","26.16","1.36K","-0.93%"
"12/04/2016","26.75","26.16","26.75","26.16","0.15K","0.26%"
"11/04/2016","26.68","26.68","26.68","26.68","1.18K","-0.07%"
"08/04/2016","26.70","26.68","26.70","26.16","0.37K","0.04%"
"07/04/2016","26.69","26.69","26.69","26.11","0.40K","2.26%"
"06/04/2016","26.10","26.70","26.70","26.06","1.23K","0.38%"
"05/04/2016","26.00","26.50","26.50","26.00","1.85K","-3.31%"
"04/04/2016","26.89","26.50","26.89","26.29","1.31K","1.32%"
"01/04/2016","26.54","26.50","26.54","26.50","0.54K","0.15%"
"31/03/2016","26.50","26.50","26.72","26.50","1.09K","0.00%"
"30/03/2016","26.50","26.00","26.66","26.00","0.46K","1.92%"
"29/03/2016","26.00","26.00","26.00","26.00","0.23K","0.00%"
"24/03/2016","26.00","26.00","26.00","26.00","0.18K","0.00%"
"23/03/2016","26.00","26.00","26.01","26.00","0.33K","0.00%"
"22/03/2016","26.00","26.00","26.00","26.00","0.31K","0.00%"
"21/03/2016","26.00","26.00","26.40","26.00","0.91K","0.00%"
"18/03/2016","26.00","26.05","26.20","26.00","0.73K","-1.52%"
"17/03/2016","26.40","26.02","26.40","26.02","0.75K","0.76%"
"16/03/2016","26.20","26.51","26.51","26.20","0.80K","-1.13%"
"15/03/2016","26.50","26.81","26.95","26.50","3.51K","-1.12%"
"14/03/2016","26.80","27.35","27.71","26.80","5.38K","-2.01%"
"11/03/2016","27.35","25.02","27.47","25.02","22.00K","12.09%"
"10/03/2016","24.40","24.40","25.00","24.40","2.04K","0.83%"
"09/03/2016","24.20","24.02","24.40","24.00","0.65K","0.83%"
"08/03/2016","24.00","24.00","24.40","24.00","1.28K","0.00%"
"07/03/2016","24.00","24.17","24.17","23.55","2.99K","-0.70%"
"04/03/2016","24.17","24.20","24.47","24.17","0.56K","-1.35%"
"03/03/2016","24.50","24.00","24.50","24.00","0.87K","0.41%"
"01/03/2016","24.40","24.40","24.40","24.40","0.19K","-0.41%"
"29/02/2016","24.50","24.46","24.50","24.46","0.18K","1.24%"
"26/02/2016","24.20","23.67","24.20","22.63","4.89K","0.83%"
"25/02/2016","24.00","24.19","24.20","24.00","0.33K","0.00%"
"24/02/2016","24.00","24.21","24.21","23.66","0.71K","-0.87%"
"23/02/2016","24.21","24.20","24.21","24.20","0.15K","0.46%"
"22/02/2016","24.10","24.10","24.46","24.10","0.26K","-0.62%"
"19/02/2016","24.25","24.10","24.30","23.88","1.41K","0.83%"
"18/02/2016","24.05","24.05","24.30","24.05","0.61K","0.00%"
"17/02/2016","24.05","24.00","24.30","24.00","0.75K","0.21%"
"16/02/2016","24.00","24.20","24.20","24.00","0.35K","0.00%"
"15/02/2016","24.00","24.00","24.01","24.00","0.81K","0.00%"
"12/02/2016","24.00","24.00","24.00","23.90","3.51K","0.00%"
"11/02/2016","24.00","24.00","24.25","24.00","1.10K","-1.88%"
"10/02/2016","24.46","24.02","24.49","23.05","3.39K","-0.16%"
"09/02/2016","24.50","24.49","24.50","24.00","1.91K","0.00%"
"08/02/2016","24.50","24.52","24.52","24.00","0.80K","-0.08%"
"05/02/2016","24.52","24.14","24.54","24.13","0.39K","1.57%"
"04/02/2016","24.14","24.02","24.25","24.00","0.66K","-0.04%"
"03/02/2016","24.15","23.81","24.30","23.81","1.30K","0.62%"
"02/02/2016","24.00","24.20","24.59","24.00","1.37K","-0.83%"
"01/02/2016","24.20","24.60","24.60","24.20","1.02K","-2.06%"
"29/01/2016","24.71","24.66","24.71","24.66","0.02K","-0.48%"
"28/01/2016","24.83","24.62","24.83","24.30","3.15K","-0.60%"
"27/01/2016","24.98","24.50","25.00","24.41","0.89K","1.34%"
"26/01/2016","24.65","24.65","24.65","24.40","0.88K","0.00%"
"25/01/2016","24.65","24.72","25.00","24.41","2.71K","0.00%"
"22/01/2016","24.65","24.70","25.00","24.60","4.45K","0.00%"
"21/01/2016","24.65","24.65","24.70","24.64","2.43K","0.04%"
"20/01/2016","24.64","24.20","24.65","23.61","6.57K","-0.04%"
"19/01/2016","24.65","24.89","24.89","24.20","1.98K","-1.16%"
"18/01/2016","24.94","25.50","26.00","24.49","6.65K","-4.08%"
"15/01/2016","26.00","26.10","26.10","25.51","1.83K","0.00%"
"14/01/2016","26.00","26.00","26.00","25.53","0.56K","0.00%"
"13/01/2016","26.00","26.00","26.47","26.00","1.39K","0.00%"
"12/01/2016","26.00","26.00","26.20","25.06","7.22K","0.74%"
"11/01/2016","25.81","26.37","26.82","25.81","4.35K","-4.34%"
"08/01/2016","26.98","26.99","26.99","26.58","2.26K","-0.07%"
"07/01/2016","27.00","26.55","27.00","26.12","2.74K","-0.55%"
"05/01/2016","27.15","26.61","27.15","26.40","4.02K","0.00%"
"04/01/2016","27.15","26.80","27.15","26.66","1.42K","-1.27%"
"30/12/2015","27.50","26.10","27.80","26.01","42.55K","0.00%"
"29/12/2015","27.50","27.50","27.60","26.30","54.75K","1.85%"
"28/12/2015","27.00","27.00","27.10","25.81","18.24K","1.58%"
"23/12/2015","26.58","26.70","27.80","26.50","35.71K","-3.35%"
"22/12/2015","27.50","27.30","27.50","26.70","21.20K","0.55%"
"21/12/2015","27.35","27.90","27.90","27.00","9.39K","0.18%"
"18/12/2015","27.30","27.00","27.30","27.00","0.87K","2.25%"
"17/12/2015","26.70","26.30","27.20","26.30","1.57K","1.52%"
"16/12/2015","26.30","26.20","26.30","26.19","6.96K","0.00%"
"15/12/2015","26.30","26.37","26.37","25.61","2.67K","-0.23%"
"14/12/2015","26.36","26.41","26.41","25.60","4.23K","-0.19%"
"11/12/2015","26.41","26.00","26.50","25.51","3.43K","1.58%"
"10/12/2015","26.00","26.40","26.46","26.00","3.43K","-3.70%"
"09/12/2015","27.00","27.00","27.00","26.40","5.69K","0.04%"
"08/12/2015","26.99","26.99","27.00","26.41","1.20K","-0.04%"
"07/12/2015","27.00","27.35","27.50","27.00","2.51K","-0.74%"
"04/12/2015","27.20","26.73","27.20","26.01","5.09K","-0.87%"
"03/12/2015","27.44","27.00","27.70","26.71","1.66K","1.63%"
"02/12/2015","27.00","28.20","28.20","27.00","13.17K","-5.26%"
"01/12/2015","28.50","29.10","29.10","28.50","7.36K","-2.06%"
"30/11/2015","29.10","29.00","29.80","28.50","9.62K","0.69%"
"27/11/2015","28.90","27.00","28.95","27.00","11.41K","7.04%"
"26/11/2015","27.00","26.20","27.00","26.00","6.38K","3.81%"
"25/11/2015","26.01","25.74","26.98","25.16","3.61K","2.00%"
"24/11/2015","25.50","25.60","26.00","25.50","7.01K","0.00%"
"23/11/2015","25.50","25.00","25.55","25.00","6.21K","2.00%"
"20/11/2015","25.00","24.78","25.00","24.78","18.05K","2.46%"
"19/11/2015","24.40","24.00","24.80","23.81","11.06K","1.67%"
"18/11/2015","24.00","24.00","24.00","23.81","3.29K","-0.04%"
"17/11/2015","24.01","24.00","24.55","24.00","0.65K","-1.96%"
"16/11/2015","24.49","24.00","24.49","24.00","1.35K","2.04%"
"13/11/2015","24.00","24.00","24.00","23.80","2.72K","-1.84%"
"12/11/2015","24.45","24.25","24.45","24.02","0.22K","-0.41%"
"10/11/2015","24.55","24.50","24.55","24.00","0.83K","0.00%"
"09/11/2015","24.55","24.00","24.79","24.00","1.04K","1.45%"
"06/11/2015","24.20","24.00","24.20","24.00","1.91K","0.83%"
"05/11/2015","24.00","24.01","24.01","23.51","16.73K","-2.04%"
"04/11/2015","24.50","24.71","24.71","24.00","8.88K","-1.53%"
"03/11/2015","24.88","24.88","24.88","24.88","0.03K","0.00%"
"02/11/2015","24.88","24.88","24.88","24.88","0.19K","0.12%"
"30/10/2015","24.85","24.30","24.88","24.21","2.96K","0.93%"
"29/10/2015","24.62","24.45","24.68","24.20","7.12K","0.29%"
"28/10/2015","24.55","24.55","24.55","24.55","0.00K","0.82%"
"27/10/2015","24.35","24.00","24.50","24.00","4.66K","1.46%"
"26/10/2015","24.00","23.61","24.00","23.50","1.89K","0.04%"
"23/10/2015","23.99","24.32","24.61","23.99","1.71K","-3.58%"
"22/10/2015","24.88","24.55","24.88","24.45","0.13K","0.32%"
"21/10/2015","24.80","24.80","24.80","24.02","4.44K","-0.68%"
"20/10/2015","24.97","24.61","24.97","24.60","0.29K","1.09%"
"19/10/2015","24.70","24.66","24.70","24.58","0.29K","-0.80%"
"16/10/2015","24.90","24.75","24.90","24.55","0.24K","-0.36%"
"15/10/2015","24.99","24.76","24.99","24.75","0.53K","-0.04%"
"14/10/2015","25.00","25.40","25.40","25.00","2.62K","-1.57%"
"13/10/2015","25.40","24.69","26.00","24.69","7.71K","2.92%"
"12/10/2015","24.68","24.31","24.68","24.30","0.31K","-0.04%"
"09/10/2015","24.69","24.77","24.99","24.32","3.91K","-0.04%"
"08/10/2015","24.70","24.97","24.98","24.70","0.06K","0.00%"
"07/10/2015","24.70","24.80","25.00","24.34","10.29K","0.82%"
"06/10/2015","24.50","24.50","24.50","24.50","0.03K","0.00%"
"05/10/2015","24.50","23.98","24.50","23.97","8.20K","2.17%"
"02/10/2015","23.98","23.98","23.98","23.81","0.66K","-0.04%"
"01/10/2015","23.99","23.99","23.99","23.99","0.50K","0.00%"
"30/09/2015","23.99","23.99","23.99","23.65","7.14K","0.00%"
"29/09/2015","23.99","23.99","24.00","23.68","4.10K","0.00%"
"28/09/2015","23.99","24.00","24.00","23.51","5.56K","0.00%"
"25/09/2015","23.99","24.25","24.26","23.99","4.34K","-0.04%"
"24/09/2015","24.00","24.00","24.00","23.98","2.80K","0.00%"
"23/09/2015","24.00","24.00","24.00","23.98","5.36K","0.00%"
"22/09/2015","24.00","24.00","24.00","23.98","3.53K","0.00%"
"21/09/2015","24.00","23.99","24.00","23.50","5.45K","0.00%"
"18/09/2015","24.00","23.90","24.00","23.31","3.22K","0.04%"
"17/09/2015","23.99","23.98","23.99","23.98","1.29K","0.00%"
"16/09/2015","23.99","23.98","23.99","23.59","1.15K","0.00%"
"15/09/2015","23.99","24.00","24.00","23.85","1.10K","-0.04%"
"14/09/2015","24.00","23.52","24.00","23.01","5.31K","0.00%"
"11/09/2015","24.00","23.98","24.00","23.51","2.23K","0.08%"
"10/09/2015","23.98","23.97","23.98","23.61","4.54K","0.00%"
"09/09/2015","23.98","23.61","23.98","23.61","4.98K","0.13%"
"08/09/2015","23.95","23.98","23.98","23.95","1.00K","-0.08%"
"07/09/2015","23.97","24.50","24.50","23.50","2.65K","-0.13%"
"04/09/2015","24.00","24.40","24.40","24.00","0.54K","-0.41%"
"03/09/2015","24.10","23.97","24.10","23.97","1.63K","0.50%"
"02/09/2015","23.98","24.88","24.88","23.98","2.41K","-3.11%"
"01/09/2015","24.75","24.69","24.75","24.10","5.43K","0.00%"
"31/08/2015","24.75","24.03","24.75","24.03","5.29K","1.02%"
"28/08/2015","24.50","24.50","24.54","24.00","5.09K","2.08%"
"27/08/2015","24.00","23.50","24.29","23.50","7.80K","2.13%"
"26/08/2015","23.50","22.99","23.50","22.99","15.60K","2.17%"
"25/08/2015","23.00","21.50","23.20","21.00","5.15K","7.98%"
"24/08/2015","21.30","22.10","22.10","20.60","8.30K","-7.31%"
"21/08/2015","22.98","23.18","23.18","22.31","0.41K","-0.91%"
"20/08/2015","23.19","23.19","23.19","22.25","0.42K","-0.04%"
"18/08/2015","23.20","23.28","23.28","22.20","1.38K","-0.43%"
"17/08/2015","23.30","22.52","23.30","22.52","0.23K","1.75%"
"14/08/2015","22.90","22.53","22.90","22.52","0.26K","0.00%"
"12/08/2015","22.90","22.90","22.90","22.51","0.64K","-0.39%"
"11/08/2015","22.99","23.11","23.49","22.81","2.94K","-2.83%"
"10/08/2015","23.66","23.15","23.67","23.15","0.66K","2.20%"
"07/08/2015","23.15","23.61","23.61","23.12","0.62K","-1.91%"
"06/08/2015","23.60","23.30","23.60","23.02","1.43K","0.85%"
"05/08/2015","23.40","23.93","23.95","23.40","4.09K","-2.26%"
"04/08/2015","23.94","23.90","23.95","23.64","4.33K","1.31%"
"03/08/2015","23.63","23.39","23.63","23.10","3.25K","1.03%"
"31/07/2015","23.39","22.50","23.40","22.50","6.64K","3.96%"
"30/07/2015","22.50","22.50","22.50","22.05","0.40K","2.27%"
"29/07/2015","22.00","22.00","22.00","21.90","2.19K","0.00%"
"28/07/2015","22.00","22.00","22.00","21.51","3.07K","0.00%"
"27/07/2015","22.00","22.00","22.00","21.81","7.03K","0.00%"
"24/07/2015","22.00","21.80","22.00","21.80","2.11K","0.92%"
"23/07/2015","21.80","21.70","21.80","21.70","0.20K","0.46%"
"22/07/2015","21.70","21.70","21.70","21.70","0.28K","0.00%"
"21/07/2015","21.70","21.71","21.89","21.70","0.28K","0.00%"
"20/07/2015","21.70","21.70","21.70","21.70","1.45K","0.00%"
"17/07/2015","21.70","21.65","21.70","21.65","0.99K","0.28%"
"16/07/2015","21.64","21.64","21.65","21.02","1.21K","0.00%"
"15/07/2015","21.64","21.64","21.64","21.01","0.40K","0.23%"
"13/07/2015","21.59","20.70","21.59","20.70","1.73K","0.98%"
"10/07/2015","21.38","21.49","21.49","21.02","0.11K","1.76%"
"09/07/2015","21.01","21.10","21.10","21.01","0.72K","-2.23%"
"08/07/2015","21.49","21.50","21.50","21.01","1.32K","-0.05%"
"07/07/2015","21.50","21.52","21.52","21.20","2.87K","-1.83%"
"06/07/2015","21.90","21.90","21.90","21.90","0.10K","1.86%"
"03/07/2015","21.50","21.50","21.50","21.50","0.87K","0.00%"
"02/07/2015","21.50","21.50","21.50","21.50","0.29K","0.00%"
"01/07/2015","21.50","20.33","21.50","20.32","3.78K","0.94%"
"30/06/2015","21.30","21.30","21.60","21.30","1.68K","0.00%"
"29/06/2015","21.30","21.00","21.30","20.60","4.15K","-0.93%"
"26/06/2015","21.50","21.30","21.50","21.25","0.41K","0.94%"
"25/06/2015","21.30","21.30","21.58","21.30","0.42K","0.00%"
"24/06/2015","21.30","21.30","21.30","21.30","0.19K","0.24%"
"23/06/2015","21.25","21.30","21.58","21.20","0.56K","-0.23%"
"22/06/2015","21.30","21.30","21.30","19.70","7.02K","0.00%"
"19/06/2015","21.30","21.30","21.30","21.30","0.12K","0.00%"
"18/06/2015","21.30","21.35","21.35","20.02","6.58K","-0.42%"
"17/06/2015","21.39","21.45","21.45","21.11","2.25K","-0.28%"
"16/06/2015","21.45","21.79","21.79","21.06","3.38K","-1.52%"
"15/06/2015","21.78","21.79","21.79","21.70","1.25K","-0.05%"
"12/06/2015","21.79","20.80","21.79","20.80","1.52K","-0.91%"
"11/06/2015","21.99","21.97","22.00","21.02","1.34K","0.00%"
"10/06/2015","21.99","22.20","22.20","21.01","1.33K","-2.48%"
"09/06/2015","22.55","22.55","22.55","22.55","0.25K","0.00%"
"08/06/2015","22.55","22.60","22.60","22.16","0.67K","0.00%"
"05/06/2015","22.55","22.64","22.64","22.50","0.75K","-0.40%"
"03/06/2015","22.64","22.59","22.64","22.50","1.31K","0.22%"
"02/06/2015","22.59","22.60","22.60","22.50","1.57K","-0.04%"
"01/06/2015","22.60","22.64","22.64","22.55","1.20K","-0.18%"
"29/05/2015","22.64","22.62","23.00","22.22","3.40K","0.00%"
"28/05/2015","22.64","22.55","22.64","22.21","1.95K","-0.09%"
"27/05/2015","22.66","22.66","22.66","22.50","0.54K","0.13%"
"26/05/2015","22.63","22.70","22.70","22.60","1.65K","-0.31%"
"25/05/2015","22.70","22.97","22.97","22.60","1.60K","-0.18%"
"22/05/2015","22.74","22.73","22.74","22.41","1.16K","0.00%"
"21/05/2015","22.74","22.75","22.75","22.32","1.35K","-0.04%"
"20/05/2015","22.75","22.95","23.00","22.50","4.14K","-1.09%"
"19/05/2015","23.00","23.30","23.30","22.81","1.42K","-1.50%"
"18/05/2015","23.35","23.10","23.40","23.10","0.97K","0.04%"
"15/05/2015","23.34","23.20","23.40","23.09","1.27K","0.82%"
"14/05/2015","23.15","23.79","23.79","22.50","4.15K","-2.32%"
"13/05/2015","23.70","23.41","24.95","23.35","9.76K","3.45%"
"12/05/2015","22.91","22.91","23.00","22.91","0.87K","0.00%"
"11/05/2015","22.91","23.18","23.18","22.90","2.71K","0.00%"
"08/05/2015","22.91","22.90","23.10","22.70","0.70K","0.93%"
"07/05/2015","22.70","22.70","23.00","22.70","1.06K","0.00%"
"06/05/2015","22.70","22.35","22.90","22.35","1.52K","0.22%"
"05/05/2015","22.65","22.90","23.00","22.37","1.11K","-1.52%"
"04/05/2015","23.00","22.99","23.00","22.37","0.55K","0.00%"
"30/04/2015","23.00","23.00","23.10","23.00","0.79K","0.00%"
"29/04/2015","23.00","23.00","23.00","22.90","1.23K","0.00%"
"28/04/2015","23.00","23.00","23.00","22.16","1.83K","0.00%"
"27/04/2015","23.00","22.57","23.00","22.25","1.59K","0.13%"
"24/04/2015","22.97","23.00","23.30","22.97","1.45K","0.09%"
"23/04/2015","22.95","22.51","23.00","22.50","2.22K","0.66%"
"22/04/2015","22.80","23.00","23.00","22.80","1.45K","0.00%"
"21/04/2015","22.80","23.00","23.00","22.60","3.10K","-0.87%"
"20/04/2015","23.00","23.00","23.40","22.86","2.45K","-1.71%"
"17/04/2015","23.40","23.60","23.60","22.55","6.25K","-1.68%"
"15/04/2015","23.80","23.80","23.80","23.72","0.94K","0.00%"
"14/04/2015","23.80","23.90","23.90","23.21","1.57K","-0.42%"
"13/04/2015","23.90","23.90","23.90","23.90","0.16K","0.00%"
"10/04/2015","23.90","23.80","23.90","23.50","1.55K","0.59%"
"09/04/2015","23.76","24.10","24.10","23.53","6.37K","-1.82%"
"08/04/2015","24.20","24.17","24.30","24.07","1.11K","0.00%"
"07/04/2015","24.20","24.40","24.40","24.20","4.28K","-1.22%"
"02/04/2015","24.50","24.20","24.50","24.15","0.56K","1.79%"
"01/04/2015","24.07","24.20","24.20","24.06","0.42K","0.08%"
"31/03/2015","24.05","24.00","24.43","24.00","3.28K","1.91%"
"30/03/2015","23.60","23.45","23.60","23.45","0.46K","1.29%"
"27/03/2015","23.30","23.00","23.30","22.55","4.25K","1.08%"
"26/03/2015","23.05","23.02","23.18","23.00","2.10K","-0.56%"
"25/03/2015","23.18","23.00","23.20","23.00","1.17K","0.78%"
"24/03/2015","23.00","22.95","23.00","22.80","1.03K","0.00%"
"23/03/2015","23.00","23.00","23.00","23.00","0.15K","0.00%"
"20/03/2015","23.00","23.00","23.00","22.30","0.86K","0.00%"
"19/03/2015","23.00","23.00","23.00","22.89","0.31K","0.09%"
"18/03/2015","22.98","22.98","23.00","22.52","1.51K","0.00%"
"17/03/2015","22.98","23.00","23.00","22.50","3.96K","-0.09%"
"16/03/2015","23.00","23.00","23.00","22.75","1.74K","0.22%"
"13/03/2015","22.95","22.97","22.97","22.50","1.46K","-0.13%"
"12/03/2015","22.98","22.99","22.99","22.90","1.02K","1.68%"
"11/03/2015","22.60","22.90","23.00","22.60","0.74K","-1.31%"
"10/03/2015","22.90","22.95","22.95","22.50","1.13K","0.00%"
"09/03/2015","22.90","22.70","22.90","22.60","1.30K","1.33%"
"06/03/2015","22.60","22.60","22.88","22.60","1.10K","1.35%"
"05/03/2015","22.30","22.00","23.12","21.60","9.39K","1.36%"
"04/03/2015","22.00","21.99","22.00","21.99","0.85K","0.05%"
"03/03/2015","21.99","21.50","21.99","21.40","1.49K","0.18%"
"02/03/2015","21.95","22.00","22.00","21.82","3.20K","-0.09%"
"27/02/2015","21.97","21.30","21.97","21.30","2.69K","3.15%"
"26/02/2015","21.30","21.45","21.60","21.30","1.03K","-0.42%"
"25/02/2015","21.39","21.45","21.45","21.02","0.36K","1.86%"
"24/02/2015","21.00","20.99","21.00","20.99","3.20K","0.00%"
"23/02/2015","21.00","21.50","21.50","21.00","1.86K","0.00%"
"20/02/2015","21.00","21.20","21.50","21.00","1.30K","0.00%"
"19/02/2015","21.00","20.90","21.00","20.90","1.91K","0.48%"
"18/02/2015","20.90","20.90","21.00","20.90","0.20K","-0.48%"
"17/02/2015","21.00","20.80","21.00","20.36","1.39K","1.45%"
"16/02/2015","20.70","20.94","20.94","20.31","1.02K","-1.00%"
"13/02/2015","20.91","20.80","20.91","20.80","0.14K","0.53%"
"12/02/2015","20.80","20.60","20.80","20.50","2.11K","0.97%"
"11/02/2015","20.60","20.64","20.64","20.50","0.58K","0.05%"
"10/02/2015","20.59","20.36","20.65","20.01","2.77K","1.93%"
"09/02/2015","20.20","20.20","20.20","20.00","0.75K","0.00%"
"06/02/2015","20.20","20.16","20.30","20.10","1.98K","0.20%"
"05/02/2015","20.16","20.20","20.20","19.95","1.64K","0.80%"
"04/02/2015","20.00","20.20","20.20","19.50","1.60K","-0.99%"
"03/02/2015","20.20","20.39","20.39","20.20","0.56K","1.51%"
"02/02/2015","19.90","20.00","20.42","19.90","0.67K","-1.49%"
"30/01/2015","20.20","20.50","20.60","19.81","53.15K","-0.39%"
"29/01/2015","20.28","19.30","20.40","19.30","4.02K","3.47%"
"28/01/2015","19.60","19.11","19.99","19.11","4.86K","1.29%"
"27/01/2015","19.35","19.02","19.50","19.02","1.58K","1.84%"
"26/01/2015","19.00","18.48","19.50","18.40","12.93K","2.70%"
"23/01/2015","18.50","17.60","18.50","17.60","18.83K","5.11%"
"22/01/2015","17.60","17.40","18.00","17.20","30.70K","1.15%"
"21/01/2015","17.40","17.84","17.84","17.16","4.45K","-2.36%"
"20/01/2015","17.82","17.98","17.98","17.80","2.12K","-0.89%"
"19/01/2015","17.98","18.15","18.15","17.98","2.08K","-0.83%"
"16/01/2015","18.13","18.50","18.60","18.00","1.71K","0.17%"
"15/01/2015","18.10","18.30","18.50","18.10","1.43K","-1.90%"
"14/01/2015","18.45","18.50","18.50","18.45","0.54K","-0.75%"
"13/01/2015","18.59","18.80","18.80","18.45","2.07K","0.49%"
"12/01/2015","18.50","18.32","18.59","18.31","4.49K","1.04%"
"09/01/2015","18.31","18.30","18.60","18.26","2.51K","0.05%"
"08/01/2015","18.30","18.50","18.50","18.00","2.54K","2.23%"
"07/01/2015","17.90","18.20","18.20","17.80","3.53K","-2.19%"
"05/01/2015","18.30","18.50","18.50","18.20","1.70K","-0.27%"
"02/01/2015","18.35","18.94","18.94","18.35","0.64K","-0.92%"
"30/12/2014","18.52","19.20","19.20","18.45","6.23K","-1.49%"
"29/12/2014","18.80","19.20","19.20","18.10","2.17K","-2.08%"
"23/12/2014","19.20","19.00","19.35","18.90","1.86K","-0.26%"
"22/12/2014","19.25","19.30","19.30","18.75","4.29K","-0.26%"
"19/12/2014","19.30","20.20","20.20","19.03","6.57K","-3.45%"
"18/12/2014","19.99","20.20","20.20","19.60","3.96K","-1.04%"
"17/12/2014","20.20","20.30","20.30","19.81","0.71K","2.02%"
"16/12/2014","19.80","20.65","20.65","19.55","1.64K","-2.94%"
"15/12/2014","20.40","20.65","20.65","20.36","0.96K","-1.21%"
"12/12/2014","20.65","20.97","20.97","20.40","0.97K","0.00%"
"11/12/2014","20.65","20.99","20.99","20.30","1.37K","-1.20%"
"10/12/2014","20.90","21.00","21.00","20.80","1.05K","0.00%"
"09/12/2014","20.90","20.88","21.00","20.21","2.13K","0.97%"
"08/12/2014","20.70","20.70","20.70","20.42","0.66K","0.98%"
"05/12/2014","20.50","20.10","20.50","20.10","2.23K","3.02%"
"04/12/2014","19.90","20.00","20.09","19.66","2.86K","0.51%"
"03/12/2014","19.80","19.99","20.10","19.00","11.47K","0.15%"
"02/12/2014","19.77","20.00","20.00","19.44","4.33K","1.85%"
"01/12/2014","19.41","19.80","19.80","19.41","2.16K","-0.46%"
"28/11/2014","19.50","19.30","19.50","19.10","7.32K","2.63%"
"27/11/2014","19.00","18.50","19.00","18.42","12.23K","3.54%"
"26/11/2014","18.35","19.02","19.69","17.61","117.79K","-3.47%"
"25/11/2014","19.01","20.70","20.75","19.01","62.10K","-6.81%"
"24/11/2014","20.40","21.20","21.30","20.11","9.45K","-3.77%"
"21/11/2014","21.20","20.91","21.20","20.66","2.77K","0.00%"
"20/11/2014","21.20","21.20","21.20","20.96","0.73K","-0.47%"
"19/11/2014","21.30","21.10","21.31","20.73","3.54K","1.19%"
"18/11/2014","21.05","21.41","21.93","21.05","1.01K","-1.64%"
"17/11/2014","21.40","21.40","21.40","20.72","2.86K","-0.47%"
"14/11/2014","21.50","20.61","21.50","20.61","2.00K","-0.23%"
"13/11/2014","21.55","21.50","21.55","21.50","2.31K","0.23%"
"12/11/2014","21.50","21.40","21.50","20.50","14.13K","0.47%"
"10/11/2014","21.40","21.40","21.40","20.40","2.85K","1.90%"
"07/11/2014","21.00","21.40","21.40","20.53","1.99K","-1.87%"
"06/11/2014","21.40","20.60","21.67","20.60","3.14K","-0.33%"
"05/11/2014","21.47","21.50","21.64","21.20","4.02K","2.38%"
"04/11/2014","20.97","22.00","22.00","20.97","1.62K","-2.92%"
"03/11/2014","21.60","21.70","21.70","21.30","2.78K","-0.37%"
"31/10/2014","21.68","22.49","22.49","21.65","2.20K","-0.73%"
"30/10/2014","21.84","22.28","22.31","21.84","2.02K","-4.08%"
"29/10/2014","22.77","22.57","22.77","22.02","1.64K","-1.00%"
"28/10/2014","23.00","22.99","23.00","22.36","0.71K","0.00%"
"27/10/2014","23.00","22.00","23.00","21.50","2.70K","6.33%"
"24/10/2014","21.63","22.65","22.65","21.63","3.83K","-1.73%"
"23/10/2014","22.01","22.01","22.01","22.01","0.00K","-0.86%"
"22/10/2014","22.20","22.52","22.52","22.20","0.40K","-1.42%"
"21/10/2014","22.52","21.99","22.52","21.70","3.36K","4.45%"
"20/10/2014","21.56","21.31","22.20","21.31","1.24K","-1.51%"
"17/10/2014","21.89","21.99","22.15","21.40","1.59K","-0.05%"
"16/10/2014","21.90","21.35","22.00","21.35","3.49K","-0.41%"
"15/10/2014","21.99","21.99","21.99","21.99","0.20K","1.10%"
"14/10/2014","21.75","21.50","22.00","21.36","2.47K","-1.14%"
"13/10/2014","22.00","22.00","22.50","21.95","2.43K","0.00%"
"10/10/2014","22.00","22.45","22.45","22.00","1.06K","-2.00%"
"09/10/2014","22.45","22.99","23.00","22.45","0.65K","-0.22%"
"08/10/2014","22.50","22.60","22.60","22.45","2.83K","-2.17%"
"07/10/2014","23.00","23.00","23.00","22.85","0.73K","0.09%"
"06/10/2014","22.98","22.77","22.98","22.77","0.98K","2.73%"
"03/10/2014","22.37","22.50","22.50","22.10","5.44K","1.22%"
"02/10/2014","22.10","23.01","23.29","22.05","3.26K","-5.96%"
"01/10/2014","23.50","23.30","23.50","23.30","0.79K","0.00%"
"30/09/2014","23.50","23.35","23.50","22.50","2.89K","0.86%"
"29/09/2014","23.30","23.50","23.50","23.30","0.23K","-0.43%"
"26/09/2014","23.40","23.45","23.45","23.40","0.27K","0.43%"
"25/09/2014","23.30","23.30","23.39","22.63","2.84K","0.87%"
"24/09/2014","23.10","23.20","23.20","22.61","2.23K","0.43%"
"23/09/2014","23.00","23.00","23.00","22.56","1.94K","0.00%"
"22/09/2014","23.00","23.00","23.00","22.52","1.66K","0.00%"
"19/09/2014","23.00","23.00","23.00","22.58","1.58K","2.72%"
"18/09/2014","22.39","23.00","23.00","22.39","5.66K","-2.65%"
"17/09/2014","23.00","23.00","23.00","22.76","1.54K","0.00%"
"16/09/2014","23.00","22.70","23.00","22.45","1.88K","1.10%"
"15/09/2014","22.75","22.75","22.94","22.40","2.27K","1.11%"
"12/09/2014","22.50","22.50","22.55","22.39","1.94K","1.35%"
"11/09/2014","22.20","22.00","22.30","21.49","14.66K","0.91%"
"10/09/2014","22.00","21.80","22.00","21.60","1.67K","1.24%"
"09/09/2014","21.73","22.00","22.00","21.45","4.26K","-1.23%"
"08/09/2014","22.00","21.55","22.00","21.55","2.81K","-0.90%"
"05/09/2014","22.20","22.20","22.21","22.19","1.66K","0.91%"
"04/09/2014","22.00","22.15","22.43","22.00","2.60K","-0.68%"
"03/09/2014","22.15","22.14","22.95","21.74","3.56K","0.68%"
"02/09/2014","22.00","21.76","22.00","21.63","5.61K","-0.68%"
"01/09/2014","22.15","22.14","22.15","21.24","2.42K","3.02%"