"Date","Price","Open","High","Low","Vol.","Change %"
"30/09/2025","0.7700","0.7540","0.7700","0.7240","0.59K","-1.03%"
"29/09/2025","0.7780","0.7700","0.7800","0.7500","9.17K","1.30%"
"26/09/2025","0.7680","0.7160","0.7680","0.7120","29.67K","6.37%"
"25/09/2025","0.7220","0.7200","0.7300","0.7200","4.39K","-1.37%"
"24/09/2025","0.7320","0.7320","0.7320","0.7220","1.65K","0.00%"
"23/09/2025","0.7320","0.7400","0.7400","0.7200","7.15K","-1.08%"
"22/09/2025","0.7400","0.7520","0.7520","0.7400","4.02K","-1.86%"
"19/09/2025","0.7540","0.7540","0.7540","0.7540","0.23K","-2.58%"
"18/09/2025","0.7740","0.7560","0.7780","0.7560","2.38K","2.38%"
"17/09/2025","0.7560","0.7260","0.7580","0.7260","5.08K","0.53%"
"16/09/2025","0.7520","0.7540","0.7540","0.7320","9.47K","-0.27%"
"15/09/2025","0.7540","0.7560","0.7780","0.7200","12.31K","0.00%"
"12/09/2025","0.7540","0.7780","0.7780","0.7540","0.11K","-3.08%"
"11/09/2025","0.7780","0.7560","0.7780","0.7560","2.01K","-0.26%"
"10/09/2025","0.7800","0.7780","0.7800","0.7580","3.50K","2.90%"
"09/09/2025","0.7580","0.7620","0.7620","0.7540","7.62K","-2.82%"
"08/09/2025","0.7800","0.7800","0.7800","0.7800","1.17K","0.00%"
"05/09/2025","0.7800","0.8080","0.8100","0.7540","15.39K","0.52%"
"04/09/2025","0.7760","0.8200","0.8200","0.7760","2.09K","-3.00%"
"03/09/2025","0.8000","0.8180","0.8200","0.8000","12.66K","0.76%"
"02/09/2025","0.7940","0.8200","0.8300","0.7860","6.40K","-3.17%"
"01/09/2025","0.8200","0.7860","0.8200","0.7860","0.89K","4.33%"
"28/08/2025","0.7860","0.8200","0.8200","0.7860","1.04K","-3.91%"
"27/08/2025","0.8180","0.8180","0.8180","0.8180","0.05K","-0.24%"
"26/08/2025","0.8200","0.7960","0.8200","0.7860","6.61K","3.54%"
"25/08/2025","0.7920","0.7900","0.8200","0.7900","2.94K","1.02%"
"22/08/2025","0.7840","0.7940","0.8100","0.7800","21.36K","-0.76%"
"21/08/2025","0.7900","0.7960","0.7960","0.7720","9.78K","-0.75%"
"20/08/2025","0.7960","0.8080","0.8080","0.7680","2.72K","2.05%"
"19/08/2025","0.7800","0.7980","0.7980","0.7800","9.37K","-2.26%"
"18/08/2025","0.7980","0.7780","0.7980","0.7700","14.70K","2.84%"
"14/08/2025","0.7760","0.7580","0.7840","0.7560","17.87K","2.92%"
"13/08/2025","0.7540","0.7340","0.7760","0.7120","47.51K","-4.56%"
"12/08/2025","0.7900","0.7700","0.8100","0.7200","69.38K","5.90%"
"11/08/2025","0.7460","0.8600","0.8700","0.7460","55.39K","-14.25%"
"08/08/2025","0.8700","0.8500","0.8700","0.8020","9.88K","2.35%"
"07/08/2025","0.8500","0.9020","0.9020","0.8120","47.38K","-5.97%"
"06/08/2025","0.9040","0.9220","0.9220","0.9040","2.02K","-1.74%"
"05/08/2025","0.9200","0.9280","0.9280","0.9200","0.17K","-0.86%"
"04/08/2025","0.9280","0.9200","0.9280","0.9200","5.27K","0.87%"
"01/08/2025","0.9200","0.9200","0.9200","0.9200","1.20K","0.00%"
"31/07/2025","0.9200","0.9200","0.9200","0.9200","0.60K","0.00%"
"30/07/2025","0.9200","0.9200","0.9200","0.9200","1.25K","-0.86%"
"29/07/2025","0.9280","0.9400","0.9400","0.9040","0.67K","-1.28%"
"28/07/2025","0.9400","0.9260","0.9400","0.9020","4.99K","-0.42%"
"25/07/2025","0.9440","0.9400","0.9440","0.9040","2.41K","0.43%"
"24/07/2025","0.9400","0.9340","0.9420","0.9040","17.01K","0.64%"
"23/07/2025","0.9340","0.9080","0.9380","0.9020","3.01K","2.86%"
"22/07/2025","0.9080","0.9400","0.9400","0.9000","6.82K","-4.22%"
"21/07/2025","0.9480","0.9120","0.9480","0.9100","4.05K","2.16%"
"18/07/2025","0.9280","0.9140","0.9680","0.9100","16.07K","0.43%"
"17/07/2025","0.9240","0.9340","0.9340","0.9100","3.35K","-1.70%"
"16/07/2025","0.9400","0.9400","0.9400","0.9400","4.58K","0.00%"
"15/07/2025","0.9400","0.9400","0.9400","0.9400","1.50K","-2.89%"
"14/07/2025","0.9680","0.9680","0.9680","0.9680","1.01K","2.11%"
"11/07/2025","0.9480","0.9400","0.9500","0.9400","1.73K","-0.21%"
"10/07/2025","0.9500","0.9620","0.9620","0.9200","12.50K","-1.25%"
"09/07/2025","0.9620","0.9300","0.9640","0.9280","1.33K","-0.21%"
"08/07/2025","0.9640","0.9480","0.9680","0.9240","1.67K","1.69%"
"07/07/2025","0.9480","0.9720","0.9760","0.9480","1.42K","-2.67%"
"04/07/2025","0.9740","0.9740","0.9740","0.9740","0.04K","3.18%"
"03/07/2025","0.9440","0.9440","0.9440","0.9300","0.22K","-2.28%"
"02/07/2025","0.9660","0.9660","0.9660","0.9660","2.16K","1.47%"
"01/07/2025","0.9520","0.9460","0.9740","0.9240","2.92K","-2.66%"
"30/06/2025","0.9780","0.9780","0.9780","0.9780","0.08K","1.03%"
"27/06/2025","0.9680","0.9680","0.9680","0.9660","0.24K","0.00%"
"26/06/2025","0.9680","0.9380","0.9800","0.9300","6.53K","1.04%"
"25/06/2025","0.9580","0.9580","0.9600","0.9300","0.82K","-0.21%"
"24/06/2025","0.9600","0.9260","0.9600","0.9240","0.72K","3.67%"
"23/06/2025","0.9260","0.9020","0.9480","0.9020","2.35K","2.89%"
"20/06/2025","0.9000","0.9320","0.9320","0.8900","9.64K","2.51%"
"18/06/2025","0.8780","0.9200","0.9200","0.8720","9.85K","-4.57%"
"17/06/2025","0.9200","0.9680","1.0600","0.8720","39.97K","-2.13%"
"16/06/2025","0.9400","0.8580","0.9400","0.8100","17.34K","0.00%"
"13/06/2025","0.9400","0.9500","0.9700","0.9400","7.82K","-1.05%"
"12/06/2025","0.9500","0.9700","0.9700","0.9400","3.65K","-2.06%"
"11/06/2025","0.9700","0.9820","0.9820","0.9400","24.29K","-3.00%"
"10/06/2025","1.0000","1.0000","1.0000","0.9820","1.23K","0.00%"
"09/06/2025","1.0000","1.0000","1.0150","0.9600","2.53K","0.00%"
"06/06/2025","1.0000","1.0150","1.0200","0.9640","3.91K","-0.99%"
"05/06/2025","1.0100","0.9960","1.0300","0.9800","1.50K","1.41%"
"04/06/2025","0.9960","1.0050","1.0300","0.9700","6.52K","3.32%"
"03/06/2025","0.9640","1.0200","1.0300","0.9620","19.70K","-5.49%"
"02/06/2025","1.0200","1.0050","1.0200","0.9900","10.85K","2.00%"
"30/05/2025","1.0000","1.0300","1.0300","1.0000","7.46K","-2.91%"
"29/05/2025","1.0300","1.0200","1.0300","1.0000","3.82K","0.98%"
"28/05/2025","1.0200","0.9900","1.0200","0.9800","8.21K","0.00%"
"27/05/2025","1.0200","1.0050","1.0200","0.9800","2.25K","1.49%"
"26/05/2025","1.0050","0.9820","1.0200","0.9800","15.34K","2.13%"
"23/05/2025","0.9840","1.0400","1.0400","0.9840","45.06K","-5.84%"
"22/05/2025","1.0450","1.0150","1.0450","1.0000","11.74K","2.45%"
"21/05/2025","1.0200","1.0300","1.0400","1.0150","13.77K","-1.92%"
"20/05/2025","1.0400","1.0300","1.0400","1.0250","7.11K","1.46%"
"19/05/2025","1.0250","1.0600","1.0600","1.0200","39.30K","-3.30%"
"16/05/2025","1.0600","1.0750","1.0950","1.0350","97.03K","-1.40%"
"15/05/2025","1.0750","1.0850","1.3050","1.0550","889.73K","-2.27%"
"14/05/2025","1.1000","1.0600","1.1000","1.0600","17.23K","2.33%"
"13/05/2025","1.0750","1.0600","1.1200","1.0600","37.94K","-2.27%"
"12/05/2025","1.1000","1.1150","1.1200","1.0600","6.86K","-1.35%"
"09/05/2025","1.1150","1.1000","1.1200","1.0500","60.59K","1.36%"
"08/05/2025","1.1000","1.0950","1.1000","1.0700","3.70K","0.46%"
"07/05/2025","1.0950","1.1100","1.1650","1.0700","68.38K","3.79%"
"06/05/2025","1.0550","1.1200","1.1200","1.0550","4.12K","-6.64%"
"05/05/2025","1.1300","1.0550","1.1600","1.0500","32.89K","2.73%"
"02/05/2025","1.1000","1.0300","1.1000","1.0300","21.26K","1.85%"
"30/04/2025","1.0800","1.1050","1.1050","1.0300","23.13K","-2.26%"
"29/04/2025","1.1050","1.0800","1.1100","1.0800","26.62K","1.84%"
"28/04/2025","1.0850","1.0950","1.1100","1.0600","1.45K","-1.36%"
"25/04/2025","1.1000","1.0800","1.1200","1.0500","10.68K","1.85%"
"24/04/2025","1.0800","1.0800","1.0850","1.0200","9.99K","0.00%"
"23/04/2025","1.0800","1.0500","1.0900","1.0300","11.89K","-0.46%"
"22/04/2025","1.0850","1.0900","1.1050","1.0500","19.21K","-0.46%"
"17/04/2025","1.0900","1.0600","1.1200","1.0500","32.00K","2.83%"
"16/04/2025","1.0600","1.0750","1.0800","1.0200","35.92K","-4.93%"
"15/04/2025","1.1150","1.0800","1.1300","1.0700","8.66K","4.21%"
"14/04/2025","1.0700","1.0750","1.1250","1.0700","7.53K","-3.17%"
"11/04/2025","1.1050","1.1150","1.1400","1.1000","3.97K","-2.64%"
"10/04/2025","1.1350","1.0950","1.1500","1.0850","9.54K","3.18%"
"09/04/2025","1.1000","1.1400","1.1400","1.0600","12.07K","-2.65%"
"08/04/2025","1.1300","1.0000","1.2000","1.0000","58.03K","13.23%"
"07/04/2025","0.9980","0.9600","1.0400","0.8740","43.88K","0.81%"
"04/04/2025","0.9900","1.0600","1.0600","0.9700","6.67K","-3.88%"
"03/04/2025","1.0300","1.0500","1.1100","0.9500","93.05K","-4.19%"
"02/04/2025","1.0750","1.1000","1.1000","1.0200","18.38K","-3.59%"
"01/04/2025","1.1150","1.1200","1.1400","1.1100","13.27K","-0.45%"
"31/03/2025","1.1200","1.1200","1.1200","1.1000","22.06K","-1.75%"
"28/03/2025","1.1400","1.1200","1.1600","1.1200","12.72K","-0.87%"
"27/03/2025","1.1500","1.1300","1.1500","1.1200","6.88K","-0.86%"
"26/03/2025","1.1600","1.1400","1.1600","1.1300","47.56K","0.00%"
"25/03/2025","1.1600","1.1700","1.1700","1.1400","22.17K","-2.52%"
"24/03/2025","1.1900","1.1800","1.1900","1.1400","19.95K","0.00%"
"21/03/2025","1.1900","1.1700","1.2200","1.1400","18.64K","1.71%"
"20/03/2025","1.1700","1.1900","1.1900","1.1700","2.79K","-0.85%"
"19/03/2025","1.1800","1.1700","1.1800","1.1700","6.02K","-1.67%"
"18/03/2025","1.2000","1.2100","1.2100","1.1700","5.00K","-0.83%"
"17/03/2025","1.2100","1.1500","1.2100","1.1500","14.59K","6.14%"
"14/03/2025","1.1400","1.1800","1.1800","1.1400","10.38K","-1.72%"
"13/03/2025","1.1600","1.1300","1.1800","1.1300","22.46K","1.75%"
"12/03/2025","1.1400","1.1500","1.1900","1.1300","32.20K","-1.72%"
"11/03/2025","1.1600","1.1700","1.1800","1.1600","9.95K","0.00%"
"10/03/2025","1.1600","1.2100","1.2200","1.1600","23.43K","-4.13%"
"07/03/2025","1.2100","1.2100","1.2300","1.1800","7.83K","-1.63%"
"06/03/2025","1.2300","1.2000","1.3000","1.2000","156.19K","5.13%"
"05/03/2025","1.1700","1.1200","1.2000","1.1000","69.27K","3.54%"
"04/03/2025","1.1300","1.1700","1.1700","1.1000","31.44K","-3.42%"
"03/03/2025","1.1700","1.1600","1.1800","1.1400","19.77K","-0.85%"
"28/02/2025","1.1800","1.2000","1.2000","1.1400","30.07K","-1.67%"
"27/02/2025","1.2000","1.2300","1.2300","1.1800","50.14K","-2.44%"
"26/02/2025","1.2300","1.2300","1.2400","1.2000","50.23K","0.00%"
"25/02/2025","1.2300","1.2200","1.2300","1.2000","10.40K","0.00%"
"24/02/2025","1.2300","1.2300","1.2600","1.2000","54.62K","0.00%"
"21/02/2025","1.2300","1.2800","1.4300","1.2000","555.42K","-3.91%"
"20/02/2025","1.2800","1.2600","1.3600","1.2100","174.63K","1.59%"
"19/02/2025","1.2600","1.2000","1.2900","1.2000","58.42K","5.00%"
"18/02/2025","1.2000","1.2400","1.2500","1.1700","104.71K","-3.23%"
"17/02/2025","1.2400","1.3100","1.3200","1.2400","110.69K","-2.36%"
"14/02/2025","1.2700","1.2600","1.3700","1.2300","264.99K","1.60%"
"13/02/2025","1.2500","1.4100","1.4200","1.2100","524.14K","-7.41%"
"12/02/2025","1.3500","1.1200","1.3500","1.1200","718.83K","22.73%"
"11/02/2025","1.1000","1.1400","1.2100","1.0800","135.79K","-3.51%"
"10/02/2025","1.1400","1.1000","1.1400","1.0500","61.32K","3.64%"
"07/02/2025","1.1000","1.1300","1.1300","1.0700","21.09K","-2.65%"
"06/02/2025","1.1300","1.1500","1.1800","1.1000","35.36K","-1.74%"
"05/02/2025","1.1500","1.1600","1.1600","1.1200","11.11K","0.88%"
"04/02/2025","1.1400","1.1700","1.1800","1.1200","12.13K","-0.87%"
"03/02/2025","1.1500","1.1800","1.1800","1.1500","30.01K","0.88%"
"31/01/2025","1.1400","1.1500","1.1500","1.1200","21.63K","-1.72%"
"30/01/2025","1.1600","1.1600","1.2300","1.1000","71.99K","-0.85%"
"29/01/2025","1.1700","1.1600","1.2100","1.1100","75.19K","0.86%"
"28/01/2025","1.1600","1.1700","1.2100","1.1100","70.56K","-0.85%"
"27/01/2025","1.1700","1.1900","1.2000","1.1500","31.53K","-1.68%"
"24/01/2025","1.1900","1.2200","1.2500","1.1700","60.55K","-3.25%"
"23/01/2025","1.2300","1.2400","1.2400","1.1800","38.95K","-0.81%"
"22/01/2025","1.2400","1.2400","1.2900","1.2200","67.42K","-0.80%"
"21/01/2025","1.2500","1.2500","1.3400","1.2400","64.77K","0.00%"
"20/01/2025","1.2500","1.2300","1.3700","1.2100","144.04K","1.63%"
"17/01/2025","1.2300","1.2900","1.2900","1.2300","54.98K","-4.65%"
"16/01/2025","1.2900","1.3700","1.3700","1.2500","186.78K","-5.84%"
"15/01/2025","1.3700","1.3400","1.4400","1.3000","316.56K","2.24%"
"14/01/2025","1.3400","1.2000","1.4500","1.1000","767.75K","12.61%"
"13/01/2025","1.1900","1.3000","1.3300","1.1000","425.79K","-9.85%"
"10/01/2025","1.3200","1.4200","1.4800","1.2500","986.97K","10.00%"
"09/01/2025","1.2000","1.0000","1.2100","0.9650","204.78K","23.71%"
"08/01/2025","0.9700","1.2000","1.2100","0.9700","376.78K","-11.01%"
"07/01/2025","1.0900","0.8250","1.0900","0.8250","383.64K","32.12%"
"03/01/2025","0.8250","0.8300","0.8800","0.7800","92.47K","0.00%"
"02/01/2025","0.8250","0.7850","0.8600","0.7450","108.96K","3.77%"
"30/12/2024","0.7950","0.8000","0.8300","0.7700","158.54K","-6.47%"
"27/12/2024","0.8500","0.8500","0.9000","0.8500","25.72K","-1.16%"
"23/12/2024","0.8600","0.9300","0.9300","0.8500","46.14K","-8.02%"
"20/12/2024","0.9350","0.9400","0.9700","0.8600","120.30K","-0.53%"
"19/12/2024","0.9400","1.0300","1.0700","0.9200","133.89K","-8.74%"
"18/12/2024","1.0300","0.9850","1.1600","0.9400","571.86K","13.19%"
"17/12/2024","0.9100","0.6950","0.9100","0.6950","350.73K","30.00%"
"16/12/2024","0.7000","0.7600","0.7600","0.6850","111.06K","-6.04%"
"13/12/2024","0.7450","0.7750","0.7750","0.7100","35.76K","-3.87%"
"12/12/2024","0.7750","0.8200","0.8200","0.7550","23.12K","-4.91%"
"11/12/2024","0.8150","0.8250","0.8250","0.7900","10.51K","-2.40%"
"10/12/2024","0.8350","0.8400","0.8500","0.7750","138.92K","-1.76%"
"09/12/2024","0.8500","0.9100","0.9100","0.8200","77.90K","-7.61%"
"06/12/2024","0.9200","0.9950","0.9950","0.9100","83.66K","-8.00%"
"05/12/2024","1.0000","0.9900","1.0800","0.9450","200.36K","-4.76%"
"04/12/2024","1.0500","0.9900","1.0700","0.8650","359.31K","8.25%"
"03/12/2024","0.9700","1.0400","1.0400","0.9400","66.09K","-4.90%"
"02/12/2024","1.0200","1.0600","1.1200","0.9900","72.49K","-4.67%"
"29/11/2024","1.0700","1.1200","1.1200","1.0600","46.74K","-4.46%"
"28/11/2024","1.1200","1.1300","1.1300","1.0900","33.96K","-1.75%"
"27/11/2024","1.1400","1.1300","1.1500","1.0900","49.02K","0.00%"
"26/11/2024","1.1400","1.1200","1.1500","1.1200","21.71K","1.79%"
"25/11/2024","1.1200","1.1500","1.1900","1.1000","77.76K","0.90%"
"22/11/2024","1.1100","1.1200","1.1500","1.1000","41.84K","-0.89%"
"21/11/2024","1.1200","1.1600","1.1900","1.1000","64.64K","-1.75%"
"20/11/2024","1.1400","1.1000","1.2100","1.0500","169.72K","3.64%"
"19/11/2024","1.1000","1.1400","1.2000","1.0400","129.76K","-11.29%"
"18/11/2024","1.2400","1.2900","1.2900","1.2000","97.58K","-4.62%"
"15/11/2024","1.3000","1.2300","1.3100","1.2000","80.71K","4.00%"
"14/11/2024","1.2500","1.3000","1.3700","1.2000","112.78K","-3.85%"
"13/11/2024","1.3000","1.3600","1.4400","1.2500","232.94K","-7.14%"
"12/11/2024","1.4000","1.5000","1.6000","1.3600","291.87K","-5.41%"
"08/11/2024","1.4800","1.4500","1.6700","1.4200","742.85K","5.71%"
"07/11/2024","1.4000","1.1900","1.4700","1.1900","505.29K","17.65%"
"06/11/2024","1.1900","1.2300","1.2700","1.1800","141.93K","0.85%"
"05/11/2024","1.1800","1.1300","1.3300","1.1200","382.24K","3.51%"
"04/11/2024","1.1400","1.2000","1.2500","1.1100","292.25K","-3.39%"
"31/10/2024","1.1800","1.3200","1.4500","1.1400","640.38K","-9.23%"
"30/10/2024","1.3000","1.7500","1.8500","1.3000","763.17K","-23.98%"
"29/10/2024","1.7100","1.7200","2.0600","1.5500","817.59K","-0.58%"
"28/10/2024","1.7200","1.9200","1.9700","1.7200","349.69K","-9.95%"
"25/10/2024","1.9100","2.0200","2.1000","1.8500","393.40K","-9.05%"
"24/10/2024","2.1000","2.3000","2.3000","1.9400","687.54K","14.13%"
"23/10/2024","1.8400","1.7000","2.0400","1.6500","1.01M","12.20%"
"22/10/2024","1.6400","1.1600","1.6400","1.1500","949.56K","21.48%"
"21/10/2024","1.3500","1.9800","1.9800","1.3500","282.48K","-13.46%"
"18/10/2024","1.5600","1.5600","1.5600","1.5600","50.38K","32.20%"
"17/10/2024","1.1800","1.0300","1.1800","0.9500","571.56K","28.26%"
"16/10/2024","0.9200","0.8400","0.9200","0.7600","607.45K","30.50%"
"15/10/2024","0.7050","0.5150","0.7050","0.5100","410.03K","35.58%"
"14/10/2024","0.5200","0.4240","0.5200","0.4220","87.60K","27.45%"
"11/10/2024","0.4080","0.4180","0.4200","0.3820","7.49K","-1.45%"
"10/10/2024","0.4140","0.4300","0.4300","0.4000","5.80K","0.98%"
"09/10/2024","0.4100","0.4000","0.4100","0.3820","4.90K","2.50%"
"08/10/2024","0.4000","0.4460","0.4480","0.3820","24.35K","-10.31%"
"07/10/2024","0.4460","0.4260","0.4460","0.4260","3.82K","4.69%"
"04/10/2024","0.4260","0.4440","0.4480","0.4260","15.87K","-4.05%"
"03/10/2024","0.4440","0.4640","0.4640","0.4080","28.46K","0.00%"
"02/10/2024","0.4440","0.4880","0.4880","0.4440","16.11K","-9.02%"
"01/10/2024","0.4880","0.4920","0.4920","0.4560","0.32K","6.09%"
"30/09/2024","0.4600","0.4640","0.5000","0.4600","12.47K","-0.86%"
"27/09/2024","0.4640","0.5200","0.5200","0.4400","116.53K","-10.77%"
"26/09/2024","0.5200","0.5200","0.5350","0.4760","17.77K","4.00%"
"25/09/2024","0.5000","0.5750","0.5750","0.4760","113.87K","-13.04%"
"24/09/2024","0.5750","0.5900","0.5900","0.5550","24.31K","-2.54%"
"23/09/2024","0.5900","0.5300","0.6100","0.5250","150.77K","18.00%"
"20/09/2024","0.5000","0.5100","0.5600","0.4780","188.33K","4.17%"
"19/09/2024","0.4800","0.3900","0.4800","0.3900","148.49K","23.08%"
"18/09/2024","0.3900","0.4280","0.4280","0.3880","57.42K","-8.88%"
"17/09/2024","0.4280","0.4300","0.4300","0.4100","6.58K","0.00%"
"16/09/2024","0.4280","0.4220","0.4380","0.4220","3.55K","1.90%"
"13/09/2024","0.4200","0.4320","0.4380","0.4120","8.21K","-2.78%"
"12/09/2024","0.4320","0.4400","0.4400","0.4140","11.94K","-1.37%"
"11/09/2024","0.4380","0.4180","0.4380","0.4100","3.32K","4.78%"
"10/09/2024","0.4180","0.4440","0.4440","0.4080","13.84K","-2.34%"
"09/09/2024","0.4280","0.4280","0.4460","0.4280","7.44K","0.00%"
"06/09/2024","0.4280","0.4260","0.4280","0.4120","18.35K","0.47%"
"05/09/2024","0.4260","0.4480","0.4560","0.4220","25.05K","-5.33%"
"04/09/2024","0.4500","0.4520","0.4520","0.4220","14.31K","1.35%"
"03/09/2024","0.4440","0.4420","0.4540","0.4200","17.38K","0.45%"
"02/09/2024","0.4420","0.4680","0.4680","0.4260","16.26K","-5.56%"
"30/08/2024","0.4680","0.4600","0.4680","0.4320","22.02K","9.35%"
"29/08/2024","0.4280","0.4360","0.4520","0.4100","9.75K","-1.38%"
"28/08/2024","0.4340","0.4000","0.4380","0.3660","48.91K","6.37%"
"27/08/2024","0.4080","0.4220","0.4420","0.4060","29.75K","-2.86%"
"26/08/2024","0.4200","0.4540","0.4880","0.4100","54.08K","-7.08%"
"23/08/2024","0.4520","0.5800","0.5800","0.4300","376.75K","-23.39%"
"22/08/2024","0.5900","0.5000","0.5900","0.4800","477.88K","25.53%"
"21/08/2024","0.4700","0.3820","0.4700","0.3800","94.05K","22.40%"
"20/08/2024","0.3840","0.3600","0.3840","0.3600","1.48K","6.67%"
"19/08/2024","0.3600","0.3820","0.3840","0.3600","1.81K","0.00%"
"16/08/2024","0.3600","0.3720","0.3820","0.3600","9.79K","1.69%"
"14/08/2024","0.3540","0.3740","0.3740","0.3540","4.28K","-5.35%"
"13/08/2024","0.3740","0.3740","0.3740","0.3740","0.03K","-0.53%"
"12/08/2024","0.3760","0.3620","0.3760","0.3620","0.10K","3.87%"
"08/08/2024","0.3620","0.3720","0.3940","0.3620","0.46K","-2.69%"
"07/08/2024","0.3720","0.3720","0.3720","0.3720","0.03K","0.00%"
"06/08/2024","0.3720","0.4040","0.4040","0.3720","20.68K","-7.92%"
"05/08/2024","0.4040","0.4060","0.4060","0.4040","1.54K","-0.49%"
"02/08/2024","0.4060","0.3860","0.4060","0.3720","85.33K","9.73%"
"01/08/2024","0.3700","0.3780","0.3780","0.3700","3.35K","0.00%"
"31/07/2024","0.3700","0.3760","0.3760","0.3700","59.73K","-4.15%"
"30/07/2024","0.3860","0.3860","0.3860","0.3860","0.06K","0.00%"
"29/07/2024","0.3860","0.3860","0.3860","0.3860","0.25K","0.00%"
"26/07/2024","0.3860","0.3740","0.3860","0.3740","0.00K","3.21%"
"25/07/2024","0.3740","0.3960","0.3960","0.3740","23.32K","-4.10%"
"24/07/2024","0.3900","0.4000","0.4000","0.3900","0.93K","-2.01%"
"23/07/2024","0.3980","0.3860","0.3980","0.3860","57.37K","5.85%"
"22/07/2024","0.3760","0.3740","0.3760","0.3740","1.03K","1.08%"
"19/07/2024","0.3720","0.3980","0.3980","0.3720","3.14K","-6.53%"
"18/07/2024","0.3980","0.3980","0.3980","0.3760","0.95K","-0.50%"
"17/07/2024","0.4000","0.3920","0.4000","0.3740","6.90K","2.04%"
"16/07/2024","0.3920","0.3780","0.3940","0.3780","70.16K","5.95%"
"15/07/2024","0.3700","0.3700","0.3700","0.3700","3.22K","-2.63%"
"12/07/2024","0.3800","0.3720","0.3800","0.3720","10.71K","-1.55%"
"11/07/2024","0.3860","0.3620","0.3860","0.3620","39.29K","10.92%"
"10/07/2024","0.3480","0.3480","0.3480","0.3480","20.40K","0.00%"
"09/07/2024","0.3480","0.3620","0.3620","0.3480","0.96K","-4.40%"
"08/07/2024","0.3640","0.3640","0.3640","0.3640","7.84K","-5.70%"
"05/07/2024","0.3860","0.3860","0.3860","0.3860","1.00K","0.00%"
"04/07/2024","0.3860","0.3300","0.3860","0.3300","11.26K","-1.03%"
"03/07/2024","0.3900","0.3900","0.3900","0.3900","96.58K","0.00%"
"02/07/2024","0.3900","0.3300","0.3900","0.3300","56.15K","21.12%"
"01/07/2024","0.3220","0.2740","0.3220","0.2740","915.58K","3.87%"
"28/06/2024","0.3100","0.2720","0.3100","0.2720","2.53K","14.81%"
"27/06/2024","0.2700","0.2700","0.2700","0.2700","10.00K","-17.18%"
"26/06/2024","0.3260","0.3260","0.3260","0.3260","0.44K","0.00%"
"25/06/2024","0.3260","0.3260","0.3260","0.3260","8.85K","8.67%"
"24/06/2024","0.3000","0.3000","0.3000","0.3000","19.00K","0.00%"
"21/06/2024","0.3000","0.3000","0.3000","0.3000","6.56K","0.00%"
"20/06/2024","0.3000","0.2460","0.3000","0.2460","8.25K","25.00%"
"19/06/2024","0.2400","0.2400","0.2400","0.2400","7.78K","-4.00%"
"14/06/2024","0.2500","0.2500","0.2500","0.2500","7.00K","4.17%"
"11/06/2024","0.2400","0.2400","0.2400","0.2400","4.60K","0.00%"
"07/06/2024","0.2400","0.2400","0.2400","0.2400","0.17K","-2.44%"
"06/06/2024","0.2460","0.2460","0.2460","0.2460","3.10K","0.00%"
"05/06/2024","0.2460","0.2500","0.2500","0.2460","9.50K","2.50%"
"04/06/2024","0.2400","0.2400","0.2400","0.2400","2.00K","-1.64%"
"03/06/2024","0.2440","0.2440","0.2440","0.2440","6.00K","3.39%"
"31/05/2024","0.2360","0.2380","0.2380","0.2360","11.75K","-2.48%"
"29/05/2024","0.2420","0.2420","0.2420","0.2420","3.00K","-3.20%"
"28/05/2024","0.2500","0.2540","0.2540","0.2500","26.75K","-2.34%"
"27/05/2024","0.2560","0.2560","0.2560","0.2560","5.00K","2.40%"
"24/05/2024","0.2500","0.2500","0.2500","0.2500","13.00K","0.00%"
"23/05/2024","0.2500","0.2500","0.2500","0.2500","10.79K","3.31%"
"22/05/2024","0.2420","0.2420","0.2420","0.2420","36.10K","-3.20%"
"21/05/2024","0.2500","0.2500","0.2500","0.2500","55.91K","-6.02%"
"20/05/2024","0.2660","0.2660","0.2660","0.2660","7.00K","-5.00%"
"17/05/2024","0.2800","0.2840","0.2840","0.2800","9.91K","-1.41%"
"16/05/2024","0.2840","0.2900","0.2900","0.2840","23.50K","-3.40%"
"15/05/2024","0.2940","0.2940","0.2940","0.2940","5.50K","1.38%"
"14/05/2024","0.2900","0.2900","0.2900","0.2900","6.97K","-6.45%"
"10/05/2024","0.3100","0.3100","0.3100","0.3100","5.71K","0.00%"
"09/05/2024","0.3100","0.3300","0.3300","0.3100","6.47K","3.33%"
"08/05/2024","0.3000","0.3000","0.3000","0.3000","25.00K","-6.25%"
"06/05/2024","0.3200","0.3200","0.3200","0.3200","0.13K","0.00%"
"02/05/2024","0.3200","0.3200","0.3200","0.3200","3.01K","0.00%"
"30/04/2024","0.3200","0.3200","0.3200","0.3200","2.00K","-3.61%"
"29/04/2024","0.3320","0.3320","0.3320","0.3320","1.00K","0.61%"
"26/04/2024","0.3300","0.3300","0.3300","0.3300","3.90K","-2.94%"
"25/04/2024","0.3400","0.3280","0.3400","0.3280","31.28K","-1.73%"
"24/04/2024","0.3460","0.3460","0.3460","0.3460","0.17K","-2.81%"
"23/04/2024","0.3560","0.3300","0.3560","0.3300","6.31K","6.59%"
"19/04/2024","0.3340","0.3340","0.3340","0.3340","0.22K","0.00%"
"18/04/2024","0.3340","0.3340","0.3340","0.3340","0.01K","1.21%"
"17/04/2024","0.3300","0.3300","0.3300","0.3300","11.11K","-7.82%"
"16/04/2024","0.3580","0.3240","0.3580","0.3240","11.79K","5.92%"
"15/04/2024","0.3380","0.3380","0.3380","0.3380","4.20K","-0.59%"
"12/04/2024","0.3400","0.3400","0.3400","0.3400","1.00K","-2.30%"
"11/04/2024","0.3480","0.3380","0.3480","0.3380","3.88K","4.82%"
"10/04/2024","0.3320","0.3320","0.3320","0.3320","0.97K","0.00%"
"09/04/2024","0.3320","0.3320","0.3320","0.3320","20.90K","0.00%"
"08/04/2024","0.3320","0.3320","0.3320","0.3320","0.90K","-5.14%"
"05/04/2024","0.3500","0.3300","0.3500","0.3300","7.73K","6.06%"
"04/04/2024","0.3300","0.3300","0.3300","0.3300","10.24K","-2.94%"
"03/04/2024","0.3400","0.3400","0.3400","0.3400","0.56K","-5.03%"
"28/03/2024","0.3580","0.3440","0.3680","0.3280","27.74K","4.07%"
"27/03/2024","0.3440","0.3600","0.3600","0.3400","32.39K","-4.97%"
"26/03/2024","0.3620","0.3620","0.3620","0.3600","0.43K","0.56%"
"22/03/2024","0.3600","0.3600","0.3600","0.3600","1.00K","-2.17%"
"21/03/2024","0.3680","0.3620","0.3680","0.3600","3.22K","-0.54%"
"20/03/2024","0.3700","0.3660","0.3700","0.3660","0.06K","-0.54%"
"19/03/2024","0.3720","0.3620","0.3720","0.3600","4.68K","3.33%"
"18/03/2024","0.3600","0.3700","0.3700","0.3540","20.89K","-4.26%"
"15/03/2024","0.3760","0.3780","0.3780","0.3740","0.80K","-0.53%"
"14/03/2024","0.3780","0.3780","0.3780","0.3780","1.00K","-0.53%"
"13/03/2024","0.3800","0.3700","0.3800","0.3700","14.01K","-1.04%"
"12/03/2024","0.3840","0.3840","0.3840","0.3840","0.06K","-0.52%"
"11/03/2024","0.3860","0.3800","0.3960","0.3700","10.48K","-3.50%"
"08/03/2024","0.4000","0.4040","0.4040","0.3780","2.38K","-1.96%"
"07/03/2024","0.4080","0.4080","0.4080","0.4080","0.11K","0.00%"
"06/03/2024","0.4080","0.4080","0.4100","0.3740","9.28K","2.00%"
"05/03/2024","0.4000","0.4100","0.4100","0.4000","3.31K","-2.44%"
"04/03/2024","0.4100","0.3800","0.4100","0.3800","2.31K","9.63%"
"01/03/2024","0.3740","0.3960","0.4000","0.3740","14.32K","-1.58%"
"29/02/2024","0.3800","0.3780","0.3800","0.3780","1.37K","-5.00%"
"28/02/2024","0.4000","0.3980","0.4000","0.3980","0.60K","0.50%"
"27/02/2024","0.3980","0.3720","0.4000","0.3720","1.48K","-0.50%"
"26/02/2024","0.4000","0.3880","0.4000","0.3880","15.74K","3.09%"
"21/02/2024","0.3880","0.3680","0.3880","0.3680","17.44K","1.04%"
"20/02/2024","0.3840","0.3840","0.3840","0.3840","5.46K","0.00%"
"19/02/2024","0.3840","0.3840","0.3840","0.3840","5.01K","-0.52%"
"15/02/2024","0.3860","0.3860","0.3860","0.3860","0.79K","0.00%"
"14/02/2024","0.3860","0.3860","0.3860","0.3860","0.03K","0.00%"
"13/02/2024","0.3860","0.3860","0.3860","0.3860","5.79K","-1.03%"
"12/02/2024","0.3900","0.3700","0.3900","0.3700","14.99K","5.41%"
"09/02/2024","0.3700","0.3800","0.3800","0.3700","2.31K","-2.63%"
"08/02/2024","0.3800","0.3800","0.3800","0.3800","0.53K","-2.06%"
"07/02/2024","0.3880","0.3820","0.3880","0.3820","2.12K","1.57%"
"06/02/2024","0.3820","0.3840","0.3840","0.3820","2.00K","-0.52%"
"05/02/2024","0.3840","0.3800","0.3840","0.3800","0.76K","2.13%"
"02/02/2024","0.3760","0.3760","0.3760","0.3760","1.49K","-1.05%"
"01/02/2024","0.3800","0.3840","0.3840","0.3800","5.00K","-2.06%"
"31/01/2024","0.3880","0.3720","0.3880","0.3720","3.84K","4.30%"
"30/01/2024","0.3720","0.3740","0.3740","0.3720","8.11K","-0.53%"
"29/01/2024","0.3740","0.3760","0.3760","0.3740","19.00K","-5.56%"
"26/01/2024","0.3960","0.3900","0.3960","0.3740","5.50K","0.00%"
"24/01/2024","0.3960","0.3900","0.3960","0.3900","3.47K","-0.50%"
"23/01/2024","0.3980","0.3980","0.3980","0.3980","1.05K","0.00%"
"22/01/2024","0.3980","0.3720","0.4000","0.3720","11.71K","-0.50%"
"19/01/2024","0.4000","0.3700","0.4000","0.3620","6.07K","8.11%"
"18/01/2024","0.3700","0.3680","0.3800","0.3600","2.93K","-2.63%"
"17/01/2024","0.3800","0.3800","0.3800","0.3680","1.82K","0.00%"
"16/01/2024","0.3800","0.3720","0.3800","0.3720","2.74K","-2.56%"
"15/01/2024","0.3900","0.3900","0.3900","0.3900","3.57K","0.00%"
"12/01/2024","0.3900","0.3880","0.3900","0.3720","3.68K","2.09%"
"11/01/2024","0.3820","0.3720","0.3820","0.3720","7.64K","0.53%"
"10/01/2024","0.3800","0.3800","0.3800","0.3780","16.13K","-2.06%"
"09/01/2024","0.3880","0.3900","0.3900","0.3800","1.11K","1.57%"
"08/01/2024","0.3820","0.3700","0.3820","0.3540","69.23K","-2.55%"
"05/01/2024","0.3920","0.3920","0.3920","0.3600","18.45K","0.00%"
"03/01/2024","0.3920","0.4000","0.4000","0.3900","6.10K","-2.49%"
"02/01/2024","0.4020","0.4100","0.4100","0.4000","18.26K","-1.95%"
"29/12/2023","0.4100","0.4280","0.4280","0.4020","24.22K","-4.65%"
"28/12/2023","0.4300","0.4600","0.4600","0.4300","1.04K","0.94%"
"27/12/2023","0.4260","0.4500","0.4700","0.4260","8.26K","-3.18%"
"22/12/2023","0.4400","0.4700","0.4700","0.4400","1.89K","-6.38%"
"21/12/2023","0.4700","0.4700","0.4700","0.4540","1.51K","-2.08%"
"20/12/2023","0.4800","0.4600","0.4800","0.4260","11.67K","0.00%"
"19/12/2023","0.4800","0.4800","0.4900","0.4700","39.22K","-2.04%"
"18/12/2023","0.4900","0.4680","0.4900","0.4300","63.19K","4.26%"
"15/12/2023","0.4700","0.4540","0.4700","0.4100","100.87K","3.52%"
"14/12/2023","0.4540","0.4200","0.5000","0.4200","233.72K","17.62%"
"13/12/2023","0.3860","0.3980","0.4180","0.3860","5.73K","1.58%"
"12/12/2023","0.3800","0.4000","0.4200","0.3800","25.40K","-2.06%"
"11/12/2023","0.3880","0.3800","0.4000","0.3800","18.65K","2.11%"
"08/12/2023","0.3800","0.3820","0.4080","0.3800","6.39K","-0.52%"
"07/12/2023","0.3820","0.3820","0.4000","0.3820","14.87K","0.00%"
"06/12/2023","0.3820","0.4000","0.4000","0.3800","5.52K","-4.50%"
"05/12/2023","0.4000","0.4000","0.4000","0.4000","2.25K","0.00%"
"04/12/2023","0.4000","0.3920","0.4000","0.3660","88.58K","2.56%"
"01/12/2023","0.3900","0.3600","0.3960","0.3600","104.41K","7.14%"
"30/11/2023","0.3640","0.3600","0.3680","0.3240","9.00K","1.11%"
"29/11/2023","0.3600","0.3680","0.3700","0.3600","38.04K","-2.70%"
"28/11/2023","0.3700","0.3440","0.3880","0.3440","84.68K","6.94%"
"27/11/2023","0.3460","0.3160","0.3460","0.3160","25.11K","9.49%"
"24/11/2023","0.3160","0.3120","0.3200","0.3100","33.00K","-1.86%"
"23/11/2023","0.3220","0.3260","0.3260","0.3020","25.80K","-1.83%"
"22/11/2023","0.3280","0.3300","0.3980","0.3260","124.57K","-0.61%"
"21/11/2023","0.3300","0.3540","0.3600","0.3300","14.28K","0.00%"
"20/11/2023","0.3300","0.3340","0.3340","0.3300","0.88K","-7.82%"
"17/11/2023","0.3580","0.3560","0.3600","0.3400","14.10K","0.56%"
"16/11/2023","0.3560","0.3300","0.3560","0.3300","2.06K","0.00%"
"15/11/2023","0.3560","0.3560","0.3560","0.3280","11.12K","0.00%"
"14/11/2023","0.3560","0.3500","0.3560","0.3500","2.96K","11.25%"
"13/11/2023","0.3200","0.3500","0.3500","0.3000","59.10K","-3.61%"
"09/11/2023","0.3320","0.3320","0.3320","0.3320","3.00K","0.00%"
"08/11/2023","0.3320","0.3380","0.3500","0.3320","2.82K","0.00%"
"07/11/2023","0.3320","0.3400","0.3400","0.3320","1.75K","0.00%"
"06/11/2023","0.3320","0.3380","0.3540","0.3300","1.27K","-1.19%"
"03/11/2023","0.3360","0.3360","0.3360","0.3360","4.24K","-0.59%"
"02/11/2023","0.3380","0.3400","0.3400","0.3360","1.25K","2.42%"
"31/10/2023","0.3300","0.3260","0.3360","0.3260","8.60K","0.00%"
"30/10/2023","0.3300","0.3280","0.3360","0.3000","27.47K","0.61%"
"27/10/2023","0.3280","0.3320","0.3340","0.3280","11.05K","-2.96%"
"26/10/2023","0.3380","0.3280","0.3400","0.3280","25.46K","3.05%"
"25/10/2023","0.3280","0.3380","0.3440","0.3280","10.89K","-7.34%"
"24/10/2023","0.3540","0.3540","0.3540","0.3540","1.27K","5.36%"
"23/10/2023","0.3360","0.3580","0.3580","0.3300","18.81K","-6.15%"
"20/10/2023","0.3580","0.3460","0.3580","0.3360","17.64K","-0.56%"
"19/10/2023","0.3600","0.3680","0.3680","0.3480","5.53K","4.65%"
"18/10/2023","0.3440","0.3500","0.3500","0.3440","12.31K","-2.27%"
"17/10/2023","0.3520","0.3500","0.3700","0.3500","6.80K","-7.85%"
"16/10/2023","0.3820","0.3800","0.3820","0.3500","15.99K","7.91%"
"13/10/2023","0.3540","0.3800","0.3800","0.3520","19.60K","-6.35%"
"12/10/2023","0.3780","0.3580","0.3780","0.3560","4.07K","-0.53%"
"11/10/2023","0.3800","0.3800","0.3800","0.3560","5.77K","0.00%"
"10/10/2023","0.3800","0.3800","0.3800","0.3540","22.23K","0.53%"
"09/10/2023","0.3780","0.3440","0.3780","0.3440","7.38K","-4.06%"
"06/10/2023","0.3940","0.3600","0.3940","0.3340","61.15K","9.44%"
"05/10/2023","0.3600","0.4080","0.4080","0.3520","15.70K","-11.76%"
"04/10/2023","0.4080","0.3900","0.4080","0.3900","6.38K","-0.49%"
"03/10/2023","0.4100","0.4100","0.4100","0.4100","3.40K","0.00%"
"02/10/2023","0.4100","0.3800","0.4140","0.3800","11.75K","9.04%"
"29/09/2023","0.3760","0.4220","0.4220","0.3600","99.72K","-10.90%"
"28/09/2023","0.4220","0.4460","0.4460","0.4180","9.83K","-5.38%"
"27/09/2023","0.4460","0.4480","0.4480","0.4240","0.26K","-0.45%"
"26/09/2023","0.4480","0.4480","0.4480","0.4480","0.02K","0.00%"
"25/09/2023","0.4480","0.4480","0.4480","0.4480","0.02K","0.00%"
"22/09/2023","0.4480","0.4320","0.4480","0.4320","0.52K","3.70%"
"21/09/2023","0.4320","0.4320","0.4320","0.4320","0.02K","0.00%"
"20/09/2023","0.4320","0.4320","0.4320","0.4320","0.02K","0.00%"
"19/09/2023","0.4320","0.4320","0.4320","0.4320","0.02K","0.00%"
"18/09/2023","0.4320","0.4400","0.4400","0.4320","2.40K","-1.82%"
"15/09/2023","0.4400","0.4400","0.4400","0.4400","0.24K","0.00%"
"14/09/2023","0.4400","0.4500","0.4500","0.4400","0.33K","-2.22%"
"13/09/2023","0.4500","0.4500","0.4500","0.4500","0.14K","0.00%"
"12/09/2023","0.4500","0.4480","0.4500","0.4480","2.72K","0.00%"
"11/09/2023","0.4500","0.4360","0.4500","0.4360","0.07K","3.69%"
"08/09/2023","0.4340","0.4340","0.4340","0.4340","2.33K","0.00%"
"07/09/2023","0.4340","0.4380","0.4380","0.4160","18.14K","-0.91%"
"06/09/2023","0.4380","0.4200","0.4400","0.4200","1.03K","4.29%"
"05/09/2023","0.4200","0.4380","0.4380","0.4200","38.55K","-2.33%"
"04/09/2023","0.4300","0.4300","0.4300","0.4260","4.70K","0.00%"
"01/09/2023","0.4300","0.4340","0.4440","0.4240","10.04K","0.00%"
"31/08/2023","0.4300","0.4360","0.4360","0.4240","7.20K","-1.83%"
"30/08/2023","0.4380","0.4380","0.4380","0.4280","4.35K","-0.45%"
"29/08/2023","0.4400","0.4400","0.4400","0.4400","0.00K","0.00%"
"28/08/2023","0.4400","0.4240","0.4400","0.4240","7.75K","3.77%"
"25/08/2023","0.4240","0.4340","0.4500","0.4240","37.28K","-1.85%"
"24/08/2023","0.4320","0.4480","0.4480","0.4320","4.00K","-3.57%"
"23/08/2023","0.4480","0.4480","0.4480","0.4480","0.09K","0.00%"
"22/08/2023","0.4480","0.4260","0.4480","0.4260","2.77K","-2.18%"
"21/08/2023","0.4580","0.4500","0.4600","0.4260","0.24K","4.09%"
"18/08/2023","0.4400","0.4240","0.4400","0.4240","4.81K","3.77%"
"17/08/2023","0.4240","0.4380","0.4380","0.4240","3.04K","-3.20%"
"16/08/2023","0.4380","0.4460","0.4460","0.4240","27.60K","-1.35%"
"14/08/2023","0.4440","0.4580","0.4580","0.4240","5.21K","1.83%"
"11/08/2023","0.4360","0.4520","0.4520","0.4360","1.02K","-3.54%"
"10/08/2023","0.4520","0.4520","0.4520","0.4520","6.87K","0.00%"
"09/08/2023","0.4520","0.4580","0.4580","0.4440","21.34K","2.73%"
"08/08/2023","0.4400","0.4480","0.4480","0.4400","7.67K","2.80%"
"07/08/2023","0.4280","0.4380","0.4380","0.4160","39.70K","-2.28%"
"04/08/2023","0.4380","0.4240","0.4400","0.4140","23.79K","3.30%"
"03/08/2023","0.4240","0.4440","0.4440","0.4080","4.44K","-4.93%"
"02/08/2023","0.4460","0.4540","0.4560","0.4200","21.78K","-2.19%"
"01/08/2023","0.4560","0.4200","0.4600","0.3960","171.05K","14.00%"
"31/07/2023","0.4000","0.4400","0.4440","0.4000","75.65K","-9.09%"
"28/07/2023","0.4400","0.4320","0.4400","0.4320","4.69K","1.85%"
"27/07/2023","0.4320","0.4260","0.4320","0.4200","22.96K","2.37%"
"26/07/2023","0.4220","0.4360","0.4360","0.4220","3.02K","-3.21%"
"25/07/2023","0.4360","0.4380","0.4380","0.4300","16.16K","-0.46%"
"24/07/2023","0.4380","0.4380","0.4380","0.4320","16.24K","1.86%"
"21/07/2023","0.4300","0.4200","0.4380","0.4020","52.18K","4.88%"
"20/07/2023","0.4100","0.4300","0.4360","0.4100","70.24K","-4.65%"
"19/07/2023","0.4300","0.4380","0.4680","0.4300","71.26K","-1.83%"
"18/07/2023","0.4380","0.4740","0.4740","0.4320","18.94K","-2.67%"
"17/07/2023","0.4500","0.4760","0.4760","0.4500","39.24K","-5.46%"
"14/07/2023","0.4760","0.4640","0.4760","0.4440","54.65K","-4.03%"
"13/07/2023","0.4960","0.4960","0.4960","0.4960","0.02K","1.22%"
"12/07/2023","0.4900","0.4960","0.4960","0.4900","0.42K","-1.21%"
"11/07/2023","0.4960","0.4960","0.4960","0.4960","0.02K","3.33%"
"10/07/2023","0.4800","0.4800","0.4800","0.4800","4.02K","0.00%"
"07/07/2023","0.4800","0.4800","0.4800","0.4800","0.00K","0.00%"
"06/07/2023","0.4800","0.4800","0.4800","0.4800","0.00K","0.00%"
"05/07/2023","0.4800","0.4800","0.4800","0.4800","0.06K","3.45%"
"04/07/2023","0.4640","0.4640","0.4640","0.4640","0.00K","0.43%"
"03/07/2023","0.4620","0.4860","0.4860","0.4620","1.44K","-3.75%"
"30/06/2023","0.4800","0.4800","0.4800","0.4700","1.43K","0.00%"
"29/06/2023","0.4800","0.4800","0.4800","0.4800","12.52K","0.00%"
"28/06/2023","0.4800","0.4800","0.4800","0.4800","0.02K","0.00%"
"27/06/2023","0.4800","0.4800","0.4800","0.4800","20.20K","0.00%"
"26/06/2023","0.4800","0.4880","0.4880","0.4800","1.05K","-3.61%"
"23/06/2023","0.4980","0.4980","0.4980","0.4980","0.02K","3.32%"
"22/06/2023","0.4820","0.4720","0.4820","0.4720","8.94K","2.12%"
"21/06/2023","0.4720","0.4980","0.4980","0.4720","0.12K","-5.22%"
"20/06/2023","0.4980","0.5000","0.5000","0.4980","10.12K","0.40%"
"19/06/2023","0.4960","0.4620","0.4980","0.4620","12.15K","0.00%"
"16/06/2023","0.4960","0.4960","0.4960","0.4960","0.02K","0.00%"
"15/06/2023","0.4960","0.4960","0.4960","0.4960","0.10K","-0.40%"
"14/06/2023","0.4980","0.4600","0.5000","0.4600","3.53K","9.21%"
"13/06/2023","0.4560","0.4560","0.4560","0.4560","1.02K","0.00%"
"12/06/2023","0.4560","0.4560","0.5000","0.4560","6.19K","0.00%"
"09/06/2023","0.4560","0.4560","0.4580","0.4560","9.10K","-2.98%"
"07/06/2023","0.4700","0.4560","0.4700","0.4560","7.08K","3.52%"
"06/06/2023","0.4540","0.4700","0.4700","0.4540","4.02K","-3.40%"
"05/06/2023","0.4700","0.4700","0.4700","0.4700","4.36K","2.62%"
"02/06/2023","0.4580","0.4700","0.4700","0.4580","0.52K","-2.55%"
"01/06/2023","0.4700","0.4700","0.4700","0.4700","1.40K","0.00%"
"31/05/2023","0.4700","0.4700","0.4700","0.4700","3.28K","0.00%"
"30/05/2023","0.4700","0.4700","0.4700","0.4700","1.10K","0.43%"
"29/05/2023","0.4680","0.4680","0.4680","0.4680","3.88K","0.00%"
"26/05/2023","0.4680","0.4680","0.4680","0.4680","0.16K","-0.43%"
"25/05/2023","0.4700","0.4500","0.4700","0.4360","25.38K","4.44%"
"24/05/2023","0.4500","0.4800","0.4800","0.4500","8.95K","-6.25%"
"23/05/2023","0.4800","0.4780","0.4800","0.4780","0.52K","0.42%"
"22/05/2023","0.4780","0.4780","0.4780","0.4780","0.58K","-0.42%"
"19/05/2023","0.4800","0.4800","0.4800","0.4780","43.57K","0.00%"
"18/05/2023","0.4800","0.5000","0.5100","0.4800","11.27K","-4.00%"
"17/05/2023","0.5000","0.5000","0.5000","0.5000","0.07K","0.00%"
"16/05/2023","0.5000","0.5000","0.5000","0.5000","0.04K","2.04%"
"15/05/2023","0.4900","0.5000","0.5000","0.4780","15.41K","-3.92%"
"12/05/2023","0.5100","0.5100","0.5100","0.5100","0.30K","0.00%"
"11/05/2023","0.5100","0.5200","0.5200","0.5100","5.03K","0.99%"
"10/05/2023","0.5050","0.5050","0.5050","0.5050","0.00K","0.00%"
"09/05/2023","0.5050","0.5050","0.5050","0.5050","0.99K","3.06%"
"08/05/2023","0.4900","0.4900","0.4900","0.4900","0.02K","0.00%"
"05/05/2023","0.4900","0.5200","0.5200","0.4900","3.39K","-2.00%"
"04/05/2023","0.5000","0.4740","0.5000","0.4740","0.15K","5.49%"
"02/05/2023","0.4740","0.4820","0.5000","0.4740","9.31K","0.85%"
"28/04/2023","0.4700","0.4900","0.4900","0.4520","20.79K","-3.69%"
"27/04/2023","0.4880","0.4880","0.4880","0.4880","1.02K","0.00%"
"26/04/2023","0.4880","0.4900","0.4900","0.4880","0.04K","-1.21%"
"25/04/2023","0.4940","0.4760","0.4940","0.4760","2.05K","4.22%"
"24/04/2023","0.4740","0.4740","0.4740","0.4740","0.02K","0.85%"
"21/04/2023","0.4700","0.4960","0.4960","0.4700","1.52K","-5.24%"
"20/04/2023","0.4960","0.4960","0.4960","0.4960","0.02K","0.00%"
"19/04/2023","0.4960","0.4960","0.4960","0.4960","0.02K","0.00%"
"18/04/2023","0.4960","0.4800","0.4960","0.4800","34.83K","3.33%"
"17/04/2023","0.4800","0.4800","0.4800","0.4800","1.45K","-0.41%"
"14/04/2023","0.4820","0.4800","0.4820","0.4800","3.02K","0.42%"
"13/04/2023","0.4800","0.4800","0.4800","0.4800","0.02K","0.00%"
"12/04/2023","0.4800","0.4800","0.4800","0.4800","1.27K","0.00%"
"11/04/2023","0.4800","0.4800","0.4800","0.4800","0.20K","-2.04%"
"06/04/2023","0.4900","0.4940","0.4940","0.4800","14.13K","-0.81%"
"05/04/2023","0.4940","0.4940","0.4940","0.4940","0.02K","0.00%"
"04/04/2023","0.4940","0.4940","0.4940","0.4940","0.02K","-0.40%"
"03/04/2023","0.4960","0.4960","0.4960","0.4960","0.11K","2.48%"
"31/03/2023","0.4840","0.4700","0.4840","0.4700","0.07K","0.00%"
"30/03/2023","0.4840","0.4700","0.4840","0.4700","0.25K","2.98%"
"29/03/2023","0.4700","0.4920","0.4920","0.4700","0.99K","-4.47%"
"28/03/2023","0.4920","0.4920","0.4920","0.4920","0.01K","0.00%"
"27/03/2023","0.4920","0.4900","0.4920","0.4700","1.20K","0.41%"
"24/03/2023","0.4900","0.4920","0.4920","0.4900","2.44K","-0.81%"
"23/03/2023","0.4940","0.4940","0.4940","0.4940","2.02K","2.92%"
"22/03/2023","0.4800","0.4960","0.4960","0.4800","3.04K","-3.61%"
"21/03/2023","0.4980","0.4980","0.4980","0.4700","22.74K","-0.40%"
"20/03/2023","0.5000","0.4880","0.5000","0.4880","47.64K","5.04%"
"17/03/2023","0.4760","0.5050","0.5050","0.4760","13.68K","-5.74%"
"16/03/2023","0.5050","0.5200","0.5300","0.5050","0.09K","-2.88%"
"15/03/2023","0.5200","0.5200","0.5350","0.5200","16.98K","0.00%"
"14/03/2023","0.5200","0.5200","0.5200","0.5200","0.03K","0.00%"
"13/03/2023","0.5200","0.5350","0.5350","0.5200","5.09K","-2.80%"
"10/03/2023","0.5350","0.5350","0.5350","0.5350","0.14K","0.00%"
"09/03/2023","0.5350","0.5100","0.5350","0.5100","14.49K","5.94%"
"08/03/2023","0.5050","0.5050","0.5050","0.5050","0.02K","1.00%"
"07/03/2023","0.5000","0.5000","0.5000","0.5000","1.02K","0.00%"
"06/03/2023","0.5000","0.5350","0.5350","0.5000","2.22K","-0.99%"
"03/03/2023","0.5050","0.5200","0.5200","0.5050","3.00K","-2.88%"
"02/03/2023","0.5200","0.5200","0.5200","0.5200","10.60K","0.00%"
"01/03/2023","0.5200","0.5350","0.5350","0.5200","1.02K","-0.95%"
"28/02/2023","0.5250","0.5250","0.5400","0.5250","5.04K","1.94%"
"27/02/2023","0.5150","0.5150","0.5150","0.5150","0.02K","0.98%"
"24/02/2023","0.5100","0.5250","0.5400","0.5100","4.99K","0.00%"
"23/02/2023","0.5100","0.5100","0.5100","0.5100","2.01K","0.00%"
"22/02/2023","0.5100","0.5250","0.5250","0.5100","1.07K","-1.92%"
"21/02/2023","0.5200","0.5200","0.5200","0.5200","1.15K","0.00%"
"20/02/2023","0.5200","0.5250","0.5250","0.5200","3.59K","1.96%"
"17/02/2023","0.5100","0.5250","0.5250","0.5100","11.88K","-0.97%"
"16/02/2023","0.5150","0.5300","0.5300","0.5100","14.86K","-2.83%"
"15/02/2023","0.5300","0.5300","0.5300","0.5300","0.62K","4.95%"
"14/02/2023","0.5050","0.5050","0.5050","0.5050","3.00K","0.00%"
"13/02/2023","0.5050","0.5050","0.5050","0.5050","0.02K","0.00%"
"10/02/2023","0.5050","0.5050","0.5050","0.5050","16.94K","-0.98%"
"09/02/2023","0.5100","0.5050","0.5450","0.5050","1.35K","0.99%"
"08/02/2023","0.5050","0.5000","0.5250","0.5000","6.91K","1.00%"
"07/02/2023","0.5000","0.5500","0.5500","0.5000","6.93K","-9.09%"
"06/02/2023","0.5500","0.5450","0.5550","0.5150","16.45K","2.80%"
"03/02/2023","0.5350","0.5350","0.5350","0.5350","2.84K","7.00%"
"02/02/2023","0.5000","0.4980","0.5100","0.4980","4.79K","0.40%"
"01/02/2023","0.4980","0.4980","0.4980","0.4980","3.01K","-0.40%"
"31/01/2023","0.5000","0.5250","0.5550","0.5000","84.28K","-1.96%"
"30/01/2023","0.5100","0.4860","0.5250","0.4800","28.74K","6.69%"
"27/01/2023","0.4780","0.4880","0.4880","0.4680","24.18K","-2.05%"
"26/01/2023","0.4880","0.4880","0.4880","0.4880","1.02K","-0.41%"
"25/01/2023","0.4900","0.4880","0.4900","0.4880","44.35K","0.82%"
"24/01/2023","0.4860","0.5000","0.5000","0.4800","41.27K","-2.80%"
"23/01/2023","0.5000","0.5400","0.5400","0.4860","63.29K","-1.96%"
"20/01/2023","0.5100","0.5400","0.5400","0.5000","22.88K","-4.67%"
"19/01/2023","0.5350","0.5600","0.5650","0.5350","3.25K","-4.46%"
"18/01/2023","0.5600","0.5450","0.5600","0.5450","2.55K","7.69%"
"17/01/2023","0.5200","0.5650","0.5650","0.5200","2.69K","-5.45%"
"16/01/2023","0.5500","0.5700","0.5700","0.5500","9.00K","0.00%"
"13/01/2023","0.5500","0.5500","0.5500","0.5000","15.02K","5.77%"
"12/01/2023","0.5200","0.5500","0.5500","0.5200","1.21K","-0.95%"
"11/01/2023","0.5250","0.5600","0.5600","0.5250","7.06K","-1.87%"
"10/01/2023","0.5350","0.5300","0.5700","0.5100","18.19K","1.90%"
"09/01/2023","0.5250","0.5500","0.5600","0.5100","13.37K","-4.55%"
"05/01/2023","0.5500","0.6000","0.6500","0.5400","314.90K","-6.78%"
"04/01/2023","0.5900","0.4460","0.5900","0.4300","165.80K","31.11%"
"03/01/2023","0.4500","0.4600","0.4600","0.4500","3.76K","2.27%"
"02/01/2023","0.4400","0.4600","0.4600","0.4400","6.52K","-2.22%"
"30/12/2022","0.4500","0.4680","0.4680","0.4300","28.02K","-4.26%"
"29/12/2022","0.4700","0.4700","0.4700","0.4700","0.02K","4.44%"
"28/12/2022","0.4500","0.4700","0.4700","0.4500","25.99K","-4.26%"
"27/12/2022","0.4700","0.4780","0.4800","0.4700","37.07K","-2.08%"
"23/12/2022","0.4800","0.4800","0.4800","0.4800","0.00K","0.00%"
"22/12/2022","0.4800","0.4840","0.4840","0.4800","1.01K","0.00%"
"21/12/2022","0.4800","0.4940","0.4940","0.4520","1.22K","-3.23%"
"20/12/2022","0.4960","0.4960","0.4960","0.4960","0.02K","3.33%"
"19/12/2022","0.4800","0.4800","0.4800","0.4700","9.49K","2.13%"
"16/12/2022","0.4700","0.4980","0.4980","0.4500","18.98K","-4.08%"
"15/12/2022","0.4900","0.5000","0.5000","0.4740","11.97K","-3.92%"
"14/12/2022","0.5100","0.5000","0.5100","0.4740","1.35K","2.00%"
"13/12/2022","0.5000","0.5250","0.5250","0.5000","0.03K","-4.76%"
"12/12/2022","0.5250","0.5250","0.5250","0.5250","0.02K","0.00%"
"09/12/2022","0.5250","0.5250","0.5250","0.5250","1.17K","0.00%"
"08/12/2022","0.5250","0.5250","0.5250","0.5250","0.02K","5.00%"
"07/12/2022","0.5000","0.5000","0.5000","0.5000","21.23K","2.88%"
"06/12/2022","0.4860","0.5000","0.5000","0.4860","1.82K","-5.63%"
"05/12/2022","0.5150","0.5150","0.5150","0.5150","4.23K","0.00%"
"02/12/2022","0.5150","0.4740","0.5150","0.4740","0.21K","9.11%"
"01/12/2022","0.4720","0.5000","0.5000","0.4720","35.21K","-5.60%"
"30/11/2022","0.5000","0.5600","0.5700","0.5000","68.36K","0.00%"
"29/11/2022","0.5000","0.4800","0.6200","0.4800","77.56K","0.81%"
"28/11/2022","0.4960","0.5400","0.5400","0.4540","2.23K","-2.75%"
"25/11/2022","0.5100","0.5200","0.5200","0.4520","0.87K","2.00%"
"24/11/2022","0.5000","0.4880","0.5350","0.4540","22.90K","2.46%"
"23/11/2022","0.4880","0.4880","0.4880","0.4540","5.50K","0.00%"
"22/11/2022","0.4880","0.4880","0.4880","0.4560","0.16K","0.00%"
"21/11/2022","0.4880","0.4880","0.4880","0.4560","2.07K","1.67%"
"18/11/2022","0.4800","0.4880","0.4880","0.4540","4.23K","-1.64%"
"17/11/2022","0.4880","0.4880","0.4880","0.4880","0.03K","0.00%"
"16/11/2022","0.4880","0.4880","0.4880","0.4880","0.20K","0.00%"
"15/11/2022","0.4880","0.4880","0.4900","0.4600","10.03K","3.83%"
"14/11/2022","0.4700","0.4880","0.4880","0.4700","0.95K","-3.69%"
"10/11/2022","0.4880","0.4880","0.4880","0.4880","0.09K","0.00%"
"09/11/2022","0.4880","0.4880","0.4880","0.4880","0.03K","0.00%"
"08/11/2022","0.4880","0.4880","0.4880","0.4600","5.01K","0.00%"
"07/11/2022","0.4880","0.4980","0.4980","0.4540","10.24K","-2.01%"
"04/11/2022","0.4980","0.4980","0.4980","0.4540","3.97K","0.00%"
"03/11/2022","0.4980","0.4980","0.4980","0.4980","0.03K","0.00%"
"02/11/2022","0.4980","0.4980","0.4980","0.4540","17.20K","0.40%"
"31/10/2022","0.4960","0.4980","0.4980","0.4540","12.61K","-0.40%"
"28/10/2022","0.4980","0.4980","0.4980","0.4980","0.03K","0.00%"
"27/10/2022","0.4980","0.4980","0.4980","0.4980","0.03K","0.00%"
"26/10/2022","0.4980","0.4980","0.4980","0.4980","0.03K","0.00%"
"25/10/2022","0.4980","0.4980","0.4980","0.4600","7.80K","0.40%"
"24/10/2022","0.4960","0.4960","0.4960","0.4960","0.03K","-0.40%"
"21/10/2022","0.4980","0.4980","0.4980","0.4980","0.03K","0.00%"
"20/10/2022","0.4980","0.4980","0.4980","0.4660","8.79K","0.00%"
"19/10/2022","0.4980","0.4980","0.4980","0.4980","0.03K","0.00%"
"18/10/2022","0.4980","0.4980","0.4980","0.4660","5.74K","0.00%"
"17/10/2022","0.4980","0.4980","0.4980","0.4980","0.03K","0.00%"
"14/10/2022","0.4980","0.4980","0.4980","0.4680","0.80K","0.00%"
"13/10/2022","0.4980","0.4980","0.4980","0.4980","0.03K","0.00%"
"12/10/2022","0.4980","0.4980","0.4980","0.4980","0.03K","0.00%"
"11/10/2022","0.4980","0.4980","0.4980","0.4980","0.83K","0.00%"
"10/10/2022","0.4980","0.4900","0.4980","0.4620","2.00K","0.00%"
"07/10/2022","0.4980","0.4980","0.4980","0.4980","0.03K","-0.40%"
"06/10/2022","0.5000","0.5000","0.5000","0.4540","28.28K","0.00%"
"05/10/2022","0.5000","0.5000","0.5000","0.5000","1.03K","2.04%"
"04/10/2022","0.4900","0.5000","0.5000","0.4600","9.03K","-2.00%"
"03/10/2022","0.5000","0.5000","0.5000","0.5000","0.03K","0.00%"
"30/09/2022","0.5000","0.5000","0.5000","0.5000","0.03K","0.00%"
"29/09/2022","0.5000","0.5000","0.5000","0.5000","1.03K","1.21%"
"28/09/2022","0.4940","0.4540","0.4940","0.4540","6.03K","9.29%"
"27/09/2022","0.4520","0.5300","0.5300","0.4520","3.03K","-14.72%"
"26/09/2022","0.5300","0.5300","0.5300","0.5300","0.03K","0.00%"
"23/09/2022","0.5300","0.5300","0.5300","0.5300","0.03K","0.00%"
"22/09/2022","0.5300","0.5300","0.5300","0.5300","0.03K","0.00%"
"21/09/2022","0.5300","0.5300","0.5300","0.5300","0.03K","1.92%"
"20/09/2022","0.5200","0.5200","0.5200","0.4700","0.47K","0.00%"
"19/09/2022","0.5200","0.5300","0.5300","0.5200","0.04K","4.00%"
"16/09/2022","0.5000","0.5000","0.5000","0.5000","0.08K","0.00%"
"15/09/2022","0.5000","0.5000","0.5000","0.5000","1.03K","0.00%"
"14/09/2022","0.5000","0.5000","0.5000","0.5000","0.03K","0.00%"
"13/09/2022","0.5000","0.5000","0.5000","0.5000","0.53K","1.63%"
"12/09/2022","0.4920","0.5300","0.5300","0.4920","16.52K","-7.17%"
"09/09/2022","0.5300","0.5300","0.5300","0.5300","0.05K","6.85%"
"08/09/2022","0.4960","0.4960","0.4960","0.4960","0.03K","0.40%"
"07/09/2022","0.4940","0.5300","0.5300","0.4920","13.18K","-6.79%"
"06/09/2022","0.5300","0.5300","0.5300","0.5300","0.13K","6.00%"
"05/09/2022","0.5000","0.5000","0.5000","0.5000","8.58K","2.04%"
"02/09/2022","0.4900","0.5300","0.5300","0.4900","0.60K","-2.00%"
"01/09/2022","0.5000","0.5300","0.5300","0.5000","2.40K","-5.66%"
"31/08/2022","0.5300","0.5300","0.5300","0.5100","1.16K","0.00%"
"30/08/2022","0.5300","0.5300","0.5300","0.5300","0.00K","0.00%"
"29/08/2022","0.5300","0.5300","0.5300","0.5000","3.52K","0.00%"
"26/08/2022","0.5300","0.5300","0.5300","0.5300","2.83K","0.00%"
"25/08/2022","0.5300","0.5300","0.5300","0.5300","0.03K","0.00%"
"24/08/2022","0.5300","0.5450","0.5450","0.5300","0.23K","1.92%"
"23/08/2022","0.5200","0.5400","0.5500","0.5200","9.48K","-5.45%"
"22/08/2022","0.5500","0.5450","0.5500","0.5000","1.27K","0.00%"
"19/08/2022","0.5500","0.5150","0.5500","0.5150","2.66K","7.84%"
"18/08/2022","0.5100","0.5450","0.5450","0.5100","2.81K","-7.27%"
"17/08/2022","0.5500","0.5350","0.5500","0.5350","2.23K","2.80%"
"16/08/2022","0.5350","0.5350","0.5350","0.5350","0.03K","0.00%"
"12/08/2022","0.5350","0.5350","0.5350","0.5350","0.43K","0.00%"
"11/08/2022","0.5350","0.5350","0.5350","0.5350","0.03K","-2.73%"
"09/08/2022","0.5500","0.5300","0.5500","0.5300","0.20K","0.00%"
"08/08/2022","0.5500","0.5850","0.6000","0.5300","9.66K","0.00%"
"05/08/2022","0.5500","0.5300","0.5500","0.5300","2.28K","3.77%"
"04/08/2022","0.5300","0.5300","0.5300","0.5300","0.00K","-0.93%"
"03/08/2022","0.5350","0.5250","0.5350","0.5250","1.11K","0.94%"
"02/08/2022","0.5300","0.5350","0.5350","0.5300","0.68K","-0.93%"
"01/08/2022","0.5350","0.5300","0.5350","0.5250","1.42K","0.00%"
"29/07/2022","0.5350","0.5300","0.5350","0.5300","4.90K","0.94%"
"28/07/2022","0.5300","0.5300","0.5300","0.5300","5.37K","1.92%"
"27/07/2022","0.5200","0.5200","0.5200","0.5200","13.25K","2.97%"
"26/07/2022","0.5050","0.5200","0.5200","0.5050","6.56K","-2.88%"
"25/07/2022","0.5200","0.5200","0.5200","0.5200","6.91K","0.00%"
"22/07/2022","0.5200","0.5200","0.5200","0.5200","0.03K","0.00%"
"21/07/2022","0.5200","0.5200","0.5200","0.5200","0.03K","0.00%"
"20/07/2022","0.5200","0.4800","0.5200","0.4800","0.53K","0.00%"
"19/07/2022","0.5200","0.5200","0.5200","0.5200","0.03K","0.00%"
"18/07/2022","0.5200","0.5200","0.5200","0.5200","0.03K","1.96%"
"15/07/2022","0.5100","0.5200","0.5200","0.5100","3.96K","0.00%"
"14/07/2022","0.5100","0.5200","0.5200","0.5100","5.74K","-1.92%"
"13/07/2022","0.5200","0.5200","0.5200","0.5200","0.03K","0.00%"
"12/07/2022","0.5200","0.5200","0.5200","0.5200","0.03K","0.00%"
"11/07/2022","0.5200","0.5200","0.5200","0.5200","0.02K","4.42%"
"08/07/2022","0.4980","0.5200","0.5200","0.4820","11.75K","-0.40%"
"07/07/2022","0.5000","0.5200","0.5200","0.4820","1.83K","-3.85%"
"06/07/2022","0.5200","0.5200","0.5200","0.5200","1.44K","-1.89%"
"05/07/2022","0.5300","0.5300","0.5300","0.5300","0.03K","0.00%"
"04/07/2022","0.5300","0.5300","0.5300","0.5300","0.03K","0.00%"
"01/07/2022","0.5300","0.5300","0.5300","0.5300","0.03K","0.00%"
"30/06/2022","0.5300","0.5300","0.5300","0.5300","0.03K","3.92%"
"29/06/2022","0.5100","0.5100","0.5100","0.5100","0.00K","2.41%"
"28/06/2022","0.4980","0.4960","0.4980","0.4960","1.10K","0.40%"
"27/06/2022","0.4960","0.4740","0.4960","0.4500","8.04K","5.08%"
"24/06/2022","0.4720","0.4720","0.4720","0.4720","0.01K","0.43%"
"23/06/2022","0.4700","0.5050","0.5050","0.4600","6.51K","-4.08%"
"22/06/2022","0.4900","0.5300","0.5300","0.4900","0.28K","-2.00%"
"21/06/2022","0.5000","0.4800","0.5050","0.4800","10.03K","4.17%"
"20/06/2022","0.4800","0.4800","0.4800","0.4800","0.12K","-4.00%"
"17/06/2022","0.5000","0.5000","0.5000","0.5000","0.19K","-5.66%"
"15/06/2022","0.5300","0.5300","0.5300","0.5300","0.03K","6.00%"
"14/06/2022","0.5000","0.4960","0.5000","0.4900","3.21K","0.40%"
"13/06/2022","0.4980","0.4980","0.4980","0.4980","0.03K","0.00%"
"10/06/2022","0.4980","0.5150","0.5150","0.4980","4.86K","1.63%"
"09/06/2022","0.4900","0.5300","0.5300","0.4860","3.03K","-5.77%"
"08/06/2022","0.5200","0.5400","0.5400","0.4980","2.43K","-3.70%"
"07/06/2022","0.5400","0.5400","0.5400","0.5400","1.03K","0.93%"
"06/06/2022","0.5350","0.5400","0.5400","0.5350","5.03K","0.00%"
"03/06/2022","0.5350","0.5400","0.5400","0.5050","1.62K","0.00%"
"02/06/2022","0.5350","0.5250","0.5350","0.5250","17.16K","4.90%"
"01/06/2022","0.5100","0.4900","0.5250","0.4640","18.60K","4.08%"
"31/05/2022","0.4900","0.4880","0.4900","0.4520","39.72K","0.41%"
"30/05/2022","0.4880","0.5350","0.5350","0.4640","56.51K","-8.79%"
"27/05/2022","0.5350","0.5700","0.5700","0.4900","127.39K","-10.83%"
"26/05/2022","0.6000","0.6000","0.6000","0.5750","6.42K","0.00%"
"25/05/2022","0.6000","0.6300","0.6300","0.6000","4.39K","0.00%"
"24/05/2022","0.6000","0.6000","0.6000","0.6000","0.05K","0.00%"
"23/05/2022","0.6000","0.6300","0.6300","0.5900","11.21K","-4.00%"
"20/05/2022","0.6250","0.6250","0.6250","0.6250","0.97K","-0.79%"
"19/05/2022","0.6300","0.6250","0.6300","0.6000","7.67K","0.00%"
"18/05/2022","0.6300","0.6300","0.6300","0.6300","0.03K","0.00%"
"17/05/2022","0.6300","0.6050","0.6300","0.5700","22.61K","4.13%"
"16/05/2022","0.6050","0.6100","0.6100","0.5700","12.72K","0.83%"
"13/05/2022","0.6000","0.5800","0.6000","0.5800","14.29K","2.56%"
"12/05/2022","0.5850","0.6350","0.6350","0.5600","9.93K","-4.10%"
"11/05/2022","0.6100","0.6500","0.6500","0.6000","45.60K","-2.40%"
"10/05/2022","0.6250","0.6500","0.6500","0.5950","6.44K","-2.34%"
"09/05/2022","0.6400","0.6500","0.6500","0.6100","6.32K","0.00%"
"06/05/2022","0.6400","0.6650","0.6700","0.6000","82.11K","-7.91%"
"05/05/2022","0.6950","0.7700","0.7800","0.6400","157.13K","-7.33%"
"04/05/2022","0.7500","0.6900","0.9000","0.6800","599.83K","7.14%"
"02/05/2022","0.7000","0.5950","0.7000","0.5950","21.76K","22.81%"
"29/04/2022","0.5700","0.5650","0.5700","0.5650","10.17K","0.88%"
"28/04/2022","0.5650","0.5650","0.5650","0.5650","2.26K","8.65%"
"27/04/2022","0.5200","0.5200","0.5200","0.5200","0.34K","-4.59%"
"26/04/2022","0.5450","0.5450","0.5450","0.5450","1.58K","-0.91%"
"25/04/2022","0.5500","0.5200","0.5500","0.5200","2.67K","-2.65%"
"22/04/2022","0.5650","0.5650","0.5650","0.5650","21.00K","8.65%"
"21/04/2022","0.5200","0.5600","0.5600","0.5200","23.77K","-14.75%"
"20/04/2022","0.6100","0.6300","0.6300","0.6100","14.52K","-3.17%"
"19/04/2022","0.6300","0.6300","0.6300","0.6300","0.08K","0.00%"
"14/04/2022","0.6300","0.6300","0.6300","0.6300","0.10K","0.00%"
"13/04/2022","0.6300","0.6300","0.6300","0.6300","2.00K","21.15%"
"12/04/2022","0.5200","0.5200","0.5200","0.5200","2.50K","23.81%"
"11/04/2022","0.4200","0.4200","0.4200","0.4200","21.28K","-31.71%"
"06/04/2022","0.6150","0.6150","0.6150","0.6150","2.11K","0.00%"
"05/04/2022","0.6150","0.6150","0.6150","0.6150","3.00K","-12.14%"
"01/04/2022","0.7000","0.7000","0.7000","0.7000","3.33K","0.00%"
"31/03/2022","0.7000","0.7000","0.7000","0.7000","33.48K","2.94%"
"30/03/2022","0.6800","0.6800","0.6800","0.6800","26.34K","13.33%"
"29/03/2022","0.6000","0.6000","0.6000","0.6000","14.60K","5.26%"
"28/03/2022","0.5700","0.5700","0.5700","0.5700","5.30K","1.79%"
"25/03/2022","0.5600","0.5600","0.5600","0.5600","2.09K","0.00%"
"24/03/2022","0.5600","0.5600","0.5600","0.5600","6.06K","10.89%"
"23/03/2022","0.5050","0.5050","0.5050","0.5050","0.20K","1.00%"
"21/03/2022","0.5000","0.5000","0.5000","0.5000","0.41K","2.04%"
"18/03/2022","0.4900","0.4900","0.4900","0.4900","1.36K","0.00%"
"17/03/2022","0.4900","0.5000","0.5000","0.4900","10.62K","-5.77%"
"16/03/2022","0.5200","0.5550","0.5550","0.5200","6.65K","-6.31%"
"15/03/2022","0.5550","0.5900","0.5900","0.5550","3.04K","-5.93%"
"14/03/2022","0.5900","0.5600","0.5900","0.5600","13.34K","18.00%"
"11/03/2022","0.5000","0.5000","0.5000","0.5000","0.85K","0.00%"
"10/03/2022","0.5000","0.5000","0.5000","0.5000","8.40K","0.00%"
"09/03/2022","0.5000","0.5000","0.5000","0.5000","2.00K","-5.66%"
"08/03/2022","0.5300","0.5300","0.5300","0.5300","3.02K","1.92%"
"07/03/2022","0.5200","0.4800","0.5200","0.4800","5.90K","8.33%"
"04/03/2022","0.4800","0.4500","0.4800","0.4500","25.86K","-18.64%"
"03/03/2022","0.5900","0.5900","0.5900","0.5900","27.31K","7.27%"
"02/03/2022","0.5500","0.4840","0.5500","0.4840","18.52K","34.15%"
"24/02/2022","0.4100","0.5000","0.5000","0.4100","41.64K","-26.79%"
"17/02/2022","0.5600","0.5600","0.5600","0.5600","2.71K","0.00%"
"16/02/2022","0.5600","0.5600","0.5600","0.5600","3.50K","-5.88%"
"11/02/2022","0.5950","0.5950","0.5950","0.5950","3.50K","-0.83%"
"28/01/2022","0.6000","0.5600","0.6000","0.5600","2.97K","0.00%"
"27/01/2022","0.6000","0.6000","0.6000","0.6000","6.00K","0.00%"
"26/01/2022","0.6000","0.6000","0.6000","0.6000","9.40K","3.45%"
"25/01/2022","0.5800","0.5650","0.5800","0.5650","5.20K","3.57%"
"24/01/2022","0.5600","0.5900","0.5900","0.5600","4.98K","-6.67%"
"20/01/2022","0.6000","0.6000","0.6000","0.6000","5.30K","0.00%"
"18/01/2022","0.6000","0.6000","0.6000","0.6000","1.00K","-6.25%"
"13/01/2022","0.6400","0.6400","0.6400","0.6400","0.27K","0.00%"
"12/01/2022","0.6400","0.6400","0.6400","0.6400","3.00K","-1.54%"
"10/01/2022","0.6500","0.6500","0.6500","0.6500","0.60K","12.07%"
"05/01/2022","0.5800","0.5800","0.5800","0.5800","0.15K","0.00%"
"04/01/2022","0.5800","0.5800","0.5800","0.5800","7.94K","0.00%"
"03/01/2022","0.5800","0.5800","0.5800","0.5800","0.18K","0.00%"
"30/12/2021","0.5800","0.5550","0.5800","0.5550","5.21K","5.45%"
"28/12/2021","0.5500","0.5500","0.5500","0.5500","43.04K","5.77%"
"27/12/2021","0.5200","0.5000","0.5200","0.5000","13.51K","4.00%"
"23/12/2021","0.5000","0.5000","0.5000","0.5000","5.48K","-3.85%"
"22/12/2021","0.5200","0.5200","0.5200","0.5200","0.59K","1.96%"
"21/12/2021","0.5100","0.5100","0.5100","0.5100","0.12K","2.00%"
"20/12/2021","0.5000","0.5000","0.5000","0.5000","1.09K","-8.26%"
"17/12/2021","0.5450","0.5450","0.5450","0.5450","1.62K","0.00%"
"16/12/2021","0.5450","0.5450","0.5450","0.5450","4.49K","0.00%"
"15/12/2021","0.5450","0.5550","0.5550","0.5450","4.15K","0.00%"
"13/12/2021","0.5450","0.5450","0.5450","0.5450","0.21K","0.00%"
"09/12/2021","0.5450","0.5450","0.5450","0.5450","4.29K","-0.91%"
"08/12/2021","0.5500","0.5600","0.5600","0.5500","3.20K","-3.51%"
"07/12/2021","0.5700","0.5700","0.5700","0.5700","7.75K","1.79%"
"06/12/2021","0.5600","0.5700","0.5700","0.5600","5.70K","-5.88%"
"03/12/2021","0.5950","0.6000","0.6000","0.5950","33.16K","-1.65%"
"02/12/2021","0.6050","0.6050","0.6050","0.6050","4.68K","-9.70%"
"30/11/2021","0.6700","0.6700","0.6700","0.6700","0.60K","-2.19%"
"29/11/2021","0.6850","0.6850","0.6850","0.6850","0.10K","2.24%"
"26/11/2021","0.6700","0.6700","0.6700","0.6700","0.50K","8.06%"
"25/11/2021","0.6200","0.6200","0.6200","0.6200","0.15K","0.00%"
"24/11/2021","0.6200","0.6200","0.6200","0.6200","3.68K","-10.14%"
"18/11/2021","0.6900","0.6900","0.6900","0.6900","0.60K","0.00%"
"17/11/2021","0.6900","0.5650","0.6900","0.5650","2.06K","0.00%"
"16/11/2021","0.6900","0.6900","0.6900","0.6900","1.82K","13.11%"
"12/11/2021","0.6100","0.6100","0.6100","0.6100","0.20K","1.67%"
"10/11/2021","0.6000","0.6000","0.6000","0.6000","1.64K","-4.76%"
"09/11/2021","0.6300","0.6400","0.6400","0.6300","7.24K","-1.56%"
"08/11/2021","0.6400","0.6400","0.6400","0.6400","5.74K","-3.03%"
"05/11/2021","0.6600","0.6500","0.6600","0.6500","13.16K","-4.35%"
"04/11/2021","0.6900","0.7000","0.7000","0.6900","5.19K","-1.43%"
"03/11/2021","0.7000","0.7000","0.7000","0.7000","12.13K","0.00%"
"02/11/2021","0.7000","0.7000","0.7000","0.7000","5.99K","-2.78%"
"28/10/2021","0.7200","0.7200","0.7200","0.7200","2.72K","0.00%"
"27/10/2021","0.7200","0.7200","0.7200","0.7200","1.74K","5.88%"
"21/10/2021","0.6800","0.6800","0.6800","0.6800","2.00K","-1.45%"
"20/10/2021","0.6900","0.6900","0.6900","0.6900","18.30K","2.99%"
"19/10/2021","0.6700","0.6700","0.6700","0.6700","0.21K","-4.29%"
"18/10/2021","0.7000","0.7000","0.7000","0.7000","5.00K","4.48%"
"15/10/2021","0.6700","0.6700","0.6700","0.6700","0.48K","-0.74%"
"13/10/2021","0.6750","0.6750","0.6750","0.6750","2.06K","-3.57%"
"12/10/2021","0.7000","0.7000","0.7000","0.7000","25.04K","0.00%"
"11/10/2021","0.7000","0.7000","0.7000","0.7000","1.48K","0.00%"
"08/10/2021","0.7000","0.6600","0.7000","0.6600","9.47K","0.00%"
"07/10/2021","0.7000","0.7000","0.7000","0.7000","2.05K","0.00%"
"06/10/2021","0.7000","0.7000","0.7000","0.7000","29.86K","-1.41%"
"05/10/2021","0.7100","0.7100","0.7100","0.7100","1.30K","1.43%"
"04/10/2021","0.7000","0.7000","0.7000","0.7000","0.10K","4.48%"
"01/10/2021","0.6700","0.6700","0.6700","0.6700","2.50K","-10.67%"
"30/09/2021","0.7500","0.7500","0.7500","0.7500","2.58K","0.00%"
"29/09/2021","0.7500","0.7500","0.7500","0.7500","1.04K","0.00%"
"28/09/2021","0.7500","0.7500","0.7500","0.7500","0.30K","0.00%"
"24/09/2021","0.7500","0.7500","0.7500","0.7500","0.10K","0.00%"
"17/09/2021","0.7500","0.7500","0.7500","0.7500","1.51K","2.74%"
"16/09/2021","0.7300","0.7300","0.7300","0.7300","0.01K","2.82%"
"15/09/2021","0.7100","0.7100","0.7100","0.7100","0.35K","-5.33%"
"14/09/2021","0.7500","0.7500","0.7500","0.7500","1.10K","0.00%"
"13/09/2021","0.7500","0.7500","0.7500","0.7500","4.60K","0.00%"
"10/09/2021","0.7500","0.7500","0.7500","0.7500","1.57K","0.67%"
"08/09/2021","0.7450","0.7450","0.7450","0.7450","0.65K","0.68%"
"07/09/2021","0.7400","0.7400","0.7400","0.7400","5.50K","0.00%"
"06/09/2021","0.7400","0.7400","0.7400","0.7400","1.00K","-1.33%"
"03/09/2021","0.7500","0.7500","0.7500","0.7500","0.85K","0.00%"
"02/09/2021","0.7500","0.7500","0.7500","0.7500","0.24K","0.00%"
"01/09/2021","0.7500","0.7400","0.7500","0.7400","10.28K","1.35%"
"31/08/2021","0.7400","0.7200","0.7400","0.7200","3.93K","2.78%"
"27/08/2021","0.7200","0.7200","0.7200","0.7200","3.00K","-1.37%"
"24/08/2021","0.7300","0.7300","0.7300","0.7300","3.92K","-1.35%"
"23/08/2021","0.7400","0.7400","0.7400","0.7400","0.83K","-1.33%"
"20/08/2021","0.7500","0.7500","0.7500","0.7500","3.00K","5.63%"
"19/08/2021","0.7100","0.7500","0.7500","0.7100","32.56K","-5.33%"
"13/08/2021","0.7500","0.7500","0.7500","0.7500","0.52K","6.38%"
"11/08/2021","0.7050","0.7000","0.7050","0.7000","3.70K","0.71%"
"10/08/2021","0.7000","0.7100","0.7100","0.7000","1.92K","-6.67%"
"06/08/2021","0.7500","0.7500","0.7500","0.7500","4.50K","0.00%"
"05/08/2021","0.7500","0.7500","0.7500","0.7500","33.65K","5.63%"
"03/08/2021","0.7100","0.7500","0.7500","0.7100","1.00K","-5.33%"
"02/08/2021","0.7500","0.7500","0.7500","0.7500","1.35K","5.63%"
"30/07/2021","0.7100","0.7100","0.7100","0.7100","0.00K","0.00%"
"27/07/2021","0.7100","0.7100","0.7100","0.7100","0.10K","0.00%"
"26/07/2021","0.7100","0.7100","0.7100","0.7100","1.00K","-5.33%"
"23/07/2021","0.7500","0.7500","0.7500","0.7500","1.30K","0.00%"
"22/07/2021","0.7500","0.7500","0.7500","0.7500","1.50K","0.00%"
"21/07/2021","0.7500","0.7500","0.7500","0.7500","0.64K","6.38%"
"20/07/2021","0.7050","0.7050","0.7050","0.7050","1.50K","0.00%"
"19/07/2021","0.7050","0.7500","0.7500","0.7050","0.19K","-6.00%"
"16/07/2021","0.7500","0.7500","0.7500","0.7500","5.78K","0.00%"
"15/07/2021","0.7500","0.7500","0.7500","0.7500","46.26K","0.00%"
"14/07/2021","0.7500","0.7500","0.7500","0.7500","9.74K","0.00%"
"13/07/2021","0.7500","0.7500","0.7500","0.7500","23.50K","0.00%"
"12/07/2021","0.7500","0.7500","0.7500","0.7500","12.22K","-6.25%"
"08/07/2021","0.8000","0.8000","0.8000","0.8000","1.10K","-4.19%"
"06/07/2021","0.8350","0.7700","0.8350","0.7700","2.17K","9.87%"
"05/07/2021","0.7600","0.7600","0.7600","0.7600","2.91K","2.70%"
"02/07/2021","0.7400","0.7400","0.7400","0.7400","12.67K","5.71%"
"01/07/2021","0.7000","0.7000","0.7000","0.7000","5.30K","-4.11%"
"30/06/2021","0.7300","0.7300","0.7300","0.7300","0.42K","1.39%"
"28/06/2021","0.7200","0.7200","0.7200","0.7200","1.50K","-2.70%"
"25/06/2021","0.7400","0.7200","0.7400","0.7200","3.00K","-1.33%"
"23/06/2021","0.7500","0.7500","0.7500","0.7500","57.95K","0.00%"
"22/06/2021","0.7500","0.7500","0.7500","0.7500","3.15K","4.17%"
"16/06/2021","0.7200","0.7200","0.7200","0.7200","15.07K","-4.00%"
"15/06/2021","0.7500","0.7500","0.7500","0.7500","6.25K","-6.25%"
"14/06/2021","0.8000","0.8000","0.8000","0.8000","0.30K","0.00%"
"11/06/2021","0.8000","0.8000","0.8000","0.8000","0.01K","0.00%"
"10/06/2021","0.8000","0.7900","0.8000","0.7900","5.50K","3.23%"
"09/06/2021","0.7750","0.7500","0.7750","0.7500","9.00K","-3.13%"
"08/06/2021","0.8000","0.8000","0.8000","0.8000","10.40K","-5.88%"
"07/06/2021","0.8500","0.8400","0.8500","0.8400","8.41K","-7.61%"
"04/06/2021","0.9200","0.8500","0.9200","0.8500","12.60K","29.58%"
"02/06/2021","0.7100","0.7100","0.7100","0.7100","4.10K","-0.70%"
"01/06/2021","0.7150","0.7600","0.7600","0.7150","0.72K","-7.14%"
"31/05/2021","0.7700","0.7700","0.7700","0.7700","5.80K","0.00%"
"28/05/2021","0.7700","0.7800","0.7800","0.7700","35.89K","14.93%"
"27/05/2021","0.6700","0.6700","0.6700","0.6700","6.44K","0.00%"
"26/05/2021","0.6700","0.6700","0.6700","0.6700","0.68K","-1.47%"
"24/05/2021","0.6800","0.6800","0.6800","0.6800","0.02K","0.00%"
"20/05/2021","0.6800","0.6800","0.6800","0.6800","1.34K","0.00%"
"17/05/2021","0.6800","0.6750","0.6800","0.6750","9.32K","1.49%"
"14/05/2021","0.6700","0.6700","0.6700","0.6700","29.78K","3.08%"
"13/05/2021","0.6500","0.6500","0.6500","0.6500","4.20K","4.84%"
"12/05/2021","0.6200","0.6200","0.6200","0.6200","2.00K","0.00%"
"11/05/2021","0.6200","0.6200","0.6200","0.6200","14.95K","6.90%"
"07/05/2021","0.5800","0.5800","0.5800","0.5800","0.16K","0.00%"
"06/05/2021","0.5800","0.5800","0.5800","0.5800","2.00K","-5.69%"
"05/05/2021","0.6150","0.6150","0.6150","0.6150","0.42K","-0.81%"
"04/05/2021","0.6200","0.6200","0.6200","0.6200","0.20K","14.81%"
"23/04/2021","0.5400","0.5800","0.5800","0.5400","22.03K","-6.90%"
"22/04/2021","0.5800","0.5800","0.5800","0.5800","0.30K","-5.69%"
"21/04/2021","0.6150","0.6150","0.6150","0.6150","0.10K","0.00%"
"20/04/2021","0.6150","0.6150","0.6150","0.6150","1.00K","6.03%"
"12/04/2021","0.5800","0.5800","0.5800","0.5800","0.40K","-7.94%"
"08/04/2021","0.6300","0.6300","0.6300","0.6300","1.00K","8.62%"
"07/04/2021","0.5800","0.5800","0.5800","0.5800","3.10K","-10.08%"
"06/04/2021","0.6450","0.6450","0.6450","0.6450","0.40K","-0.77%"
"31/03/2021","0.6500","0.6500","0.6500","0.6500","1.64K","-2.99%"
"30/03/2021","0.6700","0.6500","0.6700","0.6500","4.37K","6.35%"
"29/03/2021","0.6300","0.6300","0.6300","0.6300","0.01K","2.44%"
"26/03/2021","0.6150","0.6150","0.6150","0.6150","2.91K","0.00%"
"25/03/2021","0.6150","0.6150","0.6150","0.6150","2.09K","-2.38%"
"24/03/2021","0.6300","0.6300","0.6300","0.6300","3.63K","0.00%"
"23/03/2021","0.6300","0.6300","0.6300","0.6300","2.56K","0.00%"
"22/03/2021","0.6300","0.6500","0.6500","0.6300","23.70K","-7.35%"
"19/03/2021","0.6800","0.6800","0.6800","0.6800","7.54K","0.00%"
"18/03/2021","0.6800","0.6800","0.6800","0.6800","0.85K","0.00%"
"17/03/2021","0.6800","0.7000","0.7000","0.6800","10.50K","-2.16%"
"16/03/2021","0.6950","0.6900","0.6950","0.6900","14.27K","12.10%"
"15/03/2021","0.6200","0.6450","0.6450","0.6200","2.25K","-3.88%"
"12/03/2021","0.6450","0.6800","0.6800","0.6450","42.92K","-5.15%"
"11/03/2021","0.6800","0.6200","0.6800","0.6200","13.31K","15.25%"
"10/03/2021","0.5900","0.5900","0.5900","0.5900","26.38K","9.26%"
"09/03/2021","0.5400","0.5300","0.5400","0.5300","14.20K","1.89%"
"08/03/2021","0.5300","0.5500","0.5500","0.5300","17.83K","6.00%"
"05/03/2021","0.5000","0.5000","0.5000","0.5000","12.86K","0.00%"
"04/03/2021","0.5000","0.5000","0.5000","0.5000","21.79K","6.38%"
"03/03/2021","0.4700","0.4700","0.4700","0.4700","2.28K","-2.08%"
"02/03/2021","0.4800","0.4800","0.4800","0.4800","5.32K","-2.04%"
"01/03/2021","0.4900","0.4580","0.4900","0.4580","2.36K","-2.00%"
"26/02/2021","0.5000","0.5000","0.5000","0.5000","1.12K","9.65%"
"25/02/2021","0.4560","0.4560","0.4560","0.4560","0.08K","-8.80%"
"24/02/2021","0.5000","0.4600","0.5000","0.4600","2.18K","4.17%"
"23/02/2021","0.4800","0.4800","0.4800","0.4800","1.42K","-3.61%"
"22/02/2021","0.4980","0.4980","0.4980","0.4980","0.70K","0.00%"
"19/02/2021","0.4980","0.5000","0.5000","0.4980","2.00K","-0.40%"
"18/02/2021","0.5000","0.5000","0.5000","0.5000","1.00K","0.00%"
"16/02/2021","0.5000","0.5000","0.5000","0.5000","5.90K","0.00%"
"15/02/2021","0.5000","0.4740","0.5000","0.4740","6.00K","0.00%"
"11/02/2021","0.5000","0.5000","0.5000","0.5000","7.00K","0.00%"
"10/02/2021","0.5000","0.4980","0.5000","0.4980","11.00K","5.93%"
"09/02/2021","0.4720","0.4880","0.4880","0.4720","8.44K","-3.28%"
"08/02/2021","0.4880","0.4960","0.4960","0.4880","5.70K","-2.40%"
"05/02/2021","0.5000","0.5000","0.5000","0.5000","6.36K","9.65%"
"04/02/2021","0.4560","0.4880","0.4880","0.4560","10.94K","-8.43%"
"02/02/2021","0.4980","0.4980","0.4980","0.4980","15.88K","9.69%"
"01/02/2021","0.4540","0.4980","0.4980","0.4540","6.71K","-8.84%"
"28/01/2021","0.4980","0.4980","0.4980","0.4980","4.80K","7.79%"
"27/01/2021","0.4620","0.4620","0.4620","0.4620","8.49K","2.21%"
"26/01/2021","0.4520","0.4600","0.4600","0.4520","9.69K","-5.44%"
"25/01/2021","0.4780","0.4780","0.4780","0.4780","27.67K","-4.40%"
"22/01/2021","0.5000","0.4940","0.5000","0.4940","49.46K","14.68%"
"20/01/2021","0.4360","0.4360","0.4360","0.4360","0.50K","0.93%"
"19/01/2021","0.4320","0.4980","0.4980","0.4320","2.20K","-10.00%"
"18/01/2021","0.4800","0.4900","0.4900","0.4800","12.25K","-3.61%"
"15/01/2021","0.4980","0.5000","0.5000","0.4980","19.02K","13.18%"
"14/01/2021","0.4400","0.4400","0.4400","0.4400","5.79K","0.00%"
"13/01/2021","0.4400","0.4400","0.4400","0.4400","6.50K","0.00%"
"12/01/2021","0.4400","0.4400","0.4400","0.4400","2.50K","0.00%"
"11/01/2021","0.4400","0.4200","0.4400","0.4200","5.73K","4.76%"
"08/01/2021","0.4200","0.4200","0.4200","0.4200","10.00K","9.37%"
"07/01/2021","0.3840","0.3840","0.3840","0.3840","0.52K","-8.57%"
"05/01/2021","0.4200","0.4200","0.4200","0.4200","3.93K","0.00%"
"04/01/2021","0.4200","0.4200","0.4200","0.4200","6.50K","0.00%"
"30/12/2020","0.4200","0.4200","0.4200","0.4200","4.99K","10.53%"
"29/12/2020","0.3800","0.3800","0.3800","0.3800","0.01K","0.00%"
"28/12/2020","0.3800","0.3800","0.3800","0.3800","31.35K","0.00%"
"23/12/2020","0.3800","0.3800","0.3800","0.3800","4.04K","-9.52%"
"22/12/2020","0.4200","0.4000","0.4200","0.4000","28.22K","5.00%"
"21/12/2020","0.4000","0.4000","0.4000","0.4000","3.24K","0.00%"
"18/12/2020","0.4000","0.4000","0.4000","0.4000","2.48K","-5.66%"
"17/12/2020","0.4240","0.4240","0.4240","0.4240","2.78K","0.00%"
"16/12/2020","0.4240","0.4240","0.4240","0.4240","2.22K","0.00%"
"15/12/2020","0.4240","0.4240","0.4240","0.4240","0.28K","0.00%"
"14/12/2020","0.4240","0.4000","0.4240","0.4000","0.25K","6.00%"
"10/12/2020","0.4000","0.4000","0.4000","0.4000","0.07K","0.00%"
"09/12/2020","0.4000","0.4100","0.4100","0.4000","3.31K","-5.66%"
"08/12/2020","0.4240","0.4240","0.4240","0.4240","0.90K","0.00%"
"07/12/2020","0.4240","0.4240","0.4240","0.4240","4.14K","0.00%"
"04/12/2020","0.4240","0.4220","0.4240","0.4220","145.88K","-1.40%"
"02/12/2020","0.4300","0.4300","0.4300","0.4300","3.19K","2.38%"
"01/12/2020","0.4200","0.4200","0.4200","0.4200","0.40K","-4.55%"
"26/11/2020","0.4400","0.4400","0.4400","0.4400","0.40K","2.33%"
"25/11/2020","0.4300","0.4300","0.4300","0.4300","7.76K","2.38%"
"24/11/2020","0.4200","0.4300","0.4300","0.4200","4.27K","2.44%"
"17/11/2020","0.4100","0.4100","0.4100","0.4100","3.53K","5.67%"
"16/11/2020","0.3880","0.3880","0.3880","0.3880","9.80K","0.00%"
"12/11/2020","0.3880","0.3880","0.3880","0.3880","1.00K","-3.00%"
"06/11/2020","0.4000","0.3220","0.4000","0.3220","3.27K","0.00%"
"02/11/2020","0.4000","0.4000","0.4000","0.4000","2.50K","0.00%"
"30/10/2020","0.4000","0.4000","0.4000","0.4000","0.01K","14.29%"
"29/10/2020","0.3500","0.3500","0.3500","0.3500","2.05K","8.70%"
"28/10/2020","0.3220","0.4100","0.4100","0.3220","3.90K","-28.44%"
"27/10/2020","0.4500","0.4500","0.4500","0.4500","6.00K","0.00%"
"26/10/2020","0.4500","0.4500","0.4500","0.4500","3.00K","0.00%"
"20/10/2020","0.4500","0.4500","0.4500","0.4500","0.10K","9.76%"
"19/10/2020","0.4100","0.4100","0.4100","0.4100","1.45K","0.00%"
"15/10/2020","0.4100","0.4100","0.4100","0.4100","3.00K","0.00%"
"12/10/2020","0.4100","0.4100","0.4100","0.4100","14.86K","0.00%"
"08/10/2020","0.4100","0.4100","0.4100","0.4100","0.32K","-8.89%"
"06/10/2020","0.4500","0.4500","0.4500","0.4500","0.28K","0.00%"
"02/10/2020","0.4500","0.4500","0.4500","0.4500","0.07K","-0.88%"
"30/09/2020","0.4540","0.4700","0.4700","0.4540","1.59K","-3.40%"
"25/09/2020","0.4700","0.4700","0.4700","0.4700","0.01K","0.00%"
"22/09/2020","0.4700","0.4700","0.4700","0.4700","0.19K","-2.08%"
"21/09/2020","0.4800","0.4800","0.4800","0.4800","4.50K","-2.04%"
"18/09/2020","0.4900","0.4900","0.4900","0.4900","3.50K","-2.00%"
"17/09/2020","0.5000","0.5200","0.5200","0.5000","4.50K","-3.85%"
"16/09/2020","0.5200","0.5200","0.5200","0.5200","13.10K","4.00%"
"11/09/2020","0.5000","0.5000","0.5000","0.5000","0.90K","0.00%"
"10/09/2020","0.5000","0.5000","0.5000","0.5000","2.70K","0.00%"
"09/09/2020","0.5000","0.5000","0.5000","0.5000","6.10K","0.00%"
"04/09/2020","0.5000","0.5000","0.5000","0.5000","3.01K","0.00%"
"27/08/2020","0.5000","0.5000","0.5000","0.5000","0.16K","0.00%"
"25/08/2020","0.5000","0.5000","0.5000","0.5000","4.70K","-1.96%"
"24/08/2020","0.5100","0.5100","0.5100","0.5100","2.40K","0.00%"
"21/08/2020","0.5100","0.5100","0.5100","0.5100","7.87K","2.00%"
"20/08/2020","0.5000","0.5000","0.5000","0.5000","0.15K","-5.66%"
"19/08/2020","0.5300","0.5300","0.5300","0.5300","0.09K","0.00%"
"18/08/2020","0.5300","0.5300","0.5300","0.5300","1.12K","3.92%"
"17/08/2020","0.5100","0.5100","0.5100","0.5100","2.86K","-3.77%"
"13/08/2020","0.5300","0.5300","0.5300","0.5300","4.34K","1.92%"
"12/08/2020","0.5200","0.5200","0.5200","0.5200","2.20K","0.00%"
"11/08/2020","0.5200","0.5200","0.5200","0.5200","0.40K","-5.45%"
"04/08/2020","0.5500","0.5500","0.5500","0.5500","1.08K","-3.51%"
"24/07/2020","0.5700","0.5700","0.5700","0.5700","3.95K","0.00%"
"23/07/2020","0.5700","0.5400","0.5700","0.5400","4.91K","-5.00%"
"16/07/2020","0.6000","0.6000","0.6000","0.6000","0.25K","0.00%"
"15/07/2020","0.6000","0.6000","0.6000","0.6000","4.72K","-1.64%"
"13/07/2020","0.6100","0.6400","0.6400","0.6100","26.56K","2.52%"
"10/07/2020","0.5950","0.5950","0.5950","0.5950","0.73K","-0.83%"
"09/07/2020","0.6000","0.6000","0.6000","0.6000","4.68K","-4.00%"
"08/07/2020","0.6250","0.6300","0.6300","0.6250","3.78K","-0.79%"
"06/07/2020","0.6300","0.6600","0.6600","0.6300","53.94K","5.00%"
"26/06/2020","0.6000","0.6000","0.6000","0.6000","6.61K","2.56%"
"25/06/2020","0.5850","0.5850","0.5850","0.5850","2.62K","-2.50%"
"24/06/2020","0.6000","0.6000","0.6000","0.6000","2.31K","0.00%"
"23/06/2020","0.6000","0.6000","0.6000","0.6000","11.65K","0.00%"
"22/06/2020","0.6000","0.6000","0.6000","0.6000","64.79K","-3.23%"
"19/06/2020","0.6200","0.6200","0.6200","0.6200","1.76K","0.00%"
"17/06/2020","0.6200","0.6200","0.6200","0.6200","3.99K","6.90%"
"16/06/2020","0.5800","0.5800","0.5800","0.5800","2.27K","1.75%"
"15/06/2020","0.5700","0.5600","0.5700","0.5600","5.50K","3.64%"
"12/06/2020","0.5500","0.5300","0.5500","0.5300","8.42K","5.77%"
"10/06/2020","0.5200","0.5200","0.5200","0.5200","7.00K","0.00%"
"09/06/2020","0.5200","0.5200","0.5200","0.5200","7.00K","0.00%"
"08/06/2020","0.5200","0.5200","0.5200","0.5200","10.11K","4.00%"
"05/06/2020","0.5000","0.5000","0.5000","0.5000","3.00K","-1.96%"
"04/06/2020","0.5100","0.5100","0.5100","0.5100","0.34K","0.00%"
"03/06/2020","0.5100","0.5000","0.5100","0.5000","13.83K","-1.92%"
"02/06/2020","0.5200","0.5200","0.5200","0.5200","1.80K","-1.89%"
"01/06/2020","0.5300","0.5000","0.5300","0.5000","9.56K","13.25%"
"29/05/2020","0.4680","0.4680","0.4680","0.4680","9.94K","6.85%"
"28/05/2020","0.4380","0.4380","0.4380","0.4380","40.00K","2.34%"
"27/05/2020","0.4280","0.4200","0.4280","0.4200","61.23K","18.89%"
"26/05/2020","0.3600","0.4060","0.4060","0.3600","54.95K","-11.76%"
"25/05/2020","0.4080","0.4080","0.4080","0.4080","0.20K","0.49%"
"22/05/2020","0.4060","0.4060","0.4060","0.4060","36.28K","0.50%"
"21/05/2020","0.4040","0.4060","0.4060","0.4040","1.24K","0.00%"
"20/05/2020","0.4040","0.4040","0.4040","0.4040","3.01K","6.32%"
"19/05/2020","0.3800","0.3800","0.3800","0.3800","0.01K","7.95%"
"18/05/2020","0.3520","0.3520","0.3520","0.3520","1.95K","-13.30%"
"13/05/2020","0.4060","0.4060","0.4060","0.4060","6.65K","0.00%"
"12/05/2020","0.4060","0.4060","0.4060","0.4060","0.20K","6.84%"
"08/05/2020","0.3800","0.3800","0.3800","0.3800","4.60K","2.70%"
"07/05/2020","0.3700","0.3700","0.3700","0.3700","0.70K","5.71%"
"06/05/2020","0.3500","0.3500","0.3500","0.3500","6.00K","0.00%"
"30/04/2020","0.3500","0.3500","0.3500","0.3500","1.60K","-2.78%"
"28/04/2020","0.3600","0.3600","0.3600","0.3600","0.60K","0.00%"
"24/04/2020","0.3600","0.3600","0.3600","0.3600","2.59K","0.00%"
"23/04/2020","0.3600","0.3600","0.3600","0.3600","0.10K","-11.76%"
"22/04/2020","0.4080","0.4060","0.4080","0.4060","6.05K","-2.39%"
"21/04/2020","0.4180","0.4300","0.4300","0.4180","14.88K","19.43%"
"20/04/2020","0.3500","0.3500","0.3500","0.3500","1.00K","2.94%"
"17/04/2020","0.3400","0.3400","0.3400","0.3400","4.11K","6.25%"
"15/04/2020","0.3200","0.3200","0.3200","0.3200","1.82K","-13.51%"
"14/04/2020","0.3700","0.3800","0.3800","0.3700","0.19K","-2.63%"
"09/04/2020","0.3800","0.3800","0.3800","0.3800","1.80K","-2.56%"
"07/04/2020","0.3900","0.3800","0.3900","0.3800","4.95K","5.41%"
"06/04/2020","0.3700","0.3500","0.3700","0.3500","2.50K","8.82%"
"03/04/2020","0.3400","0.3400","0.3400","0.3400","6.54K","6.25%"
"02/04/2020","0.3200","0.3200","0.3200","0.3200","0.67K","0.00%"
"01/04/2020","0.3200","0.3200","0.3200","0.3200","1.05K","-3.03%"
"31/03/2020","0.3300","0.3320","0.3320","0.3300","6.23K","3.13%"
"30/03/2020","0.3200","0.3500","0.3500","0.3200","4.50K","-12.09%"
"27/03/2020","0.3640","0.3620","0.3640","0.3620","9.53K","-13.33%"
"26/03/2020","0.4200","0.4200","0.4200","0.4200","0.25K","-2.10%"
"24/03/2020","0.4290","0.4290","0.4290","0.4290","0.11K","0.00%"
"23/03/2020","0.4290","0.4290","0.4290","0.4290","5.53K","0.00%"
"20/03/2020","0.4290","0.4100","0.4290","0.4100","25.64K","22.57%"
"19/03/2020","0.3500","0.3500","0.3500","0.3500","0.44K","-17.45%"
"18/03/2020","0.4240","0.4260","0.4260","0.4240","9.13K","0.95%"
"17/03/2020","0.4200","0.4200","0.4200","0.4200","1.10K","20.00%"
"16/03/2020","0.3500","0.3500","0.3500","0.3500","0.66K","0.00%"
"10/03/2020","0.3500","0.3870","0.3870","0.3500","12.34K","-7.89%"
"09/03/2020","0.3800","0.3800","0.3800","0.3800","0.00K","-1.81%"
"02/03/2020","0.3870","0.3870","0.3870","0.3870","1.95K","0.00%"
"28/02/2020","0.3870","0.3870","0.3870","0.3870","3.32K","13.82%"
"25/02/2020","0.3400","0.3400","0.3400","0.3400","4.66K","0.00%"
"24/02/2020","0.3400","0.3400","0.3400","0.3400","8.00K","0.00%"
"20/02/2020","0.3400","0.3400","0.3400","0.3400","9.85K","0.00%"
"19/02/2020","0.3400","0.3400","0.3400","0.3400","3.97K","0.00%"
"18/02/2020","0.3400","0.3400","0.3400","0.3400","13.15K","0.00%"
"17/02/2020","0.3400","0.3370","0.3400","0.3370","3.00K","-3.41%"
"11/02/2020","0.3520","0.3530","0.3530","0.3520","4.84K","0.00%"
"10/02/2020","0.3520","0.3520","0.3520","0.3520","9.30K","0.28%"
"30/01/2020","0.3510","0.3510","0.3510","0.3510","0.76K","-7.63%"
"27/01/2020","0.3800","0.4000","0.4000","0.3800","0.50K","-0.52%"
"24/01/2020","0.3820","0.3880","0.3880","0.3820","1.60K","-10.75%"
"22/01/2020","0.4280","0.4280","0.4280","0.4280","0.40K","12.63%"
"17/01/2020","0.3800","0.4280","0.4280","0.3800","2.13K","0.00%"
"15/01/2020","0.3800","0.3800","0.3800","0.3800","0.04K","2.70%"
"30/12/2019","0.3700","0.3700","0.3700","0.3700","0.13K","-7.96%"
"23/12/2019","0.4020","0.3700","0.4020","0.3700","2.50K","5.79%"
"20/12/2019","0.3800","0.3900","0.3920","0.3800","18.40K","-5.47%"
"19/12/2019","0.4020","0.3950","0.4020","0.3800","219.41K","-5.41%"
"18/12/2019","0.4250","0.4250","0.4250","0.4000","1.03K","0.00%"
"17/12/2019","0.4250","0.4300","0.4300","0.4250","4.01K","-1.16%"
"16/12/2019","0.4300","0.4300","0.4300","0.4300","0.01K","0.00%"
"13/12/2019","0.4300","0.4300","0.4300","0.3950","3.83K","0.00%"
"12/12/2019","0.4300","0.4300","0.4300","0.4300","0.01K","0.00%"
"11/12/2019","0.4300","0.4300","0.4300","0.4300","0.01K","7.50%"
"10/12/2019","0.4000","0.4000","0.4000","0.4000","1.77K","0.00%"
"09/12/2019","0.4000","0.4000","0.4000","0.3850","4.12K","0.00%"
"06/12/2019","0.4000","0.4350","0.4350","0.3850","1.48K","-8.05%"
"05/12/2019","0.4350","0.4350","0.4350","0.4350","0.01K","0.00%"
"04/12/2019","0.4350","0.4350","0.4350","0.4350","0.02K","0.23%"
"03/12/2019","0.4340","0.4350","0.4350","0.4340","4.01K","3.33%"
"02/12/2019","0.4200","0.4190","0.4200","0.4190","5.01K","0.24%"
"29/11/2019","0.4190","0.4190","0.4190","0.4190","0.01K","4.75%"
"28/11/2019","0.4000","0.4190","0.4190","0.4000","2.54K","-3.61%"
"27/11/2019","0.4150","0.4150","0.4150","0.3830","6.56K","0.00%"
"26/11/2019","0.4150","0.4190","0.4190","0.3780","0.81K","3.75%"
"25/11/2019","0.4000","0.3900","0.4000","0.3900","0.21K","2.56%"
"21/11/2019","0.3900","0.3900","0.3900","0.3900","0.01K","0.00%"
"20/11/2019","0.3900","0.3900","0.3900","0.3900","1.12K","0.00%"
"19/11/2019","0.3900","0.4220","0.4220","0.3900","0.06K","-2.50%"
"18/11/2019","0.4000","0.4120","0.4120","0.3900","10.24K","-2.91%"
"15/11/2019","0.4120","0.4120","0.4120","0.4120","0.01K","5.64%"
"14/11/2019","0.3900","0.4100","0.4100","0.3900","3.53K","-6.02%"
"13/11/2019","0.4150","0.4150","0.4150","0.4150","0.01K","0.00%"
"12/11/2019","0.4150","0.4180","0.4180","0.4150","1.01K","-0.72%"
"08/11/2019","0.4180","0.4000","0.4180","0.3710","2.63K","4.50%"
"07/11/2019","0.4000","0.4180","0.4180","0.4000","4.01K","0.00%"
"06/11/2019","0.4000","0.4000","0.4000","0.4000","0.01K","4.71%"
"05/11/2019","0.3820","0.4240","0.4240","0.3820","1.10K","-9.91%"
"04/11/2019","0.4240","0.4240","0.4240","0.4240","0.02K","0.00%"
"31/10/2019","0.4240","0.4240","0.4240","0.4240","0.01K","0.00%"
"30/10/2019","0.4240","0.4240","0.4240","0.4240","0.01K","6.00%"
"29/10/2019","0.4000","0.4250","0.4250","0.4000","0.06K","0.00%"
"28/10/2019","0.4000","0.4100","0.4100","0.4000","6.79K","-1.96%"
"25/10/2019","0.4080","0.4000","0.4080","0.4000","3.24K","6.81%"
"24/10/2019","0.3820","0.4000","0.4000","0.3820","3.49K","-4.50%"
"23/10/2019","0.4000","0.4000","0.4000","0.4000","1.02K","3.90%"
"22/10/2019","0.3850","0.4080","0.4080","0.3820","1.47K","-3.75%"
"21/10/2019","0.4000","0.4000","0.4000","0.4000","0.95K","-5.44%"
"18/10/2019","0.4230","0.4700","0.4700","0.4200","1.75K","-10.00%"
"17/10/2019","0.4700","0.4700","0.4700","0.4700","0.01K","6.82%"
"16/10/2019","0.4400","0.4400","0.4400","0.4400","0.01K","0.00%"
"15/10/2019","0.4400","0.4400","0.4400","0.4400","0.01K","1.38%"
"14/10/2019","0.4340","0.4340","0.4340","0.4340","0.71K","0.00%"
"11/10/2019","0.4340","0.4380","0.4380","0.4340","2.84K","5.85%"
"10/10/2019","0.4100","0.3800","0.4100","0.3800","0.26K","3.02%"
"09/10/2019","0.3980","0.4200","0.4200","0.3980","5.04K","-0.50%"
"08/10/2019","0.4000","0.4340","0.4340","0.4000","1.02K","1.01%"
"07/10/2019","0.3960","0.4690","0.4690","0.3810","11.21K","-15.57%"
"04/10/2019","0.4690","0.4690","0.4690","0.4690","0.01K","-0.21%"
"03/10/2019","0.4700","0.4700","0.4700","0.4700","0.01K","8.80%"
"02/10/2019","0.4320","0.4700","0.4700","0.4000","23.43K","-4.00%"
"01/10/2019","0.4500","0.4500","0.4500","0.4500","0.27K","2.27%"
"30/09/2019","0.4400","0.4400","0.4400","0.4400","0.06K","2.33%"
"27/09/2019","0.4300","0.4300","0.4300","0.4300","0.10K","0.23%"
"26/09/2019","0.4290","0.4290","0.4290","0.4290","2.71K","7.25%"
"25/09/2019","0.4000","0.3900","0.4000","0.3900","9.66K","-6.76%"
"24/09/2019","0.4290","0.4250","0.4290","0.4250","2.02K","0.94%"
"23/09/2019","0.4250","0.4460","0.4460","0.4100","4.26K","1.19%"
"20/09/2019","0.4200","0.4200","0.4200","0.4200","0.02K","0.48%"
"19/09/2019","0.4180","0.4200","0.4200","0.3780","18.47K","-2.11%"
"18/09/2019","0.4270","0.4270","0.4270","0.4270","0.01K","4.40%"
"17/09/2019","0.4090","0.4090","0.4090","0.4090","4.31K","4.87%"
"16/09/2019","0.3900","0.3690","0.4050","0.3690","8.67K","-12.36%"
"13/09/2019","0.4450","0.4500","0.4500","0.4170","6.03K","-2.41%"
"12/09/2019","0.4560","0.4600","0.4600","0.4560","0.09K","4.11%"
"11/09/2019","0.4380","0.4350","0.4380","0.4350","1.21K","0.69%"
"10/09/2019","0.4350","0.4280","0.4350","0.4280","3.94K","4.57%"
"09/09/2019","0.4160","0.4650","0.4650","0.3700","92.38K","-4.15%"
"06/09/2019","0.4340","0.4300","0.4340","0.4280","2.78K","0.93%"
"05/09/2019","0.4300","0.4300","0.4300","0.4300","0.02K","0.00%"
"04/09/2019","0.4300","0.4300","0.4300","0.4300","0.01K","0.47%"
"03/09/2019","0.4280","0.4300","0.4300","0.4280","4.06K","-0.47%"
"02/09/2019","0.4300","0.4300","0.4300","0.4300","2.01K","0.00%"
"30/08/2019","0.4300","0.4300","0.4300","0.4300","0.02K","0.00%"
"29/08/2019","0.4300","0.4200","0.4300","0.4200","2.01K","4.88%"
"28/08/2019","0.4100","0.4340","0.4340","0.3910","11.51K","-5.53%"
"27/08/2019","0.4340","0.4340","0.4340","0.4340","0.02K","0.00%"
"26/08/2019","0.4340","0.4340","0.4340","0.4340","0.01K","0.93%"
"23/08/2019","0.4300","0.4340","0.4340","0.4300","4.42K","5.91%"
"22/08/2019","0.4060","0.4000","0.4060","0.4000","2.51K","-3.56%"
"21/08/2019","0.4210","0.4140","0.4220","0.4000","25.85K","1.45%"
"20/08/2019","0.4150","0.4300","0.4370","0.4150","13.54K","-5.68%"
"19/08/2019","0.4400","0.5000","0.5000","0.4400","9.00K","-4.35%"
"16/08/2019","0.4600","0.4600","0.4600","0.4600","1.21K","-8.37%"
"14/08/2019","0.5020","0.5040","0.5060","0.5020","0.04K","0.00%"
"13/08/2019","0.5020","0.5040","0.5040","0.5020","0.23K","-0.40%"
"12/08/2019","0.5040","0.5100","0.5460","0.5040","16.15K","-1.18%"
"09/08/2019","0.5100","0.5400","0.5500","0.5100","11.75K","-3.77%"
"08/08/2019","0.5300","0.4780","0.5300","0.4600","43.82K","10.42%"
"07/08/2019","0.4800","0.4600","0.4800","0.4400","7.67K","9.09%"
"06/08/2019","0.4400","0.4700","0.4700","0.4350","21.74K","-8.33%"
"05/08/2019","0.4800","0.4800","0.4800","0.4800","1.04K","0.00%"
"02/08/2019","0.4800","0.4800","0.4800","0.4800","0.02K","0.00%"
"01/08/2019","0.4800","0.4760","0.4900","0.4500","7.56K","0.84%"
"31/07/2019","0.4760","0.4760","0.4900","0.4500","3.57K","5.78%"
"30/07/2019","0.4500","0.4960","0.4960","0.4500","52.89K","-18.18%"
"29/07/2019","0.5500","0.5500","0.5500","0.4960","12.43K","0.00%"
"26/07/2019","0.5500","0.5600","0.5600","0.5160","64.93K","0.00%"
"25/07/2019","0.5500","0.6200","0.6200","0.5500","62.80K","-11.00%"
"24/07/2019","0.6180","0.6160","0.6300","0.5940","15.18K","0.32%"
"23/07/2019","0.6160","0.6880","0.6980","0.6160","27.53K","-6.67%"
"22/07/2019","0.6600","0.7700","0.7700","0.6600","26.67K","-15.38%"
"19/07/2019","0.7800","0.9180","0.9180","0.7460","57.78K","-15.03%"
"18/07/2019","0.9180","0.9400","0.9400","0.9180","3.66K","-9.56%"
"17/07/2019","1.0150","1.0150","1.0150","1.0150","0.01K","-0.98%"
"16/07/2019","1.0250","1.0250","1.0250","1.0250","0.01K","0.00%"
"15/07/2019","1.0250","1.0400","1.0400","1.0250","0.81K","-0.49%"
"12/07/2019","1.0300","1.0400","1.0400","1.0300","1.01K","0.00%"
"11/07/2019","1.0300","1.0400","1.0400","0.9360","4.54K","-0.96%"
"10/07/2019","1.0400","1.0400","1.0400","1.0400","0.01K","4.00%"
"09/07/2019","1.0000","0.9180","1.0000","0.9180","6.08K","-1.96%"
"08/07/2019","1.0200","1.0200","1.0200","1.0200","0.01K","-0.49%"
"05/07/2019","1.0250","1.0900","1.0900","1.0000","23.13K","-6.82%"
"04/07/2019","1.1000","1.1100","1.1100","1.1000","4.88K","-7.56%"
"03/07/2019","1.1900","1.1900","1.1900","1.1900","0.01K","3.48%"
"02/07/2019","1.1500","1.2400","1.2400","1.1200","6.33K","-4.96%"
"01/07/2019","1.2100","1.2300","1.2300","1.2100","1.01K","-1.63%"
"28/06/2019","1.2300","1.2300","1.2300","1.2300","0.02K","0.82%"
"27/06/2019","1.2200","1.2200","1.2200","1.2200","0.02K","3.39%"
"26/06/2019","1.1800","1.1100","1.1800","1.1100","0.06K","5.36%"
"25/06/2019","1.1200","1.2100","1.2100","1.1200","4.20K","-6.67%"
"24/06/2019","1.2000","1.0950","1.2000","1.0950","12.20K","8.11%"
"21/06/2019","1.1100","1.1100","1.1100","1.0950","1.84K","0.00%"
"19/06/2019","1.1100","1.1100","1.1100","1.0400","3.64K","3.74%"
"18/06/2019","1.0700","1.2250","1.2350","1.0700","9.76K","-12.30%"
"17/06/2019","1.2200","1.2100","1.2200","1.1200","8.78K","-1.61%"
"14/06/2019","1.2400","1.2400","1.2400","1.2400","7.00K","-6.77%"
"13/06/2019","1.3300","1.3300","1.3300","1.3300","0.03K","0.00%"
"12/06/2019","1.3300","1.3200","1.3300","1.3200","3.27K","0.76%"
"11/06/2019","1.3200","1.3200","1.3200","1.2400","0.03K","0.00%"
"10/06/2019","1.3200","1.3300","1.3300","1.3200","0.04K","-0.75%"
"07/06/2019","1.3300","1.3100","1.3300","1.3100","0.07K","2.31%"
"06/06/2019","1.3000","1.3000","1.3000","1.3000","0.01K","0.78%"
"05/06/2019","1.2900","1.2400","1.2900","1.2400","0.82K","3.20%"
"04/06/2019","1.2500","1.3500","1.3500","1.2400","2.41K","-7.41%"
"03/06/2019","1.3500","1.3500","1.3500","1.2400","1.27K","0.00%"
"31/05/2019","1.3500","1.3500","1.3500","1.3500","0.02K","0.00%"
"30/05/2019","1.3500","1.3500","1.3500","1.3500","0.02K","0.00%"
"29/05/2019","1.3500","1.3500","1.3500","1.2400","3.53K","0.00%"
"28/05/2019","1.3500","1.3500","1.3500","1.3500","0.03K","0.00%"
"27/05/2019","1.3500","1.3600","1.3600","1.2600","0.78K","1.50%"
"24/05/2019","1.3300","1.3400","1.3400","1.3300","0.95K","-0.75%"
"23/05/2019","1.3400","1.3000","1.3500","1.3000","26.09K","15.52%"
"22/05/2019","1.1600","1.1600","1.1600","1.1600","6.80K","0.00%"
"21/05/2019","1.1600","1.1600","1.1600","1.0700","0.14K","0.00%"
"20/05/2019","1.1600","1.0800","1.1600","1.0700","12.83K","7.41%"
"17/05/2019","1.0800","1.1600","1.1600","1.0800","1.03K","-6.90%"
"16/05/2019","1.1600","1.0700","1.1600","1.0700","2.70K","0.00%"
"14/05/2019","1.1600","1.1600","1.1600","1.1600","0.01K","0.00%"
"13/05/2019","1.1600","1.1600","1.1600","1.1600","0.01K","0.00%"
"10/05/2019","1.1600","1.1600","1.1600","1.1600","0.02K","0.00%"
"09/05/2019","1.1600","1.1600","1.1600","1.1600","0.01K","-3.33%"
"07/05/2019","1.2000","1.2000","1.2000","1.2000","8.33K","0.00%"
"06/05/2019","1.2000","1.1900","1.2000","1.1900","1.65K","0.84%"
"02/05/2019","1.1900","1.1900","1.1900","1.1700","2.02K","1.71%"
"30/04/2019","1.1700","1.0900","1.1700","1.0700","7.24K","0.00%"
"29/04/2019","1.1700","1.1700","1.1700","1.1700","0.00K","-1.68%"
"26/04/2019","1.1900","1.1900","1.1900","1.1900","0.01K","-0.83%"
"25/04/2019","1.2000","1.2000","1.2000","1.2000","0.01K","0.00%"
"24/04/2019","1.2000","1.2000","1.2000","1.2000","0.01K","5.26%"
"23/04/2019","1.1400","1.2000","1.2000","1.1400","0.51K","-8.06%"
"17/04/2019","1.2400","1.2900","1.2900","1.2400","0.06K","1.64%"
"16/04/2019","1.2200","1.2400","1.2400","1.2200","0.60K","-1.61%"
"15/04/2019","1.2400","1.2400","1.2400","1.2400","0.01K","0.81%"
"12/04/2019","1.2300","1.2900","1.2900","1.2300","0.41K","-4.65%"
"11/04/2019","1.2900","1.2900","1.2900","1.2900","0.01K","3.20%"
"10/04/2019","1.2500","1.2900","1.2900","1.2500","1.04K","-2.34%"
"09/04/2019","1.2800","1.1800","1.2900","1.1650","4.94K","8.47%"
"08/04/2019","1.1800","1.1800","1.1800","1.1600","0.14K","0.00%"
"05/04/2019","1.1800","1.1800","1.1800","1.0800","4.12K","0.00%"
"04/04/2019","1.1800","1.1800","1.1800","1.1800","0.03K","0.00%"
"03/04/2019","1.1800","1.1800","1.1800","1.1800","0.02K","0.00%"
"02/04/2019","1.1800","1.2000","1.2000","1.1800","0.76K","0.00%"
"01/04/2019","1.1800","1.1300","1.1800","1.1300","4.16K","-1.67%"
"29/03/2019","1.2000","1.2000","1.2000","1.2000","0.01K","0.00%"
"28/03/2019","1.2000","1.2000","1.2000","1.2000","0.04K","0.00%"
"27/03/2019","1.2000","1.1950","1.2000","1.1800","1.43K","0.42%"
"26/03/2019","1.1950","1.1950","1.1950","1.1900","0.53K","2.14%"
"25/03/2019","1.1700","1.1850","1.1850","1.1700","1.97K","-2.09%"
"22/03/2019","1.1950","1.1950","1.1950","1.1950","0.05K","3.02%"
"21/03/2019","1.1600","1.2650","1.2650","1.1600","8.47K","-3.33%"
"20/03/2019","1.2000","1.2300","1.2300","1.2000","5.75K","-3.23%"
"19/03/2019","1.2400","1.2650","1.2650","1.2400","0.03K","-1.59%"
"18/03/2019","1.2600","1.2650","1.2650","1.2600","0.23K","2.44%"
"15/03/2019","1.2300","1.2750","1.2750","1.2300","1.58K","-3.15%"
"14/03/2019","1.2700","1.2600","1.2700","1.2600","6.17K","3.25%"
"12/03/2019","1.2300","1.2300","1.2300","1.2300","0.05K","2.50%"
"08/03/2019","1.2000","1.2800","1.2800","1.2000","5.03K","-2.44%"
"07/03/2019","1.2300","1.2900","1.2900","1.2300","2.03K","-4.65%"
"06/03/2019","1.2900","1.2650","1.2900","1.2650","2.50K","4.88%"
"05/03/2019","1.2300","1.2800","1.2800","1.2300","1.49K","-4.65%"
"04/03/2019","1.2900","1.2900","1.2900","1.2900","0.05K","7.50%"
"01/03/2019","1.2000","1.2700","1.2700","1.1900","2.84K","-6.25%"
"28/02/2019","1.2800","1.2800","1.2800","1.2800","0.01K","6.67%"
"27/02/2019","1.2000","1.2800","1.2800","1.2000","3.35K","-0.83%"
"26/02/2019","1.2100","1.3000","1.3000","1.2100","1.38K","-6.92%"
"22/02/2019","1.3000","1.3000","1.3000","1.3000","0.03K","0.78%"
"20/02/2019","1.2900","1.3000","1.3000","1.2000","1.36K","-0.77%"
"19/02/2019","1.3000","1.3000","1.3000","1.3000","0.40K","-0.76%"
"18/02/2019","1.3100","1.3000","1.3100","1.3000","0.04K","0.00%"
"15/02/2019","1.3100","1.3100","1.3100","1.3100","0.05K","0.00%"
"14/02/2019","1.3100","1.3100","1.3100","1.2800","1.06K","0.00%"
"13/02/2019","1.3100","1.3100","1.3100","1.3100","0.06K","0.00%"
"12/02/2019","1.3100","1.3100","1.3100","1.3100","0.06K","4.80%"
"11/02/2019","1.2500","1.2600","1.2900","1.2500","0.34K","-0.79%"
"08/02/2019","1.2600","1.3100","1.3100","1.2600","3.37K","-1.56%"
"07/02/2019","1.2800","1.4300","1.4300","1.2800","6.40K","-9.86%"
"06/02/2019","1.4200","1.4300","1.4300","1.4100","1.41K","-0.70%"
"05/02/2019","1.4300","1.4100","1.4400","1.4100","0.52K","2.88%"
"04/02/2019","1.3900","1.4200","1.4200","1.3900","3.30K","-1.42%"
"01/02/2019","1.4100","1.3800","1.4100","1.3800","3.67K","10.16%"
"31/01/2019","1.2800","1.5500","1.5700","1.2800","19.95K","-14.09%"
"30/01/2019","1.4900","1.4900","1.5000","1.4900","2.09K","0.00%"
"29/01/2019","1.4900","1.4900","1.4900","1.3900","5.67K","1.36%"
"28/01/2019","1.4700","1.4800","1.4900","1.4700","7.11K","-1.34%"
"25/01/2019","1.4900","1.4200","1.5500","1.4100","26.96K","5.67%"
"24/01/2019","1.4100","1.2900","1.4100","1.2900","13.39K","10.16%"
"23/01/2019","1.2800","1.2200","1.2800","1.2200","17.77K","4.92%"
"22/01/2019","1.2200","1.1800","1.2200","1.1800","11.55K","4.27%"
"21/01/2019","1.1700","1.1800","1.1800","1.1700","0.02K","-2.50%"
"18/01/2019","1.2000","1.2000","1.2000","1.2000","0.01K","0.00%"
"17/01/2019","1.2000","1.2200","1.2200","1.1100","7.84K","-0.83%"
"16/01/2019","1.2100","1.2300","1.2300","1.1400","5.06K","-1.63%"
"15/01/2019","1.2300","1.2300","1.2300","1.2300","0.06K","0.00%"
"14/01/2019","1.2300","1.2300","1.2300","1.2300","0.03K","0.00%"
"11/01/2019","1.2300","1.2500","1.3000","1.2300","7.33K","-1.60%"
"10/01/2019","1.2500","1.2300","1.2500","1.2300","2.24K","1.63%"
"09/01/2019","1.2300","1.2300","1.2300","1.1700","0.42K","0.00%"
"08/01/2019","1.2300","1.2300","1.2300","1.2000","0.16K","2.50%"
"07/01/2019","1.2000","1.2500","1.2500","1.2000","7.04K","-3.23%"
"04/01/2019","1.2400","1.1500","1.2600","1.1500","31.92K","7.83%"
"03/01/2019","1.1500","1.1500","1.1500","1.0900","128.33K","0.88%"
"02/01/2019","1.1400","1.1400","1.1400","1.1000","7.10K","3.64%"
"28/12/2018","1.1000","1.1400","1.1400","1.0500","9.17K","-3.51%"
"27/12/2018","1.1400","1.0500","1.1400","1.0500","0.62K","7.55%"
"21/12/2018","1.0600","1.1000","1.1000","1.0600","13.30K","-2.75%"
"20/12/2018","1.0900","1.1200","1.1200","1.0500","26.60K","-0.91%"
"19/12/2018","1.1000","1.1000","1.1400","1.0700","28.93K","0.00%"
"18/12/2018","1.1000","1.1500","1.1500","1.0900","2.25K","0.00%"
"17/12/2018","1.1000","1.1000","1.1400","1.1000","4.11K","0.00%"
"14/12/2018","1.1000","1.1500","1.1500","1.1000","1.04K","-4.35%"
"13/12/2018","1.1500","1.1600","1.1600","1.1000","2.32K","5.50%"
"12/12/2018","1.0900","1.0900","1.1500","1.0800","26.07K","0.00%"
"11/12/2018","1.0900","1.0900","1.0900","1.0500","2.17K","-5.22%"
"10/12/2018","1.1500","1.1500","1.1500","1.1500","0.00K","-0.86%"
"07/12/2018","1.1600","1.1000","1.1600","1.0600","2.34K","5.45%"
"06/12/2018","1.1000","1.1000","1.1300","1.1000","0.91K","0.00%"
"05/12/2018","1.1000","1.1600","1.1600","1.1000","11.31K","-5.17%"
"04/12/2018","1.1600","1.1900","1.1900","1.1400","6.83K","-2.52%"
"03/12/2018","1.1900","1.1700","1.1900","1.1000","1.92K","1.71%"
"30/11/2018","1.1700","1.1700","1.1700","1.1700","1.06K","-0.85%"
"29/11/2018","1.1800","1.1800","1.1800","1.1800","0.05K","0.00%"
"28/11/2018","1.1800","1.1800","1.1800","1.1800","0.05K","1.72%"
"27/11/2018","1.1600","1.1200","1.1600","1.1000","58.32K","5.45%"
"26/11/2018","1.1000","1.1200","1.1200","1.0100","0.99K","-1.79%"
"23/11/2018","1.1200","1.0800","1.1200","1.0600","25.37K","0.00%"
"22/11/2018","1.1200","1.0400","1.1200","1.0400","0.51K","2.75%"
"21/11/2018","1.0900","1.0400","1.1400","1.0200","2.47K","4.81%"
"20/11/2018","1.0400","1.0500","1.0500","1.0400","0.13K","-3.70%"
"19/11/2018","1.0800","1.0900","1.0900","1.0300","11.97K","3.85%"
"16/11/2018","1.0400","1.0400","1.0400","1.0400","2.74K","-9.57%"
"15/11/2018","1.1500","1.1500","1.1500","1.1500","0.06K","0.88%"
"14/11/2018","1.1400","1.1600","1.1600","1.1400","0.04K","-1.72%"
"13/11/2018","1.1600","1.1600","1.1600","1.1600","0.04K","0.00%"
"09/11/2018","1.1600","1.1600","1.1600","1.1600","0.01K","0.00%"
"08/11/2018","1.1600","1.1600","1.1600","1.1400","0.80K","0.00%"
"07/11/2018","1.1600","1.1600","1.1600","1.1400","6.61K","0.00%"
"06/11/2018","1.1600","1.1600","1.1600","1.1400","1.06K","0.00%"
"05/11/2018","1.1600","1.1600","1.1600","1.1400","1.15K","0.00%"
"02/11/2018","1.1600","1.1600","1.1600","1.1600","0.02K","0.00%"
"31/10/2018","1.1600","1.1600","1.1600","1.1400","0.33K","8.41%"
"30/10/2018","1.0700","1.2000","1.2000","1.0000","3.73K","-10.83%"
"29/10/2018","1.2000","1.2000","1.2000","1.0800","1.27K","0.00%"
"26/10/2018","1.2000","1.2000","1.2000","1.2000","0.06K","0.00%"
"25/10/2018","1.2000","1.2000","1.2000","1.2000","0.05K","0.00%"
"24/10/2018","1.2000","1.2000","1.2000","1.1700","1.46K","0.00%"
"23/10/2018","1.2000","1.2000","1.2000","1.1700","0.60K","-3.23%"
"22/10/2018","1.2400","1.2400","1.2400","1.2400","0.01K","0.00%"
"19/10/2018","1.2400","1.2400","1.2400","1.2100","0.24K","0.00%"
"18/10/2018","1.2400","1.2500","1.2500","1.1500","6.81K","4.20%"
"17/10/2018","1.1900","1.2300","1.2300","1.1500","4.40K","-4.80%"
"16/10/2018","1.2500","1.4500","1.4500","1.1800","19.55K","-8.76%"
"15/10/2018","1.3700","1.3700","1.4000","1.3700","1.03K","0.00%"
"12/10/2018","1.3700","1.3000","1.4000","1.2200","2.06K","5.38%"
"11/10/2018","1.3000","1.3900","1.3900","1.3000","6.88K","-6.47%"
"10/10/2018","1.3900","1.3900","1.3900","1.3900","0.14K","-4.14%"
"09/10/2018","1.4500","1.4500","1.4500","1.4000","0.83K","0.00%"
"08/10/2018","1.4500","1.4500","1.4500","1.3100","0.40K","0.00%"
"05/10/2018","1.4500","1.4000","1.4500","1.4000","1.23K","0.69%"
"04/10/2018","1.4400","1.4500","1.4500","1.3900","1.33K","-0.69%"
"03/10/2018","1.4500","1.5800","1.5800","1.4300","1.12K","-7.05%"
"02/10/2018","1.5600","1.5400","1.5600","1.4800","0.34K","1.30%"
"01/10/2018","1.5400","1.5400","1.5400","1.4800","0.12K","4.76%"
"28/09/2018","1.4700","1.5400","1.5400","1.4500","11.51K","-4.55%"
"27/09/2018","1.5400","1.4800","1.5400","1.4500","16.56K","4.05%"
"26/09/2018","1.4800","1.6300","1.6300","1.4700","4.72K","-9.76%"
"25/09/2018","1.6400","1.6700","1.7300","1.6400","5.17K","-1.80%"
"24/09/2018","1.6700","1.4000","1.6700","1.3900","63.15K","19.29%"
"21/09/2018","1.4000","1.4000","1.4000","1.3800","73.65K","4.48%"
"20/09/2018","1.3400","1.3600","1.3600","1.3400","6.52K","0.00%"
"19/09/2018","1.3400","1.3700","1.3700","1.2500","511.62K","-2.19%"
"18/09/2018","1.3700","1.2900","1.4000","1.2900","1.35K","3.01%"
"17/09/2018","1.3300","1.3300","1.3300","1.3300","7.22K","-5.00%"
"14/09/2018","1.4000","1.4800","1.4800","1.3600","1.32K","-5.41%"
"13/09/2018","1.4800","1.4200","1.4800","1.3700","4.35K","0.00%"
"12/09/2018","1.4800","1.6500","1.6500","1.4400","3.04K","-10.30%"
"11/09/2018","1.6500","1.6500","1.6500","1.6500","0.02K","0.00%"
"10/09/2018","1.6500","1.6500","1.6500","1.6500","0.01K","0.00%"
"07/09/2018","1.6500","1.6500","1.6500","1.6500","0.00K","0.00%"
"06/09/2018","1.6500","1.6500","1.6500","1.6500","0.00K","0.00%"
"05/09/2018","1.6500","1.6500","1.6500","1.6500","0.02K","0.00%"
"04/09/2018","1.6500","1.6500","1.6500","1.6500","0.03K","0.00%"
"03/09/2018","1.6500","1.6600","1.6600","1.6500","0.03K","0.00%"
"31/08/2018","1.6500","1.6500","1.6500","1.6500","0.03K","0.00%"
"30/08/2018","1.6500","1.6500","1.6500","1.6500","0.01K","9.27%"
"29/08/2018","1.5100","1.4600","1.5100","1.4600","0.04K","1.34%"
"28/08/2018","1.4900","1.5000","1.6500","1.4900","1.15K","-0.67%"
"27/08/2018","1.5000","1.5000","1.5000","1.5000","0.11K","0.00%"
"24/08/2018","1.5000","1.5000","1.5000","1.5000","0.01K","0.00%"
"23/08/2018","1.5000","1.5000","1.5000","1.5000","0.08K","0.00%"
"22/08/2018","1.5000","1.6600","1.6600","1.5000","2.14K","-3.23%"
"20/08/2018","1.5500","1.5500","1.5500","1.5500","0.01K","0.00%"
"16/08/2018","1.5500","1.4800","1.5500","1.4800","0.03K","4.73%"
"14/08/2018","1.4800","1.5300","1.5300","1.4800","0.10K","-1.33%"
"13/08/2018","1.5000","1.5000","1.5000","1.5000","0.32K","-0.66%"
"10/08/2018","1.5100","1.6700","1.6700","1.5100","5.67K","-5.03%"
"09/08/2018","1.5900","1.6800","1.6800","1.5100","0.06K","-1.24%"
"08/08/2018","1.6100","1.6800","1.6800","1.6100","0.42K","4.55%"
"07/08/2018","1.5400","1.6300","1.6300","1.5400","1.40K","3.36%"
"27/07/2018","1.4900","1.4800","1.4900","1.4700","0.97K","0.68%"
"26/07/2018","1.4800","1.4400","1.4800","1.4400","2.28K","2.78%"
"25/07/2018","1.4400","1.4400","1.4400","1.4400","0.06K","0.00%"
"24/07/2018","1.4400","1.4000","1.4400","1.4000","0.12K","0.00%"
"23/07/2018","1.4400","1.4400","1.4400","1.4400","0.03K","0.00%"
"20/07/2018","1.4400","1.4800","1.4800","1.3700","3.77K","-2.70%"
"19/07/2018","1.4800","1.4800","1.4800","1.3700","1.03K","0.00%"
"18/07/2018","1.4800","1.4800","1.4800","1.4500","2.05K","2.78%"
"17/07/2018","1.4400","1.4600","1.4600","1.4400","0.87K","-1.37%"
"16/07/2018","1.4600","1.4900","1.4900","1.4400","2.01K","0.69%"
"13/07/2018","1.4500","1.5000","1.5000","1.4000","6.01K","-2.68%"
"04/07/2018","1.4900","1.4900","1.4900","1.4900","0.01K","2.05%"
"03/07/2018","1.4600","1.4600","1.4600","1.4600","0.71K","3.55%"
"02/07/2018","1.4100","1.4100","1.4100","1.4100","0.03K","-4.08%"
"27/06/2018","1.4700","1.6400","1.6400","1.4200","6.34K","-2.65%"
"26/06/2018","1.5100","1.6400","1.6400","1.5100","0.49K","-7.93%"
"25/06/2018","1.6400","1.6400","1.6400","1.6400","0.04K","6.49%"
"21/06/2018","1.5400","1.5400","1.5400","1.4500","0.61K","4.05%"
"20/06/2018","1.4800","1.5600","1.5600","1.4500","2.15K","-3.90%"
"19/06/2018","1.5400","1.5700","1.5700","1.4900","1.15K","-1.91%"
"18/06/2018","1.5700","1.5000","1.5700","1.4900","1.86K","4.67%"
"15/06/2018","1.5000","1.5100","1.5700","1.4900","4.11K","-8.54%"
"14/06/2018","1.6400","1.5500","1.6400","1.5200","2.62K","0.00%"
"13/06/2018","1.6400","1.6900","1.6900","1.6400","0.21K","-2.96%"
"12/06/2018","1.6900","1.7000","1.7000","1.6900","0.07K","-0.59%"
"11/06/2018","1.7000","1.7000","1.7000","1.7000","0.05K","0.00%"
"08/06/2018","1.7000","1.7000","1.7000","1.7000","0.06K","0.00%"
"07/06/2018","1.7000","1.7000","1.7000","1.6100","1.88K","6.25%"
"06/06/2018","1.6000","1.6000","1.6000","1.6000","1.33K","0.00%"
"05/06/2018","1.6000","1.5900","1.6000","1.5900","1.55K","0.63%"
"04/06/2018","1.5900","1.5900","1.5900","1.5900","0.03K","0.00%"
"01/06/2018","1.5900","1.6000","1.6000","1.5300","2.35K","-0.62%"
"30/05/2018","1.6000","1.6700","1.6700","1.5800","1.89K","-5.88%"
"29/05/2018","1.7000","1.7000","1.7000","1.6800","0.52K","0.00%"
"28/05/2018","1.7000","1.7000","1.7000","1.6100","4.43K","0.00%"
"25/05/2018","1.7000","1.7000","1.7000","1.7000","0.05K","0.00%"
"24/05/2018","1.7000","1.7000","1.7000","1.6200","1.13K","0.00%"
"23/05/2018","1.7000","1.7000","1.7000","1.7000","0.05K","0.00%"
"22/05/2018","1.7000","1.7200","1.7200","1.7000","0.11K","-1.16%"
"21/05/2018","1.7200","1.7200","1.7200","1.7200","0.05K","1.18%"
"18/05/2018","1.7000","1.6900","1.7200","1.6900","0.97K","0.00%"
"17/05/2018","1.7000","1.7100","1.7100","1.6900","0.73K","0.00%"
"16/05/2018","1.7000","1.7000","1.7000","1.6200","0.17K","-0.58%"
"15/05/2018","1.7100","1.7200","1.7200","1.7100","0.02K","-0.58%"
"14/05/2018","1.7200","1.7200","1.7200","1.7200","0.03K","0.58%"
"11/05/2018","1.7100","1.7200","1.7200","1.7100","0.12K","-0.58%"
"10/05/2018","1.7200","1.7300","1.7300","1.7200","0.04K","-0.58%"
"09/05/2018","1.7300","1.7200","1.7300","1.7200","0.75K","1.76%"
"08/05/2018","1.7000","1.6100","1.7000","1.6100","11.03K","4.29%"
"07/05/2018","1.6300","1.6300","1.6300","1.6300","0.53K","0.00%"
"04/05/2018","1.6300","1.6300","1.6300","1.6300","0.00K","-0.61%"
"02/05/2018","1.6400","1.6100","1.6400","1.6100","0.97K","0.00%"
"30/04/2018","1.6400","1.6400","1.6400","1.6400","0.02K","0.00%"
"27/04/2018","1.6400","1.6400","1.6400","1.6400","0.00K","0.00%"
"26/04/2018","1.6400","1.6400","1.6400","1.6400","0.24K","0.00%"
"25/04/2018","1.6400","1.6700","1.6700","1.6400","0.35K","-1.80%"
"24/04/2018","1.6700","1.7400","1.7400","1.6400","0.68K","0.00%"
"23/04/2018","1.6700","1.6700","1.6700","1.6700","0.55K","0.00%"
"20/04/2018","1.6700","1.6700","1.6700","1.6700","0.04K","0.00%"
"19/04/2018","1.6700","1.6700","1.6700","1.6700","0.08K","0.00%"
"18/04/2018","1.6700","1.6700","1.6700","1.6300","0.18K","0.00%"
"17/04/2018","1.6700","1.6700","1.6700","1.6700","0.05K","-4.02%"
"16/04/2018","1.7400","1.7400","1.7400","1.7400","0.03K","0.00%"
"13/04/2018","1.7400","1.7400","1.7400","1.7400","0.00K","0.00%"
"12/04/2018","1.7400","1.7500","1.7500","1.6500","0.72K","5.45%"
"11/04/2018","1.6500","1.6100","1.6500","1.6100","0.61K","2.48%"
"10/04/2018","1.6100","1.7500","1.7500","1.6100","14.43K","-8.00%"
"09/04/2018","1.7500","1.7500","1.7500","1.7500","0.01K","0.57%"
"06/04/2018","1.7400","1.7500","1.7500","1.7400","0.67K","-0.57%"
"05/04/2018","1.7500","1.7600","1.7600","1.7500","0.07K","0.00%"
"04/04/2018","1.7500","1.6900","1.7600","1.6900","5.67K","2.94%"
"03/04/2018","1.7000","1.6100","1.7000","1.6100","1.40K","1.80%"
"29/03/2018","1.6700","1.6700","1.7000","1.6700","1.46K","0.00%"
"28/03/2018","1.6700","1.6700","1.6700","1.6700","0.01K","0.00%"
"27/03/2018","1.6700","1.6700","1.6700","1.6700","0.02K","0.00%"
"26/03/2018","1.6700","1.7600","1.7600","1.6700","1.01K","-1.76%"
"23/03/2018","1.7000","1.7600","1.7600","1.6500","0.52K","3.03%"
"22/03/2018","1.6500","1.7600","1.7600","1.6500","25.09K","-6.25%"
"21/03/2018","1.7600","1.6100","1.7600","1.6100","0.42K","5.39%"
"20/03/2018","1.6700","1.6700","1.6700","1.6700","0.65K","0.00%"
"19/03/2018","1.6700","1.7000","1.7000","1.6100","5.00K","-7.22%"
"16/03/2018","1.8000","1.7500","1.8000","1.6600","0.64K","5.88%"
"15/03/2018","1.7000","1.6600","1.8200","1.6600","1.91K","1.19%"
"14/03/2018","1.6800","1.6600","1.6800","1.6600","6.32K","3.07%"
"13/03/2018","1.6300","1.6600","1.6600","1.6300","2.21K","-2.98%"
"09/03/2018","1.6800","1.6600","1.6800","1.5800","0.19K","1.82%"
"08/03/2018","1.6500","1.6700","1.6700","1.6400","0.63K","0.00%"
"07/03/2018","1.6500","1.7300","1.7300","1.6100","0.28K","-1.79%"
"06/03/2018","1.6800","1.5900","1.6800","1.5900","2.64K","5.66%"
"05/03/2018","1.5900","1.6700","1.6700","1.5900","0.07K","-4.79%"
"02/03/2018","1.6700","1.6100","1.6700","1.6100","1.50K","3.73%"
"01/03/2018","1.6100","1.5600","1.6700","1.5600","1.88K","-5.29%"
"28/02/2018","1.7000","1.7100","1.7100","1.5400","16.23K","4.94%"
"27/02/2018","1.6200","1.7500","1.7500","1.6200","2.81K","-1.22%"
"26/02/2018","1.6400","1.7200","1.8000","1.5800","11.70K","-4.65%"
"23/02/2018","1.7200","1.7800","1.7800","1.7200","0.94K","-3.91%"
"22/02/2018","1.7900","1.6600","1.7900","1.6600","1.17K","1.13%"
"21/02/2018","1.7700","1.7700","1.7700","1.7700","0.33K","4.73%"
"20/02/2018","1.6900","1.6300","1.7300","1.5700","8.89K","-0.59%"
"19/02/2018","1.7000","1.8900","1.8900","1.6500","21.45K","-7.10%"
"16/02/2018","1.8300","1.7900","1.8800","1.7900","2.75K","2.81%"
"15/02/2018","1.7800","1.7700","1.7800","1.7700","8.50K","0.56%"
"14/02/2018","1.7700","1.7700","1.7700","1.7700","0.61K","0.00%"
"13/02/2018","1.7700","1.7700","1.7700","1.7700","0.04K","0.00%"
"12/02/2018","1.7700","1.7700","1.7700","1.7700","0.01K","0.00%"
"09/02/2018","1.7700","1.7700","1.7700","1.7600","0.60K","0.57%"
"08/02/2018","1.7600","1.7800","1.7800","1.7600","2.21K","-1.12%"
"07/02/2018","1.7800","1.7800","1.7800","1.7800","0.00K","0.56%"
"06/02/2018","1.7700","1.7100","1.8500","1.7100","2.24K","-1.12%"
"05/02/2018","1.7900","1.8900","1.8900","1.7100","3.45K","-2.19%"
"02/02/2018","1.8300","1.8800","1.8800","1.8300","0.43K","0.00%"
"01/02/2018","1.8300","1.8800","1.8800","1.7000","7.19K","-2.66%"
"31/01/2018","1.8800","1.9000","1.9000","1.7700","5.09K","-1.05%"
"30/01/2018","1.9000","1.9500","1.9500","1.8600","6.02K","-2.06%"
"29/01/2018","1.9400","1.9600","1.9600","1.9400","1.07K","-1.02%"
"26/01/2018","1.9600","1.9600","1.9600","1.9600","0.00K","1.03%"
"25/01/2018","1.9400","1.9600","1.9600","1.8700","0.26K","2.11%"
"24/01/2018","1.9000","2.0200","2.0200","1.8200","53.07K","-7.77%"
"23/01/2018","2.0600","2.0600","2.0600","2.0600","0.04K","0.00%"
"22/01/2018","2.0600","2.0500","2.0600","2.0300","1.62K","1.98%"
"19/01/2018","2.0200","2.0600","2.0600","2.0200","2.10K","-2.42%"
"18/01/2018","2.0700","2.1200","2.1200","2.0200","3.51K","-1.43%"
"17/01/2018","2.1000","2.1400","2.1400","2.0600","0.79K","-2.78%"
"16/01/2018","2.1600","2.0800","2.1600","2.0300","0.57K","5.37%"
"15/01/2018","2.0500","2.1600","2.1600","2.0200","6.29K","-5.09%"
"12/01/2018","2.1600","2.1600","2.1600","2.1600","0.00K","3.85%"
"11/01/2018","2.0800","2.1500","2.1500","2.0200","4.68K","-3.70%"
"10/01/2018","2.1600","2.1200","2.1700","2.0600","5.65K","1.89%"
"09/01/2018","2.1200","2.1200","2.1200","2.1200","0.02K","0.00%"
"08/01/2018","2.1200","2.0000","2.1200","2.0000","0.94K","5.47%"
"05/01/2018","2.0100","2.1200","2.1200","1.9600","8.36K","-5.19%"
"04/01/2018","2.1200","2.1200","2.1200","2.0400","4.33K","5.47%"
"03/01/2018","2.0100","1.9000","2.0400","1.9000","5.28K","-4.29%"
"29/12/2017","2.1000","2.1000","2.1000","2.0400","1.26K","0.96%"
"28/12/2017","2.0800","2.0800","2.0800","2.0800","0.16K","0.00%"
"27/12/2017","2.0800","2.0400","2.1300","2.0200","74.14K","-1.42%"
"22/12/2017","2.1100","2.0300","2.1100","2.0300","0.30K","-0.47%"
"21/12/2017","2.1200","2.1300","2.1300","2.0500","1.23K","2.42%"
"20/12/2017","2.0700","2.1300","2.1500","2.0500","20.44K","-2.82%"
"19/12/2017","2.1300","2.1300","2.1300","2.1300","0.00K","-0.47%"
"18/12/2017","2.1400","2.0800","2.1400","2.0800","1.01K","0.00%"
"15/12/2017","2.1400","2.1400","2.1400","2.0900","1.07K","0.00%"
"14/12/2017","2.1400","2.1500","2.1500","2.0900","0.37K","0.00%"
"13/12/2017","2.1400","2.1700","2.1700","2.1100","1.86K","1.42%"
"12/12/2017","2.1100","2.1700","2.1900","2.1000","6.84K","-3.65%"
"11/12/2017","2.1900","2.1900","2.1900","2.1000","3.04K","3.79%"
"08/12/2017","2.1100","2.1900","2.1900","2.1100","0.89K","-4.09%"
"07/12/2017","2.2000","2.2600","2.2600","2.2000","0.46K","0.00%"
"06/12/2017","2.2000","2.3000","2.3000","2.1000","18.05K","-4.35%"
"05/12/2017","2.3000","2.3000","2.3000","2.3000","0.15K","0.00%"
"04/12/2017","2.3000","2.3000","2.3000","2.3000","0.17K","0.00%"
"01/12/2017","2.3000","2.3000","2.3000","2.1800","3.78K","0.00%"
"30/11/2017","2.3000","2.3000","2.3000","2.3000","0.04K","0.00%"
"29/11/2017","2.3000","2.3000","2.3000","2.3000","0.04K","0.00%"
"28/11/2017","2.3000","2.3000","2.3000","2.2500","2.16K","0.00%"
"27/11/2017","2.3000","2.3000","2.3000","2.2900","0.36K","0.00%"
"24/11/2017","2.3000","2.3500","2.3500","2.2700","0.79K","-2.13%"
"23/11/2017","2.3500","2.3000","2.3500","2.3000","2.21K","0.86%"
"22/11/2017","2.3300","2.2600","2.3500","2.2600","15.88K","2.19%"
"21/11/2017","2.2800","2.3000","2.3000","2.2600","1.08K","-0.87%"
"20/11/2017","2.3000","2.3000","2.3000","2.2500","6.61K","0.00%"
"17/11/2017","2.3000","2.3000","2.3000","2.3000","0.25K","-2.13%"
"16/11/2017","2.3500","2.3500","2.3500","2.3500","0.07K","0.00%"
"15/11/2017","2.3500","2.3500","2.3500","2.3500","0.08K","0.00%"
"14/11/2017","2.3500","2.3300","2.3500","2.3300","0.07K","0.43%"
"13/11/2017","2.3400","2.3400","2.3400","2.3400","0.07K","-0.43%"
"10/11/2017","2.3500","2.3500","2.3500","2.2500","7.73K","0.00%"
"09/11/2017","2.3500","2.3700","2.3800","2.2500","17.91K","0.00%"
"08/11/2017","2.3500","2.3600","2.3700","2.3500","2.02K","3.07%"
"07/11/2017","2.2800","2.3600","2.3600","2.2700","0.95K","-3.39%"
"06/11/2017","2.3600","2.2700","2.3600","2.2700","11.14K","0.43%"
"03/11/2017","2.3500","2.3500","2.3500","2.3500","0.43K","1.73%"
"02/11/2017","2.3100","2.2500","2.3100","2.2100","18.33K","3.12%"
"31/10/2017","2.2400","2.2500","2.2500","2.1500","0.66K","-0.44%"
"30/10/2017","2.2500","2.2000","2.2500","2.2000","25.77K","0.00%"
"27/10/2017","2.2500","2.2500","2.2500","2.2500","0.00K","2.27%"
"26/10/2017","2.2000","2.2000","2.2000","2.1500","0.02K","3.77%"
"25/10/2017","2.1200","2.2000","2.2000","2.1000","11.87K","0.95%"
"24/10/2017","2.1000","2.2400","2.2400","2.1000","1.60K","-6.25%"
"23/10/2017","2.2400","2.3900","2.3900","2.1600","7.02K","-3.45%"
"20/10/2017","2.3200","2.3900","2.3900","2.3000","8.28K","0.43%"
"19/10/2017","2.3100","2.4500","2.4500","2.2500","3.98K","-2.94%"
"18/10/2017","2.3800","2.3800","2.3800","2.3800","0.01K","0.00%"
"17/10/2017","2.3800","2.3800","2.3800","2.3800","0.24K","-0.42%"
"16/10/2017","2.3900","2.3600","2.3900","2.3400","3.23K","0.00%"
"13/10/2017","2.3900","2.4000","2.4000","2.3200","5.13K","1.70%"
"12/10/2017","2.3500","2.3100","2.3500","2.3000","9.35K","1.73%"
"11/10/2017","2.3100","2.3500","2.3500","2.2800","3.20K","-0.86%"
"10/10/2017","2.3300","2.3500","2.3500","2.2500","19.89K","1.30%"
"09/10/2017","2.3000","2.4500","2.4500","2.2800","4.16K","-1.71%"
"06/10/2017","2.3400","2.4300","2.4300","2.2400","1.50K","1.74%"
"05/10/2017","2.3000","2.3900","2.4400","2.2900","35.07K","-3.36%"
"04/10/2017","2.3800","2.3500","2.3800","2.1800","10.58K","5.78%"
"03/10/2017","2.2500","2.0800","2.2800","2.0800","7.27K","7.14%"
"02/10/2017","2.1000","2.1500","2.3200","2.1000","96.49K","-6.67%"
"29/09/2017","2.2500","2.3400","2.3400","2.2500","5.99K","-3.85%"
"28/09/2017","2.3400","2.3900","2.3900","2.2500","0.08K","-2.09%"
"27/09/2017","2.3900","2.4000","2.4000","2.2600","1.91K","3.91%"
"26/09/2017","2.3000","2.4000","2.4000","2.2500","5.87K","0.00%"
"25/09/2017","2.3000","2.2200","2.3000","2.2200","12.24K","0.00%"
"22/09/2017","2.3000","2.2500","2.3000","2.2500","2.94K","1.77%"
"21/09/2017","2.2600","2.4000","2.4000","2.2500","1.07K","0.00%"
"20/09/2017","2.2600","2.3900","2.3900","2.2600","3.11K","-5.83%"
"19/09/2017","2.4000","2.4000","2.4000","2.4000","0.00K","0.00%"
"18/09/2017","2.4000","2.4000","2.4000","2.4000","0.24K","0.42%"
"15/09/2017","2.3900","2.4000","2.4000","2.2000","0.65K","-0.42%"
"14/09/2017","2.4000","2.2900","2.4000","2.2900","6.54K","4.80%"
"13/09/2017","2.2900","2.2900","2.2900","2.0800","228.44K","0.44%"
"12/09/2017","2.2800","2.2900","2.2900","2.2800","0.91K","1.33%"
"11/09/2017","2.2500","2.2900","2.2900","2.2500","1.15K","0.00%"
"08/09/2017","2.2500","2.3700","2.3700","2.1000","126.28K","-0.44%"
"07/09/2017","2.2600","2.3700","2.3700","2.2500","0.88K","-2.16%"
"06/09/2017","2.3100","2.3700","2.3700","2.2500","8.31K","2.67%"
"05/09/2017","2.2500","2.3000","2.3700","2.2500","6.85K","-2.17%"
"04/09/2017","2.3000","2.3000","2.3100","2.3000","1.67K","1.77%"
"01/09/2017","2.2600","2.3700","2.4000","2.2100","6.27K","-0.88%"
"31/08/2017","2.2800","2.2100","2.3800","2.1900","8.95K","5.07%"
"30/08/2017","2.1700","2.0800","2.1700","2.0700","13.27K","0.00%"
"29/08/2017","2.1700","2.0700","2.1800","2.0700","103.37K","-2.25%"
"28/08/2017","2.2200","2.0900","2.2600","2.0300","107.45K","7.77%"
"25/08/2017","2.0600","2.4300","2.4300","2.0600","14.40K","-13.08%"
"24/08/2017","2.3700","2.4500","2.4500","2.3400","0.70K","-4.05%"
"23/08/2017","2.4700","2.3400","2.4700","2.3400","22.71K","0.41%"
"22/08/2017","2.4600","2.3200","2.5100","2.3200","15.38K","0.41%"
"21/08/2017","2.4500","2.3200","2.4500","2.3000","3.92K","5.15%"
"18/08/2017","2.3300","2.3100","2.5100","2.3100","5.46K","-6.05%"
"17/08/2017","2.4800","2.3100","2.4800","2.3100","0.53K","4.20%"
"16/08/2017","2.3800","2.3900","2.4800","2.3000","2.23K","-0.83%"
"14/08/2017","2.4000","2.3100","2.4800","2.3100","0.57K","0.00%"
"11/08/2017","2.4000","2.3100","2.4000","2.3100","0.44K","0.00%"
"10/08/2017","2.4000","2.3100","2.5100","2.3100","0.54K","0.42%"
"09/08/2017","2.3900","2.3000","2.5100","2.3000","5.10K","-4.02%"
"08/08/2017","2.4900","2.3300","2.5500","2.3200","4.26K","7.33%"
"07/08/2017","2.3200","2.3200","2.4500","2.3200","1.62K","0.00%"
"04/08/2017","2.3200","2.3200","2.5300","2.3200","10.86K","-7.20%"
"03/08/2017","2.5000","2.3200","2.5000","2.3200","0.65K","4.17%"
"02/08/2017","2.4000","2.3600","2.4800","2.3600","1.11K","-2.44%"
"01/08/2017","2.4600","2.4100","2.4800","2.3200","3.53K","-0.81%"
"31/07/2017","2.4800","2.3200","2.4800","2.3200","4.78K","3.33%"
"28/07/2017","2.4000","2.4000","2.4900","2.3100","61.87K","-2.04%"
"27/07/2017","2.4500","2.5100","2.6000","2.4000","2.42K","-2.39%"
"26/07/2017","2.5100","2.6100","2.6200","2.5100","2.17K","-3.09%"
"25/07/2017","2.5900","2.8700","2.8700","2.5900","3.65K","-9.76%"
"24/07/2017","2.8700","2.8700","2.8700","2.8700","0.04K","1.06%"
"21/07/2017","2.8400","2.7000","2.8700","2.7000","6.40K","5.58%"
"20/07/2017","2.6900","2.6900","2.6900","2.5900","0.19K","0.00%"
"19/07/2017","2.6900","2.5400","2.7000","2.5400","0.43K","0.75%"
"18/07/2017","2.6700","2.7700","2.7700","2.5100","3.08K","4.71%"
"17/07/2017","2.5500","2.6000","2.6000","2.5500","2.89K","-1.92%"
"14/07/2017","2.6000","2.7700","2.7700","2.6000","4.16K","-4.76%"
"13/07/2017","2.7300","2.7700","2.7700","2.7000","3.73K","-1.44%"
"12/07/2017","2.7700","2.7700","2.7700","2.7700","0.00K","0.00%"
"11/07/2017","2.7700","2.7700","2.7700","2.7700","0.00K","0.00%"
"10/07/2017","2.7700","2.7700","2.7700","2.7700","0.00K","0.00%"
"07/07/2017","2.7700","2.7700","2.7700","2.7700","0.00K","0.00%"
"06/07/2017","2.7700","2.7700","2.7700","2.7700","0.00K","0.73%"
"05/07/2017","2.7500","2.7500","2.7500","2.7500","0.00K","-0.72%"
"04/07/2017","2.7700","2.7700","2.7700","2.7700","0.00K","0.00%"
"03/07/2017","2.7700","2.7700","2.7700","2.7700","0.00K","-0.36%"
"30/06/2017","2.7800","2.6600","2.7800","2.6100","5.31K","4.51%"
"29/06/2017","2.6600","2.8000","2.8000","2.6600","5.99K","-5.00%"
"28/06/2017","2.8000","2.8000","2.8000","2.6500","4.06K","0.00%"
"27/06/2017","2.8000","2.8000","2.8000","2.8000","0.06K","0.00%"
"26/06/2017","2.8000","2.8400","2.8400","2.7300","0.60K","-2.10%"
"23/06/2017","2.8600","2.8600","2.8600","2.8000","1.11K","0.00%"
"22/06/2017","2.8600","2.8700","2.8700","2.7000","3.87K","2.51%"
"21/06/2017","2.7900","2.7000","2.8600","2.7000","4.62K","3.33%"
"20/06/2017","2.7000","2.6000","2.7000","2.5500","15.44K","1.89%"
"19/06/2017","2.6500","2.8000","2.8000","2.6300","0.44K","-5.02%"
"16/06/2017","2.7900","2.7900","2.7900","2.7900","0.00K","-0.36%"
"14/06/2017","2.8000","2.8000","2.8000","2.8000","0.01K","4.48%"
"13/06/2017","2.6800","2.6800","2.8000","2.6800","5.80K","0.00%"
"12/06/2017","2.6800","2.6800","2.6800","2.6000","0.39K","0.37%"
"09/06/2017","2.6700","2.6900","2.6900","2.6700","0.49K","0.00%"
"08/06/2017","2.6700","2.6700","2.6700","2.6700","0.01K","0.00%"
"07/06/2017","2.6700","2.6700","2.6700","2.5600","0.67K","0.00%"
"06/06/2017","2.6700","2.6800","2.6800","2.6700","0.25K","-0.37%"
"05/06/2017","2.6800","2.6000","2.6800","2.6000","0.69K","0.00%"
"02/06/2017","2.6800","2.6800","2.6800","2.6800","0.00K","5.93%"
"01/06/2017","2.5300","2.6800","2.6800","2.5300","0.78K","-5.60%"
"31/05/2017","2.6800","2.6900","2.6900","2.6000","0.36K","-0.74%"
"30/05/2017","2.7000","2.6000","2.7000","2.4500","1.59K","8.00%"
"29/05/2017","2.5000","2.5500","2.5500","2.4000","13.27K","-1.19%"
"26/05/2017","2.5300","2.7000","2.7000","2.5200","4.09K","-6.30%"
"25/05/2017","2.7000","2.7000","2.7000","2.4300","12.76K","0.00%"
"24/05/2017","2.7000","2.7500","2.7500","2.6900","1.10K","-1.82%"
"23/05/2017","2.7500","2.7500","2.7500","2.7500","0.01K","0.00%"
"22/05/2017","2.7500","2.7500","2.7500","2.7500","0.20K","-0.36%"
"19/05/2017","2.7600","2.7000","2.7600","2.7000","0.80K","0.00%"
"18/05/2017","2.7600","2.8500","2.8500","2.7100","1.27K","0.00%"
"17/05/2017","2.7600","2.9000","2.9000","2.7600","2.40K","-4.83%"
"16/05/2017","2.9000","2.9000","2.9000","2.9000","0.00K","0.35%"
"15/05/2017","2.8900","2.9000","2.9000","2.8100","0.02K","-0.34%"
"12/05/2017","2.9000","3.0400","3.0400","2.8200","3.97K","-2.36%"
"11/05/2017","2.9700","2.8300","3.0000","2.8300","3.43K","1.37%"
"10/05/2017","2.9300","2.9800","2.9800","2.9300","0.03K","-2.33%"
"09/05/2017","3.0000","3.0000","3.0000","2.8500","0.88K","1.69%"
"08/05/2017","2.9500","3.0000","3.0000","2.8900","2.16K","0.00%"
"05/05/2017","2.9500","3.0000","3.0000","2.8900","3.41K","-1.01%"
"04/05/2017","2.9800","3.0000","3.0000","2.9800","0.02K","-0.67%"
"02/05/2017","3.0000","3.0000","3.0000","3.0000","0.04K","0.33%"
"28/04/2017","2.9900","3.0000","3.0000","2.9900","0.00K","0.00%"
"27/04/2017","2.9900","3.0000","3.0000","2.9900","0.02K","1.36%"
"26/04/2017","2.9500","2.9000","3.0000","2.9000","9.09K","-1.01%"
"25/04/2017","2.9800","3.0000","3.0000","2.9800","0.04K","-0.67%"
"24/04/2017","3.0000","3.0000","3.0000","2.9000","0.41K","0.67%"
"21/04/2017","2.9800","2.9800","2.9800","2.9800","0.03K","0.34%"
"20/04/2017","2.9700","2.9800","2.9800","2.9600","0.94K","-0.34%"
"19/04/2017","2.9800","2.9800","2.9800","2.9800","0.04K","0.00%"
"18/04/2017","2.9800","2.9800","2.9800","2.9800","0.02K","0.00%"
"13/04/2017","2.9800","2.9800","2.9800","2.9800","0.07K","0.00%"
"12/04/2017","2.9800","2.9800","2.9800","2.9000","0.32K","0.00%"
"11/04/2017","2.9800","2.9800","2.9800","2.9800","0.38K","0.00%"
"10/04/2017","2.9800","2.8900","2.9800","2.8900","0.75K","0.00%"
"07/04/2017","2.9800","3.0000","3.0000","2.9800","0.50K","-0.67%"
"06/04/2017","3.0000","2.9500","3.0100","2.9500","3.60K","0.33%"
"05/04/2017","2.9900","2.9500","2.9900","2.9000","9.77K","1.36%"
"04/04/2017","2.9500","2.8000","2.9800","2.8000","0.83K","5.36%"
"03/04/2017","2.8000","2.9800","2.9800","2.7600","3.23K","-6.35%"
"31/03/2017","2.9900","3.0000","3.0000","2.8200","1.35K","-0.33%"
"30/03/2017","3.0000","3.0100","3.0100","2.8300","0.37K","-0.33%"
"29/03/2017","3.0100","3.0000","3.0100","2.7500","6.34K","0.33%"
"28/03/2017","3.0000","3.0000","3.0000","3.0000","0.00K","6.01%"
"27/03/2017","2.8300","3.0100","3.0100","2.8300","0.59K","1.43%"
"24/03/2017","2.7900","3.0100","3.0100","2.7700","0.37K","-0.36%"
"23/03/2017","2.8000","3.1000","3.1000","2.8000","8.62K","-3.11%"
"22/03/2017","2.8900","3.1000","3.1000","2.8900","3.05K","-4.62%"
"21/03/2017","3.0300","3.0300","3.0300","3.0300","0.03K","0.00%"
"20/03/2017","3.0300","3.0300","3.0300","2.9500","0.93K","0.00%"
"17/03/2017","3.0300","3.0600","3.0600","3.0000","2.00K","-1.62%"
"16/03/2017","3.0800","3.1400","3.1400","3.0000","2.42K","-1.91%"
"15/03/2017","3.1400","3.1400","3.1400","3.1400","0.00K","0.00%"
"14/03/2017","3.1400","3.1400","3.1400","3.1400","0.00K","1.62%"
"13/03/2017","3.0900","3.0100","3.0900","2.9600","8.15K","1.98%"
"10/03/2017","3.0300","3.1800","3.1800","3.0300","3.19K","-4.72%"
"09/03/2017","3.1800","3.1800","3.1800","3.1800","0.04K","0.00%"
"08/03/2017","3.1800","3.1800","3.1800","3.1700","0.65K","0.00%"
"07/03/2017","3.1800","3.2000","3.2000","3.1800","2.36K","-0.62%"
"06/03/2017","3.2000","3.2000","3.2000","3.0700","0.54K","0.63%"
"03/03/2017","3.1800","3.1900","3.1900","3.1800","4.15K","-0.31%"
"02/03/2017","3.1900","3.2000","3.2000","3.1900","0.12K","0.31%"
"01/03/2017","3.1800","3.2000","3.2000","3.1500","0.47K","-0.31%"
"28/02/2017","3.1900","3.1900","3.1900","3.1000","2.74K","0.00%"
"27/02/2017","3.1900","3.1900","3.1900","3.1800","0.36K","0.31%"
"24/02/2017","3.1800","3.2000","3.2000","3.0500","1.93K","-0.62%"
"23/02/2017","3.2000","3.1000","3.2000","3.0500","16.18K","1.59%"
"22/02/2017","3.1500","3.1500","3.1500","3.0900","13.04K","0.00%"
"21/02/2017","3.1500","3.2000","3.2000","3.0900","0.35K","-1.56%"
"20/02/2017","3.2000","3.2000","3.2000","3.2000","0.21K","0.63%"
"17/02/2017","3.1800","3.1700","3.1800","3.1700","0.62K","1.60%"
"16/02/2017","3.1300","3.1900","3.1900","3.1300","1.62K","-1.88%"
"15/02/2017","3.1900","3.1500","3.1900","3.1500","3.68K","1.59%"
"14/02/2017","3.1400","3.1700","3.1700","3.0900","7.20K","-0.95%"
"13/02/2017","3.1700","3.1800","3.1800","3.1500","4.08K","-0.63%"
"10/02/2017","3.1900","3.2000","3.2000","3.1600","5.37K","-0.31%"
"09/02/2017","3.2000","3.2600","3.2600","3.0800","5.00K","-0.62%"
"08/02/2017","3.2200","3.2200","3.2200","3.2200","0.00K","1.26%"
"07/02/2017","3.1800","3.1800","3.1800","3.1800","0.00K","0.00%"
"06/02/2017","3.1800","3.1000","3.1800","3.1000","0.81K","0.00%"
"03/02/2017","3.1800","3.1900","3.1900","3.1800","0.09K","-1.55%"
"02/02/2017","3.2300","3.2400","3.2400","3.1200","0.88K","-0.92%"
"01/02/2017","3.2600","3.2000","3.2600","3.0600","12.39K","0.93%"
"31/01/2017","3.2300","3.1200","3.2700","3.0000","14.64K","4.87%"
"30/01/2017","3.0800","3.1400","3.1400","2.9500","11.50K","1.32%"
"27/01/2017","3.0400","3.0800","3.1400","2.9900","2.98K","0.00%"
"26/01/2017","3.0400","3.0100","3.0400","3.0100","0.21K","1.00%"
"25/01/2017","3.0100","2.9900","3.0100","2.9700","1.31K","0.67%"
"24/01/2017","2.9900","2.9500","2.9900","2.9100","3.05K","1.36%"
"23/01/2017","2.9500","3.0400","3.0900","2.9300","5.98K","-4.53%"
"20/01/2017","3.0900","3.0900","3.0900","3.0900","0.03K","0.00%"
"19/01/2017","3.0900","3.1100","3.1100","2.9900","1.50K","0.98%"
"18/01/2017","3.0600","3.1100","3.1100","3.0300","2.63K","-2.24%"
"17/01/2017","3.1300","3.1400","3.1400","3.1300","0.04K","0.97%"
"16/01/2017","3.1000","3.1500","3.1500","3.1000","3.56K","-1.59%"
"13/01/2017","3.1500","3.1500","3.1500","3.1100","0.59K","-0.32%"
"12/01/2017","3.1600","3.1600","3.1600","3.1100","0.53K","0.00%"
"11/01/2017","3.1600","3.1600","3.1600","3.1600","0.09K","0.00%"
"10/01/2017","3.1600","3.1000","3.1600","3.1000","10.38K","1.94%"
"09/01/2017","3.1000","3.1000","3.1000","3.1000","0.04K","0.32%"
"05/01/2017","3.0900","3.0500","3.0900","3.0000","11.25K","1.31%"
"04/01/2017","3.0500","2.8800","3.1000","2.8300","12.50K","5.90%"
"03/01/2017","2.8800","2.8800","2.8800","2.8700","0.84K","0.00%"
"02/01/2017","2.8800","2.8700","2.8800","2.7600","1.37K","0.35%"
"30/12/2016","2.8700","2.8000","2.8800","2.7700","0.98K","2.50%"
"29/12/2016","2.8000","2.8000","2.8000","2.7900","0.45K","1.45%"
"28/12/2016","2.7600","2.8800","2.8800","2.7400","2.43K","-4.17%"
"27/12/2016","2.8800","2.9500","2.9500","2.8400","2.52K","-2.04%"
"23/12/2016","2.9400","2.8900","2.9400","2.8900","2.01K","1.73%"
"22/12/2016","2.8900","2.8400","2.9500","2.8400","1.49K","-2.36%"
"21/12/2016","2.9600","2.9400","2.9600","2.9400","0.17K","0.68%"
"20/12/2016","2.9400","2.9400","2.9400","2.8100","0.63K","0.00%"
"19/12/2016","2.9400","2.9400","2.9400","2.7800","1.31K","0.00%"
"16/12/2016","2.9400","2.9400","2.9400","2.9400","0.05K","0.00%"
"15/12/2016","2.9400","2.9000","2.9400","2.8700","1.00K","1.38%"
"14/12/2016","2.9000","2.8900","2.9000","2.8600","1.69K","0.35%"
"13/12/2016","2.8900","2.9400","2.9400","2.7400","14.77K","-1.70%"
"12/12/2016","2.9400","2.9600","2.9600","2.7500","5.45K","5.76%"
"09/12/2016","2.7800","2.9800","2.9800","2.7400","14.78K","-3.14%"
"08/12/2016","2.8700","2.9800","2.9800","2.8600","0.59K","-3.69%"
"07/12/2016","2.9800","3.0000","3.0000","2.8600","3.47K","3.83%"
"06/12/2016","2.8700","2.9900","2.9900","2.8600","0.16K","0.35%"
"05/12/2016","2.8600","3.0000","3.0000","2.8500","0.83K","-0.69%"
"02/12/2016","2.8800","3.0000","3.0000","2.8800","1.01K","0.00%"
"01/12/2016","2.8800","3.0200","3.0200","2.8800","4.42K","-4.64%"
"30/11/2016","3.0200","3.0200","3.0200","3.0000","1.29K","0.00%"
"29/11/2016","3.0200","3.0500","3.0500","3.0200","0.02K","0.67%"
"28/11/2016","3.0000","3.0000","3.0600","3.0000","4.49K","-2.60%"
"25/11/2016","3.0800","3.0900","3.0900","3.0000","9.48K","1.65%"
"24/11/2016","3.0300","2.9900","3.0300","2.9900","4.84K","0.66%"
"23/11/2016","3.0100","3.0200","3.0200","2.9700","0.90K","6.74%"
"22/11/2016","2.8200","3.0000","3.0000","2.7800","2.63K","-6.93%"
"21/11/2016","3.0300","3.0300","3.0300","3.0300","0.01K","1.68%"
"18/11/2016","2.9800","3.0200","3.0200","2.7600","361.50K","-2.61%"
"17/11/2016","3.0600","3.0600","3.0600","3.0600","0.01K","6.99%"
"16/11/2016","2.8600","3.1800","3.1800","2.8500","4.30K","-4.67%"
"15/11/2016","3.0000","3.1800","3.1800","2.9400","6.74K","-2.91%"
"14/11/2016","3.0900","3.1300","3.1300","3.0000","71.96K","-1.28%"
"10/11/2016","3.1300","3.1700","3.1700","3.0700","0.17K","-1.26%"
"09/11/2016","3.1700","3.1700","3.1700","3.0700","0.04K","-0.63%"
"08/11/2016","3.1900","3.2000","3.2000","3.1000","1.50K","-0.31%"
"07/11/2016","3.2000","3.2000","3.2000","3.1200","1.22K","0.00%"
"04/11/2016","3.2000","3.2000","3.2000","3.1100","1.06K","0.00%"
"03/11/2016","3.2000","3.2700","3.2700","3.1200","1.96K","0.31%"
"02/11/2016","3.1900","3.2700","3.2700","3.1500","4.21K","-2.45%"
"31/10/2016","3.2700","3.3000","3.3000","3.1700","3.57K","0.00%"
"28/10/2016","3.2700","3.2800","3.2800","3.2700","0.19K","-0.30%"
"27/10/2016","3.2800","3.1800","3.2800","3.1800","0.44K","3.14%"
"26/10/2016","3.1800","3.3000","3.3000","3.1800","0.87K","-0.62%"
"25/10/2016","3.2000","3.2800","3.3000","3.1800","11.79K","-1.54%"
"24/10/2016","3.2500","3.2700","3.2700","3.1800","0.48K","1.56%"
"21/10/2016","3.2000","3.2000","3.2000","3.2000","6.09K","0.00%"
"20/10/2016","3.2000","3.2000","3.2000","3.1700","1.42K","0.00%"
"19/10/2016","3.2000","3.2000","3.2000","3.1700","1.63K","0.31%"
"18/10/2016","3.1900","3.2800","3.2800","3.1600","3.13K","-0.31%"
"17/10/2016","3.2000","3.2800","3.2800","3.1500","0.60K","-2.44%"
"14/10/2016","3.2800","3.2800","3.2800","3.1700","1.21K","0.61%"
"13/10/2016","3.2600","3.2000","3.2600","3.2000","0.29K","2.84%"
"12/10/2016","3.1700","3.2800","3.2800","3.1700","0.30K","-3.35%"
"11/10/2016","3.2800","3.2800","3.2800","3.1200","0.48K","2.82%"
"10/10/2016","3.1900","3.3000","3.3000","3.1100","3.73K","-1.24%"
"07/10/2016","3.2300","3.3900","3.3900","3.1900","0.48K","-1.52%"
"06/10/2016","3.2800","3.3900","3.3900","3.2800","7.16K","-2.96%"
"05/10/2016","3.3800","3.4000","3.4300","3.2800","1.94K","0.90%"
"04/10/2016","3.3500","3.1900","3.3500","3.1900","9.96K","5.02%"
"03/10/2016","3.1900","3.1900","3.1900","3.1300","0.35K","-0.31%"
"30/09/2016","3.2000","3.0500","3.2000","3.0500","6.97K","0.63%"
"29/09/2016","3.1800","3.2500","3.2500","3.1500","5.97K","-2.15%"
"28/09/2016","3.2500","3.2100","3.2500","3.2000","0.92K","1.25%"
"27/09/2016","3.2100","3.2700","3.2700","3.2100","1.54K","-1.23%"
"26/09/2016","3.2500","3.2700","3.3100","3.2500","4.64K","-0.91%"
"23/09/2016","3.2800","3.6000","3.6000","3.2800","22.90K","-8.38%"
"22/09/2016","3.5800","3.6000","3.6000","3.3700","3.12K","3.77%"
"21/09/2016","3.4500","3.6000","3.6000","3.3600","8.98K","-1.43%"
"20/09/2016","3.5000","3.7000","3.7000","3.4500","9.03K","-4.11%"
"19/09/2016","3.6500","3.6600","3.7200","3.6000","2.96K","-0.27%"
"16/09/2016","3.6600","3.7800","3.7800","3.6000","1.65K","0.27%"
"15/09/2016","3.6500","3.7000","3.7000","3.6300","0.13K","0.00%"
"14/09/2016","3.6500","3.5800","3.7600","3.5000","256.41K","1.96%"
"13/09/2016","3.5800","3.5600","3.5800","3.4800","3.93K","0.56%"
"12/09/2016","3.5600","3.5800","3.5800","3.5300","0.41K","-0.56%"
"09/09/2016","3.5800","3.5800","3.5800","3.4400","0.89K","-0.28%"
"08/09/2016","3.5900","3.5900","3.5900","3.5900","0.02K","0.00%"
"07/09/2016","3.5900","3.5900","3.5900","3.4000","7.91K","-0.28%"
"06/09/2016","3.6000","3.4300","3.6000","3.2800","910.29K","4.96%"
"05/09/2016","3.4300","3.4500","3.4500","3.4100","0.53K","-0.58%"
"02/09/2016","3.4500","3.4500","3.4500","3.4500","0.02K","0.00%"
"01/09/2016","3.4500","3.4600","3.4600","3.4500","0.03K","-0.29%"
"31/08/2016","3.4600","3.3500","3.5000","3.3300","1.38K","3.28%"
"30/08/2016","3.3500","3.4000","3.4000","3.3100","1.15K","0.90%"
"29/08/2016","3.3200","3.4500","3.4500","3.3200","1.41K","-3.77%"
"26/08/2016","3.4500","3.4900","3.4900","3.3100","2.46K","4.23%"
"25/08/2016","3.3100","3.5000","3.5000","3.3100","0.82K","-1.49%"
"24/08/2016","3.3600","3.6000","3.6000","3.3400","3.45K","-1.18%"
"23/08/2016","3.4000","3.4100","3.4100","3.3900","0.11K","-0.87%"
"22/08/2016","3.4300","3.4900","3.4900","3.4300","0.44K","0.00%"
"19/08/2016","3.4300","3.4700","3.4700","3.4000","0.18K","2.08%"
"18/08/2016","3.3600","3.3900","3.3900","3.3100","2.64K","-0.59%"
"17/08/2016","3.3800","3.5500","3.5500","3.2300","18.36K","-4.79%"
"16/08/2016","3.5500","3.5600","3.5600","3.5000","3.44K","-0.56%"
"12/08/2016","3.5700","3.6000","3.6000","3.5100","9.95K","-0.56%"
"11/08/2016","3.5900","3.6000","3.6000","3.5200","0.54K","0.28%"
"10/08/2016","3.5800","3.6000","3.6000","3.5800","0.49K","-0.56%"
"09/08/2016","3.6000","3.6000","3.6000","3.5500","0.05K","-0.28%"
"08/08/2016","3.6100","3.6000","3.7600","3.5200","3.94K","0.28%"
"05/08/2016","3.6000","3.6700","3.6700","3.6000","1.06K","-4.76%"
"04/08/2016","3.7800","3.7800","3.7800","3.7000","1.65K","-0.26%"
"03/08/2016","3.7900","3.8000","3.8200","3.7800","3.19K","0.00%"
"02/08/2016","3.7900","3.7800","3.7900","3.7800","3.39K","1.07%"
"01/08/2016","3.7500","3.6800","3.7500","3.6800","1.00K","4.75%"
"29/07/2016","3.5800","3.5800","3.5800","3.5800","1.00K","-0.83%"
"28/07/2016","3.6100","3.6900","3.6900","3.6100","0.91K","-1.37%"
"27/07/2016","3.6600","3.7800","3.7800","3.6500","0.77K","-1.08%"
"26/07/2016","3.7000","3.7900","3.7900","3.6500","4.93K","-2.37%"
"25/07/2016","3.7900","3.8000","3.8000","3.7500","0.22K","-0.26%"
"22/07/2016","3.8000","3.7700","3.8000","3.7600","2.34K","2.15%"
"21/07/2016","3.7200","3.6900","3.7200","3.6900","0.11K","0.00%"
"20/07/2016","3.7200","3.7800","3.7800","3.7200","1.29K","0.00%"
"19/07/2016","3.7200","3.8000","3.8000","3.7200","0.26K","-2.11%"
"18/07/2016","3.8000","3.7400","3.8300","3.7000","23.34K","2.70%"
"15/07/2016","3.7000","3.7400","3.7400","3.7000","0.05K","0.27%"
"14/07/2016","3.6900","3.6900","3.6900","3.5600","0.30K","0.00%"
"13/07/2016","3.6900","3.7200","3.7200","3.6900","0.20K","0.82%"
"12/07/2016","3.6600","3.6900","3.6900","3.5700","0.43K","-0.81%"
"11/07/2016","3.6900","3.6900","3.6900","3.6800","0.25K","0.00%"
"08/07/2016","3.6900","3.6900","3.6900","3.6900","0.00K","0.00%"
"07/07/2016","3.6900","3.6900","3.6900","3.6900","0.00K","0.00%"
"06/07/2016","3.6900","3.6900","3.6900","3.6900","0.00K","0.00%"
"05/07/2016","3.6900","3.6900","3.6900","3.6900","0.00K","0.00%"
"04/07/2016","3.6900","3.6900","3.6900","3.6900","0.00K","0.82%"
"01/07/2016","3.6600","3.7200","3.7200","3.6000","0.42K","-1.61%"
"30/06/2016","3.7200","3.7200","3.7200","3.5500","0.42K","-0.53%"
"29/06/2016","3.7400","3.7400","3.7400","3.7400","0.65K","1.36%"
"28/06/2016","3.6900","3.7400","3.7400","3.6900","0.04K","2.50%"
"27/06/2016","3.6000","3.7400","3.7400","3.6000","0.35K","0.00%"
"24/06/2016","3.6000","3.6400","3.6400","3.5000","12.25K","-3.74%"
"23/06/2016","3.7400","3.7400","3.7400","3.6500","0.67K","2.47%"
"22/06/2016","3.6500","3.7600","3.7600","3.6500","8.15K","-2.93%"
"21/06/2016","3.7600","3.6400","3.7600","3.6400","8.24K","2.17%"
"20/06/2016","3.6800","3.6800","3.6800","3.6300","0.85K","1.10%"
"17/06/2016","3.6400","3.7000","3.7000","3.6000","1.50K","-1.62%"
"16/06/2016","3.7000","3.7600","3.7600","3.6400","1.10K","-1.33%"
"15/06/2016","3.7500","3.6800","3.7500","3.6700","1.79K","0.00%"
"14/06/2016","3.7500","3.7800","3.7800","3.6900","0.40K","-0.79%"
"13/06/2016","3.7800","3.7800","3.7800","3.7800","0.01K","0.00%"
"10/06/2016","3.7800","3.7800","3.7800","3.6900","0.34K","0.27%"
"09/06/2016","3.7700","3.7900","3.7900","3.7700","0.05K","0.80%"
"08/06/2016","3.7400","3.7100","3.7900","3.7100","1.13K","-2.35%"
"07/06/2016","3.8300","3.8500","3.8500","3.8000","0.59K","2.68%"
"06/06/2016","3.7300","3.8500","3.8500","3.7100","0.39K","-3.12%"
"03/06/2016","3.8500","3.8500","3.8500","3.8500","0.00K","0.00%"
"02/06/2016","3.8500","3.8500","3.8500","3.8500","0.00K","3.77%"
"01/06/2016","3.7100","3.8200","3.8200","3.7000","4.41K","-2.37%"
"31/05/2016","3.8000","3.8500","3.8500","3.8000","0.25K","-0.78%"
"30/05/2016","3.8300","3.8300","3.8300","3.8300","0.26K","1.06%"
"27/05/2016","3.7900","3.7900","3.7900","3.7900","0.02K","2.43%"
"25/05/2016","3.7000","3.7900","3.7900","3.6800","2.98K","-2.37%"
"24/05/2016","3.7900","3.7900","3.7900","3.6800","2.81K","0.00%"
"23/05/2016","3.7900","3.7900","3.7900","3.7200","1.31K","0.00%"
"20/05/2016","3.7900","3.7300","3.7900","3.6400","4.12K","2.99%"
"19/05/2016","3.6800","3.7300","3.7300","3.6800","0.43K","-1.08%"
"18/05/2016","3.7200","3.6600","3.7700","3.6100","9.22K","1.09%"
"17/05/2016","3.6800","3.7000","3.7000","3.6800","0.14K","0.82%"
"16/05/2016","3.6500","3.7800","3.7800","3.6500","5.36K","-2.67%"
"13/05/2016","3.7500","3.8100","3.8200","3.6500","21.08K","1.35%"
"12/05/2016","3.7000","3.7000","3.7500","3.4900","174.58K","-6.57%"
"11/05/2016","3.9600","3.9800","3.9800","3.9200","1.01K","0.00%"
"10/05/2016","3.9600","3.8800","3.9600","3.8200","4.86K","2.06%"
"09/05/2016","3.8800","3.9200","3.9600","3.8800","0.09K","-0.51%"
"06/05/2016","3.9000","3.9000","3.9000","3.8000","1.00K","-0.26%"
"05/05/2016","3.9100","3.9900","3.9900","3.8100","1.22K","-3.22%"
"04/05/2016","4.0400","4.0400","4.0400","3.8500","3.34K","1.25%"
"02/05/2016","3.9900","3.9900","3.9900","3.9900","0.03K","-0.25%"
"29/04/2016","4.0000","3.9500","4.0000","3.9000","5.62K","-0.99%"
"28/04/2016","4.0400","4.0400","4.0400","4.0400","0.03K","0.00%"
"27/04/2016","4.0400","4.0500","4.0500","3.9600","0.50K","-0.25%"
"26/04/2016","4.0500","4.0500","4.0500","4.0000","2.33K","0.00%"
"25/04/2016","4.0500","4.0600","4.0600","3.9800","0.48K","1.76%"
"22/04/2016","3.9800","4.0400","4.0400","3.9800","0.60K","-0.50%"
"21/04/2016","4.0000","4.0400","4.0400","3.9400","4.57K","0.50%"
"20/04/2016","3.9800","4.0400","4.0400","3.9800","0.25K","-1.97%"
"19/04/2016","4.0600","4.0600","4.0600","3.9800","0.95K","0.00%"
"18/04/2016","4.0600","4.0900","4.0900","3.9800","0.30K","0.50%"
"15/04/2016","4.0400","4.0500","4.0500","3.9500","1.43K","-1.22%"
"14/04/2016","4.0900","3.9500","4.0900","3.9500","17.40K","2.51%"
"13/04/2016","3.9900","4.0700","4.1000","3.8500","14.65K","-1.97%"
"12/04/2016","4.0700","4.0800","4.0800","4.0300","2.50K","-0.73%"
"11/04/2016","4.1000","4.1000","4.1000","4.1000","0.06K","0.00%"
"08/04/2016","4.1000","4.2900","4.3000","4.0000","17.23K","0.00%"
"07/04/2016","4.1000","3.9400","4.2000","3.9400","18.67K","4.06%"
"06/04/2016","3.9400","3.7900","3.9400","3.7700","14.26K","3.96%"
"05/04/2016","3.7900","3.8300","3.8300","3.7400","3.89K","-1.04%"
"04/04/2016","3.8300","3.8500","3.8500","3.8000","2.70K","-0.52%"
"01/04/2016","3.8500","3.8600","3.9000","3.8000","11.29K","-1.53%"
"31/03/2016","3.9100","3.9100","3.9100","3.8300","3.20K","0.00%"
"30/03/2016","3.9100","3.9000","3.9200","3.8000","37.71K","1.82%"
"29/03/2016","3.8400","3.8000","3.8400","3.7000","21.01K","1.05%"
"24/03/2016","3.8000","3.7500","3.8000","3.7400","3.38K","0.26%"
"23/03/2016","3.7900","3.7900","3.7900","3.7200","0.79K","0.80%"
"22/03/2016","3.7600","3.7900","3.7900","3.7500","1.90K","0.00%"
"21/03/2016","3.7600","3.8500","3.8500","3.6900","6.28K","-0.79%"
"18/03/2016","3.7900","3.9900","4.0000","3.7300","41.61K","4.41%"
"17/03/2016","3.6300","3.6300","3.6300","3.5600","1.67K","0.00%"
"16/03/2016","3.6300","3.6300","3.6300","3.6300","0.01K","-0.27%"
"15/03/2016","3.6400","3.6500","3.6500","3.6300","2.11K","0.55%"
"14/03/2016","3.6200","3.6900","3.6900","3.6000","3.83K","-1.09%"
"11/03/2016","3.6600","3.6700","3.6800","3.6300","3.85K","-0.27%"
"10/03/2016","3.6700","3.6700","3.6700","3.6500","3.32K","0.00%"
"09/03/2016","3.6700","3.7000","3.7000","3.6000","8.19K","-0.81%"
"08/03/2016","3.7000","3.6500","3.7000","3.6300","5.12K","1.37%"
"07/03/2016","3.6500","3.6500","3.6500","3.6500","0.06K","2.82%"
"04/03/2016","3.5500","3.6500","3.6500","3.5500","0.66K","-2.74%"
"03/03/2016","3.6500","3.5800","3.6500","3.5200","1.77K","1.96%"
"02/03/2016","3.5800","3.5800","3.5800","3.4500","0.92K","0.56%"
"01/03/2016","3.5600","3.5900","3.5900","3.5000","0.94K","-0.84%"
"29/02/2016","3.5900","3.5900","3.5900","3.5900","0.08K","0.28%"
"26/02/2016","3.5800","3.5900","3.5900","3.5100","0.51K","0.00%"
"25/02/2016","3.5800","3.5900","3.5900","3.5000","0.36K","-0.28%"
"24/02/2016","3.5900","3.5900","3.5900","3.5900","0.06K","0.00%"
"23/02/2016","3.5900","3.5900","3.5900","3.5900","0.08K","2.28%"
"22/02/2016","3.5100","3.5900","3.5900","3.5100","0.77K","-2.23%"
"19/02/2016","3.5900","3.4200","3.5900","3.4200","0.79K","0.84%"
"18/02/2016","3.5600","3.5900","3.5900","3.4500","2.82K","-0.84%"
"17/02/2016","3.5900","3.5900","3.5900","3.5000","0.45K","0.00%"
"16/02/2016","3.5900","3.5900","3.5900","3.4800","0.29K","0.00%"
"15/02/2016","3.5900","3.5900","3.5900","3.5500","0.06K","0.84%"
"12/02/2016","3.5600","3.5900","3.5900","3.5000","0.04K","-0.84%"
"11/02/2016","3.5900","3.5900","3.5900","3.4500","2.25K","0.00%"
"10/02/2016","3.5900","3.5900","3.5900","3.5900","0.05K","-0.28%"
"09/02/2016","3.6000","3.6600","3.6600","3.6000","0.34K","-0.55%"
"08/02/2016","3.6200","3.6200","3.6200","3.5500","0.09K","0.00%"
"05/02/2016","3.6200","3.6200","3.6200","3.5100","0.70K","0.00%"
"04/02/2016","3.6200","3.6200","3.6200","3.6200","0.72K","0.00%"
"03/02/2016","3.6200","3.6200","3.6200","3.5500","0.24K","0.00%"
"02/02/2016","3.6200","3.6200","3.6200","3.6200","0.05K","0.00%"
"01/02/2016","3.6200","3.6200","3.6200","3.5500","0.56K","0.28%"
"29/01/2016","3.6100","3.6100","3.6100","3.4800","2.08K","3.14%"
"28/01/2016","3.5000","3.6000","3.6000","3.4800","26.83K","0.57%"
"27/01/2016","3.4800","3.6000","3.6000","3.4800","13.60K","0.00%"
"26/01/2016","3.4800","3.6600","3.6600","3.4700","28.33K","-4.92%"
"25/01/2016","3.6600","3.6600","3.6600","3.5700","0.07K","3.10%"
"22/01/2016","3.5500","3.7000","3.7000","3.5300","19.37K","1.72%"
"21/01/2016","3.4900","3.5500","3.5500","3.4800","31.61K","-0.57%"
"20/01/2016","3.5100","3.6500","3.6500","3.5100","19.80K","-3.84%"
"19/01/2016","3.6500","3.6900","3.6900","3.5600","1.32K","-1.35%"
"18/01/2016","3.7000","3.7000","3.7000","3.7000","0.06K","0.00%"
"15/01/2016","3.7000","3.7600","3.7600","3.6500","14.24K","0.54%"
"14/01/2016","3.6800","3.7600","3.7600","3.5700","3.64K","-2.13%"
"13/01/2016","3.7600","3.7800","3.7800","3.6500","10.51K","-0.53%"
"12/01/2016","3.7800","3.7800","3.7800","3.6600","0.17K","0.00%"
"11/01/2016","3.7800","3.7800","3.7800","3.6600","3.41K","0.00%"
"08/01/2016","3.7800","3.7800","3.7800","3.7800","0.02K","2.16%"
"07/01/2016","3.7000","3.7100","3.7100","3.6000","2.17K","2.78%"
"05/01/2016","3.6000","3.6000","3.6200","3.6000","24.38K","0.00%"
"04/01/2016","3.6000","3.8000","3.8000","3.6000","16.96K","-4.51%"
"30/12/2015","3.7700","3.7500","3.7800","3.7500","0.05K","0.53%"
"29/12/2015","3.7500","3.7900","3.7900","3.7200","0.59K","0.27%"
"28/12/2015","3.7400","3.7400","3.7800","3.7200","2.78K","-1.06%"
"23/12/2015","3.7800","3.7800","3.7900","3.7400","3.64K","0.00%"
"22/12/2015","3.7800","3.7200","3.7900","3.7100","11.80K","1.61%"
"21/12/2015","3.7200","3.7600","3.7600","3.6400","3.16K","-1.06%"
"18/12/2015","3.7600","3.7100","3.8000","3.7000","7.91K","1.35%"
"17/12/2015","3.7100","3.6700","3.7300","3.6100","1.96K","0.27%"
"16/12/2015","3.7000","3.6000","3.7300","3.5400","4.92K","2.78%"
"15/12/2015","3.6000","3.5700","3.6000","3.4300","17.53K","3.15%"
"14/12/2015","3.4900","3.5900","3.5900","3.4500","1.17K","-2.79%"
"11/12/2015","3.5900","3.6800","3.6800","3.4900","2.68K","2.87%"
"10/12/2015","3.4900","3.6800","3.6800","3.4000","9.95K","-1.69%"
"09/12/2015","3.5500","3.5500","3.6700","3.4900","4.02K","-0.56%"
"08/12/2015","3.5700","3.6000","3.6000","3.5300","10.66K","3.48%"
"07/12/2015","3.4500","3.6000","3.6000","3.4500","57.83K","-4.17%"
"04/12/2015","3.6000","3.7000","3.7000","3.5400","4.29K","-2.44%"
"03/12/2015","3.6900","3.7200","3.7200","3.6100","0.29K","3.07%"
"02/12/2015","3.5800","3.7400","3.7400","3.5300","9.99K","-0.83%"
"01/12/2015","3.6100","3.9100","3.9100","3.6100","47.24K","-5.00%"
"30/11/2015","3.8000","3.8300","3.8300","3.7000","6.93K","0.00%"
"27/11/2015","3.8000","3.9400","3.9400","3.7800","37.43K","-3.55%"
"26/11/2015","3.9400","3.9500","3.9500","3.8900","0.49K","-1.01%"
"25/11/2015","3.9800","3.9800","3.9800","3.8500","1.57K","3.11%"
"24/11/2015","3.8600","3.9800","3.9800","3.8200","7.24K","-3.02%"
"23/11/2015","3.9800","3.9400","3.9800","3.8700","1.21K","0.00%"
"20/11/2015","3.9800","3.9800","3.9800","3.9800","0.29K","-0.25%"
"19/11/2015","3.9900","4.0100","4.0100","3.8200","6.40K","0.25%"
"18/11/2015","3.9800","4.1000","4.1000","3.8600","2.89K","1.02%"
"17/11/2015","3.9400","4.1800","4.1800","3.9400","5.77K","-2.72%"
"16/11/2015","4.0500","4.0600","4.0600","4.0000","4.28K","-3.34%"
"13/11/2015","4.1900","4.1400","4.1900","4.0600","0.72K","0.00%"
"12/11/2015","4.1900","4.0600","4.1900","4.0000","7.02K","-2.56%"
"10/11/2015","4.3000","4.2300","4.3000","4.2300","1.00K","-1.15%"
"09/11/2015","4.3500","4.3500","4.3500","4.1200","0.02K","1.16%"
"06/11/2015","4.3000","4.3500","4.3500","4.1600","0.33K","-1.15%"
"05/11/2015","4.3500","4.4800","4.4800","4.1000","1.41K","-2.25%"
"04/11/2015","4.4500","4.4500","4.4600","4.3300","3.16K","0.00%"
"03/11/2015","4.4500","4.3800","4.4500","4.3100","3.53K","2.30%"
"02/11/2015","4.3500","4.2400","4.3900","4.1500","12.06K","3.82%"
"30/10/2015","4.1900","4.1000","4.1900","4.1000","4.62K","2.20%"
"29/10/2015","4.1000","4.1000","4.1000","4.1000","0.07K","1.74%"
"28/10/2015","4.0300","4.1800","4.1800","4.0300","2.66K","-2.89%"
"27/10/2015","4.1500","4.1000","4.1900","4.1000","0.07K","1.22%"
"26/10/2015","4.1000","4.1000","4.1500","3.9900","54.77K","0.00%"
"23/10/2015","4.1000","4.2000","4.2000","4.0000","146.25K","-2.38%"
"22/10/2015","4.2000","4.2000","4.2000","4.1700","0.36K","1.45%"
"21/10/2015","4.1400","4.2000","4.2000","4.1400","0.15K","-1.19%"
"20/10/2015","4.1900","4.1400","4.2000","4.0900","1.01K","0.00%"
"19/10/2015","4.1900","4.1000","4.2000","4.0000","52.60K","4.49%"
"16/10/2015","4.0100","4.0600","4.1000","4.0100","15.64K","-1.23%"
"15/10/2015","4.0600","4.0100","4.0600","4.0100","5.12K","1.25%"
"14/10/2015","4.0100","4.2400","4.2400","4.0000","118.59K","-2.20%"
"13/10/2015","4.1000","4.2400","4.2400","4.1000","0.75K","-0.97%"
"12/10/2015","4.1400","4.1600","4.1600","4.1400","0.46K","0.73%"
"09/10/2015","4.1100","4.2400","4.2400","4.1000","4.07K","-3.29%"
"08/10/2015","4.2500","4.1200","4.2500","4.0300","3.85K","3.66%"
"07/10/2015","4.1000","4.2300","4.2300","4.1000","3.55K","0.74%"
"06/10/2015","4.0700","4.2500","4.2500","4.0700","2.32K","-4.91%"
"05/10/2015","4.2800","4.2800","4.2800","3.9900","21.66K","5.16%"
"02/10/2015","4.0700","4.2900","4.2900","4.0700","4.36K","-1.21%"
"01/10/2015","4.1200","4.1800","4.2900","4.0600","36.90K","-1.67%"
"30/09/2015","4.1900","4.2000","4.2000","3.8900","23.86K","0.00%"
"29/09/2015","4.1900","4.1900","4.1900","4.1200","0.53K","0.00%"
"28/09/2015","4.1900","4.2500","4.2500","3.9800","26.16K","-3.23%"
"25/09/2015","4.3300","4.4200","4.4200","4.2700","9.62K","-2.04%"
"24/09/2015","4.4200","4.4200","4.4200","4.4200","0.06K","0.45%"
"23/09/2015","4.4000","4.5500","4.5500","4.4000","0.54K","-2.87%"
"22/09/2015","4.5300","4.5300","4.5300","4.5100","0.31K","0.44%"
"21/09/2015","4.5100","4.7200","4.7200","4.5100","0.38K","-0.88%"
"18/09/2015","4.5500","4.5100","4.5500","4.5100","1.62K","1.34%"
"17/09/2015","4.4900","4.7300","4.7300","4.4900","11.40K","-5.07%"
"16/09/2015","4.7300","4.7500","4.8000","4.7300","3.75K","-0.42%"
"15/09/2015","4.7500","4.8000","4.8000","4.6100","0.57K","-1.04%"
"14/09/2015","4.8000","4.8000","4.8000","4.8000","0.03K","0.00%"
"11/09/2015","4.8000","4.8000","4.8000","4.8000","0.09K","0.00%"
"10/09/2015","4.8000","4.8000","4.8000","4.8000","0.11K","-0.41%"
"09/09/2015","4.8200","4.8400","4.8400","4.6600","42.82K","0.42%"
"08/09/2015","4.8000","4.8800","4.8800","4.7500","2.53K","-2.04%"
"07/09/2015","4.9000","4.8800","4.9000","4.8800","0.07K","0.41%"
"04/09/2015","4.8800","4.8400","4.9000","4.8400","8.06K","3.17%"
"03/09/2015","4.7300","4.8400","4.8400","4.7300","7.54K","-2.87%"
"02/09/2015","4.8700","4.8700","4.8700","4.7500","2.01K","0.00%"
"01/09/2015","4.8700","4.9400","4.9400","4.7500","1.39K","-1.22%"
"31/08/2015","4.9300","4.6500","4.9400","4.6500","30.64K","4.89%"
"28/08/2015","4.7000","4.7900","4.7900","4.6500","2.38K","-2.08%"
"27/08/2015","4.8000","4.7500","4.8600","4.6500","95.89K","8.35%"
"26/08/2015","4.4300","4.2000","4.4300","4.0600","7.15K","5.48%"
"25/08/2015","4.2000","4.0000","4.2000","4.0000","8.34K","0.24%"
"24/08/2015","4.1900","4.1000","4.1900","3.9600","30.86K","0.00%"
"21/08/2015","4.1900","4.2000","4.2000","4.1000","0.39K","-0.24%"
"20/08/2015","4.2000","4.1600","4.2000","4.1300","2.02K","0.96%"
"19/08/2015","4.1600","4.1500","4.1600","4.1500","0.18K","0.48%"
"18/08/2015","4.1400","4.1400","4.1400","4.1200","0.97K","0.00%"
"17/08/2015","4.1400","4.0500","4.1400","4.0500","1.09K","0.00%"
"14/08/2015","4.1400","4.1400","4.1400","4.0800","2.12K","0.00%"
"13/08/2015","4.1400","4.0800","4.1400","4.0700","3.21K","0.98%"
"12/08/2015","4.1000","4.1000","4.1000","4.0400","4.50K","0.00%"
"11/08/2015","4.1000","4.1000","4.1000","4.0500","5.24K","0.00%"
"10/08/2015","4.1000","4.1000","4.1000","4.0200","3.26K","0.49%"
"07/08/2015","4.0800","4.0100","4.1500","4.0100","0.61K","-1.45%"
"06/08/2015","4.1400","4.1500","4.1500","4.0800","0.74K","-0.24%"
"05/08/2015","4.1500","4.1500","4.1500","4.0500","1.32K","0.00%"
"04/08/2015","4.1500","4.2000","4.2000","4.0400","0.35K","3.23%"
"03/08/2015","4.0200","4.0200","4.1900","4.0200","2.53K","-2.19%"
"31/07/2015","4.1100","4.2000","4.2000","4.0200","1.73K","-1.67%"
"30/07/2015","4.1800","4.2000","4.2000","4.0500","0.34K","0.72%"
"29/07/2015","4.1500","4.1000","4.1500","4.0200","3.95K","1.22%"
"28/07/2015","4.1000","4.1000","4.1000","3.9600","3.57K","0.00%"
"27/07/2015","4.1000","4.1000","4.1000","4.0300","1.04K","0.00%"
"24/07/2015","4.1000","4.1800","4.1800","4.0100","2.14K","-1.91%"
"23/07/2015","4.1800","4.1700","4.1800","4.0000","6.37K","0.00%"
"22/07/2015","4.1800","4.1900","4.1900","4.0000","9.74K","-0.24%"
"21/07/2015","4.1900","4.2000","4.2000","4.0700","2.35K","-0.24%"
"20/07/2015","4.2000","4.2000","4.2000","4.1700","0.55K","0.00%"
"17/07/2015","4.2000","4.2000","4.2000","3.8400","16.29K","0.00%"
"16/07/2015","4.2000","4.2000","4.2000","4.1800","3.52K","-0.94%"
"15/07/2015","4.2400","4.2500","4.2500","4.1700","2.12K","0.24%"
"14/07/2015","4.2300","4.1700","4.2500","4.1700","43.96K","1.44%"
"13/07/2015","4.1700","4.2500","4.2500","4.1600","3.00K","-1.88%"
"10/07/2015","4.2500","4.1500","4.2500","4.1100","11.07K","2.41%"
"09/07/2015","4.1500","4.1500","4.1500","4.0600","1.82K","0.00%"
"08/07/2015","4.1500","4.2500","4.2500","4.0000","12.05K","4.53%"
"07/07/2015","3.9700","3.8900","4.0700","3.8600","21.63K","3.12%"
"06/07/2015","3.8500","3.7000","3.8500","3.7000","26.08K","2.67%"
"03/07/2015","3.7500","3.6900","3.7500","3.6800","22.44K","1.63%"
"02/07/2015","3.6900","3.6900","3.6900","3.6000","3.07K","0.00%"
"01/07/2015","3.6900","3.7000","3.7000","3.5800","3.80K","-0.27%"
"30/06/2015","3.7000","3.7000","3.7000","3.6600","0.34K","0.00%"
"29/06/2015","3.7000","3.7300","3.7300","3.5800","2.67K","-1.33%"
"26/06/2015","3.7500","3.7000","3.7500","3.7000","0.73K","2.46%"
"25/06/2015","3.6600","3.7500","3.7500","3.6400","0.11K","-1.61%"
"24/06/2015","3.7200","3.7400","3.7400","3.6100","1.86K","-0.80%"
"23/06/2015","3.7500","3.7500","3.7500","3.6800","1.10K","0.00%"
"22/06/2015","3.7500","3.7900","3.7900","3.7000","2.56K","-1.06%"
"19/06/2015","3.7900","3.7500","3.7900","3.6400","27.32K","0.00%"
"18/06/2015","3.7900","3.7900","3.7900","3.7100","9.82K","0.00%"
"17/06/2015","3.7900","3.7900","3.7900","3.7500","1.29K","0.00%"
"16/06/2015","3.7900","3.7900","3.7900","3.7300","0.95K","1.07%"
"15/06/2015","3.7500","3.8500","3.8500","3.7500","5.22K","-2.60%"
"12/06/2015","3.8500","3.8900","3.8900","3.8300","1.78K","-1.03%"
"11/06/2015","3.8900","3.8500","3.9000","3.8500","5.47K","1.04%"
"10/06/2015","3.8500","3.8000","3.9400","3.7500","12.47K","-1.28%"
"09/06/2015","3.9000","3.9000","3.9100","3.8000","1.75K","0.52%"
"08/06/2015","3.8800","3.8800","3.9200","3.8800","1.25K","1.57%"
"05/06/2015","3.8200","3.8000","3.8500","3.8000","4.60K","-2.05%"
"03/06/2015","3.9000","3.9000","3.9300","3.8900","1.73K","0.00%"
"02/06/2015","3.9000","3.9400","3.9400","3.9000","1.66K","-1.27%"
"01/06/2015","3.9500","3.9800","3.9800","3.8500","7.06K","3.95%"
"29/05/2015","3.8000","3.9500","3.9500","3.7500","4.95K","0.00%"
"28/05/2015","3.8000","3.9200","3.9200","3.7500","14.11K","-0.26%"
"27/05/2015","3.8100","3.8300","3.9100","3.8100","9.61K","-2.31%"
"26/05/2015","3.9000","4.0000","4.0000","3.8300","12.91K","-2.50%"
"25/05/2015","4.0000","4.0400","4.0400","3.9500","0.72K","-0.99%"
"22/05/2015","4.0400","4.0800","4.0800","3.9200","3.44K","1.00%"
"21/05/2015","4.0000","4.0500","4.0500","3.9000","6.81K","-1.23%"
"20/05/2015","4.0500","4.0300","4.0500","3.9300","3.57K","0.50%"
"19/05/2015","4.0300","4.0000","4.0900","3.9900","4.27K","-1.47%"
"18/05/2015","4.0900","4.0900","4.1000","4.0500","8.76K","-0.24%"
"15/05/2015","4.1000","4.0400","4.1000","4.0400","7.25K","1.49%"
"14/05/2015","4.0400","4.1400","4.1700","4.0400","4.01K","-1.46%"
"13/05/2015","4.1000","4.0300","4.1700","4.0300","52.55K","4.86%"
"12/05/2015","3.9100","4.0400","4.0400","3.9100","0.90K","-3.46%"
"11/05/2015","4.0500","3.9700","4.0600","3.9000","7.05K","3.85%"
"08/05/2015","3.9000","3.9700","3.9700","3.9000","4.34K","-1.76%"
"07/05/2015","3.9700","3.9200","3.9900","3.9200","0.74K","2.32%"
"06/05/2015","3.8800","3.8900","3.8900","3.8500","2.13K","-0.26%"
"05/05/2015","3.8900","4.0000","4.0000","3.8600","2.14K","-0.26%"
"04/05/2015","3.9000","3.9500","3.9900","3.8500","4.32K","-0.76%"
"30/04/2015","3.9300","4.1000","4.1000","3.9000","2.45K","-2.96%"
"29/04/2015","4.0500","4.1000","4.1000","4.0000","1.39K","-1.22%"
"28/04/2015","4.1000","4.1600","4.1600","4.0800","0.19K","0.00%"
"27/04/2015","4.1000","4.1500","4.1500","4.0200","3.70K","-1.20%"
"24/04/2015","4.1500","4.1000","4.1600","4.0500","3.24K","1.47%"
"23/04/2015","4.0900","4.1000","4.1000","4.0200","3.08K","-0.24%"
"22/04/2015","4.1000","4.0100","4.1000","4.0000","9.98K","1.49%"
"21/04/2015","4.0400","4.0500","4.0500","3.9700","2.42K","1.00%"
"20/04/2015","4.0000","4.0000","4.0000","3.8500","10.86K","-3.61%"
"17/04/2015","4.1500","4.1900","4.2000","4.1300","7.03K","-1.19%"
"16/04/2015","4.2000","3.9800","4.2500","3.9300","24.13K","5.53%"
"15/04/2015","3.9800","3.9400","3.9800","3.9400","6.72K","0.76%"
"14/04/2015","3.9500","3.9300","3.9500","3.9000","4.83K","0.25%"
"13/04/2015","3.9400","3.9400","3.9400","3.9200","0.03K","0.00%"
"10/04/2015","3.9400","3.9000","3.9400","3.8500","2.39K","1.03%"
"09/04/2015","3.9000","3.9100","3.9100","3.8600","1.33K","-0.51%"
"08/04/2015","3.9200","3.9200","3.9200","3.8600","3.09K","0.00%"
"07/04/2015","3.9200","3.9400","3.9400","3.8500","2.48K","1.55%"
"02/04/2015","3.8600","3.9500","3.9500","3.8400","3.49K","0.26%"
"01/04/2015","3.8500","3.9400","3.9400","3.8500","1.82K","-2.53%"
"31/03/2015","3.9500","3.8200","3.9700","3.8200","3.68K","2.07%"
"30/03/2015","3.8700","3.9300","3.9300","3.8500","0.84K","-1.53%"
"27/03/2015","3.9300","3.9300","3.9300","3.9000","2.70K","1.81%"
"26/03/2015","3.8600","3.9300","3.9300","3.8600","1.01K","-1.78%"
"25/03/2015","3.9300","3.9400","3.9400","3.8500","9.06K","-0.25%"
"24/03/2015","3.9400","3.8900","3.9700","3.8600","5.94K","1.29%"
"23/03/2015","3.8900","3.9000","3.9000","3.8300","7.95K","0.26%"
"20/03/2015","3.8800","3.8400","3.9700","3.8100","18.10K","-1.27%"
"19/03/2015","3.9300","4.0000","4.0000","3.7500","215.77K","-7.31%"
"18/03/2015","4.2400","4.3300","4.3300","4.2000","6.33K","-2.97%"
"17/03/2015","4.3700","4.3000","4.3700","4.2100","8.89K","-0.91%"
"16/03/2015","4.4100","4.4800","4.4800","4.4100","1.00K","0.23%"
"13/03/2015","4.4000","4.4600","4.4900","4.4000","2.82K","-1.12%"
"12/03/2015","4.4500","4.4500","4.4500","4.3800","0.17K","0.68%"
"11/03/2015","4.4200","4.3300","4.4200","4.3200","1.01K","-0.90%"
"10/03/2015","4.4600","4.5000","4.5000","4.4500","1.35K","1.13%"
"09/03/2015","4.4100","4.4300","4.5000","4.4000","5.29K","-0.45%"
"06/03/2015","4.4300","4.2100","4.5000","4.1900","51.00K","6.49%"
"05/03/2015","4.1600","4.1700","4.2000","4.1400","9.01K","-0.24%"
"04/03/2015","4.1700","4.1500","4.1800","4.1200","0.73K","0.00%"
"03/03/2015","4.1700","4.1700","4.1800","4.0900","3.05K","0.00%"
"02/03/2015","4.1700","4.1800","4.1800","4.1600","2.24K","-0.48%"
"27/02/2015","4.1900","4.2000","4.2000","4.0100","13.00K","0.24%"
"26/02/2015","4.1800","4.1500","4.1800","4.1300","2.65K","0.72%"
"25/02/2015","4.1500","4.1600","4.1600","4.0900","29.35K","1.22%"
"24/02/2015","4.1000","4.1500","4.1500","4.1000","3.75K","-0.24%"
"23/02/2015","4.1100","4.1600","4.1600","4.0800","7.67K","-0.96%"
"20/02/2015","4.1500","4.2000","4.2000","4.0700","5.40K","0.73%"
"19/02/2015","4.1200","4.2500","4.3500","4.0500","27.45K","-2.14%"
"18/02/2015","4.2100","3.9000","4.2900","3.9000","51.19K","7.95%"
"17/02/2015","3.9000","3.9000","3.9000","3.8600","2.19K","0.00%"
"16/02/2015","3.9000","3.7900","3.9100","3.7900","4.24K","4.28%"
"13/02/2015","3.7400","3.9200","3.9200","3.7400","1.97K","0.54%"
"12/02/2015","3.7200","3.7400","3.7400","3.7200","5.42K","-0.53%"
"11/02/2015","3.7400","3.9200","3.9200","3.7300","3.19K","0.81%"
"10/02/2015","3.7100","3.7900","3.8700","3.7100","10.96K","-2.11%"
"09/02/2015","3.7900","3.8900","3.9800","3.7400","10.30K","-1.56%"
"06/02/2015","3.8500","3.7200","3.8800","3.7000","1.92K","2.94%"
"05/02/2015","3.7400","3.7500","3.9200","3.7200","6.22K","0.00%"
"04/02/2015","3.7400","3.7500","3.7500","3.7300","2.22K","0.00%"
"03/02/2015","3.7400","3.7300","3.7500","3.7200","3.16K","0.54%"
"02/02/2015","3.7200","3.9200","3.9200","3.7000","1.46K","-0.53%"
"30/01/2015","3.7400","3.9400","3.9400","3.7200","16.12K","0.00%"
"29/01/2015","3.7400","3.7500","3.9400","3.7000","5.03K","0.00%"
"28/01/2015","3.7400","3.7400","3.7400","3.7100","1.42K","0.00%"
"27/01/2015","3.7400","3.8000","3.8000","3.7300","3.90K","0.00%"
"26/01/2015","3.7400","3.9700","3.9700","3.7200","2.32K","-1.58%"
"23/01/2015","3.8000","3.9700","3.9700","3.8000","2.08K","-1.30%"
"22/01/2015","3.8500","3.7500","3.8500","3.7500","1.20K","0.26%"
"21/01/2015","3.8400","3.8500","3.8500","3.8200","0.39K","2.13%"
"20/01/2015","3.7600","3.8500","3.8500","3.7600","7.31K","-3.59%"
"19/01/2015","3.9000","4.0000","4.0000","3.8100","0.93K","-2.50%"
"16/01/2015","4.0000","3.9700","4.0000","3.9000","3.00K","4.71%"
"15/01/2015","3.8200","4.0000","4.0000","3.8200","3.72K","-1.04%"
"14/01/2015","3.8600","3.9900","3.9900","3.8600","4.80K","-1.78%"
"13/01/2015","3.9300","3.8600","4.0000","3.8600","0.87K","-0.51%"
"12/01/2015","3.9500","4.0000","4.0000","3.9500","0.90K","-2.47%"
"09/01/2015","4.0500","4.0500","4.0500","4.0500","0.00K","5.19%"
"08/01/2015","3.8500","3.9500","3.9500","3.8500","2.56K","-2.53%"
"07/01/2015","3.9500","3.9900","4.0000","3.9200","0.93K","-1.00%"
"05/01/2015","3.9900","3.9200","4.0000","3.9200","2.80K","-1.48%"
"02/01/2015","4.0500","4.0500","4.0500","4.0500","0.01K","3.85%"
"30/12/2014","3.9000","3.9200","3.9200","3.9000","6.02K","0.00%"
"29/12/2014","3.9000","3.8500","3.9200","3.7900","10.53K","0.78%"
"23/12/2014","3.8700","3.7500","3.8900","3.7000","7.63K","-0.51%"
"22/12/2014","3.8900","4.0300","4.0300","3.8200","2.47K","-2.75%"
"19/12/2014","4.0000","4.0000","4.0500","4.0000","0.45K","0.00%"
"18/12/2014","4.0000","4.0500","4.0500","4.0000","1.12K","-1.23%"
"17/12/2014","4.0500","4.0300","4.0500","4.0000","3.68K","-0.98%"
"16/12/2014","4.0900","4.0200","4.1000","3.9600","2.55K","-0.97%"
"15/12/2014","4.1300","4.1300","4.1300","4.0200","0.50K","0.24%"
"12/12/2014","4.1200","4.1400","4.1400","4.1200","0.02K","-0.48%"
"11/12/2014","4.1400","4.1400","4.1400","4.0500","1.81K","1.97%"
"10/12/2014","4.0600","4.1500","4.1500","4.0600","1.22K","-2.17%"
"09/12/2014","4.1500","4.1900","4.1900","4.1100","3.81K","-0.95%"
"08/12/2014","4.1900","4.1900","4.1900","4.1100","0.72K","0.24%"
"05/12/2014","4.1800","4.2000","4.2000","4.1100","1.91K","1.70%"
"04/12/2014","4.1100","4.2100","4.2100","4.1100","1.08K","-2.61%"
"03/12/2014","4.2200","4.2200","4.2200","4.2000","0.35K","-0.24%"
"02/12/2014","4.2300","4.1800","4.2300","4.1700","2.18K","1.20%"
"01/12/2014","4.1800","4.1000","4.2400","4.1000","2.81K","1.95%"
"28/11/2014","4.1000","4.1000","4.1000","4.1000","0.04K","0.49%"
"27/11/2014","4.0800","4.1500","4.1500","4.0800","5.17K","-1.69%"
"26/11/2014","4.1500","4.1500","4.1800","4.1500","0.36K","-0.72%"
"25/11/2014","4.1800","4.1800","4.1800","4.1800","0.01K","-0.24%"
"24/11/2014","4.1900","4.1000","4.1900","4.0900","5.42K","0.00%"
"21/11/2014","4.1900","4.1400","4.1900","4.1000","1.28K","1.21%"
"20/11/2014","4.1400","4.1900","4.1900","4.0800","1.01K","-1.19%"
"19/11/2014","4.1900","4.1300","4.1900","4.1000","4.68K","3.46%"
"18/11/2014","4.0500","4.1700","4.1700","4.0500","1.62K","-2.88%"
"17/11/2014","4.1700","4.0200","4.1900","4.0100","5.33K","2.96%"
"14/11/2014","4.0500","4.1200","4.1200","4.0500","9.39K","-1.70%"
"13/11/2014","4.1200","4.0600","4.1200","4.0600","0.42K","1.23%"
"12/11/2014","4.0700","4.2400","4.2400","4.0600","2.12K","-4.24%"
"10/11/2014","4.2500","4.2000","4.2500","4.0100","11.70K","0.00%"
"07/11/2014","4.2500","4.2500","4.2500","4.2500","0.01K","0.00%"
"06/11/2014","4.2500","4.2500","4.2500","4.2500","0.01K","0.00%"
"05/11/2014","4.2500","4.2500","4.2500","4.2500","0.06K","0.00%"
"04/11/2014","4.2500","4.2500","4.2500","4.2500","0.01K","0.24%"
"03/11/2014","4.2400","4.1700","4.2500","4.1700","4.70K","0.95%"
"31/10/2014","4.2000","4.2500","4.2500","4.2000","0.41K","-1.18%"
"30/10/2014","4.2500","4.2500","4.2500","4.2500","0.01K","0.00%"
"29/10/2014","4.2500","4.2500","4.2500","4.2400","0.61K","0.00%"
"28/10/2014","4.2500","4.2500","4.2500","4.2000","2.61K","0.95%"
"27/10/2014","4.2100","4.3400","4.3400","4.2100","5.41K","-3.00%"
"24/10/2014","4.3400","4.2900","4.3400","4.2100","3.16K","0.23%"
"23/10/2014","4.3300","4.3800","4.3800","4.1100","7.04K","-0.46%"
"22/10/2014","4.3500","4.3800","4.3800","4.3500","0.02K","-0.68%"
"21/10/2014","4.3800","4.3000","4.3800","4.2900","1.24K","2.58%"
"20/10/2014","4.2700","4.3000","4.3000","4.2600","0.37K","-1.39%"
"17/10/2014","4.3300","4.3000","4.3800","4.3000","0.85K","0.70%"
"16/10/2014","4.3000","4.3700","4.3700","4.2800","8.29K","-1.15%"
"15/10/2014","4.3500","4.4000","4.4000","4.2600","6.72K","-1.14%"
"14/10/2014","4.4000","4.4400","4.4400","4.4000","0.01K","-0.45%"
"13/10/2014","4.4200","4.3600","4.4400","4.3600","0.80K","-0.67%"
"10/10/2014","4.4500","4.4500","4.4500","4.3600","2.66K","0.23%"
"09/10/2014","4.4400","4.4400","4.4400","4.4000","1.11K","0.00%"
"08/10/2014","4.4400","4.4300","4.4900","4.4000","3.59K","1.14%"
"07/10/2014","4.3900","4.4200","4.4500","4.3900","1.09K","-0.68%"
"06/10/2014","4.4200","4.4100","4.4200","4.3600","8.63K","0.00%"
"03/10/2014","4.4200","4.4600","4.4600","4.4200","9.64K","-0.67%"
"02/10/2014","4.4500","4.5500","4.5500","4.4500","2.81K","0.00%"
"01/10/2014","4.4500","4.5500","4.5500","4.4500","5.99K","-2.20%"
"30/09/2014","4.5500","4.6000","4.6000","4.5500","0.44K","-1.09%"
"29/09/2014","4.6000","4.6900","4.6900","4.5000","0.81K","0.66%"
"26/09/2014","4.5700","4.6900","4.6900","4.5400","2.33K","-0.65%"
"25/09/2014","4.6000","4.7200","4.7200","4.5400","2.82K","0.00%"
"24/09/2014","4.6000","4.7300","4.7300","4.5600","3.18K","-1.29%"
"23/09/2014","4.6600","4.7300","4.7300","4.6000","9.07K","-1.69%"
"22/09/2014","4.7400","4.6900","4.7400","4.5100","47.00K","1.72%"
"19/09/2014","4.6600","4.5000","4.6900","4.5000","14.49K","3.56%"
"18/09/2014","4.5000","4.5000","4.5000","4.4900","4.55K","0.00%"
"17/09/2014","4.5000","4.5000","4.5000","4.4500","3.17K","0.00%"
"16/09/2014","4.5000","4.4800","4.5000","4.4600","1.39K","0.00%"
"15/09/2014","4.5000","4.6300","4.6300","4.4200","3.65K","0.00%"
"12/09/2014","4.5000","4.5800","4.5800","4.5000","3.57K","-0.88%"
"11/09/2014","4.5400","4.5600","4.5600","4.5000","5.64K","-0.22%"
"10/09/2014","4.5500","4.5700","4.5700","4.4700","0.87K","-0.22%"
"09/09/2014","4.5600","4.6900","4.6900","4.4500","8.70K","-2.98%"
"08/09/2014","4.7000","4.7600","4.7600","4.6500","2.17K","2.84%"
"05/09/2014","4.5700","4.8000","4.8000","4.5700","1.90K","0.00%"
"04/09/2014","4.5700","4.7900","4.7900","4.5700","17.31K","-3.18%"
"03/09/2014","4.7200","4.7800","4.7800","4.5800","6.00K","1.51%"
"02/09/2014","4.6500","4.6900","4.7000","4.6000","1.66K","1.97%"
"01/09/2014","4.5600","4.7000","4.7000","4.5100","28.15K","-2.98%"