"Date","Price","Open","High","Low","Vol.","Change %"
"30/09/2025","0.810","0.810","0.810","0.794","20.09K","-1.22%"
"29/09/2025","0.820","0.820","0.820","0.798","0.19K","-0.73%"
"26/09/2025","0.826","0.820","0.826","0.820","3.67K","0.73%"
"25/09/2025","0.820","0.820","0.820","0.796","4.87K","0.00%"
"24/09/2025","0.820","0.794","0.820","0.794","0.14K","0.00%"
"23/09/2025","0.820","0.832","0.832","0.798","33.99K","-1.44%"
"22/09/2025","0.832","0.840","0.840","0.812","1.92K","-0.95%"
"19/09/2025","0.840","0.840","0.840","0.840","0.01K","0.72%"
"18/09/2025","0.834","0.846","0.846","0.820","7.52K","1.46%"
"17/09/2025","0.822","0.848","0.848","0.822","2.01K","-2.84%"
"16/09/2025","0.846","0.842","0.846","0.812","2.25K","0.24%"
"15/09/2025","0.844","0.834","0.844","0.834","1.56K","-0.47%"
"12/09/2025","0.848","0.848","0.848","0.848","0.01K","0.00%"
"11/09/2025","0.848","0.816","0.848","0.800","11.50K","0.00%"
"10/09/2025","0.848","0.876","0.876","0.828","10.02K","-3.20%"
"09/09/2025","0.876","0.876","0.876","0.876","0.54K","-0.23%"
"08/09/2025","0.878","0.860","0.878","0.860","2.85K","2.09%"
"05/09/2025","0.860","0.860","0.860","0.860","0.01K","0.00%"
"04/09/2025","0.860","0.876","0.876","0.848","1.33K","-1.83%"
"03/09/2025","0.876","0.876","0.876","0.876","0.01K","-0.45%"
"02/09/2025","0.880","0.880","0.880","0.844","5.93K","0.00%"
"01/09/2025","0.880","0.880","0.880","0.850","0.22K","0.00%"
"29/08/2025","0.880","0.880","0.880","0.880","0.01K","0.00%"
"28/08/2025","0.880","0.880","0.880","0.844","0.13K","-0.23%"
"27/08/2025","0.882","0.882","0.882","0.882","0.10K","0.00%"
"26/08/2025","0.882","0.854","0.882","0.844","16.82K","3.28%"
"25/08/2025","0.854","0.816","0.854","0.814","9.03K","1.43%"
"22/08/2025","0.842","0.812","0.842","0.812","0.01K","0.00%"
"21/08/2025","0.842","0.842","0.842","0.842","0.04K","0.00%"
"20/08/2025","0.842","0.840","0.842","0.812","3.22K","0.00%"
"19/08/2025","0.842","0.810","0.842","0.810","0.46K","-0.94%"
"18/08/2025","0.850","0.850","0.850","0.850","0.01K","0.00%"
"14/08/2025","0.850","0.856","0.856","0.850","0.87K","0.00%"
"13/08/2025","0.850","0.840","0.850","0.840","60.65K","1.19%"
"12/08/2025","0.840","0.810","0.840","0.810","5.94K","0.00%"
"11/08/2025","0.840","0.840","0.840","0.816","1.60K","0.00%"
"08/08/2025","0.840","0.850","0.850","0.816","0.25K","-0.71%"
"07/08/2025","0.846","0.830","0.846","0.810","6.42K","0.00%"
"06/08/2025","0.846","0.830","0.848","0.810","7.68K","-0.47%"
"05/08/2025","0.850","0.842","0.850","0.830","2.44K","0.00%"
"04/08/2025","0.850","0.850","0.850","0.846","5.22K","-0.47%"
"01/08/2025","0.854","0.854","0.854","0.842","0.04K","0.00%"
"31/07/2025","0.854","0.854","0.854","0.842","0.26K","0.00%"
"30/07/2025","0.854","0.856","0.856","0.850","1.09K","0.47%"
"29/07/2025","0.850","0.856","0.856","0.842","0.19K","0.00%"
"28/07/2025","0.850","0.850","0.850","0.850","2.13K","0.00%"
"25/07/2025","0.850","0.850","0.850","0.844","6.82K","-0.93%"
"24/07/2025","0.858","0.858","0.858","0.858","0.06K","0.00%"
"23/07/2025","0.858","0.850","0.860","0.844","2.13K","-0.23%"
"22/07/2025","0.860","0.860","0.860","0.860","0.01K","1.18%"
"21/07/2025","0.850","0.850","0.850","0.842","2.89K","-1.85%"
"18/07/2025","0.866","0.868","0.868","0.850","2.06K","-0.23%"
"17/07/2025","0.868","0.870","0.870","0.868","1.01K","-0.23%"
"16/07/2025","0.870","0.878","0.878","0.840","3.25K","-0.91%"
"15/07/2025","0.878","0.880","0.880","0.864","1.33K","0.00%"
"14/07/2025","0.878","0.880","0.880","0.864","0.14K","-0.23%"
"11/07/2025","0.880","0.888","0.888","0.864","2.15K","1.15%"
"10/07/2025","0.870","0.894","0.898","0.870","10.26K","-2.47%"
"09/07/2025","0.892","0.894","0.894","0.892","0.27K","-0.22%"
"08/07/2025","0.894","0.898","0.898","0.890","1.74K","-0.45%"
"07/07/2025","0.898","0.890","0.898","0.890","16.91K","0.90%"
"04/07/2025","0.890","0.862","0.890","0.862","3.07K","0.00%"
"03/07/2025","0.890","0.890","0.890","0.862","11.75K","0.00%"
"02/07/2025","0.890","0.866","0.890","0.852","19.10K","2.77%"
"01/07/2025","0.866","0.838","0.866","0.836","24.02K","3.34%"
"30/06/2025","0.838","0.830","0.838","0.820","0.22K","0.24%"
"27/06/2025","0.836","0.824","0.848","0.798","37.00K","-2.79%"
"26/06/2025","0.860","0.870","0.878","0.850","22.97K","-2.05%"
"25/06/2025","0.878","0.878","0.878","0.878","0.34K","0.00%"
"24/06/2025","0.878","0.878","0.880","0.870","152.55K","0.00%"
"23/06/2025","0.878","0.878","0.878","0.878","0.01K","0.00%"
"20/06/2025","0.878","0.878","0.878","0.878","0.01K","0.23%"
"18/06/2025","0.876","0.880","0.880","0.876","0.03K","-0.23%"
"17/06/2025","0.878","0.880","0.880","0.854","0.82K","-0.23%"
"16/06/2025","0.880","0.898","0.898","0.854","2.53K","0.23%"
"13/06/2025","0.878","0.880","0.880","0.860","1.46K","-0.23%"
"12/06/2025","0.880","0.880","0.880","0.880","0.01K","0.00%"
"11/06/2025","0.880","0.880","0.880","0.860","0.03K","-2.00%"
"10/06/2025","0.898","0.898","0.898","0.898","0.56K","0.00%"
"09/06/2025","0.898","0.874","0.898","0.870","51.32K","2.51%"
"06/06/2025","0.876","0.876","0.876","0.876","0.06K","0.00%"
"05/06/2025","0.876","0.868","0.876","0.834","2.72K","0.92%"
"04/06/2025","0.868","0.840","0.868","0.840","0.29K","0.70%"
"03/06/2025","0.862","0.868","0.880","0.842","25.42K","-0.69%"
"02/06/2025","0.868","0.898","0.898","0.864","1.57K","-3.34%"
"30/05/2025","0.898","0.898","0.898","0.866","2.00K","0.00%"
"29/05/2025","0.898","0.888","0.898","0.888","32.40K","0.90%"
"28/05/2025","0.890","0.890","0.890","0.890","0.05K","0.00%"
"27/05/2025","0.890","0.888","0.890","0.880","3.01K","0.00%"
"26/05/2025","0.890","0.840","0.890","0.840","15.30K","4.71%"
"23/05/2025","0.850","0.888","0.888","0.840","19.01K","-4.28%"
"22/05/2025","0.888","0.888","0.888","0.862","0.22K","0.00%"
"21/05/2025","0.888","0.888","0.888","0.866","0.68K","0.00%"
"20/05/2025","0.888","0.862","0.898","0.852","231.41K","-1.33%"
"19/05/2025","0.900","0.940","0.940","0.850","69.98K","-3.64%"
"16/05/2025","0.934","0.810","0.960","0.810","203.56K","15.31%"
"15/05/2025","0.810","0.810","0.810","0.794","3.27K","0.00%"
"14/05/2025","0.810","0.800","0.810","0.790","13.74K","1.25%"
"13/05/2025","0.800","0.808","0.808","0.780","6.32K","-1.23%"
"12/05/2025","0.810","0.826","0.826","0.790","10.29K","-2.17%"
"09/05/2025","0.828","0.814","0.828","0.814","20.66K","1.72%"
"08/05/2025","0.814","0.810","0.818","0.790","1.77K","0.49%"
"07/05/2025","0.810","0.800","0.820","0.794","15.44K","1.25%"
"06/05/2025","0.800","0.802","0.802","0.768","5.12K","-0.50%"
"05/05/2025","0.804","0.770","0.808","0.768","17.33K","0.50%"
"02/05/2025","0.800","0.780","0.808","0.780","2.21K","2.56%"
"30/04/2025","0.780","0.772","0.806","0.766","14.39K","-5.80%"
"29/04/2025","0.828","0.810","0.828","0.752","59.12K","-1.43%"
"28/04/2025","0.840","0.746","0.840","0.746","31.91K","12.90%"
"25/04/2025","0.744","0.778","0.778","0.744","0.04K","-3.38%"
"24/04/2025","0.770","0.790","0.790","0.740","49.58K","-2.78%"
"23/04/2025","0.792","0.746","0.812","0.746","19.36K","6.45%"
"22/04/2025","0.744","0.784","0.784","0.740","15.25K","-5.10%"
"17/04/2025","0.784","0.784","0.784","0.784","0.01K","0.51%"
"16/04/2025","0.780","0.770","0.784","0.742","18.71K","-0.51%"
"15/04/2025","0.784","0.780","0.804","0.740","24.05K","-2.00%"
"14/04/2025","0.800","0.814","0.814","0.780","3.03K","-2.20%"
"11/04/2025","0.818","0.776","0.818","0.772","22.93K","5.14%"
"10/04/2025","0.778","0.776","0.820","0.750","37.53K","5.14%"
"09/04/2025","0.740","0.770","0.774","0.718","40.16K","-4.39%"
"08/04/2025","0.774","0.718","0.774","0.718","8.26K","7.80%"
"07/04/2025","0.718","0.730","0.730","0.700","75.54K","-2.97%"
"04/04/2025","0.740","0.776","0.776","0.730","11.60K","-4.64%"
"03/04/2025","0.776","0.778","0.778","0.776","0.06K","-0.51%"
"02/04/2025","0.780","0.788","0.788","0.750","13.71K","-1.02%"
"01/04/2025","0.788","0.772","0.788","0.750","6.76K","0.00%"
"31/03/2025","0.788","0.788","0.788","0.770","1.44K","0.00%"
"28/03/2025","0.788","0.788","0.788","0.788","0.09K","-0.25%"
"27/03/2025","0.790","0.780","0.790","0.768","9.47K","1.28%"
"26/03/2025","0.780","0.800","0.800","0.780","0.10K","-2.50%"
"25/03/2025","0.800","0.808","0.808","0.770","7.82K","-0.99%"
"24/03/2025","0.808","0.800","0.812","0.800","0.03K","-0.49%"
"21/03/2025","0.812","0.818","0.818","0.782","54.26K","-0.98%"
"20/03/2025","0.820","0.820","0.820","0.820","4.01K","0.00%"
"19/03/2025","0.820","0.806","0.828","0.804","7.60K","-0.97%"
"18/03/2025","0.828","0.818","0.828","0.800","21.39K","0.98%"
"17/03/2025","0.820","0.794","0.820","0.782","21.60K","0.00%"
"14/03/2025","0.820","0.770","0.820","0.770","13.88K","6.49%"
"13/03/2025","0.770","0.790","0.790","0.768","2.16K","-2.53%"
"12/03/2025","0.790","0.768","0.790","0.750","19.79K","3.13%"
"11/03/2025","0.766","0.760","0.766","0.750","12.50K","-1.79%"
"10/03/2025","0.780","0.808","0.808","0.760","18.44K","-2.26%"
"07/03/2025","0.798","0.802","0.802","0.790","31.09K","-2.44%"
"06/03/2025","0.818","0.810","0.818","0.810","1.16K","3.54%"
"05/03/2025","0.790","0.800","0.810","0.790","1.19K","-1.25%"
"04/03/2025","0.800","0.808","0.808","0.800","1.59K","-2.20%"
"03/03/2025","0.818","0.820","0.820","0.800","4.50K","-0.24%"
"28/02/2025","0.820","0.830","0.830","0.800","5.42K","-1.20%"
"27/02/2025","0.830","0.838","0.838","0.830","4.58K","-0.95%"
"26/02/2025","0.838","0.840","0.852","0.818","15.56K","-1.64%"
"25/02/2025","0.852","0.860","0.860","0.836","7.47K","-0.93%"
"24/02/2025","0.860","0.860","0.860","0.840","3.61K","0.00%"
"21/02/2025","0.860","0.862","0.862","0.838","0.75K","0.00%"
"20/02/2025","0.860","0.866","0.866","0.840","3.02K","0.00%"
"19/02/2025","0.860","0.836","0.866","0.820","54.86K","2.63%"
"18/02/2025","0.838","0.840","0.840","0.822","6.66K","-0.24%"
"17/02/2025","0.840","0.836","0.840","0.824","5.17K","0.48%"
"14/02/2025","0.836","0.846","0.846","0.820","3.24K","-0.71%"
"13/02/2025","0.842","0.826","0.856","0.820","15.25K","-1.41%"
"12/02/2025","0.854","0.850","0.860","0.824","24.65K","0.47%"
"11/02/2025","0.850","0.852","0.852","0.822","0.50K","-0.47%"
"10/02/2025","0.854","0.840","0.880","0.818","53.59K","1.67%"
"07/02/2025","0.840","0.802","0.840","0.802","4.65K","0.48%"
"06/02/2025","0.836","0.818","0.846","0.770","53.36K","0.72%"
"05/02/2025","0.830","0.846","0.846","0.818","1.09K","-1.89%"
"04/02/2025","0.846","0.814","0.846","0.814","1.25K","0.00%"
"03/02/2025","0.846","0.868","0.868","0.846","0.34K","-0.24%"
"31/01/2025","0.848","0.850","0.876","0.824","10.14K","0.00%"
"30/01/2025","0.848","0.824","0.848","0.814","6.99K","2.66%"
"29/01/2025","0.826","0.820","0.826","0.814","5.90K","0.24%"
"28/01/2025","0.824","0.824","0.824","0.824","0.01K","-0.48%"
"27/01/2025","0.828","0.826","0.828","0.826","0.91K","0.00%"
"24/01/2025","0.828","0.828","0.828","0.810","4.70K","0.00%"
"23/01/2025","0.828","0.834","0.834","0.804","4.60K","-0.96%"
"22/01/2025","0.836","0.828","0.836","0.814","1.70K","-0.24%"
"21/01/2025","0.838","0.838","0.838","0.838","0.01K","-0.48%"
"20/01/2025","0.842","0.840","0.866","0.814","3.40K","0.48%"
"17/01/2025","0.838","0.840","0.840","0.838","0.29K","-0.24%"
"16/01/2025","0.840","0.856","0.876","0.820","7.94K","-1.87%"
"15/01/2025","0.856","0.860","0.860","0.828","3.76K","-0.47%"
"14/01/2025","0.860","0.840","0.860","0.840","1.26K","-1.83%"
"13/01/2025","0.876","0.874","0.880","0.814","10.82K","0.00%"
"10/01/2025","0.876","0.812","0.880","0.812","18.18K","3.06%"
"09/01/2025","0.850","0.796","0.850","0.796","36.68K","7.32%"
"08/01/2025","0.792","0.780","0.794","0.752","14.94K","1.54%"
"07/01/2025","0.780","0.764","0.800","0.748","7.63K","1.83%"
"03/01/2025","0.766","0.754","0.766","0.754","5.51K","1.59%"
"02/01/2025","0.754","0.730","0.754","0.720","2.64K","3.29%"
"30/12/2024","0.730","0.722","0.748","0.710","15.51K","-2.41%"
"27/12/2024","0.748","0.748","0.748","0.720","4.47K","3.03%"
"23/12/2024","0.726","0.744","0.756","0.720","51.75K","-4.47%"
"20/12/2024","0.760","0.772","0.778","0.742","30.63K","-1.30%"
"19/12/2024","0.770","0.780","0.780","0.770","34.19K","-1.28%"
"18/12/2024","0.780","0.782","0.794","0.772","43.39K","-0.51%"
"17/12/2024","0.784","0.800","0.800","0.784","19.17K","-3.21%"
"16/12/2024","0.810","0.810","0.810","0.800","0.99K","1.25%"
"13/12/2024","0.800","0.810","0.810","0.782","2.08K","-1.23%"
"12/12/2024","0.810","0.770","0.812","0.770","45.31K","5.19%"
"11/12/2024","0.770","0.748","0.776","0.740","45.19K","4.05%"
"10/12/2024","0.740","0.730","0.740","0.730","4.05K","0.00%"
"09/12/2024","0.740","0.754","0.760","0.730","46.13K","-2.12%"
"06/12/2024","0.756","0.756","0.756","0.754","2.51K","-0.26%"
"05/12/2024","0.758","0.760","0.760","0.738","26.64K","-0.79%"
"04/12/2024","0.764","0.762","0.768","0.750","129.89K","-1.80%"
"03/12/2024","0.778","0.762","0.778","0.762","1.07K","-0.26%"
"02/12/2024","0.780","0.784","0.784","0.780","0.15K","0.52%"
"29/11/2024","0.776","0.776","0.776","0.776","2.00K","1.04%"
"28/11/2024","0.768","0.766","0.770","0.750","4.93K","0.26%"
"27/11/2024","0.766","0.730","0.768","0.730","7.36K","-0.26%"
"26/11/2024","0.768","0.788","0.788","0.730","48.15K","0.79%"
"25/11/2024","0.762","0.828","0.828","0.762","24.48K","-4.51%"
"22/11/2024","0.798","0.808","0.808","0.760","0.49K","-0.25%"
"21/11/2024","0.800","0.802","0.806","0.756","47.27K","0.00%"
"20/11/2024","0.800","0.800","0.808","0.750","90.00K","0.00%"
"19/11/2024","0.800","0.778","0.800","0.770","7.88K","3.09%"
"18/11/2024","0.776","0.800","0.820","0.750","46.09K","-7.18%"
"15/11/2024","0.836","0.850","0.850","0.800","11.17K","-1.65%"
"14/11/2024","0.850","0.940","0.940","0.780","81.66K","-10.53%"
"13/11/2024","0.950","0.960","0.960","0.920","24.96K","-1.04%"
"12/11/2024","0.960","0.980","0.980","0.940","18.92K","-0.41%"
"08/11/2024","0.964","0.988","0.988","0.964","7.34K","-2.43%"
"07/11/2024","0.988","0.982","0.988","0.952","8.46K","0.82%"
"06/11/2024","0.980","0.980","0.980","0.980","0.21K","2.08%"
"05/11/2024","0.960","0.982","0.982","0.950","4.21K","-2.83%"
"04/11/2024","0.988","0.964","0.988","0.940","31.97K","0.82%"
"31/10/2024","0.980","0.986","0.986","0.944","1.42K","-0.81%"
"30/10/2024","0.988","0.990","0.990","0.942","3.91K","-0.20%"
"29/10/2024","0.990","0.984","0.990","0.940","35.31K","0.61%"
"28/10/2024","0.984","0.988","0.988","0.970","7.80K","-0.40%"
"25/10/2024","0.988","0.990","0.990","0.976","13.49K","-0.20%"
"24/10/2024","0.990","0.980","0.990","0.980","19.50K","0.00%"
"23/10/2024","0.990","0.990","0.990","0.980","5.26K","-1.00%"
"22/10/2024","1.000","1.000","1.000","1.000","0.02K","0.00%"
"21/10/2024","1.000","0.990","1.000","0.980","8.50K","0.00%"
"18/10/2024","1.000","0.990","1.000","0.990","3.66K","0.00%"
"17/10/2024","1.000","1.020","1.020","0.990","6.82K","-2.91%"
"16/10/2024","1.030","1.010","1.030","1.000","2.75K","1.98%"
"15/10/2024","1.010","1.050","1.050","1.000","19.56K","-3.81%"
"14/10/2024","1.050","1.055","1.055","1.010","10.19K","0.00%"
"11/10/2024","1.050","1.050","1.050","1.050","0.01K","-0.47%"
"10/10/2024","1.055","1.005","1.055","1.005","0.03K","0.00%"
"09/10/2024","1.055","1.040","1.055","1.040","1.83K","0.00%"
"08/10/2024","1.055","1.055","1.055","1.055","0.02K","0.48%"
"07/10/2024","1.050","1.055","1.055","1.050","0.04K","0.96%"
"04/10/2024","1.040","1.010","1.040","1.010","2.62K","0.00%"
"03/10/2024","1.040","1.045","1.045","1.010","1.81K","0.00%"
"02/10/2024","1.040","1.035","1.075","1.000","53.04K","0.97%"
"01/10/2024","1.030","1.055","1.105","1.030","8.77K","-2.37%"
"30/09/2024","1.055","1.120","1.120","1.050","12.04K","-5.80%"
"27/09/2024","1.120","1.110","1.120","1.105","6.92K","1.82%"
"26/09/2024","1.100","1.120","1.120","1.070","14.37K","-0.90%"
"25/09/2024","1.110","1.125","1.125","1.070","1.04K","-1.33%"
"24/09/2024","1.125","1.115","1.130","1.105","2.43K","-1.32%"
"23/09/2024","1.140","1.135","1.150","1.070","48.77K","3.64%"
"20/09/2024","1.100","1.080","1.100","1.080","21.89K","1.85%"
"19/09/2024","1.080","1.085","1.085","1.080","12.33K","0.00%"
"18/09/2024","1.080","1.045","1.080","1.045","0.04K","3.35%"
"17/09/2024","1.045","1.090","1.090","1.035","17.53K","-4.13%"
"16/09/2024","1.090","1.060","1.090","1.045","49.05K","4.31%"
"13/09/2024","1.045","1.030","1.045","1.030","0.86K","0.48%"
"12/09/2024","1.040","1.040","1.040","1.010","9.41K","0.00%"
"11/09/2024","1.040","1.040","1.050","1.000","24.69K","0.97%"
"10/09/2024","1.030","0.982","1.030","0.982","12.42K","1.98%"
"09/09/2024","1.010","1.000","1.010","0.998","13.16K","1.00%"
"06/09/2024","1.000","1.000","1.000","0.980","2.13K","0.00%"
"05/09/2024","1.000","0.960","1.010","0.960","55.34K","0.40%"
"04/09/2024","0.996","0.960","1.000","0.960","12.99K","-0.90%"
"03/09/2024","1.005","1.005","1.005","0.980","12.69K","0.00%"
"02/09/2024","1.005","1.000","1.010","0.960","28.58K","0.50%"
"30/08/2024","1.000","1.010","1.010","0.992","9.38K","0.00%"
"29/08/2024","1.000","0.990","1.010","0.990","2.67K","1.01%"
"28/08/2024","0.990","1.030","1.030","0.990","1.10K","-2.94%"
"27/08/2024","1.020","0.990","1.020","0.980","16.70K","2.00%"
"26/08/2024","1.000","1.020","1.030","0.980","29.15K","-1.96%"
"23/08/2024","1.020","1.025","1.025","1.000","5.83K","-0.97%"
"22/08/2024","1.030","1.010","1.050","0.998","69.40K","-3.74%"
"21/08/2024","1.070","1.050","1.070","1.020","3.69K","4.90%"
"20/08/2024","1.020","1.035","1.065","1.020","17.65K","-4.67%"
"19/08/2024","1.070","1.080","1.080","1.070","3.20K","-1.38%"
"16/08/2024","1.085","1.045","1.085","1.025","28.13K","3.83%"
"14/08/2024","1.045","1.045","1.045","1.000","2.51K","0.00%"
"13/08/2024","1.045","1.070","1.070","1.000","61.55K","-4.57%"
"12/08/2024","1.095","1.120","1.120","1.040","28.68K","-2.67%"
"09/08/2024","1.125","1.125","1.125","1.075","1.23K","1.35%"
"08/08/2024","1.110","1.125","1.125","1.110","2.50K","-1.77%"
"07/08/2024","1.130","1.100","1.135","1.100","13.03K","2.73%"
"06/08/2024","1.100","1.050","1.100","1.040","17.78K","0.00%"
"05/08/2024","1.100","1.060","1.100","1.040","32.21K","-2.65%"
"02/08/2024","1.130","1.135","1.135","1.080","1.82K","1.80%"
"01/08/2024","1.110","1.100","1.110","1.085","4.48K","-0.89%"
"31/07/2024","1.120","1.140","1.140","1.110","6.72K","0.90%"
"30/07/2024","1.110","1.085","1.110","1.080","33.56K","-2.63%"
"29/07/2024","1.140","1.150","1.150","1.100","28.86K","1.79%"
"26/07/2024","1.120","1.155","1.155","1.110","5.32K","-0.88%"
"25/07/2024","1.130","1.155","1.155","1.115","10.73K","-2.59%"
"24/07/2024","1.160","1.180","1.180","1.130","10.02K","-1.69%"
"23/07/2024","1.180","1.180","1.180","1.150","4.97K","0.00%"
"22/07/2024","1.180","1.145","1.180","1.145","0.11K","0.85%"
"19/07/2024","1.170","1.170","1.170","1.140","0.86K","-0.85%"
"18/07/2024","1.180","1.140","1.180","1.140","0.02K","0.00%"
"17/07/2024","1.180","1.160","1.180","1.140","9.70K","0.00%"
"16/07/2024","1.180","1.160","1.180","1.160","0.33K","0.00%"
"15/07/2024","1.180","1.195","1.195","1.160","4.18K","-0.84%"
"12/07/2024","1.190","1.195","1.195","1.190","1.66K","0.85%"
"11/07/2024","1.180","1.180","1.180","1.150","8.27K","0.00%"
"10/07/2024","1.180","1.175","1.200","1.145","65.78K","1.72%"
"09/07/2024","1.160","1.160","1.160","1.125","1.73K","0.00%"
"08/07/2024","1.160","1.120","1.160","1.120","21.73K","3.11%"
"05/07/2024","1.125","1.085","1.130","1.085","8.08K","-0.44%"
"04/07/2024","1.130","1.125","1.130","1.100","4.12K","2.73%"
"03/07/2024","1.100","1.150","1.150","1.075","22.17K","-3.93%"
"02/07/2024","1.145","1.125","1.160","1.120","22.03K","1.78%"
"01/07/2024","1.125","1.125","1.125","1.090","23.23K","-0.44%"
"28/06/2024","1.130","1.110","1.130","1.095","1.20K","1.80%"
"27/06/2024","1.110","1.110","1.110","1.080","13.42K","0.00%"
"26/06/2024","1.110","1.130","1.130","1.050","89.05K","-1.77%"
"25/06/2024","1.130","1.135","1.140","1.070","60.18K","0.00%"
"24/06/2024","1.130","1.150","1.150","1.130","1.90K","-1.31%"
"21/06/2024","1.145","1.150","1.150","1.135","0.14K","-0.43%"
"20/06/2024","1.150","1.150","1.160","1.150","2.28K","0.00%"
"19/06/2024","1.150","1.150","1.150","1.140","5.64K","-0.86%"
"18/06/2024","1.160","1.165","1.165","1.140","5.02K","-0.43%"
"17/06/2024","1.165","1.160","1.165","1.160","1.01K","1.30%"
"14/06/2024","1.150","1.130","1.150","1.130","6.73K","-1.29%"
"13/06/2024","1.165","1.130","1.165","1.130","1.44K","0.43%"
"12/06/2024","1.160","1.145","1.160","1.140","5.73K","-0.43%"
"11/06/2024","1.165","1.170","1.170","1.165","2.12K","-0.43%"
"10/06/2024","1.170","1.140","1.170","1.140","14.10K","2.18%"
"07/06/2024","1.145","1.165","1.180","1.140","7.80K","-1.72%"
"06/06/2024","1.165","1.165","1.165","1.150","2.62K","0.00%"
"05/06/2024","1.165","1.155","1.165","1.155","26.30K","0.00%"
"04/06/2024","1.165","1.165","1.165","1.165","0.38K","0.00%"
"03/06/2024","1.165","1.165","1.165","1.150","4.29K","-0.85%"
"31/05/2024","1.175","1.175","1.175","1.125","10.33K","-0.42%"
"29/05/2024","1.180","1.180","1.180","1.120","62.76K","0.00%"
"28/05/2024","1.180","1.180","1.180","1.180","0.01K","0.00%"
"27/05/2024","1.180","1.180","1.180","1.150","3.02K","0.00%"
"24/05/2024","1.180","1.190","1.190","1.150","21.61K","-0.84%"
"23/05/2024","1.190","1.190","1.190","1.160","4.46K","0.00%"
"22/05/2024","1.190","1.180","1.190","1.160","8.26K","0.85%"
"21/05/2024","1.180","1.200","1.200","1.165","26.95K","-0.84%"
"20/05/2024","1.190","1.190","1.190","1.160","13.71K","-0.42%"
"17/05/2024","1.195","1.200","1.200","1.160","4.19K","-0.42%"
"16/05/2024","1.200","1.200","1.200","1.155","10.52K","0.00%"
"15/05/2024","1.200","1.190","1.200","1.170","34.41K","0.84%"
"14/05/2024","1.190","1.180","1.190","1.165","8.11K","0.85%"
"13/05/2024","1.180","1.160","1.180","1.160","3.12K","1.72%"
"10/05/2024","1.160","1.175","1.180","1.160","8.65K","-1.28%"
"09/05/2024","1.175","1.160","1.175","1.145","5.42K","0.00%"
"08/05/2024","1.175","1.155","1.180","1.155","50.25K","-2.49%"
"07/05/2024","1.205","1.190","1.205","1.190","4.00K","-0.82%"
"06/05/2024","1.215","1.200","1.215","1.200","1.05K","1.25%"
"02/05/2024","1.200","1.195","1.200","1.195","0.36K","0.42%"
"30/04/2024","1.195","1.205","1.205","1.195","0.20K","-0.83%"
"29/04/2024","1.205","1.210","1.210","1.180","14.12K","0.42%"
"26/04/2024","1.200","1.200","1.200","1.200","0.10K","0.00%"
"25/04/2024","1.200","1.200","1.200","1.180","7.30K","-1.64%"
"24/04/2024","1.220","1.190","1.220","1.150","23.90K","2.52%"
"23/04/2024","1.190","1.180","1.190","1.170","4.17K","-0.83%"
"22/04/2024","1.200","1.200","1.220","1.150","43.71K","0.00%"
"19/04/2024","1.200","1.210","1.210","1.200","1.95K","-0.83%"
"18/04/2024","1.210","1.220","1.220","1.195","16.95K","0.00%"
"17/04/2024","1.210","1.220","1.220","1.190","10.10K","-2.42%"
"16/04/2024","1.240","1.220","1.240","1.210","3.18K","0.00%"
"15/04/2024","1.240","1.245","1.245","1.200","48.17K","-2.36%"
"12/04/2024","1.270","1.260","1.270","1.240","4.91K","0.00%"
"11/04/2024","1.270","1.260","1.280","1.220","14.34K","-0.78%"
"10/04/2024","1.280","1.285","1.300","1.270","8.33K","-1.54%"
"09/04/2024","1.300","1.310","1.340","1.300","10.54K","0.00%"
"08/04/2024","1.300","1.285","1.300","1.285","22.26K","1.17%"
"05/04/2024","1.285","1.290","1.290","1.255","8.36K","-0.77%"
"04/04/2024","1.295","1.260","1.295","1.215","39.10K","4.44%"
"03/04/2024","1.240","1.230","1.240","1.210","34.83K","1.64%"
"02/04/2024","1.220","1.230","1.230","1.200","14.45K","-0.81%"
"28/03/2024","1.230","1.230","1.230","1.230","0.04K","0.00%"
"27/03/2024","1.230","1.210","1.230","1.180","15.98K","-1.60%"
"26/03/2024","1.250","1.200","1.250","1.200","10.04K","1.63%"
"25/03/2024","1.230","1.210","1.230","1.210","2.44K","1.65%"
"22/03/2024","1.210","1.210","1.210","1.200","1.59K","-0.82%"
"21/03/2024","1.220","1.210","1.230","1.210","1.16K","1.67%"
"20/03/2024","1.200","1.190","1.200","1.190","1.67K","0.00%"
"19/03/2024","1.200","1.210","1.210","1.170","0.48K","0.84%"
"18/03/2024","1.190","1.220","1.230","1.190","5.38K","-2.46%"
"15/03/2024","1.220","1.210","1.220","1.200","5.90K","0.83%"
"14/03/2024","1.210","1.200","1.210","1.190","6.12K","0.83%"
"13/03/2024","1.200","1.190","1.200","1.190","10.01K","0.84%"
"12/03/2024","1.190","1.200","1.200","1.130","47.24K","-2.46%"
"11/03/2024","1.220","1.250","1.250","1.190","2.96K","-0.81%"
"08/03/2024","1.230","1.230","1.230","1.200","0.27K","0.00%"
"07/03/2024","1.230","1.230","1.240","1.200","19.50K","0.82%"
"06/03/2024","1.220","1.220","1.230","1.170","23.28K","-2.40%"
"05/03/2024","1.250","1.270","1.270","1.200","4.39K","-0.79%"
"04/03/2024","1.260","1.250","1.260","1.230","3.52K","0.80%"
"01/03/2024","1.250","1.290","1.300","1.200","19.87K","-3.10%"
"29/02/2024","1.290","1.290","1.290","1.290","1.01K","0.00%"
"28/02/2024","1.290","1.280","1.290","1.270","6.25K","-0.77%"
"27/02/2024","1.300","1.300","1.300","1.280","0.71K","0.00%"
"26/02/2024","1.300","1.310","1.310","1.290","2.07K","0.00%"
"23/02/2024","1.300","1.280","1.310","1.270","19.87K","2.36%"
"22/02/2024","1.270","1.290","1.290","1.250","62.74K","-3.05%"
"21/02/2024","1.310","1.290","1.310","1.280","7.85K","1.55%"
"20/02/2024","1.290","1.300","1.300","1.290","10.20K","-3.01%"
"19/02/2024","1.330","1.350","1.350","1.300","17.37K","-1.48%"
"16/02/2024","1.350","1.340","1.360","1.320","8.88K","0.75%"
"15/02/2024","1.340","1.340","1.340","1.310","18.87K","0.00%"
"14/02/2024","1.340","1.330","1.340","1.300","6.60K","2.29%"
"13/02/2024","1.310","1.300","1.310","1.300","84.09K","-2.24%"
"12/02/2024","1.340","1.320","1.340","1.300","10.45K","-0.74%"
"09/02/2024","1.350","1.350","1.370","1.320","14.89K","-0.74%"
"08/02/2024","1.360","1.340","1.360","1.320","16.03K","0.00%"
"07/02/2024","1.360","1.350","1.390","1.350","31.20K","1.49%"
"06/02/2024","1.340","1.340","1.340","1.320","18.35K","-0.74%"
"05/02/2024","1.350","1.360","1.360","1.340","9.97K","-0.74%"
"02/02/2024","1.360","1.360","1.410","1.360","20.01K","-1.45%"
"01/02/2024","1.380","1.350","1.380","1.350","6.16K","1.47%"
"31/01/2024","1.360","1.400","1.400","1.350","17.96K","-3.55%"
"30/01/2024","1.410","1.310","1.440","1.300","90.87K","6.82%"
"29/01/2024","1.320","1.320","1.320","1.310","1.49K","-1.49%"
"26/01/2024","1.340","1.300","1.340","1.300","8.18K","0.00%"
"25/01/2024","1.340","1.330","1.340","1.330","0.21K","0.75%"
"24/01/2024","1.330","1.360","1.370","1.310","33.01K","-2.92%"
"23/01/2024","1.370","1.310","1.380","1.310","47.66K","3.79%"
"22/01/2024","1.320","1.290","1.320","1.290","730.00K","-0.75%"
"19/01/2024","1.330","1.280","1.330","1.280","6.30K","2.31%"
"18/01/2024","1.300","1.310","1.310","1.280","1.31K","-0.76%"
"17/01/2024","1.310","1.320","1.320","1.280","3.32K","-1.50%"
"16/01/2024","1.330","1.290","1.330","1.290","20.50K","3.91%"
"15/01/2024","1.280","1.290","1.290","1.260","15.21K","-0.78%"
"12/01/2024","1.290","1.280","1.290","1.270","5.86K","0.78%"
"11/01/2024","1.280","1.280","1.280","1.250","4.18K","0.00%"
"10/01/2024","1.280","1.260","1.280","1.260","20.24K","0.79%"
"09/01/2024","1.270","1.270","1.270","1.270","0.42K","0.00%"
"08/01/2024","1.270","1.280","1.290","1.250","21.83K","0.00%"
"05/01/2024","1.270","1.280","1.280","1.240","12.80K","0.00%"
"04/01/2024","1.270","1.270","1.270","1.250","21.36K","0.79%"
"03/01/2024","1.260","1.270","1.270","1.230","4.47K","-0.79%"
"02/01/2024","1.270","1.280","1.280","1.230","40.22K","-0.78%"
"29/12/2023","1.280","1.280","1.290","1.250","16.66K","0.00%"
"28/12/2023","1.280","1.260","1.290","1.250","49.58K","2.40%"
"27/12/2023","1.250","1.230","1.270","1.210","117.33K","5.04%"
"22/12/2023","1.190","1.210","1.230","1.180","31.57K","-3.25%"
"21/12/2023","1.230","1.230","1.230","1.230","2.81K","0.00%"
"20/12/2023","1.230","1.250","1.250","1.210","74.88K","2.50%"
"19/12/2023","1.200","1.170","1.200","1.170","8.60K","0.84%"
"18/12/2023","1.190","1.200","1.200","1.170","3.27K","-0.83%"
"15/12/2023","1.200","1.210","1.210","1.170","6.78K","0.00%"
"14/12/2023","1.200","1.220","1.230","1.180","31.56K","-1.64%"
"13/12/2023","1.220","1.220","1.220","1.210","12.05K","0.00%"
"12/12/2023","1.220","1.200","1.230","1.200","18.50K","1.67%"
"11/12/2023","1.200","1.170","1.200","1.170","5.66K","0.84%"
"08/12/2023","1.190","1.180","1.190","1.170","2.85K","0.85%"
"07/12/2023","1.180","1.180","1.180","1.160","1.03K","0.00%"
"06/12/2023","1.180","1.140","1.180","1.140","43.31K","1.72%"
"05/12/2023","1.160","1.140","1.160","1.140","1.04K","0.00%"
"04/12/2023","1.160","1.180","1.180","1.140","2.87K","-0.85%"
"01/12/2023","1.170","1.180","1.180","1.140","0.40K","0.00%"
"30/11/2023","1.170","1.180","1.180","1.160","2.10K","-0.85%"
"29/11/2023","1.180","1.170","1.180","1.120","27.06K","0.85%"
"28/11/2023","1.170","1.170","1.170","1.140","4.54K","0.00%"
"27/11/2023","1.170","1.120","1.180","1.120","7.38K","3.54%"
"24/11/2023","1.130","1.150","1.160","1.120","34.82K","-3.42%"
"23/11/2023","1.170","1.170","1.170","1.150","19.84K","-1.68%"
"22/11/2023","1.190","1.170","1.190","1.160","7.27K","0.85%"
"21/11/2023","1.180","1.180","1.180","1.170","2.43K","0.00%"
"20/11/2023","1.180","1.210","1.230","1.160","20.86K","-2.48%"
"17/11/2023","1.210","1.210","1.210","1.190","5.57K","-0.82%"
"16/11/2023","1.220","1.230","1.230","1.200","2.53K","0.00%"
"15/11/2023","1.220","1.220","1.230","1.200","5.64K","-0.81%"
"14/11/2023","1.230","1.220","1.230","1.220","0.21K","0.00%"
"13/11/2023","1.230","1.210","1.230","1.210","6.23K","2.50%"
"10/11/2023","1.200","1.200","1.200","1.190","2.76K","-0.83%"
"09/11/2023","1.210","1.220","1.220","1.200","0.67K","-0.82%"
"08/11/2023","1.220","1.220","1.220","1.220","1.39K","0.83%"
"07/11/2023","1.210","1.200","1.240","1.190","11.96K","0.83%"
"06/11/2023","1.200","1.170","1.200","1.160","9.07K","0.00%"
"03/11/2023","1.200","1.180","1.200","1.160","18.09K","0.00%"
"02/11/2023","1.200","1.230","1.230","1.150","52.46K","-2.44%"
"31/10/2023","1.230","1.230","1.240","1.200","8.35K","0.00%"
"30/10/2023","1.230","1.220","1.230","1.180","6.13K","0.82%"
"27/10/2023","1.220","1.210","1.220","1.200","1.00K","0.83%"
"26/10/2023","1.210","1.230","1.230","1.210","6.62K","-1.63%"
"25/10/2023","1.230","1.190","1.230","1.180","11.22K","2.50%"
"24/10/2023","1.200","1.190","1.200","1.190","3.25K","0.00%"
"23/10/2023","1.200","1.200","1.200","1.190","5.08K","-0.83%"
"20/10/2023","1.210","1.210","1.210","1.200","6.12K","-1.63%"
"19/10/2023","1.230","1.210","1.230","1.210","0.51K","0.82%"
"18/10/2023","1.220","1.220","1.220","1.220","21.00K","-1.61%"
"17/10/2023","1.240","1.240","1.240","1.210","2.12K","0.00%"
"16/10/2023","1.240","1.230","1.240","1.230","5.69K","0.81%"
"13/10/2023","1.230","1.220","1.230","1.150","2.12K","0.82%"
"12/10/2023","1.220","1.170","1.220","1.170","4.07K","1.67%"
"11/10/2023","1.200","1.170","1.200","1.170","0.02K","0.00%"
"10/10/2023","1.200","1.170","1.200","1.170","6.88K","2.56%"
"09/10/2023","1.170","1.180","1.180","1.170","0.22K","-0.85%"
"06/10/2023","1.180","1.200","1.230","1.150","30.88K","-2.48%"
"05/10/2023","1.210","1.200","1.210","1.160","9.79K","-0.82%"
"04/10/2023","1.220","1.180","1.230","1.160","22.16K","-1.61%"
"03/10/2023","1.240","1.200","1.240","1.180","13.43K","0.00%"
"02/10/2023","1.240","1.240","1.240","1.240","0.01K","-0.80%"
"29/09/2023","1.250","1.170","1.250","1.170","3.09K","0.81%"
"28/09/2023","1.240","1.230","1.240","1.150","21.54K","-3.88%"
"27/09/2023","1.290","1.290","1.290","1.290","1.10K","0.00%"
"26/09/2023","1.290","1.250","1.290","1.250","7.27K","-0.77%"
"25/09/2023","1.300","1.290","1.300","1.290","1.91K","0.78%"
"22/09/2023","1.290","1.230","1.300","1.230","61.28K","-3.01%"
"21/09/2023","1.330","1.310","1.330","1.290","3.34K","0.00%"
"20/09/2023","1.330","1.340","1.340","1.300","5.96K","-0.75%"
"19/09/2023","1.340","1.340","1.340","1.310","5.00K","0.75%"
"18/09/2023","1.330","1.360","1.360","1.300","19.41K","-2.21%"
"15/09/2023","1.360","1.360","1.360","1.360","0.10K","1.49%"
"14/09/2023","1.340","1.340","1.340","1.320","5.30K","0.00%"
"13/09/2023","1.340","1.340","1.340","1.320","0.54K","0.00%"
"12/09/2023","1.340","1.330","1.340","1.320","5.08K","0.00%"
"11/09/2023","1.340","1.380","1.380","1.300","31.47K","-2.90%"
"08/09/2023","1.380","1.380","1.380","1.350","2.78K","0.00%"
"07/09/2023","1.380","1.380","1.380","1.360","3.54K","0.00%"
"06/09/2023","1.380","1.380","1.380","1.380","0.10K","-0.72%"
"05/09/2023","1.390","1.360","1.390","1.320","28.03K","2.21%"
"04/09/2023","1.360","1.340","1.360","1.280","24.84K","0.74%"
"01/09/2023","1.350","1.380","1.380","1.310","32.44K","-2.88%"
"31/08/2023","1.390","1.390","1.390","1.360","19.79K","0.00%"
"30/08/2023","1.390","1.370","1.390","1.360","10.59K","-2.11%"
"29/08/2023","1.420","1.420","1.420","1.420","0.10K","0.00%"
"28/08/2023","1.420","1.400","1.420","1.400","2.01K","2.90%"
"25/08/2023","1.380","1.350","1.380","1.350","2.90K","0.00%"
"24/08/2023","1.380","1.380","1.380","1.350","8.13K","-0.72%"
"23/08/2023","1.390","1.390","1.390","1.390","2.99K","0.00%"
"22/08/2023","1.390","1.380","1.390","1.380","1.89K","0.72%"
"21/08/2023","1.380","1.400","1.400","1.350","20.47K","-1.43%"
"18/08/2023","1.400","1.380","1.400","1.350","31.15K","-1.41%"
"17/08/2023","1.420","1.390","1.420","1.350","71.81K","0.00%"
"16/08/2023","1.420","1.440","1.440","1.390","11.99K","-2.07%"
"14/08/2023","1.450","1.480","1.480","1.400","32.10K","-2.68%"
"11/08/2023","1.490","1.520","1.520","1.450","7.12K","-1.97%"
"10/08/2023","1.520","1.480","1.520","1.450","8.72K","2.01%"
"09/08/2023","1.490","1.450","1.510","1.450","20.78K","-1.32%"
"08/08/2023","1.510","1.460","1.510","1.460","20.18K","0.67%"
"07/08/2023","1.500","1.500","1.500","1.440","26.50K","0.00%"
"04/08/2023","1.500","1.570","1.570","1.460","51.80K","-2.60%"
"03/08/2023","1.540","1.370","1.550","1.370","221.33K","14.07%"
"02/08/2023","1.350","1.350","1.350","1.320","7.43K","-1.46%"
"01/08/2023","1.370","1.330","1.390","1.330","32.87K","3.79%"
"31/07/2023","1.320","1.340","1.370","1.320","20.85K","-2.94%"
"28/07/2023","1.360","1.340","1.360","1.340","1.52K","-0.73%"
"27/07/2023","1.370","1.370","1.370","1.350","7.03K","0.00%"
"26/07/2023","1.370","1.370","1.370","1.350","11.97K","0.00%"
"25/07/2023","1.370","1.380","1.380","1.350","7.10K","0.00%"
"24/07/2023","1.370","1.350","1.370","1.350","10.10K","-0.72%"
"21/07/2023","1.380","1.380","1.380","1.350","18.02K","0.00%"
"20/07/2023","1.380","1.380","1.380","1.350","0.53K","0.00%"
"19/07/2023","1.380","1.370","1.390","1.350","77.59K","0.73%"
"18/07/2023","1.370","1.400","1.400","1.350","18.17K","-1.44%"
"17/07/2023","1.390","1.400","1.400","1.350","18.05K","-0.71%"
"14/07/2023","1.400","1.400","1.400","1.350","3.07K","0.00%"
"13/07/2023","1.400","1.380","1.400","1.350","5.01K","0.00%"
"12/07/2023","1.400","1.370","1.400","1.350","20.41K","2.19%"
"11/07/2023","1.370","1.400","1.400","1.330","35.26K","-2.14%"
"10/07/2023","1.400","1.420","1.420","1.380","17.76K","-1.41%"
"07/07/2023","1.420","1.390","1.430","1.380","10.03K","2.16%"
"06/07/2023","1.390","1.390","1.390","1.390","0.87K","-0.71%"
"05/07/2023","1.400","1.390","1.400","1.360","12.15K","0.00%"
"04/07/2023","1.400","1.420","1.440","1.390","19.24K","-0.71%"
"03/07/2023","1.410","1.410","1.410","1.360","11.77K","1.44%"
"30/06/2023","1.390","1.360","1.390","1.330","1.28K","1.46%"
"29/06/2023","1.370","1.310","1.370","1.300","33.39K","0.74%"
"28/06/2023","1.360","1.360","1.360","1.360","0.01K","0.00%"
"27/06/2023","1.360","1.380","1.380","1.340","3.85K","-2.16%"
"26/06/2023","1.390","1.400","1.400","1.360","26.98K","-0.71%"
"23/06/2023","1.400","1.400","1.410","1.390","6.98K","0.72%"
"22/06/2023","1.390","1.380","1.390","1.380","1.50K","-1.42%"
"21/06/2023","1.410","1.400","1.410","1.380","6.00K","0.71%"
"20/06/2023","1.400","1.400","1.410","1.400","3.21K","0.00%"
"19/06/2023","1.400","1.400","1.400","1.390","7.23K","0.00%"
"16/06/2023","1.400","1.400","1.400","1.380","2.84K","0.00%"
"15/06/2023","1.400","1.370","1.400","1.370","7.37K","0.00%"
"14/06/2023","1.400","1.380","1.400","1.350","20.13K","2.19%"
"13/06/2023","1.370","1.350","1.370","1.340","35.39K","0.00%"
"12/06/2023","1.370","1.370","1.370","1.330","6.38K","0.00%"
"09/06/2023","1.370","1.360","1.370","1.340","12.87K","1.48%"
"07/06/2023","1.350","1.340","1.360","1.330","30.88K","0.75%"
"05/06/2023","1.340","1.330","1.340","1.320","6.51K","0.75%"
"02/06/2023","1.330","1.330","1.330","1.330","2.00K","-0.75%"
"01/06/2023","1.340","1.310","1.340","1.310","2.50K","0.75%"
"31/05/2023","1.330","1.310","1.330","1.310","6.55K","0.76%"
"30/05/2023","1.320","1.310","1.320","1.310","21.52K","1.54%"
"29/05/2023","1.300","1.310","1.340","1.300","6.07K","-2.99%"
"26/05/2023","1.340","1.320","1.340","1.320","0.55K","1.52%"
"25/05/2023","1.320","1.300","1.320","1.300","2.57K","0.00%"
"24/05/2023","1.320","1.320","1.320","1.300","7.90K","0.00%"
"23/05/2023","1.320","1.320","1.320","1.300","39.00K","0.00%"
"22/05/2023","1.320","1.320","1.340","1.320","5.32K","-1.49%"
"19/05/2023","1.340","1.330","1.340","1.300","24.04K","0.75%"
"18/05/2023","1.330","1.320","1.330","1.290","15.51K","0.76%"
"17/05/2023","1.320","1.330","1.350","1.270","56.91K","-3.65%"
"16/05/2023","1.370","1.400","1.400","1.340","6.16K","-2.84%"
"15/05/2023","1.410","1.420","1.460","1.350","25.96K","0.00%"
"12/05/2023","1.410","1.380","1.430","1.360","43.46K","6.82%"
"11/05/2023","1.320","1.290","1.320","1.290","14.72K","0.76%"
"10/05/2023","1.310","1.320","1.390","1.280","58.41K","-0.76%"
"09/05/2023","1.320","1.290","1.320","1.290","21.93K","1.54%"
"08/05/2023","1.300","1.320","1.320","1.290","3.12K","-0.76%"
"05/05/2023","1.310","1.280","1.310","1.240","13.02K","1.55%"
"04/05/2023","1.290","1.260","1.300","1.260","18.68K","-1.53%"
"02/05/2023","1.310","1.310","1.310","1.240","15.75K","-0.76%"
"28/04/2023","1.320","1.370","1.370","1.320","12.15K","-1.49%"
"27/04/2023","1.340","1.300","1.340","1.300","1.88K","3.08%"
"26/04/2023","1.300","1.350","1.350","1.270","29.44K","-1.52%"
"25/04/2023","1.320","1.320","1.330","1.290","8.29K","-0.75%"
"24/04/2023","1.330","1.350","1.370","1.270","54.22K","-2.92%"
"21/04/2023","1.370","1.380","1.380","1.350","8.30K","-0.72%"
"20/04/2023","1.380","1.390","1.390","1.350","4.30K","2.22%"
"19/04/2023","1.350","1.390","1.390","1.340","3.60K","-2.88%"
"18/04/2023","1.390","1.365","1.400","1.340","24.54K","-0.71%"
"17/04/2023","1.400","1.400","1.420","1.350","13.45K","-2.78%"
"14/04/2023","1.440","1.455","1.455","1.400","8.90K","-3.68%"
"13/04/2023","1.495","1.500","1.510","1.470","5.33K","0.00%"
"12/04/2023","1.495","1.450","1.500","1.400","46.99K","9.12%"
"11/04/2023","1.370","1.320","1.440","1.300","40.67K","3.40%"
"06/04/2023","1.325","1.285","1.335","1.285","14.16K","1.53%"
"05/04/2023","1.305","1.290","1.305","1.275","6.02K","-1.14%"
"04/04/2023","1.320","1.340","1.340","1.300","8.76K","-1.49%"
"03/04/2023","1.340","1.345","1.345","1.310","6.11K","0.00%"
"31/03/2023","1.340","1.300","1.340","1.300","17.09K","3.08%"
"30/03/2023","1.300","1.285","1.330","1.285","41.91K","-1.52%"
"29/03/2023","1.320","1.350","1.355","1.250","70.56K","-4.35%"
"28/03/2023","1.380","1.355","1.380","1.345","10.35K","1.47%"
"27/03/2023","1.360","1.400","1.410","1.355","25.05K","-2.16%"
"24/03/2023","1.390","1.400","1.400","1.355","35.64K","-2.11%"
"23/03/2023","1.420","1.430","1.430","1.380","15.26K","-3.40%"
"22/03/2023","1.470","1.485","1.485","1.470","1.84K","-1.01%"
"21/03/2023","1.485","1.420","1.485","1.420","8.59K","2.41%"
"20/03/2023","1.450","1.530","1.530","1.440","21.12K","-4.92%"
"17/03/2023","1.525","1.495","1.545","1.480","11.67K","-0.33%"
"16/03/2023","1.530","1.510","1.550","1.500","125.85K","2.00%"
"15/03/2023","1.500","1.360","1.530","1.360","260.41K","10.70%"
"14/03/2023","1.355","1.340","1.370","1.325","109.92K","3.83%"
"13/03/2023","1.305","1.370","1.370","1.285","50.78K","-0.38%"
"10/03/2023","1.310","1.300","1.335","1.270","179.39K","3.15%"
"09/03/2023","1.270","1.250","1.290","1.225","151.57K","2.42%"
"08/03/2023","1.240","1.240","1.240","1.225","6.09K","0.00%"
"07/03/2023","1.240","1.225","1.240","1.220","22.59K","-0.40%"
"06/03/2023","1.245","1.270","1.280","1.220","19.70K","-2.73%"
"03/03/2023","1.280","1.255","1.280","1.220","25.63K","1.59%"
"02/03/2023","1.260","1.240","1.260","1.220","16.52K","0.00%"
"01/03/2023","1.260","1.250","1.270","1.240","35.61K","-1.56%"
"28/02/2023","1.280","1.290","1.290","1.250","5.67K","0.00%"
"27/02/2023","1.280","1.300","1.300","1.270","16.99K","-1.16%"
"24/02/2023","1.295","1.280","1.300","1.225","31.10K","1.17%"
"23/02/2023","1.280","1.280","1.280","1.280","0.10K","2.40%"
"22/02/2023","1.250","1.240","1.280","1.225","12.76K","0.81%"
"21/02/2023","1.240","1.240","1.240","1.240","0.15K","0.00%"
"20/02/2023","1.240","1.250","1.250","1.225","7.23K","-0.80%"
"17/02/2023","1.250","1.230","1.250","1.230","5.07K","1.63%"
"16/02/2023","1.230","1.260","1.260","1.230","26.81K","-4.28%"
"15/02/2023","1.285","1.260","1.300","1.250","27.48K","1.98%"
"14/02/2023","1.260","1.250","1.260","1.230","9.06K","0.80%"
"13/02/2023","1.250","1.270","1.270","1.230","15.93K","-0.79%"
"10/02/2023","1.260","1.270","1.270","1.230","0.73K","-1.56%"
"09/02/2023","1.280","1.235","1.280","1.230","6.32K","3.23%"
"08/02/2023","1.240","1.290","1.290","1.240","3.21K","-2.36%"
"07/02/2023","1.270","1.320","1.320","1.250","21.48K","-3.79%"
"06/02/2023","1.320","1.340","1.340","1.275","19.51K","-1.49%"
"03/02/2023","1.340","1.270","1.340","1.270","38.44K","5.51%"
"02/02/2023","1.270","1.255","1.270","1.230","3.71K","1.60%"
"01/02/2023","1.250","1.255","1.255","1.250","0.58K","0.00%"
"31/01/2023","1.250","1.230","1.250","1.220","7.20K","0.00%"
"30/01/2023","1.250","1.260","1.260","1.205","11.07K","-1.57%"
"27/01/2023","1.270","1.275","1.275","1.240","3.66K","-0.78%"
"26/01/2023","1.280","1.270","1.280","1.260","5.99K","0.79%"
"25/01/2023","1.270","1.270","1.270","1.270","0.02K","0.79%"
"24/01/2023","1.260","1.230","1.270","1.230","3.75K","2.44%"
"23/01/2023","1.230","1.240","1.240","1.230","10.55K","-3.15%"
"20/01/2023","1.270","1.235","1.270","1.235","0.37K","0.00%"
"19/01/2023","1.270","1.235","1.270","1.235","0.11K","-0.39%"
"18/01/2023","1.275","1.280","1.280","1.240","8.36K","1.19%"
"17/01/2023","1.260","1.280","1.285","1.230","24.61K","-1.56%"
"16/01/2023","1.280","1.260","1.280","1.230","55.96K","2.40%"
"13/01/2023","1.250","1.240","1.260","1.230","21.83K","4.17%"
"12/01/2023","1.200","1.205","1.230","1.190","30.17K","-1.64%"
"11/01/2023","1.220","1.195","1.220","1.195","6.02K","-0.41%"
"10/01/2023","1.225","1.190","1.225","1.190","21.42K","-0.41%"
"09/01/2023","1.230","1.210","1.240","1.200","35.95K","-0.40%"
"05/01/2023","1.235","1.250","1.250","1.190","23.72K","-0.80%"
"04/01/2023","1.245","1.250","1.250","1.205","4.07K","-0.40%"
"03/01/2023","1.250","1.230","1.250","1.230","3.54K","1.63%"
"02/01/2023","1.230","1.250","1.250","1.190","2.21K","0.41%"
"30/12/2022","1.225","1.200","1.225","1.200","2.40K","0.00%"
"29/12/2022","1.225","1.230","1.230","1.185","0.10K","2.08%"
"28/12/2022","1.200","1.250","1.250","1.200","3.80K","-0.83%"
"27/12/2022","1.210","1.250","1.250","1.210","1.33K","-3.20%"
"23/12/2022","1.250","1.250","1.250","1.205","0.19K","-0.40%"
"22/12/2022","1.255","1.255","1.255","1.205","0.17K","0.00%"
"21/12/2022","1.255","1.230","1.255","1.190","2.71K","0.00%"
"20/12/2022","1.255","1.230","1.255","1.190","18.49K","2.03%"
"19/12/2022","1.230","1.240","1.240","1.190","0.17K","-0.40%"
"16/12/2022","1.235","1.230","1.235","1.190","9.60K","0.00%"
"15/12/2022","1.235","1.240","1.240","1.235","0.26K","0.00%"
"14/12/2022","1.235","1.240","1.240","1.200","0.12K","-0.40%"
"13/12/2022","1.240","1.250","1.250","1.200","2.08K","0.81%"
"12/12/2022","1.230","1.240","1.240","1.200","0.42K","-0.81%"
"09/12/2022","1.240","1.235","1.240","1.230","4.02K","0.40%"
"08/12/2022","1.235","1.210","1.235","1.180","16.18K","2.07%"
"07/12/2022","1.210","1.210","1.210","1.210","0.10K","0.00%"
"06/12/2022","1.210","1.250","1.250","1.170","100.00K","-3.20%"
"05/12/2022","1.250","1.220","1.255","1.220","4.38K","-0.40%"
"02/12/2022","1.255","1.260","1.260","1.240","2.50K","-0.40%"
"01/12/2022","1.260","1.250","1.260","1.200","6.01K","0.80%"
"30/11/2022","1.250","1.250","1.250","1.250","100.00K","0.00%"
"29/11/2022","1.250","1.250","1.250","1.210","3.40K","-0.79%"
"28/11/2022","1.260","1.260","1.260","1.260","0.10K","0.00%"
"25/11/2022","1.260","1.260","1.260","1.200","12.12K","0.00%"
"24/11/2022","1.260","1.260","1.270","1.260","11.00K","0.00%"
"23/11/2022","1.260","1.270","1.270","1.220","0.68K","-0.79%"
"22/11/2022","1.270","1.270","1.270","1.270","0.01K","0.79%"
"21/11/2022","1.260","1.260","1.260","1.225","3.20K","0.00%"
"18/11/2022","1.260","1.260","1.260","1.210","1.31K","-0.40%"
"17/11/2022","1.265","1.255","1.265","1.220","6.82K","0.80%"
"16/11/2022","1.255","1.260","1.260","1.215","1.02K","-0.40%"
"15/11/2022","1.260","1.270","1.270","1.260","0.41K","1.61%"
"14/11/2022","1.240","1.260","1.270","1.210","13.31K","-1.59%"
"10/11/2022","1.260","1.250","1.260","1.225","6.73K","0.80%"
"09/11/2022","1.250","1.250","1.250","1.210","29.09K","0.00%"
"08/11/2022","1.250","1.230","1.250","1.210","2.29K","1.63%"
"07/11/2022","1.230","1.230","1.230","1.230","2.70K","0.82%"
"04/11/2022","1.220","1.180","1.220","1.170","30.26K","2.09%"
"03/11/2022","1.195","1.150","1.200","1.150","5.99K","-0.42%"
"02/11/2022","1.200","1.200","1.200","1.200","0.60K","0.00%"
"31/10/2022","1.200","1.150","1.200","1.150","1.57K","0.00%"
"28/10/2022","1.200","1.200","1.200","1.200","0.25K","0.00%"
"27/10/2022","1.200","1.180","1.200","1.180","0.47K","1.69%"
"26/10/2022","1.180","1.200","1.200","1.180","1.78K","0.00%"
"25/10/2022","1.180","1.170","1.180","1.170","3.43K","0.85%"
"24/10/2022","1.170","1.150","1.170","1.150","0.17K","0.00%"
"21/10/2022","1.170","1.180","1.180","1.150","24.31K","-1.68%"
"20/10/2022","1.190","1.190","1.190","1.190","0.01K","1.71%"
"19/10/2022","1.170","1.170","1.170","1.150","8.50K","-1.68%"
"18/10/2022","1.190","1.190","1.190","1.190","0.01K","0.00%"
"17/10/2022","1.190","1.190","1.190","1.190","0.01K","0.00%"
"14/10/2022","1.190","1.170","1.190","1.170","1.67K","1.71%"
"13/10/2022","1.170","1.180","1.190","1.170","3.13K","-0.85%"
"12/10/2022","1.180","1.170","1.180","1.170","5.23K","0.00%"
"11/10/2022","1.180","1.170","1.180","1.160","8.64K","0.85%"
"10/10/2022","1.170","1.160","1.170","1.145","4.10K","0.00%"
"07/10/2022","1.170","1.175","1.175","1.160","0.91K","3.08%"
"06/10/2022","1.135","1.170","1.170","1.135","9.11K","-4.62%"
"05/10/2022","1.190","1.180","1.190","1.170","3.46K","0.85%"
"04/10/2022","1.180","1.155","1.180","1.150","16.26K","2.16%"
"03/10/2022","1.155","1.155","1.155","1.140","9.21K","0.00%"
"30/09/2022","1.155","1.125","1.155","1.125","4.58K","2.67%"
"29/09/2022","1.125","1.105","1.125","1.090","3.01K","-1.75%"
"28/09/2022","1.145","1.100","1.145","1.100","11.12K","-0.43%"
"27/09/2022","1.150","1.145","1.150","1.140","1.02K","0.44%"
"26/09/2022","1.145","1.105","1.145","1.100","10.50K","-0.87%"
"23/09/2022","1.155","1.105","1.155","1.105","1.51K","0.00%"
"22/09/2022","1.155","1.110","1.155","1.105","1.51K","-0.43%"
"21/09/2022","1.160","1.090","1.160","1.085","23.02K","0.43%"
"20/09/2022","1.155","1.165","1.165","1.100","22.73K","0.00%"
"19/09/2022","1.155","1.160","1.160","1.155","0.14K","-0.86%"
"16/09/2022","1.165","1.140","1.165","1.130","5.94K","-1.69%"
"15/09/2022","1.185","1.195","1.195","1.150","4.02K","-0.84%"
"14/09/2022","1.195","1.210","1.210","1.145","17.30K","-1.24%"
"13/09/2022","1.210","1.220","1.220","1.190","6.74K","-0.82%"
"12/09/2022","1.220","1.225","1.225","1.190","7.52K","-0.81%"
"09/09/2022","1.230","1.240","1.240","1.190","4.02K","1.65%"
"08/09/2022","1.210","1.210","1.245","1.200","14.11K","-1.63%"
"07/09/2022","1.230","1.230","1.280","1.180","28.02K","0.00%"
"06/09/2022","1.230","1.230","1.230","1.180","1.19K","0.00%"
"05/09/2022","1.230","1.230","1.230","1.230","0.64K","0.00%"
"02/09/2022","1.230","1.275","1.275","1.200","33.66K","-4.28%"
"01/09/2022","1.285","1.285","1.285","1.285","0.01K","0.78%"
"31/08/2022","1.275","1.275","1.275","1.275","0.01K","-0.39%"
"30/08/2022","1.280","1.280","1.280","1.250","1.17K","-0.78%"
"29/08/2022","1.290","1.290","1.290","1.280","2.01K","0.00%"
"26/08/2022","1.290","1.250","1.290","1.250","0.26K","0.00%"
"25/08/2022","1.290","1.285","1.290","1.285","1.12K","3.20%"
"24/08/2022","1.250","1.300","1.300","1.250","2.49K","-1.57%"
"23/08/2022","1.270","1.305","1.305","1.250","6.78K","-2.68%"
"22/08/2022","1.305","1.340","1.340","1.305","0.20K","-0.38%"
"19/08/2022","1.310","1.240","1.310","1.240","0.11K","3.15%"
"18/08/2022","1.270","1.340","1.340","1.270","1.61K","-3.79%"
"17/08/2022","1.320","1.340","1.340","1.270","1.31K","-1.49%"
"16/08/2022","1.340","1.340","1.340","1.300","7.89K","0.00%"
"12/08/2022","1.340","1.340","1.340","1.340","2.87K","0.00%"
"11/08/2022","1.340","1.280","1.345","1.280","11.78K","4.69%"
"10/08/2022","1.280","1.260","1.280","1.260","16.15K","1.59%"
"09/08/2022","1.260","1.260","1.265","1.220","10.96K","-0.40%"
"08/08/2022","1.265","1.230","1.265","1.230","10.48K","3.27%"
"05/08/2022","1.225","1.230","1.230","1.205","2.06K","0.00%"
"04/08/2022","1.225","1.230","1.230","1.205","3.23K","-0.41%"
"03/08/2022","1.230","1.230","1.240","1.220","2.12K","-0.81%"
"02/08/2022","1.240","1.230","1.240","1.210","15.11K","0.00%"
"01/08/2022","1.240","1.260","1.260","1.230","1.02K","-1.59%"
"29/07/2022","1.260","1.260","1.260","1.220","0.34K","0.00%"
"28/07/2022","1.260","1.260","1.260","1.260","0.10K","-0.40%"
"27/07/2022","1.265","1.250","1.265","1.250","2.65K","-1.17%"
"26/07/2022","1.280","1.280","1.280","1.280","0.01K","1.59%"
"25/07/2022","1.260","1.260","1.260","1.260","3.62K","5.00%"
"22/07/2022","1.200","1.250","1.260","1.200","31.12K","-9.09%"
"21/07/2022","1.320","1.320","1.320","1.320","0.01K","3.13%"
"20/07/2022","1.280","1.345","1.345","1.250","22.02K","-4.48%"
"19/07/2022","1.340","1.340","1.340","1.340","2.43K","0.00%"
"18/07/2022","1.340","1.320","1.340","1.270","2.30K","1.52%"
"15/07/2022","1.320","1.230","1.350","1.230","52.19K","6.88%"
"14/07/2022","1.235","1.235","1.235","1.235","0.01K","1.23%"
"13/07/2022","1.220","1.235","1.235","1.220","0.11K","-1.21%"
"12/07/2022","1.235","1.170","1.240","1.170","3.83K","2.07%"
"11/07/2022","1.210","1.155","1.240","1.155","12.21K","0.00%"
"08/07/2022","1.210","1.145","1.210","1.145","6.62K","0.00%"
"07/07/2022","1.210","1.210","1.210","1.210","0.01K","0.00%"
"06/07/2022","1.210","1.210","1.210","1.210","0.01K","-0.41%"
"05/07/2022","1.215","1.215","1.215","1.215","0.01K","0.00%"
"04/07/2022","1.215","1.215","1.215","1.210","0.14K","0.00%"
"01/07/2022","1.215","1.215","1.215","1.210","0.21K","0.00%"
"30/06/2022","1.215","1.195","1.215","1.195","2.61K","1.67%"
"29/06/2022","1.195","1.195","1.195","1.145","0.04K","0.00%"
"28/06/2022","1.195","1.135","1.195","1.135","3.10K","0.00%"
"27/06/2022","1.195","1.195","1.195","1.195","1.25K","0.00%"
"24/06/2022","1.195","1.190","1.195","1.190","1.90K","0.42%"
"23/06/2022","1.190","1.185","1.190","1.185","3.38K","0.42%"
"22/06/2022","1.185","1.185","1.185","1.185","1.00K","0.00%"
"21/06/2022","1.185","1.180","1.185","1.180","0.24K","0.00%"
"20/06/2022","1.185","1.185","1.185","1.185","0.01K","0.00%"
"17/06/2022","1.185","1.185","1.185","1.150","0.56K","0.00%"
"15/06/2022","1.185","1.185","1.185","1.160","0.36K","0.00%"
"14/06/2022","1.185","1.185","1.185","1.185","0.01K","0.00%"
"13/06/2022","1.185","1.160","1.195","1.135","14.73K","-1.25%"
"10/06/2022","1.200","1.160","1.200","1.160","11.96K","1.27%"
"09/06/2022","1.185","1.160","1.185","1.155","11.79K","1.28%"
"08/06/2022","1.170","1.170","1.170","1.170","0.01K","0.00%"
"07/06/2022","1.170","1.195","1.195","1.125","8.94K","-2.90%"
"06/06/2022","1.205","1.165","1.205","1.165","17.19K","-0.82%"
"03/06/2022","1.215","1.215","1.215","1.215","0.00K","-2.02%"
"02/06/2022","1.240","1.240","1.240","1.240","0.00K","2.48%"
"01/06/2022","1.210","1.170","1.210","1.130","8.55K","-2.42%"
"31/05/2022","1.240","1.150","1.240","1.150","7.65K","7.83%"
"30/05/2022","1.150","1.135","1.150","1.135","15.96K","1.32%"
"27/05/2022","1.135","1.140","1.140","1.090","14.83K","0.89%"
"26/05/2022","1.125","1.135","1.135","1.120","2.52K","-0.88%"
"25/05/2022","1.135","1.145","1.145","1.100","27.24K","-0.44%"
"24/05/2022","1.140","1.145","1.145","1.100","12.41K","-0.44%"
"23/05/2022","1.145","1.140","1.145","1.100","20.98K","3.15%"
"20/05/2022","1.110","1.140","1.140","1.100","31.33K","-2.63%"
"19/05/2022","1.140","1.150","1.170","1.100","31.65K","-2.56%"
"18/05/2022","1.170","1.200","1.200","1.150","10.09K","-2.50%"
"17/05/2022","1.200","1.235","1.240","1.200","8.87K","-2.83%"
"16/05/2022","1.235","1.225","1.235","1.210","11.40K","2.49%"
"13/05/2022","1.205","1.160","1.205","1.160","4.93K","3.88%"
"12/05/2022","1.160","1.120","1.160","1.100","46.60K","-2.52%"
"11/05/2022","1.190","1.190","1.190","1.190","0.10K","0.00%"
"10/05/2022","1.190","1.150","1.190","1.120","19.11K","3.48%"
"09/05/2022","1.150","1.135","1.200","1.135","38.52K","-8.73%"
"06/05/2022","1.260","1.260","1.260","1.210","16.51K","0.00%"
"05/05/2022","1.260","1.265","1.265","1.230","10.51K","-0.40%"
"04/05/2022","1.265","1.315","1.315","1.240","8.09K","-1.17%"
"02/05/2022","1.280","1.315","1.315","1.225","5.30K","0.00%"
"29/04/2022","1.280","1.255","1.280","1.250","3.62K","-0.78%"
"28/04/2022","1.290","1.270","1.320","1.255","3.47K","0.78%"
"27/04/2022","1.280","1.370","1.370","1.250","8.16K","-3.76%"
"26/04/2022","1.330","1.280","1.370","1.230","25.65K","1.53%"
"25/04/2022","1.310","1.330","1.330","1.290","15.60K","-3.68%"
"22/04/2022","1.360","1.340","1.380","1.340","14.00K","1.49%"
"21/04/2022","1.340","1.340","1.340","1.335","1.25K","0.00%"
"20/04/2022","1.340","1.270","1.380","1.270","28.93K","1.52%"
"19/04/2022","1.320","1.300","1.320","1.280","2.36K","0.00%"
"14/04/2022","1.320","1.320","1.320","1.280","1.65K","0.00%"
"13/04/2022","1.320","1.330","1.380","1.320","22.06K","1.54%"
"12/04/2022","1.300","1.300","1.300","1.260","6.06K","-2.26%"
"11/04/2022","1.330","1.270","1.330","1.215","39.84K","4.72%"
"08/04/2022","1.270","1.250","1.270","1.250","2.50K","0.40%"
"07/04/2022","1.265","1.280","1.280","1.245","2.11K","-1.56%"
"06/04/2022","1.285","1.290","1.290","1.250","2.68K","-0.39%"
"05/04/2022","1.290","1.250","1.290","1.250","0.16K","-0.77%"
"04/04/2022","1.300","1.300","1.300","1.300","0.01K","1.96%"
"01/04/2022","1.275","1.275","1.275","1.240","1.22K","-1.92%"
"31/03/2022","1.300","1.240","1.300","1.215","2.89K","4.84%"
"30/03/2022","1.240","1.215","1.250","1.210","19.05K","2.90%"
"29/03/2022","1.205","1.250","1.250","1.205","9.22K","-3.60%"
"28/03/2022","1.250","1.250","1.250","1.205","3.81K","0.00%"
"25/03/2022","1.250","1.250","1.250","1.250","0.10K","0.00%"
"24/03/2022","1.250","1.250","1.260","1.210","6.68K","-1.57%"
"23/03/2022","1.270","1.260","1.270","1.205","11.23K","0.79%"
"22/03/2022","1.260","1.240","1.260","1.240","5.76K","1.61%"
"21/03/2022","1.240","1.230","1.240","1.220","6.85K","0.81%"
"18/03/2022","1.230","1.200","1.230","1.200","3.01K","0.82%"
"17/03/2022","1.220","1.240","1.240","1.200","7.91K","-1.61%"
"16/03/2022","1.240","1.200","1.245","1.180","29.19K","2.48%"
"15/03/2022","1.210","1.220","1.220","1.160","3.80K","0.00%"
"14/03/2022","1.210","1.240","1.240","1.160","4.01K","-2.42%"
"11/03/2022","1.240","1.185","1.240","1.150","27.98K","4.20%"
"10/03/2022","1.190","1.140","1.190","1.140","10.82K","8.18%"
"09/03/2022","1.100","1.170","1.170","1.100","10.36K","-4.35%"
"08/03/2022","1.150","1.155","1.160","1.100","17.27K","0.00%"
"07/03/2022","1.150","1.170","1.170","1.080","36.09K","-0.86%"
"04/03/2022","1.160","1.170","1.170","1.120","10.55K","-0.85%"
"03/03/2022","1.170","1.190","1.190","1.095","42.27K","-0.85%"
"02/03/2022","1.180","1.145","1.200","1.100","51.61K","-1.67%"
"01/03/2022","1.200","1.170","1.210","1.140","18.83K","-0.83%"
"28/02/2022","1.210","1.220","1.220","1.165","8.72K","-1.22%"
"25/02/2022","1.225","1.150","1.230","1.125","43.57K","6.52%"
"24/02/2022","1.150","1.300","1.300","1.090","70.91K","-14.81%"
"23/02/2022","1.350","1.400","1.400","1.345","5.01K","-2.17%"
"22/02/2022","1.380","1.325","1.390","1.325","9.18K","0.00%"
"21/02/2022","1.380","1.400","1.400","1.350","15.16K","-2.82%"
"18/02/2022","1.420","1.450","1.450","1.390","10.55K","-2.74%"
"17/02/2022","1.460","1.400","1.460","1.400","3.76K","-0.68%"
"16/02/2022","1.470","1.440","1.500","1.440","8.06K","-2.65%"
"15/02/2022","1.510","1.510","1.510","1.510","0.02K","0.00%"
"14/02/2022","1.510","1.510","1.510","1.510","0.01K","-0.66%"
"11/02/2022","1.520","1.490","1.520","1.490","6.00K","2.01%"
"10/02/2022","1.490","1.490","1.490","1.470","2.52K","1.36%"
"09/02/2022","1.470","1.420","1.470","1.420","2.46K","0.00%"
"08/02/2022","1.470","1.420","1.470","1.405","3.49K","-1.34%"
"07/02/2022","1.490","1.490","1.490","1.420","3.36K","0.34%"
"04/02/2022","1.485","1.490","1.490","1.400","15.35K","-0.34%"
"03/02/2022","1.490","1.490","1.490","1.470","10.30K","1.36%"
"02/02/2022","1.470","1.490","1.490","1.460","3.57K","-0.68%"
"01/02/2022","1.480","1.490","1.490","1.465","7.34K","-1.33%"
"31/01/2022","1.500","1.500","1.500","1.500","0.01K","4.90%"
"28/01/2022","1.430","1.450","1.450","1.360","24.82K","-4.03%"
"27/01/2022","1.490","1.470","1.490","1.470","0.58K","-0.67%"
"26/01/2022","1.500","1.500","1.500","1.500","0.37K","0.00%"
"25/01/2022","1.500","1.530","1.530","1.470","8.50K","2.04%"
"24/01/2022","1.470","1.500","1.500","1.400","36.41K","-3.29%"
"21/01/2022","1.520","1.510","1.520","1.490","57.83K","-0.65%"
"20/01/2022","1.530","1.510","1.530","1.510","6.05K","2.00%"
"19/01/2022","1.500","1.510","1.520","1.500","22.12K","1.35%"
"18/01/2022","1.480","1.460","1.500","1.460","18.16K","-1.33%"
"17/01/2022","1.500","1.495","1.500","1.465","14.30K","0.00%"
"14/01/2022","1.500","1.450","1.500","1.450","3.87K","0.00%"
"13/01/2022","1.500","1.460","1.500","1.450","10.71K","2.04%"
"12/01/2022","1.470","1.500","1.500","1.440","18.95K","-3.29%"
"11/01/2022","1.520","1.490","1.530","1.490","81.24K","2.01%"
"10/01/2022","1.490","1.450","1.495","1.445","206.43K","4.20%"
"07/01/2022","1.430","1.410","1.470","1.405","28.99K","1.42%"
"05/01/2022","1.410","1.365","1.410","1.360","10.35K","2.92%"
"04/01/2022","1.370","1.375","1.375","1.330","2.05K","0.00%"
"03/01/2022","1.370","1.430","1.430","1.320","15.21K","2.24%"
"30/12/2021","1.340","1.400","1.400","1.340","13.65K","-6.29%"
"29/12/2021","1.430","1.460","1.460","1.390","17.85K","1.06%"
"28/12/2021","1.415","1.275","1.415","1.275","53.75K","8.02%"
"27/12/2021","1.310","1.300","1.350","1.275","254.81K","-0.76%"
"23/12/2021","1.320","1.325","1.330","1.300","37.98K","-2.22%"
"22/12/2021","1.350","1.330","1.350","1.325","10.31K","-0.74%"
"21/12/2021","1.360","1.380","1.380","1.330","16.05K","0.00%"
"20/12/2021","1.360","1.385","1.385","1.360","9.64K","-1.09%"
"17/12/2021","1.375","1.385","1.385","1.350","2.40K","-0.36%"
"16/12/2021","1.380","1.385","1.385","1.315","16.62K","2.99%"
"15/12/2021","1.340","1.415","1.415","1.310","32.35K","-3.94%"
"14/12/2021","1.395","1.400","1.410","1.380","12.72K","-0.36%"
"13/12/2021","1.400","1.420","1.430","1.385","3.67K","-1.41%"
"10/12/2021","1.420","1.410","1.450","1.400","11.78K","0.71%"
"09/12/2021","1.410","1.410","1.410","1.380","2.04K","0.00%"
"08/12/2021","1.410","1.380","1.410","1.380","7.45K","2.17%"
"07/12/2021","1.380","1.410","1.410","1.350","12.29K","-2.13%"
"06/12/2021","1.410","1.400","1.410","1.360","0.04K","0.71%"
"03/12/2021","1.400","1.410","1.410","1.365","13.86K","-0.71%"
"02/12/2021","1.410","1.380","1.410","1.370","6.67K","0.71%"
"01/12/2021","1.400","1.350","1.400","1.350","4.45K","-1.41%"
"30/11/2021","1.420","1.400","1.440","1.340","26.88K","-3.40%"
"29/11/2021","1.470","1.440","1.470","1.320","36.81K","2.08%"
"26/11/2021","1.440","1.530","1.550","1.400","50.08K","-8.28%"
"25/11/2021","1.570","1.620","1.620","1.550","18.07K","-3.09%"
"24/11/2021","1.620","1.585","1.620","1.530","23.20K","-1.82%"
"23/11/2021","1.650","1.700","1.700","1.585","6.73K","0.00%"
"22/11/2021","1.650","1.600","1.650","1.585","17.21K","2.48%"
"19/11/2021","1.610","1.765","1.765","1.590","111.46K","-8.78%"
"18/11/2021","1.765","1.765","1.765","1.765","0.10K","0.00%"
"17/11/2021","1.765","1.715","1.780","1.705","8.60K","-1.12%"
"16/11/2021","1.785","1.730","1.785","1.710","3.99K","0.85%"
"15/11/2021","1.770","1.760","1.780","1.730","25.45K","-1.67%"
"12/11/2021","1.800","1.780","1.800","1.780","62.42K","1.12%"
"10/11/2021","1.780","1.800","1.800","1.730","35.90K","-1.11%"
"09/11/2021","1.800","1.720","1.800","1.700","50.03K","5.88%"
"08/11/2021","1.700","1.720","1.720","1.650","2.84K","-1.16%"
"05/11/2021","1.720","1.715","1.720","1.670","4.17K","0.00%"
"04/11/2021","1.720","1.710","1.720","1.640","13.23K","0.29%"
"03/11/2021","1.715","1.730","1.730","1.680","6.01K","-0.87%"
"02/11/2021","1.730","1.630","1.730","1.595","11.24K","6.13%"
"29/10/2021","1.630","1.615","1.630","1.615","11.51K","-0.61%"
"28/10/2021","1.640","1.595","1.645","1.595","7.58K","2.82%"
"27/10/2021","1.595","1.600","1.600","1.560","6.08K","-0.93%"
"26/10/2021","1.610","1.690","1.690","1.605","28.54K","-4.73%"
"25/10/2021","1.690","1.740","1.750","1.660","25.04K","-4.52%"
"22/10/2021","1.770","1.680","1.795","1.680","14.01K","-0.56%"
"21/10/2021","1.780","1.815","1.820","1.780","13.25K","-2.20%"
"20/10/2021","1.820","1.805","1.820","1.805","1.80K","1.11%"
"19/10/2021","1.800","1.825","1.825","1.790","7.21K","0.00%"
"18/10/2021","1.800","1.810","1.820","1.770","21.95K","-0.55%"
"15/10/2021","1.810","1.780","1.815","1.780","4.80K","0.00%"
"14/10/2021","1.810","1.790","1.810","1.770","3.13K","1.12%"
"13/10/2021","1.790","1.765","1.790","1.765","4.83K","-0.28%"
"12/10/2021","1.795","1.790","1.795","1.760","11.03K","0.28%"
"11/10/2021","1.790","1.790","1.790","1.760","5.96K","-0.28%"
"08/10/2021","1.795","1.800","1.800","1.750","10.90K","-0.28%"
"07/10/2021","1.800","1.810","1.825","1.750","44.81K","-1.64%"
"06/10/2021","1.830","1.880","1.880","1.800","10.45K","-2.92%"
"05/10/2021","1.885","1.840","1.910","1.840","29.13K","2.45%"
"04/10/2021","1.840","1.860","1.860","1.675","37.14K","-0.81%"
"01/10/2021","1.855","1.860","1.860","1.810","11.16K","1.92%"
"30/09/2021","1.820","1.835","1.910","1.805","101.04K","-0.82%"
"29/09/2021","1.835","1.820","1.840","1.790","21.33K","1.94%"
"28/09/2021","1.800","1.850","1.850","1.770","35.03K","-2.70%"
"27/09/2021","1.850","1.725","1.870","1.725","74.76K","7.25%"
"24/09/2021","1.725","1.735","1.740","1.680","12.05K","0.29%"
"23/09/2021","1.720","1.710","1.730","1.670","28.43K","1.18%"
"22/09/2021","1.700","1.700","1.700","1.620","84.85K","4.62%"
"21/09/2021","1.625","1.480","1.740","1.480","165.87K","10.17%"
"20/09/2021","1.475","1.510","1.510","1.435","20.04K","-2.32%"
"17/09/2021","1.510","1.500","1.510","1.470","22.70K","0.67%"
"16/09/2021","1.500","1.480","1.505","1.480","22.71K","1.35%"
"15/09/2021","1.480","1.440","1.480","1.440","1.79K","2.07%"
"14/09/2021","1.450","1.485","1.485","1.450","11.50K","-2.36%"
"13/09/2021","1.485","1.410","1.490","1.410","16.01K","3.12%"
"10/09/2021","1.440","1.480","1.485","1.440","54.23K","-2.70%"
"09/09/2021","1.480","1.440","1.510","1.400","46.65K","2.78%"
"08/09/2021","1.440","1.405","1.440","1.405","2.47K","-0.69%"
"07/09/2021","1.450","1.465","1.465","1.410","9.21K","-0.68%"
"06/09/2021","1.460","1.480","1.480","1.420","15.79K","-0.34%"
"03/09/2021","1.465","1.435","1.465","1.435","13.98K","1.74%"
"02/09/2021","1.440","1.405","1.440","1.405","15.17K","-1.71%"
"01/09/2021","1.465","1.410","1.480","1.410","26.81K","-2.33%"
"31/08/2021","1.500","1.510","1.510","1.485","17.51K","0.00%"
"30/08/2021","1.500","1.500","1.505","1.470","8.16K","0.00%"
"27/08/2021","1.500","1.495","1.500","1.490","10.65K","0.33%"
"26/08/2021","1.495","1.495","1.500","1.450","23.95K","-0.33%"
"25/08/2021","1.500","1.495","1.500","1.480","6.73K","0.33%"
"24/08/2021","1.495","1.460","1.495","1.460","1.25K","0.00%"
"23/08/2021","1.495","1.440","1.500","1.440","20.57K","3.82%"
"20/08/2021","1.440","1.420","1.440","1.420","3.05K","-1.37%"
"19/08/2021","1.460","1.450","1.480","1.435","5.70K","-0.68%"
"18/08/2021","1.470","1.490","1.490","1.465","1.10K","-1.34%"
"17/08/2021","1.490","1.490","1.500","1.435","9.70K","0.00%"
"16/08/2021","1.490","1.445","1.510","1.445","73.71K","2.76%"
"13/08/2021","1.450","1.390","1.450","1.390","23.80K","4.32%"
"12/08/2021","1.390","1.360","1.390","1.360","11.60K","0.36%"
"11/08/2021","1.385","1.355","1.390","1.355","3.92K","-0.36%"
"10/08/2021","1.390","1.390","1.390","1.375","2.20K","0.00%"
"09/08/2021","1.390","1.375","1.395","1.375","6.01K","-0.36%"
"06/08/2021","1.395","1.380","1.400","1.375","6.91K","0.36%"
"05/08/2021","1.390","1.380","1.390","1.345","13.23K","-0.71%"
"04/08/2021","1.400","1.395","1.405","1.380","2.83K","0.36%"
"03/08/2021","1.395","1.400","1.405","1.370","3.86K","1.09%"
"02/08/2021","1.380","1.400","1.400","1.380","4.67K","-2.13%"
"30/07/2021","1.410","1.410","1.420","1.405","15.90K","0.36%"
"29/07/2021","1.405","1.370","1.415","1.370","32.83K","0.72%"
"28/07/2021","1.395","1.425","1.425","1.340","21.60K","-2.11%"
"27/07/2021","1.425","1.360","1.425","1.340","15.01K","3.26%"
"26/07/2021","1.380","1.390","1.390","1.340","26.52K","-1.08%"
"23/07/2021","1.395","1.375","1.395","1.375","4.06K","0.36%"
"22/07/2021","1.390","1.455","1.455","1.320","27.16K","-1.42%"
"21/07/2021","1.410","1.380","1.455","1.380","11.58K","2.17%"
"20/07/2021","1.380","1.410","1.415","1.320","55.43K","-2.13%"
"19/07/2021","1.410","1.480","1.480","1.410","4.61K","-3.42%"
"16/07/2021","1.460","1.485","1.485","1.450","7.48K","-1.35%"
"15/07/2021","1.480","1.485","1.485","1.470","0.73K","0.00%"
"14/07/2021","1.480","1.500","1.500","1.480","15.78K","-1.99%"
"13/07/2021","1.510","1.510","1.510","1.490","41.07K","0.67%"
"12/07/2021","1.500","1.480","1.500","1.470","27.30K","2.04%"
"09/07/2021","1.470","1.430","1.505","1.430","57.67K","3.16%"
"08/07/2021","1.425","1.425","1.430","1.400","33.02K","0.00%"
"07/07/2021","1.425","1.400","1.435","1.390","24.49K","1.79%"
"06/07/2021","1.400","1.395","1.410","1.390","15.25K","0.00%"
"05/07/2021","1.400","1.400","1.400","1.400","5.00K","1.45%"
"02/07/2021","1.380","1.335","1.380","1.335","4.38K","-1.08%"
"01/07/2021","1.395","1.390","1.395","1.390","2.80K","0.72%"
"30/06/2021","1.385","1.360","1.385","1.360","11.78K","1.09%"
"29/06/2021","1.370","1.360","1.400","1.330","23.29K","-0.72%"
"28/06/2021","1.380","1.380","1.410","1.360","17.13K","-2.47%"
"25/06/2021","1.415","1.390","1.415","1.390","10.05K","0.00%"
"24/06/2021","1.415","1.370","1.415","1.370","16.79K","1.07%"
"23/06/2021","1.400","1.400","1.400","1.380","10.90K","0.00%"
"22/06/2021","1.400","1.410","1.410","1.390","48.11K","0.00%"
"21/06/2021","1.400","1.400","1.410","1.380","63.63K","0.36%"
"18/06/2021","1.395","1.380","1.395","1.380","18.06K","2.57%"
"17/06/2021","1.360","1.390","1.390","1.360","27.00K","0.74%"
"16/06/2021","1.350","1.360","1.400","1.350","54.65K","-1.10%"
"15/06/2021","1.365","1.355","1.370","1.330","20.27K","0.74%"
"14/06/2021","1.355","1.370","1.375","1.300","19.48K","-0.37%"
"11/06/2021","1.360","1.320","1.375","1.290","19.73K","0.74%"
"10/06/2021","1.350","1.355","1.380","1.300","46.32K","0.37%"
"09/06/2021","1.345","1.330","1.350","1.310","32.27K","1.13%"
"08/06/2021","1.330","1.330","1.330","1.310","25.85K","0.00%"
"07/06/2021","1.330","1.295","1.330","1.285","13.05K","2.70%"
"04/06/2021","1.295","1.285","1.295","1.260","32.63K","0.00%"
"02/06/2021","1.295","1.300","1.300","1.265","13.54K","-0.38%"
"01/06/2021","1.300","1.290","1.300","1.265","20.14K","0.78%"
"31/05/2021","1.290","1.280","1.290","1.265","9.90K","1.98%"
"28/05/2021","1.265","1.265","1.270","1.235","21.48K","0.00%"
"27/05/2021","1.265","1.250","1.265","1.230","35.28K","-1.17%"
"26/05/2021","1.280","1.265","1.280","1.240","11.66K","1.19%"
"25/05/2021","1.265","1.280","1.280","1.225","13.47K","-0.39%"
"24/05/2021","1.270","1.295","1.295","1.240","15.40K","-1.93%"
"21/05/2021","1.295","1.320","1.320","1.245","10.07K","-1.89%"
"20/05/2021","1.320","1.315","1.320","1.280","3.69K","0.38%"
"19/05/2021","1.315","1.295","1.325","1.280","22.19K","1.54%"
"18/05/2021","1.295","1.200","1.330","1.200","113.42K","5.71%"
"17/05/2021","1.225","1.230","1.230","1.200","5.42K","-0.41%"
"14/05/2021","1.230","1.210","1.230","1.190","14.01K","-0.40%"
"13/05/2021","1.235","1.240","1.240","1.210","5.58K","-0.40%"
"12/05/2021","1.240","1.190","1.240","1.190","20.25K","0.00%"
"11/05/2021","1.240","1.240","1.270","1.140","109.01K","-2.75%"
"10/05/2021","1.275","1.285","1.285","1.230","13.60K","-0.39%"
"07/05/2021","1.280","1.290","1.290","1.230","48.13K","-0.78%"
"06/05/2021","1.290","1.310","1.310","1.270","10.92K","-1.53%"
"05/05/2021","1.310","1.330","1.330","1.275","12.90K","0.77%"
"04/05/2021","1.300","1.300","1.320","1.280","15.72K","0.78%"
"30/04/2021","1.290","1.335","1.335","1.280","8.82K","-0.77%"
"29/04/2021","1.300","1.365","1.365","1.280","34.90K","-5.11%"
"28/04/2021","1.370","1.340","1.370","1.330","15.61K","2.24%"
"27/04/2021","1.340","1.365","1.365","1.330","1.02K","-1.83%"
"26/04/2021","1.365","1.350","1.365","1.325","13.30K","-0.36%"
"23/04/2021","1.370","1.335","1.370","1.335","13.29K","-0.72%"
"22/04/2021","1.380","1.360","1.380","1.350","6.42K","1.10%"
"21/04/2021","1.365","1.385","1.385","1.330","22.82K","-1.44%"
"20/04/2021","1.385","1.395","1.400","1.360","18.50K","0.36%"
"19/04/2021","1.380","1.380","1.395","1.365","6.51K","0.00%"
"16/04/2021","1.380","1.385","1.385","1.370","32.22K","-1.43%"
"15/04/2021","1.400","1.390","1.400","1.390","35.30K","0.00%"
"14/04/2021","1.400","1.400","1.400","1.360","3.81K","0.72%"
"13/04/2021","1.390","1.390","1.400","1.355","16.74K","-0.71%"
"12/04/2021","1.400","1.425","1.425","1.380","9.95K","-1.75%"
"09/04/2021","1.425","1.400","1.425","1.400","15.13K","-0.35%"
"08/04/2021","1.430","1.425","1.430","1.400","11.13K","0.35%"
"07/04/2021","1.425","1.430","1.430","1.400","4.60K","0.35%"
"06/04/2021","1.420","1.375","1.420","1.370","14.08K","1.43%"
"01/04/2021","1.400","1.430","1.430","1.375","10.11K","-1.41%"
"31/03/2021","1.420","1.400","1.430","1.380","6.85K","-0.70%"
"30/03/2021","1.430","1.415","1.430","1.400","11.90K","2.14%"
"29/03/2021","1.400","1.415","1.415","1.400","5.10K","-1.06%"
"26/03/2021","1.415","1.400","1.415","1.380","11.97K","4.43%"
"25/03/2021","1.355","1.450","1.450","1.355","30.79K","-4.58%"
"24/03/2021","1.420","1.465","1.465","1.400","49.87K","-2.74%"
"23/03/2021","1.460","1.460","1.460","1.420","8.45K","0.00%"
"22/03/2021","1.460","1.430","1.470","1.420","69.25K","2.82%"
"19/03/2021","1.420","1.380","1.425","1.380","32.99K","1.43%"
"18/03/2021","1.400","1.370","1.400","1.370","10.11K","0.00%"
"17/03/2021","1.400","1.400","1.405","1.370","31.70K","0.72%"
"16/03/2021","1.390","1.380","1.440","1.350","76.21K","4.91%"
"15/03/2021","1.325","1.385","1.385","1.325","36.72K","-3.99%"
"12/03/2021","1.380","1.350","1.385","1.350","23.06K","-0.36%"
"11/03/2021","1.385","1.400","1.400","1.355","71.28K","0.73%"
"10/03/2021","1.375","1.345","1.375","1.330","22.43K","2.23%"
"09/03/2021","1.345","1.335","1.350","1.320","12.59K","0.75%"
"08/03/2021","1.335","1.355","1.355","1.305","21.41K","-1.48%"
"05/03/2021","1.355","1.370","1.375","1.330","11.55K","-1.45%"
"04/03/2021","1.375","1.395","1.395","1.345","21.11K","-1.43%"
"03/03/2021","1.395","1.405","1.405","1.370","9.43K","-0.71%"
"02/03/2021","1.405","1.430","1.430","1.370","5.67K","0.72%"
"01/03/2021","1.395","1.365","1.400","1.365","11.66K","0.36%"
"26/02/2021","1.390","1.380","1.400","1.360","41.50K","-4.14%"
"25/02/2021","1.450","1.370","1.460","1.365","31.36K","2.11%"
"24/02/2021","1.420","1.390","1.420","1.360","4.38K","2.16%"
"23/02/2021","1.390","1.420","1.440","1.360","31.75K","-3.47%"
"22/02/2021","1.440","1.490","1.490","1.420","42.28K","-3.36%"
"19/02/2021","1.490","1.410","1.515","1.370","138.07K","6.81%"
"18/02/2021","1.395","1.390","1.395","1.360","32.46K","0.36%"
"17/02/2021","1.390","1.380","1.395","1.325","37.92K","0.72%"
"16/02/2021","1.380","1.360","1.380","1.360","16.43K","1.47%"
"15/02/2021","1.360","1.375","1.390","1.325","56.49K","-1.09%"
"12/02/2021","1.375","1.370","1.375","1.330","9.70K","0.36%"
"11/02/2021","1.370","1.390","1.390","1.350","42.50K","0.00%"
"10/02/2021","1.370","1.400","1.400","1.370","33.48K","-1.44%"
"09/02/2021","1.390","1.380","1.440","1.370","46.74K","0.72%"
"08/02/2021","1.380","1.365","1.380","1.350","39.08K","0.36%"
"05/02/2021","1.375","1.355","1.375","1.330","31.06K","1.48%"
"04/02/2021","1.355","1.360","1.375","1.315","38.72K","0.37%"
"03/02/2021","1.350","1.380","1.380","1.330","19.72K","0.00%"
"02/02/2021","1.350","1.370","1.380","1.340","53.11K","0.00%"
"01/02/2021","1.350","1.415","1.415","1.345","23.63K","-3.57%"
"29/01/2021","1.400","1.420","1.420","1.315","88.40K","-1.41%"
"28/01/2021","1.420","1.370","1.420","1.320","22.18K","2.16%"
"27/01/2021","1.390","1.440","1.440","1.365","118.08K","-4.79%"
"26/01/2021","1.460","1.380","1.465","1.370","99.21K","5.80%"
"25/01/2021","1.380","1.420","1.420","1.320","56.24K","-5.48%"
"22/01/2021","1.460","1.430","1.470","1.410","42.05K","2.10%"
"21/01/2021","1.430","1.460","1.500","1.400","62.17K","-4.03%"
"20/01/2021","1.490","1.520","1.520","1.460","58.08K","-2.61%"
"19/01/2021","1.530","1.500","1.550","1.350","242.79K","5.52%"
"18/01/2021","1.450","1.520","1.520","1.400","111.92K","-1.69%"
"15/01/2021","1.475","1.400","1.500","1.380","179.13K","6.88%"
"14/01/2021","1.380","1.380","1.430","1.380","30.90K","0.00%"
"13/01/2021","1.380","1.285","1.480","1.285","157.88K","5.34%"
"12/01/2021","1.310","1.275","1.320","1.270","55.42K","3.15%"
"11/01/2021","1.270","1.300","1.310","1.260","40.73K","-3.42%"
"08/01/2021","1.315","1.300","1.320","1.300","141.11K","5.20%"
"07/01/2021","1.250","1.200","1.250","1.160","210.09K","5.04%"
"05/01/2021","1.190","1.170","1.200","1.170","58.22K","0.00%"
"04/01/2021","1.190","1.140","1.190","1.140","37.33K","4.39%"
"30/12/2020","1.140","1.125","1.140","1.115","20.49K","1.33%"
"29/12/2020","1.125","1.125","1.125","1.110","23.43K","0.45%"
"28/12/2020","1.120","1.130","1.130","1.110","44.32K","-1.75%"
"23/12/2020","1.140","1.145","1.160","1.100","151.01K","-0.44%"
"22/12/2020","1.145","1.120","1.155","1.110","121.59K","-0.43%"
"21/12/2020","1.150","1.140","1.160","1.120","41.38K","-0.86%"
"18/12/2020","1.160","1.165","1.165","1.120","13.67K","1.75%"
"17/12/2020","1.140","1.120","1.160","1.120","58.38K","0.00%"
"16/12/2020","1.140","1.145","1.145","1.120","30.19K","-0.44%"
"15/12/2020","1.145","1.115","1.145","1.115","9.33K","-0.43%"
"14/12/2020","1.150","1.150","1.150","1.135","13.40K","1.77%"
"11/12/2020","1.130","1.140","1.140","1.120","35.65K","-2.59%"
"10/12/2020","1.160","1.130","1.160","1.115","41.09K","1.31%"
"09/12/2020","1.145","1.130","1.150","1.130","99.37K","0.44%"
"08/12/2020","1.140","1.175","1.175","1.140","17.78K","-2.56%"
"07/12/2020","1.170","1.160","1.170","1.145","9.85K","-0.85%"
"04/12/2020","1.180","1.170","1.180","1.140","40.39K","0.00%"
"03/12/2020","1.180","1.180","1.180","1.150","24.38K","0.00%"
"02/12/2020","1.180","1.150","1.180","1.150","20.07K","0.00%"
"01/12/2020","1.180","1.150","1.180","1.150","16.83K","0.00%"
"30/11/2020","1.180","1.180","1.180","1.150","31.30K","0.00%"
"27/11/2020","1.180","1.210","1.210","1.150","22.51K","-0.84%"
"26/11/2020","1.190","1.160","1.190","1.160","10.52K","1.71%"
"25/11/2020","1.170","1.190","1.230","1.160","20.38K","-0.85%"
"24/11/2020","1.180","1.160","1.190","1.160","19.77K","0.00%"
"23/11/2020","1.180","1.200","1.210","1.140","41.64K","-1.26%"
"20/11/2020","1.195","1.155","1.200","1.155","109.83K","3.91%"
"19/11/2020","1.150","1.135","1.150","1.115","8.30K","-0.43%"
"18/11/2020","1.155","1.135","1.155","1.110","8.01K","1.76%"
"17/11/2020","1.135","1.120","1.135","1.120","5.89K","-1.30%"
"16/11/2020","1.150","1.140","1.150","1.105","75.61K","5.50%"
"13/11/2020","1.090","1.150","1.150","1.090","25.14K","-4.39%"
"12/11/2020","1.140","1.110","1.140","1.110","12.00K","1.79%"
"10/11/2020","1.120","1.100","1.120","1.050","7.41K","1.82%"
"09/11/2020","1.100","1.070","1.110","1.050","29.90K","0.92%"
"06/11/2020","1.090","1.050","1.090","1.025","12.84K","2.83%"
"05/11/2020","1.060","1.025","1.065","1.025","4.63K","-0.47%"
"04/11/2020","1.065","1.070","1.070","1.020","16.79K","1.43%"
"03/11/2020","1.050","1.020","1.050","1.020","0.77K","0.00%"
"02/11/2020","1.050","1.070","1.070","1.010","25.88K","-1.87%"
"30/10/2020","1.070","1.095","1.095","1.040","4.13K","0.00%"
"29/10/2020","1.070","1.040","1.095","1.025","18.62K","-0.93%"
"28/10/2020","1.080","1.090","1.090","1.030","25.85K","-3.14%"
"27/10/2020","1.115","1.115","1.115","1.115","0.10K","-0.45%"
"26/10/2020","1.120","1.130","1.130","1.090","1.33K","-0.44%"
"23/10/2020","1.125","1.120","1.125","1.100","6.06K","-0.44%"
"22/10/2020","1.130","1.155","1.155","1.110","6.31K","0.00%"
"21/10/2020","1.130","1.120","1.130","1.110","6.18K","-0.44%"
"20/10/2020","1.135","1.140","1.140","1.110","20.82K","-2.99%"
"19/10/2020","1.170","1.170","1.170","1.155","3.10K","1.30%"
"16/10/2020","1.155","1.090","1.170","1.085","22.73K","2.21%"
"15/10/2020","1.130","1.205","1.205","1.085","79.15K","-8.13%"
"14/10/2020","1.230","1.185","1.230","1.145","114.71K","3.80%"
"13/10/2020","1.185","1.140","1.190","1.140","42.75K","-0.42%"
"12/10/2020","1.190","1.145","1.200","1.130","75.50K","3.93%"
"09/10/2020","1.145","1.125","1.145","1.125","15.07K","1.78%"
"08/10/2020","1.125","1.160","1.180","1.125","39.75K","-3.02%"
"07/10/2020","1.160","1.200","1.200","1.140","12.23K","-3.33%"
"06/10/2020","1.200","1.200","1.200","1.200","1.10K","2.56%"
"05/10/2020","1.170","1.160","1.170","1.150","7.19K","1.74%"
"02/10/2020","1.150","1.170","1.170","1.110","33.58K","-1.71%"
"01/10/2020","1.170","1.200","1.210","1.120","66.84K","6.36%"
"30/09/2020","1.100","1.120","1.120","1.060","28.85K","-1.79%"
"29/09/2020","1.120","1.085","1.120","1.060","29.10K","3.23%"
"28/09/2020","1.085","1.080","1.085","1.040","108.50K","0.46%"
"25/09/2020","1.080","1.100","1.100","1.050","89.77K","-1.82%"
"24/09/2020","1.100","1.100","1.110","1.070","7.82K","0.00%"
"23/09/2020","1.100","1.130","1.135","1.090","21.94K","-2.65%"
"22/09/2020","1.130","1.150","1.150","1.100","48.10K","-1.74%"
"21/09/2020","1.150","1.155","1.155","1.150","4.49K","0.00%"
"18/09/2020","1.150","1.100","1.150","1.100","24.50K","-0.86%"
"17/09/2020","1.160","1.150","1.160","1.120","21.37K","0.87%"
"16/09/2020","1.150","1.185","1.185","1.140","31.97K","-2.95%"
"15/09/2020","1.185","1.180","1.185","1.160","1.94K","0.00%"
"14/09/2020","1.185","1.150","1.185","1.150","7.45K","3.04%"
"11/09/2020","1.150","1.140","1.150","1.140","8.17K","0.44%"
"10/09/2020","1.145","1.140","1.150","1.110","13.23K","0.44%"
"09/09/2020","1.140","1.095","1.150","1.095","26.46K","4.11%"
"08/09/2020","1.095","1.195","1.200","1.080","48.51K","-6.41%"
"07/09/2020","1.170","1.200","1.200","1.160","40.71K","-2.50%"
"04/09/2020","1.200","1.160","1.200","1.160","40.60K","1.69%"
"03/09/2020","1.180","1.170","1.195","1.170","13.93K","-0.42%"
"02/09/2020","1.185","1.180","1.190","1.170","41.81K","0.42%"
"01/09/2020","1.180","1.215","1.215","1.095","422.19K","-3.28%"
"31/08/2020","1.220","1.260","1.300","1.165","83.78K","-2.79%"
"28/08/2020","1.255","1.330","1.330","1.220","14.09K","-5.64%"
"27/08/2020","1.330","1.290","1.330","1.290","5.01K","3.91%"
"26/08/2020","1.280","1.290","1.290","1.250","7.27K","-0.78%"
"25/08/2020","1.290","1.300","1.410","1.260","47.09K","-1.53%"
"24/08/2020","1.310","1.300","1.310","1.270","11.44K","1.55%"
"21/08/2020","1.290","1.295","1.295","1.245","6.63K","0.78%"
"20/08/2020","1.280","1.245","1.280","1.220","41.61K","0.79%"
"19/08/2020","1.270","1.310","1.330","1.230","29.46K","-3.05%"
"18/08/2020","1.310","1.360","1.360","1.300","13.60K","-0.76%"
"17/08/2020","1.320","1.345","1.390","1.315","73.25K","-0.75%"
"14/08/2020","1.330","1.310","1.360","1.305","61.58K","0.76%"
"13/08/2020","1.320","1.330","1.350","1.260","47.24K","-0.38%"
"12/08/2020","1.325","1.310","1.380","1.270","40.97K","-0.38%"
"11/08/2020","1.330","1.450","1.470","1.310","47.67K","-4.66%"
"10/08/2020","1.395","1.300","1.445","1.300","166.82K","7.31%"
"07/08/2020","1.300","1.340","1.340","1.270","26.98K","-2.26%"
"06/08/2020","1.330","1.345","1.370","1.280","44.43K","-0.75%"
"05/08/2020","1.340","1.260","1.380","1.260","125.53K","6.35%"
"04/08/2020","1.260","1.310","1.310","1.230","60.88K","-2.70%"
"03/08/2020","1.295","1.245","1.310","1.240","88.88K","3.60%"
"31/07/2020","1.250","1.235","1.280","1.200","108.20K","4.17%"
"30/07/2020","1.200","1.425","1.480","1.200","427.91K","-15.19%"
"29/07/2020","1.415","1.610","1.670","1.370","1.18M","-6.29%"
"28/07/2020","1.510","1.250","1.510","1.250","624.84K","21.77%"
"27/07/2020","1.240","1.230","1.240","1.210","44.93K","0.81%"
"24/07/2020","1.230","1.230","1.230","1.200","19.09K","0.00%"
"23/07/2020","1.230","1.240","1.260","1.200","82.14K","0.41%"
"22/07/2020","1.225","1.210","1.240","1.205","37.43K","-0.41%"
"21/07/2020","1.230","1.220","1.230","1.200","57.01K","0.00%"
"20/07/2020","1.230","1.220","1.265","1.210","76.41K","1.23%"
"17/07/2020","1.215","1.195","1.215","1.195","7.15K","0.41%"
"16/07/2020","1.210","1.200","1.210","1.190","15.29K","0.83%"
"15/07/2020","1.200","1.210","1.230","1.200","18.11K","-1.64%"
"14/07/2020","1.220","1.270","1.270","1.200","51.96K","-3.17%"
"13/07/2020","1.260","1.240","1.285","1.235","20.72K","-0.79%"
"10/07/2020","1.270","1.230","1.270","1.225","25.52K","3.25%"
"09/07/2020","1.230","1.220","1.320","1.220","176.21K","0.82%"
"08/07/2020","1.220","1.245","1.245","1.200","36.60K","0.83%"
"07/07/2020","1.210","1.220","1.265","1.200","54.24K","-0.82%"
"06/07/2020","1.220","1.200","1.220","1.190","15.36K","-1.61%"
"03/07/2020","1.240","1.200","1.240","1.200","22.42K","3.33%"
"02/07/2020","1.200","1.220","1.245","1.200","25.88K","-0.83%"
"01/07/2020","1.210","1.230","1.230","1.205","5.00K","-1.63%"
"30/06/2020","1.230","1.220","1.230","1.220","7.86K","1.65%"
"29/06/2020","1.210","1.245","1.245","1.210","10.72K","-1.63%"
"26/06/2020","1.230","1.260","1.260","1.225","39.90K","-2.38%"
"25/06/2020","1.260","1.235","1.260","1.205","60.42K","0.00%"
"24/06/2020","1.260","1.290","1.290","1.230","72.83K","-1.56%"
"23/06/2020","1.280","1.245","1.310","1.240","190.21K","4.49%"
"22/06/2020","1.225","1.200","1.275","1.180","125.52K","0.41%"
"19/06/2020","1.220","1.245","1.250","1.200","39.79K","-1.61%"
"18/06/2020","1.240","1.200","1.260","1.200","71.36K","1.64%"
"17/06/2020","1.220","1.220","1.230","1.195","32.25K","1.67%"
"16/06/2020","1.200","1.210","1.220","1.180","38.70K","-1.64%"
"15/06/2020","1.220","1.270","1.270","1.220","13.69K","-2.40%"
"12/06/2020","1.250","1.230","1.275","1.180","33.16K","0.00%"
"10/06/2020","1.250","1.310","1.310","1.240","39.14K","-2.34%"
"09/06/2020","1.280","1.270","1.320","1.230","66.23K","3.23%"
"08/06/2020","1.240","1.270","1.330","1.240","38.29K","-1.59%"
"05/06/2020","1.260","1.260","1.340","1.260","105.39K","0.40%"
"04/06/2020","1.255","1.265","1.265","1.220","20.69K","-1.18%"
"03/06/2020","1.270","1.225","1.280","1.185","254.40K","2.42%"
"02/06/2020","1.240","1.260","1.260","1.185","24.85K","-1.59%"
"01/06/2020","1.260","1.240","1.285","1.200","30.03K","1.61%"
"29/05/2020","1.240","1.210","1.245","1.200","137.79K","2.06%"
"28/05/2020","1.215","1.210","1.245","1.190","31.19K","-0.41%"
"27/05/2020","1.220","1.230","1.230","1.180","31.13K","-0.81%"
"26/05/2020","1.230","1.220","1.285","1.200","45.31K","0.82%"
"25/05/2020","1.220","1.210","1.225","1.165","46.32K","0.00%"
"22/05/2020","1.220","1.250","1.250","1.190","15.74K","-2.40%"
"21/05/2020","1.250","1.200","1.250","1.185","12.28K","5.49%"
"20/05/2020","1.185","1.200","1.200","1.185","11.79K","-0.42%"
"19/05/2020","1.190","1.200","1.240","1.180","22.64K","-0.83%"
"18/05/2020","1.200","1.210","1.210","1.200","73.65K","-2.44%"
"15/05/2020","1.230","1.300","1.300","1.210","35.30K","-6.11%"
"14/05/2020","1.310","1.280","1.320","1.230","30.26K","0.00%"
"13/05/2020","1.310","1.310","1.380","1.290","24.67K","0.00%"
"12/05/2020","1.310","1.340","1.340","1.240","33.48K","0.77%"
"11/05/2020","1.300","1.360","1.410","1.240","61.53K","-2.99%"
"08/05/2020","1.340","1.230","1.360","1.230","91.66K","6.77%"
"07/05/2020","1.255","1.265","1.265","1.200","16.90K","3.72%"
"06/05/2020","1.210","1.240","1.280","1.200","15.91K","-2.42%"
"05/05/2020","1.240","1.140","1.240","1.140","24.14K","5.98%"
"04/05/2020","1.170","1.230","1.230","1.140","13.96K","-0.85%"
"30/04/2020","1.180","1.215","1.240","1.180","39.70K","-3.28%"
"29/04/2020","1.220","1.210","1.220","1.190","13.01K","0.83%"
"28/04/2020","1.210","1.255","1.255","1.190","25.06K","-3.20%"
"27/04/2020","1.250","1.250","1.275","1.190","71.24K","-2.34%"
"24/04/2020","1.280","1.300","1.330","1.280","5.50K","-1.54%"
"23/04/2020","1.300","1.250","1.330","1.250","10.06K","2.36%"
"22/04/2020","1.270","1.275","1.275","1.200","9.80K","0.00%"
"21/04/2020","1.270","1.320","1.320","1.220","37.49K","-4.15%"
"20/04/2020","1.325","1.280","1.330","1.200","58.51K","3.52%"
"17/04/2020","1.280","1.350","1.350","1.215","79.52K","-1.54%"
"16/04/2020","1.300","1.335","1.340","1.295","28.59K","0.00%"
"15/04/2020","1.300","1.250","1.340","1.250","58.82K","4.00%"
"14/04/2020","1.250","1.220","1.300","1.220","19.13K","3.31%"
"09/04/2020","1.210","1.250","1.325","1.190","57.08K","-3.20%"
"08/04/2020","1.250","1.280","1.360","1.235","45.49K","-3.85%"
"07/04/2020","1.300","1.530","1.530","1.270","137.42K","-13.91%"
"06/04/2020","1.510","1.500","1.680","1.360","336.71K","7.86%"
"03/04/2020","1.400","1.370","1.505","1.330","342.77K","17.15%"
"02/04/2020","1.195","1.025","1.200","1.000","164.77K","18.32%"
"01/04/2020","1.010","1.025","1.030","0.950","14.12K","-0.98%"
"31/03/2020","1.020","1.020","1.060","0.966","46.77K","0.00%"
"30/03/2020","1.020","1.020","1.020","0.960","9.04K","-0.97%"
"27/03/2020","1.030","1.040","1.040","1.000","6.13K","0.00%"
"26/03/2020","1.030","0.940","1.030","0.940","7.85K","6.19%"
"25/03/2020","0.970","1.030","1.030","0.970","13.73K","-5.37%"
"24/03/2020","1.025","1.045","1.045","1.000","21.10K","2.50%"
"23/03/2020","1.000","1.050","1.050","1.000","19.09K","-6.54%"
"20/03/2020","1.070","1.100","1.140","1.050","29.21K","1.90%"
"19/03/2020","1.050","1.080","1.160","1.040","12.15K","-3.67%"
"18/03/2020","1.090","1.180","1.245","1.065","21.02K","-5.22%"
"17/03/2020","1.150","1.140","1.210","1.055","29.99K","2.68%"
"16/03/2020","1.120","1.090","1.120","0.904","16.75K","6.16%"
"13/03/2020","1.055","0.980","1.090","0.980","16.49K","7.65%"
"12/03/2020","0.980","1.000","1.100","0.900","104.90K","-3.92%"
"11/03/2020","1.020","1.210","1.240","1.020","70.10K","-15.00%"
"10/03/2020","1.200","1.200","1.315","1.200","35.11K","-3.23%"
"09/03/2020","1.240","1.370","1.370","1.150","10.42K","-8.15%"
"06/03/2020","1.350","1.370","1.370","1.290","4.01K","-1.46%"
"05/03/2020","1.370","1.380","1.380","1.370","6.53K","2.24%"
"04/03/2020","1.340","1.290","1.390","1.290","27.35K","1.52%"
"03/03/2020","1.320","1.390","1.400","1.290","46.46K","-5.04%"
"02/03/2020","1.390","1.400","1.400","1.350","25.83K","3.73%"
"28/02/2020","1.340","1.380","1.430","1.280","34.47K","-8.22%"
"27/02/2020","1.460","1.540","1.540","1.400","47.79K","-7.30%"
"26/02/2020","1.575","1.680","1.680","1.535","28.75K","-6.80%"
"25/02/2020","1.690","1.610","1.735","1.600","6.91K","-3.43%"
"24/02/2020","1.750","1.710","1.750","1.620","5.83K","2.34%"
"21/02/2020","1.710","1.720","1.780","1.680","20.30K","-2.29%"
"20/02/2020","1.750","1.800","1.800","1.750","3.23K","-2.78%"
"19/02/2020","1.800","1.800","1.800","1.800","2.74K","1.12%"
"18/02/2020","1.780","1.765","1.800","1.760","23.66K","1.14%"
"17/02/2020","1.760","1.750","1.860","1.750","10.90K","0.57%"
"14/02/2020","1.750","1.740","1.750","1.640","35.78K","1.16%"
"13/02/2020","1.730","1.750","1.750","1.700","18.90K","-1.14%"
"12/02/2020","1.750","1.700","1.750","1.670","29.04K","1.74%"
"11/02/2020","1.720","1.850","1.945","1.700","107.60K","-6.52%"
"10/02/2020","1.840","1.660","1.850","1.640","128.04K","15.00%"
"07/02/2020","1.600","1.580","1.660","1.560","64.77K","1.59%"
"06/02/2020","1.575","1.510","1.575","1.510","22.88K","6.42%"
"05/02/2020","1.480","1.450","1.480","1.450","24.43K","2.07%"
"04/02/2020","1.450","1.430","1.450","1.390","30.13K","2.11%"
"03/02/2020","1.420","1.350","1.440","1.310","37.62K","5.97%"
"31/01/2020","1.340","1.330","1.340","1.330","10.80K","0.75%"
"30/01/2020","1.330","1.320","1.330","1.320","3.10K","2.31%"
"29/01/2020","1.300","1.310","1.330","1.290","7.53K","0.00%"
"28/01/2020","1.300","1.270","1.300","1.225","23.93K","1.56%"
"27/01/2020","1.280","1.320","1.340","1.250","30.53K","-4.48%"
"24/01/2020","1.340","1.340","1.340","1.330","7.14K","0.00%"
"23/01/2020","1.340","1.330","1.345","1.300","6.11K","3.08%"
"22/01/2020","1.300","1.335","1.335","1.300","5.02K","0.00%"
"21/01/2020","1.300","1.320","1.330","1.300","17.84K","2.36%"
"20/01/2020","1.270","1.320","1.325","1.260","9.96K","-5.22%"
"17/01/2020","1.340","1.340","1.340","1.330","2.10K","0.37%"
"16/01/2020","1.335","1.335","1.335","1.335","0.23K","-0.37%"
"15/01/2020","1.340","1.340","1.340","1.340","0.02K","0.00%"
"14/01/2020","1.340","1.350","1.350","1.270","14.74K","-0.74%"
"13/01/2020","1.350","1.350","1.350","1.340","34.20K","0.00%"
"10/01/2020","1.350","1.350","1.350","1.320","9.00K","0.00%"
"09/01/2020","1.350","1.280","1.400","1.280","59.01K","5.47%"
"08/01/2020","1.280","1.250","1.280","1.250","6.32K","2.81%"
"07/01/2020","1.245","1.245","1.245","1.245","0.01K","-2.35%"
"03/01/2020","1.275","1.260","1.275","1.240","2.36K","-0.39%"
"02/01/2020","1.280","1.210","1.280","1.210","8.99K","5.79%"
"30/12/2019","1.210","1.210","1.210","1.190","0.15K","0.00%"
"27/12/2019","1.210","1.210","1.210","1.210","0.26K","2.11%"
"23/12/2019","1.185","1.175","1.215","1.175","4.89K","0.42%"
"20/12/2019","1.180","1.200","1.230","1.180","3.57K","-2.48%"
"19/12/2019","1.210","1.190","1.220","1.180","11.88K","1.68%"
"18/12/2019","1.190","1.190","1.195","1.190","2.84K","-2.46%"
"17/12/2019","1.220","1.190","1.220","1.180","13.49K","2.95%"
"16/12/2019","1.185","1.180","1.235","1.180","0.13K","0.42%"
"13/12/2019","1.180","1.250","1.250","1.180","43.91K","-7.09%"
"12/12/2019","1.270","1.210","1.270","1.210","2.43K","4.96%"
"11/12/2019","1.210","1.240","1.295","1.200","29.50K","1.68%"
"10/12/2019","1.190","1.215","1.250","1.190","6.41K","-4.80%"
"09/12/2019","1.250","1.250","1.250","1.210","0.87K","3.73%"
"06/12/2019","1.205","1.250","1.250","1.205","1.00K","-3.60%"
"05/12/2019","1.250","1.250","1.250","1.250","0.01K","0.40%"
"04/12/2019","1.245","1.230","1.245","1.220","19.04K","2.89%"
"02/12/2019","1.210","1.200","1.240","1.200","2.50K","0.83%"
"29/11/2019","1.200","1.215","1.300","1.200","26.02K","-5.88%"
"28/11/2019","1.275","1.210","1.275","1.210","12.00K","7.14%"
"27/11/2019","1.190","1.200","1.220","1.190","9.86K","-2.46%"
"26/11/2019","1.220","1.220","1.290","1.220","7.47K","-1.61%"
"25/11/2019","1.240","1.260","1.290","1.220","10.36K","0.00%"
"22/11/2019","1.240","1.290","1.290","1.220","12.80K","1.64%"
"21/11/2019","1.220","1.280","1.280","1.220","7.28K","-6.15%"
"20/11/2019","1.300","1.300","1.330","1.300","4.60K","0.00%"
"19/11/2019","1.300","1.250","1.300","1.250","5.90K","4.00%"
"18/11/2019","1.250","1.220","1.250","1.220","2.61K","-0.79%"
"15/11/2019","1.260","1.300","1.300","1.250","18.70K","-3.08%"
"14/11/2019","1.300","1.280","1.315","1.280","41.57K","-2.26%"
"13/11/2019","1.330","1.330","1.330","1.330","1.10K","0.76%"
"12/11/2019","1.320","1.270","1.320","1.270","36.30K","4.76%"
"08/11/2019","1.260","1.270","1.270","1.220","17.58K","0.00%"
"07/11/2019","1.260","1.220","1.260","1.220","9.10K","3.28%"
"06/11/2019","1.220","1.230","1.230","1.220","3.99K","-1.61%"
"05/11/2019","1.240","1.220","1.240","1.200","6.76K","1.64%"
"04/11/2019","1.220","1.220","1.220","1.220","0.76K","-0.81%"
"31/10/2019","1.230","1.230","1.230","1.230","0.10K","0.00%"
"30/10/2019","1.230","1.250","1.260","1.230","2.67K","-1.60%"
"29/10/2019","1.250","1.250","1.270","1.230","14.21K","2.04%"
"28/10/2019","1.225","1.200","1.250","1.200","5.40K","-2.78%"
"25/10/2019","1.260","1.200","1.260","1.200","7.11K","5.00%"
"24/10/2019","1.200","1.160","1.200","1.160","8.89K","3.45%"
"23/10/2019","1.160","1.160","1.160","1.160","0.85K","-0.85%"
"22/10/2019","1.170","1.145","1.170","1.145","3.00K","2.63%"
"21/10/2019","1.140","1.170","1.170","1.080","31.82K","0.00%"
"18/10/2019","1.140","1.140","1.190","1.140","14.52K","0.00%"
"17/10/2019","1.140","1.265","1.265","1.140","47.25K","-5.00%"
"15/10/2019","1.200","1.230","1.230","1.165","19.68K","0.00%"
"14/10/2019","1.200","1.270","1.270","1.200","2.11K","-5.51%"
"11/10/2019","1.270","1.250","1.270","1.230","2.04K","3.25%"
"10/10/2019","1.230","1.260","1.260","1.230","1.07K","0.00%"
"09/10/2019","1.230","1.250","1.270","1.230","2.23K","-1.60%"
"08/10/2019","1.250","1.235","1.250","1.165","7.32K","0.40%"
"07/10/2019","1.245","1.180","1.245","1.155","2.12K","1.22%"
"04/10/2019","1.230","1.170","1.230","1.170","0.25K","0.00%"
"03/10/2019","1.230","1.190","1.290","1.190","96.73K","6.03%"
"02/10/2019","1.160","1.190","1.190","1.160","2.57K","-3.33%"
"01/10/2019","1.200","1.240","1.290","1.150","24.15K","-2.44%"
"30/09/2019","1.230","1.205","1.270","1.180","11.23K","-2.38%"
"27/09/2019","1.260","1.250","1.270","1.250","4.95K","0.80%"
"26/09/2019","1.250","1.210","1.265","1.210","11.10K","5.04%"
"25/09/2019","1.190","1.200","1.210","1.190","3.14K","0.00%"
"24/09/2019","1.190","1.210","1.210","1.190","1.21K","-2.46%"
"23/09/2019","1.220","1.190","1.220","1.190","0.09K","2.52%"
"20/09/2019","1.190","1.190","1.200","1.190","1.80K","6.25%"
"19/09/2019","1.120","1.140","1.250","1.120","24.32K","-5.88%"
"18/09/2019","1.190","1.240","1.270","1.125","36.28K","-6.30%"
"17/09/2019","1.270","1.240","1.280","1.230","9.00K","-1.55%"
"16/09/2019","1.290","1.290","1.290","1.290","0.10K","0.00%"
"13/09/2019","1.290","1.230","1.290","1.230","1.66K","4.88%"
"12/09/2019","1.230","1.230","1.230","1.230","1.49K","0.00%"
"11/09/2019","1.230","1.275","1.275","1.230","8.87K","-3.53%"
"10/09/2019","1.275","1.295","1.295","1.230","14.61K","1.59%"
"09/09/2019","1.255","1.250","1.290","1.250","1.82K","-3.09%"
"06/09/2019","1.295","1.250","1.300","1.250","7.20K","1.97%"
"05/09/2019","1.270","1.290","1.310","1.260","23.19K","0.79%"
"04/09/2019","1.260","1.260","1.260","1.260","1.10K","0.00%"
"03/09/2019","1.260","1.260","1.260","1.260","0.10K","-3.82%"
"02/09/2019","1.310","1.310","1.310","1.310","0.12K","1.55%"
"30/08/2019","1.290","1.270","1.290","1.250","5.96K","4.88%"
"29/08/2019","1.230","1.230","1.280","1.230","10.26K","0.82%"
"28/08/2019","1.220","1.230","1.230","1.150","3.16K","0.83%"
"27/08/2019","1.210","1.250","1.290","1.210","10.75K","-3.20%"
"26/08/2019","1.250","1.260","1.260","1.250","9.98K","-3.10%"
"23/08/2019","1.290","1.250","1.290","1.250","0.66K","3.20%"
"22/08/2019","1.250","1.250","1.250","1.250","11.65K","-1.57%"
"21/08/2019","1.270","1.280","1.280","1.270","10.60K","-0.78%"
"20/08/2019","1.280","1.310","1.310","1.280","3.24K","-2.29%"
"19/08/2019","1.310","1.310","1.310","1.310","0.10K","0.77%"
"16/08/2019","1.300","1.290","1.300","1.290","5.56K","0.78%"
"14/08/2019","1.290","1.310","1.310","1.290","0.17K","-1.53%"
"13/08/2019","1.310","1.340","1.340","1.310","5.02K","-0.76%"
"12/08/2019","1.320","1.300","1.320","1.300","2.41K","1.54%"
"09/08/2019","1.300","1.295","1.340","1.295","13.70K","0.39%"
"08/08/2019","1.295","1.280","1.295","1.260","3.00K","0.39%"
"07/08/2019","1.290","1.280","1.290","1.280","2.02K","3.20%"
"06/08/2019","1.250","1.280","1.280","1.250","1.04K","0.00%"
"05/08/2019","1.250","1.280","1.280","1.240","22.40K","-2.34%"
"02/08/2019","1.280","1.290","1.290","1.280","4.26K","0.00%"
"01/08/2019","1.280","1.270","1.300","1.240","29.68K","-3.03%"
"31/07/2019","1.320","1.320","1.320","1.280","5.71K","3.13%"
"30/07/2019","1.280","1.370","1.370","1.270","16.10K","-6.23%"
"29/07/2019","1.365","1.365","1.365","1.365","1.11K","0.00%"
"26/07/2019","1.365","1.365","1.365","1.365","0.10K","-0.36%"
"25/07/2019","1.370","1.350","1.370","1.300","14.93K","0.00%"
"24/07/2019","1.370","1.400","1.400","1.370","0.58K","-0.72%"
"23/07/2019","1.380","1.370","1.400","1.370","3.64K","2.22%"
"22/07/2019","1.350","1.320","1.350","1.320","6.14K","2.27%"
"19/07/2019","1.320","1.330","1.400","1.270","34.38K","1.54%"
"18/07/2019","1.300","1.280","1.340","1.240","21.05K","4.00%"
"17/07/2019","1.250","1.310","1.310","1.240","38.59K","-6.72%"
"16/07/2019","1.340","1.340","1.340","1.290","4.14K","-0.74%"
"15/07/2019","1.350","1.400","1.410","1.270","14.18K","-4.26%"
"12/07/2019","1.410","1.410","1.410","1.410","0.10K","0.00%"
"11/07/2019","1.410","1.410","1.410","1.410","0.10K","0.71%"
"10/07/2019","1.400","1.410","1.410","1.360","1.39K","2.94%"
"09/07/2019","1.360","1.420","1.420","1.360","0.14K","0.00%"
"08/07/2019","1.360","1.360","1.420","1.360","1.61K","-3.55%"
"05/07/2019","1.410","1.410","1.410","1.370","3.90K","3.68%"
"04/07/2019","1.360","1.410","1.410","1.360","1.10K","-2.86%"
"03/07/2019","1.400","1.400","1.400","1.400","0.20K","-0.71%"
"02/07/2019","1.410","1.410","1.410","1.410","0.10K","0.71%"
"01/07/2019","1.400","1.410","1.420","1.400","6.11K","0.00%"
"28/06/2019","1.400","1.340","1.400","1.340","1.20K","-0.71%"
"27/06/2019","1.410","1.410","1.410","1.410","0.10K","3.68%"
"26/06/2019","1.360","1.410","1.410","1.360","1.10K","-2.86%"
"25/06/2019","1.400","1.435","1.435","1.400","1.20K","-1.41%"
"24/06/2019","1.420","1.435","1.435","1.400","9.71K","1.43%"
"21/06/2019","1.400","1.430","1.430","1.400","5.84K","-2.44%"
"19/06/2019","1.435","1.435","1.435","1.435","0.30K","4.74%"
"18/06/2019","1.370","1.400","1.400","1.370","0.12K","-2.14%"
"17/06/2019","1.400","1.410","1.450","1.370","2.91K","-0.71%"
"14/06/2019","1.410","1.420","1.450","1.410","3.42K","1.44%"
"13/06/2019","1.390","1.370","1.460","1.370","18.93K","6.92%"
"12/06/2019","1.300","1.350","1.350","1.300","2.20K","-3.70%"
"11/06/2019","1.350","1.310","1.390","1.300","20.00K","4.25%"
"10/06/2019","1.295","1.275","1.310","1.250","14.05K","7.02%"
"07/06/2019","1.210","1.210","1.240","1.210","8.11K","0.00%"
"06/06/2019","1.210","1.275","1.280","1.210","16.02K","-5.10%"
"05/06/2019","1.275","1.270","1.275","1.270","4.18K","-0.39%"
"04/06/2019","1.280","1.280","1.280","1.280","0.10K","4.07%"
"03/06/2019","1.230","1.285","1.285","1.230","2.91K","-4.28%"
"31/05/2019","1.285","1.245","1.285","1.200","6.74K","7.98%"
"30/05/2019","1.190","1.330","1.330","1.190","37.80K","-8.46%"
"29/05/2019","1.300","1.345","1.350","1.280","29.43K","-0.76%"
"28/05/2019","1.310","1.300","1.310","1.300","0.28K","-3.32%"
"27/05/2019","1.355","1.355","1.355","1.295","1.08K","0.00%"
"24/05/2019","1.355","1.355","1.355","1.310","5.39K","3.44%"
"23/05/2019","1.310","1.390","1.390","1.310","13.68K","-5.76%"
"22/05/2019","1.390","1.370","1.390","1.370","6.10K","0.72%"
"21/05/2019","1.380","1.380","1.380","1.380","0.10K","3.76%"
"20/05/2019","1.330","1.390","1.390","1.330","3.11K","-2.92%"
"17/05/2019","1.370","1.400","1.440","1.340","30.33K","-1.44%"
"16/05/2019","1.390","1.370","1.390","1.330","7.36K","0.72%"
"15/05/2019","1.380","1.380","1.380","1.370","35.10K","0.73%"
"14/05/2019","1.370","1.320","1.380","1.320","0.54K","3.79%"
"13/05/2019","1.320","1.370","1.390","1.310","13.53K","0.76%"
"10/05/2019","1.310","1.310","1.310","1.310","0.24K","0.38%"
"09/05/2019","1.305","1.300","1.350","1.210","7.94K","0.00%"
"08/05/2019","1.305","1.340","1.380","1.300","28.92K","-2.61%"
"07/05/2019","1.340","1.340","1.340","1.340","1.05K","-2.90%"
"06/05/2019","1.380","1.350","1.380","1.340","4.21K","-0.72%"
"02/05/2019","1.390","1.390","1.390","1.390","0.02K","2.96%"
"30/04/2019","1.350","1.400","1.400","1.350","21.99K","-2.17%"
"29/04/2019","1.380","1.380","1.400","1.380","5.10K","0.73%"
"26/04/2019","1.370","1.370","1.495","1.370","68.92K","-2.14%"
"25/04/2019","1.400","1.400","1.400","1.370","5.09K","0.00%"
"24/04/2019","1.400","1.390","1.400","1.390","0.22K","0.00%"
"23/04/2019","1.400","1.370","1.400","1.360","3.51K","2.19%"
"18/04/2019","1.370","1.400","1.400","1.370","25.35K","-2.14%"
"17/04/2019","1.400","1.400","1.400","1.370","18.47K","0.00%"
"16/04/2019","1.400","1.420","1.550","1.380","127.46K","-1.41%"
"15/04/2019","1.420","1.420","1.420","1.420","3.10K","0.00%"
"12/04/2019","1.420","1.470","1.470","1.390","31.88K","-2.74%"
"11/04/2019","1.460","1.475","1.475","1.440","2.55K","-1.02%"
"10/04/2019","1.475","1.475","1.475","1.475","0.02K","4.61%"
"09/04/2019","1.410","1.490","1.490","1.410","15.55K","-2.08%"
"08/04/2019","1.440","1.490","1.490","1.420","2.10K","-3.36%"
"05/04/2019","1.490","1.490","1.490","1.410","27.91K","2.76%"
"04/04/2019","1.450","1.420","1.450","1.420","2.22K","5.07%"
"03/04/2019","1.380","1.420","1.420","1.380","19.08K","-2.82%"
"02/04/2019","1.420","1.410","1.450","1.350","54.13K","-1.73%"
"01/04/2019","1.445","1.450","1.485","1.350","13.78K","-3.34%"
"29/03/2019","1.495","1.500","1.520","1.440","27.11K","0.00%"
"28/03/2019","1.495","1.490","1.500","1.440","36.84K","-0.99%"
"27/03/2019","1.510","1.525","1.550","1.470","13.19K","1.34%"
"26/03/2019","1.490","1.485","1.550","1.440","33.07K","1.36%"
"25/03/2019","1.470","1.495","1.495","1.420","9.17K","-1.67%"
"22/03/2019","1.495","1.500","1.500","1.430","18.16K","1.70%"
"21/03/2019","1.470","1.570","1.570","1.470","39.34K","-6.96%"
"20/03/2019","1.580","1.440","1.735","1.400","169.55K","12.06%"
"19/03/2019","1.410","1.405","1.410","1.405","0.40K","-2.76%"
"18/03/2019","1.450","1.440","1.500","1.405","24.22K","0.69%"
"15/03/2019","1.440","1.440","1.440","1.430","2.70K","0.00%"
"14/03/2019","1.440","1.440","1.460","1.440","6.40K","0.00%"
"13/03/2019","1.440","1.440","1.450","1.390","9.27K","0.00%"
"12/03/2019","1.440","1.440","1.450","1.440","5.11K","0.00%"
"11/03/2019","1.440","1.440","1.440","1.440","0.01K","0.00%"
"08/03/2019","1.440","1.420","1.440","1.390","7.00K","2.86%"
"07/03/2019","1.400","1.380","1.400","1.380","0.05K","0.00%"
"06/03/2019","1.400","1.380","1.400","1.380","1.07K","1.45%"
"05/03/2019","1.380","1.380","1.390","1.380","8.64K","0.00%"
"04/03/2019","1.380","1.460","1.460","1.380","25.64K","-8.00%"
"01/03/2019","1.500","1.500","1.520","1.500","6.39K","0.00%"
"28/02/2019","1.500","1.450","1.540","1.450","28.77K","4.17%"
"27/02/2019","1.440","1.480","1.480","1.440","5.70K","0.00%"
"26/02/2019","1.440","1.450","1.480","1.440","2.48K","-0.69%"
"25/02/2019","1.450","1.470","1.470","1.450","2.90K","-0.68%"
"22/02/2019","1.460","1.470","1.470","1.450","8.91K","0.00%"
"21/02/2019","1.460","1.450","1.460","1.450","5.00K","0.00%"
"20/02/2019","1.460","1.420","1.460","1.420","3.50K","2.10%"
"19/02/2019","1.430","1.470","1.480","1.430","15.27K","-1.38%"
"18/02/2019","1.450","1.460","1.470","1.450","6.51K","0.00%"
"15/02/2019","1.450","1.470","1.470","1.450","5.44K","-1.36%"
"14/02/2019","1.470","1.480","1.480","1.470","0.57K","0.00%"
"13/02/2019","1.470","1.450","1.470","1.450","0.06K","0.00%"
"12/02/2019","1.470","1.490","1.490","1.450","22.56K","-2.00%"
"11/02/2019","1.500","1.490","1.500","1.480","4.96K","0.00%"
"08/02/2019","1.500","1.560","1.560","1.500","3.66K","-1.32%"
"07/02/2019","1.520","1.530","1.560","1.520","8.95K","-0.65%"
"06/02/2019","1.530","1.500","1.530","1.500","1.73K","1.32%"
"05/02/2019","1.510","1.500","1.510","1.500","0.12K","0.67%"
"04/02/2019","1.500","1.490","1.500","1.450","15.38K","-2.60%"
"01/02/2019","1.540","1.530","1.540","1.520","6.18K","0.65%"
"31/01/2019","1.530","1.510","1.530","1.480","8.60K","1.32%"
"30/01/2019","1.510","1.560","1.560","1.470","31.01K","-3.21%"
"29/01/2019","1.560","1.580","1.590","1.560","12.02K","0.00%"
"28/01/2019","1.560","1.530","1.610","1.520","68.67K","0.65%"
"25/01/2019","1.550","1.500","1.700","1.480","74.38K","3.33%"
"24/01/2019","1.500","1.520","1.560","1.450","26.09K","-1.32%"
"23/01/2019","1.520","1.490","1.570","1.490","27.40K","1.33%"
"22/01/2019","1.500","1.510","1.540","1.500","24.81K","1.35%"
"21/01/2019","1.480","1.480","1.480","1.480","1.00K","0.00%"
"18/01/2019","1.480","1.500","1.530","1.470","42.07K","-0.67%"
"17/01/2019","1.490","1.450","1.490","1.450","7.32K","-0.67%"
"16/01/2019","1.500","1.500","1.500","1.500","0.10K","2.74%"
"15/01/2019","1.460","1.500","1.500","1.460","0.59K","-2.01%"
"14/01/2019","1.490","1.480","1.490","1.480","0.60K","0.00%"
"11/01/2019","1.490","1.500","1.500","1.490","1.20K","2.76%"
"10/01/2019","1.450","1.500","1.500","1.450","6.51K","-2.03%"
"09/01/2019","1.480","1.500","1.500","1.450","8.51K","-1.33%"
"08/01/2019","1.500","1.520","1.540","1.500","9.67K","-1.32%"
"07/01/2019","1.520","1.520","1.520","1.460","2.15K","0.00%"
"04/01/2019","1.520","1.520","1.520","1.520","1.10K","0.00%"
"03/01/2019","1.520","1.570","1.570","1.520","5.03K","-3.18%"
"02/01/2019","1.570","1.500","1.570","1.500","6.22K","4.67%"
"28/12/2018","1.500","1.550","1.550","1.500","3.78K","-4.46%"
"27/12/2018","1.570","1.550","1.570","1.510","22.53K","1.29%"
"21/12/2018","1.550","1.520","1.560","1.520","8.93K","-0.64%"
"20/12/2018","1.560","1.580","1.580","1.520","2.27K","0.00%"
"19/12/2018","1.560","1.580","1.580","1.510","26.54K","0.65%"
"18/12/2018","1.550","1.550","1.570","1.550","0.29K","-1.90%"
"17/12/2018","1.580","1.570","1.590","1.520","4.49K","0.64%"
"14/12/2018","1.570","1.590","1.620","1.470","52.30K","-3.68%"
"13/12/2018","1.630","1.600","1.630","1.600","0.50K","1.24%"
"12/12/2018","1.610","1.640","1.640","1.610","5.18K","0.00%"
"11/12/2018","1.610","1.780","1.780","1.600","12.41K","-10.56%"
"10/12/2018","1.800","1.550","1.800","1.510","18.51K","17.65%"
"07/12/2018","1.530","1.570","1.580","1.530","1.65K","-3.16%"
"06/12/2018","1.580","1.580","1.590","1.550","12.28K","0.00%"
"05/12/2018","1.580","1.630","1.640","1.580","0.92K","-1.86%"
"04/12/2018","1.610","1.600","1.610","1.600","0.60K","0.00%"
"03/12/2018","1.610","1.640","1.640","1.570","2.69K","-0.62%"
"30/11/2018","1.620","1.650","1.650","1.620","1.40K","0.62%"
"29/11/2018","1.610","1.690","1.690","1.600","4.08K","-3.59%"
"28/11/2018","1.670","1.690","1.690","1.670","0.89K","-1.18%"
"27/11/2018","1.690","1.720","1.720","1.650","1.25K","-0.59%"
"26/11/2018","1.700","1.690","1.750","1.690","4.60K","0.00%"
"23/11/2018","1.700","1.660","1.750","1.650","5.65K","-0.58%"
"22/11/2018","1.710","1.770","1.770","1.710","13.53K","-3.39%"
"21/11/2018","1.770","1.840","1.840","1.710","14.24K","-4.84%"
"20/11/2018","1.860","1.890","1.890","1.860","6.10K","-1.59%"
"19/11/2018","1.890","1.890","1.890","1.870","4.03K","0.00%"
"16/11/2018","1.890","1.880","1.890","1.800","23.74K","1.07%"
"15/11/2018","1.870","1.880","1.880","1.810","2.72K","-0.53%"
"14/11/2018","1.880","1.840","1.890","1.800","26.80K","0.53%"
"13/11/2018","1.870","1.870","1.880","1.860","8.24K","0.54%"
"09/11/2018","1.860","1.880","1.880","1.840","15.58K","0.54%"
"08/11/2018","1.850","1.790","1.940","1.740","21.22K","3.35%"
"07/11/2018","1.790","1.800","1.820","1.790","8.27K","-0.56%"
"06/11/2018","1.800","1.840","1.860","1.750","30.51K","-2.70%"
"05/11/2018","1.850","1.770","1.850","1.770","39.72K","4.52%"
"02/11/2018","1.770","1.650","1.780","1.650","54.73K","12.03%"
"31/10/2018","1.580","1.630","1.650","1.580","15.95K","1.28%"
"30/10/2018","1.560","1.600","1.720","1.510","43.74K","-5.45%"
"29/10/2018","1.650","1.720","1.740","1.600","47.42K","-2.94%"
"26/10/2018","1.700","1.700","1.720","1.700","32.77K","1.80%"
"25/10/2018","1.670","1.690","1.690","1.640","9.20K","-2.34%"
"24/10/2018","1.710","1.560","1.710","1.560","54.50K","14.00%"
"23/10/2018","1.500","1.500","1.560","1.500","0.61K","-1.96%"
"22/10/2018","1.530","1.560","1.560","1.530","8.90K","-1.92%"
"19/10/2018","1.560","1.620","1.630","1.550","10.31K","-3.70%"
"18/10/2018","1.620","1.620","1.620","1.540","1.38K","4.52%"
"17/10/2018","1.550","1.570","1.620","1.550","2.12K","-4.32%"
"16/10/2018","1.620","1.620","1.620","1.620","0.02K","0.00%"
"15/10/2018","1.620","1.540","1.620","1.540","2.87K","1.25%"
"12/10/2018","1.600","1.550","1.600","1.550","1.21K","1.27%"
"11/10/2018","1.580","1.580","1.600","1.550","23.21K","0.00%"
"10/10/2018","1.580","1.570","1.650","1.570","13.53K","0.64%"
"09/10/2018","1.570","1.630","1.630","1.500","17.48K","-0.63%"
"08/10/2018","1.580","1.600","1.630","1.580","7.47K","0.64%"
"05/10/2018","1.570","1.590","1.600","1.570","9.07K","-1.26%"
"04/10/2018","1.590","1.590","1.590","1.590","8.99K","0.00%"
"03/10/2018","1.590","1.570","1.590","1.550","1.89K","1.27%"
"02/10/2018","1.570","1.610","1.610","1.550","5.48K","-2.48%"
"01/10/2018","1.610","1.680","1.680","1.610","12.44K","-4.17%"
"28/09/2018","1.680","1.630","1.740","1.590","38.12K","3.07%"
"27/09/2018","1.630","1.620","1.690","1.620","14.37K","3.82%"
"26/09/2018","1.570","1.610","1.610","1.550","24.49K","-4.85%"
"25/09/2018","1.650","1.630","1.740","1.590","16.01K","1.23%"
"24/09/2018","1.630","1.490","1.630","1.410","109.70K","13.19%"
"21/09/2018","1.440","1.420","1.490","1.350","39.26K","2.86%"
"20/09/2018","1.400","1.430","1.430","1.350","40.51K","-2.10%"
"19/09/2018","1.430","1.430","1.430","1.430","1.76K","0.00%"
"18/09/2018","1.430","1.390","1.430","1.390","0.30K","2.88%"
"17/09/2018","1.390","1.400","1.430","1.390","4.01K","-2.80%"
"14/09/2018","1.430","1.430","1.430","1.350","10.50K","0.00%"
"13/09/2018","1.430","1.470","1.470","1.370","5.05K","0.70%"
"12/09/2018","1.420","1.330","1.420","1.330","4.52K","7.58%"
"11/09/2018","1.320","1.320","1.320","1.320","0.10K","0.76%"
"10/09/2018","1.310","1.310","1.310","1.310","0.08K","-2.96%"
"07/09/2018","1.350","1.420","1.440","1.350","15.32K","0.00%"
"06/09/2018","1.350","1.500","1.500","1.350","10.34K","-10.00%"
"05/09/2018","1.500","1.400","1.500","1.400","34.12K","5.63%"
"04/09/2018","1.420","1.500","1.500","1.380","29.22K","-4.05%"
"03/09/2018","1.480","1.430","1.490","1.400","43.89K","1.37%"
"31/08/2018","1.460","1.430","1.550","1.430","22.76K","0.69%"
"30/08/2018","1.450","1.460","1.460","1.450","2.62K","-0.68%"
"29/08/2018","1.460","1.450","1.500","1.450","14.33K","0.00%"
"28/08/2018","1.460","1.450","1.500","1.450","11.18K","0.69%"
"27/08/2018","1.450","1.460","1.480","1.450","15.90K","-1.36%"
"24/08/2018","1.470","1.500","1.500","1.470","18.63K","-2.00%"
"23/08/2018","1.500","1.550","1.550","1.480","85.50K","-0.66%"
"22/08/2018","1.510","1.570","1.570","1.500","14.94K","-3.82%"
"21/08/2018","1.570","1.600","1.600","1.570","10.95K","-1.87%"
"20/08/2018","1.600","1.600","1.600","1.570","10.28K","1.91%"
"17/08/2018","1.570","1.580","1.580","1.570","3.79K","-0.63%"
"16/08/2018","1.580","1.600","1.600","1.570","8.49K","0.00%"
"14/08/2018","1.580","1.520","1.580","1.500","62.52K","3.95%"
"13/08/2018","1.520","1.530","1.530","1.480","18.08K","0.66%"
"10/08/2018","1.510","1.570","1.600","1.510","22.23K","-1.31%"
"09/08/2018","1.530","1.480","1.570","1.480","59.94K","3.38%"
"08/08/2018","1.480","1.510","1.510","1.480","1.51K","-1.33%"
"07/08/2018","1.500","1.500","1.520","1.500","58.50K","4.17%"
"06/08/2018","1.440","1.510","1.510","1.440","4.39K","-4.64%"
"03/08/2018","1.510","1.460","1.510","1.460","0.32K","0.00%"
"02/08/2018","1.510","1.510","1.510","1.510","4.00K","0.00%"
"01/08/2018","1.510","1.520","1.520","1.450","9.36K","-0.66%"
"31/07/2018","1.520","1.520","1.520","1.520","12.99K","1.33%"
"30/07/2018","1.500","1.510","1.570","1.480","11.18K","-5.06%"
"27/07/2018","1.580","1.510","1.580","1.510","5.86K","5.33%"
"26/07/2018","1.500","1.480","1.500","1.480","6.01K","0.67%"
"25/07/2018","1.490","1.410","1.490","1.410","6.15K","0.68%"
"24/07/2018","1.480","1.450","1.490","1.450","42.69K","-3.90%"
"23/07/2018","1.540","1.550","1.550","1.500","13.78K","-2.53%"
"20/07/2018","1.580","1.580","1.580","1.550","0.02K","2.60%"
"19/07/2018","1.540","1.500","1.550","1.500","4.10K","2.67%"
"18/07/2018","1.500","1.490","1.500","1.490","2.00K","-1.96%"
"17/07/2018","1.530","1.460","1.530","1.460","5.16K","2.00%"
"16/07/2018","1.500","1.580","1.580","1.500","5.93K","-6.25%"
"13/07/2018","1.600","1.590","1.600","1.550","9.63K","1.91%"
"12/07/2018","1.570","1.590","1.590","1.570","8.90K","0.00%"
"11/07/2018","1.570","1.560","1.570","1.500","4.61K","1.95%"
"10/07/2018","1.540","1.510","1.580","1.510","0.96K","0.65%"
"09/07/2018","1.530","1.450","1.530","1.440","8.87K","3.38%"
"06/07/2018","1.480","1.510","1.510","1.440","29.23K","-1.33%"
"05/07/2018","1.500","1.510","1.510","1.500","0.50K","0.00%"
"04/07/2018","1.500","1.470","1.500","1.470","2.66K","0.67%"
"03/07/2018","1.490","1.640","1.640","1.490","27.91K","-9.70%"
"02/07/2018","1.650","1.490","1.650","1.480","10.59K","10.00%"
"29/06/2018","1.500","1.500","1.500","1.490","7.47K","0.67%"
"28/06/2018","1.490","1.520","1.520","1.410","1.84K","-3.25%"
"27/06/2018","1.540","1.610","1.610","1.490","53.84K","-4.35%"
"26/06/2018","1.610","1.640","1.640","1.580","0.72K","0.62%"
"25/06/2018","1.600","1.610","1.640","1.580","29.55K","-3.03%"
"22/06/2018","1.650","1.700","1.700","1.650","38.08K","-1.20%"
"21/06/2018","1.670","1.600","1.690","1.600","24.07K","4.37%"
"20/06/2018","1.600","1.600","1.630","1.590","27.14K","0.63%"
"19/06/2018","1.590","1.550","1.600","1.550","5.85K","2.58%"
"18/06/2018","1.550","1.590","1.590","1.520","3.85K","1.97%"
"15/06/2018","1.520","1.480","1.600","1.480","16.14K","2.70%"
"14/06/2018","1.480","1.400","1.480","1.400","30.87K","3.50%"
"13/06/2018","1.430","1.360","1.430","1.360","6.01K","3.62%"
"12/06/2018","1.380","1.430","1.430","1.350","12.87K","-2.82%"
"11/06/2018","1.420","1.350","1.430","1.350","5.33K","5.19%"
"08/06/2018","1.350","1.350","1.350","1.350","1.86K","-2.17%"
"07/06/2018","1.380","1.390","1.390","1.350","3.18K","-0.72%"
"06/06/2018","1.390","1.350","1.390","1.350","4.50K","1.46%"
"05/06/2018","1.370","1.360","1.370","1.350","4.98K","0.74%"
"04/06/2018","1.360","1.360","1.360","1.310","0.21K","0.00%"
"30/05/2018","1.360","1.360","1.360","1.360","0.99K","0.00%"
"29/05/2018","1.360","1.350","1.360","1.270","1.48K","0.74%"
"28/05/2018","1.350","1.350","1.350","1.350","1.36K","0.00%"
"25/05/2018","1.350","1.320","1.350","1.300","19.33K","-2.88%"
"24/05/2018","1.390","1.390","1.390","1.340","2.52K","0.00%"
"23/05/2018","1.390","1.390","1.390","1.390","0.10K","3.73%"
"22/05/2018","1.340","1.390","1.390","1.300","24.06K","-0.74%"
"21/05/2018","1.350","1.390","1.390","1.350","2.42K","0.00%"
"18/05/2018","1.350","1.350","1.350","1.330","6.71K","-3.57%"
"17/05/2018","1.400","1.320","1.400","1.310","5.49K","5.26%"
"16/05/2018","1.330","1.430","1.430","1.300","37.85K","-5.00%"
"15/05/2018","1.400","1.430","1.430","1.350","34.86K","-2.10%"
"14/05/2018","1.430","1.430","1.430","1.380","20.68K","2.88%"
"11/05/2018","1.390","1.390","1.390","1.390","0.00K","-2.11%"
"10/05/2018","1.420","1.420","1.420","1.420","0.19K","2.16%"
"09/05/2018","1.390","1.350","1.390","1.350","2.10K","0.00%"
"08/05/2018","1.390","1.400","1.400","1.370","7.72K","-0.71%"
"07/05/2018","1.400","1.430","1.430","1.400","0.55K","2.19%"
"04/05/2018","1.370","1.440","1.440","1.370","6.34K","-4.86%"
"02/05/2018","1.440","1.440","1.440","1.440","0.10K","0.00%"
"27/04/2018","1.440","1.430","1.450","1.430","7.08K","0.00%"
"26/04/2018","1.440","1.440","1.440","1.440","0.05K","0.70%"
"25/04/2018","1.430","1.400","1.430","1.400","5.25K","0.00%"
"24/04/2018","1.430","1.430","1.430","1.400","1.60K","-0.69%"
"23/04/2018","1.440","1.440","1.440","1.440","1.22K","0.70%"
"20/04/2018","1.430","1.400","1.430","1.400","0.86K","3.62%"
"19/04/2018","1.380","1.460","1.460","1.370","20.20K","-2.13%"
"18/04/2018","1.410","1.460","1.480","1.410","35.16K","-2.08%"
"17/04/2018","1.440","1.480","1.480","1.410","18.36K","-2.70%"
"16/04/2018","1.480","1.480","1.480","1.480","0.20K","0.00%"
"13/04/2018","1.480","1.430","1.490","1.410","35.74K","-0.67%"
"12/04/2018","1.490","1.490","1.490","1.490","1.00K","0.00%"
"11/04/2018","1.490","1.490","1.490","1.410","8.93K","0.00%"
"10/04/2018","1.490","1.440","1.490","1.420","5.01K","2.05%"
"06/04/2018","1.460","1.480","1.480","1.420","29.52K","-1.35%"
"05/04/2018","1.480","1.490","1.490","1.450","0.50K","-0.67%"
"04/04/2018","1.490","1.490","1.490","1.430","16.27K","2.05%"
"03/04/2018","1.460","1.450","1.490","1.450","9.11K","0.00%"
"29/03/2018","1.460","1.490","1.490","1.430","45.12K","-2.67%"
"28/03/2018","1.500","1.300","1.500","1.300","132.46K","12.78%"
"27/03/2018","1.330","1.380","1.390","1.300","15.25K","-3.62%"
"26/03/2018","1.380","1.300","1.390","1.300","8.85K","6.15%"
"23/03/2018","1.300","1.440","1.440","1.300","49.77K","-9.09%"
"22/03/2018","1.430","1.420","1.430","1.420","1.11K","-1.38%"
"21/03/2018","1.450","1.440","1.450","1.440","2.00K","1.40%"
"20/03/2018","1.430","1.380","1.430","1.380","5.40K","2.14%"
"19/03/2018","1.400","1.410","1.430","1.400","11.39K","-2.10%"
"16/03/2018","1.430","1.400","1.450","1.380","67.06K","2.14%"
"15/03/2018","1.400","1.360","1.400","1.360","4.43K","2.94%"
"14/03/2018","1.360","1.400","1.400","1.360","6.22K","-1.45%"
"13/03/2018","1.380","1.510","1.510","1.360","77.21K","-8.00%"
"12/03/2018","1.500","1.480","1.510","1.430","8.68K","3.45%"
"09/03/2018","1.450","1.490","1.500","1.410","22.61K","-1.36%"
"08/03/2018","1.470","1.400","1.650","1.400","73.47K","5.76%"
"07/03/2018","1.390","1.430","1.460","1.390","48.57K","-6.08%"
"06/03/2018","1.480","1.530","1.530","1.430","37.32K","-3.27%"
"05/03/2018","1.530","1.610","1.610","1.520","10.53K","0.00%"
"02/03/2018","1.530","1.610","1.650","1.530","28.15K","-4.97%"
"01/03/2018","1.610","1.590","1.610","1.570","14.44K","0.00%"
"28/02/2018","1.610","1.530","1.620","1.530","1.91K","0.62%"
"27/02/2018","1.600","1.640","1.640","1.590","64.45K","-1.23%"
"26/02/2018","1.620","1.570","1.620","1.560","5.32K","3.18%"
"23/02/2018","1.570","1.520","1.570","1.520","1.67K","2.61%"
"22/02/2018","1.530","1.530","1.550","1.520","10.53K","-1.29%"
"21/02/2018","1.550","1.550","1.550","1.520","14.11K","0.00%"
"20/02/2018","1.550","1.550","1.550","1.530","12.76K","0.00%"
"19/02/2018","1.550","1.590","1.600","1.550","23.81K","-2.52%"
"16/02/2018","1.590","1.610","1.700","1.590","47.44K","0.00%"
"15/02/2018","1.590","1.620","1.650","1.580","42.50K","-3.64%"
"14/02/2018","1.650","1.650","1.650","1.640","8.41K","0.00%"
"13/02/2018","1.650","1.640","1.650","1.620","3.86K","1.85%"
"12/02/2018","1.620","1.620","1.650","1.620","7.50K","-1.82%"
"09/02/2018","1.650","1.680","1.700","1.620","17.25K","-2.94%"
"08/02/2018","1.700","1.650","1.760","1.650","127.22K","4.29%"
"07/02/2018","1.630","1.650","1.760","1.630","69.91K","-1.21%"
"06/02/2018","1.650","1.830","1.830","1.590","33.81K","-10.81%"
"05/02/2018","1.850","1.920","1.930","1.850","11.71K","-2.12%"
"02/02/2018","1.890","1.890","1.900","1.890","10.11K","-0.53%"
"01/02/2018","1.900","1.900","1.900","1.900","8.95K","0.53%"
"31/01/2018","1.890","1.880","1.890","1.880","0.45K","-0.53%"
"30/01/2018","1.900","1.950","1.970","1.900","22.31K","-3.55%"
"29/01/2018","1.970","1.950","1.970","1.950","1.18K","0.51%"
"26/01/2018","1.960","1.980","1.990","1.900","9.78K","-1.01%"
"25/01/2018","1.980","1.960","1.990","1.900","15.20K","-1.49%"
"24/01/2018","2.010","1.930","2.010","1.930","0.42K","4.15%"
"23/01/2018","1.930","2.050","2.100","1.910","33.28K","-5.85%"
"22/01/2018","2.050","2.050","2.050","2.010","18.27K","-2.38%"
"19/01/2018","2.100","2.160","2.200","2.080","13.07K","-2.78%"
"18/01/2018","2.160","2.200","2.200","2.160","4.30K","-2.70%"
"17/01/2018","2.220","2.220","2.250","2.200","6.94K","-1.33%"
"16/01/2018","2.250","2.240","2.250","2.210","3.98K","-3.02%"
"15/01/2018","2.320","2.310","2.320","2.220","2.13K","-0.85%"
"12/01/2018","2.340","2.190","2.340","2.190","12.57K","8.84%"
"11/01/2018","2.150","2.240","2.240","2.150","4.87K","-4.44%"
"10/01/2018","2.250","2.180","2.250","2.150","3.62K","3.21%"
"09/01/2018","2.180","2.210","2.210","2.180","1.11K","-1.36%"
"08/01/2018","2.210","2.250","2.250","2.210","2.45K","-1.78%"
"05/01/2018","2.250","2.290","2.290","2.250","8.61K","-1.75%"
"04/01/2018","2.290","2.140","2.290","2.140","20.70K","6.51%"
"03/01/2018","2.150","2.150","2.150","2.150","3.00K","1.90%"
"29/12/2017","2.110","2.080","2.150","2.080","2.46K","-1.86%"
"28/12/2017","2.150","2.080","2.150","2.050","18.00K","3.37%"
"27/12/2017","2.080","2.120","2.120","2.020","23.03K","-4.59%"
"22/12/2017","2.180","2.190","2.190","2.080","17.09K","-0.46%"
"21/12/2017","2.190","2.220","2.220","2.190","5.80K","-3.95%"
"20/12/2017","2.280","2.280","2.300","2.210","2.38K","0.00%"
"19/12/2017","2.280","2.250","2.300","2.250","3.83K","-4.60%"
"18/12/2017","2.390","2.350","2.400","2.250","11.47K","-4.40%"
"15/12/2017","2.500","2.380","2.500","2.210","55.98K","6.38%"
"14/12/2017","2.350","2.750","2.750","2.240","196.14K","-16.07%"
"13/12/2017","2.800","2.800","2.860","2.750","19.93K","0.00%"
"12/12/2017","2.800","2.680","2.800","2.660","29.39K","5.26%"
"11/12/2017","2.660","2.680","2.740","2.640","36.88K","-1.48%"
"08/12/2017","2.700","2.670","2.720","2.670","10.22K","0.00%"
"07/12/2017","2.700","2.600","2.720","2.600","25.03K","3.85%"
"06/12/2017","2.600","2.650","2.710","2.550","7.63K","0.78%"
"05/12/2017","2.580","2.680","2.680","2.540","9.15K","-4.44%"
"04/12/2017","2.700","2.760","2.760","2.700","14.63K","-1.82%"
"01/12/2017","2.750","2.650","2.750","2.640","8.17K","3.77%"
"30/11/2017","2.650","2.650","2.650","2.550","13.54K","3.52%"
"29/11/2017","2.560","2.690","2.690","2.550","13.61K","-2.66%"
"28/11/2017","2.630","2.710","2.710","2.630","19.42K","-2.95%"
"27/11/2017","2.710","2.770","2.770","2.690","9.36K","0.37%"
"24/11/2017","2.700","2.820","2.820","2.700","14.05K","-1.46%"
"23/11/2017","2.740","2.750","2.750","2.720","3.22K","0.37%"
"22/11/2017","2.730","2.940","2.940","2.720","49.74K","-7.14%"
"21/11/2017","2.940","3.040","3.050","2.840","32.75K","-2.97%"
"20/11/2017","3.030","2.840","3.050","2.840","41.39K","5.94%"
"17/11/2017","2.860","2.940","2.950","2.720","55.93K","-2.05%"
"16/11/2017","2.920","2.830","2.920","2.830","13.41K","2.82%"
"15/11/2017","2.840","2.850","2.850","2.700","33.42K","-0.35%"
"14/11/2017","2.850","2.900","2.950","2.770","26.77K","-3.39%"
"13/11/2017","2.950","2.860","2.970","2.710","41.52K","3.51%"
"10/11/2017","2.850","3.110","3.130","2.810","107.19K","-9.24%"
"09/11/2017","3.140","2.740","3.150","2.740","362.23K","16.73%"
"08/11/2017","2.690","2.570","2.770","2.530","146.37K","1.89%"
"07/11/2017","2.640","2.250","2.680","2.250","218.81K","17.86%"
"06/11/2017","2.240","2.040","2.240","2.040","40.52K","9.80%"
"03/11/2017","2.040","1.970","2.040","1.960","29.58K","5.15%"
"02/11/2017","1.940","1.980","1.980","1.850","32.57K","-1.02%"
"31/10/2017","1.960","1.900","1.960","1.780","15.26K","3.16%"
"30/10/2017","1.900","2.050","2.050","1.880","15.46K","-5.00%"
"27/10/2017","2.000","2.100","2.120","1.890","14.55K","-8.26%"
"26/10/2017","2.180","2.200","2.200","2.100","0.14K","1.40%"
"25/10/2017","2.150","2.250","2.250","2.060","1.64K","-5.29%"
"24/10/2017","2.270","2.300","2.300","2.100","21.92K","-1.73%"
"23/10/2017","2.310","2.310","2.330","2.260","21.42K","-0.86%"
"20/10/2017","2.330","2.350","2.350","2.330","0.18K","-0.43%"
"19/10/2017","2.340","2.340","2.350","2.340","5.42K","0.00%"
"18/10/2017","2.340","2.240","2.350","2.240","18.33K","4.46%"
"17/10/2017","2.240","2.300","2.350","2.240","14.41K","-2.61%"
"16/10/2017","2.300","2.320","2.350","2.280","30.41K","-1.29%"
"13/10/2017","2.330","2.490","2.530","2.260","61.63K","-8.98%"
"12/10/2017","2.560","2.350","2.580","2.320","101.99K","16.36%"
"11/10/2017","2.200","2.200","2.300","2.110","95.38K","11.11%"
"10/10/2017","1.980","1.940","2.050","1.940","9.62K","2.06%"
"09/10/2017","1.940","1.930","1.940","1.900","18.88K","2.65%"
"06/10/2017","1.890","1.930","1.930","1.890","5.35K","-1.05%"
"05/10/2017","1.910","2.050","2.080","1.910","7.20K","-6.83%"
"04/10/2017","2.050","1.930","2.070","1.920","36.04K","6.77%"
"03/10/2017","1.920","1.890","1.940","1.890","4.17K","1.05%"
"02/10/2017","1.900","1.900","1.920","1.890","5.12K","1.06%"
"29/09/2017","1.880","1.860","1.880","1.860","3.05K","1.62%"
"28/09/2017","1.850","1.880","1.880","1.850","1.77K","-0.54%"
"27/09/2017","1.860","1.850","1.860","1.850","2.28K","0.54%"
"26/09/2017","1.850","1.860","1.890","1.850","3.79K","-0.54%"
"25/09/2017","1.860","1.860","1.860","1.860","2.75K","0.54%"
"22/09/2017","1.850","1.870","1.870","1.850","1.14K","-1.60%"
"21/09/2017","1.880","1.850","1.880","1.850","23.86K","1.62%"
"20/09/2017","1.850","1.850","1.850","1.850","0.42K","0.00%"
"19/09/2017","1.850","1.880","1.880","1.850","2.31K","-1.60%"
"18/09/2017","1.880","1.720","1.890","1.710","24.06K","7.43%"
"14/09/2017","1.750","1.720","1.750","1.720","1.91K","1.74%"
"12/09/2017","1.720","1.710","1.730","1.710","11.53K","0.00%"
"11/09/2017","1.720","1.710","1.720","1.710","0.20K","1.18%"
"08/09/2017","1.700","1.700","1.700","1.700","4.30K","-0.58%"
"07/09/2017","1.710","1.680","1.710","1.680","52.01K","0.00%"
"06/09/2017","1.710","1.690","1.720","1.660","14.02K","-3.93%"
"05/09/2017","1.780","1.710","1.780","1.710","2.21K","4.09%"
"04/09/2017","1.710","1.730","1.730","1.710","0.25K","-1.16%"
"01/09/2017","1.730","1.770","1.780","1.730","12.68K","-4.42%"
"31/08/2017","1.810","1.790","1.850","1.770","20.82K","1.12%"
"30/08/2017","1.790","1.790","1.790","1.790","0.95K","0.00%"
"29/08/2017","1.790","1.790","1.790","1.790","0.10K","0.00%"
"28/08/2017","1.790","1.790","1.790","1.770","2.95K","-0.56%"
"25/08/2017","1.800","1.850","1.850","1.780","8.19K","0.56%"
"24/08/2017","1.790","1.800","1.850","1.790","3.89K","-0.56%"
"23/08/2017","1.800","1.800","1.800","1.800","0.59K","0.00%"
"22/08/2017","1.800","1.800","1.800","1.800","6.55K","-0.55%"
"21/08/2017","1.810","1.800","1.810","1.800","0.40K","1.12%"
"18/08/2017","1.790","1.810","1.810","1.790","7.55K","-2.19%"
"17/08/2017","1.830","1.840","1.840","1.800","1.42K","-1.08%"
"11/08/2017","1.850","1.810","1.850","1.810","2.46K","0.54%"
"10/08/2017","1.840","1.870","1.870","1.840","2.92K","-1.60%"
"09/08/2017","1.870","1.850","1.870","1.850","1.25K","1.08%"
"08/08/2017","1.850","1.930","1.930","1.850","7.19K","-4.15%"
"07/08/2017","1.930","1.980","1.980","1.850","31.90K","-2.53%"
"04/08/2017","1.980","1.850","1.990","1.850","52.29K","7.03%"
"03/08/2017","1.850","1.900","1.910","1.850","9.45K","-2.63%"
"02/08/2017","1.900","1.860","1.900","1.850","29.37K","5.56%"
"01/08/2017","1.800","1.850","1.850","1.800","3.62K","-2.70%"
"31/07/2017","1.850","1.900","1.900","1.810","57.27K","3.93%"
"28/07/2017","1.780","1.760","1.780","1.670","2.45K","2.30%"
"27/07/2017","1.740","1.650","1.790","1.650","31.58K","4.82%"
"26/07/2017","1.660","1.610","1.660","1.610","47.71K","3.75%"
"25/07/2017","1.600","1.620","1.620","1.600","3.07K","0.00%"
"24/07/2017","1.600","1.550","1.630","1.550","41.02K","5.96%"
"21/07/2017","1.510","1.530","1.550","1.510","6.54K","-1.31%"
"20/07/2017","1.530","1.530","1.530","1.500","6.11K","0.00%"
"19/07/2017","1.530","1.500","1.550","1.500","29.58K","0.66%"
"18/07/2017","1.520","1.590","1.590","1.500","82.42K","-1.94%"
"17/07/2017","1.550","1.600","1.640","1.540","145.18K","3.33%"
"14/07/2017","1.500","1.510","1.530","1.500","109.67K","-1.32%"
"13/07/2017","1.520","1.540","1.540","1.500","26.16K","-1.30%"
"12/07/2017","1.540","1.560","1.600","1.540","27.90K","-3.75%"
"11/07/2017","1.600","1.650","1.650","1.600","19.81K","-3.03%"
"10/07/2017","1.650","1.700","1.700","1.650","3.73K","-2.94%"
"07/07/2017","1.700","1.700","1.700","1.700","4.47K","1.80%"
"06/07/2017","1.670","1.650","1.670","1.650","4.12K","0.00%"
"05/07/2017","1.670","1.710","1.710","1.670","1.49K","0.00%"
"04/07/2017","1.670","1.720","1.720","1.670","1.13K","-2.91%"
"03/07/2017","1.720","1.730","1.730","1.720","0.02K","2.99%"
"30/06/2017","1.670","1.690","1.690","1.640","16.79K","-1.18%"
"29/06/2017","1.690","1.720","1.730","1.670","35.29K","1.20%"
"28/06/2017","1.670","1.670","1.670","1.670","10.26K","0.00%"
"27/06/2017","1.670","1.670","1.670","1.670","0.98K","1.21%"
"26/06/2017","1.650","1.650","1.650","1.650","0.10K","-0.60%"
"23/06/2017","1.660","1.660","1.660","1.660","3.26K","0.00%"
"22/06/2017","1.660","1.660","1.660","1.660","0.04K","0.61%"
"20/06/2017","1.650","1.720","1.720","1.650","96.49K","-3.51%"
"19/06/2017","1.710","1.710","1.710","1.710","0.02K","-0.58%"
"14/06/2017","1.720","1.780","1.790","1.720","1.83K","-3.37%"
"13/06/2017","1.780","1.770","1.790","1.700","9.80K","0.56%"
"12/06/2017","1.770","1.640","1.770","1.640","3.33K","7.93%"
"09/06/2017","1.640","1.680","1.680","1.640","4.01K","-8.89%"
"08/06/2017","1.800","1.770","1.800","1.770","0.50K","0.00%"
"07/06/2017","1.800","1.800","1.800","1.760","9.34K","0.00%"
"06/06/2017","1.800","1.800","1.800","1.800","0.10K","-2.70%"
"05/06/2017","1.850","1.820","1.850","1.820","10.00K","1.65%"
"01/06/2017","1.820","1.800","1.820","1.800","1.12K","1.11%"
"31/05/2017","1.800","1.720","1.850","1.720","33.80K","1.12%"
"30/05/2017","1.780","1.630","1.790","1.630","32.73K","10.56%"
"29/05/2017","1.610","1.650","1.650","1.610","16.12K","-7.47%"
"26/05/2017","1.740","1.700","1.740","1.700","4.36K","0.00%"
"25/05/2017","1.740","1.730","1.740","1.710","9.38K","-0.57%"
"24/05/2017","1.750","1.650","1.750","1.650","3.85K","-0.57%"
"23/05/2017","1.760","1.780","1.850","1.640","38.77K","-0.56%"
"22/05/2017","1.770","1.650","1.770","1.650","1.01K","-0.56%"
"19/05/2017","1.780","1.620","1.780","1.620","13.59K","9.88%"
"18/05/2017","1.620","1.630","1.630","1.620","0.11K","-2.99%"
"17/05/2017","1.670","1.690","1.730","1.570","139.28K","-0.60%"
"16/05/2017","1.680","1.690","1.690","1.680","4.50K","0.60%"
"15/05/2017","1.670","1.690","1.690","1.640","8.68K","0.00%"
"12/05/2017","1.670","1.630","1.740","1.630","7.01K","-3.47%"
"11/05/2017","1.730","1.650","1.730","1.650","10.00K","4.85%"
"10/05/2017","1.650","1.650","1.650","1.600","1.06K","0.00%"
"09/05/2017","1.650","1.690","1.690","1.530","4.88K","-5.71%"
"05/05/2017","1.750","1.690","1.750","1.690","0.21K","3.55%"
"04/05/2017","1.690","1.740","1.740","1.690","5.84K","-3.43%"
"02/05/2017","1.750","1.700","1.750","1.690","0.73K","0.00%"
"27/04/2017","1.750","1.710","1.750","1.700","6.54K","0.00%"
"26/04/2017","1.750","1.730","1.820","1.710","7.46K","0.00%"
"25/04/2017","1.750","1.750","1.750","1.730","46.87K","-5.91%"
"24/04/2017","1.860","1.800","1.910","1.740","21.87K","-2.62%"
"21/04/2017","1.910","1.970","1.970","1.910","0.81K","-3.05%"
"20/04/2017","1.970","1.980","1.990","1.900","17.02K","-1.50%"
"19/04/2017","2.000","1.980","2.000","1.980","8.04K","1.01%"
"18/04/2017","1.980","1.920","1.980","1.920","1.50K","0.00%"
"13/04/2017","1.980","1.900","1.980","1.900","13.99K","1.54%"
"12/04/2017","1.950","1.920","1.950","1.920","1.43K","1.56%"
"11/04/2017","1.920","2.010","2.010","1.900","19.95K","-5.42%"
"10/04/2017","2.030","2.020","2.040","2.000","1.54K","1.50%"
"07/04/2017","2.000","1.980","2.000","1.980","16.00K","-1.96%"
"06/04/2017","2.040","1.920","2.050","1.920","18.22K","4.62%"
"05/04/2017","1.950","1.950","1.990","1.950","7.72K","-2.50%"
"04/04/2017","2.000","1.900","2.000","1.900","42.79K","2.56%"
"31/03/2017","1.950","1.900","1.950","1.900","7.98K","3.17%"
"30/03/2017","1.890","1.950","1.970","1.880","18.77K","-3.08%"
"29/03/2017","1.950","1.950","1.950","1.950","5.07K","2.63%"
"28/03/2017","1.900","1.950","1.970","1.900","19.52K","-3.55%"
"27/03/2017","1.970","1.980","1.980","1.970","0.76K","4.79%"
"24/03/2017","1.880","1.980","1.980","1.880","7.34K","-1.05%"
"23/03/2017","1.900","1.900","1.900","1.900","6.69K","0.00%"
"22/03/2017","1.900","1.940","1.940","1.850","11.43K","-2.06%"
"21/03/2017","1.940","2.020","2.020","1.940","8.41K","-3.96%"
"20/03/2017","2.020","2.000","2.030","1.910","2.91K","1.51%"
"17/03/2017","1.990","1.980","2.000","1.930","5.02K","1.02%"
"16/03/2017","1.970","1.940","1.980","1.930","14.47K","-3.90%"
"15/03/2017","2.050","2.080","2.160","1.930","26.87K","0.49%"
"14/03/2017","2.040","1.900","2.080","1.900","19.99K","8.51%"
"13/03/2017","1.880","1.847","1.897","1.747","40.72K","8.67%"
"10/03/2017","1.730","1.822","1.872","1.705","57.24K","-0.97%"
"09/03/2017","1.747","1.730","1.747","1.664","18.78K","-4.12%"
"08/03/2017","1.822","1.855","1.855","1.722","17.30K","-0.44%"
"07/03/2017","1.830","1.863","1.863","1.772","14.69K","-1.77%"
"06/03/2017","1.863","1.805","1.888","1.805","3.29K","-2.20%"
"03/03/2017","1.905","1.797","1.905","1.797","16.69K","6.01%"
"02/03/2017","1.797","1.905","1.905","1.797","19.31K","-5.67%"
"01/03/2017","1.905","1.913","1.913","1.855","12.58K","-0.42%"
"28/02/2017","1.913","1.963","1.963","1.872","56.54K","-2.55%"
"27/02/2017","1.963","1.988","1.988","1.872","7.88K","-0.86%"
"24/02/2017","1.980","1.972","1.996","1.847","35.50K","1.28%"
"23/02/2017","1.955","1.996","2.013","1.955","14.96K","-4.45%"
"22/02/2017","2.046","2.080","2.113","1.972","25.08K","-1.63%"
"21/02/2017","2.080","2.130","2.130","2.038","28.31K","-1.93%"
"20/02/2017","2.121","2.080","2.121","2.080","64.59K","0.76%"
"17/02/2017","2.105","2.030","2.121","2.013","74.49K","2.43%"
"16/02/2017","2.055","1.972","2.080","1.922","216.26K","6.92%"
"15/02/2017","1.922","1.780","1.988","1.780","102.02K","8.47%"
"14/02/2017","1.772","1.772","1.813","1.714","9.41K","0.45%"
"13/02/2017","1.764","1.705","1.822","1.705","19.50K","0.97%"
"10/02/2017","1.747","1.739","1.747","1.639","69.81K","0.46%"
"09/02/2017","1.739","1.830","1.830","1.655","54.19K","-2.74%"
"08/02/2017","1.788","1.788","1.830","1.788","23.73K","-0.50%"
"07/02/2017","1.797","1.797","1.797","1.764","28.19K","-1.80%"
"06/02/2017","1.830","1.813","1.872","1.747","63.02K","2.81%"
"03/02/2017","1.780","1.722","1.980","1.680","411.69K","7.55%"
"02/02/2017","1.655","1.414","1.680","1.397","221.28K","17.04%"
"01/02/2017","1.414","1.423","1.423","1.397","14.25K","-1.19%"
"31/01/2017","1.431","1.373","1.439","1.373","3.06K","4.22%"
"30/01/2017","1.373","1.397","1.397","1.373","1.20K","-3.51%"
"27/01/2017","1.423","1.381","1.423","1.381","4.72K","0.00%"
"26/01/2017","1.423","1.414","1.423","1.406","5.06K","1.21%"
"25/01/2017","1.406","1.456","1.456","1.364","7.90K","-3.43%"
"24/01/2017","1.456","1.423","1.456","1.414","14.11K","0.62%"
"23/01/2017","1.447","1.364","1.456","1.364","21.02K","5.39%"
"20/01/2017","1.373","1.431","1.431","1.373","3.72K","-2.90%"
"19/01/2017","1.414","1.431","1.447","1.414","11.96K","0.00%"
"18/01/2017","1.414","1.331","1.414","1.289","55.39K","6.24%"
"17/01/2017","1.331","1.314","1.348","1.273","42.38K","5.30%"
"16/01/2017","1.264","1.289","1.323","1.264","22.36K","0.64%"
"13/01/2017","1.256","1.331","1.348","1.256","64.34K","-5.63%"
"12/01/2017","1.331","1.356","1.356","1.289","93.23K","-5.87%"
"11/01/2017","1.414","1.414","1.439","1.414","1.51K","-1.74%"
"10/01/2017","1.439","1.373","1.447","1.373","15.92K","1.77%"
"09/01/2017","1.414","1.306","1.414","1.306","9.83K","2.99%"
"05/01/2017","1.373","1.298","1.381","1.298","22.32K","3.16%"
"04/01/2017","1.331","1.298","1.331","1.298","9.93K","0.00%"
"03/01/2017","1.331","1.314","1.331","1.298","16.91K","0.60%"
"02/01/2017","1.323","1.298","1.323","1.273","30.97K","-0.60%"
"30/12/2016","1.331","1.348","1.356","1.323","19.11K","0.00%"
"29/12/2016","1.331","1.331","1.348","1.323","15.35K","1.91%"
"28/12/2016","1.306","1.339","1.348","1.298","26.90K","-3.69%"
"27/12/2016","1.356","1.323","1.406","1.323","54.16K","4.47%"
"23/12/2016","1.298","1.289","1.314","1.273","13.80K","-1.22%"
"22/12/2016","1.314","1.339","1.348","1.281","39.38K","-3.67%"
"21/12/2016","1.364","1.406","1.406","1.323","60.36K","-4.68%"
"20/12/2016","1.431","1.414","1.431","1.397","7.89K","-2.79%"
"19/12/2016","1.472","1.522","1.522","1.414","21.69K","2.87%"
"16/12/2016","1.431","1.489","1.497","1.431","12.07K","-2.79%"
"15/12/2016","1.472","1.497","1.531","1.464","17.71K","0.55%"
"14/12/2016","1.464","1.489","1.497","1.464","17.55K","-1.68%"
"13/12/2016","1.489","1.414","1.489","1.414","13.55K","4.05%"
"12/12/2016","1.431","1.431","1.431","1.414","1.66K","-1.11%"
"09/12/2016","1.447","1.414","1.447","1.414","0.65K","2.33%"
"08/12/2016","1.414","1.447","1.447","1.356","54.36K","-0.63%"
"07/12/2016","1.423","1.423","1.439","1.406","20.33K","-4.43%"
"06/12/2016","1.489","1.547","1.547","1.414","21.65K","2.27%"
"05/12/2016","1.456","1.531","1.539","1.456","9.43K","-3.32%"
"02/12/2016","1.506","1.381","1.514","1.381","15.40K","6.51%"
"01/12/2016","1.414","1.414","1.414","1.414","3.25K","-1.19%"
"30/11/2016","1.431","1.456","1.456","1.397","13.29K","-1.72%"
"29/11/2016","1.456","1.423","1.497","1.406","27.42K","3.56%"
"28/11/2016","1.406","1.447","1.447","1.397","26.43K","0.00%"
"25/11/2016","1.406","1.397","1.472","1.331","47.73K","-2.83%"
"24/11/2016","1.447","1.481","1.481","1.348","29.68K","-3.34%"
"23/11/2016","1.497","1.472","1.497","1.472","22.69K","0.00%"
"22/11/2016","1.497","1.622","1.622","1.464","202.63K","-13.92%"
"21/11/2016","1.739","1.822","1.838","1.714","90.16K","-6.66%"
"18/11/2016","1.863","1.872","1.996","1.863","55.22K","2.76%"
"17/11/2016","1.813","1.830","1.830","1.797","20.56K","-0.93%"
"16/11/2016","1.830","1.797","1.946","1.797","62.68K","2.81%"
"15/11/2016","1.780","1.722","1.780","1.722","4.09K","-1.82%"
"14/11/2016","1.813","1.788","1.813","1.689","56.83K","-0.93%"
"10/11/2016","1.830","1.822","1.830","1.788","13.62K","0.44%"
"09/11/2016","1.822","1.680","1.830","1.680","17.78K","-2.20%"
"08/11/2016","1.863","1.855","1.913","1.747","69.89K","0.43%"
"07/11/2016","1.855","1.813","1.863","1.813","14.15K","3.75%"
"04/11/2016","1.788","1.788","1.813","1.747","36.00K","-1.38%"
"03/11/2016","1.813","1.955","1.988","1.747","175.33K","-11.04%"
"02/11/2016","2.038","1.955","2.038","1.955","4.33K","0.00%"
"31/10/2016","2.038","2.038","2.038","1.930","18.56K","-2.77%"
"27/10/2016","2.096","2.038","2.096","2.021","3.76K","-0.43%"
"26/10/2016","2.105","2.021","2.113","2.005","2.01K","-0.75%"
"25/10/2016","2.121","2.080","2.138","2.038","11.03K","-1.16%"
"24/10/2016","2.146","2.080","2.146","2.080","2.76K","0.00%"
"21/10/2016","2.146","2.071","2.146","2.071","1.48K","0.37%"
"20/10/2016","2.138","2.071","2.138","2.071","0.57K","-0.37%"
"19/10/2016","2.146","2.046","2.155","2.046","6.40K","0.00%"
"18/10/2016","2.146","2.080","2.146","2.046","0.55K","2.78%"
"17/10/2016","2.088","2.155","2.155","2.080","12.21K","-3.11%"
"14/10/2016","2.155","2.113","2.155","2.080","4.10K","-2.22%"
"13/10/2016","2.204","2.163","2.204","2.163","1.83K","1.90%"
"12/10/2016","2.163","2.204","2.204","2.105","8.21K","-1.14%"
"11/10/2016","2.188","2.138","2.188","2.138","0.96K","-1.49%"
"10/10/2016","2.221","2.229","2.229","2.080","11.74K","-1.11%"
"07/10/2016","2.246","2.246","2.246","2.246","5.33K","3.84%"
"06/10/2016","2.163","2.105","2.213","2.088","11.24K","-2.61%"
"05/10/2016","2.221","2.088","2.221","2.088","1.01K","-1.11%"
"04/10/2016","2.246","2.188","2.246","2.188","8.97K","2.28%"
"03/10/2016","2.196","2.038","2.196","2.038","0.36K","-1.88%"
"30/09/2016","2.238","2.080","2.238","2.080","4.50K","5.52%"
"29/09/2016","2.121","2.121","2.121","2.080","6.36K","-2.66%"
"28/09/2016","2.179","2.288","2.288","2.113","4.43K","0.00%"
"27/09/2016","2.179","2.188","2.188","2.171","2.82K","-2.98%"
"26/09/2016","2.246","2.263","2.288","2.246","14.22K","0.00%"
"23/09/2016","2.246","2.171","2.246","2.171","1.03K","-1.84%"
"22/09/2016","2.288","2.288","2.288","2.246","2.78K","-2.10%"
"21/09/2016","2.337","2.254","2.346","2.246","18.41K","4.05%"
"20/09/2016","2.246","2.296","2.296","2.246","5.02K","-3.23%"
"19/09/2016","2.321","2.321","2.321","2.321","0.01K","1.44%"
"16/09/2016","2.288","2.337","2.337","2.288","10.70K","-2.80%"
"15/09/2016","2.354","2.371","2.371","2.288","25.03K","0.34%"
"14/09/2016","2.346","2.321","2.396","2.321","187.30K","1.08%"
"13/09/2016","2.321","2.221","2.396","2.080","40.24K","4.50%"
"12/09/2016","2.221","2.021","2.221","1.963","363.27K","10.33%"
"09/09/2016","2.013","2.130","2.130","1.996","12.07K","0.00%"
"08/09/2016","2.013","2.021","2.121","1.922","22.30K","2.97%"
"07/09/2016","1.955","1.905","2.088","1.905","90.13K","4.43%"
"06/09/2016","1.872","1.838","1.897","1.755","29.65K","-1.32%"
"05/09/2016","1.897","1.930","1.930","1.805","21.67K","0.48%"
"02/09/2016","1.888","1.905","1.905","1.680","221.02K","-1.31%"
"01/09/2016","1.913","2.088","2.088","1.880","158.61K","-11.56%"
"31/08/2016","2.163","2.121","2.213","2.088","23.78K","-2.26%"
"30/08/2016","2.213","2.080","2.221","2.080","100.77K","4.34%"
"29/08/2016","2.121","2.146","2.146","2.080","48.77K","1.97%"
"26/08/2016","2.080","2.080","2.146","2.046","66.26K","-3.08%"
"25/08/2016","2.146","2.080","2.146","2.080","26.98K","0.00%"
"24/08/2016","2.146","2.096","2.146","2.080","12.28K","-0.42%"
"23/08/2016","2.155","2.163","2.163","2.146","8.41K","-0.37%"
"22/08/2016","2.163","2.105","2.254","2.080","37.15K","1.98%"
"19/08/2016","2.121","2.179","2.179","1.996","37.77K","-2.66%"
"18/08/2016","2.179","2.138","2.254","2.113","29.92K","3.52%"
"17/08/2016","2.105","2.221","2.296","2.088","26.19K","-8.64%"
"16/08/2016","2.304","2.229","2.304","2.221","6.89K","3.36%"
"12/08/2016","2.229","2.329","2.329","2.229","19.64K","-4.29%"
"11/08/2016","2.329","2.288","2.329","2.238","3.72K","0.00%"
"10/08/2016","2.329","2.304","2.329","2.238","14.43K","-0.34%"
"09/08/2016","2.337","2.263","2.337","2.254","12.17K","-0.72%"
"08/08/2016","2.354","2.288","2.362","2.246","41.20K","3.29%"
"05/08/2016","2.279","2.296","2.313","2.279","21.74K","-3.19%"
"04/08/2016","2.354","2.379","2.379","2.288","1.41K","2.53%"
"03/08/2016","2.296","2.279","2.387","2.279","37.46K","0.75%"
"02/08/2016","2.279","2.313","2.313","2.263","30.08K","-4.20%"
"01/08/2016","2.379","2.379","2.379","2.296","15.97K","0.00%"
"29/07/2016","2.379","2.379","2.379","2.379","0.00K","0.00%"
"28/07/2016","2.379","2.296","2.387","2.296","12.46K","0.00%"
"27/07/2016","2.379","2.379","2.379","2.296","3.84K","0.72%"
"26/07/2016","2.362","2.371","2.396","2.263","31.92K","-0.38%"
"25/07/2016","2.371","2.288","2.371","2.263","2.39K","4.04%"
"22/07/2016","2.279","2.288","2.321","2.279","8.72K","-0.39%"
"21/07/2016","2.288","2.296","2.296","2.288","1.58K","-0.35%"
"20/07/2016","2.296","2.329","2.329","2.279","3.93K","-2.13%"
"19/07/2016","2.346","2.279","2.346","2.279","1.21K","2.18%"
"18/07/2016","2.296","2.437","2.454","2.296","26.50K","-3.16%"
"15/07/2016","2.371","2.412","2.521","2.329","45.58K","-0.67%"
"14/07/2016","2.387","2.204","2.496","2.204","60.55K","3.60%"
"13/07/2016","2.304","2.329","2.329","2.213","5.64K","0.00%"
"12/07/2016","2.304","2.238","2.329","2.213","19.91K","0.70%"
"11/07/2016","2.288","2.288","2.304","2.288","10.33K","0.00%"
"08/07/2016","2.288","2.288","2.288","2.263","3.33K","1.87%"
"07/07/2016","2.246","2.279","2.279","2.188","13.56K","0.00%"
"06/07/2016","2.246","2.246","2.321","2.171","21.63K","-3.23%"
"05/07/2016","2.321","2.329","2.329","2.271","24.11K","-0.34%"
"04/07/2016","2.329","2.288","2.329","2.271","0.68K","0.00%"
"01/07/2016","2.329","2.371","2.371","2.271","0.91K","0.00%"
"30/06/2016","2.329","2.346","2.346","2.329","3.13K","-0.72%"
"29/06/2016","2.346","2.371","2.371","2.346","3.44K","-1.05%"
"28/06/2016","2.371","2.371","2.371","2.263","16.86K","1.45%"
"27/06/2016","2.337","2.412","2.429","2.288","6.67K","-0.38%"
"24/06/2016","2.346","2.155","2.346","2.155","28.88K","0.00%"
"23/06/2016","2.346","2.462","2.462","2.329","28.38K","1.43%"
"22/06/2016","2.313","2.421","2.421","2.296","23.28K","-3.46%"
"21/06/2016","2.396","2.537","2.562","2.396","55.13K","-3.66%"
"20/06/2016","2.487","2.487","2.487","2.362","3.61K","4.54%"
"17/06/2016","2.379","2.529","2.537","2.371","19.06K","-4.69%"
"16/06/2016","2.496","2.662","2.662","2.496","30.32K","-4.73%"
"15/06/2016","2.620","2.595","2.720","2.595","15.44K","1.28%"
"14/06/2016","2.587","2.704","2.812","2.587","20.66K","-2.82%"
"13/06/2016","2.662","2.870","2.870","2.595","29.01K","-7.51%"
"10/06/2016","2.878","2.695","2.945","2.554","184.12K","13.44%"
"09/06/2016","2.537","2.637","2.787","2.537","165.09K","1.32%"
"08/06/2016","2.504","2.263","2.604","2.263","162.67K","9.87%"
"07/06/2016","2.279","2.113","2.279","2.113","1.47K","7.00%"
"06/06/2016","2.130","2.171","2.288","2.113","6.76K","-1.89%"
"03/06/2016","2.171","2.288","2.288","2.171","1.99K","-3.34%"
"02/06/2016","2.246","2.196","2.246","2.196","1.62K","3.07%"
"01/06/2016","2.179","2.229","2.304","2.179","2.23K","-2.64%"
"31/05/2016","2.238","2.229","2.238","2.171","6.42K","-1.45%"
"30/05/2016","2.271","2.229","2.271","2.229","0.10K","-1.43%"
"27/05/2016","2.304","2.229","2.313","2.229","6.23K","4.92%"
"25/05/2016","2.196","2.105","2.229","2.105","7.13K","3.10%"
"24/05/2016","2.130","2.313","2.313","2.088","33.56K","-8.54%"
"23/05/2016","2.329","2.329","2.329","2.246","54.70K","-5.09%"
"20/05/2016","2.454","2.521","2.521","2.337","9.42K","-1.68%"
"19/05/2016","2.496","2.512","2.512","2.429","2.91K","-0.64%"
"18/05/2016","2.512","2.546","2.546","2.412","11.73K","4.15%"
"17/05/2016","2.412","2.412","2.454","2.329","36.93K","-0.37%"
"16/05/2016","2.421","2.537","2.612","2.421","59.13K","-3.00%"
"13/05/2016","2.496","2.570","2.570","2.454","66.00K","-3.22%"
"12/05/2016","2.579","2.712","2.745","2.546","102.61K","-6.05%"
"11/05/2016","2.745","2.471","2.820","2.429","164.73K","10.37%"
"10/05/2016","2.487","2.421","2.487","2.421","0.43K","0.00%"
"09/05/2016","2.487","2.379","2.496","2.371","10.33K","-0.36%"
"06/05/2016","2.496","2.371","2.496","2.371","0.53K","0.00%"
"05/05/2016","2.496","2.371","2.496","2.346","13.26K","0.00%"
"04/05/2016","2.496","2.379","2.496","2.379","0.18K","0.00%"
"29/04/2016","2.496","2.454","2.496","2.421","1.10K","1.71%"
"28/04/2016","2.454","2.454","2.454","2.429","9.57K","1.03%"
"27/04/2016","2.429","2.454","2.496","2.429","12.08K","-0.70%"
"26/04/2016","2.446","2.496","2.496","2.396","20.23K","-0.33%"
"25/04/2016","2.454","2.504","2.504","2.421","22.18K","-3.92%"
"22/04/2016","2.554","2.379","2.554","2.379","21.05K","2.32%"
"21/04/2016","2.496","2.454","2.562","2.454","23.10K","-0.64%"
"20/04/2016","2.512","2.487","2.554","2.487","28.69K","2.03%"
"19/04/2016","2.462","2.496","2.496","2.329","59.14K","-1.68%"
"18/04/2016","2.504","2.529","2.529","2.412","29.69K","2.04%"
"15/04/2016","2.454","2.504","2.554","2.454","89.96K","0.00%"
"14/04/2016","2.454","2.238","2.570","2.238","253.91K","13.04%"
"13/04/2016","2.171","2.113","2.171","2.080","17.84K","2.74%"
"12/04/2016","2.113","2.138","2.179","2.055","59.94K","0.38%"
"11/04/2016","2.105","2.146","2.146","2.030","45.07K","-1.91%"
"08/04/2016","2.146","2.005","2.163","2.005","161.62K","7.52%"
"07/04/2016","1.996","1.697","2.013","1.689","389.53K","21.19%"
"06/04/2016","1.647","1.630","1.664","1.597","34.86K","0.49%"
"05/04/2016","1.639","1.630","1.664","1.630","5.44K","-1.50%"
"04/04/2016","1.664","1.639","1.689","1.639","18.64K","0.00%"
"01/04/2016","1.664","1.622","1.672","1.622","21.92K","0.00%"
"31/03/2016","1.664","1.664","1.664","1.630","18.64K","0.00%"
"30/03/2016","1.664","1.689","1.689","1.630","11.45K","0.00%"
"29/03/2016","1.664","1.655","1.722","1.655","1.51K","-3.37%"
"24/03/2016","1.722","1.722","1.722","1.722","0.01K","1.47%"
"23/03/2016","1.697","1.664","1.722","1.639","16.41K","1.98%"
"22/03/2016","1.664","1.680","1.747","1.639","61.47K","-2.40%"
"21/03/2016","1.705","1.705","1.722","1.680","15.35K","-1.96%"
"18/03/2016","1.739","1.747","1.747","1.680","21.67K","4.51%"
"17/03/2016","1.664","1.722","1.722","1.664","8.30K","-4.75%"
"16/03/2016","1.747","1.747","1.747","1.672","6.57K","2.46%"
"15/03/2016","1.705","1.689","1.722","1.680","9.12K","-0.99%"
"14/03/2016","1.722","1.780","1.780","1.680","24.22K","-3.69%"
"11/03/2016","1.788","1.680","1.847","1.672","44.37K","6.43%"
"10/03/2016","1.680","1.630","1.680","1.622","6.23K","0.96%"
"09/03/2016","1.664","1.697","1.697","1.664","0.98K","-0.48%"
"08/03/2016","1.672","1.689","1.689","1.672","0.96K","-0.48%"
"07/03/2016","1.680","1.697","1.705","1.614","12.27K","-2.89%"
"04/03/2016","1.730","1.655","1.730","1.647","1.79K","3.97%"
"03/03/2016","1.664","1.664","1.664","1.622","5.95K","-3.82%"
"02/03/2016","1.730","1.672","1.739","1.672","7.88K","3.47%"
"01/03/2016","1.672","1.597","1.672","1.564","18.62K","4.70%"
"29/02/2016","1.597","1.564","1.597","1.539","5.59K","0.00%"
"26/02/2016","1.597","1.614","1.622","1.564","14.76K","0.00%"
"25/02/2016","1.597","1.605","1.622","1.539","42.09K","1.01%"
"24/02/2016","1.581","1.547","1.622","1.547","29.13K","2.73%"
"23/02/2016","1.539","1.605","1.605","1.539","0.03K","-4.11%"
"22/02/2016","1.605","1.581","1.630","1.581","19.60K","1.52%"
"19/02/2016","1.581","1.564","1.630","1.506","18.31K","-3.01%"
"18/02/2016","1.630","1.730","1.730","1.572","67.38K","-5.78%"
"17/02/2016","1.730","1.664","1.747","1.581","18.91K","-0.97%"
"16/02/2016","1.747","1.680","1.747","1.664","8.45K","-0.46%"
"15/02/2016","1.755","1.680","1.764","1.672","6.71K","-0.51%"
"12/02/2016","1.764","1.705","1.764","1.705","3.47K","0.97%"
"11/02/2016","1.747","1.788","1.788","1.705","3.33K","-0.46%"
"10/02/2016","1.755","1.755","1.755","1.755","0.24K","0.00%"
"09/02/2016","1.755","1.805","1.805","1.755","3.62K","-1.85%"
"08/02/2016","1.788","1.788","1.788","1.747","7.81K","-0.94%"
"05/02/2016","1.805","1.805","1.805","1.805","0.01K","3.32%"
"04/02/2016","1.747","1.747","1.813","1.747","51.72K","-3.21%"
"03/02/2016","1.805","1.955","1.955","1.805","11.11K","-7.67%"
"02/02/2016","1.955","1.988","1.988","1.955","0.49K","2.20%"
"01/02/2016","1.913","1.996","1.996","1.913","0.30K","0.42%"
"29/01/2016","1.905","1.905","1.905","1.730","1.74K","0.42%"
"28/01/2016","1.897","1.913","1.913","1.730","5.47K","-0.42%"
"27/01/2016","1.905","1.747","1.905","1.747","2.78K","5.54%"
"26/01/2016","1.805","1.714","1.805","1.714","1.57K","1.86%"
"25/01/2016","1.772","1.772","1.772","1.772","0.36K","-0.45%"
"22/01/2016","1.780","1.788","1.813","1.714","4.30K","0.45%"
"21/01/2016","1.772","1.705","1.772","1.705","6.08K","-0.45%"
"20/01/2016","1.780","1.772","1.780","1.722","1.19K","4.40%"
"19/01/2016","1.705","1.772","1.772","1.705","3.66K","-2.40%"
"18/01/2016","1.747","1.672","1.813","1.672","9.78K","-4.12%"
"15/01/2016","1.822","1.680","1.830","1.680","14.33K","0.00%"
"14/01/2016","1.822","1.697","1.830","1.614","13.94K","7.37%"
"13/01/2016","1.697","1.705","1.705","1.581","26.89K","-0.47%"
"12/01/2016","1.705","1.747","1.830","1.581","25.31K","-2.40%"
"11/01/2016","1.747","1.830","1.897","1.664","17.13K","-4.54%"
"08/01/2016","1.830","1.897","1.897","1.672","7.85K","-2.24%"
"07/01/2016","1.872","1.972","1.972","1.872","0.14K","-0.43%"
"05/01/2016","1.880","2.030","2.030","1.880","2.79K","-7.75%"
"04/01/2016","2.038","1.988","2.155","1.880","8.05K","11.37%"
"30/12/2015","1.830","1.764","1.863","1.705","12.37K","3.74%"
"29/12/2015","1.764","1.764","1.764","1.664","13.85K","0.00%"
"28/12/2015","1.764","1.639","1.772","1.639","3.27K","1.44%"
"23/12/2015","1.739","1.739","1.805","1.714","17.92K","-3.66%"
"22/12/2015","1.805","1.739","1.897","1.739","3.09K","3.80%"
"21/12/2015","1.739","1.830","1.913","1.739","10.15K","1.46%"
"18/12/2015","1.714","1.880","1.913","1.705","3.52K","-8.83%"
"17/12/2015","1.880","2.013","2.080","1.830","34.76K","-1.73%"
"16/12/2015","1.913","2.071","2.071","1.872","4.03K","-1.70%"
"15/12/2015","1.946","1.705","1.946","1.705","12.12K","7.34%"
"14/12/2015","1.813","1.830","1.913","1.813","15.25K","-3.97%"
"11/12/2015","1.888","2.030","2.030","1.872","4.46K","-7.00%"
"10/12/2015","2.030","1.996","2.038","1.930","11.07K","1.70%"
"09/12/2015","1.996","2.121","2.288","1.955","23.99K","-5.89%"
"08/12/2015","2.121","2.204","2.288","2.121","3.60K","-4.50%"
"07/12/2015","2.221","2.155","2.238","2.155","8.08K","-0.76%"
"04/12/2015","2.238","2.246","2.304","2.130","3.42K","-2.19%"
"03/12/2015","2.288","2.204","2.321","2.121","13.79K","1.87%"
"02/12/2015","2.246","2.329","2.329","2.204","2.11K","-1.84%"
"01/12/2015","2.288","2.288","2.288","2.246","1.92K","-1.76%"
"30/11/2015","2.329","2.354","2.354","2.246","3.19K","1.79%"
"27/11/2015","2.288","2.288","2.429","2.288","26.72K","0.39%"
"26/11/2015","2.279","2.204","2.279","2.204","1.62K","0.00%"
"25/11/2015","2.279","2.213","2.288","2.204","8.81K","-0.39%"
"24/11/2015","2.288","2.288","2.362","2.288","4.39K","0.00%"
"23/11/2015","2.288","2.288","2.288","2.263","3.36K","0.00%"
"20/11/2015","2.288","2.288","2.371","2.263","35.78K","0.00%"
"19/11/2015","2.288","2.288","2.379","2.246","47.33K","0.00%"
"18/11/2015","2.288","2.346","2.487","2.254","79.59K","-7.07%"
"17/11/2015","2.462","2.454","2.462","2.329","71.05K","-1.01%"
"16/11/2015","2.487","2.737","2.737","2.487","28.34K","-7.17%"
"13/11/2015","2.679","2.745","2.745","2.595","3.52K","0.94%"
"12/11/2015","2.654","2.504","2.745","2.504","24.55K","5.99%"
"10/11/2015","2.504","2.504","2.504","2.387","11.56K","0.00%"
"09/11/2015","2.504","2.479","2.521","2.446","7.86K","3.43%"
"06/11/2015","2.421","2.313","2.487","2.313","34.50K","3.95%"
"05/11/2015","2.329","2.329","2.329","2.288","0.04K","1.79%"
"04/11/2015","2.288","2.288","2.329","2.171","5.54K","-2.10%"
"03/11/2015","2.337","2.396","2.396","2.329","10.82K","-2.46%"
"02/11/2015","2.396","2.412","2.412","2.288","5.49K","-0.66%"
"30/10/2015","2.412","2.321","2.412","2.321","24.90K","5.42%"
"29/10/2015","2.288","2.238","2.288","2.238","21.29K","3.81%"
"28/10/2015","2.204","2.221","2.221","2.113","7.09K","-0.77%"
"27/10/2015","2.221","2.130","2.221","2.130","3.55K","-0.36%"
"26/10/2015","2.229","2.179","2.229","2.121","2.93K","-0.76%"
"23/10/2015","2.246","2.254","2.254","2.179","0.85K","-0.35%"
"22/10/2015","2.254","2.254","2.254","2.179","0.41K","-0.75%"
"21/10/2015","2.271","2.246","2.271","2.204","6.57K","2.62%"
"20/10/2015","2.213","2.179","2.271","2.146","4.52K","-2.55%"
"19/10/2015","2.271","2.246","2.271","2.179","19.12K","1.88%"
"16/10/2015","2.229","2.246","2.288","2.179","9.91K","-4.29%"
"15/10/2015","2.329","2.246","2.329","2.179","21.07K","3.70%"
"14/10/2015","2.246","2.263","2.296","2.204","7.66K","0.76%"
"13/10/2015","2.229","2.238","2.313","2.229","17.14K","-5.99%"
"12/10/2015","2.371","2.246","2.412","2.246","13.89K","5.19%"
"09/10/2015","2.254","2.446","2.446","2.204","62.63K","-8.15%"
"08/10/2015","2.454","2.496","2.579","2.337","15.42K","-0.32%"
"07/10/2015","2.462","2.288","2.479","2.288","14.04K","8.79%"
"06/10/2015","2.263","2.313","2.313","2.188","4.95K","3.85%"
"05/10/2015","2.179","2.404","2.446","2.179","11.28K","-9.36%"
"02/10/2015","2.404","2.371","2.454","2.337","7.95K","1.78%"
"01/10/2015","2.362","2.288","2.371","2.204","3.85K","3.23%"
"30/09/2015","2.288","2.313","2.313","2.204","0.25K","1.87%"
"29/09/2015","2.246","2.313","2.313","2.096","1.41K","-1.84%"
"28/09/2015","2.288","2.304","2.304","2.113","4.11K","0.00%"
"25/09/2015","2.288","2.213","2.313","2.163","0.74K","6.17%"
"24/09/2015","2.155","2.204","2.304","2.088","19.75K","-6.47%"
"23/09/2015","2.304","2.313","2.313","2.204","1.45K","0.70%"
"22/09/2015","2.288","2.213","2.288","2.204","1.84K","0.00%"
"21/09/2015","2.288","2.329","2.329","2.246","7.66K","-1.76%"
"18/09/2015","2.329","2.321","2.354","2.263","7.94K","7.28%"
"17/09/2015","2.171","2.396","2.521","2.171","37.79K","-9.39%"
"16/09/2015","2.396","2.146","2.412","2.096","12.92K","11.65%"
"15/09/2015","2.146","2.130","2.246","2.105","3.85K","-4.45%"
"14/09/2015","2.246","2.121","2.246","2.121","19.87K","-1.10%"
"11/09/2015","2.271","2.304","2.304","2.130","18.53K","-1.43%"
"10/09/2015","2.304","2.221","2.321","2.204","5.24K","0.70%"
"09/09/2015","2.288","2.329","2.421","2.204","15.43K","-3.50%"
"08/09/2015","2.371","2.371","2.446","2.204","18.07K","-1.70%"
"07/09/2015","2.412","2.554","2.554","2.371","10.85K","-5.56%"
"04/09/2015","2.554","2.496","2.695","2.496","0.65K","-4.06%"
"03/09/2015","2.662","2.629","2.745","2.629","1.19K","0.30%"
"02/09/2015","2.654","2.629","2.654","2.620","2.98K","0.00%"
"01/09/2015","2.654","2.537","2.737","2.412","18.83K","-3.32%"
"31/08/2015","2.745","2.620","2.745","2.595","4.57K","0.00%"
"28/08/2015","2.745","2.886","2.912","2.670","11.47K","-4.36%"
"27/08/2015","2.870","2.620","2.878","2.546","35.13K","11.28%"
"26/08/2015","2.579","2.496","2.579","2.437","14.19K","0.66%"
"25/08/2015","2.562","2.704","2.745","2.454","14.34K","-5.25%"
"24/08/2015","2.704","2.886","2.886","2.379","100.81K","-6.31%"
"21/08/2015","2.886","2.912","2.995","2.886","8.23K","-2.27%"
"20/08/2015","2.953","2.912","2.995","2.870","3.33K","2.89%"
"19/08/2015","2.870","3.111","3.111","2.803","32.33K","-8.48%"
"18/08/2015","3.136","3.153","3.161","3.103","9.06K","-2.09%"
"17/08/2015","3.203","3.194","3.203","3.194","8.06K","0.00%"
"14/08/2015","3.203","3.211","3.211","3.194","3.02K","-0.77%"
"13/08/2015","3.228","3.211","3.244","3.211","6.80K","-2.27%"
"12/08/2015","3.303","3.319","3.319","3.161","21.40K","-0.24%"
"11/08/2015","3.311","3.103","3.352","3.103","75.77K","7.29%"
"10/08/2015","3.086","2.937","3.128","2.937","9.06K","5.40%"
"07/08/2015","2.928","2.912","2.986","2.912","4.39K","0.55%"
"06/08/2015","2.912","2.828","2.912","2.787","23.98K","1.75%"
"05/08/2015","2.862","3.036","3.119","2.853","20.37K","-4.44%"
"04/08/2015","2.995","2.995","3.053","2.920","6.68K","0.00%"
"03/08/2015","2.995","3.053","3.053","2.912","22.31K","2.85%"
"31/07/2015","2.912","3.078","3.244","2.912","34.74K","-9.31%"
"30/07/2015","3.211","3.369","3.369","3.119","35.96K","-1.02%"
"29/07/2015","3.244","3.186","3.369","3.011","138.74K","4.01%"
"28/07/2015","3.119","2.878","3.211","2.853","146.80K","10.29%"
"27/07/2015","2.828","2.579","2.828","2.554","51.51K","7.94%"
"24/07/2015","2.620","2.620","2.620","2.512","29.39K","0.00%"
"23/07/2015","2.620","2.662","2.662","2.579","16.55K","0.00%"
"22/07/2015","2.620","2.379","2.787","2.379","229.87K","10.92%"
"21/07/2015","2.362","2.329","2.379","2.313","64.39K","3.64%"
"20/07/2015","2.279","2.321","2.379","2.246","50.12K","1.47%"
"17/07/2015","2.246","2.155","2.304","2.155","134.59K","6.70%"
"16/07/2015","2.105","2.005","2.121","2.005","61.87K","5.46%"
"15/07/2015","1.996","2.021","2.038","1.996","12.71K","-0.45%"
"14/07/2015","2.005","1.996","2.021","1.988","15.20K","0.00%"
"13/07/2015","2.005","1.996","2.005","1.972","40.70K","1.67%"
"10/07/2015","1.972","1.888","2.005","1.888","68.82K","4.45%"
"09/07/2015","1.888","1.855","1.888","1.855","8.88K","0.00%"
"08/07/2015","1.888","1.855","1.888","1.855","3.96K","0.00%"
"07/07/2015","1.888","1.830","1.897","1.830","43.25K","4.60%"
"06/07/2015","1.805","1.739","1.830","1.664","51.62K","3.32%"
"03/07/2015","1.747","1.797","1.797","1.722","15.18K","-4.54%"
"02/07/2015","1.830","1.772","1.830","1.772","21.91K","0.00%"
"01/07/2015","1.830","1.888","1.922","1.830","5.78K","-8.32%"
"30/06/2015","1.996","1.955","2.013","1.913","12.37K","2.10%"
"29/06/2015","1.955","1.830","1.955","1.830","0.42K","-0.41%"
"26/06/2015","1.963","1.996","1.996","1.913","1.76K","3.04%"
"25/06/2015","1.905","1.905","2.021","1.897","14.99K","0.00%"
"24/06/2015","1.905","2.021","2.021","1.905","12.34K","0.00%"
"23/06/2015","1.905","1.913","2.021","1.897","0.19K","-6.16%"
"22/06/2015","2.030","1.988","2.030","1.913","2.93K","2.11%"
"19/06/2015","1.988","1.996","2.030","1.897","5.11K","-0.40%"
"18/06/2015","1.996","1.996","1.996","1.880","16.10K","0.00%"
"17/06/2015","1.996","1.897","2.038","1.880","83.75K","6.17%"
"16/06/2015","1.880","1.722","1.880","1.722","32.42K","6.58%"
"15/06/2015","1.764","1.788","1.788","1.747","40.02K","-2.27%"
"12/06/2015","1.805","1.897","1.905","1.805","28.90K","-6.48%"
"11/06/2015","1.930","1.963","1.963","1.872","10.98K","-1.68%"
"10/06/2015","1.963","1.872","1.972","1.830","52.19K","4.86%"
"09/06/2015","1.872","1.797","1.872","1.797","10.92K","4.17%"
"08/06/2015","1.797","1.780","1.797","1.747","27.22K","0.96%"
"05/06/2015","1.780","1.739","1.788","1.639","40.86K","2.36%"
"03/06/2015","1.739","1.747","1.747","1.639","2.60K","4.51%"
"02/06/2015","1.664","1.730","1.764","1.664","2.27K","-3.82%"
"01/06/2015","1.730","1.764","1.764","1.680","4.14K","-0.97%"
"29/05/2015","1.747","1.730","1.747","1.680","8.40K","0.00%"
"28/05/2015","1.747","1.830","1.830","1.680","28.16K","-4.54%"
"27/05/2015","1.830","1.772","1.838","1.764","30.86K","5.78%"
"26/05/2015","1.730","1.630","1.730","1.589","34.86K","6.13%"
"25/05/2015","1.630","1.647","1.647","1.581","4.60K","-1.03%"
"22/05/2015","1.647","1.572","1.647","1.497","57.54K","4.77%"
"21/05/2015","1.572","1.531","1.622","1.497","73.08K","3.29%"
"20/05/2015","1.522","1.414","1.531","1.414","27.64K","4.53%"
"19/05/2015","1.456","1.472","1.472","1.397","5.05K","1.18%"
"18/05/2015","1.439","1.514","1.531","1.431","20.67K","-3.36%"
"15/05/2015","1.489","1.464","1.489","1.447","14.88K","0.54%"
"14/05/2015","1.481","1.481","1.481","1.456","32.24K","1.72%"
"13/05/2015","1.456","1.373","1.481","1.289","51.02K","9.39%"
"12/05/2015","1.331","1.406","1.406","1.323","37.91K","-8.59%"
"11/05/2015","1.456","1.472","1.481","1.397","16.25K","-0.55%"
"08/05/2015","1.464","1.423","1.464","1.373","15.80K","2.88%"
"07/05/2015","1.423","1.439","1.464","1.373","31.76K","-1.11%"
"06/05/2015","1.439","1.414","1.497","1.414","39.78K","-3.36%"
"05/05/2015","1.489","1.547","1.581","1.414","100.67K","-2.74%"
"04/05/2015","1.531","1.373","1.647","1.331","376.16K","15.03%"
"30/04/2015","1.331","1.248","1.439","1.248","442.31K","7.34%"
"29/04/2015","1.240","1.206","1.248","1.181","16.82K","3.51%"
"28/04/2015","1.198","1.148","1.198","1.148","11.96K","2.13%"
"27/04/2015","1.173","1.131","1.173","1.131","2.17K","3.71%"
"24/04/2015","1.131","1.123","1.181","1.123","2.48K","0.00%"
"23/04/2015","1.131","1.131","1.131","1.131","1.08K","-3.58%"
"22/04/2015","1.173","1.173","1.190","1.131","5.29K","0.00%"
"21/04/2015","1.173","1.140","1.173","1.098","5.37K","2.89%"
"20/04/2015","1.140","1.106","1.140","1.098","3.34K","0.00%"
"17/04/2015","1.140","1.156","1.156","1.106","3.90K","-1.38%"
"16/04/2015","1.156","1.173","1.181","1.156","2.80K","-1.45%"
"15/04/2015","1.173","1.123","1.173","1.123","5.24K","4.45%"
"14/04/2015","1.123","1.106","1.190","1.106","2.95K","-0.71%"
"13/04/2015","1.131","1.148","1.148","1.131","6.50K","-2.16%"
"10/04/2015","1.156","1.098","1.156","1.098","1.04K","-0.77%"
"09/04/2015","1.165","1.106","1.165","1.098","1.63K","5.33%"
"08/04/2015","1.106","1.181","1.181","1.106","9.72K","-5.06%"
"07/04/2015","1.165","1.206","1.206","1.165","6.91K","-2.10%"
"02/04/2015","1.190","1.190","1.190","1.190","0.05K","0.76%"
"01/04/2015","1.181","1.123","1.181","1.081","34.78K","2.16%"
"31/03/2015","1.156","1.181","1.248","1.090","94.63K","-4.15%"
"30/03/2015","1.206","1.289","1.289","1.206","14.21K","-6.44%"
"27/03/2015","1.289","1.298","1.298","1.214","2.21K","-0.69%"
"26/03/2015","1.298","1.248","1.298","1.223","5.27K","4.01%"
"25/03/2015","1.248","1.240","1.248","1.173","11.53K","-1.27%"
"24/03/2015","1.264","1.248","1.264","1.231","8.92K","-2.62%"
"23/03/2015","1.298","1.248","1.298","1.248","3.90K","-1.22%"
"20/03/2015","1.314","1.281","1.314","1.256","5.04K","0.00%"
"19/03/2015","1.314","1.323","1.348","1.281","9.09K","-1.28%"
"18/03/2015","1.331","1.331","1.331","1.331","0.60K","1.29%"
"17/03/2015","1.314","1.339","1.339","1.314","3.60K","-0.68%"
"16/03/2015","1.323","1.339","1.339","1.323","0.37K","-1.19%"
"13/03/2015","1.339","1.281","1.339","1.281","5.47K","0.60%"
"12/03/2015","1.331","1.323","1.331","1.314","14.32K","0.00%"
"11/03/2015","1.331","1.264","1.348","1.248","34.83K","2.54%"
"10/03/2015","1.298","1.348","1.373","1.298","29.86K","-3.06%"
"09/03/2015","1.339","1.289","1.373","1.289","41.51K","5.93%"
"06/03/2015","1.264","1.256","1.306","1.256","9.09K","-2.62%"
"05/03/2015","1.298","1.306","1.306","1.248","18.74K","1.33%"
"04/03/2015","1.281","1.273","1.289","1.256","17.57K","0.63%"
"03/03/2015","1.273","1.314","1.314","1.256","9.21K","-2.53%"
"02/03/2015","1.306","1.339","1.339","1.281","8.77K","-3.12%"
"27/02/2015","1.348","1.381","1.381","1.273","41.46K","1.28%"
"26/02/2015","1.331","1.256","1.497","1.256","209.73K","6.65%"
"25/02/2015","1.248","1.273","1.331","1.231","26.39K","-1.96%"
"24/02/2015","1.273","1.198","1.298","1.198","34.84K","4.86%"
"23/02/2015","1.214","1.214","1.214","1.214","4.00K","0.00%"
"20/02/2015","1.214","1.223","1.248","1.214","7.65K","-0.74%"
"19/02/2015","1.223","1.198","1.223","1.198","1.49K","1.41%"
"18/02/2015","1.206","1.231","1.264","1.198","15.11K","-2.74%"
"17/02/2015","1.240","1.206","1.240","1.190","12.01K","0.73%"
"16/02/2015","1.231","1.190","1.231","1.181","14.13K","-13.92%"
"13/02/2015","1.430","1.440","1.500","1.430","13.96K","-4.67%"
"12/02/2015","1.500","1.510","1.510","1.420","11.37K","3.45%"
"11/02/2015","1.450","1.470","1.510","1.450","32.81K","-3.33%"
"10/02/2015","1.500","1.520","1.520","1.460","4.20K","-1.32%"
"09/02/2015","1.520","1.470","1.520","1.470","0.70K","0.00%"
"06/02/2015","1.520","1.480","1.530","1.450","19.55K","2.01%"
"05/02/2015","1.490","1.520","1.520","1.480","28.26K","-1.97%"
"04/02/2015","1.520","1.550","1.600","1.490","36.01K","0.00%"
"03/02/2015","1.520","1.550","1.550","1.500","10.87K","-1.94%"
"02/02/2015","1.550","1.500","1.580","1.500","19.15K","3.33%"
"30/01/2015","1.500","1.600","1.600","1.500","43.08K","-5.06%"
"29/01/2015","1.580","1.670","1.720","1.580","26.12K","-5.39%"
"28/01/2015","1.670","1.630","1.690","1.550","32.31K","1.83%"
"27/01/2015","1.640","1.700","1.770","1.610","82.90K","9.33%"
"26/01/2015","1.500","1.500","1.590","1.500","11.57K","0.00%"
"23/01/2015","1.500","1.460","1.600","1.460","8.42K","-2.60%"
"22/01/2015","1.540","1.500","1.590","1.500","12.35K","2.67%"
"21/01/2015","1.500","1.470","1.500","1.420","9.34K","2.04%"
"20/01/2015","1.470","1.620","1.620","1.470","9.10K","-4.55%"
"19/01/2015","1.540","1.630","1.630","1.540","14.49K","-3.14%"
"16/01/2015","1.590","1.680","1.680","1.580","4.28K","0.00%"
"15/01/2015","1.590","1.730","1.740","1.560","60.23K","-5.92%"
"14/01/2015","1.690","1.550","1.690","1.540","17.52K","3.68%"
"13/01/2015","1.630","1.590","1.680","1.580","21.39K","-4.12%"
"12/01/2015","1.700","1.740","1.740","1.630","7.65K","-4.49%"
"09/01/2015","1.780","1.840","1.840","1.680","14.24K","-3.26%"
"08/01/2015","1.840","1.780","1.840","1.740","59.55K","2.79%"
"07/01/2015","1.790","1.680","1.790","1.620","39.18K","3.47%"
"05/01/2015","1.730","1.520","1.730","1.500","65.98K","8.12%"
"02/01/2015","1.600","1.550","1.600","1.550","5.31K","3.23%"
"30/12/2014","1.550","1.430","1.550","1.430","16.33K","3.33%"
"29/12/2014","1.500","1.500","1.500","1.420","16.89K","0.00%"
"23/12/2014","1.500","1.510","1.550","1.480","23.22K","-3.85%"
"22/12/2014","1.560","1.500","1.580","1.500","24.55K","4.00%"
"19/12/2014","1.500","1.570","1.600","1.500","6.00K","-4.46%"
"18/12/2014","1.570","1.570","1.570","1.500","63.02K","0.64%"
"17/12/2014","1.560","1.550","1.580","1.470","9.98K","-1.27%"
"16/12/2014","1.580","1.530","1.620","1.520","77.82K","5.33%"
"15/12/2014","1.500","1.580","1.580","1.430","8.05K","-3.85%"
"12/12/2014","1.560","1.570","1.570","1.500","9.00K","-1.27%"
"11/12/2014","1.580","1.550","1.580","1.550","5.45K","1.94%"
"10/12/2014","1.550","1.600","1.650","1.550","28.39K","-4.91%"
"09/12/2014","1.630","1.570","1.690","1.550","19.46K","1.87%"
"08/12/2014","1.600","1.650","1.680","1.550","20.39K","-3.03%"
"05/12/2014","1.650","1.660","1.750","1.600","25.27K","-0.60%"
"04/12/2014","1.660","1.610","1.730","1.550","57.82K","2.47%"
"03/12/2014","1.620","1.560","1.640","1.510","24.97K","3.85%"
"02/12/2014","1.560","1.640","1.670","1.500","41.69K","0.00%"
"01/12/2014","1.560","1.800","1.910","1.520","36.75K","-13.33%"
"28/11/2014","1.800","1.890","2.140","1.800","140.38K","-3.23%"
"27/11/2014","1.860","1.910","1.910","1.720","77.53K","-3.12%"
"26/11/2014","1.920","1.400","1.920","1.400","85.03K","36.17%"
"25/11/2014","1.410","1.460","1.510","1.370","17.14K","-7.24%"
"24/11/2014","1.520","1.500","1.640","1.400","33.02K","-5.00%"
"21/11/2014","1.600","1.510","1.640","1.510","2.61K","-2.44%"
"20/11/2014","1.640","1.550","1.640","1.550","1.05K","2.50%"
"19/11/2014","1.600","1.550","1.650","1.550","5.82K","0.00%"
"18/11/2014","1.600","1.720","1.720","1.550","32.45K","-14.44%"
"17/11/2014","1.870","1.810","1.970","1.680","19.15K","-6.50%"
"14/11/2014","2.000","2.030","2.030","1.920","2.33K","-1.96%"
"13/11/2014","2.040","2.000","2.040","2.000","0.74K","0.49%"
"12/11/2014","2.030","1.990","2.040","1.980","3.22K","1.50%"
"10/11/2014","2.000","2.070","2.070","1.970","2.59K","-3.38%"
"07/11/2014","2.070","2.030","2.100","2.000","11.60K","3.50%"
"06/11/2014","2.000","2.110","2.150","2.000","14.43K","-5.66%"
"05/11/2014","2.120","2.100","2.190","2.020","23.16K","-4.93%"
"04/11/2014","2.230","2.030","2.230","2.020","1.50K","2.29%"
"03/11/2014","2.180","2.070","2.190","2.070","3.24K","-0.46%"
"31/10/2014","2.190","2.150","2.190","2.110","1.82K","1.86%"
"30/10/2014","2.150","2.110","2.200","2.110","0.22K","1.90%"
"29/10/2014","2.110","2.190","2.290","2.110","23.59K","-10.59%"
"28/10/2014","2.360","2.360","2.360","2.360","0.10K","3.06%"
"27/10/2014","2.290","2.180","2.300","2.180","3.29K","0.44%"
"24/10/2014","2.280","2.290","2.290","2.200","2.78K","-3.80%"
"23/10/2014","2.370","2.280","2.370","2.280","0.05K","-1.25%"
"22/10/2014","2.400","2.370","2.400","2.320","5.37K","-1.23%"
"21/10/2014","2.430","2.410","2.430","2.400","5.99K","0.83%"
"20/10/2014","2.410","2.250","2.440","2.250","23.21K","6.64%"
"17/10/2014","2.260","2.130","2.260","2.130","8.54K","5.61%"
"16/10/2014","2.140","2.240","2.300","2.050","8.73K","-6.14%"
"15/10/2014","2.280","2.250","2.290","2.180","3.63K","0.00%"
"14/10/2014","2.280","2.330","2.430","2.220","25.29K","-7.69%"
"13/10/2014","2.470","2.270","2.470","2.270","3.87K","-0.40%"
"10/10/2014","2.480","2.360","2.500","2.260","5.24K","0.00%"
"09/10/2014","2.480","2.350","2.480","2.350","2.13K","0.00%"
"08/10/2014","2.480","2.490","2.490","2.270","1.81K","-0.80%"
"07/10/2014","2.500","2.460","2.500","2.400","4.44K","-3.10%"
"06/10/2014","2.580","2.550","2.600","2.460","1.95K","-1.15%"
"03/10/2014","2.610","2.500","2.610","2.500","0.53K","0.00%"
"02/10/2014","2.610","2.460","2.630","2.460","6.23K","-0.76%"
"01/10/2014","2.630","2.630","2.630","2.630","0.18K","-0.38%"
"30/09/2014","2.640","2.660","2.660","2.560","6.86K","-0.75%"
"29/09/2014","2.660","2.670","2.670","2.530","2.60K","2.31%"
"26/09/2014","2.600","2.650","2.650","2.590","9.84K","-1.89%"
"25/09/2014","2.650","2.630","2.710","2.590","45.86K","0.38%"
"24/09/2014","2.640","2.600","2.640","2.500","2.79K","-0.38%"
"23/09/2014","2.650","2.610","2.710","2.580","33.51K","-1.85%"
"22/09/2014","2.700","2.720","2.730","2.600","9.13K","-0.74%"
"19/09/2014","2.720","2.710","2.720","2.630","6.31K","0.00%"
"18/09/2014","2.720","2.730","2.730","2.510","12.15K","-0.37%"
"17/09/2014","2.730","2.700","2.740","2.650","5.01K","0.00%"
"16/09/2014","2.730","2.750","2.750","2.660","10.74K","-1.44%"
"15/09/2014","2.770","2.780","2.780","2.660","5.72K","-0.36%"
"12/09/2014","2.780","2.680","2.800","2.670","13.37K","0.36%"
"11/09/2014","2.770","2.800","2.800","2.660","7.61K","4.14%"
"10/09/2014","2.660","2.690","2.840","2.660","8.39K","-1.12%"
"09/09/2014","2.690","2.730","2.810","2.630","5.24K","-4.95%"
"08/09/2014","2.830","2.700","3.000","2.700","37.65K","-11.56%"
"05/09/2014","3.200","3.050","3.200","3.050","1.42K","0.00%"
"04/09/2014","3.200","3.060","3.200","3.050","5.33K","0.00%"
"03/09/2014","3.200","3.050","3.200","3.050","0.70K","-4.76%"
"02/09/2014","3.360","3.410","3.440","3.120","4.57K","-1.18%"
"01/09/2014","3.400","3.330","3.460","3.320","1.13K","0.00%"