"Date","Price","Open","High","Low","Vol.","Change %"
"30/09/2025","278.00","279.00","282.50","278.00","2.86K","-0.36%"
"29/09/2025","279.00","279.50","284.50","278.50","2.10K","-0.71%"
"26/09/2025","281.00","282.00","283.00","278.00","2.64K","0.36%"
"25/09/2025","280.00","279.50","284.50","279.00","3.42K","0.18%"
"24/09/2025","279.50","284.00","285.50","279.00","4.52K","-1.58%"
"23/09/2025","284.00","285.50","289.00","282.50","2.88K","-0.70%"
"22/09/2025","286.00","287.00","288.00","284.50","2.12K","-1.04%"
"19/09/2025","289.00","289.00","290.50","286.00","4.01K","-0.34%"
"18/09/2025","290.00","293.00","294.00","288.00","1.62K","-0.85%"
"17/09/2025","292.50","289.50","293.50","287.00","2.45K","1.21%"
"16/09/2025","289.00","293.00","296.00","288.00","2.24K","-0.52%"
"15/09/2025","290.50","292.00","295.00","290.00","1.91K","-0.34%"
"12/09/2025","291.50","291.00","294.00","289.50","2.17K","-0.85%"
"11/09/2025","294.00","290.50","294.00","289.50","1.70K","1.03%"
"10/09/2025","291.00","294.00","295.50","286.00","5.66K","-1.69%"
"09/09/2025","296.00","297.00","297.00","293.00","1.15K","-0.34%"
"08/09/2025","297.00","300.00","300.00","286.50","5.45K","-0.83%"
"05/09/2025","299.50","295.00","301.50","293.50","5.78K","2.22%"
"04/09/2025","293.00","295.00","296.50","293.00","1.79K","-0.17%"
"03/09/2025","293.50","295.00","296.00","291.00","2.29K","0.34%"
"02/09/2025","292.50","294.50","296.00","292.00","2.12K","-0.68%"
"01/09/2025","294.50","290.00","294.50","290.00","1.89K","2.43%"
"29/08/2025","287.50","292.50","293.00","286.00","3.21K","-0.86%"
"28/08/2025","290.00","295.50","296.00","290.00","1.61K","0.00%"
"27/08/2025","290.00","295.50","298.00","289.00","7.18K","-1.86%"
"26/08/2025","295.50","295.50","298.00","295.00","2.60K","-0.17%"
"25/08/2025","296.00","296.00","297.50","295.00","2.52K","0.00%"
"22/08/2025","296.00","301.00","302.00","287.50","9.14K","-1.82%"
"21/08/2025","301.50","294.00","303.00","289.00","36.08K","3.61%"
"20/08/2025","291.00","291.50","294.50","289.00","2.67K","0.34%"
"19/08/2025","290.00","290.00","294.00","289.00","12.71K","0.35%"
"18/08/2025","289.00","291.00","292.00","286.00","2.36K","0.70%"
"14/08/2025","287.00","290.00","292.50","285.00","2.79K","0.53%"
"13/08/2025","285.50","285.50","293.00","283.50","4.68K","1.24%"
"12/08/2025","282.00","283.50","286.00","282.00","2.73K","-0.53%"
"11/08/2025","283.50","281.00","289.00","281.00","9.93K","0.53%"
"08/08/2025","282.00","285.00","286.50","279.00","3.10K","0.18%"
"07/08/2025","281.50","284.00","286.00","281.00","3.40K","-0.88%"
"06/08/2025","284.00","282.50","284.50","280.50","6.84K","1.43%"
"05/08/2025","280.00","286.50","287.00","279.00","2.51K","-1.75%"
"04/08/2025","285.00","279.00","285.50","278.50","14.01K","2.15%"
"01/08/2025","279.00","285.00","285.00","278.00","6.10K","-1.06%"
"31/07/2025","282.00","287.00","288.00","281.50","7.49K","-1.74%"
"30/07/2025","287.00","287.00","295.50","283.50","7.31K","0.00%"
"29/07/2025","287.00","285.50","293.00","285.00","9.42K","-3.69%"
"28/07/2025","298.00","296.50","299.00","293.50","12.84K","1.88%"
"25/07/2025","292.50","294.00","297.00","291.00","12.36K","-0.51%"
"24/07/2025","294.00","299.50","299.50","294.00","8.46K","-1.84%"
"23/07/2025","299.50","299.50","301.00","298.50","7.20K","0.00%"
"22/07/2025","299.50","300.00","303.00","299.00","6.24K","-0.17%"
"21/07/2025","300.00","303.00","310.00","297.50","15.03K","-0.33%"
"18/07/2025","301.00","312.00","314.00","299.00","16.28K","-1.95%"
"17/07/2025","307.00","311.00","318.00","306.00","11.53K","0.00%"
"16/07/2025","307.00","299.00","307.50","299.00","21.04K","4.78%"
"15/07/2025","293.00","298.50","300.00","293.00","4.59K","-1.18%"
"14/07/2025","296.50","299.00","300.00","292.50","5.84K","-0.50%"
"11/07/2025","298.00","300.00","301.50","298.00","7.29K","-0.17%"
"10/07/2025","298.50","301.00","306.00","298.50","6.09K","-0.17%"
"09/07/2025","299.00","300.50","302.50","296.50","9.98K","-0.33%"
"08/07/2025","300.00","297.00","303.50","292.00","7.29K","1.69%"
"07/07/2025","295.00","299.00","299.50","295.00","4.18K","-1.67%"
"04/07/2025","300.00","295.00","300.00","294.00","6.51K","2.39%"
"03/07/2025","293.00","294.50","300.50","290.00","10.37K","0.69%"
"02/07/2025","291.00","289.50","294.50","288.00","11.14K","1.75%"
"01/07/2025","286.00","280.00","288.00","280.00","6.13K","2.14%"
"30/06/2025","280.00","287.50","288.00","280.00","3.69K","-2.44%"
"27/06/2025","287.00","281.50","289.50","281.50","5.89K","2.32%"
"26/06/2025","280.50","275.00","281.00","273.00","4.25K","2.00%"
"25/06/2025","275.00","274.00","275.00","271.50","1.67K","0.36%"
"24/06/2025","274.00","267.00","274.00","266.50","3.10K","2.81%"
"23/06/2025","266.50","268.00","271.00","266.00","2.04K","-0.37%"
"20/06/2025","267.50","268.50","275.00","267.50","4.17K","-0.37%"
"18/06/2025","268.50","272.00","272.00","267.50","3.08K","-0.19%"
"17/06/2025","269.00","273.50","273.50","267.50","3.96K","-0.19%"
"16/06/2025","269.50","267.00","273.00","266.00","6.11K","0.94%"
"13/06/2025","267.00","271.50","273.00","264.00","4.78K","-0.37%"
"12/06/2025","268.00","276.50","278.00","268.00","4.47K","-2.90%"
"11/06/2025","276.00","277.00","277.00","272.50","3.39K","2.60%"
"10/06/2025","269.00","272.00","278.00","268.50","6.51K","-1.10%"
"09/06/2025","272.00","262.00","273.00","262.00","25.14K","4.62%"
"06/06/2025","260.00","268.00","270.00","256.00","22.97K","-2.62%"
"05/06/2025","267.00","268.00","272.50","264.50","14.48K","0.00%"
"04/06/2025","267.00","270.00","270.00","264.00","7.78K","-0.37%"
"03/06/2025","268.00","270.00","270.00","267.00","4.45K","-0.56%"
"02/06/2025","269.50","269.00","270.00","267.00","8.33K","-0.19%"
"30/05/2025","270.00","269.50","270.00","266.00","4.52K","0.37%"
"29/05/2025","269.00","270.00","270.00","266.50","7.47K","-0.19%"
"28/05/2025","269.50","270.00","272.00","267.00","6.40K","0.19%"
"27/05/2025","269.00","280.00","280.00","268.00","21.94K","-3.41%"
"26/05/2025","278.50","274.00","282.00","272.50","12.71K","1.64%"
"23/05/2025","274.00","274.00","280.00","272.50","12.27K","0.18%"
"22/05/2025","273.50","288.00","288.00","266.00","43.94K","-8.22%"
"21/05/2025","298.00","299.50","299.50","294.50","1.37K","0.17%"
"20/05/2025","297.50","303.00","303.00","297.50","1.93K","-1.16%"
"19/05/2025","301.00","302.00","303.50","298.00","3.23K","-0.33%"
"16/05/2025","302.00","293.00","302.00","293.00","5.75K","3.60%"
"15/05/2025","291.50","295.00","295.00","288.00","3.21K","-0.68%"
"14/05/2025","293.50","298.00","298.50","290.00","5.52K","-1.34%"
"13/05/2025","297.50","297.00","297.50","295.00","5.64K","0.34%"
"12/05/2025","296.50","295.00","301.00","294.50","6.30K","0.85%"
"09/05/2025","294.00","291.00","294.00","287.00","23.29K","2.08%"
"08/05/2025","288.00","291.00","292.00","288.00","3.14K","-0.69%"
"07/05/2025","290.00","290.00","292.00","288.00","3.45K","0.00%"
"06/05/2025","290.00","293.00","294.00","287.00","3.66K","-0.68%"
"05/05/2025","292.00","292.00","295.00","290.00","6.35K","-0.34%"
"02/05/2025","293.00","293.00","295.00","291.50","6.98K","0.34%"
"30/04/2025","292.00","285.50","294.00","285.00","19.32K","1.92%"
"29/04/2025","286.50","290.50","291.00","285.50","6.27K","-0.87%"
"28/04/2025","289.00","295.00","295.00","288.00","6.39K","-1.03%"
"25/04/2025","292.00","294.00","296.00","290.00","20.49K","1.04%"
"24/04/2025","289.00","303.00","305.00","288.00","36.30K","-8.69%"
"23/04/2025","316.50","310.00","316.50","309.00","2.36K","2.76%"
"22/04/2025","308.00","301.00","309.50","300.50","2.51K","2.50%"
"17/04/2025","300.50","303.50","304.00","299.00","2.77K","-0.50%"
"16/04/2025","302.00","303.00","303.00","299.00","1.20K","0.00%"
"15/04/2025","302.00","306.00","308.50","300.00","2.17K","-0.98%"
"14/04/2025","305.00","305.50","308.50","302.00","3.53K","1.33%"
"11/04/2025","301.00","308.50","308.50","297.50","1.48K","-2.43%"
"10/04/2025","308.50","309.00","310.00","302.00","2.71K","4.40%"
"09/04/2025","295.50","300.00","304.50","290.00","4.16K","-1.50%"
"08/04/2025","300.00","300.00","307.50","298.50","4.18K","0.67%"
"07/04/2025","298.00","303.00","308.00","292.00","6.55K","-4.18%"
"04/04/2025","311.00","306.00","316.50","304.50","5.99K","1.97%"
"03/04/2025","305.00","306.50","311.00","305.00","1.98K","-0.65%"
"02/04/2025","307.00","311.00","313.50","305.50","2.90K","-1.44%"
"01/04/2025","311.50","305.50","312.50","305.50","2.58K","2.13%"
"31/03/2025","305.00","316.00","318.50","301.00","7.99K","-4.24%"
"28/03/2025","318.50","316.00","320.50","310.50","2.13K","0.47%"
"27/03/2025","317.00","323.00","323.00","312.00","4.23K","-1.55%"
"26/03/2025","322.00","326.50","328.00","321.50","4.18K","-1.53%"
"25/03/2025","327.00","333.50","335.50","327.00","2.88K","-1.36%"
"24/03/2025","331.50","330.00","333.50","325.00","2.85K","0.45%"
"21/03/2025","330.00","327.00","330.00","324.00","4.06K","0.92%"
"20/03/2025","327.00","327.50","329.00","325.50","2.14K","0.00%"
"19/03/2025","327.00","323.50","329.50","323.00","3.09K","0.93%"
"18/03/2025","324.00","321.00","327.00","319.50","5.02K","0.62%"
"17/03/2025","322.00","316.00","322.00","309.50","10.73K","0.63%"
"14/03/2025","320.00","321.00","322.00","313.00","6.11K","-1.08%"
"13/03/2025","323.50","317.00","327.00","307.00","12.18K","0.47%"
"12/03/2025","322.00","322.00","325.00","318.50","3.49K","1.58%"
"11/03/2025","317.00","325.00","328.50","315.00","10.69K","-2.46%"
"10/03/2025","325.00","332.50","336.00","323.00","2.15K","-0.91%"
"07/03/2025","328.00","326.50","330.00","324.00","2.24K","0.46%"
"06/03/2025","326.50","330.00","334.50","325.00","2.94K","-1.06%"
"05/03/2025","330.00","327.50","338.00","327.50","2.42K","1.54%"
"04/03/2025","325.00","337.00","341.00","323.00","3.92K","-3.56%"
"03/03/2025","337.00","332.00","342.00","325.00","5.16K","1.05%"
"28/02/2025","333.50","338.00","343.50","332.00","4.29K","-1.33%"
"27/02/2025","338.00","345.00","345.00","333.00","4.44K","-2.31%"
"26/02/2025","346.00","345.50","350.00","345.50","7.92K","0.29%"
"25/02/2025","345.00","351.50","351.50","342.00","4.43K","-1.71%"
"24/02/2025","351.00","349.00","352.50","346.00","5.52K","0.29%"
"21/02/2025","350.00","343.00","352.00","343.00","6.24K","2.34%"
"20/02/2025","342.00","348.00","350.00","338.00","2.98K","-1.44%"
"19/02/2025","347.00","350.00","350.00","325.00","7.83K","-1.42%"
"18/02/2025","352.00","349.00","357.50","342.00","7.34K","-0.28%"
"17/02/2025","353.00","365.00","365.00","344.50","8.35K","-3.42%"
"14/02/2025","365.50","365.00","366.00","359.00","2.92K","0.14%"
"13/02/2025","365.00","366.50","368.50","364.00","1.69K","-0.41%"
"12/02/2025","366.50","370.00","370.00","364.00","3.37K","0.27%"
"11/02/2025","365.50","369.50","370.00","361.50","1.60K","-1.08%"
"10/02/2025","369.50","370.00","370.00","364.00","16.54K","0.96%"
"07/02/2025","366.00","369.00","373.00","358.50","13.05K","-0.81%"
"06/02/2025","369.00","366.00","369.00","366.00","2.53K","2.50%"
"05/02/2025","360.00","358.50","361.00","357.50","0.73K","0.00%"
"04/02/2025","360.00","359.00","363.50","358.00","1.33K","0.56%"
"03/02/2025","358.00","364.00","365.00","352.00","2.57K","-1.92%"
"31/01/2025","365.00","366.00","368.00","361.50","1.47K","0.00%"
"30/01/2025","365.00","360.00","376.00","359.50","5.88K","1.39%"
"29/01/2025","360.00","355.00","360.00","355.00","2.30K","1.69%"
"28/01/2025","354.00","352.50","355.00","350.50","1.48K","0.57%"
"27/01/2025","352.00","353.00","353.50","349.50","3.64K","-0.28%"
"24/01/2025","353.00","354.00","355.00","350.00","3.25K","-0.14%"
"23/01/2025","353.50","352.00","355.00","351.00","1.17K","0.71%"
"22/01/2025","351.00","352.00","352.00","347.00","2.09K","-0.14%"
"21/01/2025","351.50","355.00","355.00","350.00","3.36K","-0.14%"
"20/01/2025","352.00","354.00","355.00","351.50","1.32K","0.14%"
"17/01/2025","351.50","354.00","355.50","350.00","2.98K","-0.57%"
"16/01/2025","353.50","352.00","355.00","350.00","1.39K","0.71%"
"15/01/2025","351.00","351.00","352.00","349.00","2.20K","0.00%"
"14/01/2025","351.00","350.00","352.00","347.00","1.91K","1.74%"
"13/01/2025","345.00","350.00","352.00","345.00","4.12K","-1.71%"
"10/01/2025","351.00","352.00","354.00","350.00","2.18K","0.29%"
"09/01/2025","350.00","345.00","350.00","343.00","2.98K","1.45%"
"08/01/2025","345.00","348.00","350.00","343.00","7.73K","-0.86%"
"07/01/2025","348.00","343.00","355.50","340.00","8.57K","2.65%"
"03/01/2025","339.00","335.00","341.00","332.00","6.08K","1.19%"
"02/01/2025","335.00","327.00","338.00","318.00","12.08K","2.29%"
"30/12/2024","327.50","328.00","333.00","323.00","5.43K","-0.46%"
"27/12/2024","329.00","324.50","329.00","322.50","1.20K","0.92%"
"23/12/2024","326.00","322.00","328.50","321.00","2.61K","1.24%"
"20/12/2024","322.00","323.00","327.50","319.00","3.62K","0.31%"
"19/12/2024","321.00","318.00","322.00","317.00","2.94K","-0.62%"
"18/12/2024","323.00","315.50","323.00","315.50","4.48K","1.57%"
"17/12/2024","318.00","321.00","323.00","318.00","4.77K","-1.24%"
"16/12/2024","322.00","322.00","327.50","321.00","1.60K","-0.77%"
"13/12/2024","324.50","330.00","330.00","324.50","1.45K","-2.70%"
"12/12/2024","333.50","334.00","334.00","323.50","1.57K","-0.45%"
"11/12/2024","335.00","334.50","335.00","332.00","1.13K","0.00%"
"10/12/2024","335.00","336.00","336.00","333.00","1.30K","0.00%"
"09/12/2024","335.00","339.50","340.00","334.00","1.90K","-1.33%"
"06/12/2024","339.50","337.50","340.00","335.50","2.68K","0.59%"
"05/12/2024","337.50","330.50","337.50","330.50","5.73K","0.45%"
"04/12/2024","336.00","335.00","338.00","331.50","2.83K","0.30%"
"03/12/2024","335.00","332.00","335.00","329.00","1.70K","1.52%"
"02/12/2024","330.00","330.00","333.00","319.50","7.14K","0.15%"
"29/11/2024","329.50","335.50","336.00","326.50","1.16K","-1.79%"
"28/11/2024","335.50","337.00","339.00","329.50","1.85K","-0.45%"
"27/11/2024","337.00","339.50","340.00","333.00","3.51K","-0.74%"
"26/11/2024","339.50","340.00","340.00","334.00","6.45K","0.15%"
"25/11/2024","339.00","338.00","340.00","335.00","5.09K","1.19%"
"22/11/2024","335.00","336.00","337.50","320.00","7.62K","0.00%"
"21/11/2024","335.00","334.00","337.50","330.50","13.66K","0.30%"
"20/11/2024","334.00","327.50","334.00","326.00","7.76K","1.98%"
"19/11/2024","327.50","329.00","335.00","324.00","23.54K","-0.91%"
"18/11/2024","330.50","322.50","332.00","320.50","11.85K","2.64%"
"15/11/2024","322.00","320.00","323.00","319.00","8.28K","0.63%"
"14/11/2024","320.00","283.00","322.50","283.00","26.33K","15.11%"
"13/11/2024","278.00","278.00","278.00","277.00","2.99K","-0.18%"
"12/11/2024","278.50","279.00","282.00","278.00","5.89K","-0.54%"
"08/11/2024","280.00","284.50","284.50","279.50","7.86K","-2.44%"
"07/11/2024","287.00","285.00","290.50","284.50","1.33K","1.06%"
"06/11/2024","284.00","281.50","294.00","281.00","3.52K","1.43%"
"05/11/2024","280.00","283.00","289.00","280.00","1.77K","-1.06%"
"04/11/2024","283.00","280.50","286.00","280.50","2.32K","1.25%"
"31/10/2024","279.50","278.00","283.00","277.00","2.47K","0.36%"
"30/10/2024","278.50","279.50","284.00","278.00","2.02K","-0.36%"
"29/10/2024","279.50","280.50","287.00","279.50","4.13K","-0.36%"
"28/10/2024","280.50","290.50","293.50","280.50","2.20K","-2.43%"
"25/10/2024","287.50","286.00","297.00","283.00","2.53K","-0.17%"
"24/10/2024","288.00","298.00","300.00","281.50","3.22K","-2.87%"
"23/10/2024","296.50","298.50","300.00","296.50","0.82K","-0.34%"
"22/10/2024","297.50","304.00","304.00","294.50","2.74K","-2.14%"
"21/10/2024","304.00","307.00","307.00","301.00","1.33K","-1.30%"
"18/10/2024","308.00","307.50","311.50","303.00","2.93K","0.16%"
"17/10/2024","307.50","310.50","313.50","307.50","3.07K","-0.32%"
"16/10/2024","308.50","311.50","313.50","308.50","1.04K","-1.28%"
"15/10/2024","312.50","310.00","314.00","310.00","1.85K","0.81%"
"14/10/2024","310.00","306.50","312.00","306.50","1.00K","1.14%"
"11/10/2024","306.50","312.00","315.50","306.50","4.64K","-1.76%"
"10/10/2024","312.00","303.00","312.00","303.00","4.08K","2.30%"
"09/10/2024","305.00","296.00","306.00","296.00","2.28K","3.04%"
"08/10/2024","296.00","299.50","305.00","294.50","2.07K","0.00%"
"07/10/2024","296.00","305.00","305.00","296.00","1.64K","-2.15%"
"04/10/2024","302.50","296.00","305.00","295.50","2.62K","2.37%"
"03/10/2024","295.50","301.50","304.50","295.50","1.60K","-2.31%"
"02/10/2024","302.50","306.00","306.00","301.00","0.65K","-1.14%"
"01/10/2024","306.00","306.00","307.00","305.00","1.14K","0.33%"
"30/09/2024","305.00","302.00","306.00","302.00","1.46K","0.99%"
"27/09/2024","302.00","295.00","303.00","295.00","2.22K","2.37%"
"26/09/2024","295.00","296.50","298.00","295.00","3.59K","0.00%"
"25/09/2024","295.00","298.00","298.00","295.00","0.92K","-1.34%"
"24/09/2024","299.00","297.00","299.50","297.00","0.72K","-0.17%"
"23/09/2024","299.50","296.50","299.50","295.00","1.00K","1.01%"
"20/09/2024","296.50","299.00","299.50","296.00","0.78K","-0.50%"
"19/09/2024","298.00","299.50","299.50","295.00","0.76K","-0.50%"
"18/09/2024","299.50","298.00","300.00","297.00","2.19K","0.50%"
"17/09/2024","298.00","299.00","299.00","296.50","0.52K","-0.33%"
"16/09/2024","299.00","300.00","300.00","296.50","0.69K","-0.17%"
"13/09/2024","299.50","295.50","299.50","294.00","0.93K","1.87%"
"12/09/2024","294.00","296.00","297.00","292.00","0.72K","-0.34%"
"11/09/2024","295.00","298.00","302.00","292.50","1.43K","-1.01%"
"10/09/2024","298.00","294.00","299.50","292.50","2.09K","1.02%"
"09/09/2024","295.00","295.00","298.50","292.00","2.70K","0.00%"
"06/09/2024","295.00","303.00","303.00","295.00","1.51K","-2.32%"
"05/09/2024","302.00","307.00","307.00","302.00","1.16K","-1.63%"
"04/09/2024","307.00","303.50","307.00","295.50","2.58K","0.66%"
"03/09/2024","305.00","305.00","309.00","302.50","4.19K","-0.33%"
"02/09/2024","306.00","304.00","308.00","300.50","7.29K","0.16%"
"30/08/2024","305.50","288.00","307.50","288.00","11.09K","5.89%"
"29/08/2024","288.50","289.00","294.50","279.00","8.78K","0.70%"
"28/08/2024","286.50","288.00","288.00","286.50","0.88K","-0.52%"
"27/08/2024","288.00","287.00","289.00","286.50","1.51K","1.05%"
"26/08/2024","285.00","286.50","288.00","283.50","0.82K","-0.52%"
"23/08/2024","286.50","288.00","288.00","285.00","0.68K","0.17%"
"22/08/2024","286.00","286.00","289.00","285.00","1.33K","0.00%"
"21/08/2024","286.00","285.50","287.50","284.50","1.06K","0.18%"
"20/08/2024","285.50","286.00","287.50","284.00","1.90K","0.18%"
"19/08/2024","285.00","286.00","288.00","284.00","2.12K","-0.70%"
"16/08/2024","287.00","283.00","288.50","283.00","1.02K","1.95%"
"14/08/2024","281.50","285.50","286.00","281.00","1.15K","-0.18%"
"13/08/2024","282.00","286.00","288.00","281.00","1.45K","-1.57%"
"12/08/2024","286.50","283.50","288.00","282.50","1.76K","1.06%"
"09/08/2024","283.50","280.00","284.00","279.00","1.49K","1.80%"
"08/08/2024","278.50","277.00","282.50","276.50","1.36K","1.27%"
"07/08/2024","275.00","279.00","283.00","274.00","3.76K","-1.08%"
"06/08/2024","278.00","272.50","283.00","272.50","6.00K","3.35%"
"05/08/2024","269.00","280.00","280.00","268.00","11.16K","-5.61%"
"02/08/2024","285.00","286.50","289.00","284.00","2.32K","-0.18%"
"01/08/2024","285.50","289.00","289.00","283.50","4.57K","-0.87%"
"31/07/2024","288.00","286.00","289.00","285.50","2.62K","0.70%"
"30/07/2024","286.00","283.00","288.00","281.50","6.07K","1.78%"
"29/07/2024","281.00","290.00","290.00","281.00","5.98K","-6.95%"
"26/07/2024","302.00","302.00","302.00","298.50","2.79K","0.33%"
"25/07/2024","301.00","298.00","302.00","292.50","5.85K","0.67%"
"24/07/2024","299.00","300.00","301.50","297.50","5.58K","-0.83%"
"23/07/2024","301.50","301.50","303.00","300.00","1.14K","0.33%"
"22/07/2024","300.50","300.50","302.00","299.50","2.98K","-0.17%"
"19/07/2024","301.00","301.00","301.00","300.00","5.02K","0.17%"
"18/07/2024","300.50","304.00","304.00","300.00","10.13K","-0.83%"
"17/07/2024","303.00","305.00","306.00","300.50","1.45K","0.00%"
"16/07/2024","303.00","306.50","306.50","301.50","1.69K","-1.30%"
"15/07/2024","307.00","306.50","308.00","305.00","1.26K","0.16%"
"12/07/2024","306.50","306.00","308.00","304.00","1.53K","0.16%"
"11/07/2024","306.00","305.00","307.50","305.00","0.94K","0.33%"
"10/07/2024","305.00","302.00","306.00","299.50","8.55K","1.50%"
"09/07/2024","300.50","305.00","307.00","299.50","19.69K","-1.64%"
"08/07/2024","305.50","307.00","309.50","305.00","3.50K","-0.49%"
"05/07/2024","307.00","307.50","311.00","305.50","1.76K","-0.16%"
"04/07/2024","307.50","305.00","310.00","304.50","3.29K","0.16%"
"03/07/2024","307.00","310.00","310.00","306.00","6.36K","-1.60%"
"02/07/2024","312.00","315.00","315.00","312.00","2.67K","-0.48%"
"01/07/2024","313.50","318.00","318.00","313.00","1.77K","-1.26%"
"28/06/2024","317.50","316.00","318.50","313.00","1.03K","0.63%"
"27/06/2024","315.50","318.50","319.00","313.00","12.41K","-0.79%"
"26/06/2024","318.00","317.00","319.00","315.00","1.92K","0.32%"
"25/06/2024","317.00","313.00","317.50","312.00","1.46K","1.28%"
"24/06/2024","313.00","313.00","317.00","313.00","1.44K","0.16%"
"21/06/2024","312.50","315.50","319.00","312.50","1.68K","-1.11%"
"20/06/2024","316.00","317.00","318.00","313.00","1.99K","-0.32%"
"19/06/2024","317.00","317.00","318.00","311.00","1.01K","0.32%"
"18/06/2024","316.00","315.00","318.00","307.00","1.56K","0.32%"
"17/06/2024","315.00","311.00","315.00","311.00","1.82K","1.45%"
"14/06/2024","310.50","313.00","314.00","308.00","1.49K","0.49%"
"13/06/2024","309.00","311.00","312.50","304.50","4.30K","-0.48%"
"12/06/2024","310.50","308.00","311.50","303.00","6.01K","1.14%"
"11/06/2024","307.00","307.50","310.00","305.00","3.42K","0.00%"
"10/06/2024","307.00","311.00","314.50","306.50","1.99K","-1.29%"
"07/06/2024","311.00","314.50","314.50","309.00","2.71K","-1.11%"
"06/06/2024","314.50","311.00","314.50","309.00","4.20K","1.45%"
"05/06/2024","310.00","314.00","320.50","307.00","2.70K","0.00%"
"04/06/2024","310.00","318.00","320.50","310.00","2.87K","-2.05%"
"03/06/2024","316.50","318.00","321.50","316.00","1.09K","0.16%"
"31/05/2024","316.00","314.50","322.00","314.00","2.70K","0.48%"
"29/05/2024","314.50","320.00","322.00","314.50","1.98K","-1.41%"
"28/05/2024","319.00","319.00","322.00","319.00","1.44K","0.16%"
"27/05/2024","318.50","320.00","322.00","318.50","1.04K","-0.47%"
"24/05/2024","320.00","322.00","322.00","319.50","1.03K","-0.62%"
"23/05/2024","322.00","321.00","323.00","319.50","1.25K","0.78%"
"22/05/2024","319.50","323.00","323.00","319.50","1.73K","-1.08%"
"21/05/2024","323.00","323.00","323.00","320.50","1.82K","0.00%"
"20/05/2024","323.00","320.00","325.00","319.50","2.31K","1.25%"
"17/05/2024","319.00","326.50","326.50","319.00","3.29K","-1.85%"
"16/05/2024","325.00","320.00","329.50","318.50","6.14K","1.09%"
"15/05/2024","321.50","323.50","323.50","310.50","6.67K","-0.16%"
"14/05/2024","322.00","332.50","332.50","316.50","8.08K","-2.72%"
"13/05/2024","331.00","329.50","331.00","326.50","1.36K","1.53%"
"10/05/2024","326.00","329.50","330.00","324.50","2.52K","-1.06%"
"09/05/2024","329.50","330.00","330.00","326.00","1.39K","0.15%"
"08/05/2024","329.00","326.00","330.00","325.00","2.41K","1.23%"
"07/05/2024","325.00","325.00","326.00","325.00","1.54K","0.00%"
"06/05/2024","325.00","325.50","330.00","324.00","4.23K","-0.15%"
"02/05/2024","325.50","325.00","325.50","324.00","1.63K","0.00%"
"30/04/2024","325.50","330.00","330.50","322.50","2.41K","-1.36%"
"29/04/2024","330.00","325.00","330.00","322.00","2.12K","1.54%"
"26/04/2024","325.00","322.00","326.00","320.50","2.15K","0.78%"
"25/04/2024","322.50","330.00","335.00","319.00","7.26K","-4.30%"
"24/04/2024","337.00","330.50","338.50","328.50","3.21K","2.12%"
"23/04/2024","330.00","328.50","338.00","328.00","5.43K","0.15%"
"22/04/2024","329.50","321.00","330.00","321.00","3.14K","2.33%"
"19/04/2024","322.00","323.00","327.00","321.00","0.68K","-1.23%"
"18/04/2024","326.00","325.00","327.00","323.50","0.49K","-0.31%"
"17/04/2024","327.00","325.00","327.00","320.00","1.42K","0.62%"
"16/04/2024","325.00","327.00","329.50","321.50","1.70K","-0.61%"
"15/04/2024","327.00","326.50","334.00","326.50","1.26K","0.00%"
"12/04/2024","327.00","330.00","330.50","327.00","2.74K","-0.91%"
"11/04/2024","330.00","330.50","333.00","325.50","1.63K","-0.90%"
"10/04/2024","333.00","329.00","333.50","329.00","1.88K","1.37%"
"09/04/2024","328.50","330.00","334.50","327.00","1.60K","-0.45%"
"08/04/2024","330.00","332.50","335.00","328.00","2.34K","-0.75%"
"05/04/2024","332.50","333.00","340.00","332.00","3.87K","-2.35%"
"04/04/2024","340.50","328.50","341.50","320.00","6.71K","3.50%"
"03/04/2024","329.00","329.50","330.00","324.00","0.96K","0.00%"
"02/04/2024","329.00","326.00","330.00","321.00","3.21K","0.92%"
"28/03/2024","326.00","323.50","326.00","321.00","1.55K","0.93%"
"27/03/2024","323.00","324.00","324.00","320.00","1.43K","-0.31%"
"26/03/2024","324.00","323.00","325.00","319.00","2.51K","0.31%"
"25/03/2024","323.00","318.50","325.00","314.50","4.52K","1.25%"
"22/03/2024","319.00","311.00","322.50","310.50","6.46K","2.90%"
"21/03/2024","310.00","309.00","314.00","305.50","3.73K","0.65%"
"20/03/2024","308.00","307.00","309.00","305.00","2.07K","0.33%"
"19/03/2024","307.00","311.00","311.00","305.00","1.50K","-1.44%"
"18/03/2024","311.50","314.00","315.00","305.50","3.04K","-1.27%"
"15/03/2024","315.50","315.00","317.00","309.00","3.86K","0.80%"
"14/03/2024","313.00","313.00","316.00","312.00","1.37K","0.16%"
"13/03/2024","312.50","315.00","315.00","310.50","1.26K","-0.48%"
"12/03/2024","314.00","309.00","314.00","309.00","2.50K","1.62%"
"11/03/2024","309.00","300.00","310.50","300.00","2.14K","2.32%"
"08/03/2024","302.00","305.00","307.00","301.00","1.84K","-0.98%"
"07/03/2024","305.00","308.00","310.00","304.00","1.63K","-1.29%"
"06/03/2024","309.00","315.00","315.00","307.00","1.95K","-1.90%"
"05/03/2024","315.00","305.00","315.00","297.00","5.72K","2.94%"
"04/03/2024","306.00","308.00","314.00","306.00","2.01K","-0.65%"
"01/03/2024","308.00","307.00","311.00","305.50","3.45K","0.65%"
"29/02/2024","306.00","312.50","314.50","298.50","9.59K","-2.70%"
"28/02/2024","314.50","314.00","315.00","312.50","1.25K","-0.32%"
"27/02/2024","315.50","315.00","318.50","313.00","1.12K","0.48%"
"26/02/2024","314.00","317.00","320.00","313.00","2.01K","-0.32%"
"23/02/2024","315.00","318.50","321.00","315.00","1.84K","-0.47%"
"22/02/2024","316.50","319.00","321.00","315.00","1.45K","-0.31%"
"21/02/2024","317.50","322.00","323.00","317.50","2.97K","-1.40%"
"20/02/2024","322.00","320.00","323.00","320.00","1.02K","0.63%"
"19/02/2024","320.00","315.00","333.00","314.00","6.35K","1.91%"
"16/02/2024","314.00","314.00","316.50","311.00","2.23K","0.16%"
"15/02/2024","313.50","314.00","314.50","311.50","1.48K","-0.16%"
"14/02/2024","314.00","311.50","316.50","311.50","1.54K","0.96%"
"13/02/2024","311.00","320.00","320.00","310.00","2.47K","-2.20%"
"12/02/2024","318.00","319.00","320.00","316.00","1.38K","0.32%"
"09/02/2024","317.00","328.50","328.50","313.00","2.90K","-3.50%"
"08/02/2024","328.50","330.00","331.00","325.00","5.44K","0.15%"
"07/02/2024","328.00","327.00","336.00","323.50","9.08K","0.00%"
"06/02/2024","328.00","328.00","329.00","324.50","9.11K","0.00%"
"05/02/2024","328.00","320.50","329.50","320.50","4.66K","2.50%"
"02/02/2024","320.00","320.00","323.00","318.50","2.63K","0.00%"
"01/02/2024","320.00","312.00","320.00","310.00","2.36K","2.40%"
"31/01/2024","312.50","313.00","316.00","308.00","2.17K","0.48%"
"30/01/2024","311.00","317.50","317.50","309.00","3.01K","-1.58%"
"29/01/2024","316.00","316.00","319.50","314.00","1.98K","0.00%"
"26/01/2024","316.00","318.00","321.50","316.00","3.34K","0.00%"
"25/01/2024","316.00","316.00","318.50","315.50","0.56K","0.00%"
"24/01/2024","316.00","315.00","320.00","315.00","0.91K","0.32%"
"23/01/2024","315.00","317.50","319.50","315.00","1.32K","-0.79%"
"22/01/2024","317.50","319.50","320.00","315.00","0.85K","0.95%"
"19/01/2024","314.50","318.00","320.00","314.50","1.55K","-0.16%"
"18/01/2024","315.00","318.50","318.50","311.00","1.19K","0.32%"
"17/01/2024","314.00","321.00","325.00","314.00","1.58K","-0.95%"
"16/01/2024","317.00","318.00","320.00","314.00","1.64K","-0.31%"
"15/01/2024","318.00","320.00","322.00","318.00","2.13K","-0.31%"
"12/01/2024","319.00","317.00","324.50","317.00","1.70K","0.95%"
"11/01/2024","316.00","321.50","321.50","314.00","1.41K","-1.25%"
"10/01/2024","320.00","315.00","321.50","313.00","1.67K","2.24%"
"09/01/2024","313.00","318.00","318.00","313.00","2.14K","-0.95%"
"08/01/2024","316.00","316.00","318.00","313.00","1.92K","0.00%"
"05/01/2024","316.00","320.00","322.00","315.50","8.77K","-1.86%"
"04/01/2024","322.00","315.50","325.00","315.00","5.54K","2.22%"
"03/01/2024","315.00","318.00","323.00","310.50","9.61K","-1.87%"
"02/01/2024","321.00","330.00","338.00","316.00","13.03K","-3.02%"
"29/12/2023","331.00","320.00","332.00","305.00","25.37K","0.91%"
"28/12/2023","328.00","341.00","342.00","310.00","17.48K","-3.95%"
"27/12/2023","341.50","327.00","342.00","326.00","10.10K","4.27%"
"22/12/2023","327.50","324.50","329.50","322.00","3.21K","1.71%"
"21/12/2023","322.00","324.00","325.00","321.00","2.09K","-0.92%"
"20/12/2023","325.00","329.50","330.00","324.00","3.43K","-1.22%"
"19/12/2023","329.00","324.00","329.50","321.00","4.01K","1.54%"
"18/12/2023","324.00","321.00","325.00","319.00","2.73K","1.89%"
"15/12/2023","318.00","313.00","323.50","313.00","11.85K","1.92%"
"14/12/2023","312.00","313.00","313.00","310.00","4.69K","0.81%"
"13/12/2023","309.50","306.00","313.00","303.50","3.55K","0.98%"
"12/12/2023","306.50","305.50","306.50","303.00","3.00K","0.33%"
"11/12/2023","305.50","307.00","307.00","304.50","3.72K","-0.16%"
"08/12/2023","306.00","306.50","308.00","303.00","3.02K","0.00%"
"07/12/2023","306.00","307.00","312.50","306.00","2.43K","-0.65%"
"06/12/2023","308.00","312.00","315.00","308.00","3.49K","-1.28%"
"05/12/2023","312.00","299.50","312.50","298.50","2.02K","4.17%"
"04/12/2023","299.50","295.00","307.00","294.00","11.31K","2.57%"
"01/12/2023","292.00","294.50","295.00","291.00","2.67K","-0.17%"
"30/11/2023","292.50","295.00","295.00","292.00","2.12K","0.86%"
"29/11/2023","290.00","293.50","295.00","290.00","7.33K","0.00%"
"28/11/2023","290.00","293.50","294.00","285.00","12.53K","3.57%"
"27/11/2023","280.00","288.00","288.00","279.50","2.23K","-2.78%"
"24/11/2023","288.00","290.00","292.00","287.50","0.77K","-0.69%"
"23/11/2023","290.00","287.00","292.00","286.50","1.38K","1.22%"
"22/11/2023","286.50","291.00","292.50","286.50","2.04K","-1.21%"
"21/11/2023","290.00","290.50","291.00","288.00","1.38K","-0.17%"
"20/11/2023","290.50","288.50","291.50","286.00","1.42K","0.69%"
"17/11/2023","288.50","291.50","291.50","288.00","0.80K","-1.03%"
"16/11/2023","291.50","290.00","295.00","289.00","1.36K","-0.51%"
"15/11/2023","293.00","297.50","297.50","289.00","1.47K","-1.51%"
"14/11/2023","297.50","287.50","297.50","285.00","3.04K","3.48%"
"13/11/2023","287.50","286.50","297.00","284.00","3.19K","1.23%"
"10/11/2023","284.00","276.00","288.00","274.00","6.30K","2.34%"
"09/11/2023","277.50","278.00","279.50","275.00","1.71K","-0.54%"
"08/11/2023","279.00","282.00","282.00","276.00","0.67K","-0.71%"
"07/11/2023","281.00","281.00","283.00","280.00","0.67K","0.00%"
"06/11/2023","281.00","282.50","285.00","281.00","1.31K","-0.35%"
"03/11/2023","282.00","280.00","282.50","277.00","1.37K","0.89%"
"02/11/2023","279.50","280.00","286.50","279.00","1.38K","-0.18%"
"31/10/2023","280.00","281.50","282.00","280.00","1.30K","0.00%"
"30/10/2023","280.00","279.50","282.00","279.50","0.88K","0.18%"
"27/10/2023","279.50","279.00","281.00","279.00","0.82K","0.18%"
"26/10/2023","279.00","279.50","282.00","278.50","0.85K","-0.18%"
"25/10/2023","279.50","278.00","283.50","278.00","1.45K","1.08%"
"24/10/2023","276.50","272.50","278.00","272.50","0.64K","1.47%"
"23/10/2023","272.50","271.50","276.00","271.00","0.99K","0.37%"
"20/10/2023","271.50","275.00","276.50","270.00","6.16K","-1.27%"
"19/10/2023","275.00","280.50","282.00","275.00","1.28K","-1.96%"
"18/10/2023","280.50","279.50","282.00","279.50","1.94K","0.72%"
"17/10/2023","278.50","279.00","280.00","278.00","2.58K","0.54%"
"16/10/2023","277.00","276.50","279.00","275.00","2.18K","1.65%"
"13/10/2023","272.50","270.50","277.00","270.50","0.99K","0.74%"
"12/10/2023","270.50","270.00","275.00","270.00","1.58K","-0.18%"
"11/10/2023","271.00","274.00","275.00","270.00","1.51K","0.37%"
"10/10/2023","270.00","268.00","276.00","266.50","2.16K","1.12%"
"09/10/2023","267.00","268.00","270.50","266.50","1.91K","-0.74%"
"06/10/2023","269.00","267.00","269.50","265.00","0.86K","1.89%"
"05/10/2023","264.00","262.50","268.00","262.50","1.08K","-0.75%"
"04/10/2023","266.00","269.50","269.50","262.50","0.84K","0.95%"
"03/10/2023","263.50","267.50","268.00","262.00","1.62K","-0.57%"
"02/10/2023","265.00","267.00","269.00","265.00","1.69K","-0.75%"
"29/09/2023","267.00","267.00","268.00","265.00","3.03K","1.91%"
"28/09/2023","262.00","269.00","271.00","262.00","3.37K","-2.60%"
"27/09/2023","269.00","271.00","271.00","269.00","1.21K","-0.37%"
"26/09/2023","270.00","275.00","275.50","268.00","2.50K","-2.00%"
"25/09/2023","275.50","270.00","277.50","268.00","3.81K","2.04%"
"22/09/2023","270.00","271.00","272.00","269.00","1.51K","0.00%"
"21/09/2023","270.00","272.50","275.50","270.00","2.08K","-0.55%"
"20/09/2023","271.50","278.00","278.50","271.50","2.03K","-1.27%"
"19/09/2023","275.00","274.50","277.50","271.00","7.60K","1.10%"
"18/09/2023","272.00","272.00","280.00","272.00","1.22K","0.00%"
"15/09/2023","272.00","280.00","280.00","272.00","6.70K","-0.73%"
"14/09/2023","274.00","268.00","279.50","268.00","1.87K","2.24%"
"13/09/2023","268.00","271.50","274.00","268.00","4.36K","-1.29%"
"12/09/2023","271.50","272.00","274.00","271.00","1.94K","-0.18%"
"11/09/2023","272.00","273.00","274.00","272.00","1.82K","0.37%"
"08/09/2023","271.00","274.00","274.00","270.50","3.21K","0.18%"
"07/09/2023","270.50","282.00","282.00","270.00","13.56K","-2.35%"
"06/09/2023","277.00","279.00","279.50","275.00","3.10K","-0.89%"
"05/09/2023","279.50","282.50","284.00","279.50","2.44K","-1.58%"
"04/09/2023","284.00","283.00","284.50","282.00","1.07K","0.53%"
"01/09/2023","282.50","284.50","285.50","282.50","14.74K","-0.70%"
"31/08/2023","284.50","285.00","287.00","284.50","2.90K","-0.87%"
"30/08/2023","287.00","285.50","287.00","284.50","2.12K","0.70%"
"29/08/2023","285.00","287.00","287.50","285.00","1.04K","-0.70%"
"28/08/2023","287.00","286.50","289.50","285.00","1.13K","0.88%"
"25/08/2023","284.50","284.50","287.50","284.50","1.60K","0.00%"
"24/08/2023","284.50","287.50","288.50","284.50","8.49K","-0.52%"
"23/08/2023","286.00","285.50","288.00","284.00","2.13K","0.53%"
"22/08/2023","284.50","287.50","289.50","284.50","2.29K","-0.87%"
"21/08/2023","287.00","281.50","289.50","281.00","1.85K","1.95%"
"18/08/2023","281.50","280.50","284.00","278.00","4.66K","-0.88%"
"17/08/2023","284.00","292.00","296.00","281.00","9.19K","-4.05%"
"16/08/2023","296.00","297.00","300.50","292.00","4.61K","0.00%"
"14/08/2023","296.00","301.50","302.00","296.00","3.66K","-1.66%"
"11/08/2023","301.00","302.00","303.00","301.00","2.72K","-0.50%"
"10/08/2023","302.50","303.00","303.00","301.00","1.70K","0.17%"
"09/08/2023","302.00","302.00","303.00","301.00","1.37K","0.33%"
"08/08/2023","301.00","302.00","304.00","301.00","2.90K","-0.17%"
"07/08/2023","301.50","303.00","304.50","301.00","2.27K","0.17%"
"04/08/2023","301.00","299.00","304.00","295.00","4.88K","1.01%"
"03/08/2023","298.00","300.00","302.00","296.00","2.78K","0.00%"
"02/08/2023","298.00","288.00","305.00","286.50","19.81K","3.29%"
"01/08/2023","288.50","286.00","289.00","283.50","10.40K","0.87%"
"31/07/2023","286.00","290.00","298.00","286.00","17.97K","-0.69%"
"28/07/2023","288.00","290.00","290.00","288.00","1.75K","-0.52%"
"27/07/2023","289.50","291.00","292.00","288.50","2.88K","-0.34%"
"26/07/2023","290.50","292.00","294.00","286.50","2.26K","0.00%"
"25/07/2023","290.50","295.00","295.00","286.00","20.70K","0.17%"
"24/07/2023","290.00","278.50","290.00","278.50","18.75K","6.81%"
"21/07/2023","271.50","271.00","273.00","270.00","4.50K","0.74%"
"20/07/2023","269.50","265.00","272.00","265.00","17.39K","0.94%"
"19/07/2023","267.00","275.00","276.50","267.00","8.86K","-2.20%"
"18/07/2023","273.00","273.50","276.50","272.00","1.82K","0.37%"
"17/07/2023","272.00","278.00","278.50","271.50","6.36K","-1.98%"
"14/07/2023","277.50","280.00","281.50","277.00","3.05K","-0.89%"
"13/07/2023","280.00","281.00","282.50","278.00","5.27K","-0.36%"
"12/07/2023","281.00","282.00","283.50","279.00","3.21K","0.36%"
"11/07/2023","280.00","278.50","282.50","278.50","1.65K","0.90%"
"10/07/2023","277.50","283.00","284.50","277.50","31.16K","-1.42%"
"07/07/2023","281.50","275.00","282.00","274.50","2.94K","3.30%"
"06/07/2023","272.50","275.00","275.00","271.50","0.74K","-0.37%"
"05/07/2023","273.50","273.00","274.50","271.50","1.65K","0.18%"
"04/07/2023","273.00","275.00","277.00","271.00","3.28K","-0.73%"
"03/07/2023","275.00","276.50","280.00","274.00","3.07K","0.73%"
"30/06/2023","273.00","276.00","278.00","272.50","4.07K","-2.50%"
"29/06/2023","280.00","287.00","287.00","278.50","4.24K","-2.44%"
"28/06/2023","287.00","286.50","287.50","285.00","4.18K","0.88%"
"27/06/2023","284.50","285.00","287.00","283.50","1.56K","0.18%"
"26/06/2023","284.00","281.00","287.00","280.50","1.61K","1.25%"
"23/06/2023","280.50","288.00","288.00","277.00","3.12K","-1.23%"
"22/06/2023","284.00","285.00","287.00","281.00","2.08K","-0.18%"
"21/06/2023","284.50","282.50","288.00","281.50","2.30K","1.61%"
"20/06/2023","280.00","284.00","284.00","277.50","4.57K","-1.58%"
"19/06/2023","284.50","282.00","285.50","280.50","1.67K","1.61%"
"16/06/2023","280.00","283.00","283.00","277.00","9.70K","-0.53%"
"15/06/2023","281.50","286.00","287.00","279.00","2.67K","-0.71%"
"14/06/2023","283.50","287.00","287.00","278.00","8.04K","0.00%"
"13/06/2023","283.50","288.50","288.50","283.00","1.91K","-1.73%"
"12/06/2023","288.50","285.00","291.00","285.00","1.15K","2.12%"
"09/06/2023","282.50","291.00","293.50","281.00","5.27K","-3.09%"
"07/06/2023","291.50","291.00","292.00","286.50","4.30K","0.52%"
"06/06/2023","290.00","287.00","290.50","286.00","7.57K","1.05%"
"05/06/2023","287.00","286.00","287.00","282.00","7.44K","0.70%"
"02/06/2023","285.00","277.00","285.00","274.50","30.65K","1.79%"
"01/06/2023","280.00","273.50","280.00","272.50","8.39K","2.38%"
"31/05/2023","273.50","277.50","277.50","271.00","4.22K","-1.62%"
"30/05/2023","278.00","279.50","279.50","275.00","1.84K","0.36%"
"29/05/2023","277.00","280.00","280.00","276.50","1.93K","-1.07%"
"26/05/2023","280.00","279.00","281.00","278.00","4.17K","0.72%"
"25/05/2023","278.00","277.50","280.00","275.50","3.37K","0.00%"
"24/05/2023","278.00","280.50","281.00","275.00","4.32K","0.00%"
"23/05/2023","278.00","280.00","282.50","271.00","7.01K","-0.71%"
"22/05/2023","280.00","280.00","282.50","277.00","4.50K","0.72%"
"19/05/2023","278.00","278.00","280.00","277.00","7.23K","0.36%"
"18/05/2023","277.00","280.00","280.00","277.00","1.42K","-0.89%"
"17/05/2023","279.50","283.00","283.00","276.00","6.64K","-0.53%"
"16/05/2023","281.00","277.00","283.00","277.00","4.95K","1.44%"
"15/05/2023","277.00","278.00","280.50","275.00","6.74K","-0.36%"
"12/05/2023","278.00","282.00","286.00","276.00","4.75K","-1.07%"
"11/05/2023","281.00","279.00","287.50","278.00","9.38K","1.44%"
"10/05/2023","277.00","287.00","287.00","277.00","12.06K","-3.48%"
"09/05/2023","287.00","289.00","290.00","287.00","4.03K","-0.69%"
"08/05/2023","289.00","290.00","291.00","287.00","4.50K","-0.34%"
"05/05/2023","290.00","292.00","292.00","286.50","2.85K","0.52%"
"04/05/2023","288.50","292.00","295.00","288.00","11.37K","-1.20%"
"02/05/2023","292.00","291.00","293.50","290.00","4.71K","0.34%"
"28/04/2023","291.00","290.00","292.50","287.00","2.19K","0.00%"
"27/04/2023","291.00","295.00","295.00","289.00","2.62K","-0.34%"
"26/04/2023","292.00","292.00","296.00","288.50","6.69K","1.21%"
"25/04/2023","288.50","289.00","292.00","288.00","1.63K","-1.20%"
"24/04/2023","292.00","286.00","292.00","285.00","2.06K","2.46%"
"21/04/2023","285.00","287.00","292.00","285.00","2.44K","-0.70%"
"20/04/2023","287.00","288.00","291.00","276.50","17.25K","-0.35%"
"19/04/2023","288.00","293.00","295.50","288.00","6.71K","-1.71%"
"18/04/2023","293.00","298.50","299.50","291.00","4.47K","-1.84%"
"17/04/2023","298.50","294.50","302.50","294.00","19.90K","1.36%"
"14/04/2023","294.50","290.00","295.00","288.00","8.83K","2.43%"
"13/04/2023","287.50","288.50","294.00","287.00","13.22K","-0.17%"
"12/04/2023","288.00","288.00","290.00","285.50","5.60K","0.35%"
"11/04/2023","287.00","285.50","289.50","285.00","7.38K","0.53%"
"06/04/2023","285.50","285.00","289.50","281.50","26.07K","0.00%"
"05/04/2023","285.50","289.00","294.00","281.50","29.29K","-0.52%"
"04/04/2023","287.00","315.50","318.50","285.50","39.65K","-13.81%"
"03/04/2023","333.00","330.00","334.50","325.00","1.81K","-0.60%"
"31/03/2023","335.00","329.50","339.00","322.50","3.20K","1.82%"
"30/03/2023","329.00","343.00","344.00","320.00","10.42K","-4.08%"
"29/03/2023","343.00","325.00","344.00","325.00","17.54K","5.54%"
"28/03/2023","325.00","312.00","330.00","312.00","8.52K","4.84%"
"27/03/2023","310.00","305.00","310.00","302.00","2.90K","1.97%"
"24/03/2023","304.00","312.00","314.50","304.00","1.21K","-1.78%"
"23/03/2023","309.50","314.00","314.50","309.00","1.07K","-0.32%"
"22/03/2023","310.50","321.00","321.00","310.50","0.78K","-2.97%"
"21/03/2023","320.00","317.50","322.50","312.00","2.10K","0.63%"
"20/03/2023","318.00","303.00","323.50","290.00","4.83K","4.26%"
"17/03/2023","305.00","304.00","311.00","301.50","3.70K","-0.65%"
"16/03/2023","307.00","306.50","307.50","304.50","3.24K","0.00%"
"15/03/2023","307.00","306.00","310.00","304.50","4.23K","0.16%"
"14/03/2023","306.50","310.50","315.00","300.00","2.82K","-1.76%"
"13/03/2023","312.00","315.00","319.50","305.00","4.10K","-0.95%"
"10/03/2023","315.00","322.00","322.00","314.00","2.61K","-2.48%"
"09/03/2023","323.00","320.00","323.00","318.50","5.27K","0.62%"
"08/03/2023","321.00","319.50","323.00","317.00","2.56K","0.47%"
"07/03/2023","319.50","324.00","324.00","317.50","4.48K","-0.78%"
"06/03/2023","322.00","322.00","325.00","316.00","3.66K","0.00%"
"03/03/2023","322.00","318.00","323.50","316.00","4.39K","1.26%"
"02/03/2023","318.00","318.00","319.00","316.00","1.49K","0.00%"
"01/03/2023","318.00","316.00","318.00","314.00","1.56K","1.27%"
"28/02/2023","314.00","315.50","317.00","312.50","1.47K","0.00%"
"27/02/2023","314.00","310.00","316.00","305.00","1.72K","1.95%"
"24/02/2023","308.00","308.00","308.00","304.00","7.78K","0.00%"
"23/02/2023","308.00","304.00","308.00","304.00","3.65K","0.98%"
"22/02/2023","305.00","310.00","310.00","303.00","2.02K","-0.97%"
"21/02/2023","308.00","317.00","317.00","305.50","11.31K","-1.91%"
"20/02/2023","314.00","311.00","318.00","311.00","3.33K","1.29%"
"17/02/2023","310.00","314.00","314.00","309.00","12.35K","-1.43%"
"16/02/2023","314.50","308.50","317.00","305.00","9.56K","3.45%"
"15/02/2023","304.00","304.00","308.00","304.00","1.24K","0.33%"
"14/02/2023","303.00","307.00","307.00","303.00","3.92K","-1.30%"
"13/02/2023","307.00","309.50","309.50","302.00","3.76K","-0.81%"
"10/02/2023","309.50","303.00","311.00","301.00","5.98K","2.82%"
"09/02/2023","301.00","297.50","303.00","296.00","2.48K","1.35%"
"08/02/2023","297.00","295.00","297.00","295.00","0.58K","0.68%"
"07/02/2023","295.00","296.50","297.00","292.00","0.74K","-0.67%"
"06/02/2023","297.00","297.00","297.00","291.50","1.86K","0.00%"
"03/02/2023","297.00","294.50","297.00","292.50","1.16K","0.68%"
"02/02/2023","295.00","296.00","296.00","290.00","3.35K","0.68%"
"01/02/2023","293.00","292.50","293.00","288.50","6.98K","0.86%"
"31/01/2023","290.50","292.50","293.00","290.50","0.83K","-0.68%"
"30/01/2023","292.50","297.00","297.00","290.00","6.42K","-1.52%"
"27/01/2023","297.00","295.00","297.00","291.50","1.62K","0.68%"
"26/01/2023","295.00","295.50","296.00","293.00","0.69K","1.20%"
"25/01/2023","291.50","296.50","299.00","291.50","1.90K","-1.19%"
"24/01/2023","295.00","297.50","298.50","294.50","0.88K","0.00%"
"23/01/2023","295.00","296.00","298.00","292.50","1.92K","-0.34%"
"20/01/2023","296.00","287.00","296.00","287.00","1.30K","3.14%"
"19/01/2023","287.00","292.00","294.00","285.00","3.63K","-1.20%"
"18/01/2023","290.50","296.00","298.00","290.00","1.60K","-1.86%"
"17/01/2023","296.00","299.00","299.00","293.00","6.00K","-1.00%"
"16/01/2023","299.00","291.00","300.50","290.50","3.90K","3.10%"
"13/01/2023","290.00","296.00","296.00","290.00","1.66K","-1.19%"
"12/01/2023","293.50","292.00","297.00","290.00","1.99K","0.51%"
"11/01/2023","292.00","300.00","303.00","290.00","3.10K","-1.52%"
"10/01/2023","296.50","303.50","303.50","294.00","3.76K","-1.66%"
"09/01/2023","301.50","298.50","306.00","298.00","5.30K","1.52%"
"05/01/2023","297.00","296.00","299.00","291.50","4.21K","2.06%"
"04/01/2023","291.00","294.00","298.00","290.00","3.17K","0.17%"
"03/01/2023","290.50","290.00","297.00","288.50","3.63K","0.87%"
"02/01/2023","288.00","298.00","298.00","287.50","2.09K","-3.36%"
"30/12/2022","298.00","298.00","298.00","285.50","4.60K","2.41%"
"29/12/2022","291.00","284.00","295.00","279.00","5.69K","2.11%"
"28/12/2022","285.00","285.00","285.00","279.00","3.94K","-0.18%"
"27/12/2022","285.50","275.50","286.00","274.50","9.42K","4.01%"
"23/12/2022","274.50","278.00","279.00","274.50","3.63K","-1.08%"
"22/12/2022","277.50","284.50","284.50","277.00","1.72K","-2.12%"
"21/12/2022","283.50","282.50","285.00","281.00","4.67K","0.53%"
"20/12/2022","282.00","278.00","283.50","277.00","3.10K","1.81%"
"19/12/2022","277.00","278.00","279.00","275.00","8.80K","0.00%"
"16/12/2022","277.00","278.50","278.50","275.00","2.11K","-0.36%"
"15/12/2022","278.00","284.50","284.50","278.00","7.32K","-1.42%"
"14/12/2022","282.00","281.50","285.00","281.50","2.46K","0.18%"
"13/12/2022","281.50","281.00","282.00","280.00","3.81K","0.18%"
"12/12/2022","281.00","282.50","282.50","278.00","1.93K","-0.35%"
"09/12/2022","282.00","277.50","283.00","277.50","2.00K","1.62%"
"08/12/2022","277.50","281.50","281.50","275.00","4.11K","-1.42%"
"07/12/2022","281.50","281.00","283.00","280.00","3.36K","0.54%"
"06/12/2022","280.00","283.50","283.50","278.50","4.55K","-0.36%"
"05/12/2022","281.00","285.00","285.00","281.00","3.41K","-1.40%"
"02/12/2022","285.00","282.00","285.00","280.00","3.89K","2.52%"
"01/12/2022","278.00","280.00","284.50","278.00","4.43K","-0.54%"
"30/11/2022","279.50","280.00","283.50","279.00","1.80K","0.36%"
"29/11/2022","278.50","280.00","285.00","278.00","3.03K","-0.54%"
"28/11/2022","280.00","280.00","280.50","278.00","5.64K","0.54%"
"25/11/2022","278.50","285.00","285.00","278.00","5.42K","-2.11%"
"24/11/2022","284.50","279.00","285.00","279.00","1.48K","2.34%"
"23/11/2022","278.00","281.50","284.50","278.00","2.63K","-1.07%"
"22/11/2022","281.00","279.00","281.00","278.00","1.45K","1.08%"
"21/11/2022","278.00","281.00","283.50","278.00","1.94K","-0.71%"
"18/11/2022","280.00","278.50","282.00","278.00","3.26K","0.54%"
"17/11/2022","278.50","285.00","285.00","277.50","12.43K","-1.24%"
"16/11/2022","282.00","281.00","284.50","272.50","9.02K","0.36%"
"15/11/2022","281.00","284.00","285.00","281.00","5.39K","-1.06%"
"14/11/2022","284.00","287.00","289.50","282.00","7.67K","-0.35%"
"10/11/2022","285.00","290.00","290.00","282.00","3.36K","0.88%"
"09/11/2022","282.50","290.00","294.00","282.00","6.39K","0.53%"
"08/11/2022","281.00","302.00","304.00","281.00","22.97K","-7.72%"
"07/11/2022","304.50","300.00","310.00","300.00","6.18K","-0.16%"
"04/11/2022","305.00","289.50","305.00","289.50","2.73K","5.35%"
"03/11/2022","289.50","288.00","293.00","288.00","1.63K","0.87%"
"02/11/2022","287.00","288.00","298.00","284.00","3.44K","0.35%"
"31/10/2022","286.00","289.50","295.00","286.00","2.08K","-1.72%"
"28/10/2022","291.00","292.50","292.50","289.00","1.69K","0.34%"
"27/10/2022","290.00","294.00","294.00","290.00","3.73K","-1.19%"
"26/10/2022","293.50","292.00","296.00","290.50","2.37K","0.51%"
"25/10/2022","292.00","294.50","299.00","290.50","1.02K","-1.52%"
"24/10/2022","296.50","300.00","300.00","288.50","2.32K","2.24%"
"21/10/2022","290.00","291.50","295.50","290.00","1.33K","-0.51%"
"20/10/2022","291.50","298.50","298.50","291.50","2.52K","-1.02%"
"19/10/2022","294.50","295.00","297.50","293.00","2.48K","0.51%"
"18/10/2022","293.00","300.00","300.00","290.00","3.42K","-2.33%"
"17/10/2022","300.00","305.00","309.00","296.00","4.32K","-1.64%"
"14/10/2022","305.00","304.00","310.50","302.00","11.53K","1.67%"
"13/10/2022","300.00","293.50","310.50","293.50","10.38K","2.21%"
"12/10/2022","293.50","300.00","300.00","289.00","7.76K","-0.51%"
"11/10/2022","295.00","300.00","300.00","292.50","5.39K","-1.67%"
"10/10/2022","300.00","298.00","300.00","285.50","1.62K","0.00%"
"07/10/2022","300.00","309.00","309.00","295.00","3.30K","-2.76%"
"06/10/2022","308.50","305.00","308.50","302.00","0.16K","2.66%"
"05/10/2022","300.50","302.00","307.50","300.50","0.89K","0.00%"
"04/10/2022","300.50","303.00","311.50","300.00","2.70K","-0.17%"
"03/10/2022","301.00","301.00","307.00","301.00","1.21K","0.00%"
"30/09/2022","301.00","300.00","307.50","300.00","0.83K","-0.33%"
"29/09/2022","302.00","304.50","315.00","300.50","4.29K","-1.15%"
"28/09/2022","305.50","301.50","308.00","301.50","2.33K","-0.49%"
"27/09/2022","307.00","316.00","318.00","302.50","7.67K","-2.85%"
"26/09/2022","316.00","320.00","322.00","310.00","5.47K","-1.56%"
"23/09/2022","321.00","325.00","328.00","320.00","2.90K","-0.93%"
"22/09/2022","324.00","310.50","324.00","308.50","7.13K","4.85%"
"21/09/2022","309.00","309.00","313.00","305.50","1.55K","0.32%"
"20/09/2022","308.00","307.50","309.50","305.50","1.30K","0.33%"
"19/09/2022","307.00","310.00","310.00","305.00","0.68K","-1.13%"
"16/09/2022","310.50","311.00","313.00","304.50","2.24K","-0.16%"
"15/09/2022","311.00","311.00","314.50","306.50","3.13K","0.32%"
"14/09/2022","310.00","313.50","314.00","306.50","2.41K","-1.27%"
"13/09/2022","314.00","321.00","323.00","312.00","1.85K","-1.72%"
"12/09/2022","319.50","320.00","321.00","310.00","3.61K","1.11%"
"09/09/2022","316.00","317.00","317.50","314.00","8.87K","0.00%"
"08/09/2022","316.00","319.00","319.00","308.00","14.18K","0.00%"
"07/09/2022","316.00","315.50","318.00","312.00","4.40K","-0.16%"
"06/09/2022","316.50","314.00","321.50","314.00","1.17K","-0.63%"
"05/09/2022","318.50","322.00","322.50","312.00","2.67K","-1.70%"
"02/09/2022","324.00","310.00","324.00","308.00","3.14K","5.19%"
"01/09/2022","308.00","308.00","316.00","306.00","1.40K","-1.91%"
"31/08/2022","314.00","322.00","329.00","314.00","7.28K","-2.48%"
"30/08/2022","322.00","324.00","338.50","322.00","2.00K","-0.92%"
"29/08/2022","325.00","331.00","332.50","321.00","4.43K","-1.81%"
"26/08/2022","331.00","343.00","343.50","331.00","1.49K","-3.22%"
"25/08/2022","342.00","335.00","346.00","331.00","2.68K","2.09%"
"24/08/2022","335.00","336.50","336.50","331.00","2.33K","-0.74%"
"23/08/2022","337.50","340.00","340.00","331.00","2.95K","-0.74%"
"22/08/2022","340.00","345.00","346.00","324.50","4.07K","-2.72%"
"19/08/2022","349.50","345.00","354.00","331.50","13.98K","1.30%"
"18/08/2022","345.00","290.00","352.00","289.00","59.57K","17.35%"
"17/08/2022","294.00","294.00","294.00","291.00","4.17K","-0.17%"
"16/08/2022","294.50","294.00","295.00","290.00","4.54K","0.17%"
"12/08/2022","294.00","289.50","296.50","287.00","2.02K","1.38%"
"11/08/2022","290.00","291.50","291.50","285.00","1.64K","0.35%"
"10/08/2022","289.00","290.00","292.00","287.50","16.75K","-0.52%"
"09/08/2022","290.50","291.00","294.00","288.50","1.67K","-0.17%"
"08/08/2022","291.00","290.00","295.00","285.00","2.22K","-0.17%"
"05/08/2022","291.50","290.00","294.00","284.00","2.97K","2.64%"
"04/08/2022","284.00","290.00","291.00","282.50","2.14K","-1.05%"
"03/08/2022","287.00","275.00","293.50","271.00","5.28K","5.13%"
"02/08/2022","273.00","281.00","281.00","271.00","2.34K","-3.36%"
"01/08/2022","282.50","280.00","282.50","273.00","2.35K","1.62%"
"29/07/2022","278.00","270.00","282.00","269.50","2.64K","2.58%"
"28/07/2022","271.00","279.50","279.50","271.00","4.41K","-1.81%"
"27/07/2022","276.00","275.00","282.00","266.00","12.05K","0.36%"
"26/07/2022","275.00","280.00","286.00","267.00","1.96K","-1.43%"
"25/07/2022","279.00","288.00","292.50","271.00","4.56K","-2.28%"
"22/07/2022","285.50","288.00","288.00","281.00","5.70K","-0.87%"
"21/07/2022","288.00","295.00","298.00","283.00","11.35K","-4.00%"
"20/07/2022","300.00","299.00","306.00","295.50","5.90K","0.33%"
"19/07/2022","299.00","295.00","299.50","295.00","1.00K","1.36%"
"18/07/2022","295.00","293.50","298.50","287.50","5.29K","1.03%"
"15/07/2022","292.00","295.00","297.00","292.00","1.34K","-1.02%"
"14/07/2022","295.00","302.00","304.50","292.50","1.68K","-2.16%"
"13/07/2022","301.50","299.50","302.50","296.00","1.11K","1.86%"
"12/07/2022","296.00","304.00","307.50","294.00","24.78K","-2.79%"
"11/07/2022","304.50","302.00","309.00","300.00","2.55K","-2.56%"
"08/07/2022","312.50","294.00","314.50","294.00","8.93K","4.34%"
"07/07/2022","299.50","291.50","299.50","291.50","2.00K","2.57%"
"06/07/2022","292.00","296.00","300.00","289.50","4.53K","-1.02%"
"05/07/2022","295.00","288.00","298.50","287.50","1.74K","2.43%"
"04/07/2022","288.00","286.50","298.50","286.50","1.19K","-1.37%"
"01/07/2022","292.00","290.00","302.50","286.50","2.49K","1.39%"
"30/06/2022","288.00","304.50","304.50","288.00","2.43K","-5.42%"
"29/06/2022","304.50","302.00","304.50","298.50","0.72K","0.66%"
"28/06/2022","302.50","302.50","303.00","293.00","5.21K","-0.17%"
"27/06/2022","303.00","286.00","304.00","285.00","6.79K","5.57%"
"24/06/2022","287.00","279.00","287.00","279.00","20.28K","2.68%"
"23/06/2022","279.50","290.00","292.50","279.50","5.88K","-2.27%"
"22/06/2022","286.00","294.00","295.00","286.00","1.21K","-2.72%"
"21/06/2022","294.00","295.00","300.00","287.00","1.69K","0.68%"
"20/06/2022","292.00","304.50","304.50","286.00","4.01K","-4.11%"
"17/06/2022","304.50","285.50","304.50","285.50","15.78K","7.22%"
"15/06/2022","284.00","300.50","300.50","280.50","11.03K","-5.49%"
"14/06/2022","300.50","309.00","309.00","296.00","3.08K","-1.96%"
"13/06/2022","306.50","306.00","310.00","296.50","3.49K","0.49%"
"10/06/2022","305.00","318.00","318.00","301.00","4.49K","-3.17%"
"09/06/2022","315.00","309.00","316.50","306.00","2.39K","2.94%"
"08/06/2022","306.00","310.00","311.00","306.00","6.43K","-1.13%"
"07/06/2022","309.50","317.00","317.00","308.00","1.10K","-0.80%"
"06/06/2022","312.00","315.00","318.50","310.50","1.18K","-0.32%"
"03/06/2022","313.00","309.50","320.00","305.50","4.92K","0.81%"
"02/06/2022","310.50","316.50","320.00","310.00","4.71K","-2.05%"
"01/06/2022","317.00","314.00","321.50","310.00","1.72K","-1.25%"
"31/05/2022","321.00","322.00","324.00","313.00","2.65K","-0.31%"
"30/05/2022","322.00","314.50","322.00","311.50","1.53K","3.87%"
"27/05/2022","310.00","313.00","316.50","310.00","2.62K","-0.80%"
"26/05/2022","312.50","312.00","315.00","308.50","1.72K","0.64%"
"25/05/2022","310.50","309.00","315.50","308.50","2.24K","-0.32%"
"24/05/2022","311.50","320.00","321.50","310.00","5.21K","-1.42%"
"23/05/2022","316.00","323.00","323.00","315.00","2.19K","-0.63%"
"20/05/2022","318.00","319.00","323.00","316.00","2.40K","-0.16%"
"19/05/2022","318.50","316.50","322.00","312.50","3.06K","-1.09%"
"18/05/2022","322.00","315.00","327.00","312.00","7.59K","4.21%"
"17/05/2022","309.00","309.00","315.00","308.00","21.09K","0.00%"
"16/05/2022","309.00","306.00","310.00","304.50","8.80K","0.98%"
"13/05/2022","306.00","307.50","319.50","306.00","15.25K","0.82%"
"12/05/2022","303.50","330.00","330.00","303.00","15.66K","-9.94%"
"11/05/2022","337.00","340.00","340.00","333.00","1.70K","-0.88%"
"10/05/2022","340.00","338.00","341.00","334.50","3.68K","0.59%"
"09/05/2022","338.00","344.00","344.00","335.00","4.70K","-1.46%"
"06/05/2022","343.00","342.00","345.00","339.00","3.83K","0.59%"
"05/05/2022","341.00","343.00","345.00","341.00","6.61K","-0.73%"
"04/05/2022","343.50","345.50","345.50","342.00","4.25K","-0.72%"
"02/05/2022","346.00","355.00","355.00","340.50","11.97K","-9.31%"
"29/04/2022","381.50","381.00","384.00","377.50","5.73K","-0.13%"
"28/04/2022","382.00","385.50","385.50","377.00","6.11K","-0.91%"
"27/04/2022","385.50","392.00","396.00","380.00","5.14K","-1.15%"
"26/04/2022","390.00","400.00","401.00","389.00","4.28K","-2.13%"
"25/04/2022","398.50","395.00","400.00","381.50","5.29K","1.40%"
"22/04/2022","393.00","400.00","400.00","391.00","1.51K","-2.48%"
"21/04/2022","403.00","395.00","405.00","393.00","1.67K","2.03%"
"20/04/2022","395.00","402.00","404.50","394.00","5.11K","-1.74%"
"19/04/2022","402.00","406.00","406.00","400.00","1.51K","-0.37%"
"14/04/2022","403.50","405.00","405.50","399.00","3.64K","-0.37%"
"13/04/2022","405.00","407.00","407.00","403.00","2.64K","-0.49%"
"12/04/2022","407.00","402.00","408.00","402.00","5.23K","0.25%"
"11/04/2022","406.00","400.00","408.00","400.00","5.72K","2.01%"
"08/04/2022","398.00","399.00","404.00","397.00","2.16K","0.00%"
"07/04/2022","398.00","391.00","401.00","391.00","1.25K","2.05%"
"06/04/2022","390.00","405.00","405.00","390.00","2.47K","-3.70%"
"05/04/2022","405.00","408.00","408.00","405.00","5.12K","-0.74%"
"04/04/2022","408.00","407.00","408.00","400.00","4.10K","0.25%"
"01/04/2022","407.00","406.00","407.00","399.00","1.65K","0.25%"
"31/03/2022","406.00","400.00","407.00","397.00","6.98K","1.75%"
"30/03/2022","399.00","393.00","402.00","390.00","3.36K","-0.50%"
"29/03/2022","401.00","408.00","408.00","401.00","6.92K","-0.74%"
"28/03/2022","404.00","399.00","404.00","395.00","1.15K","2.02%"
"25/03/2022","396.00","410.00","410.00","396.00","2.88K","-2.46%"
"24/03/2022","406.00","394.00","410.00","393.00","11.91K","4.10%"
"23/03/2022","390.00","390.00","398.00","381.00","6.50K","0.52%"
"22/03/2022","388.00","386.00","390.00","377.00","1.91K","1.31%"
"21/03/2022","383.00","389.00","389.00","382.00","2.77K","-1.79%"
"18/03/2022","390.00","380.00","390.00","366.00","27.58K","2.63%"
"17/03/2022","380.00","388.00","390.00","376.00","6.36K","-2.06%"
"16/03/2022","388.00","385.00","388.00","376.00","2.76K","2.11%"
"15/03/2022","380.00","378.00","385.00","369.00","2.74K","0.53%"
"14/03/2022","378.00","377.00","380.00","366.00","4.38K","1.61%"
"11/03/2022","372.00","374.00","377.00","364.00","2.56K","2.76%"
"10/03/2022","362.00","378.00","381.00","360.00","8.76K","-3.72%"
"09/03/2022","376.00","359.00","378.00","359.00","4.14K","5.03%"
"08/03/2022","358.00","355.00","360.00","350.00","2.92K","0.85%"
"07/03/2022","355.00","357.00","357.00","338.00","8.66K","-0.56%"
"04/03/2022","357.00","362.00","366.00","353.00","4.07K","-0.83%"
"03/03/2022","360.00","360.00","365.00","352.00","2.37K","0.00%"
"02/03/2022","360.00","360.00","365.00","351.00","4.78K","-2.44%"
"01/03/2022","369.00","375.00","375.00","360.00","2.83K","2.50%"
"28/02/2022","360.00","374.00","376.00","356.00","4.86K","-3.49%"
"25/02/2022","373.00","340.00","389.00","340.00","15.93K","11.68%"
"24/02/2022","334.00","358.00","358.00","326.00","21.75K","-8.49%"
"23/02/2022","365.00","373.00","380.00","365.00","3.76K","-3.18%"
"22/02/2022","377.00","371.00","383.00","351.00","6.80K","-2.08%"
"21/02/2022","385.00","390.00","390.00","372.00","7.90K","-1.28%"
"18/02/2022","390.00","390.00","397.00","389.00","3.78K","0.00%"
"17/02/2022","390.00","398.00","398.00","389.00","1.63K","-2.01%"
"16/02/2022","398.00","403.00","404.00","394.00","0.65K","0.25%"
"15/02/2022","397.00","392.00","410.00","392.00","1.55K","0.25%"
"14/02/2022","396.00","405.00","405.00","390.00","5.05K","-4.35%"
"11/02/2022","414.00","415.00","417.00","407.00","1.57K","-0.24%"
"10/02/2022","415.00","411.00","418.00","398.00","4.36K","0.73%"
"09/02/2022","412.00","405.00","418.00","402.00","11.20K","0.49%"
"08/02/2022","410.00","398.00","410.00","391.00","5.33K","3.80%"
"07/02/2022","395.00","401.00","401.00","390.00","2.05K","-1.50%"
"04/02/2022","401.00","404.00","405.00","395.00","6.11K","-0.74%"
"03/02/2022","404.00","405.00","405.00","401.00","1.02K","-0.25%"
"02/02/2022","405.00","390.00","405.00","390.00","8.53K","3.05%"
"01/02/2022","393.00","387.00","399.00","387.00","2.33K","1.03%"
"31/01/2022","389.00","388.00","392.00","385.00","3.19K","0.26%"
"28/01/2022","388.00","395.00","395.00","385.00","2.72K","-1.52%"
"27/01/2022","394.00","398.00","398.00","385.00","1.64K","-0.51%"
"26/01/2022","396.00","398.00","400.00","392.00","1.94K","0.25%"
"25/01/2022","395.00","380.00","398.00","375.00","7.10K","2.60%"
"24/01/2022","385.00","392.00","398.00","381.00","11.68K","-4.23%"
"21/01/2022","402.00","398.00","408.00","394.00","16.14K","0.00%"
"20/01/2022","402.00","398.00","403.00","395.00","3.86K","-0.74%"
"19/01/2022","405.00","410.00","410.00","383.00","5.89K","-0.98%"
"18/01/2022","409.00","406.00","412.00","405.00","6.32K","-0.24%"
"17/01/2022","410.00","406.00","412.00","402.00","3.72K","0.99%"
"14/01/2022","406.00","405.00","407.00","400.00","11.64K","0.25%"
"13/01/2022","405.00","398.00","405.00","397.00","5.98K","2.53%"
"12/01/2022","395.00","384.00","406.00","384.00","14.34K","3.13%"
"11/01/2022","383.00","376.00","384.00","376.00","4.15K","1.86%"
"10/01/2022","376.00","387.00","387.00","375.00","4.83K","-2.34%"
"07/01/2022","385.00","385.00","392.00","385.00","2.15K","-1.28%"
"05/01/2022","390.00","392.00","394.00","383.00","2.11K","0.00%"
"04/01/2022","390.00","389.00","394.00","387.00","2.32K","0.26%"
"03/01/2022","389.00","384.00","389.00","384.00","1.56K","1.04%"
"30/12/2021","385.00","386.00","386.00","381.00","1.88K","0.26%"
"29/12/2021","384.00","386.00","389.00","384.00","2.75K","-0.26%"
"28/12/2021","385.00","371.00","386.00","371.00","1.91K","2.12%"
"27/12/2021","377.00","371.00","385.00","368.00","4.91K","2.17%"
"23/12/2021","369.00","376.00","383.00","362.00","12.30K","-5.14%"
"22/12/2021","389.00","390.00","390.00","368.00","6.91K","-0.26%"
"21/12/2021","390.00","385.00","390.00","385.00","2.35K","1.30%"
"20/12/2021","385.00","387.00","387.00","382.00","9.77K","-1.79%"
"17/12/2021","392.00","388.00","392.00","374.00","6.28K","0.77%"
"16/12/2021","389.00","386.00","389.00","385.00","1.61K","0.26%"
"15/12/2021","388.00","387.00","389.00","385.00","5.20K","0.26%"
"14/12/2021","387.00","387.00","389.00","385.00","2.05K","-0.77%"
"13/12/2021","390.00","382.00","393.00","380.00","3.84K","1.83%"
"10/12/2021","383.00","378.00","383.00","376.00","3.14K","1.32%"
"09/12/2021","378.00","370.00","380.00","370.00","8.98K","2.16%"
"08/12/2021","370.00","380.00","380.00","370.00","5.75K","-1.33%"
"07/12/2021","375.00","369.00","385.00","369.00","6.30K","2.18%"
"06/12/2021","367.00","374.00","374.00","366.00","4.54K","-1.87%"
"03/12/2021","374.00","371.00","374.00","367.00","2.20K","1.91%"
"02/12/2021","367.00","371.00","373.00","366.00","3.99K","-1.61%"
"01/12/2021","373.00","374.00","376.00","370.00","5.36K","-0.27%"
"30/11/2021","374.00","376.00","378.00","348.00","6.68K","0.00%"
"29/11/2021","374.00","380.00","380.00","371.00","5.84K","-1.84%"
"26/11/2021","381.00","385.00","385.00","374.00","4.67K","-2.31%"
"25/11/2021","390.00","380.00","390.00","380.00","1.54K","2.09%"
"24/11/2021","382.00","380.00","389.00","374.00","1.92K","0.53%"
"23/11/2021","380.00","375.00","380.00","371.00","2.11K","0.80%"
"22/11/2021","377.00","383.00","383.00","371.00","10.00K","-4.56%"
"19/11/2021","395.00","391.00","400.00","390.00","6.15K","1.02%"
"18/11/2021","391.00","403.00","403.00","388.00","1.90K","-3.22%"
"17/11/2021","404.00","398.00","407.00","385.00","8.57K","1.00%"
"16/11/2021","400.00","396.00","412.00","393.00","13.60K","1.27%"
"15/11/2021","395.00","385.00","395.00","384.00","12.36K","3.13%"
"12/11/2021","383.00","370.00","390.00","368.00","8.95K","4.36%"
"10/11/2021","367.00","365.00","367.00","362.00","11.59K","0.55%"
"09/11/2021","365.00","367.00","373.00","361.00","6.66K","-0.27%"
"08/11/2021","366.00","369.00","370.00","366.00","3.33K","0.00%"
"05/11/2021","366.00","370.00","373.00","365.00","10.99K","-0.54%"
"04/11/2021","368.00","367.00","370.00","364.00","3.99K","0.27%"
"03/11/2021","367.00","367.00","367.00","363.00","1.16K","0.00%"
"02/11/2021","367.00","364.00","367.00","360.00","2.54K","1.94%"
"29/10/2021","360.00","362.00","367.00","358.00","4.46K","-0.28%"
"28/10/2021","361.00","364.00","367.00","361.00","0.87K","-0.55%"
"27/10/2021","363.00","358.00","364.00","357.00","1.95K","1.11%"
"26/10/2021","359.00","365.00","367.00","359.00","3.64K","-1.64%"
"25/10/2021","365.00","365.00","367.00","362.00","3.16K","0.27%"
"22/10/2021","364.00","364.00","367.00","362.00","1.01K","0.55%"
"21/10/2021","362.00","366.00","366.00","362.00","1.50K","-1.09%"
"20/10/2021","366.00","363.00","366.00","362.00","1.78K","0.83%"
"19/10/2021","363.00","370.00","370.00","359.00","2.26K","-1.63%"
"18/10/2021","369.00","369.00","370.00","367.00","2.73K","0.00%"
"15/10/2021","369.00","369.00","370.00","366.00","0.98K","0.27%"
"14/10/2021","368.00","366.00","370.00","365.00","3.23K","0.82%"
"13/10/2021","365.00","361.00","365.00","360.00","4.61K","1.11%"
"12/10/2021","361.00","360.00","362.00","356.00","6.45K","0.28%"
"11/10/2021","360.00","372.00","375.00","358.00","8.78K","-1.91%"
"08/10/2021","367.00","373.00","375.00","360.00","6.63K","-2.13%"
"07/10/2021","375.00","355.00","375.00","355.00","27.10K","6.23%"
"06/10/2021","353.00","357.00","360.00","335.00","39.47K","-5.87%"
"05/10/2021","375.00","369.00","377.00","364.00","4.48K","1.63%"
"04/10/2021","369.00","362.00","369.00","360.00","7.56K","2.22%"
"01/10/2021","361.00","358.00","362.00","357.00","1.36K","-0.28%"
"30/09/2021","362.00","362.00","364.00","360.00","1.55K","0.56%"
"29/09/2021","360.00","363.00","363.00","357.00","3.77K","-0.83%"
"28/09/2021","363.00","359.00","364.00","359.00","2.92K","1.97%"
"27/09/2021","356.00","352.00","360.00","351.00","1.73K","2.01%"
"24/09/2021","349.00","348.00","352.00","343.00","1.19K","0.87%"
"23/09/2021","346.00","350.00","350.00","346.00","2.41K","1.17%"
"22/09/2021","342.00","340.00","350.00","340.00","1.97K","0.59%"
"21/09/2021","340.00","335.00","346.00","334.00","2.46K","2.10%"
"20/09/2021","333.00","349.00","349.00","331.00","6.81K","-3.76%"
"17/09/2021","346.00","351.00","354.00","346.00","3.77K","-1.14%"
"16/09/2021","350.00","357.00","357.00","346.00","6.72K","-1.69%"
"15/09/2021","356.00","359.00","360.00","349.00","2.23K","-0.84%"
"14/09/2021","359.00","366.00","367.00","359.00","2.33K","-1.37%"
"13/09/2021","364.00","361.00","366.00","352.00","2.41K","0.55%"
"10/09/2021","362.00","363.00","367.00","360.00","2.09K","-0.55%"
"09/09/2021","364.00","364.00","366.00","355.00","1.86K","-0.55%"
"08/09/2021","366.00","354.00","366.00","348.00","3.15K","4.27%"
"07/09/2021","351.00","355.00","355.00","347.00","3.16K","-1.13%"
"06/09/2021","355.00","366.00","366.00","342.00","7.99K","-3.01%"
"03/09/2021","366.00","370.00","372.00","364.00","3.38K","-1.35%"
"02/09/2021","371.00","371.00","375.00","368.00","2.16K","-1.33%"
"01/09/2021","376.00","360.00","376.00","360.00","3.13K","3.30%"
"31/08/2021","364.00","366.00","369.00","364.00","0.93K","-0.55%"
"30/08/2021","366.00","364.00","368.00","363.00","1.49K","0.00%"
"27/08/2021","366.00","370.00","370.00","359.00","2.22K","-0.81%"
"26/08/2021","369.00","378.00","378.00","368.00","3.39K","-2.38%"
"25/08/2021","378.00","379.00","380.00","376.00","3.24K","0.00%"
"24/08/2021","378.00","379.00","381.00","374.00","4.29K","0.27%"
"23/08/2021","377.00","376.00","380.00","375.00","3.64K","1.07%"
"20/08/2021","373.00","371.00","378.00","370.00","6.74K","0.54%"
"19/08/2021","371.00","370.00","373.00","354.00","13.16K","0.27%"
"18/08/2021","370.00","376.00","378.00","368.00","4.74K","-1.60%"
"17/08/2021","376.00","369.00","378.00","369.00","5.86K","1.90%"
"16/08/2021","369.00","368.00","371.00","364.00","2.36K","0.00%"
"13/08/2021","369.00","363.00","370.00","360.00","7.63K","2.50%"
"12/08/2021","360.00","355.00","363.00","355.00","6.61K","1.41%"
"11/08/2021","355.00","352.00","355.00","347.00","2.99K","0.85%"
"10/08/2021","352.00","344.00","352.00","341.00","4.61K","2.62%"
"09/08/2021","343.00","341.00","345.00","341.00","2.29K","0.88%"
"06/08/2021","340.00","340.00","341.00","335.00","5.89K","0.00%"
"05/08/2021","340.00","340.00","340.00","333.00","0.87K","1.19%"
"04/08/2021","336.00","331.00","339.00","331.00","2.25K","1.51%"
"03/08/2021","331.00","338.00","339.00","331.00","2.27K","-1.78%"
"02/08/2021","337.00","338.00","342.00","337.00","1.99K","0.60%"
"30/07/2021","335.00","335.00","337.00","330.00","2.65K","0.00%"
"29/07/2021","335.00","333.00","337.00","330.00","2.91K","1.52%"
"28/07/2021","330.00","329.00","333.00","329.00","2.88K","0.30%"
"27/07/2021","329.00","326.00","329.00","324.00","3.96K","1.54%"
"26/07/2021","324.00","324.00","329.00","323.00","3.62K","-0.61%"
"23/07/2021","326.00","326.00","330.00","323.00","8.26K","0.93%"
"22/07/2021","323.00","320.00","327.00","319.00","11.87K","1.57%"
"21/07/2021","318.00","324.00","324.00","316.00","4.43K","-1.85%"
"20/07/2021","324.00","328.00","328.00","320.00","7.21K","-0.31%"
"19/07/2021","325.00","330.00","330.00","315.00","4.84K","-1.22%"
"16/07/2021","329.00","320.00","332.00","320.00","9.24K","2.49%"
"15/07/2021","321.00","330.00","330.00","321.00","7.91K","-2.13%"
"14/07/2021","328.00","336.00","336.00","328.00","4.35K","-1.80%"
"13/07/2021","334.00","336.00","336.00","325.00","4.43K","0.30%"
"12/07/2021","333.00","332.00","338.00","326.00","5.83K","0.91%"
"09/07/2021","330.00","334.00","335.00","330.00","2.09K","-0.60%"
"08/07/2021","332.00","336.00","336.00","330.00","1.63K","-0.60%"
"07/07/2021","334.00","327.00","337.00","327.00","2.70K","2.14%"
"06/07/2021","327.00","329.00","336.00","324.00","11.61K","0.31%"
"05/07/2021","326.00","327.00","329.00","324.00","2.35K","0.62%"
"02/07/2021","324.00","326.00","327.00","323.00","4.11K","0.00%"
"01/07/2021","324.00","321.00","326.00","321.00","4.02K","1.25%"
"30/06/2021","320.00","327.00","327.00","320.00","3.57K","0.00%"
"29/06/2021","320.00","328.00","328.00","318.00","7.73K","-1.23%"
"28/06/2021","324.00","329.00","329.00","320.00","2.12K","0.31%"
"25/06/2021","323.00","327.00","331.00","321.00","3.74K","-0.31%"
"24/06/2021","324.00","318.00","331.00","315.00","11.29K","2.53%"
"23/06/2021","316.00","307.00","316.00","307.00","6.11K","2.93%"
"22/06/2021","307.00","301.00","314.00","300.00","10.68K","2.33%"
"21/06/2021","300.00","310.00","318.00","294.00","10.91K","-2.60%"
"18/06/2021","308.00","308.00","318.00","306.00","7.44K","0.00%"
"17/06/2021","308.00","315.00","315.00","307.00","6.77K","-2.84%"
"16/06/2021","317.00","330.00","330.00","316.00","3.33K","-3.65%"
"15/06/2021","329.00","323.00","331.00","315.00","6.45K","-1.79%"
"14/06/2021","335.00","333.00","338.00","332.00","7.25K","0.60%"
"11/06/2021","333.00","337.00","339.00","328.00","7.88K","-0.89%"
"10/06/2021","336.00","339.00","345.00","332.00","9.98K","-0.88%"
"09/06/2021","339.00","345.00","349.00","338.00","6.91K","-1.74%"
"08/06/2021","345.00","345.00","345.00","337.00","5.47K","1.47%"
"07/06/2021","340.00","344.00","345.00","336.00","5.25K","0.00%"
"04/06/2021","340.00","346.00","351.00","337.00","12.00K","-1.16%"
"02/06/2021","344.00","345.00","352.00","342.00","6.75K","0.29%"
"01/06/2021","343.00","347.00","350.00","343.00","4.20K","-1.15%"
"31/05/2021","347.00","355.00","357.00","345.00","4.66K","-1.70%"
"28/05/2021","353.00","346.00","354.00","342.00","5.07K","2.62%"
"27/05/2021","344.00","352.00","359.00","341.00","11.57K","-1.43%"
"26/05/2021","349.00","358.00","358.00","332.00","56.79K","-8.16%"
"25/05/2021","380.00","385.00","385.00","377.00","3.93K","-0.78%"
"24/05/2021","383.00","391.00","391.00","380.00","3.84K","0.79%"
"21/05/2021","380.00","380.00","380.00","377.00","1.80K","0.53%"
"20/05/2021","378.00","379.00","380.00","375.00","3.43K","-0.26%"
"19/05/2021","379.00","380.00","384.00","370.00","7.97K","0.26%"
"18/05/2021","378.00","380.00","381.00","378.00","7.96K","0.27%"
"17/05/2021","377.00","393.00","393.00","377.00","4.86K","-3.33%"
"14/05/2021","390.00","394.00","395.00","382.00","7.00K","2.36%"
"13/05/2021","381.00","376.00","388.00","376.00","13.11K","2.42%"
"12/05/2021","372.00","368.00","379.00","368.00","3.92K","1.09%"
"11/05/2021","368.00","365.00","371.00","364.00","3.27K","1.10%"
"10/05/2021","364.00","356.00","370.00","355.00","10.87K","1.96%"
"07/05/2021","357.00","355.00","370.00","354.00","16.70K","0.85%"
"06/05/2021","354.00","376.00","376.00","348.00","31.45K","-5.85%"
"05/05/2021","376.00","377.00","387.00","375.00","8.54K","0.27%"
"04/05/2021","375.00","407.00","407.00","367.00","38.42K","-8.31%"
"30/04/2021","409.00","410.00","412.00","401.00","12.68K","0.25%"
"29/04/2021","408.00","395.00","415.00","389.00","15.27K","3.82%"
"28/04/2021","393.00","390.00","395.00","389.00","7.08K","0.26%"
"27/04/2021","392.00","390.00","394.00","389.00","4.09K","0.51%"
"26/04/2021","390.00","391.00","394.00","389.00","2.89K","0.00%"
"23/04/2021","390.00","394.00","394.00","389.00","2.50K","-1.02%"
"22/04/2021","394.00","392.00","394.00","389.00","4.12K","0.77%"
"21/04/2021","391.00","392.00","394.00","385.00","4.68K","-0.76%"
"20/04/2021","394.00","386.00","395.00","385.00","3.25K","1.03%"
"19/04/2021","390.00","394.00","395.00","386.00","4.77K","-1.02%"
"16/04/2021","394.00","395.00","396.00","391.00","0.45K","0.00%"
"15/04/2021","394.00","392.00","395.00","390.00","3.17K","0.51%"
"14/04/2021","392.00","398.00","398.00","386.00","8.73K","-1.26%"
"13/04/2021","397.00","398.00","399.00","396.00","2.36K","-0.25%"
"12/04/2021","398.00","398.00","398.00","392.00","2.82K","0.25%"
"09/04/2021","397.00","398.00","399.00","396.00","1.54K","0.25%"
"08/04/2021","396.00","396.00","397.00","392.00","1.85K","-0.25%"
"07/04/2021","397.00","397.00","398.00","393.00","1.63K","0.76%"
"06/04/2021","394.00","395.00","399.00","393.00","4.84K","0.25%"
"01/04/2021","393.00","396.00","398.00","390.00","1.92K","0.77%"
"31/03/2021","390.00","396.00","398.00","390.00","6.04K","-1.52%"
"30/03/2021","396.00","400.00","400.00","392.00","2.47K","-0.50%"
"29/03/2021","398.00","398.00","400.00","394.00","10.67K","0.00%"
"26/03/2021","398.00","394.00","398.00","390.00","11.51K","1.53%"
"25/03/2021","392.00","392.00","396.00","390.00","11.48K","0.51%"
"24/03/2021","390.00","386.00","394.00","382.00","22.85K","2.63%"
"23/03/2021","380.00","384.00","386.00","380.00","3.59K","-1.04%"
"22/03/2021","384.00","390.00","392.00","384.00","5.26K","-1.54%"
"19/03/2021","390.00","386.00","392.00","382.00","7.36K","2.09%"
"18/03/2021","382.00","388.00","390.00","382.00","2.73K","-1.04%"
"17/03/2021","386.00","392.00","392.00","380.00","6.15K","-1.03%"
"16/03/2021","390.00","386.00","390.00","384.00","2.09K","0.00%"
"15/03/2021","390.00","390.00","392.00","382.00","1.58K","0.00%"
"12/03/2021","390.00","382.00","392.00","380.00","3.97K","2.63%"
"11/03/2021","380.00","380.00","386.00","378.00","4.99K","0.00%"
"10/03/2021","380.00","380.00","382.00","376.00","3.06K","0.00%"
"09/03/2021","380.00","376.00","382.00","376.00","4.99K","0.00%"
"08/03/2021","380.00","380.00","382.00","378.00","4.39K","0.00%"
"05/03/2021","380.00","370.00","380.00","370.00","3.39K","0.00%"
"04/03/2021","380.00","378.00","382.00","374.00","5.09K","-0.52%"
"03/03/2021","382.00","378.00","388.00","376.00","12.50K","1.06%"
"02/03/2021","378.00","380.00","384.00","374.00","5.73K","-0.53%"
"01/03/2021","380.00","362.00","382.00","362.00","11.50K","5.56%"
"26/02/2021","360.00","372.00","376.00","354.00","13.26K","-4.26%"
"25/02/2021","376.00","382.00","382.00","366.00","15.58K","-1.57%"
"24/02/2021","382.00","390.00","390.00","366.00","9.30K","-1.55%"
"23/02/2021","388.00","396.00","398.00","380.00","11.06K","-1.52%"
"22/02/2021","394.00","394.00","398.00","390.00","11.09K","1.03%"
"19/02/2021","390.00","394.00","394.00","374.00","6.30K","-1.02%"
"18/02/2021","394.00","392.00","394.00","386.00","12.79K","1.03%"
"17/02/2021","390.00","396.00","398.00","386.00","17.26K","0.00%"
"16/02/2021","390.00","400.00","440.00","384.00","223.70K","11.43%"
"15/02/2021","350.00","348.00","352.00","340.00","24.63K","1.74%"
"12/02/2021","344.00","328.00","344.00","320.00","14.65K","5.52%"
"11/02/2021","326.00","314.00","326.00","314.00","16.74K","5.16%"
"10/02/2021","310.00","306.00","314.00","302.00","17.53K","2.65%"
"09/02/2021","302.00","308.00","308.00","302.00","3.48K","-1.95%"
"08/02/2021","308.00","304.00","308.00","300.00","7.68K","3.36%"
"05/02/2021","298.00","300.00","306.00","296.00","8.18K","0.00%"
"04/02/2021","298.00","288.00","298.00","286.00","7.15K","4.20%"
"03/02/2021","286.00","290.00","290.00","284.00","2.53K","-0.69%"
"02/02/2021","288.00","290.00","290.00","286.00","3.48K","-0.69%"
"01/02/2021","290.00","290.00","290.00","284.00","4.83K","0.00%"
"29/01/2021","290.00","288.00","290.00","284.00","6.55K","0.69%"
"28/01/2021","288.00","290.00","290.00","276.00","8.00K","-0.69%"
"27/01/2021","290.00","292.00","292.00","288.00","10.43K","-1.36%"
"26/01/2021","294.00","294.00","294.00","290.00","4.57K","0.00%"
"25/01/2021","294.00","294.00","294.00","288.00","6.94K","1.38%"
"22/01/2021","290.00","294.00","294.00","282.00","7.90K","-1.36%"
"21/01/2021","294.00","300.00","300.00","294.00","2.95K","-1.34%"
"20/01/2021","298.00","296.00","298.00","290.00","8.84K","1.36%"
"19/01/2021","294.00","298.00","302.00","290.00","13.02K","-0.68%"
"18/01/2021","296.00","296.00","298.00","292.00","29.34K","3.50%"
"15/01/2021","286.00","274.00","288.00","272.00","22.59K","5.15%"
"14/01/2021","272.00","268.00","274.00","266.00","15.34K","1.49%"
"13/01/2021","268.00","268.00","268.00","258.00","8.05K","0.75%"
"12/01/2021","266.00","272.00","276.00","264.00","10.47K","-0.75%"
"11/01/2021","268.00","252.00","276.00","252.00","25.94K","8.94%"
"08/01/2021","246.00","248.00","250.00","244.00","11.60K","0.82%"
"07/01/2021","244.00","240.00","248.00","240.00","13.62K","3.39%"
"05/01/2021","236.00","242.00","242.00","234.00","4.08K","-1.67%"
"04/01/2021","240.00","236.00","250.00","236.00","11.61K","4.35%"
"30/12/2020","230.00","240.00","248.00","228.00","18.30K","-4.17%"
"29/12/2020","240.00","230.00","246.00","228.00","11.93K","5.26%"
"28/12/2020","228.00","218.00","230.00","216.00","11.83K","5.56%"
"23/12/2020","216.00","216.00","216.00","214.00","1.71K","0.93%"
"22/12/2020","214.00","212.00","216.00","212.00","1.66K","1.90%"
"21/12/2020","210.00","216.00","216.00","210.00","2.68K","-3.67%"
"18/12/2020","218.00","220.00","220.00","216.00","8.90K","-0.91%"
"17/12/2020","220.00","212.00","220.00","210.00","11.53K","5.77%"
"16/12/2020","208.00","202.00","210.00","200.00","5.21K","2.97%"
"15/12/2020","202.00","208.00","208.00","194.00","11.64K","-1.94%"
"14/12/2020","206.00","208.00","212.00","206.00","6.83K","-1.90%"
"11/12/2020","210.00","212.00","214.00","204.00","6.38K","-0.94%"
"10/12/2020","212.00","212.00","214.00","210.00","7.01K","0.00%"
"09/12/2020","212.00","214.00","214.00","210.00","5.89K","-0.93%"
"08/12/2020","214.00","212.00","214.00","210.00","5.49K","0.94%"
"07/12/2020","212.00","214.00","218.00","208.00","8.61K","0.00%"
"04/12/2020","212.00","214.00","214.00","208.00","6.41K","0.00%"
"03/12/2020","212.00","218.00","220.00","210.00","6.98K","-0.93%"
"02/12/2020","214.00","212.00","224.00","212.00","16.87K","2.88%"
"01/12/2020","208.00","256.00","256.00","206.00","61.63K","-21.21%"
"30/11/2020","264.00","290.00","290.00","262.00","0.92K","-8.97%"
"27/11/2020","290.00","290.00","292.00","280.00","0.11K","0.00%"
"26/11/2020","290.00","296.00","304.00","290.00","0.16K","-2.03%"
"25/11/2020","296.00","322.00","322.00","296.00","0.25K","-7.50%"
"24/11/2020","320.00","320.00","324.00","320.00","0.13K","-1.23%"
"23/11/2020","324.00","324.00","324.00","304.00","0.20K","0.00%"
"20/11/2020","324.00","298.00","324.00","298.00","0.23K","11.72%"
"19/11/2020","290.00","290.00","290.00","290.00","0.05K","0.00%"
"18/11/2020","290.00","324.00","324.00","272.00","0.59K","-11.59%"
"17/11/2020","328.00","328.00","328.00","328.00","0.02K","0.00%"
"16/11/2020","328.00","330.00","330.00","320.00","0.01K","0.00%"
"13/11/2020","328.00","332.00","332.00","328.00","0.06K","-0.61%"
"12/11/2020","330.00","340.00","340.00","330.00","0.04K","-1.79%"
"10/11/2020","336.00","336.00","336.00","326.00","0.08K","1.82%"
"09/11/2020","330.00","320.00","350.00","320.00","0.42K","2.48%"
"06/11/2020","322.00","322.00","330.00","322.00","0.10K","-1.23%"
"05/11/2020","326.00","336.00","340.00","326.00","0.26K","-6.86%"
"04/11/2020","350.00","380.00","380.00","342.00","0.63K","-7.89%"
"03/11/2020","380.00","358.00","408.00","358.00","0.32K","7.95%"
"02/11/2020","352.00","320.00","352.00","318.00","0.28K","1.15%"
"30/10/2020","348.00","370.00","376.00","348.00","0.16K","-5.43%"
"29/10/2020","368.00","342.00","394.00","332.00","0.58K","6.98%"
"28/10/2020","344.00","310.00","350.00","310.00","0.38K","10.26%"
"27/10/2020","312.00","292.00","312.00","292.00","0.29K","4.00%"
"26/10/2020","300.00","300.00","300.00","292.00","0.20K","1.35%"
"23/10/2020","296.00","300.00","300.00","296.00","0.12K","0.00%"
"22/10/2020","296.00","296.00","298.00","296.00","0.05K","-1.33%"
"21/10/2020","300.00","294.00","300.00","294.00","0.16K","0.67%"
"20/10/2020","298.00","286.00","298.00","280.00","0.18K","6.43%"
"19/10/2020","280.00","292.00","298.00","278.00","0.47K","0.00%"
"16/10/2020","280.00","298.00","300.00","280.00","0.11K","-3.45%"
"15/10/2020","290.00","298.00","298.00","290.00","0.07K","-0.68%"
"14/10/2020","292.00","288.00","300.00","288.00","0.16K","2.10%"
"13/10/2020","286.00","272.00","294.00","272.00","0.33K","9.16%"
"12/10/2020","262.00","262.00","262.00","262.00","0.01K","-2.24%"
"09/10/2020","268.00","280.00","280.00","264.00","0.18K","-5.63%"
"08/10/2020","284.00","278.00","290.00","276.00","0.29K","2.90%"
"07/10/2020","276.00","266.00","278.00","264.00","0.11K","3.76%"
"06/10/2020","266.00","250.00","266.00","250.00","0.20K","5.56%"
"05/10/2020","252.00","250.00","252.00","240.00","0.18K","-1.56%"
"02/10/2020","256.00","244.00","256.00","244.00","0.23K","4.07%"
"01/10/2020","246.00","240.00","246.00","240.00","0.06K","0.00%"
"28/09/2020","246.00","246.00","246.00","246.00","0.02K","0.82%"
"25/09/2020","244.00","244.00","244.00","244.00","0.05K","1.67%"
"24/09/2020","240.00","242.00","242.00","240.00","0.01K","-1.64%"
"23/09/2020","244.00","242.00","244.00","242.00","0.03K","1.67%"
"22/09/2020","240.00","244.00","244.00","240.00","0.06K","-2.44%"
"21/09/2020","246.00","246.00","246.00","246.00","0.05K","-2.38%"
"18/09/2020","252.00","250.00","252.00","250.00","0.07K","0.80%"
"17/09/2020","250.00","250.00","250.00","250.00","0.08K","0.00%"
"16/09/2020","250.00","250.00","250.00","250.00","0.11K","0.00%"
"15/09/2020","250.00","246.00","250.00","246.00","0.02K","0.81%"
"14/09/2020","248.00","248.00","248.00","248.00","0.00K","-0.80%"
"10/09/2020","250.00","240.00","250.00","240.00","0.06K","3.31%"
"09/09/2020","242.00","246.00","246.00","242.00","0.08K","-2.42%"
"08/09/2020","248.00","248.00","248.00","246.00","0.28K","-0.80%"
"07/09/2020","250.00","256.00","256.00","250.00","0.26K","0.81%"
"04/09/2020","248.00","240.00","256.00","240.00","0.09K","4.20%"
"03/09/2020","238.00","238.00","242.00","238.00","0.04K","-0.83%"
"02/09/2020","240.00","240.00","240.00","240.00","0.01K","1.69%"
"01/09/2020","236.00","236.00","236.00","236.00","0.04K","0.85%"
"31/08/2020","234.00","230.00","234.00","228.00","0.23K","5.41%"
"28/08/2020","222.00","224.00","224.00","222.00","0.02K","-2.63%"
"26/08/2020","228.00","228.00","228.00","228.00","0.01K","0.88%"
"25/08/2020","226.00","226.00","226.00","226.00","0.01K","-1.74%"
"24/08/2020","230.00","228.00","230.00","228.00","0.06K","0.88%"
"21/08/2020","228.00","224.00","228.00","224.00","0.01K","0.88%"
"20/08/2020","226.00","226.00","226.00","226.00","0.07K","-0.88%"
"19/08/2020","228.00","230.00","230.00","228.00","0.05K","-0.87%"
"18/08/2020","230.00","232.00","232.00","230.00","0.12K","-1.71%"
"17/08/2020","234.00","240.00","242.00","234.00","0.15K","-4.88%"
"14/08/2020","246.00","246.00","246.00","246.00","0.01K","4.24%"
"13/08/2020","236.00","234.00","258.00","234.00","0.31K","-5.60%"
"12/08/2020","250.00","236.00","250.00","236.00","0.28K","6.84%"
"11/08/2020","234.00","232.00","236.00","226.00","0.15K","0.00%"
"10/08/2020","234.00","234.00","234.00","234.00","0.02K","-0.85%"
"07/08/2020","236.00","238.00","246.00","236.00","0.07K","-0.84%"
"06/08/2020","238.00","246.00","246.00","238.00","0.03K","-3.25%"
"05/08/2020","246.00","242.00","246.00","240.00","0.07K","2.50%"
"04/08/2020","240.00","244.00","244.00","240.00","0.02K","0.00%"
"03/08/2020","240.00","238.00","246.00","232.00","0.17K","-4.76%"
"31/07/2020","252.00","232.00","252.00","230.00","0.28K","5.88%"
"30/07/2020","238.00","240.00","240.00","226.00","0.25K","-3.25%"
"29/07/2020","246.00","246.00","246.00","246.00","0.03K","0.82%"
"28/07/2020","244.00","248.00","248.00","244.00","0.03K","-1.61%"
"27/07/2020","248.00","256.00","256.00","242.00","0.12K","-2.36%"
"24/07/2020","254.00","260.00","260.00","254.00","0.01K","-2.31%"
"23/07/2020","260.00","258.00","260.00","252.00","0.11K","0.78%"
"22/07/2020","258.00","252.00","258.00","252.00","0.13K","3.20%"
"21/07/2020","250.00","254.00","258.00","244.00","0.17K","0.81%"
"20/07/2020","248.00","240.00","258.00","240.00","0.29K","3.33%"
"17/07/2020","240.00","240.00","264.00","238.00","0.28K","10.09%"
"16/07/2020","218.00","218.00","218.00","218.00","0.01K","-1.80%"
"15/07/2020","222.00","220.00","240.00","220.00","0.27K","0.91%"
"14/07/2020","220.00","220.00","220.00","214.00","0.12K","0.00%"
"13/07/2020","220.00","220.00","220.00","218.00","0.09K","0.00%"
"10/07/2020","220.00","220.00","220.00","220.00","0.00K","1.85%"
"09/07/2020","216.00","218.00","218.00","216.00","0.01K","0.00%"
"08/07/2020","216.00","218.00","224.00","216.00","0.04K","0.00%"
"07/07/2020","216.00","218.00","218.00","216.00","0.08K","-1.82%"
"06/07/2020","220.00","220.00","222.00","216.00","0.08K","0.92%"
"03/07/2020","218.00","216.00","220.00","216.00","0.04K","-2.68%"
"02/07/2020","224.00","224.00","224.00","224.00","0.01K","0.90%"
"01/07/2020","222.00","222.00","224.00","222.00","0.04K","0.00%"
"30/06/2020","222.00","226.00","226.00","222.00","0.05K","0.00%"
"29/06/2020","222.00","214.00","222.00","214.00","0.08K","5.71%"
"26/06/2020","210.00","212.00","212.00","210.00","0.03K","-1.87%"
"25/06/2020","214.00","214.00","214.00","214.00","0.05K","0.00%"
"24/06/2020","214.00","220.00","224.00","214.00","0.03K","-1.83%"
"23/06/2020","218.00","220.00","220.00","212.00","0.16K","-1.80%"
"22/06/2020","222.00","238.00","238.00","220.00","0.32K","-5.93%"
"19/06/2020","236.00","240.00","242.00","236.00","0.33K","0.00%"
"18/06/2020","236.00","234.00","238.00","230.00","0.14K","0.00%"
"17/06/2020","236.00","238.00","240.00","230.00","0.60K","0.00%"
"16/06/2020","236.00","234.00","236.00","228.00","0.16K","4.42%"
"15/06/2020","226.00","220.00","232.00","218.00","0.16K","0.00%"
"12/06/2020","226.00","230.00","238.00","214.00","0.35K","-6.61%"
"10/06/2020","242.00","248.00","258.00","232.00","0.34K","6.14%"
"09/06/2020","228.00","242.00","264.00","218.00","0.52K","2.70%"
"08/06/2020","222.00","220.00","240.00","220.00","0.25K","6.73%"
"05/06/2020","208.00","193.00","208.00","192.00","0.17K","9.47%"
"04/06/2020","190.00","184.00","193.00","184.00","0.22K","3.83%"
"03/06/2020","183.00","173.00","184.00","173.00","0.31K","8.93%"
"02/06/2020","168.00","169.00","171.00","168.00","0.07K","-0.59%"
"01/06/2020","169.00","173.00","174.00","159.00","0.42K","-6.11%"
"29/05/2020","180.00","180.00","180.00","180.00","0.01K","0.00%"
"28/05/2020","180.00","183.00","183.00","180.00","0.08K","-1.64%"
"27/05/2020","183.00","183.00","183.00","183.00","0.00K","0.00%"
"26/05/2020","183.00","187.00","187.00","183.00","0.02K","-2.14%"
"25/05/2020","187.00","185.00","187.00","184.00","0.05K","1.08%"
"22/05/2020","185.00","179.00","185.00","179.00","0.20K","4.52%"
"21/05/2020","177.00","161.00","177.00","161.00","0.48K","10.63%"
"20/05/2020","160.00","160.00","160.00","160.00","0.01K","-3.03%"
"19/05/2020","165.00","165.00","165.00","165.00","0.01K","0.00%"
"18/05/2020","165.00","164.00","165.00","164.00","0.02K","0.61%"
"15/05/2020","164.00","159.00","164.00","159.00","0.02K","-0.61%"
"14/05/2020","165.00","165.00","165.00","165.00","0.04K","0.00%"
"13/05/2020","165.00","165.00","165.00","165.00","0.09K","0.00%"
"12/05/2020","165.00","162.00","165.00","162.00","0.17K","5.77%"
"11/05/2020","156.00","162.00","162.00","156.00","0.08K","0.00%"
"08/05/2020","156.00","163.00","163.00","156.00","0.05K","-3.70%"
"07/05/2020","162.00","162.00","162.00","162.00","0.03K","1.25%"
"06/05/2020","160.00","158.00","160.00","158.00","0.07K","1.91%"
"05/05/2020","157.00","160.00","160.00","157.00","0.12K","-1.88%"
"04/05/2020","160.00","160.00","160.00","159.00","0.03K","0.00%"
"30/04/2020","160.00","162.00","162.00","154.00","0.35K","3.23%"
"29/04/2020","155.00","161.00","163.00","147.00","0.33K","-3.73%"
"28/04/2020","161.00","156.00","161.00","156.00","0.09K","4.55%"
"27/04/2020","154.00","154.00","156.00","154.00","0.08K","3.36%"
"24/04/2020","149.00","150.00","150.00","149.00","0.02K","-3.25%"
"22/04/2020","154.00","140.00","154.00","140.00","0.13K","10.00%"
"21/04/2020","140.00","149.00","156.00","140.00","0.67K","-10.26%"
"20/04/2020","156.00","162.00","162.00","152.00","0.17K","-5.45%"
"15/04/2020","165.00","165.00","165.00","158.00","0.21K","0.00%"
"14/04/2020","165.00","168.00","168.00","162.00","0.10K","-2.37%"
"09/04/2020","169.00","169.00","169.00","169.00","0.01K","0.00%"
"08/04/2020","169.00","161.00","170.00","161.00","0.07K","-0.59%"
"07/04/2020","170.00","167.00","170.00","161.00","0.09K","1.80%"
"06/04/2020","167.00","144.00","170.00","144.00","0.32K","15.17%"
"03/04/2020","145.00","133.00","145.00","133.00","0.27K","9.02%"
"02/04/2020","133.00","134.00","134.00","133.00","0.25K","0.00%"
"01/04/2020","133.00","133.00","133.00","133.00","0.06K","-2.92%"
"31/03/2020","137.00","133.00","137.00","133.00","0.04K","2.24%"
"30/03/2020","134.00","135.00","135.00","134.00","0.06K","-1.47%"
"27/03/2020","136.00","137.00","137.00","134.00","0.17K","0.00%"
"26/03/2020","136.00","141.00","141.00","136.00","0.02K","-4.90%"
"25/03/2020","143.00","143.00","143.00","143.00","0.02K","-2.72%"
"20/03/2020","147.00","147.00","147.00","147.00","0.01K","8.89%"
"19/03/2020","135.00","135.00","135.00","135.00","0.00K","8.00%"
"18/03/2020","125.00","125.00","125.00","125.00","0.01K","0.00%"
"16/03/2020","125.00","125.00","125.00","125.00","0.02K","4.17%"
"13/03/2020","120.00","120.00","120.00","120.00","0.02K","0.00%"
"12/03/2020","120.00","147.00","147.00","120.00","0.05K","-18.37%"
"11/03/2020","147.00","153.00","153.00","147.00","0.14K","-9.26%"
"10/03/2020","162.00","163.00","171.00","148.00","0.28K","-4.14%"
"09/03/2020","169.00","176.00","176.00","169.00","0.07K","-3.98%"
"06/03/2020","176.00","180.00","180.00","176.00","0.19K","4.14%"
"05/03/2020","169.00","169.00","169.00","169.00","0.02K","3.05%"
"04/03/2020","164.00","169.00","169.00","164.00","0.09K","-2.96%"
"03/03/2020","169.00","170.00","170.00","165.00","0.01K","-0.59%"
"02/03/2020","170.00","163.00","170.00","163.00","0.04K","4.94%"
"28/02/2020","162.00","162.00","162.00","162.00","0.01K","0.00%"
"27/02/2020","162.00","160.00","165.00","160.00","0.14K","2.53%"
"26/02/2020","158.00","155.00","159.00","153.00","0.10K","-1.25%"
"25/02/2020","160.00","161.00","161.00","158.00","0.14K","-1.23%"
"24/02/2020","162.00","185.00","185.00","162.00","0.20K","-10.00%"
"21/02/2020","180.00","175.00","180.00","174.00","0.05K","0.00%"
"20/02/2020","180.00","180.00","180.00","180.00","0.04K","0.00%"
"19/02/2020","180.00","172.00","180.00","166.00","0.01K","8.43%"
"18/02/2020","166.00","166.00","166.00","165.00","0.11K","1.22%"
"17/02/2020","164.00","160.00","165.00","160.00","0.07K","2.50%"
"14/02/2020","160.00","162.00","162.00","160.00","0.06K","-2.44%"
"13/02/2020","164.00","164.00","164.00","164.00","0.00K","-0.61%"
"11/02/2020","165.00","165.00","165.00","165.00","0.00K","3.13%"
"10/02/2020","160.00","160.00","160.00","160.00","0.01K","2.56%"
"07/02/2020","156.00","150.00","168.00","150.00","0.10K","4.00%"
"05/02/2020","150.00","140.00","150.00","140.00","0.20K","6.38%"
"04/02/2020","141.00","131.00","141.00","130.00","0.02K","9.30%"
"03/02/2020","129.00","142.00","142.00","128.00","0.06K","-0.77%"
"31/01/2020","130.00","130.00","130.00","130.00","0.03K","-6.47%"
"30/01/2020","139.00","139.00","139.00","139.00","0.08K","0.72%"
"29/01/2020","138.00","138.00","138.00","138.00","0.03K","-0.72%"
"28/01/2020","139.00","139.00","139.00","139.00","0.02K","0.00%"
"22/01/2020","139.00","139.00","139.00","139.00","0.03K","0.00%"
"21/01/2020","139.00","129.00","139.00","122.00","0.04K","0.00%"
"20/01/2020","139.00","148.00","148.00","139.00","0.06K","6.92%"
"17/01/2020","130.00","128.00","130.00","128.00","0.08K","10.17%"
"16/01/2020","118.00","110.00","118.00","110.00","0.15K","7.27%"
"15/01/2020","110.00","107.00","110.00","107.00","0.17K","3.77%"
"13/01/2020","106.00","104.00","108.00","104.00","0.13K","1.92%"
"09/01/2020","104.00","104.00","104.00","104.00","0.07K","0.00%"
"08/01/2020","104.00","104.00","104.00","104.00","4.07K","0.00%"
"02/01/2020","104.00","103.00","104.00","102.00","0.10K","0.00%"
"20/12/2019","104.00","104.00","104.00","100.00","0.16K","-2.80%"
"18/12/2019","107.00","107.00","107.00","107.00","0.02K","-1.83%"
"13/12/2019","109.00","107.00","109.00","102.00","0.29K","2.83%"
"12/12/2019","106.00","106.00","106.00","106.00","0.05K","0.00%"
"11/12/2019","106.00","106.00","106.00","106.00","0.00K","4.95%"
"10/12/2019","101.00","101.00","101.00","101.00","0.01K","-4.72%"
"03/12/2019","106.00","101.00","106.00","101.00","0.02K","1.92%"
"02/12/2019","104.00","106.00","106.00","104.00","0.23K","-0.95%"
"29/11/2019","105.00","106.00","106.00","105.00","0.06K","0.00%"
"28/11/2019","105.00","110.00","110.00","105.00","0.04K","-3.67%"
"27/11/2019","109.00","108.00","109.00","108.00","0.14K","1.87%"
"25/11/2019","107.00","107.00","107.00","107.00","0.06K","-0.93%"
"22/11/2019","108.00","108.00","108.00","108.00","0.07K","-1.82%"
"20/11/2019","110.00","110.00","110.00","110.00","0.04K","-1.79%"
"19/11/2019","112.00","112.00","112.00","112.00","0.02K","-0.88%"
"13/11/2019","113.00","112.00","113.00","112.00","0.04K","2.73%"
"12/11/2019","110.00","107.00","110.00","107.00","0.14K","6.80%"
"08/11/2019","103.00","103.00","103.00","103.00","0.04K","-1.90%"
"07/11/2019","105.00","105.00","105.00","105.00","0.05K","0.00%"
"05/11/2019","105.00","106.00","106.00","105.00","0.21K","-3.67%"
"04/11/2019","109.00","109.00","109.00","109.00","0.01K","3.81%"
"31/10/2019","105.00","108.00","108.00","105.00","0.09K","0.00%"
"30/10/2019","105.00","107.00","107.00","105.00","0.08K","-2.78%"
"29/10/2019","108.00","112.00","112.00","108.00","0.08K","-2.70%"
"28/10/2019","111.00","115.00","115.00","111.00","0.21K","-2.63%"
"25/10/2019","114.00","114.00","114.00","114.00","0.03K","0.00%"
"24/10/2019","114.00","104.00","114.00","104.00","0.11K","10.68%"
"22/10/2019","103.00","102.00","104.00","102.00","0.08K","0.98%"
"21/10/2019","102.00","102.00","102.00","102.00","0.01K","0.00%"
"11/10/2019","102.00","100.00","102.00","100.00","0.01K","3.55%"
"09/10/2019","98.50","98.50","98.50","98.50","0.05K","-2.48%"
"08/10/2019","101.00","99.50","101.00","95.50","0.23K","-1.94%"
"07/10/2019","103.00","103.00","103.00","103.00","0.08K","-0.96%"
"03/10/2019","104.00","104.00","104.00","104.00","0.04K","-0.95%"
"02/10/2019","105.00","105.00","105.00","105.00","0.07K","0.00%"
"01/10/2019","105.00","105.00","105.00","105.00","0.05K","1.94%"
"27/09/2019","103.00","101.00","103.00","101.00","0.09K","0.98%"
"25/09/2019","102.00","102.00","103.00","102.00","0.01K","0.99%"
"20/09/2019","101.00","101.00","101.00","101.00","0.08K","-3.81%"
"12/09/2019","105.00","102.00","105.00","102.00","0.14K","-1.87%"
"11/09/2019","107.00","107.00","107.00","102.00","0.03K","0.94%"
"10/09/2019","106.00","106.00","106.00","105.00","0.07K","-1.85%"
"06/09/2019","108.00","100.00","108.00","92.50","0.18K","0.00%"
"05/09/2019","108.00","109.00","109.00","108.00","0.11K","-0.92%"
"04/09/2019","109.00","109.00","109.00","109.00","0.01K","-1.80%"
"03/09/2019","111.00","113.00","113.00","111.00","0.01K","0.91%"
"30/08/2019","110.00","110.00","110.00","110.00","0.01K","0.00%"
"29/08/2019","110.00","115.00","115.00","108.00","0.13K","-5.98%"
"21/08/2019","117.00","119.00","120.00","116.00","0.26K","-1.68%"
"20/08/2019","119.00","119.00","119.00","119.00","0.01K","0.00%"
"16/08/2019","119.00","119.00","119.00","119.00","0.00K","2.59%"
"14/08/2019","116.00","116.00","116.00","116.00","0.08K","-2.52%"
"07/08/2019","119.00","119.00","119.00","119.00","0.12K","0.00%"
"31/07/2019","119.00","116.00","119.00","116.00","0.02K","0.00%"
"29/07/2019","119.00","119.00","119.00","119.00","0.01K","1.71%"
"26/07/2019","117.00","117.00","117.00","117.00","0.09K","-1.68%"
"24/07/2019","119.00","119.00","119.00","119.00","0.01K","0.00%"
"22/07/2019","119.00","117.00","119.00","116.00","0.09K","-0.83%"
"19/07/2019","120.00","120.00","120.00","120.00","0.02K","2.56%"
"18/07/2019","117.00","117.00","117.00","117.00","0.01K","0.00%"
"17/07/2019","117.00","115.00","117.00","112.00","0.19K","0.86%"
"16/07/2019","116.00","115.00","116.00","115.00","0.04K","3.57%"
"15/07/2019","112.00","112.00","112.00","112.00","0.02K","0.00%"
"12/07/2019","112.00","110.00","114.00","110.00","0.25K","1.82%"
"11/07/2019","110.00","105.00","110.00","105.00","0.02K","0.00%"
"10/07/2019","110.00","110.00","110.00","109.00","0.03K","2.80%"
"09/07/2019","107.00","110.00","110.00","106.00","0.02K","0.94%"
"08/07/2019","106.00","106.00","106.00","106.00","0.05K","-3.64%"
"05/07/2019","110.00","109.00","110.00","106.00","0.17K","2.80%"
"04/07/2019","107.00","107.00","107.00","107.00","0.07K","-2.73%"
"03/07/2019","110.00","110.00","110.00","110.00","0.02K","-0.90%"
"02/07/2019","111.00","111.00","111.00","111.00","0.00K","8.82%"
"01/07/2019","102.00","102.00","102.00","102.00","0.02K","0.00%"
"28/06/2019","102.00","97.50","102.00","97.50","0.06K","3.55%"
"27/06/2019","98.50","98.50","98.50","98.50","0.08K","-5.29%"
"26/06/2019","104.00","105.00","105.00","104.00","0.07K","7.22%"
"25/06/2019","97.00","95.00","111.00","95.00","0.40K","2.11%"
"24/06/2019","95.00","89.00","95.00","89.00","0.37K","5.56%"
"19/06/2019","90.00","90.00","90.00","90.00","0.10K","0.00%"
"18/06/2019","90.00","95.00","95.00","90.00","0.12K","-5.26%"
"17/06/2019","95.00","88.00","95.00","88.00","0.51K","7.95%"
"14/06/2019","88.00","84.50","88.00","84.50","0.24K","0.00%"
"13/06/2019","88.00","88.00","88.00","88.00","0.02K","1.15%"
"12/06/2019","87.00","87.50","89.00","85.00","0.43K","0.00%"
"11/06/2019","87.00","85.00","87.00","85.00","0.37K","2.35%"
"10/06/2019","85.00","85.00","85.00","85.00","0.21K","0.00%"
"07/06/2019","85.00","84.50","85.00","81.00","0.35K","0.00%"
"06/06/2019","85.00","85.00","85.00","85.00","0.19K","0.59%"
"05/06/2019","84.50","84.50","85.00","84.50","0.42K","0.00%"
"04/06/2019","84.50","78.50","84.50","78.50","0.71K","5.63%"
"03/06/2019","80.00","75.00","80.00","75.00","0.30K","0.00%"
"30/05/2019","80.00","80.00","80.00","80.00","0.02K","0.00%"
"29/05/2019","80.00","74.00","80.00","74.00","0.00K","0.00%"
"28/05/2019","80.00","80.00","80.00","80.00","0.30K","0.00%"
"27/05/2019","80.00","80.00","80.00","80.00","0.30K","0.00%"
"24/05/2019","80.00","79.50","80.00","79.50","0.55K","0.63%"
"23/05/2019","79.50","79.50","79.50","79.50","0.40K","0.00%"
"20/05/2019","79.50","72.00","80.00","72.00","0.36K","0.00%"
"17/05/2019","79.50","79.50","79.50","79.50","0.20K","-0.63%"
"16/05/2019","80.00","79.00","80.00","79.00","0.30K","0.00%"
"15/05/2019","80.00","79.50","80.00","78.50","0.68K","0.00%"
"14/05/2019","80.00","79.50","80.00","79.50","0.27K","1.91%"
"13/05/2019","78.50","76.00","78.50","76.00","0.43K","-1.88%"
"10/05/2019","80.00","75.00","80.00","75.00","0.51K","5.26%"
"09/05/2019","76.00","73.50","77.00","73.50","0.42K","2.70%"
"07/05/2019","74.00","74.50","74.50","70.00","0.20K","-2.63%"
"06/05/2019","76.00","76.00","76.00","76.00","0.11K","-1.94%"
"29/04/2019","77.50","77.50","77.50","77.50","0.01K","10.71%"
"26/04/2019","70.00","70.00","76.50","70.00","0.17K","-9.68%"
"25/04/2019","77.50","78.00","78.00","77.50","0.06K","-0.64%"
"18/04/2019","78.00","78.00","78.00","78.00","0.11K","0.00%"
"17/04/2019","78.00","78.00","78.00","75.00","0.10K","-0.64%"
"16/04/2019","78.50","72.50","78.50","71.00","0.09K","18.94%"
"15/04/2019","66.00","80.00","80.00","66.00","0.15K","-17.50%"
"12/04/2019","80.00","80.00","80.00","80.00","0.00K","1.27%"
"11/04/2019","79.00","79.00","80.50","79.00","0.22K","-1.86%"
"10/04/2019","80.50","81.00","81.00","78.00","0.33K","8.78%"
"09/04/2019","74.00","70.00","74.00","65.50","0.12K","6.47%"
"08/04/2019","69.50","63.50","69.50","63.50","0.70K","8.59%"
"05/04/2019","64.00","64.00","64.00","64.00","0.00K","1.59%"
"04/04/2019","63.00","63.00","63.00","63.00","0.40K","0.00%"
"02/04/2019","63.00","61.50","63.00","61.00","0.14K","3.28%"
"01/04/2019","61.00","61.00","61.00","61.00","0.15K","0.00%"
"28/03/2019","61.00","59.00","61.00","59.00","0.05K","-0.81%"
"27/03/2019","61.50","59.50","61.50","59.50","0.43K","3.36%"
"26/03/2019","59.50","58.50","59.50","58.50","0.08K","0.85%"
"25/03/2019","59.00","53.50","59.00","53.50","0.11K","2.61%"
"22/03/2019","57.50","57.50","57.50","57.50","0.06K","4.55%"
"21/03/2019","55.00","54.00","55.00","54.00","0.24K","1.85%"
"20/03/2019","54.00","54.00","54.00","54.00","0.03K","0.00%"
"19/03/2019","54.00","50.50","54.00","50.50","0.11K","6.93%"
"18/03/2019","50.50","50.00","50.50","48.20","0.43K","4.77%"
"15/03/2019","48.20","52.00","52.00","48.20","0.99K","-5.49%"
"14/03/2019","51.00","41.00","51.00","41.00","3.17K","27.50%"
"11/03/2019","40.00","40.00","40.00","40.00","0.20K","0.00%"
"04/03/2019","40.00","40.00","40.00","40.00","0.01K","0.00%"
"01/03/2019","40.00","40.00","40.00","40.00","0.02K","0.00%"
"28/02/2019","40.00","43.00","43.00","37.80","0.75K","-6.98%"
"27/02/2019","43.00","41.00","43.00","41.00","0.02K","0.00%"
"26/02/2019","43.00","42.40","43.00","42.40","0.19K","-0.92%"
"25/02/2019","43.40","43.40","43.40","43.40","0.22K","-0.46%"
"14/02/2019","43.60","43.60","43.60","43.60","0.00K","-0.46%"
"13/02/2019","43.80","43.80","43.80","43.80","0.18K","-2.67%"
"11/02/2019","45.00","44.60","45.00","44.60","0.07K","0.90%"
"05/02/2019","44.60","44.60","44.60","44.60","0.03K","-0.89%"
"01/02/2019","45.00","44.20","45.00","44.20","0.42K","1.81%"
"30/01/2019","44.20","44.20","44.20","44.20","0.00K","0.00%"
"29/01/2019","44.20","44.20","44.20","44.20","0.03K","2.31%"
"25/01/2019","43.20","43.00","43.20","43.00","0.36K","4.85%"
"24/01/2019","41.20","41.20","41.20","41.20","0.10K","-0.48%"
"23/01/2019","41.40","43.00","43.00","41.40","0.10K","0.49%"
"22/01/2019","41.20","41.20","41.20","41.20","0.10K","0.00%"
"15/01/2019","41.20","41.20","41.20","41.20","0.00K","-4.63%"
"14/12/2018","43.20","43.20","43.20","43.20","0.01K","0.00%"
"13/12/2018","43.20","43.20","43.20","43.20","0.00K","0.00%"
"12/12/2018","43.20","42.60","43.20","42.60","0.14K","2.86%"
"11/12/2018","42.00","42.60","42.60","42.00","0.29K","-5.83%"
"07/12/2018","44.60","44.60","44.60","44.60","0.00K","0.00%"
"06/12/2018","44.60","44.60","44.60","44.60","0.00K","3.72%"
"05/12/2018","43.00","43.00","43.00","43.00","0.10K","-3.15%"
"03/12/2018","44.40","43.00","44.40","43.00","0.23K","-0.89%"
"30/11/2018","44.80","44.80","44.80","44.80","0.00K","4.67%"
"29/11/2018","42.80","44.80","44.80","42.80","0.19K","-4.46%"
"26/11/2018","44.80","44.80","44.80","44.80","0.01K","0.90%"
"22/11/2018","44.40","44.40","44.40","44.40","0.10K","0.00%"
"21/11/2018","44.40","42.40","44.40","42.40","0.04K","4.72%"
"20/11/2018","42.40","43.40","43.40","42.40","0.31K","-6.61%"
"19/11/2018","45.40","45.40","45.40","45.40","0.04K","-0.44%"
"16/11/2018","45.60","45.60","45.60","45.60","0.05K","1.33%"
"09/11/2018","45.00","45.00","45.00","45.00","0.11K","0.45%"
"08/11/2018","44.80","44.80","44.80","44.80","0.00K","3.23%"
"07/11/2018","43.40","43.40","43.40","43.40","0.15K","-4.41%"
"06/11/2018","45.40","44.20","45.40","42.60","0.81K","2.71%"
"05/11/2018","44.20","43.60","44.20","43.60","0.03K","13.33%"
"02/11/2018","39.00","39.00","39.00","39.00","0.05K","-2.01%"
"31/10/2018","39.80","40.40","40.40","39.80","0.38K","-1.49%"
"30/10/2018","40.40","38.60","40.40","38.60","0.10K","0.50%"
"26/10/2018","40.20","39.60","40.20","39.60","0.40K","0.00%"
"25/10/2018","40.20","38.40","40.20","38.40","0.42K","4.69%"
"24/10/2018","38.40","36.60","38.40","36.60","0.06K","4.92%"
"23/10/2018","36.60","36.60","36.60","36.60","0.01K","-4.69%"
"12/10/2018","38.40","38.40","38.40","38.40","0.01K","1.05%"
"05/10/2018","38.00","38.00","38.00","38.00","0.20K","-1.55%"
"28/09/2018","38.60","38.60","38.60","38.60","0.11K","0.00%"
"25/09/2018","38.60","38.60","38.60","38.60","0.10K","-4.46%"
"21/09/2018","40.40","39.40","40.40","39.40","0.20K","2.54%"
"18/09/2018","39.40","39.40","39.40","39.40","0.01K","3.14%"
"17/09/2018","38.20","39.60","39.60","38.20","0.26K","-4.50%"
"14/09/2018","40.00","40.00","40.00","40.00","0.20K","0.00%"
"12/09/2018","40.00","40.00","40.00","40.00","0.01K","0.50%"
"11/09/2018","39.80","37.40","39.80","37.40","0.39K","5.29%"
"10/09/2018","37.80","42.00","42.00","37.80","0.55K","-9.13%"
"07/09/2018","41.60","38.00","41.60","38.00","0.73K","11.83%"
"06/09/2018","37.20","38.80","38.80","37.20","0.42K","-8.37%"
"29/08/2018","40.60","40.00","40.60","38.80","0.45K","-2.87%"
"28/08/2018","41.80","40.00","41.80","40.00","0.61K","5.03%"
"27/08/2018","39.80","38.40","39.80","38.40","0.03K","0.51%"
"23/08/2018","39.60","36.00","39.60","36.00","4.30K","9.39%"
"13/08/2018","36.20","36.20","36.20","36.20","0.21K","-4.74%"
"07/08/2018","38.00","35.20","38.00","35.20","0.26K","3.26%"
"02/08/2018","36.80","35.40","36.80","35.40","0.08K","0.55%"
"19/07/2018","36.60","36.60","36.60","36.60","0.21K","-4.69%"
"16/07/2018","38.40","38.00","38.40","38.00","0.04K","0.00%"
"13/07/2018","38.40","38.00","38.40","38.00","0.08K","1.05%"
"11/07/2018","38.00","38.00","38.00","38.00","0.01K","1.06%"
"10/07/2018","37.60","37.60","37.60","37.60","0.11K","-1.05%"
"09/07/2018","38.00","38.00","38.00","38.00","0.01K","3.83%"
"06/07/2018","36.60","36.60","36.60","36.60","0.00K","-3.68%"
"03/07/2018","38.00","36.80","38.00","36.80","0.10K","3.26%"
"02/07/2018","36.80","37.00","37.00","36.80","0.17K","0.55%"
"29/06/2018","36.60","36.60","36.60","36.60","0.03K","-4.69%"
"20/06/2018","38.40","38.40","38.40","38.40","0.01K","0.52%"
"18/06/2018","38.20","38.20","38.20","38.20","0.05K","2.69%"
"14/06/2018","37.20","37.40","37.40","37.20","0.33K","-0.53%"
"13/06/2018","37.40","37.40","37.40","37.40","0.06K","0.54%"
"08/06/2018","37.20","37.20","37.20","37.20","0.03K","-1.06%"
"07/06/2018","37.60","37.60","37.60","37.60","0.06K","-3.09%"
"06/06/2018","38.80","38.00","38.80","37.60","0.41K","2.11%"
"05/06/2018","38.00","38.60","39.00","38.00","0.62K","-1.04%"
"04/06/2018","38.40","36.60","38.60","36.60","0.76K","0.00%"
"01/06/2018","38.40","35.00","38.40","35.00","0.27K","12.94%"
"30/05/2018","34.00","34.00","34.00","34.00","0.27K","0.00%"
"29/05/2018","34.00","34.00","34.00","34.00","0.90K","-2.86%"
"23/05/2018","35.00","35.00","35.00","35.00","0.06K","2.94%"
"22/05/2018","34.00","34.00","34.00","34.00","0.04K","0.00%"
"11/05/2018","34.00","34.00","34.00","34.00","0.05K","0.00%"
"10/05/2018","34.00","34.00","34.00","34.00","0.06K","0.00%"
"07/05/2018","34.00","34.00","34.00","34.00","0.10K","0.00%"
"04/05/2018","34.00","34.00","34.00","34.00","0.23K","1.80%"
"02/05/2018","33.40","34.00","34.00","33.40","0.23K","-5.65%"
"27/04/2018","35.40","35.40","35.40","35.40","0.25K","-4.32%"
"06/04/2018","37.00","37.00","37.00","37.00","0.21K","-3.14%"
"03/04/2018","38.20","38.20","38.20","38.20","0.20K","0.53%"
"29/03/2018","38.00","38.00","38.00","38.00","0.03K","-1.55%"
"27/03/2018","38.60","38.60","38.60","38.60","0.05K","-3.02%"
"26/03/2018","39.80","39.80","39.80","39.80","0.01K","9.34%"
"23/03/2018","36.40","36.40","36.40","36.40","0.01K","10.30%"
"22/03/2018","33.00","37.00","37.00","33.00","0.12K","-12.70%"
"19/03/2018","37.80","37.80","37.80","37.80","0.03K","-0.53%"
"15/03/2018","38.00","39.80","39.80","38.00","0.19K","-1.55%"
"14/03/2018","38.60","38.00","38.60","38.00","0.57K","6.04%"
"13/03/2018","36.40","35.80","36.40","35.80","0.37K","1.68%"
"12/03/2018","35.80","35.80","35.80","35.80","0.01K","5.29%"
"09/03/2018","34.00","35.00","35.00","34.00","0.23K","-5.56%"
"08/03/2018","36.00","36.00","36.00","36.00","0.06K","5.88%"
"07/03/2018","34.00","34.00","34.00","34.00","0.20K","0.00%"
"06/03/2018","34.00","34.00","34.00","34.00","0.03K","4.29%"
"05/03/2018","32.60","32.60","32.60","32.60","0.36K","7.95%"
"02/03/2018","30.20","30.00","30.20","30.00","0.40K","-7.36%"
"01/03/2018","32.60","32.60","32.60","32.60","0.01K","8.67%"
"28/02/2018","30.00","32.80","32.80","30.00","0.20K","-8.54%"
"27/02/2018","32.80","32.80","32.80","32.80","0.14K","9.33%"
"26/02/2018","30.00","30.00","30.00","30.00","0.02K","1.35%"
"23/02/2018","29.60","29.00","29.60","29.00","0.37K","2.07%"
"22/02/2018","29.00","29.00","29.00","29.00","0.15K","-1.36%"
"20/02/2018","29.40","29.40","29.40","29.40","0.05K","-0.68%"
"19/02/2018","29.60","28.00","29.60","28.00","0.39K","5.71%"
"16/02/2018","28.00","24.60","28.00","24.60","0.62K","16.67%"
"15/02/2018","24.00","24.00","24.00","24.00","0.23K","0.84%"
"17/01/2018","23.80","23.80","23.80","23.80","0.02K","0.00%"
"12/01/2018","23.80","23.80","23.80","23.80","0.01K","8.18%"
"10/01/2018","22.00","22.00","22.00","22.00","0.02K","0.00%"
"05/01/2018","22.00","18.80","22.00","18.80","0.03K","-2.65%"
"04/01/2018","22.60","22.60","22.60","22.60","0.01K","10.24%"
"22/12/2017","20.50","23.50","23.50","20.50","0.02K","0.00%"
"18/12/2017","20.50","20.50","20.50","20.50","0.17K","-12.73%"
"11/12/2017","23.49","23.49","23.49","23.49","0.01K","2.13%"
"08/12/2017","23.00","23.00","23.00","23.00","0.01K","12.20%"
"07/12/2017","20.50","20.50","20.50","20.50","0.10K","-0.29%"
"28/11/2017","20.56","20.56","20.56","20.56","0.02K","-2.84%"
"27/11/2017","21.16","23.50","23.50","21.16","0.21K","-9.96%"
"24/11/2017","23.50","23.50","23.50","23.50","0.03K","-8.91%"
"21/11/2017","25.80","25.80","25.80","25.80","0.01K","-0.77%"
"08/11/2017","26.00","26.20","26.20","26.00","1.11K","13.04%"
"07/11/2017","23.00","23.00","23.00","23.00","0.96K","0.00%"
"06/11/2017","23.00","23.00","23.00","23.00","0.19K","-10.85%"
"02/11/2017","25.80","25.80","25.80","25.80","0.05K","0.00%"
"27/10/2017","25.80","25.80","25.80","25.80","0.03K","0.00%"
"26/10/2017","25.80","25.80","25.80","25.80","7.06K","0.00%"
"25/10/2017","25.80","25.80","25.80","25.80","0.14K","-0.77%"
"09/10/2017","26.00","26.00","26.00","26.00","0.05K","-0.76%"
"06/10/2017","26.20","26.20","26.20","26.20","0.04K","-0.34%"
"26/09/2017","26.29","26.29","26.29","26.29","0.00K","-0.04%"
"12/09/2017","26.30","26.30","26.30","26.30","0.04K","0.00%"
"06/09/2017","26.30","26.30","26.30","26.30","0.00K","6.05%"
"04/09/2017","24.80","24.80","24.80","24.80","2.41K","-0.80%"
"25/08/2017","25.00","25.00","25.00","25.00","0.77K","0.20%"
"18/08/2017","24.95","24.95","24.95","24.95","0.01K","0.00%"
"09/08/2017","24.95","24.95","24.95","24.95","0.05K","0.00%"
"13/07/2017","24.95","24.95","24.95","24.95","1.00K","-5.49%"
"10/07/2017","26.40","26.40","26.40","26.40","0.03K","1.54%"
"27/06/2017","26.00","26.00","26.00","26.00","0.02K","-1.52%"
"20/06/2017","26.40","26.40","26.40","26.40","0.01K","5.60%"
"19/06/2017","25.00","25.00","25.00","25.00","0.02K","-5.30%"
"13/06/2017","26.40","26.40","26.40","26.40","0.02K","-0.34%"
"12/06/2017","26.49","26.49","26.49","26.49","0.01K","0.00%"
"09/06/2017","26.49","26.49","26.49","26.49","0.10K","20.41%"
"02/06/2017","22.00","22.00","22.00","22.00","0.08K","0.00%"
"23/05/2017","22.00","22.00","22.00","22.00","1.82K","0.00%"
"12/05/2017","22.00","22.00","22.00","22.00","0.14K","-21.43%"
"09/05/2017","28.00","28.00","28.00","28.00","0.25K","0.07%"
"05/05/2017","27.98","26.51","27.98","26.51","0.43K","8.49%"
"04/05/2017","25.79","23.20","25.79","23.20","0.16K","11.16%"
"25/04/2017","23.20","23.20","23.20","23.20","0.01K","2.25%"
"20/04/2017","22.69","22.69","22.69","22.69","0.30K","0.00%"
"12/04/2017","22.69","22.69","22.69","22.69","0.01K","3.18%"
"11/04/2017","21.99","21.99","21.99","21.99","0.15K","0.00%"
"10/04/2017","21.99","21.99","21.99","21.99","0.54K","-3.09%"
"07/04/2017","22.69","22.69","22.69","22.69","0.02K","3.18%"
"06/04/2017","21.99","22.00","22.00","21.99","1.00K","9.95%"
"05/04/2017","20.00","20.00","20.00","20.00","0.12K","3.36%"
"04/04/2017","19.35","19.35","19.35","19.35","0.15K","-3.73%"
"31/03/2017","20.10","22.15","22.15","20.10","0.03K","-9.01%"
"30/03/2017","22.09","22.09","22.09","22.09","0.01K","0.87%"
"23/03/2017","21.90","19.30","21.90","19.30","0.01K","9.50%"
"22/03/2017","20.00","22.20","22.20","20.00","0.01K","-0.99%"
"20/03/2017","20.20","20.20","20.20","20.20","0.11K","1.00%"
"17/03/2017","20.00","20.00","20.00","20.00","0.14K","-14.86%"
"16/03/2017","23.49","23.49","23.49","23.49","0.21K","-7.12%"
"15/02/2017","25.29","25.29","25.29","25.29","0.01K","6.39%"
"13/02/2017","23.77","23.77","23.77","23.77","0.11K","-4.88%"
"03/02/2017","24.99","24.99","24.99","24.99","0.10K","-2.38%"
"01/02/2017","25.60","25.60","25.60","25.60","0.01K","8.15%"
"31/01/2017","23.67","23.67","23.67","23.67","0.05K","0.00%"
"27/01/2017","23.67","21.67","23.67","21.67","0.05K","12.98%"
"25/01/2017","20.95","20.94","20.95","20.94","0.04K","2.20%"
"24/01/2017","20.50","19.79","20.50","19.79","0.50K","6.27%"
"23/01/2017","19.29","19.29","19.29","19.29","0.06K","2.06%"
"20/01/2017","18.90","18.90","18.90","18.90","1.09K","0.00%"
"19/01/2017","18.90","18.90","18.90","18.90","0.38K","0.27%"
"18/01/2017","18.85","18.85","18.85","18.85","0.10K","0.32%"
"17/01/2017","18.79","18.79","18.79","18.79","0.41K","-0.11%"
"13/01/2017","18.81","18.81","18.81","18.81","0.11K","0.00%"
"12/01/2017","18.81","18.81","18.81","18.81","0.65K","-1.98%"
"11/01/2017","19.19","18.81","19.19","18.81","0.26K","2.02%"
"10/01/2017","18.81","18.81","18.81","18.81","1.31K","0.00%"
"09/01/2017","18.81","18.81","18.81","18.81","0.67K","-2.79%"
"02/01/2017","19.35","19.35","19.35","19.35","0.01K","2.93%"
"27/12/2016","18.80","18.80","18.80","18.80","0.01K","0.80%"
"23/12/2016","18.65","18.65","18.65","18.65","0.02K","-0.69%"
"21/12/2016","18.78","18.78","18.78","18.78","0.01K","0.00%"
"20/12/2016","18.78","18.78","18.78","18.78","0.01K","10.15%"
"19/12/2016","17.05","15.50","17.05","15.50","0.22K","-9.50%"
"16/12/2016","18.84","18.85","18.85","18.84","0.01K","3.52%"
"15/12/2016","18.20","18.20","18.20","18.20","0.00K","9.64%"
"13/12/2016","16.60","16.60","16.60","16.60","0.01K","9.93%"
"12/12/2016","15.10","15.10","15.10","15.10","0.30K","-19.89%"
"09/12/2016","18.85","18.85","18.85","18.85","0.01K","7.10%"
"08/12/2016","17.60","18.80","18.80","17.60","0.11K","0.00%"
"07/12/2016","17.60","17.50","17.60","17.50","0.16K","0.00%"
"06/12/2016","17.60","18.85","18.85","17.60","0.14K","0.57%"
"05/12/2016","17.50","17.50","17.50","17.50","2.30K","2.94%"
"02/12/2016","17.00","17.00","17.00","17.00","0.01K","6.25%"
"01/12/2016","16.00","16.00","16.00","16.00","0.22K","0.00%"
"30/11/2016","16.00","16.00","16.00","16.00","1.06K","3.23%"
"29/11/2016","15.50","15.50","15.50","15.50","0.85K","0.00%"
"28/11/2016","15.50","15.50","15.50","15.50","0.77K","1.31%"
"21/11/2016","15.30","15.30","15.30","15.30","0.02K","0.00%"
"16/11/2016","15.30","15.30","15.30","15.30","0.01K","17.33%"
"14/11/2016","13.04","13.04","13.04","13.04","0.02K","0.31%"
"09/11/2016","13.00","13.00","13.00","13.00","0.02K","-18.75%"
"03/11/2016","16.00","16.00","16.00","16.00","0.05K","3.23%"
"31/10/2016","15.50","15.50","15.50","15.50","0.31K","0.00%"
"24/10/2016","15.50","15.50","15.50","15.50","0.73K","-0.32%"
"13/10/2016","15.55","15.55","15.55","15.55","0.01K","11.07%"
"12/10/2016","14.00","14.00","14.00","14.00","0.09K","-9.97%"
"07/10/2016","15.55","15.55","15.55","15.55","0.05K","11.07%"
"06/10/2016","14.00","13.99","14.00","13.99","0.10K","9.37%"
"05/10/2016","12.80","12.80","12.80","12.80","0.29K","1.51%"
"03/10/2016","12.61","12.61","12.61","12.61","0.05K","-9.86%"
"27/09/2016","13.99","13.99","13.99","13.99","0.02K","-9.97%"
"13/09/2016","15.54","15.54","15.54","15.54","0.01K","7.17%"
"12/09/2016","14.50","14.50","14.50","14.50","0.20K","-6.69%"
"09/09/2016","15.54","15.54","15.54","15.54","0.10K","0.32%"
"01/09/2016","15.49","15.49","15.49","15.49","0.04K","-0.06%"
"30/08/2016","15.50","15.50","15.50","15.50","0.41K","0.00%"
"29/08/2016","15.50","15.50","15.50","15.50","0.23K","3.40%"
"26/08/2016","14.99","14.99","14.99","14.99","0.03K","-3.60%"
"18/08/2016","15.55","15.55","15.55","15.55","0.07K","0.00%"
"17/08/2016","15.55","15.55","15.55","15.55","0.21K","0.00%"
"16/08/2016","15.55","15.55","15.55","15.55","0.69K","0.45%"
"12/08/2016","15.48","15.47","15.48","15.47","0.25K","3.20%"
"09/08/2016","15.00","15.00","15.00","15.00","0.82K","0.00%"
"03/08/2016","15.00","15.00","15.00","15.00","0.20K","0.00%"
"18/07/2016","15.00","15.00","15.00","15.00","0.05K","3.45%"
"11/07/2016","14.50","14.50","14.50","14.50","0.05K","0.00%"
"08/07/2016","14.50","14.50","14.50","14.50","0.17K","-6.51%"
"06/07/2016","15.51","15.51","15.51","15.51","0.03K","10.71%"
"04/07/2016","14.01","14.01","14.01","14.01","0.05K","-9.61%"
"23/06/2016","15.50","15.50","15.50","15.50","0.20K","0.00%"
"22/06/2016","15.50","15.50","15.50","15.50","0.07K","-0.51%"
"14/06/2016","15.58","15.55","15.58","15.55","0.10K","-3.29%"
"08/06/2016","16.11","16.11","16.11","16.11","0.06K","-10.00%"
"01/06/2016","17.90","17.90","17.90","17.90","0.11K","-7.11%"
"30/05/2016","19.27","19.27","19.27","19.27","0.01K","7.35%"
"27/05/2016","17.95","17.99","17.99","17.95","0.30K","-0.28%"
"25/05/2016","18.00","17.80","18.00","17.80","0.50K","4.05%"
"24/05/2016","17.30","17.30","17.30","17.30","0.10K","1.76%"
"23/05/2016","17.00","16.80","17.00","16.80","0.40K","1.19%"
"20/05/2016","16.80","16.30","16.80","16.30","0.15K","3.13%"
"19/05/2016","16.29","15.55","16.29","15.55","0.11K","5.10%"
"18/05/2016","15.50","15.50","15.50","15.50","0.33K","0.00%"
"17/05/2016","15.50","15.50","15.50","15.50","0.07K","3.33%"
"16/05/2016","15.00","15.00","15.00","15.00","0.24K","0.00%"
"13/05/2016","15.00","15.00","15.00","15.00","0.25K","-3.23%"
"11/05/2016","15.50","15.50","15.50","15.50","0.15K","2.31%"
"10/05/2016","15.15","15.00","15.15","15.00","0.50K","8.21%"
"09/05/2016","14.00","14.00","14.00","14.00","0.02K","-3.31%"
"06/05/2016","14.48","14.00","14.48","14.00","0.34K","3.43%"
"05/05/2016","14.00","14.00","14.00","14.00","0.88K","1.08%"
"04/05/2016","13.85","13.85","13.85","13.85","0.12K","-1.07%"
"02/05/2016","14.00","14.00","14.00","14.00","0.20K","1.08%"
"22/04/2016","13.85","13.85","13.85","13.85","0.30K","0.00%"
"31/03/2016","13.85","13.85","13.85","13.85","0.38K","0.00%"
"22/03/2016","13.85","13.85","13.85","13.85","0.21K","0.00%"
"18/03/2016","13.85","13.85","13.85","13.85","0.29K","2.59%"
"17/03/2016","13.50","13.50","13.50","13.50","0.31K","-2.53%"
"16/03/2016","13.85","13.50","13.85","13.50","6.01K","-1.07%"
"14/03/2016","14.00","13.90","14.00","13.55","2.85K","0.72%"
"11/03/2016","13.90","13.90","13.90","13.90","0.01K","0.36%"
"10/03/2016","13.85","13.85","14.00","13.85","2.18K","-1.07%"
"08/03/2016","14.00","14.00","14.20","13.76","3.60K","0.00%"
"01/03/2016","14.00","13.60","14.00","13.60","1.55K","1.45%"
"29/02/2016","13.80","13.50","13.80","13.50","0.19K","-0.72%"
"25/02/2016","13.90","13.90","13.90","13.90","0.01K","-2.25%"
"17/02/2016","14.22","13.99","14.22","13.99","1.09K","1.64%"
"16/02/2016","13.99","12.99","13.99","12.99","2.10K","-0.07%"
"15/02/2016","14.00","12.99","14.05","12.99","2.89K","7.69%"
"12/02/2016","13.00","13.34","13.35","13.00","0.08K","-2.99%"
"11/02/2016","13.40","13.40","13.40","13.40","0.01K","-0.67%"
"10/02/2016","13.49","12.55","13.50","12.55","5.96K","7.06%"
"09/02/2016","12.60","12.01","12.95","12.01","1.02K","5.00%"
"08/02/2016","12.00","10.80","12.00","10.80","4.15K","10.19%"
"05/02/2016","10.89","9.90","10.89","9.90","4.47K","10.00%"
"04/02/2016","9.90","9.68","9.90","9.68","0.50K","2.27%"
"03/02/2016","9.68","8.80","9.68","8.80","1.85K","10.00%"
"02/02/2016","8.80","8.80","8.80","8.80","0.01K","3.53%"
"01/02/2016","8.50","8.50","8.50","8.50","0.00K","-3.41%"
"29/01/2016","8.80","8.80","8.80","8.80","1.46K","0.00%"
"27/01/2016","8.80","8.50","8.80","8.50","1.08K","0.00%"
"26/01/2016","8.80","8.50","8.80","8.50","0.82K","0.00%"
"21/01/2016","8.80","8.80","8.80","8.80","0.45K","3.53%"
"20/01/2016","8.50","8.50","8.80","8.50","0.54K","-6.59%"
"19/01/2016","9.10","9.10","9.10","9.10","0.50K","0.00%"
"18/01/2016","9.10","8.50","9.10","8.50","0.87K","0.00%"
"14/01/2016","9.10","9.10","9.10","8.50","0.15K","0.00%"
"11/01/2016","9.10","9.10","9.10","9.10","0.01K","1.22%"
"08/01/2016","8.99","8.50","8.99","8.50","4.84K","0.00%"
"07/01/2016","8.99","8.97","8.99","8.97","0.25K","0.00%"
"29/12/2015","8.99","8.50","8.99","8.50","1.11K","-0.11%"
"11/12/2015","9.00","9.00","9.00","9.00","0.04K","12.50%"
"10/12/2015","8.00","8.00","8.00","8.00","0.15K","-12.47%"
"07/12/2015","9.14","9.14","9.14","9.14","0.21K","7.66%"
"03/12/2015","8.49","8.49","8.49","8.49","0.01K","4.81%"
"02/12/2015","8.10","8.10","8.10","8.10","0.02K","-4.59%"
"01/12/2015","8.49","8.10","8.49","8.10","5.62K","0.00%"
"27/11/2015","8.49","8.49","8.49","8.49","0.01K","0.00%"
"26/11/2015","8.49","8.10","8.49","8.10","2.01K","-2.41%"
"25/11/2015","8.70","8.10","8.70","8.10","0.23K","0.00%"
"20/11/2015","8.70","8.70","8.70","8.70","2.05K","0.00%"
"17/11/2015","8.70","8.70","8.74","8.70","13.58K","-0.57%"
"16/11/2015","8.75","8.75","8.75","8.75","0.05K","9.38%"
"13/11/2015","8.00","8.00","8.00","8.00","15.00K","-9.09%"
"12/11/2015","8.80","8.01","8.80","8.01","0.08K","5.39%"
"10/11/2015","8.35","8.35","8.35","8.35","0.36K","0.00%"
"09/11/2015","8.35","8.98","8.98","8.35","0.67K","-8.74%"
"03/11/2015","9.15","8.90","9.15","8.05","0.91K","-3.68%"
"02/11/2015","9.50","9.50","9.50","9.50","0.02K","6.15%"
"30/10/2015","8.95","8.95","8.95","8.95","0.03K","9.82%"
"29/10/2015","8.15","8.15","8.15","8.15","0.11K","0.00%"
"26/10/2015","8.15","8.15","8.15","8.15","0.30K","0.00%"
"22/10/2015","8.15","8.15","8.15","8.15","0.20K","-0.61%"
"20/10/2015","8.20","8.15","8.20","8.15","0.39K","7.05%"
"19/10/2015","7.66","7.70","7.70","7.66","1.00K","-6.01%"
"16/10/2015","8.15","8.15","8.15","8.15","0.03K","0.00%"
"15/10/2015","8.15","8.15","8.15","8.15","0.10K","-0.12%"
"14/10/2015","8.16","8.40","8.71","8.15","1.36K","-12.26%"
"12/10/2015","9.30","9.30","9.30","9.30","0.00K","3.33%"
"05/10/2015","9.00","9.00","9.00","9.00","0.30K","0.00%"
"02/10/2015","9.00","9.00","9.00","9.00","0.00K","-2.81%"
"24/09/2015","9.26","9.26","9.26","9.26","0.20K","-0.43%"
"23/09/2015","9.30","9.30","9.30","9.30","0.10K","0.00%"
"16/09/2015","9.30","9.00","9.30","9.00","0.60K","-2.00%"
"07/09/2015","9.49","9.58","9.58","9.49","0.25K","-2.67%"
"03/09/2015","9.75","9.69","9.75","9.69","1.20K","0.62%"
"02/09/2015","9.69","9.50","9.69","9.40","0.36K","5.33%"
"01/09/2015","9.20","8.70","9.20","8.70","1.06K","4.55%"
"31/08/2015","8.80","8.80","8.80","8.79","0.91K","-9.18%"
"27/08/2015","9.69","9.69","9.69","9.69","0.10K","0.94%"
"26/08/2015","9.60","9.00","9.65","9.00","0.22K","6.67%"
"25/08/2015","9.00","9.00","9.00","8.99","0.49K","-6.74%"
"24/08/2015","9.65","8.70","9.65","8.70","0.24K","-1.93%"
"19/08/2015","9.84","9.84","9.84","9.84","0.26K","0.51%"
"14/08/2015","9.79","9.79","9.79","9.79","0.10K","-0.61%"
"13/08/2015","9.85","10.10","10.10","9.85","1.47K","-1.01%"
"12/08/2015","9.95","9.79","10.00","9.79","0.47K","1.63%"
"11/08/2015","9.79","9.79","9.79","9.79","0.25K","0.93%"
"10/08/2015","9.70","9.49","9.70","9.30","1.56K","3.30%"
"07/08/2015","9.39","9.00","9.39","9.00","0.62K","-0.95%"
"03/08/2015","9.48","9.48","9.48","9.48","0.03K","7.73%"
"31/07/2015","8.80","8.80","8.80","8.79","2.25K","-2.22%"
"30/07/2015","9.00","9.25","9.25","9.00","0.81K","-5.26%"
"29/07/2015","9.50","9.09","9.60","9.09","0.86K","-2.56%"
"23/07/2015","9.75","9.75","9.75","9.75","0.09K","3.94%"
"22/07/2015","9.38","8.94","9.38","8.89","0.62K","5.39%"
"21/07/2015","8.90","8.90","8.90","8.90","0.03K","-0.56%"
"20/07/2015","8.95","8.95","8.95","8.95","0.03K","3.71%"
"17/07/2015","8.63","8.00","8.65","7.97","3.83K","-5.16%"
"15/07/2015","9.10","9.09","9.10","9.09","0.20K","0.00%"
"13/07/2015","9.10","9.18","9.18","9.10","0.13K","5.81%"
"10/07/2015","8.60","9.40","9.40","8.00","2.50K","-10.42%"
"09/07/2015","9.60","9.60","9.60","9.60","0.05K","-3.03%"
"06/07/2015","9.90","9.90","9.90","9.90","0.45K","-1.00%"
"29/06/2015","10.00","10.00","10.00","10.00","0.01K","9.89%"
"23/06/2015","9.10","9.10","9.10","9.10","0.24K","0.00%"
"22/06/2015","9.10","9.15","9.15","9.10","0.75K","-5.21%"
"18/06/2015","9.60","9.50","9.60","9.50","0.10K","1.05%"
"17/06/2015","9.50","9.50","9.50","9.50","0.15K","-1.04%"
"12/06/2015","9.60","9.60","9.60","9.60","0.10K","-6.80%"
"11/06/2015","10.30","10.30","10.30","10.30","0.00K","3.00%"
"10/06/2015","10.00","10.00","10.01","10.00","0.66K","-3.66%"
"09/06/2015","10.38","10.38","10.38","10.38","0.01K","0.00%"
"05/06/2015","10.38","10.00","10.38","10.00","0.10K","0.00%"
"03/06/2015","10.38","10.38","10.38","10.38","0.02K","3.80%"
"02/06/2015","10.00","10.00","10.00","10.00","0.70K","-3.85%"
"27/05/2015","10.40","10.40","10.40","10.40","0.04K","4.00%"
"22/05/2015","10.00","10.00","10.00","9.42","1.65K","6.16%"
"20/05/2015","9.42","10.40","10.40","9.42","0.08K","-5.80%"
"18/05/2015","10.00","10.40","10.40","10.00","0.05K","0.00%"
"15/05/2015","10.00","10.00","10.00","10.00","0.67K","-4.21%"
"14/05/2015","10.44","10.44","10.44","10.44","0.01K","0.00%"
"12/05/2015","10.44","10.44","10.44","10.44","0.01K","4.40%"
"11/05/2015","10.00","10.30","10.30","10.00","0.65K","-3.85%"
"07/05/2015","10.40","10.40","10.40","10.40","0.01K","5.16%"
"06/05/2015","9.89","9.50","9.89","9.50","40.63K","8.68%"
"04/05/2015","9.10","9.10","9.10","9.10","0.11K","0.00%"
"30/04/2015","9.10","9.49","9.49","9.10","0.70K","-4.01%"
"28/04/2015","9.48","9.49","9.49","9.48","0.11K","-0.21%"
"23/04/2015","9.50","9.50","9.50","9.50","0.12K","2.15%"
"22/04/2015","9.30","9.30","9.30","9.30","0.06K","-2.11%"
"21/04/2015","9.50","9.40","9.50","9.40","0.69K","2.15%"
"20/04/2015","9.30","9.40","9.40","9.30","0.16K","3.33%"
"17/04/2015","9.00","9.20","9.20","9.00","2.00K","-2.07%"
"15/04/2015","9.19","9.19","9.19","9.19","0.07K","0.00%"
"14/04/2015","9.19","9.19","9.19","9.19","0.03K","-1.08%"
"13/04/2015","9.29","9.29","9.29","9.29","0.01K","-2.21%"
"10/04/2015","9.50","9.50","9.50","9.50","0.35K","3.26%"
"09/04/2015","9.20","9.01","9.20","9.00","1.18K","1.66%"
"08/04/2015","9.05","9.10","9.10","9.05","0.37K","0.56%"
"07/04/2015","9.00","9.00","9.00","9.00","17.52K","0.56%"
"02/04/2015","8.95","8.95","8.95","8.95","0.05K","0.00%"
"01/04/2015","8.95","9.10","9.10","8.95","0.51K","0.00%"
"31/03/2015","8.95","8.95","8.95","8.95","0.27K","0.00%"
"30/03/2015","8.95","9.01","9.01","8.95","0.33K","-2.72%"
"27/03/2015","9.20","9.20","9.20","9.20","0.17K","-0.76%"
"26/03/2015","9.27","10.30","10.30","9.27","0.35K","-1.38%"
"25/03/2015","9.40","9.85","10.00","9.40","1.92K","-4.86%"
"24/03/2015","9.88","9.88","9.88","9.10","0.71K","-0.20%"
"23/03/2015","9.90","9.90","9.90","9.10","0.36K","10.00%"
"20/03/2015","9.00","8.90","9.68","8.50","44.23K","6.89%"
"19/03/2015","8.42","8.42","8.42","8.42","0.07K","0.12%"
"18/03/2015","8.41","8.41","8.41","8.41","0.10K","-4.43%"
"17/03/2015","8.80","8.80","8.80","8.80","0.19K","2.33%"
"16/03/2015","8.60","8.60","8.60","8.60","0.12K","0.00%"
"12/03/2015","8.60","8.80","8.80","8.60","1.23K","-2.27%"
"11/03/2015","8.80","9.00","9.00","8.80","0.11K","0.23%"
"06/03/2015","8.78","8.79","8.79","8.77","0.60K","1.97%"
"05/03/2015","8.61","8.65","8.65","8.61","0.25K","-2.16%"
"02/03/2015","8.80","8.80","8.80","8.80","0.30K","2.33%"
"27/02/2015","8.60","8.80","8.80","8.60","1.90K","-7.03%"
"26/02/2015","9.25","8.80","9.25","8.60","1.78K","-1.07%"
"25/02/2015","9.35","8.80","9.35","8.80","0.02K","6.25%"
"24/02/2015","8.80","8.80","8.80","8.80","1.14K","0.00%"
"23/02/2015","8.80","8.70","8.80","8.70","1.03K","2.33%"
"20/02/2015","8.60","8.60","8.60","8.60","0.24K","0.00%"
"17/02/2015","8.60","8.62","8.62","8.60","1.30K","-4.44%"
"13/02/2015","9.00","9.20","9.39","9.00","1.72K","-3.64%"
"12/02/2015","9.34","8.80","9.34","8.80","0.15K","6.14%"
"11/02/2015","8.80","8.80","8.80","8.80","0.10K","0.00%"
"10/02/2015","8.80","8.60","8.80","8.60","0.37K","2.21%"
"09/02/2015","8.61","8.80","8.80","8.60","1.22K","-6.92%"
"06/02/2015","9.25","8.90","9.25","8.90","0.89K","-1.49%"
"05/02/2015","9.39","8.80","9.39","8.80","5.06K","-2.09%"
"04/02/2015","9.59","8.80","9.60","8.80","2.19K","8.98%"
"03/02/2015","8.80","8.80","8.80","8.80","0.23K","-10.20%"
"02/02/2015","9.80","9.00","9.80","9.00","0.45K","3.16%"
"28/01/2015","9.50","9.40","9.50","9.40","0.27K","0.00%"
"27/01/2015","9.50","9.80","9.80","9.50","0.59K","-3.06%"
"26/01/2015","9.80","9.80","9.80","9.80","0.13K","0.51%"
"23/01/2015","9.75","9.40","9.75","9.40","0.63K","-2.50%"
"19/01/2015","10.00","10.00","10.00","10.00","0.50K","-1.96%"
"15/01/2015","10.20","10.30","10.35","9.30","0.64K","8.51%"
"14/01/2015","9.40","9.40","9.40","9.40","0.17K","7.92%"
"13/01/2015","8.71","8.80","8.80","8.71","0.05K","0.00%"
"12/01/2015","8.71","8.70","8.71","8.70","0.58K","0.11%"
"09/01/2015","8.70","9.39","9.40","8.70","0.42K","-6.95%"
"08/01/2015","9.35","9.00","9.39","9.00","1.47K","3.89%"
"07/01/2015","9.00","9.00","9.00","9.00","2.36K","-4.76%"
"05/01/2015","9.45","10.40","10.40","9.45","1.22K","-0.53%"
"30/12/2014","9.50","9.50","9.50","9.50","0.12K","0.00%"
"29/12/2014","9.50","9.50","9.50","9.50","0.07K","-1.04%"
"23/12/2014","9.60","10.50","10.50","9.50","3.52K","-8.57%"
"22/12/2014","10.50","10.50","10.50","10.50","0.05K","4.90%"
"19/12/2014","10.01","10.22","10.22","10.01","0.49K","-4.67%"
"18/12/2014","10.50","10.60","10.60","10.01","2.36K","-10.03%"
"17/12/2014","11.67","11.65","11.67","11.65","0.23K","5.90%"
"16/12/2014","11.02","11.22","12.30","11.00","6.53K","-9.82%"
"15/12/2014","12.22","11.69","12.22","11.20","4.47K","4.53%"
"12/12/2014","11.69","12.50","12.50","11.00","2.31K","-2.58%"
"11/12/2014","12.00","12.00","12.00","12.00","0.30K","-1.23%"
"10/12/2014","12.15","12.80","12.80","12.15","1.36K","-5.08%"
"09/12/2014","12.80","14.00","14.00","12.80","1.44K","-8.57%"
"08/12/2014","14.00","14.00","14.00","14.00","0.00K","8.53%"
"05/12/2014","12.90","13.22","13.22","12.90","0.65K","-2.42%"
"04/12/2014","13.22","13.22","13.22","13.22","0.50K","-5.50%"
"03/12/2014","13.99","13.99","13.99","13.99","0.07K","0.00%"
"02/12/2014","13.99","13.00","14.11","12.90","3.00K","8.87%"
"01/12/2014","12.85","12.00","12.85","12.00","1.72K","4.90%"
"27/11/2014","12.25","11.30","12.25","11.30","0.66K","0.08%"
"26/11/2014","12.24","12.24","12.24","12.24","0.03K","0.08%"
"25/11/2014","12.23","11.00","12.23","10.80","3.54K","-0.16%"
"24/11/2014","12.25","12.90","12.90","12.25","0.14K","-1.29%"
"21/11/2014","12.41","12.11","12.90","12.01","0.25K","-3.80%"
"20/11/2014","12.90","12.90","12.90","12.90","0.01K","0.00%"
"19/11/2014","12.90","12.90","12.90","12.90","0.00K","7.50%"
"18/11/2014","12.00","12.50","12.50","12.00","0.79K","-7.69%"
"17/11/2014","13.00","13.00","13.00","13.00","0.26K","-7.08%"
"13/11/2014","13.99","14.87","14.87","13.99","0.48K","-5.02%"
"12/11/2014","14.73","14.73","14.73","14.73","0.10K","-1.14%"
"10/11/2014","14.90","14.90","14.90","14.89","0.01K","2.34%"
"30/10/2014","14.56","14.56","14.56","14.56","0.30K","-2.93%"
"29/10/2014","15.00","15.00","15.00","15.00","0.18K","-3.23%"
"28/10/2014","15.50","15.00","15.50","15.00","0.21K","3.33%"
"27/10/2014","15.00","15.00","15.00","15.00","0.14K","0.13%"
"22/10/2014","14.98","14.21","14.98","14.17","3.54K","4.76%"
"21/10/2014","14.30","14.98","14.98","14.30","0.15K","-4.54%"
"20/10/2014","14.98","14.10","14.98","14.10","0.64K","7.00%"
"17/10/2014","14.00","14.15","14.15","14.00","0.42K","-6.67%"
"15/10/2014","15.00","15.00","15.00","15.00","0.00K","3.31%"
"14/10/2014","14.52","14.52","14.52","14.52","0.34K","0.07%"
"13/10/2014","14.51","14.71","14.71","14.51","1.84K","-4.29%"
"10/10/2014","15.16","14.75","15.16","14.70","0.70K","-1.43%"
"09/10/2014","15.38","14.71","15.38","14.71","0.37K","0.00%"
"08/10/2014","15.38","14.71","15.38","14.71","0.06K","0.00%"
"07/10/2014","15.38","14.71","15.38","14.71","0.06K","2.53%"
"06/10/2014","15.00","15.50","15.50","15.00","0.32K","-3.78%"
"01/10/2014","15.59","15.20","15.59","15.20","0.11K","3.93%"
"30/09/2014","15.00","15.00","15.00","15.00","0.43K","0.00%"
"29/09/2014","15.00","14.99","15.00","14.70","2.22K","-5.06%"
"26/09/2014","15.80","15.80","15.80","15.80","0.59K","0.00%"
"25/09/2014","15.80","15.10","15.89","15.10","0.42K","3.27%"
"24/09/2014","15.30","15.92","15.92","15.30","0.56K","-3.89%"
"23/09/2014","15.92","15.10","16.00","15.10","4.70K","2.58%"
"22/09/2014","15.52","14.30","15.52","14.28","2.84K","9.30%"
"19/09/2014","14.20","13.42","14.60","13.42","1.32K","5.65%"
"18/09/2014","13.44","13.44","13.44","13.44","0.03K","3.38%"
"17/09/2014","13.00","12.92","13.99","12.92","1.23K","0.78%"
"15/09/2014","12.90","12.90","12.90","12.30","3.05K","0.00%"
"12/09/2014","12.90","12.90","12.90","12.88","0.60K","4.88%"
"11/09/2014","12.30","12.80","12.80","12.30","1.87K","-3.83%"
"10/09/2014","12.79","12.74","13.40","12.00","3.34K","5.27%"
"09/09/2014","12.15","13.60","13.60","12.15","4.49K","-8.65%"
"08/09/2014","13.30","14.00","14.00","13.30","2.37K","-4.93%"
"05/09/2014","13.99","13.51","14.10","13.51","0.66K","3.25%"
"04/09/2014","13.55","14.99","14.99","13.50","1.42K","-3.21%"
"03/09/2014","14.00","14.60","14.60","14.00","1.55K","-9.44%"
"02/09/2014","15.46","15.46","15.46","15.46","0.10K","0.00%"
"01/09/2014","15.46","15.01","15.46","14.99","0.83K","-2.71%"