"Date","Price","Open","High","Low","Vol.","Change %"
"29/09/2025","16.50","16.80","16.80","16.45","0.97K","-2.08%"
"26/09/2025","16.85","16.70","16.85","16.30","1.70K","0.00%"
"25/09/2025","16.85","16.65","16.90","16.50","1.18K","0.30%"
"24/09/2025","16.80","16.55","16.80","16.55","2.63K","1.51%"
"23/09/2025","16.55","16.25","16.60","16.20","2.67K","1.53%"
"22/09/2025","16.30","16.15","16.30","15.85","1.09K","0.00%"
"19/09/2025","16.30","16.45","16.45","16.20","2.13K","-1.81%"
"18/09/2025","16.60","16.85","16.85","16.20","0.93K","-2.35%"
"17/09/2025","17.00","16.95","17.00","16.65","1.36K","0.59%"
"16/09/2025","16.90","16.95","16.95","16.60","1.20K","-0.29%"
"15/09/2025","16.95","16.65","17.00","16.30","5.22K","2.11%"
"12/09/2025","16.60","16.40","16.80","16.20","1.80K","1.22%"
"11/09/2025","16.40","16.45","16.45","16.30","1.75K","-0.30%"
"10/09/2025","16.45","16.70","17.20","16.10","10.07K","-2.08%"
"09/09/2025","16.80","16.95","17.00","16.20","38.18K","2.13%"
"08/09/2025","16.45","16.10","16.45","15.70","3.96K","4.11%"
"05/09/2025","15.80","16.25","16.30","15.80","4.39K","-3.07%"
"04/09/2025","16.30","16.15","16.30","16.15","0.47K","1.87%"
"03/09/2025","16.00","16.25","16.25","16.00","0.64K","-1.54%"
"02/09/2025","16.25","15.80","16.25","15.80","0.61K","0.62%"
"01/09/2025","16.15","16.10","16.25","16.05","1.70K","-0.31%"
"29/08/2025","16.20","16.20","16.20","16.20","0.02K","0.00%"
"28/08/2025","16.20","16.10","16.20","16.10","0.11K","0.93%"
"27/08/2025","16.05","16.05","16.05","16.05","0.30K","-0.93%"
"26/08/2025","16.20","15.80","16.20","15.70","0.83K","0.31%"
"25/08/2025","16.15","16.15","16.15","16.15","0.02K","0.00%"
"22/08/2025","16.15","16.00","16.15","15.95","0.89K","1.89%"
"21/08/2025","15.85","15.85","15.85","15.85","0.00K","0.96%"
"20/08/2025","15.70","16.10","16.15","15.70","1.34K","-1.26%"
"19/08/2025","15.90","15.85","16.00","15.85","0.42K","0.32%"
"18/08/2025","15.85","15.85","15.85","15.85","0.09K","-1.55%"
"14/08/2025","16.10","15.90","16.10","15.85","0.12K","1.26%"
"13/08/2025","15.90","16.05","16.05","15.90","0.09K","-1.24%"
"12/08/2025","16.10","16.00","16.10","15.60","0.52K","0.63%"
"11/08/2025","16.00","16.00","16.00","16.00","0.06K","1.27%"
"08/08/2025","15.80","16.10","16.10","15.80","0.51K","-1.86%"
"07/08/2025","16.10","16.10","16.10","16.10","0.01K","1.90%"
"06/08/2025","15.80","15.80","15.80","15.80","0.10K","1.28%"
"05/08/2025","15.60","15.80","15.85","15.60","0.57K","-1.27%"
"04/08/2025","15.80","15.60","15.80","15.60","0.13K","1.28%"
"01/08/2025","15.60","15.70","15.80","15.60","0.82K","-2.19%"
"31/07/2025","15.95","15.80","15.95","15.70","0.93K","-0.31%"
"30/07/2025","16.00","16.00","16.00","16.00","0.09K","-1.23%"
"29/07/2025","16.20","16.05","16.20","15.90","2.92K","-1.22%"
"28/07/2025","16.40","16.40","16.40","16.00","1.69K","0.61%"
"25/07/2025","16.30","16.30","16.30","16.30","0.22K","0.62%"
"24/07/2025","16.20","16.30","16.30","16.20","0.73K","-0.61%"
"23/07/2025","16.30","16.40","16.40","16.30","1.18K","-1.21%"
"22/07/2025","16.50","16.65","16.70","16.50","0.39K","-0.30%"
"21/07/2025","16.55","15.80","16.55","15.75","20.32K","4.75%"
"18/07/2025","15.80","15.90","15.90","15.80","0.11K","-0.63%"
"17/07/2025","15.90","15.85","15.90","15.85","0.90K","0.32%"
"16/07/2025","15.85","15.85","15.85","15.85","0.07K","0.00%"
"15/07/2025","15.85","15.85","15.85","15.85","0.05K","1.28%"
"14/07/2025","15.65","15.80","15.80","15.65","0.02K","0.00%"
"11/07/2025","15.65","15.80","15.80","15.60","0.20K","-1.26%"
"10/07/2025","15.85","15.80","15.90","15.80","1.19K","0.00%"
"09/07/2025","15.85","15.90","15.90","15.85","0.15K","-0.31%"
"08/07/2025","15.90","15.90","15.90","15.90","0.12K","0.63%"
"07/07/2025","15.80","15.85","15.90","15.80","0.31K","-0.32%"
"04/07/2025","15.85","15.85","15.85","15.80","0.19K","-0.31%"
"03/07/2025","15.90","15.75","15.90","15.75","0.22K","0.95%"
"02/07/2025","15.75","15.70","15.90","15.60","0.44K","2.27%"
"01/07/2025","15.40","15.40","15.70","15.25","1.01K","0.00%"
"30/06/2025","15.40","15.40","15.40","15.40","0.00K","0.00%"
"27/06/2025","15.40","15.10","15.40","15.05","1.10K","2.67%"
"26/06/2025","15.00","15.30","15.30","15.00","0.07K","-1.96%"
"25/06/2025","15.30","15.00","15.30","15.00","0.08K","2.68%"
"24/06/2025","14.90","14.90","15.00","14.85","0.86K","0.00%"
"23/06/2025","14.90","14.90","15.00","14.90","0.05K","0.68%"
"20/06/2025","14.80","14.75","15.00","14.75","0.12K","0.00%"
"18/06/2025","14.80","15.05","15.05","14.45","4.41K","-1.66%"
"17/06/2025","15.05","15.25","15.70","15.05","1.54K","-0.66%"
"16/06/2025","15.15","15.30","15.30","15.15","0.34K","-0.98%"
"13/06/2025","15.30","15.70","15.70","15.30","0.56K","0.00%"
"12/06/2025","15.30","15.55","15.70","15.30","0.26K","-1.92%"
"11/06/2025","15.60","15.60","15.60","15.30","0.29K","0.00%"
"10/06/2025","15.60","15.30","15.60","15.25","0.15K","1.96%"
"09/06/2025","15.30","15.60","15.60","15.25","2.06K","-1.92%"
"06/06/2025","15.60","15.65","15.65","15.30","1.08K","-0.32%"
"05/06/2025","15.65","15.65","15.65","15.65","0.01K","2.62%"
"04/06/2025","15.25","15.35","15.70","15.15","0.56K","-3.17%"
"03/06/2025","15.75","15.75","15.75","15.75","0.18K","0.00%"
"02/06/2025","15.75","15.75","15.75","15.75","0.00K","0.00%"
"30/05/2025","15.75","15.80","15.80","15.70","0.41K","3.96%"
"29/05/2025","15.15","15.30","15.80","15.15","0.10K","0.33%"
"28/05/2025","15.10","15.30","15.30","15.10","0.60K","-1.31%"
"27/05/2025","15.30","15.15","15.30","15.10","0.13K","0.66%"
"26/05/2025","15.20","15.75","15.75","15.20","1.97K","-0.33%"
"23/05/2025","15.25","15.65","15.65","15.25","0.48K","-0.97%"
"22/05/2025","15.40","15.65","15.65","15.40","1.04K","-1.60%"
"21/05/2025","15.65","15.65","15.65","15.60","0.56K","-0.32%"
"20/05/2025","15.70","15.50","15.75","15.15","1.72K","0.96%"
"19/05/2025","15.55","14.70","15.80","14.70","15.06K","6.87%"
"16/05/2025","14.55","14.60","14.70","14.50","11.80K","1.04%"
"15/05/2025","14.40","14.55","14.55","14.40","0.40K","-0.69%"
"14/05/2025","14.50","14.50","14.50","14.50","0.16K","0.00%"
"13/05/2025","14.50","14.60","14.60","14.50","1.05K","-0.68%"
"12/05/2025","14.60","14.50","14.60","14.40","2.64K","0.34%"
"09/05/2025","14.55","14.55","14.55","14.55","0.06K","0.00%"
"08/05/2025","14.55","14.60","14.60","14.55","2.44K","0.69%"
"07/05/2025","14.45","14.50","14.50","14.45","0.27K","-0.34%"
"06/05/2025","14.50","14.50","14.50","14.50","0.00K","-0.68%"
"05/05/2025","14.60","14.50","14.60","14.50","0.45K","0.69%"
"02/05/2025","14.50","14.50","14.65","14.50","5.74K","0.00%"
"30/04/2025","14.50","14.55","14.60","14.50","4.41K","-0.34%"
"29/04/2025","14.55","14.45","14.55","14.45","1.60K","0.69%"
"28/04/2025","14.45","14.10","14.50","14.10","1.50K","2.12%"
"25/04/2025","14.15","14.00","14.15","13.90","0.50K","0.00%"
"24/04/2025","14.15","14.00","14.15","13.75","2.54K","1.43%"
"23/04/2025","13.95","13.90","14.00","13.90","6.62K","0.72%"
"22/04/2025","13.85","14.00","14.00","13.60","3.90K","-0.72%"
"17/04/2025","13.95","14.30","14.30","13.90","2.28K","-0.36%"
"16/04/2025","14.00","14.50","14.50","14.00","4.41K","-0.36%"
"15/04/2025","14.05","14.00","14.50","14.00","1.09K","0.72%"
"14/04/2025","13.95","14.10","14.10","13.95","2.04K","0.00%"
"11/04/2025","13.95","13.90","14.20","13.90","9.04K","-1.06%"
"10/04/2025","14.10","14.10","14.10","14.10","1.49K","0.71%"
"09/04/2025","14.00","14.00","14.00","14.00","0.20K","-0.71%"
"08/04/2025","14.10","13.80","14.10","13.80","0.39K","2.17%"
"07/04/2025","13.80","14.00","14.00","13.60","2.46K","-2.13%"
"04/04/2025","14.10","14.40","14.40","14.10","1.70K","-2.08%"
"03/04/2025","14.40","14.50","14.50","14.25","0.31K","-3.36%"
"02/04/2025","14.90","14.65","14.90","14.50","0.27K","1.36%"
"27/03/2025","14.70","14.75","14.75","14.70","0.34K","-1.34%"
"26/03/2025","14.90","14.90","14.90","14.90","0.01K","1.36%"
"25/03/2025","14.70","14.90","14.90","14.70","0.32K","0.00%"
"24/03/2025","14.70","14.80","14.80","14.70","0.94K","-0.68%"
"21/03/2025","14.80","14.80","14.80","14.80","0.01K","0.34%"
"20/03/2025","14.75","14.80","14.80","14.75","0.57K","-0.34%"
"19/03/2025","14.80","14.85","14.85","14.80","0.70K","0.00%"
"18/03/2025","14.80","14.85","14.85","14.80","1.01K","-0.67%"
"17/03/2025","14.90","14.90","15.00","14.90","1.75K","-0.67%"
"14/03/2025","15.00","14.95","15.00","14.95","0.32K","0.00%"
"13/03/2025","15.00","15.00","15.00","14.90","1.74K","0.00%"
"12/03/2025","15.00","15.00","15.00","14.90","10.60K","0.00%"
"11/03/2025","15.00","15.15","15.15","15.00","2.62K","-2.91%"
"10/03/2025","15.45","15.20","15.45","15.20","0.21K","0.32%"
"07/03/2025","15.40","15.30","15.40","15.30","1.32K","0.65%"
"06/03/2025","15.30","15.45","15.45","15.10","0.20K","-0.97%"
"05/03/2025","15.45","15.40","15.45","15.40","0.18K","2.32%"
"04/03/2025","15.10","15.15","15.40","15.10","0.16K","-2.27%"
"03/03/2025","15.45","15.40","15.45","15.40","0.12K","0.65%"
"28/02/2025","15.35","15.45","15.45","15.15","0.58K","-0.65%"
"27/02/2025","15.45","15.45","15.45","15.45","0.54K","0.00%"
"26/02/2025","15.45","15.35","15.45","15.05","3.09K","0.00%"
"24/02/2025","15.45","15.05","15.45","15.05","1.26K","0.00%"
"21/02/2025","15.45","15.45","15.45","15.45","0.00K","1.98%"
"20/02/2025","15.15","15.20","15.40","15.15","0.56K","-0.33%"
"19/02/2025","15.20","15.20","15.20","15.15","1.73K","-1.62%"
"18/02/2025","15.45","15.45","15.50","15.25","1.10K","0.00%"
"17/02/2025","15.45","15.10","15.45","14.95","2.06K","2.32%"
"14/02/2025","15.10","15.00","15.10","15.00","0.39K","0.67%"
"13/02/2025","15.00","15.00","15.05","14.90","1.54K","0.00%"
"12/02/2025","15.00","15.10","15.10","15.00","0.00K","0.67%"
"11/02/2025","14.90","14.95","14.95","14.90","0.05K","-0.33%"
"10/02/2025","14.95","14.95","14.95","14.95","0.15K","-0.99%"
"07/02/2025","15.10","15.10","15.10","15.10","0.00K","1.00%"
"06/02/2025","14.95","15.00","15.00","14.95","0.07K","0.00%"
"04/02/2025","14.95","14.90","15.00","14.80","0.36K","-0.33%"
"03/02/2025","15.00","14.90","15.00","14.85","0.71K","0.00%"
"31/01/2025","15.00","14.95","15.00","14.95","0.93K","0.00%"
"30/01/2025","15.00","15.00","15.00","15.00","0.24K","0.00%"
"29/01/2025","15.00","15.00","15.00","15.00","0.70K","0.33%"
"28/01/2025","14.95","15.00","15.40","14.95","2.40K","-0.66%"
"27/01/2025","15.05","15.05","15.05","15.05","0.10K","0.00%"
"24/01/2025","15.05","15.15","15.15","14.75","1.52K","-1.31%"
"23/01/2025","15.25","15.20","15.25","15.15","1.17K","-0.33%"
"22/01/2025","15.30","15.20","15.30","15.20","0.33K","0.33%"
"21/01/2025","15.25","15.20","15.25","15.10","0.20K","-1.29%"
"20/01/2025","15.45","15.20","15.45","15.20","0.32K","1.31%"
"17/01/2025","15.25","15.25","15.60","15.25","0.37K","-2.87%"
"16/01/2025","15.70","15.65","15.70","15.65","0.22K","0.00%"
"15/01/2025","15.70","15.70","15.70","15.25","0.13K","0.00%"
"14/01/2025","15.70","15.75","15.75","15.70","0.24K","-0.63%"
"13/01/2025","15.80","15.50","15.80","15.50","0.48K","1.94%"
"10/01/2025","15.50","15.40","15.50","15.30","0.32K","-3.13%"
"09/01/2025","16.00","15.45","16.00","15.45","1.16K","7.02%"
"08/01/2025","14.95","16.00","16.00","14.95","0.11K","-0.33%"
"07/01/2025","15.00","14.70","15.00","14.60","1.46K","2.39%"
"03/01/2025","14.65","14.70","14.70","14.65","0.22K","-2.33%"
"02/01/2025","15.00","14.60","15.00","14.60","0.22K","0.67%"
"30/12/2024","14.90","14.60","15.25","14.60","0.16K","-2.61%"
"27/12/2024","15.30","14.35","15.30","14.35","0.52K","0.00%"
"23/12/2024","15.30","15.10","15.30","14.60","1.31K","0.00%"
"20/12/2024","15.30","14.95","15.30","14.70","0.24K","4.44%"
"19/12/2024","14.65","14.60","14.65","14.60","0.26K","-0.34%"
"18/12/2024","14.70","14.70","14.70","14.65","2.19K","-2.97%"
"17/12/2024","15.15","15.15","15.15","14.60","2.28K","-0.66%"
"16/12/2024","15.25","15.25","15.25","15.25","0.01K","-0.33%"
"13/12/2024","15.30","15.30","15.30","15.30","0.07K","2.00%"
"12/12/2024","15.00","15.00","15.00","15.00","1.18K","0.00%"
"11/12/2024","15.00","15.00","15.00","15.00","0.31K","0.00%"
"10/12/2024","15.00","15.00","15.30","14.60","3.19K","-1.32%"
"09/12/2024","15.20","15.00","15.20","14.65","1.16K","1.33%"
"06/12/2024","15.00","15.40","15.40","15.00","2.05K","-2.60%"
"05/12/2024","15.40","14.80","15.40","14.80","0.07K","0.00%"
"04/12/2024","15.40","15.20","15.40","15.20","0.04K","1.32%"
"03/12/2024","15.20","15.70","16.00","14.95","0.23K","1.67%"
"02/12/2024","14.95","14.30","14.95","14.30","1.44K","4.55%"
"29/11/2024","14.30","14.00","14.35","14.00","1.59K","0.00%"
"28/11/2024","14.30","14.35","14.35","13.90","3.85K","-1.04%"
"27/11/2024","14.45","14.35","14.45","14.00","5.47K","-1.70%"
"26/11/2024","14.70","14.70","14.70","14.70","0.05K","3.16%"
"25/11/2024","14.25","14.10","14.50","14.10","1.45K","-3.39%"
"22/11/2024","14.75","14.75","14.75","14.20","0.06K","0.00%"
"21/11/2024","14.75","14.40","14.75","14.00","2.25K","2.43%"
"20/11/2024","14.40","14.00","14.40","14.00","1.90K","4.73%"
"19/11/2024","13.75","14.50","14.50","13.75","2.55K","-5.17%"
"18/11/2024","14.50","14.70","15.00","14.40","6.74K","-3.33%"
"15/11/2024","15.00","15.60","15.60","14.10","8.27K","-4.46%"
"14/11/2024","15.70","15.50","15.70","15.50","0.34K","1.29%"
"13/11/2024","15.50","15.50","15.50","15.50","0.04K","0.00%"
"12/11/2024","15.50","15.40","15.50","15.20","0.72K","-1.59%"
"08/11/2024","15.75","15.75","15.75","15.75","0.03K","0.32%"
"07/11/2024","15.70","15.40","15.70","15.40","0.06K","2.28%"
"06/11/2024","15.35","15.35","15.35","15.35","0.13K","0.00%"
"05/11/2024","15.35","15.40","15.40","15.35","0.53K","0.33%"
"04/11/2024","15.30","16.00","16.00","15.20","0.37K","-5.26%"
"31/10/2024","16.15","15.80","16.15","15.60","0.20K","2.22%"
"30/10/2024","15.80","15.85","16.00","15.75","0.29K","-2.77%"
"29/10/2024","16.25","16.20","16.25","15.60","0.55K","0.31%"
"28/10/2024","16.20","16.60","16.60","16.20","0.22K","-2.99%"
"25/10/2024","16.70","16.70","16.70","16.35","0.00K","0.60%"
"24/10/2024","16.60","16.70","16.70","16.60","0.01K","-1.19%"
"22/10/2024","16.80","16.35","16.80","16.35","0.00K","0.00%"
"21/10/2024","16.80","16.35","16.80","16.35","0.03K","-0.30%"
"17/10/2024","16.85","16.85","16.85","16.20","0.68K","-0.30%"
"15/10/2024","16.90","16.90","16.90","16.70","0.09K","0.00%"
"14/10/2024","16.90","16.90","16.90","16.90","0.01K","-0.29%"
"11/10/2024","16.95","17.00","17.00","16.70","0.11K","-0.29%"
"10/10/2024","17.00","16.95","17.00","16.90","0.69K","0.29%"
"09/10/2024","16.95","17.15","17.15","16.95","0.02K","-1.17%"
"08/10/2024","17.15","17.15","17.15","17.15","0.01K","0.00%"
"07/10/2024","17.15","16.95","17.15","16.95","0.10K","-0.87%"
"04/10/2024","17.30","17.30","17.30","17.00","1.19K","0.00%"
"03/10/2024","17.30","17.15","17.30","17.15","2.09K","-0.57%"
"02/10/2024","17.40","17.20","17.40","17.20","0.27K","-1.14%"
"01/10/2024","17.60","17.25","17.60","17.20","0.07K","-0.28%"
"30/09/2024","17.65","17.35","17.65","17.35","0.53K","2.02%"
"27/09/2024","17.30","17.65","17.65","17.00","0.35K","1.76%"
"26/09/2024","17.00","17.60","17.60","17.00","1.63K","-5.03%"
"24/09/2024","17.90","18.00","18.00","17.90","0.37K","-0.56%"
"23/09/2024","18.00","18.05","18.05","17.90","0.17K","-1.10%"
"20/09/2024","18.20","18.30","18.40","17.90","1.51K","3.41%"
"19/09/2024","17.60","17.65","17.65","17.10","0.24K","0.57%"
"18/09/2024","17.50","17.40","17.50","17.35","1.41K","3.86%"
"17/09/2024","16.85","16.80","17.40","16.80","1.23K","0.30%"
"16/09/2024","16.80","16.65","16.80","16.50","1.47K","-0.59%"
"12/09/2024","16.90","17.00","17.00","16.65","0.14K","0.00%"
"11/09/2024","16.90","17.15","17.15","16.90","0.13K","-1.46%"
"10/09/2024","17.15","16.80","17.15","16.80","0.31K","1.78%"
"09/09/2024","16.85","16.95","17.20","16.85","0.36K","-0.59%"
"06/09/2024","16.95","17.20","17.20","16.30","0.48K","-3.42%"
"05/09/2024","17.55","17.50","17.55","17.50","1.53K","0.57%"
"04/09/2024","17.45","17.55","17.55","17.20","0.17K","-0.29%"
"03/09/2024","17.50","17.30","17.50","17.30","0.31K","0.00%"
"02/09/2024","17.50","17.55","17.55","17.20","0.07K","0.00%"
"30/08/2024","17.50","17.50","17.55","17.50","0.34K","0.00%"
"29/08/2024","17.50","17.35","17.55","17.15","0.61K","0.86%"
"28/08/2024","17.35","17.30","17.35","17.30","0.33K","-0.29%"
"27/08/2024","17.40","17.15","17.40","17.15","0.15K","0.00%"
"26/08/2024","17.40","17.45","17.50","17.05","0.78K","-0.29%"
"23/08/2024","17.45","17.00","17.45","17.00","4.59K","2.65%"
"22/08/2024","17.00","17.20","17.20","17.00","1.41K","-0.29%"
"21/08/2024","17.05","17.10","17.10","17.00","1.28K","-0.87%"
"20/08/2024","17.20","17.30","17.30","17.00","1.91K","-0.58%"
"19/08/2024","17.30","17.05","17.30","16.95","0.89K","-0.29%"
"16/08/2024","17.35","17.35","17.35","17.35","0.01K","1.46%"
"14/08/2024","17.10","17.10","17.10","17.00","3.25K","-1.72%"
"13/08/2024","17.40","17.45","17.45","17.10","0.10K","-0.29%"
"12/08/2024","17.45","17.55","17.55","16.90","0.46K","-0.57%"
"09/08/2024","17.55","17.50","17.55","16.90","0.02K","0.00%"
"08/08/2024","17.55","17.05","17.55","16.70","1.00K","2.93%"
"07/08/2024","17.05","16.95","17.10","16.60","1.52K","2.71%"
"06/08/2024","16.60","16.40","17.10","16.40","2.17K","1.22%"
"05/08/2024","16.40","17.25","17.25","16.20","1.89K","-5.48%"
"02/08/2024","17.35","16.85","17.55","16.85","4.44K","-0.29%"
"01/08/2024","17.40","16.85","17.45","16.85","0.49K","1.46%"
"31/07/2024","17.15","17.00","17.15","16.85","0.58K","0.88%"
"30/07/2024","17.00","16.80","17.15","16.70","2.04K","3.03%"
"29/07/2024","16.50","16.75","16.75","16.50","0.08K","-1.79%"
"26/07/2024","16.80","16.70","16.80","16.70","0.62K","0.90%"
"25/07/2024","16.65","16.50","16.70","16.50","1.44K","0.91%"
"24/07/2024","16.50","16.70","16.70","16.50","0.42K","-1.20%"
"23/07/2024","16.70","16.50","16.80","16.50","1.54K","-0.60%"
"22/07/2024","16.80","16.55","16.80","16.55","0.35K","1.51%"
"19/07/2024","16.55","16.25","16.55","16.25","0.13K","1.85%"
"18/07/2024","16.25","16.45","16.55","16.25","1.02K","-1.22%"
"17/07/2024","16.45","16.55","16.55","16.45","2.57K","0.00%"
"16/07/2024","16.45","16.60","16.65","16.45","0.77K","-0.30%"
"15/07/2024","16.50","16.70","16.70","16.25","0.23K","0.00%"
"12/07/2024","16.50","16.70","16.70","16.40","0.18K","-1.20%"
"11/07/2024","16.70","16.70","16.80","16.45","0.16K","0.60%"
"10/07/2024","16.60","16.65","16.75","16.25","0.67K","-0.30%"
"09/07/2024","16.65","16.45","16.65","16.45","0.56K","1.22%"
"08/07/2024","16.45","16.45","16.45","16.45","0.08K","0.00%"
"05/07/2024","16.45","16.45","16.45","16.20","0.03K","1.54%"
"04/07/2024","16.20","16.65","16.65","16.05","1.07K","-2.70%"
"03/07/2024","16.65","16.50","16.65","16.20","0.44K","0.00%"
"02/07/2024","16.65","16.40","16.65","16.25","0.05K","0.91%"
"01/07/2024","16.50","16.40","16.85","16.20","0.59K","2.48%"
"28/06/2024","16.10","16.30","16.40","16.00","0.10K","0.63%"
"27/06/2024","16.00","16.20","16.30","16.00","0.28K","0.63%"
"26/06/2024","15.90","15.90","16.00","15.90","1.35K","-1.85%"
"25/06/2024","16.20","16.00","16.20","16.00","0.12K","1.25%"
"24/06/2024","16.00","15.75","16.00","15.70","1.91K","1.91%"
"21/06/2024","15.70","15.70","15.80","15.65","0.16K","-0.63%"
"20/06/2024","15.80","15.70","15.80","15.70","0.40K","0.64%"
"19/06/2024","15.70","15.80","16.00","15.70","2.19K","0.32%"
"18/06/2024","15.65","16.00","16.00","15.40","2.26K","0.32%"
"17/06/2024","15.60","15.95","16.15","15.60","0.43K","-0.32%"
"14/06/2024","15.65","15.85","16.00","15.65","1.44K","-3.10%"
"13/06/2024","16.15","15.80","16.15","15.75","0.80K","0.94%"
"12/06/2024","16.00","16.00","16.00","16.00","0.19K","0.00%"
"11/06/2024","16.00","16.00","16.00","15.80","0.44K","0.00%"
"10/06/2024","16.00","16.20","16.20","16.00","0.01K","-1.23%"
"07/06/2024","16.20","16.10","16.20","16.05","0.82K","0.00%"
"05/06/2024","16.20","16.05","16.20","16.05","0.82K","0.31%"
"04/06/2024","16.15","16.30","16.30","16.05","0.68K","-0.92%"
"03/06/2024","16.30","16.20","16.30","16.00","0.33K","0.00%"
"31/05/2024","16.30","16.30","16.30","16.30","0.15K","1.24%"
"29/05/2024","16.10","16.45","16.75","16.10","0.80K","-3.88%"
"28/05/2024","16.75","16.45","16.75","16.45","0.09K","1.52%"
"27/05/2024","16.50","16.90","16.90","16.40","0.38K","-2.37%"
"24/05/2024","16.90","17.00","17.00","16.35","0.14K","-0.88%"
"23/05/2024","17.05","16.10","17.10","16.10","1.57K","5.90%"
"22/05/2024","16.10","16.00","16.10","16.00","1.50K","0.63%"
"21/05/2024","16.00","16.00","16.00","15.90","0.42K","-0.31%"
"20/05/2024","16.05","16.15","16.15","15.65","2.79K","-1.53%"
"17/05/2024","16.30","15.60","16.30","15.35","4.92K","-3.55%"
"16/05/2024","16.90","16.50","17.05","16.50","0.24K","-0.29%"
"15/05/2024","16.95","16.30","17.05","16.25","1.46K","2.73%"
"14/05/2024","16.50","16.15","16.80","16.15","1.50K","2.17%"
"13/05/2024","16.15","15.70","16.20","15.20","2.56K","3.19%"
"10/05/2024","15.65","15.60","15.65","15.35","0.86K","0.32%"
"09/05/2024","15.60","15.70","15.70","15.35","0.80K","-0.32%"
"08/05/2024","15.65","15.50","15.95","15.50","1.64K","-0.95%"
"07/05/2024","15.80","15.80","15.80","15.75","0.81K","1.94%"
"06/05/2024","15.50","15.70","15.70","15.50","3.13K","-1.90%"
"02/05/2024","15.80","15.60","15.80","15.50","1.76K","-0.94%"
"30/04/2024","15.95","15.95","15.95","15.60","1.31K","0.00%"
"29/04/2024","15.95","16.00","16.00","15.75","0.05K","-0.31%"
"26/04/2024","16.00","15.95","16.00","15.75","1.70K","0.31%"
"25/04/2024","15.95","15.60","15.95","15.45","1.32K","1.59%"
"24/04/2024","15.70","15.40","15.70","15.40","1.60K","0.32%"
"23/04/2024","15.65","15.65","15.65","15.30","3.43K","-0.32%"
"22/04/2024","15.70","16.00","16.00","15.20","10.70K","-3.98%"
"19/04/2024","16.35","16.95","16.95","15.75","6.26K","-3.82%"
"18/04/2024","17.00","16.30","17.10","16.30","1.48K","5.26%"
"17/04/2024","16.15","16.00","16.15","16.00","0.62K","0.94%"
"16/04/2024","16.00","16.15","16.40","16.00","1.41K","-1.84%"
"15/04/2024","16.30","16.65","16.90","16.15","2.23K","-2.10%"
"12/04/2024","16.65","17.50","17.60","16.40","4.94K","-3.76%"
"11/04/2024","17.30","17.45","17.45","17.20","1.24K","-0.57%"
"10/04/2024","17.40","17.60","17.60","16.80","1.95K","-1.14%"
"09/04/2024","17.60","17.30","17.60","17.30","1.13K","1.73%"
"08/04/2024","17.30","17.05","17.30","17.00","0.87K","-0.57%"
"05/04/2024","17.40","17.30","17.40","16.90","0.50K","0.58%"
"04/04/2024","17.30","16.95","17.30","16.70","2.04K","1.76%"
"03/04/2024","17.00","17.25","17.25","16.90","0.52K","-2.02%"
"02/04/2024","17.35","16.90","18.25","16.80","3.05K","-0.86%"
"28/03/2024","17.50","17.20","17.50","17.20","2.06K","-0.57%"
"27/03/2024","17.60","17.20","17.60","17.20","0.24K","2.33%"
"26/03/2024","17.20","16.80","17.70","16.80","0.98K","1.78%"
"25/03/2024","16.90","16.70","17.20","16.70","0.34K","0.00%"
"22/03/2024","16.90","17.20","17.20","16.70","1.60K","-3.98%"
"21/03/2024","17.60","17.40","17.60","17.40","0.38K","1.15%"
"20/03/2024","17.40","17.50","17.50","17.20","0.59K","-1.69%"
"19/03/2024","17.70","17.50","17.70","17.30","0.23K","0.00%"
"18/03/2024","17.70","17.60","17.70","17.60","0.52K","1.72%"
"15/03/2024","17.40","17.90","18.20","17.40","2.12K","-3.33%"
"14/03/2024","18.00","18.00","18.00","18.00","0.05K","0.00%"
"13/03/2024","18.00","18.30","18.30","18.00","0.45K","-2.70%"
"12/03/2024","18.50","18.50","18.50","18.20","0.22K","0.00%"
"11/03/2024","18.50","18.30","18.50","17.80","0.72K","1.09%"
"08/03/2024","18.30","17.90","18.40","17.90","0.50K","2.23%"
"07/03/2024","17.90","18.10","18.30","17.90","2.69K","-1.10%"
"06/03/2024","18.10","18.30","18.30","18.10","0.28K","-0.55%"
"05/03/2024","18.20","18.00","18.20","18.00","0.52K","-0.55%"
"04/03/2024","18.30","17.60","18.30","17.60","1.82K","4.57%"
"01/03/2024","17.50","18.20","18.30","17.30","7.19K","-4.37%"
"29/02/2024","18.30","18.50","18.50","18.30","0.03K","-1.08%"
"28/02/2024","18.50","18.30","18.60","18.30","0.16K","-0.54%"
"27/02/2024","18.60","18.20","18.60","18.20","1.64K","2.20%"
"26/02/2024","18.20","18.80","18.80","18.10","2.45K","-2.67%"
"23/02/2024","18.70","18.60","18.70","18.40","1.15K","-1.06%"
"22/02/2024","18.90","18.70","18.90","18.30","2.23K","-0.53%"
"21/02/2024","19.00","18.70","19.00","18.50","0.77K","0.00%"
"20/02/2024","19.00","19.50","19.50","18.90","4.60K","-2.56%"
"19/02/2024","19.50","19.50","19.70","19.30","3.73K","-1.52%"
"16/02/2024","19.80","18.30","19.80","18.30","11.19K","10.00%"
"15/02/2024","18.00","18.50","18.50","17.80","8.19K","-4.76%"
"14/02/2024","18.90","18.90","19.00","18.90","1.30K","-0.53%"
"13/02/2024","19.00","18.90","19.00","18.50","1.60K","0.53%"
"12/02/2024","18.90","19.10","19.60","18.60","3.63K","-1.05%"
"09/02/2024","19.10","20.00","20.00","19.10","1.66K","-4.50%"
"08/02/2024","20.00","20.80","20.80","19.70","1.61K","-2.91%"
"07/02/2024","20.60","20.60","20.80","20.40","1.62K","0.00%"
"06/02/2024","20.60","20.20","20.60","20.00","2.82K","0.00%"
"05/02/2024","20.60","20.60","20.60","20.20","0.09K","0.00%"
"02/02/2024","20.60","20.60","20.60","20.40","1.02K","0.00%"
"01/02/2024","20.60","20.40","20.60","20.40","0.53K","3.00%"
"31/01/2024","20.00","20.40","20.40","20.00","0.30K","-1.96%"
"30/01/2024","20.40","20.20","20.60","20.00","2.37K","0.99%"
"29/01/2024","20.20","19.90","20.20","19.50","7.05K","1.51%"
"26/01/2024","19.90","19.70","20.00","19.30","11.77K","0.51%"
"25/01/2024","19.80","18.60","19.80","18.60","9.53K","6.45%"
"24/01/2024","18.60","18.70","19.00","18.50","2.78K","-0.53%"
"23/01/2024","18.70","18.40","18.70","18.00","1.52K","2.19%"
"22/01/2024","18.30","18.70","18.70","18.30","2.31K","-2.14%"
"19/01/2024","18.70","18.20","18.70","18.20","0.76K","0.00%"
"18/01/2024","18.70","18.80","18.80","18.10","1.43K","-0.53%"
"17/01/2024","18.80","18.90","18.90","18.80","0.60K","1.08%"
"16/01/2024","18.60","18.00","18.90","18.00","3.80K","1.64%"
"15/01/2024","18.30","17.90","18.30","17.60","13.09K","1.67%"
"12/01/2024","18.00","18.00","18.00","18.00","0.45K","0.00%"
"11/01/2024","18.00","18.00","18.00","17.30","3.08K","1.69%"
"10/01/2024","17.70","18.20","18.20","17.70","0.99K","-2.75%"
"09/01/2024","18.20","17.70","18.20","17.70","3.67K","5.81%"
"08/01/2024","17.20","17.60","17.60","17.20","0.90K","-2.82%"
"05/01/2024","17.70","17.40","17.70","17.30","2.62K","0.00%"
"04/01/2024","17.70","17.70","17.80","17.40","0.78K","-0.56%"
"03/01/2024","17.80","17.80","18.30","17.50","4.93K","-2.73%"
"02/01/2024","18.30","17.00","18.30","16.80","13.59K","8.28%"
"29/12/2023","16.90","16.90","16.90","16.50","0.50K","0.60%"
"28/12/2023","16.80","16.50","16.80","16.50","0.77K","1.82%"
"27/12/2023","16.50","15.50","16.50","15.30","2.08K","7.84%"
"22/12/2023","15.30","15.60","15.80","15.30","0.34K","-1.92%"
"21/12/2023","15.60","15.40","15.70","15.40","0.98K","-0.64%"
"20/12/2023","15.70","15.50","15.70","15.10","2.61K","1.29%"
"19/12/2023","15.50","15.70","15.70","15.30","0.15K","-1.27%"
"18/12/2023","15.70","15.50","15.70","15.50","0.64K","1.95%"
"15/12/2023","15.40","15.00","15.40","14.80","3.03K","0.65%"
"14/12/2023","15.30","15.20","15.30","15.20","0.40K","0.66%"
"13/12/2023","15.20","15.20","15.20","14.80","5.21K","1.33%"
"12/12/2023","15.00","15.60","15.80","15.00","1.14K","-3.85%"
"11/12/2023","15.60","15.70","15.70","15.20","0.26K","0.00%"
"08/12/2023","15.60","15.50","15.60","15.50","1.03K","1.30%"
"07/12/2023","15.40","15.20","15.40","15.20","0.27K","-0.65%"
"06/12/2023","15.50","15.00","15.50","15.00","1.94K","2.65%"
"05/12/2023","15.10","15.10","15.10","15.10","0.00K","-0.66%"
"04/12/2023","15.20","15.10","15.20","15.00","0.39K","0.66%"
"01/12/2023","15.10","15.40","15.40","14.70","2.08K","0.00%"
"30/11/2023","15.10","15.10","15.10","15.10","0.64K","0.00%"
"29/11/2023","15.10","15.20","15.20","15.10","2.34K","-3.21%"
"28/11/2023","15.60","15.60","15.60","15.60","1.37K","-0.64%"
"27/11/2023","15.70","16.20","16.20","15.60","3.66K","-1.26%"
"24/11/2023","15.90","16.20","16.20","15.80","1.17K","-3.05%"
"23/11/2023","16.40","16.50","16.50","15.80","0.32K","2.50%"
"22/11/2023","16.00","16.50","16.50","16.00","4.51K","-1.84%"
"21/11/2023","16.30","16.00","16.40","15.90","4.77K","1.87%"
"20/11/2023","16.00","15.40","16.40","15.40","18.35K","4.58%"
"17/11/2023","15.30","15.00","15.50","14.90","12.91K","8.51%"
"16/11/2023","14.10","14.60","14.60","14.10","0.79K","-2.08%"
"15/11/2023","14.40","14.30","14.40","14.10","0.94K","0.70%"
"14/11/2023","14.30","14.30","14.40","13.90","1.20K","-0.69%"
"13/11/2023","14.40","14.40","14.50","14.30","1.72K","1.41%"
"10/11/2023","14.20","14.20","14.20","14.20","0.66K","0.00%"
"09/11/2023","14.20","14.30","14.30","14.20","1.62K","-2.74%"
"08/11/2023","14.60","14.60","14.60","14.40","0.58K","0.00%"
"07/11/2023","14.60","14.30","14.80","14.30","0.19K","-1.35%"
"06/11/2023","14.80","14.40","14.80","14.30","0.97K","2.78%"
"03/11/2023","14.40","14.40","14.40","14.40","0.01K","0.00%"
"02/11/2023","14.40","14.30","14.40","14.30","1.05K","0.00%"
"31/10/2023","14.40","14.40","14.50","14.40","0.91K","0.00%"
"30/10/2023","14.40","14.80","14.90","14.40","0.37K","-2.70%"
"27/10/2023","14.80","14.40","14.80","14.40","0.06K","1.37%"
"26/10/2023","14.60","14.20","14.60","14.20","2.01K","2.10%"
"25/10/2023","14.30","13.90","14.30","13.90","1.56K","2.14%"
"24/10/2023","14.00","14.10","14.10","14.00","2.28K","-2.10%"
"23/10/2023","14.30","14.20","14.40","14.10","1.38K","0.70%"
"20/10/2023","14.20","14.20","14.20","14.20","0.30K","-1.39%"
"19/10/2023","14.40","14.20","14.40","14.00","0.87K","-1.37%"
"18/10/2023","14.60","14.60","14.60","14.60","0.21K","0.00%"
"17/10/2023","14.60","14.40","14.60","14.20","0.89K","1.39%"
"16/10/2023","14.40","14.30","14.70","14.10","3.78K","0.70%"
"13/10/2023","14.30","14.50","14.50","14.30","0.20K","-1.38%"
"12/10/2023","14.50","14.30","14.50","14.30","0.99K","0.00%"
"11/10/2023","14.50","14.10","14.50","14.10","0.45K","0.69%"
"10/10/2023","14.40","14.30","14.40","14.30","0.40K","0.70%"
"09/10/2023","14.30","14.60","14.90","14.00","5.32K","-3.38%"
"06/10/2023","14.80","14.80","14.90","14.70","0.48K","0.00%"
"05/10/2023","14.80","14.90","14.90","14.80","3.94K","0.68%"
"04/10/2023","14.70","14.90","14.90","14.70","1.66K","0.00%"
"03/10/2023","14.70","15.00","15.20","14.70","2.78K","-2.00%"
"02/10/2023","15.00","15.40","15.50","15.00","1.10K","-0.66%"
"29/09/2023","15.10","15.30","15.30","15.10","0.38K","-1.95%"
"28/09/2023","15.40","15.40","15.50","15.00","2.61K","1.32%"
"27/09/2023","15.20","15.50","15.50","15.00","12.54K","1.33%"
"26/09/2023","15.00","14.80","15.00","14.30","6.29K","2.04%"
"25/09/2023","14.70","14.20","14.90","14.20","11.33K","6.52%"
"22/09/2023","13.80","13.80","13.80","13.70","10.40K","0.00%"
"21/09/2023","13.80","13.70","13.80","13.50","2.33K","0.00%"
"20/09/2023","13.80","13.80","13.80","13.80","0.00K","0.73%"
"19/09/2023","13.70","13.60","13.70","13.60","0.05K","-0.72%"
"18/09/2023","13.80","13.80","13.80","13.60","2.54K","0.00%"
"15/09/2023","13.80","13.50","13.80","13.50","1.77K","0.00%"
"14/09/2023","13.80","13.50","13.80","13.50","0.30K","0.00%"
"13/09/2023","13.80","13.60","13.80","13.60","5.21K","0.00%"
"12/09/2023","13.80","13.40","13.80","13.40","0.33K","0.73%"
"11/09/2023","13.70","13.80","13.80","13.20","1.29K","-4.86%"
"08/09/2023","14.40","15.30","15.30","13.80","9.97K","-5.26%"
"07/09/2023","15.20","15.30","15.30","14.90","0.26K","1.33%"
"06/09/2023","15.00","15.50","15.60","15.00","4.00K","-2.60%"
"05/09/2023","15.40","15.50","15.50","15.40","0.05K","-0.65%"
"04/09/2023","15.50","15.10","15.50","14.70","7.82K","2.65%"
"01/09/2023","15.10","15.00","15.10","15.00","0.24K","0.00%"
"31/08/2023","15.10","14.70","15.10","14.70","2.65K","2.72%"
"30/08/2023","14.70","14.50","14.70","14.40","0.36K","0.68%"
"28/08/2023","14.60","14.60","14.60","14.60","0.17K","0.00%"
"22/08/2023","14.60","14.60","14.60","14.60","0.01K","0.00%"
"21/08/2023","14.60","14.50","14.60","14.50","0.07K","2.10%"
"18/08/2023","14.30","14.60","14.70","14.10","5.76K","-1.38%"
"17/08/2023","14.50","14.20","14.50","14.20","0.06K","0.00%"
"16/08/2023","14.50","14.60","14.60","14.20","0.44K","-0.68%"
"14/08/2023","14.60","14.40","14.60","14.40","0.23K","2.10%"
"11/08/2023","14.30","14.40","14.40","14.30","0.44K","-2.05%"
"10/08/2023","14.60","14.60","14.60","14.60","0.02K","1.39%"
"09/08/2023","14.40","14.60","14.60","14.40","0.25K","-0.69%"
"08/08/2023","14.50","14.50","14.50","14.40","0.38K","0.00%"
"07/08/2023","14.50","14.50","14.50","14.50","0.19K","0.00%"
"04/08/2023","14.50","14.50","14.50","14.50","0.21K","-0.68%"
"03/08/2023","14.60","14.60","14.60","14.60","0.25K","0.00%"
"02/08/2023","14.60","14.60","14.60","14.60","0.07K","0.00%"
"01/08/2023","14.60","15.00","15.00","14.60","1.07K","-0.68%"
"31/07/2023","14.70","15.00","15.00","14.70","0.96K","-2.00%"
"28/07/2023","15.00","15.10","15.10","15.00","0.10K","0.00%"
"27/07/2023","15.00","15.00","15.00","15.00","0.10K","-0.66%"
"26/07/2023","15.10","15.00","15.10","14.70","1.20K","0.67%"
"25/07/2023","15.00","15.00","15.00","15.00","0.18K","-1.32%"
"19/07/2023","15.20","15.20","15.20","15.20","0.17K","1.33%"
"18/07/2023","15.00","14.70","15.00","14.70","0.84K","2.04%"
"14/07/2023","14.70","14.20","14.70","14.20","0.56K","2.08%"
"13/07/2023","14.40","14.00","14.40","14.00","1.83K","0.00%"
"12/07/2023","14.40","14.30","14.40","14.00","3.75K","0.70%"
"11/07/2023","14.30","14.40","14.40","14.20","0.30K","-0.69%"
"10/07/2023","14.40","14.50","14.50","14.40","0.38K","-0.69%"
"05/07/2023","14.50","14.50","14.50","14.50","0.43K","-0.68%"
"03/07/2023","14.60","14.40","14.70","14.40","0.97K","1.39%"
"30/06/2023","14.40","14.30","14.40","14.30","0.32K","1.41%"
"29/06/2023","14.20","14.00","14.20","14.00","0.28K","1.43%"
"27/06/2023","14.00","14.10","14.20","14.00","0.65K","-1.41%"
"23/06/2023","14.20","14.30","14.30","14.20","0.25K","-1.39%"
"22/06/2023","14.40","14.40","14.40","14.40","0.12K","0.00%"
"21/06/2023","14.40","14.40","14.40","14.40","0.25K","-1.37%"
"19/06/2023","14.60","14.70","14.70","14.50","1.09K","0.00%"
"15/06/2023","14.60","14.80","14.80","14.60","0.42K","0.00%"
"14/06/2023","14.60","14.60","14.60","14.60","0.01K","0.69%"
"13/06/2023","14.50","14.70","14.70","14.50","0.25K","-2.68%"
"12/06/2023","14.90","14.90","14.90","14.80","2.76K","0.00%"
"09/06/2023","14.90","14.60","15.00","14.60","0.75K","-0.67%"
"07/06/2023","15.00","14.80","15.00","14.50","0.50K","-0.66%"
"06/06/2023","15.10","15.00","15.10","14.60","1.27K","0.67%"
"05/06/2023","15.00","14.90","15.00","14.50","1.38K","0.00%"
"02/06/2023","15.00","15.10","15.20","15.00","1.12K","-0.66%"
"01/06/2023","15.10","15.50","15.50","15.10","1.25K","-2.58%"
"31/05/2023","15.50","15.60","15.80","15.20","1.92K","-0.64%"
"30/05/2023","15.60","15.10","15.80","15.10","3.24K","6.12%"
"29/05/2023","14.70","14.90","14.90","14.60","0.61K","-2.00%"
"26/05/2023","15.00","15.00","15.00","15.00","0.01K","0.00%"
"25/05/2023","15.00","15.00","15.00","14.80","0.60K","0.00%"
"24/05/2023","15.00","15.30","15.40","15.00","1.31K","-4.46%"
"23/05/2023","15.70","15.50","15.70","15.30","1.39K","0.64%"
"22/05/2023","15.60","15.50","15.80","15.50","1.96K","0.65%"
"19/05/2023","15.50","15.00","15.60","14.50","31.91K","9.15%"
"18/05/2023","14.20","14.70","14.80","14.20","2.41K","-4.05%"
"17/05/2023","14.80","14.50","14.80","14.40","2.60K","3.50%"
"16/05/2023","14.30","14.30","14.50","14.20","0.79K","-3.38%"
"15/05/2023","14.80","14.70","14.80","14.70","1.76K","0.68%"
"12/05/2023","14.70","14.30","14.70","14.30","0.39K","1.38%"
"11/05/2023","14.50","14.50","14.50","14.50","0.30K","0.00%"
"10/05/2023","14.50","14.50","14.50","14.50","0.75K","-1.36%"
"09/05/2023","14.70","14.50","14.70","14.50","0.25K","2.80%"
"08/05/2023","14.30","14.30","14.30","14.30","0.10K","0.00%"
"05/05/2023","14.30","14.60","14.60","14.30","0.28K","-2.05%"
"04/05/2023","14.60","14.70","14.70","14.60","0.32K","-0.68%"
"02/05/2023","14.70","14.70","14.70","14.70","0.11K","2.80%"
"28/04/2023","14.30","14.70","14.80","14.30","1.43K","0.00%"
"27/04/2023","14.30","14.70","14.70","14.20","1.50K","-4.03%"
"26/04/2023","14.90","14.50","14.90","14.10","5.27K","1.36%"
"25/04/2023","14.70","14.60","14.70","14.30","5.60K","1.38%"
"24/04/2023","14.50","14.00","14.70","14.00","9.76K","4.32%"
"21/04/2023","13.90","13.40","13.90","13.40","4.39K","3.73%"
"20/04/2023","13.40","13.40","13.40","13.40","0.01K","0.00%"
"19/04/2023","13.40","13.00","13.40","13.00","0.27K","0.00%"
"18/04/2023","13.40","13.00","13.40","13.00","5.80K","3.08%"
"17/04/2023","13.00","12.60","13.00","12.60","2.29K","3.17%"
"14/04/2023","12.60","12.00","12.60","12.00","9.08K","8.62%"
"13/04/2023","11.60","11.40","11.60","11.40","0.35K","0.00%"
"12/04/2023","11.60","11.60","11.60","11.60","0.51K","-1.69%"
"11/04/2023","11.80","11.60","11.80","11.60","1.08K","1.72%"
"06/04/2023","11.60","11.60","11.60","11.60","0.86K","1.75%"
"05/04/2023","11.40","11.40","11.40","11.40","0.08K","-0.87%"
"04/04/2023","11.50","11.40","11.60","11.40","1.24K","0.00%"
"03/04/2023","11.50","11.50","11.50","11.50","0.12K","0.00%"
"30/03/2023","11.50","11.30","11.50","11.30","0.53K","1.77%"
"29/03/2023","11.30","11.30","11.30","11.30","0.09K","0.89%"
"28/03/2023","11.20","11.30","11.30","11.10","1.26K","0.00%"
"27/03/2023","11.20","11.20","11.20","11.20","0.25K","0.00%"
"24/03/2023","11.20","11.50","11.50","11.20","1.62K","-2.61%"
"23/03/2023","11.50","11.40","11.50","11.20","2.18K","0.88%"
"22/03/2023","11.40","11.20","11.40","11.10","1.64K","1.79%"
"21/03/2023","11.20","11.30","11.30","11.10","6.82K","-0.88%"
"20/03/2023","11.30","11.40","11.40","11.30","2.81K","-2.59%"
"17/03/2023","11.60","11.50","11.60","11.50","0.22K","0.87%"
"16/03/2023","11.50","11.60","11.60","11.50","0.70K","-1.71%"
"15/03/2023","11.70","11.90","12.00","11.70","0.60K","0.00%"
"14/03/2023","11.70","11.70","11.80","11.70","0.44K","0.86%"
"13/03/2023","11.60","11.80","11.80","11.60","1.09K","-1.69%"
"10/03/2023","11.80","11.80","11.80","11.80","0.07K","1.72%"
"08/03/2023","11.60","11.70","12.00","11.60","7.00K","1.75%"
"06/03/2023","11.40","11.70","11.70","11.40","0.06K","-2.56%"
"03/03/2023","11.70","11.80","11.80","10.80","17.77K","-0.85%"
"02/03/2023","11.80","11.10","12.20","11.10","11.91K","3.51%"
"01/03/2023","11.40","11.20","11.40","11.00","7.78K","0.00%"
"28/02/2023","11.40","11.20","11.40","11.00","7.70K","1.79%"
"27/02/2023","11.20","11.10","11.30","11.10","7.28K","0.00%"
"24/02/2023","11.20","11.10","11.20","11.10","3.91K","-1.75%"
"23/02/2023","11.40","11.10","11.40","11.10","2.68K","0.00%"
"22/02/2023","11.40","11.20","11.40","11.10","8.68K","0.00%"
"21/02/2023","11.40","11.40","11.40","11.40","0.00K","1.79%"
"20/02/2023","11.20","11.60","11.60","11.10","6.33K","-2.61%"
"17/02/2023","11.50","11.60","11.60","11.50","1.65K","0.00%"
"16/02/2023","11.50","11.50","11.50","11.50","0.54K","-3.36%"
"15/02/2023","11.90","11.30","11.90","11.30","2.28K","7.21%"
"13/02/2023","11.10","11.30","11.30","11.10","2.27K","-3.48%"
"10/02/2023","11.50","11.30","11.50","11.00","5.19K","2.68%"
"09/02/2023","11.20","11.50","11.50","11.20","2.54K","-2.61%"
"08/02/2023","11.50","11.20","11.50","11.00","5.18K","1.77%"
"07/02/2023","11.30","11.40","11.40","11.30","2.95K","-3.42%"
"06/02/2023","11.70","12.00","12.20","11.70","1.61K","-2.50%"
"03/02/2023","12.00","12.00","12.20","12.00","0.79K","0.00%"
"02/02/2023","12.00","11.10","12.00","11.10","1.62K","8.11%"
"01/02/2023","11.10","11.20","11.20","11.10","0.68K","-1.77%"
"30/01/2023","11.30","11.30","11.30","11.10","1.64K","0.00%"
"27/01/2023","11.30","11.30","11.30","11.30","0.07K","0.89%"
"26/01/2023","11.20","11.20","11.20","11.20","2.58K","0.00%"
"24/01/2023","11.20","11.40","11.40","11.10","6.46K","0.00%"
"20/01/2023","11.20","11.40","11.40","11.20","0.87K","-1.75%"
"19/01/2023","11.40","11.50","11.80","11.40","9.12K","-0.87%"
"18/01/2023","11.50","11.80","11.80","11.50","3.75K","-2.54%"
"17/01/2023","11.80","11.80","11.80","11.80","0.12K","2.61%"
"16/01/2023","11.50","11.80","11.80","11.50","2.50K","-2.54%"
"13/01/2023","11.80","11.80","11.80","11.80","0.05K","0.00%"
"11/01/2023","11.80","11.90","11.90","11.80","0.50K","-2.48%"
"10/01/2023","12.10","11.90","12.10","11.70","1.59K","1.68%"
"09/01/2023","11.90","11.90","11.90","11.90","1.69K","0.85%"
"05/01/2023","11.80","11.90","11.90","11.80","0.50K","-4.07%"
"04/01/2023","12.30","11.90","12.30","11.90","0.59K","4.24%"
"03/01/2023","11.80","11.80","11.80","11.80","2.06K","4.42%"
"02/01/2023","11.30","11.30","11.30","11.30","0.53K","0.89%"
"30/12/2022","11.20","11.20","11.20","11.20","1.50K","1.82%"
"28/12/2022","11.00","11.10","11.10","11.00","0.71K","-0.90%"
"27/12/2022","11.10","11.10","11.10","11.10","0.29K","-1.77%"
"22/12/2022","11.30","11.50","11.50","11.30","1.98K","0.89%"
"20/12/2022","11.20","11.10","11.20","11.00","25.08K","0.00%"
"19/12/2022","11.20","11.20","11.20","11.20","1.60K","0.00%"
"14/12/2022","11.20","11.20","11.20","11.20","0.27K","-2.61%"
"13/12/2022","11.50","11.20","11.50","11.10","2.55K","2.68%"
"12/12/2022","11.20","11.30","11.30","11.20","1.82K","-2.61%"
"08/12/2022","11.50","11.80","12.00","11.50","2.87K","0.00%"
"07/12/2022","11.50","11.50","11.50","11.50","0.14K","0.00%"
"06/12/2022","11.50","11.50","11.50","11.50","1.65K","-0.86%"
"05/12/2022","11.60","11.50","12.00","11.50","2.03K","0.87%"
"02/12/2022","11.50","11.10","11.60","11.10","2.87K","3.60%"
"01/12/2022","11.10","11.10","11.10","11.10","1.80K","-2.63%"
"30/11/2022","11.40","11.20","11.40","11.20","1.25K","1.79%"
"29/11/2022","11.20","11.20","11.30","11.20","1.30K","0.00%"
"28/11/2022","11.20","11.30","11.30","11.20","0.39K","0.00%"
"25/11/2022","11.20","11.30","11.60","11.20","2.08K","-3.45%"
"22/11/2022","11.60","11.30","11.60","11.30","6.71K","0.00%"
"21/11/2022","11.60","11.30","11.60","11.30","1.49K","2.65%"
"18/11/2022","11.30","11.40","11.40","11.00","2.13K","-0.88%"
"17/11/2022","11.40","11.50","11.50","11.40","2.00K","-0.87%"
"15/11/2022","11.50","11.40","11.50","11.40","0.29K","-0.86%"
"14/11/2022","11.60","11.30","11.60","11.30","0.67K","3.57%"
"10/11/2022","11.20","11.40","11.40","11.20","1.59K","-2.61%"
"09/11/2022","11.50","11.50","11.50","11.50","1.00K","-1.71%"
"08/11/2022","11.70","11.70","11.70","11.70","0.00K","1.74%"
"07/11/2022","11.50","11.30","11.50","11.30","0.24K","-1.71%"
"31/10/2022","11.70","11.70","11.70","11.70","0.12K","3.54%"
"26/10/2022","11.30","11.30","11.30","11.30","0.29K","0.89%"
"25/10/2022","11.20","11.40","11.40","11.20","0.16K","-4.27%"
"24/10/2022","11.70","11.70","11.70","11.70","0.15K","1.74%"
"21/10/2022","11.50","11.70","11.70","11.50","1.17K","0.00%"
"20/10/2022","11.50","11.70","11.70","11.50","1.65K","-4.17%"
"19/10/2022","12.00","11.50","12.00","11.50","1.65K","-1.64%"
"18/10/2022","12.20","11.80","12.20","11.50","1.22K","3.39%"
"17/10/2022","11.80","11.80","11.80","11.80","0.65K","1.72%"
"12/10/2022","11.60","11.80","11.80","11.60","1.68K","-3.33%"
"11/10/2022","12.00","12.00","12.00","12.00","0.15K","1.69%"
"10/10/2022","11.80","11.70","11.80","11.60","2.94K","0.00%"
"07/10/2022","11.80","11.80","11.80","11.80","0.64K","0.00%"
"06/10/2022","11.80","11.60","11.80","11.60","0.21K","0.00%"
"04/10/2022","11.80","11.80","11.80","11.70","1.79K","-0.84%"
"03/10/2022","11.90","11.80","11.90","11.80","2.29K","0.85%"
"30/09/2022","11.80","11.80","11.80","11.80","0.02K","0.00%"
"27/09/2022","11.80","11.80","11.80","11.80","0.64K","-4.07%"
"26/09/2022","12.30","12.30","12.30","12.30","0.07K","0.00%"
"23/09/2022","12.30","11.80","12.30","11.80","0.10K","4.24%"
"22/09/2022","11.80","12.00","12.00","10.80","1.90K","-4.84%"
"20/09/2022","12.40","12.40","12.40","12.40","1.00K","-3.88%"
"19/09/2022","12.90","12.90","12.90","12.90","0.00K","0.78%"
"15/09/2022","12.80","12.80","12.80","12.80","0.02K","1.59%"
"14/09/2022","12.60","12.70","12.70","12.50","1.60K","-0.79%"
"12/09/2022","12.70","12.70","12.70","12.70","0.07K","-2.31%"
"09/09/2022","13.00","13.00","13.00","13.00","0.58K","-3.70%"
"08/09/2022","13.50","12.80","13.50","12.80","1.32K","3.85%"
"05/09/2022","13.00","13.00","13.00","13.00","0.15K","0.00%"
"02/09/2022","13.00","12.40","13.00","12.40","1.07K","4.84%"
"01/09/2022","12.40","12.60","12.60","12.40","0.46K","-3.88%"
"30/08/2022","12.90","12.90","12.90","12.90","0.55K","0.00%"
"25/08/2022","12.90","12.90","12.90","12.90","0.15K","1.57%"
"24/08/2022","12.70","13.00","13.00","12.70","1.47K","-2.31%"
"22/08/2022","13.00","13.00","13.00","13.00","5.00K","-0.76%"
"19/08/2022","13.10","13.20","13.20","13.10","0.20K","0.77%"
"18/08/2022","13.00","12.90","13.00","12.90","0.04K","-0.76%"
"16/08/2022","13.10","13.00","13.10","13.00","2.57K","0.77%"
"08/08/2022","13.00","13.00","13.00","13.00","5.16K","0.00%"
"05/08/2022","13.00","13.10","13.10","13.00","1.41K","0.00%"
"04/08/2022","13.00","13.10","13.10","13.00","1.01K","0.00%"
"03/08/2022","13.00","13.00","13.00","13.00","2.07K","0.00%"
"02/08/2022","13.00","13.00","13.00","13.00","0.42K","0.00%"
"29/07/2022","13.00","13.00","13.00","13.00","1.60K","0.00%"
"28/07/2022","13.00","13.00","13.00","13.00","1.01K","0.00%"
"27/07/2022","13.00","12.60","13.00","12.60","0.25K","3.17%"
"26/07/2022","12.60","12.70","12.70","12.60","0.29K","-3.08%"
"25/07/2022","13.00","13.00","13.00","13.00","0.04K","0.00%"
"22/07/2022","13.00","13.00","13.00","13.00","0.09K","0.00%"
"21/07/2022","13.00","13.00","13.00","13.00","0.06K","0.00%"
"20/07/2022","13.00","13.00","13.00","13.00","0.27K","0.00%"
"13/07/2022","13.00","12.70","13.00","12.70","0.22K","2.36%"
"12/07/2022","12.70","12.70","12.70","12.70","0.03K","-2.31%"
"08/07/2022","13.00","13.00","13.00","13.00","0.00K","2.36%"
"06/07/2022","12.70","12.80","12.80","12.70","0.41K","-3.79%"
"05/07/2022","13.20","13.20","13.20","12.80","1.07K","0.00%"
"04/07/2022","13.20","13.20","13.20","13.20","0.10K","-2.22%"
"01/07/2022","13.50","13.20","13.50","13.20","0.89K","2.27%"
"29/06/2022","13.20","13.20","13.20","13.20","0.53K","3.12%"
"28/06/2022","12.80","12.80","12.80","12.80","0.06K","0.00%"
"27/06/2022","12.80","12.90","12.90","12.80","0.30K","-2.29%"
"24/06/2022","13.10","13.00","13.10","13.00","1.88K","0.00%"
"21/06/2022","13.10","12.80","13.10","12.80","0.03K","0.00%"
"17/06/2022","13.10","13.10","13.10","13.10","0.00K","0.77%"
"15/06/2022","13.00","13.00","13.00","13.00","0.82K","-0.76%"
"14/06/2022","13.10","13.00","13.10","13.00","0.48K","-0.76%"
"13/06/2022","13.20","13.00","13.20","13.00","0.93K","0.76%"
"08/06/2022","13.10","13.00","13.10","12.80","0.75K","0.77%"
"07/06/2022","13.00","13.00","13.00","13.00","2.57K","0.00%"
"06/06/2022","13.00","13.00","13.00","13.00","0.03K","-1.52%"
"03/06/2022","13.20","13.20","13.20","13.20","0.00K","3.12%"
"02/06/2022","12.80","12.80","12.80","12.80","0.07K","-3.03%"
"01/06/2022","13.20","13.20","13.20","13.10","0.67K","-2.22%"
"31/05/2022","13.50","13.40","13.50","13.40","0.09K","-0.74%"
"30/05/2022","13.60","13.20","13.70","13.20","2.94K","3.03%"
"27/05/2022","13.20","12.90","13.20","12.90","1.00K","3.12%"
"26/05/2022","12.80","12.60","12.80","12.60","3.55K","0.00%"
"25/05/2022","12.80","12.80","12.80","12.80","0.00K","3.23%"
"24/05/2022","12.40","12.80","12.90","12.40","0.62K","-3.13%"
"23/05/2022","12.80","12.90","12.90","12.80","0.52K","-0.78%"
"20/05/2022","12.90","12.90","13.00","12.90","0.80K","-0.77%"
"19/05/2022","13.00","12.90","13.00","12.90","1.60K","-2.26%"
"18/05/2022","13.30","13.00","13.30","12.90","1.51K","-0.75%"
"16/05/2022","13.40","13.00","13.40","13.00","0.09K","-0.74%"
"12/05/2022","13.50","13.50","13.50","13.50","0.00K","3.05%"
"10/05/2022","13.10","13.10","13.10","13.10","0.73K","-3.68%"
"05/05/2022","13.60","13.10","13.60","13.10","0.29K","0.00%"
"02/05/2022","13.60","13.60","13.60","13.60","0.07K","3.82%"
"29/04/2022","13.10","13.50","13.50","13.10","1.10K","-3.68%"
"27/04/2022","13.60","13.60","13.60","13.60","0.00K","1.49%"
"26/04/2022","13.40","13.40","13.40","13.40","0.33K","-3.60%"
"25/04/2022","13.90","13.50","13.90","13.50","0.74K","-0.71%"
"22/04/2022","14.00","13.40","14.00","13.40","0.10K","0.00%"
"21/04/2022","14.00","13.10","14.20","13.10","1.96K","4.48%"
"20/04/2022","13.40","13.20","13.60","13.20","1.01K","-1.47%"
"19/04/2022","13.60","13.30","13.60","13.20","0.83K","0.74%"
"14/04/2022","13.50","13.40","13.50","13.40","2.45K","1.50%"
"13/04/2022","13.30","13.30","13.30","13.30","0.11K","-1.12%"
"11/04/2022","13.45","13.45","13.45","13.45","0.10K","0.00%"
"07/04/2022","13.45","13.45","13.45","13.45","0.00K","1.89%"
"06/04/2022","13.20","13.30","13.30","13.20","1.78K","-2.22%"
"05/04/2022","13.50","13.50","13.50","13.50","0.22K","0.00%"
"01/04/2022","13.50","13.35","13.60","13.35","2.09K","0.75%"
"31/03/2022","13.40","13.40","13.40","13.40","0.08K","1.52%"
"30/03/2022","13.20","13.25","13.25","13.15","0.85K","-2.22%"
"28/03/2022","13.50","13.35","13.65","13.25","0.80K","-1.46%"
"25/03/2022","13.70","13.10","13.75","13.10","1.22K","4.18%"
"24/03/2022","13.15","13.30","13.30","13.15","0.16K","-1.13%"
"21/03/2022","13.30","13.20","13.30","13.20","0.15K","0.76%"
"18/03/2022","13.20","13.20","13.20","13.20","0.00K","1.54%"
"17/03/2022","13.00","13.00","13.00","13.00","1.65K","0.00%"
"16/03/2022","13.00","13.00","13.00","13.00","0.81K","0.00%"
"15/03/2022","13.00","12.90","13.00","12.90","0.91K","0.00%"
"09/03/2022","13.00","13.00","13.00","13.00","0.20K","0.00%"
"07/03/2022","13.00","13.00","13.00","12.75","2.41K","-0.76%"
"04/03/2022","13.10","13.20","13.20","13.10","2.00K","-1.13%"
"02/03/2022","13.25","13.25","13.25","13.25","0.15K","0.00%"
"28/02/2022","13.25","13.00","13.25","13.00","1.16K","1.53%"
"25/02/2022","13.05","13.05","13.05","13.05","0.00K","1.95%"
"24/02/2022","12.80","12.40","12.80","12.20","7.19K","-3.03%"
"23/02/2022","13.20","13.25","13.25","13.00","0.65K","0.76%"
"21/02/2022","13.10","13.15","13.60","12.90","6.30K","-0.38%"
"18/02/2022","13.15","13.15","13.15","13.15","0.22K","1.15%"
"17/02/2022","13.00","13.05","13.10","12.85","75.73K","-4.06%"
"16/02/2022","13.55","13.10","13.55","13.05","0.50K","3.44%"
"15/02/2022","13.10","13.00","13.60","13.00","2.92K","2.75%"
"14/02/2022","12.75","13.50","13.50","12.75","2.42K","-6.25%"
"11/02/2022","13.60","13.75","13.75","13.60","0.63K","-2.51%"
"10/02/2022","13.95","13.80","13.95","13.80","2.72K","-1.76%"
"09/02/2022","14.20","14.25","14.25","14.20","1.06K","0.71%"
"08/02/2022","14.10","13.85","14.10","13.80","0.98K","-0.70%"
"07/02/2022","14.20","14.20","14.25","14.20","0.45K","0.00%"
"04/02/2022","14.20","14.25","14.25","13.80","2.24K","-2.07%"
"03/02/2022","14.50","14.55","14.55","14.30","0.36K","-0.68%"
"02/02/2022","14.60","13.85","14.60","13.75","1.80K","4.66%"
"01/02/2022","13.95","13.80","13.95","13.65","1.62K","1.45%"
"31/01/2022","13.75","14.00","14.00","13.75","3.18K","-1.79%"
"28/01/2022","14.00","14.40","14.45","13.80","1.95K","-2.10%"
"27/01/2022","14.30","14.65","14.65","14.00","7.56K","-4.67%"
"26/01/2022","15.00","15.10","15.10","14.70","2.21K","0.00%"
"25/01/2022","15.00","15.30","15.30","15.00","2.14K","-0.66%"
"24/01/2022","15.10","15.60","15.60","14.25","2.54K","-5.03%"
"20/01/2022","15.90","16.40","16.40","15.90","1.35K","-2.45%"
"18/01/2022","16.30","16.55","17.00","15.75","1.07K","-4.12%"
"17/01/2022","17.00","17.00","17.00","17.00","0.00K","1.19%"
"14/01/2022","16.80","17.20","17.20","16.65","1.91K","-1.47%"
"13/01/2022","17.05","17.05","17.05","17.05","1.38K","0.00%"
"12/01/2022","17.05","17.15","17.15","17.05","0.53K","0.00%"
"11/01/2022","17.05","17.00","17.05","17.00","0.27K","0.29%"
"10/01/2022","17.00","17.05","17.05","16.55","0.98K","0.00%"
"07/01/2022","17.00","17.00","17.00","16.50","0.76K","0.29%"
"05/01/2022","16.95","16.75","16.95","16.70","0.52K","1.19%"
"04/01/2022","16.75","15.65","16.75","15.65","8.76K","7.03%"
"03/01/2022","15.65","14.95","15.65","14.95","1.74K","4.68%"
"30/12/2021","14.95","14.90","14.95","14.90","0.26K","1.01%"
"28/12/2021","14.80","14.80","14.80","14.80","0.53K","-0.67%"
"27/12/2021","14.90","14.80","14.90","14.80","0.52K","0.00%"
"23/12/2021","14.90","14.80","14.90","14.65","1.36K","-0.33%"
"22/12/2021","14.95","14.85","14.95","14.85","1.22K","2.40%"
"21/12/2021","14.60","14.60","14.60","14.60","0.24K","-1.02%"
"20/12/2021","14.75","14.75","14.75","14.75","1.11K","-1.67%"
"17/12/2021","15.00","15.00","15.00","15.00","0.60K","0.67%"
"16/12/2021","14.90","14.90","14.90","14.90","0.27K","0.00%"
"15/12/2021","14.90","14.80","14.90","14.70","1.22K","-0.67%"
"14/12/2021","15.00","15.10","15.20","14.80","1.56K","-0.33%"
"13/12/2021","15.05","14.95","15.05","14.95","4.23K","1.35%"
"10/12/2021","14.85","14.90","14.90","14.85","0.15K","-1.33%"
"08/12/2021","15.05","15.05","15.05","15.05","0.03K","0.33%"
"07/12/2021","15.00","15.00","15.00","15.00","0.10K","0.00%"
"06/12/2021","15.00","15.05","15.05","15.00","0.25K","-1.64%"
"02/12/2021","15.25","15.00","15.30","15.00","1.25K","1.67%"
"01/12/2021","15.00","15.05","15.05","14.75","0.15K","-0.66%"
"30/11/2021","15.10","14.70","15.15","14.70","1.32K","1.68%"
"29/11/2021","14.85","14.85","14.85","14.85","0.22K","0.00%"
"26/11/2021","14.85","14.80","14.85","14.60","1.83K","-3.88%"
"25/11/2021","15.45","15.45","15.45","15.45","0.22K","0.32%"
"24/11/2021","15.40","14.90","15.40","14.90","3.60K","2.67%"
"23/11/2021","15.00","14.60","15.05","14.40","1.63K","3.09%"
"22/11/2021","14.55","14.45","14.85","14.25","1.76K","-3.00%"
"19/11/2021","15.00","14.90","15.00","14.90","0.62K","1.69%"
"18/11/2021","14.75","14.75","14.75","14.45","1.43K","0.00%"
"17/11/2021","14.75","14.55","14.75","14.50","0.74K","1.03%"
"16/11/2021","14.60","14.80","14.80","14.60","0.50K","-2.34%"
"15/11/2021","14.95","14.80","14.95","14.60","0.82K","0.00%"
"12/11/2021","14.95","14.95","14.95","14.95","0.22K","1.70%"
"10/11/2021","14.70","14.95","15.05","14.70","1.96K","0.00%"
"09/11/2021","14.70","14.90","14.90","14.70","0.28K","-1.34%"
"08/11/2021","14.90","14.95","14.95","14.70","0.66K","-0.33%"
"05/11/2021","14.95","14.95","14.95","14.95","0.01K","0.00%"
"04/11/2021","14.95","14.85","14.95","14.70","0.92K","2.40%"
"03/11/2021","14.60","14.65","14.65","14.60","0.50K","-2.01%"
"29/10/2021","14.90","14.90","14.90","14.60","0.42K","0.00%"
"28/10/2021","14.90","14.90","14.90","14.60","0.65K","0.00%"
"27/10/2021","14.90","14.60","14.90","14.55","1.45K","2.05%"
"26/10/2021","14.60","14.85","14.90","14.60","1.73K","-2.01%"
"25/10/2021","14.90","14.90","14.90","14.90","0.07K","0.00%"
"22/10/2021","14.90","14.90","14.90","14.90","0.06K","1.71%"
"21/10/2021","14.65","14.65","14.65","14.65","0.06K","-2.01%"
"19/10/2021","14.95","14.90","14.95","14.90","0.22K","0.34%"
"18/10/2021","14.90","14.65","14.90","14.65","0.01K","2.05%"
"15/10/2021","14.60","14.70","14.70","14.60","0.70K","-2.67%"
"14/10/2021","15.00","14.65","15.00","14.65","2.11K","2.39%"
"13/10/2021","14.65","14.85","14.85","14.60","0.44K","-1.35%"
"12/10/2021","14.85","14.65","14.85","14.60","0.12K","0.00%"
"11/10/2021","14.85","14.85","14.85","14.65","0.70K","0.00%"
"08/10/2021","14.85","14.95","14.95","14.50","1.42K","-0.34%"
"07/10/2021","14.90","14.70","15.10","14.70","0.32K","-1.32%"
"06/10/2021","15.10","14.95","15.40","14.70","0.51K","-1.95%"
"05/10/2021","15.40","15.10","15.40","15.10","0.09K","-1.60%"
"04/10/2021","15.65","15.30","15.65","15.30","2.15K","2.29%"
"01/10/2021","15.30","15.00","15.30","15.00","0.10K","0.00%"
"30/09/2021","15.30","15.20","15.30","15.20","0.11K","0.66%"
"29/09/2021","15.20","15.20","15.30","14.95","3.61K","0.00%"
"28/09/2021","15.20","14.90","15.20","14.90","0.76K","0.00%"
"27/09/2021","15.20","14.90","15.20","14.80","0.68K","2.01%"
"24/09/2021","14.90","14.70","15.10","14.50","5.14K","1.36%"
"23/09/2021","14.70","14.50","14.70","14.50","0.26K","0.68%"
"22/09/2021","14.60","14.60","14.60","14.50","0.75K","0.69%"
"21/09/2021","14.50","14.50","14.60","14.50","0.60K","-0.34%"
"20/09/2021","14.55","15.05","15.05","14.55","0.71K","-3.32%"
"17/09/2021","15.05","14.90","15.65","14.70","5.40K","1.01%"
"16/09/2021","14.90","14.65","14.90","14.65","0.11K","0.00%"
"15/09/2021","14.90","14.85","14.90","14.85","0.10K","0.34%"
"14/09/2021","14.85","14.85","14.85","14.85","0.17K","0.68%"
"13/09/2021","14.75","14.75","14.75","14.75","0.05K","0.00%"
"10/09/2021","14.75","14.50","14.75","14.45","0.12K","-0.67%"
"09/09/2021","14.85","14.55","14.85","14.45","0.22K","-0.67%"
"08/09/2021","14.95","14.90","14.95","14.90","0.04K","0.00%"
"07/09/2021","14.95","14.90","14.95","14.45","0.17K","0.00%"
"06/09/2021","14.95","14.95","14.95","14.95","0.19K","0.00%"
"03/09/2021","14.95","14.90","14.95","14.90","0.08K","0.34%"
"02/09/2021","14.90","14.85","14.90","14.85","0.09K","0.34%"
"01/09/2021","14.85","14.70","14.85","14.70","0.55K","0.68%"
"31/08/2021","14.75","14.35","14.75","14.35","0.46K","-0.67%"
"30/08/2021","14.85","14.65","14.85","14.65","0.60K","1.37%"
"27/08/2021","14.65","14.90","14.90","14.35","0.15K","-2.01%"
"25/08/2021","14.95","14.45","14.95","14.45","0.04K","-0.33%"
"23/08/2021","15.00","14.75","15.00","14.75","1.61K","1.69%"
"20/08/2021","14.75","14.75","14.75","14.75","0.00K","1.72%"
"19/08/2021","14.50","14.50","14.50","14.50","0.78K","-1.69%"
"18/08/2021","14.75","14.80","14.80","14.75","0.14K","-1.34%"
"17/08/2021","14.95","14.95","14.95","14.50","0.42K","0.34%"
"16/08/2021","14.90","14.60","15.05","14.60","2.62K","-1.32%"
"12/08/2021","15.10","14.55","15.10","14.55","0.24K","-0.33%"
"11/08/2021","15.15","15.00","15.15","15.00","0.45K","0.33%"
"06/08/2021","15.10","14.50","15.10","14.50","0.05K","0.67%"
"05/08/2021","15.00","15.00","15.00","15.00","0.90K","-0.33%"
"03/08/2021","15.05","15.05","15.05","15.05","1.96K","0.00%"
"30/07/2021","15.05","15.00","15.05","15.00","0.38K","0.33%"
"29/07/2021","15.00","15.00","15.00","15.00","0.07K","-0.33%"
"28/07/2021","15.05","14.90","15.05","14.90","0.10K","0.00%"
"27/07/2021","15.05","15.00","15.10","15.00","0.27K","-0.33%"
"26/07/2021","15.10","14.55","15.10","14.55","0.19K","-1.95%"
"23/07/2021","15.40","14.65","15.50","14.60","5.44K","8.07%"
"22/07/2021","14.25","14.65","14.65","14.25","0.49K","-2.73%"
"21/07/2021","14.65","14.40","14.65","14.25","0.60K","1.38%"
"20/07/2021","14.45","14.65","14.65","14.45","0.08K","-1.37%"
"19/07/2021","14.65","14.55","14.65","14.45","0.91K","-1.01%"
"16/07/2021","14.80","14.80","14.80","14.80","0.05K","1.72%"
"15/07/2021","14.55","14.55","14.55","14.55","0.18K","-2.68%"
"14/07/2021","14.95","14.95","14.95","14.95","0.10K","0.00%"
"13/07/2021","14.95","14.95","14.95","14.95","0.31K","0.00%"
"12/07/2021","14.95","14.85","14.95","14.55","0.69K","1.36%"
"09/07/2021","14.75","14.70","14.75","14.70","0.07K","0.34%"
"08/07/2021","14.70","14.55","14.70","14.40","0.51K","-0.68%"
"07/07/2021","14.80","14.50","14.80","14.50","0.34K","-1.33%"
"06/07/2021","15.00","14.50","15.00","14.50","0.49K","3.45%"
"05/07/2021","14.50","14.90","14.90","14.50","0.44K","-2.36%"
"02/07/2021","14.85","14.85","14.85","14.85","0.13K","-0.34%"
"30/06/2021","14.90","14.70","14.95","14.70","1.66K","1.36%"
"28/06/2021","14.70","14.70","14.70","14.70","0.23K","-0.34%"
"25/06/2021","14.75","14.70","14.75","14.70","3.54K","-1.67%"
"24/06/2021","15.00","14.80","15.00","14.80","0.30K","-0.66%"
"22/06/2021","15.10","14.75","15.10","14.75","0.20K","0.67%"
"21/06/2021","15.00","14.70","15.00","14.70","0.69K","2.04%"
"18/06/2021","14.70","14.75","14.75","14.70","0.72K","-2.97%"
"16/06/2021","15.15","15.10","15.15","15.10","0.60K","0.00%"
"15/06/2021","15.15","15.00","15.15","14.65","5.24K","-0.66%"
"14/06/2021","15.25","14.90","15.25","14.90","1.26K","2.35%"
"11/06/2021","14.90","14.75","14.90","14.60","10.77K","0.68%"
"10/06/2021","14.80","14.65","14.80","14.65","0.17K","0.68%"
"09/06/2021","14.70","14.40","14.70","14.40","0.21K","2.08%"
"08/06/2021","14.40","14.20","14.40","14.20","0.23K","0.00%"
"07/06/2021","14.40","14.30","14.40","14.20","2.75K","0.70%"
"04/06/2021","14.30","14.25","14.75","14.10","12.16K","0.00%"
"02/06/2021","14.30","14.50","14.50","14.30","6.21K","-2.05%"
"01/06/2021","14.60","14.30","14.60","14.25","1.14K","1.39%"
"31/05/2021","14.40","14.60","15.00","14.40","27.19K","-4.00%"
"28/05/2021","15.00","15.35","15.90","14.50","11.80K","-3.85%"
"27/05/2021","15.60","15.70","15.95","15.60","1.48K","-0.64%"
"26/05/2021","15.70","15.70","15.70","15.70","0.03K","0.00%"
"25/05/2021","15.70","15.70","15.70","15.70","0.00K","0.64%"
"24/05/2021","15.60","15.20","15.60","15.20","2.16K","4.00%"
"21/05/2021","15.00","15.15","15.15","15.00","1.83K","-0.99%"
"20/05/2021","15.15","14.90","15.15","14.80","0.50K","-0.66%"
"19/05/2021","15.25","15.30","15.30","14.95","3.17K","-0.33%"
"18/05/2021","15.30","15.05","15.30","15.00","1.38K","0.33%"
"17/05/2021","15.25","15.10","15.25","14.70","2.74K","0.99%"
"14/05/2021","15.10","14.80","15.10","14.70","0.25K","0.67%"
"13/05/2021","15.00","14.70","15.00","14.55","3.31K","1.01%"
"12/05/2021","14.85","14.85","14.85","14.70","2.12K","-2.30%"
"11/05/2021","15.20","14.75","15.20","14.75","0.94K","0.00%"
"10/05/2021","15.20","14.75","15.20","14.75","1.06K","1.33%"
"07/05/2021","15.00","14.85","15.00","14.85","2.68K","0.67%"
"06/05/2021","14.90","14.65","14.95","14.65","0.63K","-0.33%"
"04/05/2021","14.95","14.95","14.95","14.95","0.00K","0.67%"
"30/04/2021","14.85","14.90","14.90","14.25","0.47K","-0.34%"
"29/04/2021","14.90","14.90","14.90","14.25","0.18K","0.00%"
"28/04/2021","14.90","14.50","14.90","14.50","9.07K","1.71%"
"27/04/2021","14.65","14.25","14.65","14.25","3.15K","2.45%"
"26/04/2021","14.30","14.05","14.30","14.00","0.38K","-1.04%"
"23/04/2021","14.45","14.05","14.45","13.90","3.22K","-2.36%"
"22/04/2021","14.80","14.65","14.80","14.15","0.55K","1.02%"
"21/04/2021","14.65","14.10","14.65","14.05","0.58K","3.90%"
"20/04/2021","14.10","15.60","15.60","14.05","9.06K","-9.03%"
"19/04/2021","15.50","15.60","15.65","15.20","2.29K","1.64%"
"16/04/2021","15.25","14.55","15.35","14.55","8.14K","4.81%"
"15/04/2021","14.55","14.45","14.70","14.10","2.72K","3.93%"
"14/04/2021","14.00","14.50","14.50","14.00","12.29K","-3.45%"
"13/04/2021","14.50","14.30","14.50","14.10","1.76K","1.40%"
"12/04/2021","14.30","14.70","14.70","14.30","2.97K","-0.69%"
"09/04/2021","14.40","14.20","14.70","14.20","2.15K","1.41%"
"08/04/2021","14.20","14.10","14.20","13.80","2.54K","-2.07%"
"07/04/2021","14.50","14.15","14.50","14.00","0.48K","-0.34%"
"06/04/2021","14.55","14.45","14.55","14.10","2.23K","0.69%"
"01/04/2021","14.45","14.10","14.45","14.00","0.19K","2.12%"
"31/03/2021","14.15","13.80","14.15","13.80","0.15K","2.54%"
"30/03/2021","13.80","13.80","13.80","13.80","0.16K","0.73%"
"29/03/2021","13.70","13.70","14.20","13.70","0.35K","-0.72%"
"26/03/2021","13.80","14.00","14.00","13.80","0.40K","-1.43%"
"25/03/2021","14.00","14.20","14.20","13.80","0.85K","-3.11%"
"24/03/2021","14.45","14.45","14.45","14.45","0.04K","1.76%"
"23/03/2021","14.20","13.85","14.20","13.75","0.84K","0.00%"
"22/03/2021","14.20","14.15","14.20","14.15","2.14K","-1.39%"
"19/03/2021","14.40","14.00","14.40","14.00","0.24K","-2.04%"
"17/03/2021","14.70","13.80","14.70","13.80","0.99K","0.34%"
"16/03/2021","14.65","14.65","14.65","14.65","0.00K","1.38%"
"15/03/2021","14.45","14.45","14.45","14.40","0.20K","0.00%"
"12/03/2021","14.45","13.75","14.45","13.75","0.08K","-0.34%"
"11/03/2021","14.50","13.70","14.50","13.70","0.22K","-0.68%"
"10/03/2021","14.60","13.80","14.60","13.80","0.30K","1.04%"
"08/03/2021","14.45","13.90","14.45","13.90","0.47K","-1.03%"
"05/03/2021","14.60","13.85","14.60","13.85","0.81K","0.00%"
"04/03/2021","14.60","14.30","14.60","14.30","1.32K","2.10%"
"03/03/2021","14.30","14.30","14.30","14.30","0.83K","0.00%"
"02/03/2021","14.30","13.90","14.30","13.20","1.25K","-0.35%"
"01/03/2021","14.35","14.35","14.35","13.90","0.50K","3.24%"
"26/02/2021","13.90","14.40","14.40","13.55","1.17K","-4.14%"
"25/02/2021","14.50","14.30","14.50","14.20","0.81K","0.00%"
"24/02/2021","14.50","14.95","14.95","14.50","0.13K","0.69%"
"23/02/2021","14.40","15.10","15.10","14.20","0.65K","-1.37%"
"22/02/2021","14.60","15.20","15.20","14.60","0.10K","0.00%"
"19/02/2021","14.60","15.10","15.15","14.60","0.95K","-2.67%"
"18/02/2021","15.00","15.00","15.40","14.70","2.91K","2.74%"
"17/02/2021","14.60","14.40","14.70","14.40","0.33K","1.39%"
"16/02/2021","14.40","14.20","14.40","14.15","1.06K","1.41%"
"15/02/2021","14.20","13.80","14.20","13.80","1.81K","1.07%"
"11/02/2021","14.05","13.60","14.05","13.60","1.52K","1.08%"
"10/02/2021","13.90","13.90","13.90","13.90","1.00K","1.46%"
"09/02/2021","13.70","13.70","13.70","13.70","0.80K","-1.08%"
"08/02/2021","13.85","13.85","13.85","13.85","0.70K","-0.72%"
"05/02/2021","13.95","14.00","14.00","13.95","0.13K","3.33%"
"04/02/2021","13.50","13.85","14.10","13.50","9.31K","-0.37%"
"03/02/2021","13.55","12.90","13.55","12.90","3.42K","3.04%"
"02/02/2021","13.15","12.80","13.15","12.60","0.51K","0.00%"
"01/02/2021","13.15","13.15","13.15","13.15","0.00K","3.14%"
"29/01/2021","12.75","13.15","13.15","12.75","1.25K","-2.30%"
"28/01/2021","13.05","12.50","13.05","12.20","8.70K","4.40%"
"27/01/2021","12.50","13.15","13.15","12.20","1.61K","-3.85%"
"26/01/2021","13.00","13.10","13.10","13.00","0.29K","-0.76%"
"25/01/2021","13.10","12.95","13.15","12.90","2.64K","1.55%"
"22/01/2021","12.90","12.90","12.90","12.70","1.66K","0.00%"
"21/01/2021","12.90","12.80","12.95","12.80","0.70K","1.98%"
"20/01/2021","12.65","12.70","12.80","12.50","4.51K","0.00%"
"19/01/2021","12.65","12.40","12.70","12.25","2.93K","3.27%"
"18/01/2021","12.25","12.10","12.25","11.70","2.44K","1.24%"
"15/01/2021","12.10","11.60","12.15","11.60","2.29K","0.00%"
"14/01/2021","12.10","11.60","12.10","11.60","1.18K","2.54%"
"13/01/2021","11.80","12.15","12.15","11.80","0.95K","-2.88%"
"12/01/2021","12.15","12.15","12.15","12.15","2.67K","2.10%"
"11/01/2021","11.90","12.00","12.20","11.85","1.86K","0.85%"
"08/01/2021","11.80","12.35","12.50","11.80","2.35K","-2.88%"
"07/01/2021","12.15","11.50","12.25","11.50","5.28K","5.65%"
"05/01/2021","11.50","10.95","11.50","10.95","3.67K","2.68%"
"04/01/2021","11.20","10.90","11.50","10.90","1.76K","5.66%"
"30/12/2020","10.60","10.60","10.60","10.60","0.30K","0.95%"
"29/12/2020","10.50","10.30","10.55","10.30","0.47K","0.00%"
"28/12/2020","10.50","10.35","10.60","9.82","3.91K","0.48%"
"23/12/2020","10.45","10.50","10.50","10.20","0.59K","1.46%"
"22/12/2020","10.30","10.45","10.45","10.00","3.05K","0.00%"
"21/12/2020","10.30","10.35","10.60","10.30","6.05K","-2.37%"
"18/12/2020","10.55","10.35","10.55","10.35","1.96K","-1.40%"
"17/12/2020","10.70","10.70","10.70","10.35","0.50K","0.00%"
"16/12/2020","10.70","10.35","10.70","10.35","0.51K","0.00%"
"15/12/2020","10.70","10.25","10.70","10.25","2.16K","1.90%"
"14/12/2020","10.50","10.45","10.50","10.40","1.06K","-0.47%"
"11/12/2020","10.55","10.90","10.90","10.45","2.47K","-6.22%"
"10/12/2020","11.25","10.90","11.25","10.80","3.89K","3.21%"
"09/12/2020","10.90","11.00","11.00","10.60","0.35K","3.32%"
"08/12/2020","10.55","11.00","11.00","10.55","1.32K","-3.21%"
"07/12/2020","10.90","10.90","10.90","10.90","0.10K","-5.22%"
"02/12/2020","11.50","10.70","11.50","10.70","0.68K","7.98%"
"01/12/2020","10.65","10.85","11.45","10.55","14.24K","-2.74%"
"30/11/2020","10.95","10.80","11.00","10.80","1.57K","1.39%"
"27/11/2020","10.80","10.90","10.90","10.80","0.12K","-0.92%"
"26/11/2020","10.90","10.45","10.95","10.30","2.35K","-0.91%"
"25/11/2020","11.00","10.60","11.35","10.45","1.14K","-3.51%"
"24/11/2020","11.40","11.40","11.40","11.40","0.20K","0.00%"
"23/11/2020","11.40","10.60","11.60","10.60","0.56K","8.06%"
"19/11/2020","10.55","10.55","10.55","10.55","0.19K","-1.40%"
"18/11/2020","10.70","10.65","11.70","10.45","2.22K","4.90%"
"17/11/2020","10.20","10.70","10.70","10.15","1.06K","-2.86%"
"16/11/2020","10.50","10.30","10.50","10.30","0.15K","1.45%"
"13/11/2020","10.35","9.80","10.35","9.80","0.30K","1.47%"
"12/11/2020","10.20","10.70","10.70","9.92","2.93K","-2.39%"
"10/11/2020","10.45","9.56","10.45","9.56","0.29K","9.77%"
"09/11/2020","9.52","9.94","10.45","9.52","1.51K","-4.23%"
"06/11/2020","9.94","9.94","9.94","9.94","0.06K","0.00%"
"05/11/2020","9.94","9.98","9.98","9.22","0.29K","-0.40%"
"04/11/2020","9.98","9.24","9.98","9.24","0.01K","0.81%"
"03/11/2020","9.90","9.80","10.00","9.80","1.73K","1.02%"
"02/11/2020","9.80","9.78","9.80","8.88","1.30K","1.24%"
"30/10/2020","9.68","9.30","9.68","9.30","0.15K","-1.22%"
"29/10/2020","9.80","9.76","9.80","9.50","1.10K","1.03%"
"28/10/2020","9.70","9.50","9.70","9.34","1.25K","1.04%"
"27/10/2020","9.60","9.90","9.90","9.34","2.08K","-3.03%"
"26/10/2020","9.90","9.64","10.00","9.10","0.93K","-1.00%"
"23/10/2020","10.00","10.00","10.00","10.00","5.68K","0.00%"
"22/10/2020","10.00","10.00","10.00","10.00","1.50K","-4.31%"
"21/10/2020","10.45","10.20","10.65","9.82","7.12K","2.45%"
"20/10/2020","10.20","10.40","10.40","10.00","40.40K","-0.49%"
"16/10/2020","10.25","10.50","10.60","10.25","2.13K","-3.30%"
"15/10/2020","10.60","10.50","10.60","10.50","0.33K","0.47%"
"14/10/2020","10.55","10.65","10.65","10.55","2.46K","-1.40%"
"13/10/2020","10.70","10.60","10.70","10.60","0.40K","0.94%"
"12/10/2020","10.60","10.85","10.85","10.60","1.06K","-2.30%"
"09/10/2020","10.85","10.85","10.85","10.85","0.85K","-3.56%"
"05/10/2020","11.25","11.25","11.25","11.25","0.00K","3.21%"
"02/10/2020","10.90","10.85","10.90","10.85","1.21K","0.00%"
"01/10/2020","10.90","10.90","10.90","10.85","0.54K","0.00%"
"30/09/2020","10.90","10.90","10.95","10.90","0.51K","-3.54%"
"28/09/2020","11.30","11.10","11.30","10.95","0.95K","0.00%"
"24/09/2020","11.30","11.00","11.45","11.00","0.29K","-1.74%"
"23/09/2020","11.50","11.45","11.50","10.90","1.34K","1.77%"
"22/09/2020","11.30","10.95","11.65","10.95","1.18K","-3.00%"
"21/09/2020","11.65","10.95","11.65","10.95","0.20K","-0.43%"
"15/09/2020","11.70","10.95","11.70","10.90","2.17K","1.30%"
"14/09/2020","11.55","11.20","11.55","11.20","1.15K","-0.86%"
"11/09/2020","11.65","11.65","11.65","11.65","2.58K","1.75%"
"10/09/2020","11.45","11.45","11.45","11.45","0.00K","5.53%"
"09/09/2020","10.85","10.85","11.45","10.85","1.02K","-5.24%"
"08/09/2020","11.45","10.90","11.55","10.90","1.85K","-1.72%"
"07/09/2020","11.65","11.65","11.65","11.65","0.00K","6.88%"
"04/09/2020","10.90","11.70","11.70","10.85","0.13K","-3.11%"
"03/09/2020","11.25","11.40","11.65","11.25","1.66K","-3.43%"
"02/09/2020","11.65","11.30","11.70","11.15","3.70K","3.56%"
"01/09/2020","11.25","11.25","11.25","10.80","0.80K","0.00%"
"31/08/2020","11.25","11.30","11.30","10.90","0.25K","-0.44%"
"28/08/2020","11.30","11.00","11.30","10.95","0.90K","-0.44%"
"26/08/2020","11.35","10.95","11.35","10.95","0.45K","0.00%"
"25/08/2020","11.35","11.35","11.35","11.35","0.29K","0.00%"
"24/08/2020","11.35","11.35","11.35","11.35","0.00K","2.25%"
"21/08/2020","11.10","10.75","11.10","10.55","4.52K","-0.89%"
"19/08/2020","11.20","11.25","11.25","11.15","0.30K","4.19%"
"18/08/2020","10.75","11.25","11.25","10.75","0.52K","-4.02%"
"17/08/2020","11.20","10.80","11.20","10.75","0.77K","-0.88%"
"14/08/2020","11.30","10.75","11.30","10.75","0.08K","0.00%"
"13/08/2020","11.30","11.30","11.30","11.30","0.10K","0.89%"
"12/08/2020","11.20","11.35","11.35","10.60","0.45K","2.75%"
"11/08/2020","10.90","11.25","11.35","10.50","2.26K","-3.54%"
"10/08/2020","11.30","11.30","11.30","10.80","0.28K","2.73%"
"07/08/2020","11.00","11.00","11.00","10.50","5.74K","1.85%"
"06/08/2020","10.80","11.35","11.35","10.80","0.51K","-1.82%"
"05/08/2020","11.00","10.10","11.00","10.10","1.95K","4.27%"
"04/08/2020","10.55","10.60","10.60","10.15","1.32K","-0.47%"
"03/08/2020","10.60","10.50","10.60","10.50","2.39K","4.43%"
"31/07/2020","10.15","9.70","10.15","9.70","7.95K","5.51%"
"30/07/2020","9.62","10.50","10.50","9.62","5.63K","-8.38%"
"29/07/2020","10.50","10.60","10.60","10.10","3.69K","-0.94%"
"28/07/2020","10.60","11.15","11.15","10.55","1.14K","-2.75%"
"27/07/2020","10.90","11.30","11.30","10.90","0.40K","-3.54%"
"24/07/2020","11.30","11.55","11.55","11.30","0.36K","2.73%"
"23/07/2020","11.00","11.80","11.80","11.00","2.08K","-6.78%"
"22/07/2020","11.80","11.80","11.80","11.20","0.30K","7.27%"
"21/07/2020","11.00","11.20","11.95","11.00","1.30K","0.92%"
"20/07/2020","10.90","11.00","11.00","10.90","1.51K","-0.91%"
"17/07/2020","11.00","11.75","11.75","10.70","1.89K","-4.35%"
"16/07/2020","11.50","12.05","12.05","11.50","0.58K","-4.96%"
"15/07/2020","12.10","12.15","12.15","11.45","1.29K","2.54%"
"14/07/2020","11.80","12.00","12.30","11.80","0.51K","-1.67%"
"13/07/2020","12.00","12.10","12.10","11.80","1.30K","-3.23%"
"10/07/2020","12.40","12.25","12.40","12.00","0.53K","1.22%"
"09/07/2020","12.25","12.00","12.25","12.00","0.96K","1.24%"
"08/07/2020","12.10","12.10","12.10","11.60","0.35K","2.54%"
"07/07/2020","11.80","11.75","12.00","11.50","1.70K","-4.45%"
"06/07/2020","12.35","12.35","12.35","12.35","0.00K","3.78%"
"03/07/2020","11.90","12.45","12.45","11.80","0.72K","-4.42%"
"02/07/2020","12.45","12.05","12.45","11.80","2.49K","-1.58%"
"01/07/2020","12.65","12.50","12.65","12.50","0.23K","2.85%"
"30/06/2020","12.30","12.60","12.60","12.00","0.17K","3.36%"
"29/06/2020","11.90","12.00","12.00","11.90","75.57K","-3.64%"
"26/06/2020","12.35","12.70","12.90","12.35","3.20K","-2.76%"
"25/06/2020","12.70","13.00","13.00","12.25","85.13K","2.01%"
"24/06/2020","12.45","13.00","13.15","12.00","3.88K","-7.78%"
"23/06/2020","13.50","14.20","14.20","13.20","3.71K","-2.88%"
"22/06/2020","13.90","12.65","13.90","12.55","8.47K","9.45%"
"18/06/2020","12.70","12.80","12.80","12.25","0.26K","0.00%"
"17/06/2020","12.70","12.75","12.75","12.10","1.13K","-0.39%"
"16/06/2020","12.75","12.80","12.80","12.75","2.93K","-0.39%"
"15/06/2020","12.80","12.80","12.80","12.55","0.32K","2.40%"
"12/06/2020","12.50","12.00","12.50","12.00","0.57K","-1.57%"
"10/06/2020","12.70","12.30","12.70","12.20","0.98K","-0.39%"
"09/06/2020","12.75","12.80","12.80","12.75","0.22K","0.39%"
"08/06/2020","12.70","12.20","12.80","11.80","24.72K","0.00%"
"05/06/2020","12.70","12.25","12.70","11.60","1.78K","8.09%"
"04/06/2020","11.75","12.20","12.25","11.40","159.01K","0.00%"
"03/06/2020","11.75","11.85","12.25","11.75","5.45K","-0.84%"
"02/06/2020","11.85","12.20","12.25","11.80","1.27K","0.42%"
"01/06/2020","11.80","11.35","11.85","11.25","3.17K","8.76%"
"29/05/2020","10.85","11.60","11.60","10.85","5.66K","-3.56%"
"28/05/2020","11.25","11.60","11.90","11.20","4.15K","1.35%"
"27/05/2020","11.10","11.35","11.40","10.90","5.69K","0.91%"
"26/05/2020","11.00","11.20","11.35","11.00","9.14K","0.00%"
"25/05/2020","11.00","10.50","11.30","10.50","3.01K","2.80%"
"22/05/2020","10.70","10.65","10.70","10.60","0.51K","0.47%"
"21/05/2020","10.65","10.90","10.90","10.35","0.46K","1.43%"
"20/05/2020","10.50","10.50","10.85","10.50","1.94K","-0.94%"
"19/05/2020","10.60","10.25","10.60","10.00","5.33K","-0.93%"
"15/05/2020","10.70","10.80","10.80","10.50","0.31K","-1.83%"
"13/05/2020","10.90","10.90","10.90","10.90","0.10K","0.00%"
"12/05/2020","10.90","10.85","10.90","10.85","0.32K","0.46%"
"11/05/2020","10.85","10.90","11.30","10.85","0.55K","-4.41%"
"08/05/2020","11.35","11.35","11.35","11.35","0.08K","0.00%"
"07/05/2020","11.35","11.00","11.40","10.90","1.77K","-1.73%"
"06/05/2020","11.55","11.55","11.55","11.55","1.09K","0.43%"
"05/05/2020","11.50","11.20","11.50","11.20","0.00K","2.68%"
"04/05/2020","11.20","11.70","11.70","11.05","1.92K","-3.45%"
"30/04/2020","11.60","11.65","11.75","11.25","2.44K","-5.69%"
"29/04/2020","12.30","11.20","12.40","11.20","2.15K","9.82%"
"28/04/2020","11.20","11.00","11.20","10.80","1.96K","-4.68%"
"27/04/2020","11.75","11.90","11.90","11.40","0.51K","-1.26%"
"24/04/2020","11.90","11.00","11.90","11.00","0.85K","5.78%"
"23/04/2020","11.25","10.80","11.25","10.70","1.16K","2.27%"
"22/04/2020","11.00","10.90","11.00","10.90","0.10K","-2.22%"
"21/04/2020","11.25","11.35","11.35","11.00","0.80K","-0.88%"
"20/04/2020","11.35","11.35","11.35","11.20","0.91K","1.34%"
"17/04/2020","11.20","11.90","12.45","10.90","5.12K","-5.08%"
"16/04/2020","11.80","11.00","11.80","10.55","5.34K","15.69%"
"15/04/2020","10.20","11.40","11.95","10.20","8.47K","-10.53%"
"14/04/2020","11.40","10.00","11.40","10.00","4.33K","14.23%"
"09/04/2020","9.98","10.00","10.00","9.80","1.52K","3.96%"
"08/04/2020","9.60","9.98","10.15","9.60","14.97K","-3.81%"
"07/04/2020","9.98","9.22","10.15","9.22","6.26K","8.01%"
"06/04/2020","9.24","9.00","9.24","9.00","3.30K","2.67%"
"03/04/2020","9.00","9.00","9.18","8.90","11.52K","0.00%"
"02/04/2020","9.00","9.00","9.22","8.74","3.56K","-3.23%"
"01/04/2020","9.30","9.80","9.80","9.00","3.99K","-7.00%"
"30/03/2020","10.00","10.90","10.90","9.90","2.06K","-9.09%"
"27/03/2020","11.00","11.30","11.40","10.90","6.71K","-2.65%"
"26/03/2020","11.30","10.60","11.30","10.30","5.48K","-3.42%"
"25/03/2020","11.70","10.70","11.70","10.60","0.41K","4.46%"
"24/03/2020","11.20","11.60","11.60","10.80","3.02K","-2.61%"
"23/03/2020","11.50","11.60","11.70","11.00","1.35K","-4.17%"
"20/03/2020","12.00","12.50","12.50","11.90","1.75K","0.00%"
"19/03/2020","12.00","11.50","12.00","11.50","1.62K","0.00%"
"18/03/2020","12.00","12.40","12.50","11.60","8.12K","-4.00%"
"17/03/2020","12.50","12.00","12.70","11.90","13.32K","0.81%"
"13/03/2020","12.40","12.40","12.40","12.40","0.20K","0.00%"
"12/03/2020","12.40","12.50","12.50","11.50","2.05K","-5.34%"
"11/03/2020","13.10","13.20","13.20","12.50","0.81K","-4.38%"
"10/03/2020","13.70","13.20","14.20","13.00","8.83K","4.58%"
"09/03/2020","13.10","13.70","13.70","13.00","4.70K","-7.09%"
"05/03/2020","14.10","14.30","14.50","14.10","1.28K","-0.70%"
"04/03/2020","14.20","14.70","14.70","14.20","1.33K","-4.70%"
"03/03/2020","14.90","14.30","14.90","14.30","1.24K","3.47%"
"02/03/2020","14.40","13.30","14.60","13.30","5.80K","4.35%"
"28/02/2020","13.80","14.00","14.50","13.00","4.33K","-6.76%"
"27/02/2020","14.80","14.80","14.80","14.00","0.85K","0.00%"
"26/02/2020","14.80","14.30","14.80","14.00","2.30K","-1.33%"
"25/02/2020","15.00","15.50","15.50","14.60","0.72K","-3.85%"
"24/02/2020","15.60","16.30","16.30","15.50","0.96K","-4.88%"
"21/02/2020","16.40","16.20","16.40","16.20","0.28K","1.23%"
"20/02/2020","16.20","16.40","16.40","16.00","0.37K","1.25%"
"19/02/2020","16.00","16.40","16.40","15.80","0.15K","-1.23%"
"18/02/2020","16.20","15.90","16.20","15.90","1.72K","1.89%"
"17/02/2020","15.90","15.60","16.10","15.60","3.43K","-0.63%"
"14/02/2020","16.00","16.00","16.00","15.80","3.30K","0.00%"
"13/02/2020","16.00","16.30","16.30","15.60","2.06K","-1.84%"
"12/02/2020","16.30","16.30","16.30","16.30","0.11K","-0.61%"
"11/02/2020","16.40","16.40","16.40","16.40","0.05K","0.00%"
"10/02/2020","16.40","16.40","16.40","16.10","0.29K","0.00%"
"07/02/2020","16.40","16.60","16.60","16.10","2.33K","-1.20%"
"06/02/2020","16.60","16.40","16.60","16.40","1.08K","1.84%"
"05/02/2020","16.30","16.10","16.30","16.10","0.75K","-0.61%"
"04/02/2020","16.40","16.40","16.40","16.10","0.49K","0.00%"
"03/02/2020","16.40","15.80","16.40","15.80","0.46K","4.46%"
"31/01/2020","15.70","15.70","15.80","15.40","3.46K","0.64%"
"30/01/2020","15.60","16.50","16.50","15.60","3.96K","-6.02%"
"29/01/2020","16.60","16.80","16.80","16.50","2.63K","-1.19%"
"28/01/2020","16.80","16.50","16.80","16.40","0.95K","0.00%"
"27/01/2020","16.80","16.90","16.90","16.30","0.52K","1.82%"
"24/01/2020","16.50","16.60","16.60","16.30","2.25K","-0.60%"
"23/01/2020","16.60","16.80","16.80","16.50","0.23K","-0.60%"
"22/01/2020","16.70","16.90","16.90","16.50","1.44K","0.60%"
"21/01/2020","16.60","17.00","17.00","16.60","0.05K","-2.35%"
"20/01/2020","17.00","16.80","17.00","16.70","1.38K","1.80%"
"17/01/2020","16.70","16.80","16.80","15.60","2.26K","-1.18%"
"16/01/2020","16.90","16.90","17.00","16.60","3.48K","0.60%"
"15/01/2020","16.80","16.60","16.90","16.60","1.33K","1.20%"
"14/01/2020","16.60","16.60","17.00","16.50","0.68K","0.00%"
"13/01/2020","16.60","16.40","16.60","16.40","0.53K","0.00%"
"10/01/2020","16.60","16.70","16.90","16.00","3.63K","-1.78%"
"09/01/2020","16.90","17.20","17.30","16.90","0.17K","-1.74%"
"08/01/2020","17.20","17.70","17.70","17.00","1.34K","-2.27%"
"07/01/2020","17.60","17.10","17.60","17.10","3.85K","1.15%"
"03/01/2020","17.40","17.30","17.50","17.00","1.80K","0.00%"
"02/01/2020","17.40","16.20","17.60","16.20","10.72K","8.75%"
"30/12/2019","16.00","17.30","17.30","16.00","5.71K","1.27%"
"27/12/2019","15.80","15.20","15.80","15.20","4.08K","0.64%"
"23/12/2019","15.70","14.90","15.90","14.50","4.04K","4.67%"
"20/12/2019","15.00","15.00","15.00","15.00","0.86K","-1.96%"
"19/12/2019","15.30","15.50","15.50","14.60","1.23K","0.00%"
"18/12/2019","15.30","15.40","15.60","15.30","1.28K","-0.65%"
"17/12/2019","15.40","15.70","15.70","14.90","2.38K","-2.53%"
"16/12/2019","15.80","13.90","15.80","13.90","15.94K","16.18%"
"13/12/2019","13.60","13.50","13.60","13.50","1.79K","0.74%"
"12/12/2019","13.50","13.60","13.70","13.50","1.10K","-0.74%"
"11/12/2019","13.60","13.20","13.80","13.20","3.52K","3.03%"
"10/12/2019","13.20","13.80","13.80","13.20","4.29K","-4.35%"
"09/12/2019","13.80","13.70","13.80","13.70","0.58K","0.00%"
"06/12/2019","13.80","13.40","13.80","13.20","2.61K","2.22%"
"05/12/2019","13.50","13.20","13.50","13.20","0.78K","2.27%"
"04/12/2019","13.20","13.50","13.70","13.10","5.28K","-2.22%"
"03/12/2019","13.50","13.50","13.70","13.30","7.18K","1.50%"
"02/12/2019","13.30","13.10","13.50","13.10","1.50K","-0.75%"
"29/11/2019","13.40","13.50","13.50","13.40","0.27K","0.75%"
"28/11/2019","13.30","13.10","13.60","13.00","3.83K","1.53%"
"27/11/2019","13.10","13.10","13.20","13.00","1.54K","0.77%"
"26/11/2019","13.00","13.50","13.70","13.00","3.00K","-1.52%"
"25/11/2019","13.20","13.80","13.90","13.10","2.92K","-5.04%"
"22/11/2019","13.90","13.90","13.90","13.90","0.17K","0.00%"
"21/11/2019","13.90","13.80","13.90","13.60","0.73K","0.00%"
"19/11/2019","13.90","14.00","14.00","13.70","2.38K","0.00%"
"18/11/2019","13.90","13.90","14.10","13.70","9.57K","0.00%"
"15/11/2019","13.90","14.30","14.40","13.80","7.79K","-2.11%"
"14/11/2019","14.20","14.20","14.50","13.80","15.59K","1.43%"
"13/11/2019","14.00","14.30","14.50","14.00","16.28K","-2.10%"
"12/11/2019","14.30","13.00","14.30","12.90","17.93K","10.00%"
"08/11/2019","13.00","12.90","13.00","12.40","3.33K","0.78%"
"07/11/2019","12.90","12.20","12.90","12.20","2.30K","7.50%"
"06/11/2019","12.00","11.90","12.20","11.90","1.39K","0.84%"
"05/11/2019","11.90","11.90","12.00","11.90","0.64K","0.00%"
"04/11/2019","11.90","11.40","11.90","11.40","1.46K","4.39%"
"31/10/2019","11.40","11.00","11.40","10.90","2.69K","3.64%"
"30/10/2019","11.00","11.00","11.00","11.00","0.93K","0.00%"
"29/10/2019","11.00","11.00","11.00","11.00","0.02K","0.00%"
"28/10/2019","11.00","11.10","11.20","11.00","4.12K","-0.90%"
"25/10/2019","11.10","11.20","11.30","11.10","1.44K","-1.77%"
"24/10/2019","11.30","11.20","11.30","11.20","0.42K","0.89%"
"23/10/2019","11.20","11.40","11.40","11.20","1.37K","-0.88%"
"22/10/2019","11.30","11.30","11.30","11.20","0.78K","-0.88%"
"21/10/2019","11.40","11.40","11.40","11.30","0.74K","0.00%"
"18/10/2019","11.40","11.40","11.40","11.40","0.30K","-0.87%"
"17/10/2019","11.50","11.40","11.50","11.40","0.02K","0.88%"
"16/10/2019","11.40","11.40","11.40","11.20","2.24K","0.00%"
"15/10/2019","11.40","11.80","11.80","11.10","1.80K","-3.39%"
"14/10/2019","11.80","11.70","11.80","11.50","0.05K","0.00%"
"11/10/2019","11.80","11.60","11.80","11.50","2.25K","0.00%"
"10/10/2019","11.80","11.80","11.80","11.50","1.65K","0.00%"
"09/10/2019","11.80","11.80","11.80","11.80","0.45K","-0.84%"
"07/10/2019","11.90","11.90","11.90","11.90","0.04K","-1.65%"
"04/10/2019","12.10","12.10","12.30","11.80","8.47K","0.83%"
"03/10/2019","12.00","11.90","12.00","11.60","3.83K","0.00%"
"02/10/2019","12.00","12.20","12.20","11.60","7.88K","0.84%"
"01/10/2019","11.90","12.00","12.00","11.50","8.79K","-0.83%"
"30/09/2019","12.00","12.10","12.10","12.00","31.57K","-1.64%"
"27/09/2019","12.20","12.50","12.50","12.00","4.61K","0.83%"
"26/09/2019","12.10","11.90","12.10","11.90","0.08K","0.00%"
"24/09/2019","12.10","11.90","12.10","11.90","0.17K","1.68%"
"23/09/2019","11.90","11.90","12.00","11.60","7.41K","0.85%"
"20/09/2019","11.80","12.00","12.00","11.80","3.06K","-2.48%"
"19/09/2019","12.10","12.30","12.30","12.10","1.88K","-2.42%"
"18/09/2019","12.40","12.80","12.80","12.40","1.96K","-4.62%"
"17/09/2019","13.00","12.40","13.00","12.40","0.79K","4.84%"
"16/09/2019","12.40","12.90","13.40","12.40","1.68K","-2.36%"
"13/09/2019","12.70","13.50","13.50","12.70","2.49K","-2.31%"
"12/09/2019","13.00","12.20","13.30","12.00","12.65K","11.11%"
"11/09/2019","11.70","11.60","12.00","11.10","3.56K","0.86%"
"10/09/2019","11.60","11.50","11.70","11.50","0.53K","0.87%"
"09/09/2019","11.50","11.70","11.70","10.70","94.96K","-2.54%"
"06/09/2019","11.80","12.50","12.60","11.80","13.04K","-1.67%"
"05/09/2019","12.00","12.60","12.60","12.00","1.82K","-4.76%"
"04/09/2019","12.60","13.00","13.00","12.60","1.18K","-1.56%"
"03/09/2019","12.80","13.20","13.20","12.70","1.60K","-5.19%"
"02/09/2019","13.50","13.40","13.50","13.30","1.36K","1.50%"
"30/08/2019","13.30","13.60","13.60","13.30","0.18K","-2.21%"
"28/08/2019","13.60","13.60","13.60","13.60","0.01K","0.74%"
"23/08/2019","13.50","13.50","13.50","13.30","1.19K","0.00%"
"22/08/2019","13.50","13.60","13.60","13.20","0.97K","-1.46%"
"21/08/2019","13.70","14.00","14.00","13.70","0.61K","-2.14%"
"20/08/2019","14.00","13.90","14.00","13.90","0.07K","0.00%"
"19/08/2019","14.00","13.90","14.00","13.90","0.20K","0.72%"
"16/08/2019","13.90","13.90","13.90","13.90","0.01K","0.00%"
"14/08/2019","13.90","14.00","14.00","13.70","0.99K","-0.71%"
"13/08/2019","14.00","14.00","14.00","13.70","1.06K","0.00%"
"12/08/2019","14.00","14.00","14.00","13.60","0.54K","0.00%"
"09/08/2019","14.00","13.90","14.00","13.90","0.34K","0.72%"
"08/08/2019","13.90","13.80","13.90","13.80","0.23K","1.46%"
"07/08/2019","13.70","14.00","14.00","13.70","1.59K","-2.14%"
"06/08/2019","14.00","13.60","14.00","13.50","0.22K","0.00%"
"05/08/2019","14.00","14.00","14.00","13.70","0.32K","2.19%"
"02/08/2019","13.70","13.80","13.80","13.70","1.05K","-3.52%"
"01/08/2019","14.20","14.20","14.20","14.10","0.66K","0.71%"
"31/07/2019","14.10","14.10","14.10","14.10","0.22K","-0.70%"
"30/07/2019","14.20","14.20","14.20","14.20","0.20K","0.00%"
"29/07/2019","14.20","14.00","14.20","13.80","0.91K","0.00%"
"26/07/2019","14.20","14.40","14.40","13.90","1.41K","-1.39%"
"25/07/2019","14.40","14.00","14.40","14.00","0.50K","2.86%"
"24/07/2019","14.00","13.90","14.20","13.90","1.76K","0.72%"
"23/07/2019","13.90","13.90","13.90","13.90","0.04K","0.00%"
"22/07/2019","13.90","13.90","13.90","13.90","0.12K","0.00%"
"19/07/2019","13.90","14.00","14.00","13.90","0.22K","0.00%"
"18/07/2019","13.90","13.90","13.90","13.90","0.46K","0.00%"
"17/07/2019","13.90","13.80","13.90","13.80","0.11K","0.72%"
"16/07/2019","13.80","14.00","14.00","13.60","1.02K","-1.43%"
"15/07/2019","14.00","14.00","14.00","14.00","0.05K","0.00%"
"12/07/2019","14.00","14.00","14.00","14.00","0.04K","2.19%"
"11/07/2019","13.70","13.60","13.90","13.60","4.67K","-1.44%"
"10/07/2019","13.90","13.90","13.90","13.90","0.05K","0.00%"
"09/07/2019","13.90","13.60","13.90","13.40","3.21K","-1.42%"
"08/07/2019","14.10","14.10","14.10","14.10","0.05K","3.68%"
"05/07/2019","13.60","13.80","13.80","13.60","0.08K","-1.45%"
"04/07/2019","13.80","13.60","13.80","13.60","0.13K","0.00%"
"03/07/2019","13.80","13.80","13.80","13.80","0.01K","0.00%"
"02/07/2019","13.80","13.60","13.80","13.60","0.15K","0.00%"
"01/07/2019","13.80","14.30","14.30","13.80","0.71K","-3.50%"
"28/06/2019","14.30","14.20","14.30","14.20","1.31K","0.70%"
"27/06/2019","14.20","14.20","14.20","14.00","0.19K","0.00%"
"26/06/2019","14.20","14.20","14.20","14.10","0.22K","0.00%"
"25/06/2019","14.20","14.10","14.20","14.10","0.17K","1.43%"
"24/06/2019","14.00","14.00","14.00","13.60","1.51K","-0.71%"
"21/06/2019","14.10","13.40","14.10","13.40","2.21K","-0.70%"
"19/06/2019","14.20","14.20","14.20","14.20","0.85K","2.90%"
"18/06/2019","13.80","13.80","13.80","13.80","0.20K","4.55%"
"17/06/2019","13.20","13.10","13.20","13.10","0.32K","1.54%"
"14/06/2019","13.00","13.00","13.00","13.00","0.25K","0.00%"
"13/06/2019","13.00","13.00","13.00","13.00","0.28K","-1.52%"
"11/06/2019","13.20","13.30","13.30","13.20","0.21K","-0.75%"
"10/06/2019","13.30","13.30","13.30","13.30","0.01K","0.00%"
"07/06/2019","13.30","13.30","13.30","13.30","0.22K","-1.48%"
"06/06/2019","13.50","13.50","13.50","13.50","0.01K","0.00%"
"05/06/2019","13.50","14.00","14.00","13.50","0.80K","-3.57%"
"04/06/2019","14.00","13.70","14.00","13.60","0.39K","2.94%"
"03/06/2019","13.60","13.20","13.60","13.20","0.10K","-0.73%"
"31/05/2019","13.70","13.80","13.80","13.30","1.37K","-0.72%"
"30/05/2019","13.80","13.50","13.80","13.50","1.16K","0.00%"
"29/05/2019","13.80","13.80","13.80","13.80","0.10K","2.22%"
"28/05/2019","13.50","13.00","13.50","13.00","0.15K","-0.74%"
"27/05/2019","13.60","13.10","13.60","12.70","0.41K","3.82%"
"24/05/2019","13.10","12.60","13.10","12.60","0.21K","0.00%"
"23/05/2019","13.10","13.40","13.40","13.00","1.99K","-2.24%"
"22/05/2019","13.40","13.70","13.70","13.20","2.61K","-2.90%"
"21/05/2019","13.80","13.10","13.80","13.10","1.00K","2.99%"
"20/05/2019","13.40","12.90","13.40","12.90","0.35K","-0.74%"
"17/05/2019","13.50","12.50","13.60","12.50","3.41K","8.00%"
"16/05/2019","12.50","12.50","12.50","12.50","0.11K","0.00%"
"15/05/2019","12.50","12.50","12.50","12.50","0.05K","0.00%"
"14/05/2019","12.50","12.50","12.50","12.50","0.02K","0.00%"
"13/05/2019","12.50","12.80","12.80","12.50","1.11K","-2.34%"
"10/05/2019","12.80","12.50","12.80","12.50","1.40K","2.40%"
"09/05/2019","12.50","12.50","12.50","12.50","0.04K","-3.10%"
"08/05/2019","12.90","12.80","12.90","12.50","0.69K","0.00%"
"07/05/2019","12.90","13.20","13.20","12.90","0.85K","-2.27%"
"06/05/2019","13.20","13.40","13.60","13.20","1.03K","-0.75%"
"02/05/2019","13.30","13.70","13.70","13.30","0.83K","-2.92%"
"30/04/2019","13.70","13.70","13.70","13.30","2.52K","0.00%"
"29/04/2019","13.70","13.30","13.80","13.30","3.37K","-4.20%"
"26/04/2019","14.30","12.90","14.30","12.90","1.68K","3.62%"
"25/04/2019","13.80","12.80","13.80","12.80","3.90K","7.81%"
"24/04/2019","12.80","12.70","12.80","12.70","0.67K","0.00%"
"23/04/2019","12.80","12.80","12.80","12.60","2.23K","-0.78%"
"18/04/2019","12.90","12.40","12.90","12.40","1.31K","4.03%"
"17/04/2019","12.40","12.50","12.70","11.90","9.23K","-0.80%"
"16/04/2019","12.50","13.00","13.10","12.50","6.22K","-6.02%"
"15/04/2019","13.30","13.50","13.60","13.00","2.36K","-2.21%"
"12/04/2019","13.60","13.70","13.70","13.50","1.78K","0.74%"
"11/04/2019","13.50","13.50","13.50","13.50","0.21K","0.00%"
"10/04/2019","13.50","13.50","13.70","13.30","4.89K","1.50%"
"09/04/2019","13.30","14.20","14.30","13.20","7.10K","-6.99%"
"08/04/2019","14.30","14.80","14.80","13.90","10.34K","-4.03%"
"05/04/2019","14.90","15.00","15.00","14.60","0.53K","-0.67%"
"04/04/2019","15.00","14.20","15.00","14.20","10.47K","5.63%"
"03/04/2019","14.20","14.70","14.70","14.20","0.97K","-4.70%"
"02/04/2019","14.90","14.90","14.90","14.90","0.28K","2.05%"
"01/04/2019","14.60","14.90","15.00","14.00","5.03K","2.82%"
"29/03/2019","14.20","14.50","14.50","13.90","22.68K","1.07%"
"28/03/2019","14.05","16.20","16.20","14.05","25.89K","-13.27%"
"27/03/2019","16.20","16.20","16.20","16.20","1.45K","0.00%"
"26/03/2019","16.20","16.20","16.20","16.20","0.01K","0.00%"
"25/03/2019","16.20","16.20","16.20","15.60","0.12K","0.62%"
"22/03/2019","16.10","15.85","16.10","15.60","0.19K","0.94%"
"20/03/2019","15.95","16.65","16.65","15.95","1.07K","-3.63%"
"19/03/2019","16.55","17.60","17.60","16.55","1.00K","-5.97%"
"18/03/2019","17.60","17.15","17.60","17.15","1.45K","-1.68%"
"15/03/2019","17.90","17.90","17.90","16.25","2.91K","0.00%"
"14/03/2019","17.90","17.90","17.90","17.50","0.41K","0.00%"
"13/03/2019","17.90","17.45","17.90","17.40","1.23K","0.56%"
"12/03/2019","17.80","17.70","18.05","17.60","1.95K","-2.20%"
"11/03/2019","18.20","18.00","18.20","17.65","1.08K","1.11%"
"08/03/2019","18.00","17.20","18.00","17.20","0.56K","2.86%"
"07/03/2019","17.50","17.50","17.70","17.00","0.80K","1.74%"
"06/03/2019","17.20","17.60","17.70","17.20","0.68K","-3.91%"
"05/03/2019","17.90","17.60","17.90","17.60","0.11K","0.00%"
"01/03/2019","17.90","17.60","17.90","17.60","0.10K","-0.56%"
"28/02/2019","18.00","18.00","18.00","18.00","0.01K","0.00%"
"27/02/2019","18.00","18.00","18.00","17.45","0.54K","0.28%"
"26/02/2019","17.95","18.00","18.00","17.65","0.38K","-0.28%"
"25/02/2019","18.00","17.65","18.00","17.60","0.71K","0.56%"
"22/02/2019","17.90","17.60","18.00","17.60","1.24K","1.70%"
"21/02/2019","17.60","17.60","17.60","17.35","0.85K","0.00%"
"20/02/2019","17.60","17.60","17.60","17.60","0.45K","0.00%"
"19/02/2019","17.60","17.20","17.60","17.20","0.84K","0.00%"
"18/02/2019","17.60","17.60","17.60","17.15","1.62K","0.00%"
"15/02/2019","17.60","17.40","17.60","17.20","1.67K","-2.22%"
"14/02/2019","18.00","17.70","18.00","16.80","1.47K","1.69%"
"13/02/2019","17.70","17.15","17.70","16.45","4.32K","1.72%"
"12/02/2019","17.40","16.60","17.40","16.60","1.21K","1.46%"
"11/02/2019","17.15","17.15","17.15","16.85","0.24K","0.00%"
"08/02/2019","17.15","16.30","17.25","16.10","13.67K","5.54%"
"07/02/2019","16.25","15.25","16.25","15.25","0.44K","8.33%"
"06/02/2019","15.00","13.80","15.00","13.40","122.19K","9.09%"
"05/02/2019","13.75","13.40","13.80","13.30","1.13K","2.61%"
"04/02/2019","13.40","13.40","13.40","13.20","6.57K","1.90%"
"01/02/2019","13.15","14.60","14.60","13.15","9.21K","-6.74%"
"31/01/2019","14.10","14.00","14.10","13.85","4.35K","0.00%"
"30/01/2019","14.10","14.20","14.20","14.10","1.04K","-0.70%"
"29/01/2019","14.20","14.20","14.20","14.20","0.62K","1.43%"
"28/01/2019","14.00","14.15","14.15","14.00","5.31K","-3.45%"
"25/01/2019","14.50","14.60","14.60","14.00","2.82K","-0.68%"
"24/01/2019","14.60","14.60","14.60","14.60","0.27K","0.00%"
"23/01/2019","14.60","14.60","14.60","14.60","1.47K","0.00%"
"22/01/2019","14.60","14.50","14.60","14.50","0.87K","-2.34%"
"21/01/2019","14.95","14.95","14.95","14.95","0.03K","2.05%"
"18/01/2019","14.65","14.35","14.65","14.35","0.17K","2.45%"
"17/01/2019","14.30","14.65","14.65","14.30","0.12K","-2.39%"
"16/01/2019","14.65","15.00","15.00","14.50","2.04K","-2.33%"
"15/01/2019","15.00","15.20","15.20","15.00","1.21K","-5.66%"
"14/01/2019","15.90","15.50","15.90","15.50","1.01K","-0.63%"
"11/01/2019","16.00","15.15","16.00","15.00","1.80K","3.56%"
"10/01/2019","15.45","16.00","16.00","15.30","1.30K","-0.32%"
"09/01/2019","15.50","15.60","15.60","15.50","0.97K","-2.82%"
"08/01/2019","15.95","15.60","15.95","15.60","0.44K","-1.85%"
"07/01/2019","16.25","14.80","16.25","14.80","0.51K","4.17%"
"04/01/2019","15.60","14.80","15.60","14.80","0.35K","9.47%"
"03/01/2019","14.25","14.25","14.25","14.25","0.00K","-5.63%"
"02/01/2019","15.10","14.20","15.10","14.20","0.44K","2.72%"
"28/12/2018","14.70","15.00","15.00","14.10","3.49K","0.00%"
"27/12/2018","14.70","15.00","15.00","14.70","1.75K","-3.29%"
"21/12/2018","15.20","15.85","15.85","14.50","8.81K","-1.30%"
"20/12/2018","15.40","16.95","16.95","15.40","1.48K","-9.14%"
"19/12/2018","16.95","16.95","16.95","16.95","0.00K","0.30%"
"18/12/2018","16.90","17.00","17.00","16.35","0.45K","-0.29%"
"17/12/2018","16.95","16.25","16.95","16.25","0.93K","0.00%"
"14/12/2018","16.95","16.95","16.95","16.95","0.78K","0.00%"
"13/12/2018","16.95","16.00","16.95","16.00","1.68K","-0.29%"
"12/12/2018","17.00","15.20","17.00","15.20","0.84K","7.59%"
"11/12/2018","15.80","15.80","15.80","15.80","0.03K","3.27%"
"10/12/2018","15.30","15.80","15.80","15.30","2.12K","0.33%"
"07/12/2018","15.25","16.70","16.70","15.25","4.68K","-11.34%"
"06/12/2018","17.20","17.05","17.20","17.00","3.59K","-4.44%"
"05/12/2018","18.00","17.00","18.00","17.00","1.67K","4.35%"
"04/12/2018","17.25","16.55","17.25","16.25","1.75K","-0.29%"
"03/12/2018","17.30","15.80","17.30","15.80","1.43K","1.76%"
"30/11/2018","17.00","17.00","17.00","17.00","1.40K","6.25%"
"29/11/2018","16.00","16.00","16.00","16.00","0.89K","3.90%"
"28/11/2018","15.40","15.80","15.80","15.25","1.46K","-0.65%"
"27/11/2018","15.50","16.05","16.05","15.50","3.20K","-6.06%"
"26/11/2018","16.50","16.50","16.50","16.50","1.28K","0.61%"
"23/11/2018","16.40","16.40","16.40","16.40","0.77K","5.13%"
"22/11/2018","15.60","15.80","15.80","15.45","6.36K","-3.70%"
"21/11/2018","16.20","16.10","16.20","15.50","2.02K","1.57%"
"20/11/2018","15.95","15.70","15.95","15.60","1.23K","-1.54%"
"19/11/2018","16.20","16.00","16.20","15.60","1.30K","0.00%"
"16/11/2018","16.20","16.50","16.50","16.20","4.27K","-5.54%"
"15/11/2018","17.15","17.25","17.25","16.60","2.56K","-0.58%"
"14/11/2018","17.25","16.75","17.25","16.75","0.71K","0.88%"
"13/11/2018","17.10","17.20","17.20","16.70","0.18K","-0.58%"
"09/11/2018","17.20","17.20","17.20","17.20","0.01K","0.00%"
"08/11/2018","17.20","17.45","17.45","17.20","0.54K","1.18%"
"07/11/2018","17.00","18.00","18.00","17.00","6.02K","-5.56%"
"06/11/2018","18.00","18.15","18.15","18.00","1.02K","-0.55%"
"05/11/2018","18.10","17.65","18.10","17.65","1.10K","2.26%"
"31/10/2018","17.70","17.40","17.70","17.40","1.00K","2.91%"
"30/10/2018","17.20","18.00","18.00","17.20","2.30K","-4.18%"
"29/10/2018","17.95","17.30","18.00","17.30","1.35K","-0.28%"
"26/10/2018","18.00","17.40","18.00","17.40","1.61K","3.45%"
"25/10/2018","17.40","17.15","17.40","17.15","1.15K","2.35%"
"24/10/2018","17.00","17.40","17.40","17.00","4.32K","-4.49%"
"23/10/2018","17.80","16.70","17.80","16.70","4.97K","-0.56%"
"22/10/2018","17.90","17.90","17.90","17.90","0.03K","0.00%"
"19/10/2018","17.90","17.30","18.00","17.30","1.43K","-0.56%"
"18/10/2018","18.00","17.10","18.00","17.00","1.67K","0.28%"
"17/10/2018","17.95","17.30","17.95","16.70","0.79K","2.57%"
"16/10/2018","17.50","17.25","17.50","16.50","0.42K","2.34%"
"15/10/2018","17.10","17.70","17.70","17.10","2.71K","-5.00%"
"12/10/2018","18.00","18.00","18.00","18.00","0.01K","0.28%"
"11/10/2018","17.95","18.00","18.00","17.65","1.89K","-0.28%"
"10/10/2018","18.00","18.00","18.00","17.85","1.33K","-0.83%"
"09/10/2018","18.15","18.00","18.15","18.00","0.33K","0.83%"
"08/10/2018","18.00","18.00","18.00","17.75","0.17K","0.00%"
"05/10/2018","18.00","18.00","18.00","18.00","0.19K","0.00%"
"04/10/2018","18.00","17.60","18.00","17.60","0.51K","2.27%"
"03/10/2018","17.60","18.00","18.00","17.40","1.45K","-2.76%"
"02/10/2018","18.10","18.25","18.25","17.70","0.22K","0.00%"
"01/10/2018","18.10","18.10","18.10","18.10","0.10K","0.00%"
"28/09/2018","18.10","18.20","18.20","18.10","0.80K","1.97%"
"27/09/2018","17.75","17.75","18.00","17.75","2.53K","-2.47%"
"26/09/2018","18.20","18.95","18.95","18.00","4.98K","-3.96%"
"25/09/2018","18.95","18.95","18.95","18.10","2.75K","-1.04%"
"24/09/2018","19.15","18.80","19.15","18.80","0.21K","1.86%"
"21/09/2018","18.80","18.55","18.80","18.40","1.69K","-0.27%"
"20/09/2018","18.85","18.00","18.85","18.00","0.65K","2.45%"
"19/09/2018","18.40","17.90","18.40","17.60","2.58K","2.51%"
"18/09/2018","17.95","17.50","17.95","17.50","0.48K","0.00%"
"17/09/2018","17.95","17.95","17.95","17.95","0.04K","0.00%"
"14/09/2018","17.95","17.50","17.95","17.50","0.83K","0.00%"
"13/09/2018","17.95","17.90","17.95","17.90","0.45K","0.00%"
"12/09/2018","17.95","18.00","18.00","17.95","0.31K","0.28%"
"11/09/2018","17.90","17.50","17.90","17.50","0.41K","1.13%"
"10/09/2018","17.70","17.30","17.70","17.30","0.91K","-1.12%"
"07/09/2018","17.90","17.40","17.90","17.40","0.21K","-1.65%"
"05/09/2018","18.20","17.50","18.20","17.50","0.78K","2.25%"
"04/09/2018","17.80","18.25","18.25","17.80","0.05K","-2.47%"
"03/09/2018","18.25","18.25","18.25","18.25","0.09K","0.27%"
"31/08/2018","18.20","18.20","18.20","18.20","0.02K","-0.27%"
"30/08/2018","18.25","18.25","18.25","18.25","0.11K","0.27%"
"29/08/2018","18.20","18.25","18.25","18.20","0.12K","-0.27%"
"28/08/2018","18.25","18.20","18.25","18.00","0.16K","0.27%"
"27/08/2018","18.20","18.20","18.20","17.80","1.16K","0.00%"
"23/08/2018","18.20","18.20","18.20","18.20","0.30K","1.11%"
"22/08/2018","18.00","18.00","18.00","17.75","1.70K","-3.74%"
"20/08/2018","18.70","17.50","18.70","17.30","0.33K","3.03%"
"17/08/2018","18.15","17.70","18.15","17.70","0.97K","1.68%"
"16/08/2018","17.85","17.90","17.90","17.85","0.76K","-1.11%"
"14/08/2018","18.05","18.10","18.10","17.80","2.78K","-0.55%"
"13/08/2018","18.15","18.15","18.15","17.80","1.03K","0.00%"
"10/08/2018","18.15","18.15","18.15","17.80","0.85K","0.00%"
"09/08/2018","18.15","18.15","18.15","18.10","0.05K","0.00%"
"08/08/2018","18.15","18.15","18.15","17.95","1.19K","0.00%"
"07/08/2018","18.15","18.05","18.15","18.00","0.18K","0.00%"
"06/08/2018","18.15","18.15","18.15","18.15","1.10K","-0.55%"
"03/08/2018","18.25","18.45","18.45","18.25","0.01K","-1.08%"
"02/08/2018","18.45","18.45","18.45","18.45","0.01K","0.00%"
"01/08/2018","18.45","18.50","18.50","18.45","0.01K","-0.27%"
"31/07/2018","18.50","18.20","18.50","18.20","2.44K","0.00%"
"30/07/2018","18.50","18.40","18.50","18.20","0.71K","0.00%"
"27/07/2018","18.50","18.45","18.50","18.45","5.90K","0.00%"
"26/07/2018","18.50","18.25","18.50","18.20","1.21K","-2.37%"
"24/07/2018","18.95","18.05","18.95","18.00","1.08K","1.34%"
"20/07/2018","18.70","18.75","18.75","18.10","0.16K","-0.80%"
"19/07/2018","18.85","18.20","18.85","18.20","0.01K","-0.53%"
"18/07/2018","18.95","18.85","18.95","18.20","1.59K","0.53%"
"17/07/2018","18.85","18.80","18.85","18.00","1.39K","-0.79%"
"16/07/2018","19.00","19.20","19.20","19.00","5.05K","-2.06%"
"13/07/2018","19.40","19.40","19.40","19.40","0.00K","0.00%"
"12/07/2018","19.40","19.40","19.40","19.40","0.01K","-0.51%"
"11/07/2018","19.50","19.40","19.50","19.40","0.09K","0.52%"
"10/07/2018","19.40","19.40","19.40","19.40","0.10K","-1.02%"
"04/07/2018","19.60","19.60","19.60","19.60","0.12K","0.51%"
"03/07/2018","19.50","20.20","20.20","19.50","0.39K","-3.47%"
"02/07/2018","20.20","21.00","21.00","20.20","0.38K","-3.81%"
"29/06/2018","21.00","20.30","21.00","20.00","1.69K","0.48%"
"28/06/2018","20.90","20.90","20.90","20.00","1.07K","0.00%"
"27/06/2018","20.90","20.90","20.90","20.90","0.00K","0.00%"
"26/06/2018","20.90","20.90","20.90","20.90","0.00K","3.47%"
"25/06/2018","20.20","20.50","20.50","20.20","0.51K","-1.94%"
"22/06/2018","20.60","21.00","21.00","20.60","0.06K","-1.90%"
"21/06/2018","21.00","21.00","21.00","21.00","0.02K","0.00%"
"20/06/2018","21.00","21.00","21.00","21.00","0.01K","0.00%"
"19/06/2018","21.00","21.20","21.20","21.00","0.01K","-0.94%"
"18/06/2018","21.20","21.20","21.20","21.20","0.01K","-2.30%"
"15/06/2018","21.70","21.00","21.70","21.00","0.00K","3.33%"
"14/06/2018","21.00","21.70","21.70","21.00","0.55K","-3.23%"
"13/06/2018","21.70","21.70","21.70","21.70","0.02K","-0.91%"
"12/06/2018","21.90","21.90","21.90","21.90","0.01K","0.00%"
"11/06/2018","21.90","21.90","21.90","21.90","0.00K","2.82%"
"08/06/2018","21.30","21.90","21.90","21.30","0.15K","-2.74%"
"07/06/2018","21.90","21.90","21.90","21.90","0.01K","0.00%"
"06/06/2018","21.90","21.40","21.90","21.40","0.17K","-0.45%"
"05/06/2018","22.00","22.00","22.00","22.00","0.01K","0.00%"
"04/06/2018","22.00","22.00","22.00","21.30","0.11K","0.00%"
"01/06/2018","22.00","22.00","22.00","22.00","0.04K","0.00%"
"30/05/2018","22.00","21.90","22.00","21.60","0.58K","0.00%"
"29/05/2018","22.00","22.00","23.10","21.80","3.18K","-4.35%"
"28/05/2018","23.00","21.70","23.00","21.40","0.74K","5.02%"
"25/05/2018","21.90","21.60","21.90","21.30","2.27K","-0.90%"
"24/05/2018","22.10","22.10","22.10","22.10","0.01K","-1.34%"
"23/05/2018","22.40","22.20","22.40","21.60","0.49K","1.36%"
"22/05/2018","22.10","22.80","22.80","22.10","0.66K","-1.34%"
"21/05/2018","22.40","23.00","23.00","22.40","0.15K","-2.61%"
"18/05/2018","23.00","23.00","23.00","23.00","0.83K","-2.13%"
"17/05/2018","23.50","23.00","23.50","23.00","0.90K","2.17%"
"16/05/2018","23.00","23.00","23.00","23.00","0.10K","0.00%"
"15/05/2018","23.00","23.00","23.00","23.00","0.21K","-0.43%"
"14/05/2018","23.10","22.90","23.10","22.40","0.51K","0.87%"
"09/05/2018","22.90","22.10","22.90","22.10","0.35K","0.88%"
"08/05/2018","22.70","23.00","23.00","22.30","0.40K","-0.44%"
"07/05/2018","22.80","23.10","23.10","22.80","0.03K","-0.87%"
"04/05/2018","23.00","23.30","23.30","22.70","0.44K","-0.43%"
"30/04/2018","23.10","23.30","23.50","23.00","2.31K","-2.94%"
"27/04/2018","23.80","23.00","23.80","23.00","4.42K","3.03%"
"26/04/2018","23.10","23.50","23.50","22.70","7.57K","-3.75%"
"25/04/2018","24.00","23.10","24.00","22.80","4.93K","0.00%"
"24/04/2018","24.00","22.70","24.00","21.80","3.67K","5.73%"
"23/04/2018","22.70","22.90","23.00","22.70","7.75K","-4.22%"
"20/04/2018","23.70","22.40","23.70","22.00","8.18K","0.85%"
"19/04/2018","23.50","21.60","23.50","21.30","2.61K","4.44%"
"18/04/2018","22.50","21.60","22.50","21.60","0.05K","2.74%"
"17/04/2018","21.90","22.00","22.00","21.80","0.22K","-2.23%"
"16/04/2018","22.40","22.40","22.40","22.40","0.01K","0.00%"
"13/04/2018","22.40","22.40","22.40","22.40","0.00K","-0.44%"
"12/04/2018","22.50","22.20","22.50","22.00","1.15K","-0.44%"
"11/04/2018","22.60","22.60","22.60","22.10","0.50K","-0.88%"
"10/04/2018","22.80","22.20","22.80","20.90","4.91K","0.44%"
"09/04/2018","22.70","22.80","22.80","22.10","0.20K","0.00%"
"06/04/2018","22.70","23.00","23.00","22.00","1.15K","-1.30%"
"05/04/2018","23.00","22.00","23.00","22.00","1.03K","0.00%"
"04/04/2018","23.00","22.00","23.00","21.10","0.60K","4.55%"
"03/04/2018","22.00","22.20","22.80","22.00","0.23K","-4.35%"
"29/03/2018","23.00","22.20","23.00","22.20","3.15K","3.14%"
"28/03/2018","22.30","21.40","22.30","20.00","3.77K","0.90%"
"27/03/2018","22.10","21.90","22.10","21.90","0.40K","-1.78%"
"26/03/2018","22.50","22.00","22.50","22.00","0.19K","-2.17%"
"23/03/2018","23.00","22.30","23.00","21.20","1.35K","-0.43%"
"22/03/2018","23.10","23.10","23.10","23.10","0.01K","0.87%"
"21/03/2018","22.90","22.90","22.90","22.90","0.02K","0.00%"
"20/03/2018","22.90","23.00","23.00","22.90","0.02K","-0.43%"
"19/03/2018","23.00","23.00","23.00","22.50","0.02K","-0.86%"
"16/03/2018","23.20","22.50","23.20","22.30","0.12K","1.31%"
"15/03/2018","22.90","22.90","22.90","22.90","0.02K","-0.43%"
"14/03/2018","23.00","23.30","23.30","22.80","0.01K","-1.29%"
"13/03/2018","23.30","23.20","23.30","23.00","0.42K","0.87%"
"12/03/2018","23.10","23.20","23.20","23.10","0.11K","-0.43%"
"09/03/2018","23.20","22.30","23.20","22.30","0.74K","0.00%"
"08/03/2018","23.20","22.80","23.20","21.10","1.37K","1.75%"
"07/03/2018","22.80","23.30","23.30","22.80","0.14K","-2.15%"
"06/03/2018","23.30","23.50","23.50","22.80","0.12K","0.00%"
"05/03/2018","23.30","23.50","23.50","23.30","0.01K","0.00%"
"02/03/2018","23.30","23.40","23.40","22.80","0.09K","-0.43%"
"01/03/2018","23.40","23.50","23.50","22.80","0.05K","0.00%"
"28/02/2018","23.40","22.90","23.40","22.70","0.33K","0.43%"
"27/02/2018","23.30","22.90","23.30","22.60","1.22K","-2.92%"
"26/02/2018","24.00","23.00","24.00","22.30","0.53K","4.35%"
"23/02/2018","23.00","23.00","23.00","23.00","0.01K","0.00%"
"22/02/2018","23.00","22.60","23.00","22.60","0.05K","0.00%"
"21/02/2018","23.00","23.00","23.00","22.30","0.42K","0.88%"
"20/02/2018","22.80","23.20","23.20","22.80","0.15K","-1.72%"
"19/02/2018","23.20","22.60","23.40","22.60","0.84K","-0.43%"
"16/02/2018","23.30","23.10","23.30","23.00","1.10K","-2.10%"
"15/02/2018","23.80","22.40","23.90","22.40","3.93K","2.15%"
"14/02/2018","23.30","22.00","23.30","21.60","1.55K","5.91%"
"13/02/2018","22.00","22.10","22.10","21.50","0.02K","-0.45%"
"12/02/2018","22.10","22.10","22.10","21.50","0.45K","0.00%"
"09/02/2018","22.10","20.40","22.10","20.40","0.55K","0.00%"
"06/02/2018","22.10","19.60","22.10","19.60","3.09K","1.84%"
"05/02/2018","21.70","22.10","22.10","21.70","0.07K","-1.36%"
"02/02/2018","22.00","22.00","22.00","22.00","0.07K","0.00%"
"01/02/2018","22.00","22.00","22.00","22.00","0.00K","0.00%"
"31/01/2018","22.00","22.00","22.00","22.00","0.00K","0.00%"
"30/01/2018","22.00","21.80","22.00","21.80","0.35K","0.92%"
"29/01/2018","21.80","21.80","21.80","21.80","0.25K","0.00%"
"26/01/2018","21.80","21.70","21.80","21.50","0.23K","0.00%"
"25/01/2018","21.80","21.50","21.80","21.50","0.19K","0.46%"
"24/01/2018","21.70","21.60","21.70","21.60","0.22K","0.46%"
"23/01/2018","21.60","21.30","21.60","21.20","0.20K","0.93%"
"22/01/2018","21.40","21.40","21.40","21.40","0.54K","-0.93%"
"19/01/2018","21.60","21.60","21.60","21.60","0.00K","0.00%"
"18/01/2018","21.60","22.00","22.00","21.60","0.36K","0.00%"
"17/01/2018","21.60","22.00","22.00","21.60","0.06K","-1.82%"
"16/01/2018","22.00","21.70","22.00","21.70","45.89K","1.38%"
"15/01/2018","21.70","21.30","21.70","21.00","0.90K","-0.46%"
"12/01/2018","21.80","21.90","21.90","21.80","1.02K","-0.91%"
"10/01/2018","22.00","22.20","22.20","21.50","0.53K","-1.79%"
"08/01/2018","22.40","22.40","22.40","22.40","0.17K","0.00%"
"05/01/2018","22.40","23.00","23.00","22.40","0.36K","-2.61%"
"29/12/2017","23.00","22.90","23.00","22.85","6.01K","0.04%"
"28/12/2017","22.99","23.00","23.00","22.99","0.11K","-0.04%"
"27/12/2017","23.00","22.45","23.00","22.45","1.59K","-1.88%"
"22/12/2017","23.44","22.90","23.44","22.41","1.62K","0.73%"
"21/12/2017","23.27","23.27","23.27","23.27","0.09K","0.00%"
"20/12/2017","23.27","23.27","23.27","22.85","0.22K","0.00%"
"19/12/2017","23.27","23.44","23.44","22.80","0.05K","-0.73%"
"18/12/2017","23.44","23.44","23.44","22.81","0.58K","1.91%"
"15/12/2017","23.00","23.00","23.00","23.00","0.10K","0.00%"
"14/12/2017","23.00","23.20","23.20","22.61","1.20K","-0.82%"
"13/12/2017","23.19","22.80","23.19","22.80","1.03K","0.78%"
"12/12/2017","23.01","23.00","23.17","22.80","0.03K","0.04%"
"11/12/2017","23.00","23.00","23.00","23.00","0.00K","-0.73%"
"08/12/2017","23.17","23.17","23.17","23.17","0.00K","0.00%"
"07/12/2017","23.17","23.17","23.17","23.17","0.00K","0.00%"
"06/12/2017","23.17","23.19","23.19","23.17","0.54K","-0.13%"
"05/12/2017","23.20","23.20","23.20","22.61","0.88K","-0.85%"
"04/12/2017","23.40","22.60","23.40","22.50","1.97K","-0.89%"
"01/12/2017","23.61","23.82","23.82","22.60","2.44K","-0.88%"
"30/11/2017","23.82","24.00","24.00","23.00","6.56K","-0.92%"
"29/11/2017","24.04","23.51","24.05","23.50","3.42K","-1.03%"
"28/11/2017","24.29","24.35","24.35","22.30","3.23K","-0.45%"
"27/11/2017","24.40","23.99","24.40","23.99","0.31K","1.67%"
"24/11/2017","24.00","22.70","24.18","22.68","2.33K","5.73%"
"23/11/2017","22.70","21.48","22.70","21.48","2.38K","6.07%"
"22/11/2017","21.40","21.50","21.50","21.38","0.26K","-0.47%"
"21/11/2017","21.50","20.70","21.50","20.70","1.48K","3.86%"
"20/11/2017","20.70","20.20","21.89","20.20","81.90K","3.24%"
"17/11/2017","20.05","20.50","20.50","20.00","40.53K","-4.48%"
"16/11/2017","20.99","20.06","20.99","20.00","0.55K","4.64%"
"15/11/2017","20.06","20.60","20.90","20.00","10.01K","0.30%"
"14/11/2017","20.00","19.90","20.00","19.90","0.47K","0.50%"
"13/11/2017","19.90","20.60","20.60","19.60","1.90K","-3.40%"
"10/11/2017","20.60","20.56","21.39","20.56","1.69K","-1.90%"
"09/11/2017","21.00","21.49","21.49","21.00","2.29K","-2.33%"
"08/11/2017","21.50","21.66","21.66","21.50","0.75K","-0.74%"
"06/11/2017","21.66","21.70","21.70","21.55","1.22K","-0.18%"
"03/11/2017","21.70","21.30","21.70","21.30","0.65K","1.88%"
"02/11/2017","21.30","21.48","21.48","21.30","1.09K","-0.47%"
"31/10/2017","21.40","22.00","22.00","21.05","6.43K","-1.61%"
"30/10/2017","21.75","22.45","22.55","21.75","3.29K","-2.90%"
"27/10/2017","22.40","22.31","22.45","22.31","23.65K","0.36%"
"26/10/2017","22.32","22.39","22.39","21.75","8.12K","-0.58%"
"25/10/2017","22.45","22.89","22.90","21.90","11.72K","-0.66%"
"24/10/2017","22.60","22.70","22.70","22.60","0.45K","-0.44%"
"23/10/2017","22.70","23.57","23.57","22.70","3.46K","-3.69%"
"20/10/2017","23.57","23.47","23.57","23.47","1.27K","0.51%"
"19/10/2017","23.45","23.98","23.98","23.45","2.00K","-2.78%"
"18/10/2017","24.12","24.59","24.59","23.55","1.34K","-2.11%"
"17/10/2017","24.64","24.68","24.68","24.64","1.18K","-0.65%"
"16/10/2017","24.80","24.99","24.99","24.45","1.46K","0.00%"
"13/10/2017","24.80","25.29","25.29","24.65","3.05K","0.00%"
"12/10/2017","24.80","25.00","25.35","24.80","4.50K","0.00%"
"11/10/2017","24.80","24.80","24.89","24.58","3.14K","0.00%"
"10/10/2017","24.80","24.92","24.92","24.80","1.35K","-0.20%"
"09/10/2017","24.85","24.92","24.92","24.75","0.94K","-0.08%"
"06/10/2017","24.87","24.90","24.90","24.80","1.13K","0.16%"
"05/10/2017","24.83","24.70","24.93","24.40","15.90K","0.53%"
"04/10/2017","24.70","24.50","24.85","24.30","1.07K","0.16%"
"03/10/2017","24.66","24.94","24.94","24.66","0.27K","-1.08%"
"02/10/2017","24.93","24.69","25.20","24.69","4.06K","0.93%"
"29/09/2017","24.70","24.22","24.78","24.15","0.44K","-0.20%"
"28/09/2017","24.75","24.75","24.75","24.75","0.02K","2.19%"
"27/09/2017","24.22","24.40","24.40","24.22","0.02K","-0.74%"
"26/09/2017","24.40","24.77","24.77","24.40","0.03K","-1.57%"
"25/09/2017","24.79","24.79","24.79","24.79","0.00K","-0.04%"
"22/09/2017","24.80","24.20","24.90","24.20","0.23K","-0.80%"
"21/09/2017","25.00","25.00","25.00","25.00","0.00K","0.04%"
"20/09/2017","24.99","24.98","25.35","24.98","1.15K","3.69%"
"19/09/2017","24.10","24.88","24.88","24.10","0.02K","-3.52%"
"18/09/2017","24.98","23.90","24.98","23.83","1.40K","4.52%"
"15/09/2017","23.90","22.57","24.13","22.57","3.27K","6.79%"
"14/09/2017","22.38","22.20","22.49","22.20","0.48K","1.73%"
"13/09/2017","22.00","22.89","22.89","22.00","0.46K","-2.91%"
"12/09/2017","22.66","22.89","22.89","22.66","0.04K","-0.61%"
"11/09/2017","22.80","22.89","22.89","22.80","0.03K","2.24%"
"08/09/2017","22.30","22.79","22.79","22.30","1.12K","-2.53%"
"07/09/2017","22.88","22.69","22.89","22.69","0.34K","2.60%"
"06/09/2017","22.30","22.30","22.70","22.30","0.59K","1.83%"
"05/09/2017","21.90","22.50","23.40","21.90","1.71K","-2.45%"
"01/09/2017","22.45","22.00","22.45","22.00","0.06K","2.32%"
"31/08/2017","21.94","21.21","21.94","21.21","1.60K","1.20%"
"30/08/2017","21.68","21.50","21.68","21.50","0.48K","0.84%"
"29/08/2017","21.50","22.00","22.41","20.11","1.21K","-4.06%"
"28/08/2017","22.41","22.55","22.55","22.41","0.11K","-0.18%"
"25/08/2017","22.45","22.45","22.45","22.45","0.00K","-0.53%"
"24/08/2017","22.57","22.50","22.57","22.10","1.24K","0.31%"
"23/08/2017","22.50","22.44","22.50","22.44","0.06K","-1.75%"
"22/08/2017","22.90","22.90","22.90","22.90","0.04K","-0.43%"
"21/08/2017","23.00","23.00","23.00","23.00","0.01K","0.00%"
"18/08/2017","23.00","22.20","23.00","22.20","0.31K","4.07%"
"17/08/2017","22.10","22.50","22.50","22.10","0.39K","-2.21%"
"16/08/2017","22.60","22.60","23.00","22.60","0.15K","-2.16%"
"14/08/2017","23.10","22.60","23.10","22.30","0.69K","1.76%"
"11/08/2017","22.70","23.10","23.10","22.70","0.11K","-1.30%"
"10/08/2017","23.00","23.00","23.10","23.00","0.45K","0.00%"
"09/08/2017","23.00","23.00","23.00","22.10","0.25K","-2.13%"
"08/08/2017","23.50","23.95","23.95","23.00","0.43K","-2.04%"
"07/08/2017","23.99","23.16","23.99","23.15","0.44K","3.63%"
"04/08/2017","23.15","23.00","23.62","23.00","0.99K","0.65%"
"03/08/2017","23.00","23.35","23.40","22.98","1.20K","-1.50%"
"02/08/2017","23.35","24.79","24.79","23.35","1.02K","-5.81%"
"01/08/2017","24.79","24.79","24.79","24.79","0.01K","-0.04%"
"28/07/2017","24.80","24.40","24.80","24.20","0.11K","1.68%"
"27/07/2017","24.39","24.40","24.40","24.39","0.01K","-0.04%"
"26/07/2017","24.40","24.80","24.80","24.40","0.16K","-1.77%"
"25/07/2017","24.84","24.85","24.85","24.84","0.11K","0.57%"
"24/07/2017","24.70","24.40","24.70","24.40","0.06K","-1.98%"
"21/07/2017","25.20","25.20","25.20","25.00","0.14K","0.00%"
"20/07/2017","25.20","25.20","25.20","25.20","2.48K","-0.08%"
"19/07/2017","25.22","25.20","25.22","25.20","0.01K","0.48%"
"18/07/2017","25.10","25.00","25.10","24.99","0.75K","0.44%"
"17/07/2017","24.99","25.00","25.00","24.99","0.73K","-0.04%"
"14/07/2017","25.00","25.00","25.00","25.00","0.01K","0.00%"
"13/07/2017","25.00","25.00","25.00","24.50","0.05K","-0.60%"
"12/07/2017","25.15","24.90","25.15","24.70","0.98K","0.80%"
"11/07/2017","24.95","24.95","24.95","24.95","0.08K","0.04%"
"07/07/2017","24.94","24.95","24.95","24.45","0.13K","0.24%"
"06/07/2017","24.88","24.25","24.88","24.25","0.92K","0.20%"
"05/07/2017","24.83","24.84","24.86","24.20","1.66K","-0.68%"
"04/07/2017","25.00","24.80","25.00","24.80","0.65K","0.04%"
"03/07/2017","24.99","24.53","24.99","24.53","0.74K","0.12%"
"30/06/2017","24.96","25.00","25.00","24.51","0.80K","-0.16%"
"29/06/2017","25.00","25.00","25.00","24.69","0.51K","-0.40%"
"28/06/2017","25.10","25.00","25.10","24.50","7.46K","0.40%"
"27/06/2017","25.00","25.00","25.00","25.00","0.29K","0.00%"
"26/06/2017","25.00","24.90","25.00","24.80","1.73K","0.00%"
"23/06/2017","25.00","25.34","25.34","24.85","0.26K","-0.79%"
"22/06/2017","25.20","25.10","25.20","25.10","0.08K","0.80%"
"21/06/2017","25.00","25.40","25.40","24.03","2.25K","-1.19%"
"20/06/2017","25.30","25.40","25.40","25.00","0.42K","-0.59%"
"19/06/2017","25.45","25.50","25.50","25.00","0.52K","-0.20%"
"16/06/2017","25.50","25.59","25.59","25.49","0.17K","0.20%"
"14/06/2017","25.45","25.40","25.50","25.10","0.23K","0.20%"
"13/06/2017","25.40","25.00","25.40","25.00","0.08K","0.40%"
"12/06/2017","25.30","25.59","25.59","25.00","0.25K","-0.78%"
"09/06/2017","25.50","25.49","25.60","25.30","0.39K","0.08%"
"08/06/2017","25.48","25.50","25.50","25.00","1.66K","0.71%"
"07/06/2017","25.30","25.00","25.30","25.00","0.34K","-0.39%"
"06/06/2017","25.40","25.39","25.40","25.30","0.59K","0.40%"
"05/06/2017","25.30","25.29","25.30","25.20","0.45K","0.04%"
"02/06/2017","25.29","25.10","25.29","24.20","1.85K","0.36%"
"01/06/2017","25.20","25.50","25.66","25.00","14.22K","-2.51%"
"31/05/2017","25.85","25.94","25.94","25.60","0.11K","0.58%"
"30/05/2017","25.70","25.94","25.95","25.70","5.08K","-0.89%"
"29/05/2017","25.93","25.95","25.95","25.70","0.50K","-0.08%"
"26/05/2017","25.95","25.90","25.96","25.55","0.57K","-0.08%"
"25/05/2017","25.97","25.30","26.00","25.30","1.13K","-0.12%"
"24/05/2017","26.00","26.60","26.60","25.20","7.91K","-0.76%"
"23/05/2017","26.20","26.20","27.30","26.01","18.10K","0.77%"
"22/05/2017","26.00","26.20","26.20","25.50","1.86K","0.39%"
"19/05/2017","25.90","26.20","26.20","25.60","4.76K","-1.11%"
"18/05/2017","26.19","25.00","26.20","24.50","17.44K","5.60%"
"17/05/2017","24.80","25.02","25.20","24.60","1.99K","-1.00%"
"16/05/2017","25.05","25.05","25.05","25.05","0.05K","-0.60%"
"15/05/2017","25.20","25.20","25.20","25.20","0.01K","0.00%"
"12/05/2017","25.20","25.00","25.20","25.00","1.69K","0.80%"
"11/05/2017","25.00","25.02","25.02","25.00","4.70K","-0.08%"
"10/05/2017","25.02","25.02","25.02","25.02","0.40K","0.08%"
"09/05/2017","25.00","25.05","25.05","25.00","3.19K","-0.20%"
"08/05/2017","25.05","24.91","25.10","24.91","1.50K","0.20%"
"05/05/2017","25.00","25.50","25.50","25.00","0.52K","-2.34%"
"04/05/2017","25.60","24.51","25.65","24.51","2.69K","2.81%"
"02/05/2017","24.90","25.00","25.20","24.90","0.37K","0.40%"
"28/04/2017","24.80","24.60","24.80","24.51","0.42K","0.45%"
"27/04/2017","24.69","24.80","24.80","24.69","0.29K","-0.52%"
"26/04/2017","24.82","25.30","25.30","24.82","0.13K","-1.90%"
"25/04/2017","25.30","25.30","25.30","24.81","0.12K","0.40%"
"24/04/2017","25.20","25.60","25.60","25.20","0.01K","-1.56%"
"21/04/2017","25.60","25.77","25.77","25.00","0.53K","0.63%"
"20/04/2017","25.44","25.44","25.44","25.44","0.01K","0.00%"
"19/04/2017","25.44","25.44","25.44","25.44","0.01K","0.00%"
"18/04/2017","25.44","25.00","25.44","25.00","0.20K","1.80%"
"13/04/2017","24.99","25.50","25.50","24.50","0.63K","-2.00%"
"12/04/2017","25.50","25.00","25.50","25.00","0.11K","2.00%"
"11/04/2017","25.00","25.60","25.60","25.00","1.85K","0.00%"
"10/04/2017","25.00","25.50","25.50","25.00","0.38K","-1.96%"
"07/04/2017","25.50","25.31","25.50","25.31","0.11K","-1.16%"
"06/04/2017","25.80","25.30","25.80","25.25","0.61K","1.69%"
"05/04/2017","25.37","25.00","25.65","25.00","11.57K","2.71%"
"04/04/2017","24.70","25.50","25.60","24.70","10.31K","-2.87%"
"31/03/2017","25.43","25.29","25.43","24.55","0.35K","1.72%"
"30/03/2017","25.00","25.25","25.25","25.00","0.23K","-1.15%"
"29/03/2017","25.29","25.00","25.29","24.56","0.48K","1.16%"
"28/03/2017","25.00","25.10","25.10","24.55","1.16K","-0.40%"
"27/03/2017","25.10","25.02","25.10","25.02","1.15K","0.00%"
"24/03/2017","25.10","25.03","25.11","25.02","0.53K","-1.91%"
"23/03/2017","25.59","25.61","25.61","25.05","0.50K","0.35%"
"22/03/2017","25.50","25.11","25.50","25.02","0.33K","1.47%"
"21/03/2017","25.13","25.61","25.61","25.11","1.29K","-2.60%"
"20/03/2017","25.80","25.60","25.90","25.12","0.29K","-0.77%"
"17/03/2017","26.00","25.30","26.00","25.30","0.78K","2.77%"
"16/03/2017","25.30","25.15","25.30","25.10","0.13K","-0.78%"
"15/03/2017","25.50","25.50","25.50","25.50","0.12K","0.39%"
"14/03/2017","25.40","26.00","26.00","25.40","0.56K","-1.21%"
"13/03/2017","25.71","26.00","26.00","25.71","6.76K","-0.92%"
"10/03/2017","25.95","25.99","25.99","25.95","0.69K","-0.15%"
"09/03/2017","25.99","25.80","26.70","25.00","26.38K","1.33%"
"08/03/2017","25.65","25.01","25.65","25.01","4.64K","0.79%"
"07/03/2017","25.45","24.90","25.98","24.90","4.63K","2.25%"
"06/03/2017","24.89","24.85","24.89","24.85","0.77K","0.36%"
"03/03/2017","24.80","24.70","24.80","24.41","0.27K","-0.40%"
"02/03/2017","24.90","24.63","25.00","24.63","0.83K","1.22%"
"01/03/2017","24.60","24.20","24.95","23.61","5.36K","1.23%"
"28/02/2017","24.30","24.46","24.46","24.30","1.12K","-0.82%"
"27/02/2017","24.50","24.50","24.52","24.50","0.36K","0.00%"
"24/02/2017","24.50","25.00","25.00","24.30","1.11K","-2.00%"
"23/02/2017","25.00","25.20","25.30","24.79","4.39K","-2.34%"
"22/02/2017","25.60","25.23","25.60","25.00","0.87K","0.39%"
"21/02/2017","25.50","25.96","25.96","25.50","1.36K","-1.77%"
"20/02/2017","25.96","25.99","25.99","25.90","0.42K","-0.15%"
"17/02/2017","26.00","26.29","26.29","26.00","0.01K","0.04%"
"16/02/2017","25.99","26.20","26.20","25.99","0.17K","0.35%"
"15/02/2017","25.90","25.50","25.90","25.50","0.19K","0.39%"
"14/02/2017","25.80","25.80","25.80","25.23","33.13K","-1.86%"
"13/02/2017","26.29","26.43","26.43","26.29","0.22K","-0.04%"
"10/02/2017","26.30","26.43","26.43","25.40","1.06K","-0.49%"
"09/02/2017","26.43","25.60","26.43","25.50","1.84K","3.24%"
"08/02/2017","25.60","25.60","25.60","25.40","0.87K","-1.16%"
"07/02/2017","25.90","25.99","25.99","25.60","0.11K","0.12%"
"06/02/2017","25.87","26.20","26.20","25.61","84.56K","-1.26%"
"03/02/2017","26.20","26.49","26.49","25.70","3.58K","0.38%"
"02/02/2017","26.10","26.70","26.77","25.78","2.32K","-2.25%"
"01/02/2017","26.70","25.88","26.90","25.88","20.21K","3.21%"
"31/01/2017","25.87","25.60","25.87","25.60","91.31K","1.05%"
"30/01/2017","25.60","25.88","25.88","25.32","0.79K","-0.89%"
"27/01/2017","25.83","25.88","25.88","25.02","3.85K","1.21%"
"26/01/2017","25.52","25.05","25.89","25.00","61.44K","1.88%"
"25/01/2017","25.05","25.10","25.15","24.91","101.51K","0.56%"
"24/01/2017","24.91","25.14","25.14","24.91","70.20K","-0.91%"
"23/01/2017","25.14","25.14","25.14","24.91","0.44K","0.16%"
"20/01/2017","25.10","25.05","25.25","25.00","1.50K","0.40%"
"19/01/2017","25.00","25.00","25.00","25.00","11.25K","-0.36%"
"18/01/2017","25.09","25.10","25.10","24.95","0.23K","0.36%"
"17/01/2017","25.00","25.10","25.10","25.00","0.12K","-0.20%"
"16/01/2017","25.05","25.10","25.10","25.05","0.75K","0.20%"
"13/01/2017","25.00","25.05","25.05","24.91","1.07K","-0.20%"
"12/01/2017","25.05","25.05","25.05","25.05","0.01K","0.04%"
"11/01/2017","25.04","24.81","25.04","24.81","0.12K","0.85%"
"10/01/2017","24.83","25.00","25.05","24.83","3.41K","-0.68%"
"09/01/2017","25.00","24.90","25.09","24.90","16.52K","0.40%"
"05/01/2017","24.90","24.94","24.94","24.90","0.04K","0.40%"
"04/01/2017","24.80","24.83","24.91","24.80","33.34K","-0.60%"
"03/01/2017","24.95","24.71","24.95","24.60","1.68K","0.97%"
"02/01/2017","24.71","24.90","24.90","24.71","0.93K","-0.36%"
"30/12/2016","24.80","24.98","24.98","24.70","40.32K","-0.80%"
"29/12/2016","25.00","24.90","25.00","24.90","1.10K","0.60%"
"28/12/2016","24.85","24.44","24.85","24.44","2.80K","2.26%"
"27/12/2016","24.30","24.90","24.90","24.30","0.42K","-2.41%"
"23/12/2016","24.90","24.79","24.90","24.75","2.00K","1.63%"
"22/12/2016","24.50","24.79","24.79","24.50","0.59K","-1.17%"
"21/12/2016","24.79","24.80","24.80","24.79","0.08K","0.00%"
"20/12/2016","24.79","24.86","24.86","24.79","0.08K","-0.04%"
"19/12/2016","24.80","24.92","24.92","24.80","0.68K","-0.48%"
"16/12/2016","24.92","24.90","24.92","24.78","1.49K","-0.32%"
"15/12/2016","25.00","25.20","25.25","24.87","55.06K","0.16%"
"14/12/2016","24.96","25.05","25.05","24.86","201.37K","0.60%"
"13/12/2016","24.81","24.80","25.00","24.80","22.87K","-0.76%"
"12/12/2016","25.00","24.90","25.00","24.66","9.79K","1.34%"
"09/12/2016","24.67","24.96","25.08","24.65","17.96K","-1.87%"
"08/12/2016","25.14","24.75","25.14","24.55","7.31K","1.78%"
"07/12/2016","24.70","24.99","25.00","24.30","0.73K","-1.20%"
"06/12/2016","25.00","25.15","25.15","24.80","3.73K","0.20%"
"05/12/2016","24.95","25.10","25.24","24.80","0.92K","-0.20%"
"02/12/2016","25.00","25.35","25.35","24.87","6.90K","-1.50%"
"01/12/2016","25.38","24.80","25.39","24.65","12.39K","3.55%"
"30/11/2016","24.51","24.15","24.85","24.15","5.44K","1.49%"
"29/11/2016","24.15","23.90","24.15","23.90","2.26K","0.75%"
"28/11/2016","23.97","23.95","24.00","23.80","4.24K","1.14%"
"25/11/2016","23.70","22.38","24.30","21.80","13.30K","5.90%"
"24/11/2016","22.38","22.38","22.38","21.81","0.35K","0.00%"
"23/11/2016","22.38","22.38","22.38","22.38","0.01K","0.90%"
"22/11/2016","22.18","22.11","22.39","21.69","0.38K","-0.98%"
"21/11/2016","22.40","22.10","22.40","22.10","0.02K","1.36%"
"18/11/2016","22.10","22.68","22.68","22.01","0.58K","-2.64%"
"17/11/2016","22.70","22.01","22.70","22.01","0.24K","3.13%"
"16/11/2016","22.01","23.10","23.10","21.00","1.23K","-4.39%"
"15/11/2016","23.02","23.45","23.45","23.02","0.16K","-2.04%"
"14/11/2016","23.50","23.70","23.70","23.50","0.25K","-1.67%"
"10/11/2016","23.90","24.00","24.00","23.90","0.37K","-0.42%"
"09/11/2016","24.00","22.90","25.00","22.90","4.52K","-0.74%"
"08/11/2016","24.18","23.20","24.18","23.20","1.25K","5.13%"
"07/11/2016","23.00","23.00","23.00","23.00","0.02K","1.64%"
"04/11/2016","22.63","22.61","22.63","22.61","0.16K","0.13%"
"03/11/2016","22.60","23.41","23.41","22.60","0.43K","-2.63%"
"02/11/2016","23.21","23.51","23.60","23.21","0.50K","-1.28%"
"31/10/2016","23.51","22.71","23.53","22.71","1.09K","3.57%"
"28/10/2016","22.70","22.50","22.70","22.50","0.21K","0.44%"
"27/10/2016","22.60","23.50","23.50","22.00","1.78K","-3.83%"
"26/10/2016","23.50","23.50","23.50","23.50","0.18K","0.00%"
"25/10/2016","23.50","23.52","23.52","23.50","2.47K","-0.04%"
"24/10/2016","23.51","23.52","23.52","23.01","0.14K","0.09%"
"21/10/2016","23.49","23.49","23.49","23.49","0.01K","0.00%"
"20/10/2016","23.49","23.49","23.49","23.49","0.01K","0.00%"
"19/10/2016","23.49","23.52","23.52","23.06","0.26K","-0.89%"
"18/10/2016","23.70","23.74","23.74","23.70","0.09K","0.81%"
"17/10/2016","23.51","23.79","23.79","23.20","0.17K","-0.97%"
"14/10/2016","23.74","23.65","23.74","23.10","1.02K","0.00%"
"13/10/2016","23.74","23.80","23.80","23.51","0.19K","-0.25%"
"12/10/2016","23.80","23.89","23.89","23.02","1.15K","-0.38%"
"11/10/2016","23.89","23.89","23.89","23.89","0.04K","0.00%"
"10/10/2016","23.89","23.90","23.90","23.51","0.68K","0.00%"
"07/10/2016","23.89","24.00","24.00","23.89","0.24K","-0.46%"
"06/10/2016","24.00","24.09","24.20","24.00","0.81K","-1.32%"
"05/10/2016","24.32","25.00","25.00","24.32","0.25K","-2.72%"
"04/10/2016","25.00","25.00","25.00","24.88","1.09K","-1.19%"
"03/10/2016","25.30","25.30","25.30","25.30","0.00K","0.00%"
"30/09/2016","25.30","24.25","25.30","24.25","1.60K","1.61%"
"29/09/2016","24.90","24.79","24.90","24.79","0.56K","0.44%"
"28/09/2016","24.79","23.90","25.00","23.90","4.09K","4.16%"
"27/09/2016","23.80","24.19","24.19","23.50","0.90K","0.00%"
"26/09/2016","23.80","23.72","23.90","23.72","0.50K","-1.65%"
"23/09/2016","24.20","24.49","24.49","23.80","0.12K","-1.22%"
"22/09/2016","24.50","24.30","24.50","24.30","0.12K","-1.61%"
"21/09/2016","24.90","25.60","25.60","24.40","1.86K","-2.73%"
"20/09/2016","25.60","25.65","25.89","25.60","0.47K","-2.10%"
"19/09/2016","26.15","26.15","26.15","26.15","0.09K","0.00%"
"16/09/2016","26.15","25.50","26.15","25.50","0.86K","2.95%"
"15/09/2016","25.40","25.30","25.60","25.30","1.26K","0.40%"
"14/09/2016","25.30","25.30","25.30","24.60","0.32K","2.02%"
"13/09/2016","24.80","25.50","25.79","24.80","2.31K","-3.84%"
"12/09/2016","25.79","25.67","26.20","24.80","2.03K","-0.39%"
"09/09/2016","25.89","25.60","26.59","25.50","0.57K","-0.38%"
"08/09/2016","25.99","26.50","26.50","25.95","0.49K","-1.92%"
"07/09/2016","26.50","26.95","26.95","25.92","7.01K","-1.67%"
"06/09/2016","26.95","27.20","27.21","26.80","4.76K","-0.92%"
"05/09/2016","27.20","27.50","28.34","27.00","8.29K","-0.91%"
"02/09/2016","27.45","24.50","29.55","24.50","14.41K","12.04%"
"01/09/2016","24.50","23.10","24.50","23.10","0.90K","6.06%"
"31/08/2016","23.10","23.10","23.10","23.10","0.04K","0.00%"
"30/08/2016","23.10","23.10","23.10","23.10","0.67K","0.00%"
"29/08/2016","23.10","23.10","23.15","23.10","0.43K","0.43%"
"26/08/2016","23.00","22.90","23.35","22.90","5.23K","1.77%"
"25/08/2016","22.60","21.00","22.90","21.00","4.61K","7.57%"
"24/08/2016","21.01","20.77","21.60","20.77","0.06K","1.16%"
"23/08/2016","20.77","21.00","21.00","20.77","0.60K","-1.10%"
"22/08/2016","21.00","21.00","21.00","21.00","0.00K","-0.47%"
"19/08/2016","21.10","21.20","21.20","21.10","0.02K","-0.71%"
"18/08/2016","21.25","21.25","21.25","21.25","0.03K","-0.23%"
"17/08/2016","21.30","21.32","21.35","21.30","0.14K","-0.23%"
"16/08/2016","21.35","21.35","21.35","21.35","0.12K","0.71%"
"11/08/2016","21.20","21.70","21.70","21.20","0.01K","-2.30%"
"10/08/2016","21.70","21.80","21.80","21.70","0.01K","-0.46%"
"09/08/2016","21.80","21.80","21.80","21.58","0.01K","0.00%"
"08/08/2016","21.80","21.80","21.80","21.80","0.01K","0.00%"
"05/08/2016","21.80","21.80","21.80","21.80","0.01K","0.00%"
"04/08/2016","21.80","21.80","21.80","21.80","0.03K","0.00%"
"03/08/2016","21.80","21.80","21.80","21.80","0.10K","1.63%"
"02/08/2016","21.45","21.45","21.45","21.45","0.00K","0.00%"
"01/08/2016","21.45","21.45","21.45","21.45","0.01K","0.00%"
"29/07/2016","21.45","21.50","21.50","21.45","0.01K","-0.23%"
"28/07/2016","21.50","21.50","21.50","21.50","0.01K","0.00%"
"27/07/2016","21.50","21.50","21.50","21.50","0.01K","0.00%"
"26/07/2016","21.50","20.99","21.50","20.99","1.47K","2.43%"
"25/07/2016","20.99","20.98","20.99","20.98","0.07K","0.00%"
"22/07/2016","20.99","20.49","20.99","20.49","98.91K","3.60%"
"21/07/2016","20.26","20.25","20.26","20.25","0.10K","-1.12%"
"20/07/2016","20.49","20.49","20.49","20.49","0.02K","0.00%"
"19/07/2016","20.49","20.49","20.49","20.49","0.01K","0.00%"
"18/07/2016","20.49","20.50","20.50","20.49","0.03K","0.00%"
"15/07/2016","20.49","20.50","20.50","20.10","0.02K","1.94%"
"14/07/2016","20.10","20.20","20.20","20.10","0.01K","-3.83%"
"13/07/2016","20.90","20.20","20.90","20.20","0.15K","0.10%"
"12/07/2016","20.88","20.50","20.88","20.20","0.13K","1.85%"
"11/07/2016","20.50","20.50","20.50","20.50","0.00K","0.00%"
"07/07/2016","20.50","20.50","20.50","20.50","1.00K","-1.35%"
"05/07/2016","20.78","20.78","20.78","20.78","0.03K","1.37%"
"04/07/2016","20.50","19.70","20.50","19.70","50.01K","0.00%"
"01/07/2016","20.50","20.50","20.50","20.50","0.26K","0.00%"
"30/06/2016","20.50","20.50","20.50","20.00","1.67K","-0.49%"
"29/06/2016","20.60","20.94","20.94","20.50","1.27K","-0.48%"
"28/06/2016","20.70","20.50","20.70","20.50","0.80K","-1.38%"
"27/06/2016","20.99","20.19","20.99","20.00","3.51K","1.40%"
"24/06/2016","20.70","20.55","20.70","20.55","0.39K","-2.36%"
"23/06/2016","21.20","21.00","21.49","21.00","0.77K","0.95%"
"22/06/2016","21.00","21.00","21.00","21.00","27.57K","0.00%"
"21/06/2016","21.00","21.00","21.00","21.00","0.04K","0.00%"
"17/06/2016","21.00","20.58","21.00","20.58","1.09K","0.00%"
"16/06/2016","21.00","21.00","21.00","21.00","4.78K","0.00%"
"15/06/2016","21.00","21.00","21.00","21.00","1.62K","0.00%"
"14/06/2016","21.00","21.00","21.44","20.59","1.74K","0.00%"
"13/06/2016","21.00","21.30","21.30","20.60","0.28K","0.00%"
"10/06/2016","21.00","21.30","21.30","21.00","80.02K","-1.41%"
"09/06/2016","21.30","21.30","21.30","21.00","22.97K","0.05%"
"08/06/2016","21.29","21.29","21.29","21.29","0.04K","0.00%"
"07/06/2016","21.29","21.20","21.29","21.20","0.14K","0.42%"
"06/06/2016","21.20","21.20","21.20","21.20","0.04K","0.00%"
"03/06/2016","21.20","20.59","21.20","20.59","0.17K","1.92%"
"02/06/2016","20.80","21.30","21.30","20.80","0.26K","-0.95%"
"01/06/2016","21.00","21.69","21.69","20.80","25.24K","0.00%"
"31/05/2016","21.00","21.40","21.74","21.00","1.54K","0.00%"
"30/05/2016","21.00","21.45","21.45","21.00","21.15K","-2.33%"
"27/05/2016","21.50","21.50","21.50","21.50","0.11K","0.00%"
"25/05/2016","21.50","21.60","21.60","21.49","0.93K","-0.46%"
"24/05/2016","21.60","21.00","21.60","20.81","0.38K","1.27%"
"23/05/2016","21.33","21.00","21.33","20.52","0.62K","1.57%"
"20/05/2016","21.00","21.00","21.00","21.00","0.00K","1.94%"
"19/05/2016","20.60","21.00","21.00","20.60","0.10K","-1.90%"
"18/05/2016","21.00","21.00","21.00","21.00","0.01K","0.24%"
"17/05/2016","20.95","21.00","21.00","20.95","1.07K","0.24%"
"16/05/2016","20.90","21.00","21.00","20.60","0.84K","-0.48%"
"13/05/2016","21.00","20.61","21.09","20.40","1.61K","1.89%"
"12/05/2016","20.61","20.26","21.00","20.26","5.29K","2.54%"
"11/05/2016","20.10","20.10","20.10","19.90","0.34K","0.00%"
"10/05/2016","20.10","20.10","20.10","20.10","0.01K","0.00%"
"09/05/2016","20.10","20.35","20.35","20.10","0.01K","-0.99%"
"06/05/2016","20.30","20.29","20.30","20.00","2.02K","0.00%"
"05/05/2016","20.30","19.94","20.30","19.94","0.17K","1.86%"
"04/05/2016","19.93","20.31","20.40","19.93","10.12K","-1.82%"
"02/05/2016","20.30","20.28","20.35","20.28","0.97K","1.60%"
"29/04/2016","19.98","19.88","20.30","19.88","0.33K","0.00%"
"28/04/2016","19.98","19.50","20.35","19.50","1.00K","2.46%"
"27/04/2016","19.50","19.48","19.50","19.29","4.86K","0.10%"
"26/04/2016","19.48","19.48","19.48","19.48","0.01K","0.00%"
"25/04/2016","19.48","19.48","19.48","19.31","0.71K","0.15%"
"22/04/2016","19.45","19.48","19.48","19.45","0.01K","-0.15%"
"21/04/2016","19.48","19.48","19.48","19.48","0.01K","-0.05%"
"20/04/2016","19.49","19.49","19.49","19.49","0.08K","0.98%"
"19/04/2016","19.30","19.40","19.49","18.60","0.55K","1.42%"
"18/04/2016","19.03","19.10","19.40","19.03","0.07K","-2.41%"
"15/04/2016","19.50","19.50","19.50","19.50","0.01K","0.00%"
"14/04/2016","19.50","19.50","19.50","19.50","0.00K","0.00%"
"13/04/2016","19.50","19.50","19.50","19.50","0.00K","0.00%"
"12/04/2016","19.50","19.50","19.50","19.00","0.02K","0.00%"
"11/04/2016","19.50","19.50","19.50","18.51","0.67K","0.00%"
"08/04/2016","19.50","19.50","19.50","19.50","0.01K","0.00%"
"07/04/2016","19.50","19.50","19.50","19.50","0.01K","1.04%"
"06/04/2016","19.30","19.30","19.30","19.30","0.11K","-1.03%"
"05/04/2016","19.50","19.50","19.50","19.50","0.02K","0.00%"
"04/04/2016","19.50","19.50","19.50","19.50","0.04K","0.00%"
"01/04/2016","19.50","19.50","19.50","19.50","0.05K","0.00%"
"31/03/2016","19.50","19.48","19.50","19.20","1.81K","0.52%"
"30/03/2016","19.40","18.83","19.49","18.80","1.20K","2.86%"
"29/03/2016","18.86","18.68","19.28","18.68","1.32K","-2.23%"
"24/03/2016","19.29","19.19","19.29","18.65","0.37K","3.43%"
"23/03/2016","18.65","19.46","19.46","18.65","1.78K","-4.16%"
"22/03/2016","19.46","19.50","19.50","18.94","0.58K","-1.67%"
"21/03/2016","19.79","19.50","20.50","18.91","1.58K","1.49%"
"18/03/2016","19.50","19.47","20.74","19.47","0.63K","-5.98%"
"17/03/2016","20.74","19.98","21.29","19.88","1.24K","4.33%"
"16/03/2016","19.88","19.88","19.88","19.44","6.68K","2.47%"
"15/03/2016","19.40","19.40","19.40","19.40","0.22K","0.00%"
"14/03/2016","19.40","19.30","19.40","19.30","0.09K","0.52%"
"11/03/2016","19.30","19.30","19.30","19.30","0.05K","0.00%"
"10/03/2016","19.30","18.52","19.30","18.50","0.15K","-0.05%"
"07/03/2016","19.31","19.31","19.31","19.31","0.10K","-0.87%"
"04/03/2016","19.48","18.62","19.48","18.62","0.59K","-2.01%"
"03/03/2016","19.88","18.81","19.88","18.81","0.08K","3.60%"
"01/03/2016","19.19","19.19","19.19","19.19","0.04K","0.00%"
"25/02/2016","19.19","19.19","19.19","19.19","0.39K","0.00%"
"23/02/2016","19.19","19.18","19.19","19.18","0.11K","4.29%"
"22/02/2016","18.40","19.18","19.18","18.40","0.11K","-0.54%"
"18/02/2016","18.50","19.04","19.04","17.14","4.69K","-5.13%"
"17/02/2016","19.50","19.50","19.50","19.48","1.35K","-0.91%"
"16/02/2016","19.68","19.89","19.89","19.68","0.48K","-1.06%"
"15/02/2016","19.89","19.89","19.89","19.89","0.49K","0.00%"
"12/02/2016","19.89","19.02","19.89","19.01","0.34K","1.95%"
"11/02/2016","19.51","19.51","19.51","19.51","0.92K","-2.35%"
"10/02/2016","19.98","19.17","19.98","19.11","0.27K","3.52%"
"09/02/2016","19.30","19.30","19.30","19.30","0.06K","-1.53%"
"05/02/2016","19.60","19.70","19.70","19.40","2.07K","1.03%"
"04/02/2016","19.40","19.30","19.40","19.30","0.11K","0.52%"
"03/02/2016","19.30","19.46","19.99","19.30","1.02K","-3.45%"
"02/02/2016","19.99","19.50","19.99","19.43","0.31K","0.00%"
"01/02/2016","19.99","19.50","19.99","19.30","2.24K","-1.53%"
"29/01/2016","20.30","19.50","20.30","19.50","15.00K","1.55%"
"28/01/2016","19.99","19.50","19.99","19.50","4.15K","-2.49%"
"27/01/2016","20.50","19.99","20.99","19.99","0.30K","5.13%"
"25/01/2016","19.50","19.50","19.50","19.50","10.00K","1.04%"
"22/01/2016","19.30","19.50","19.50","19.30","0.20K","0.68%"
"21/01/2016","19.17","19.17","19.17","19.17","0.01K","-1.69%"
"19/01/2016","19.50","19.17","19.50","19.17","1.15K","1.77%"
"18/01/2016","19.16","19.50","19.70","19.16","1.04K","-7.93%"
"15/01/2016","20.81","20.81","21.15","20.81","0.67K","0.00%"
"14/01/2016","20.81","21.35","21.35","19.30","0.43K","-2.76%"
"13/01/2016","21.40","21.40","21.40","21.40","0.26K","0.23%"
"12/01/2016","21.35","21.30","22.44","21.30","3.55K","-2.91%"
"11/01/2016","21.99","21.51","21.99","21.50","0.90K","-3.89%"
"07/01/2016","22.88","22.55","22.88","22.00","0.09K","-0.35%"
"05/01/2016","22.96","22.99","22.99","22.96","1.15K","-0.13%"
"04/01/2016","22.99","22.00","22.99","21.11","0.39K","0.00%"
"30/12/2015","22.99","22.01","22.99","22.01","2.03K","0.00%"
"29/12/2015","22.99","22.80","23.49","22.80","3.58K","1.28%"
"28/12/2015","22.70","21.60","22.70","21.60","3.10K","5.58%"
"23/12/2015","21.50","21.49","21.50","20.60","2.38K","-0.92%"
"21/12/2015","21.70","21.70","21.70","20.40","1.72K","0.93%"
"18/12/2015","21.50","21.50","21.50","21.50","0.29K","-1.38%"
"17/12/2015","21.80","20.78","21.80","20.78","1.11K","4.86%"
"16/12/2015","20.79","21.00","21.00","20.79","0.30K","-1.00%"
"15/12/2015","21.00","21.00","21.00","21.00","1.52K","-2.01%"
"14/12/2015","21.43","20.51","21.45","20.51","1.84K","2.05%"
"11/12/2015","21.00","20.20","21.60","20.20","3.83K","4.74%"
"10/12/2015","20.05","20.98","21.20","20.05","3.55K","-3.98%"
"09/12/2015","20.88","20.41","20.88","20.40","2.19K","-1.04%"
"08/12/2015","21.10","21.10","21.10","21.10","0.38K","-0.19%"
"07/12/2015","21.14","20.50","21.14","20.50","0.18K","0.67%"
"04/12/2015","21.00","20.50","21.00","19.02","2.15K","-0.71%"
"03/12/2015","21.15","20.51","21.15","20.51","0.40K","0.71%"
"02/12/2015","21.00","21.00","21.15","21.00","3.07K","0.00%"
"01/12/2015","21.00","21.00","21.02","21.00","2.55K","0.00%"
"30/11/2015","21.00","21.00","21.00","21.00","0.57K","0.00%"
"27/11/2015","21.00","21.00","21.02","21.00","2.63K","0.00%"
"26/11/2015","21.00","20.80","21.00","20.80","0.25K","0.96%"
"25/11/2015","20.80","21.13","21.13","20.80","0.96K","-1.56%"
"24/11/2015","21.13","21.20","21.20","20.80","6.70K","0.62%"
"23/11/2015","21.00","20.50","21.20","20.40","8.89K","2.94%"
"20/11/2015","20.40","20.50","20.50","20.25","0.23K","0.00%"
"19/11/2015","20.40","20.40","20.50","20.02","4.12K","-0.05%"
"18/11/2015","20.41","19.74","20.41","19.74","8.17K","3.34%"
"17/11/2015","19.75","19.75","19.75","19.50","0.73K","1.28%"
"16/11/2015","19.50","19.20","19.50","19.02","0.37K","0.00%"
"13/11/2015","19.50","19.50","19.50","19.50","0.04K","-0.51%"
"12/11/2015","19.60","19.21","19.90","19.21","2.05K","2.03%"
"10/11/2015","19.21","19.06","19.21","19.06","0.13K","0.79%"
"05/11/2015","19.06","19.04","20.09","19.02","2.95K","0.16%"
"04/11/2015","19.03","19.37","19.55","18.80","0.52K","1.39%"
"03/11/2015","18.77","19.00","19.31","18.73","0.99K","-0.16%"
"02/11/2015","18.80","19.29","19.29","18.73","0.33K","0.00%"
"30/10/2015","18.80","19.11","19.11","18.73","0.39K","1.51%"
"29/10/2015","18.52","19.32","19.32","18.41","0.83K","0.16%"
"28/10/2015","18.49","19.34","19.34","18.41","0.40K","-0.22%"
"27/10/2015","18.53","19.31","19.31","18.53","1.67K","0.05%"
"26/10/2015","18.52","18.55","18.55","18.45","0.23K","0.05%"
"23/10/2015","18.51","18.65","18.65","18.51","27.87K","-2.58%"
"22/10/2015","19.00","19.00","19.00","19.00","0.63K","0.80%"
"21/10/2015","18.85","18.90","18.90","18.85","0.04K","0.53%"
"20/10/2015","18.75","18.81","18.91","18.75","1.42K","-1.32%"
"19/10/2015","19.00","18.87","19.00","18.43","0.40K","0.00%"
"16/10/2015","19.00","19.04","19.10","18.43","1.90K","-0.47%"
"15/10/2015","19.09","18.78","19.09","18.43","0.15K","0.79%"
"14/10/2015","18.94","18.80","19.55","18.78","2.09K","0.85%"
"13/10/2015","18.78","19.89","19.89","18.40","1.17K","-5.58%"
"12/10/2015","19.89","19.24","19.89","19.24","2.28K","2.63%"
"09/10/2015","19.38","18.70","19.38","18.70","20.89K","3.64%"
"08/10/2015","18.70","18.66","19.07","18.66","0.18K","0.21%"
"07/10/2015","18.66","18.74","18.74","18.66","0.60K","-3.32%"
"02/10/2015","19.30","19.39","19.39","19.30","0.12K","-0.52%"
"30/09/2015","19.40","18.39","19.40","18.39","1.55K","6.07%"
"29/09/2015","18.29","17.80","18.39","17.80","0.78K","2.81%"
"28/09/2015","17.79","17.44","17.79","17.44","1.53K","2.01%"
"25/09/2015","17.44","17.44","17.44","17.40","0.05K","0.11%"
"24/09/2015","17.42","17.88","17.88","17.03","51.23K","-4.60%"
"23/09/2015","18.26","18.26","18.26","18.26","2.03K","-0.98%"
"22/09/2015","18.44","18.20","18.44","18.20","0.24K","-0.11%"
"21/09/2015","18.46","18.46","18.46","17.00","0.28K","1.48%"
"18/09/2015","18.19","18.30","18.48","18.00","0.20K","2.59%"
"17/09/2015","17.73","18.20","18.20","17.73","2.00K","-2.04%"
"16/09/2015","18.10","18.48","18.48","18.10","0.03K","-0.33%"
"15/09/2015","18.16","18.31","18.31","18.13","0.07K","-0.82%"
"14/09/2015","18.31","18.26","18.31","18.26","2.03K","0.22%"
"11/09/2015","18.27","17.81","18.30","17.81","0.20K","2.64%"
"10/09/2015","17.80","17.80","17.80","17.80","1.94K","-2.73%"
"09/09/2015","18.30","18.30","18.30","18.30","0.06K","-0.05%"
"08/09/2015","18.31","18.31","18.69","18.31","2.10K","-0.76%"
"07/09/2015","18.45","18.45","18.45","18.45","0.22K","-0.75%"
"03/09/2015","18.59","18.32","18.59","18.31","0.07K","0.49%"
"02/09/2015","18.50","18.69","18.69","18.50","0.04K","-0.96%"
"01/09/2015","18.68","18.68","18.68","18.68","0.01K","-0.05%"
"31/08/2015","18.69","18.72","18.73","18.60","4.34K","-1.42%"
"28/08/2015","18.96","18.61","18.96","18.61","0.00K","2.99%"
"27/08/2015","18.41","18.50","18.79","18.41","0.30K","-0.49%"
"26/08/2015","18.50","18.12","18.50","18.11","1.54K","2.15%"
"25/08/2015","18.11","18.11","18.11","18.11","0.07K","0.00%"
"24/08/2015","18.11","18.51","18.51","18.11","1.26K","-2.16%"
"21/08/2015","18.51","18.51","18.51","18.51","0.04K","0.00%"
"19/08/2015","18.51","18.51","18.51","18.51","0.03K","0.00%"
"18/08/2015","18.51","18.51","18.51","18.51","0.26K","0.00%"
"17/08/2015","18.51","18.51","18.51","18.51","0.15K","-0.59%"
"14/08/2015","18.62","18.61","18.65","18.61","3.34K","-1.85%"
"13/08/2015","18.97","18.20","18.97","18.20","0.65K","-2.17%"
"12/08/2015","19.39","18.96","19.39","18.94","2.13K","2.38%"
"11/08/2015","18.94","19.01","19.90","18.94","11.11K","-0.21%"
"10/08/2015","18.98","18.94","18.98","18.94","0.20K","-0.11%"
"06/08/2015","19.00","19.00","19.00","18.60","1.04K","-0.05%"
"05/08/2015","19.01","18.61","19.01","18.60","4.15K","0.05%"
"04/08/2015","19.00","18.61","19.00","18.61","2.81K","-0.05%"
"03/08/2015","19.01","19.18","19.20","19.01","5.46K","0.00%"
"31/07/2015","19.01","19.01","19.01","19.01","0.05K","0.00%"
"30/07/2015","19.01","18.61","19.01","18.60","1.79K","2.15%"
"29/07/2015","18.61","18.61","18.61","18.61","0.00K","0.05%"
"28/07/2015","18.60","18.60","18.60","18.60","0.15K","0.00%"
"27/07/2015","18.60","18.61","18.61","18.60","0.12K","0.00%"
"24/07/2015","18.60","18.70","18.70","18.60","0.57K","0.00%"
"23/07/2015","18.60","18.59","18.60","18.59","1.10K","2.09%"
"22/07/2015","18.22","18.21","18.22","18.21","0.96K","-1.99%"
"21/07/2015","18.59","18.42","18.59","18.42","0.64K","0.92%"
"20/07/2015","18.42","18.30","18.42","18.30","0.49K","0.00%"
"16/07/2015","18.42","18.27","18.42","17.90","0.50K","0.77%"
"15/07/2015","18.28","18.10","18.28","17.80","0.02K","-0.65%"
"14/07/2015","18.40","17.80","18.40","17.80","0.01K","-0.11%"
"13/07/2015","18.42","18.01","18.42","17.79","0.85K","-0.43%"
"08/07/2015","18.50","18.50","18.50","18.50","0.10K","0.60%"
"06/07/2015","18.39","18.39","18.39","17.50","0.06K","1.88%"
"03/07/2015","18.05","18.41","18.41","18.05","0.25K","-3.99%"
"30/06/2015","18.80","18.80","18.80","18.80","0.10K","-1.05%"
"29/06/2015","19.00","19.00","19.00","19.00","0.08K","-0.78%"
"26/06/2015","19.15","19.16","19.16","19.15","0.01K","0.79%"
"25/06/2015","19.00","19.16","19.16","19.00","44.93K","-0.84%"
"24/06/2015","19.16","19.16","19.16","19.16","0.05K","0.00%"
"23/06/2015","19.16","19.16","19.16","19.16","1.05K","0.90%"
"22/06/2015","18.99","19.18","19.18","18.99","0.25K","-2.31%"
"19/06/2015","19.44","19.44","19.44","19.44","0.01K","-0.05%"
"18/06/2015","19.45","18.50","19.45","18.32","0.74K","-1.57%"
"17/06/2015","19.76","18.26","19.76","17.82","4.57K","1.33%"
"16/06/2015","19.50","19.79","19.79","19.50","0.05K","-1.47%"
"15/06/2015","19.79","19.83","19.83","19.79","0.09K","-0.35%"
"12/06/2015","19.86","19.88","19.88","19.86","0.06K","1.85%"
"11/06/2015","19.50","19.90","19.90","19.25","0.73K","-4.13%"
"10/06/2015","20.34","19.99","20.34","19.99","0.18K","1.70%"
"09/06/2015","20.00","19.80","20.48","19.51","1.39K","-2.39%"
"08/06/2015","20.49","19.40","20.50","19.40","5.65K","6.44%"
"05/06/2015","19.25","19.00","19.25","19.00","0.66K","2.94%"
"03/06/2015","18.70","19.00","19.00","18.70","0.43K","-1.58%"
"02/06/2015","19.00","18.97","19.00","18.80","4.48K","0.11%"
"01/06/2015","18.98","18.70","18.99","18.70","1.57K","8.40%"
"29/05/2015","17.51","18.55","18.88","17.51","16.50K","-7.35%"
"28/05/2015","18.90","18.95","18.95","18.00","0.18K","-0.53%"
"27/05/2015","19.00","18.20","19.00","18.20","0.17K","1.88%"
"25/05/2015","18.65","18.32","19.47","18.32","0.08K","1.80%"
"22/05/2015","18.32","18.31","18.32","18.31","0.26K","-2.55%"
"21/05/2015","18.80","18.80","18.80","18.80","0.06K","0.00%"
"19/05/2015","18.80","18.80","18.80","18.70","2.02K","-0.11%"
"18/05/2015","18.82","18.90","18.90","18.82","1.42K","-3.49%"
"15/05/2015","19.50","19.50","19.50","19.50","0.72K","0.00%"
"14/05/2015","19.50","18.95","19.50","18.95","1.29K","2.85%"
"13/05/2015","18.96","18.99","19.00","18.50","2.26K","-0.16%"
"12/05/2015","18.99","18.05","18.99","17.90","13.63K","4.34%"
"11/05/2015","18.20","18.28","18.50","18.20","6.59K","-0.49%"
"08/05/2015","18.29","18.29","18.29","18.29","0.01K","1.67%"
"07/05/2015","17.99","16.89","17.99","16.89","1.58K","5.89%"
"06/05/2015","16.99","16.50","16.99","15.71","1.28K","2.10%"
"05/05/2015","16.64","17.26","17.26","16.64","0.98K","-3.59%"
"04/05/2015","17.26","16.70","17.26","16.70","0.21K","-2.98%"
"28/04/2015","17.79","17.79","17.79","17.79","0.01K","0.00%"
"27/04/2015","17.79","17.20","17.79","17.20","0.09K","3.37%"
"23/04/2015","17.21","17.11","17.80","17.11","1.85K","0.88%"
"22/04/2015","17.06","17.06","17.06","17.06","0.01K","0.29%"
"21/04/2015","17.01","17.20","17.89","17.01","0.20K","-0.47%"
"16/04/2015","17.09","17.08","17.09","17.08","0.34K","0.00%"
"15/04/2015","17.09","16.81","17.09","16.81","0.39K","1.67%"
"14/04/2015","16.81","17.10","17.10","16.81","0.17K","-1.70%"
"13/04/2015","17.10","17.10","17.10","17.10","0.10K","0.00%"
"10/04/2015","17.10","17.10","17.10","17.10","0.00K","0.00%"
"09/04/2015","17.10","17.73","17.73","17.02","0.52K","-4.79%"
"08/04/2015","17.96","18.00","18.00","17.00","1.04K","-2.13%"
"31/03/2015","18.35","18.35","18.35","18.35","0.04K","1.38%"
"30/03/2015","18.10","18.79","18.79","18.10","0.15K","1.97%"
"27/03/2015","17.75","17.34","17.80","17.00","0.70K","-0.28%"
"26/03/2015","17.80","18.30","18.30","17.80","0.33K","-3.78%"
"25/03/2015","18.50","18.49","18.50","18.49","0.06K","-0.27%"
"24/03/2015","18.55","18.75","18.75","17.61","0.07K","-0.80%"
"23/03/2015","18.70","18.78","18.79","17.70","0.52K","-0.53%"
"20/03/2015","18.80","18.90","18.90","18.10","0.61K","-1.05%"
"19/03/2015","19.00","19.00","19.00","18.01","1.89K","0.00%"
"18/03/2015","19.00","19.41","19.77","18.17","1.64K","-1.30%"
"17/03/2015","19.25","18.50","19.50","18.00","5.32K","6.94%"
"16/03/2015","18.00","17.40","18.00","16.75","3.15K","3.45%"
"13/03/2015","17.40","17.40","17.40","17.23","0.11K","0.00%"
"12/03/2015","17.40","16.75","17.50","16.75","1.36K","3.63%"
"11/03/2015","16.79","16.58","16.79","16.58","0.33K","0.24%"
"10/03/2015","16.75","16.65","16.75","16.40","0.63K","0.60%"
"09/03/2015","16.65","16.65","16.76","16.65","0.44K","0.00%"
"06/03/2015","16.65","16.50","16.75","16.50","1.01K","-0.18%"
"05/03/2015","16.68","16.50","16.68","16.50","1.79K","1.09%"
"04/03/2015","16.50","16.50","16.50","16.50","0.00K","0.00%"
"03/03/2015","16.50","16.11","16.50","16.10","3.75K","2.48%"
"02/03/2015","16.10","16.05","16.10","16.05","0.14K","0.31%"
"27/02/2015","16.05","16.05","16.06","16.05","0.65K","-3.31%"
"26/02/2015","16.60","16.17","16.60","16.17","0.95K","2.66%"
"25/02/2015","16.17","16.17","16.17","16.17","0.07K","-2.00%"
"23/02/2015","16.50","15.78","16.50","15.78","6.43K","4.56%"
"20/02/2015","15.78","15.41","15.78","15.41","0.97K","-0.13%"
"19/02/2015","15.80","15.60","15.80","15.60","7.59K","1.28%"
"18/02/2015","15.60","15.60","15.60","15.60","0.15K","0.00%"
"17/02/2015","15.60","15.60","15.60","15.60","0.01K","-0.64%"
"16/02/2015","15.70","15.01","15.70","15.01","2.13K","4.67%"
"13/02/2015","15.00","15.00","15.00","15.00","0.11K","0.00%"
"12/02/2015","15.00","15.00","15.00","15.00","0.45K","1.69%"
"10/02/2015","14.75","15.00","15.00","14.74","0.45K","0.20%"
"09/02/2015","14.72","15.00","15.70","14.72","0.36K","-1.87%"
"30/01/2015","15.00","15.00","15.00","15.00","0.20K","1.15%"
"29/01/2015","14.83","14.83","14.83","14.83","0.01K","0.00%"
"28/01/2015","14.83","14.83","14.83","14.83","0.11K","-1.13%"
"26/01/2015","15.00","15.00","15.00","15.00","0.15K","1.01%"
"23/01/2015","14.85","15.00","15.00","14.85","0.00K","-1.00%"
"22/01/2015","15.00","15.00","15.00","15.00","0.80K","0.00%"
"21/01/2015","15.00","15.00","15.00","15.00","0.70K","0.00%"
"20/01/2015","15.00","15.00","15.00","15.00","0.33K","0.00%"
"19/01/2015","15.00","15.00","15.00","15.00","0.10K","1.15%"
"16/01/2015","14.83","14.83","14.83","14.83","0.18K","-4.45%"
"14/01/2015","15.52","15.52","15.52","15.52","0.07K","0.13%"
"13/01/2015","15.50","15.50","15.50","15.50","0.09K","0.00%"
"12/01/2015","15.50","15.77","15.77","15.50","0.49K","-0.06%"
"08/01/2015","15.51","15.50","15.51","15.50","0.10K","-1.52%"
"07/01/2015","15.75","15.53","15.80","15.53","0.23K","1.35%"
"30/12/2014","15.54","15.45","15.55","15.45","0.99K","0.32%"
"29/12/2014","15.49","14.85","15.49","14.85","0.23K","5.37%"
"22/12/2014","14.70","14.70","14.70","14.70","0.10K","0.07%"
"19/12/2014","14.69","14.69","14.70","14.69","0.55K","0.00%"
"18/12/2014","14.69","14.60","14.70","14.60","1.64K","-6.31%"
"17/12/2014","15.68","15.00","15.68","14.57","14.00K","3.29%"
"16/12/2014","15.18","15.19","15.19","14.56","5.70K","-0.26%"
"15/12/2014","15.22","15.31","15.31","15.22","0.56K","-1.74%"
"12/12/2014","15.49","15.56","15.56","15.22","0.25K","-0.45%"
"10/12/2014","15.56","15.56","15.56","15.56","0.01K","-2.75%"
"08/12/2014","16.00","16.00","16.00","16.00","0.10K","-0.06%"
"05/12/2014","16.01","15.57","16.01","15.56","0.06K","2.83%"
"03/12/2014","15.57","15.57","15.57","15.57","0.10K","0.00%"
"02/12/2014","15.57","15.56","15.57","15.56","0.30K","0.06%"
"01/12/2014","15.56","15.56","15.56","15.56","0.00K","0.39%"
"28/11/2014","15.50","15.61","15.61","15.50","7.06K","-1.90%"
"27/11/2014","15.80","15.80","15.80","15.80","0.05K","1.15%"
"26/11/2014","15.62","15.62","15.62","15.62","0.15K","0.06%"
"25/11/2014","15.61","15.61","15.61","15.61","0.07K","0.00%"
"24/11/2014","15.61","15.61","15.61","15.61","0.00K","-2.44%"
"21/11/2014","16.00","16.00","16.00","16.00","0.04K","-0.06%"
"20/11/2014","16.01","16.01","16.01","16.01","0.07K","0.00%"
"19/11/2014","16.01","16.01","16.01","16.01","0.14K","0.00%"
"18/11/2014","16.01","16.01","16.01","16.01","0.13K","0.00%"
"17/11/2014","16.01","16.05","16.05","16.01","0.25K","0.06%"
"14/11/2014","16.00","16.02","16.02","16.00","0.24K","-4.13%"
"10/11/2014","16.69","16.60","16.69","16.60","0.46K","0.00%"
"07/11/2014","16.69","16.11","16.70","16.00","3.49K","1.15%"
"06/11/2014","16.50","15.85","16.50","15.85","2.49K","4.96%"
"05/11/2014","15.72","15.74","15.83","15.72","9.05K","0.00%"
"04/11/2014","15.72","15.65","15.72","15.65","125.44K","0.00%"
"03/11/2014","15.72","15.72","15.87","15.72","10.10K","-0.51%"
"31/10/2014","15.80","15.69","15.84","15.69","7.83K","3.07%"
"30/10/2014","15.33","15.33","15.33","15.33","0.01K","-0.52%"
"29/10/2014","15.41","15.41","15.41","15.41","0.00K","0.59%"
"28/10/2014","15.32","15.70","15.70","15.31","2.45K","-2.85%"
"27/10/2014","15.77","15.83","15.83","15.30","3.32K","2.07%"
"24/10/2014","15.45","15.70","15.71","15.45","4.01K","-0.45%"
"23/10/2014","15.52","15.00","15.87","15.00","0.68K","1.64%"
"21/10/2014","15.27","14.80","15.27","14.80","0.08K","3.53%"
"20/10/2014","14.75","14.75","14.75","14.75","0.08K","-0.34%"
"17/10/2014","14.80","15.30","15.30","14.80","0.30K","0.00%"
"15/10/2014","14.80","14.80","14.80","14.80","0.10K","2.07%"
"14/10/2014","14.50","14.52","14.52","14.50","0.22K","-1.29%"
"10/10/2014","14.69","15.39","15.39","14.69","2.04K","-3.36%"
"09/10/2014","15.20","14.60","15.87","14.60","0.98K","-6.17%"
"07/10/2014","16.20","15.00","16.20","14.54","0.32K","7.28%"
"06/10/2014","15.10","15.10","15.10","15.10","0.00K","-0.98%"
"03/10/2014","15.25","15.50","15.50","15.10","0.05K","-3.17%"
"01/10/2014","15.75","15.43","15.85","15.40","0.95K","-4.43%"
"30/09/2014","16.48","15.40","16.49","15.40","0.46K","3.78%"
"29/09/2014","15.88","15.99","16.01","15.88","0.12K","0.00%"
"26/09/2014","15.88","15.99","15.99","15.44","0.07K","5.17%"
"25/09/2014","15.10","15.90","15.90","15.10","0.40K","-0.20%"
"24/09/2014","15.13","15.50","15.50","15.13","2.00K","-2.39%"
"23/09/2014","15.50","16.55","16.69","15.50","0.16K","-6.63%"
"22/09/2014","16.60","16.60","16.60","16.60","0.25K","9.57%"
"19/09/2014","15.15","15.00","16.60","15.00","0.40K","-5.31%"
"18/09/2014","16.00","16.00","16.00","16.00","0.10K","8.84%"
"17/09/2014","14.70","15.50","16.98","14.70","0.21K","1.03%"
"16/09/2014","14.55","14.55","15.50","14.55","0.48K","-3.00%"
"15/09/2014","15.00","15.00","15.00","15.00","0.00K","-3.16%"
"12/09/2014","15.49","14.53","15.49","14.53","1.26K","6.75%"
"10/09/2014","14.51","14.51","14.51","14.51","0.01K","-2.29%"
"09/09/2014","14.85","14.51","15.01","14.51","1.25K","-1.07%"
"08/09/2014","15.01","15.49","15.49","15.00","0.15K","-3.10%"
"05/09/2014","15.49","15.49","15.49","15.49","0.50K","0.00%"
"03/09/2014","15.49","14.80","15.49","14.80","0.17K","-0.06%"
"01/09/2014","15.50","14.54","15.50","14.54","0.01K","3.61%"