"Date","Price","Open","High","Low","Vol.","Change %"
"30/09/2025","0.460","0.468","0.468","0.460","5.67K","0.00%"
"29/09/2025","0.460","0.470","0.470","0.450","3.83K","1.77%"
"26/09/2025","0.452","0.460","0.470","0.446","34.28K","-4.64%"
"25/09/2025","0.474","0.447","0.474","0.446","9.88K","1.94%"
"24/09/2025","0.465","0.467","0.467","0.448","0.19K","-0.43%"
"23/09/2025","0.467","0.460","0.472","0.444","25.30K","1.97%"
"22/09/2025","0.458","0.490","0.490","0.444","40.75K","-6.53%"
"19/09/2025","0.490","0.498","0.499","0.475","14.85K","3.16%"
"18/09/2025","0.475","0.498","0.498","0.475","21.86K","-1.04%"
"17/09/2025","0.480","0.500","0.500","0.480","82.80K","-4.00%"
"16/09/2025","0.500","0.483","0.500","0.483","28.99K","0.00%"
"15/09/2025","0.500","0.500","0.500","0.483","2.59K","2.04%"
"12/09/2025","0.490","0.506","0.506","0.490","8.72K","-3.16%"
"11/09/2025","0.506","0.504","0.510","0.490","14.10K","0.40%"
"10/09/2025","0.504","0.500","0.504","0.490","15.04K","0.80%"
"09/09/2025","0.500","0.522","0.522","0.490","16.28K","-4.21%"
"08/09/2025","0.522","0.499","0.522","0.499","1.48K","-0.38%"
"05/09/2025","0.524","0.526","0.526","0.494","14.44K","1.16%"
"04/09/2025","0.518","0.518","0.518","0.492","9.06K","0.00%"
"03/09/2025","0.518","0.508","0.518","0.481","33.34K","4.65%"
"02/09/2025","0.495","0.520","0.520","0.481","28.38K","-3.32%"
"01/09/2025","0.512","0.534","0.534","0.481","101.07K","-4.12%"
"29/08/2025","0.534","0.530","0.540","0.504","21.64K","0.75%"
"28/08/2025","0.530","0.512","0.530","0.504","5.75K","3.11%"
"27/08/2025","0.514","0.538","0.538","0.504","10.58K","-4.10%"
"26/08/2025","0.536","0.538","0.538","0.504","5.07K","-0.37%"
"25/08/2025","0.538","0.548","0.548","0.502","34.60K","-0.37%"
"22/08/2025","0.540","0.546","0.546","0.514","16.02K","-1.10%"
"21/08/2025","0.546","0.530","0.548","0.498","50.02K","3.02%"
"20/08/2025","0.530","0.550","0.550","0.520","14.23K","-3.64%"
"19/08/2025","0.550","0.570","0.570","0.530","16.69K","3.77%"
"18/08/2025","0.530","0.572","0.572","0.528","5.46K","-3.64%"
"14/08/2025","0.550","0.566","0.570","0.528","19.59K","0.00%"
"13/08/2025","0.550","0.566","0.568","0.540","14.92K","0.36%"
"12/08/2025","0.548","0.556","0.570","0.526","36.73K","2.62%"
"11/08/2025","0.534","0.558","0.558","0.522","12.45K","-0.37%"
"08/08/2025","0.536","0.546","0.560","0.520","63.56K","0.00%"
"07/08/2025","0.536","0.560","0.560","0.524","20.14K","-2.19%"
"06/08/2025","0.548","0.540","0.570","0.522","42.78K","1.86%"
"05/08/2025","0.538","0.530","0.546","0.514","30.13K","7.17%"
"04/08/2025","0.502","0.522","0.530","0.499","46.77K","-1.57%"
"01/08/2025","0.510","0.520","0.536","0.493","31.96K","1.59%"
"31/07/2025","0.502","0.497","0.538","0.490","88.34K","2.87%"
"30/07/2025","0.488","0.487","0.516","0.466","105.29K","-2.20%"
"29/07/2025","0.499","0.514","0.514","0.484","37.45K","-2.92%"
"28/07/2025","0.514","0.502","0.522","0.482","59.44K","-1.53%"
"25/07/2025","0.522","0.532","0.532","0.492","39.23K","-0.38%"
"24/07/2025","0.524","0.522","0.536","0.506","33.14K","-2.96%"
"23/07/2025","0.540","0.546","0.546","0.524","28.75K","3.05%"
"22/07/2025","0.524","0.548","0.548","0.524","36.15K","-4.03%"
"21/07/2025","0.546","0.524","0.550","0.522","112.61K","2.63%"
"18/07/2025","0.532","0.572","0.600","0.532","118.55K","-6.99%"
"17/07/2025","0.572","0.564","0.596","0.510","396.67K","-4.67%"
"16/07/2025","0.600","0.612","0.612","0.554","50.24K","3.09%"
"15/07/2025","0.582","0.592","0.650","0.556","96.01K","-3.00%"
"14/07/2025","0.600","0.620","0.672","0.558","392.85K","-1.64%"
"11/07/2025","0.610","0.598","0.610","0.550","405.71K","38.64%"
"10/07/2025","0.440","0.434","0.440","0.400","26.09K","25.71%"
"09/07/2025","0.350","0.386","0.386","0.350","96.18K","-14.63%"
"08/07/2025","0.410","0.432","0.432","0.410","23.09K","-5.53%"
"07/07/2025","0.434","0.436","0.436","0.434","51.24K","-16.54%"
"04/07/2025","0.520","0.544","0.544","0.520","22.83K","0.00%"
"03/07/2025","0.520","0.480","0.520","0.480","67.39K","-22.85%"
"02/05/2025","0.674","0.650","0.694","0.650","228.64K","-4.80%"
"30/04/2025","0.708","0.736","0.736","0.680","172.59K","-3.01%"
"29/04/2025","0.730","0.688","0.756","0.634","1.24M","8.63%"
"28/04/2025","0.672","0.660","0.710","0.650","321.58K","-1.18%"
"25/04/2025","0.680","0.702","0.724","0.650","584.04K","-6.85%"
"24/04/2025","0.730","0.742","0.780","0.700","576.16K","-1.35%"
"23/04/2025","0.740","0.660","0.764","0.632","1.12M","12.12%"
"22/04/2025","0.660","0.798","0.800","0.660","1.09M","-17.50%"
"17/04/2025","0.800","0.670","0.800","0.604","1.36M","26.98%"
"16/04/2025","0.630","0.480","0.630","0.480","1.01M","31.25%"
"15/04/2025","0.480","0.482","0.482","0.453","197.83K","-0.21%"
"14/04/2025","0.481","0.516","0.516","0.480","168.06K","-6.42%"
"11/04/2025","0.514","0.500","0.520","0.481","137.04K","-1.15%"
"10/04/2025","0.520","0.556","0.558","0.480","360.29K","-1.89%"
"09/04/2025","0.530","0.594","0.594","0.526","632.96K","-10.77%"
"08/04/2025","0.594","0.620","0.620","0.552","487.97K","-5.11%"
"07/04/2025","0.626","0.638","0.654","0.530","405.32K","-1.88%"
"04/04/2025","0.638","0.610","0.664","0.606","355.33K","3.57%"
"03/04/2025","0.616","0.566","0.648","0.566","569.13K","8.83%"
"02/04/2025","0.566","0.610","0.628","0.526","586.95K","-3.41%"
"01/04/2025","0.586","0.472","0.606","0.472","1.31M","24.15%"
"31/03/2025","0.472","0.516","0.530","0.470","473.80K","-7.81%"
"28/03/2025","0.512","0.668","0.670","0.504","1.47M","-17.15%"
"27/03/2025","0.618","0.466","0.618","0.440","2.53M","40.45%"
"26/03/2025","0.440","0.330","0.440","0.330","721.46K","33.33%"
"25/03/2025","0.330","0.342","0.342","0.330","7.69K","-2.94%"
"24/03/2025","0.340","0.345","0.349","0.340","24.34K","-1.45%"
"21/03/2025","0.345","0.344","0.345","0.344","14.02K","0.29%"
"20/03/2025","0.344","0.337","0.344","0.333","6.53K","-0.29%"
"19/03/2025","0.345","0.343","0.345","0.343","0.44K","0.58%"
"18/03/2025","0.343","0.334","0.350","0.333","14.76K","0.29%"
"17/03/2025","0.342","0.347","0.347","0.334","9.17K","-1.44%"
"14/03/2025","0.347","0.332","0.350","0.332","17.09K","-0.57%"
"13/03/2025","0.349","0.341","0.350","0.336","10.04K","2.35%"
"12/03/2025","0.341","0.341","0.341","0.341","3.60K","2.71%"
"11/03/2025","0.332","0.341","0.341","0.332","11.40K","-2.64%"
"10/03/2025","0.341","0.339","0.346","0.334","25.58K","-1.45%"
"07/03/2025","0.346","0.348","0.356","0.340","9.35K","1.47%"
"06/03/2025","0.341","0.350","0.356","0.341","32.00K","-4.21%"
"05/03/2025","0.356","0.350","0.357","0.349","3.25K","-0.56%"
"04/03/2025","0.358","0.358","0.358","0.349","6.05K","0.28%"
"03/03/2025","0.357","0.359","0.360","0.342","17.67K","0.00%"
"28/02/2025","0.357","0.359","0.360","0.357","1.25K","0.00%"
"27/02/2025","0.357","0.359","0.360","0.357","20.90K","0.00%"
"26/02/2025","0.357","0.353","0.357","0.348","10.04K","0.85%"
"25/02/2025","0.354","0.357","0.357","0.348","4.59K","-0.56%"
"24/02/2025","0.356","0.356","0.360","0.347","22.21K","0.00%"
"21/02/2025","0.356","0.356","0.356","0.356","0.12K","-0.28%"
"20/02/2025","0.357","0.346","0.360","0.346","17.14K","-0.83%"
"19/02/2025","0.360","0.349","0.360","0.345","34.15K","0.84%"
"18/02/2025","0.357","0.350","0.359","0.344","29.60K","0.56%"
"17/02/2025","0.355","0.355","0.359","0.355","24.95K","0.00%"
"14/02/2025","0.355","0.351","0.357","0.345","39.11K","0.57%"
"13/02/2025","0.353","0.360","0.360","0.345","25.05K","-1.94%"
"12/02/2025","0.360","0.350","0.360","0.341","30.37K","0.00%"
"11/02/2025","0.360","0.356","0.360","0.338","60.55K","2.86%"
"10/02/2025","0.350","0.343","0.356","0.343","25.45K","0.29%"
"07/02/2025","0.349","0.346","0.358","0.340","68.30K","4.18%"
"06/02/2025","0.335","0.344","0.346","0.335","18.23K","-2.62%"
"05/02/2025","0.344","0.344","0.344","0.327","6.88K","0.00%"
"04/02/2025","0.344","0.349","0.349","0.327","12.44K","1.18%"
"03/02/2025","0.340","0.350","0.350","0.331","29.48K","-2.86%"
"31/01/2025","0.350","0.357","0.357","0.336","6.17K","-1.96%"
"30/01/2025","0.357","0.354","0.359","0.349","41.55K","0.56%"
"29/01/2025","0.355","0.355","0.355","0.340","31.64K","0.00%"
"28/01/2025","0.355","0.350","0.355","0.333","62.75K","1.43%"
"27/01/2025","0.350","0.350","0.350","0.332","18.55K","0.00%"
"24/01/2025","0.350","0.340","0.353","0.340","26.50K","0.00%"
"23/01/2025","0.350","0.349","0.353","0.338","11.26K","0.29%"
"22/01/2025","0.349","0.335","0.350","0.331","74.01K","4.18%"
"21/01/2025","0.335","0.359","0.365","0.324","224.81K","-6.69%"
"20/01/2025","0.359","0.367","0.368","0.350","49.28K","-0.28%"
"17/01/2025","0.360","0.360","0.360","0.351","25.71K","0.00%"
"16/01/2025","0.360","0.370","0.379","0.350","52.11K","-2.70%"
"15/01/2025","0.370","0.369","0.376","0.355","77.06K","-3.90%"
"14/01/2025","0.385","0.384","0.400","0.368","24.10K","4.05%"
"13/01/2025","0.370","0.380","0.390","0.357","264.00K","-2.37%"
"10/01/2025","0.379","0.402","0.402","0.331","121.53K","-4.77%"
"09/01/2025","0.398","0.404","0.410","0.375","8.41K","-1.49%"
"08/01/2025","0.404","0.431","0.439","0.399","42.32K","-6.26%"
"07/01/2025","0.431","0.442","0.450","0.403","43.07K","-2.49%"
"03/01/2025","0.442","0.368","0.444","0.340","253.02K","26.29%"
"02/01/2025","0.350","0.310","0.370","0.310","111.32K","21.11%"
"30/12/2024","0.289","0.290","0.290","0.278","16.18K","0.35%"
"27/12/2024","0.288","0.289","0.301","0.279","61.18K","-0.35%"
"23/12/2024","0.289","0.287","0.309","0.277","59.22K","-6.77%"
"20/12/2024","0.310","0.306","0.310","0.276","105.32K","-4.32%"
"19/12/2024","0.324","0.301","0.327","0.301","8.62K","3.18%"
"18/12/2024","0.314","0.302","0.314","0.300","57.69K","-1.57%"
"17/12/2024","0.319","0.300","0.325","0.300","4.82K","-1.85%"
"16/12/2024","0.325","0.310","0.325","0.299","28.15K","2.20%"
"13/12/2024","0.318","0.320","0.329","0.309","24.92K","-0.63%"
"12/12/2024","0.320","0.320","0.320","0.310","4.41K","0.00%"
"11/12/2024","0.320","0.319","0.330","0.312","60.47K","-5.60%"
"10/12/2024","0.339","0.340","0.340","0.319","7.63K","-0.29%"
"09/12/2024","0.340","0.320","0.340","0.320","33.38K","1.49%"
"06/12/2024","0.335","0.337","0.337","0.319","8.03K","-0.59%"
"05/12/2024","0.337","0.337","0.337","0.337","6.12K","0.00%"
"04/12/2024","0.337","0.328","0.339","0.316","4.56K","2.74%"
"03/12/2024","0.328","0.318","0.339","0.316","33.24K","3.80%"
"02/12/2024","0.316","0.328","0.330","0.316","6.32K","-3.95%"
"29/11/2024","0.329","0.316","0.329","0.300","109.25K","6.13%"
"28/11/2024","0.310","0.344","0.352","0.310","119.88K","-10.14%"
"27/11/2024","0.345","0.322","0.345","0.322","13.85K","1.47%"
"26/11/2024","0.340","0.339","0.340","0.315","17.46K","0.00%"
"25/11/2024","0.340","0.310","0.341","0.310","24.72K","-2.02%"
"22/11/2024","0.347","0.330","0.350","0.322","5.71K","5.15%"
"21/11/2024","0.330","0.330","0.330","0.330","17.06K","0.00%"
"20/11/2024","0.330","0.359","0.359","0.330","7.67K","-8.08%"
"19/11/2024","0.359","0.340","0.359","0.340","7.20K","5.59%"
"18/11/2024","0.340","0.349","0.359","0.320","13.08K","5.26%"
"15/11/2024","0.323","0.370","0.370","0.321","39.39K","-12.23%"
"14/11/2024","0.368","0.375","0.381","0.343","74.13K","-1.87%"
"13/11/2024","0.375","0.378","0.397","0.344","39.03K","-3.60%"
"12/11/2024","0.389","0.402","0.403","0.370","18.63K","-3.23%"
"08/11/2024","0.402","0.404","0.404","0.370","69.76K","0.75%"
"07/11/2024","0.399","0.394","0.405","0.394","15.98K","1.27%"
"06/11/2024","0.394","0.396","0.396","0.394","0.34K","-0.25%"
"05/11/2024","0.395","0.377","0.398","0.377","0.33K","-0.75%"
"04/11/2024","0.398","0.400","0.400","0.390","19.38K","1.02%"
"31/10/2024","0.394","0.394","0.400","0.376","9.57K","0.51%"
"30/10/2024","0.392","0.385","0.395","0.375","0.23K","-1.26%"
"29/10/2024","0.397","0.371","0.397","0.371","15.62K","1.79%"
"28/10/2024","0.390","0.371","0.390","0.370","0.58K","-0.26%"
"25/10/2024","0.391","0.385","0.391","0.370","3.95K","0.51%"
"24/10/2024","0.389","0.362","0.389","0.362","14.19K","2.91%"
"23/10/2024","0.378","0.370","0.378","0.370","3.46K","0.00%"
"22/10/2024","0.378","0.378","0.378","0.375","10.10K","-0.53%"
"21/10/2024","0.380","0.389","0.389","0.362","9.02K","-2.31%"
"18/10/2024","0.389","0.377","0.394","0.370","3.35K","-2.02%"
"17/10/2024","0.397","0.377","0.397","0.377","1.10K","-0.75%"
"16/10/2024","0.400","0.390","0.400","0.374","5.40K","0.25%"
"15/10/2024","0.399","0.372","0.399","0.371","4.95K","2.31%"
"14/10/2024","0.390","0.380","0.390","0.380","1.62K","1.56%"
"11/10/2024","0.384","0.371","0.384","0.368","21.95K","0.00%"
"10/10/2024","0.384","0.384","0.384","0.384","0.23K","-1.29%"
"09/10/2024","0.389","0.380","0.392","0.368","40.84K","-1.77%"
"08/10/2024","0.396","0.400","0.400","0.382","6.10K","-1.49%"
"07/10/2024","0.402","0.402","0.402","0.402","0.13K","2.55%"
"04/10/2024","0.392","0.375","0.400","0.373","127.19K","0.51%"
"03/10/2024","0.390","0.390","0.397","0.373","6.95K","-3.23%"
"02/10/2024","0.403","0.404","0.404","0.400","7.66K","-0.25%"
"01/10/2024","0.404","0.388","0.404","0.369","13.10K","3.59%"
"30/09/2024","0.390","0.410","0.414","0.388","11.32K","-4.18%"
"27/09/2024","0.407","0.411","0.411","0.401","0.87K","-0.97%"
"26/09/2024","0.411","0.392","0.418","0.390","3.57K","4.58%"
"25/09/2024","0.393","0.422","0.422","0.386","35.85K","-7.09%"
"24/09/2024","0.423","0.412","0.426","0.412","10.40K","2.42%"
"23/09/2024","0.413","0.416","0.418","0.391","2.44K","0.24%"
"20/09/2024","0.412","0.418","0.418","0.392","1.64K","-1.44%"
"19/09/2024","0.418","0.401","0.418","0.400","14.17K","0.97%"
"18/09/2024","0.414","0.416","0.416","0.398","2.54K","-0.48%"
"17/09/2024","0.416","0.380","0.416","0.371","64.43K","5.05%"
"16/09/2024","0.396","0.396","0.396","0.374","2.54K","0.00%"
"13/09/2024","0.396","0.391","0.396","0.390","9.60K","1.54%"
"12/09/2024","0.390","0.385","0.392","0.366","7.45K","1.04%"
"11/09/2024","0.386","0.370","0.387","0.361","27.64K","4.32%"
"10/09/2024","0.370","0.378","0.380","0.365","18.59K","-2.12%"
"09/09/2024","0.378","0.378","0.378","0.378","0.04K","-0.26%"
"06/09/2024","0.379","0.379","0.379","0.369","3.60K","0.26%"
"05/09/2024","0.378","0.379","0.379","0.373","6.14K","-0.53%"
"04/09/2024","0.380","0.368","0.380","0.361","28.45K","2.70%"
"03/09/2024","0.370","0.390","0.390","0.370","16.96K","-5.13%"
"02/09/2024","0.390","0.390","0.390","0.371","15.85K","0.26%"
"30/08/2024","0.389","0.390","0.390","0.370","20.60K","-0.26%"
"29/08/2024","0.390","0.400","0.400","0.381","49.74K","-3.23%"
"28/08/2024","0.403","0.390","0.404","0.380","38.61K","4.95%"
"27/08/2024","0.384","0.370","0.384","0.365","30.51K","2.67%"
"26/08/2024","0.374","0.384","0.384","0.363","5.32K","-0.53%"
"23/08/2024","0.376","0.390","0.396","0.367","152.15K","-2.08%"
"22/08/2024","0.384","0.398","0.398","0.370","56.67K","-6.34%"
"21/08/2024","0.410","0.404","0.412","0.397","25.96K","-1.44%"
"20/08/2024","0.416","0.424","0.424","0.397","166.30K","-1.89%"
"19/08/2024","0.424","0.447","0.447","0.411","67.27K","-5.57%"
"16/08/2024","0.449","0.475","0.488","0.400","691.74K","-4.47%"
"14/08/2024","0.470","0.349","0.470","0.349","598.98K","34.67%"
"13/08/2024","0.349","0.348","0.349","0.345","8.73K","0.00%"
"12/08/2024","0.349","0.343","0.349","0.328","0.73K","0.29%"
"09/08/2024","0.348","0.346","0.348","0.346","6.57K","0.87%"
"08/08/2024","0.345","0.331","0.345","0.315","34.90K","3.92%"
"07/08/2024","0.332","0.334","0.335","0.332","14.82K","-0.90%"
"06/08/2024","0.335","0.349","0.349","0.335","29.86K","-4.29%"
"05/08/2024","0.350","0.336","0.350","0.336","1.54K","4.17%"
"02/08/2024","0.336","0.349","0.360","0.336","15.20K","-3.72%"
"01/08/2024","0.349","0.353","0.354","0.349","8.26K","-1.13%"
"31/07/2024","0.353","0.358","0.358","0.345","0.84K","-1.40%"
"30/07/2024","0.358","0.346","0.358","0.346","6.51K","0.28%"
"29/07/2024","0.357","0.357","0.357","0.357","4.10K","0.00%"
"26/07/2024","0.357","0.334","0.357","0.334","5.50K","3.78%"
"25/07/2024","0.344","0.340","0.344","0.334","28.83K","-1.43%"
"24/07/2024","0.349","0.355","0.355","0.340","22.20K","-1.69%"
"23/07/2024","0.355","0.340","0.355","0.340","3.44K","1.43%"
"22/07/2024","0.350","0.345","0.355","0.339","9.65K","0.00%"
"19/07/2024","0.350","0.356","0.357","0.338","21.40K","-1.69%"
"18/07/2024","0.356","0.349","0.357","0.342","46.25K","-0.28%"
"17/07/2024","0.357","0.344","0.357","0.336","20.65K","3.78%"
"16/07/2024","0.344","0.357","0.357","0.330","58.96K","-3.64%"
"15/07/2024","0.357","0.366","0.366","0.350","23.77K","-2.46%"
"12/07/2024","0.366","0.340","0.370","0.340","44.12K","7.65%"
"11/07/2024","0.340","0.356","0.356","0.324","249.14K","-6.85%"
"10/07/2024","0.365","0.362","0.365","0.358","37.14K","0.83%"
"09/07/2024","0.362","0.359","0.362","0.350","15.72K","0.56%"
"08/07/2024","0.360","0.389","0.389","0.351","107.26K","-7.46%"
"05/07/2024","0.389","0.376","0.390","0.376","45.55K","3.73%"
"04/07/2024","0.375","0.390","0.390","0.370","73.37K","-5.78%"
"03/07/2024","0.398","0.390","0.410","0.370","492.52K","2.05%"
"02/07/2024","0.390","0.401","0.407","0.385","126.14K","-6.70%"
"01/07/2024","0.418","0.390","0.418","0.387","90.36K","0.00%"
"28/06/2024","0.418","0.408","0.419","0.408","20.72K","2.45%"
"27/06/2024","0.408","0.401","0.409","0.372","94.87K","-0.24%"
"26/06/2024","0.409","0.409","0.409","0.409","0.01K","2.25%"
"25/06/2024","0.400","0.415","0.415","0.397","16.42K","-3.85%"
"24/06/2024","0.416","0.409","0.416","0.397","6.67K","1.71%"
"21/06/2024","0.409","0.409","0.409","0.396","3.96K","0.00%"
"20/06/2024","0.409","0.416","0.416","0.399","17.91K","-1.68%"
"19/06/2024","0.416","0.416","0.416","0.400","7.29K","0.00%"
"18/06/2024","0.416","0.416","0.416","0.402","6.59K","4.26%"
"17/06/2024","0.399","0.416","0.416","0.396","18.13K","-4.09%"
"14/06/2024","0.416","0.413","0.418","0.396","84.57K","0.73%"
"13/06/2024","0.413","0.419","0.433","0.400","97.23K","-4.84%"
"12/06/2024","0.434","0.436","0.445","0.418","66.63K","-3.13%"
"11/06/2024","0.448","0.430","0.450","0.430","10.16K","1.13%"
"10/06/2024","0.443","0.457","0.467","0.430","42.32K","-0.67%"
"07/06/2024","0.446","0.473","0.473","0.446","15.38K","-1.33%"
"06/06/2024","0.452","0.462","0.473","0.446","21.33K","-2.38%"
"05/06/2024","0.463","0.463","0.463","0.450","0.15K","0.00%"
"04/06/2024","0.463","0.458","0.463","0.458","10.49K","1.09%"
"03/06/2024","0.458","0.463","0.463","0.435","11.25K","-1.93%"
"31/05/2024","0.467","0.444","0.467","0.444","8.51K","5.90%"
"29/05/2024","0.441","0.460","0.460","0.435","8.17K","-2.00%"
"28/05/2024","0.450","0.458","0.458","0.450","1.87K","-1.75%"
"27/05/2024","0.458","0.456","0.458","0.432","14.16K","0.00%"
"24/05/2024","0.458","0.459","0.459","0.441","4.00K","-0.22%"
"23/05/2024","0.459","0.451","0.463","0.451","3.11K","-0.86%"
"22/05/2024","0.463","0.451","0.463","0.451","1.10K","-0.22%"
"21/05/2024","0.464","0.460","0.464","0.450","28.03K","1.75%"
"20/05/2024","0.456","0.449","0.458","0.449","9.08K","-0.65%"
"17/05/2024","0.459","0.453","0.460","0.449","7.36K","-0.22%"
"16/05/2024","0.460","0.465","0.465","0.454","4.71K","1.32%"
"15/05/2024","0.454","0.467","0.469","0.450","6.60K","-2.78%"
"14/05/2024","0.467","0.457","0.469","0.454","7.99K","-0.43%"
"13/05/2024","0.469","0.468","0.469","0.459","2.59K","0.00%"
"10/05/2024","0.469","0.459","0.469","0.459","7.23K","2.18%"
"09/05/2024","0.459","0.452","0.459","0.450","22.53K","1.55%"
"08/05/2024","0.452","0.467","0.467","0.421","88.37K","-3.00%"
"07/05/2024","0.466","0.470","0.490","0.457","14.14K","-0.85%"
"06/05/2024","0.470","0.474","0.478","0.464","25.49K","-4.86%"
"02/05/2024","0.494","0.497","0.497","0.472","14.92K","2.92%"
"30/04/2024","0.480","0.475","0.480","0.465","34.23K","-0.83%"
"29/04/2024","0.484","0.485","0.490","0.471","42.68K","-0.21%"
"26/04/2024","0.485","0.489","0.489","0.477","20.58K","-0.82%"
"25/04/2024","0.489","0.490","0.504","0.472","33.77K","-3.36%"
"24/04/2024","0.506","0.496","0.506","0.472","39.56K","2.02%"
"23/04/2024","0.496","0.446","0.508","0.446","106.72K","11.96%"
"22/04/2024","0.443","0.434","0.445","0.426","0.44K","-0.67%"
"19/04/2024","0.446","0.446","0.447","0.429","20.14K","1.59%"
"18/04/2024","0.439","0.454","0.460","0.420","239.35K","-4.57%"
"17/04/2024","0.460","0.465","0.469","0.444","64.02K","-1.92%"
"16/04/2024","0.469","0.469","0.476","0.465","22.30K","-0.64%"
"15/04/2024","0.472","0.479","0.479","0.453","8.04K","-1.67%"
"12/04/2024","0.480","0.484","0.484","0.462","2.97K","-1.64%"
"11/04/2024","0.488","0.475","0.490","0.462","12.98K","2.74%"
"10/04/2024","0.475","0.465","0.478","0.461","11.58K","1.93%"
"09/04/2024","0.466","0.489","0.489","0.454","46.17K","-1.06%"
"08/04/2024","0.471","0.472","0.490","0.471","12.00K","-4.07%"
"05/04/2024","0.491","0.489","0.496","0.471","6.77K","1.45%"
"04/04/2024","0.484","0.483","0.494","0.463","31.18K","-0.21%"
"03/04/2024","0.485","0.508","0.510","0.472","33.82K","-5.64%"
"02/04/2024","0.514","0.467","0.514","0.445","65.66K","10.06%"
"28/03/2024","0.467","0.480","0.480","0.450","9.61K","-2.71%"
"27/03/2024","0.480","0.483","0.483","0.450","2.02K","-0.83%"
"26/03/2024","0.484","0.473","0.485","0.460","6.45K","-0.62%"
"25/03/2024","0.487","0.484","0.490","0.470","41.15K","3.62%"
"22/03/2024","0.470","0.478","0.480","0.447","3.90K","-1.05%"
"21/03/2024","0.475","0.470","0.479","0.445","0.60K","1.28%"
"20/03/2024","0.469","0.469","0.469","0.468","8.79K","0.21%"
"19/03/2024","0.468","0.468","0.468","0.439","10.36K","1.30%"
"18/03/2024","0.462","0.440","0.463","0.439","8.82K","-0.22%"
"15/03/2024","0.463","0.453","0.468","0.434","4.74K","-1.49%"
"14/03/2024","0.470","0.458","0.473","0.458","13.85K","2.62%"
"13/03/2024","0.458","0.446","0.458","0.420","44.98K","4.09%"
"12/03/2024","0.440","0.440","0.456","0.425","45.54K","-3.72%"
"11/03/2024","0.457","0.454","0.457","0.441","8.09K","1.33%"
"08/03/2024","0.451","0.453","0.453","0.437","11.16K","-0.44%"
"07/03/2024","0.453","0.460","0.460","0.430","8.80K","-1.52%"
"06/03/2024","0.460","0.446","0.483","0.434","50.22K","4.78%"
"05/03/2024","0.439","0.463","0.463","0.431","61.72K","-5.39%"
"04/03/2024","0.464","0.475","0.475","0.453","26.56K","-2.52%"
"01/03/2024","0.476","0.475","0.479","0.452","36.55K","0.00%"
"29/02/2024","0.476","0.488","0.488","0.455","61.85K","-2.86%"
"28/02/2024","0.490","0.487","0.490","0.478","1.47K","0.62%"
"27/02/2024","0.487","0.488","0.488","0.474","12.13K","-0.61%"
"26/02/2024","0.490","0.487","0.490","0.472","29.65K","0.82%"
"23/02/2024","0.486","0.487","0.489","0.470","28.40K","1.25%"
"22/02/2024","0.480","0.491","0.491","0.469","12.80K","-2.44%"
"21/02/2024","0.492","0.479","0.496","0.466","29.07K","2.50%"
"20/02/2024","0.480","0.482","0.482","0.463","13.54K","0.00%"
"19/02/2024","0.480","0.482","0.482","0.450","53.15K","-0.41%"
"16/02/2024","0.482","0.477","0.484","0.474","11.45K","-0.62%"
"15/02/2024","0.485","0.486","0.486","0.474","10.36K","0.00%"
"14/02/2024","0.485","0.510","0.510","0.471","41.47K","-1.42%"
"13/02/2024","0.492","0.486","0.512","0.477","97.23K","1.44%"
"12/02/2024","0.485","0.488","0.488","0.479","15.75K","-0.61%"
"09/02/2024","0.488","0.487","0.488","0.478","10.30K","0.21%"
"08/02/2024","0.487","0.480","0.488","0.476","21.24K","3.62%"
"07/02/2024","0.470","0.473","0.478","0.467","25.20K","-2.49%"
"06/02/2024","0.482","0.475","0.487","0.470","13.80K","0.42%"
"05/02/2024","0.480","0.486","0.486","0.472","13.93K","-1.23%"
"02/02/2024","0.486","0.480","0.491","0.475","29.30K","-0.41%"
"01/02/2024","0.488","0.489","0.491","0.477","9.22K","-0.20%"
"31/01/2024","0.489","0.489","0.491","0.470","42.46K","-0.41%"
"30/01/2024","0.491","0.489","0.492","0.489","23.61K","0.41%"
"29/01/2024","0.489","0.491","0.492","0.471","17.18K","3.60%"
"26/01/2024","0.472","0.487","0.491","0.470","58.02K","-1.67%"
"25/01/2024","0.480","0.489","0.490","0.480","29.50K","-1.84%"
"24/01/2024","0.489","0.487","0.491","0.481","8.65K","-0.41%"
"23/01/2024","0.491","0.488","0.493","0.480","12.70K","-0.41%"
"22/01/2024","0.493","0.490","0.495","0.488","11.72K","-0.60%"
"19/01/2024","0.496","0.498","0.498","0.491","23.76K","0.40%"
"18/01/2024","0.494","0.495","0.496","0.490","22.93K","0.20%"
"17/01/2024","0.493","0.494","0.498","0.489","40.23K","-0.60%"
"16/01/2024","0.496","0.495","0.496","0.493","11.61K","-0.20%"
"15/01/2024","0.497","0.496","0.500","0.495","12.36K","0.20%"
"12/01/2024","0.496","0.491","0.496","0.490","20.73K","-0.40%"
"11/01/2024","0.498","0.498","0.498","0.490","6.47K","0.00%"
"10/01/2024","0.498","0.499","0.499","0.494","18.81K","-0.40%"
"09/01/2024","0.500","0.508","0.508","0.492","43.63K","1.42%"
"08/01/2024","0.493","0.500","0.500","0.484","30.07K","-1.40%"
"05/01/2024","0.500","0.500","0.512","0.491","16.70K","0.00%"
"04/01/2024","0.500","0.514","0.514","0.490","62.08K","-1.96%"
"03/01/2024","0.510","0.518","0.520","0.502","29.26K","-2.67%"
"02/01/2024","0.524","0.487","0.532","0.487","102.41K","5.43%"
"29/12/2023","0.497","0.490","0.499","0.482","63.32K","1.64%"
"28/12/2023","0.489","0.488","0.490","0.472","23.76K","2.52%"
"27/12/2023","0.477","0.488","0.489","0.471","75.06K","-2.45%"
"22/12/2023","0.489","0.482","0.489","0.482","62.83K","-1.21%"
"21/12/2023","0.495","0.497","0.497","0.480","60.06K","1.02%"
"20/12/2023","0.490","0.498","0.500","0.478","104.78K","-1.21%"
"19/12/2023","0.496","0.493","0.510","0.491","47.96K","-0.80%"
"18/12/2023","0.500","0.498","0.510","0.493","75.95K","1.42%"
"15/12/2023","0.493","0.540","0.550","0.486","1.08M","-14.71%"
"14/12/2023","0.578","0.580","0.592","0.522","341.95K","-1.70%"
"13/12/2023","0.588","0.495","0.598","0.450","640.34K","6.91%"
"12/12/2023","0.550","0.500","0.550","0.484","122.13K","10.00%"
"11/12/2023","0.500","0.520","0.520","0.490","105.17K","-1.96%"
"08/12/2023","0.510","0.510","0.530","0.504","26.23K","-1.16%"
"07/12/2023","0.516","0.500","0.518","0.498","14.52K","3.20%"
"06/12/2023","0.500","0.512","0.518","0.492","47.38K","-2.34%"
"05/12/2023","0.512","0.522","0.530","0.502","65.22K","-1.92%"
"04/12/2023","0.522","0.536","0.544","0.510","67.13K","-2.97%"
"01/12/2023","0.538","0.546","0.548","0.510","124.69K","2.28%"
"30/11/2023","0.526","0.520","0.548","0.504","277.99K","7.35%"
"29/11/2023","0.490","0.480","0.491","0.473","40.46K","1.87%"
"28/11/2023","0.481","0.495","0.495","0.480","6.13K","-1.84%"
"27/11/2023","0.490","0.499","0.500","0.482","12.79K","2.08%"
"24/11/2023","0.480","0.495","0.495","0.480","36.63K","-3.03%"
"23/11/2023","0.495","0.493","0.495","0.476","7.75K","0.20%"
"22/11/2023","0.494","0.496","0.496","0.470","33.67K","-0.80%"
"21/11/2023","0.498","0.488","0.508","0.463","115.15K","2.05%"
"20/11/2023","0.488","0.496","0.496","0.470","42.76K","-1.61%"
"17/11/2023","0.496","0.518","0.518","0.476","44.78K","-0.80%"
"16/11/2023","0.500","0.524","0.524","0.484","59.48K","0.00%"
"15/11/2023","0.500","0.530","0.536","0.498","18.35K","-5.66%"
"14/11/2023","0.530","0.508","0.550","0.508","58.74K","4.33%"
"13/11/2023","0.508","0.490","0.510","0.486","19.41K","3.67%"
"10/11/2023","0.490","0.500","0.510","0.470","25.79K","-2.00%"
"09/11/2023","0.500","0.504","0.512","0.488","38.24K","0.40%"
"08/11/2023","0.498","0.514","0.518","0.497","47.18K","0.20%"
"07/11/2023","0.497","0.540","0.552","0.497","255.66K","-10.29%"
"06/11/2023","0.554","0.540","0.554","0.516","51.95K","3.36%"
"03/11/2023","0.536","0.540","0.540","0.522","39.89K","-1.11%"
"02/11/2023","0.542","0.534","0.552","0.522","29.39K","1.12%"
"31/10/2023","0.536","0.554","0.560","0.530","111.70K","-1.47%"
"30/10/2023","0.544","0.560","0.560","0.538","57.33K","0.74%"
"27/10/2023","0.540","0.600","0.600","0.540","400.74K","-9.70%"
"26/10/2023","0.598","0.558","0.600","0.554","180.98K","3.46%"
"25/10/2023","0.578","0.568","0.578","0.522","181.37K","1.76%"
"24/10/2023","0.568","0.548","0.586","0.510","458.45K","3.27%"
"23/10/2023","0.550","0.624","0.624","0.550","129.82K","-8.33%"
"20/10/2023","0.600","0.678","0.700","0.576","614.86K","-11.76%"
"19/10/2023","0.680","0.700","0.770","0.640","1.14M","30.77%"
"03/10/2023","0.520","0.498","0.520","0.480","25.54K","6.12%"
"02/10/2023","0.490","0.528","0.538","0.490","96.94K","-7.20%"
"29/09/2023","0.528","0.514","0.528","0.490","63.71K","6.24%"
"28/09/2023","0.497","0.504","0.520","0.480","101.24K","-3.68%"
"27/09/2023","0.516","0.580","0.590","0.492","325.58K","-11.03%"
"26/09/2023","0.580","0.500","0.580","0.480","481.47K","16.00%"
"25/09/2023","0.500","0.600","0.610","0.492","485.00K","-16.39%"
"22/09/2023","0.598","0.742","0.742","0.582","297.86K","-16.25%"
"21/09/2023","0.714","0.832","0.866","0.684","149.65K","-17.93%"
"20/09/2023","0.870","0.850","0.898","0.770","319.29K","-5.43%"
"04/05/2023","0.920","0.970","0.970","0.904","73.84K","-6.88%"
"02/05/2023","0.988","0.990","0.990","0.924","6.33K","-0.20%"
"28/04/2023","0.990","0.988","0.990","0.960","13.89K","0.20%"
"27/04/2023","0.988","0.942","0.990","0.942","10.70K","5.33%"
"26/04/2023","0.938","0.980","0.980","0.902","47.62K","-4.29%"
"25/04/2023","0.980","1.005","1.005","0.980","6.90K","-0.61%"
"24/04/2023","0.986","0.982","1.005","0.982","7.30K","-1.89%"
"21/04/2023","1.005","1.005","1.005","0.972","18.52K","1.11%"
"20/04/2023","0.994","0.982","1.005","0.982","6.46K","1.43%"
"19/04/2023","0.980","1.000","1.000","0.980","7.56K","-0.81%"
"18/04/2023","0.988","1.035","1.035","0.988","4.75K","-4.54%"
"17/04/2023","1.035","1.005","1.035","0.984","13.70K","4.55%"
"14/04/2023","0.990","1.035","1.035","0.970","70.55K","-0.80%"
"13/04/2023","0.998","0.998","1.095","0.970","156.55K","0.00%"
"12/04/2023","0.998","1.015","1.015","0.966","13.00K","-2.16%"
"11/04/2023","1.020","1.030","1.030","0.950","61.69K","-2.39%"
"06/04/2023","1.045","1.055","1.060","1.020","6.18K","-1.42%"
"05/04/2023","1.060","1.065","1.065","1.030","1.62K","3.92%"
"04/04/2023","1.020","1.045","1.060","1.020","50.08K","-2.39%"
"03/04/2023","1.045","1.080","1.080","1.045","10.80K","0.00%"
"31/03/2023","1.045","1.085","1.085","1.045","26.28K","-1.88%"
"30/03/2023","1.065","1.070","1.085","1.055","20.08K","0.00%"
"29/03/2023","1.065","1.055","1.085","1.055","3.29K","0.95%"
"28/03/2023","1.055","1.055","1.095","1.055","16.95K","0.48%"
"27/03/2023","1.050","1.075","1.095","1.045","36.58K","-1.41%"
"24/03/2023","1.065","1.120","1.120","1.040","54.82K","-4.91%"
"23/03/2023","1.120","1.120","1.135","1.070","16.43K","1.36%"
"22/03/2023","1.105","1.120","1.120","1.050","29.30K","-0.45%"
"21/03/2023","1.110","1.140","1.185","1.050","71.79K","0.91%"
"20/03/2023","1.100","1.040","1.140","1.040","32.09K","-0.90%"
"17/03/2023","1.110","1.060","1.165","1.050","36.16K","5.21%"
"16/03/2023","1.055","1.060","1.060","1.025","2.00K","2.43%"
"15/03/2023","1.030","1.090","1.090","1.020","9.20K","-5.07%"
"14/03/2023","1.085","1.060","1.090","1.000","45.39K","2.36%"
"13/03/2023","1.060","1.160","1.160","1.030","35.53K","-7.02%"
"10/03/2023","1.140","1.085","1.180","1.085","67.00K","3.17%"
"09/03/2023","1.105","1.130","1.130","1.080","9.33K","-0.45%"
"08/03/2023","1.110","1.050","1.110","1.050","43.92K","5.21%"
"07/03/2023","1.055","1.080","1.080","1.030","63.18K","-3.21%"
"06/03/2023","1.090","1.140","1.140","1.070","3.25K","-0.91%"
"03/03/2023","1.100","1.150","1.150","1.095","17.12K","0.00%"
"02/03/2023","1.100","1.145","1.170","1.090","49.57K","-2.22%"
"01/03/2023","1.125","1.150","1.150","1.035","501.55K","0.00%"
"28/02/2023","1.125","1.115","1.160","1.080","93.59K","0.90%"
"27/02/2023","1.115","1.050","1.145","1.040","37.58K","6.19%"
"24/02/2023","1.050","1.035","1.080","0.992","19.19K","1.94%"
"23/02/2023","1.030","1.010","1.035","0.952","61.75K","-0.48%"
"22/02/2023","1.035","1.035","1.035","1.000","6.59K","0.00%"
"21/02/2023","1.035","1.070","1.070","1.000","22.47K","-0.48%"
"20/02/2023","1.040","1.030","1.085","1.010","26.26K","0.97%"
"17/02/2023","1.030","1.090","1.095","1.000","94.99K","-5.50%"
"16/02/2023","1.090","1.130","1.150","1.050","28.30K","-3.54%"
"15/02/2023","1.130","1.135","1.245","1.110","115.42K","1.80%"
"14/02/2023","1.110","1.150","1.185","1.080","142.54K","-3.48%"
"13/02/2023","1.150","1.285","1.300","1.150","178.33K","-8.73%"
"10/02/2023","1.260","1.080","1.400","1.060","441.84K","12.50%"
"09/02/2023","1.120","1.185","1.220","1.080","117.81K","-8.94%"
"08/02/2023","1.230","1.250","1.250","1.185","147.21K","-3.15%"
"07/02/2023","1.270","1.300","1.320","1.170","486.87K","-0.39%"
"06/02/2023","1.275","1.100","1.360","1.010","715.83K","15.91%"
"03/02/2023","1.100","0.764","1.100","0.764","245.81K","39.59%"
"02/02/2023","0.788","0.800","0.800","0.762","16.46K","-1.50%"
"01/02/2023","0.800","0.830","0.850","0.752","57.80K","-3.61%"
"31/01/2023","0.830","0.748","0.850","0.706","104.83K","17.90%"
"30/01/2023","0.704","0.756","0.756","0.700","19.29K","-4.61%"
"27/01/2023","0.738","0.758","0.758","0.738","1.56K","-0.27%"
"26/01/2023","0.740","0.740","0.766","0.712","11.25K","0.54%"
"25/01/2023","0.736","0.766","0.766","0.700","48.82K","-3.92%"
"24/01/2023","0.766","0.778","0.778","0.732","0.75K","1.32%"
"23/01/2023","0.756","0.800","0.800","0.756","14.01K","-5.50%"
"20/01/2023","0.800","0.750","0.812","0.750","25.55K","6.67%"
"19/01/2023","0.750","0.716","0.750","0.716","12.61K","5.34%"
"18/01/2023","0.712","0.778","0.778","0.708","19.38K","-2.73%"
"17/01/2023","0.732","0.780","0.780","0.704","22.07K","0.55%"
"16/01/2023","0.728","0.702","0.760","0.702","13.20K","-4.21%"
"13/01/2023","0.760","0.778","0.780","0.738","20.53K","1.33%"
"12/01/2023","0.750","0.750","0.796","0.750","40.57K","0.00%"
"11/01/2023","0.750","0.792","0.792","0.750","48.60K","-4.82%"
"10/01/2023","0.788","0.830","0.830","0.752","93.73K","-4.60%"
"09/01/2023","0.826","0.854","0.890","0.790","106.11K","-5.06%"
"05/01/2023","0.870","0.860","0.898","0.836","60.58K","0.23%"
"04/01/2023","0.868","0.870","0.900","0.868","82.46K","-0.69%"
"03/01/2023","0.874","0.918","0.918","0.868","65.98K","-0.68%"
"02/01/2023","0.880","0.916","0.916","0.868","87.85K","-2.87%"
"30/12/2022","0.906","0.880","0.928","0.862","219.22K","0.89%"
"29/12/2022","0.898","0.900","0.930","0.860","151.68K","-0.22%"
"28/12/2022","0.900","0.812","0.960","0.810","750.95K","10.84%"
"27/12/2022","0.812","0.930","0.940","0.772","713.27K","-13.62%"
"23/12/2022","0.940","0.800","0.940","0.750","884.15K","56.15%"
"22/12/2022","0.602","0.435","0.602","0.435","297.87K","48.64%"
"21/12/2022","0.405","0.424","0.424","0.393","4.07K","-0.25%"
"20/12/2022","0.406","0.416","0.416","0.392","28.56K","-2.17%"
"19/12/2022","0.415","0.413","0.417","0.400","43.98K","-2.12%"
"16/12/2022","0.424","0.433","0.433","0.412","5.90K","-1.17%"
"15/12/2022","0.429","0.429","0.434","0.412","21.07K","2.14%"
"14/12/2022","0.420","0.419","0.422","0.412","15.36K","1.45%"
"13/12/2022","0.414","0.418","0.435","0.413","7.31K","-0.72%"
"12/12/2022","0.417","0.422","0.422","0.417","8.02K","-2.34%"
"09/12/2022","0.427","0.435","0.435","0.418","8.60K","2.40%"
"08/12/2022","0.417","0.440","0.440","0.417","6.94K","-4.14%"
"07/12/2022","0.435","0.429","0.440","0.417","11.72K","1.40%"
"06/12/2022","0.429","0.430","0.430","0.429","0.01K","2.14%"
"05/12/2022","0.420","0.445","0.445","0.418","17.46K","-5.83%"
"02/12/2022","0.446","0.448","0.448","0.446","0.10K","3.72%"
"01/12/2022","0.430","0.415","0.445","0.415","14.94K","3.61%"
"30/11/2022","0.415","0.438","0.438","0.413","18.72K","-1.19%"
"29/11/2022","0.420","0.440","0.440","0.419","6.05K","-1.18%"
"28/11/2022","0.425","0.455","0.455","0.422","63.92K","-5.56%"
"25/11/2022","0.450","0.454","0.455","0.440","7.61K","6.64%"
"24/11/2022","0.422","0.454","0.459","0.417","29.29K","-3.43%"
"23/11/2022","0.437","0.409","0.438","0.403","24.92K","6.85%"
"22/11/2022","0.409","0.414","0.414","0.409","0.01K","-1.21%"
"21/11/2022","0.414","0.427","0.427","0.410","13.80K","0.00%"
"18/11/2022","0.414","0.427","0.427","0.414","6.84K","-3.04%"
"17/11/2022","0.427","0.434","0.434","0.406","13.65K","3.64%"
"16/11/2022","0.412","0.439","0.439","0.404","46.10K","-4.41%"
"15/11/2022","0.431","0.452","0.452","0.429","24.53K","-2.05%"
"14/11/2022","0.440","0.452","0.452","0.440","0.95K","-2.65%"
"10/11/2022","0.452","0.456","0.456","0.440","7.50K","0.22%"
"09/11/2022","0.451","0.455","0.455","0.421","27.80K","-1.10%"
"08/11/2022","0.456","0.452","0.456","0.450","5.10K","5.56%"
"07/11/2022","0.432","0.450","0.450","0.430","8.15K","-4.42%"
"04/11/2022","0.452","0.456","0.456","0.452","0.23K","2.26%"
"03/11/2022","0.442","0.450","0.458","0.442","12.15K","-3.49%"
"02/11/2022","0.458","0.459","0.459","0.458","6.88K","0.00%"
"31/10/2022","0.458","0.445","0.458","0.417","4.80K","2.23%"
"28/10/2022","0.448","0.431","0.448","0.421","3.70K","0.00%"
"27/10/2022","0.448","0.430","0.448","0.430","12.85K","0.00%"
"26/10/2022","0.448","0.459","0.459","0.431","31.49K","-2.40%"
"25/10/2022","0.459","0.510","0.516","0.440","85.60K","-8.20%"
"24/10/2022","0.500","0.470","0.566","0.429","153.42K","3.31%"
"21/10/2022","0.484","0.450","0.484","0.417","76.30K","5.45%"
"20/10/2022","0.459","0.466","0.466","0.459","1.50K","-1.08%"
"19/10/2022","0.464","0.464","0.464","0.464","1.00K","0.00%"
"18/10/2022","0.464","0.468","0.468","0.464","0.01K","-1.28%"
"17/10/2022","0.470","0.472","0.472","0.470","1.11K","-0.42%"
"14/10/2022","0.472","0.476","0.476","0.453","1.32K","-0.84%"
"13/10/2022","0.476","0.480","0.480","0.476","0.01K","5.08%"
"12/10/2022","0.453","0.480","0.480","0.453","4.79K","-0.22%"
"11/10/2022","0.454","0.453","0.454","0.453","10.24K","0.89%"
"10/10/2022","0.450","0.454","0.454","0.416","2.51K","-0.88%"
"07/10/2022","0.454","0.468","0.479","0.454","2.72K","0.89%"
"06/10/2022","0.450","0.458","0.477","0.440","12.39K","-1.53%"
"05/10/2022","0.457","0.479","0.479","0.433","6.81K","1.11%"
"04/10/2022","0.452","0.481","0.481","0.452","20.06K","-0.44%"
"03/10/2022","0.454","0.466","0.466","0.454","4.47K","0.22%"
"30/09/2022","0.453","0.488","0.488","0.453","6.64K","0.00%"
"29/09/2022","0.453","0.490","0.490","0.452","0.04K","-7.55%"
"28/09/2022","0.490","0.496","0.496","0.454","5.32K","-1.21%"
"27/09/2022","0.496","0.462","0.496","0.460","0.78K","7.36%"
"26/09/2022","0.462","0.496","0.496","0.462","9.67K","-1.70%"
"23/09/2022","0.470","0.498","0.500","0.470","10.78K","3.07%"
"22/09/2022","0.456","0.500","0.500","0.456","8.08K","-6.94%"
"21/09/2022","0.490","0.482","0.500","0.460","13.49K","0.20%"
"20/09/2022","0.489","0.490","0.495","0.470","13.90K","-0.20%"
"19/09/2022","0.490","0.460","0.490","0.452","18.02K","0.00%"
"16/09/2022","0.490","0.492","0.492","0.460","9.92K","-0.20%"
"15/09/2022","0.491","0.460","0.499","0.460","3.21K","6.74%"
"14/09/2022","0.460","0.499","0.499","0.451","18.60K","-7.26%"
"13/09/2022","0.496","0.470","0.496","0.457","13.36K","1.22%"
"12/09/2022","0.490","0.499","0.499","0.458","6.70K","-1.41%"
"09/09/2022","0.497","0.496","0.497","0.494","6.61K","0.20%"
"08/09/2022","0.496","0.478","0.496","0.460","7.12K","9.01%"
"07/09/2022","0.455","0.490","0.490","0.451","9.25K","-9.00%"
"06/09/2022","0.500","0.499","0.500","0.498","3.96K","2.88%"
"05/09/2022","0.486","0.493","0.500","0.486","5.41K","4.29%"
"02/09/2022","0.466","0.477","0.477","0.432","6.92K","3.56%"
"01/09/2022","0.450","0.488","0.488","0.450","26.86K","-7.79%"
"31/08/2022","0.488","0.490","0.490","0.452","26.09K","1.67%"
"30/08/2022","0.480","0.461","0.480","0.450","22.44K","-1.03%"
"29/08/2022","0.485","0.488","0.488","0.461","2.00K","1.04%"
"26/08/2022","0.480","0.506","0.506","0.460","30.42K","0.00%"
"25/08/2022","0.480","0.518","0.518","0.480","14.69K","-2.83%"
"24/08/2022","0.494","0.497","0.497","0.484","12.26K","-0.60%"
"23/08/2022","0.497","0.500","0.500","0.485","46.34K","-2.55%"
"22/08/2022","0.510","0.534","0.534","0.502","22.97K","-1.92%"
"19/08/2022","0.520","0.536","0.536","0.520","2.10K","-2.99%"
"18/08/2022","0.536","0.534","0.536","0.520","1.30K","0.00%"
"17/08/2022","0.536","0.534","0.536","0.520","12.42K","0.37%"
"16/08/2022","0.534","0.536","0.536","0.514","5.58K","-0.37%"
"12/08/2022","0.536","0.500","0.536","0.500","5.52K","4.28%"
"11/08/2022","0.514","0.520","0.520","0.500","10.21K","-1.15%"
"10/08/2022","0.520","0.520","0.530","0.520","3.18K","-1.89%"
"09/08/2022","0.530","0.548","0.548","0.494","41.77K","-3.64%"
"08/08/2022","0.550","0.590","0.590","0.532","51.21K","-4.84%"
"05/08/2022","0.578","0.590","0.590","0.578","0.01K","-0.34%"
"04/08/2022","0.580","0.580","0.580","0.558","14.63K","0.00%"
"03/08/2022","0.580","0.596","0.596","0.556","5.86K","6.23%"
"02/08/2022","0.546","0.574","0.590","0.546","25.39K","-9.00%"
"01/08/2022","0.600","0.600","0.618","0.600","9.03K","0.00%"
"29/07/2022","0.600","0.610","0.612","0.582","10.78K","7.14%"
"28/07/2022","0.560","0.618","0.618","0.560","12.75K","-9.39%"
"27/07/2022","0.618","0.620","0.620","0.584","1.57K","-1.59%"
"26/07/2022","0.628","0.600","0.628","0.580","40.24K","4.67%"
"25/07/2022","0.600","0.638","0.638","0.600","56.16K","-2.60%"
"22/07/2022","0.616","0.616","0.620","0.584","12.76K","-0.65%"
"21/07/2022","0.620","0.628","0.658","0.580","30.49K","-1.27%"
"20/07/2022","0.628","0.558","0.672","0.558","75.28K","12.54%"
"19/07/2022","0.558","0.554","0.558","0.528","18.41K","1.09%"
"18/07/2022","0.552","0.554","0.554","0.544","14.73K","1.10%"
"15/07/2022","0.546","0.522","0.546","0.516","27.55K","6.64%"
"14/07/2022","0.512","0.562","0.562","0.510","55.39K","-9.22%"
"13/07/2022","0.564","0.516","0.566","0.490","61.95K","8.46%"
"12/07/2022","0.520","0.512","0.522","0.490","24.01K","0.78%"
"11/07/2022","0.516","0.532","0.532","0.504","10.69K","-3.73%"
"08/07/2022","0.536","0.506","0.554","0.506","83.17K","-2.55%"
"07/07/2022","0.550","0.608","0.608","0.506","91.41K","-6.78%"
"06/07/2022","0.590","0.614","0.614","0.554","43.92K","-3.91%"
"05/07/2022","0.614","0.618","0.634","0.614","2.88K","0.66%"
"04/07/2022","0.610","0.650","0.668","0.590","71.22K","-4.98%"
"01/07/2022","0.642","0.620","0.682","0.610","41.45K","1.58%"
"30/06/2022","0.632","0.660","0.698","0.632","65.15K","-5.67%"
"29/06/2022","0.670","0.788","0.788","0.656","123.85K","-15.19%"
"28/06/2022","0.790","0.632","0.816","0.632","140.51K","17.56%"
"27/06/2022","0.672","0.790","0.790","0.672","136.95K","-15.79%"
"24/06/2022","0.798","0.890","1.050","0.730","787.12K","-10.94%"
"23/06/2022","0.896","0.720","0.896","0.680","344.28K","26.20%"
"22/06/2022","0.710","0.580","0.718","0.570","253.54K","26.79%"
"21/06/2022","0.560","0.540","0.650","0.520","159.19K","12.00%"
"20/06/2022","0.500","0.500","0.550","0.461","55.74K","8.70%"
"17/06/2022","0.460","0.526","0.560","0.460","68.58K","2.22%"
"15/06/2022","0.450","0.416","0.450","0.400","26.96K","11.94%"
"14/06/2022","0.402","0.445","0.445","0.401","83.02K","-9.66%"
"13/06/2022","0.445","0.412","0.453","0.400","66.87K","3.49%"
"10/06/2022","0.430","0.500","0.500","0.405","111.26K","-8.51%"
"09/06/2022","0.470","0.610","0.610","0.470","352.18K","-21.67%"
"08/06/2022","0.600","0.640","0.640","0.576","48.81K","-1.64%"
"07/06/2022","0.610","0.616","0.648","0.610","15.77K","-0.97%"
"06/06/2022","0.616","0.630","0.696","0.616","42.99K","-5.23%"
"03/06/2022","0.650","0.688","0.688","0.650","10.75K","-2.99%"
"02/06/2022","0.670","0.756","0.756","0.662","17.59K","-4.29%"
"01/06/2022","0.700","0.728","0.728","0.690","24.83K","-1.69%"
"31/05/2022","0.712","0.732","0.732","0.712","30.43K","-2.47%"
"30/05/2022","0.730","0.728","0.732","0.728","22.42K","1.39%"
"27/05/2022","0.720","0.700","0.728","0.690","34.63K","-1.37%"
"26/05/2022","0.730","0.730","0.740","0.730","46.39K","-1.35%"
"25/05/2022","0.740","0.900","0.900","0.730","339.62K","-18.68%"
"24/05/2022","0.910","1.030","1.030","0.866","215.64K","-12.92%"
"23/05/2022","1.045","1.040","1.080","1.025","31.02K","-1.42%"
"20/05/2022","1.060","1.195","1.195","1.060","188.75K","-15.20%"
"19/05/2022","1.250","1.250","1.250","1.190","9.50K","4.17%"
"18/05/2022","1.200","1.300","1.300","1.180","19.36K","-7.69%"
"17/05/2022","1.300","1.310","1.310","1.260","2.41K","0.00%"
"16/05/2022","1.300","1.300","1.325","1.300","1.00K","0.00%"
"13/05/2022","1.300","1.310","1.310","1.300","0.16K","4.84%"
"12/05/2022","1.240","1.280","1.280","1.240","5.51K","-2.36%"
"11/05/2022","1.270","1.325","1.325","1.260","5.92K","-4.51%"
"10/05/2022","1.330","1.290","1.330","1.290","1.21K","7.26%"
"09/05/2022","1.240","1.330","1.330","1.240","3.10K","-6.77%"
"06/05/2022","1.330","1.350","1.350","1.250","12.60K","2.31%"
"05/05/2022","1.300","1.300","1.300","1.235","2.28K","0.00%"
"04/05/2022","1.300","1.400","1.400","1.290","6.89K","-5.11%"
"02/05/2022","1.370","1.400","1.400","1.340","4.11K","-2.14%"
"29/04/2022","1.400","1.420","1.420","1.355","2.87K","0.36%"
"28/04/2022","1.395","1.395","1.395","1.395","2.02K","0.00%"
"27/04/2022","1.395","1.420","1.420","1.340","4.35K","3.33%"
"26/04/2022","1.350","1.425","1.425","1.350","3.01K","0.00%"
"25/04/2022","1.350","1.360","1.430","1.350","10.00K","-0.37%"
"22/04/2022","1.355","1.440","1.440","1.355","2.47K","-6.23%"
"21/04/2022","1.445","1.480","1.480","1.445","0.30K","-1.03%"
"20/04/2022","1.460","1.425","1.470","1.355","31.29K","2.46%"
"19/04/2022","1.425","1.400","1.425","1.360","7.26K","4.78%"
"14/04/2022","1.360","1.420","1.420","1.350","1.38K","-4.90%"
"13/04/2022","1.430","1.420","1.430","1.410","8.10K","0.35%"
"12/04/2022","1.425","1.380","1.425","1.320","8.44K","3.26%"
"11/04/2022","1.380","1.370","1.380","1.340","3.51K","0.73%"
"08/04/2022","1.370","1.400","1.400","1.340","5.78K","0.74%"
"07/04/2022","1.360","1.430","1.430","1.360","4.45K","0.00%"
"06/04/2022","1.360","1.440","1.440","1.360","7.40K","-2.86%"
"05/04/2022","1.400","1.470","1.470","1.370","9.97K","-3.45%"
"04/04/2022","1.450","1.440","1.500","1.400","32.08K","1.05%"
"01/04/2022","1.435","1.400","1.440","1.395","9.20K","2.50%"
"31/03/2022","1.400","1.420","1.420","1.350","13.46K","-1.41%"
"30/03/2022","1.420","1.400","1.430","1.370","8.78K","1.43%"
"29/03/2022","1.400","1.430","1.430","1.360","21.45K","0.00%"
"28/03/2022","1.400","1.430","1.430","1.360","16.61K","-0.71%"
"25/03/2022","1.410","1.480","1.480","1.380","17.18K","-4.73%"
"24/03/2022","1.480","1.310","1.480","1.310","16.09K","5.71%"
"23/03/2022","1.400","1.430","1.430","1.300","24.81K","0.00%"
"22/03/2022","1.400","1.450","1.450","1.310","25.28K","0.00%"
"21/03/2022","1.400","1.470","1.480","1.325","24.30K","-2.78%"
"18/03/2022","1.440","1.415","1.470","1.315","32.61K","6.27%"
"17/03/2022","1.355","1.560","1.590","1.340","95.28K","-13.14%"
"16/03/2022","1.560","1.285","1.575","1.230","132.53K","25.30%"
"15/03/2022","1.245","1.290","1.290","1.245","5.01K","-4.23%"
"14/03/2022","1.300","1.350","1.350","1.300","2.52K","-4.41%"
"11/03/2022","1.360","1.350","1.370","1.350","6.86K","-2.86%"
"10/03/2022","1.400","1.430","1.430","1.400","1.18K","7.69%"
"09/03/2022","1.300","1.390","1.390","1.300","5.92K","-7.14%"
"08/03/2022","1.400","1.430","1.430","1.400","0.13K","-1.06%"
"07/03/2022","1.415","1.430","1.430","1.415","3.00K","1.07%"
"04/03/2022","1.400","1.400","1.450","1.270","6.92K","0.00%"
"03/03/2022","1.400","1.300","1.400","1.250","1.08M","3.70%"
"02/03/2022","1.350","1.360","1.360","1.240","5.86K","2.27%"
"01/03/2022","1.320","1.260","1.320","1.155","7.65K","4.76%"
"28/02/2022","1.260","1.320","1.360","1.260","2.57K","-1.56%"
"25/02/2022","1.280","1.110","1.320","1.110","43.13K","13.27%"
"24/02/2022","1.130","1.250","1.250","1.130","14.87K","-14.39%"
"23/02/2022","1.320","1.320","1.320","1.220","5.27K","1.54%"
"22/02/2022","1.300","1.260","1.300","1.210","9.09K","0.00%"
"21/02/2022","1.300","1.270","1.300","1.250","2.55K","1.96%"
"18/02/2022","1.275","1.395","1.395","1.260","11.44K","-8.60%"
"17/02/2022","1.395","1.390","1.395","1.390","0.81K","-3.79%"
"16/02/2022","1.450","1.400","1.450","1.330","2.29K","3.57%"
"15/02/2022","1.400","1.330","1.450","1.330","9.90K","5.26%"
"14/02/2022","1.330","1.350","1.350","1.250","16.11K","-1.48%"
"11/02/2022","1.350","1.365","1.365","1.350","7.97K","-3.57%"
"10/02/2022","1.400","1.480","1.480","1.380","4.02K","-1.41%"
"09/02/2022","1.420","1.430","1.480","1.390","3.50K","-0.70%"
"08/02/2022","1.430","1.440","1.440","1.430","0.01K","-0.35%"
"07/02/2022","1.435","1.390","1.440","1.380","5.30K","-1.03%"
"04/02/2022","1.450","1.490","1.490","1.380","3.23K","-2.68%"
"03/02/2022","1.490","1.495","1.495","1.380","5.31K","-1.00%"
"02/02/2022","1.505","1.525","1.525","1.400","4.60K","0.67%"
"01/02/2022","1.495","1.550","1.550","1.360","6.95K","-0.33%"
"31/01/2022","1.500","1.500","1.500","1.400","13.29K","-1.32%"
"28/01/2022","1.520","1.590","1.590","1.450","6.31K","-4.40%"
"27/01/2022","1.590","1.600","1.600","1.470","5.37K","-1.85%"
"26/01/2022","1.620","1.620","1.620","1.620","0.05K","5.19%"
"25/01/2022","1.540","1.500","1.540","1.490","9.75K","0.00%"
"24/01/2022","1.540","1.580","1.660","1.470","82.56K","0.00%"
"21/01/2022","1.540","1.560","1.560","1.470","11.59K","1.65%"
"20/01/2022","1.515","1.595","1.595","1.510","1.90K","-5.31%"
"19/01/2022","1.600","1.670","1.670","1.505","16.39K","-1.54%"
"18/01/2022","1.625","1.680","1.680","1.535","7.70K","-0.91%"
"17/01/2022","1.640","1.590","1.640","1.530","5.69K","3.14%"
"14/01/2022","1.590","1.560","1.590","1.500","20.49K","0.00%"
"13/01/2022","1.590","1.600","1.600","1.505","5.55K","2.58%"
"12/01/2022","1.550","1.550","1.550","1.500","7.61K","0.00%"
"11/01/2022","1.550","1.480","1.550","1.450","9.49K","4.73%"
"10/01/2022","1.480","1.500","1.500","1.415","6.44K","-1.33%"
"07/01/2022","1.500","1.440","1.580","1.400","6.17K","0.00%"
"05/01/2022","1.500","1.560","1.680","1.430","37.32K","-4.46%"
"04/01/2022","1.570","1.500","1.580","1.400","26.08K","3.97%"
"03/01/2022","1.510","1.250","1.510","1.220","19.22K","16.15%"
"30/12/2021","1.300","1.300","1.300","1.230","22.08K","0.00%"
"29/12/2021","1.300","1.210","1.300","1.210","179.78K","7.88%"
"28/12/2021","1.205","1.260","1.260","1.200","202.95K","-2.82%"
"27/12/2021","1.240","1.250","1.280","1.200","54.49K","-4.62%"
"23/12/2021","1.300","1.300","1.350","1.220","34.71K","-2.62%"
"22/12/2021","1.335","1.380","1.380","1.335","35.88K","-3.26%"
"21/12/2021","1.380","1.420","1.420","1.360","29.48K","-2.82%"
"20/12/2021","1.420","1.500","1.500","1.370","161.72K","-4.05%"
"17/12/2021","1.480","1.510","1.540","1.470","143.70K","-3.90%"
"16/12/2021","1.540","1.630","1.630","1.500","66.14K","-5.52%"
"15/12/2021","1.630","1.650","1.650","1.555","52.25K","5.16%"
"14/12/2021","1.550","1.690","1.690","1.500","31.97K","-3.73%"
"13/12/2021","1.610","1.715","1.715","1.610","3.22K","-6.12%"
"10/12/2021","1.715","1.750","1.750","1.620","10.30K","-4.19%"
"09/12/2021","1.790","1.810","1.810","1.675","12.64K","0.00%"
"08/12/2021","1.790","1.750","1.800","1.620","36.56K","2.29%"
"07/12/2021","1.750","1.790","1.800","1.620","16.23K","0.00%"
"06/12/2021","1.750","1.790","1.790","1.720","9.70K","2.94%"
"03/12/2021","1.700","1.790","1.790","1.700","4.02K","5.26%"
"02/12/2021","1.615","1.760","1.760","1.615","4.04K","-6.10%"
"01/12/2021","1.720","1.750","1.760","1.700","4.30K","1.18%"
"30/11/2021","1.700","1.700","1.760","1.630","7.52K","-1.16%"
"29/11/2021","1.720","1.785","1.785","1.610","8.63K","-2.27%"
"26/11/2021","1.760","1.790","1.790","1.620","9.61K","-2.22%"
"25/11/2021","1.800","1.710","1.800","1.610","20.31K","10.77%"
"24/11/2021","1.625","1.550","1.625","1.530","12.70K","4.84%"
"23/11/2021","1.550","1.700","1.700","1.550","9.07K","-5.49%"
"22/11/2021","1.640","1.710","1.710","1.550","3.81K","-1.20%"
"19/11/2021","1.660","1.650","1.700","1.530","7.61K","0.61%"
"18/11/2021","1.650","1.690","1.730","1.645","31.22K","0.00%"
"17/11/2021","1.650","1.700","1.700","1.640","4.61K","-2.94%"
"16/11/2021","1.700","1.900","1.900","1.640","32.27K","-5.56%"
"15/11/2021","1.800","1.900","1.900","1.760","6.46K","-6.25%"
"12/11/2021","1.920","1.950","1.950","1.920","1.65K","-1.03%"
"10/11/2021","1.940","1.940","1.940","1.750","15.22K","2.11%"
"09/11/2021","1.900","1.890","1.910","1.830","2.55K","-0.52%"
"08/11/2021","1.910","2.000","2.000","1.910","7.62K","-3.05%"
"05/11/2021","1.970","2.000","2.000","1.910","3.51K","1.03%"
"04/11/2021","1.950","2.040","2.040","1.920","6.67K","-4.88%"
"03/11/2021","2.050","2.090","2.090","1.910","5.45K","-1.91%"
"02/11/2021","2.090","2.150","2.200","1.960","35.31K","-0.48%"
"29/10/2021","2.100","1.690","2.100","1.560","110.22K","24.26%"
"28/10/2021","1.690","1.940","1.950","1.580","76.83K","-11.52%"
"27/10/2021","1.910","1.990","1.990","1.870","33.45K","-4.50%"
"26/10/2021","2.000","2.060","2.060","2.000","1.55K","-2.91%"
"25/10/2021","2.060","2.060","2.080","1.990","9.87K","0.98%"
"22/10/2021","2.040","2.100","2.100","2.030","5.62K","-2.86%"
"21/10/2021","2.100","2.100","2.100","2.000","5.55K","1.45%"
"20/10/2021","2.070","2.110","2.140","1.990","6.27K","-2.82%"
"19/10/2021","2.130","2.150","2.150","1.940","23.95K","1.43%"
"18/10/2021","2.100","2.140","2.140","2.060","4.27K","-0.47%"
"15/10/2021","2.110","2.150","2.150","2.110","3.29K","0.00%"
"14/10/2021","2.110","2.120","2.120","2.050","23.75K","-1.40%"
"13/10/2021","2.140","2.150","2.150","2.070","2.20K","0.47%"
"12/10/2021","2.130","2.150","2.150","2.100","8.70K","-0.93%"
"11/10/2021","2.150","2.100","2.150","2.100","9.36K","2.38%"
"08/10/2021","2.100","2.300","2.300","2.070","17.54K","-0.94%"
"07/10/2021","2.120","2.140","2.150","2.100","4.05K","-1.40%"
"06/10/2021","2.150","2.180","2.180","2.050","7.38K","0.00%"
"05/10/2021","2.150","2.140","2.250","2.050","40.23K","3.37%"
"04/10/2021","2.080","2.170","2.250","2.080","26.83K","-4.15%"
"01/10/2021","2.170","2.280","2.280","2.150","31.51K","-4.82%"
"30/09/2021","2.280","2.300","2.360","2.080","47.21K","-0.87%"
"29/09/2021","2.300","2.400","2.520","2.260","33.77K","-2.13%"
"28/09/2021","2.350","2.330","2.450","2.300","10.84K","0.00%"
"27/09/2021","2.350","2.530","2.530","2.310","36.15K","-6.00%"
"24/09/2021","2.500","2.590","2.600","2.500","14.37K","-3.10%"
"23/09/2021","2.580","2.660","2.660","2.530","12.98K","-3.37%"
"22/09/2021","2.670","2.730","2.730","2.530","62.52K","-0.37%"
"21/09/2021","2.680","2.600","2.680","2.540","4.45K","3.08%"
"20/09/2021","2.600","2.700","2.700","2.520","17.70K","-3.35%"
"17/09/2021","2.690","2.720","2.720","2.550","2.63K","-1.82%"
"16/09/2021","2.740","2.760","2.760","2.640","6.30K","-1.44%"
"15/09/2021","2.780","2.640","2.780","2.620","5.92K","6.92%"
"14/09/2021","2.600","2.610","2.610","2.500","6.18K","-0.38%"
"13/09/2021","2.610","2.600","2.670","2.500","18.44K","-1.51%"
"10/09/2021","2.650","2.600","2.680","2.600","18.06K","1.53%"
"09/09/2021","2.610","2.700","2.700","2.600","2.36K","-2.61%"
"08/09/2021","2.680","2.730","2.730","2.660","1.53K","0.75%"
"07/09/2021","2.660","2.740","2.740","2.650","10.82K","-2.92%"
"06/09/2021","2.740","2.750","2.800","2.650","4.53K","-3.52%"
"03/09/2021","2.840","2.860","2.860","2.700","3.55K","1.79%"
"02/09/2021","2.790","2.770","2.790","2.700","8.97K","1.09%"
"01/09/2021","2.760","2.800","2.850","2.730","3.13K","-1.08%"
"31/08/2021","2.790","2.800","2.800","2.720","1.72K","1.09%"
"30/08/2021","2.760","2.800","2.800","2.720","12.10K","-0.72%"
"27/08/2021","2.780","2.800","2.800","2.740","1.38K","-0.71%"
"26/08/2021","2.800","2.800","2.800","2.740","1.01K","0.00%"
"25/08/2021","2.800","2.850","2.850","2.740","2.45K","-2.44%"
"24/08/2021","2.870","2.880","2.880","2.770","5.58K","-0.35%"
"23/08/2021","2.880","2.900","2.900","2.800","0.57K","0.70%"
"20/08/2021","2.860","2.900","2.900","2.800","5.28K","-1.38%"
"19/08/2021","2.900","2.950","2.950","2.800","11.44K","-1.02%"
"18/08/2021","2.930","2.960","2.960","2.850","3.49K","-1.01%"
"17/08/2021","2.960","2.970","2.980","2.830","10.93K","0.00%"
"16/08/2021","2.960","2.920","3.000","2.800","4.59K","1.37%"
"13/08/2021","2.920","3.000","3.040","2.800","17.31K","-2.67%"
"12/08/2021","3.000","3.040","3.040","2.900","7.68K","-1.32%"
"11/08/2021","3.040","3.090","3.090","2.900","9.13K","-1.62%"
"10/08/2021","3.090","3.100","3.120","2.950","37.25K","-0.32%"
"09/08/2021","3.100","2.880","3.100","2.740","61.61K","7.64%"
"06/08/2021","2.880","2.900","2.900","2.750","10.62K","5.49%"
"05/08/2021","2.730","2.780","2.910","2.660","29.26K","-1.80%"
"04/08/2021","2.780","2.780","2.800","2.650","1.58K","-0.71%"
"03/08/2021","2.800","2.750","2.860","2.750","3.53K","0.00%"
"02/08/2021","2.800","2.930","2.940","2.800","8.70K","-1.75%"
"30/07/2021","2.850","2.580","2.850","2.530","19.87K","10.47%"
"29/07/2021","2.580","2.600","2.600","2.510","3.70K","1.98%"
"28/07/2021","2.530","2.690","2.690","2.520","2.50K","0.40%"
"27/07/2021","2.520","2.600","2.600","2.520","2.20K","-0.40%"
"26/07/2021","2.530","2.740","2.740","2.520","18.21K","-6.30%"
"23/07/2021","2.700","2.700","2.700","2.520","2.17K","0.00%"
"22/07/2021","2.700","2.740","2.740","2.550","3.68K","3.05%"
"21/07/2021","2.620","2.600","2.640","2.480","10.09K","0.77%"
"20/07/2021","2.600","2.610","2.620","2.470","7.21K","-0.76%"
"19/07/2021","2.620","2.690","2.690","2.520","5.09K","-2.60%"
"16/07/2021","2.690","2.580","2.690","2.500","10.70K","4.26%"
"15/07/2021","2.580","2.750","2.750","2.500","20.16K","1.18%"
"14/07/2021","2.550","2.750","2.820","2.540","45.57K","-5.20%"
"13/07/2021","2.690","2.640","2.780","2.620","13.36K","4.26%"
"12/07/2021","2.580","2.860","2.960","2.580","38.04K","-11.03%"
"09/07/2021","2.900","2.980","2.980","2.860","11.86K","-2.36%"
"08/07/2021","2.970","2.940","3.010","2.860","7.91K","1.02%"
"07/07/2021","2.940","3.020","3.030","2.940","26.80K","-2.33%"
"06/07/2021","3.010","3.000","3.020","2.950","2.70K","-0.99%"
"05/07/2021","3.040","2.960","3.040","2.940","31.32K","1.33%"
"02/07/2021","3.000","2.800","3.000","2.800","7.28K","2.39%"
"01/07/2021","2.930","2.980","3.040","2.820","20.01K","-1.68%"
"30/06/2021","2.980","2.860","2.980","2.820","11.85K","2.76%"
"29/06/2021","2.900","3.080","3.100","2.850","27.88K","0.00%"
"28/06/2021","2.900","3.020","3.140","2.900","84.07K","0.00%"
"25/06/2021","2.900","2.780","2.920","2.770","34.17K","5.84%"
"24/06/2021","2.740","2.490","2.780","2.490","46.45K","10.04%"
"23/06/2021","2.490","2.410","2.490","2.410","6.94K","0.40%"
"22/06/2021","2.480","2.350","2.500","2.350","26.20K","5.08%"
"21/06/2021","2.360","2.510","2.510","2.300","53.83K","-5.60%"
"18/06/2021","2.500","2.720","2.720","2.450","36.15K","-8.09%"
"17/06/2021","2.720","2.780","2.790","2.640","11.50K","-2.51%"
"16/06/2021","2.790","2.890","2.900","2.640","50.26K","-3.46%"
"15/06/2021","2.890","2.950","2.950","2.810","28.82K","-1.03%"
"14/06/2021","2.920","2.880","2.940","2.840","23.02K","0.69%"
"11/06/2021","2.900","2.960","2.980","2.850","45.15K","-3.01%"
"10/06/2021","2.990","2.990","3.010","2.960","24.37K","-0.66%"
"09/06/2021","3.010","2.990","3.130","2.970","21.83K","-0.33%"
"08/06/2021","3.020","3.200","3.200","2.950","159.60K","-6.79%"
"07/06/2021","3.240","3.270","3.270","3.160","22.18K","-0.31%"
"04/06/2021","3.250","3.220","3.280","3.160","9.11K","-1.22%"
"02/06/2021","3.290","3.290","3.290","3.200","3.33K","0.30%"
"01/06/2021","3.280","3.300","3.300","3.170","29.64K","-0.61%"
"31/05/2021","3.300","3.360","3.360","3.200","6.47K","0.00%"
"28/05/2021","3.300","3.280","3.320","3.170","12.03K","0.00%"
"27/05/2021","3.300","3.200","3.360","3.150","18.78K","3.12%"
"26/05/2021","3.200","3.170","3.300","3.170","26.22K","-2.14%"
"25/05/2021","3.270","3.400","3.400","3.150","90.20K","-3.82%"
"24/05/2021","3.400","3.640","3.640","3.320","92.20K","-7.86%"
"21/05/2021","3.690","3.480","3.790","3.330","217.71K","6.96%"
"20/05/2021","3.450","3.390","3.480","3.350","5.56K","1.77%"
"19/05/2021","3.390","3.350","3.480","3.220","20.56K","0.89%"
"18/05/2021","3.360","3.370","3.450","3.270","5.19K","-0.30%"
"17/05/2021","3.370","3.320","3.480","3.270","23.34K","-0.59%"
"14/05/2021","3.390","3.290","3.400","3.200","17.80K","5.28%"
"13/05/2021","3.220","3.300","3.380","3.120","46.97K","-2.42%"
"12/05/2021","3.300","3.500","3.500","3.250","111.47K","-5.71%"
"11/05/2021","3.500","3.450","3.590","3.380","48.11K","0.00%"
"10/05/2021","3.500","3.640","3.640","3.450","42.62K","-3.58%"
"07/05/2021","3.630","3.610","3.660","3.550","22.83K","2.25%"
"06/05/2021","3.550","3.750","3.750","3.550","39.48K","-3.27%"
"05/05/2021","3.670","3.680","3.840","3.640","26.37K","0.00%"
"04/05/2021","3.670","3.590","3.890","3.540","102.78K","0.27%"
"30/04/2021","3.660","3.650","3.680","3.520","28.87K","-3.17%"
"29/04/2021","3.780","3.800","3.800","3.600","35.29K","-0.79%"
"28/04/2021","3.810","3.600","3.890","3.570","112.79K","5.83%"
"27/04/2021","3.600","3.700","3.700","3.600","24.87K","-1.37%"
"26/04/2021","3.650","3.780","3.790","3.640","26.56K","-0.82%"
"23/04/2021","3.680","3.970","3.970","3.630","134.58K","1.66%"
"22/04/2021","3.620","3.520","3.750","3.280","80.38K","2.84%"
"21/04/2021","3.520","3.510","3.730","3.450","80.17K","-0.85%"
"20/04/2021","3.550","3.740","3.750","3.500","29.51K","-4.31%"
"19/04/2021","3.710","3.800","3.800","3.630","27.79K","-2.62%"
"16/04/2021","3.810","3.790","3.850","3.620","42.89K","0.53%"
"15/04/2021","3.790","3.880","3.880","3.710","30.46K","-1.81%"
"14/04/2021","3.860","3.820","3.990","3.710","80.26K","1.31%"
"13/04/2021","3.810","3.840","3.900","3.700","54.53K","-0.78%"
"12/04/2021","3.840","3.760","3.920","3.680","40.29K","2.13%"
"09/04/2021","3.760","3.970","4.000","3.680","53.40K","-1.83%"
"08/04/2021","3.830","3.970","3.970","3.800","8.11K","-1.29%"
"07/04/2021","3.880","3.900","3.980","3.820","12.24K","-3.00%"
"06/04/2021","4.000","4.050","4.050","3.910","23.87K","-0.50%"
"01/04/2021","4.020","4.020","4.040","3.900","15.13K","0.50%"
"31/03/2021","4.000","4.040","4.060","3.900","18.43K","0.00%"
"30/03/2021","4.000","3.800","4.000","3.700","24.66K","5.26%"
"29/03/2021","3.800","3.800","3.860","3.460","73.72K","0.00%"
"26/03/2021","3.800","3.840","3.860","3.700","53.71K","-1.04%"
"25/03/2021","3.840","3.920","3.940","3.680","115.33K","-2.54%"
"24/03/2021","3.940","3.940","4.000","3.840","91.97K","-0.51%"
"23/03/2021","3.960","4.020","4.060","3.940","66.48K","-1.00%"
"22/03/2021","4.000","4.200","4.260","4.000","197.77K","-4.76%"
"19/03/2021","4.200","4.160","4.200","3.880","264.44K","0.96%"
"18/03/2021","4.160","4.200","4.260","4.000","218.81K","1.46%"
"17/03/2021","4.100","3.700","4.440","3.700","324.89K","9.63%"
"16/03/2021","3.740","3.880","3.900","3.740","67.09K","-4.59%"
"15/03/2021","3.920","4.000","4.060","3.700","208.24K","-2.97%"
"12/03/2021","4.040","4.180","4.180","3.880","295.18K","-0.98%"
"11/03/2021","4.080","4.180","4.180","4.000","74.29K","-2.39%"
"10/03/2021","4.180","4.040","4.220","4.020","73.20K","3.98%"
"09/03/2021","4.020","4.060","4.140","4.000","125.93K","-3.83%"
"08/03/2021","4.180","4.260","4.260","4.040","60.58K","-0.48%"
"05/03/2021","4.200","4.020","4.200","4.000","101.76K","1.45%"
"04/03/2021","4.140","4.300","4.380","4.040","147.03K","-3.72%"
"03/03/2021","4.300","4.300","4.460","4.160","115.36K","0.47%"
"02/03/2021","4.280","4.480","4.600","4.180","145.91K","-1.83%"
"01/03/2021","4.360","4.080","4.540","4.080","222.47K","9.00%"
"26/02/2021","4.000","4.000","4.080","3.740","222.63K","-1.96%"
"25/02/2021","4.080","4.260","4.300","4.060","112.32K","-4.67%"
"24/02/2021","4.280","4.320","4.360","4.040","160.70K","-0.93%"
"23/02/2021","4.320","4.500","4.660","4.180","333.20K","-3.57%"
"22/02/2021","4.480","4.220","5.000","4.180","1.19M","12.56%"
"19/02/2021","3.980","3.160","3.980","3.000","923.13K","32.67%"
"18/02/2021","3.000","2.983","3.000","2.833","118.80K","0.00%"
"17/02/2021","3.000","3.000","3.000","2.867","70.59K","-2.17%"
"16/02/2021","3.067","2.467","3.067","2.467","245.01K","24.32%"
"15/02/2021","2.467","2.350","2.467","2.350","71.73K","2.78%"
"12/02/2021","2.400","2.400","2.433","2.300","68.94K","0.00%"
"11/02/2021","2.400","2.450","2.483","2.300","124.47K","-1.37%"
"10/02/2021","2.433","2.217","2.433","2.200","324.39K","12.31%"
"09/02/2021","2.167","2.267","2.283","2.167","76.80K","-2.99%"
"08/02/2021","2.233","2.150","2.333","2.117","137.49K","6.35%"
"05/02/2021","2.100","2.033","2.117","2.000","71.76K","5.00%"
"04/02/2021","2.000","1.950","2.000","1.900","43.08K","3.45%"
"03/02/2021","1.933","1.950","1.950","1.867","30.96K","0.87%"
"02/02/2021","1.917","1.983","1.983","1.850","30.09K","0.88%"
"01/02/2021","1.900","1.983","1.983","1.850","21.72K","-1.72%"
"29/01/2021","1.933","1.933","1.933","1.833","50.01K","-0.85%"
"28/01/2021","1.950","1.817","1.950","1.683","114.24K","5.41%"
"27/01/2021","1.850","1.967","2.000","1.783","126.00K","-5.93%"
"26/01/2021","1.967","2.067","2.067","1.917","133.50K","-5.60%"
"25/01/2021","2.083","2.117","2.133","1.933","85.89K","-1.57%"
"22/01/2021","2.117","2.100","2.133","2.000","220.98K","1.60%"
"21/01/2021","2.083","1.900","2.083","1.900","286.02K","11.61%"
"20/01/2021","1.867","1.983","2.050","1.800","434.22K","-3.45%"
"19/01/2021","1.933","1.607","1.933","1.533","809.68K","19.83%"
"18/01/2021","1.613","1.333","1.613","1.333","347.37K","21.00%"
"15/01/2021","1.333","1.313","1.373","1.300","821.56K","1.52%"
"14/01/2021","1.313","1.253","1.320","1.233","105.00K","5.91%"
"13/01/2021","1.240","1.133","1.300","1.133","554.56K","10.71%"
"12/01/2021","1.120","1.120","1.147","1.093","88.17K","0.00%"
"11/01/2021","1.120","1.060","1.140","1.047","195.15K","3.07%"
"08/01/2021","1.087","1.093","1.093","1.053","42.66K","0.00%"
"07/01/2021","1.087","1.087","1.087","1.040","58.68K","0.62%"
"05/01/2021","1.080","1.060","1.080","1.047","12.54K","1.89%"
"04/01/2021","1.060","1.067","1.133","1.020","133.86K","-3.05%"
"30/12/2020","1.093","1.100","1.100","1.040","7.41K","0.00%"
"29/12/2020","1.093","1.100","1.100","1.067","9.39K","0.00%"
"28/12/2020","1.093","1.107","1.107","1.027","33.99K","0.61%"
"23/12/2020","1.087","1.093","1.093","1.013","17.37K","-1.21%"
"22/12/2020","1.100","1.040","1.100","1.013","18.42K","3.77%"
"21/12/2020","1.060","1.087","1.087","1.000","78.33K","-2.45%"
"18/12/2020","1.087","1.133","1.133","1.033","90.12K","-4.12%"
"17/12/2020","1.133","1.000","1.133","0.933","694.45K","14.09%"
"16/12/2020","0.993","1.000","1.000","0.953","40.05K","1.36%"
"15/12/2020","0.980","0.973","0.987","0.880","67.77K","0.68%"
"14/12/2020","0.973","1.000","1.000","0.947","11.79K","-2.67%"
"11/12/2020","1.000","1.007","1.007","0.947","54.60K","0.00%"
"10/12/2020","1.000","1.020","1.020","0.960","6.45K","-0.66%"
"09/12/2020","1.007","1.027","1.027","0.967","16.20K","0.67%"
"08/12/2020","1.000","1.027","1.027","0.980","21.45K","-1.32%"
"07/12/2020","1.013","1.053","1.053","0.960","103.98K","-1.94%"
"04/12/2020","1.033","1.093","1.093","1.000","115.47K","-0.64%"
"03/12/2020","1.040","1.053","1.053","0.993","74.28K","-1.89%"
"02/12/2020","1.060","1.120","1.133","0.953","230.40K","-5.36%"
"01/12/2020","1.120","1.120","1.127","1.033","183.87K","1.20%"
"30/11/2020","1.107","1.080","1.120","1.080","133.98K","3.75%"
"27/11/2020","1.067","0.967","1.107","0.967","234.21K","13.48%"
"26/11/2020","0.940","0.933","0.980","0.893","277.23K","-2.08%"
"25/11/2020","0.960","0.973","0.980","0.900","59.67K","-2.70%"
"24/11/2020","0.987","1.000","1.000","0.900","195.72K","-1.99%"
"23/11/2020","1.007","0.993","1.060","0.987","28.62K","-2.58%"
"20/11/2020","1.033","1.060","1.093","1.000","59.58K","-1.27%"
"19/11/2020","1.047","1.000","1.067","0.980","34.86K","1.29%"
"18/11/2020","1.033","1.033","1.120","1.013","169.35K","-1.90%"
"17/11/2020","1.053","1.000","1.053","0.933","242.73K","-1.25%"
"16/11/2020","1.067","1.067","1.113","1.000","198.36K","0.63%"
"13/11/2020","1.060","1.013","1.073","1.007","198.39K","6.00%"
"12/11/2020","1.000","0.833","1.000","0.833","395.46K","20.00%"
"10/11/2020","0.833","0.787","0.833","0.773","12.87K","6.84%"
"09/11/2020","0.780","0.707","0.833","0.707","86.82K","-6.40%"
"06/11/2020","0.833","0.900","0.900","0.833","4.71K","-7.41%"
"05/11/2020","0.900","0.900","0.907","0.840","44.91K","-0.74%"
"04/11/2020","0.907","0.960","0.993","0.893","322.14K","-2.86%"
"03/11/2020","0.933","0.800","0.933","0.800","159.15K","21.74%"
"02/11/2020","0.767","0.713","0.780","0.650","176.22K","9.52%"
"30/10/2020","0.700","0.653","0.713","0.607","59.43K","16.02%"
"29/10/2020","0.603","0.543","0.660","0.543","111.84K","0.56%"
"28/10/2020","0.600","0.833","0.867","0.600","220.17K","-23.08%"
"27/10/2020","0.780","0.967","1.127","0.780","417.60K","-20.95%"
"26/10/2020","0.987","0.920","1.000","0.853","215.19K","13.85%"
"23/10/2020","0.867","0.820","0.900","0.800","279.03K","9.24%"
"22/10/2020","0.793","0.767","0.840","0.767","126.63K","3.48%"
"21/10/2020","0.767","0.700","0.767","0.687","237.54K","15.00%"
"20/10/2020","0.667","0.700","0.700","0.657","295.83K","-7.41%"
"19/10/2020","0.720","0.667","0.733","0.647","77.13K","10.77%"
"16/10/2020","0.650","0.613","0.667","0.563","93.42K","8.94%"
"15/10/2020","0.597","0.593","0.597","0.553","14.07K","7.83%"
"14/10/2020","0.553","0.600","0.600","0.553","120.45K","-4.60%"
"13/10/2020","0.580","0.617","0.617","0.577","6.87K","-5.95%"
"12/10/2020","0.617","0.627","0.627","0.570","25.08K","2.78%"
"09/10/2020","0.600","0.617","0.617","0.553","42.87K","1.12%"
"08/10/2020","0.593","0.667","0.667","0.550","100.68K","-3.78%"
"07/10/2020","0.617","0.640","0.667","0.577","114.00K","-3.65%"
"06/10/2020","0.640","0.720","0.747","0.640","96.90K","-16.52%"
"05/10/2020","0.767","0.720","0.767","0.713","121.32K","7.48%"
"02/10/2020","0.713","0.673","0.733","0.607","129.51K","7.00%"
"01/10/2020","0.667","0.617","0.673","0.617","292.35K","11.11%"
"30/09/2020","0.600","0.573","0.600","0.573","66.84K","5.88%"
"29/09/2020","0.567","0.567","0.567","0.567","27.90K","8.97%"
"28/09/2020","0.520","0.517","0.520","0.517","64.98K","0.65%"
"25/09/2020","0.517","0.517","0.517","0.517","22.89K","2.65%"
"24/09/2020","0.503","0.503","0.503","0.503","97.35K","0.67%"
"23/09/2020","0.500","0.500","0.500","0.500","83.01K","1.35%"
"22/09/2020","0.493","0.493","0.493","0.493","4.92K","5.71%"
"21/09/2020","0.467","0.467","0.467","0.467","182.34K","0.00%"
"18/09/2020","0.467","0.467","0.467","0.467","19.38K","0.00%"
"17/09/2020","0.467","0.467","0.467","0.467","33.51K","-2.78%"
"16/09/2020","0.480","0.500","0.500","0.480","46.74K","2.86%"
"15/09/2020","0.467","0.500","0.500","0.467","62.43K","-1.41%"
"14/09/2020","0.473","0.407","0.473","0.407","31.86K","1.43%"
"11/09/2020","0.467","0.473","0.473","0.467","24.00K","0.00%"
"10/09/2020","0.467","0.467","0.467","0.467","27.81K","9.38%"
"09/09/2020","0.427","0.417","0.427","0.417","37.92K","1.59%"
"08/09/2020","0.420","0.430","0.430","0.420","122.85K","-2.33%"
"07/09/2020","0.430","0.437","0.437","0.430","77.37K","-4.44%"
"04/09/2020","0.450","0.467","0.467","0.450","120.87K","-8.78%"
"03/09/2020","0.493","0.497","0.497","0.493","233.79K","3.50%"
"02/09/2020","0.477","0.473","0.477","0.473","86.10K","3.62%"
"01/09/2020","0.460","0.467","0.467","0.460","16.98K","6.15%"
"31/08/2020","0.433","0.417","0.433","0.417","98.76K","7.44%"
"28/08/2020","0.403","0.393","0.403","0.393","95.31K","9.01%"
"27/08/2020","0.370","0.370","0.370","0.370","35.97K","0.00%"
"26/08/2020","0.370","0.330","0.370","0.330","19.08K","12.12%"
"25/08/2020","0.330","0.363","0.363","0.330","38.61K","-9.17%"
"24/08/2020","0.363","0.363","0.363","0.363","35.58K","0.00%"
"21/08/2020","0.363","0.363","0.363","0.363","10.17K","3.81%"
"20/08/2020","0.350","0.347","0.350","0.347","42.15K","1.94%"
"19/08/2020","0.343","0.340","0.343","0.340","36.27K","3.00%"
"18/08/2020","0.333","0.333","0.333","0.333","34.56K","0.00%"
"17/08/2020","0.333","0.328","0.333","0.328","167.43K","2.04%"
"14/08/2020","0.327","0.327","0.327","0.327","3.60K","1.03%"
"13/08/2020","0.323","0.323","0.323","0.323","30.00K","-2.02%"
"12/08/2020","0.330","0.330","0.330","0.330","15.12K","1.02%"
"11/08/2020","0.327","0.327","0.327","0.327","37.50K","0.00%"
"10/08/2020","0.327","0.330","0.330","0.327","37.65K","0.00%"
"07/08/2020","0.327","0.330","0.330","0.327","10.29K","1.03%"
"06/08/2020","0.323","0.323","0.323","0.323","43.53K","0.52%"
"05/08/2020","0.322","0.322","0.322","0.322","5.40K","6.04%"
"04/08/2020","0.303","0.303","0.303","0.303","30.00K","1.11%"
"03/08/2020","0.300","0.310","0.310","0.300","10.47K","-1.64%"
"31/07/2020","0.305","0.293","0.305","0.293","36.60K","-1.61%"
"30/07/2020","0.310","0.310","0.310","0.310","4.50K","0.00%"
"29/07/2020","0.310","0.283","0.310","0.283","29.67K","3.33%"
"28/07/2020","0.300","0.300","0.300","0.300","39.00K","-1.10%"
"27/07/2020","0.303","0.293","0.303","0.293","44.70K","3.41%"
"24/07/2020","0.293","0.283","0.293","0.283","17.34K","4.76%"
"23/07/2020","0.280","0.278","0.280","0.278","34.65K","5.00%"
"22/07/2020","0.267","0.277","0.277","0.267","54.87K","-1.23%"
"21/07/2020","0.270","0.267","0.270","0.267","139.92K","3.85%"
"20/07/2020","0.260","0.250","0.260","0.250","68.34K","4.00%"
"17/07/2020","0.250","0.230","0.250","0.230","111.30K","7.14%"
"16/07/2020","0.233","0.217","0.233","0.217","84.39K","12.90%"
"15/07/2020","0.207","0.207","0.207","0.207","75.00K","6.90%"
"14/07/2020","0.193","0.193","0.193","0.193","3.00K","-6.45%"
"10/07/2020","0.207","0.207","0.207","0.207","48.00K","3.33%"
"09/07/2020","0.200","0.200","0.200","0.200","120.00K","6.19%"
"08/07/2020","0.188","0.188","0.188","0.188","3.78K","-3.42%"
"07/07/2020","0.195","0.195","0.195","0.195","45.00K","0.00%"
"06/07/2020","0.195","0.205","0.205","0.195","92.46K","-8.59%"
"03/07/2020","0.213","0.210","0.213","0.210","57.51K","5.78%"
"02/07/2020","0.202","0.185","0.202","0.185","53.40K","19.80%"
"01/07/2020","0.168","0.168","0.168","0.168","6.21K","9.78%"
"30/06/2020","0.153","0.151","0.153","0.151","54.90K","1.32%"
"29/06/2020","0.151","0.151","0.151","0.151","58.41K","-41.79%"
"24/06/2020","0.260","0.280","0.280","0.260","172.77K","0.00%"
"23/06/2020","0.260","0.243","0.260","0.243","531.01K","16.42%"
"19/06/2020","0.223","0.213","0.223","0.213","1.13M","14.53%"
"18/06/2020","0.195","0.187","0.195","0.187","1.18M","8.33%"
"17/06/2020","0.180","0.172","0.180","0.172","1.15M","14.89%"
"16/06/2020","0.157","0.144","0.157","0.144","1.17M","18.69%"
"15/06/2020","0.132","0.123","0.132","0.123","697.33K","10.00%"
"12/06/2020","0.120","0.120","0.120","0.120","670.24K","13.21%"
"10/06/2020","0.106","0.106","0.106","0.106","1.27M","8.90%"
"09/06/2020","0.097","0.092","0.097","0.092","609.10K","12.31%"
"08/06/2020","0.087","0.082","0.087","0.082","227.43K","11.11%"
"05/06/2020","0.078","0.073","0.078","0.073","343.77K","7.34%"
"04/06/2020","0.073","0.070","0.073","0.070","141.00K","7.92%"
"03/06/2020","0.067","0.067","0.067","0.067","324.30K","1.51%"
"02/06/2020","0.066","0.066","0.066","0.066","356.97K","-1.49%"
"01/06/2020","0.067","0.067","0.067","0.067","118.20K","1.51%"
"29/05/2020","0.066","0.065","0.066","0.065","608.71K","1.53%"
"28/05/2020","0.065","0.065","0.065","0.065","46.50K","0.00%"
"27/05/2020","0.065","0.062","0.065","0.062","16.32K","8.89%"
"26/05/2020","0.060","0.059","0.060","0.059","72.45K","1.12%"
"25/05/2020","0.059","0.062","0.062","0.059","28.86K","-4.30%"
"22/05/2020","0.062","0.062","0.062","0.062","161.73K","5.68%"
"21/05/2020","0.059","0.058","0.059","0.058","112.86K","0.00%"
"20/05/2020","0.058","0.055","0.058","0.055","302.76K","1.16%"
"19/05/2020","0.058","0.058","0.058","0.058","9.06K","-1.14%"
"18/05/2020","0.058","0.058","0.058","0.058","4.50K","0.00%"
"15/05/2020","0.058","0.058","0.058","0.058","12.45K","0.00%"
"14/05/2020","0.058","0.058","0.058","0.058","1.50K","7.36%"
"13/05/2020","0.054","0.054","0.054","0.054","79.98K","0.00%"
"12/05/2020","0.054","0.054","0.054","0.054","60.00K","1.25%"
"11/05/2020","0.053","0.053","0.053","0.053","47.01K","0.00%"
"08/05/2020","0.053","0.053","0.053","0.053","6.09K","2.58%"
"07/05/2020","0.052","0.052","0.052","0.052","0.36K","-1.27%"
"06/05/2020","0.052","0.052","0.052","0.052","36.93K","1.29%"
"05/05/2020","0.052","0.052","0.052","0.052","26.25K","3.33%"
"04/05/2020","0.050","0.050","0.050","0.050","18.03K","0.00%"
"30/04/2020","0.050","0.050","0.050","0.050","12.72K","0.00%"
"29/04/2020","0.050","0.050","0.050","0.050","3.75K","1.35%"
"28/04/2020","0.049","0.049","0.049","0.049","14.97K","2.07%"
"27/04/2020","0.048","0.048","0.048","0.048","0.69K","4.32%"
"24/04/2020","0.046","0.046","0.046","0.046","222.03K","-4.14%"
"21/04/2020","0.048","0.048","0.048","0.048","0.60K","2.11%"
"20/04/2020","0.047","0.047","0.047","0.047","41.37K","0.00%"
"17/04/2020","0.047","0.047","0.047","0.047","0.15K","5.18%"
"16/04/2020","0.045","0.045","0.045","0.045","30.45K","1.50%"
"15/04/2020","0.044","0.044","0.044","0.044","75.33K","-5.00%"
"14/04/2020","0.047","0.047","0.047","0.047","172.08K","-3.45%"
"09/04/2020","0.048","0.048","0.048","0.048","121.65K","-3.33%"
"07/04/2020","0.050","0.050","0.050","0.050","33.15K","2.04%"
"06/04/2020","0.049","0.049","0.049","0.049","136.77K","0.00%"
"31/03/2020","0.049","0.049","0.049","0.049","1.50K","0.00%"
"30/03/2020","0.049","0.049","0.049","0.049","116.73K","-4.54%"
"27/03/2020","0.051","0.051","0.051","0.051","0.60K","15.79%"
"26/03/2020","0.044","0.049","0.049","0.044","306.30K","0.00%"
"25/03/2020","0.044","0.044","0.044","0.044","0.30K","-13.16%"
"23/03/2020","0.051","0.051","0.051","0.051","3.12K","0.00%"
"20/03/2020","0.051","0.051","0.051","0.051","16.50K","0.00%"
"19/03/2020","0.051","0.051","0.051","0.051","15.84K","12.59%"
"18/03/2020","0.045","0.045","0.045","0.045","134.07K","-10.00%"
"17/03/2020","0.050","0.050","0.050","0.050","4.32K","-3.23%"
"16/03/2020","0.052","0.052","0.052","0.052","32.40K","-1.27%"
"12/03/2020","0.052","0.052","0.052","0.052","3.75K","-1.88%"
"11/03/2020","0.053","0.053","0.053","0.053","3.69K","0.00%"
"10/03/2020","0.054","0.056","0.056","0.054","18.99K","-5.29%"
"09/03/2020","0.057","0.057","0.057","0.057","0.60K","-5.56%"
"05/03/2020","0.060","0.060","0.060","0.060","0.60K","4.65%"
"04/03/2020","0.057","0.057","0.057","0.057","1.02K","0.00%"
"03/03/2020","0.057","0.054","0.057","0.054","2.73K","9.55%"
"28/02/2020","0.052","0.053","0.053","0.052","2.58K","-2.48%"
"27/02/2020","0.054","0.054","0.054","0.054","9.03K","0.00%"
"26/02/2020","0.053","0.053","0.053","0.053","20.46K","-3.03%"
"25/02/2020","0.055","0.060","0.060","0.055","5.82K","-10.81%"
"24/02/2020","0.062","0.062","0.062","0.062","251.85K","0.00%"
"21/02/2020","0.062","0.062","0.062","0.062","3.24K","0.00%"
"20/02/2020","0.062","0.062","0.062","0.062","8.01K","2.21%"
"19/02/2020","0.060","0.060","0.060","0.060","134.25K","-9.50%"
"17/02/2020","0.067","0.067","0.067","0.067","0.30K","8.11%"
"14/02/2020","0.062","0.057","0.062","0.057","76.08K","15.62%"
"13/02/2020","0.053","0.052","0.053","0.052","145.71K","22.14%"
"12/02/2020","0.044","0.044","0.044","0.044","7.50K","-7.09%"
"11/02/2020","0.047","0.047","0.047","0.047","33.96K","-4.08%"
"10/02/2020","0.049","0.054","0.054","0.049","81.00K","-14.03%"
"07/02/2020","0.057","0.055","0.057","0.055","48.60K","-3.93%"
"06/02/2020","0.059","0.058","0.059","0.058","11.94K","4.71%"
"05/02/2020","0.057","0.055","0.057","0.055","61.56K","-5.56%"
"04/02/2020","0.060","0.067","0.067","0.060","24.63K","-8.16%"
"03/02/2020","0.065","0.065","0.065","0.065","71.76K","0.00%"
"31/01/2020","0.065","0.069","0.069","0.065","50.01K","-14.78%"
"30/01/2020","0.077","0.080","0.080","0.077","3.12K","-4.17%"
"29/01/2020","0.080","0.080","0.080","0.080","205.80K","-3.23%"
"28/01/2020","0.083","0.083","0.083","0.083","1.53K","-6.77%"
"27/01/2020","0.089","0.089","0.089","0.089","66.78K","1.53%"
"24/01/2020","0.087","0.089","0.089","0.087","268.35K","0.77%"
"23/01/2020","0.087","0.080","0.087","0.080","183.00K","26.21%"
"22/01/2020","0.069","0.069","0.069","0.069","36.69K","5.64%"
"21/01/2020","0.065","0.065","0.065","0.065","81.18K","2.63%"
"20/01/2020","0.063","0.063","0.063","0.063","0.30K","2.70%"
"16/01/2020","0.062","0.062","0.062","0.062","15.00K","-5.13%"
"09/01/2020","0.065","0.066","0.066","0.065","21.99K","-2.01%"
"08/01/2020","0.066","0.066","0.066","0.066","4.50K","4.74%"
"07/01/2020","0.063","0.058","0.063","0.058","107.58K","5.56%"
"03/01/2020","0.060","0.060","0.060","0.060","0.30K","0.00%"
"02/01/2020","0.060","0.065","0.065","0.060","19.95K","8.43%"
"30/12/2019","0.055","0.050","0.055","0.050","161.97K","17.73%"
"27/12/2019","0.047","0.048","0.048","0.047","8.64K","-6.62%"
"23/12/2019","0.050","0.050","0.050","0.050","2.55K","-15.64%"
"19/12/2019","0.060","0.060","0.060","0.060","0.60K","4.07%"
"18/12/2019","0.057","0.052","0.057","0.052","3.81K","9.55%"
"17/12/2019","0.052","0.052","0.052","0.052","2.13K","-12.29%"
"13/12/2019","0.060","0.060","0.060","0.060","0.99K","2.87%"
"11/12/2019","0.058","0.058","0.058","0.058","0.24K","0.00%"
"10/12/2019","0.058","0.058","0.058","0.058","135.00K","2.94%"
"09/12/2019","0.057","0.057","0.057","0.057","14.82K","0.00%"
"06/12/2019","0.057","0.057","0.057","0.057","5.85K","6.92%"
"05/12/2019","0.053","0.053","0.053","0.053","139.44K","0.00%"
"04/12/2019","0.053","0.048","0.053","0.048","22.53K","10.41%"
"03/12/2019","0.048","0.047","0.048","0.047","42.99K","0.00%"
"02/12/2019","0.048","0.048","0.048","0.048","36.45K","27.44%"
"28/11/2019","0.038","0.042","0.042","0.038","57.15K","-22.07%"
"27/11/2019","0.048","0.048","0.048","0.048","15.33K","-1.36%"
"26/11/2019","0.049","0.049","0.049","0.049","27.45K","0.00%"
"25/11/2019","0.049","0.049","0.049","0.049","7.86K","12.22%"
"22/11/2019","0.044","0.044","0.044","0.044","0.42K","-9.66%"
"21/11/2019","0.048","0.048","0.048","0.048","4.02K","0.00%"
"20/11/2019","0.049","0.049","0.049","0.049","6.12K","-2.01%"
"19/11/2019","0.050","0.050","0.050","0.050","0.03K","0.00%"
"15/11/2019","0.050","0.055","0.055","0.050","0.57K","4.16%"
"14/11/2019","0.048","0.048","0.048","0.048","67.23K","0.00%"
"13/11/2019","0.048","0.050","0.050","0.048","109.29K","-4.00%"
"12/11/2019","0.050","0.051","0.051","0.050","181.59K","2.74%"
"08/11/2019","0.049","0.048","0.049","0.048","187.29K","2.10%"
"07/11/2019","0.048","0.048","0.048","0.048","3.27K","10.00%"
"06/11/2019","0.043","0.047","0.047","0.043","231.60K","-12.75%"
"05/11/2019","0.050","0.052","0.052","0.050","242.31K","-8.02%"
"04/11/2019","0.054","0.058","0.058","0.054","56.01K","-8.47%"
"31/10/2019","0.059","0.059","0.059","0.059","45.60K","0.00%"
"30/10/2019","0.059","0.055","0.059","0.055","81.69K","4.76%"
"29/10/2019","0.056","0.058","0.058","0.056","67.50K","-7.69%"
"28/10/2019","0.061","0.063","0.063","0.061","81.96K","-9.90%"
"25/10/2019","0.067","0.070","0.070","0.067","55.65K","-8.18%"
"24/10/2019","0.073","0.069","0.073","0.069","30.63K","0.00%"
"23/10/2019","0.073","0.071","0.073","0.071","18.27K","3.77%"
"22/10/2019","0.071","0.071","0.071","0.071","3.00K","0.00%"
"21/10/2019","0.071","0.071","0.071","0.071","3.00K","0.00%"
"18/10/2019","0.071","0.071","0.071","0.071","3.51K","0.00%"
"17/10/2019","0.071","0.071","0.071","0.071","6.66K","-4.50%"
"16/10/2019","0.074","0.074","0.074","0.074","9.66K","0.91%"
"15/10/2019","0.073","0.077","0.077","0.073","12.33K","-5.17%"
"14/10/2019","0.077","0.077","0.077","0.077","3.24K","-9.37%"
"10/10/2019","0.085","0.085","0.085","0.085","3.00K","-1.54%"
"08/10/2019","0.087","0.087","0.087","0.087","14.79K","1.56%"
"07/10/2019","0.085","0.087","0.087","0.085","13.26K","-8.57%"
"04/10/2019","0.093","0.093","0.093","0.093","1.08K","12.00%"
"03/10/2019","0.083","0.082","0.083","0.082","15.12K","1.63%"
"02/10/2019","0.082","0.083","0.083","0.082","21.00K","-1.60%"
"01/10/2019","0.083","0.083","0.083","0.083","6.00K","0.00%"
"30/09/2019","0.083","0.083","0.083","0.083","13.74K","0.00%"
"27/09/2019","0.083","0.083","0.083","0.083","12.18K","8.69%"
"26/09/2019","0.077","0.075","0.077","0.075","82.89K","4.55%"
"25/09/2019","0.073","0.073","0.073","0.073","4.86K","4.76%"
"24/09/2019","0.070","0.070","0.070","0.070","12.72K","0.00%"
"23/09/2019","0.070","0.070","0.070","0.070","12.00K","5.53%"
"20/09/2019","0.066","0.066","0.066","0.066","0.33K","7.57%"
"19/09/2019","0.062","0.062","0.062","0.062","0.57K","-2.63%"
"18/09/2019","0.063","0.063","0.063","0.063","3.00K","4.40%"
"17/09/2019","0.061","0.061","0.061","0.061","4.08K","0.00%"
"16/09/2019","0.061","0.061","0.061","0.061","0.69K","5.81%"
"13/09/2019","0.057","0.057","0.057","0.057","0.78K","-2.27%"
"12/09/2019","0.059","0.059","0.059","0.059","3.63K","0.00%"
"11/09/2019","0.059","0.059","0.059","0.059","1.29K","0.00%"
"10/09/2019","0.059","0.059","0.059","0.059","2.31K","-7.37%"
"09/09/2019","0.063","0.063","0.063","0.063","17.94K","0.00%"
"06/09/2019","0.064","0.064","0.064","0.064","0.24K","-4.50%"
"05/09/2019","0.067","0.067","0.067","0.067","15.00K","0.00%"
"04/09/2019","0.067","0.068","0.068","0.067","39.21K","-1.96%"
"02/09/2019","0.068","0.068","0.068","0.068","3.00K","0.99%"
"30/08/2019","0.067","0.067","0.067","0.067","17.40K","0.00%"
"29/08/2019","0.067","0.061","0.067","0.061","19.59K","-0.98%"
"28/08/2019","0.068","0.068","0.068","0.068","1.50K","-8.93%"
"22/08/2019","0.075","0.075","0.075","0.075","7.08K","-6.67%"
"20/08/2019","0.080","0.080","0.080","0.080","0.15K","6.19%"
"19/08/2019","0.075","0.075","0.075","0.075","0.27K","-0.88%"
"12/08/2019","0.076","0.076","0.076","0.076","4.86K","0.00%"
"09/08/2019","0.076","0.076","0.076","0.076","11.52K","-2.56%"
"07/08/2019","0.078","0.078","0.078","0.078","13.50K","-2.50%"
"06/08/2019","0.080","0.080","0.080","0.080","3.30K","8.11%"
"05/08/2019","0.074","0.074","0.074","0.074","7.11K","-4.31%"
"02/08/2019","0.077","0.077","0.077","0.077","0.06K","-7.94%"
"31/07/2019","0.084","0.084","0.084","0.084","6.81K","0.00%"
"30/07/2019","0.084","0.084","0.084","0.084","4.65K","7.69%"
"29/07/2019","0.078","0.078","0.078","0.078","15.00K","0.00%"
"25/07/2019","0.078","0.078","0.078","0.078","15.00K","1.74%"
"24/07/2019","0.077","0.077","0.077","0.077","6.78K","8.49%"
"23/07/2019","0.071","0.085","0.085","0.071","15.09K","-18.46%"
"22/07/2019","0.087","0.087","0.087","0.087","4.50K","0.00%"
"19/07/2019","0.087","0.087","0.087","0.087","72.06K","0.00%"
"18/07/2019","0.087","0.087","0.087","0.087","8.16K","0.00%"
"17/07/2019","0.087","0.087","0.087","0.087","15.00K","0.00%"
"15/07/2019","0.087","0.087","0.087","0.087","1.56K","-0.76%"
"12/07/2019","0.087","0.087","0.087","0.087","17.52K","0.00%"
"11/07/2019","0.087","0.087","0.087","0.087","8.82K","-0.76%"
"10/07/2019","0.088","0.088","0.088","0.088","0.81K","0.76%"
"08/07/2019","0.087","0.093","0.093","0.087","34.02K","-12.67%"
"04/07/2019","0.100","0.100","0.100","0.100","81.48K","14.50%"
"03/07/2019","0.087","0.087","0.087","0.087","13.92K","0.00%"
"02/07/2019","0.087","0.087","0.087","0.087","9.78K","-2.96%"
"01/07/2019","0.090","0.090","0.090","0.090","1.50K","3.85%"
"28/06/2019","0.087","0.087","0.087","0.087","0.30K","0.00%"
"27/06/2019","0.087","0.087","0.087","0.087","8.01K","0.00%"
"11/06/2019","0.087","0.087","0.087","0.087","15.00K","-7.14%"
"06/06/2019","0.093","0.093","0.093","0.093","2.30K","0.00%"
"05/06/2019","0.093","0.093","0.093","0.093","6.00K","0.00%"
"28/05/2019","0.093","0.093","0.093","0.093","5.61K","0.00%"
"27/05/2019","0.093","0.093","0.093","0.093","5.18K","3.70%"
"24/05/2019","0.090","0.090","0.090","0.090","4.27K","0.00%"
"23/05/2019","0.090","0.090","0.090","0.090","3.95K","0.00%"
"22/05/2019","0.090","0.090","0.090","0.090","3.60K","0.00%"
"21/05/2019","0.090","0.090","0.090","0.090","13.50K","0.00%"
"16/05/2019","0.090","0.090","0.090","0.090","27.93K","0.00%"
"15/05/2019","0.090","0.090","0.090","0.090","3.23K","0.00%"
"14/05/2019","0.090","0.090","0.090","0.090","7.80K","0.00%"
"13/05/2019","0.090","0.090","0.090","0.090","14.15K","-6.90%"
"09/05/2019","0.097","0.097","0.097","0.097","0.16K","0.00%"
"08/05/2019","0.097","0.097","0.097","0.097","7.25K","-6.45%"
"06/05/2019","0.103","0.103","0.103","0.103","0.02K","6.90%"
"02/05/2019","0.097","0.097","0.097","0.097","0.55K","-3.33%"
"30/04/2019","0.100","0.100","0.100","0.100","6.00K","-3.23%"
"23/04/2019","0.103","0.103","0.103","0.103","1.95K","0.00%"
"18/04/2019","0.103","0.103","0.103","0.103","13.50K","3.33%"
"17/04/2019","0.100","0.100","0.100","0.100","7.84K","2.04%"
"16/04/2019","0.098","0.098","0.098","0.098","5.75K","1.38%"
"15/04/2019","0.097","0.097","0.097","0.097","1.46K","-6.45%"
"12/04/2019","0.103","0.103","0.103","0.103","0.03K","2.65%"
"11/04/2019","0.101","0.101","0.101","0.101","0.03K","4.14%"
"10/04/2019","0.097","0.097","0.097","0.097","136.10K","-3.33%"
"09/04/2019","0.100","0.100","0.100","0.100","0.75K","-5.66%"
"08/04/2019","0.106","0.106","0.106","0.106","0.03K","0.00%"
"05/04/2019","0.106","0.101","0.106","0.101","13.92K","2.58%"
"03/04/2019","0.103","0.103","0.103","0.103","46.28K","-3.13%"
"02/04/2019","0.107","0.107","0.107","0.107","23.10K","0.63%"
"01/04/2019","0.106","0.097","0.106","0.097","55.57K","8.90%"
"29/03/2019","0.097","0.097","0.097","0.097","0.33K","2.82%"
"27/03/2019","0.095","0.095","0.095","0.095","120.95K","-8.39%"
"25/03/2019","0.103","0.103","0.103","0.103","13.22K","-3.13%"
"22/03/2019","0.107","0.107","0.107","0.107","30.00K","-2.44%"
"21/03/2019","0.109","0.109","0.109","0.109","0.48K","3.14%"
"20/03/2019","0.106","0.107","0.107","0.106","4.78K","0.00%"
"19/03/2019","0.106","0.107","0.107","0.106","35.59K","2.58%"
"18/03/2019","0.103","0.103","0.103","0.103","16.04K","0.00%"
"14/03/2019","0.103","0.103","0.103","0.103","6.00K","-6.06%"
"11/03/2019","0.110","0.110","0.110","0.110","2.73K","0.00%"
"08/03/2019","0.110","0.113","0.113","0.110","9.45K","-2.94%"
"07/03/2019","0.113","0.113","0.113","0.113","0.03K","6.25%"
"06/03/2019","0.107","0.110","0.110","0.107","16.50K","-5.88%"
"04/03/2019","0.113","0.113","0.113","0.113","0.01K","0.00%"
"01/03/2019","0.113","0.113","0.113","0.113","53.45K","9.68%"
"28/02/2019","0.103","0.103","0.103","0.103","14.76K","3.33%"
"27/02/2019","0.100","0.100","0.100","0.100","102.78K","7.14%"
"26/02/2019","0.093","0.093","0.093","0.093","9.89K","-9.68%"
"25/02/2019","0.103","0.100","0.103","0.100","10.38K","3.33%"
"22/02/2019","0.100","0.097","0.100","0.097","33.83K","7.14%"
"21/02/2019","0.093","0.093","0.093","0.093","16.49K","0.00%"
"20/02/2019","0.093","0.090","0.093","0.090","55.04K","-6.67%"
"19/02/2019","0.100","0.100","0.100","0.100","3.60K","-3.23%"
"14/02/2019","0.103","0.103","0.103","0.103","3.06K","0.00%"
"13/02/2019","0.103","0.103","0.103","0.103","0.00K","3.33%"
"12/02/2019","0.100","0.100","0.100","0.100","50.40K","7.14%"
"08/02/2019","0.093","0.097","0.097","0.093","28.26K","-6.67%"
"07/02/2019","0.100","0.097","0.100","0.097","2.43K","3.45%"
"06/02/2019","0.097","0.097","0.097","0.097","2.50K","-3.33%"
"05/02/2019","0.100","0.100","0.100","0.100","6.85K","-3.23%"
"04/02/2019","0.103","0.103","0.103","0.103","0.50K","3.33%"
"01/02/2019","0.100","0.100","0.100","0.100","39.41K","0.00%"
"31/01/2019","0.100","0.100","0.100","0.100","34.09K","-6.25%"
"30/01/2019","0.107","0.100","0.107","0.100","3.30K","6.67%"
"28/01/2019","0.100","0.103","0.103","0.100","10.65K","-3.23%"
"25/01/2019","0.103","0.107","0.107","0.103","4.80K","-96.77%"
"24/01/2019","3.200","3.200","3.200","3.200","1.09K","0.00%"
"23/01/2019","3.200","3.100","3.200","3.100","0.35K","6.67%"
"22/01/2019","3.000","3.000","3.000","3.000","1.50K","0.00%"
"21/01/2019","3.000","2.800","3.000","2.800","1.66K","7.14%"
"18/01/2019","2.800","2.800","2.800","2.800","0.22K","-9.68%"
"17/01/2019","3.100","3.100","3.100","3.100","0.15K","-8.82%"
"16/01/2019","3.400","3.400","3.400","3.400","0.03K","9.68%"
"15/01/2019","3.100","3.100","3.100","3.100","0.89K","0.00%"
"14/01/2019","3.100","3.100","3.100","3.100","0.08K","-8.82%"
"11/01/2019","3.400","3.400","3.400","3.400","0.13K","9.68%"
"10/01/2019","3.100","3.400","3.400","3.100","0.89K","0.00%"
"09/01/2019","3.100","3.100","3.100","3.100","0.56K","-8.82%"
"08/01/2019","3.400","3.400","3.400","3.400","1.11K","0.00%"
"07/01/2019","3.400","3.400","3.400","3.400","0.11K","-5.56%"
"03/01/2019","3.600","3.300","3.600","3.300","0.03K","16.13%"
"28/12/2018","3.100","4.000","4.000","3.100","1.75K","-20.51%"
"27/12/2018","3.900","4.000","4.000","3.900","0.00K","0.00%"
"21/12/2018","3.900","3.500","3.900","3.500","1.24K","5.41%"
"20/12/2018","3.700","4.400","4.400","3.700","0.77K","-9.76%"
"19/12/2018","4.100","4.500","4.500","4.100","2.49K","-6.82%"
"18/12/2018","4.400","4.600","4.600","4.200","1.09K","-4.35%"
"17/12/2018","4.600","4.800","4.800","4.400","1.85K","2.22%"
"14/12/2018","4.500","4.500","4.900","4.500","1.13K","-2.17%"
"13/12/2018","4.600","5.000","5.000","4.500","0.22K","-2.13%"
"12/12/2018","4.700","4.500","4.800","4.400","3.85K","4.44%"
"11/12/2018","4.500","4.500","4.500","4.400","0.00K","0.00%"
"10/12/2018","4.500","4.400","4.500","4.400","0.66K","2.27%"
"07/12/2018","4.400","4.300","4.400","3.900","0.75K","2.33%"
"06/12/2018","4.300","4.300","4.300","4.000","0.21K","2.38%"
"05/12/2018","4.200","4.400","4.400","4.200","0.20K","-2.33%"
"04/12/2018","4.300","3.900","4.400","3.900","3.56K","2.38%"
"03/12/2018","4.200","4.400","4.400","3.900","1.61K","-6.67%"
"30/11/2018","4.500","4.300","4.700","4.200","2.52K","7.14%"
"29/11/2018","4.200","3.900","4.400","3.800","1.94K","10.53%"
"28/11/2018","3.800","3.400","3.800","3.400","1.40K","2.70%"
"27/11/2018","3.700","3.700","3.800","3.400","1.77K","-5.13%"
"26/11/2018","3.900","3.900","3.900","3.600","1.19K","8.33%"
"23/11/2018","3.600","3.500","3.800","3.200","1.88K","12.50%"
"22/11/2018","3.200","2.900","3.200","2.900","1.35K","23.08%"
"21/11/2018","2.600","2.400","2.600","2.400","2.74K","8.33%"
"20/11/2018","2.400","2.400","2.400","2.200","0.35K","0.00%"
"19/11/2018","2.400","2.500","2.800","2.300","2.89K","0.00%"
"16/11/2018","2.400","2.300","2.400","2.300","4.18K","4.35%"
"15/11/2018","2.300","2.900","2.900","2.300","10.31K","-23.33%"
"14/11/2018","3.000","2.900","3.200","2.700","1.32K","-6.25%"
"13/11/2018","3.200","3.600","3.600","3.200","2.84K","-11.11%"
"09/11/2018","3.600","4.000","4.000","3.600","2.08K","-10.00%"
"08/11/2018","4.000","4.000","4.000","4.000","1.22K","0.00%"
"07/11/2018","4.000","4.800","4.800","4.000","2.77K","-16.67%"
"06/11/2018","4.800","4.800","5.200","4.400","2.27K","4.35%"
"05/11/2018","4.600","4.600","4.600","4.600","0.15K","0.00%"
"02/11/2018","4.600","4.600","4.600","4.200","0.31K","-6.12%"
"31/10/2018","4.900","4.900","4.900","4.900","0.00K","0.00%"
"30/10/2018","4.900","4.900","4.900","4.900","0.01K","0.00%"
"29/10/2018","4.900","4.900","4.900","4.500","0.02K","0.00%"
"26/10/2018","4.900","5.000","5.000","4.600","0.07K","-2.00%"
"25/10/2018","5.000","5.000","5.000","5.000","0.00K","0.00%"
"24/10/2018","5.000","5.000","5.000","5.000","0.00K","0.00%"
"23/10/2018","5.000","5.000","5.000","5.000","0.60K","0.00%"
"22/10/2018","5.000","5.000","5.000","4.800","0.55K","8.70%"
"19/10/2018","4.600","4.600","4.600","4.400","0.31K","0.00%"
"18/10/2018","4.600","4.700","4.700","4.600","0.42K","-4.17%"
"17/10/2018","4.800","4.800","4.800","4.800","0.20K","-2.04%"
"16/10/2018","4.900","5.400","5.400","4.900","0.74K","-7.55%"
"15/10/2018","5.300","5.000","5.400","4.900","0.12K","-1.85%"
"12/10/2018","5.400","5.200","5.400","5.000","0.30K","1.89%"
"11/10/2018","5.300","5.300","5.300","5.300","0.01K","0.00%"
"10/10/2018","5.300","5.400","5.400","4.900","0.70K","-1.85%"
"09/10/2018","5.400","5.400","5.400","5.400","0.00K","1.89%"
"08/10/2018","5.300","4.900","5.300","4.900","0.06K","8.16%"
"05/10/2018","4.900","5.300","5.300","4.900","0.40K","-7.55%"
"04/10/2018","5.300","6.000","6.000","5.300","5.62K","-11.67%"
"03/10/2018","6.000","6.000","6.100","5.500","1.30K","0.00%"
"02/10/2018","6.000","5.100","6.000","5.100","6.23K","27.66%"
"01/10/2018","4.700","4.000","4.700","4.000","5.00K","14.63%"
"28/09/2018","4.100","4.100","4.100","4.100","0.98K","-6.82%"
"27/09/2018","4.400","4.000","4.400","4.000","0.07K","-6.38%"
"21/09/2018","4.700","4.900","4.900","4.700","0.54K","2.17%"
"20/09/2018","4.600","4.700","4.700","4.600","95.44K","-4.17%"
"19/09/2018","4.800","4.300","4.800","4.300","78.25K","-4.00%"
"18/09/2018","5.000","5.000","5.000","5.000","1.56K","4.17%"
"14/09/2018","4.800","4.800","4.800","4.800","0.36K","4.35%"
"07/09/2018","4.600","4.600","4.600","4.600","0.05K","2.22%"
"06/09/2018","4.500","4.500","4.500","4.500","0.10K","2.27%"
"05/09/2018","4.400","4.600","4.600","4.400","1.58K","-13.73%"
"04/09/2018","5.100","5.100","5.100","5.100","0.59K","2.00%"
"03/09/2018","5.000","5.200","5.200","5.000","0.03K","2.04%"
"31/08/2018","4.900","4.800","4.900","4.800","0.19K","2.08%"
"30/08/2018","4.800","4.800","4.800","4.800","0.04K","4.35%"
"29/08/2018","4.600","5.000","5.000","4.600","2.62K","-9.80%"
"28/08/2018","5.100","5.100","5.100","5.100","0.31K","6.25%"
"27/08/2018","4.800","4.900","4.900","4.800","0.10K","6.67%"
"24/08/2018","4.500","4.100","4.500","4.100","0.82K","0.00%"
"23/08/2018","4.500","4.700","4.700","4.500","0.76K","-6.25%"
"22/08/2018","4.800","4.900","4.900","4.800","0.68K","-11.11%"
"21/08/2018","5.400","6.000","6.000","5.400","1.77K","-16.92%"
"20/08/2018","6.500","6.500","6.500","6.500","0.19K","8.33%"
"17/08/2018","6.000","6.100","6.100","6.000","0.12K","-1.64%"
"16/08/2018","6.100","6.100","6.100","6.100","2.06K","0.00%"
"14/08/2018","6.100","6.700","6.700","6.100","1.51K","-10.29%"
"13/08/2018","6.800","6.800","6.800","6.800","1.01K","0.00%"
"10/08/2018","6.800","7.100","7.100","6.800","2.19K","-5.56%"
"09/08/2018","7.200","7.200","7.200","7.200","0.59K","-1.37%"
"08/08/2018","7.300","7.200","7.300","7.200","0.51K","-1.35%"
"07/08/2018","7.400","7.400","7.400","7.400","0.14K","-1.33%"
"06/08/2018","7.500","7.500","7.500","7.500","0.76K","-1.32%"
"03/08/2018","7.600","7.500","7.600","7.500","1.00K","0.00%"
"02/08/2018","7.600","7.500","7.600","7.500","0.53K","1.33%"
"01/08/2018","7.500","7.600","7.600","7.500","0.72K","1.35%"
"31/07/2018","7.400","7.400","7.400","7.400","1.06K","7.25%"
"30/07/2018","6.900","6.400","6.900","6.400","57.88K","4.55%"
"27/07/2018","6.600","6.600","6.600","6.600","0.00K","6.45%"
"26/07/2018","6.200","6.700","6.700","6.200","0.65K","1.64%"
"25/07/2018","6.100","6.100","6.100","6.100","0.47K","0.00%"
"24/07/2018","6.100","6.300","6.300","6.100","0.98K","-1.61%"
"23/07/2018","6.200","6.200","6.200","6.200","1.22K","0.00%"
"20/07/2018","6.200","6.200","6.200","6.200","3.40K","1.64%"
"19/07/2018","6.100","6.300","6.300","6.100","0.97K","-6.15%"
"18/07/2018","6.500","6.700","6.700","6.500","1.12K","-4.41%"
"17/07/2018","6.800","7.100","7.100","6.800","0.91K","-9.33%"
"16/07/2018","7.500","7.500","7.500","7.500","0.17K","-1.32%"
"13/07/2018","7.600","7.800","7.800","7.600","0.55K","-2.56%"
"12/07/2018","7.800","7.700","7.800","7.700","0.87K","4.00%"
"28/06/2018","7.500","7.500","7.500","7.500","0.03K","-3.85%"
"27/06/2018","7.800","7.800","7.800","7.800","0.20K","0.00%"
"26/06/2018","7.800","7.500","7.800","7.500","0.40K","4.00%"
"25/06/2018","7.500","7.500","7.500","7.500","0.07K","0.00%"
"22/06/2018","7.500","6.900","7.500","6.900","0.17K","4.17%"
"21/06/2018","7.200","6.900","7.200","6.900","0.74K","4.35%"
"20/06/2018","6.900","6.900","6.900","6.900","18.67K","4.55%"
"19/06/2018","6.600","7.200","7.200","6.600","0.12K","-8.33%"
"18/06/2018","7.200","7.200","7.200","7.200","0.42K","4.35%"
"15/06/2018","6.900","6.900","6.900","6.900","1.25K","0.00%"
"13/06/2018","6.900","6.900","6.900","6.900","0.03K","0.00%"
"12/06/2018","6.900","6.900","6.900","6.900","0.01K","0.00%"
"11/06/2018","6.900","6.900","6.900","6.900","0.00K","0.00%"
"08/06/2018","6.900","6.900","6.900","6.900","0.05K","9.52%"
"07/06/2018","6.300","6.300","6.300","6.300","0.01K","10.53%"
"06/06/2018","5.700","6.600","6.600","5.700","1.69K","-24.00%"
"05/06/2018","7.500","7.500","7.500","7.500","0.00K","0.00%"
"04/06/2018","7.500","7.500","7.500","7.500","0.00K","4.17%"
"01/06/2018","7.200","7.500","7.500","7.200","0.29K","-4.00%"
"30/05/2018","7.500","7.800","7.800","7.500","0.27K","-3.85%"
"29/05/2018","7.800","7.800","7.800","7.800","0.00K","-3.70%"
"28/05/2018","8.100","8.100","8.100","8.100","0.11K","3.85%"
"25/05/2018","7.800","7.800","7.800","7.800","0.03K","0.00%"
"24/05/2018","7.800","7.800","7.800","7.800","0.00K","0.00%"
"23/05/2018","7.800","7.800","7.800","7.800","0.02K","0.00%"
"22/05/2018","7.800","7.800","7.800","7.800","0.04K","4.00%"
"21/05/2018","7.500","7.500","7.500","7.500","0.04K","4.17%"
"18/05/2018","7.200","7.500","7.500","7.200","0.40K","-4.00%"
"17/05/2018","7.500","7.200","7.500","7.200","0.11K","0.00%"
"16/05/2018","7.500","7.500","7.500","7.500","0.19K","0.00%"
"15/05/2018","7.500","8.100","8.100","7.500","0.59K","-7.41%"
"14/05/2018","8.100","8.400","8.400","8.100","0.03K","-3.57%"
"11/05/2018","8.400","8.400","8.400","8.400","0.01K","12.00%"
"10/05/2018","7.500","8.400","8.400","7.500","0.84K","0.00%"
"09/05/2018","7.500","8.400","8.400","7.500","0.07K","-7.41%"
"08/05/2018","8.100","8.100","8.100","8.100","0.10K","0.00%"
"07/05/2018","8.100","8.400","8.400","8.100","0.06K","-3.57%"
"04/05/2018","8.400","8.400","8.400","8.400","0.01K","0.00%"
"02/05/2018","8.400","8.400","8.400","8.400","0.09K","0.00%"
"30/04/2018","8.400","7.800","8.400","7.800","1.15K","7.69%"
"27/04/2018","7.800","7.800","7.800","7.800","0.07K","4.00%"
"26/04/2018","7.500","8.100","8.100","7.500","1.42K","-7.41%"
"25/04/2018","8.100","8.700","8.700","8.100","0.19K","-10.00%"
"24/04/2018","9.000","9.000","9.000","9.000","0.02K","0.00%"
"23/04/2018","9.000","9.000","9.000","9.000","0.02K","0.00%"
"20/04/2018","9.000","9.000","9.000","9.000","0.01K","0.00%"
"19/04/2018","9.000","9.000","9.000","9.000","0.02K","0.00%"
"18/04/2018","9.000","9.000","9.000","9.000","0.02K","0.00%"
"17/04/2018","9.000","9.000","9.000","9.000","0.00K","0.00%"
"16/04/2018","9.000","9.000","9.000","9.000","0.02K","7.14%"
"13/04/2018","8.400","9.000","9.000","8.400","0.20K","-6.67%"
"12/04/2018","9.000","9.000","9.000","9.000","0.04K","0.00%"
"11/04/2018","9.000","8.700","9.000","8.700","0.02K","0.00%"
"10/04/2018","9.000","9.000","9.000","9.000","0.05K","3.45%"
"09/04/2018","8.700","8.700","8.700","8.700","0.13K","-3.33%"
"06/04/2018","9.000","9.000","9.000","9.000","0.34K","3.45%"
"05/04/2018","8.700","8.700","8.700","8.700","0.80K","0.00%"
"04/04/2018","8.700","8.700","8.700","8.700","0.68K","0.00%"
"03/04/2018","8.700","8.700","8.700","8.700","0.17K","0.00%"
"29/03/2018","8.700","8.400","8.700","8.400","0.11K","3.57%"
"28/03/2018","8.400","8.400","8.400","8.400","0.06K","3.70%"
"27/03/2018","8.100","8.400","8.400","8.100","0.26K","-3.57%"
"26/03/2018","8.400","8.400","8.400","8.400","0.24K","0.00%"
"23/03/2018","8.400","8.400","8.400","8.400","0.07K","0.00%"
"22/03/2018","8.400","8.400","8.400","8.400","0.05K","0.00%"
"21/03/2018","8.400","8.100","8.400","8.100","0.36K","7.69%"
"20/03/2018","7.800","8.400","8.400","7.800","1.03K","-7.14%"
"19/03/2018","8.400","8.400","8.400","8.400","1.34K","0.00%"
"16/03/2018","8.400","9.000","9.000","8.400","1.05K","-6.67%"
"15/03/2018","9.000","9.000","9.000","9.000","0.17K","7.14%"
"14/03/2018","8.400","9.000","9.000","8.400","0.88K","-6.67%"
"13/03/2018","9.000","9.000","9.000","9.000","0.29K","0.00%"
"12/03/2018","9.000","9.000","9.000","9.000","0.23K","0.00%"
"09/03/2018","9.000","9.000","9.000","9.000","0.17K","0.00%"
"08/03/2018","9.000","9.000","9.000","9.000","1.00K","0.00%"
"07/03/2018","9.000","8.400","9.000","8.400","2.90K","-3.23%"
"06/03/2018","9.300","9.300","9.300","9.300","0.20K","0.00%"
"05/03/2018","9.300","9.300","9.300","9.300","0.02K","0.00%"
"02/03/2018","9.300","9.300","9.300","9.300","0.17K","3.33%"
"01/03/2018","9.000","9.300","9.300","9.000","1.12K","-6.25%"
"28/02/2018","9.600","9.600","9.600","9.600","0.17K","0.00%"
"27/02/2018","9.600","9.600","9.600","9.600","0.26K","0.00%"
"26/02/2018","9.600","9.300","9.600","9.300","0.16K","3.23%"
"23/02/2018","9.300","9.900","9.900","9.300","1.72K","-6.06%"
"22/02/2018","9.900","9.900","9.900","9.900","0.02K","6.45%"
"21/02/2018","9.300","9.600","9.600","9.300","1.17K","-6.06%"
"20/02/2018","9.900","9.900","9.900","9.900","0.06K","3.12%"
"19/02/2018","9.600","10.200","10.200","9.600","1.07K","-3.03%"
"16/02/2018","9.900","9.900","9.900","9.900","0.75K","-8.33%"
"15/02/2018","10.800","10.800","10.800","10.800","0.17K","2.86%"
"14/02/2018","10.500","10.800","10.800","10.500","0.37K","-2.78%"
"13/02/2018","10.800","10.800","10.800","10.800","0.55K","-5.26%"
"12/02/2018","11.400","11.400","11.400","11.400","0.74K","5.56%"
"09/02/2018","10.800","10.500","10.800","10.500","6.43K","-5.26%"
"08/02/2018","11.400","12.000","12.000","11.400","16.56K","46.15%"
"07/02/2018","7.800","7.800","7.800","7.800","1.27K","0.00%"
"06/02/2018","7.800","7.800","7.800","7.800","0.02K","0.00%"
"05/02/2018","7.800","7.500","7.800","7.500","0.13K","0.00%"
"02/02/2018","7.800","7.800","7.800","7.800","0.24K","0.00%"
"01/02/2018","7.800","8.100","8.100","7.800","0.53K","0.00%"
"31/01/2018","7.800","8.100","8.100","7.800","1.40K","-3.70%"
"30/01/2018","8.100","7.800","8.100","7.800","2.64K","-10.00%"
"29/01/2018","9.000","9.300","9.300","9.000","0.27K","-3.23%"
"26/01/2018","9.300","9.300","9.300","9.300","0.43K","3.33%"
"25/01/2018","9.000","9.000","9.000","9.000","1.02K","11.11%"
"24/01/2018","8.100","8.100","8.100","8.100","1.55K","3.85%"
"23/01/2018","7.800","8.700","8.700","7.800","0.93K","-13.33%"
"22/01/2018","9.000","9.300","9.300","9.000","2.56K","-6.25%"
"19/01/2018","9.600","11.100","11.100","9.600","8.98K","-8.57%"
"18/01/2018","10.500","9.300","10.500","9.300","14.09K","34.62%"
"17/01/2018","7.800","6.900","7.800","6.900","9.25K","30.00%"
"16/01/2018","6.000","5.100","6.000","5.100","13.34K","25.00%"
"15/01/2018","4.800","4.200","4.800","4.200","27.05K","14.29%"
"12/01/2018","4.200","4.200","4.200","4.200","0.40K","0.00%"
"11/01/2018","4.200","4.200","4.200","4.200","2.78K","0.00%"
"10/01/2018","4.200","4.200","4.200","4.200","2.11K","0.00%"
"09/01/2018","4.200","4.200","4.200","4.200","0.34K","0.00%"
"08/01/2018","4.200","4.200","4.200","4.200","0.07K","0.00%"
"05/01/2018","4.200","4.500","4.500","4.200","0.85K","-6.67%"
"04/01/2018","4.500","4.200","4.500","4.200","0.12K","7.14%"
"03/01/2018","4.200","4.200","4.200","4.200","0.69K","0.00%"
"29/12/2017","4.200","4.200","4.200","4.200","1.44K","0.00%"
"28/12/2017","4.200","3.900","4.200","3.900","0.84K","7.69%"
"27/12/2017","3.900","3.900","3.900","3.900","0.63K","0.00%"
"22/12/2017","3.900","4.200","4.200","3.900","0.74K","-7.14%"
"21/12/2017","4.200","4.200","4.200","4.200","0.77K","0.00%"
"20/12/2017","4.200","4.500","4.500","4.200","1.50K","0.00%"
"19/12/2017","4.200","4.200","4.200","4.200","1.90K","-6.67%"
"18/12/2017","4.500","4.500","4.500","4.500","0.49K","0.00%"
"15/12/2017","4.500","4.500","4.500","4.500","0.84K","0.00%"
"14/12/2017","4.500","4.500","4.500","4.500","2.28K","0.00%"
"13/12/2017","4.500","4.500","4.500","4.500","2.21K","-6.25%"
"12/12/2017","4.800","4.800","4.800","4.800","0.00K","6.67%"
"11/12/2017","4.500","4.500","4.500","4.500","0.36K","0.00%"
"08/12/2017","4.500","4.800","4.800","4.500","0.10K","-6.25%"
"07/12/2017","4.800","4.800","4.800","4.800","0.01K","6.67%"
"06/12/2017","4.500","4.500","4.500","4.500","0.09K","0.00%"
"05/12/2017","4.500","4.500","4.500","4.500","0.34K","-6.25%"
"04/12/2017","4.800","4.800","4.800","4.800","11.14K","0.00%"
"01/12/2017","4.800","4.500","4.800","4.500","0.01K","6.67%"
"30/11/2017","4.500","4.500","4.500","4.500","0.32K","0.00%"
"29/11/2017","4.500","4.800","4.800","4.500","2.27K","-6.25%"
"28/11/2017","4.800","4.500","4.800","4.500","0.01K","0.00%"
"27/11/2017","4.800","5.100","5.100","4.800","0.20K","6.67%"
"24/11/2017","4.500","4.800","4.800","4.500","2.57K","-6.25%"
"23/11/2017","4.800","4.500","4.800","4.500","0.23K","6.67%"
"22/11/2017","4.500","4.500","4.500","4.500","0.79K","0.00%"
"21/11/2017","4.500","4.500","4.500","4.500","0.33K","-6.25%"
"20/11/2017","4.800","4.800","4.800","4.800","0.35K","6.67%"
"17/11/2017","4.500","4.500","4.500","4.500","1.56K","0.00%"
"16/11/2017","4.500","4.500","4.500","4.500","0.00K","0.00%"
"15/11/2017","4.500","4.200","4.500","4.200","7.94K","7.14%"
"14/11/2017","4.200","4.200","4.200","4.200","0.36K","0.00%"
"13/11/2017","4.200","3.900","4.200","3.900","32.93K","0.00%"
"10/11/2017","4.200","3.900","4.200","3.900","2.01K","0.00%"
"09/11/2017","4.200","4.200","4.200","4.200","0.74K","0.00%"
"08/11/2017","4.200","4.200","4.200","4.200","0.94K","0.00%"
"07/11/2017","4.200","4.200","4.200","4.200","2.19K","-6.67%"
"06/11/2017","4.500","4.800","4.800","4.500","0.95K","-6.25%"
"03/11/2017","4.800","4.500","4.800","4.500","1.13K","6.67%"
"02/11/2017","4.500","4.200","4.500","4.200","2.36K","-6.25%"
"31/10/2017","4.800","4.800","4.800","4.800","0.61K","0.00%"
"30/10/2017","4.800","4.800","4.800","4.800","0.91K","0.00%"
"27/10/2017","4.800","4.500","4.800","4.500","1.31K","6.67%"
"26/10/2017","4.500","4.500","4.500","4.500","0.92K","0.00%"
"25/10/2017","4.500","4.800","4.800","4.500","1.71K","-6.25%"
"24/10/2017","4.800","4.800","4.800","4.800","3.27K","-11.11%"
"23/10/2017","5.400","5.700","5.700","5.400","0.40K","-10.00%"
"20/10/2017","6.000","6.000","6.000","6.000","0.00K","0.00%"
"18/10/2017","6.000","6.000","6.000","6.000","0.39K","0.00%"
"17/10/2017","6.000","6.000","6.000","6.000","0.48K","-4.76%"
"16/10/2017","6.300","6.300","6.300","6.300","0.35K","0.00%"
"13/10/2017","6.300","6.300","6.300","6.300","0.09K","0.00%"
"12/10/2017","6.300","6.300","6.300","6.300","0.33K","0.00%"
"11/10/2017","6.300","6.300","6.300","6.300","0.23K","0.00%"
"10/10/2017","6.300","6.300","6.300","6.300","0.40K","0.00%"
"09/10/2017","6.300","6.600","6.600","6.300","1.07K","-8.70%"
"06/10/2017","6.900","6.900","6.900","6.900","0.74K","-4.17%"
"05/10/2017","7.200","6.900","7.200","6.900","0.30K","0.00%"
"04/10/2017","7.200","7.200","7.200","7.200","0.60K","0.00%"
"03/10/2017","7.200","7.500","7.500","7.200","4.67K","-11.11%"
"02/10/2017","8.100","7.800","8.100","7.800","0.20K","0.00%"
"29/09/2017","8.100","7.800","8.100","7.800","1.09K","0.00%"
"28/09/2017","8.100","8.100","8.100","8.100","0.03K","0.00%"
"27/09/2017","8.100","8.100","8.100","8.100","0.15K","0.00%"
"26/09/2017","8.100","8.400","8.400","8.100","0.04K","-3.57%"
"25/09/2017","8.400","8.400","8.400","8.400","0.06K","0.00%"
"21/09/2017","8.400","8.400","8.400","8.400","0.00K","3.70%"
"20/09/2017","8.100","8.400","8.400","8.100","1.63K","-3.57%"
"19/09/2017","8.400","9.000","9.000","8.400","1.23K","-6.67%"
"18/09/2017","9.000","9.000","9.000","9.000","0.03K","0.00%"
"15/09/2017","9.000","8.700","9.000","8.700","0.29K","3.45%"
"14/09/2017","8.700","9.000","9.000","8.700","0.17K","0.00%"
"13/09/2017","8.700","9.000","9.000","8.700","0.30K","-3.33%"
"12/09/2017","9.000","9.300","9.300","9.000","0.13K","-3.23%"
"11/09/2017","9.300","9.300","9.300","9.300","0.56K","0.00%"
"08/09/2017","9.300","9.300","9.300","9.300","0.07K","0.00%"
"07/09/2017","9.300","8.700","9.300","8.700","0.31K","0.00%"
"06/09/2017","9.300","9.600","9.600","9.300","0.53K","3.33%"
"05/09/2017","9.000","9.000","9.000","9.000","0.85K","0.00%"
"04/09/2017","9.000","9.000","9.000","9.000","0.33K","0.00%"
"01/09/2017","9.000","8.700","9.000","8.700","1.57K","3.45%"
"31/08/2017","8.700","8.400","8.700","8.400","0.62K","3.57%"
"30/08/2017","8.400","8.400","8.400","8.400","0.96K","0.00%"
"29/08/2017","8.400","8.100","8.400","8.100","0.35K","3.70%"
"28/08/2017","8.100","8.100","8.100","8.100","0.01K","0.00%"
"25/08/2017","8.100","7.800","8.100","7.800","0.16K","0.00%"
"23/08/2017","8.100","8.100","8.100","8.100","0.48K","0.00%"
"22/08/2017","8.100","8.400","8.400","8.100","0.75K","0.00%"
"21/08/2017","8.100","8.100","8.100","8.100","0.94K","0.00%"
"18/08/2017","8.100","8.100","8.100","8.100","0.00K","8.00%"
"17/08/2017","7.500","7.500","7.500","7.500","1.87K","0.00%"
"16/08/2017","7.500","7.500","7.500","7.500","0.07K","0.00%"
"14/08/2017","7.500","7.500","7.500","7.500","0.53K","-7.41%"
"11/08/2017","8.100","8.100","8.100","8.100","0.87K","0.00%"
"10/08/2017","8.100","8.400","8.400","8.100","1.62K","0.00%"
"09/08/2017","8.100","8.100","8.100","8.100","0.91K","0.00%"
"08/08/2017","8.100","8.100","8.100","8.100","0.02K","0.00%"
"07/08/2017","8.100","7.200","8.100","7.200","0.19K","0.00%"
"04/08/2017","8.100","8.100","8.100","8.100","0.02K","3.85%"
"03/08/2017","7.800","7.800","7.800","7.800","0.03K","-3.70%"
"01/08/2017","8.100","8.100","8.100","8.100","0.01K","0.00%"
"31/07/2017","8.100","8.100","8.100","8.100","0.00K","0.00%"
"27/07/2017","8.100","8.100","8.100","8.100","0.02K","0.00%"
"26/07/2017","8.100","8.100","8.100","8.100","0.47K","3.85%"
"25/07/2017","7.800","7.800","7.800","7.800","0.57K","4.00%"
"24/07/2017","7.500","7.500","7.500","7.500","0.00K","0.00%"
"21/07/2017","7.500","7.500","7.500","7.500","0.18K","0.00%"
"20/07/2017","7.500","7.500","7.500","7.500","0.07K","-3.85%"
"19/07/2017","7.800","7.800","7.800","7.800","0.10K","0.00%"
"18/07/2017","7.800","7.800","7.800","7.800","0.01K","0.00%"
"17/07/2017","7.800","7.800","7.800","7.800","0.20K","0.00%"
"14/07/2017","7.800","7.800","7.800","7.800","0.03K","4.00%"
"13/07/2017","7.500","7.500","7.500","7.500","0.03K","0.00%"
"12/07/2017","7.500","7.500","7.500","7.500","0.12K","-3.85%"
"11/07/2017","7.800","7.800","7.800","7.800","0.01K","0.00%"
"10/07/2017","7.800","7.800","7.800","7.800","0.13K","0.00%"
"07/07/2017","7.800","7.800","7.800","7.800","0.10K","-3.70%"
"06/07/2017","8.100","7.800","8.100","7.800","1.59K","8.00%"
"05/07/2017","7.500","7.800","7.800","7.500","0.04K","-3.85%"
"03/07/2017","7.800","7.500","7.800","7.500","0.12K","0.00%"
"30/06/2017","7.800","7.800","7.800","7.800","0.05K","0.00%"
"29/06/2017","7.800","7.800","7.800","7.800","0.00K","4.00%"
"28/06/2017","7.500","7.800","7.800","7.500","0.02K","0.00%"
"27/06/2017","7.500","7.200","7.500","7.200","0.53K","-7.41%"
"26/06/2017","8.100","8.100","8.100","8.100","0.00K","8.00%"
"23/06/2017","7.500","7.500","7.500","7.500","0.25K","0.00%"
"22/06/2017","7.500","8.100","8.100","7.500","0.07K","-7.41%"
"20/06/2017","8.100","8.100","8.100","8.100","0.03K","0.00%"
"19/06/2017","8.100","7.800","8.100","7.800","0.18K","3.85%"
"16/06/2017","7.800","7.800","7.800","7.800","0.33K","0.00%"
"14/06/2017","7.800","7.800","7.800","7.800","0.33K","-3.70%"
"13/06/2017","8.100","7.800","8.100","7.800","0.03K","3.85%"
"12/06/2017","7.800","7.800","7.800","7.800","0.46K","-7.14%"
"08/06/2017","8.400","8.100","8.400","8.100","0.16K","3.70%"
"07/06/2017","8.100","8.700","8.700","8.100","1.34K","-6.90%"
"06/06/2017","8.700","8.700","8.700","8.700","0.66K","7.41%"
"05/06/2017","8.100","7.800","8.100","7.800","0.91K","8.00%"
"02/06/2017","7.500","7.500","7.500","7.500","0.59K","-3.85%"
"01/06/2017","7.800","8.100","8.100","7.800","0.01K","0.00%"
"31/05/2017","7.800","8.100","8.100","7.800","0.33K","-3.70%"
"30/05/2017","8.100","8.400","8.400","8.100","0.33K","900.00%"
"29/05/2017","0.810","0.810","0.810","0.810","0.83K","0.00%"
"26/05/2017","0.810","0.840","0.840","0.810","2.14K","0.00%"
"25/05/2017","0.810","0.810","0.810","0.810","2.16K","3.85%"
"24/05/2017","0.780","0.780","0.780","0.780","3.67K","-3.70%"
"23/05/2017","0.810","0.780","0.810","0.780","0.05K","3.85%"
"22/05/2017","0.780","0.810","0.810","0.780","1.13K","0.00%"
"19/05/2017","0.780","0.780","0.780","0.780","4.79K","-3.70%"
"18/05/2017","0.810","0.840","0.840","0.810","0.34K","-3.57%"
"17/05/2017","0.840","0.840","0.840","0.840","0.12K","0.00%"
"16/05/2017","0.840","0.810","0.840","0.810","0.67K","0.00%"
"15/05/2017","0.840","0.840","0.840","0.840","0.00K","3.70%"
"12/05/2017","0.810","0.810","0.810","0.810","0.17K","0.00%"
"11/05/2017","0.810","0.840","0.840","0.810","3.34K","0.00%"
"10/05/2017","0.810","0.810","0.810","0.810","1.96K","-3.57%"
"09/05/2017","0.840","0.840","0.840","0.840","0.00K","0.00%"
"08/05/2017","0.840","0.810","0.840","0.810","3.89K","7.69%"
"05/05/2017","0.780","0.810","0.810","0.780","9.28K","-7.14%"
"04/05/2017","0.840","0.810","0.840","0.810","5.97K","3.70%"
"02/05/2017","0.810","0.780","0.810","0.780","2.24K","0.00%"
"28/04/2017","0.810","0.840","0.840","0.810","19.62K","-10.00%"
"27/04/2017","0.900","0.900","0.900","0.900","0.00K","3.45%"
"26/04/2017","0.870","0.870","0.870","0.870","6.93K","0.00%"
"25/04/2017","0.870","0.870","0.870","0.870","1.34K","0.00%"
"24/04/2017","0.870","0.870","0.870","0.870","2.06K","3.57%"
"21/04/2017","0.840","0.840","0.840","0.840","2.17K","-3.45%"
"20/04/2017","0.870","0.870","0.870","0.870","4.33K","0.00%"
"19/04/2017","0.870","0.870","0.870","0.870","1.49K","-3.33%"
"18/04/2017","0.900","0.900","0.900","0.900","13.11K","0.00%"
"13/04/2017","0.900","0.900","0.900","0.900","0.13K","0.00%"
"12/04/2017","0.900","0.900","0.900","0.900","3.50K","0.00%"
"11/04/2017","0.900","0.900","0.900","0.900","0.00K","0.00%"
"10/04/2017","0.900","0.870","0.900","0.870","3.63K","0.00%"
"06/04/2017","0.900","0.870","0.900","0.870","4.18K","7.14%"
"05/04/2017","0.840","0.900","0.900","0.840","4.42K","-6.67%"
"04/04/2017","0.900","0.900","0.900","0.900","0.00K","3.45%"
"03/04/2017","0.870","0.870","0.870","0.870","3.44K","0.00%"
"31/03/2017","0.870","0.840","0.870","0.840","2.21K","0.00%"
"30/03/2017","0.870","0.840","0.870","0.840","1.02K","-3.33%"
"28/03/2017","0.900","0.900","0.900","0.900","0.00K","0.00%"
"27/03/2017","0.900","0.900","0.900","0.900","0.03K","3.45%"
"24/03/2017","0.870","0.870","0.870","0.870","114.25K","3.57%"
"23/03/2017","0.840","0.840","0.840","0.840","7.59K","-3.45%"
"22/03/2017","0.870","0.870","0.870","0.870","3.08K","0.00%"
"21/03/2017","0.870","0.900","0.900","0.870","2.80K","-3.33%"
"20/03/2017","0.900","0.960","0.960","0.900","2.44K","-3.23%"
"17/03/2017","0.930","0.930","0.930","0.930","3.16K","3.33%"
"16/03/2017","0.900","0.900","0.900","0.900","2.67K","0.00%"
"15/03/2017","0.900","0.900","0.900","0.900","4.62K","-3.23%"
"14/03/2017","0.930","0.930","0.930","0.930","3.27K","0.00%"
"13/03/2017","0.930","0.930","0.930","0.930","2.24K","-3.12%"
"09/03/2017","0.960","0.960","0.960","0.960","4.94K","0.00%"
"08/03/2017","0.960","0.960","0.960","0.960","5.88K","0.00%"
"07/03/2017","0.960","0.930","0.960","0.930","1.29K","3.23%"
"06/03/2017","0.930","0.930","0.930","0.930","8.35K","0.00%"
"03/03/2017","0.930","0.930","0.930","0.930","9.04K","-3.12%"
"02/03/2017","0.960","0.960","0.960","0.960","2.47K","0.00%"
"01/03/2017","0.960","0.990","0.990","0.960","20.48K","-3.03%"
"28/02/2017","0.990","0.960","0.990","0.960","24.29K","6.45%"
"27/02/2017","0.930","0.930","0.930","0.930","11.25K","3.33%"
"24/02/2017","0.900","0.900","0.900","0.900","19.77K","0.00%"
"23/02/2017","0.900","0.870","0.900","0.870","6.51K","3.45%"
"22/02/2017","0.870","0.870","0.870","0.870","9.87K","3.57%"
"21/02/2017","0.840","0.840","0.840","0.840","5.33K","0.00%"
"20/02/2017","0.840","0.840","0.840","0.840","7.46K","3.70%"
"17/02/2017","0.810","0.840","0.840","0.810","6.98K","-3.57%"
"16/02/2017","0.840","0.840","0.840","0.840","2.38K","0.00%"
"15/02/2017","0.840","0.840","0.840","0.840","6.43K","0.00%"
"14/02/2017","0.840","0.840","0.840","0.840","7.87K","0.00%"
"13/02/2017","0.840","0.840","0.840","0.840","11.45K","0.00%"
"10/02/2017","0.840","0.840","0.840","0.840","14.31K","0.00%"
"09/02/2017","0.840","0.870","0.870","0.840","10.86K","-3.45%"
"08/02/2017","0.870","0.870","0.870","0.870","1.67K","3.57%"
"07/02/2017","0.840","0.870","0.870","0.840","0.70K","0.00%"
"06/02/2017","0.840","0.870","0.870","0.840","7.07K","-3.45%"
"03/02/2017","0.870","0.870","0.870","0.870","2.88K","3.57%"
"02/02/2017","0.840","0.840","0.840","0.840","2.59K","-3.45%"
"01/02/2017","0.870","0.810","0.870","0.810","2.72K","3.57%"
"31/01/2017","0.840","0.900","0.900","0.840","19.53K","0.00%"
"30/01/2017","0.840","0.840","0.840","0.840","5.40K","0.00%"
"27/01/2017","0.840","0.840","0.840","0.840","27.56K","-6.67%"
"26/01/2017","0.900","0.900","0.900","0.900","5.33K","0.00%"
"25/01/2017","0.900","0.900","0.900","0.900","18.90K","3.45%"
"24/01/2017","0.870","0.870","0.870","0.870","7.47K","3.57%"
"23/01/2017","0.840","0.900","0.900","0.840","0.13K","-6.67%"
"20/01/2017","0.900","0.930","0.930","0.900","7.93K","-3.23%"
"19/01/2017","0.930","0.930","0.930","0.930","7.46K","3.33%"
"18/01/2017","0.900","0.900","0.900","0.900","3.07K","3.45%"
"17/01/2017","0.870","0.810","0.870","0.810","20.13K","11.54%"
"16/01/2017","0.780","0.780","0.780","0.780","30.24K","0.00%"
"13/01/2017","0.780","0.780","0.780","0.780","23.92K","-7.14%"
"12/01/2017","0.840","0.840","0.840","0.840","20.07K","-3.45%"
"11/01/2017","0.870","0.870","0.870","0.870","5.37K","0.00%"
"10/01/2017","0.870","0.900","0.900","0.870","4.37K","-3.33%"
"09/01/2017","0.900","0.900","0.900","0.900","7.06K","-3.23%"
"05/01/2017","0.930","0.930","0.930","0.930","2.73K","3.33%"
"04/01/2017","0.900","0.900","0.900","0.900","14.16K","0.00%"
"03/01/2017","0.900","0.900","0.900","0.900","60.33K","-11.76%"
"02/01/2017","1.020","1.080","1.080","1.020","7.30K","-5.56%"
"30/12/2016","1.080","1.110","1.110","1.050","5.35K","-2.70%"
"29/12/2016","1.110","1.110","1.110","1.050","1.20K","2.78%"
"28/12/2016","1.080","1.110","1.110","1.050","9.26K","0.00%"
"27/12/2016","1.080","1.080","1.110","1.080","35.37K","0.00%"
"23/12/2016","1.080","1.080","1.080","1.080","6.73K","0.00%"
"22/12/2016","1.080","1.110","1.110","1.080","5.92K","-2.70%"
"21/12/2016","1.110","1.080","1.110","1.080","5.20K","2.78%"
"20/12/2016","1.080","1.080","1.110","1.080","5.62K","0.00%"
"19/12/2016","1.080","1.110","1.110","1.080","2.71K","-2.70%"
"16/12/2016","1.110","1.110","1.110","1.110","1.67K","0.00%"
"15/12/2016","1.110","1.140","1.140","1.080","21.35K","-2.63%"
"14/12/2016","1.140","1.080","1.140","1.080","13.27K","2.70%"
"13/12/2016","1.110","1.140","1.230","1.080","142.15K","0.00%"
"12/12/2016","1.110","1.140","1.140","1.080","2.34K","-2.63%"
"09/12/2016","1.140","1.140","1.140","1.080","3.95K","0.00%"
"08/12/2016","1.140","1.140","1.140","1.080","10.87K","0.00%"
"07/12/2016","1.140","1.140","1.140","1.080","13.54K","0.00%"
"06/12/2016","1.140","1.140","1.140","1.080","0.11K","0.00%"
"05/12/2016","1.140","1.110","1.140","1.080","0.80K","2.70%"
"02/12/2016","1.110","1.140","1.140","1.110","0.38K","0.00%"
"01/12/2016","1.110","1.110","1.140","1.110","10.03K","0.00%"
"30/11/2016","1.110","1.080","1.140","1.080","2.39K","0.00%"
"29/11/2016","1.110","1.110","1.110","1.110","3.34K","-2.63%"
"28/11/2016","1.140","1.140","1.140","1.140","0.00K","0.00%"
"25/11/2016","1.140","1.140","1.140","1.080","6.08K","0.00%"
"24/11/2016","1.140","1.140","1.140","1.080","5.72K","0.00%"
"23/11/2016","1.140","1.140","1.140","1.080","7.77K","0.00%"
"22/11/2016","1.140","1.140","1.140","1.110","0.34K","0.00%"
"21/11/2016","1.140","1.140","1.140","1.110","1.51K","0.00%"
"18/11/2016","1.140","1.170","1.170","1.140","1.38K","-2.56%"
"17/11/2016","1.170","1.140","1.170","1.140","14.74K","2.63%"
"16/11/2016","1.140","1.140","1.140","1.080","2.19K","2.70%"
"15/11/2016","1.110","1.110","1.140","1.050","9.64K","5.71%"
"14/11/2016","1.050","1.080","1.110","1.050","4.61K","-5.41%"
"10/11/2016","1.110","1.080","1.110","1.080","0.93K","5.71%"
"09/11/2016","1.050","1.110","1.110","1.050","5.06K","-5.41%"
"08/11/2016","1.110","1.140","1.140","1.050","3.13K","-2.63%"
"07/11/2016","1.140","1.140","1.140","1.050","17.29K","0.00%"
"04/11/2016","1.140","1.170","1.170","1.080","34.13K","-2.56%"
"03/11/2016","1.170","1.170","1.170","1.080","52.00K","0.00%"
"02/11/2016","1.170","1.170","1.200","1.170","4.68K","0.00%"
"31/10/2016","1.170","1.200","1.200","1.140","28.83K","-2.50%"
"28/10/2016","1.200","1.200","1.230","1.170","23.46K","2.56%"
"27/10/2016","1.170","1.170","1.230","1.140","32.88K","0.00%"
"26/10/2016","1.170","1.230","1.230","1.170","46.54K","-4.88%"
"25/10/2016","1.230","1.260","1.260","1.230","8.33K","-2.38%"
"24/10/2016","1.260","1.260","1.260","1.230","12.74K","0.00%"
"21/10/2016","1.260","1.290","1.290","1.260","24.34K","0.00%"
"20/10/2016","1.260","1.290","1.290","1.260","6.27K","0.00%"
"19/10/2016","1.260","1.290","1.290","1.260","7.97K","-2.33%"
"18/10/2016","1.290","1.260","1.320","1.260","282.80K","0.00%"
"17/10/2016","1.290","1.260","1.290","1.260","14.71K","0.00%"
"14/10/2016","1.290","1.260","1.290","1.230","24.04K","2.38%"
"13/10/2016","1.260","1.290","1.380","1.260","144.46K","-4.55%"
"12/10/2016","1.320","1.260","1.380","1.260","92.16K","0.00%"
"11/10/2016","1.320","1.380","1.380","1.290","42.60K","-4.35%"
"10/10/2016","1.380","1.440","1.440","1.350","71.27K","-6.12%"
"07/10/2016","1.470","1.230","1.470","1.230","170.53K","19.51%"
"06/10/2016","1.230","1.230","1.260","1.200","12.73K","-2.38%"
"05/10/2016","1.260","1.260","1.260","1.170","25.02K","2.44%"
"04/10/2016","1.230","1.260","1.260","1.230","9.38K","0.00%"
"03/10/2016","1.230","1.230","1.230","1.200","5.14K","0.00%"
"30/09/2016","1.230","1.230","1.230","1.200","19.74K","-2.38%"
"29/09/2016","1.260","1.290","1.320","1.200","38.51K","-4.55%"
"28/09/2016","1.320","1.350","1.350","1.290","13.22K","-2.22%"
"27/09/2016","1.350","1.350","1.350","1.320","5.30K","0.00%"
"26/09/2016","1.350","1.350","1.350","1.290","8.00K","2.27%"
"23/09/2016","1.320","1.290","1.320","1.290","4.03K","2.33%"
"22/09/2016","1.290","1.290","1.350","1.290","4.72K","0.00%"
"21/09/2016","1.290","1.380","1.380","1.260","21.33K","-6.52%"
"20/09/2016","1.380","1.350","1.380","1.320","8.63K","4.55%"
"19/09/2016","1.320","1.350","1.350","1.320","10.92K","-2.22%"
"16/09/2016","1.350","1.410","1.410","1.290","24.43K","-6.25%"
"15/09/2016","1.440","1.380","1.440","1.350","8.50K","4.35%"
"14/09/2016","1.380","1.380","1.440","1.380","4.84K","-2.13%"
"13/09/2016","1.410","1.440","1.440","1.380","6.08K","2.17%"
"12/09/2016","1.380","1.410","1.410","1.290","21.09K","-6.12%"
"09/09/2016","1.470","1.470","1.470","1.470","1.00K","4.26%"
"08/09/2016","1.410","1.380","1.470","1.380","10.82K","-2.08%"
"07/09/2016","1.440","1.470","1.500","1.350","22.76K","-2.04%"
"06/09/2016","1.470","1.500","1.530","1.410","10.22K","-3.92%"
"05/09/2016","1.530","1.440","1.530","1.440","35.53K","8.51%"
"02/09/2016","1.410","1.500","1.560","1.350","75.36K","-4.08%"
"01/09/2016","1.470","1.650","1.650","1.470","58.52K","-10.91%"
"31/08/2016","1.650","1.650","1.650","1.590","19.97K","0.00%"
"30/08/2016","1.650","1.620","1.650","1.560","15.84K","0.00%"
"29/08/2016","1.650","1.650","1.650","1.620","10.40K","-1.79%"
"26/08/2016","1.680","1.650","1.710","1.650","11.58K","-3.45%"
"25/08/2016","1.740","1.770","1.770","1.680","6.85K","-1.69%"
"24/08/2016","1.770","1.710","1.770","1.710","0.94K","0.00%"
"23/08/2016","1.770","1.710","1.770","1.710","4.27K","0.00%"
"22/08/2016","1.770","1.740","1.770","1.710","2.65K","0.00%"
"19/08/2016","1.770","1.770","1.770","1.710","23.50K","0.00%"
"18/08/2016","1.770","1.770","1.770","1.710","9.01K","0.00%"
"17/08/2016","1.770","1.800","1.800","1.710","29.89K","-3.28%"
"16/08/2016","1.830","1.830","1.830","1.740","16.66K","0.00%"
"12/08/2016","1.830","1.890","1.890","1.800","38.48K","-3.17%"
"11/08/2016","1.890","1.890","1.890","1.830","26.39K","0.00%"
"10/08/2016","1.890","1.890","1.890","1.830","35.33K","3.28%"
"09/08/2016","1.830","1.890","1.890","1.830","11.67K","-3.17%"
"08/08/2016","1.890","1.860","1.890","1.830","20.17K","1.61%"
"05/08/2016","1.860","1.890","1.890","1.800","3.75K","-1.59%"
"04/08/2016","1.890","1.830","1.950","1.800","54.67K","1.61%"
"03/08/2016","1.860","1.890","1.890","1.830","10.20K","-1.59%"
"02/08/2016","1.890","1.860","1.920","1.800","33.47K","1.61%"
"01/08/2016","1.860","1.830","1.860","1.800","13.77K","-1.59%"
"29/07/2016","1.890","1.920","1.920","1.800","4.78K","1.61%"
"28/07/2016","1.860","1.890","1.950","1.830","33.07K","-1.59%"
"27/07/2016","1.890","1.860","1.980","1.830","63.59K","1.61%"
"26/07/2016","1.860","1.800","1.860","1.800","27.81K","3.33%"
"25/07/2016","1.800","1.800","1.800","1.740","3.45K","0.00%"
"22/07/2016","1.800","1.770","1.830","1.770","10.01K","-1.64%"
"21/07/2016","1.830","1.830","1.860","1.740","22.09K","0.00%"
"20/07/2016","1.830","1.830","1.920","1.800","14.46K","0.00%"
"19/07/2016","1.830","1.890","1.950","1.770","31.61K","0.00%"
"18/07/2016","1.830","1.770","1.890","1.770","13.67K","3.39%"
"15/07/2016","1.770","1.710","1.890","1.710","51.37K","3.51%"
"14/07/2016","1.710","1.680","1.740","1.680","4.89K","0.00%"
"13/07/2016","1.710","1.710","1.710","1.680","2.47K","0.00%"
"12/07/2016","1.710","1.710","1.740","1.710","2.61K","0.00%"
"11/07/2016","1.710","1.740","1.740","1.710","0.61K","-1.72%"
"08/07/2016","1.740","1.680","1.740","1.650","15.48K","1.75%"
"07/07/2016","1.710","1.740","1.740","1.650","19.20K","-3.39%"
"06/07/2016","1.770","1.740","1.770","1.710","5.84K","1.72%"
"05/07/2016","1.740","1.740","1.740","1.740","0.07K","1.75%"
"04/07/2016","1.710","1.770","1.770","1.710","3.80K","-1.72%"
"01/07/2016","1.740","1.770","1.770","1.740","3.00K","-3.33%"
"30/06/2016","1.800","1.770","1.800","1.770","0.50K","0.00%"
"29/06/2016","1.800","1.890","1.890","1.800","1.92K","-1.64%"
"28/06/2016","1.830","1.710","1.860","1.710","55.82K","7.02%"
"27/06/2016","1.710","1.680","1.710","1.650","9.95K","0.00%"
"24/06/2016","1.710","1.650","1.710","1.650","17.52K","-1.72%"
"23/06/2016","1.740","1.800","1.800","1.650","36.08K","-3.33%"
"22/06/2016","1.800","1.680","1.800","1.680","11.55K","7.14%"
"21/06/2016","1.680","1.680","1.680","1.650","10.17K","-5.08%"
"20/06/2016","1.770","1.740","1.770","1.650","12.86K","3.51%"
"17/06/2016","1.710","1.770","1.770","1.710","1.01K","-3.39%"
"16/06/2016","1.770","1.830","1.830","1.650","42.24K","-7.81%"
"15/06/2016","1.920","1.920","1.920","1.920","4.23K","200.00%"
"14/06/2016","0.640","0.650","0.650","0.640","0.50K","-1.54%"
"13/06/2016","0.650","0.660","0.660","0.610","35.52K","-2.99%"
"10/06/2016","0.670","0.660","0.670","0.620","40.13K","1.52%"
"09/06/2016","0.660","0.660","0.680","0.630","64.60K","-2.94%"
"08/06/2016","0.680","0.690","0.710","0.660","245.20K","-2.86%"
"07/06/2016","0.700","0.680","0.700","0.660","133.94K","4.48%"
"06/06/2016","0.670","0.600","0.670","0.580","217.50K","15.52%"
"03/06/2016","0.580","0.580","0.610","0.580","109.33K","1.75%"
"02/06/2016","0.570","0.560","0.570","0.560","39.79K","3.64%"
"01/06/2016","0.550","0.550","0.570","0.540","69.40K","-1.79%"
"31/05/2016","0.560","0.540","0.560","0.510","51.44K","1.82%"
"30/05/2016","0.550","0.570","0.600","0.540","201.91K","-5.17%"
"27/05/2016","0.580","0.560","0.580","0.560","10.37K","3.57%"
"25/05/2016","0.560","0.560","0.560","0.530","13.78K","1.82%"
"24/05/2016","0.550","0.560","0.580","0.540","66.63K","0.00%"
"23/05/2016","0.550","0.580","0.630","0.540","119.43K","-8.33%"
"20/05/2016","0.600","0.590","0.600","0.590","12.01K","0.00%"
"19/05/2016","0.600","0.600","0.630","0.570","159.27K","0.00%"
"18/05/2016","0.600","0.630","0.650","0.600","96.80K","-6.25%"
"17/05/2016","0.640","0.700","0.700","0.630","117.36K","-5.88%"
"16/05/2016","0.680","0.650","0.700","0.640","120.54K","3.03%"
"13/05/2016","0.660","0.630","0.660","0.630","21.58K","3.13%"
"12/05/2016","0.640","0.670","0.670","0.620","158.58K","-4.48%"
"11/05/2016","0.670","0.700","0.700","0.640","148.75K","-4.29%"
"10/05/2016","0.700","0.690","0.710","0.690","3.73K","1.45%"
"09/05/2016","0.690","0.720","0.720","0.690","24.65K","0.00%"
"06/05/2016","0.690","0.710","0.720","0.670","75.80K","-5.48%"
"05/05/2016","0.730","0.730","0.750","0.730","51.28K","-2.67%"
"04/05/2016","0.750","0.720","0.750","0.720","56.94K","4.17%"
"02/05/2016","0.720","0.740","0.740","0.710","79.31K","-4.00%"
"29/04/2016","0.750","0.760","0.800","0.750","92.31K","0.00%"
"28/04/2016","0.750","0.780","0.800","0.750","103.03K","-6.25%"
"27/04/2016","0.800","0.840","0.840","0.790","73.29K","-4.76%"
"26/04/2016","0.840","0.830","0.860","0.810","207.50K","2.44%"
"25/04/2016","0.820","0.800","0.830","0.790","77.74K","1.23%"
"22/04/2016","0.810","0.830","0.830","0.790","90.82K","-1.22%"
"21/04/2016","0.820","0.770","0.830","0.770","159.93K","5.13%"
"20/04/2016","0.780","0.770","0.790","0.750","70.10K","4.00%"
"19/04/2016","0.750","0.750","0.760","0.730","44.61K","-1.32%"
"18/04/2016","0.760","0.790","0.790","0.740","131.18K","-5.00%"
"15/04/2016","0.800","0.790","0.810","0.750","129.59K","3.90%"
"14/04/2016","0.770","0.760","0.790","0.730","170.31K","1.32%"
"13/04/2016","0.760","0.700","0.770","0.700","242.95K","8.57%"
"12/04/2016","0.700","0.710","0.710","0.660","178.10K","-1.41%"
"11/04/2016","0.710","0.720","0.740","0.690","131.13K","0.00%"
"08/04/2016","0.710","0.750","0.750","0.690","137.31K","-5.33%"
"07/04/2016","0.750","0.770","0.780","0.740","106.91K","-2.60%"
"06/04/2016","0.770","0.800","0.810","0.770","105.21K","-2.53%"
"05/04/2016","0.790","0.790","0.800","0.750","98.97K","1.28%"
"04/04/2016","0.780","0.690","0.780","0.690","241.04K","13.04%"
"01/04/2016","0.690","0.690","0.690","0.660","72.00K","0.00%"
"31/03/2016","0.690","0.680","0.730","0.670","304.18K","1.47%"
"30/03/2016","0.680","0.620","0.680","0.620","211.14K","7.94%"
"29/03/2016","0.630","0.600","0.650","0.600","164.89K","3.28%"
"24/03/2016","0.610","0.620","0.620","0.590","17.61K","0.00%"
"23/03/2016","0.610","0.590","0.630","0.590","73.61K","3.39%"
"22/03/2016","0.590","0.560","0.590","0.560","28.85K","0.00%"
"21/03/2016","0.590","0.590","0.590","0.590","0.01K","0.00%"
"18/03/2016","0.590","0.600","0.600","0.580","45.25K","-1.67%"
"17/03/2016","0.600","0.600","0.630","0.570","87.71K","0.00%"
"16/03/2016","0.600","0.590","0.600","0.590","22.18K","1.69%"
"15/03/2016","0.590","0.600","0.610","0.580","74.13K","-4.84%"
"14/03/2016","0.620","0.630","0.630","0.600","22.02K","-1.59%"
"11/03/2016","0.630","0.600","0.630","0.600","78.44K","5.00%"
"10/03/2016","0.600","0.600","0.600","0.580","77.21K","0.00%"
"09/03/2016","0.600","0.570","0.600","0.550","222.98K","3.45%"
"08/03/2016","0.580","0.560","0.590","0.560","23.39K","-1.69%"
"07/03/2016","0.590","0.590","0.590","0.560","38.31K","0.00%"
"04/03/2016","0.590","0.570","0.590","0.550","119.72K","3.51%"
"03/03/2016","0.570","0.530","0.570","0.510","233.96K","9.62%"
"02/03/2016","0.520","0.470","0.540","0.460","510.02K","8.33%"
"01/03/2016","0.480","0.430","0.480","0.430","136.60K","-4.00%"
"29/02/2016","0.500","0.500","0.500","0.470","172.82K","2.04%"
"26/02/2016","0.490","0.450","0.490","0.430","116.22K","11.36%"
"25/02/2016","0.440","0.480","0.520","0.440","145.28K","-6.38%"
"24/02/2016","0.470","0.470","0.480","0.460","14.46K","-2.08%"
"23/02/2016","0.480","0.480","0.490","0.450","56.92K","2.13%"
"22/02/2016","0.470","0.420","0.470","0.420","243.34K","14.63%"
"18/02/2016","0.410","0.420","0.420","0.410","30.40K","0.00%"
"17/02/2016","0.410","0.410","0.410","0.390","35.20K","0.00%"
"16/02/2016","0.410","0.420","0.440","0.410","51.27K","-2.38%"
"15/02/2016","0.420","0.440","0.440","0.420","3.22K","-4.55%"
"12/02/2016","0.440","0.430","0.440","0.430","6.00K","2.33%"
"11/02/2016","0.430","0.420","0.430","0.410","32.66K","0.00%"
"10/02/2016","0.430","0.440","0.440","0.430","26.60K","0.00%"
"08/02/2016","0.430","0.440","0.440","0.430","11.39K","2.38%"
"05/02/2016","0.420","0.430","0.430","0.420","45.91K","2.44%"
"04/02/2016","0.410","0.430","0.430","0.400","100.10K","-6.82%"
"03/02/2016","0.440","0.440","0.440","0.420","33.72K","-2.22%"
"02/02/2016","0.450","0.450","0.450","0.450","2.00K","0.00%"
"01/02/2016","0.450","0.450","0.450","0.450","2.65K","-2.17%"
"29/01/2016","0.460","0.440","0.460","0.440","7.50K","2.22%"
"28/01/2016","0.450","0.450","0.450","0.450","8.85K","2.27%"
"27/01/2016","0.440","0.440","0.440","0.440","1.02K","-2.22%"
"25/01/2016","0.450","0.450","0.450","0.450","1.35K","0.00%"
"22/01/2016","0.450","0.450","0.450","0.440","7.30K","0.00%"
"21/01/2016","0.450","0.430","0.450","0.430","6.14K","0.00%"
"20/01/2016","0.450","0.460","0.460","0.420","74.82K","-6.25%"
"19/01/2016","0.480","0.480","0.480","0.480","6.80K","0.00%"
"18/01/2016","0.480","0.470","0.480","0.460","9.21K","-2.04%"
"15/01/2016","0.490","0.490","0.490","0.490","2.00K","0.00%"
"13/01/2016","0.490","0.480","0.490","0.470","27.07K","-3.92%"
"12/01/2016","0.510","0.500","0.510","0.490","8.23K","2.00%"
"11/01/2016","0.500","0.500","0.500","0.480","4.79K","-1.96%"
"08/01/2016","0.510","0.480","0.510","0.480","1.76K","2.00%"
"07/01/2016","0.500","0.520","0.520","0.480","25.91K","0.00%"
"05/01/2016","0.500","0.480","0.510","0.480","18.87K","2.04%"
"04/01/2016","0.490","0.480","0.500","0.480","32.11K","2.08%"
"30/12/2015","0.480","0.470","0.490","0.470","64.55K","2.13%"
"29/12/2015","0.470","0.450","0.470","0.450","22.67K","6.82%"
"28/12/2015","0.440","0.460","0.470","0.430","64.69K","-4.35%"
"23/12/2015","0.460","0.460","0.480","0.450","18.37K","0.00%"
"22/12/2015","0.460","0.520","0.520","0.450","135.41K","-8.00%"
"21/12/2015","0.500","0.510","0.510","0.500","39.42K","-5.66%"
"18/12/2015","0.530","0.530","0.540","0.510","31.03K","-1.85%"
"17/12/2015","0.540","0.520","0.540","0.520","65.74K","3.85%"
"16/12/2015","0.520","0.520","0.530","0.520","8.95K","0.00%"
"15/12/2015","0.520","0.540","0.540","0.520","12.04K","-3.70%"
"14/12/2015","0.540","0.560","0.560","0.530","8.70K","-1.82%"
"11/12/2015","0.550","0.550","0.550","0.520","24.82K","-1.79%"
"10/12/2015","0.560","0.540","0.560","0.530","12.53K","-1.75%"
"09/12/2015","0.570","0.570","0.570","0.570","0.00K","3.64%"
"08/12/2015","0.550","0.570","0.590","0.550","10.93K","-6.78%"
"07/12/2015","0.590","0.560","0.590","0.560","3.53K","0.00%"
"04/12/2015","0.590","0.570","0.590","0.540","56.10K","0.00%"
"03/12/2015","0.590","0.600","0.600","0.580","25.20K","-1.67%"
"02/12/2015","0.600","0.630","0.630","0.600","10.00K","0.00%"
"01/12/2015","0.600","0.600","0.600","0.600","2.14K","0.00%"
"30/11/2015","0.600","0.600","0.620","0.590","53.09K","0.00%"
"27/11/2015","0.600","0.600","0.600","0.590","4.00K","1.69%"
"26/11/2015","0.590","0.590","0.600","0.590","26.11K","-1.67%"
"25/11/2015","0.600","0.600","0.600","0.600","0.30K","-1.64%"
"23/11/2015","0.610","0.600","0.610","0.600","13.40K","-1.61%"
"20/11/2015","0.620","0.610","0.620","0.610","9.20K","1.64%"
"19/11/2015","0.610","0.600","0.610","0.600","8.00K","-1.61%"
"18/11/2015","0.620","0.620","0.620","0.590","95.56K","-4.62%"
"17/11/2015","0.650","0.640","0.650","0.630","9.18K","0.00%"
"16/11/2015","0.650","0.650","0.650","0.620","3.48K","0.00%"
"13/11/2015","0.650","0.630","0.650","0.630","7.62K","3.17%"
"12/11/2015","0.630","0.660","0.660","0.620","13.47K","-4.55%"
"10/11/2015","0.660","0.650","0.660","0.650","11.87K","4.76%"
"09/11/2015","0.630","0.620","0.630","0.620","33.43K","-5.97%"
"06/11/2015","0.670","0.640","0.670","0.640","5.30K","4.69%"
"05/11/2015","0.640","0.670","0.670","0.640","13.43K","-4.48%"
"04/11/2015","0.670","0.650","0.670","0.650","0.32K","3.08%"
"03/11/2015","0.650","0.670","0.670","0.650","29.51K","-5.80%"
"02/11/2015","0.690","0.700","0.700","0.690","17.14K","-2.82%"
"30/10/2015","0.710","0.690","0.710","0.690","26.45K","1.43%"
"29/10/2015","0.700","0.690","0.710","0.680","13.48K","-1.41%"
"28/10/2015","0.710","0.690","0.710","0.690","1.47K","0.00%"
"27/10/2015","0.710","0.670","0.720","0.670","54.67K","2.90%"
"26/10/2015","0.690","0.700","0.700","0.670","15.17K","1.47%"
"23/10/2015","0.680","0.690","0.690","0.680","16.47K","-2.86%"
"22/10/2015","0.700","0.700","0.700","0.700","3.50K","-1.41%"
"21/10/2015","0.710","0.700","0.710","0.700","16.50K","1.43%"
"20/10/2015","0.700","0.670","0.710","0.670","79.06K","6.06%"
"19/10/2015","0.660","0.650","0.660","0.650","7.43K","1.54%"
"16/10/2015","0.650","0.650","0.690","0.650","53.27K","-1.52%"
"15/10/2015","0.660","0.630","0.680","0.630","152.11K","8.20%"
"14/10/2015","0.610","0.600","0.630","0.590","122.14K","1.67%"
"13/10/2015","0.600","0.600","0.600","0.590","8.71K","0.00%"
"12/10/2015","0.600","0.610","0.610","0.600","13.94K","0.00%"
"09/10/2015","0.600","0.580","0.600","0.580","17.94K","1.69%"
"08/10/2015","0.590","0.590","0.600","0.580","7.44K","0.00%"
"07/10/2015","0.590","0.580","0.590","0.570","5.60K","1.72%"
"06/10/2015","0.580","0.580","0.580","0.570","12.74K","-3.33%"
"05/10/2015","0.600","0.590","0.600","0.570","46.62K","0.00%"
"02/10/2015","0.600","0.600","0.600","0.590","7.09K","-1.64%"
"01/10/2015","0.610","0.580","0.610","0.580","28.54K","5.17%"
"30/09/2015","0.580","0.580","0.600","0.580","11.17K","-1.69%"
"29/09/2015","0.590","0.580","0.590","0.570","10.17K","-1.67%"
"28/09/2015","0.600","0.580","0.600","0.580","3.60K","-1.64%"
"25/09/2015","0.610","0.620","0.620","0.570","8.87K","1.67%"
"24/09/2015","0.600","0.610","0.610","0.590","18.32K","-3.23%"
"23/09/2015","0.620","0.640","0.640","0.600","35.18K","-3.12%"
"22/09/2015","0.640","0.700","0.700","0.630","61.41K","-5.88%"
"21/09/2015","0.680","0.680","0.690","0.660","79.61K","1.49%"
"18/09/2015","0.670","0.650","0.690","0.650","134.12K","6.35%"
"17/09/2015","0.630","0.660","0.680","0.620","103.79K","-5.97%"
"16/09/2015","0.670","0.590","0.690","0.590","509.75K","13.56%"
"15/09/2015","0.590","0.600","0.610","0.590","75.80K","-1.67%"
"14/09/2015","0.600","0.600","0.600","0.590","38.25K","0.00%"
"11/09/2015","0.600","0.590","0.600","0.590","47.79K","1.69%"
"10/09/2015","0.590","0.600","0.600","0.590","79.03K","-1.67%"
"09/09/2015","0.600","0.600","0.600","0.590","7.35K","0.00%"
"08/09/2015","0.600","0.590","0.600","0.590","6.89K","0.00%"
"07/09/2015","0.600","0.590","0.600","0.590","1.55K","0.00%"
"04/09/2015","0.600","0.580","0.600","0.570","30.90K","5.26%"
"03/09/2015","0.570","0.590","0.590","0.570","8.08K","-1.72%"
"02/09/2015","0.580","0.600","0.600","0.570","25.62K","-3.33%"
"01/09/2015","0.600","0.590","0.600","0.560","40.01K","0.00%"
"31/08/2015","0.600","0.600","0.600","0.600","11.92K","1.69%"
"28/08/2015","0.590","0.600","0.600","0.590","17.11K","-1.67%"
"27/08/2015","0.600","0.590","0.600","0.580","68.37K","0.00%"
"25/08/2015","0.600","0.610","0.640","0.600","120.93K","-1.64%"
"24/08/2015","0.610","0.630","0.630","0.600","48.73K","-4.69%"
"21/08/2015","0.640","0.630","0.640","0.630","9.43K","0.00%"
"20/08/2015","0.640","0.620","0.650","0.610","11.97K","1.59%"
"19/08/2015","0.630","0.650","0.660","0.630","53.91K","-5.97%"
"18/08/2015","0.670","0.670","0.670","0.650","5.79K","3.08%"
"17/08/2015","0.650","0.650","0.650","0.630","32.46K","-1.52%"
"14/08/2015","0.660","0.650","0.660","0.650","20.03K","-1.49%"
"13/08/2015","0.670","0.670","0.670","0.670","3.60K","0.00%"
"12/08/2015","0.670","0.660","0.670","0.660","11.71K","1.52%"
"11/08/2015","0.660","0.660","0.670","0.660","16.08K","-2.94%"
"10/08/2015","0.680","0.660","0.680","0.660","8.03K","0.00%"
"07/08/2015","0.680","0.670","0.680","0.650","7.19K","0.00%"
"06/08/2015","0.680","0.680","0.680","0.650","33.05K","0.00%"
"05/08/2015","0.680","0.680","0.690","0.670","33.49K","0.00%"
"04/08/2015","0.680","0.680","0.710","0.680","13.84K","-2.86%"
"03/08/2015","0.700","0.690","0.700","0.650","67.78K","1.45%"
"31/07/2015","0.690","0.690","0.690","0.670","0.78K","1.47%"
"30/07/2015","0.680","0.670","0.680","0.650","3.16K","1.49%"
"29/07/2015","0.670","0.710","0.710","0.650","63.80K","-5.63%"
"28/07/2015","0.710","0.720","0.720","0.700","59.38K","2.90%"
"27/07/2015","0.690","0.640","0.690","0.620","125.01K","-1.43%"
"24/07/2015","0.700","0.700","0.700","0.630","15.23K","4.48%"
"23/07/2015","0.670","0.710","0.710","0.640","41.61K","-4.29%"
"22/07/2015","0.700","0.730","0.730","0.680","8.23K","-1.41%"
"21/07/2015","0.710","0.690","0.710","0.690","2.38K","1.43%"
"20/07/2015","0.700","0.730","0.730","0.690","51.17K","-4.11%"
"17/07/2015","0.730","0.720","0.730","0.710","6.64K","1.39%"
"16/07/2015","0.720","0.720","0.740","0.720","11.26K","1.41%"
"15/07/2015","0.710","0.710","0.710","0.690","22.49K","-1.39%"
"14/07/2015","0.720","0.700","0.720","0.690","5.02K","1.41%"
"13/07/2015","0.710","0.730","0.730","0.690","40.39K","-1.39%"
"10/07/2015","0.720","0.610","0.730","0.580","225.75K","12.50%"
"09/07/2015","0.640","0.670","0.670","0.640","36.44K","-4.48%"
"08/07/2015","0.670","0.690","0.690","0.640","26.88K","0.00%"
"07/07/2015","0.670","0.680","0.700","0.650","52.77K","-5.63%"
"03/07/2015","0.710","0.710","0.710","0.710","0.12K","0.00%"
"02/07/2015","0.710","0.680","0.710","0.680","6.91K","4.41%"
"01/07/2015","0.680","0.720","0.730","0.680","36.80K","-5.56%"
"30/06/2015","0.720","0.720","0.720","0.710","3.90K","0.00%"
"29/06/2015","0.720","0.700","0.720","0.630","50.97K","0.00%"
"26/06/2015","0.720","0.740","0.740","0.690","52.98K","-5.26%"
"25/06/2015","0.760","0.750","0.760","0.720","5.77K","0.00%"
"24/06/2015","0.760","0.760","0.760","0.740","24.17K","-2.56%"
"23/06/2015","0.780","0.790","0.790","0.770","15.90K","-1.27%"
"22/06/2015","0.790","0.730","0.790","0.720","41.56K","6.76%"
"19/06/2015","0.740","0.760","0.770","0.740","36.03K","1.37%"
"18/06/2015","0.730","0.770","0.770","0.720","25.39K","-5.19%"
"17/06/2015","0.770","0.780","0.780","0.740","40.84K","-1.28%"
"16/06/2015","0.780","0.850","0.850","0.770","109.06K","-8.24%"
"15/06/2015","0.850","0.870","0.880","0.820","47.61K","-1.16%"
"12/06/2015","0.860","0.850","0.900","0.800","304.63K","1.18%"
"11/06/2015","0.850","0.760","0.860","0.730","252.82K","11.84%"
"10/06/2015","0.760","0.760","0.760","0.710","79.91K","-1.30%"
"09/06/2015","0.770","0.780","0.830","0.720","1.46M","-4.94%"
"08/06/2015","0.810","0.750","0.860","0.750","1.14M","8.00%"
"05/06/2015","0.750","0.630","0.750","0.620","312.77K","20.97%"
"03/06/2015","0.620","0.600","0.640","0.600","116.64K","5.08%"
"02/06/2015","0.590","0.600","0.620","0.550","371.51K","-4.84%"
"01/06/2015","0.620","0.670","0.670","0.610","157.71K","-7.46%"
"29/05/2015","0.670","0.670","0.680","0.650","43.79K","0.00%"
"28/05/2015","0.670","0.690","0.700","0.660","98.59K","-4.29%"
"27/05/2015","0.700","0.700","0.700","0.680","6.81K","0.00%"
"26/05/2015","0.700","0.680","0.700","0.680","5.10K","1.45%"
"25/05/2015","0.690","0.700","0.710","0.680","34.67K","-1.43%"
"22/05/2015","0.700","0.720","0.720","0.690","7.72K","-1.41%"
"21/05/2015","0.710","0.710","0.710","0.670","133.81K","-2.74%"
"20/05/2015","0.730","0.730","0.730","0.710","10.47K","0.00%"
"19/05/2015","0.730","0.760","0.770","0.700","189.67K","-1.35%"
"18/05/2015","0.740","0.730","0.780","0.730","287.85K","4.23%"
"15/05/2015","0.710","0.710","0.720","0.690","46.63K","0.00%"
"14/05/2015","0.710","0.740","0.740","0.700","68.85K","-1.39%"
"13/05/2015","0.720","0.730","0.730","0.720","21.46K","-2.70%"
"12/05/2015","0.740","0.710","0.740","0.710","31.79K","4.23%"
"11/05/2015","0.710","0.690","0.710","0.690","3.17K","2.90%"
"08/05/2015","0.690","0.690","0.710","0.690","33.45K","0.00%"
"07/05/2015","0.690","0.680","0.690","0.680","3.36K","0.00%"
"06/05/2015","0.690","0.680","0.690","0.680","9.58K","0.00%"
"05/05/2015","0.690","0.690","0.690","0.680","16.59K","1.47%"
"04/05/2015","0.680","0.690","0.690","0.680","12.65K","0.00%"
"30/04/2015","0.680","0.690","0.690","0.680","14.91K","0.00%"
"29/04/2015","0.680","0.690","0.690","0.680","14.15K","-2.86%"
"28/04/2015","0.700","0.690","0.700","0.690","5.63K","0.00%"
"27/04/2015","0.700","0.690","0.700","0.690","8.62K","0.00%"
"24/04/2015","0.700","0.700","0.710","0.690","37.33K","0.00%"
"23/04/2015","0.700","0.680","0.710","0.680","151.64K","2.94%"
"22/04/2015","0.680","0.710","0.720","0.650","298.64K","-4.23%"
"21/04/2015","0.710","0.740","0.760","0.710","96.85K","-4.05%"
"20/04/2015","0.740","0.770","0.770","0.740","32.65K","-3.90%"
"17/04/2015","0.770","0.780","0.790","0.770","25.28K","-1.28%"
"16/04/2015","0.780","0.770","0.790","0.770","57.75K","0.00%"
"15/04/2015","0.780","0.770","0.780","0.750","25.04K","1.30%"
"14/04/2015","0.770","0.740","0.770","0.740","20.27K","1.32%"
"13/04/2015","0.760","0.770","0.770","0.740","20.95K","1.33%"
"10/04/2015","0.750","0.790","0.790","0.730","203.13K","-5.06%"
"09/04/2015","0.790","0.770","0.790","0.770","42.59K","3.95%"
"08/04/2015","0.760","0.840","0.840","0.760","309.74K","-9.52%"
"07/04/2015","0.840","0.860","0.890","0.840","70.56K","-2.33%"
"02/04/2015","0.860","0.840","0.860","0.830","14.47K","1.18%"
"01/04/2015","0.850","0.850","0.860","0.830","4.88K","-1.16%"
"31/03/2015","0.860","0.850","0.880","0.840","81.89K","3.61%"
"30/03/2015","0.830","0.830","0.850","0.810","10.08K","-1.19%"
"27/03/2015","0.840","0.810","0.840","0.800","16.34K","1.20%"
"26/03/2015","0.830","0.830","0.830","0.830","10.88K","-1.19%"
"25/03/2015","0.840","0.860","0.860","0.840","18.23K","-4.55%"
"24/03/2015","0.880","0.810","0.890","0.800","84.94K","1.15%"
"23/03/2015","0.870","0.910","0.910","0.860","35.78K","-5.43%"
"20/03/2015","0.920","0.900","0.920","0.900","26.03K","2.22%"
"19/03/2015","0.900","0.920","0.930","0.880","51.83K","-2.17%"
"18/03/2015","0.920","0.940","0.960","0.890","398.41K","-3.16%"
"17/03/2015","0.950","0.870","0.950","0.870","100.92K","6.74%"
"16/03/2015","0.890","0.890","0.930","0.870","186.34K","-1.11%"
"13/03/2015","0.900","0.750","0.900","0.730","439.29K","23.29%"
"12/03/2015","0.730","0.720","0.750","0.720","22.97K","1.39%"
"11/03/2015","0.720","0.750","0.780","0.690","1.95M","-6.49%"
"10/03/2015","0.770","0.790","0.820","0.770","1.52M","-2.53%"
"09/03/2015","0.790","0.790","0.790","0.770","70.00K","0.00%"
"06/03/2015","0.790","0.800","0.810","0.790","58.99K","-1.25%"
"05/03/2015","0.800","0.800","0.870","0.770","999.17K","2.56%"
"04/03/2015","0.780","0.800","0.830","0.770","92.14K","-2.50%"
"03/03/2015","0.800","0.830","0.850","0.800","111.89K","-4.76%"
"02/03/2015","0.840","0.880","0.900","0.840","57.60K","-5.62%"
"27/02/2015","0.890","0.890","0.890","0.870","12.54K","0.00%"
"26/02/2015","0.890","0.920","0.920","0.880","75.05K","-3.26%"
"25/02/2015","0.920","0.890","0.930","0.880","76.82K","3.37%"
"24/02/2015","0.890","0.920","0.920","0.890","57.98K","-4.30%"
"23/02/2015","0.930","0.920","0.930","0.920","9.94K","2.20%"
"20/02/2015","0.910","0.950","0.950","0.900","160.07K","-4.21%"
"19/02/2015","0.950","0.950","0.960","0.940","27.44K","-2.06%"
"18/02/2015","0.970","0.980","0.980","0.950","49.39K","-1.02%"
"17/02/2015","0.980","0.960","0.990","0.950","54.33K","4.26%"
"16/02/2015","0.940","0.980","0.990","0.940","70.54K","-3.09%"
"13/02/2015","0.970","0.980","0.980","0.940","70.57K","-2.02%"
"12/02/2015","0.990","0.990","0.990","0.990","6.90K","-1.00%"
"11/02/2015","1.000","1.010","1.010","0.980","31.02K","-1.96%"
"10/02/2015","1.020","0.990","1.020","0.990","23.95K","2.00%"
"09/02/2015","1.000","1.010","1.010","0.990","7.16K","0.00%"
"06/02/2015","1.000","1.020","1.020","1.000","22.36K","-1.96%"
"05/02/2015","1.020","1.020","1.020","1.000","21.83K","0.00%"
"04/02/2015","1.020","1.000","1.020","1.000","49.49K","0.99%"
"03/02/2015","1.010","0.970","1.010","0.970","27.81K","0.00%"
"02/02/2015","1.010","1.010","1.010","0.990","28.54K","0.00%"
"30/01/2015","1.010","0.990","1.030","0.990","92.49K","3.06%"
"29/01/2015","0.980","0.980","0.990","0.950","86.64K","2.08%"
"28/01/2015","0.960","0.990","1.000","0.950","63.95K","-5.88%"
"27/01/2015","1.020","1.070","1.080","1.000","83.17K","-5.56%"
"26/01/2015","1.080","1.040","1.090","1.030","103.97K","3.85%"
"23/01/2015","1.040","0.950","1.040","0.940","108.65K","9.47%"
"22/01/2015","0.950","0.920","0.950","0.910","179.03K","3.26%"
"21/01/2015","0.920","0.890","0.930","0.880","219.42K","1.10%"
"20/01/2015","0.910","0.940","0.950","0.880","44.61K","-3.19%"
"19/01/2015","0.940","0.930","0.950","0.920","67.21K","1.08%"
"16/01/2015","0.930","0.930","0.930","0.900","10.62K","0.00%"
"15/01/2015","0.930","0.900","0.940","0.880","77.03K","2.20%"
"14/01/2015","0.910","0.890","0.910","0.870","214.82K","2.25%"
"13/01/2015","0.890","0.880","0.910","0.840","243.46K","0.00%"
"12/01/2015","0.890","0.900","0.900","0.860","272.06K","-4.30%"
"09/01/2015","0.930","0.950","0.960","0.900","348.84K","-2.11%"
"08/01/2015","0.950","0.860","0.950","0.860","90.74K","10.47%"
"07/01/2015","0.860","0.860","0.860","0.840","32.86K","-3.37%"
"05/01/2015","0.890","0.890","0.890","0.860","29.78K","2.30%"
"02/01/2015","0.870","0.820","0.880","0.820","23.55K","3.57%"
"30/12/2014","0.840","0.850","0.850","0.830","19.56K","-2.33%"
"29/12/2014","0.860","0.840","0.870","0.840","25.64K","2.38%"
"23/12/2014","0.840","0.920","0.920","0.840","190.11K","-8.70%"
"22/12/2014","0.920","1.020","1.030","0.920","297.53K","-10.68%"
"19/12/2014","1.030","1.050","1.070","1.020","34.17K","-3.74%"
"18/12/2014","1.070","1.070","1.100","1.050","39.19K","0.00%"
"17/12/2014","1.070","1.070","1.090","1.020","71.41K","-0.93%"
"16/12/2014","1.080","1.080","1.100","0.980","98.32K","-2.70%"
"15/12/2014","1.110","1.130","1.140","1.090","89.74K","-2.63%"
"12/12/2014","1.140","1.160","1.160","1.130","55.82K","-1.72%"
"11/12/2014","1.160","1.140","1.160","1.120","53.62K","0.87%"
"10/12/2014","1.150","1.160","1.160","1.150","24.90K","-0.86%"
"09/12/2014","1.160","1.170","1.170","1.130","78.29K","0.00%"
"08/12/2014","1.160","1.180","1.190","1.160","85.94K","-2.52%"
"05/12/2014","1.190","1.180","1.200","1.180","63.61K","0.85%"
"04/12/2014","1.180","1.190","1.190","1.180","22.52K","-0.84%"
"03/12/2014","1.190","1.190","1.200","1.180","86.59K","-0.83%"
"02/12/2014","1.200","1.190","1.280","1.190","489.69K","0.84%"
"01/12/2014","1.190","1.170","1.210","1.160","117.30K","0.85%"
"28/11/2014","1.180","1.190","1.190","1.170","15.25K","0.00%"
"27/11/2014","1.180","1.210","1.210","1.180","42.06K","-2.48%"
"26/11/2014","1.210","1.170","1.250","1.150","152.79K","3.42%"
"25/11/2014","1.170","1.170","1.180","1.170","233.17K","0.00%"
"24/11/2014","1.170","1.180","1.180","1.170","65.27K","-0.85%"
"21/11/2014","1.180","1.190","1.190","1.170","48.45K","-1.67%"
"20/11/2014","1.200","1.180","1.200","1.170","42.64K","0.84%"
"19/11/2014","1.190","1.210","1.210","1.170","54.45K","0.00%"
"18/11/2014","1.190","1.180","1.200","1.170","43.97K","0.85%"
"17/11/2014","1.180","1.180","1.210","1.150","48.56K","0.00%"
"14/11/2014","1.180","1.200","1.230","1.180","130.75K","-1.67%"
"13/11/2014","1.200","1.180","1.200","1.180","43.29K","0.84%"
"12/11/2014","1.190","1.190","1.190","1.180","48.19K","-0.83%"
"10/11/2014","1.200","1.190","1.230","1.180","63.34K","0.84%"
"07/11/2014","1.190","1.240","1.240","1.190","72.82K","-4.03%"
"06/11/2014","1.240","1.260","1.260","1.240","51.45K","-1.59%"
"05/11/2014","1.260","1.260","1.270","1.240","47.17K","0.00%"
"04/11/2014","1.260","1.220","1.270","1.220","78.17K","3.28%"
"03/11/2014","1.220","1.230","1.250","1.200","61.95K","-1.61%"
"31/10/2014","1.240","1.190","1.250","1.180","123.85K","5.08%"
"30/10/2014","1.180","1.190","1.190","1.150","158.44K","0.00%"
"29/10/2014","1.180","1.200","1.210","1.170","71.06K","-1.67%"
"28/10/2014","1.200","1.210","1.220","1.200","54.71K","-0.83%"
"27/10/2014","1.210","1.200","1.210","1.190","93.22K","0.83%"
"24/10/2014","1.200","1.200","1.200","1.170","43.20K","0.00%"
"23/10/2014","1.200","1.180","1.200","1.160","69.57K","0.84%"
"22/10/2014","1.190","1.220","1.220","1.180","51.32K","-3.25%"
"21/10/2014","1.230","1.210","1.230","1.190","53.94K","0.82%"
"20/10/2014","1.220","1.230","1.230","1.220","52.82K","-0.81%"
"17/10/2014","1.230","1.220","1.230","1.200","62.91K","-0.81%"
"16/10/2014","1.240","1.280","1.280","1.200","77.29K","4.20%"
"15/10/2014","1.190","1.180","1.210","1.180","67.61K","0.00%"
"14/10/2014","1.190","1.190","1.190","1.170","51.39K","0.00%"
"13/10/2014","1.190","1.180","1.190","1.170","39.77K","-1.65%"
"10/10/2014","1.210","1.220","1.220","1.190","63.01K","0.83%"
"09/10/2014","1.200","1.180","1.220","1.170","63.46K","1.69%"
"08/10/2014","1.180","1.200","1.200","1.180","50.21K","-1.67%"
"07/10/2014","1.200","1.200","1.240","1.190","76.36K","0.00%"
"06/10/2014","1.200","1.240","1.270","1.200","82.61K","-4.76%"
"03/10/2014","1.260","1.250","1.270","1.230","78.86K","0.00%"
"02/10/2014","1.260","1.250","1.280","1.240","56.07K","-1.56%"
"01/10/2014","1.280","1.280","1.290","1.260","41.33K","0.00%"
"30/09/2014","1.280","1.300","1.320","1.250","65.20K","-2.29%"
"29/09/2014","1.310","1.300","1.340","1.260","133.53K","3.15%"
"26/09/2014","1.270","1.280","1.290","1.250","50.53K","-2.31%"
"25/09/2014","1.300","1.260","1.310","1.250","43.71K","2.36%"
"24/09/2014","1.270","1.300","1.330","1.180","132.38K","-3.79%"
"23/09/2014","1.320","1.330","1.360","1.300","78.35K","-2.94%"
"22/09/2014","1.360","1.340","1.380","1.340","93.61K","1.49%"
"19/09/2014","1.340","1.250","1.340","1.240","167.08K","5.51%"
"18/09/2014","1.270","1.230","1.270","1.190","139.31K","4.10%"
"17/09/2014","1.220","1.220","1.250","1.200","81.72K","-1.61%"
"16/09/2014","1.240","1.170","1.250","1.170","123.40K","5.08%"
"15/09/2014","1.180","1.180","1.190","1.150","61.72K","-0.84%"
"12/09/2014","1.190","1.150","1.190","1.150","72.63K","1.71%"
"11/09/2014","1.170","1.180","1.190","1.150","74.01K","-0.85%"
"10/09/2014","1.180","1.190","1.200","1.170","77.80K","0.00%"
"09/09/2014","1.180","1.200","1.200","1.160","93.88K","0.00%"
"08/09/2014","1.180","1.270","1.270","1.150","204.39K","-7.09%"
"05/09/2014","1.270","1.270","1.300","1.250","93.69K","0.00%"
"04/09/2014","1.270","1.330","1.330","1.270","72.01K","-3.05%"
"03/09/2014","1.310","1.320","1.330","1.270","90.94K","-1.50%"
"02/09/2014","1.330","1.350","1.350","1.310","73.50K","-0.75%"
"01/09/2014","1.340","1.330","1.350","1.330","54.75K","0.75%"