"Date","Price","Open","High","Low","Vol.","Change %"
"30/09/2025","15.00","15.00","15.25","15.00","3.98K","0.00%"
"29/09/2025","15.00","15.20","15.35","15.00","4.46K","-1.32%"
"26/09/2025","15.20","15.50","15.50","15.05","3.29K","0.00%"
"25/09/2025","15.20","15.40","15.40","15.15","6.13K","-1.30%"
"24/09/2025","15.40","15.55","15.60","15.35","4.04K","-0.96%"
"23/09/2025","15.55","15.60","15.60","15.45","4.28K","-0.64%"
"22/09/2025","15.65","15.75","15.75","15.15","8.33K","-0.95%"
"19/09/2025","15.80","15.50","15.80","15.25","15.78K","3.27%"
"18/09/2025","15.30","16.15","16.15","14.95","58.35K","-6.71%"
"17/09/2025","16.40","16.40","16.40","16.30","1.66K","0.00%"
"16/09/2025","16.40","16.45","16.60","16.30","3.32K","0.61%"
"15/09/2025","16.30","16.50","16.80","16.30","4.62K","-0.91%"
"12/09/2025","16.45","16.75","16.75","16.45","0.92K","-0.30%"
"11/09/2025","16.50","16.70","16.75","16.50","0.41K","0.61%"
"10/09/2025","16.40","16.90","16.90","16.40","1.51K","-2.96%"
"09/09/2025","16.90","16.60","16.90","16.60","2.80K","1.81%"
"08/09/2025","16.60","16.60","16.85","16.60","10.64K","-1.48%"
"05/09/2025","16.85","16.90","17.10","16.50","39.01K","2.12%"
"04/09/2025","16.50","16.75","16.90","16.35","6.85K","-1.20%"
"03/09/2025","16.70","16.85","16.85","16.45","5.98K","-0.89%"
"02/09/2025","16.85","16.80","16.85","16.60","1.49K","0.00%"
"01/09/2025","16.85","17.00","17.00","16.75","0.85K","-0.88%"
"29/08/2025","17.00","17.10","17.10","16.70","0.64K","0.89%"
"28/08/2025","16.85","17.00","17.05","16.80","0.49K","0.30%"
"27/08/2025","16.80","17.10","17.10","16.60","6.69K","0.60%"
"26/08/2025","16.70","16.95","16.95","16.70","2.51K","-0.60%"
"25/08/2025","16.80","17.25","17.25","16.75","0.76K","-0.59%"
"22/08/2025","16.90","17.05","17.35","16.85","2.66K","-2.87%"
"21/08/2025","17.40","17.70","17.70","17.00","2.19K","0.58%"
"20/08/2025","17.30","17.50","18.00","17.25","4.52K","-0.86%"
"19/08/2025","17.45","17.40","17.50","17.15","13.38K","0.58%"
"18/08/2025","17.35","17.50","17.50","17.00","1.33K","-0.29%"
"14/08/2025","17.40","16.80","18.00","16.80","8.49K","2.96%"
"13/08/2025","16.90","17.20","17.30","16.90","2.05K","-2.31%"
"12/08/2025","17.30","16.90","17.30","16.80","29.23K","3.59%"
"11/08/2025","16.70","16.25","16.90","16.25","6.86K","3.09%"
"08/08/2025","16.20","16.95","17.00","16.20","39.51K","-3.28%"
"07/08/2025","16.75","16.90","16.95","16.65","1.43K","-0.89%"
"06/08/2025","16.90","16.90","17.00","16.65","2.98K","1.50%"
"05/08/2025","16.65","17.00","17.00","16.65","1.96K","-0.60%"
"04/08/2025","16.75","16.80","17.00","16.75","5.90K","-2.05%"
"01/08/2025","17.10","17.00","17.10","16.60","10.05K","-1.16%"
"31/07/2025","17.30","17.35","17.40","17.20","0.36K","-0.57%"
"30/07/2025","17.40","17.20","17.40","17.00","1.10K","0.58%"
"29/07/2025","17.30","17.30","17.40","17.00","3.44K","1.17%"
"28/07/2025","17.10","18.00","18.20","16.75","17.40K","-5.00%"
"25/07/2025","18.00","17.75","18.20","17.65","17.63K","1.41%"
"24/07/2025","17.75","17.90","17.95","17.35","7.91K","-0.84%"
"23/07/2025","17.90","17.80","17.90","17.65","2.94K","0.28%"
"22/07/2025","17.85","18.00","18.00","17.50","12.63K","-2.46%"
"21/07/2025","18.30","18.25","18.30","18.00","1.75K","0.83%"
"18/07/2025","18.15","17.90","18.30","17.90","3.47K","0.83%"
"17/07/2025","18.00","18.30","18.30","18.00","1.03K","-1.10%"
"16/07/2025","18.20","17.85","18.20","17.75","14.28K","2.54%"
"15/07/2025","17.75","17.15","17.75","17.15","4.89K","3.50%"
"14/07/2025","17.15","17.45","17.45","16.55","24.44K","-1.72%"
"11/07/2025","17.45","17.45","17.50","17.25","2.00K","0.00%"
"10/07/2025","17.45","17.70","17.85","17.10","6.07K","0.29%"
"09/07/2025","17.40","17.70","18.00","17.40","4.21K","-1.69%"
"08/07/2025","17.70","17.95","17.95","17.50","7.29K","-1.39%"
"07/07/2025","17.95","17.85","18.00","17.60","0.81K","0.84%"
"04/07/2025","17.80","18.00","18.10","17.35","8.00K","-1.11%"
"03/07/2025","18.00","18.25","18.25","17.90","2.22K","-1.37%"
"02/07/2025","18.25","18.00","18.25","17.90","1.24K","1.39%"
"01/07/2025","18.00","18.35","18.35","18.00","80.30K","-1.10%"
"30/06/2025","18.20","18.10","18.40","18.10","1.78K","0.00%"
"27/06/2025","18.20","18.30","18.45","18.20","0.39K","-0.55%"
"26/06/2025","18.30","18.00","18.35","18.00","2.52K","-0.27%"
"25/06/2025","18.35","18.50","18.55","18.00","2.87K","0.27%"
"24/06/2025","18.30","18.30","18.45","18.10","2.57K","-1.35%"
"23/06/2025","18.55","18.40","18.60","18.25","16.08K","0.82%"
"20/06/2025","18.40","18.20","18.45","18.20","1.31K","-0.27%"
"18/06/2025","18.45","18.25","18.45","18.20","1.48K","0.00%"
"17/06/2025","18.45","18.45","18.45","18.25","0.95K","0.00%"
"16/06/2025","18.45","18.70","18.70","18.25","3.83K","-1.34%"
"13/06/2025","18.70","18.70","18.80","18.50","1.08K","-0.27%"
"12/06/2025","18.75","18.45","18.80","18.45","0.82K","0.81%"
"11/06/2025","18.60","18.45","18.80","18.40","5.80K","-0.27%"
"10/06/2025","18.65","18.80","18.80","18.40","1.86K","-0.53%"
"09/06/2025","18.75","18.50","18.80","18.40","44.94K","0.54%"
"06/06/2025","18.65","18.50","18.65","18.30","2.16K","0.54%"
"05/06/2025","18.55","18.60","18.70","18.50","3.33K","-0.80%"
"04/06/2025","18.70","18.65","18.90","18.60","1.28K","0.00%"
"03/06/2025","18.70","19.05","19.05","18.70","1.06K","-1.84%"
"02/06/2025","19.05","19.00","19.10","18.70","2.47K","-0.52%"
"30/05/2025","19.15","19.05","19.35","18.30","33.35K","-1.54%"
"29/05/2025","19.45","19.50","19.60","19.10","3.47K","1.04%"
"28/05/2025","19.25","19.35","19.50","19.20","5.04K","-0.77%"
"27/05/2025","19.40","19.50","19.80","19.20","8.03K","-0.26%"
"26/05/2025","19.45","19.05","20.00","19.00","8.60K","2.10%"
"23/05/2025","19.05","19.35","19.35","18.60","33.25K","-2.81%"
"22/05/2025","19.60","21.00","21.50","19.45","35.54K","-7.11%"
"21/05/2025","21.10","21.00","21.30","20.10","21.46K","1.44%"
"20/05/2025","20.80","21.40","21.40","20.80","1.85K","-0.95%"
"19/05/2025","21.00","20.60","21.40","20.30","5.88K","0.00%"
"16/05/2025","21.00","21.40","21.40","20.50","12.82K","-1.41%"
"15/05/2025","21.30","21.40","21.50","21.00","6.61K","-0.47%"
"14/05/2025","21.40","21.20","21.60","20.90","13.89K","2.39%"
"13/05/2025","20.90","20.90","21.20","20.90","2.79K","0.00%"
"12/05/2025","20.90","21.00","21.50","20.70","5.09K","0.00%"
"09/05/2025","20.90","21.50","21.50","19.90","16.48K","0.00%"
"08/05/2025","20.90","21.50","21.60","20.90","14.83K","-3.69%"
"07/05/2025","21.70","20.40","21.70","20.40","20.53K","6.37%"
"06/05/2025","20.40","19.05","20.50","19.05","16.99K","6.25%"
"05/05/2025","19.20","19.70","19.75","18.60","11.51K","-2.04%"
"02/05/2025","19.60","19.50","19.70","19.40","0.74K","0.26%"
"30/04/2025","19.55","19.15","19.70","19.00","2.61K","1.82%"
"29/04/2025","19.20","19.80","19.80","19.20","3.43K","-3.03%"
"28/04/2025","19.80","19.30","19.80","19.10","3.00K","4.76%"
"25/04/2025","18.90","19.95","20.20","18.80","14.03K","-4.06%"
"24/04/2025","19.70","19.75","19.75","19.40","1.50K","-0.76%"
"23/04/2025","19.85","19.70","19.85","19.05","1.46K","0.51%"
"22/04/2025","19.75","19.55","19.75","19.05","1.99K","1.02%"
"17/04/2025","19.55","19.20","19.65","19.20","7.59K","-0.51%"
"16/04/2025","19.65","19.65","19.70","19.00","3.84K","1.29%"
"15/04/2025","19.40","19.10","19.45","19.00","1.82K","1.31%"
"14/04/2025","19.15","18.80","19.30","18.55","1.42K","4.64%"
"11/04/2025","18.30","18.90","18.90","18.30","1.59K","-1.08%"
"10/04/2025","18.50","18.80","19.45","18.45","4.11K","4.23%"
"09/04/2025","17.75","18.35","18.45","17.65","2.70K","-3.27%"
"08/04/2025","18.35","18.20","18.45","17.85","2.93K","0.55%"
"07/04/2025","18.25","18.00","18.30","17.05","8.27K","-2.41%"
"04/04/2025","18.70","19.60","19.60","18.05","9.55K","-4.59%"
"03/04/2025","19.60","19.40","19.60","19.30","7.92K","-0.76%"
"02/04/2025","19.75","19.45","19.75","19.45","4.24K","2.60%"
"01/04/2025","19.25","18.80","19.50","18.80","4.95K","4.05%"
"31/03/2025","18.50","19.20","19.30","18.25","9.68K","-3.65%"
"28/03/2025","19.20","19.80","20.10","19.20","5.53K","-3.03%"
"27/03/2025","19.80","20.00","20.20","19.70","30.12K","-1.00%"
"26/03/2025","20.00","20.40","20.40","20.00","3.61K","-1.96%"
"25/03/2025","20.40","20.40","20.60","20.00","5.41K","0.49%"
"24/03/2025","20.30","20.30","20.30","20.00","5.25K","1.00%"
"21/03/2025","20.10","20.20","20.30","20.00","2.64K","1.52%"
"20/03/2025","19.80","20.50","20.50","19.80","4.75K","-3.41%"
"19/03/2025","20.50","20.20","20.60","19.80","7.44K","2.50%"
"18/03/2025","20.00","20.10","20.10","19.90","15.14K","-0.50%"
"17/03/2025","20.10","20.20","20.50","19.90","13.14K","0.50%"
"14/03/2025","20.00","20.10","20.50","19.85","13.05K","0.00%"
"13/03/2025","20.00","19.90","20.30","19.85","6.09K","-1.48%"
"12/03/2025","20.30","20.00","20.40","20.00","7.96K","1.50%"
"11/03/2025","20.00","20.00","20.50","20.00","10.47K","0.50%"
"10/03/2025","19.90","20.60","20.80","19.90","44.25K","-1.49%"
"07/03/2025","20.20","19.65","20.20","19.00","13.85K","2.80%"
"06/03/2025","19.65","19.20","19.70","19.00","4.33K","2.61%"
"05/03/2025","19.15","18.70","19.60","18.70","3.72K","1.86%"
"04/03/2025","18.80","19.75","19.75","18.50","8.23K","-4.81%"
"03/03/2025","19.75","19.10","19.80","18.85","3.60K","-0.25%"
"28/02/2025","19.80","19.70","19.80","19.50","1.77K","0.00%"
"27/02/2025","19.80","19.90","19.90","19.30","2.53K","-0.50%"
"26/02/2025","19.90","19.90","19.90","19.60","4.58K","1.53%"
"25/02/2025","19.60","19.90","19.90","19.40","7.39K","-1.01%"
"24/02/2025","19.80","19.40","19.95","19.30","6.74K","3.12%"
"21/02/2025","19.20","19.65","19.80","19.05","4.88K","-1.03%"
"20/02/2025","19.40","20.20","20.20","19.25","5.43K","-3.48%"
"19/02/2025","20.10","20.30","20.30","19.60","2.83K","-0.50%"
"18/02/2025","20.20","21.00","21.00","19.65","9.00K","-3.81%"
"17/02/2025","21.00","21.00","21.00","20.40","2.80K","0.00%"
"14/02/2025","21.00","20.50","21.00","20.50","14.67K","1.45%"
"13/02/2025","20.70","21.00","21.00","20.30","6.10K","0.98%"
"12/02/2025","20.50","21.00","21.10","20.30","4.11K","-1.91%"
"11/02/2025","20.90","20.30","21.10","20.10","18.85K","2.96%"
"10/02/2025","20.30","19.70","20.30","19.70","11.74K","4.10%"
"07/02/2025","19.50","18.50","19.75","18.30","35.83K","5.98%"
"06/02/2025","18.40","17.85","18.40","17.70","8.57K","4.55%"
"05/02/2025","17.60","17.65","17.90","17.60","9.48K","0.00%"
"04/02/2025","17.60","17.80","18.00","17.60","9.50K","-2.22%"
"03/02/2025","18.00","17.95","18.15","17.60","3.85K","-1.37%"
"31/01/2025","18.25","18.25","18.40","17.95","1.25K","-0.82%"
"30/01/2025","18.40","18.15","18.45","17.90","9.00K","1.66%"
"29/01/2025","18.10","18.70","18.90","18.10","6.59K","-1.63%"
"28/01/2025","18.40","17.90","18.70","17.90","7.26K","3.08%"
"27/01/2025","17.85","17.90","18.20","17.60","11.42K","-0.83%"
"24/01/2025","18.00","17.60","18.80","17.40","11.83K","1.69%"
"23/01/2025","17.70","17.65","17.70","17.40","1.45K","-0.28%"
"22/01/2025","17.75","17.20","18.00","17.20","6.02K","-0.28%"
"21/01/2025","17.80","17.50","18.20","17.40","2.68K","1.71%"
"20/01/2025","17.50","17.70","18.00","17.40","10.08K","0.00%"
"17/01/2025","17.50","17.20","17.60","17.20","3.28K","0.57%"
"16/01/2025","17.40","17.60","17.60","17.00","4.81K","-1.14%"
"15/01/2025","17.60","17.80","17.80","17.35","5.09K","-1.12%"
"14/01/2025","17.80","18.35","18.40","17.50","5.09K","-1.66%"
"13/01/2025","18.10","18.20","18.20","17.80","3.24K","-0.82%"
"10/01/2025","18.25","17.95","18.25","17.85","3.29K","1.11%"
"09/01/2025","18.05","18.40","18.50","17.90","5.71K","-2.17%"
"08/01/2025","18.45","18.50","18.50","18.20","2.08K","-0.27%"
"07/01/2025","18.50","18.70","18.70","18.05","7.76K","-1.33%"
"03/01/2025","18.75","18.90","18.90","18.30","6.36K","-0.53%"
"02/01/2025","18.85","18.65","18.95","17.90","5.69K","6.50%"
"30/12/2024","17.70","17.30","18.30","17.00","16.28K","1.14%"
"27/12/2024","17.50","16.80","17.90","16.80","11.53K","4.17%"
"23/12/2024","16.80","16.55","17.00","16.10","46.02K","3.38%"
"20/12/2024","16.25","16.80","16.80","16.25","6.41K","-3.27%"
"19/12/2024","16.80","16.40","16.90","16.30","11.63K","1.82%"
"18/12/2024","16.50","16.70","17.30","16.05","39.26K","-2.08%"
"17/12/2024","16.85","17.10","17.10","16.70","9.01K","-2.03%"
"16/12/2024","17.20","17.30","17.50","16.80","7.39K","1.78%"
"13/12/2024","16.90","17.50","17.55","16.90","6.94K","-2.31%"
"12/12/2024","17.30","17.60","17.60","16.85","13.62K","-0.57%"
"11/12/2024","17.40","17.40","17.50","17.00","8.26K","-0.57%"
"10/12/2024","17.50","18.15","18.20","17.50","3.18K","-3.58%"
"09/12/2024","18.15","18.30","18.75","18.00","4.80K","-1.36%"
"06/12/2024","18.40","18.40","18.65","18.40","3.93K","-0.54%"
"05/12/2024","18.50","18.50","19.00","18.00","7.82K","0.00%"
"04/12/2024","18.50","18.70","18.90","18.50","3.07K","-1.60%"
"03/12/2024","18.80","19.05","19.05","18.50","3.16K","-1.05%"
"02/12/2024","19.00","19.00","19.10","17.70","4.47K","0.00%"
"29/11/2024","19.00","19.00","19.30","18.90","0.89K","0.00%"
"28/11/2024","19.00","19.30","19.50","18.70","2.04K","-1.04%"
"27/11/2024","19.20","18.70","19.20","18.70","1.14K","3.23%"
"26/11/2024","18.60","18.60","19.10","18.60","1.22K","0.54%"
"25/11/2024","18.50","19.00","19.70","18.40","8.48K","-2.63%"
"22/11/2024","19.00","18.15","19.00","18.15","5.32K","0.00%"
"21/11/2024","19.00","18.80","19.20","18.50","1.14K","1.06%"
"20/11/2024","18.80","19.50","19.60","18.70","3.17K","-3.34%"
"19/11/2024","19.45","19.80","19.80","19.00","2.56K","-2.75%"
"18/11/2024","20.00","19.40","20.00","18.10","15.04K","2.04%"
"15/11/2024","19.60","19.80","19.90","19.00","1.81K","-2.00%"
"14/11/2024","20.00","20.00","20.40","19.40","1.87K","0.50%"
"13/11/2024","19.90","20.40","20.40","19.90","0.61K","-2.45%"
"12/11/2024","20.40","20.60","20.60","19.50","2.96K","3.03%"
"08/11/2024","19.80","20.30","20.30","19.55","1.92K","-2.94%"
"07/11/2024","20.40","19.50","20.40","19.50","2.77K","5.15%"
"06/11/2024","19.40","19.20","19.60","18.90","8.44K","1.04%"
"05/11/2024","19.20","19.10","19.70","19.10","0.89K","-2.54%"
"04/11/2024","19.70","19.10","21.10","18.90","8.26K","3.14%"
"31/10/2024","19.10","19.40","19.50","18.90","6.57K","-1.55%"
"30/10/2024","19.40","19.70","19.80","19.05","1.81K","-1.27%"
"29/10/2024","19.65","19.65","19.65","19.15","1.49K","1.03%"
"28/10/2024","19.45","19.45","19.45","19.30","0.22K","0.00%"
"25/10/2024","19.45","19.60","19.65","19.30","0.68K","-0.26%"
"24/10/2024","19.50","19.60","20.00","19.50","0.74K","-1.02%"
"23/10/2024","19.70","19.70","19.70","19.35","1.06K","-0.51%"
"22/10/2024","19.80","19.80","20.00","18.60","3.13K","0.25%"
"21/10/2024","19.75","19.80","19.80","18.60","1.97K","-0.25%"
"18/10/2024","19.80","19.60","19.80","19.30","0.31K","2.59%"
"17/10/2024","19.30","20.00","20.00","19.30","1.99K","-1.53%"
"16/10/2024","19.60","19.60","19.80","18.75","2.69K","0.00%"
"15/10/2024","19.60","19.55","19.60","19.55","0.66K","0.26%"
"14/10/2024","19.55","19.05","19.60","19.05","1.01K","0.77%"
"11/10/2024","19.40","19.50","19.85","19.40","0.86K","-2.02%"
"10/10/2024","19.80","19.55","19.90","19.50","1.35K","0.25%"
"09/10/2024","19.75","19.00","19.75","18.90","2.07K","3.95%"
"08/10/2024","19.00","18.50","20.00","18.00","13.58K","2.70%"
"07/10/2024","18.50","18.00","18.50","17.75","11.38K","2.49%"
"04/10/2024","18.05","18.60","18.60","17.70","8.76K","0.28%"
"03/10/2024","18.00","18.35","18.90","18.00","24.11K","-2.44%"
"02/10/2024","18.45","18.75","19.25","18.20","9.37K","-4.16%"
"01/10/2024","19.25","19.80","19.80","18.90","14.69K","-2.78%"
"30/09/2024","19.80","20.20","20.30","19.35","21.99K","-1.98%"
"27/09/2024","20.20","20.20","20.20","19.50","2.72K","1.51%"
"26/09/2024","19.90","20.00","20.10","19.35","3.78K","-1.00%"
"25/09/2024","20.10","20.10","20.30","19.55","8.59K","0.50%"
"24/09/2024","20.00","20.50","20.50","19.80","4.91K","-2.44%"
"23/09/2024","20.50","20.00","20.60","19.80","2.11K","2.50%"
"20/09/2024","20.00","20.10","20.60","19.70","3.06K","-0.50%"
"19/09/2024","20.10","20.60","20.60","20.00","9.74K","-2.43%"
"18/09/2024","20.60","19.95","21.00","19.95","52.39K","3.52%"
"17/09/2024","19.90","19.60","20.00","19.60","3.56K","2.05%"
"16/09/2024","19.50","19.25","19.65","18.80","12.43K","1.30%"
"13/09/2024","19.25","19.25","19.50","19.15","9.13K","0.26%"
"12/09/2024","19.20","21.60","21.60","19.20","154.43K","-12.73%"
"11/09/2024","22.00","22.30","22.50","22.00","3.63K","-1.79%"
"10/09/2024","22.40","22.10","22.40","22.10","1.59K","1.36%"
"09/09/2024","22.10","22.40","22.50","22.00","2.05K","-0.90%"
"06/09/2024","22.30","22.90","22.90","22.30","11.63K","-1.76%"
"05/09/2024","22.70","22.80","23.00","22.70","1.15K","0.44%"
"04/09/2024","22.60","22.50","23.00","22.30","5.18K","-1.74%"
"03/09/2024","23.00","23.00","23.10","22.50","2.43K","0.00%"
"02/09/2024","23.00","22.80","23.00","22.60","2.26K","1.77%"
"30/08/2024","22.60","22.40","22.60","22.30","0.83K","1.35%"
"29/08/2024","22.30","23.10","23.10","22.00","5.15K","-3.04%"
"28/08/2024","23.00","23.00","23.20","22.80","1.38K","0.44%"
"27/08/2024","22.90","23.20","23.20","22.90","1.45K","-2.55%"
"26/08/2024","23.50","23.00","23.50","22.50","16.32K","2.17%"
"23/08/2024","23.00","23.50","23.50","22.80","6.76K","-2.54%"
"22/08/2024","23.60","23.80","24.00","23.50","3.66K","-0.42%"
"21/08/2024","23.70","23.40","24.00","23.30","5.84K","0.85%"
"20/08/2024","23.50","23.30","23.80","23.20","3.15K","2.17%"
"19/08/2024","23.00","23.30","23.30","22.80","10.04K","-0.86%"
"16/08/2024","23.20","22.00","23.20","21.90","14.32K","5.94%"
"14/08/2024","21.90","22.80","22.80","21.70","10.40K","-3.52%"
"13/08/2024","22.70","23.20","23.20","22.30","3.40K","-2.16%"
"12/08/2024","23.20","22.50","23.20","22.50","1.77K","3.11%"
"09/08/2024","22.50","22.30","22.50","22.20","3.70K","1.35%"
"08/08/2024","22.20","22.20","22.50","21.90","9.28K","2.30%"
"07/08/2024","21.70","21.50","22.10","21.50","5.12K","1.40%"
"06/08/2024","21.40","21.40","22.50","21.30","13.05K","0.00%"
"05/08/2024","21.40","22.30","22.30","20.60","17.31K","-6.14%"
"02/08/2024","22.80","23.10","23.30","22.50","15.88K","-0.44%"
"01/08/2024","22.90","23.40","23.40","22.00","13.86K","-1.72%"
"31/07/2024","23.30","23.20","23.40","22.90","4.63K","0.43%"
"30/07/2024","23.20","23.20","23.60","22.90","7.23K","-0.85%"
"29/07/2024","23.40","23.00","23.90","23.00","3.39K","1.74%"
"26/07/2024","23.00","23.90","24.20","23.00","2.98K","-4.17%"
"25/07/2024","24.00","24.50","24.50","23.70","12.21K","-2.04%"
"24/07/2024","24.50","24.50","24.70","23.70","17.75K","-1.21%"
"23/07/2024","24.80","24.80","24.80","24.50","2.95K","1.22%"
"22/07/2024","24.50","24.50","24.70","24.50","2.46K","-1.21%"
"19/07/2024","24.80","25.00","25.00","24.00","1.73K","-0.80%"
"18/07/2024","25.00","24.00","25.00","23.50","3.94K","4.17%"
"17/07/2024","24.00","24.40","24.50","22.80","8.20K","-2.04%"
"16/07/2024","24.50","25.30","25.50","24.40","9.83K","-3.16%"
"15/07/2024","25.30","25.70","26.00","25.30","3.64K","-1.56%"
"12/07/2024","25.70","25.70","25.70","25.60","0.37K","-0.77%"
"11/07/2024","25.90","25.60","26.00","25.40","2.93K","1.17%"
"10/07/2024","25.60","25.80","25.80","25.30","0.64K","-1.54%"
"09/07/2024","26.00","25.20","26.00","25.20","2.34K","1.96%"
"08/07/2024","25.50","25.80","25.90","24.80","5.48K","-1.54%"
"05/07/2024","25.90","25.80","25.90","25.80","6.89K","0.39%"
"04/07/2024","25.80","26.00","26.00","25.80","13.93K","-0.77%"
"03/07/2024","26.00","26.00","26.00","25.80","0.76K","-0.76%"
"02/07/2024","26.20","26.20","26.20","25.80","3.45K","0.00%"
"01/07/2024","26.20","26.20","26.20","25.90","2.14K","0.00%"
"28/06/2024","26.20","26.20","26.20","25.80","4.85K","0.38%"
"27/06/2024","26.10","26.50","26.50","25.70","2.17K","-2.61%"
"26/06/2024","26.80","26.80","26.80","25.60","11.07K","0.00%"
"25/06/2024","26.80","26.40","26.80","26.40","4.87K","0.75%"
"24/06/2024","26.60","27.00","27.00","26.20","27.10K","-1.48%"
"21/06/2024","27.00","26.80","27.00","26.00","5.69K","1.89%"
"20/06/2024","26.50","26.40","26.60","26.00","6.26K","0.38%"
"19/06/2024","26.40","26.20","26.50","25.00","12.03K","0.76%"
"18/06/2024","26.20","26.50","26.60","25.80","6.38K","0.00%"
"17/06/2024","26.20","26.50","26.60","25.80","3.54K","-1.13%"
"14/06/2024","26.50","26.30","26.90","25.80","3.00K","1.15%"
"13/06/2024","26.20","26.30","27.00","26.10","18.62K","-0.38%"
"12/06/2024","26.30","25.20","26.50","25.10","18.13K","3.95%"
"11/06/2024","25.30","25.10","25.30","25.10","1.30K","0.80%"
"10/06/2024","25.10","25.40","25.40","25.00","4.86K","-0.40%"
"07/06/2024","25.20","24.50","25.50","24.20","7.08K","3.28%"
"06/06/2024","24.40","24.90","25.00","24.40","2.19K","-2.40%"
"05/06/2024","25.00","24.90","25.10","24.40","1.58K","0.40%"
"04/06/2024","24.90","24.80","25.30","24.50","2.35K","-1.19%"
"03/06/2024","25.20","24.60","25.20","24.60","30.52K","2.02%"
"31/05/2024","24.70","24.30","24.80","24.10","4.28K","2.92%"
"29/05/2024","24.00","24.60","24.70","23.40","5.37K","-1.64%"
"28/05/2024","24.40","25.70","25.70","23.70","18.07K","-4.31%"
"27/05/2024","25.50","25.90","25.90","25.40","24.44K","-1.16%"
"24/05/2024","25.80","25.90","25.90","25.20","1.58K","-0.77%"
"23/05/2024","26.00","26.00","26.30","24.30","74.18K","-0.38%"
"22/05/2024","26.10","26.00","26.30","25.70","3.77K","0.38%"
"21/05/2024","26.00","26.00","26.00","25.70","2.93K","0.00%"
"20/05/2024","26.00","25.70","26.30","25.40","3.83K","0.78%"
"17/05/2024","25.80","25.80","26.10","25.80","3.41K","0.00%"
"16/05/2024","25.80","26.00","26.10","25.50","4.72K","0.39%"
"15/05/2024","25.70","25.20","25.90","25.20","7.73K","1.98%"
"14/05/2024","25.20","26.00","26.00","25.20","6.52K","-3.08%"
"13/05/2024","26.00","26.00","26.30","25.40","8.76K","0.00%"
"10/05/2024","26.00","26.80","26.80","26.00","9.25K","-0.76%"
"09/05/2024","26.20","25.80","26.80","25.50","18.35K","2.34%"
"08/05/2024","25.60","25.70","25.90","25.50","4.25K","0.79%"
"07/05/2024","25.40","25.20","25.70","25.00","3.11K","1.20%"
"06/05/2024","25.10","25.50","25.80","25.00","7.11K","-0.79%"
"02/05/2024","25.30","25.60","25.90","25.30","7.17K","-1.17%"
"30/04/2024","25.60","26.00","26.20","25.50","3.87K","-1.54%"
"29/04/2024","26.00","25.50","26.20","25.50","5.74K","2.36%"
"26/04/2024","25.40","25.80","26.10","25.00","6.38K","-0.39%"
"25/04/2024","25.50","26.00","26.00","25.40","8.92K","-1.92%"
"24/04/2024","26.00","26.20","26.30","25.60","19.41K","0.00%"
"23/04/2024","26.00","25.10","26.00","25.10","46.41K","4.42%"
"22/04/2024","24.90","24.10","25.00","24.00","26.28K","3.75%"
"19/04/2024","24.00","23.40","24.70","23.30","31.83K","3.90%"
"18/04/2024","23.10","22.80","23.30","22.50","6.28K","2.67%"
"17/04/2024","22.50","22.60","22.80","22.30","5.70K","-0.44%"
"16/04/2024","22.60","22.70","22.90","22.40","5.00K","-1.74%"
"15/04/2024","23.00","23.00","23.30","22.30","14.62K","-1.71%"
"12/04/2024","23.40","23.50","23.70","23.00","3.40K","-0.43%"
"11/04/2024","23.50","22.80","23.60","22.70","34.08K","3.98%"
"10/04/2024","22.60","22.00","23.00","21.90","13.91K","2.73%"
"09/04/2024","22.00","22.20","22.20","21.70","14.82K","0.00%"
"08/04/2024","22.00","22.00","22.10","21.80","5.18K","-1.35%"
"05/04/2024","22.30","22.40","22.50","21.90","11.59K","-0.89%"
"04/04/2024","22.50","22.20","22.60","21.90","12.69K","1.35%"
"03/04/2024","22.20","22.10","22.40","22.10","6.54K","1.37%"
"02/04/2024","21.90","22.00","22.30","21.30","16.49K","0.46%"
"28/03/2024","21.80","22.10","22.40","21.70","5.30K","-0.91%"
"27/03/2024","22.00","22.00","22.30","21.80","4.49K","1.38%"
"26/03/2024","21.70","21.80","21.90","21.60","7.98K","-0.91%"
"25/03/2024","21.90","21.40","22.00","21.40","2.73K","1.86%"
"22/03/2024","21.50","22.20","22.30","21.30","14.47K","-3.59%"
"21/03/2024","22.30","21.20","22.30","21.10","4.93K","6.19%"
"20/03/2024","21.00","21.50","21.70","21.00","8.36K","-2.78%"
"19/03/2024","21.60","21.80","21.90","21.40","6.59K","0.93%"
"18/03/2024","21.40","21.80","21.90","21.10","9.67K","-0.93%"
"15/03/2024","21.60","21.30","21.90","21.00","14.21K","1.41%"
"14/03/2024","21.30","21.20","21.40","20.60","16.39K","-0.47%"
"13/03/2024","21.40","21.00","21.60","21.00","6.14K","2.88%"
"12/03/2024","20.80","21.30","21.30","20.30","36.53K","-2.80%"
"11/03/2024","21.40","21.90","22.20","20.90","19.74K","-1.83%"
"08/03/2024","21.80","23.50","23.80","21.70","47.52K","-6.84%"
"07/03/2024","23.40","23.90","23.90","23.40","7.23K","-0.85%"
"06/03/2024","23.60","23.40","23.90","23.30","5.71K","1.29%"
"05/03/2024","23.30","23.70","23.70","23.30","6.35K","-1.69%"
"04/03/2024","23.70","23.70","24.00","23.30","9.09K","0.42%"
"01/03/2024","23.60","23.50","24.10","23.40","8.41K","0.43%"
"29/02/2024","23.50","23.50","24.20","23.30","6.25K","-1.26%"
"28/02/2024","23.80","24.20","24.60","23.10","14.31K","-2.86%"
"27/02/2024","24.50","24.00","24.70","23.80","20.96K","2.94%"
"26/02/2024","23.80","24.10","24.70","23.60","20.91K","-0.83%"
"23/02/2024","24.00","22.90","24.00","22.80","23.07K","4.80%"
"22/02/2024","22.90","22.60","22.90","22.60","11.35K","1.33%"
"21/02/2024","22.60","22.60","23.00","22.50","9.37K","0.00%"
"20/02/2024","22.60","22.90","23.00","22.30","8.93K","-1.31%"
"19/02/2024","22.90","22.80","23.10","22.50","16.62K","-0.87%"
"16/02/2024","23.10","22.80","23.20","22.60","8.00K","2.21%"
"15/02/2024","22.60","22.90","23.00","22.50","7.26K","-1.31%"
"14/02/2024","22.90","22.90","23.00","22.80","7.69K","-0.43%"
"13/02/2024","23.00","23.40","23.40","22.90","11.23K","-0.43%"
"12/02/2024","23.10","23.70","23.70","22.90","6.63K","-1.70%"
"09/02/2024","23.50","23.20","23.50","22.90","14.32K","1.29%"
"08/02/2024","23.20","22.50","23.70","22.50","27.29K","3.57%"
"07/02/2024","22.40","23.00","23.00","22.20","9.96K","-1.32%"
"06/02/2024","22.70","22.60","23.00","22.50","13.31K","0.44%"
"05/02/2024","22.60","23.30","23.30","22.50","19.08K","-2.16%"
"02/02/2024","23.10","23.70","23.80","22.90","33.41K","-3.75%"
"01/02/2024","24.00","23.30","24.00","23.30","6.02K","2.13%"
"31/01/2024","23.50","22.80","23.70","22.80","5.86K","3.52%"
"30/01/2024","22.70","23.30","23.40","22.60","15.41K","-2.58%"
"29/01/2024","23.30","23.50","23.90","23.00","28.97K","-1.69%"
"26/01/2024","23.70","24.50","24.80","23.10","19.95K","-2.87%"
"25/01/2024","24.40","24.90","24.90","24.30","4.11K","-2.01%"
"24/01/2024","24.90","24.70","25.10","24.50","8.29K","-0.40%"
"23/01/2024","25.00","25.20","25.20","24.60","3.03K","0.00%"
"22/01/2024","25.00","25.30","25.50","25.00","14.92K","0.00%"
"19/01/2024","25.00","24.10","26.30","24.10","52.10K","2.88%"
"18/01/2024","24.30","24.30","24.30","23.80","4.56K","2.53%"
"17/01/2024","23.70","24.50","24.90","23.60","20.17K","-3.27%"
"16/01/2024","24.50","24.60","25.00","24.40","2.75K","-0.41%"
"15/01/2024","24.60","24.90","25.10","24.40","6.86K","1.65%"
"12/01/2024","24.20","24.90","25.00","24.20","18.69K","-2.42%"
"11/01/2024","24.80","24.30","25.40","23.90","47.20K","5.53%"
"10/01/2024","23.50","23.50","24.00","23.50","19.70K","0.43%"
"09/01/2024","23.40","24.00","24.00","23.30","8.16K","-1.68%"
"08/01/2024","23.80","23.60","24.00","23.10","26.42K","0.42%"
"05/01/2024","23.70","24.30","24.90","23.10","29.96K","-2.47%"
"04/01/2024","24.30","23.50","24.80","23.30","58.70K","4.29%"
"03/01/2024","23.30","23.20","24.00","23.20","98.09K","0.43%"
"02/01/2024","23.20","22.50","23.70","22.20","38.21K","6.42%"
"29/12/2023","21.80","22.40","22.40","21.80","12.24K","-2.24%"
"28/12/2023","22.30","22.70","23.30","22.30","61.42K","-0.89%"
"27/12/2023","22.50","23.10","23.10","22.30","5.87K","-2.60%"
"22/12/2023","23.10","22.60","23.90","22.60","12.24K","1.32%"
"21/12/2023","22.80","22.20","23.00","22.00","24.13K","3.64%"
"20/12/2023","22.00","22.30","22.50","21.80","14.05K","-2.22%"
"19/12/2023","22.50","22.20","22.50","22.10","9.33K","0.00%"
"18/12/2023","22.50","22.70","22.70","22.20","7.90K","-2.17%"
"15/12/2023","23.00","22.80","23.10","22.50","25.48K","0.88%"
"14/12/2023","22.80","21.90","22.90","21.90","4.02K","4.59%"
"13/12/2023","21.80","22.00","22.00","21.70","3.87K","-0.91%"
"12/12/2023","22.00","22.00","22.00","21.50","0.89K","0.00%"
"11/12/2023","22.00","21.80","22.10","21.70","6.57K","0.92%"
"08/12/2023","21.80","21.50","21.80","21.20","5.36K","1.40%"
"07/12/2023","21.50","21.30","21.50","21.30","1.89K","0.00%"
"06/12/2023","21.50","21.60","21.80","21.30","3.64K","0.47%"
"05/12/2023","21.40","21.40","21.80","21.30","4.46K","-0.47%"
"04/12/2023","21.50","21.50","21.90","21.20","8.64K","0.47%"
"01/12/2023","21.40","20.70","21.40","20.60","19.28K","1.90%"
"30/11/2023","21.00","21.30","21.40","20.50","17.80K","-0.94%"
"29/11/2023","21.20","22.00","22.10","20.30","30.88K","-3.64%"
"28/11/2023","22.00","21.80","22.30","21.30","22.74K","0.46%"
"27/11/2023","21.90","22.30","22.80","21.90","12.06K","-1.79%"
"24/11/2023","22.30","22.90","23.20","22.00","27.49K","-2.19%"
"23/11/2023","22.80","23.10","24.20","22.80","34.90K","-1.30%"
"22/11/2023","23.10","23.20","23.50","23.00","2.85K","0.00%"
"21/11/2023","23.10","23.90","24.00","23.10","10.02K","-3.35%"
"20/11/2023","23.90","23.40","23.90","23.20","15.97K","3.02%"
"17/11/2023","23.20","23.50","23.50","22.90","2.77K","-0.43%"
"16/11/2023","23.30","23.00","23.40","22.30","7.24K","1.30%"
"15/11/2023","23.00","22.20","24.20","22.20","39.43K","4.55%"
"14/11/2023","22.00","21.50","22.00","21.20","1.76K","1.38%"
"13/11/2023","21.70","22.10","22.50","21.20","4.24K","-3.56%"
"10/11/2023","22.50","22.70","22.70","21.90","2.30K","-0.88%"
"09/11/2023","22.70","22.70","22.90","22.00","5.55K","0.00%"
"08/11/2023","22.70","23.00","23.00","22.70","2.52K","-1.73%"
"07/11/2023","23.10","23.00","23.30","22.80","2.88K","0.00%"
"06/11/2023","23.10","23.30","23.30","23.10","6.00K","0.43%"
"03/11/2023","23.00","22.90","23.20","22.60","2.44K","0.44%"
"02/11/2023","22.90","22.80","23.50","22.70","16.18K","1.33%"
"31/10/2023","22.60","22.00","22.80","21.70","14.77K","3.67%"
"30/10/2023","21.80","21.90","22.00","21.80","13.51K","2.35%"
"27/10/2023","21.30","20.50","21.90","20.50","13.47K","2.90%"
"26/10/2023","20.70","20.40","21.50","20.40","20.43K","1.97%"
"25/10/2023","20.30","20.40","20.50","20.20","2.86K","-0.49%"
"24/10/2023","20.40","20.30","20.40","20.20","2.52K","0.49%"
"23/10/2023","20.30","19.95","20.50","19.95","4.86K","1.00%"
"20/10/2023","20.10","19.60","20.70","19.45","14.68K","1.77%"
"19/10/2023","19.75","20.00","20.00","19.60","2.48K","-0.25%"
"18/10/2023","19.80","20.70","20.70","19.80","8.72K","-2.46%"
"17/10/2023","20.30","20.20","21.00","20.00","14.56K","1.50%"
"16/10/2023","20.00","20.00","20.80","20.00","38.79K","0.00%"
"13/10/2023","20.00","20.20","20.30","19.85","4.64K","-0.99%"
"12/10/2023","20.20","19.60","20.40","19.55","10.69K","3.59%"
"11/10/2023","19.50","19.45","19.65","19.40","6.97K","-0.26%"
"10/10/2023","19.55","19.20","19.65","19.20","8.70K","1.30%"
"09/10/2023","19.30","18.80","19.30","18.80","3.07K","1.58%"
"06/10/2023","19.00","19.40","19.50","18.80","6.98K","-2.06%"
"05/10/2023","19.40","20.00","20.00","19.40","8.07K","-1.52%"
"04/10/2023","19.70","19.95","19.95","19.60","6.47K","-1.50%"
"03/10/2023","20.00","21.00","21.00","20.00","31.40K","-3.85%"
"02/10/2023","20.80","20.90","21.50","20.80","7.02K","-2.80%"
"29/09/2023","21.40","21.10","21.90","21.00","27.06K","5.94%"
"28/09/2023","20.20","21.20","21.20","20.20","8.87K","-5.16%"
"27/09/2023","21.30","21.40","21.40","21.20","7.27K","-0.47%"
"26/09/2023","21.40","21.00","21.40","20.30","75.01K","4.39%"
"25/09/2023","20.50","21.00","21.80","20.50","26.51K","-2.38%"
"22/09/2023","21.00","20.90","21.00","20.50","1.75K","0.48%"
"21/09/2023","20.90","21.40","21.40","20.20","21.95K","-2.34%"
"20/09/2023","21.40","21.50","21.60","21.10","5.39K","0.47%"
"19/09/2023","21.30","22.00","22.00","21.00","11.35K","-1.39%"
"18/09/2023","21.60","21.40","22.40","21.40","16.30K","2.86%"
"15/09/2023","21.00","21.80","22.00","20.90","5.30K","-2.33%"
"14/09/2023","21.50","21.40","22.20","21.30","15.47K","5.91%"
"13/09/2023","20.30","20.90","21.40","20.10","5.06K","-0.49%"
"12/09/2023","20.40","19.70","20.80","19.60","3.31K","3.03%"
"11/09/2023","19.80","19.55","20.50","19.50","5.48K","3.66%"
"08/09/2023","19.10","19.30","19.55","19.10","1.96K","-0.52%"
"07/09/2023","19.20","19.30","19.80","19.20","7.98K","-3.03%"
"06/09/2023","19.80","19.20","19.80","19.10","10.82K","2.33%"
"05/09/2023","19.35","19.35","19.55","19.20","2.27K","0.00%"
"04/09/2023","19.35","19.25","19.70","18.95","12.80K","0.52%"
"01/09/2023","19.25","19.30","19.50","19.25","2.38K","-2.53%"
"31/08/2023","19.75","19.70","20.00","19.30","12.21K","1.80%"
"30/08/2023","19.40","20.00","20.20","19.30","12.43K","-3.00%"
"29/08/2023","20.00","20.40","20.50","19.85","5.54K","-0.50%"
"28/08/2023","20.10","20.90","21.00","18.85","12.42K","-3.83%"
"25/08/2023","20.90","21.00","21.10","20.90","0.98K","0.00%"
"24/08/2023","20.90","21.20","21.20","20.90","1.10K","-1.88%"
"23/08/2023","21.30","20.90","21.30","20.90","1.79K","-0.47%"
"22/08/2023","21.40","21.20","22.00","20.80","5.56K","0.94%"
"21/08/2023","21.20","21.30","22.30","20.90","4.78K","-1.40%"
"18/08/2023","21.50","20.90","21.70","20.60","7.90K","2.87%"
"17/08/2023","20.90","21.00","21.20","20.80","0.84K","-2.34%"
"16/08/2023","21.40","21.00","21.40","20.70","7.00K","0.47%"
"14/08/2023","21.30","21.30","21.40","21.10","2.09K","1.43%"
"11/08/2023","21.00","21.30","21.30","21.00","2.15K","-1.41%"
"10/08/2023","21.30","21.00","21.30","20.30","8.89K","1.91%"
"09/08/2023","20.90","22.30","22.30","20.60","15.19K","-5.86%"
"08/08/2023","22.20","22.20","22.40","21.90","1.65K","-0.89%"
"07/08/2023","22.40","22.50","22.60","22.20","1.40K","-0.88%"
"04/08/2023","22.60","22.00","22.60","22.00","2.72K","3.20%"
"03/08/2023","21.90","22.70","22.70","21.60","11.05K","-3.95%"
"02/08/2023","22.80","23.00","23.20","22.50","6.15K","-2.15%"
"01/08/2023","23.30","23.20","23.30","23.00","1.63K","0.87%"
"31/07/2023","23.10","23.70","23.90","22.50","14.49K","-2.12%"
"28/07/2023","23.60","23.50","23.90","23.00","5.64K","0.43%"
"27/07/2023","23.50","23.10","23.80","23.00","2.54K","1.73%"
"26/07/2023","23.10","23.30","23.90","23.10","2.03K","-0.86%"
"25/07/2023","23.30","23.90","23.90","23.30","0.70K","-0.43%"
"24/07/2023","23.40","23.50","23.80","23.30","2.23K","0.43%"
"21/07/2023","23.30","23.80","23.80","23.30","1.56K","-0.85%"
"20/07/2023","23.50","23.90","24.00","23.50","2.11K","-1.67%"
"19/07/2023","23.90","24.40","24.40","23.80","1.66K","-1.65%"
"18/07/2023","24.30","23.70","24.30","23.60","8.29K","1.67%"
"17/07/2023","23.90","23.00","23.90","22.60","8.39K","2.58%"
"14/07/2023","23.30","23.00","23.40","22.40","4.95K","1.30%"
"13/07/2023","23.00","22.70","23.10","22.40","4.59K","0.88%"
"12/07/2023","22.80","21.90","23.70","21.70","60.20K","4.11%"
"11/07/2023","21.90","21.90","21.90","21.60","6.84K","1.39%"
"10/07/2023","21.60","21.80","21.80","21.50","6.13K","-0.92%"
"07/07/2023","21.80","22.10","22.30","21.80","9.11K","-1.80%"
"06/07/2023","22.20","22.10","22.50","22.00","42.91K","-0.45%"
"05/07/2023","22.30","22.60","22.60","22.10","4.40K","-1.33%"
"04/07/2023","22.60","22.50","22.90","22.50","3.33K","0.44%"
"03/07/2023","22.50","22.80","23.00","22.20","8.32K","-0.44%"
"30/06/2023","22.60","23.00","23.00","22.50","7.75K","0.44%"
"29/06/2023","22.50","22.50","23.10","22.30","3.41K","0.90%"
"28/06/2023","22.30","22.90","23.20","22.20","6.27K","-2.19%"
"27/06/2023","22.80","23.00","23.60","22.80","7.00K","-0.87%"
"26/06/2023","23.00","22.00","23.20","21.80","14.30K","5.50%"
"23/06/2023","21.80","21.30","22.00","21.30","21.30K","3.81%"
"22/06/2023","21.00","21.30","21.50","21.00","8.48K","-0.47%"
"21/06/2023","21.10","21.20","21.50","21.10","5.75K","-0.47%"
"20/06/2023","21.20","21.20","21.60","21.00","2.50K","0.00%"
"19/06/2023","21.20","21.40","21.40","21.00","3.92K","-0.93%"
"16/06/2023","21.40","21.40","22.00","21.00","2.63K","-0.47%"
"15/06/2023","21.50","21.40","21.50","21.10","3.65K","0.47%"
"14/06/2023","21.40","20.00","21.40","20.00","6.44K","7.00%"
"13/06/2023","20.00","20.30","20.80","19.90","13.68K","-0.99%"
"12/06/2023","20.20","20.90","20.90","19.80","12.01K","-1.94%"
"09/06/2023","20.60","20.80","21.10","20.50","9.73K","-1.44%"
"07/06/2023","20.90","21.40","21.50","20.90","29.28K","-2.34%"
"06/06/2023","21.40","21.00","21.50","21.00","7.02K","0.94%"
"05/06/2023","21.20","21.10","21.20","20.50","16.14K","-0.93%"
"02/06/2023","21.40","21.40","21.50","21.00","6.28K","1.90%"
"01/06/2023","21.00","21.00","21.40","20.80","7.78K","0.00%"
"31/05/2023","21.00","20.90","21.70","20.70","13.37K","0.96%"
"30/05/2023","20.80","20.00","21.80","19.50","67.74K","8.33%"
"29/05/2023","19.20","19.65","19.85","19.20","15.06K","-2.29%"
"26/05/2023","19.65","18.60","19.80","18.60","25.54K","5.08%"
"25/05/2023","18.70","18.10","18.80","17.95","75.78K","3.31%"
"24/05/2023","18.10","18.15","18.40","18.00","1.97K","-0.28%"
"23/05/2023","18.15","18.20","18.80","18.15","13.28K","1.97%"
"22/05/2023","17.80","17.85","18.00","17.70","4.39K","-0.28%"
"19/05/2023","17.85","18.25","18.25","17.85","4.62K","-2.19%"
"18/05/2023","18.25","18.30","18.30","17.80","105.47K","0.00%"
"17/05/2023","18.25","17.85","18.30","17.55","52.90K","2.24%"
"16/05/2023","17.85","17.95","17.95","17.65","6.29K","-0.56%"
"15/05/2023","17.95","18.30","18.45","17.95","16.03K","-1.37%"
"12/05/2023","18.20","18.10","18.20","17.65","4.98K","1.11%"
"11/05/2023","18.00","17.90","18.10","17.65","3.62K","-1.10%"
"10/05/2023","18.20","18.20","18.20","18.00","5.10K","0.28%"
"09/05/2023","18.15","18.20","18.20","17.60","9.38K","-0.27%"
"08/05/2023","18.20","18.00","18.40","17.80","13.14K","1.68%"
"05/05/2023","17.90","18.50","18.50","17.70","5.53K","-3.24%"
"04/05/2023","18.50","17.85","18.55","17.85","5.67K","3.93%"
"02/05/2023","17.80","17.75","17.80","17.35","2.44K","1.14%"
"28/04/2023","17.60","17.80","17.80","17.00","4.77K","-0.28%"
"27/04/2023","17.65","16.80","17.90","16.50","7.61K","5.06%"
"26/04/2023","16.80","16.90","17.30","16.80","3.29K","-1.47%"
"25/04/2023","17.05","17.60","17.65","17.00","9.57K","-3.40%"
"24/04/2023","17.65","17.80","18.00","17.35","7.29K","-0.84%"
"21/04/2023","17.80","18.45","18.45","17.30","13.37K","-2.47%"
"20/04/2023","18.25","18.25","18.80","18.25","16.18K","0.00%"
"19/04/2023","18.25","17.85","18.40","17.60","5.95K","2.24%"
"18/04/2023","17.85","17.25","18.50","17.25","7.98K","5.00%"
"17/04/2023","17.00","17.00","17.45","16.90","15.40K","0.59%"
"14/04/2023","16.90","17.00","17.45","16.90","11.29K","-0.29%"
"13/04/2023","16.95","17.00","17.30","16.95","6.70K","-1.74%"
"12/04/2023","17.25","17.00","17.45","16.90","9.97K","1.47%"
"11/04/2023","17.00","16.95","17.00","16.55","12.13K","0.29%"
"06/04/2023","16.95","16.90","17.75","16.90","14.10K","0.59%"
"05/04/2023","16.85","16.80","16.95","16.50","3.62K","1.20%"
"04/04/2023","16.65","17.00","17.00","16.60","2.61K","-2.06%"
"03/04/2023","17.00","17.00","17.00","16.70","6.41K","1.19%"
"31/03/2023","16.80","17.10","17.35","16.80","6.41K","-1.75%"
"30/03/2023","17.10","16.80","17.10","16.80","4.82K","1.79%"
"29/03/2023","16.80","16.15","16.80","16.10","1.38K","4.02%"
"28/03/2023","16.15","16.50","16.80","16.00","19.71K","-1.22%"
"27/03/2023","16.35","16.40","16.50","16.30","1.50K","-0.30%"
"24/03/2023","16.40","16.50","16.55","16.40","2.59K","-1.20%"
"23/03/2023","16.60","16.65","16.90","16.50","3.06K","-0.30%"
"22/03/2023","16.65","16.60","16.90","16.60","0.78K","0.30%"
"21/03/2023","16.60","17.15","17.15","16.60","0.99K","0.00%"
"20/03/2023","16.60","16.85","17.10","16.40","1.54K","-1.48%"
"17/03/2023","16.85","17.20","17.20","16.55","0.93K","0.90%"
"16/03/2023","16.70","17.00","17.00","15.95","6.24K","-2.05%"
"15/03/2023","17.05","17.20","17.50","17.00","6.97K","-2.01%"
"14/03/2023","17.40","17.20","17.70","17.20","1.58K","2.35%"
"13/03/2023","17.00","17.30","17.70","17.00","6.21K","-4.23%"
"10/03/2023","17.75","17.50","18.25","17.25","7.90K","0.85%"
"09/03/2023","17.60","17.90","17.90","17.00","7.77K","-1.68%"
"08/03/2023","17.90","18.40","18.45","17.70","14.69K","-2.72%"
"07/03/2023","18.40","18.35","18.50","18.20","5.61K","0.27%"
"06/03/2023","18.35","17.10","18.80","16.60","14.79K","7.31%"
"03/03/2023","17.10","17.05","17.30","16.45","4.92K","1.18%"
"02/03/2023","16.90","16.85","17.20","16.65","1.65K","0.60%"
"01/03/2023","16.80","16.40","17.00","16.40","3.82K","2.44%"
"28/02/2023","16.40","16.75","16.95","16.25","3.17K","-0.91%"
"27/02/2023","16.55","16.20","16.55","16.15","2.50K","2.16%"
"24/02/2023","16.20","16.55","16.55","16.20","1.53K","-1.82%"
"23/02/2023","16.50","16.10","16.50","16.00","1.49K","2.48%"
"22/02/2023","16.10","16.30","16.30","16.10","1.02K","-1.53%"
"21/02/2023","16.35","16.60","16.60","16.30","1.36K","-2.10%"
"20/02/2023","16.70","16.50","16.70","16.45","1.48K","-0.30%"
"17/02/2023","16.75","16.60","16.75","16.60","0.85K","0.30%"
"16/02/2023","16.70","16.50","16.70","16.15","1.50K","1.52%"
"15/02/2023","16.45","16.20","16.45","16.15","0.88K","1.54%"
"14/02/2023","16.20","16.25","16.50","16.15","0.81K","0.31%"
"13/02/2023","16.15","16.00","16.55","15.95","2.91K","0.31%"
"10/02/2023","16.10","16.80","16.85","16.10","5.39K","-3.59%"
"09/02/2023","16.70","17.00","17.00","16.60","3.80K","-2.05%"
"08/02/2023","17.05","16.70","17.30","16.60","5.20K","0.29%"
"07/02/2023","17.00","17.00","17.30","17.00","2.79K","0.00%"
"06/02/2023","17.00","17.15","17.35","16.90","1.98K","-0.58%"
"03/02/2023","17.10","17.20","17.40","16.50","3.77K","0.29%"
"02/02/2023","17.05","17.40","17.50","17.05","6.87K","0.29%"
"01/02/2023","17.00","16.90","17.20","16.85","4.57K","-2.02%"
"31/01/2023","17.35","17.10","17.35","17.10","1.36K","2.97%"
"30/01/2023","16.85","16.70","17.40","16.60","2.86K","0.30%"
"27/01/2023","16.80","16.95","16.95","16.80","14.71K","-0.59%"
"26/01/2023","16.90","16.60","16.90","16.60","1.02K","0.30%"
"25/01/2023","16.85","17.10","17.10","16.35","3.16K","-1.46%"
"24/01/2023","17.10","17.30","17.50","17.00","4.04K","-1.16%"
"23/01/2023","17.30","17.60","17.60","17.05","3.38K","1.76%"
"20/01/2023","17.00","16.40","17.20","16.40","3.47K","3.34%"
"19/01/2023","16.45","16.80","16.80","16.10","8.68K","-2.37%"
"18/01/2023","16.85","17.40","17.60","16.85","13.80K","-2.60%"
"17/01/2023","17.30","17.10","17.30","17.00","29.74K","1.76%"
"16/01/2023","17.00","16.75","17.00","16.55","14.27K","3.66%"
"13/01/2023","16.40","16.40","16.60","16.40","5.38K","0.00%"
"12/01/2023","16.40","16.30","16.60","16.05","3.78K","0.31%"
"11/01/2023","16.35","17.15","17.15","16.30","6.16K","-2.68%"
"10/01/2023","16.80","16.00","16.85","15.80","21.71K","5.00%"
"09/01/2023","16.00","15.30","16.20","15.15","24.32K","3.90%"
"05/01/2023","15.40","14.70","15.40","14.70","21.90K","4.76%"
"04/01/2023","14.70","14.75","14.90","14.30","58.44K","1.38%"
"03/01/2023","14.50","14.60","14.80","14.30","8.64K","-0.34%"
"02/01/2023","14.55","14.25","15.05","14.00","11.57K","2.11%"
"30/12/2022","14.25","14.50","14.60","14.05","3.21K","-1.72%"
"29/12/2022","14.50","14.15","14.65","14.10","3.79K","2.47%"
"28/12/2022","14.15","14.25","14.50","14.15","6.14K","-0.70%"
"27/12/2022","14.25","14.50","14.50","14.15","6.21K","-1.38%"
"23/12/2022","14.45","15.00","15.00","14.10","5.39K","-1.70%"
"22/12/2022","14.70","14.50","15.30","14.50","5.15K","3.52%"
"21/12/2022","14.20","14.85","14.95","14.20","4.49K","-5.33%"
"20/12/2022","15.00","15.40","15.40","14.90","16.49K","-0.99%"
"19/12/2022","15.15","15.35","15.40","15.10","8.16K","-2.26%"
"16/12/2022","15.50","15.30","15.50","15.30","5.60K","0.65%"
"15/12/2022","15.40","15.70","15.70","15.40","0.77K","-2.53%"
"14/12/2022","15.80","15.35","15.80","15.00","7.96K","2.93%"
"13/12/2022","15.35","15.60","15.60","15.00","14.01K","-1.60%"
"12/12/2022","15.60","15.55","15.80","15.25","7.46K","-1.27%"
"09/12/2022","15.80","15.20","15.80","15.20","15.39K","-0.32%"
"08/12/2022","15.85","15.15","15.85","15.00","12.64K","4.62%"
"07/12/2022","15.15","15.00","15.15","14.80","23.26K","-0.33%"
"06/12/2022","15.20","15.40","15.40","15.00","5.33K","-0.98%"
"05/12/2022","15.35","14.20","15.40","14.20","35.33K","8.87%"
"02/12/2022","14.10","14.05","14.10","13.65","7.18K","0.36%"
"01/12/2022","14.05","14.70","14.70","14.05","36.56K","-3.77%"
"30/11/2022","14.60","14.50","14.70","14.35","12.06K","1.39%"
"29/11/2022","14.40","13.60","14.45","13.60","46.69K","5.88%"
"28/11/2022","13.60","13.15","13.60","12.80","29.61K","2.64%"
"25/11/2022","13.25","13.00","13.80","12.85","28.42K","2.32%"
"24/11/2022","12.95","11.95","13.00","11.95","117.44K","12.61%"
"23/11/2022","11.50","11.55","11.55","11.35","13.68K","0.00%"
"22/11/2022","11.50","11.65","11.65","11.30","5.13K","-1.29%"
"21/11/2022","11.65","11.65","11.80","11.55","7.54K","0.43%"
"18/11/2022","11.60","11.55","11.60","11.50","2.85K","0.43%"
"17/11/2022","11.55","11.55","11.60","11.45","9.69K","-0.43%"
"16/11/2022","11.60","11.65","11.65","11.55","10.61K","-2.93%"
"15/11/2022","11.95","12.00","12.00","11.85","3.53K","-0.42%"
"14/11/2022","12.00","12.00","12.05","11.50","11.63K","0.00%"
"10/11/2022","12.00","11.90","12.15","11.85","7.43K","-1.23%"
"09/11/2022","12.15","11.80","12.30","11.80","3.47K","1.25%"
"08/11/2022","12.00","11.90","12.00","11.80","11.52K","1.69%"
"07/11/2022","11.80","12.40","12.40","11.80","40.03K","-1.26%"
"04/11/2022","11.95","12.00","12.20","11.85","30.09K","-2.05%"
"03/11/2022","12.20","12.20","12.40","11.90","7.63K","-1.21%"
"02/11/2022","12.35","12.30","12.95","12.30","5.56K","2.92%"
"31/10/2022","12.00","13.00","13.00","12.00","11.71K","-5.88%"
"28/10/2022","12.75","12.95","12.95","12.65","1.80K","-1.54%"
"27/10/2022","12.95","12.95","12.95","12.90","1.94K","0.39%"
"26/10/2022","12.90","12.90","12.95","12.50","3.74K","1.57%"
"25/10/2022","12.70","12.70","12.70","12.35","4.29K","0.79%"
"24/10/2022","12.60","11.95","12.65","11.95","9.33K","5.44%"
"21/10/2022","11.95","11.95","11.95","11.60","3.67K","-0.42%"
"20/10/2022","12.00","11.55","12.00","11.45","1.55K","3.90%"
"19/10/2022","11.55","12.00","12.00","11.50","3.65K","-3.75%"
"18/10/2022","12.00","11.80","12.00","11.80","1.21K","1.69%"
"17/10/2022","11.80","11.60","12.00","11.50","4.15K","-2.07%"
"14/10/2022","12.05","11.60","12.05","11.55","2.07K","3.88%"
"13/10/2022","11.60","11.80","11.80","11.50","2.90K","-1.69%"
"12/10/2022","11.80","11.85","11.85","11.80","0.31K","-0.42%"
"11/10/2022","11.85","11.85","11.85","11.85","0.00K","0.00%"
"10/10/2022","11.85","11.95","11.95","11.60","0.66K","-0.42%"
"07/10/2022","11.90","11.90","11.90","11.70","0.10K","0.00%"
"06/10/2022","11.90","11.90","11.90","11.90","1.00K","0.00%"
"05/10/2022","11.90","11.90","11.90","11.90","0.05K","0.00%"
"04/10/2022","11.90","11.95","11.95","11.90","0.21K","0.85%"
"03/10/2022","11.80","11.80","11.80","11.45","3.57K","2.16%"
"30/09/2022","11.55","10.75","11.95","10.75","75.22K","7.44%"
"29/09/2022","10.75","11.10","11.10","10.70","1.80K","-3.15%"
"28/09/2022","11.10","11.20","11.20","10.70","3.06K","-0.45%"
"27/09/2022","11.15","11.20","11.20","11.15","0.25K","-0.45%"
"26/09/2022","11.20","11.55","11.55","10.80","1.97K","-2.61%"
"23/09/2022","11.50","11.65","11.65","10.75","9.20K","-0.86%"
"22/09/2022","11.60","11.50","11.60","11.50","1.35K","0.43%"
"21/09/2022","11.55","11.75","12.05","11.50","3.80K","-4.15%"
"20/09/2022","12.05","12.25","12.25","12.00","0.80K","-1.63%"
"19/09/2022","12.25","11.70","12.25","11.50","4.26K","4.70%"
"16/09/2022","11.70","12.25","12.25","11.70","2.58K","-2.50%"
"15/09/2022","12.00","12.25","12.25","11.75","3.72K","0.42%"
"14/09/2022","11.95","12.05","12.05","11.90","4.82K","-1.24%"
"13/09/2022","12.10","12.30","12.30","12.10","2.19K","-1.63%"
"12/09/2022","12.30","12.60","12.60","12.10","1.94K","-1.60%"
"09/09/2022","12.50","12.50","12.50","12.45","1.45K","-1.19%"
"08/09/2022","12.65","12.65","12.65","12.65","5.00K","3.69%"
"07/09/2022","12.20","12.40","12.95","12.20","6.19K","-5.79%"
"06/09/2022","12.95","12.95","13.00","12.45","0.41K","-0.38%"
"05/09/2022","13.00","12.80","13.35","12.65","2.32K","-2.62%"
"02/09/2022","13.35","12.50","13.35","12.40","17.77K","1.14%"
"01/09/2022","13.20","12.20","13.20","12.10","2.92K","8.64%"
"31/08/2022","12.15","12.40","12.40","12.15","0.77K","-2.41%"
"30/08/2022","12.45","12.90","12.95","12.25","2.61K","-2.35%"
"29/08/2022","12.75","13.00","13.00","12.35","3.13K","-4.14%"
"26/08/2022","13.30","13.20","13.40","13.10","1.44K","1.53%"
"25/08/2022","13.10","13.20","13.20","13.10","1.24K","-0.76%"
"24/08/2022","13.20","13.20","13.20","13.20","0.18K","0.00%"
"23/08/2022","13.20","13.20","13.45","13.00","1.60K","-1.86%"
"22/08/2022","13.45","13.45","13.50","13.45","1.16K","-0.37%"
"19/08/2022","13.50","13.75","13.75","13.30","1.86K","-2.53%"
"18/08/2022","13.85","13.75","13.90","13.50","0.75K","0.73%"
"17/08/2022","13.75","13.70","13.95","13.65","1.17K","-0.36%"
"16/08/2022","13.80","13.90","14.15","13.75","2.85K","-1.08%"
"12/08/2022","13.95","13.95","13.95","13.70","0.12K","0.00%"
"11/08/2022","13.95","13.75","13.95","13.75","1.28K","-0.36%"
"10/08/2022","14.00","13.90","14.00","13.80","0.75K","0.00%"
"09/08/2022","14.00","13.65","14.10","13.65","5.68K","2.94%"
"08/08/2022","13.60","13.50","13.60","13.50","1.68K","1.12%"
"05/08/2022","13.45","13.00","13.45","13.00","3.19K","3.46%"
"04/08/2022","13.00","13.05","13.05","13.00","0.37K","2.36%"
"03/08/2022","12.70","13.05","13.05","12.70","1.01K","-3.05%"
"02/08/2022","13.10","13.00","13.15","12.90","2.09K","0.00%"
"01/08/2022","13.10","12.85","13.10","12.80","1.25K","1.95%"
"29/07/2022","12.85","12.70","12.85","12.70","1.33K","6.64%"
"28/07/2022","12.05","13.10","13.10","12.05","2.91K","-8.02%"
"27/07/2022","13.10","12.90","13.10","12.90","0.25K","1.55%"
"26/07/2022","12.90","13.25","13.45","12.90","1.68K","-0.77%"
"25/07/2022","13.00","12.80","13.00","12.80","1.07K","0.39%"
"22/07/2022","12.95","12.95","12.95","12.80","1.07K","-0.38%"
"21/07/2022","13.00","12.85","13.35","12.85","1.40K","-0.76%"
"20/07/2022","13.10","13.20","13.20","13.10","0.36K","0.00%"
"19/07/2022","13.10","13.00","13.20","12.85","1.21K","0.77%"
"18/07/2022","13.00","12.95","13.30","12.25","14.88K","-2.62%"
"15/07/2022","13.35","11.95","13.35","11.70","1.54K","9.43%"
"14/07/2022","12.20","12.30","12.60","12.00","1.35K","-0.81%"
"13/07/2022","12.30","12.30","12.30","12.05","0.25K","0.00%"
"12/07/2022","12.30","12.35","12.40","12.25","1.15K","-0.40%"
"11/07/2022","12.35","12.00","12.45","12.00","16.00K","-3.14%"
"08/07/2022","12.75","12.90","12.90","12.70","3.55K","-1.16%"
"07/07/2022","12.90","12.60","12.95","12.50","2.48K","2.38%"
"06/07/2022","12.60","13.20","13.40","12.50","4.52K","-6.67%"
"05/07/2022","13.50","13.35","13.50","13.20","0.99K","0.00%"
"04/07/2022","13.50","13.45","13.55","13.20","0.74K","0.37%"
"01/07/2022","13.45","13.35","13.50","13.35","1.90K","0.00%"
"30/06/2022","13.45","13.45","13.45","13.45","0.55K","-0.74%"
"29/06/2022","13.55","13.25","13.55","13.05","1.70K","3.44%"
"28/06/2022","13.10","13.05","13.10","12.90","2.27K","-1.13%"
"27/06/2022","13.25","13.30","13.30","13.00","0.70K","0.00%"
"24/06/2022","13.25","13.30","13.30","12.85","0.72K","0.38%"
"23/06/2022","13.20","13.65","13.65","12.60","13.89K","-3.30%"
"22/06/2022","13.65","14.00","14.00","13.20","2.15K","-0.36%"
"21/06/2022","13.70","13.70","13.95","13.70","1.76K","0.00%"
"20/06/2022","13.70","13.75","14.00","13.45","2.25K","-0.36%"
"17/06/2022","13.75","13.45","13.95","13.45","1.79K","0.36%"
"15/06/2022","13.70","13.70","13.70","13.70","0.04K","-0.72%"
"14/06/2022","13.80","14.15","14.15","13.20","2.46K","-1.43%"
"13/06/2022","14.00","14.35","14.35","13.75","1.89K","-3.11%"
"10/06/2022","14.45","14.95","14.95","14.35","9.36K","-3.67%"
"09/06/2022","15.00","15.00","15.00","15.00","0.03K","0.00%"
"08/06/2022","15.00","14.95","15.00","14.60","2.01K","-0.33%"
"07/06/2022","15.05","14.75","15.15","14.75","1.05K","2.38%"
"06/06/2022","14.70","14.70","14.70","14.35","0.65K","-0.34%"
"03/06/2022","14.75","14.60","14.85","14.35","2.17K","2.79%"
"02/06/2022","14.35","14.50","14.65","14.35","1.16K","1.06%"
"01/06/2022","14.20","13.95","14.50","13.85","8.95K","3.27%"
"31/05/2022","13.75","14.00","14.00","13.70","3.05K","-1.79%"
"30/05/2022","14.00","13.20","14.00","13.10","14.64K","4.48%"
"27/05/2022","13.40","13.05","13.65","13.05","1.89K","2.29%"
"26/05/2022","13.10","13.00","13.10","13.00","1.02K","0.77%"
"25/05/2022","13.00","12.95","13.05","12.75","1.57K","0.78%"
"24/05/2022","12.90","13.00","13.10","12.85","2.05K","0.39%"
"23/05/2022","12.85","13.05","13.50","12.80","9.85K","-0.77%"
"20/05/2022","12.95","13.50","13.50","12.95","3.98K","-1.52%"
"19/05/2022","13.15","13.50","13.90","13.15","3.69K","-5.05%"
"18/05/2022","13.85","13.90","13.90","13.65","1.18K","1.84%"
"17/05/2022","13.60","13.95","14.00","13.60","5.28K","-2.51%"
"16/05/2022","13.95","14.15","14.15","13.55","5.21K","0.36%"
"13/05/2022","13.90","13.75","13.90","13.45","0.91K","1.83%"
"12/05/2022","13.65","13.70","13.95","13.10","4.90K","-1.09%"
"11/05/2022","13.80","14.00","14.40","13.80","4.70K","-1.43%"
"10/05/2022","14.00","14.25","14.55","13.80","19.08K","0.00%"
"09/05/2022","14.00","14.65","14.75","14.00","8.40K","-4.11%"
"06/05/2022","14.60","14.90","15.45","14.15","13.70K","-2.67%"
"05/05/2022","15.00","15.00","15.40","15.00","0.79K","-1.32%"
"04/05/2022","15.20","15.00","15.35","14.80","0.65K","1.33%"
"02/05/2022","15.00","15.25","15.25","14.70","0.53K","-1.64%"
"29/04/2022","15.25","15.00","15.40","14.70","4.83K","3.74%"
"28/04/2022","14.70","15.40","15.40","14.70","1.90K","-1.34%"
"27/04/2022","14.90","15.40","15.40","14.80","0.82K","-3.25%"
"26/04/2022","15.40","15.40","15.40","15.00","0.60K","0.65%"
"25/04/2022","15.30","15.40","15.45","14.60","2.77K","0.66%"
"22/04/2022","15.20","15.80","16.15","15.10","4.01K","-5.88%"
"21/04/2022","16.15","16.05","16.50","16.00","1.22K","-2.42%"
"20/04/2022","16.55","16.00","16.55","15.65","3.86K","3.76%"
"19/04/2022","15.95","16.00","16.00","15.80","1.33K","0.31%"
"14/04/2022","15.90","15.90","16.00","15.70","0.85K","-0.63%"
"13/04/2022","16.00","15.70","16.00","15.50","4.25K","0.00%"
"12/04/2022","16.00","16.35","16.35","15.35","4.35K","-0.62%"
"11/04/2022","16.10","16.20","16.60","16.00","3.23K","-3.01%"
"08/04/2022","16.60","16.35","16.60","16.30","1.34K","1.53%"
"07/04/2022","16.35","16.50","16.75","16.35","0.36K","0.00%"
"06/04/2022","16.35","17.00","17.00","16.30","3.14K","-3.54%"
"05/04/2022","16.95","16.90","16.95","16.60","0.52K","0.30%"
"04/04/2022","16.90","16.60","16.95","16.55","3.45K","0.60%"
"01/04/2022","16.80","17.15","17.20","16.80","2.20K","-2.33%"
"31/03/2022","17.20","17.40","17.40","17.00","1.82K","0.00%"
"30/03/2022","17.20","17.40","17.45","16.90","1.13K","1.18%"
"29/03/2022","17.00","17.55","17.60","17.00","8.60K","-1.73%"
"28/03/2022","17.30","16.85","17.50","16.85","2.79K","2.67%"
"25/03/2022","16.85","17.00","17.00","16.75","3.04K","-0.59%"
"24/03/2022","16.95","16.65","17.00","16.40","3.85K","4.31%"
"23/03/2022","16.25","15.40","16.25","15.40","17.95K","5.52%"
"22/03/2022","15.40","15.45","15.55","15.25","7.98K","0.00%"
"21/03/2022","15.40","15.45","15.55","15.00","5.12K","0.00%"
"18/03/2022","15.40","15.80","15.90","15.00","8.00K","-2.84%"
"17/03/2022","15.85","15.85","15.90","15.70","4.74K","0.00%"
"16/03/2022","15.85","15.80","15.85","15.45","2.12K","0.96%"
"15/03/2022","15.70","15.70","15.70","15.25","0.63K","0.00%"
"14/03/2022","15.70","15.00","15.90","14.75","3.60K","5.37%"
"11/03/2022","14.90","15.10","15.20","14.90","7.38K","0.34%"
"10/03/2022","14.85","15.00","15.10","14.80","2.11K","0.68%"
"09/03/2022","14.75","14.60","15.10","14.20","6.76K","1.03%"
"08/03/2022","14.60","14.05","15.00","14.05","9.32K","5.04%"
"07/03/2022","13.90","14.20","14.20","13.60","24.42K","-6.40%"
"04/03/2022","14.85","15.95","15.95","14.40","26.61K","-6.01%"
"03/03/2022","15.80","16.25","16.50","15.80","15.18K","-4.24%"
"02/03/2022","16.50","17.85","18.55","16.50","8.22K","-7.56%"
"01/03/2022","17.85","17.80","19.50","17.00","4.51K","0.28%"
"28/02/2022","17.80","16.80","17.80","16.50","15.69K","2.59%"
"25/02/2022","17.35","16.95","17.80","16.25","11.25K","2.06%"
"24/02/2022","17.00","17.50","18.00","15.60","12.04K","-7.10%"
"23/02/2022","18.30","18.50","18.50","18.00","10.62K","-1.08%"
"22/02/2022","18.50","18.90","19.45","17.80","6.31K","-2.63%"
"21/02/2022","19.00","19.50","19.80","18.90","5.69K","-3.55%"
"18/02/2022","19.70","19.45","19.70","19.00","0.88K","1.29%"
"17/02/2022","19.45","20.00","20.00","19.45","0.71K","-2.75%"
"16/02/2022","20.00","20.00","20.20","19.80","0.59K","0.00%"
"15/02/2022","20.00","19.40","20.10","19.40","1.77K","1.52%"
"14/02/2022","19.70","20.00","20.00","18.75","7.28K","-1.50%"
"11/02/2022","20.00","20.20","20.20","20.00","1.35K","-0.99%"
"10/02/2022","20.20","20.30","20.30","20.20","1.11K","-0.49%"
"09/02/2022","20.30","20.60","20.60","20.20","2.89K","-2.40%"
"08/02/2022","20.80","20.40","20.80","20.40","0.05K","1.46%"
"07/02/2022","20.50","20.90","21.10","20.50","0.89K","-1.91%"
"04/02/2022","20.90","20.90","20.90","20.90","0.24K","-1.88%"
"03/02/2022","21.30","21.30","21.40","21.30","0.34K","0.47%"
"02/02/2022","21.20","20.60","21.30","20.60","2.92K","1.44%"
"01/02/2022","20.90","20.50","20.90","20.00","9.32K","1.95%"
"31/01/2022","20.50","20.40","20.50","20.20","0.64K","0.49%"
"28/01/2022","20.40","20.40","20.90","20.00","2.16K","-2.86%"
"27/01/2022","21.00","20.10","21.00","20.10","6.60K","0.00%"
"26/01/2022","21.00","20.00","21.00","20.00","22.25K","2.94%"
"25/01/2022","20.40","20.00","20.40","19.40","6.85K","0.49%"
"24/01/2022","20.30","20.90","20.90","19.00","12.43K","-2.87%"
"21/01/2022","20.90","21.10","21.10","20.50","4.46K","-1.88%"
"20/01/2022","21.30","21.80","21.80","21.20","3.50K","-2.29%"
"19/01/2022","21.80","22.40","22.40","21.10","2.29K","-2.68%"
"18/01/2022","22.40","22.00","22.40","22.00","0.39K","1.82%"
"17/01/2022","22.00","22.10","22.20","22.00","1.25K","-2.65%"
"14/01/2022","22.60","22.80","22.80","22.10","1.77K","-0.88%"
"13/01/2022","22.80","22.40","22.80","22.40","1.63K","3.17%"
"12/01/2022","22.10","22.20","22.30","22.00","4.11K","-0.45%"
"11/01/2022","22.20","22.10","22.20","22.10","0.82K","0.45%"
"10/01/2022","22.10","22.30","22.40","22.10","0.31K","-0.90%"
"07/01/2022","22.30","22.60","22.60","22.30","1.04K","-1.76%"
"05/01/2022","22.70","23.50","23.50","22.50","2.94K","-1.73%"
"04/01/2022","23.10","23.50","23.80","22.80","2.76K","-1.70%"
"03/01/2022","23.50","23.90","23.90","23.20","2.91K","-2.08%"
"30/12/2021","24.00","24.10","24.10","23.50","8.99K","-0.41%"
"29/12/2021","24.10","22.90","24.10","22.70","7.41K","4.78%"
"28/12/2021","23.00","22.20","23.00","22.20","6.92K","0.88%"
"27/12/2021","22.80","22.00","22.80","21.50","3.90K","1.33%"
"23/12/2021","22.50","22.10","22.50","21.30","16.75K","1.81%"
"22/12/2021","22.10","22.50","22.50","22.10","0.54K","-1.78%"
"21/12/2021","22.50","22.80","22.80","22.40","0.67K","0.45%"
"20/12/2021","22.40","22.00","22.40","22.00","0.14K","-0.44%"
"17/12/2021","22.50","23.10","23.10","22.50","1.44K","-4.26%"
"16/12/2021","23.50","23.70","23.80","23.40","0.95K","-0.84%"
"15/12/2021","23.70","23.50","23.70","22.50","45.16K","1.28%"
"14/12/2021","23.40","23.30","23.70","22.30","21.02K","0.43%"
"13/12/2021","23.30","22.80","23.30","22.50","19.09K","2.19%"
"10/12/2021","22.80","22.30","22.80","22.20","43.47K","3.17%"
"09/12/2021","22.10","21.50","22.10","20.90","11.63K","2.79%"
"08/12/2021","21.50","21.20","21.70","21.20","2.55K","1.90%"
"07/12/2021","21.10","20.40","21.20","20.40","65.19K","3.43%"
"06/12/2021","20.40","20.70","21.00","20.30","7.64K","-6.85%"
"03/12/2021","21.90","21.90","22.00","21.50","124.38K","0.00%"
"02/12/2021","21.90","22.50","22.50","21.50","0.49K","-2.67%"
"01/12/2021","22.50","21.90","22.50","21.40","20.44K","2.74%"
"30/11/2021","21.90","20.60","21.90","20.60","21.87K","-0.45%"
"29/11/2021","22.00","20.60","22.00","19.85","14.71K","2.80%"
"26/11/2021","21.40","20.70","21.40","19.90","9.26K","2.88%"
"25/11/2021","20.80","21.20","21.30","20.80","0.52K","-0.95%"
"24/11/2021","21.00","20.00","21.30","20.00","15.87K","5.00%"
"23/11/2021","20.00","20.00","20.70","20.00","8.81K","0.00%"
"22/11/2021","20.00","21.30","21.30","19.20","37.61K","-5.21%"
"19/11/2021","21.10","21.50","21.70","20.40","6.34K","-1.86%"
"18/11/2021","21.50","21.80","21.80","21.30","0.99K","-2.27%"
"17/11/2021","22.00","21.30","22.10","21.30","5.89K","2.80%"
"16/11/2021","21.40","21.40","21.70","21.30","1.74K","-1.83%"
"15/11/2021","21.80","21.80","21.80","21.30","1.13K","0.00%"
"12/11/2021","21.80","21.30","22.00","21.30","1.54K","1.40%"
"10/11/2021","21.50","21.90","22.10","21.20","4.13K","-1.83%"
"09/11/2021","21.90","22.50","22.50","21.20","3.03K","0.46%"
"08/11/2021","21.80","21.80","21.90","21.20","3.95K","-2.68%"
"05/11/2021","22.40","22.30","22.40","21.80","3.84K","0.00%"
"04/11/2021","22.40","22.40","22.80","22.30","0.69K","0.00%"
"03/11/2021","22.40","22.80","22.80","22.40","2.96K","-1.75%"
"02/11/2021","22.80","23.20","23.20","22.70","3.33K","-2.15%"
"29/10/2021","23.30","22.90","23.30","22.80","11.11K","2.19%"
"28/10/2021","22.80","22.70","22.80","22.00","9.22K","0.44%"
"27/10/2021","22.70","22.30","22.70","22.10","4.68K","0.00%"
"26/10/2021","22.70","22.50","22.70","22.30","2.19K","1.79%"
"25/10/2021","22.30","22.70","22.80","22.20","2.02K","-1.76%"
"22/10/2021","22.70","22.20","22.80","22.10","2.53K","2.25%"
"21/10/2021","22.20","22.10","22.80","22.10","3.70K","-2.63%"
"20/10/2021","22.80","22.40","22.80","21.90","1.51K","1.79%"
"19/10/2021","22.40","22.80","22.90","22.40","6.18K","0.90%"
"18/10/2021","22.20","21.10","22.60","20.10","12.46K","5.21%"
"15/10/2021","21.10","21.50","21.70","21.10","2.44K","-1.86%"
"14/10/2021","21.50","21.40","21.60","21.30","3.46K","0.47%"
"13/10/2021","21.40","21.40","21.50","21.30","4.67K","1.42%"
"12/10/2021","21.10","21.10","21.40","21.10","2.56K","-1.86%"
"11/10/2021","21.50","21.40","21.50","21.10","3.29K","0.00%"
"08/10/2021","21.50","21.50","21.60","21.10","3.87K","0.00%"
"07/10/2021","21.50","21.00","21.60","21.00","5.57K","1.42%"
"06/10/2021","21.20","21.30","21.30","20.70","10.87K","0.95%"
"05/10/2021","21.00","20.80","21.20","20.70","9.17K","0.00%"
"04/10/2021","21.00","21.00","21.50","20.40","15.92K","0.00%"
"01/10/2021","21.00","21.00","21.30","20.20","29.19K","-2.78%"
"30/09/2021","21.60","22.30","22.30","21.50","4.94K","-2.70%"
"29/09/2021","22.20","22.20","22.40","22.10","1.11K","0.00%"
"28/09/2021","22.20","23.30","23.30","22.20","4.82K","-4.31%"
"27/09/2021","23.20","22.60","23.40","21.80","17.74K","3.11%"
"24/09/2021","22.50","22.70","23.10","22.50","4.88K","-1.75%"
"23/09/2021","22.90","22.90","23.20","22.30","3.97K","0.00%"
"22/09/2021","22.90","21.90","22.90","21.90","9.73K","5.05%"
"21/09/2021","21.80","21.20","22.00","21.20","5.30K","2.83%"
"20/09/2021","21.20","21.20","21.40","20.20","18.08K","0.95%"
"17/09/2021","21.00","20.80","21.40","20.80","8.34K","0.00%"
"16/09/2021","21.00","22.10","22.10","21.00","29.59K","-3.67%"
"15/09/2021","21.80","22.00","22.40","21.80","51.53K","-0.91%"
"14/09/2021","22.00","22.80","22.80","22.00","11.08K","-1.35%"
"13/09/2021","22.30","22.80","23.40","22.10","15.70K","-2.19%"
"10/09/2021","22.80","22.10","23.20","21.90","23.05K","4.59%"
"09/09/2021","21.80","22.70","22.80","20.50","57.78K","-4.80%"
"08/09/2021","22.90","23.10","23.50","22.90","33.85K","-2.14%"
"07/09/2021","23.40","23.00","23.50","22.80","81.73K","2.18%"
"06/09/2021","22.90","23.70","24.00","22.80","55.83K","-3.38%"
"03/09/2021","23.70","24.90","26.00","23.50","165.80K","-11.90%"
"02/09/2021","26.90","26.80","26.90","26.50","8.56K","0.37%"
"01/09/2021","26.80","26.90","26.90","26.50","2.46K","-0.37%"
"31/08/2021","26.90","26.50","26.90","26.10","4.05K","1.51%"
"30/08/2021","26.50","26.60","26.60","26.10","1.20K","0.00%"
"27/08/2021","26.50","26.00","26.50","25.90","1.95K","0.38%"
"26/08/2021","26.40","26.40","26.50","26.00","1.47K","-0.38%"
"25/08/2021","26.50","26.20","26.50","26.20","0.74K","0.38%"
"24/08/2021","26.40","26.70","26.70","26.20","1.37K","0.76%"
"23/08/2021","26.20","26.20","26.70","25.90","6.06K","0.00%"
"20/08/2021","26.20","26.20","26.30","25.80","0.53K","0.00%"
"19/08/2021","26.20","26.20","26.20","26.10","2.69K","-1.13%"
"18/08/2021","26.50","26.40","26.50","26.20","0.87K","1.15%"
"17/08/2021","26.20","26.40","26.40","26.00","0.58K","-0.76%"
"16/08/2021","26.40","26.00","26.40","26.00","1.28K","0.00%"
"13/08/2021","26.40","26.40","26.40","26.40","0.07K","1.54%"
"12/08/2021","26.00","26.30","26.40","25.80","4.00K","-1.14%"
"11/08/2021","26.30","26.00","26.30","25.70","2.53K","0.38%"
"10/08/2021","26.20","26.10","26.40","25.60","3.85K","0.77%"
"09/08/2021","26.00","26.90","27.80","25.80","26.22K","-1.52%"
"06/08/2021","26.40","27.00","27.00","25.90","7.97K","-0.75%"
"05/08/2021","26.60","27.00","27.00","26.60","3.26K","0.38%"
"04/08/2021","26.50","26.90","27.00","26.30","3.82K","-0.38%"
"03/08/2021","26.60","26.00","27.00","25.30","56.48K","1.92%"
"02/08/2021","26.10","26.50","26.70","26.10","1.87K","-1.51%"
"30/07/2021","26.50","26.50","26.80","26.50","0.35K","-0.75%"
"29/07/2021","26.70","26.60","26.70","26.50","0.75K","0.00%"
"28/07/2021","26.70","26.90","26.90","26.40","0.45K","0.38%"
"27/07/2021","26.60","26.80","26.90","26.60","0.56K","-1.12%"
"26/07/2021","26.90","27.00","27.00","26.70","3.29K","-0.37%"
"23/07/2021","27.00","26.10","27.00","26.10","3.13K","1.50%"
"22/07/2021","26.60","25.80","26.60","25.10","3.69K","3.10%"
"21/07/2021","25.80","24.80","25.80","24.80","3.51K","2.79%"
"20/07/2021","25.10","25.10","25.50","25.00","4.04K","-0.40%"
"19/07/2021","25.20","26.50","26.50","25.20","8.44K","-4.91%"
"16/07/2021","26.50","26.70","26.80","25.60","4.70K","0.76%"
"15/07/2021","26.30","27.10","27.10","26.30","1.60K","-2.59%"
"14/07/2021","27.00","26.70","27.10","26.70","1.85K","0.37%"
"13/07/2021","26.90","27.00","27.00","26.60","1.61K","-1.10%"
"12/07/2021","27.20","27.70","27.70","26.40","21.99K","1.49%"
"09/07/2021","26.80","27.20","27.40","26.60","2.44K","-0.74%"
"08/07/2021","27.00","27.10","27.50","26.60","26.83K","0.37%"
"07/07/2021","26.90","26.10","26.90","26.00","10.22K","3.46%"
"06/07/2021","26.00","26.00","26.10","25.70","3.53K","1.17%"
"05/07/2021","25.70","25.50","26.30","25.40","7.94K","2.39%"
"02/07/2021","25.10","25.30","25.90","25.10","2.98K","-0.79%"
"01/07/2021","25.30","25.60","25.80","24.50","9.51K","-1.17%"
"30/06/2021","25.60","24.80","25.60","23.40","96.72K","2.81%"
"29/06/2021","24.90","25.00","25.80","24.90","6.00K","-0.40%"
"28/06/2021","25.00","25.60","25.60","25.00","8.84K","-3.47%"
"25/06/2021","25.90","25.90","25.90","25.20","3.54K","-1.15%"
"24/06/2021","26.20","26.30","26.30","25.70","9.73K","0.00%"
"23/06/2021","26.20","26.00","26.20","26.00","1.89K","0.77%"
"22/06/2021","26.00","25.60","26.20","25.60","5.04K","0.00%"
"21/06/2021","26.00","26.00","26.30","24.60","21.05K","0.00%"
"18/06/2021","26.00","25.70","26.00","25.60","2.82K","1.17%"
"17/06/2021","25.70","26.00","26.00","25.60","9.81K","-0.77%"
"16/06/2021","25.90","25.70","25.90","25.60","2.16K","-0.38%"
"15/06/2021","26.00","26.30","26.30","25.70","29.11K","-1.14%"
"14/06/2021","26.30","26.50","26.50","25.70","6.26K","1.15%"
"11/06/2021","26.00","25.70","26.00","25.40","10.75K","1.17%"
"10/06/2021","25.70","26.10","26.20","25.40","5.01K","-0.39%"
"09/06/2021","25.80","25.90","26.00","25.50","5.58K","-0.77%"
"08/06/2021","26.00","26.00","26.80","26.00","13.53K","0.00%"
"07/06/2021","26.00","26.00","26.20","25.50","7.29K","0.00%"
"04/06/2021","26.00","26.20","26.20","25.40","14.62K","-0.76%"
"02/06/2021","26.20","26.10","26.30","25.60","14.33K","0.38%"
"01/06/2021","26.10","26.20","26.30","25.30","18.70K","-1.88%"
"31/05/2021","26.60","26.50","26.70","26.30","4.74K","0.00%"
"28/05/2021","26.60","25.80","27.00","25.80","12.98K","2.31%"
"27/05/2021","26.00","25.00","26.40","25.00","3.60K","4.00%"
"26/05/2021","25.00","25.80","25.90","24.40","21.46K","-3.85%"
"25/05/2021","26.00","27.40","27.40","25.60","8.67K","-3.35%"
"24/05/2021","26.90","27.50","27.50","26.60","22.99K","-0.74%"
"21/05/2021","27.10","27.60","27.60","26.90","3.10K","0.00%"
"20/05/2021","27.10","27.30","27.70","26.90","4.91K","0.00%"
"19/05/2021","27.10","27.30","27.70","26.10","24.22K","-2.52%"
"18/05/2021","27.80","27.90","28.30","27.50","9.07K","0.00%"
"17/05/2021","27.80","27.40","28.40","27.30","26.49K","1.46%"
"14/05/2021","27.40","26.80","27.60","26.80","38.41K","3.40%"
"13/05/2021","26.50","25.60","26.50","24.70","33.62K","3.52%"
"12/05/2021","25.60","25.00","25.60","24.50","65.47K","2.81%"
"11/05/2021","24.90","25.30","25.70","24.30","14.74K","-1.58%"
"10/05/2021","25.30","24.30","25.60","24.30","30.69K","6.30%"
"07/05/2021","23.80","23.60","24.30","23.40","21.08K","0.85%"
"06/05/2021","23.60","23.70","23.80","23.00","45.19K","0.00%"
"05/05/2021","23.60","22.00","23.90","22.00","49.32K","9.77%"
"04/05/2021","21.50","21.70","22.10","21.50","24.03K","-0.92%"
"30/04/2021","21.70","22.30","22.30","21.70","3.93K","-2.69%"
"29/04/2021","22.30","22.40","22.40","21.50","31.38K","-0.45%"
"28/04/2021","22.40","22.00","22.40","21.50","22.64K","1.36%"
"27/04/2021","22.10","22.00","22.10","21.50","19.10K","2.79%"
"26/04/2021","21.50","21.70","21.90","21.50","23.62K","-0.92%"
"23/04/2021","21.70","21.00","21.70","20.90","24.38K","1.40%"
"22/04/2021","21.40","20.40","21.40","20.30","124.83K","4.90%"
"21/04/2021","20.40","20.60","21.00","19.90","22.75K","-1.92%"
"20/04/2021","20.80","21.10","21.10","20.60","6.39K","-1.42%"
"19/04/2021","21.10","21.00","21.10","20.90","14.53K","1.93%"
"16/04/2021","20.70","21.00","21.00","20.60","11.52K","0.49%"
"15/04/2021","20.60","21.00","21.10","20.60","16.55K","0.00%"
"14/04/2021","20.60","21.70","21.70","20.60","18.67K","-2.83%"
"13/04/2021","21.20","21.20","21.80","21.20","6.26K","1.44%"
"12/04/2021","20.90","22.40","22.40","20.70","92.13K","-5.00%"
"09/04/2021","22.00","22.20","22.20","21.80","19.34K","-1.35%"
"08/04/2021","22.30","21.40","22.40","21.40","142.03K","6.19%"
"07/04/2021","21.00","21.30","21.40","20.90","33.65K","-0.47%"
"06/04/2021","21.10","21.00","21.40","20.90","13.19K","0.96%"
"01/04/2021","20.90","20.50","20.90","20.40","14.70K","2.96%"
"31/03/2021","20.30","20.00","20.50","20.00","1.71K","0.50%"
"30/03/2021","20.20","20.00","20.40","19.70","9.20K","-0.49%"
"29/03/2021","20.30","20.10","20.50","19.70","11.90K","1.00%"
"26/03/2021","20.10","19.50","20.10","19.15","7.06K","1.01%"
"25/03/2021","19.90","20.00","20.10","19.80","6.29K","-1.49%"
"24/03/2021","20.20","20.20","20.50","20.00","3.94K","-1.46%"
"23/03/2021","20.50","20.60","20.60","20.00","2.91K","-0.49%"
"22/03/2021","20.60","20.50","20.60","20.20","3.49K","0.00%"
"19/03/2021","20.60","20.80","21.00","20.20","5.26K","0.49%"
"18/03/2021","20.50","20.60","20.70","20.00","4.41K","-0.49%"
"17/03/2021","20.60","20.90","20.90","20.20","7.08K","-1.44%"
"16/03/2021","20.90","20.80","21.00","20.60","6.44K","-0.48%"
"15/03/2021","21.00","21.00","21.10","20.30","29.21K","0.48%"
"12/03/2021","20.90","21.00","21.00","20.80","2.12K","0.00%"
"11/03/2021","20.90","21.20","21.20","20.70","14.91K","-1.42%"
"10/03/2021","21.20","21.10","21.20","20.70","15.20K","0.95%"
"09/03/2021","21.00","21.20","21.20","20.80","6.60K","-0.94%"
"08/03/2021","21.20","21.30","21.50","21.00","6.93K","0.95%"
"05/03/2021","21.00","20.90","21.20","20.80","14.10K","0.96%"
"04/03/2021","20.80","21.70","21.70","20.70","12.54K","-3.70%"
"03/03/2021","21.60","21.20","21.70","20.50","14.71K","1.89%"
"02/03/2021","21.20","21.60","21.80","20.50","9.82K","-1.85%"
"01/03/2021","21.60","21.40","21.60","21.20","5.16K","2.86%"
"26/02/2021","21.00","21.20","21.20","20.40","7.94K","-2.33%"
"25/02/2021","21.50","21.00","21.50","20.30","19.91K","2.38%"
"24/02/2021","21.00","21.00","21.70","20.80","14.17K","0.00%"
"23/02/2021","21.00","22.00","22.50","21.00","42.91K","-6.67%"
"22/02/2021","22.50","22.00","23.00","21.10","29.58K","2.27%"
"19/02/2021","22.00","22.00","22.90","20.70","15.90K","0.00%"
"18/02/2021","22.00","22.00","23.00","21.80","34.49K","2.80%"
"17/02/2021","21.40","20.90","22.00","20.80","30.41K","1.90%"
"16/02/2021","21.00","21.00","21.50","20.70","62.19K","0.00%"
"15/02/2021","21.00","21.00","21.00","20.70","8.12K","0.00%"
"12/02/2021","21.00","21.00","21.00","20.70","9.08K","0.48%"
"11/02/2021","20.90","20.60","21.10","20.60","16.68K","1.95%"
"10/02/2021","20.50","21.40","21.40","20.50","25.87K","-4.21%"
"09/02/2021","21.40","21.00","21.60","20.70","69.36K","2.39%"
"08/02/2021","20.90","20.40","20.90","20.00","79.17K","5.56%"
"05/02/2021","19.80","19.40","20.90","19.30","55.38K","2.06%"
"04/02/2021","19.40","18.80","19.70","18.80","24.37K","3.19%"
"03/02/2021","18.80","18.10","19.10","18.00","19.97K","5.32%"
"02/02/2021","17.85","17.55","18.35","17.40","23.02K","-1.38%"
"01/02/2021","18.10","17.70","18.10","17.60","3.79K","2.26%"
"29/01/2021","17.70","17.90","17.90","17.70","3.39K","-1.12%"
"28/01/2021","17.90","17.70","18.10","17.45","5.67K","0.00%"
"27/01/2021","17.90","18.80","19.10","17.00","30.79K","-5.04%"
"26/01/2021","18.85","17.95","19.50","17.60","25.76K","5.60%"
"25/01/2021","17.85","17.55","17.85","17.50","3.77K","1.71%"
"22/01/2021","17.55","17.20","17.55","17.05","1.32K","2.63%"
"21/01/2021","17.10","17.50","17.60","17.05","7.65K","-2.01%"
"20/01/2021","17.45","17.30","17.55","17.20","3.04K","1.75%"
"19/01/2021","17.15","17.00","17.20","16.70","4.61K","0.88%"
"18/01/2021","17.00","16.80","17.00","16.40","15.37K","1.19%"
"15/01/2021","16.80","16.90","16.90","16.45","6.13K","0.30%"
"14/01/2021","16.75","16.45","16.95","16.45","5.83K","2.13%"
"13/01/2021","16.40","16.50","16.95","16.30","3.80K","-1.20%"
"12/01/2021","16.60","16.90","17.00","16.55","3.33K","-1.78%"
"11/01/2021","16.90","17.40","17.40","16.50","8.80K","-2.59%"
"08/01/2021","17.35","17.05","17.50","16.90","14.97K","2.66%"
"07/01/2021","16.90","16.85","17.10","16.85","10.38K","0.30%"
"05/01/2021","16.85","16.70","17.00","16.55","7.26K","-0.30%"
"04/01/2021","16.90","16.95","17.10","16.60","12.24K","0.00%"
"30/12/2020","16.90","17.00","17.00","16.65","2.03K","-0.59%"
"29/12/2020","17.00","16.30","17.00","16.30","23.75K","1.19%"
"28/12/2020","16.80","16.85","17.00","16.55","16.89K","-0.88%"
"23/12/2020","16.95","16.80","16.95","16.50","3.37K","2.42%"
"22/12/2020","16.55","16.60","16.75","16.40","4.67K","2.80%"
"21/12/2020","16.10","17.00","17.00","16.05","8.28K","-5.29%"
"18/12/2020","17.00","17.05","17.20","16.35","2.77K","0.00%"
"17/12/2020","17.00","16.70","17.20","16.50","13.72K","3.03%"
"16/12/2020","16.50","16.35","16.75","16.35","9.96K","2.48%"
"15/12/2020","16.10","16.05","16.35","16.05","0.30K","-1.83%"
"14/12/2020","16.40","16.55","16.55","16.15","2.82K","-0.91%"
"11/12/2020","16.55","16.50","16.55","16.40","4.57K","1.22%"
"10/12/2020","16.35","16.25","16.35","15.75","10.67K","1.55%"
"09/12/2020","16.10","16.20","16.40","16.05","3.61K","-0.92%"
"08/12/2020","16.25","16.25","16.30","16.00","18.07K","-0.31%"
"07/12/2020","16.30","16.35","16.40","16.25","4.22K","-0.61%"
"04/12/2020","16.40","16.25","16.80","16.25","30.87K","2.50%"
"03/12/2020","16.00","16.55","16.65","16.00","55.02K","-2.74%"
"02/12/2020","16.45","16.00","16.80","16.00","15.13K","3.13%"
"01/12/2020","15.95","15.90","15.95","15.75","6.51K","0.95%"
"30/11/2020","15.80","15.60","16.25","15.50","24.58K","1.28%"
"27/11/2020","15.60","15.25","15.70","14.70","21.63K","1.30%"
"26/11/2020","15.40","15.80","15.80","15.20","3.51K","-2.53%"
"25/11/2020","15.80","16.00","16.20","15.80","38.62K","-0.32%"
"24/11/2020","15.85","16.00","16.00","15.85","1.11K","0.00%"
"23/11/2020","15.85","15.70","16.00","15.60","10.54K","1.60%"
"20/11/2020","15.60","16.35","16.35","15.15","14.15K","-2.80%"
"19/11/2020","16.05","16.20","16.25","15.95","12.47K","-2.43%"
"18/11/2020","16.45","15.85","16.55","15.70","10.42K","5.11%"
"17/11/2020","15.65","15.75","15.95","15.50","10.66K","-0.95%"
"16/11/2020","15.80","15.20","15.85","15.00","154.20K","5.33%"
"13/11/2020","15.00","15.15","15.15","14.65","10.06K","-0.99%"
"12/11/2020","15.15","15.20","15.40","15.00","13.86K","1.00%"
"10/11/2020","15.00","15.15","15.15","14.85","8.62K","-0.99%"
"09/11/2020","15.15","14.05","15.35","14.05","33.33K","8.21%"
"06/11/2020","14.00","14.25","14.25","13.90","7.22K","-1.75%"
"05/11/2020","14.25","13.65","14.25","13.65","4.86K","5.56%"
"04/11/2020","13.50","13.80","14.00","13.35","4.33K","-1.46%"
"03/11/2020","13.70","13.50","13.70","13.50","0.68K","3.40%"
"02/11/2020","13.25","13.35","13.50","13.05","1.54K","-0.75%"
"30/10/2020","13.35","13.45","13.45","13.00","5.62K","-3.26%"
"29/10/2020","13.80","13.35","13.85","13.35","4.18K","0.36%"
"28/10/2020","13.75","14.00","14.00","13.30","15.39K","-2.14%"
"27/10/2020","14.05","13.80","14.25","13.20","19.62K","1.81%"
"26/10/2020","13.80","13.40","13.80","13.40","1.33K","1.10%"
"23/10/2020","13.65","13.40","13.65","13.40","0.67K","-1.09%"
"22/10/2020","13.80","13.35","13.85","13.35","6.82K","2.99%"
"21/10/2020","13.40","13.40","13.60","13.35","7.80K","-2.19%"
"20/10/2020","13.70","13.10","13.70","13.10","6.57K","3.79%"
"19/10/2020","13.20","13.10","13.45","13.10","1.25K","-1.86%"
"16/10/2020","13.45","13.00","13.45","13.00","2.75K","-0.37%"
"15/10/2020","13.50","14.00","14.00","12.80","29.25K","-3.57%"
"14/10/2020","14.00","14.15","14.25","13.85","4.70K","-0.71%"
"13/10/2020","14.10","13.90","14.15","13.85","5.97K","1.44%"
"12/10/2020","13.90","14.20","14.20","13.80","3.06K","-1.77%"
"09/10/2020","14.15","14.05","14.20","13.60","5.82K","0.00%"
"08/10/2020","14.15","14.05","14.25","14.05","2.16K","1.43%"
"07/10/2020","13.95","14.20","14.20","13.95","223.12K","-2.45%"
"06/10/2020","14.30","13.60","14.35","13.40","13.40K","5.54%"
"05/10/2020","13.55","13.80","13.80","13.10","18.74K","-0.37%"
"02/10/2020","13.60","13.80","13.80","13.35","19.46K","-1.45%"
"01/10/2020","13.80","13.60","13.80","13.60","1.66K","0.73%"
"30/09/2020","13.70","13.95","13.95","13.70","2.66K","-0.72%"
"29/09/2020","13.80","13.90","13.90","13.80","0.40K","0.00%"
"28/09/2020","13.80","13.70","13.95","13.70","3.29K","1.47%"
"25/09/2020","13.60","13.80","13.90","13.55","3.27K","-2.51%"
"24/09/2020","13.95","13.80","13.95","13.65","5.68K","0.72%"
"23/09/2020","13.85","14.20","14.20","13.85","6.33K","0.00%"
"22/09/2020","13.85","14.05","14.40","13.85","6.20K","-2.12%"
"21/09/2020","14.15","14.70","14.70","14.05","5.52K","-1.74%"
"18/09/2020","14.40","13.80","14.70","13.80","67.75K","6.67%"
"17/09/2020","13.50","14.00","14.00","13.50","2.35K","-2.88%"
"16/09/2020","13.90","14.30","14.30","13.70","23.97K","0.72%"
"15/09/2020","13.80","14.00","14.55","13.70","31.22K","-1.43%"
"14/09/2020","14.00","14.10","14.85","14.00","14.62K","-2.78%"
"11/09/2020","14.40","13.85","14.40","13.50","8.15K","3.60%"
"10/09/2020","13.90","13.80","14.00","13.40","6.44K","0.00%"
"09/09/2020","13.90","13.40","14.00","13.15","13.68K","1.46%"
"08/09/2020","13.70","13.85","14.30","13.20","23.29K","-2.14%"
"07/09/2020","14.00","14.55","14.55","13.85","41.29K","0.00%"
"04/09/2020","14.00","13.60","14.45","13.15","63.89K","10.24%"
"03/09/2020","12.70","13.50","13.90","12.70","25.12K","-5.93%"
"02/09/2020","13.50","12.85","13.50","12.70","11.03K","5.47%"
"01/09/2020","12.80","12.70","12.90","12.60","3.74K","0.00%"
"31/08/2020","12.80","13.30","13.30","12.50","4.32K","-3.76%"
"28/08/2020","13.30","13.15","13.30","12.70","7.15K","1.14%"
"27/08/2020","13.15","13.50","13.60","13.15","0.97K","-2.59%"
"26/08/2020","13.50","13.50","14.00","13.15","19.49K","0.00%"
"25/08/2020","13.50","12.70","14.10","12.70","26.40K","6.30%"
"24/08/2020","12.70","12.25","12.70","12.25","11.69K","4.10%"
"21/08/2020","12.20","12.25","12.40","12.15","4.26K","0.00%"
"20/08/2020","12.20","11.80","12.20","11.70","10.57K","4.72%"
"19/08/2020","11.65","11.70","11.95","11.65","2.49K","-0.43%"
"18/08/2020","11.70","11.85","11.85","11.70","3.76K","-1.27%"
"17/08/2020","11.85","11.85","11.95","11.85","0.61K","-1.25%"
"14/08/2020","12.00","11.85","12.00","11.55","7.07K","0.00%"
"13/08/2020","12.00","12.00","12.00","11.90","7.56K","0.00%"
"12/08/2020","12.00","12.40","12.40","11.70","6.32K","-4.00%"
"11/08/2020","12.50","12.40","12.90","12.30","5.51K","1.63%"
"10/08/2020","12.30","11.95","12.30","11.95","7.66K","3.36%"
"07/08/2020","11.90","11.70","11.90","11.65","1.63K","1.28%"
"06/08/2020","11.75","11.75","11.95","11.75","5.27K","-1.67%"
"05/08/2020","11.95","11.80","12.00","11.70","5.19K","1.70%"
"04/08/2020","11.75","11.80","12.00","11.75","1.61K","-2.08%"
"03/08/2020","12.00","11.90","12.00","11.80","22.52K","1.69%"
"31/07/2020","11.80","11.35","11.80","11.35","1.74K","4.42%"
"30/07/2020","11.30","11.55","11.90","11.00","8.97K","-4.24%"
"29/07/2020","11.80","11.60","11.80","11.50","5.28K","0.00%"
"28/07/2020","11.80","11.85","12.05","11.60","9.49K","0.00%"
"27/07/2020","11.80","12.00","12.00","11.50","4.81K","-1.67%"
"24/07/2020","12.00","12.50","12.50","11.90","8.37K","-4.38%"
"23/07/2020","12.55","12.40","12.55","12.15","3.24K","2.45%"
"22/07/2020","12.25","12.15","12.95","12.00","36.71K","1.24%"
"21/07/2020","12.10","12.20","12.30","12.00","11.08K","-0.82%"
"20/07/2020","12.20","12.00","12.20","12.00","10.00K","0.00%"
"17/07/2020","12.20","12.00","12.20","12.00","2.04K","-0.81%"
"16/07/2020","12.30","12.10","12.30","11.80","12.80K","1.65%"
"15/07/2020","12.10","12.10","12.20","12.10","3.10K","-0.82%"
"14/07/2020","12.20","11.80","12.20","11.70","6.46K","2.52%"
"13/07/2020","11.90","12.20","12.20","11.90","3.24K","-2.06%"
"10/07/2020","12.15","12.20","12.25","12.10","39.97K","1.25%"
"09/07/2020","12.00","11.90","12.10","11.70","10.56K","0.84%"
"08/07/2020","11.90","11.40","11.90","11.40","7.24K","2.59%"
"07/07/2020","11.60","11.55","11.60","11.35","3.81K","-0.43%"
"06/07/2020","11.65","11.45","11.65","11.45","5.46K","2.19%"
"03/07/2020","11.40","11.50","11.50","11.30","2.19K","-0.87%"
"02/07/2020","11.50","11.55","11.55","11.40","6.62K","0.00%"
"01/07/2020","11.50","11.55","11.55","11.50","3.39K","-0.43%"
"30/06/2020","11.55","11.55","11.55","11.40","6.09K","-0.43%"
"29/06/2020","11.60","11.60","11.60","11.35","6.10K","-1.28%"
"26/06/2020","11.75","11.60","11.90","11.60","3.07K","-0.42%"
"25/06/2020","11.80","11.45","11.80","11.40","6.42K","2.16%"
"24/06/2020","11.55","11.75","11.80","11.55","3.36K","-2.53%"
"23/06/2020","11.85","11.50","11.85","11.40","3.22K","2.16%"
"22/06/2020","11.60","11.55","11.70","11.55","2.81K","0.43%"
"19/06/2020","11.55","11.55","11.90","11.55","0.73K","-2.94%"
"18/06/2020","11.90","11.45","11.90","11.45","2.25K","0.85%"
"17/06/2020","11.80","11.65","11.95","11.65","2.39K","-1.26%"
"16/06/2020","11.95","11.75","11.95","11.40","4.88K","3.46%"
"15/06/2020","11.55","11.50","11.55","11.10","8.94K","1.32%"
"12/06/2020","11.40","11.30","11.70","11.10","15.02K","-6.17%"
"10/06/2020","12.15","11.85","12.15","11.00","24.09K","-1.22%"
"09/06/2020","12.30","12.10","12.40","12.00","56.03K","2.07%"
"08/06/2020","12.05","11.45","12.10","10.70","55.31K","5.24%"
"05/06/2020","11.45","10.95","11.50","10.95","31.57K","5.05%"
"04/06/2020","10.90","10.40","11.00","10.40","16.80K","4.81%"
"03/06/2020","10.40","10.35","10.60","10.35","1.35K","0.00%"
"02/06/2020","10.40","10.40","10.70","10.10","5.18K","0.00%"
"01/06/2020","10.40","10.70","10.70","10.40","3.41K","-2.80%"
"29/05/2020","10.70","10.80","10.80","10.70","1.23K","-0.93%"
"28/05/2020","10.80","10.50","10.90","10.50","28.69K","1.89%"
"27/05/2020","10.60","10.60","10.70","10.35","1.88K","0.00%"
"26/05/2020","10.60","10.55","10.60","10.30","10.89K","0.00%"
"25/05/2020","10.60","10.45","10.60","10.00","16.57K","1.92%"
"22/05/2020","10.40","10.30","10.60","9.92","31.17K","6.12%"
"21/05/2020","9.80","9.80","9.80","9.60","3.92K","3.16%"
"20/05/2020","9.50","9.48","9.54","9.44","2.64K","0.21%"
"19/05/2020","9.48","9.86","9.86","9.48","0.92K","-2.27%"
"18/05/2020","9.70","9.32","9.76","9.20","15.37K","-0.41%"
"15/05/2020","9.74","9.52","9.86","9.30","1.08K","2.53%"
"14/05/2020","9.50","9.62","9.62","9.50","1.07K","-3.85%"
"13/05/2020","9.88","9.60","9.88","9.60","5.35K","-0.40%"
"12/05/2020","9.92","9.42","9.96","9.42","9.45K","5.98%"
"11/05/2020","9.36","9.70","9.70","9.04","13.34K","-0.85%"
"08/05/2020","9.44","9.80","9.80","9.44","8.43K","-3.67%"
"07/05/2020","9.80","9.10","10.00","9.04","24.59K","4.26%"
"06/05/2020","9.40","9.58","9.60","9.20","2.47K","-0.42%"
"05/05/2020","9.44","9.50","9.60","9.40","0.33K","-0.63%"
"04/05/2020","9.50","9.78","9.78","9.48","7.92K","0.00%"
"30/04/2020","9.50","9.24","9.50","9.14","6.12K","2.81%"
"29/04/2020","9.24","9.46","9.52","9.10","14.33K","-2.33%"
"28/04/2020","9.46","9.70","9.80","9.32","3.84K","-4.83%"
"27/04/2020","9.94","9.58","9.96","9.04","38.05K","5.74%"
"24/04/2020","9.40","8.40","10.10","8.40","31.31K","11.90%"
"23/04/2020","8.40","8.16","8.50","8.00","9.56K","-0.71%"
"22/04/2020","8.46","8.20","8.46","8.00","1.32K","1.20%"
"21/04/2020","8.36","8.84","8.84","7.96","3.76K","-3.24%"
"20/04/2020","8.64","8.40","8.70","8.40","3.91K","3.35%"
"17/04/2020","8.36","8.06","8.40","8.06","8.22K","-0.24%"
"16/04/2020","8.38","7.92","8.38","7.92","4.78K","6.35%"
"15/04/2020","7.88","8.04","8.04","7.70","10.51K","-0.25%"
"14/04/2020","7.90","7.50","8.14","7.50","15.13K","5.61%"
"09/04/2020","7.48","7.48","7.58","7.30","4.23K","3.03%"
"08/04/2020","7.26","7.48","7.48","7.08","6.23K","-0.27%"
"07/04/2020","7.28","7.00","7.64","7.00","20.66K","4.30%"
"06/04/2020","6.98","7.00","7.20","6.90","11.62K","0.00%"
"03/04/2020","6.98","7.02","7.14","6.80","23.53K","-0.29%"
"02/04/2020","7.00","7.00","7.14","7.00","2.13K","0.00%"
"01/04/2020","7.00","7.20","7.20","7.00","2.09K","-4.76%"
"31/03/2020","7.35","7.20","7.35","7.05","3.89K","4.26%"
"30/03/2020","7.05","7.25","7.25","6.80","9.67K","-1.40%"
"27/03/2020","7.15","7.40","7.40","7.00","12.56K","-4.67%"
"26/03/2020","7.50","7.20","7.50","6.95","9.38K","10.29%"
"25/03/2020","6.80","7.45","7.45","6.80","1.08K","-5.56%"
"24/03/2020","7.20","7.50","7.50","6.95","4.35K","2.86%"
"23/03/2020","7.00","7.20","7.20","6.50","4.67K","0.00%"
"20/03/2020","7.00","7.95","8.00","7.00","34.23K","-7.28%"
"19/03/2020","7.55","8.15","8.35","7.50","13.68K","-5.62%"
"18/03/2020","8.00","8.30","8.40","8.00","1.29K","-4.19%"
"17/03/2020","8.35","8.00","8.40","7.80","12.39K","3.73%"
"16/03/2020","8.05","7.45","8.15","7.45","19.56K","-4.17%"
"13/03/2020","8.40","7.90","8.65","7.90","7.49K","0.00%"
"12/03/2020","8.40","8.10","8.45","7.50","2.48K","-7.69%"
"11/03/2020","9.10","9.30","9.45","9.00","4.24K","-6.19%"
"10/03/2020","9.70","9.40","9.70","9.40","1.54K","4.30%"
"09/03/2020","9.30","9.10","9.50","8.70","9.57K","-7.00%"
"06/03/2020","10.00","9.35","10.00","9.35","5.43K","2.04%"
"05/03/2020","9.80","9.80","9.80","9.80","0.78K","-2.00%"
"04/03/2020","10.00","9.60","10.00","9.60","4.77K","0.00%"
"03/03/2020","10.00","9.60","10.00","9.60","3.83K","2.04%"
"02/03/2020","9.80","9.90","10.00","9.00","26.65K","-1.01%"
"28/02/2020","9.90","9.70","9.90","9.25","15.06K","1.54%"
"27/02/2020","9.75","10.10","10.60","9.75","4.66K","-9.72%"
"26/02/2020","10.80","10.20","10.90","9.75","9.63K","1.89%"
"25/02/2020","10.60","10.60","11.00","10.40","4.59K","0.00%"
"24/02/2020","10.60","10.80","10.80","9.75","5.29K","-4.50%"
"21/02/2020","11.10","11.00","11.10","11.00","1.02K","0.00%"
"20/02/2020","11.10","11.30","11.30","10.90","7.14K","1.83%"
"19/02/2020","10.90","11.30","11.50","10.80","3.35K","-2.68%"
"18/02/2020","11.20","11.30","11.30","11.00","0.10K","0.90%"
"17/02/2020","11.10","11.50","11.50","11.10","1.32K","-3.48%"
"14/02/2020","11.50","11.40","11.50","11.20","3.97K","-1.71%"
"13/02/2020","11.70","11.20","11.70","11.20","0.21K","2.63%"
"12/02/2020","11.40","11.00","11.40","11.00","1.45K","0.88%"
"11/02/2020","11.30","11.30","11.30","10.80","17.28K","-0.88%"
"10/02/2020","11.40","11.70","11.90","11.30","10.46K","-3.39%"
"07/02/2020","11.80","11.60","12.00","11.60","6.38K","0.85%"
"06/02/2020","11.70","11.60","11.70","11.30","1.38K","-0.85%"
"05/02/2020","11.80","11.70","11.90","11.50","9.25K","1.72%"
"04/02/2020","11.60","11.70","11.80","11.50","3.85K","-1.69%"
"03/02/2020","11.80","11.70","11.80","11.60","2.58K","1.72%"
"31/01/2020","11.60","11.50","11.70","11.40","0.62K","-0.85%"
"30/01/2020","11.70","11.50","11.80","11.50","0.23K","-0.85%"
"29/01/2020","11.80","11.80","11.90","11.40","1.14K","0.00%"
"28/01/2020","11.80","11.50","11.80","11.50","4.21K","5.36%"
"27/01/2020","11.20","11.50","11.50","11.00","7.18K","-4.27%"
"24/01/2020","11.70","11.10","12.00","11.10","33.77K","5.41%"
"23/01/2020","11.10","11.20","11.20","11.10","7.17K","-0.89%"
"22/01/2020","11.20","11.20","11.20","10.80","1.53K","-0.88%"
"21/01/2020","11.30","11.20","11.30","11.20","0.74K","0.00%"
"20/01/2020","11.30","11.30","11.50","11.20","3.63K","0.89%"
"17/01/2020","11.20","10.40","11.20","10.40","37.43K","9.80%"
"16/01/2020","10.20","10.30","10.70","10.20","14.17K","-0.97%"
"15/01/2020","10.30","10.00","10.30","10.00","6.00K","3.00%"
"14/01/2020","10.00","9.75","10.00","9.75","4.45K","4.17%"
"13/01/2020","9.60","9.55","10.00","9.50","11.51K","1.05%"
"10/01/2020","9.50","9.60","9.65","9.50","8.90K","-2.06%"
"09/01/2020","9.70","9.50","9.70","9.40","8.73K","2.11%"
"08/01/2020","9.50","9.70","9.70","9.40","4.20K","-2.06%"
"07/01/2020","9.70","9.50","9.85","9.45","5.71K","2.11%"
"03/01/2020","9.50","9.75","9.75","9.20","5.45K","-3.55%"
"02/01/2020","9.85","9.50","9.85","9.50","4.69K","6.49%"
"30/12/2019","9.25","9.10","9.35","9.10","6.49K","1.65%"
"27/12/2019","9.10","9.10","9.10","9.10","0.00K","1.11%"
"23/12/2019","9.00","9.25","9.25","9.00","7.02K","-2.70%"
"20/12/2019","9.25","9.20","9.45","9.10","5.74K","0.00%"
"19/12/2019","9.25","9.25","9.50","9.15","25.99K","0.00%"
"18/12/2019","9.25","9.40","9.60","9.10","9.54K","-1.60%"
"17/12/2019","9.40","9.25","9.40","9.10","4.49K","1.62%"
"16/12/2019","9.25","9.10","9.25","9.10","0.28K","-0.54%"
"13/12/2019","9.30","9.10","9.30","9.05","90.15K","3.33%"
"12/12/2019","9.00","8.95","9.00","8.95","30.00K","0.00%"
"11/12/2019","9.00","9.00","9.00","9.00","0.19K","0.00%"
"10/12/2019","9.00","9.00","9.00","9.00","2.60K","-2.70%"
"09/12/2019","9.25","9.20","9.25","9.00","2.33K","2.78%"
"06/12/2019","9.00","9.10","9.15","9.00","20.47K","-3.23%"
"05/12/2019","9.30","9.30","9.30","9.30","0.24K","1.09%"
"04/12/2019","9.20","9.00","9.20","9.00","6.05K","2.22%"
"03/12/2019","9.00","8.90","9.10","8.85","3.38K","1.69%"
"02/12/2019","8.85","8.95","8.95","8.85","5.30K","-0.56%"
"29/11/2019","8.90","8.70","8.90","8.70","4.53K","1.14%"
"28/11/2019","8.80","8.70","8.80","8.60","0.90K","1.15%"
"27/11/2019","8.70","8.60","8.70","8.60","0.20K","-1.14%"
"26/11/2019","8.80","8.70","8.80","8.70","1.78K","1.15%"
"25/11/2019","8.70","8.90","8.90","8.55","3.57K","-1.14%"
"22/11/2019","8.80","8.70","8.90","8.35","66.55K","7.32%"
"21/11/2019","8.20","8.55","8.55","8.20","7.80K","-3.53%"
"20/11/2019","8.50","8.50","8.55","8.45","11.82K","1.19%"
"19/11/2019","8.40","8.25","8.55","8.25","6.83K","1.82%"
"18/11/2019","8.25","8.15","8.25","8.15","11.50K","1.23%"
"15/11/2019","8.15","8.15","8.20","8.05","1.39K","0.00%"
"14/11/2019","8.15","8.10","8.15","8.10","13.62K","1.87%"
"13/11/2019","8.00","7.85","8.00","7.80","41.83K","1.27%"
"12/11/2019","7.90","8.00","8.00","7.90","5.91K","-1.86%"
"08/11/2019","8.05","8.15","8.15","8.05","7.66K","-1.23%"
"07/11/2019","8.15","8.20","8.20","7.90","2.34K","-0.61%"
"06/11/2019","8.20","8.20","8.20","8.20","0.17K","0.00%"
"05/11/2019","8.20","8.25","8.30","8.20","2.73K","0.61%"
"04/11/2019","8.15","8.10","8.20","7.90","40.54K","1.87%"
"31/10/2019","8.00","8.20","8.25","8.00","1.39K","-2.44%"
"30/10/2019","8.20","8.10","8.20","8.10","100.30K","1.86%"
"29/10/2019","8.05","8.05","8.05","8.05","0.15K","-3.01%"
"28/10/2019","8.30","8.30","8.30","8.30","0.00K","1.22%"
"25/10/2019","8.20","8.25","8.25","8.05","1.39K","0.61%"
"24/10/2019","8.15","8.30","8.30","8.15","0.70K","0.62%"
"21/10/2019","8.10","8.15","8.15","8.10","0.32K","-1.82%"
"18/10/2019","8.25","8.25","8.25","8.25","0.43K","-0.60%"
"17/10/2019","8.30","8.10","8.30","8.10","0.44K","1.84%"
"16/10/2019","8.15","8.15","8.15","8.15","0.11K","0.62%"
"15/10/2019","8.10","8.30","8.30","8.10","0.10K","-1.22%"
"14/10/2019","8.20","8.20","8.20","8.10","1.94K","1.23%"
"11/10/2019","8.10","8.20","8.25","8.10","2.23K","1.25%"
"10/10/2019","8.00","8.25","8.25","8.00","1.92K","-2.44%"
"09/10/2019","8.20","8.20","8.20","8.20","0.36K","-0.61%"
"07/10/2019","8.25","8.35","8.35","7.90","1.41K","-1.20%"
"04/10/2019","8.35","7.95","8.35","7.85","2.05K","6.37%"
"03/10/2019","7.85","7.85","7.85","7.85","0.08K","0.00%"
"02/10/2019","7.85","7.80","7.85","7.80","0.52K","1.95%"
"01/10/2019","7.70","7.70","7.80","7.70","1.28K","2.67%"
"30/09/2019","7.50","7.85","7.85","7.45","7.90K","0.00%"
"27/09/2019","7.50","7.85","7.85","7.50","4.28K","-3.23%"
"26/09/2019","7.75","7.60","7.75","7.60","76.10K","2.65%"
"25/09/2019","7.55","7.55","7.55","7.40","0.61K","0.00%"
"23/09/2019","7.55","7.50","7.60","7.40","18.53K","0.00%"
"20/09/2019","7.55","7.60","7.60","7.35","18.10K","2.03%"
"19/09/2019","7.40","7.55","7.55","7.35","6.97K","-1.33%"
"18/09/2019","7.50","7.55","7.55","7.50","3.00K","-0.66%"
"17/09/2019","7.55","7.65","7.65","7.50","9.70K","-1.31%"
"16/09/2019","7.65","7.65","7.70","7.60","7.92K","-0.65%"
"13/09/2019","7.70","7.85","7.85","7.55","9.62K","0.00%"
"12/09/2019","7.70","7.75","7.90","7.65","4.38K","-2.53%"
"11/09/2019","7.90","7.75","8.10","7.75","24.28K","1.94%"
"10/09/2019","7.75","8.00","8.00","7.70","45.68K","-2.52%"
"09/09/2019","7.95","8.40","8.40","7.95","19.47K","-5.36%"
"06/09/2019","8.40","7.75","8.40","7.70","4.58K","5.00%"
"05/09/2019","8.00","8.05","8.10","8.00","13.22K","0.00%"
"04/09/2019","8.00","8.00","8.00","8.00","3.53K","0.00%"
"03/09/2019","8.00","8.10","8.10","7.80","9.23K","-1.23%"
"02/09/2019","8.10","8.30","8.30","8.10","4.10K","-1.22%"
"30/08/2019","8.20","8.35","8.40","7.85","2.43K","1.23%"
"29/08/2019","8.10","8.35","8.35","8.10","5.96K","-1.82%"
"28/08/2019","8.25","7.75","8.25","7.70","6.33K","3.77%"
"27/08/2019","7.95","8.25","8.25","7.90","10.70K","-3.64%"
"26/08/2019","8.25","8.25","8.25","8.25","3.57K","-2.94%"
"23/08/2019","8.50","8.45","8.50","8.20","9.02K","0.00%"
"22/08/2019","8.50","8.85","8.85","8.40","20.08K","-3.95%"
"21/08/2019","8.85","9.40","9.40","8.85","54.50K","-4.84%"
"20/08/2019","9.30","9.70","9.70","9.30","5.94K","-2.62%"
"19/08/2019","9.55","9.75","9.85","9.55","2.99K","-0.52%"
"14/08/2019","9.60","9.55","9.65","9.55","0.31K","0.52%"
"12/08/2019","9.55","9.60","9.60","9.55","0.21K","-3.05%"
"09/08/2019","9.85","9.85","9.85","9.85","0.00K","0.00%"
"08/08/2019","9.85","9.85","9.85","9.85","0.15K","3.14%"
"07/08/2019","9.55","9.55","9.55","9.55","31.00K","-1.04%"
"06/08/2019","9.65","9.65","9.65","9.65","0.15K","-2.53%"
"05/08/2019","9.90","9.85","10.00","9.85","6.55K","0.00%"
"01/08/2019","9.90","9.90","9.90","9.90","0.01K","0.51%"
"31/07/2019","9.85","9.75","9.85","9.70","1.57K","1.55%"
"30/07/2019","9.70","9.60","9.70","9.50","3.61K","0.00%"
"29/07/2019","9.70","9.65","9.70","9.65","1.75K","-1.52%"
"26/07/2019","9.85","9.60","9.85","9.60","1.15K","4.79%"
"24/07/2019","9.40","9.50","9.50","9.40","0.20K","-2.08%"
"22/07/2019","9.60","9.70","9.70","9.45","1.21K","-1.54%"
"18/07/2019","9.75","9.50","9.75","9.50","1.61K","2.63%"
"17/07/2019","9.50","9.60","9.60","9.20","11.51K","-4.04%"
"16/07/2019","9.90","9.85","9.90","9.85","0.73K","4.76%"
"15/07/2019","9.45","10.00","10.00","9.40","7.30K","-5.50%"
"12/07/2019","10.00","10.20","10.20","10.00","1.01K","-1.96%"
"11/07/2019","10.20","10.20","10.20","10.20","0.74K","0.00%"
"10/07/2019","10.20","10.40","10.40","10.20","0.37K","-0.97%"
"09/07/2019","10.30","10.30","10.30","10.30","1.00K","-0.96%"
"08/07/2019","10.40","10.30","10.50","10.30","1.43K","0.97%"
"05/07/2019","10.30","10.20","10.30","10.10","2.33K","0.00%"
"04/07/2019","10.30","10.10","10.30","10.10","0.52K","1.98%"
"03/07/2019","10.10","10.00","10.10","9.95","1.18K","0.00%"
"02/07/2019","10.10","9.95","10.30","9.95","2.68K","2.54%"
"01/07/2019","9.85","9.70","10.00","9.70","3.50K","-1.01%"
"28/06/2019","9.95","9.35","9.95","9.35","9.30K","4.74%"
"27/06/2019","9.50","9.60","9.60","9.40","2.12K","-1.04%"
"26/06/2019","9.60","9.80","9.80","9.55","1.71K","-3.52%"
"25/06/2019","9.95","9.85","9.95","9.85","0.44K","-0.50%"
"24/06/2019","10.00","10.00","10.00","10.00","0.40K","0.00%"
"21/06/2019","10.00","10.00","10.00","10.00","0.25K","-1.96%"
"19/06/2019","10.20","10.00","10.20","10.00","1.00K","2.00%"
"18/06/2019","10.00","10.00","10.00","10.00","0.27K","-0.99%"
"17/06/2019","10.10","10.10","10.10","10.10","1.44K","0.00%"
"14/06/2019","10.10","10.10","10.10","10.10","1.03K","0.00%"
"13/06/2019","10.10","9.95","10.10","9.95","5.39K","2.02%"
"12/06/2019","9.90","9.70","9.90","9.65","1.64K","-0.50%"
"11/06/2019","9.95","10.00","10.00","9.80","0.81K","-1.49%"
"10/06/2019","10.10","10.10","10.10","10.10","0.50K","-1.94%"
"07/06/2019","10.30","10.10","10.30","10.10","0.30K","0.98%"
"06/06/2019","10.20","9.95","10.20","9.95","2.44K","4.08%"
"05/06/2019","9.80","9.40","9.80","9.40","4.60K","5.38%"
"03/06/2019","9.30","9.40","9.40","9.30","1.78K","0.00%"
"31/05/2019","9.30","9.40","9.40","9.30","3.66K","0.00%"
"30/05/2019","9.30","9.40","9.40","9.30","7.15K","-1.06%"
"29/05/2019","9.40","9.25","9.40","9.20","2.42K","0.53%"
"28/05/2019","9.35","9.25","9.35","9.25","1.05K","0.54%"
"27/05/2019","9.30","9.70","9.70","9.30","0.82K","0.00%"
"24/05/2019","9.30","9.30","9.40","9.25","22.97K","0.00%"
"23/05/2019","9.30","9.30","9.30","9.30","4.70K","0.00%"
"22/05/2019","9.30","9.30","9.30","9.25","22.40K","0.00%"
"21/05/2019","9.30","9.40","9.40","9.30","6.94K","-2.11%"
"20/05/2019","9.50","9.40","9.55","9.40","4.95K","1.60%"
"17/05/2019","9.35","9.35","9.35","9.30","3.49K","1.08%"
"16/05/2019","9.25","9.40","9.40","9.25","3.19K","-2.12%"
"15/05/2019","9.45","9.60","9.60","9.30","4.72K","-2.07%"
"14/05/2019","9.65","9.75","9.75","9.65","3.03K","-0.52%"
"13/05/2019","9.70","9.70","9.70","9.70","9.80K","-2.51%"
"10/05/2019","9.95","9.95","9.95","9.70","3.09K","0.51%"
"09/05/2019","9.90","9.85","9.95","9.85","3.39K","0.00%"
"08/05/2019","9.90","9.90","9.90","9.70","3.86K","0.00%"
"07/05/2019","9.90","9.90","9.90","9.90","2.25K","-0.50%"
"06/05/2019","9.95","10.00","10.20","9.95","3.09K","-0.50%"
"02/05/2019","10.00","10.00","10.30","10.00","1.10K","0.00%"
"30/04/2019","10.00","10.00","10.00","9.95","1.33K","0.00%"
"29/04/2019","10.00","10.30","10.40","10.00","15.22K","0.00%"
"26/04/2019","10.00","10.00","10.00","9.95","16.29K","0.00%"
"25/04/2019","10.00","10.00","10.00","9.90","6.25K","0.50%"
"24/04/2019","9.95","10.10","10.20","9.90","25.28K","-2.45%"
"23/04/2019","10.20","10.30","10.40","10.10","2.94K","2.00%"
"18/04/2019","10.00","11.20","11.40","10.00","50.67K","-10.71%"
"17/04/2019","11.20","11.30","11.30","11.00","1.25K","-0.88%"
"16/04/2019","11.30","11.20","11.30","10.90","3.60K","0.89%"
"15/04/2019","11.20","11.10","11.20","11.10","0.61K","-0.88%"
"12/04/2019","11.30","11.40","11.40","11.20","1.64K","-0.88%"
"11/04/2019","11.40","11.80","11.80","11.40","15.07K","0.00%"
"10/04/2019","11.40","11.40","11.40","11.40","3.08K","-1.72%"
"09/04/2019","11.60","11.60","11.60","11.60","0.45K","0.00%"
"08/04/2019","11.60","11.60","11.90","11.50","7.70K","0.87%"
"05/04/2019","11.50","11.50","11.50","11.50","25.20K","0.00%"
"04/04/2019","11.50","11.50","11.50","11.50","0.30K","0.00%"
"03/04/2019","11.50","11.70","11.70","11.00","1.93K","-0.86%"
"02/04/2019","11.60","11.70","11.70","11.00","341.70K","-0.85%"
"01/04/2019","11.70","11.80","11.80","11.70","0.16K","-0.85%"
"29/03/2019","11.80","11.20","11.80","11.20","221.22K","2.61%"
"28/03/2019","11.50","10.90","11.50","10.90","2.74K","4.55%"
"27/03/2019","11.00","11.30","11.30","11.00","3.83K","0.00%"
"26/03/2019","11.00","11.30","11.40","11.00","5.97K","-2.65%"
"25/03/2019","11.30","11.40","11.50","11.30","51.99K","-0.88%"
"22/03/2019","11.40","11.70","11.70","11.40","2.13K","-2.56%"
"21/03/2019","11.70","11.70","11.70","11.50","22.63K","0.00%"
"19/03/2019","11.70","11.80","12.00","11.70","53.62K","-2.50%"
"18/03/2019","12.00","12.00","12.00","12.00","0.05K","0.00%"
"15/03/2019","12.00","12.00","12.00","12.00","0.10K","0.00%"
"13/03/2019","12.00","12.00","12.00","12.00","0.13K","0.00%"
"12/03/2019","12.00","12.00","12.20","11.90","16.30K","-0.83%"
"11/03/2019","12.10","12.20","12.20","11.80","3.81K","0.00%"
"08/03/2019","12.10","12.10","12.10","11.80","22.44K","-0.82%"
"07/03/2019","12.20","12.30","12.30","12.20","12.47K","-0.81%"
"06/03/2019","12.30","12.30","12.30","12.30","2.12K","-0.81%"
"05/03/2019","12.40","12.30","12.60","12.30","29.80K","-1.59%"
"04/03/2019","12.60","12.50","12.60","12.50","2.37K","0.80%"
"01/03/2019","12.50","12.30","12.50","12.30","3.66K","1.63%"
"28/02/2019","12.30","12.10","12.30","11.90","29.73K","0.82%"
"27/02/2019","12.20","11.80","12.20","11.80","6.33K","3.39%"
"26/02/2019","11.80","11.70","11.80","11.70","1.24K","3.51%"
"25/02/2019","11.40","11.50","11.50","11.40","1.35K","-0.87%"
"22/02/2019","11.50","11.70","11.70","11.50","4.02K","-1.71%"
"21/02/2019","11.70","11.70","11.70","11.70","0.48K","-0.85%"
"20/02/2019","11.80","11.60","11.80","11.60","1.53K","0.00%"
"19/02/2019","11.80","11.60","11.80","11.60","1.89K","2.61%"
"18/02/2019","11.50","11.50","11.50","11.50","1.28K","1.77%"
"15/02/2019","11.30","11.60","11.70","11.30","1.29K","-2.59%"
"14/02/2019","11.60","11.60","11.60","11.60","0.43K","0.00%"
"13/02/2019","11.60","11.60","11.60","11.30","1.24K","0.00%"
"12/02/2019","11.60","11.60","11.60","11.60","0.00K","1.75%"
"11/02/2019","11.40","11.70","11.70","10.70","7.77K","-2.56%"
"08/02/2019","11.70","11.40","11.70","11.40","0.10K","1.74%"
"07/02/2019","11.50","11.70","11.70","11.50","2.83K","-1.71%"
"06/02/2019","11.70","11.50","11.70","11.50","1.15K","-1.68%"
"05/02/2019","11.90","11.80","11.90","11.50","6.94K","0.85%"
"04/02/2019","11.80","11.80","11.80","11.50","0.26K","-0.84%"
"01/02/2019","11.90","11.80","12.00","11.60","4.61K","0.85%"
"31/01/2019","11.80","11.80","11.80","11.40","0.13K","1.72%"
"30/01/2019","11.60","11.70","11.70","11.40","2.05K","-1.69%"
"29/01/2019","11.80","11.70","11.80","11.50","1.31K","0.00%"
"28/01/2019","11.80","11.70","11.80","11.30","1.94K","0.85%"
"25/01/2019","11.70","11.30","11.70","11.20","1.95K","1.74%"
"24/01/2019","11.50","11.60","11.60","11.40","0.27K","2.68%"
"23/01/2019","11.20","11.50","11.70","11.00","13.39K","-2.61%"
"22/01/2019","11.50","11.60","11.70","11.20","8.43K","0.00%"
"21/01/2019","11.50","12.20","12.20","11.50","12.28K","-5.74%"
"18/01/2019","12.20","12.60","12.60","12.20","3.27K","-3.17%"
"17/01/2019","12.60","12.50","12.60","12.40","5.63K","0.80%"
"16/01/2019","12.50","12.40","12.50","12.40","1.82K","0.00%"
"15/01/2019","12.50","12.50","12.60","12.20","5.69K","1.63%"
"14/01/2019","12.30","12.50","12.50","12.30","0.95K","-1.60%"
"11/01/2019","12.50","12.40","12.60","12.20","13.38K","2.46%"
"10/01/2019","12.20","12.80","12.80","12.20","1.16K","0.00%"
"09/01/2019","12.20","12.30","12.60","12.00","3.28K","-1.61%"
"08/01/2019","12.40","12.70","12.70","12.20","11.68K","-5.34%"
"07/01/2019","13.10","12.80","13.20","12.80","2.19K","2.34%"
"04/01/2019","12.80","12.80","12.90","12.80","1.55K","0.00%"
"03/01/2019","12.80","13.10","13.10","12.50","3.15K","-2.29%"
"02/01/2019","13.10","13.10","13.30","12.70","0.52K","1.55%"
"28/12/2018","12.90","12.80","12.90","12.50","8.78K","1.57%"
"27/12/2018","12.70","12.40","12.70","12.40","2.09K","3.25%"
"21/12/2018","12.30","12.60","12.60","12.30","2.49K","-0.81%"
"20/12/2018","12.40","12.80","12.90","12.40","8.90K","-5.34%"
"18/12/2018","13.10","12.90","13.10","12.80","5.85K","1.55%"
"17/12/2018","12.90","13.20","13.20","12.90","1.50K","-2.27%"
"14/12/2018","13.20","12.90","13.30","12.90","1.58K","2.33%"
"13/12/2018","12.90","13.30","13.50","12.90","21.23K","-1.53%"
"12/12/2018","13.10","12.50","13.10","12.50","29.27K","3.15%"
"11/12/2018","12.70","12.80","12.80","12.50","3.47K","-0.78%"
"10/12/2018","12.80","12.90","12.90","12.80","0.30K","-0.78%"
"07/12/2018","12.90","12.90","12.90","12.50","3.05K","-0.77%"
"06/12/2018","13.00","13.00","13.10","12.70","2.33K","-1.52%"
"05/12/2018","13.20","13.30","13.30","13.00","1.56K","-1.49%"
"04/12/2018","13.40","13.60","13.60","13.00","15.91K","0.00%"
"03/12/2018","13.40","12.90","13.40","12.80","32.21K","4.69%"
"30/11/2018","12.80","12.70","12.90","12.50","6.66K","1.59%"
"29/11/2018","12.60","12.90","13.30","12.60","27.83K","-0.79%"
"28/11/2018","12.70","12.70","13.00","12.60","40.90K","2.42%"
"27/11/2018","12.40","11.70","12.60","11.50","73.79K","6.90%"
"26/11/2018","11.60","11.50","11.90","11.50","122.12K","1.75%"
"23/11/2018","11.40","11.40","11.40","11.40","1.00K","0.88%"
"22/11/2018","11.30","10.90","11.30","10.90","2.63K","2.73%"
"21/11/2018","11.00","11.20","11.20","11.00","2.10K","-2.65%"
"20/11/2018","11.30","11.30","11.30","11.30","1.16K","0.89%"
"16/11/2018","11.20","11.00","11.20","11.00","5.05K","0.00%"
"14/11/2018","11.20","11.20","11.20","11.20","1.12K","-2.61%"
"13/11/2018","11.50","11.50","11.50","11.50","6.23K","0.00%"
"08/11/2018","11.50","11.50","11.50","11.50","5.30K","0.00%"
"07/11/2018","11.50","11.50","11.50","11.50","1.60K","0.00%"
"05/11/2018","11.50","11.90","11.90","11.50","2.16K","-3.36%"
"02/11/2018","11.90","11.80","11.90","11.50","7.92K","3.48%"
"31/10/2018","11.50","11.20","11.50","11.00","23.34K","0.00%"
"30/10/2018","11.50","11.50","11.50","11.50","20.20K","-2.54%"
"29/10/2018","11.80","11.70","11.80","11.70","0.21K","0.00%"
"26/10/2018","11.80","11.70","11.80","11.10","1.37K","0.00%"
"25/10/2018","11.80","11.50","11.80","11.30","25.94K","-1.67%"
"24/10/2018","12.00","12.00","12.00","12.00","0.21K","0.00%"
"23/10/2018","12.00","11.90","12.00","11.70","24.07K","0.00%"
"22/10/2018","12.00","12.40","12.40","11.90","13.98K","0.00%"
"19/10/2018","12.00","11.90","12.40","11.90","42.00K","-1.64%"
"18/10/2018","12.20","12.00","12.20","12.00","0.20K","1.67%"
"17/10/2018","12.00","12.30","12.30","12.00","3.36K","-0.83%"
"16/10/2018","12.10","11.80","12.10","11.80","2.81K","4.31%"
"15/10/2018","11.60","11.60","11.60","11.20","17.44K","1.75%"
"12/10/2018","11.40","11.40","11.60","11.20","17.42K","0.88%"
"11/10/2018","11.30","10.90","11.30","10.90","32.35K","0.89%"
"10/10/2018","11.20","11.10","11.20","10.90","22.70K","1.82%"
"09/10/2018","11.00","11.00","11.00","11.00","0.07K","0.00%"
"08/10/2018","11.00","11.00","11.00","11.00","1.37K","0.00%"
"05/10/2018","11.00","10.60","11.00","10.60","2.67K","1.85%"
"04/10/2018","10.80","10.30","11.00","10.30","120.01K","4.85%"
"03/10/2018","10.30","9.80","10.30","9.80","27.28K","5.10%"
"02/10/2018","9.80","9.80","9.80","9.80","5.50K","-2.00%"
"01/10/2018","10.00","10.20","10.20","9.80","2.28K","1.01%"
"28/09/2018","9.90","9.95","9.95","9.90","0.75K","-1.00%"
"27/09/2018","10.00","10.00","10.00","10.00","2.00K","-1.96%"
"25/09/2018","10.20","10.20","10.20","10.20","0.20K","3.03%"
"21/09/2018","9.90","10.00","10.00","9.90","9.86K","1.02%"
"20/09/2018","9.80","9.80","9.80","9.80","64.37K","-2.00%"
"18/09/2018","10.00","9.80","10.00","9.80","0.01K","2.04%"
"17/09/2018","9.80","10.30","10.30","9.65","6.00K","0.00%"
"14/09/2018","9.80","9.80","9.80","9.80","3.00K","2.08%"
"13/09/2018","9.60","9.75","9.75","9.60","31.27K","-1.54%"
"12/09/2018","9.75","9.80","9.80","9.75","1.85K","-0.51%"
"11/09/2018","9.80","9.80","10.00","9.80","12.73K","0.00%"
"10/09/2018","9.80","9.85","10.10","9.80","56.13K","3.16%"
"07/09/2018","9.50","9.50","9.50","9.50","20.00K","0.00%"
"06/09/2018","9.50","9.50","9.50","9.50","5.00K","0.00%"
"05/09/2018","9.50","9.60","9.60","9.50","11.56K","-1.04%"
"04/09/2018","9.60","9.60","9.60","9.60","1.20K","0.52%"
"03/09/2018","9.55","9.55","9.55","9.55","0.23K","-0.52%"
"31/08/2018","9.60","10.10","10.10","9.60","24.97K","-5.88%"
"29/08/2018","10.20","10.10","10.20","10.10","0.00K","4.08%"
"28/08/2018","9.80","10.10","10.10","9.80","19.75K","-4.85%"
"27/08/2018","10.30","10.30","10.30","10.30","0.03K","0.00%"
"24/08/2018","10.30","10.30","10.30","10.30","0.01K","0.98%"
"22/08/2018","10.20","10.30","10.30","9.90","23.75K","-0.97%"
"21/08/2018","10.30","10.30","10.30","10.30","0.20K","-2.83%"
"20/08/2018","10.60","10.60","10.60","10.60","0.01K","3.92%"
"17/08/2018","10.20","10.20","10.20","10.20","21.50K","0.00%"
"16/08/2018","10.20","10.20","10.20","10.20","0.02K","-3.77%"
"13/08/2018","10.60","10.60","10.60","10.60","0.00K","3.92%"
"10/08/2018","10.20","10.20","10.20","10.10","16.16K","-0.97%"
"09/08/2018","10.30","10.30","10.30","10.30","1.00K","0.00%"
"08/08/2018","10.30","10.30","10.30","10.30","2.21K","0.00%"
"07/08/2018","10.30","10.40","10.40","10.30","0.66K","-2.83%"
"02/08/2018","10.60","10.60","10.60","10.60","0.01K","0.00%"
"01/08/2018","10.60","10.30","10.60","10.30","0.38K","0.00%"
"31/07/2018","10.60","10.60","10.60","10.60","0.14K","0.00%"
"30/07/2018","10.60","10.30","10.60","10.30","0.20K","0.00%"
"27/07/2018","10.60","10.40","10.60","10.40","0.56K","0.00%"
"24/07/2018","10.60","10.60","10.60","10.60","0.02K","-2.75%"
"19/07/2018","10.90","10.90","10.90","10.90","1.63K","2.83%"
"18/07/2018","10.60","10.30","10.60","10.20","20.66K","1.92%"
"17/07/2018","10.40","10.30","10.40","10.30","502.01K","0.97%"
"16/07/2018","10.30","10.30","10.30","10.30","0.05K","-0.96%"
"13/07/2018","10.40","10.40","10.40","10.40","0.20K","-0.95%"
"11/07/2018","10.50","10.50","10.50","10.50","4.11K","0.00%"
"10/07/2018","10.50","10.50","10.50","10.50","0.52K","0.00%"
"06/07/2018","10.50","10.20","10.50","10.20","1.11K","-0.94%"
"29/06/2018","10.60","9.65","10.60","9.65","23.73K","0.00%"
"28/06/2018","10.60","10.60","10.60","10.30","0.13K","0.00%"
"27/06/2018","10.60","10.80","10.80","10.60","1.48K","-0.93%"
"26/06/2018","10.70","10.80","10.90","10.70","0.70K","-2.73%"
"22/06/2018","11.00","11.40","11.40","11.00","2.78K","-2.65%"
"21/06/2018","11.30","11.40","11.40","11.30","1.25K","0.00%"
"20/06/2018","11.30","11.30","11.30","11.30","0.00K","2.73%"
"19/06/2018","11.00","11.00","11.00","11.00","17.00K","-1.79%"
"15/06/2018","11.20","11.20","11.20","11.20","2.23K","0.00%"
"14/06/2018","11.20","11.20","11.20","11.20","0.47K","0.00%"
"13/06/2018","11.20","11.20","11.20","11.20","0.40K","0.00%"
"12/06/2018","11.20","11.20","11.20","11.20","0.53K","0.00%"
"11/06/2018","11.20","11.00","11.20","10.70","0.16K","0.00%"
"07/06/2018","11.20","11.20","11.20","10.70","0.31K","0.00%"
"06/06/2018","11.20","11.20","11.20","11.20","1.50K","1.82%"
"04/06/2018","11.00","11.00","11.20","11.00","26.54K","0.00%"
"01/06/2018","11.00","11.00","11.00","11.00","64.00K","-1.79%"
"30/05/2018","11.20","11.00","11.20","11.00","34.09K","4.67%"
"29/05/2018","10.70","11.20","11.20","10.70","23.89K","-4.46%"
"28/05/2018","11.20","10.90","11.20","10.90","91.75K","8.74%"
"25/05/2018","10.30","10.30","10.30","10.30","0.31K","0.00%"
"24/05/2018","10.30","10.60","10.70","10.20","5.00K","-6.36%"
"22/05/2018","11.00","10.70","11.00","10.70","20.55K","-1.79%"
"21/05/2018","11.20","11.20","11.20","10.90","0.77K","0.90%"
"18/05/2018","11.10","11.40","11.40","11.10","0.32K","0.91%"
"17/05/2018","11.00","10.80","11.10","10.80","15.04K","1.85%"
"11/05/2018","10.80","10.80","10.80","10.80","7.12K","0.00%"
"10/05/2018","10.80","10.00","10.90","10.00","7.70K","0.93%"
"08/05/2018","10.70","10.20","10.70","10.20","1.22K","0.00%"
"07/05/2018","10.70","10.70","10.70","10.70","0.05K","-0.93%"
"04/05/2018","10.80","10.80","10.80","10.80","0.00K","3.85%"
"02/05/2018","10.40","10.20","10.40","10.10","0.32K","-3.70%"
"30/04/2018","10.80","10.50","10.80","10.50","12.42K","3.85%"
"27/04/2018","10.40","10.00","10.40","9.90","2.56K","-0.95%"
"26/04/2018","10.50","10.40","10.60","10.00","1.80K","-0.94%"
"23/04/2018","10.60","10.30","10.60","10.30","12.43K","0.95%"
"20/04/2018","10.50","10.60","10.60","10.00","1.88K","-0.94%"
"19/04/2018","10.60","10.60","10.60","10.60","0.15K","1.92%"
"18/04/2018","10.40","10.40","10.40","10.40","0.15K","1.96%"
"17/04/2018","10.20","10.20","10.30","10.20","28.46K","-5.56%"
"16/04/2018","10.80","10.80","10.80","10.80","0.01K","-0.92%"
"09/04/2018","10.90","10.80","10.90","10.80","0.34K","0.93%"
"06/04/2018","10.80","10.80","10.80","10.30","12.30K","0.00%"
"04/04/2018","10.80","10.80","10.80","10.70","14.30K","0.93%"
"03/04/2018","10.70","10.80","10.80","10.70","11.08K","-0.93%"
"29/03/2018","10.80","10.80","10.80","10.80","1.15K","0.00%"
"28/03/2018","10.80","10.40","10.80","10.40","16.22K","5.88%"
"27/03/2018","10.20","10.20","10.20","10.20","1.49K","0.00%"
"26/03/2018","10.20","11.50","11.50","10.20","8.69K","-5.56%"
"23/03/2018","10.80","10.60","10.80","10.60","6.53K","-6.90%"
"22/03/2018","11.60","11.00","11.60","10.40","4.20K","1.75%"
"21/03/2018","11.40","11.20","11.40","11.00","0.23K","-2.56%"
"20/03/2018","11.70","10.70","11.70","10.70","2.60K","9.35%"
"19/03/2018","10.70","10.70","10.70","10.70","3.27K","0.00%"
"15/03/2018","10.70","10.70","10.80","10.70","3.25K","0.00%"
"14/03/2018","10.70","10.50","10.70","10.50","3.58K","1.90%"
"12/03/2018","10.50","10.20","10.50","10.20","0.50K","0.00%"
"09/03/2018","10.50","10.50","10.50","10.50","0.11K","0.00%"
"08/03/2018","10.50","9.80","10.50","9.80","6.54K","2.94%"
"06/03/2018","10.20","9.70","10.20","9.70","0.16K","3.03%"
"05/03/2018","9.90","10.40","10.40","9.90","1.78K","-2.94%"
"02/03/2018","10.20","10.10","10.20","10.10","0.09K","-2.86%"
"26/02/2018","10.50","10.20","10.50","10.20","2.69K","2.94%"
"23/02/2018","10.20","10.20","10.20","10.20","1.72K","0.00%"
"22/02/2018","10.20","10.20","10.20","10.20","1.00K","0.00%"
"21/02/2018","10.20","10.20","10.20","10.20","1.78K","0.00%"
"16/02/2018","10.20","10.20","10.20","10.20","6.16K","0.00%"
"15/02/2018","10.20","10.20","10.20","10.20","0.13K","0.99%"
"14/02/2018","10.10","10.10","10.10","10.10","0.13K","1.00%"
"13/02/2018","10.00","10.10","10.10","9.80","20.22K","-0.99%"
"12/02/2018","10.10","10.00","10.10","10.00","0.00K","3.06%"
"09/02/2018","9.80","9.80","9.80","9.80","0.25K","-1.01%"
"08/02/2018","9.90","9.90","9.90","9.65","39.10K","0.00%"
"07/02/2018","9.90","9.90","9.90","9.90","1.50K","0.00%"
"06/02/2018","9.90","9.85","9.90","9.80","2.39K","-1.98%"
"02/02/2018","10.10","10.10","10.20","10.00","40.23K","0.00%"
"01/02/2018","10.10","10.10","10.10","10.10","0.09K","-0.98%"
"31/01/2018","10.20","10.20","10.20","10.20","0.04K","0.00%"
"30/01/2018","10.20","10.10","10.20","9.85","0.89K","0.99%"
"29/01/2018","10.10","10.10","10.30","10.10","62.18K","3.06%"
"25/01/2018","9.80","10.00","10.00","9.80","58.27K","-2.00%"
"23/01/2018","10.00","10.00","10.00","10.00","24.61K","-2.91%"
"22/01/2018","10.30","10.30","10.30","10.20","1.75K","0.00%"
"19/01/2018","10.30","10.20","10.30","10.20","16.10K","0.00%"
"18/01/2018","10.30","10.30","10.30","10.20","100.01K","0.00%"
"17/01/2018","10.30","10.30","10.30","10.30","8.08K","1.98%"
"16/01/2018","10.10","10.00","10.10","10.00","17.15K","1.00%"
"15/01/2018","10.00","10.30","10.30","10.00","21.29K","-2.91%"
"12/01/2018","10.30","10.30","10.30","10.30","20.87K","0.00%"
"10/01/2018","10.30","10.10","10.30","10.10","10.45K","0.00%"
"09/01/2018","10.30","10.20","10.30","10.00","199.46K","0.98%"
"08/01/2018","10.20","10.20","10.20","10.20","14.82K","0.00%"
"05/01/2018","10.20","10.20","10.20","10.20","0.15K","0.00%"
"04/01/2018","10.20","10.20","10.20","10.20","199.10K","0.99%"
"03/01/2018","10.10","10.00","10.20","10.00","37.76K","1.00%"
"29/12/2017","10.00","9.80","10.00","9.70","1.24K","3.09%"
"28/12/2017","9.70","9.77","9.77","9.70","0.37K","1.57%"
"27/12/2017","9.55","9.55","9.55","9.55","0.35K","-1.65%"
"22/12/2017","9.71","9.71","9.71","9.71","0.10K","-0.61%"
"21/12/2017","9.77","9.40","9.77","9.40","0.96K","0.72%"
"20/12/2017","9.70","9.54","9.70","9.40","1.66K","0.52%"
"19/12/2017","9.65","9.65","9.65","9.65","0.82K","0.00%"
"18/12/2017","9.65","9.65","9.65","9.65","0.06K","-3.50%"
"14/12/2017","10.00","9.98","10.00","9.98","0.50K","0.00%"
"12/12/2017","10.00","9.55","10.00","9.55","0.22K","1.01%"
"08/12/2017","9.90","9.92","9.92","9.90","2.00K","-3.88%"
"07/12/2017","10.30","9.92","10.40","9.80","38.74K","3.00%"
"05/12/2017","10.00","10.00","10.00","10.00","0.10K","-2.82%"
"04/12/2017","10.29","9.91","10.29","9.91","1.70K","4.68%"
"30/11/2017","9.83","10.00","10.00","9.83","0.24K","-1.70%"
"29/11/2017","10.00","10.49","10.49","10.00","30.21K","2.99%"
"28/11/2017","9.71","10.06","10.49","9.65","123.43K","-6.63%"
"27/11/2017","10.40","10.75","10.75","10.39","111.45K","-3.35%"
"24/11/2017","10.76","10.35","10.76","10.35","48.90K","2.48%"
"23/11/2017","10.50","9.97","10.79","9.97","10.00K","6.06%"
"21/11/2017","9.90","9.90","9.90","9.62","20.11K","3.12%"
"20/11/2017","9.60","9.34","9.86","9.00","13.86K","3.34%"
"16/11/2017","9.29","9.29","9.29","9.29","0.10K","-0.11%"
"13/11/2017","9.30","9.27","9.30","9.27","0.06K","0.00%"
"08/11/2017","9.30","9.30","9.30","9.30","0.10K","0.11%"
"07/11/2017","9.29","9.10","9.29","9.00","0.81K","2.09%"
"06/11/2017","9.10","9.10","9.10","9.10","0.03K","1.11%"
"30/10/2017","9.00","8.50","9.00","8.50","1.07K","0.00%"
"27/10/2017","9.00","8.80","9.00","8.60","60.92K","1.12%"
"26/10/2017","8.90","8.81","8.95","8.80","1.77K","-1.11%"
"24/10/2017","9.00","9.00","9.00","9.00","1.50K","0.00%"
"23/10/2017","9.00","9.05","9.05","9.00","0.40K","0.00%"
"18/10/2017","9.00","8.81","9.00","8.81","1.53K","0.22%"
"16/10/2017","8.98","8.98","8.98","8.98","4.40K","-0.22%"
"11/10/2017","9.00","9.10","9.10","9.00","0.23K","-1.10%"
"09/10/2017","9.10","8.95","9.10","8.95","1.46K","1.11%"
"04/10/2017","9.00","9.00","9.00","9.00","0.00K","2.16%"
"03/10/2017","8.81","8.81","8.81","8.81","0.69K","-6.08%"
"02/10/2017","9.38","8.81","9.38","8.81","0.13K","0.54%"
"26/09/2017","9.33","9.35","9.35","9.33","0.00K","-0.21%"
"22/09/2017","9.35","9.35","9.35","8.81","0.30K","0.00%"
"20/09/2017","9.35","9.34","9.35","9.34","0.34K","-0.32%"
"18/09/2017","9.38","9.38","9.38","9.38","0.16K","3.08%"
"15/09/2017","9.10","9.11","9.11","9.10","0.89K","-2.99%"
"14/09/2017","9.38","9.35","9.38","9.35","0.27K","0.00%"
"08/09/2017","9.38","9.38","9.38","9.38","0.00K","-0.74%"
"31/08/2017","9.45","9.40","9.45","9.40","0.06K","0.53%"
"28/08/2017","9.40","9.20","9.40","9.20","0.11K","0.53%"
"23/08/2017","9.35","9.35","9.35","9.35","0.16K","0.00%"
"21/08/2017","9.35","9.35","9.35","8.70","0.01K","4.00%"
"18/08/2017","8.99","9.45","9.45","8.55","3.62K","0.45%"
"17/08/2017","8.95","8.95","8.95","8.95","8.62K","-0.56%"
"16/08/2017","9.00","9.12","9.12","8.90","6.39K","-1.32%"
"14/08/2017","9.12","9.25","9.25","9.12","2.13K","-4.10%"
"10/08/2017","9.51","9.50","9.51","9.50","2.49K","4.28%"
"09/08/2017","9.12","9.52","9.52","9.12","2.77K","-4.00%"
"07/08/2017","9.50","9.50","9.50","9.50","3.10K","-0.31%"
"04/08/2017","9.53","9.12","9.54","9.12","1.17K","-0.10%"
"03/08/2017","9.54","9.54","9.54","9.54","0.20K","-0.10%"
"02/08/2017","9.55","9.51","9.55","9.25","50.00K","0.53%"
"01/08/2017","9.50","9.50","9.50","9.15","5.44K","2.81%"
"31/07/2017","9.24","9.69","9.69","9.24","1.18K","-4.35%"
"28/07/2017","9.66","9.66","9.66","9.66","0.05K","3.87%"
"26/07/2017","9.30","9.30","9.30","9.30","0.90K","1.20%"
"25/07/2017","9.19","9.36","9.36","9.19","7.26K","-2.13%"
"24/07/2017","9.39","9.39","9.39","9.39","1.00K","-2.80%"
"21/07/2017","9.66","9.67","9.67","9.66","1.22K","2.22%"
"20/07/2017","9.45","9.45","9.45","9.45","0.10K","0.00%"
"19/07/2017","9.45","9.47","9.47","9.45","10.83K","-3.57%"
"18/07/2017","9.80","9.80","9.80","9.80","0.16K","0.00%"
"14/07/2017","9.80","9.84","9.84","9.50","3.89K","-0.81%"
"12/07/2017","9.88","9.63","9.88","9.50","4.11K","0.41%"
"11/07/2017","9.84","9.99","9.99","9.56","0.25K","-1.60%"
"10/07/2017","10.00","9.90","10.00","9.90","1.02K","3.20%"
"06/07/2017","9.69","9.70","9.70","9.69","2.30K","-1.82%"
"05/07/2017","9.87","9.47","9.87","9.47","0.38K","2.81%"
"04/07/2017","9.60","9.60","9.60","9.60","0.51K","-1.03%"
"03/07/2017","9.70","9.70","9.70","9.70","0.10K","0.00%"
"30/06/2017","9.70","9.70","9.70","9.70","1.10K","-1.02%"
"29/06/2017","9.80","9.86","9.90","9.80","2.01K","1.03%"
"28/06/2017","9.70","9.85","9.85","9.70","4.42K","-1.12%"
"26/06/2017","9.81","9.81","9.81","9.81","0.29K","-0.91%"
"23/06/2017","9.90","9.90","9.90","9.90","0.08K","-0.90%"
"21/06/2017","9.99","9.99","9.99","9.99","0.13K","-0.10%"
"20/06/2017","10.00","10.00","10.43","10.00","1.10K","1.01%"
"19/06/2017","9.90","9.90","9.90","9.90","0.10K","0.00%"
"16/06/2017","9.90","9.90","9.90","9.90","0.10K","0.00%"
"14/06/2017","9.90","9.90","9.90","9.90","0.20K","0.00%"
"13/06/2017","9.90","9.90","9.90","9.90","0.27K","-1.00%"
"12/06/2017","10.00","10.00","10.00","10.00","2.00K","-5.48%"
"09/06/2017","10.58","10.00","10.58","10.00","0.79K","5.80%"
"08/06/2017","10.00","10.00","10.00","9.90","6.04K","1.01%"
"06/06/2017","9.90","9.91","9.91","9.90","3.44K","-1.00%"
"02/06/2017","10.00","10.58","10.58","10.00","3.41K","-0.10%"
"01/06/2017","10.01","10.01","10.01","10.01","0.12K","0.10%"
"31/05/2017","10.00","10.00","10.00","10.00","16.75K","-4.76%"
"30/05/2017","10.50","10.50","10.50","10.50","0.00K","5.00%"
"26/05/2017","10.00","10.00","10.00","9.90","7.39K","-4.12%"
"25/05/2017","10.43","9.80","10.43","9.80","3.11K","0.10%"
"24/05/2017","10.42","9.51","10.42","9.51","0.09K","4.20%"
"23/05/2017","10.00","10.42","10.42","9.78","5.71K","0.00%"
"22/05/2017","10.00","10.75","10.75","9.74","1.56K","0.00%"
"19/05/2017","10.00","10.02","10.02","10.00","12.22K","-2.91%"
"18/05/2017","10.30","10.35","10.40","10.30","1.04K","-4.10%"
"15/05/2017","10.74","10.44","10.74","10.44","0.34K","-0.46%"
"12/05/2017","10.79","10.80","10.80","10.41","2.07K","-0.64%"
"10/05/2017","10.86","10.90","10.90","10.86","2.02K","0.74%"
"09/05/2017","10.78","10.02","10.79","10.02","0.54K","0.00%"
"08/05/2017","10.78","10.94","10.94","10.78","5.40K","-1.55%"
"05/05/2017","10.95","11.12","11.12","10.95","0.25K","-0.45%"
"04/05/2017","11.00","10.60","11.00","10.30","4.18K","1.01%"
"02/05/2017","10.89","11.00","11.14","10.89","3.84K","1.87%"
"28/04/2017","10.69","10.95","10.95","10.50","0.57K","-2.29%"
"26/04/2017","10.94","10.94","10.94","10.94","0.00K","2.72%"
"25/04/2017","10.65","10.45","10.65","10.45","0.03K","-0.47%"
"20/04/2017","10.70","9.91","10.70","9.91","0.08K","-1.65%"
"19/04/2017","10.88","10.88","10.88","10.88","0.00K","-0.09%"
"12/04/2017","10.89","10.89","10.89","10.86","0.01K","0.65%"
"11/04/2017","10.82","10.82","10.82","10.82","0.02K","0.00%"
"07/04/2017","10.82","10.67","10.88","10.67","0.30K","1.22%"
"06/04/2017","10.69","10.89","10.89","10.55","0.32K","-0.09%"
"05/04/2017","10.70","10.65","10.70","10.65","0.05K","7.00%"
"04/04/2017","10.00","10.90","10.90","9.82","1.33K","-6.45%"
"03/04/2017","10.69","10.69","10.69","10.69","0.00K","4.80%"
"31/03/2017","10.20","10.25","10.25","9.90","3.49K","-0.58%"
"30/03/2017","10.26","10.00","10.68","10.00","0.06K","-6.22%"
"29/03/2017","10.94","10.70","10.94","10.70","0.60K","0.46%"
"24/03/2017","10.89","10.89","10.89","10.89","0.00K","6.24%"
"22/03/2017","10.25","10.25","10.25","10.25","4.63K","0.00%"
"21/03/2017","10.25","10.80","10.80","10.25","5.69K","-5.09%"
"20/03/2017","10.80","10.56","10.80","10.56","0.07K","-3.49%"
"16/03/2017","11.19","11.19","11.19","11.19","0.00K","5.77%"
"15/03/2017","10.58","10.52","10.85","10.50","6.59K","-5.45%"
"13/03/2017","11.19","10.50","11.19","10.50","0.02K","-0.09%"
"10/03/2017","11.20","10.60","11.20","10.60","0.52K","-0.44%"
"09/03/2017","11.25","10.90","11.25","10.50","0.71K","2.74%"
"08/03/2017","10.95","11.00","11.00","10.95","0.91K","-0.45%"
"06/03/2017","11.00","10.50","11.00","10.50","9.97K","1.85%"
"02/03/2017","10.80","11.15","11.15","10.80","0.51K","-3.57%"
"01/03/2017","11.20","11.00","11.20","11.00","1.00K","1.82%"
"28/02/2017","11.00","11.00","11.00","11.00","1.08K","1.01%"
"27/02/2017","10.89","10.89","10.89","10.89","0.00K","5.73%"
"24/02/2017","10.30","10.30","10.35","10.30","0.58K","0.00%"
"23/02/2017","10.30","10.50","10.50","10.16","36.44K","-1.90%"
"22/02/2017","10.50","10.70","10.70","9.66","20.52K","-1.87%"
"21/02/2017","10.70","10.99","10.99","10.52","5.33K","-0.93%"
"20/02/2017","10.80","10.80","10.80","10.80","0.10K","-0.92%"
"17/02/2017","10.90","10.97","10.97","10.90","0.12K","-0.82%"
"16/02/2017","10.99","10.99","10.99","10.97","0.31K","0.09%"
"14/02/2017","10.98","10.97","10.98","10.90","0.32K","0.00%"
"13/02/2017","10.98","10.99","10.99","10.98","0.20K","-0.18%"
"10/02/2017","11.00","11.00","11.00","11.00","10.02K","-0.45%"
"09/02/2017","11.05","11.05","11.05","11.05","0.01K","-0.72%"
"08/02/2017","11.13","11.00","11.13","11.00","0.45K","-0.62%"
"07/02/2017","11.20","10.99","11.20","10.99","0.70K","0.00%"
"03/02/2017","11.20","10.62","11.20","10.62","0.64K","-2.01%"
"02/02/2017","11.43","11.24","11.43","11.00","0.29K","1.69%"
"01/02/2017","11.24","11.25","11.25","11.00","1.90K","0.36%"
"31/01/2017","11.20","11.26","11.48","11.20","11.58K","-0.53%"
"30/01/2017","11.26","11.02","11.55","11.02","0.34K","-1.40%"
"27/01/2017","11.42","11.00","11.54","10.90","28.57K","3.82%"
"26/01/2017","11.00","11.03","11.59","10.53","20.70K","-1.79%"
"25/01/2017","11.20","11.30","11.42","11.20","47.83K","-0.88%"
"24/01/2017","11.30","11.15","11.34","11.15","1.12K","1.35%"
"23/01/2017","11.15","11.10","11.26","11.10","0.63K","1.36%"
"20/01/2017","11.00","10.98","11.00","10.98","2.09K","0.18%"
"19/01/2017","10.98","10.98","10.98","10.98","0.18K","0.00%"
"18/01/2017","10.98","10.75","10.98","10.55","2.03K","1.67%"
"16/01/2017","10.80","10.06","10.80","10.06","0.01K","0.00%"
"13/01/2017","10.80","10.89","10.89","10.50","9.33K","4.85%"
"12/01/2017","10.30","10.30","10.30","10.30","1.35K","-4.28%"
"11/01/2017","10.76","10.40","10.83","10.40","0.99K","0.19%"
"10/01/2017","10.74","10.74","10.74","10.74","0.37K","-0.09%"
"09/01/2017","10.75","10.75","10.75","10.75","0.10K","-0.37%"
"05/01/2017","10.79","10.50","10.79","10.50","1.22K","-1.73%"
"04/01/2017","10.98","10.50","10.98","10.50","11.45K","0.00%"
"29/12/2016","10.98","10.99","10.99","10.98","20.20K","-0.09%"
"28/12/2016","10.99","11.09","11.09","10.50","30.00K","-0.99%"
"27/12/2016","11.10","11.10","11.10","11.10","0.00K","2.97%"
"22/12/2016","10.78","10.85","10.85","10.78","1.50K","-0.65%"
"21/12/2016","10.85","11.00","11.00","10.00","4.03K","4.33%"
"19/12/2016","10.40","10.40","10.40","10.40","0.31K","0.00%"
"16/12/2016","10.40","10.40","10.40","10.40","0.06K","-5.45%"
"15/12/2016","11.00","11.00","11.00","11.00","0.00K","5.26%"
"14/12/2016","10.45","10.65","10.65","10.45","0.02K","0.00%"
"13/12/2016","10.45","10.45","10.50","10.45","2.26K","0.00%"
"12/12/2016","10.45","10.50","10.50","10.45","0.60K","-0.48%"
"09/12/2016","10.50","10.50","10.79","10.50","0.62K","0.00%"
"07/12/2016","10.50","11.21","11.21","10.20","10.64K","-1.41%"
"05/12/2016","10.65","10.89","10.89","10.65","0.60K","0.00%"
"01/12/2016","10.65","10.65","10.65","10.65","3.53K","-0.09%"
"30/11/2016","10.66","10.77","11.00","10.66","2.87K","-3.09%"
"29/11/2016","11.00","11.80","11.80","10.90","1.84K","-6.78%"
"25/11/2016","11.80","11.80","11.80","11.80","0.07K","0.00%"
"24/11/2016","11.80","11.80","11.80","11.80","0.00K","1.72%"
"23/11/2016","11.60","11.60","11.60","11.60","0.03K","5.45%"
"22/11/2016","11.00","11.00","11.00","10.61","3.33K","-4.26%"
"21/11/2016","11.49","11.50","11.50","11.10","50.83K","0.00%"
"18/11/2016","11.49","11.80","11.80","11.00","4.66K","6.39%"
"17/11/2016","10.80","11.51","11.54","10.40","153.90K","-9.62%"
"16/11/2016","11.95","11.71","11.95","11.51","0.68K","-0.42%"
"15/11/2016","12.00","12.10","12.10","11.80","3.31K","-1.48%"
"14/11/2016","12.18","12.18","12.18","12.18","0.45K","0.00%"
"10/11/2016","12.18","12.29","12.29","11.80","9.85K","-4.09%"
"08/11/2016","12.70","12.58","12.70","11.77","1.25K","-1.55%"
"07/11/2016","12.90","12.90","12.90","12.90","0.10K","0.00%"
"03/11/2016","12.90","12.90","12.90","12.90","0.00K","0.16%"
"02/11/2016","12.88","12.58","12.88","12.58","6.05K","0.08%"
"31/10/2016","12.87","12.90","12.90","12.86","12.20K","-0.23%"
"28/10/2016","12.90","12.49","12.90","12.49","20.00K","3.20%"
"27/10/2016","12.50","12.50","12.50","12.00","5.00K","2.54%"
"26/10/2016","12.19","12.39","12.39","12.00","10.72K","-1.61%"
"25/10/2016","12.39","12.58","12.69","12.10","2.08K","-2.44%"
"24/10/2016","12.70","12.90","12.90","12.10","2.10K","-1.55%"
"21/10/2016","12.90","12.90","12.90","12.90","5.00K","0.00%"
"20/10/2016","12.90","12.90","12.90","12.90","0.10K","0.00%"
"17/10/2016","12.90","12.90","12.90","12.90","2.50K","3.20%"
"13/10/2016","12.50","12.50","12.50","12.50","0.00K","0.00%"
"12/10/2016","12.50","12.50","12.50","12.50","0.02K","-0.40%"
"06/10/2016","12.55","12.91","12.91","12.55","0.84K","-3.46%"
"05/10/2016","13.00","13.00","13.00","12.92","2.50K","0.00%"
"03/10/2016","13.00","13.00","13.00","13.00","0.95K","-1.52%"
"28/09/2016","13.20","13.10","13.20","13.10","0.51K","1.54%"
"27/09/2016","13.00","13.00","13.00","13.00","0.87K","0.00%"
"23/09/2016","13.00","12.80","13.00","12.80","0.35K","-0.76%"
"21/09/2016","13.10","13.10","13.10","13.10","1.06K","0.00%"
"19/09/2016","13.10","13.10","13.10","13.10","0.15K","0.00%"
"15/09/2016","13.10","13.10","13.10","13.10","0.70K","1.55%"
"12/09/2016","12.90","12.50","12.90","12.10","7.80K","-0.77%"
"09/09/2016","13.00","13.01","13.01","13.00","5.70K","0.00%"
"07/09/2016","13.00","12.65","13.00","12.65","43.46K","2.77%"
"06/09/2016","12.65","12.80","12.80","12.60","73.17K","-1.17%"
"31/08/2016","12.80","12.80","12.80","12.80","147.78K","0.00%"
"30/08/2016","12.80","12.80","12.85","12.80","39.31K","-1.54%"
"29/08/2016","13.00","13.01","13.01","13.00","1.50K","0.00%"
"25/08/2016","13.00","13.00","13.00","13.00","0.02K","0.00%"
"22/08/2016","13.00","12.71","13.00","12.71","2.46K","-1.52%"
"18/08/2016","13.20","13.20","13.20","13.20","0.34K","0.00%"
"16/08/2016","13.20","13.20","13.20","13.20","0.02K","0.00%"
"12/08/2016","13.20","13.20","14.00","13.15","4.82K","0.00%"
"10/08/2016","13.20","13.20","13.20","13.20","6.40K","1.54%"
"09/08/2016","13.00","13.00","13.00","12.86","5.00K","0.78%"
"08/08/2016","12.90","12.67","12.90","12.60","18.87K","0.00%"
"01/08/2016","12.90","12.90","12.90","12.90","0.01K","-0.77%"
"29/07/2016","13.00","13.00","13.00","13.00","0.82K","-1.52%"
"27/07/2016","13.20","12.68","13.20","12.68","3.41K","-0.15%"
"26/07/2016","13.22","13.10","13.22","13.00","6.08K","1.69%"
"25/07/2016","13.00","12.90","13.20","12.90","4.90K","0.00%"
"22/07/2016","13.00","13.00","13.00","13.00","0.25K","0.00%"
"21/07/2016","13.00","12.22","13.00","12.22","5.51K","2.36%"
"18/07/2016","12.70","12.21","12.70","12.21","1.45K","0.79%"
"13/07/2016","12.60","12.00","12.60","12.00","10.51K","0.80%"
"12/07/2016","12.50","12.40","12.50","12.40","2.19K","0.81%"
"08/07/2016","12.40","12.40","12.40","12.40","0.00K","0.40%"
"07/07/2016","12.35","11.81","12.35","11.81","4.15K","0.82%"
"06/07/2016","12.25","11.81","12.25","11.81","0.22K","-0.41%"
"04/07/2016","12.30","11.72","12.30","11.72","0.96K","0.82%"
"01/07/2016","12.20","11.70","12.20","11.70","1.00K","1.67%"
"30/06/2016","12.00","11.90","12.00","11.90","4.06K","1.69%"
"29/06/2016","11.80","11.58","12.08","11.04","13.54K","5.36%"
"28/06/2016","11.20","11.22","11.22","11.10","17.01K","-3.11%"
"27/06/2016","11.56","11.53","11.56","11.00","12.91K","-2.03%"
"24/06/2016","11.80","11.00","12.08","11.00","15.47K","0.43%"
"23/06/2016","11.75","11.53","11.75","11.49","27.28K","-0.42%"
"22/06/2016","11.80","11.53","11.80","11.53","2.70K","1.72%"
"21/06/2016","11.60","11.62","11.96","11.41","14.14K","-3.33%"
"17/06/2016","12.00","12.00","12.00","12.00","1.65K","0.00%"
"16/06/2016","12.00","12.00","12.04","11.53","7.90K","-2.04%"
"15/06/2016","12.25","12.25","12.25","12.25","15.03K","4.34%"
"14/06/2016","11.74","11.50","11.74","11.20","2.10K","1.21%"
"09/06/2016","11.60","11.78","11.78","11.60","4.60K","-1.78%"
"08/06/2016","11.81","11.81","11.81","11.81","0.20K","0.00%"
"07/06/2016","11.81","12.00","12.30","11.81","9.47K","-3.20%"
"03/06/2016","12.20","12.20","12.20","12.20","2.62K","0.83%"
"02/06/2016","12.10","11.90","12.10","11.60","5.25K","-0.82%"
"01/06/2016","12.20","12.00","12.20","11.80","10.03K","-2.17%"
"31/05/2016","12.47","12.15","12.47","12.10","11.28K","2.21%"
"30/05/2016","12.20","12.20","12.20","12.20","0.20K","4.27%"
"27/05/2016","11.70","11.70","11.70","11.70","0.00K","-3.31%"
"25/05/2016","12.10","12.00","12.10","12.00","2.10K","-1.22%"
"24/05/2016","12.25","11.70","12.25","11.70","6.02K","0.57%"
"23/05/2016","12.18","11.90","12.23","11.70","3.27K","2.35%"
"20/05/2016","11.90","11.90","12.24","11.40","8.40K","2.59%"
"19/05/2016","11.60","11.80","11.80","11.60","6.60K","-1.28%"
"18/05/2016","11.75","11.75","11.75","11.43","9.97K","2.17%"
"17/05/2016","11.50","11.50","11.75","11.50","23.60K","0.00%"
"13/05/2016","11.50","10.70","11.50","10.70","0.76K","2.59%"
"12/05/2016","11.21","11.50","11.50","11.05","2.40K","-4.19%"
"11/05/2016","11.70","11.20","11.70","11.20","0.41K","-1.43%"
"09/05/2016","11.87","11.87","11.87","11.87","1.12K","2.33%"
"06/05/2016","11.60","11.12","12.19","11.12","0.77K","4.50%"
"05/05/2016","11.10","11.10","11.10","11.10","0.02K","-8.94%"
"04/05/2016","12.19","12.60","12.60","12.15","2.49K","-0.89%"
"02/05/2016","12.30","12.30","12.30","12.30","1.06K","0.00%"
"29/04/2016","12.30","12.30","12.30","12.30","4.86K","0.00%"
"27/04/2016","12.30","11.94","12.69","11.94","8.39K","0.00%"
"26/04/2016","12.30","12.23","12.30","12.23","3.75K","0.49%"
"25/04/2016","12.24","12.25","12.25","12.24","0.03K","0.33%"
"22/04/2016","12.20","12.19","12.20","12.00","5.63K","1.67%"
"21/04/2016","12.00","11.95","12.00","11.95","4.81K","1.27%"
"20/04/2016","11.85","11.79","11.85","11.79","1.13K","0.42%"
"19/04/2016","11.80","12.00","12.19","11.80","2.83K","-1.67%"
"18/04/2016","12.00","12.17","12.60","11.99","4.27K","0.00%"
"15/04/2016","12.00","12.20","12.20","12.00","0.46K","-1.64%"
"14/04/2016","12.20","11.90","12.20","11.90","1.18K","1.67%"
"12/04/2016","12.00","11.50","12.30","11.40","10.60K","4.35%"
"11/04/2016","11.50","11.63","11.63","11.50","1.06K","-1.12%"
"08/04/2016","11.63","11.70","11.70","11.63","1.08K","0.09%"
"07/04/2016","11.62","11.50","11.80","11.50","10.76K","1.04%"
"06/04/2016","11.50","11.20","11.50","11.20","0.15K","-2.54%"
"05/04/2016","11.80","11.80","11.80","11.80","0.05K","-1.67%"
"04/04/2016","12.00","12.00","12.02","12.00","0.95K","-0.17%"
"01/04/2016","12.02","11.60","12.02","11.60","16.18K","2.82%"
"31/03/2016","11.69","11.70","11.78","11.39","36.29K","0.00%"
"30/03/2016","11.69","11.45","11.69","11.44","21.51K","2.10%"
"29/03/2016","11.45","11.30","11.45","11.01","4.19K","1.33%"
"24/03/2016","11.30","11.20","11.30","11.20","5.50K","0.44%"
"23/03/2016","11.25","11.40","11.40","11.25","1.63K","0.00%"
"22/03/2016","11.25","11.40","11.40","10.31","18.25K","-1.32%"
"21/03/2016","11.40","11.35","11.40","11.35","0.25K","0.44%"
"18/03/2016","11.35","11.10","11.40","11.10","60.55K","-0.44%"
"17/03/2016","11.40","11.15","11.40","11.15","27.86K","3.07%"
"16/03/2016","11.06","11.10","11.29","11.01","20.74K","-0.45%"
"15/03/2016","11.11","10.80","11.11","10.65","5.17K","2.87%"
"14/03/2016","10.80","10.91","10.99","10.80","2.24K","-1.10%"
"11/03/2016","10.92","10.62","10.93","10.62","2.42K","3.02%"
"10/03/2016","10.60","10.22","10.60","10.11","7.55K","3.92%"
"09/03/2016","10.20","10.05","10.22","10.04","1.32K","-0.20%"
"08/03/2016","10.22","10.21","10.22","10.04","0.42K","0.00%"
"07/03/2016","10.22","10.25","10.25","10.00","1.56K","1.19%"
"04/03/2016","10.10","10.20","10.20","9.85","1.84K","-0.98%"
"03/03/2016","10.20","10.25","10.25","10.00","0.90K","-0.87%"
"02/03/2016","10.29","10.19","10.30","9.65","2.95K","0.98%"
"01/03/2016","10.19","10.15","10.20","10.00","4.81K","2.93%"
"29/02/2016","9.90","10.10","10.10","9.68","12.30K","-1.88%"
"26/02/2016","10.09","9.90","10.09","9.90","0.31K","1.00%"
"25/02/2016","9.99","9.72","9.99","9.67","0.66K","-0.99%"
"24/02/2016","10.09","10.10","10.10","9.76","3.37K","-0.10%"
"23/02/2016","10.10","10.10","10.10","9.62","0.02K","0.00%"
"22/02/2016","10.10","10.28","10.28","10.00","0.30K","0.00%"
"19/02/2016","10.10","10.00","10.10","10.00","30.94K","1.00%"
"18/02/2016","10.00","10.04","10.10","9.99","14.79K","2.04%"
"17/02/2016","9.80","9.80","9.99","9.70","1.17K","-1.90%"
"16/02/2016","9.99","10.00","10.18","9.31","1.16K","-1.87%"
"15/02/2016","10.18","9.80","10.29","9.80","1.73K","3.88%"
"12/02/2016","9.80","9.40","9.80","9.40","23.15K","0.51%"
"11/02/2016","9.75","9.60","9.75","9.40","3.17K","0.52%"
"10/02/2016","9.70","9.55","9.70","9.55","4.53K","1.57%"
"09/02/2016","9.55","9.70","9.74","9.50","0.69K","-1.55%"
"08/02/2016","9.70","9.75","9.75","9.15","0.02K","-0.51%"
"05/02/2016","9.75","9.70","9.75","9.35","27.33K","0.10%"
"04/02/2016","9.74","9.01","9.75","9.01","0.25K","0.00%"
"03/02/2016","9.74","9.89","9.89","9.10","81.35K","-0.51%"
"02/02/2016","9.79","9.20","9.80","9.10","38.62K","6.41%"
"01/02/2016","9.20","9.50","9.89","9.01","1.12K","-7.82%"
"29/01/2016","9.98","9.50","10.10","9.50","0.12K","-0.10%"
"28/01/2016","9.99","10.10","10.10","9.50","0.53K","-1.09%"
"27/01/2016","10.10","9.60","10.15","9.60","3.79K","0.20%"
"26/01/2016","10.08","10.40","10.40","9.60","3.71K","-3.26%"
"25/01/2016","10.42","10.45","10.45","10.05","0.66K","4.72%"
"22/01/2016","9.95","10.45","10.45","9.95","2.24K","-3.40%"
"21/01/2016","10.30","10.00","10.30","10.00","0.90K","-1.44%"
"20/01/2016","10.45","10.45","10.45","10.45","0.21K","0.00%"
"19/01/2016","10.45","10.45","10.45","10.00","0.44K","-0.38%"
"18/01/2016","10.49","10.56","10.56","10.20","2.38K","-1.22%"
"15/01/2016","10.62","10.20","10.65","10.00","12.54K","5.15%"
"14/01/2016","10.10","10.10","10.10","10.10","1.00K","-1.94%"
"13/01/2016","10.30","10.71","10.71","10.05","12.08K","0.10%"
"12/01/2016","10.29","10.99","10.99","10.29","1.05K","-2.00%"
"11/01/2016","10.50","10.83","10.83","9.80","12.35K","-6.25%"
"05/01/2016","11.20","10.80","11.24","10.80","1.90K","-0.80%"
"04/01/2016","11.29","11.60","11.60","11.05","0.93K","0.80%"
"30/12/2015","11.20","11.40","11.40","10.70","73.65K","-0.88%"
"29/12/2015","11.30","11.30","11.30","11.29","12.68K","-0.44%"
"28/12/2015","11.35","11.24","11.35","11.00","13.30K","0.98%"
"23/12/2015","11.24","11.32","11.32","10.87","5.67K","2.18%"
"22/12/2015","11.00","11.39","11.39","10.87","4.82K","0.00%"
"21/12/2015","11.00","11.50","11.50","11.00","6.14K","-2.65%"
"18/12/2015","11.30","11.11","11.30","10.77","15.08K","-2.50%"
"17/12/2015","11.59","11.58","11.59","11.58","0.00K","0.09%"
"16/12/2015","11.58","11.51","11.60","11.51","3.00K","1.14%"
"15/12/2015","11.45","11.51","11.53","10.71","46.28K","0.88%"
"14/12/2015","11.35","11.53","11.53","11.05","14.38K","-1.30%"
"11/12/2015","11.50","11.73","11.73","11.11","2.83K","0.00%"
"10/12/2015","11.50","11.75","11.75","11.21","4.35K","-1.71%"
"09/12/2015","11.70","11.50","11.70","10.80","6.41K","0.00%"
"08/12/2015","11.70","11.70","11.70","11.70","0.00K","0.43%"
"07/12/2015","11.65","11.65","11.65","11.11","1.69K","0.87%"
"04/12/2015","11.55","11.25","11.55","11.20","7.24K","0.43%"
"03/12/2015","11.50","11.05","11.50","11.05","0.12K","-1.29%"
"01/12/2015","11.65","11.75","11.75","11.30","0.89K","0.00%"
"30/11/2015","11.65","11.65","11.65","11.20","3.42K","2.19%"
"27/11/2015","11.40","11.24","11.40","10.40","2.03K","-2.56%"
"26/11/2015","11.70","11.50","11.78","11.30","3.03K","0.00%"
"25/11/2015","11.70","11.70","11.70","11.70","0.00K","0.43%"
"24/11/2015","11.65","11.31","11.65","11.30","3.75K","-1.10%"
"20/11/2015","11.78","11.78","11.78","11.78","0.08K","-0.08%"
"19/11/2015","11.79","11.69","11.79","11.68","68.31K","0.77%"
"18/11/2015","11.70","11.60","11.70","11.60","4.01K","0.00%"
"17/11/2015","11.70","11.45","11.70","11.45","5.95K","0.52%"
"16/11/2015","11.64","11.45","11.64","10.32","7.84K","-0.51%"
"13/11/2015","11.70","11.50","11.70","11.30","8.01K","-0.34%"
"10/11/2015","11.74","11.34","11.74","11.32","4.75K","0.00%"
"09/11/2015","11.74","11.74","11.74","11.74","0.10K","-0.09%"
"06/11/2015","11.75","11.35","11.75","11.34","1.10K","-0.25%"
"05/11/2015","11.78","11.75","11.78","11.33","1.03K","0.00%"
"04/11/2015","11.78","11.78","11.78","11.31","0.23K","-0.17%"
"03/11/2015","11.80","11.80","11.80","11.30","0.97K","-0.51%"
"02/11/2015","11.86","11.75","11.86","11.75","6.39K","0.51%"
"30/10/2015","11.80","11.78","11.80","11.54","1.69K","0.17%"
"29/10/2015","11.78","11.78","11.80","11.60","5.82K","-0.17%"
"28/10/2015","11.80","11.30","11.80","11.30","5.03K","-0.42%"
"27/10/2015","11.85","11.60","11.90","11.40","3.91K","1.98%"
"26/10/2015","11.62","11.10","11.62","11.10","0.09K","0.00%"
"23/10/2015","11.62","11.50","11.62","11.50","1.94K","1.04%"
"22/10/2015","11.50","11.30","11.50","11.30","25.50K","0.88%"
"21/10/2015","11.40","11.45","11.45","11.16","7.47K","-0.44%"
"20/10/2015","11.45","11.90","11.90","11.45","8.40K","-3.78%"
"19/10/2015","11.90","11.51","11.95","11.51","28.92K","4.11%"
"16/10/2015","11.43","11.10","11.45","10.80","7.21K","1.15%"
"15/10/2015","11.30","11.29","11.30","11.10","0.72K","-1.31%"
"13/10/2015","11.45","10.90","11.45","10.90","19.00K","4.66%"
"12/10/2015","10.94","10.75","10.95","10.74","2.18K","1.77%"
"09/10/2015","10.75","10.75","10.75","10.61","2.24K","0.47%"
"08/10/2015","10.70","10.73","10.75","10.50","1.21K","-0.28%"
"07/10/2015","10.73","10.75","10.75","10.65","3.26K","-0.19%"
"06/10/2015","10.75","10.50","10.79","10.37","38.96K","2.38%"
"05/10/2015","10.50","10.50","10.59","10.46","3.13K","0.00%"
"02/10/2015","10.50","10.59","10.59","10.50","59.87K","0.00%"
"01/10/2015","10.50","10.49","10.58","10.41","29.75K","0.00%"
"30/09/2015","10.50","10.49","10.50","10.49","0.02K","0.00%"
"29/09/2015","10.50","10.50","10.50","10.50","0.01K","0.48%"
"28/09/2015","10.45","10.50","10.50","10.45","1.62K","0.19%"
"25/09/2015","10.43","10.35","10.43","10.35","0.80K","-1.60%"
"24/09/2015","10.60","10.47","10.60","10.34","41.00K","1.92%"
"23/09/2015","10.40","10.40","10.40","10.40","0.62K","0.00%"
"22/09/2015","10.40","10.35","10.40","10.35","3.12K","0.48%"
"21/09/2015","10.35","10.40","10.40","10.35","0.56K","-0.48%"
"18/09/2015","10.40","10.40","10.40","10.40","0.69K","-0.19%"
"17/09/2015","10.42","10.49","10.49","10.42","6.11K","-0.38%"
"16/09/2015","10.46","10.54","10.54","10.46","1.28K","-0.76%"
"15/09/2015","10.54","10.56","10.56","10.50","1.85K","0.38%"
"14/09/2015","10.50","10.58","10.58","10.30","6.51K","-0.76%"
"11/09/2015","10.58","10.40","10.61","10.40","11.79K","1.73%"
"10/09/2015","10.40","10.40","10.40","10.40","0.29K","-0.76%"
"08/09/2015","10.48","10.40","10.48","10.15","70.75K","-0.76%"
"07/09/2015","10.56","10.20","10.62","10.10","1.63K","0.57%"
"04/09/2015","10.50","10.50","10.50","10.50","7.99K","-1.41%"
"03/09/2015","10.65","10.60","10.65","10.60","18.03K","0.19%"
"02/09/2015","10.63","10.64","10.64","10.63","6.45K","0.19%"
"01/09/2015","10.61","10.65","10.65","10.50","4.05K","-0.38%"
"31/08/2015","10.65","10.55","10.65","10.50","7.79K","1.43%"
"28/08/2015","10.50","10.40","10.50","10.40","10.44K","0.96%"
"25/08/2015","10.40","10.40","10.40","10.35","19.02K","0.00%"
"24/08/2015","10.40","10.02","10.50","9.99","21.87K","-1.33%"
"20/08/2015","10.54","10.51","10.55","10.51","1.87K","0.29%"
"19/08/2015","10.51","10.52","10.83","10.51","0.35K","-1.68%"
"18/08/2015","10.69","10.69","10.69","10.69","0.50K","-0.56%"
"13/08/2015","10.75","10.62","10.75","10.62","0.14K","2.38%"
"12/08/2015","10.50","10.60","10.60","10.50","6.90K","-1.13%"
"11/08/2015","10.62","10.62","10.62","10.62","0.05K","-0.75%"
"10/08/2015","10.70","10.75","10.75","10.70","0.38K","0.00%"
"07/08/2015","10.70","10.59","10.70","10.59","2.25K","1.81%"
"06/08/2015","10.51","10.51","10.51","10.51","0.01K","0.10%"
"05/08/2015","10.50","10.45","10.50","10.45","13.64K","-1.87%"
"04/08/2015","10.70","10.70","10.70","10.70","20.05K","1.90%"
"03/08/2015","10.50","10.50","10.50","10.50","21.20K","1.74%"
"31/07/2015","10.32","10.78","10.78","10.32","5.03K","-3.55%"
"30/07/2015","10.70","10.70","10.70","10.70","15.03K","0.00%"
"29/07/2015","10.70","10.56","10.80","10.32","0.57K","1.33%"
"28/07/2015","10.56","10.70","10.70","10.56","0.10K","0.67%"
"24/07/2015","10.49","10.49","10.49","10.49","0.06K","-2.05%"
"23/07/2015","10.71","10.70","10.71","10.70","0.15K","1.04%"
"22/07/2015","10.60","10.60","10.60","10.60","2.80K","-2.66%"
"21/07/2015","10.89","11.00","11.00","10.72","2.34K","-1.00%"
"20/07/2015","11.00","10.85","11.00","10.85","3.02K","1.85%"
"17/07/2015","10.80","10.82","10.90","10.80","7.25K","0.19%"
"16/07/2015","10.78","10.67","10.78","10.67","26.27K","1.70%"
"15/07/2015","10.60","10.60","10.60","10.60","20.80K","0.47%"
"14/07/2015","10.55","10.50","10.60","10.35","10.90K","1.93%"
"13/07/2015","10.35","10.10","10.35","10.10","14.22K","2.48%"
"10/07/2015","10.10","10.24","10.30","10.10","5.09K","1.51%"
"09/07/2015","9.95","10.00","10.00","9.95","13.44K","-0.50%"