"Date","Price","Open","High","Low","Vol.","Change %"
"30/09/2025","1.81","1.84","1.84","1.75","61.75K","-0.28%"
"29/09/2025","1.82","1.84","1.88","1.80","35.67K","0.00%"
"26/09/2025","1.82","1.80","1.86","1.79","95.10K","1.68%"
"25/09/2025","1.78","1.86","1.88","1.77","100.59K","-2.99%"
"24/09/2025","1.84","1.82","1.97","1.82","239.05K","3.37%"
"23/09/2025","1.78","1.84","1.84","1.75","118.43K","-3.26%"
"22/09/2025","1.84","1.83","1.91","1.80","86.44K","0.55%"
"19/09/2025","1.83","1.90","1.90","1.82","137.37K","-3.94%"
"18/09/2025","1.90","1.93","1.95","1.87","165.06K","-1.30%"
"17/09/2025","1.93","1.95","2.04","1.90","461.48K","-0.52%"
"16/09/2025","1.94","1.91","2.07","1.90","1.17M","6.01%"
"15/09/2025","1.83","1.78","1.85","1.75","397.24K","4.87%"
"12/09/2025","1.75","1.76","1.88","1.64","664.99K","-0.85%"
"11/09/2025","1.76","1.70","2.04","1.52","2.50M","7.32%"
"10/09/2025","1.64","1.30","1.65","1.30","1.38M","32.26%"
"09/09/2025","1.24","1.23","1.25","1.20","80.11K","0.81%"
"08/09/2025","1.23","1.21","1.23","1.19","57.02K","1.23%"
"05/09/2025","1.22","1.21","1.24","1.20","60.99K","0.00%"
"04/09/2025","1.21","1.23","1.25","1.21","134.35K","3.42%"
"03/09/2025","1.17","1.19","1.22","1.17","40.91K","-2.50%"
"02/09/2025","1.20","1.21","1.22","1.16","42.31K","-0.83%"
"01/09/2025","1.21","1.22","1.23","1.15","71.06K","0.00%"
"29/08/2025","1.22","1.25","1.25","1.16","90.92K","-1.22%"
"28/08/2025","1.23","1.32","1.33","1.21","200.06K","-1.99%"
"27/08/2025","1.25","1.33","1.39","1.25","329.63K","-1.18%"
"26/08/2025","1.27","1.27","1.30","1.25","35.27K","-1.93%"
"25/08/2025","1.29","1.32","1.33","1.26","46.53K","-1.15%"
"22/08/2025","1.31","1.30","1.35","1.26","162.64K","0.77%"
"21/08/2025","1.30","1.39","1.42","1.28","297.00K","-9.09%"
"20/08/2025","1.43","1.51","1.51","1.39","211.34K","-2.72%"
"19/08/2025","1.47","1.41","1.51","1.32","429.04K","4.26%"
"18/08/2025","1.41","1.27","1.44","1.27","491.47K","11.90%"
"14/08/2025","1.26","1.20","1.40","1.20","575.19K","9.09%"
"13/08/2025","1.15","1.15","1.17","1.11","23.85K","0.00%"
"12/08/2025","1.16","1.15","1.18","1.13","34.79K","0.87%"
"11/08/2025","1.15","1.14","1.15","1.11","47.42K","0.88%"
"08/08/2025","1.14","1.11","1.14","1.10","66.06K","3.17%"
"07/08/2025","1.11","1.10","1.16","1.09","93.06K","-3.07%"
"06/08/2025","1.14","1.15","1.17","1.09","39.32K","-2.15%"
"05/08/2025","1.16","1.11","1.16","1.11","45.44K","8.88%"
"04/08/2025","1.07","1.05","1.07","1.05","28.21K","2.88%"
"01/08/2025","1.04","1.19","1.19","1.04","40.69K","-11.86%"
"31/07/2025","1.18","1.18","1.18","1.18","19.94K","0.00%"
"30/07/2025","1.18","1.18","1.18","1.18","26.91K","5.36%"
"29/07/2025","1.12","1.10","1.12","1.10","32.15K","5.66%"
"28/07/2025","1.06","1.06","1.06","1.06","26.68K","6.00%"
"25/07/2025","1.00","0.96","1.00","0.96","71.20K","8.70%"
"24/07/2025","0.92","0.90","0.92","0.90","21.66K","2.22%"
"23/07/2025","0.90","1.00","1.00","0.90","88.38K","-12.20%"
"22/07/2025","1.02","1.03","1.03","1.02","23.68K","-3.30%"
"21/07/2025","1.06","1.07","1.07","1.06","15.07K","0.00%"
"18/07/2025","1.06","1.05","1.06","1.05","59.82K","1.44%"
"17/07/2025","1.04","1.03","1.04","1.03","39.65K","1.46%"
"16/07/2025","1.03","1.02","1.03","1.02","98.23K","-11.21%"
"15/07/2025","1.16","1.20","1.20","1.16","29.87K","-4.92%"
"14/07/2025","1.22","1.23","1.23","1.22","10.11K","0.83%"
"11/07/2025","1.21","1.21","1.21","1.21","32.55K","0.00%"
"10/07/2025","1.21","1.25","1.25","1.21","35.60K","-2.03%"
"09/07/2025","1.23","1.30","1.30","1.23","105.38K","-10.87%"
"08/07/2025","1.38","1.50","1.50","1.38","34.77K","-9.80%"
"07/07/2025","1.53","1.50","1.53","1.50","77.47K","6.62%"
"04/07/2025","1.43","1.35","1.43","1.35","133.27K","14.80%"
"03/07/2025","1.25","1.20","1.25","1.20","173.80K","0.00%"
"02/07/2025","1.25","1.26","1.26","1.25","202.86K","-28.16%"
"02/05/2025","1.74","1.65","1.78","1.64","119.83K","1.75%"
"30/04/2025","1.71","1.70","1.75","1.65","94.47K","-0.58%"
"29/04/2025","1.72","1.71","1.77","1.70","138.26K","0.58%"
"28/04/2025","1.71","1.76","1.78","1.70","121.45K","-2.84%"
"25/04/2025","1.76","1.73","1.80","1.69","178.98K","2.33%"
"24/04/2025","1.72","1.84","1.84","1.68","609.63K","-8.75%"
"23/04/2025","1.88","2.00","2.01","1.82","341.93K","-5.04%"
"22/04/2025","1.99","2.02","2.03","1.99","332.62K","-2.22%"
"17/04/2025","2.03","2.00","2.12","1.99","368.86K","1.50%"
"16/04/2025","2.00","2.02","2.10","1.99","500.37K","-0.99%"
"15/04/2025","2.02","2.12","2.24","2.02","844.91K","-3.81%"
"14/04/2025","2.10","1.99","2.18","1.96","891.74K","7.14%"
"11/04/2025","1.96","1.91","2.07","1.87","1.28M","-0.51%"
"10/04/2025","1.97","1.67","1.97","1.57","1.54M","27.92%"
"09/04/2025","1.54","1.60","1.65","1.53","361.24K","-5.23%"
"08/04/2025","1.63","1.38","1.66","1.35","1.43M","20.37%"
"07/04/2025","1.35","1.38","1.38","1.28","419.56K","-3.91%"
"04/04/2025","1.40","1.37","1.49","1.34","522.25K","3.31%"
"03/04/2025","1.36","1.43","1.45","1.30","533.98K","-6.53%"
"02/04/2025","1.46","1.48","1.49","1.42","174.61K","-0.68%"
"01/04/2025","1.47","1.46","1.53","1.38","466.63K","0.69%"
"31/03/2025","1.46","1.70","1.70","1.42","983.85K","-14.41%"
"28/03/2025","1.70","1.65","1.74","1.62","629.33K","-3.41%"
"27/03/2025","1.76","1.79","1.79","1.64","467.18K","-1.68%"
"26/03/2025","1.79","1.76","1.88","1.74","402.35K","1.13%"
"25/03/2025","1.77","1.91","1.91","1.74","925.49K","-9.46%"
"24/03/2025","1.96","2.00","2.01","1.94","188.73K","-2.25%"
"21/03/2025","2.00","2.02","2.02","1.98","79.27K","-0.99%"
"20/03/2025","2.02","2.05","2.08","1.98","249.10K","-1.46%"
"19/03/2025","2.05","2.00","2.07","1.99","333.32K","2.50%"
"18/03/2025","2.00","2.02","2.09","1.99","450.25K","-1.96%"
"17/03/2025","2.04","2.08","2.11","1.97","624.40K","0.00%"
"14/03/2025","2.04","2.00","2.13","1.90","1.43M","2.00%"
"13/03/2025","2.00","2.15","2.15","1.96","1.18M","-6.10%"
"12/03/2025","2.13","2.27","2.27","2.06","816.20K","-3.62%"
"11/03/2025","2.21","2.06","2.33","2.04","1.68M","6.76%"
"10/03/2025","2.07","2.32","2.40","2.03","1.99M","-7.59%"
"07/03/2025","2.24","2.80","2.88","2.23","3.43M","-20.00%"
"06/03/2025","2.80","2.91","3.13","2.77","1.97M","1.08%"
"05/03/2025","2.77","2.71","2.98","2.44","1.86M","2.97%"
"04/03/2025","2.69","2.26","2.72","2.25","2.64M","23.96%"
"03/03/2025","2.17","1.80","2.17","1.80","1.77M","28.02%"
"28/02/2025","1.70","1.66","1.70","1.64","84.98K","0.00%"
"27/02/2025","1.70","1.73","1.73","1.65","98.73K","-1.73%"
"26/02/2025","1.73","1.81","1.83","1.67","360.73K","-4.42%"
"25/02/2025","1.81","1.67","1.87","1.64","756.31K","8.38%"
"24/02/2025","1.67","1.72","1.78","1.59","694.60K","-2.91%"
"21/02/2025","1.72","1.88","1.97","1.70","1.03M","-8.02%"
"20/02/2025","1.87","1.92","2.30","1.80","3.21M","2.19%"
"19/02/2025","1.83","2.15","2.15","1.71","1.89M","16.56%"
"18/02/2025","1.57","1.06","1.57","1.05","472.60K","48.11%"
"17/02/2025","1.06","1.03","1.07","1.02","32.12K","1.44%"
"14/02/2025","1.04","1.04","1.04","1.02","23.11K","0.00%"
"13/02/2025","1.04","1.06","1.06","1.04","7.37K","-1.42%"
"12/02/2025","1.06","1.05","1.08","1.05","5.38K","-0.47%"
"11/02/2025","1.07","1.06","1.07","1.04","10.41K","0.47%"
"10/02/2025","1.06","1.04","1.09","1.04","27.59K","-1.85%"
"07/02/2025","1.08","1.07","1.09","1.07","12.83K","0.00%"
"06/02/2025","1.08","1.06","1.08","1.04","13.04K","2.37%"
"05/02/2025","1.05","1.04","1.07","1.04","8.23K","1.44%"
"04/02/2025","1.04","1.03","1.06","1.02","35.41K","0.00%"
"03/02/2025","1.03","1.05","1.05","1.03","19.59K","0.00%"
"31/01/2025","1.03","1.04","1.06","1.03","27.14K","-0.96%"
"30/01/2025","1.04","1.06","1.09","1.03","34.93K","-2.80%"
"29/01/2025","1.07","1.05","1.11","1.03","108.44K","0.94%"
"28/01/2025","1.06","1.05","1.09","1.03","79.17K","0.00%"
"27/01/2025","1.05","1.06","1.06","1.03","19.64K","0.00%"
"24/01/2025","1.06","1.10","1.11","1.05","43.00K","-2.30%"
"23/01/2025","1.09","1.13","1.15","1.03","177.94K","-3.98%"
"22/01/2025","1.13","1.01","1.18","1.01","537.15K","11.88%"
"21/01/2025","1.01","0.95","1.13","0.90","258.07K","8.60%"
"20/01/2025","0.93","0.92","0.96","0.91","26.07K","-2.92%"
"17/01/2025","0.96","0.96","0.97","0.92","12.99K","0.00%"
"16/01/2025","0.96","0.95","0.96","0.90","41.36K","2.13%"
"15/01/2025","0.94","0.89","0.97","0.87","151.89K","10.59%"
"14/01/2025","0.85","0.89","0.89","0.85","24.14K","-3.41%"
"13/01/2025","0.88","0.90","0.90","0.85","4.36K","-2.22%"
"10/01/2025","0.90","0.87","0.90","0.85","11.01K","2.74%"
"09/01/2025","0.88","0.85","0.88","0.85","11.72K","3.55%"
"08/01/2025","0.85","0.90","0.90","0.84","67.67K","-6.42%"
"07/01/2025","0.90","0.90","0.93","0.89","10.92K","-3.00%"
"03/01/2025","0.93","0.92","0.94","0.90","15.32K","1.30%"
"02/01/2025","0.92","0.84","0.92","0.84","46.56K","6.98%"
"30/12/2024","0.86","0.84","0.87","0.82","27.32K","2.63%"
"27/12/2024","0.84","0.86","0.89","0.82","35.75K","1.45%"
"23/12/2024","0.83","0.85","0.86","0.82","94.76K","-2.82%"
"20/12/2024","0.85","0.86","0.88","0.83","45.55K","-1.16%"
"19/12/2024","0.86","0.87","0.87","0.83","61.76K","-1.15%"
"18/12/2024","0.87","0.88","0.88","0.86","40.13K","-1.36%"
"17/12/2024","0.88","0.91","0.93","0.87","72.05K","-4.96%"
"16/12/2024","0.93","0.91","0.93","0.90","24.99K","2.65%"
"13/12/2024","0.90","0.91","0.97","0.90","79.83K","-5.83%"
"12/12/2024","0.96","1.04","1.04","0.94","134.94K","-6.34%"
"11/12/2024","1.02","1.05","1.06","1.00","58.31K","-2.38%"
"10/12/2024","1.05","1.06","1.07","1.00","182.56K","-0.94%"
"09/12/2024","1.06","1.23","1.23","1.00","378.12K","-13.47%"
"06/12/2024","1.23","1.37","1.37","1.22","48.25K","-8.58%"
"05/12/2024","1.34","1.40","1.40","1.34","7.39K","-4.29%"
"04/12/2024","1.40","1.38","1.40","1.34","12.89K","1.82%"
"03/12/2024","1.38","1.38","1.40","1.34","27.82K","-4.51%"
"02/12/2024","1.44","1.48","1.48","1.44","5.42K","-2.37%"
"29/11/2024","1.48","1.48","1.48","1.45","2.51K","0.00%"
"28/11/2024","1.48","1.45","1.48","1.45","4.73K","0.68%"
"27/11/2024","1.47","1.44","1.47","1.44","7.59K","1.38%"
"26/11/2024","1.45","1.44","1.47","1.44","10.27K","2.11%"
"25/11/2024","1.42","1.42","1.44","1.40","6.80K","-1.39%"
"22/11/2024","1.44","1.40","1.44","1.40","12.43K","1.41%"
"21/11/2024","1.42","1.41","1.42","1.40","3.16K","2.16%"
"20/11/2024","1.39","1.39","1.40","1.39","8.01K","-0.71%"
"19/11/2024","1.40","1.41","1.41","1.39","2.82K","-1.06%"
"18/11/2024","1.41","1.40","1.44","1.38","10.34K","-1.74%"
"15/11/2024","1.44","1.41","1.44","1.41","1.76K","2.49%"
"14/11/2024","1.40","1.41","1.41","1.38","17.23K","-2.77%"
"13/11/2024","1.45","1.40","1.45","1.40","15.27K","-1.70%"
"12/11/2024","1.47","1.43","1.49","1.39","10.20K","2.80%"
"08/11/2024","1.43","1.49","1.49","1.42","5.11K","-1.04%"
"07/11/2024","1.45","1.52","1.52","1.45","0.36K","-3.34%"
"06/11/2024","1.50","1.45","1.50","1.41","3.72K","2.05%"
"05/11/2024","1.47","1.46","1.47","1.40","10.02K","-1.35%"
"04/11/2024","1.49","1.49","1.49","1.45","2.60K","-0.67%"
"31/10/2024","1.50","1.47","1.50","1.45","5.87K","0.00%"
"30/10/2024","1.50","1.51","1.51","1.47","1.43K","-1.32%"
"29/10/2024","1.51","1.50","1.51","1.46","3.85K","-2.26%"
"28/10/2024","1.55","1.50","1.55","1.50","9.20K","0.00%"
"25/10/2024","1.55","1.54","1.55","1.54","0.10K","2.65%"
"24/10/2024","1.51","1.53","1.54","1.51","2.19K","-1.31%"
"23/10/2024","1.53","1.52","1.54","1.50","1.33K","0.00%"
"22/10/2024","1.52","1.52","1.55","1.52","0.79K","0.00%"
"21/10/2024","1.52","1.60","1.60","1.52","1.24K","-4.70%"
"18/10/2024","1.60","1.60","1.60","1.60","0.02K","1.27%"
"17/10/2024","1.58","1.60","1.61","1.53","4.70K","2.94%"
"16/10/2024","1.53","1.57","1.57","1.53","3.79K","-3.77%"
"15/10/2024","1.59","1.60","1.60","1.59","5.94K","0.00%"
"14/10/2024","1.60","1.53","1.60","1.53","8.80K","5.28%"
"11/10/2024","1.51","1.59","1.59","1.31","90.48K","-4.72%"
"10/10/2024","1.59","1.60","1.60","1.57","0.15K","-0.62%"
"09/10/2024","1.60","1.54","1.60","1.54","5.80K","2.56%"
"08/10/2024","1.56","1.57","1.60","1.56","7.24K","-2.80%"
"07/10/2024","1.61","1.57","1.61","1.57","0.61K","2.23%"
"04/10/2024","1.57","1.58","1.58","1.57","1.57K","0.00%"
"03/10/2024","1.58","1.60","1.60","1.58","0.64K","0.96%"
"02/10/2024","1.56","1.60","1.61","1.56","3.15K","-2.50%"
"01/10/2024","1.60","1.63","1.63","1.55","23.86K","-4.19%"
"30/09/2024","1.67","1.67","1.67","1.64","1.29K","0.00%"
"27/09/2024","1.66","1.66","1.67","1.62","5.60K","0.00%"
"26/09/2024","1.66","1.63","1.66","1.63","3.03K","0.00%"
"25/09/2024","1.66","1.65","1.67","1.65","0.16K","0.00%"
"24/09/2024","1.66","1.60","1.67","1.59","8.25K","4.40%"
"23/09/2024","1.59","1.62","1.64","1.57","9.48K","-3.34%"
"20/09/2024","1.64","1.61","1.66","1.60","45.76K","0.61%"
"19/09/2024","1.63","1.60","1.63","1.59","3.57K","0.00%"
"18/09/2024","1.63","1.65","1.65","1.61","3.94K","-1.21%"
"17/09/2024","1.65","1.64","1.65","1.61","4.55K","0.61%"
"16/09/2024","1.64","1.63","1.64","1.61","2.82K","0.00%"
"13/09/2024","1.63","1.63","1.63","1.63","0.00K","0.00%"
"12/09/2024","1.63","1.62","1.64","1.62","1.96K","0.00%"
"11/09/2024","1.64","1.63","1.64","1.63","4.21K","0.92%"
"10/09/2024","1.63","1.62","1.63","1.60","3.70K","0.93%"
"09/09/2024","1.61","1.62","1.62","1.60","10.08K","1.26%"
"06/09/2024","1.59","1.62","1.62","1.59","3.05K","-1.85%"
"05/09/2024","1.62","1.60","1.62","1.60","8.98K","0.00%"
"04/09/2024","1.63","1.63","1.63","1.59","4.78K","0.00%"
"03/09/2024","1.63","1.64","1.64","1.56","42.30K","0.00%"
"02/09/2024","1.63","1.67","1.67","1.62","17.52K","-2.40%"
"30/08/2024","1.67","1.67","1.67","1.66","3.71K","0.00%"
"29/08/2024","1.67","1.65","1.67","1.64","4.90K","0.90%"
"28/08/2024","1.66","1.79","1.79","1.62","71.12K","-7.26%"
"27/08/2024","1.79","1.79","1.79","1.73","9.55K","0.85%"
"26/08/2024","1.77","1.71","1.79","1.71","25.77K","2.31%"
"23/08/2024","1.74","1.67","1.74","1.62","26.09K","4.52%"
"22/08/2024","1.66","1.63","1.67","1.63","2.82K","-0.90%"
"21/08/2024","1.67","1.67","1.67","1.67","0.20K","0.00%"
"20/08/2024","1.67","1.68","1.68","1.67","2.60K","0.00%"
"19/08/2024","1.68","1.64","1.69","1.60","13.73K","2.44%"
"16/08/2024","1.64","1.60","1.64","1.60","1.96K","0.00%"
"14/08/2024","1.64","1.58","1.64","1.58","6.75K","3.47%"
"13/08/2024","1.59","1.64","1.64","1.58","17.13K","-3.35%"
"12/08/2024","1.64","1.64","1.64","1.64","1.90K","-0.91%"
"09/08/2024","1.65","1.62","1.65","1.61","8.30K","0.91%"
"08/08/2024","1.64","1.64","1.65","1.62","6.07K","0.00%"
"07/08/2024","1.64","1.68","1.69","1.62","11.61K","-2.66%"
"06/08/2024","1.69","1.62","1.69","1.62","10.39K","1.50%"
"05/08/2024","1.66","1.65","1.68","1.62","12.40K","-1.19%"
"02/08/2024","1.68","1.67","1.69","1.65","0.53K","1.81%"
"01/08/2024","1.65","1.68","1.68","1.65","1.29K","0.00%"
"31/07/2024","1.65","1.68","1.68","1.65","1.75K","0.00%"
"30/07/2024","1.65","1.67","1.67","1.63","5.76K","-1.49%"
"29/07/2024","1.67","1.68","1.68","1.65","3.59K","-0.89%"
"26/07/2024","1.69","1.66","1.69","1.65","11.88K","3.05%"
"25/07/2024","1.64","1.66","1.67","1.64","8.93K","-1.20%"
"24/07/2024","1.66","1.71","1.71","1.63","6.78K","-2.92%"
"23/07/2024","1.71","1.72","1.72","1.71","3.61K","0.00%"
"22/07/2024","1.72","1.72","1.72","1.65","10.34K","-0.58%"
"19/07/2024","1.73","1.73","1.73","1.73","0.00K","0.00%"
"18/07/2024","1.73","1.65","1.73","1.65","14.94K","4.55%"
"17/07/2024","1.65","1.68","1.68","1.61","30.52K","-1.79%"
"16/07/2024","1.68","1.71","1.71","1.68","12.40K","-1.75%"
"15/07/2024","1.71","1.71","1.71","1.68","3.85K","1.48%"
"12/07/2024","1.68","1.71","1.73","1.68","18.38K","-0.88%"
"11/07/2024","1.70","1.71","1.71","1.68","6.71K","-0.58%"
"10/07/2024","1.71","1.69","1.71","1.68","5.49K","1.18%"
"09/07/2024","1.69","1.70","1.71","1.68","2.63K","-0.88%"
"08/07/2024","1.71","1.71","1.71","1.68","1.77K","0.00%"
"05/07/2024","1.71","1.71","1.72","1.70","6.75K","0.59%"
"04/07/2024","1.70","1.69","1.70","1.67","5.37K","0.59%"
"03/07/2024","1.69","1.65","1.72","1.65","11.56K","3.36%"
"02/07/2024","1.63","1.70","1.70","1.60","38.72K","-3.54%"
"01/07/2024","1.70","1.71","1.71","1.68","23.44K","-0.88%"
"28/06/2024","1.71","1.73","1.74","1.68","0.85K","-0.58%"
"27/06/2024","1.72","1.73","1.73","1.69","45.80K","0.00%"
"26/06/2024","1.72","1.73","1.74","1.71","7.84K","0.00%"
"25/06/2024","1.72","1.72","1.72","1.70","7.08K","2.99%"
"24/06/2024","1.67","1.70","1.70","1.67","1.46K","-1.76%"
"21/06/2024","1.70","1.72","1.75","1.67","19.77K","1.80%"
"20/06/2024","1.67","1.74","1.75","1.67","6.64K","-4.30%"
"19/06/2024","1.75","1.70","1.75","1.70","0.52K","0.00%"
"18/06/2024","1.75","1.70","1.76","1.70","31.42K","2.65%"
"17/06/2024","1.70","1.70","1.70","1.67","3.65K","0.00%"
"14/06/2024","1.70","1.70","1.70","1.68","8.54K","-2.86%"
"13/06/2024","1.75","1.70","1.75","1.70","11.02K","2.94%"
"12/06/2024","1.70","1.68","1.70","1.68","7.62K","0.59%"
"11/06/2024","1.69","1.65","1.69","1.64","13.84K","2.42%"
"10/06/2024","1.65","1.70","1.70","1.65","18.60K","-2.94%"
"07/06/2024","1.70","1.74","1.74","1.70","22.79K","-2.86%"
"06/06/2024","1.75","1.75","1.78","1.73","33.13K","-0.85%"
"05/06/2024","1.76","1.78","1.78","1.76","1.75K","0.00%"
"04/06/2024","1.77","1.78","1.78","1.75","6.40K","-0.84%"
"03/06/2024","1.78","1.82","1.82","1.74","32.52K","-1.65%"
"31/05/2024","1.82","1.74","1.85","1.74","94.59K","-4.47%"
"29/05/2024","1.90","1.93","1.93","1.89","1.02K","-1.55%"
"28/05/2024","1.93","1.89","1.93","1.88","11.78K","1.85%"
"27/05/2024","1.89","1.89","1.92","1.87","8.24K","0.00%"
"24/05/2024","1.89","1.92","1.92","1.88","7.96K","-1.30%"
"23/05/2024","1.92","1.93","1.96","1.88","16.11K","-0.52%"
"22/05/2024","1.93","1.91","1.93","1.91","16.41K","1.05%"
"21/05/2024","1.91","1.92","1.92","1.89","1.55K","0.00%"
"20/05/2024","1.91","1.91","1.92","1.88","4.13K","1.60%"
"17/05/2024","1.88","1.91","1.92","1.88","16.46K","-1.05%"
"16/05/2024","1.90","1.93","1.94","1.88","28.90K","-2.06%"
"15/05/2024","1.94","1.90","1.94","1.83","62.21K","1.57%"
"14/05/2024","1.91","1.88","1.93","1.88","5.18K","-1.04%"
"13/05/2024","1.93","1.92","1.94","1.88","23.13K","1.58%"
"10/05/2024","1.90","1.93","1.93","1.87","17.29K","0.00%"
"09/05/2024","1.90","1.93","1.94","1.87","13.21K","-1.81%"
"08/05/2024","1.93","1.94","1.94","1.90","3.03K","0.00%"
"07/05/2024","1.93","1.88","1.95","1.88","29.41K","2.66%"
"06/05/2024","1.88","1.89","1.93","1.85","67.80K","1.08%"
"02/05/2024","1.86","1.86","1.95","1.80","32.90K","-3.12%"
"30/04/2024","1.92","1.89","1.97","1.87","13.84K","1.32%"
"29/04/2024","1.89","1.88","1.89","1.83","6.29K","0.80%"
"26/04/2024","1.88","1.93","1.93","1.83","57.99K","-3.09%"
"25/04/2024","1.94","1.95","1.95","1.87","5.90K","0.00%"
"24/04/2024","1.95","1.95","1.96","1.95","2.14K","0.00%"
"23/04/2024","1.95","1.87","1.95","1.86","10.73K","2.91%"
"22/04/2024","1.89","1.97","1.98","1.80","62.42K","-3.57%"
"19/04/2024","1.96","1.90","1.98","1.90","38.62K","-2.49%"
"18/04/2024","2.01","2.01","2.01","1.98","1.98K","0.00%"
"17/04/2024","2.01","2.01","2.01","1.98","6.11K","-0.50%"
"16/04/2024","2.02","2.05","2.05","1.96","14.31K","-1.46%"
"15/04/2024","2.05","2.03","2.06","1.99","15.13K","1.49%"
"12/04/2024","2.02","2.04","2.04","1.99","11.48K","-0.98%"
"11/04/2024","2.04","2.04","2.04","1.96","36.47K","1.49%"
"10/04/2024","2.01","2.04","2.06","1.97","24.49K","-2.90%"
"09/04/2024","2.07","2.06","2.07","2.04","4.38K","0.49%"
"08/04/2024","2.06","2.05","2.07","2.01","4.85K","0.49%"
"05/04/2024","2.05","2.06","2.07","2.01","15.09K","-0.97%"
"04/04/2024","2.07","2.05","2.07","2.02","3.35K","0.98%"
"03/04/2024","2.05","2.10","2.10","2.01","11.68K","-2.38%"
"02/04/2024","2.10","2.10","2.11","2.00","8.14K","-0.71%"
"28/03/2024","2.12","2.08","2.14","2.06","16.58K","2.67%"
"27/03/2024","2.06","2.10","2.10","2.06","5.31K","-0.96%"
"26/03/2024","2.08","2.11","2.11","2.07","12.36K","-1.19%"
"25/03/2024","2.11","2.09","2.11","2.06","8.19K","0.72%"
"22/03/2024","2.09","2.11","2.11","2.06","4.79K","-0.48%"
"21/03/2024","2.10","2.01","2.10","2.00","21.86K","0.96%"
"20/03/2024","2.08","2.10","2.10","2.02","3.54K","-0.72%"
"19/03/2024","2.10","2.09","2.11","2.04","5.30K","1.21%"
"18/03/2024","2.07","2.05","2.09","2.01","18.20K","0.98%"
"15/03/2024","2.05","2.12","2.12","1.98","46.21K","-3.30%"
"14/03/2024","2.12","2.15","2.18","2.09","34.22K","-1.62%"
"13/03/2024","2.15","2.13","2.16","2.09","21.32K","1.17%"
"12/03/2024","2.13","2.16","2.18","2.11","14.12K","0.47%"
"11/03/2024","2.12","2.09","2.16","2.09","6.93K","1.44%"
"08/03/2024","2.09","2.12","2.12","2.06","15.46K","0.00%"
"07/03/2024","2.09","2.16","2.16","2.06","11.32K","-3.02%"
"06/03/2024","2.15","2.17","2.17","2.09","23.84K","-0.92%"
"05/03/2024","2.17","2.05","2.17","2.05","39.57K","5.58%"
"04/03/2024","2.06","1.96","2.06","1.96","12.01K","3.94%"
"01/03/2024","1.98","2.12","2.12","1.96","118.36K","-7.17%"
"29/02/2024","2.13","2.23","2.24","2.02","107.65K","-4.26%"
"28/02/2024","2.23","2.29","2.33","2.18","19.55K","-2.62%"
"27/02/2024","2.29","2.33","2.36","2.24","85.60K","-1.93%"
"26/02/2024","2.34","2.20","2.34","2.18","106.41K","3.78%"
"23/02/2024","2.25","2.34","2.34","2.21","74.23K","-3.64%"
"22/02/2024","2.34","2.35","2.50","2.22","479.14K","1.08%"
"21/02/2024","2.31","2.07","2.36","2.03","491.51K","14.36%"
"20/02/2024","2.02","2.07","2.07","2.01","15.72K","-1.94%"
"19/02/2024","2.06","2.02","2.06","2.01","24.75K","2.23%"
"16/02/2024","2.02","1.97","2.02","1.95","11.67K","2.08%"
"15/02/2024","1.97","2.03","2.03","1.95","29.40K","-3.24%"
"14/02/2024","2.04","2.08","2.08","1.98","31.78K","-1.69%"
"13/02/2024","2.08","1.90","2.09","1.90","233.90K","9.21%"
"12/02/2024","1.90","1.87","1.90","1.84","7.83K","1.39%"
"09/02/2024","1.87","1.87","1.87","1.85","11.43K","0.00%"
"08/02/2024","1.87","1.87","1.87","1.83","11.49K","0.00%"
"07/02/2024","1.87","1.85","1.87","1.84","3.07K","1.30%"
"06/02/2024","1.85","1.84","1.85","1.79","14.57K","0.33%"
"05/02/2024","1.84","1.86","1.86","1.83","5.53K","-2.75%"
"02/02/2024","1.89","1.89","1.89","1.86","2.24K","0.00%"
"01/02/2024","1.89","1.89","1.89","1.87","4.34K","0.00%"
"31/01/2024","1.89","1.90","1.90","1.87","1.55K","-0.42%"
"30/01/2024","1.90","1.91","1.91","1.85","1.61K","-0.52%"
"29/01/2024","1.91","1.91","1.92","1.87","0.74K","0.00%"
"26/01/2024","1.91","1.87","1.91","1.84","4.21K","1.92%"
"25/01/2024","1.87","1.87","1.87","1.84","0.13K","0.00%"
"24/01/2024","1.87","1.87","1.87","1.83","1.12K","0.00%"
"23/01/2024","1.87","1.88","1.88","1.87","1.39K","-0.32%"
"22/01/2024","1.88","1.88","1.88","1.83","8.42K","-0.32%"
"19/01/2024","1.88","1.88","1.88","1.84","1.48K","2.95%"
"18/01/2024","1.83","1.92","1.92","1.81","22.16K","-3.68%"
"17/01/2024","1.90","1.93","1.93","1.86","7.16K","-0.94%"
"16/01/2024","1.92","1.92","1.92","1.86","10.60K","0.00%"
"15/01/2024","1.92","1.94","1.94","1.90","7.78K","0.52%"
"12/01/2024","1.91","1.94","1.94","1.88","1.84K","-1.65%"
"11/01/2024","1.94","1.94","1.94","1.90","4.80K","0.31%"
"10/01/2024","1.93","1.91","1.94","1.90","25.36K","1.36%"
"09/01/2024","1.91","1.86","1.91","1.82","8.03K","0.95%"
"08/01/2024","1.89","1.89","1.89","1.86","6.39K","0.00%"
"05/01/2024","1.88","1.87","1.89","1.85","15.80K","1.07%"
"04/01/2024","1.86","1.85","1.88","1.85","8.27K","0.00%"
"03/01/2024","1.86","1.86","1.86","1.84","13.63K","0.00%"
"02/01/2024","1.86","1.82","1.87","1.75","18.95K","3.90%"
"29/12/2023","1.79","1.74","1.80","1.71","18.95K","3.46%"
"28/12/2023","1.73","1.70","1.74","1.68","15.01K","0.81%"
"27/12/2023","1.72","1.70","1.76","1.68","92.44K","0.58%"
"22/12/2023","1.71","1.74","1.74","1.71","31.48K","-1.72%"
"21/12/2023","1.74","1.77","1.78","1.70","45.89K","-2.14%"
"20/12/2023","1.78","1.76","1.78","1.75","52.46K","-1.88%"
"19/12/2023","1.81","1.84","1.84","1.76","19.19K","0.78%"
"18/12/2023","1.80","1.78","1.80","1.74","25.66K","-1.96%"
"15/12/2023","1.83","1.88","1.88","1.80","43.36K","-2.45%"
"14/12/2023","1.88","1.90","1.90","1.83","36.54K","-1.05%"
"13/12/2023","1.90","1.88","1.90","1.86","9.27K","-0.52%"
"12/12/2023","1.91","1.88","1.92","1.86","18.64K","-0.83%"
"11/12/2023","1.93","1.93","1.93","1.89","16.45K","0.00%"
"08/12/2023","1.93","1.93","1.93","1.89","9.25K","0.00%"
"07/12/2023","1.93","1.94","1.94","1.91","2.67K","-0.41%"
"06/12/2023","1.94","1.93","1.94","1.88","7.70K","0.31%"
"05/12/2023","1.93","1.90","1.93","1.87","5.94K","1.47%"
"04/12/2023","1.90","1.90","1.90","1.82","31.84K","-1.65%"
"01/12/2023","1.93","1.94","1.94","1.90","14.32K","-0.31%"
"30/11/2023","1.94","1.91","1.94","1.90","3.28K","1.57%"
"29/11/2023","1.91","1.96","1.96","1.89","17.63K","-2.75%"
"28/11/2023","1.96","1.91","1.98","1.90","54.33K","2.61%"
"27/11/2023","1.91","1.91","1.91","1.90","12.29K","0.31%"
"24/11/2023","1.91","1.91","1.91","1.90","7.81K","0.00%"
"23/11/2023","1.91","1.90","1.91","1.90","12.33K","0.00%"
"22/11/2023","1.91","1.91","1.91","1.90","5.76K","0.00%"
"21/11/2023","1.91","1.91","1.91","1.90","5.90K","-0.31%"
"20/11/2023","1.91","1.91","1.91","1.90","9.22K","0.00%"
"17/11/2023","1.91","1.91","1.91","1.91","3.43K","0.00%"
"16/11/2023","1.91","1.91","1.93","1.91","11.42K","-1.14%"
"15/11/2023","1.93","1.92","1.94","1.92","23.85K","0.83%"
"14/11/2023","1.92","1.95","1.95","1.92","4.08K","-1.44%"
"13/11/2023","1.95","1.95","1.95","1.91","3.68K","0.00%"
"10/11/2023","1.94","1.95","1.95","1.92","2.88K","0.00%"
"09/11/2023","1.95","1.94","1.95","1.94","3.59K","0.00%"
"08/11/2023","1.94","1.91","1.94","1.91","8.51K","1.89%"
"07/11/2023","1.91","1.94","1.96","1.90","51.62K","-1.85%"
"06/11/2023","1.94","1.92","1.94","1.92","12.15K","0.41%"
"03/11/2023","1.93","1.92","1.94","1.91","26.72K","-0.31%"
"02/11/2023","1.94","1.91","1.95","1.91","24.16K","1.04%"
"31/10/2023","1.92","1.97","1.97","1.91","52.39K","0.00%"
"30/10/2023","1.92","1.98","1.98","1.92","24.26K","-3.52%"
"27/10/2023","1.99","1.99","1.99","1.92","9.90K","0.00%"
"26/10/2023","1.99","2.00","2.00","1.97","23.78K","0.00%"
"25/10/2023","1.99","1.99","2.00","1.96","5.98K","0.00%"
"24/10/2023","1.99","2.00","2.00","1.96","6.89K","0.00%"
"23/10/2023","1.99","2.00","2.02","1.97","16.26K","0.00%"
"20/10/2023","1.99","1.99","2.09","1.97","50.21K","0.00%"
"19/10/2023","1.99","1.98","2.00","1.97","10.03K","-0.40%"
"18/10/2023","2.00","1.99","2.00","1.98","4.41K","0.00%"
"17/10/2023","2.00","1.98","2.00","1.98","6.63K","0.00%"
"16/10/2023","2.00","2.01","2.03","1.97","12.29K","0.91%"
"13/10/2023","1.98","2.01","2.03","1.98","10.27K","-0.90%"
"12/10/2023","2.00","2.01","2.01","1.96","6.82K","0.00%"
"11/10/2023","2.00","2.01","2.03","1.92","25.07K","0.00%"
"10/10/2023","2.00","2.03","2.03","1.99","10.33K","0.00%"
"09/10/2023","2.00","1.97","2.14","1.97","42.06K","2.15%"
"06/10/2023","1.96","1.99","1.99","1.91","14.14K","-1.61%"
"05/10/2023","1.99","1.97","1.99","1.96","9.71K","0.00%"
"04/10/2023","1.99","2.00","2.00","1.96","6.98K","-0.40%"
"03/10/2023","2.00","2.04","2.04","1.96","9.55K","-2.06%"
"02/10/2023","2.04","2.04","2.05","1.99","15.78K","0.49%"
"29/09/2023","2.03","2.03","2.03","1.99","59.77K","1.00%"
"28/09/2023","2.01","2.00","2.03","1.99","12.98K","-0.99%"
"27/09/2023","2.03","2.07","2.07","2.00","13.29K","-0.25%"
"26/09/2023","2.04","2.08","2.08","2.03","9.57K","-2.40%"
"25/09/2023","2.09","2.12","2.14","2.05","8.40K","-1.65%"
"22/09/2023","2.12","2.18","2.19","2.08","111.92K","1.19%"
"21/09/2023","2.10","2.03","2.10","2.00","38.84K","3.20%"
"20/09/2023","2.03","2.01","2.04","2.00","11.13K","-0.25%"
"19/09/2023","2.04","2.04","2.04","2.02","5.00K","0.99%"
"18/09/2023","2.02","2.06","2.06","2.02","10.57K","-1.23%"
"15/09/2023","2.04","2.06","2.09","2.02","38.65K","0.00%"
"14/09/2023","2.04","2.02","2.06","2.02","4.37K","-0.97%"
"13/09/2023","2.06","2.06","2.06","2.01","14.91K","0.00%"
"12/09/2023","2.06","2.03","2.06","2.03","7.19K","0.74%"
"11/09/2023","2.04","2.02","2.07","2.01","42.35K","0.99%"
"08/09/2023","2.02","2.01","2.02","2.00","17.69K","1.00%"
"07/09/2023","2.00","2.00","2.00","1.99","15.75K","-0.74%"
"06/09/2023","2.02","2.00","2.03","1.99","12.58K","0.00%"
"05/09/2023","2.02","2.00","2.02","1.99","23.03K","0.00%"
"04/09/2023","2.02","2.03","2.03","1.99","29.19K","0.75%"
"01/09/2023","2.01","2.03","2.03","2.00","11.60K","-1.23%"
"31/08/2023","2.03","2.00","2.03","2.00","11.53K","1.50%"
"30/08/2023","2.00","2.00","2.00","1.96","39.99K","0.00%"
"29/08/2023","2.00","2.00","2.05","1.99","123.13K","0.00%"
"28/08/2023","2.00","2.01","2.01","2.00","0.63K","-0.50%"
"25/08/2023","2.01","2.00","2.01","2.00","7.71K","0.00%"
"24/08/2023","2.01","2.01","2.01","2.00","13.44K","0.00%"
"23/08/2023","2.01","2.01","2.02","2.00","6.49K","0.50%"
"22/08/2023","2.00","2.01","2.01","1.99","9.13K","-0.50%"
"21/08/2023","2.01","2.01","2.01","1.99","9.51K","0.00%"
"18/08/2023","2.01","2.00","2.01","2.00","7.86K","0.50%"
"17/08/2023","2.00","2.00","2.03","1.99","26.21K","0.00%"
"16/08/2023","2.00","2.06","2.06","2.00","138.28K","-3.01%"
"14/08/2023","2.06","2.13","2.13","2.00","48.54K","-1.90%"
"11/08/2023","2.10","2.12","2.12","2.08","8.14K","-0.47%"
"10/08/2023","2.11","2.14","2.15","2.05","23.38K","-1.40%"
"09/08/2023","2.14","2.14","2.14","2.12","5.73K","0.00%"
"08/08/2023","2.14","2.17","2.17","2.12","10.49K","-0.92%"
"07/08/2023","2.16","2.17","2.21","2.13","20.41K","0.00%"
"04/08/2023","2.16","2.17","2.17","2.13","4.92K","-0.23%"
"03/08/2023","2.17","2.14","2.17","2.14","14.72K","0.46%"
"02/08/2023","2.16","2.17","2.19","2.14","11.02K","-0.46%"
"01/08/2023","2.17","2.17","2.19","2.16","2.57K","-1.36%"
"31/07/2023","2.20","2.20","2.21","2.17","16.02K","0.00%"
"28/07/2023","2.20","2.21","2.21","2.18","3.68K","-0.45%"
"27/07/2023","2.21","2.19","2.21","2.16","10.93K","0.00%"
"26/07/2023","2.21","2.20","2.21","2.17","7.74K","0.45%"
"25/07/2023","2.20","2.17","2.21","2.17","18.26K","-1.12%"
"24/07/2023","2.22","2.16","2.22","2.16","27.10K","0.00%"
"21/07/2023","2.22","2.20","2.22","2.16","4.93K","1.14%"
"20/07/2023","2.20","2.21","2.21","2.16","22.84K","-0.68%"
"19/07/2023","2.21","2.23","2.23","2.19","23.76K","-0.45%"
"18/07/2023","2.22","2.24","2.24","2.20","21.21K","-0.89%"
"17/07/2023","2.24","2.26","2.26","2.22","33.97K","-0.88%"
"14/07/2023","2.27","2.28","2.28","2.24","3.44K","-0.44%"
"13/07/2023","2.28","2.29","2.29","2.25","2.01K","-0.87%"
"12/07/2023","2.30","2.30","2.30","2.25","4.48K","0.22%"
"11/07/2023","2.29","2.30","2.30","2.23","7.25K","-0.22%"
"10/07/2023","2.30","2.22","2.32","2.22","13.88K","2.91%"
"07/07/2023","2.23","2.19","2.35","2.16","40.05K","1.59%"
"06/07/2023","2.19","2.19","2.19","2.16","4.92K","-0.23%"
"05/07/2023","2.20","2.16","2.20","2.15","9.50K","0.00%"
"04/07/2023","2.20","2.19","2.23","2.15","15.70K","-1.34%"
"03/07/2023","2.23","2.25","2.26","2.18","6.52K","-0.67%"
"30/06/2023","2.25","2.25","2.25","2.21","2.01K","0.00%"
"29/06/2023","2.25","2.21","2.26","2.16","11.29K","1.81%"
"28/06/2023","2.21","2.23","2.26","2.16","12.07K","-0.90%"
"27/06/2023","2.23","2.24","2.24","2.20","4.12K","-0.45%"
"26/06/2023","2.24","2.24","2.24","2.20","8.91K","0.00%"
"23/06/2023","2.24","2.27","2.27","2.22","5.53K","-1.10%"
"22/06/2023","2.27","2.26","2.27","2.24","2.19K","0.22%"
"21/06/2023","2.26","2.29","2.29","2.23","3.64K","-0.88%"
"20/06/2023","2.28","2.28","2.29","2.28","1.59K","0.00%"
"19/06/2023","2.28","2.24","2.28","2.23","4.92K","1.11%"
"16/06/2023","2.25","2.25","2.25","2.22","4.73K","0.00%"
"15/06/2023","2.25","2.25","2.25","2.20","4.10K","0.00%"
"14/06/2023","2.25","2.24","2.25","2.20","6.93K","0.45%"
"13/06/2023","2.24","2.29","2.29","2.20","15.06K","-0.44%"
"12/06/2023","2.25","2.32","2.33","2.23","4.86K","-3.23%"
"09/06/2023","2.33","2.28","2.33","2.28","32.39K","2.42%"
"07/06/2023","2.27","2.27","2.27","2.25","0.57K","0.00%"
"06/06/2023","2.27","2.30","2.30","2.26","1.66K","-1.09%"
"05/06/2023","2.30","2.24","2.30","2.21","24.67K","2.46%"
"02/06/2023","2.24","2.23","2.24","2.20","8.25K","0.22%"
"01/06/2023","2.23","2.24","2.24","2.20","0.79K","-0.22%"
"31/05/2023","2.24","2.27","2.27","2.16","17.29K","-1.32%"
"30/05/2023","2.27","2.28","2.28","2.24","0.45K","-0.66%"
"29/05/2023","2.29","2.28","2.29","2.24","8.37K","0.00%"
"26/05/2023","2.29","2.28","2.30","2.23","6.43K","0.44%"
"25/05/2023","2.28","2.32","2.33","2.24","9.33K","-1.30%"
"24/05/2023","2.31","2.31","2.33","2.25","13.78K","0.00%"
"23/05/2023","2.31","2.34","2.35","2.26","23.68K","-1.28%"
"22/05/2023","2.34","2.36","2.42","2.28","65.23K","3.32%"
"19/05/2023","2.26","2.27","2.27","2.20","21.24K","-1.31%"
"18/05/2023","2.29","2.31","2.31","2.21","8.32K","-0.43%"
"17/05/2023","2.30","2.31","2.31","2.26","4.53K","-0.43%"
"16/05/2023","2.31","2.28","2.31","2.26","13.02K","1.32%"
"15/05/2023","2.28","2.25","2.30","2.22","27.17K","-0.87%"
"12/05/2023","2.30","2.29","2.30","2.26","3.71K","0.44%"
"11/05/2023","2.29","2.26","2.30","2.26","1.27K","0.66%"
"10/05/2023","2.28","2.28","2.28","2.25","5.71K","1.11%"
"09/05/2023","2.25","2.27","2.28","2.25","4.41K","-0.88%"
"08/05/2023","2.27","2.29","2.30","2.25","14.66K","-0.87%"
"05/05/2023","2.29","2.30","2.30","2.25","5.49K","-0.43%"
"04/05/2023","2.30","2.29","2.32","2.26","3.78K","-1.71%"
"02/05/2023","2.34","2.33","2.35","2.25","20.49K","-0.43%"
"28/04/2023","2.35","2.37","2.37","2.30","8.16K","-0.84%"
"27/04/2023","2.37","2.39","2.40","2.33","10.97K","0.00%"
"26/04/2023","2.37","2.33","2.41","2.30","45.99K","1.94%"
"25/04/2023","2.33","2.27","2.42","2.21","113.11K","2.65%"
"24/04/2023","2.27","2.28","2.28","2.22","12.91K","-0.66%"
"21/04/2023","2.28","2.31","2.36","2.25","25.61K","-0.87%"
"20/04/2023","2.30","2.32","2.40","2.24","24.74K","-0.86%"
"19/04/2023","2.32","2.31","2.35","2.26","30.73K","-0.85%"
"18/04/2023","2.34","2.38","2.39","2.30","19.11K","-1.68%"
"17/04/2023","2.38","2.34","2.41","2.29","13.72K","3.93%"
"14/04/2023","2.29","2.39","2.45","2.23","41.29K","-4.58%"
"13/04/2023","2.40","2.25","2.47","2.24","78.07K","7.14%"
"12/04/2023","2.24","2.29","2.29","2.20","19.34K","-2.18%"
"11/04/2023","2.29","2.32","2.34","2.13","39.80K","-2.14%"
"06/04/2023","2.34","2.33","2.35","2.33","2.56K","0.43%"
"05/04/2023","2.33","2.35","2.46","2.33","17.36K","-0.85%"
"04/04/2023","2.35","2.34","2.35","2.30","10.68K","0.00%"
"03/04/2023","2.35","2.34","2.41","2.34","11.59K","0.43%"
"31/03/2023","2.34","2.25","2.59","2.21","160.31K","3.08%"
"30/03/2023","2.27","2.25","2.29","2.18","15.14K","0.89%"
"29/03/2023","2.25","2.25","2.27","2.15","38.03K","-0.88%"
"28/03/2023","2.27","2.31","2.34","2.21","28.75K","-1.30%"
"27/03/2023","2.30","2.13","2.34","2.07","52.17K","7.48%"
"24/03/2023","2.14","2.15","2.15","2.05","35.24K","-1.83%"
"23/03/2023","2.18","2.19","2.19","2.10","9.35K","-0.46%"
"22/03/2023","2.19","2.19","2.19","2.13","10.44K","0.00%"
"21/03/2023","2.19","2.18","2.19","2.12","13.28K","0.92%"
"20/03/2023","2.17","2.20","2.20","2.11","22.71K","0.46%"
"17/03/2023","2.16","2.19","2.25","2.16","22.85K","-3.57%"
"16/03/2023","2.24","2.24","2.25","2.17","8.86K","0.00%"
"15/03/2023","2.24","2.35","2.35","2.17","41.94K","-4.68%"
"14/03/2023","2.35","2.28","2.42","2.28","50.78K","2.62%"
"13/03/2023","2.29","2.34","2.37","2.20","26.71K","-2.97%"
"10/03/2023","2.36","2.38","2.38","2.32","11.42K","-2.07%"
"09/03/2023","2.41","2.42","2.47","2.35","14.99K","-0.82%"
"08/03/2023","2.43","2.40","2.45","2.34","14.48K","0.83%"
"07/03/2023","2.41","2.45","2.47","2.35","31.10K","-1.63%"
"06/03/2023","2.45","2.47","2.55","2.40","46.11K","-0.81%"
"03/03/2023","2.47","2.44","2.48","2.38","9.55K","1.23%"
"02/03/2023","2.44","2.47","2.49","2.31","37.56K","-1.21%"
"01/03/2023","2.47","2.44","2.50","2.41","19.40K","-1.20%"
"28/02/2023","2.50","2.50","2.56","2.45","12.47K","-1.96%"
"27/02/2023","2.55","2.50","2.55","2.40","28.48K","1.59%"
"24/02/2023","2.51","2.48","2.53","2.45","17.03K","1.21%"
"23/02/2023","2.48","2.50","2.50","2.41","31.76K","-0.80%"
"22/02/2023","2.50","2.57","2.64","2.44","73.34K","-1.57%"
"21/02/2023","2.54","2.78","2.82","2.51","167.08K","-7.97%"
"20/02/2023","2.76","2.72","2.91","2.70","114.05K","1.47%"
"17/02/2023","2.72","2.66","2.73","2.58","92.86K","2.26%"
"16/02/2023","2.66","2.82","2.84","2.64","116.43K","-5.00%"
"15/02/2023","2.80","2.49","2.80","2.46","240.22K","13.82%"
"14/02/2023","2.46","2.58","2.66","2.42","138.64K","-2.38%"
"13/02/2023","2.52","2.39","2.62","2.38","226.39K","4.56%"
"10/02/2023","2.41","2.35","2.45","2.28","25.37K","3.43%"
"09/02/2023","2.33","2.32","2.35","2.27","24.75K","0.43%"
"08/02/2023","2.32","2.34","2.34","2.27","18.91K","-0.85%"
"07/02/2023","2.34","2.30","2.40","2.27","63.12K","-6.40%"
"06/02/2023","2.50","2.54","2.54","2.47","6.39K","-0.79%"
"03/02/2023","2.52","2.50","2.60","2.50","52.32K","2.02%"
"02/02/2023","2.47","2.51","2.52","2.43","51.46K","2.49%"
"01/02/2023","2.41","2.42","2.43","2.32","22.11K","1.26%"
"31/01/2023","2.38","2.40","2.40","2.30","16.98K","-2.06%"
"30/01/2023","2.43","2.30","2.48","2.27","82.21K","6.58%"
"27/01/2023","2.28","2.29","2.29","2.27","0.87K","-0.44%"
"26/01/2023","2.29","2.28","2.30","2.24","21.52K","0.88%"
"25/01/2023","2.27","2.28","2.29","2.23","13.35K","-0.44%"
"24/01/2023","2.28","2.24","2.29","2.23","54.38K","3.17%"
"23/01/2023","2.21","2.18","2.21","2.18","5.91K","1.38%"
"20/01/2023","2.18","2.20","2.20","2.14","1.48K","-0.91%"
"19/01/2023","2.20","2.21","2.22","2.15","6.69K","0.00%"
"18/01/2023","2.20","2.22","2.22","2.16","4.48K","0.00%"
"17/01/2023","2.20","2.14","2.23","2.12","16.96K","3.29%"
"16/01/2023","2.13","2.12","2.14","2.09","5.84K","1.43%"
"13/01/2023","2.10","2.12","2.12","2.10","2.58K","-0.94%"
"12/01/2023","2.12","2.10","2.12","2.07","15.07K","-1.40%"
"11/01/2023","2.15","2.16","2.16","2.07","15.58K","-0.46%"
"10/01/2023","2.16","2.16","2.16","2.13","3.03K","0.00%"
"09/01/2023","2.16","2.14","2.17","2.14","32.15K","0.93%"
"05/01/2023","2.14","2.13","2.17","2.10","16.95K","0.00%"
"04/01/2023","2.14","2.14","2.14","2.09","6.85K","0.00%"
"03/01/2023","2.14","2.06","2.14","2.06","22.45K","0.00%"
"02/01/2023","2.14","2.07","2.15","2.05","12.99K","2.39%"
"30/12/2022","2.09","2.12","2.12","2.04","3.61K","-1.42%"
"29/12/2022","2.12","2.07","2.12","2.01","2.64K","2.42%"
"28/12/2022","2.07","2.02","2.08","1.97","52.10K","0.00%"
"27/12/2022","2.07","2.02","2.08","2.00","65.44K","0.98%"
"23/12/2022","2.05","2.05","2.08","2.03","18.47K","-1.44%"
"22/12/2022","2.08","2.05","2.08","2.02","7.68K","-0.48%"
"21/12/2022","2.09","2.09","2.09","2.04","6.34K","0.00%"
"20/12/2022","2.09","2.06","2.10","2.02","23.60K","0.00%"
"19/12/2022","2.09","2.10","2.11","2.06","24.39K","-1.42%"
"16/12/2022","2.12","2.14","2.15","2.11","16.42K","-1.40%"
"15/12/2022","2.15","2.14","2.17","2.14","2.23K","0.00%"
"14/12/2022","2.15","2.17","2.17","2.13","18.12K","-1.38%"
"13/12/2022","2.18","2.17","2.22","2.13","46.06K","0.00%"
"12/12/2022","2.18","2.20","2.22","2.16","9.21K","-0.91%"
"09/12/2022","2.20","2.21","2.21","2.16","9.63K","-0.45%"
"08/12/2022","2.21","2.22","2.22","2.18","0.15K","-0.45%"
"07/12/2022","2.22","2.20","2.22","2.18","18.17K","1.37%"
"06/12/2022","2.19","2.16","2.20","2.16","9.06K","1.39%"
"05/12/2022","2.16","2.21","2.22","2.16","8.95K","-2.70%"
"02/12/2022","2.22","2.18","2.22","2.17","9.96K","-0.45%"
"01/12/2022","2.23","2.23","2.23","2.18","31.90K","-0.45%"
"30/11/2022","2.24","2.23","2.24","2.17","16.10K","0.00%"
"29/11/2022","2.24","2.24","2.25","2.19","5.26K","-1.32%"
"28/11/2022","2.27","2.23","2.27","2.21","2.19K","0.00%"
"25/11/2022","2.27","2.24","2.28","2.22","6.71K","0.00%"
"24/11/2022","2.27","2.30","2.30","2.21","16.85K","-0.44%"
"23/11/2022","2.28","2.28","2.28","2.24","9.70K","0.00%"
"22/11/2022","2.28","2.27","2.28","2.23","10.69K","1.33%"
"21/11/2022","2.25","2.28","2.28","2.21","5.94K","-1.75%"
"18/11/2022","2.29","2.29","2.30","2.22","2.63K","0.00%"
"17/11/2022","2.29","2.25","2.32","2.24","23.26K","1.78%"
"16/11/2022","2.25","2.27","2.35","2.15","50.41K","0.45%"
"15/11/2022","2.24","2.23","2.24","2.18","3.35K","0.45%"
"14/11/2022","2.23","2.20","2.24","2.18","9.50K","-0.45%"
"10/11/2022","2.24","2.16","2.29","2.16","29.86K","3.23%"
"09/11/2022","2.17","2.23","2.23","2.15","10.49K","-2.69%"
"08/11/2022","2.23","2.18","2.26","2.15","42.67K","2.29%"
"07/11/2022","2.18","2.29","2.30","2.13","63.73K","-6.03%"
"04/11/2022","2.32","2.34","2.34","2.27","25.56K","-0.43%"
"03/11/2022","2.33","2.34","2.34","2.28","5.43K","-0.43%"
"02/11/2022","2.34","2.37","2.37","2.29","19.75K","-1.27%"
"31/10/2022","2.37","2.30","2.40","2.26","16.47K","-1.25%"
"28/10/2022","2.40","2.31","2.46","2.31","13.37K","3.00%"
"27/10/2022","2.33","2.31","2.33","2.24","10.50K","0.87%"
"26/10/2022","2.31","2.34","2.35","2.27","12.71K","-0.86%"
"25/10/2022","2.33","2.30","2.33","2.27","4.65K","1.30%"
"24/10/2022","2.30","2.30","2.33","2.27","4.58K","-0.86%"
"21/10/2022","2.32","2.30","2.35","2.26","12.78K","-1.69%"
"20/10/2022","2.36","2.40","2.50","2.29","28.88K","-2.48%"
"19/10/2022","2.42","2.41","2.45","2.35","4.13K","0.41%"
"18/10/2022","2.41","2.44","2.48","2.35","12.80K","-1.23%"
"17/10/2022","2.44","2.54","2.70","2.32","136.88K","-2.01%"
"14/10/2022","2.49","2.31","2.54","2.23","138.37K","7.79%"
"13/10/2022","2.31","2.40","2.42","2.24","33.63K","-5.33%"
"12/10/2022","2.44","2.64","2.76","2.38","220.82K","-6.15%"
"11/10/2022","2.60","2.60","2.67","2.46","86.07K","0.00%"
"10/10/2022","2.60","2.35","2.65","2.21","190.00K","19.27%"
"07/10/2022","2.18","2.13","2.19","2.13","190.00K","-0.46%"
"06/10/2022","2.19","2.20","2.20","2.14","200.00K","-0.45%"
"05/10/2022","2.20","2.20","2.20","2.15","200.00K","0.92%"
"04/10/2022","2.18","2.22","2.27","2.18","18.49K","-3.11%"
"03/10/2022","2.25","2.34","2.38","2.21","33.87K","-4.26%"
"30/09/2022","2.35","2.43","2.43","2.25","24.02K","-2.08%"
"29/09/2022","2.40","2.43","2.43","2.35","2.32K","-1.23%"
"28/09/2022","2.43","2.40","2.43","2.40","1.01K","0.83%"
"27/09/2022","2.41","2.46","2.46","2.33","1.23K","1.26%"
"26/09/2022","2.38","2.48","2.48","2.32","4.78K","-4.03%"
"23/09/2022","2.48","2.51","2.51","2.40","3.25K","-1.20%"
"22/09/2022","2.51","2.55","2.55","2.42","3.67K","-0.79%"
"21/09/2022","2.53","2.38","2.60","2.32","53.76K","5.42%"
"20/09/2022","2.40","2.42","2.42","2.32","5.52K","-0.83%"
"19/09/2022","2.42","2.37","2.42","2.32","3.56K","2.54%"
"16/09/2022","2.36","2.37","2.40","2.30","15.75K","0.00%"
"15/09/2022","2.36","2.37","2.37","2.30","7.76K","0.00%"
"14/09/2022","2.36","2.35","2.36","2.31","4.01K","-2.48%"
"13/09/2022","2.42","2.41","2.47","2.36","17.97K","-2.02%"
"12/09/2022","2.47","2.49","2.50","2.40","5.61K","-0.80%"
"09/09/2022","2.49","2.48","2.49","2.37","2.07K","0.40%"
"08/09/2022","2.48","2.48","2.48","2.37","0.99K","0.40%"
"07/09/2022","2.47","2.47","2.47","2.37","1.93K","0.00%"
"06/09/2022","2.47","2.36","2.47","2.36","3.93K","0.82%"
"05/09/2022","2.45","2.46","2.46","2.45","0.06K","-0.41%"
"02/09/2022","2.46","2.40","2.46","2.40","1.51K","2.50%"
"01/09/2022","2.40","2.41","2.46","2.38","6.40K","-2.44%"
"31/08/2022","2.46","2.46","2.52","2.46","6.32K","-0.81%"
"30/08/2022","2.48","2.47","2.50","2.46","3.54K","-0.40%"
"29/08/2022","2.49","2.50","2.50","2.40","2.76K","-1.97%"
"26/08/2022","2.54","2.52","2.54","2.49","13.10K","-1.55%"
"25/08/2022","2.58","2.58","2.58","2.51","12.75K","0.00%"
"24/08/2022","2.58","2.59","2.59","2.53","14.25K","-0.77%"
"23/08/2022","2.60","2.63","2.63","2.60","3.97K","-1.14%"
"22/08/2022","2.63","2.63","2.70","2.63","9.85K","0.00%"
"19/08/2022","2.63","2.69","2.69","2.59","6.54K","-1.50%"
"18/08/2022","2.67","2.67","2.67","2.61","9.93K","0.00%"
"17/08/2022","2.67","2.65","2.67","2.64","1.22K","0.00%"
"16/08/2022","2.67","2.62","2.67","2.62","14.08K","1.91%"
"12/08/2022","2.62","2.60","2.63","2.60","2.17K","1.16%"
"11/08/2022","2.59","2.58","2.60","2.57","5.31K","-0.38%"
"10/08/2022","2.60","2.62","2.62","2.57","16.17K","-1.14%"
"09/08/2022","2.63","2.64","2.64","2.58","3.74K","0.00%"
"08/08/2022","2.63","2.60","2.64","2.58","1.21K","-0.75%"
"05/08/2022","2.65","2.62","2.65","2.61","10.17K","1.15%"
"04/08/2022","2.62","2.67","2.67","2.62","1.92K","-1.87%"
"03/08/2022","2.67","2.68","2.68","2.61","3.25K","0.00%"
"02/08/2022","2.67","2.66","2.71","2.59","25.91K","0.38%"
"01/08/2022","2.66","2.70","2.70","2.56","12.71K","-1.12%"
"29/07/2022","2.69","2.57","2.78","2.57","23.11K","2.28%"
"28/07/2022","2.63","2.61","2.63","2.58","7.39K","1.94%"
"27/07/2022","2.58","2.56","2.63","2.56","9.44K","-0.77%"
"26/07/2022","2.60","2.55","2.60","2.55","5.38K","0.00%"
"25/07/2022","2.60","2.60","2.60","2.55","9.32K","0.00%"
"22/07/2022","2.60","2.63","2.64","2.58","4.55K","-0.76%"
"21/07/2022","2.62","2.61","2.63","2.53","8.20K","0.38%"
"20/07/2022","2.61","2.55","2.63","2.52","14.18K","1.56%"
"19/07/2022","2.57","2.58","2.58","2.53","6.42K","0.00%"
"18/07/2022","2.57","2.58","2.58","2.53","7.67K","-0.39%"
"15/07/2022","2.58","2.58","2.58","2.54","8.93K","0.39%"
"14/07/2022","2.57","2.60","2.60","2.54","5.81K","-1.15%"
"13/07/2022","2.60","2.63","2.63","2.56","8.05K","-1.14%"
"12/07/2022","2.63","2.63","2.63","2.57","13.02K","-0.38%"
"11/07/2022","2.64","2.62","2.67","2.55","18.56K","0.76%"
"08/07/2022","2.62","2.60","2.62","2.56","10.32K","0.77%"
"07/07/2022","2.60","2.60","2.60","2.55","2.03K","1.56%"
"06/07/2022","2.56","2.62","2.62","2.55","33.28K","-3.03%"
"05/07/2022","2.64","2.73","2.73","2.57","17.45K","-0.75%"
"04/07/2022","2.66","2.63","2.72","2.63","9.46K","-0.37%"
"01/07/2022","2.67","2.65","2.70","2.64","6.75K","3.09%"
"30/06/2022","2.59","2.55","2.75","2.55","25.30K","-0.38%"
"29/06/2022","2.60","2.63","2.65","2.55","12.02K","-0.76%"
"28/06/2022","2.62","2.55","2.62","2.55","3.13K","2.34%"
"27/06/2022","2.56","2.64","2.64","2.56","6.70K","-3.03%"
"24/06/2022","2.64","2.59","2.64","2.55","3.54K","1.93%"
"23/06/2022","2.59","2.60","2.60","2.55","38.92K","-0.38%"
"22/06/2022","2.60","2.65","2.65","2.55","4.84K","-1.14%"
"21/06/2022","2.63","2.56","2.63","2.55","8.91K","-0.38%"
"20/06/2022","2.64","2.64","2.64","2.55","9.82K","0.76%"
"17/06/2022","2.62","2.60","2.63","2.56","0.64K","1.16%"
"15/06/2022","2.59","2.63","2.63","2.55","3.80K","-1.52%"
"14/06/2022","2.63","2.60","2.64","2.55","7.45K","0.00%"
"13/06/2022","2.63","2.67","2.67","2.55","20.81K","-1.50%"
"10/06/2022","2.67","2.67","2.67","2.61","14.31K","0.00%"
"09/06/2022","2.67","2.65","2.68","2.62","4.03K","0.00%"
"08/06/2022","2.67","2.69","2.69","2.60","30.83K","-1.11%"
"07/06/2022","2.70","2.64","2.74","2.62","19.94K","1.12%"
"06/06/2022","2.67","2.62","2.67","2.62","4.02K","0.00%"
"03/06/2022","2.67","2.65","2.70","2.62","19.63K","-1.48%"
"02/06/2022","2.71","2.71","2.75","2.66","15.68K","-1.45%"
"01/06/2022","2.75","2.83","2.83","2.70","14.48K","-2.83%"
"31/05/2022","2.83","2.78","2.88","2.74","10.45K","-1.74%"
"30/05/2022","2.88","2.87","2.88","2.80","7.03K","0.35%"
"27/05/2022","2.87","2.82","2.88","2.81","7.22K","2.14%"
"26/05/2022","2.81","2.71","2.83","2.71","5.04K","2.55%"
"25/05/2022","2.74","2.80","2.95","2.70","62.15K","-2.14%"
"24/05/2022","2.80","2.74","2.80","2.69","24.52K","1.82%"
"23/05/2022","2.75","2.70","2.78","2.68","12.67K","0.36%"
"20/05/2022","2.74","2.72","2.76","2.70","6.97K","-0.36%"
"19/05/2022","2.75","2.83","2.83","2.68","9.78K","-2.14%"
"18/05/2022","2.81","2.73","2.87","2.73","20.43K","2.55%"
"17/05/2022","2.74","2.85","2.88","2.72","67.03K","-3.86%"
"16/05/2022","2.85","2.82","2.85","2.76","6.32K","1.06%"
"13/05/2022","2.82","2.80","2.82","2.71","10.52K","0.00%"
"12/05/2022","2.82","2.79","2.85","2.70","24.33K","-1.74%"
"11/05/2022","2.87","2.75","2.97","2.74","31.39K","1.06%"
"10/05/2022","2.84","2.77","2.85","2.66","708.45K","2.53%"
"09/05/2022","2.77","2.70","2.79","2.68","27.38K","-2.12%"
"06/05/2022","2.83","2.82","2.83","2.72","46.71K","-1.39%"
"05/05/2022","2.87","2.90","2.98","2.81","27.35K","-1.71%"
"04/05/2022","2.92","3.08","3.08","2.90","49.80K","-5.19%"
"02/05/2022","3.08","3.18","3.18","3.00","25.78K","-3.14%"
"29/04/2022","3.18","3.09","3.21","3.08","47.25K","2.58%"
"28/04/2022","3.10","3.13","3.14","3.10","7.40K","-1.27%"
"27/04/2022","3.14","3.19","3.19","3.10","19.34K","-1.26%"
"26/04/2022","3.18","3.12","3.30","3.08","62.32K","0.95%"
"25/04/2022","3.15","3.09","3.15","3.05","37.16K","3.28%"
"22/04/2022","3.05","2.96","3.16","2.95","41.31K","1.33%"
"21/04/2022","3.01","3.04","3.05","2.98","26.63K","-1.31%"
"20/04/2022","3.05","3.10","3.11","3.05","14.57K","-1.61%"
"19/04/2022","3.10","3.22","3.24","3.06","20.58K","-3.43%"
"14/04/2022","3.21","3.22","3.23","3.08","20.21K","-0.31%"
"13/04/2022","3.22","3.02","3.25","3.01","56.84K","4.38%"
"12/04/2022","3.09","3.02","3.13","3.02","24.31K","0.82%"
"11/04/2022","3.06","3.05","3.09","3.02","12.21K","0.33%"
"08/04/2022","3.05","3.02","3.12","3.01","11.55K","0.66%"
"07/04/2022","3.03","3.06","3.13","3.02","35.24K","-1.14%"
"06/04/2022","3.07","3.23","3.23","3.05","73.43K","-4.52%"
"05/04/2022","3.21","3.28","3.28","3.20","46.08K","0.00%"
"04/04/2022","3.21","3.22","3.28","3.20","17.80K","0.00%"
"01/04/2022","3.21","3.27","3.27","3.20","15.27K","0.00%"
"31/03/2022","3.21","3.26","3.27","3.20","17.24K","-1.53%"
"30/03/2022","3.26","3.35","3.35","3.20","38.19K","1.40%"
"29/03/2022","3.21","3.31","3.31","3.20","71.51K","-2.58%"
"28/03/2022","3.30","3.45","3.45","3.30","11.09K","-2.37%"
"25/03/2022","3.38","3.30","3.52","3.28","55.33K","2.74%"
"24/03/2022","3.29","3.38","3.45","3.14","132.81K","-4.08%"
"23/03/2022","3.43","3.30","3.55","3.30","47.76K","0.88%"
"22/03/2022","3.40","3.44","3.44","3.32","40.37K","0.00%"
"21/03/2022","3.40","3.48","3.48","3.15","171.95K","2.41%"
"18/03/2022","3.32","3.36","3.43","3.23","55.16K","-1.19%"
"17/03/2022","3.36","3.21","3.42","3.20","71.59K","4.84%"
"16/03/2022","3.20","3.33","3.33","3.20","84.66K","-2.88%"
"15/03/2022","3.30","3.43","3.43","3.24","52.20K","-2.08%"
"14/03/2022","3.37","3.50","3.54","3.28","50.53K","-1.46%"
"11/03/2022","3.42","3.72","3.73","3.25","192.98K","-3.39%"
"10/03/2022","3.54","3.22","3.55","3.20","167.07K","7.93%"
"09/03/2022","3.28","3.39","3.58","3.11","381.54K","-1.80%"
"08/03/2022","3.34","3.60","3.89","3.20","270.85K","-4.30%"
"07/03/2022","3.49","4.20","4.36","3.44","585.91K","-14.25%"
"04/03/2022","4.07","4.70","5.17","4.05","594.26K","-16.77%"
"03/03/2022","4.89","6.05","6.21","4.50","2.14M","-17.95%"
"02/03/2022","5.96","4.55","5.96","4.50","2.57M","37.17%"
"01/03/2022","4.34","4.03","4.34","3.73","649.14K","10.28%"
"28/02/2022","3.94","4.08","4.58","3.85","500.30K","2.34%"
"25/02/2022","3.85","4.00","4.20","3.40","495.58K","-3.27%"
"24/02/2022","3.98","2.56","4.00","2.56","778.69K","45.26%"
"23/02/2022","2.74","2.76","2.82","2.66","1.28K","-0.54%"
"22/02/2022","2.76","2.78","2.78","2.62","2.15K","-1.08%"
"21/02/2022","2.79","2.82","2.82","2.56","7.71K","-1.94%"
"18/02/2022","2.84","2.76","2.84","2.76","4.62K","0.00%"
"17/02/2022","2.84","2.87","2.87","2.77","5.06K","-0.87%"
"16/02/2022","2.87","2.88","2.88","2.80","0.73K","-0.35%"
"15/02/2022","2.88","2.88","2.88","2.88","0.00K","-0.17%"
"14/02/2022","2.88","2.83","2.88","2.76","6.81K","-0.69%"
"11/02/2022","2.90","2.85","2.90","2.83","1.75K","0.00%"
"10/02/2022","2.90","2.90","2.90","2.90","0.10K","0.00%"
"09/02/2022","2.90","2.92","2.92","2.90","0.59K","-0.51%"
"08/02/2022","2.92","2.96","2.96","2.85","0.94K","-1.52%"
"07/02/2022","2.96","2.99","2.99","2.87","0.89K","-1.17%"
"04/02/2022","3.00","2.99","3.00","2.90","1.46K","0.33%"
"03/02/2022","2.99","2.99","3.00","2.95","1.36K","-0.33%"
"02/02/2022","3.00","2.95","3.00","2.86","0.69K","1.52%"
"01/02/2022","2.95","2.91","2.97","2.84","2.81K","-0.51%"
"31/01/2022","2.97","2.84","2.97","2.84","2.40K","2.24%"
"28/01/2022","2.90","2.91","2.91","2.90","0.67K","-0.51%"
"27/01/2022","2.92","2.83","2.92","2.83","1.75K","2.10%"
"26/01/2022","2.86","2.87","2.87","2.83","2.12K","2.88%"
"25/01/2022","2.78","2.95","2.95","2.78","17.65K","-5.92%"
"24/01/2022","2.95","3.05","3.05","2.77","7.83K","-3.11%"
"21/01/2022","3.05","2.99","3.05","2.95","5.10K","1.16%"
"20/01/2022","3.02","2.97","3.02","2.95","0.83K","1.17%"
"19/01/2022","2.98","2.98","2.98","2.92","4.04K","-0.33%"
"18/01/2022","2.99","2.95","2.99","2.95","1.58K","-0.50%"
"17/01/2022","3.01","3.02","3.02","3.01","0.01K","-0.66%"
"14/01/2022","3.03","3.04","3.04","2.96","1.83K","-0.49%"
"13/01/2022","3.04","2.93","3.04","2.93","16.43K","0.00%"
"12/01/2022","3.04","2.99","3.04","2.92","6.42K","1.33%"
"11/01/2022","3.00","3.04","3.04","3.00","1.19K","-1.64%"
"10/01/2022","3.05","3.06","3.06","3.02","6.81K","-0.65%"
"07/01/2022","3.07","3.02","3.07","3.01","1.82K","0.00%"
"05/01/2022","3.07","3.03","3.07","3.00","5.64K","2.33%"
"04/01/2022","3.00","2.96","3.05","2.96","7.27K","1.01%"
"03/01/2022","2.97","2.88","2.97","2.88","31.68K","2.95%"
"30/12/2021","2.88","2.80","2.91","2.80","6.14K","3.04%"
"29/12/2021","2.80","2.70","2.95","2.66","18.02K","4.87%"
"28/12/2021","2.67","2.77","2.86","2.66","160.10K","-7.45%"
"27/12/2021","2.88","2.97","2.97","2.71","67.95K","-3.03%"
"23/12/2021","2.97","2.98","2.98","2.86","30.13K","-0.34%"
"22/12/2021","2.98","3.08","3.08","2.90","20.80K","-3.24%"
"21/12/2021","3.09","3.03","3.10","2.96","17.15K","0.00%"
"20/12/2021","3.09","3.09","3.09","2.80","57.32K","0.00%"
"17/12/2021","3.09","3.09","3.10","3.06","1.88K","-1.12%"
"16/12/2021","3.13","3.13","3.13","3.08","1.15K","-0.32%"
"15/12/2021","3.13","3.12","3.14","3.08","9.08K","0.00%"
"14/12/2021","3.13","3.17","3.17","3.12","0.84K","-1.26%"
"13/12/2021","3.17","3.16","3.18","3.09","15.48K","0.00%"
"10/12/2021","3.17","3.17","3.17","3.11","0.67K","-0.31%"
"09/12/2021","3.18","3.18","3.18","3.10","1.35K","0.00%"
"08/12/2021","3.18","3.10","3.18","3.07","12.10K","0.16%"
"07/12/2021","3.17","3.18","3.18","3.12","2.50K","-0.16%"
"06/12/2021","3.18","3.19","3.19","3.10","4.20K","-0.47%"
"03/12/2021","3.19","3.19","3.19","3.11","8.42K","0.00%"
"02/12/2021","3.19","3.20","3.20","3.12","0.13K","-0.78%"
"01/12/2021","3.21","3.21","3.21","3.13","1.49K","-0.16%"
"30/11/2021","3.22","3.17","3.22","3.17","0.22K","-0.46%"
"29/11/2021","3.23","3.15","3.23","3.08","12.04K","1.25%"
"26/11/2021","3.19","3.20","3.20","3.09","6.88K","0.47%"
"25/11/2021","3.18","3.25","3.25","3.02","13.06K","-3.20%"
"24/11/2021","3.29","3.29","3.29","3.20","0.60K","0.00%"
"23/11/2021","3.29","3.30","3.30","3.19","10.15K","-0.45%"
"22/11/2021","3.30","3.24","3.30","3.18","8.95K","0.00%"
"19/11/2021","3.30","3.32","3.32","3.23","3.52K","-0.60%"
"18/11/2021","3.32","3.33","3.33","3.22","4.92K","0.00%"
"17/11/2021","3.32","3.33","3.33","3.29","0.70K","0.00%"
"16/11/2021","3.32","3.34","3.34","3.32","0.56K","-0.60%"
"15/11/2021","3.34","3.30","3.34","3.27","4.65K","1.06%"
"12/11/2021","3.30","3.32","3.32","3.26","2.03K","-0.60%"
"10/11/2021","3.32","3.33","3.33","3.25","4.67K","-0.75%"
"09/11/2021","3.35","3.35","3.35","3.28","2.41K","0.15%"
"08/11/2021","3.34","3.35","3.35","3.27","6.13K","-0.15%"
"05/11/2021","3.35","3.28","3.35","3.28","7.76K","1.98%"
"04/11/2021","3.28","3.27","3.30","3.24","5.28K","-0.46%"
"03/11/2021","3.30","3.30","3.30","3.26","4.36K","0.00%"
"02/11/2021","3.30","3.30","3.30","3.25","2.01K","0.00%"
"29/10/2021","3.30","3.32","3.34","3.24","22.53K","-1.20%"
"28/10/2021","3.34","3.35","3.35","3.27","1.16K","-0.30%"
"27/10/2021","3.35","3.36","3.36","3.26","3.40K","-0.30%"
"26/10/2021","3.36","3.35","3.36","3.27","5.22K","0.30%"
"25/10/2021","3.35","3.33","3.35","3.25","5.30K","0.75%"
"22/10/2021","3.33","3.35","3.35","3.24","1.64K","-0.60%"
"21/10/2021","3.35","3.30","3.35","3.24","3.89K","1.67%"
"20/10/2021","3.29","3.26","3.30","3.25","7.40K","1.23%"
"19/10/2021","3.25","3.33","3.33","3.25","6.01K","-2.26%"
"18/10/2021","3.33","3.35","3.35","3.26","6.75K","-0.45%"
"15/10/2021","3.34","3.36","3.36","3.32","1.59K","-0.60%"
"14/10/2021","3.36","3.36","3.36","3.25","12.56K","0.00%"
"13/10/2021","3.36","3.36","3.36","3.30","8.27K","-0.15%"
"12/10/2021","3.37","3.38","3.38","3.31","2.00K","0.00%"
"11/10/2021","3.37","3.37","3.37","3.30","23.40K","0.00%"
"08/10/2021","3.37","3.38","3.38","3.29","8.72K","-0.30%"
"07/10/2021","3.38","3.28","3.38","3.28","4.57K","2.58%"
"06/10/2021","3.30","3.32","3.37","3.25","29.50K","-0.75%"
"05/10/2021","3.32","3.38","3.38","3.23","46.25K","-1.92%"
"04/10/2021","3.38","3.49","3.49","3.30","36.58K","-3.42%"
"01/10/2021","3.51","3.57","3.60","3.40","11.20K","-1.96%"
"30/09/2021","3.58","3.60","3.60","3.41","2.21K","-1.11%"
"29/09/2021","3.62","3.50","3.62","3.50","6.10K","3.29%"
"28/09/2021","3.50","3.50","3.56","3.41","0.95K","2.94%"
"27/09/2021","3.40","3.63","3.64","3.40","6.03K","-6.46%"
"24/09/2021","3.63","3.64","3.64","3.52","0.43K","0.41%"
"23/09/2021","3.62","3.62","3.62","3.51","3.49K","0.00%"
"22/09/2021","3.62","3.63","3.63","3.52","1.78K","-0.28%"
"21/09/2021","3.63","3.64","3.64","3.52","1.53K","-0.55%"
"20/09/2021","3.65","3.68","3.68","3.50","7.18K","-0.82%"
"17/09/2021","3.68","3.68","3.68","3.68","0.01K","0.00%"
"16/09/2021","3.68","3.68","3.69","3.56","22.02K","0.27%"
"15/09/2021","3.67","3.68","3.68","3.62","3.89K","-0.27%"
"14/09/2021","3.68","3.63","3.69","3.62","11.67K","1.80%"
"13/09/2021","3.62","3.53","3.63","3.48","27.14K","1.83%"
"10/09/2021","3.56","3.63","3.63","3.50","9.03K","-1.93%"
"09/09/2021","3.63","3.62","3.72","3.60","12.23K","-1.09%"
"08/09/2021","3.66","3.67","3.80","3.66","105.20K","1.24%"
"07/09/2021","3.62","3.56","3.62","3.48","5.22K","1.69%"
"06/09/2021","3.56","3.55","3.57","3.46","2.66K","0.56%"
"03/09/2021","3.54","3.54","3.54","3.43","4.45K","-0.28%"
"02/09/2021","3.55","3.41","3.55","3.38","2.38K","4.11%"
"01/09/2021","3.41","3.38","3.41","3.35","10.99K","0.44%"
"31/08/2021","3.39","3.38","3.39","3.38","2.22K","0.00%"
"30/08/2021","3.39","3.39","3.39","3.31","6.35K","0.00%"
"27/08/2021","3.39","3.32","3.39","3.32","4.19K","0.00%"
"26/08/2021","3.39","3.40","3.40","3.32","0.65K","-0.15%"
"25/08/2021","3.40","3.42","3.42","3.32","3.23K","-0.58%"
"24/08/2021","3.42","3.40","3.43","3.32","11.39K","-0.44%"
"23/08/2021","3.43","3.35","3.43","3.33","7.92K","1.03%"
"20/08/2021","3.40","3.33","3.40","3.33","2.78K","-0.73%"
"19/08/2021","3.42","3.44","3.44","3.33","8.82K","-0.44%"
"18/08/2021","3.44","3.41","3.44","3.38","13.13K","0.73%"
"17/08/2021","3.41","3.41","3.41","3.36","8.36K","0.00%"
"16/08/2021","3.41","3.44","3.44","3.36","3.79K","-0.44%"
"13/08/2021","3.43","3.44","3.44","3.34","2.61K","0.00%"
"12/08/2021","3.43","3.43","3.43","3.35","5.39K","0.44%"
"11/08/2021","3.41","3.40","3.41","3.35","3.06K","-0.58%"
"10/08/2021","3.43","3.43","3.43","3.34","1.16K","1.03%"
"09/08/2021","3.40","3.39","3.40","3.30","16.09K","0.15%"
"06/08/2021","3.39","3.33","3.40","3.33","1.35K","0.00%"
"05/08/2021","3.39","3.32","3.39","3.32","1.14K","-0.15%"
"04/08/2021","3.40","3.43","3.43","3.30","14.28K","-0.87%"
"03/08/2021","3.43","3.44","3.44","3.35","5.54K","-0.44%"
"02/08/2021","3.44","3.44","3.44","3.37","4.93K","0.00%"
"30/07/2021","3.44","3.44","3.44","3.40","4.73K","0.00%"
"29/07/2021","3.44","3.44","3.47","3.37","7.56K","-2.68%"
"28/07/2021","3.54","3.47","3.55","3.44","4.18K","1.87%"
"27/07/2021","3.47","3.47","3.47","3.45","1.00K","0.00%"
"26/07/2021","3.47","3.44","3.47","3.40","4.19K","-0.71%"
"23/07/2021","3.50","3.54","3.54","3.44","1.50K","-1.13%"
"22/07/2021","3.54","3.51","3.54","3.41","0.26K","3.96%"
"21/07/2021","3.40","3.49","3.60","3.40","7.03K","-2.44%"
"20/07/2021","3.49","3.49","3.49","3.36","2.02K","0.00%"
"19/07/2021","3.49","3.52","3.52","3.35","14.63K","-0.14%"
"16/07/2021","3.50","3.49","3.50","3.45","2.53K","-0.43%"
"15/07/2021","3.52","3.57","3.57","3.45","14.32K","-1.40%"
"14/07/2021","3.57","3.48","3.57","3.48","0.09K","0.00%"
"13/07/2021","3.57","3.57","3.57","3.48","0.61K","0.00%"
"12/07/2021","3.57","3.57","3.57","3.49","2.56K","-0.14%"
"09/07/2021","3.58","3.50","3.58","3.50","1.91K","1.27%"
"08/07/2021","3.53","3.55","3.55","3.46","6.71K","-0.28%"
"07/07/2021","3.54","3.55","3.55","3.50","4.74K","-0.28%"
"06/07/2021","3.55","3.58","3.58","3.51","1.34K","-0.84%"
"05/07/2021","3.58","3.58","3.58","3.51","2.74K","0.00%"
"02/07/2021","3.58","3.59","3.59","3.52","0.33K","-0.14%"
"01/07/2021","3.59","3.59","3.59","3.51","0.51K","0.00%"
"30/06/2021","3.59","3.58","3.59","3.51","3.78K","0.28%"
"29/06/2021","3.58","3.60","3.60","3.50","12.41K","1.27%"
"28/06/2021","3.53","3.55","3.65","3.53","22.08K","-3.02%"
"25/06/2021","3.64","3.65","3.65","3.60","1.68K","0.55%"
"24/06/2021","3.62","3.64","3.64","3.62","0.04K","-0.69%"
"23/06/2021","3.64","3.60","3.64","3.60","0.40K","0.00%"
"22/06/2021","3.64","3.64","3.64","3.54","2.99K","0.00%"
"21/06/2021","3.64","3.61","3.64","3.54","1.43K","0.83%"
"18/06/2021","3.61","3.61","3.62","3.55","6.31K","0.00%"
"17/06/2021","3.61","3.61","3.65","3.57","5.99K","0.84%"
"16/06/2021","3.58","3.68","3.68","3.58","15.89K","-2.72%"
"15/06/2021","3.68","3.69","3.69","3.61","0.36K","-0.41%"
"14/06/2021","3.69","3.72","3.72","3.61","6.77K","0.00%"
"11/06/2021","3.69","3.72","3.72","3.62","5.20K","-1.07%"
"10/06/2021","3.73","3.69","3.75","3.65","4.21K","1.08%"
"09/06/2021","3.69","3.64","3.78","3.60","26.20K","2.79%"
"08/06/2021","3.59","3.68","3.68","3.59","5.90K","-2.58%"
"07/06/2021","3.68","3.69","3.69","3.60","6.54K","-0.14%"
"04/06/2021","3.69","3.62","3.69","3.61","2.30K","0.00%"
"02/06/2021","3.69","3.70","3.70","3.60","10.15K","-0.14%"
"01/06/2021","3.70","3.70","3.70","3.56","8.18K","0.27%"
"31/05/2021","3.69","3.69","3.69","3.68","4.74K","0.00%"
"28/05/2021","3.69","3.57","3.69","3.52","11.21K","2.79%"
"27/05/2021","3.59","3.59","3.59","3.52","3.31K","0.00%"
"26/05/2021","3.59","3.58","3.60","3.52","10.32K","-0.28%"
"25/05/2021","3.60","3.52","3.66","3.51","17.97K","2.86%"
"24/05/2021","3.50","3.62","3.70","3.50","27.04K","-5.15%"
"21/05/2021","3.69","3.74","3.74","3.62","3.88K","-1.47%"
"20/05/2021","3.74","3.76","3.76","3.63","2.53K","-0.40%"
"19/05/2021","3.76","3.71","3.76","3.63","7.23K","1.21%"
"18/05/2021","3.71","3.72","3.73","3.62","13.53K","-0.27%"
"17/05/2021","3.72","3.70","3.72","3.70","3.98K","0.00%"
"14/05/2021","3.72","3.70","3.72","3.67","4.82K","0.68%"
"13/05/2021","3.70","3.76","3.76","3.65","4.14K","1.09%"
"12/05/2021","3.66","3.69","3.78","3.65","9.90K","0.00%"
"11/05/2021","3.66","3.80","3.80","3.62","17.97K","-3.30%"
"10/05/2021","3.79","3.69","3.79","3.66","18.04K","1.47%"
"07/05/2021","3.73","3.80","3.80","3.70","64.60K","-1.58%"
"06/05/2021","3.79","3.80","3.84","3.72","8.16K","1.47%"
"05/05/2021","3.73","3.75","3.81","3.73","16.53K","-2.23%"
"04/05/2021","3.82","3.87","3.87","3.74","16.53K","-0.78%"
"30/04/2021","3.85","3.90","3.90","3.79","34.33K","0.65%"
"29/04/2021","3.83","3.92","3.93","3.83","11.45K","-1.03%"
"28/04/2021","3.87","3.85","3.89","3.81","19.50K","1.58%"
"27/04/2021","3.81","3.85","3.90","3.81","10.48K","-3.55%"
"26/04/2021","3.94","3.94","3.94","3.83","22.95K","0.25%"
"23/04/2021","3.93","3.92","3.93","3.86","18.08K","0.38%"
"22/04/2021","3.92","3.99","3.99","3.85","20.76K","-1.75%"
"21/04/2021","3.99","3.95","4.04","3.83","31.40K","1.01%"
"20/04/2021","3.95","3.89","3.97","3.88","51.89K","1.54%"
"19/04/2021","3.89","3.81","3.90","3.81","25.97K","0.39%"
"16/04/2021","3.88","3.89","3.89","3.83","1.67K","-0.39%"
"15/04/2021","3.89","3.86","3.90","3.83","6.15K","0.78%"
"14/04/2021","3.86","3.87","3.87","3.83","10.97K","-1.03%"
"13/04/2021","3.90","3.92","3.92","3.86","9.80K","-0.64%"
"12/04/2021","3.92","3.93","3.94","3.87","8.82K","0.00%"
"09/04/2021","3.92","3.93","3.93","3.87","3.72K","-0.25%"
"08/04/2021","3.93","3.89","3.93","3.85","12.23K","1.16%"
"07/04/2021","3.89","3.94","3.94","3.85","21.27K","-0.26%"
"06/04/2021","3.90","3.90","3.96","3.87","7.61K","0.00%"
"01/04/2021","3.90","3.85","3.99","3.85","13.07K","-1.02%"
"31/03/2021","3.94","3.92","3.94","3.82","28.77K","1.03%"
"30/03/2021","3.90","3.96","3.96","3.84","22.94K","-1.52%"
"29/03/2021","3.96","3.98","4.06","3.88","46.75K","-0.50%"
"26/03/2021","3.98","3.94","4.02","3.90","36.90K","1.02%"
"25/03/2021","3.94","3.98","4.04","3.86","39.75K","1.03%"
"24/03/2021","3.90","3.84","3.96","3.80","12.02K","1.56%"
"23/03/2021","3.84","3.80","3.90","3.76","26.29K","-1.54%"
"22/03/2021","3.90","4.00","4.04","3.80","36.66K","-2.50%"
"19/03/2021","4.00","4.00","4.06","3.96","9.57K","0.00%"
"18/03/2021","4.00","3.80","4.06","3.80","55.29K","3.09%"
"17/03/2021","3.88","3.88","3.98","3.76","88.22K","0.00%"
"16/03/2021","3.88","3.90","3.90","3.80","22.93K","-1.02%"
"15/03/2021","3.92","3.88","3.92","3.82","14.79K","0.00%"
"12/03/2021","3.92","3.90","3.92","3.82","18.78K","0.51%"
"11/03/2021","3.90","3.92","3.92","3.80","6.27K","0.52%"
"10/03/2021","3.88","3.88","3.92","3.76","57.11K","-0.51%"
"09/03/2021","3.90","3.92","4.00","3.78","51.29K","-1.02%"
"08/03/2021","3.94","4.06","4.08","3.94","22.64K","-1.99%"
"05/03/2021","4.02","3.84","4.08","3.84","22.24K","4.69%"
"04/03/2021","3.84","3.90","3.94","3.84","10.34K","-0.52%"
"03/03/2021","3.86","3.94","4.06","3.86","17.21K","-4.46%"
"02/03/2021","4.04","4.06","4.08","3.98","4.55K","-0.49%"
"01/03/2021","4.06","3.86","4.08","3.84","23.90K","2.01%"
"26/02/2021","3.98","3.90","3.98","3.82","11.58K","0.00%"
"25/02/2021","3.98","4.02","4.04","3.92","25.93K","-1.97%"
"24/02/2021","4.06","3.96","4.14","3.96","36.41K","2.53%"
"23/02/2021","3.96","4.08","4.12","3.90","39.16K","-2.94%"
"22/02/2021","4.08","4.16","4.16","3.92","80.56K","-0.97%"
"19/02/2021","4.12","3.84","4.18","3.78","337.22K","8.99%"
"18/02/2021","3.78","3.78","3.82","3.74","5.06K","-1.56%"
"17/02/2021","3.84","3.94","3.94","3.74","34.98K","-1.54%"
"16/02/2021","3.90","4.08","4.10","3.80","77.72K","0.00%"
"15/02/2021","3.90","3.68","3.96","3.60","99.66K","5.41%"
"12/02/2021","3.70","3.62","3.70","3.60","5.28K","2.78%"
"11/02/2021","3.60","3.72","3.72","3.60","18.43K","-3.23%"
"10/02/2021","3.72","3.68","3.74","3.66","17.99K","0.00%"
"09/02/2021","3.72","3.68","3.78","3.66","14.06K","0.54%"
"08/02/2021","3.70","3.70","3.76","3.66","7.85K","0.54%"
"05/02/2021","3.68","3.72","3.82","3.68","46.03K","-1.08%"
"04/02/2021","3.72","3.70","3.72","3.64","8.36K","0.54%"
"03/02/2021","3.70","3.80","3.80","3.68","26.14K","-2.63%"
"02/02/2021","3.80","3.74","3.80","3.66","19.17K","1.60%"
"01/02/2021","3.74","3.76","3.76","3.66","32.78K","-0.53%"
"29/01/2021","3.76","3.72","3.76","3.64","11.39K","1.62%"
"28/01/2021","3.70","3.76","3.78","3.66","13.72K","-2.12%"
"27/01/2021","3.78","3.84","3.84","3.70","19.33K","-1.56%"
"26/01/2021","3.84","3.84","3.84","3.76","1.57K","0.00%"
"25/01/2021","3.84","3.78","3.86","3.76","11.33K","1.05%"
"22/01/2021","3.80","3.88","3.88","3.74","12.86K","-1.55%"
"21/01/2021","3.86","3.78","3.88","3.76","8.98K","1.05%"
"20/01/2021","3.82","3.80","3.84","3.76","6.88K","0.53%"
"19/01/2021","3.80","3.94","3.94","3.80","14.02K","-2.06%"
"18/01/2021","3.88","3.82","3.98","3.70","44.40K","1.04%"
"15/01/2021","3.84","3.80","3.84","3.74","12.42K","3.23%"
"14/01/2021","3.72","3.86","3.86","3.72","7.44K","-3.12%"
"13/01/2021","3.84","3.90","3.90","3.76","18.14K","0.00%"
"12/01/2021","3.84","3.74","3.90","3.74","36.47K","1.59%"
"11/01/2021","3.78","3.66","3.82","3.66","23.42K","1.61%"
"08/01/2021","3.72","3.80","3.80","3.62","21.94K","-1.06%"
"07/01/2021","3.76","3.66","3.80","3.60","37.85K","2.73%"
"05/01/2021","3.66","3.70","3.74","3.64","17.52K","-1.08%"
"04/01/2021","3.70","3.60","3.72","3.60","10.03K","2.78%"
"30/12/2020","3.60","3.54","3.64","3.50","7.41K","2.27%"
"29/12/2020","3.52","3.24","3.54","3.24","33.70K","9.32%"
"28/12/2020","3.22","3.52","3.52","3.22","170.01K","-3.01%"
"23/12/2020","3.32","3.50","3.50","3.30","78.51K","-5.14%"
"22/12/2020","3.50","3.60","3.60","3.48","46.79K","-1.13%"
"21/12/2020","3.54","3.54","3.64","3.50","44.36K","-1.12%"
"18/12/2020","3.58","3.60","3.66","3.52","49.27K","-0.56%"
"17/12/2020","3.60","3.66","3.72","3.52","25.26K","-1.64%"
"16/12/2020","3.66","3.54","3.66","3.48","68.28K","3.39%"
"15/12/2020","3.54","3.58","3.68","3.52","102.35K","-4.84%"
"14/12/2020","3.72","3.80","3.80","3.54","125.31K","-2.11%"
"11/12/2020","3.80","3.88","3.88","3.20","222.99K","-1.04%"
"10/12/2020","3.84","3.86","3.90","3.70","90.56K","0.00%"
"09/12/2020","3.84","3.90","3.96","3.84","56.89K","-4.00%"
"08/12/2020","4.00","4.06","4.08","3.88","77.77K","-1.48%"
"07/12/2020","4.06","4.14","4.16","3.90","51.09K","-1.93%"
"04/12/2020","4.14","4.20","4.20","4.04","23.61K","0.49%"
"03/12/2020","4.12","4.14","4.24","4.10","21.24K","-0.48%"
"02/12/2020","4.14","4.34","4.34","4.08","30.07K","-2.82%"
"01/12/2020","4.26","4.28","4.40","4.06","108.90K","-9.75%"
"30/11/2020","4.72","4.90","4.90","4.42","51.17K","-1.67%"
"27/11/2020","4.80","4.74","4.90","4.70","90.61K","3.00%"
"26/11/2020","4.66","4.36","4.66","4.30","75.82K","9.91%"
"25/11/2020","4.24","4.26","4.36","4.20","43.32K","0.00%"
"24/11/2020","4.24","4.14","4.28","4.02","72.03K","3.92%"
"23/11/2020","4.08","4.10","4.18","4.02","15.22K","-0.49%"
"20/11/2020","4.10","4.08","4.10","3.98","12.77K","1.49%"
"19/11/2020","4.04","4.08","4.12","3.98","53.30K","-1.46%"
"18/11/2020","4.10","4.16","4.16","3.96","16.42K","0.49%"
"17/11/2020","4.08","4.30","4.30","4.00","42.13K","-6.42%"
"16/11/2020","4.36","4.30","4.36","4.00","84.35K","1.40%"
"13/11/2020","4.30","4.06","4.30","4.00","39.11K","5.91%"
"12/11/2020","4.06","4.06","4.06","3.94","17.47K","1.50%"
"10/11/2020","4.00","4.06","4.06","3.76","51.48K","-2.44%"
"09/11/2020","4.10","4.30","4.32","3.88","99.73K","-3.30%"
"06/11/2020","4.24","4.20","4.28","4.12","11.95K","0.00%"
"05/11/2020","4.24","4.20","4.28","4.10","21.17K","1.44%"
"04/11/2020","4.18","4.26","4.26","4.08","13.21K","-2.34%"
"03/11/2020","4.28","4.22","4.32","4.02","19.01K","-0.47%"
"02/11/2020","4.30","4.10","4.40","4.10","20.42K","4.88%"
"30/10/2020","4.10","4.00","4.20","3.98","62.12K","3.02%"
"29/10/2020","3.98","3.70","4.06","3.70","46.74K","3.65%"
"28/10/2020","3.84","4.10","4.18","3.66","179.84K","-6.34%"
"27/10/2020","4.10","4.20","4.22","4.06","54.93K","-3.76%"
"26/10/2020","4.26","4.44","4.44","4.26","30.28K","-4.05%"
"23/10/2020","4.44","4.44","4.50","4.22","56.47K","0.45%"
"22/10/2020","4.42","4.42","4.50","4.18","132.12K","-0.90%"
"21/10/2020","4.46","4.56","4.56","4.40","29.64K","-2.19%"
"20/10/2020","4.56","4.50","4.56","4.40","24.77K","1.33%"
"19/10/2020","4.50","4.58","4.68","4.48","64.26K","-3.02%"
"16/10/2020","4.64","4.60","4.70","4.56","19.96K","0.87%"
"15/10/2020","4.60","4.60","4.70","4.52","76.95K","-0.43%"
"14/10/2020","4.62","4.66","4.90","4.58","111.63K","-1.70%"
"13/10/2020","4.70","5.10","5.10","4.60","120.81K","-4.86%"
"12/10/2020","4.94","5.10","5.20","4.72","141.42K","-4.08%"
"09/10/2020","5.15","6.00","6.10","4.90","619.05K","-8.04%"
"08/10/2020","5.60","5.20","5.70","5.10","409.49K","9.80%"
"07/10/2020","5.10","5.05","5.25","4.98","98.40K","0.99%"
"06/10/2020","5.05","4.92","5.20","4.92","88.16K","4.77%"
"05/10/2020","4.82","4.62","4.88","4.60","32.54K","4.33%"
"02/10/2020","4.62","4.48","4.66","4.36","26.11K","4.05%"
"01/10/2020","4.44","4.36","4.54","4.14","101.72K","-3.06%"
"30/09/2020","4.58","4.66","4.80","4.36","101.42K","-1.29%"
"29/09/2020","4.64","4.78","4.84","4.52","45.57K","-2.93%"
"28/09/2020","4.78","4.74","4.78","4.62","34.39K","0.84%"
"25/09/2020","4.74","4.68","4.80","4.58","23.93K","1.72%"
"24/09/2020","4.66","4.70","4.76","4.56","29.61K","-1.69%"
"23/09/2020","4.74","4.64","5.00","4.32","124.22K","1.28%"
"22/09/2020","4.68","4.72","4.84","4.64","46.35K","-2.90%"
"21/09/2020","4.82","4.80","4.88","4.76","37.78K","-0.82%"
"18/09/2020","4.86","4.70","4.94","4.60","65.75K","3.40%"
"17/09/2020","4.70","4.72","4.78","4.54","24.71K","-3.29%"
"16/09/2020","4.86","4.94","4.96","4.66","24.59K","-1.22%"
"15/09/2020","4.92","4.88","4.94","4.72","26.56K","0.41%"
"14/09/2020","4.90","4.80","4.98","4.76","19.84K","0.82%"
"11/09/2020","4.86","4.76","4.88","4.50","58.11K","2.10%"
"10/09/2020","4.76","5.05","5.05","4.64","64.41K","-4.03%"
"09/09/2020","4.96","4.82","5.15","4.70","74.45K","2.06%"
"08/09/2020","4.86","5.40","5.55","4.60","198.18K","-10.00%"
"07/09/2020","5.40","4.68","5.40","4.56","282.50K","17.39%"
"04/09/2020","4.60","4.58","4.88","4.28","94.84K","-2.54%"
"03/09/2020","4.72","4.80","5.00","4.70","53.87K","-4.07%"
"02/09/2020","4.92","5.00","5.15","4.66","131.61K","-1.20%"
"01/09/2020","4.98","6.00","6.40","4.92","587.11K","-3.30%"
"31/08/2020","5.15","5.30","5.30","5.00","39.35K","-0.96%"
"28/08/2020","5.20","4.88","5.30","4.80","43.53K","1.96%"
"27/08/2020","5.10","5.10","5.10","4.86","18.16K","2.00%"
"26/08/2020","5.00","5.00","5.15","4.72","44.04K","1.63%"
"25/08/2020","4.92","5.15","5.30","4.90","59.33K","-3.53%"
"24/08/2020","5.10","5.00","5.25","4.88","43.78K","3.24%"
"21/08/2020","4.94","5.10","5.10","4.80","22.15K","-1.20%"
"20/08/2020","5.00","5.20","5.30","4.84","45.70K","-3.85%"
"19/08/2020","5.20","4.92","5.45","4.90","90.71K","1.96%"
"18/08/2020","5.10","5.35","5.45","4.82","59.17K","-3.77%"
"17/08/2020","5.30","4.90","5.30","4.70","54.50K","10.88%"
"14/08/2020","4.78","4.76","5.00","4.40","38.55K","3.46%"
"13/08/2020","4.62","4.02","4.72","4.02","92.42K","13.79%"
"12/08/2020","4.06","4.30","4.50","4.00","168.82K","-9.78%"
"11/08/2020","4.50","5.20","5.25","4.50","220.29K","-13.46%"
"10/08/2020","5.20","5.90","5.90","5.20","81.60K","-5.45%"
"07/08/2020","5.50","5.60","5.65","5.05","107.19K","-2.65%"
"06/08/2020","5.65","5.65","6.20","5.40","120.38K","0.89%"
"05/08/2020","5.60","6.00","6.05","5.50","169.03K","-5.88%"
"04/08/2020","5.95","6.80","6.80","5.60","317.37K","-7.03%"
"03/08/2020","6.40","6.95","7.60","6.40","433.42K","4.92%"
"31/07/2020","6.10","5.55","6.20","5.30","213.94K","14.02%"
"30/07/2020","5.35","6.60","6.70","5.20","386.47K","-18.94%"
"29/07/2020","6.60","7.15","7.90","6.50","761.95K","-4.35%"
"28/07/2020","6.90","6.50","7.15","6.40","725.08K","15.00%"
"27/07/2020","6.00","5.45","6.30","5.15","647.62K","20.00%"
"24/07/2020","5.00","5.10","5.10","4.90","142.86K","2.04%"
"23/07/2020","4.90","4.66","5.70","4.50","388.65K","8.89%"
"22/07/2020","4.50","4.60","4.74","4.40","139.63K","0.45%"
"21/07/2020","4.48","4.60","4.72","4.38","129.10K","4.19%"
"20/07/2020","4.30","4.00","4.46","4.00","166.62K","8.04%"
"17/07/2020","3.98","3.94","4.00","3.90","4.56K","-0.50%"
"16/07/2020","4.00","4.00","4.08","3.92","26.54K","3.63%"
"15/07/2020","3.86","4.00","4.00","3.84","10.15K","-3.50%"
"14/07/2020","4.00","3.90","4.00","3.84","6.69K","2.56%"
"13/07/2020","3.90","4.04","4.04","3.84","7.84K","-2.01%"
"10/07/2020","3.98","4.06","4.06","3.96","3.53K","-1.97%"
"09/07/2020","4.06","4.06","4.10","3.96","17.90K","4.10%"
"08/07/2020","3.90","4.06","4.06","3.84","14.93K","-3.94%"
"07/07/2020","4.06","4.08","4.08","3.98","11.14K","0.00%"
"06/07/2020","4.06","4.00","4.06","3.96","5.83K","-0.98%"
"03/07/2020","4.10","4.10","4.10","4.04","0.47K","0.00%"
"02/07/2020","4.10","4.04","4.10","3.90","3.87K","0.99%"
"01/07/2020","4.06","3.92","4.06","3.92","1.33K","3.57%"
"30/06/2020","3.92","4.12","4.18","3.92","14.94K","-4.39%"
"29/06/2020","4.10","4.18","4.18","4.10","0.01K","-1.91%"
"26/06/2020","4.18","4.18","4.18","3.98","6.66K","0.00%"
"25/06/2020","4.18","4.10","4.20","3.98","6.26K","5.03%"
"24/06/2020","3.98","4.10","4.16","3.98","8.61K","-1.97%"
"23/06/2020","4.06","4.20","4.20","3.92","20.34K","-3.33%"
"22/06/2020","4.20","4.06","4.24","4.06","21.84K","3.45%"
"19/06/2020","4.06","4.20","4.20","3.94","8.96K","-1.93%"
"18/06/2020","4.14","4.14","4.32","4.10","44.57K","6.15%"
"17/06/2020","3.90","3.82","3.90","3.80","3.98K","0.00%"
"16/06/2020","3.90","3.90","3.92","3.72","1.56K","2.63%"
"15/06/2020","3.80","3.78","3.80","3.64","8.35K","0.53%"
"12/06/2020","3.78","3.78","3.78","3.64","1.87K","0.00%"
"10/06/2020","3.78","3.74","3.78","3.60","5.75K","1.07%"
"09/06/2020","3.74","3.72","3.76","3.64","10.70K","-3.11%"
"08/06/2020","3.86","3.86","3.86","3.76","2.25K","-0.52%"
"05/06/2020","3.88","3.76","3.94","3.70","12.44K","0.00%"
"04/06/2020","3.88","3.86","3.90","3.84","3.67K","1.04%"
"03/06/2020","3.84","3.98","3.98","3.80","7.11K","-3.52%"
"02/06/2020","3.98","4.00","4.00","3.84","9.78K","-1.49%"
"01/06/2020","4.04","3.90","4.06","3.90","8.75K","1.00%"
"29/05/2020","4.00","4.04","4.10","3.80","6.53K","0.00%"
"28/05/2020","4.00","4.10","4.10","3.72","9.78K","-1.48%"
"27/05/2020","4.06","4.08","4.08","4.00","9.58K","-0.49%"
"26/05/2020","4.08","4.08","4.08","3.96","7.88K","0.00%"
"25/05/2020","4.08","4.00","4.08","3.94","14.66K","-0.49%"
"22/05/2020","4.10","4.00","4.14","3.92","10.45K","2.50%"
"21/05/2020","4.00","3.98","4.00","3.90","4.82K","-1.96%"
"20/05/2020","4.08","4.18","4.18","3.98","5.55K","1.49%"
"19/05/2020","4.02","4.28","4.28","4.00","6.78K","-0.99%"
"18/05/2020","4.06","4.22","4.22","4.04","4.32K","-1.46%"
"15/05/2020","4.12","4.10","4.14","4.02","5.95K","0.49%"
"14/05/2020","4.10","4.34","4.34","4.02","2.12K","-3.76%"
"13/05/2020","4.26","4.20","4.30","4.00","20.03K","3.90%"
"12/05/2020","4.10","4.26","4.46","4.10","18.64K","-3.76%"
"11/05/2020","4.26","4.26","4.50","4.26","5.43K","-4.48%"
"08/05/2020","4.46","4.38","4.48","4.24","11.96K","1.83%"
"07/05/2020","4.38","4.30","4.40","4.22","11.43K","0.46%"
"06/05/2020","4.36","4.56","4.56","4.24","16.75K","-3.96%"
"05/05/2020","4.54","4.74","4.74","4.34","39.23K","-1.30%"
"04/05/2020","4.60","4.90","5.00","4.54","65.12K","0.00%"
"30/04/2020","4.60","4.44","4.60","4.32","19.64K","5.02%"
"29/04/2020","4.38","4.40","4.68","4.34","16.68K","0.00%"
"28/04/2020","4.38","4.22","4.70","4.22","72.08K","0.92%"
"27/04/2020","4.34","4.50","4.50","4.20","53.65K","-2.69%"
"24/04/2020","4.46","4.40","4.46","4.34","16.28K","0.90%"
"23/04/2020","4.42","4.48","4.48","4.32","6.48K","-1.34%"
"22/04/2020","4.48","4.52","4.52","4.20","36.56K","-1.75%"
"21/04/2020","4.56","4.80","4.94","4.34","197.44K","2.24%"
"20/04/2020","4.46","4.48","4.66","4.12","52.08K","-0.45%"
"17/04/2020","4.48","4.80","4.80","4.32","115.83K","-7.05%"
"16/04/2020","4.82","4.10","4.82","3.98","156.75K","20.50%"
"15/04/2020","4.00","4.10","4.18","3.72","61.24K","-7.83%"
"14/04/2020","4.34","5.00","5.10","4.12","306.69K","-3.98%"
"09/04/2020","4.52","4.36","4.90","4.04","214.83K","3.67%"
"08/04/2020","4.36","4.78","4.90","4.32","61.05K","-14.51%"
"07/04/2020","5.10","6.10","6.30","4.50","277.91K","-15.00%"
"06/04/2020","6.00","6.00","6.00","6.00","111.95K","49.25%"
"02/04/2020","4.02","2.80","4.02","2.80","88.83K","43.57%"
"01/04/2020","2.80","2.88","2.90","2.62","0.84K","0.00%"
"31/03/2020","2.80","2.80","2.80","2.80","0.29K","1.08%"
"30/03/2020","2.77","2.78","2.78","2.64","4.81K","-1.07%"
"24/03/2020","2.80","2.80","2.80","2.80","1.00K","-1.41%"
"23/03/2020","2.84","2.85","2.85","2.84","0.01K","1.79%"
"20/03/2020","2.79","2.79","2.79","2.79","0.00K","-0.71%"
"19/03/2020","2.81","2.55","2.81","2.55","0.80K","-2.09%"
"18/03/2020","2.87","2.70","2.87","2.70","0.04K","6.30%"
"17/03/2020","2.70","2.70","2.70","2.70","0.25K","8.87%"
"16/03/2020","2.48","2.28","2.48","2.20","7.65K","3.33%"
"12/03/2020","2.40","2.58","2.58","2.22","2.10K","-7.69%"
"11/03/2020","2.60","2.76","2.76","2.50","3.22K","-5.80%"
"10/03/2020","2.76","2.54","2.76","2.54","3.56K","-0.36%"
"09/03/2020","2.77","3.00","3.00","2.63","2.46K","-7.67%"
"06/03/2020","3.00","3.04","3.04","2.86","0.67K","-0.99%"
"05/03/2020","3.03","2.86","3.03","2.86","2.47K","-0.33%"
"04/03/2020","3.04","3.04","3.04","3.03","0.67K","0.66%"
"03/03/2020","3.02","3.04","3.04","2.98","0.88K","-0.66%"
"02/03/2020","3.04","3.03","3.04","2.90","0.77K","0.33%"
"28/02/2020","3.03","2.81","3.04","2.81","1.63K","-0.33%"
"27/02/2020","3.04","3.04","3.04","3.04","0.53K","-0.33%"
"26/02/2020","3.05","3.13","3.13","2.96","2.36K","-2.56%"
"25/02/2020","3.13","3.13","3.13","2.90","1.74K","7.56%"
"24/02/2020","2.91","3.13","3.13","2.91","0.16K","-7.03%"
"21/02/2020","3.13","3.13","3.13","3.02","1.53K","0.00%"
"20/02/2020","3.13","3.13","3.13","3.02","0.61K","3.64%"
"19/02/2020","3.02","3.13","3.13","3.00","1.10K","-3.51%"
"18/02/2020","3.13","2.90","3.13","2.88","2.50K","0.00%"
"17/02/2020","3.13","3.13","3.13","3.13","0.00K","0.00%"
"14/02/2020","3.13","3.14","3.14","2.88","0.16K","-0.32%"
"13/02/2020","3.14","3.14","3.14","3.02","0.00K","0.00%"
"12/02/2020","3.14","3.14","3.14","2.90","0.04K","0.00%"
"11/02/2020","3.14","3.14","3.14","3.14","0.00K","5.37%"
"10/02/2020","2.98","3.10","3.10","2.80","4.57K","-3.87%"
"07/02/2020","3.10","3.09","3.10","2.90","4.37K","0.00%"
"05/02/2020","3.10","3.14","3.14","2.98","2.47K","-0.64%"
"04/02/2020","3.12","3.15","3.15","2.97","2.53K","-0.64%"
"03/02/2020","3.14","3.15","3.15","3.00","0.40K","-0.32%"
"31/01/2020","3.15","3.10","3.15","3.00","1.09K","1.61%"
"30/01/2020","3.10","3.15","3.15","3.00","5.50K","-1.59%"
"29/01/2020","3.15","3.15","3.15","3.15","0.00K","2.27%"
"28/01/2020","3.08","3.15","3.15","3.08","0.21K","-1.60%"
"27/01/2020","3.13","3.15","3.15","3.08","0.43K","-0.63%"
"24/01/2020","3.15","3.02","3.15","3.02","3.31K","0.00%"
"23/01/2020","3.15","3.15","3.15","3.15","0.00K","0.00%"
"22/01/2020","3.15","3.15","3.15","3.15","0.00K","0.00%"
"21/01/2020","3.15","3.15","3.15","3.02","0.80K","0.00%"
"20/01/2020","3.15","3.15","3.15","3.12","0.21K","0.00%"
"17/01/2020","3.15","3.30","3.30","3.00","5.50K","-5.41%"
"16/01/2020","3.33","3.06","3.33","3.06","2.83K","-2.06%"
"14/01/2020","3.40","3.40","3.40","3.40","0.00K","1.80%"
"13/01/2020","3.34","3.40","3.40","3.16","2.49K","-2.91%"
"10/01/2020","3.44","3.44","3.44","3.44","0.00K","-0.29%"
"09/01/2020","3.45","3.45","3.45","3.45","0.00K","2.68%"
"08/01/2020","3.36","3.49","3.49","3.36","0.10K","5.00%"
"07/01/2020","3.20","3.55","3.55","3.20","1.46K","-5.33%"
"03/01/2020","3.38","3.18","3.38","3.18","1.48K","-1.17%"
"02/01/2020","3.42","3.26","3.42","3.26","2.00K","-0.87%"
"30/12/2019","3.45","3.42","3.45","3.26","0.70K","0.29%"
"27/12/2019","3.44","3.39","3.44","3.26","1.20K","2.69%"
"23/12/2019","3.35","3.26","3.42","3.26","2.33K","-4.01%"
"20/12/2019","3.49","3.49","3.49","3.49","0.00K","2.95%"
"19/12/2019","3.39","3.31","3.50","3.31","1.20K","-4.78%"
"18/12/2019","3.56","3.56","3.56","3.56","0.00K","0.00%"
"17/12/2019","3.56","3.56","3.56","3.56","0.00K","4.71%"
"16/12/2019","3.40","3.56","3.56","3.40","0.23K","-1.73%"
"13/12/2019","3.46","3.56","3.56","3.46","0.15K","0.58%"
"12/12/2019","3.44","3.56","3.56","3.44","0.14K","0.00%"
"11/12/2019","3.44","3.56","3.56","3.40","0.01K","-0.58%"
"10/12/2019","3.46","3.56","3.56","3.44","11.00K","-2.81%"
"09/12/2019","3.56","3.45","3.56","3.45","0.08K","3.19%"
"06/12/2019","3.45","3.56","3.56","3.32","0.08K","-0.86%"
"05/12/2019","3.48","3.56","3.56","3.40","0.10K","-1.14%"
"04/12/2019","3.52","3.52","3.52","3.52","0.00K","1.15%"
"03/12/2019","3.48","3.50","3.50","3.40","0.76K","0.00%"
"02/12/2019","3.48","3.48","3.48","3.48","0.10K","0.87%"
"29/11/2019","3.45","3.45","3.45","3.45","0.00K","0.00%"
"28/11/2019","3.45","3.40","3.48","3.32","15.75K","-0.86%"
"26/11/2019","3.48","3.48","3.48","3.48","0.00K","1.16%"
"25/11/2019","3.44","3.50","3.50","3.44","30.30K","-1.71%"
"22/11/2019","3.50","3.50","3.50","3.50","0.00K","0.57%"
"21/11/2019","3.48","3.48","3.48","3.48","0.00K","-0.57%"
"20/11/2019","3.50","3.50","3.50","3.50","0.00K","0.00%"
"19/11/2019","3.50","3.50","3.50","3.50","0.00K","-1.96%"
"18/11/2019","3.57","3.57","3.57","3.57","0.00K","0.00%"
"15/11/2019","3.57","3.57","3.57","3.41","1.93K","0.00%"
"14/11/2019","3.57","3.58","3.58","3.41","0.20K","0.00%"
"13/11/2019","3.57","3.40","3.57","3.40","8.42K","4.08%"
"12/11/2019","3.43","3.30","3.44","3.30","0.72K","0.88%"
"07/11/2019","3.40","3.45","3.45","3.28","0.80K","-1.45%"
"06/11/2019","3.45","3.56","3.56","3.38","1.00K","-0.86%"
"05/11/2019","3.48","3.45","3.48","3.42","1.54K","0.87%"
"04/11/2019","3.45","3.59","3.59","3.32","4.21K","-4.17%"
"31/10/2019","3.60","3.60","3.60","3.60","0.00K","0.00%"
"30/10/2019","3.60","3.60","3.60","3.60","0.00K","-1.37%"
"29/10/2019","3.65","3.50","3.65","3.50","0.50K","3.40%"
"28/10/2019","3.53","3.65","3.65","3.44","2.07K","-3.29%"
"25/10/2019","3.65","3.65","3.65","3.65","0.00K","0.00%"
"24/10/2019","3.65","3.65","3.65","3.65","0.00K","0.00%"
"23/10/2019","3.65","3.65","3.65","3.50","1.00K","5.19%"
"22/10/2019","3.47","3.65","3.65","3.47","2.78K","-4.93%"
"21/10/2019","3.65","3.47","3.65","3.47","0.20K","1.39%"
"18/10/2019","3.60","3.65","3.65","3.46","0.01K","-1.37%"
"17/10/2019","3.65","3.65","3.65","3.60","0.67K","0.00%"
"16/10/2019","3.65","3.65","3.65","3.65","0.00K","0.00%"
"15/10/2019","3.65","3.73","3.73","3.48","0.02K","-0.27%"
"14/10/2019","3.66","3.73","3.73","3.53","1.51K","-1.88%"
"11/10/2019","3.73","3.73","3.73","3.73","0.00K","2.19%"
"10/10/2019","3.65","3.73","3.73","3.61","0.50K","-2.14%"
"09/10/2019","3.73","3.73","3.73","3.73","0.00K","0.00%"
"08/10/2019","3.73","3.73","3.73","3.59","0.61K","0.27%"
"07/10/2019","3.72","3.72","3.72","3.72","0.00K","0.81%"
"04/10/2019","3.69","3.50","3.69","3.50","7.96K","-1.34%"
"03/10/2019","3.74","3.74","3.74","3.74","0.00K","0.00%"
"02/10/2019","3.74","3.75","3.75","3.41","3.90K","-0.27%"
"01/10/2019","3.75","3.60","3.75","3.60","0.00K","0.00%"
"30/09/2019","3.75","3.75","3.75","3.75","0.00K","3.88%"
"27/09/2019","3.61","3.61","3.61","3.61","0.00K","-3.73%"
"26/09/2019","3.75","3.75","3.75","3.75","0.00K","0.00%"
"25/09/2019","3.75","3.75","3.75","3.75","0.00K","0.00%"
"24/09/2019","3.75","3.75","3.75","3.75","0.00K","0.00%"
"23/09/2019","3.75","3.75","3.75","3.75","0.00K","0.00%"
"20/09/2019","3.75","3.75","3.75","3.75","0.00K","0.00%"
"19/09/2019","3.75","3.75","3.75","3.75","0.00K","0.00%"
"18/09/2019","3.75","3.60","3.75","3.60","0.00K","0.00%"
"16/09/2019","3.75","3.75","3.75","3.60","16.00K","2.46%"
"13/09/2019","3.66","3.66","3.66","3.66","0.00K","0.00%"
"12/09/2019","3.66","3.66","3.66","3.66","0.20K","0.00%"
"11/09/2019","3.66","3.50","3.66","3.50","0.44K","-0.54%"
"09/09/2019","3.68","3.53","3.68","3.53","0.39K","-1.87%"
"06/09/2019","3.75","3.75","3.75","3.59","4.20K","0.00%"
"05/09/2019","3.75","3.75","3.75","3.75","0.00K","0.00%"
"04/09/2019","3.75","3.75","3.75","3.59","0.65K","0.00%"
"03/09/2019","3.75","3.75","3.75","3.75","0.00K","0.00%"
"02/09/2019","3.75","3.69","3.75","3.69","0.27K","1.63%"
"30/08/2019","3.69","3.69","3.69","3.69","0.00K","0.00%"
"29/08/2019","3.69","3.75","3.75","3.69","0.00K","-1.60%"
"28/08/2019","3.75","3.75","3.75","3.75","0.00K","0.00%"
"27/08/2019","3.75","3.75","3.75","3.75","0.00K","1.35%"
"26/08/2019","3.70","3.75","3.75","3.70","2.64K","-1.33%"
"23/08/2019","3.75","3.70","3.75","3.70","0.50K","0.00%"
"22/08/2019","3.75","3.75","3.75","3.75","0.00K","-0.27%"
"21/08/2019","3.76","3.76","3.76","3.76","0.00K","3.01%"
"20/08/2019","3.65","3.65","3.65","3.65","0.62K","-3.18%"
"19/08/2019","3.77","3.77","3.77","3.77","0.00K","0.53%"
"16/08/2019","3.75","3.75","3.75","3.75","0.30K","0.00%"
"14/08/2019","3.75","3.80","3.80","3.60","4.02K","-0.79%"
"13/08/2019","3.78","3.78","3.78","3.78","0.00K","0.00%"
"12/08/2019","3.78","3.80","3.80","3.66","2.00K","0.27%"
"09/08/2019","3.77","3.60","3.77","3.60","2.00K","-0.26%"
"08/08/2019","3.78","3.60","3.78","3.60","0.48K","-0.26%"
"07/08/2019","3.79","3.80","3.80","3.65","2.09K","1.07%"
"06/08/2019","3.75","3.48","3.75","3.44","0.06K","-1.06%"
"01/08/2019","3.79","3.79","3.79","3.63","2.00K","0.00%"
"31/07/2019","3.79","3.62","3.79","3.62","3.99K","0.00%"
"30/07/2019","3.79","3.79","3.79","3.68","1.30K","0.26%"
"29/07/2019","3.78","3.78","3.78","3.68","0.29K","0.00%"
"26/07/2019","3.78","3.78","3.78","3.78","0.00K","-0.26%"
"25/07/2019","3.79","3.40","3.79","3.40","12.81K","2.99%"
"24/07/2019","3.68","3.66","3.68","3.46","0.84K","0.55%"
"23/07/2019","3.66","3.73","3.73","3.57","2.28K","1.39%"
"19/07/2019","3.61","3.50","3.61","3.50","0.20K","-0.55%"
"18/07/2019","3.63","3.63","3.63","3.63","0.00K","0.83%"
"17/07/2019","3.60","3.62","3.63","3.50","4.96K","1.41%"
"16/07/2019","3.55","3.46","3.61","3.45","2.20K","-2.47%"
"15/07/2019","3.64","3.63","3.78","3.50","4.15K","-3.96%"
"10/07/2019","3.79","3.79","3.79","3.79","0.17K","0.00%"
"09/07/2019","3.79","3.76","3.80","3.76","2.80K","0.80%"
"08/07/2019","3.76","3.63","3.76","3.63","4.12K","-1.05%"
"05/07/2019","3.80","3.64","3.80","3.63","8.39K","4.68%"
"04/07/2019","3.63","3.59","3.63","3.59","3.35K","0.55%"
"03/07/2019","3.61","3.61","3.61","3.48","0.29K","-0.55%"
"02/07/2019","3.63","3.50","3.63","3.50","3.58K","4.01%"
"01/07/2019","3.49","3.56","3.70","3.49","10.11K","-8.16%"
"27/06/2019","3.80","3.80","3.80","3.72","0.39K","-1.30%"
"26/06/2019","3.85","3.85","3.85","3.75","0.85K","0.00%"
"25/06/2019","3.85","3.85","3.85","3.55","6.16K","0.00%"
"24/06/2019","3.85","3.85","3.85","3.85","0.07K","-0.26%"
"21/06/2019","3.86","3.81","3.86","3.81","2.54K","0.78%"
"19/06/2019","3.83","3.83","3.83","3.83","0.00K","0.00%"
"18/06/2019","3.83","3.83","3.83","3.64","0.48K","0.00%"
"17/06/2019","3.83","3.84","3.84","3.70","0.56K","-0.26%"
"14/06/2019","3.84","3.85","3.85","3.79","1.39K","-0.52%"
"13/06/2019","3.86","3.86","3.86","3.86","0.00K","0.00%"
"12/06/2019","3.86","3.80","3.86","3.79","0.56K","0.26%"
"11/06/2019","3.85","3.92","3.92","3.70","0.30K","-1.53%"
"10/06/2019","3.91","3.91","3.91","3.88","0.01K","-0.26%"
"07/06/2019","3.92","3.90","3.92","3.90","0.00K","0.26%"
"06/06/2019","3.91","3.87","3.91","3.85","0.00K","0.00%"
"05/06/2019","3.91","3.56","3.91","3.56","2.59K","-1.01%"
"04/06/2019","3.95","3.95","3.95","3.95","0.00K","0.00%"
"03/06/2019","3.95","3.95","3.95","3.95","0.00K","0.00%"
"31/05/2019","3.95","3.95","3.95","3.95","0.01K","0.00%"
"30/05/2019","3.95","3.95","3.95","3.95","0.00K","0.25%"
"29/05/2019","3.94","3.94","3.94","3.71","2.41K","-0.25%"
"28/05/2019","3.95","3.95","3.95","3.95","0.00K","1.28%"
"27/05/2019","3.90","3.90","3.90","3.90","1.21K","0.00%"
"24/05/2019","3.90","3.90","3.90","3.90","0.50K","0.00%"
"23/05/2019","3.90","3.90","4.00","3.90","0.50K","-2.50%"
"22/05/2019","4.00","4.10","4.10","4.00","0.65K","-1.96%"
"21/05/2019","4.08","3.84","4.09","3.84","1.04K","-0.24%"
"20/05/2019","4.09","4.10","4.10","3.84","0.50K","0.00%"
"17/05/2019","4.09","4.09","4.09","4.09","0.00K","6.23%"
"16/05/2019","3.85","3.83","4.02","3.83","0.40K","-5.64%"
"15/05/2019","4.08","4.10","4.10","3.89","4.13K","2.00%"
"14/05/2019","4.00","3.90","4.10","3.90","1.70K","2.56%"
"13/05/2019","3.90","3.95","3.95","3.81","0.75K","-1.27%"
"10/05/2019","3.95","3.88","4.00","3.88","2.14K","-2.47%"
"09/05/2019","4.05","4.05","4.05","4.05","0.90K","-0.98%"
"08/05/2019","4.09","4.10","4.10","3.82","0.42K","-0.24%"
"07/05/2019","4.10","4.10","4.10","3.85","1.00K","0.00%"
"06/05/2019","4.10","3.83","4.20","3.83","1.33K","-2.38%"
"02/05/2019","4.20","4.02","4.20","4.02","1.20K","1.94%"
"30/04/2019","4.12","4.10","4.12","4.10","0.63K","0.49%"
"26/04/2019","4.10","4.10","4.10","4.10","0.50K","-0.49%"
"25/04/2019","4.12","4.12","4.12","4.12","0.00K","0.49%"
"24/04/2019","4.10","4.10","4.13","4.00","3.94K","0.00%"
"23/04/2019","4.10","4.10","4.10","4.10","0.01K","-0.97%"
"18/04/2019","4.14","4.15","4.15","4.01","4.10K","-0.48%"
"17/04/2019","4.16","4.16","4.16","4.16","1.50K","0.00%"
"16/04/2019","4.16","4.15","4.16","4.15","4.10K","0.24%"
"15/04/2019","4.15","4.24","4.24","3.90","14.29K","-3.94%"
"12/04/2019","4.32","4.32","4.32","4.01","0.39K","0.00%"
"11/04/2019","4.32","4.32","4.32","4.00","3.72K","0.00%"
"10/04/2019","4.32","4.32","4.32","4.32","0.00K","-0.46%"
"09/04/2019","4.34","4.34","4.34","4.34","0.00K","-0.23%"
"08/04/2019","4.35","4.35","4.35","4.35","0.02K","0.00%"
"05/04/2019","4.35","4.35","4.35","4.20","0.40K","0.00%"
"04/04/2019","4.35","4.24","4.35","4.24","2.05K","0.00%"
"03/04/2019","4.35","4.35","4.35","4.35","0.02K","0.00%"
"02/04/2019","4.35","4.35","4.35","4.24","0.20K","6.10%"
"01/04/2019","4.10","4.35","4.35","4.10","0.12K","-5.75%"
"29/03/2019","4.35","4.35","4.35","4.18","1.97K","0.00%"
"28/03/2019","4.35","4.34","4.35","4.34","1.21K","0.00%"
"27/03/2019","4.35","4.35","4.35","4.35","0.03K","0.00%"
"26/03/2019","4.35","4.35","4.35","4.18","1.01K","0.23%"
"25/03/2019","4.34","4.14","4.34","4.14","1.50K","-0.23%"
"22/03/2019","4.35","4.35","4.35","4.35","0.02K","0.00%"
"20/03/2019","4.35","4.14","4.35","4.14","3.38K","0.23%"
"19/03/2019","4.34","4.14","4.34","4.14","0.16K","-0.23%"
"18/03/2019","4.35","4.35","4.35","4.35","0.02K","0.00%"
"15/03/2019","4.35","4.35","4.35","4.35","0.00K","0.00%"
"14/03/2019","4.35","4.35","4.35","4.35","0.02K","0.00%"
"13/03/2019","4.35","4.35","4.35","4.35","0.02K","0.00%"
"12/03/2019","4.35","4.35","4.35","4.28","1.02K","1.64%"
"11/03/2019","4.28","4.35","4.35","4.18","0.45K","-1.38%"
"08/03/2019","4.34","4.34","4.34","4.25","1.85K","0.00%"
"07/03/2019","4.34","4.29","4.34","4.25","0.61K","1.17%"
"06/03/2019","4.29","4.25","4.37","4.22","9.87K","0.94%"
"05/03/2019","4.25","4.43","4.43","4.25","0.00K","-1.16%"
"04/03/2019","4.30","4.43","4.43","4.25","2.04K","-2.27%"
"01/03/2019","4.40","4.40","4.40","4.40","0.01K","0.23%"
"28/02/2019","4.39","4.40","4.40","4.39","0.01K","-0.45%"
"27/02/2019","4.41","4.32","4.41","4.32","0.52K","3.04%"
"26/02/2019","4.28","4.28","4.28","4.20","3.31K","-0.47%"
"25/02/2019","4.30","4.35","4.35","4.30","2.51K","-1.15%"
"22/02/2019","4.35","4.35","4.35","4.30","1.58K","0.00%"
"21/02/2019","4.35","4.36","4.36","4.15","7.65K","0.00%"
"20/02/2019","4.35","4.36","4.36","4.30","8.27K","0.00%"
"19/02/2019","4.35","4.36","4.36","4.35","6.78K","0.00%"
"18/02/2019","4.35","4.40","4.40","4.13","9.46K","-1.58%"
"15/02/2019","4.42","4.42","4.42","4.42","0.11K","0.00%"
"14/02/2019","4.42","4.43","4.43","4.42","0.01K","-0.23%"
"13/02/2019","4.43","4.43","4.43","4.36","0.09K","0.00%"
"12/02/2019","4.43","4.44","4.44","4.43","0.01K","-0.23%"
"11/02/2019","4.44","4.44","4.44","4.44","0.01K","0.00%"
"08/02/2019","4.44","4.44","4.44","4.44","0.19K","0.00%"
"07/02/2019","4.44","4.44","4.44","4.44","0.01K","0.00%"
"06/02/2019","4.44","4.44","4.44","4.44","0.00K","-0.22%"
"05/02/2019","4.45","4.45","4.45","4.35","0.12K","0.00%"
"04/02/2019","4.45","4.38","4.45","4.38","2.11K","-0.45%"
"01/02/2019","4.47","4.47","4.47","4.38","0.00K","0.00%"
"31/01/2019","4.47","4.47","4.47","4.47","0.21K","0.00%"
"30/01/2019","4.47","4.45","4.47","4.45","0.19K","0.00%"
"29/01/2019","4.47","4.47","4.47","4.47","0.01K","0.00%"
"28/01/2019","4.47","4.47","4.47","4.47","0.01K","0.00%"
"25/01/2019","4.47","4.47","4.47","4.40","1.01K","0.00%"
"24/01/2019","4.47","4.47","4.47","4.41","0.59K","0.00%"
"23/01/2019","4.47","4.48","4.48","4.47","0.01K","-0.22%"
"22/01/2019","4.48","4.46","4.48","4.46","4.86K","0.00%"
"21/01/2019","4.48","4.48","4.48","4.40","8.77K","0.00%"
"18/01/2019","4.48","4.49","4.49","4.40","0.65K","-0.22%"
"17/01/2019","4.49","4.50","4.50","4.40","2.01K","-0.22%"
"16/01/2019","4.50","4.50","4.50","4.40","3.71K","0.00%"
"15/01/2019","4.50","4.50","4.50","4.50","0.51K","0.00%"
"14/01/2019","4.50","4.50","4.50","4.50","2.16K","0.00%"
"11/01/2019","4.50","4.50","4.50","4.50","0.21K","0.00%"
"10/01/2019","4.50","4.50","4.50","4.50","0.01K","0.00%"
"09/01/2019","4.50","4.50","4.50","4.50","0.01K","0.00%"
"08/01/2019","4.50","4.50","4.50","4.50","0.01K","0.00%"
"07/01/2019","4.50","4.50","4.50","4.50","0.01K","0.00%"
"04/01/2019","4.50","4.51","4.51","4.37","0.08K","-0.22%"
"03/01/2019","4.51","4.50","4.51","4.50","2.01K","0.22%"
"02/01/2019","4.50","4.57","4.57","4.50","1.79K","-1.96%"
"28/12/2018","4.59","4.59","4.59","4.59","0.01K","0.44%"
"27/12/2018","4.57","4.23","4.57","4.00","8.04K","-1.30%"
"21/12/2018","4.63","4.64","4.64","4.33","2.61K","-0.22%"
"20/12/2018","4.64","4.64","4.64","4.64","0.01K","0.00%"
"19/12/2018","4.64","4.50","4.64","4.40","0.81K","3.11%"
"18/12/2018","4.50","4.63","4.63","4.50","0.01K","-3.02%"
"17/12/2018","4.64","4.40","4.64","4.40","3.58K","4.27%"
"14/12/2018","4.45","4.50","4.50","4.06","6.70K","-1.11%"
"13/12/2018","4.50","4.64","4.64","4.50","0.21K","-2.17%"
"12/12/2018","4.60","4.60","4.65","4.60","0.01K","-1.08%"
"11/12/2018","4.65","4.67","4.67","4.65","0.14K","-0.43%"
"10/12/2018","4.67","4.68","4.68","4.67","0.51K","-0.64%"
"07/12/2018","4.70","4.49","4.70","4.21","31.46K","5.15%"
"06/12/2018","4.47","4.47","4.47","4.47","0.01K","0.45%"
"05/12/2018","4.45","4.56","4.65","4.45","0.18K","-4.30%"
"04/12/2018","4.65","4.65","4.65","4.65","0.00K","-0.43%"
"03/12/2018","4.67","4.65","4.67","4.55","2.13K","0.00%"
"30/11/2018","4.67","4.65","4.67","4.65","0.20K","0.43%"
"29/11/2018","4.65","4.73","4.73","4.55","5.17K","-1.69%"
"28/11/2018","4.73","4.70","4.73","4.69","0.40K","0.00%"
"27/11/2018","4.73","4.73","4.73","4.73","0.00K","0.64%"
"26/11/2018","4.70","4.73","4.73","4.65","5.01K","-0.63%"
"23/11/2018","4.73","4.74","4.74","4.61","0.15K","-0.21%"
"22/11/2018","4.74","4.74","4.74","4.74","0.01K","0.64%"
"21/11/2018","4.71","4.74","4.74","4.71","0.30K","-0.63%"
"20/11/2018","4.74","4.74","4.74","4.74","0.01K","0.00%"
"19/11/2018","4.74","4.75","4.75","4.74","0.44K","-0.21%"
"16/11/2018","4.75","4.75","4.75","4.75","0.01K","0.00%"
"15/11/2018","4.75","4.75","4.75","4.75","0.00K","0.00%"
"14/11/2018","4.75","4.75","4.75","4.75","0.00K","0.21%"
"13/11/2018","4.74","4.50","4.74","4.50","2.13K","-0.21%"
"09/11/2018","4.75","4.75","4.75","4.75","0.01K","0.00%"
"08/11/2018","4.75","4.75","4.75","4.75","0.01K","0.21%"
"07/11/2018","4.74","4.74","4.74","4.74","2.12K","0.00%"
"06/11/2018","4.74","4.74","4.74","4.74","0.04K","-0.21%"
"05/11/2018","4.75","4.75","4.75","4.75","0.00K","0.00%"
"02/11/2018","4.75","4.60","4.75","4.60","0.05K","0.00%"
"31/10/2018","4.75","4.74","4.75","4.74","4.41K","0.21%"
"30/10/2018","4.74","4.74","4.74","4.74","0.00K","-0.21%"
"29/10/2018","4.75","4.74","4.75","4.74","1.60K","1.06%"
"26/10/2018","4.70","4.74","4.74","4.55","6.50K","1.08%"
"25/10/2018","4.65","4.61","4.77","4.61","3.11K","-2.11%"
"24/10/2018","4.75","4.74","4.77","4.73","10.16K","3.26%"
"23/10/2018","4.60","4.68","4.68","4.60","1.47K","-2.95%"
"22/10/2018","4.74","4.78","4.78","4.51","0.13K","-0.84%"
"19/10/2018","4.78","4.60","4.79","4.50","6.72K","1.70%"
"18/10/2018","4.70","4.61","4.78","4.40","4.79K","-4.08%"
"17/10/2018","4.90","4.80","4.93","4.80","6.18K","4.26%"
"16/10/2018","4.70","4.80","4.87","4.64","1.06K","-4.08%"
"15/10/2018","4.90","4.79","4.90","4.79","4.21K","2.30%"
"12/10/2018","4.79","4.85","4.91","4.43","45.53K","-3.23%"
"11/10/2018","4.95","4.80","4.95","4.80","241.22K","0.00%"
"10/10/2018","4.95","4.82","4.95","4.82","70.45K","0.00%"
"09/10/2018","4.95","4.95","4.95","4.78","78.56K","0.00%"
"08/10/2018","4.95","4.95","4.96","4.94","100.40K","0.41%"
"05/10/2018","4.93","4.90","4.93","4.77","39.53K","1.02%"
"04/10/2018","4.88","4.92","4.92","4.88","2.02K","-0.41%"
"03/10/2018","4.90","4.55","4.93","4.55","120.03K","9.13%"
"02/10/2018","4.49","4.49","4.49","4.40","4.11K","0.90%"
"01/10/2018","4.45","4.45","4.49","4.40","3.55K","-0.89%"
"28/09/2018","4.49","4.49","4.49","4.49","0.01K","0.00%"
"27/09/2018","4.49","4.49","4.49","4.49","0.01K","0.22%"
"26/09/2018","4.48","4.50","4.50","4.40","1.90K","-0.44%"
"25/09/2018","4.50","4.49","4.50","4.49","1.85K","0.22%"
"24/09/2018","4.49","4.49","4.50","4.49","15.49K","0.00%"
"21/09/2018","4.49","4.44","4.50","4.44","3.65K","1.13%"
"20/09/2018","4.44","4.44","4.44","4.40","8.01K","0.00%"
"19/09/2018","4.44","4.44","4.44","4.44","1.01K","2.78%"
"18/09/2018","4.32","4.44","4.44","4.32","5.45K","-2.26%"
"17/09/2018","4.42","4.40","4.44","4.40","4.83K","-1.56%"
"14/09/2018","4.49","4.49","4.49","4.40","1.01K","-0.22%"
"13/09/2018","4.50","4.41","4.50","4.37","11.46K","2.04%"
"12/09/2018","4.41","4.40","4.41","4.31","18.26K","0.23%"
"11/09/2018","4.40","4.40","4.41","4.39","6.09K","0.00%"
"10/09/2018","4.40","4.39","4.41","4.30","124.48K","-0.45%"
"07/09/2018","4.42","4.40","4.42","4.40","62.66K","0.23%"
"06/09/2018","4.41","4.40","4.44","4.29","118.73K","0.23%"
"05/09/2018","4.40","4.24","4.40","4.08","79.54K","4.76%"
"04/09/2018","4.20","3.96","4.20","3.96","65.36K","4.48%"
"03/09/2018","4.02","4.02","4.10","3.96","6.62K","0.50%"
"31/08/2018","4.00","4.00","4.00","4.00","0.01K","0.00%"
"30/08/2018","4.00","4.02","4.02","4.00","0.03K","-0.50%"
"29/08/2018","4.02","4.02","4.02","3.85","0.46K","0.50%"
"28/08/2018","4.00","4.04","4.04","4.00","0.80K","-0.99%"
"27/08/2018","4.04","4.05","4.05","3.90","3.21K","-0.25%"
"24/08/2018","4.05","4.01","4.05","3.82","4.94K","0.00%"
"23/08/2018","4.05","3.99","4.05","3.99","2.20K","1.50%"
"22/08/2018","3.99","3.99","3.99","3.99","1.96K","0.25%"
"21/08/2018","3.98","4.00","4.00","3.90","1.03K","-0.50%"
"20/08/2018","4.00","4.00","4.00","3.90","2.42K","0.00%"
"17/08/2018","4.00","4.00","4.00","3.95","4.28K","0.00%"
"16/08/2018","4.00","4.00","4.00","4.00","0.01K","0.00%"
"14/08/2018","4.00","4.00","4.00","3.95","4.65K","0.00%"
"13/08/2018","4.00","4.00","4.00","4.00","2.26K","0.00%"
"10/08/2018","4.00","4.00","4.00","4.00","0.01K","0.00%"
"09/08/2018","4.00","3.93","4.00","3.93","0.74K","1.78%"
"08/08/2018","3.93","4.04","4.04","3.90","3.00K","-2.72%"
"07/08/2018","4.04","4.05","4.05","4.04","0.01K","-0.25%"
"06/08/2018","4.05","4.05","4.05","3.92","4.18K","0.00%"
"03/08/2018","4.05","4.05","4.05","4.04","4.71K","0.75%"
"02/08/2018","4.02","4.05","4.05","3.91","1.06K","-0.74%"
"01/08/2018","4.05","4.05","4.05","3.92","0.72K","1.25%"
"31/07/2018","4.00","3.96","4.04","3.94","1.44K","0.76%"
"30/07/2018","3.97","4.01","4.01","3.89","0.66K","-1.24%"
"27/07/2018","4.02","4.03","4.03","4.02","1.11K","-0.25%"
"26/07/2018","4.03","4.03","4.03","4.03","0.01K","0.00%"
"25/07/2018","4.03","4.03","4.03","3.82","27.30K","0.00%"
"24/07/2018","4.03","4.03","4.03","4.01","6.81K","0.00%"
"23/07/2018","4.03","4.03","4.03","4.03","0.00K","0.75%"
"20/07/2018","4.00","3.98","4.03","3.95","8.80K","0.50%"
"19/07/2018","3.98","4.02","4.02","3.98","0.01K","-0.75%"
"18/07/2018","4.01","3.94","4.02","3.94","1.32K","2.30%"
"17/07/2018","3.92","3.95","3.95","3.90","0.67K","0.00%"
"16/07/2018","3.92","4.03","4.03","3.83","2.51K","-2.97%"
"13/07/2018","4.04","3.95","4.04","3.84","84.91K","2.28%"
"12/07/2018","3.95","4.00","4.00","3.90","4.14K","-1.25%"
"11/07/2018","4.00","3.95","4.00","3.91","2.09K","2.56%"
"10/07/2018","3.90","4.00","4.05","3.90","8.42K","-3.70%"
"09/07/2018","4.05","3.90","4.05","3.90","22.74K","3.85%"
"06/07/2018","3.90","3.86","3.90","3.63","7.11K","1.04%"
"05/07/2018","3.86","3.86","3.86","3.86","0.01K","0.00%"
"04/07/2018","3.86","3.87","3.87","3.55","1.91K","-0.26%"
"03/07/2018","3.87","3.83","3.87","3.81","10.01K","1.04%"
"02/07/2018","3.83","3.68","3.84","3.66","15.53K","6.39%"
"29/06/2018","3.60","3.49","3.70","3.45","14.13K","5.88%"
"28/06/2018","3.40","3.17","3.40","3.17","19.08K","4.62%"
"27/06/2018","3.25","3.25","3.25","3.16","0.01K","0.00%"
"26/06/2018","3.25","3.25","3.25","3.25","0.01K","0.00%"
"25/06/2018","3.25","3.25","3.25","3.10","0.26K","0.00%"
"22/06/2018","3.25","3.25","3.25","3.25","0.01K","0.00%"
"21/06/2018","3.25","3.25","3.25","3.25","0.01K","0.00%"
"20/06/2018","3.25","3.25","3.25","3.20","0.11K","0.00%"
"19/06/2018","3.25","3.25","3.25","3.23","1.51K","0.00%"
"18/06/2018","3.25","3.25","3.25","3.20","2.61K","0.00%"
"15/06/2018","3.25","3.24","3.25","3.12","44.62K","0.31%"
"14/06/2018","3.24","3.24","3.24","3.15","3.63K","0.00%"
"13/06/2018","3.24","3.24","3.24","3.20","0.01K","0.00%"
"12/06/2018","3.24","3.11","3.24","3.11","7.49K","0.93%"
"11/06/2018","3.21","3.24","3.24","3.21","0.04K","-0.93%"
"08/06/2018","3.24","3.25","3.25","3.12","9.01K","-0.31%"
"07/06/2018","3.25","3.25","3.25","3.11","3.26K","0.00%"
"06/06/2018","3.25","3.25","3.25","3.25","0.51K","0.00%"
"05/06/2018","3.25","3.30","3.30","3.25","0.02K","-1.52%"
"04/06/2018","3.30","3.20","3.30","3.20","1.13K","0.00%"
"01/06/2018","3.30","3.30","3.30","3.30","0.45K","0.00%"
"30/05/2018","3.30","3.30","3.30","3.11","0.07K","0.00%"
"29/05/2018","3.30","3.30","3.30","3.24","0.13K","0.00%"
"28/05/2018","3.30","3.25","3.30","3.24","4.01K","1.54%"
"25/05/2018","3.25","3.20","3.25","3.20","1.76K","1.56%"
"24/05/2018","3.20","3.20","3.20","3.10","5.90K","0.00%"
"23/05/2018","3.20","3.25","3.25","3.20","2.72K","-1.54%"
"22/05/2018","3.25","3.25","3.25","3.10","1.99K","0.00%"
"21/05/2018","3.25","3.32","3.32","3.17","5.60K","-2.11%"
"18/05/2018","3.32","3.32","3.32","3.20","0.70K","0.61%"
"17/05/2018","3.30","3.32","3.32","3.18","1.01K","-0.30%"
"16/05/2018","3.31","3.32","3.32","3.31","0.03K","0.30%"
"15/05/2018","3.30","3.20","3.30","3.20","0.24K","-1.20%"
"14/05/2018","3.34","3.35","3.35","3.34","0.08K","-0.30%"
"11/05/2018","3.35","3.35","3.35","3.20","0.12K","-0.89%"
"10/05/2018","3.38","3.39","3.39","3.38","0.39K","-0.29%"
"09/05/2018","3.39","3.24","3.39","3.15","1.84K","4.63%"
"08/05/2018","3.24","3.16","3.24","3.10","3.86K","2.53%"
"07/05/2018","3.16","3.40","3.40","3.16","3.03K","-7.33%"
"04/05/2018","3.41","3.45","3.45","3.39","0.37K","-1.16%"
"02/05/2018","3.45","3.45","3.45","3.12","1.86K","-1.43%"
"30/04/2018","3.50","3.54","3.54","3.30","1.33K","-1.13%"
"27/04/2018","3.54","3.54","3.54","3.54","0.00K","0.00%"
"26/04/2018","3.54","3.50","3.54","3.30","2.44K","0.85%"
"25/04/2018","3.51","3.40","3.51","3.30","1.82K","-1.13%"
"24/04/2018","3.55","3.55","3.55","3.39","1.01K","0.00%"
"23/04/2018","3.55","3.55","3.55","3.45","4.50K","0.00%"
"20/04/2018","3.55","3.50","3.55","3.30","5.26K","0.00%"
"19/04/2018","3.55","3.52","3.55","3.52","0.79K","0.00%"
"18/04/2018","3.55","3.55","3.55","3.55","0.03K","0.00%"
"17/04/2018","3.55","3.38","3.74","3.37","4.47K","-1.39%"
"16/04/2018","3.60","3.56","3.60","3.45","8.90K","-4.00%"
"12/04/2018","3.75","3.75","3.75","3.75","0.00K","-0.27%"
"11/04/2018","3.76","3.65","3.76","3.65","1.60K","3.01%"
"10/04/2018","3.65","3.65","3.65","3.65","1.30K","0.00%"
"09/04/2018","3.65","3.65","3.65","3.65","2.90K","0.00%"
"06/04/2018","3.65","3.55","3.65","3.55","2.66K","3.11%"
"05/04/2018","3.54","3.53","3.54","3.53","2.10K","-3.80%"
"04/04/2018","3.68","3.53","3.68","3.53","0.65K","-0.27%"
"03/04/2018","3.69","3.70","3.70","3.69","2.50K","-1.60%"
"29/03/2018","3.75","3.69","3.75","3.69","0.15K","1.08%"
"28/03/2018","3.71","3.65","3.75","3.60","18.06K","-1.85%"
"27/03/2018","3.78","3.70","3.78","3.65","0.88K","-0.53%"
"26/03/2018","3.80","3.74","3.80","3.74","4.88K","1.33%"
"23/03/2018","3.75","3.65","3.75","3.65","0.26K","-0.53%"
"22/03/2018","3.77","3.70","3.77","3.70","0.01K","-0.26%"
"21/03/2018","3.78","3.70","3.78","3.70","9.72K","-0.26%"
"20/03/2018","3.79","3.70","3.79","3.70","0.13K","-0.26%"
"19/03/2018","3.80","3.70","3.80","3.70","6.21K","0.00%"
"16/03/2018","3.80","3.74","3.80","3.74","2.91K","0.00%"
"15/03/2018","3.80","3.76","3.80","3.76","4.01K","0.00%"
"14/03/2018","3.80","3.76","3.80","3.74","4.31K","0.00%"
"13/03/2018","3.80","3.80","3.80","3.80","4.17K","0.00%"
"12/03/2018","3.80","3.80","3.80","3.76","0.53K","0.00%"
"09/03/2018","3.80","3.80","3.80","3.80","15.43K","-0.26%"
"07/03/2018","3.81","3.79","3.81","3.79","0.25K","0.00%"
"06/03/2018","3.81","3.81","3.81","3.81","0.10K","0.26%"
"05/03/2018","3.80","3.76","3.80","3.76","5.53K","0.00%"
"02/03/2018","3.80","3.80","3.81","3.80","6.58K","1.06%"
"01/03/2018","3.76","3.70","3.80","3.70","3.17K","-1.05%"
"28/02/2018","3.80","3.78","3.80","3.78","0.15K","1.06%"
"27/02/2018","3.76","3.79","3.81","3.53","13.90K","-1.31%"
"26/02/2018","3.81","3.79","3.81","3.79","4.80K","0.00%"
"23/02/2018","3.81","3.80","3.81","3.80","16.00K","0.00%"
"22/02/2018","3.81","3.80","3.81","3.80","5.91K","0.26%"
"21/02/2018","3.80","3.76","3.80","3.76","1.86K","-0.26%"
"20/02/2018","3.81","3.80","3.81","3.78","10.13K","0.00%"
"19/02/2018","3.81","3.81","3.81","3.81","5.52K","0.00%"
"16/02/2018","3.81","3.76","3.81","3.76","12.29K","0.26%"
"12/02/2018","3.80","3.80","3.80","3.76","0.13K","0.00%"
"09/02/2018","3.80","3.78","3.80","3.76","21.77K","0.00%"
"08/02/2018","3.80","3.80","3.80","3.79","18.89K","0.00%"
"07/02/2018","3.80","3.79","3.80","3.79","3.08K","0.00%"
"06/02/2018","3.80","3.80","3.80","3.78","13.50K","-1.04%"
"02/02/2018","3.84","3.80","3.84","3.80","0.71K","0.00%"
"01/02/2018","3.84","3.82","3.84","3.80","1.52K","-0.26%"
"31/01/2018","3.85","3.86","3.86","3.80","1.22K","-0.26%"
"30/01/2018","3.86","3.80","3.86","3.80","0.51K","0.26%"
"29/01/2018","3.85","3.81","3.85","3.80","0.69K","-0.26%"
"25/01/2018","3.86","3.81","3.86","3.80","5.86K","0.00%"
"24/01/2018","3.86","3.85","3.86","3.85","4.29K","0.52%"
"23/01/2018","3.84","3.79","3.84","3.79","8.78K","1.32%"
"22/01/2018","3.79","3.65","3.79","3.65","0.10K","0.53%"
"19/01/2018","3.77","3.71","3.79","3.71","14.24K","-0.53%"
"18/01/2018","3.79","3.79","3.79","3.56","17.30K","-1.04%"
"17/01/2018","3.83","3.82","3.83","3.76","11.16K","-0.26%"
"16/01/2018","3.84","3.82","3.84","3.82","1.66K","0.52%"
"15/01/2018","3.82","3.82","3.82","3.82","1.20K","0.00%"
"12/01/2018","3.82","3.83","3.83","3.82","3.74K","0.00%"
"11/01/2018","3.82","3.84","3.84","3.82","3.80K","-0.78%"
"10/01/2018","3.85","3.86","3.86","3.82","3.23K","0.00%"
"09/01/2018","3.85","3.85","3.85","3.85","0.05K","-0.26%"
"08/01/2018","3.86","3.85","3.86","3.85","0.00K","-0.26%"
"05/01/2018","3.87","3.85","3.87","3.85","2.41K","0.52%"
"04/01/2018","3.85","3.85","3.88","3.85","14.15K","-7.89%"
"03/01/2018","4.18","4.00","4.18","3.85","9.77K","8.57%"
"29/12/2017","3.85","3.82","3.85","3.80","1.75K","0.79%"
"28/12/2017","3.82","3.80","3.82","3.80","1.41K","0.53%"
"27/12/2017","3.80","3.72","3.80","3.72","5.99K","-0.26%"
"22/12/2017","3.81","3.80","3.81","3.75","3.45K","-0.26%"
"21/12/2017","3.82","3.82","3.82","3.82","0.07K","0.00%"
"20/12/2017","3.82","3.80","3.82","3.79","11.46K","0.53%"
"19/12/2017","3.80","3.82","3.82","3.80","3.69K","0.53%"
"18/12/2017","3.78","3.78","3.78","3.71","3.60K","0.00%"
"15/12/2017","3.78","3.79","3.79","3.71","0.82K","0.80%"
"14/12/2017","3.75","3.71","3.75","3.65","12.32K","-1.32%"
"13/12/2017","3.80","3.77","3.80","3.59","28.33K","-0.52%"
"12/12/2017","3.82","3.83","3.83","3.76","31.78K","-1.55%"
"11/12/2017","3.88","3.83","3.88","3.81","4.16K","1.31%"
"08/12/2017","3.83","3.79","3.83","3.79","3.01K","1.06%"
"07/12/2017","3.79","3.78","3.79","3.78","1.35K","0.00%"
"06/12/2017","3.79","3.79","3.79","3.75","0.97K","1.07%"
"05/12/2017","3.75","3.75","3.75","3.75","3.47K","-1.06%"
"04/12/2017","3.79","3.76","3.79","3.76","1.25K","0.00%"
"01/12/2017","3.79","3.83","3.83","3.75","3.26K","-1.04%"
"30/11/2017","3.83","3.83","3.83","3.83","0.00K","0.79%"
"29/11/2017","3.80","3.70","3.85","3.70","19.96K","2.43%"
"28/11/2017","3.71","3.72","3.72","3.65","1.00K","-0.27%"
"27/11/2017","3.72","3.70","3.72","3.65","10.55K","0.00%"
"24/11/2017","3.72","3.54","3.72","3.54","30.40K","5.08%"
"22/11/2017","3.54","3.50","3.54","3.50","4.46K","0.57%"
"21/11/2017","3.52","3.45","3.53","3.30","4.10K","-0.85%"
"20/11/2017","3.55","3.55","3.55","3.55","0.10K","0.00%"
"17/11/2017","3.55","3.49","3.55","3.45","0.30K","-0.28%"
"16/11/2017","3.56","3.50","3.56","3.50","0.77K","-0.84%"
"15/11/2017","3.59","3.50","3.59","3.50","4.95K","-0.28%"
"14/11/2017","3.60","3.56","3.60","3.45","2.27K","1.12%"
"13/11/2017","3.56","3.57","3.57","3.46","3.08K","0.56%"
"10/11/2017","3.54","3.54","3.54","3.54","0.50K","-1.39%"
"09/11/2017","3.59","3.55","3.59","3.47","2.46K","-0.28%"
"08/11/2017","3.60","3.60","3.60","3.60","0.18K","0.00%"
"07/11/2017","3.60","3.60","3.60","3.51","1.55K","0.00%"
"03/11/2017","3.60","3.60","3.60","3.60","0.00K","0.00%"
"02/11/2017","3.60","3.60","3.60","3.42","6.61K","0.28%"
"31/10/2017","3.59","3.44","3.60","3.43","19.93K","4.36%"
"30/10/2017","3.44","3.47","3.47","3.44","2.20K","-1.15%"
"27/10/2017","3.48","3.49","3.49","3.48","1.52K","-0.29%"
"26/10/2017","3.49","3.45","3.49","3.45","3.60K","-2.24%"
"25/10/2017","3.57","3.53","3.57","3.50","2.51K","-2.46%"
"24/10/2017","3.66","3.60","3.66","3.52","8.20K","-1.08%"
"20/10/2017","3.70","3.55","3.70","3.55","2.32K","-0.54%"
"19/10/2017","3.72","3.63","3.72","3.60","11.61K","0.00%"
"18/10/2017","3.72","3.63","3.72","3.63","3.11K","2.48%"
"17/10/2017","3.63","3.75","3.75","3.62","3.08K","-3.71%"
"16/10/2017","3.77","3.74","3.77","3.70","9.56K","0.80%"
"13/10/2017","3.74","3.74","3.74","3.74","0.40K","0.00%"
"12/10/2017","3.74","3.54","3.74","3.54","0.32K","0.00%"
"11/10/2017","3.74","3.74","3.74","3.50","3.29K","2.47%"
"10/10/2017","3.65","3.64","3.74","3.64","2.95K","-2.41%"
"09/10/2017","3.74","3.55","3.74","3.51","1.00K","0.00%"
"06/10/2017","3.74","3.60","3.74","3.55","13.42K","3.31%"
"05/10/2017","3.62","3.56","3.70","3.56","6.31K","-3.47%"
"04/10/2017","3.75","3.80","3.80","3.60","8.79K","-2.60%"
"03/10/2017","3.85","3.85","3.85","3.52","5.65K","-1.28%"
"02/10/2017","3.90","3.91","4.00","3.85","6.39K","-1.27%"
"29/09/2017","3.95","4.04","4.04","3.95","0.22K","-3.19%"
"28/09/2017","4.08","3.96","4.08","3.94","7.71K","-2.63%"
"27/09/2017","4.19","4.21","4.23","4.15","23.40K","-0.48%"
"26/09/2017","4.21","4.20","4.21","4.19","15.98K","0.24%"
"25/09/2017","4.20","4.19","4.20","4.17","19.72K","0.24%"
"22/09/2017","4.19","4.19","4.19","4.15","3.92K","0.00%"
"21/09/2017","4.19","4.17","4.19","4.14","4.18K","1.21%"
"20/09/2017","4.14","4.20","4.20","4.14","1.69K","-1.19%"
"19/09/2017","4.19","4.20","4.20","4.15","3.64K","0.24%"
"18/09/2017","4.18","4.16","4.24","4.16","0.46K","-1.42%"
"15/09/2017","4.24","4.15","4.24","4.15","19.17K","1.92%"
"14/09/2017","4.16","4.17","4.17","4.11","1.44K","1.22%"
"13/09/2017","4.11","4.17","4.17","4.07","6.95K","0.24%"
"12/09/2017","4.10","4.10","4.10","4.07","4.52K","0.00%"
"11/09/2017","4.10","4.14","4.14","4.09","4.79K","-0.97%"
"08/09/2017","4.14","4.14","4.14","4.14","10.18K","0.00%"
"07/09/2017","4.14","4.18","4.18","4.14","6.79K","-0.96%"
"06/09/2017","4.18","4.18","4.18","4.16","6.93K","0.00%"
"05/09/2017","4.18","4.17","4.18","4.16","4.70K","0.00%"
"04/09/2017","4.18","4.19","4.19","4.16","2.41K","-0.24%"
"01/09/2017","4.19","4.15","4.19","4.15","2.92K","0.96%"
"31/08/2017","4.15","4.12","4.18","4.10","8.13K","0.00%"
"30/08/2017","4.15","4.19","4.19","4.12","3.70K","0.73%"
"29/08/2017","4.12","4.13","4.18","3.81","13.45K","0.49%"
"28/08/2017","4.10","4.05","4.10","3.90","7.83K","1.74%"
"25/08/2017","4.03","4.01","4.05","4.01","2.03K","0.00%"
"24/08/2017","4.03","4.05","4.05","4.03","0.12K","-1.23%"
"23/08/2017","4.08","4.08","4.08","3.96","5.99K","0.00%"
"22/08/2017","4.08","3.94","4.08","3.94","62.69K","2.51%"
"21/08/2017","3.98","3.81","3.98","3.81","14.45K","4.46%"
"18/08/2017","3.81","3.81","3.81","3.81","5.08K","0.26%"
"17/08/2017","3.80","3.83","3.83","3.80","7.95K","-0.78%"
"16/08/2017","3.83","3.81","3.83","3.81","7.27K","0.00%"
"14/08/2017","3.83","3.81","3.83","3.81","0.47K","0.52%"
"11/08/2017","3.81","3.75","3.83","3.75","10.26K","0.00%"
"10/08/2017","3.81","3.80","3.81","3.75","6.28K","0.26%"
"09/08/2017","3.80","3.80","3.80","3.80","0.14K","0.00%"
"08/08/2017","3.80","3.84","3.84","3.80","0.81K","-1.04%"
"07/08/2017","3.84","3.80","3.84","3.76","14.99K","1.05%"
"04/08/2017","3.80","3.79","3.80","3.79","2.79K","0.26%"
"03/08/2017","3.79","3.80","3.80","3.79","0.68K","-0.52%"
"02/08/2017","3.81","3.75","3.81","3.75","0.82K","0.00%"
"01/08/2017","3.81","3.81","3.81","3.80","2.12K","0.00%"
"31/07/2017","3.81","3.84","3.84","3.81","1.62K","0.00%"
"28/07/2017","3.81","3.83","3.84","3.81","0.21K","-0.52%"
"27/07/2017","3.83","3.80","3.83","3.80","3.69K","0.79%"
"26/07/2017","3.80","3.83","3.83","3.80","3.18K","-1.04%"
"25/07/2017","3.84","3.80","3.84","3.80","6.55K","2.67%"
"24/07/2017","3.74","3.74","3.80","3.74","1.09K","-1.84%"
"21/07/2017","3.81","3.68","3.81","3.68","0.33K","3.53%"
"20/07/2017","3.68","3.81","3.81","3.67","5.32K","-3.41%"
"19/07/2017","3.81","3.82","3.82","3.81","0.70K","-0.26%"
"18/07/2017","3.82","3.80","3.82","3.80","2.00K","0.00%"
"17/07/2017","3.82","3.83","3.83","3.81","0.77K","-0.52%"
"14/07/2017","3.84","3.80","3.84","3.80","1.39K","0.52%"
"13/07/2017","3.82","3.85","3.85","3.80","2.20K","-0.52%"
"12/07/2017","3.84","3.80","3.84","3.80","3.31K","0.26%"
"11/07/2017","3.83","3.82","3.83","3.80","9.69K","0.79%"
"10/07/2017","3.80","3.82","3.82","3.80","3.65K","-0.78%"
"06/07/2017","3.83","3.83","3.83","3.83","0.01K","1.32%"
"05/07/2017","3.78","3.78","3.83","3.76","11.24K","0.27%"
"04/07/2017","3.77","3.75","3.78","3.75","14.95K","0.53%"
"03/07/2017","3.75","3.75","3.75","3.74","4.71K","0.54%"
"30/06/2017","3.73","3.74","3.75","3.73","14.51K","-0.27%"
"29/06/2017","3.74","3.65","3.75","3.65","15.31K","0.27%"
"28/06/2017","3.73","3.74","3.74","3.73","1.00K","0.81%"
"27/06/2017","3.70","3.75","3.75","3.70","2.62K","-1.07%"
"26/06/2017","3.74","3.73","3.74","3.70","12.20K","0.27%"
"23/06/2017","3.73","3.73","3.73","3.73","0.50K","0.00%"
"22/06/2017","3.73","3.75","3.76","3.73","12.06K","-1.06%"
"21/06/2017","3.77","3.75","3.77","3.75","1.75K","0.53%"
"20/06/2017","3.75","3.75","3.76","3.75","5.62K","1.35%"
"19/06/2017","3.70","3.76","3.76","3.70","3.08K","-1.60%"
"16/06/2017","3.76","3.70","3.76","3.70","2.28K","0.80%"
"14/06/2017","3.73","3.73","3.73","3.73","4.24K","-0.80%"
"13/06/2017","3.76","3.70","3.76","3.70","1.46K","0.00%"
"12/06/2017","3.76","3.68","3.76","3.68","2.46K","2.45%"
"09/06/2017","3.67","3.70","3.79","3.67","33.44K","0.00%"
"08/06/2017","3.67","3.60","3.70","3.60","7.80K","0.55%"
"07/06/2017","3.65","3.55","3.65","3.55","1.00K","1.39%"
"06/06/2017","3.60","3.67","3.67","3.60","0.40K","-0.55%"
"05/06/2017","3.62","3.55","3.62","3.53","5.77K","1.97%"
"02/06/2017","3.55","3.43","3.59","3.42","14.12K","3.50%"
"01/06/2017","3.43","3.51","3.53","3.43","2.99K","-3.38%"
"31/05/2017","3.55","3.51","3.55","3.51","3.64K","-1.39%"
"30/05/2017","3.60","3.52","3.60","3.52","0.10K","1.98%"
"29/05/2017","3.53","3.53","3.53","3.53","1.00K","0.28%"
"26/05/2017","3.52","3.61","3.61","3.52","1.02K","-4.09%"
"25/05/2017","3.67","3.63","3.67","3.61","6.83K","-0.81%"
"24/05/2017","3.70","3.63","3.70","3.62","3.55K","0.00%"
"23/05/2017","3.70","3.68","3.70","3.68","1.10K","0.00%"
"22/05/2017","3.70","3.72","3.72","3.41","2.63K","-0.27%"
"19/05/2017","3.71","3.72","3.72","3.70","6.76K","-0.27%"
"18/05/2017","3.72","3.71","3.72","3.70","8.14K","-0.27%"
"17/05/2017","3.73","3.70","3.75","3.70","8.51K","0.54%"
"16/05/2017","3.71","3.71","3.71","3.71","1.85K","0.00%"
"15/05/2017","3.71","3.71","3.77","3.71","12.58K","0.00%"
"12/05/2017","3.71","3.71","3.71","3.70","18.92K","1.37%"
"11/05/2017","3.66","3.67","3.71","3.66","6.23K","-1.08%"
"10/05/2017","3.70","3.69","3.70","3.66","6.52K","0.00%"
"09/05/2017","3.70","3.70","3.71","3.70","3.40K","-0.27%"
"08/05/2017","3.71","3.69","3.71","3.69","8.65K","0.54%"
"05/05/2017","3.69","3.69","3.73","3.69","2.73K","-0.27%"
"04/05/2017","3.70","3.69","3.73","3.69","4.94K","-1.07%"
"02/05/2017","3.74","3.66","3.74","3.66","15.10K","0.00%"
"28/04/2017","3.74","3.77","3.77","3.69","50.20K","-1.84%"
"27/04/2017","3.81","3.72","3.81","3.72","6.72K","0.53%"
"26/04/2017","3.79","3.72","3.79","3.71","13.18K","1.88%"
"25/04/2017","3.72","3.70","3.77","3.70","59.32K","0.54%"
"24/04/2017","3.70","3.70","3.70","3.70","5.00K","-0.80%"
"21/04/2017","3.73","3.75","3.75","3.70","1.43K","-0.53%"
"20/04/2017","3.75","3.76","3.79","3.60","141.99K","-1.32%"
"19/04/2017","3.80","3.74","3.80","3.74","132.30K","1.33%"
"18/04/2017","3.75","3.81","3.81","3.75","42.45K","-1.57%"
"13/04/2017","3.81","3.79","3.81","3.76","12.12K","0.53%"
"12/04/2017","3.79","3.75","3.79","3.72","3.91K","1.07%"
"11/04/2017","3.75","3.75","3.77","3.75","13.04K","-0.53%"
"10/04/2017","3.77","3.75","3.78","3.75","14.98K","0.27%"
"07/04/2017","3.76","3.65","3.76","3.65","62.86K","3.01%"
"06/04/2017","3.65","3.70","3.70","3.65","1.90K","-1.88%"
"05/04/2017","3.72","3.66","3.73","3.66","21.07K","1.36%"
"04/04/2017","3.67","3.67","3.67","3.65","8.07K","0.00%"
"03/04/2017","3.67","3.66","3.68","3.57","39.08K","0.00%"
"31/03/2017","3.67","3.68","3.68","3.64","8.40K","0.55%"
"30/03/2017","3.65","3.65","3.68","3.62","19.33K","0.27%"
"29/03/2017","3.64","3.64","3.64","3.57","3.29K","0.00%"
"28/03/2017","3.64","3.65","3.65","3.55","77.39K","-0.27%"
"27/03/2017","3.65","3.57","3.65","3.57","14.98K","1.67%"
"24/03/2017","3.59","3.50","3.59","3.46","45.67K","4.06%"
"23/03/2017","3.45","3.45","3.45","3.45","0.88K","-0.29%"
"22/03/2017","3.46","3.46","3.46","3.44","3.30K","0.29%"
"21/03/2017","3.45","3.41","3.48","3.41","13.40K","-1.15%"
"20/03/2017","3.49","3.46","3.49","3.45","9.83K","1.75%"
"17/03/2017","3.43","3.44","3.47","3.43","3.85K","-1.15%"
"16/03/2017","3.47","3.42","3.47","3.42","15.97K","1.46%"
"15/03/2017","3.42","3.41","3.45","3.41","1.77K","-1.44%"
"14/03/2017","3.47","3.42","3.47","3.41","22.36K","1.76%"
"13/03/2017","3.41","3.35","3.42","3.35","23.82K","0.59%"
"10/03/2017","3.39","3.31","3.39","3.31","4.60K","1.50%"
"09/03/2017","3.34","3.43","3.43","3.34","64.14K","-1.76%"
"08/03/2017","3.40","3.37","3.47","3.37","62.97K","1.19%"
"07/03/2017","3.36","3.29","3.36","3.28","35.43K","2.75%"
"06/03/2017","3.27","3.26","3.30","3.25","24.40K","1.24%"
"03/03/2017","3.23","3.24","3.27","3.18","14.46K","0.31%"
"02/03/2017","3.22","3.20","3.22","3.17","11.22K","1.58%"
"01/03/2017","3.17","3.14","3.21","3.14","47.22K","0.96%"
"28/02/2017","3.14","3.15","3.17","3.14","11.13K","-0.63%"
"27/02/2017","3.16","3.17","3.17","3.16","6.91K","0.96%"
"24/02/2017","3.13","3.15","3.15","3.13","25.90K","-0.32%"
"23/02/2017","3.14","3.19","3.19","3.14","10.27K","-1.57%"
"22/02/2017","3.19","3.25","3.25","3.18","44.86K","-0.31%"
"21/02/2017","3.20","3.25","3.25","3.20","0.78K","-0.31%"
"20/02/2017","3.21","3.24","3.25","3.21","2.88K","-1.53%"
"17/02/2017","3.26","3.26","3.26","3.20","1.76K","0.00%"
"16/02/2017","3.26","3.20","3.26","3.19","43.19K","1.87%"
"15/02/2017","3.20","3.28","3.28","3.19","15.83K","0.00%"
"14/02/2017","3.20","3.25","3.25","3.20","130.36K","-2.14%"
"13/02/2017","3.27","3.28","3.28","3.22","9.09K","-0.30%"
"10/02/2017","3.28","3.16","3.28","3.16","24.20K","2.50%"
"09/02/2017","3.20","3.13","3.21","3.10","21.38K","0.95%"
"08/02/2017","3.17","3.05","3.20","3.05","51.38K","3.93%"
"07/02/2017","3.05","3.07","3.09","3.04","6.89K","-0.97%"
"06/02/2017","3.08","3.15","3.15","3.05","33.57K","-2.22%"
"03/02/2017","3.15","3.21","3.22","3.15","20.45K","-1.56%"
"02/02/2017","3.20","3.19","3.20","3.18","26.13K","0.31%"
"01/02/2017","3.19","3.15","3.20","3.14","17.30K","2.24%"
"31/01/2017","3.12","3.12","3.12","3.12","0.71K","0.65%"
"30/01/2017","3.10","3.10","3.12","3.10","2.93K","-0.64%"
"27/01/2017","3.12","3.05","3.12","3.04","4.71K","0.97%"
"26/01/2017","3.09","3.08","3.14","3.05","11.04K","-0.32%"
"25/01/2017","3.10","3.05","3.14","3.05","17.00K","0.98%"
"24/01/2017","3.07","3.11","3.11","3.05","15.73K","-0.65%"
"23/01/2017","3.09","3.09","3.13","3.06","18.05K","-0.32%"
"20/01/2017","3.10","3.09","3.10","3.05","7.35K","-0.64%"
"19/01/2017","3.12","3.11","3.12","3.08","11.79K","0.65%"
"18/01/2017","3.10","3.08","3.10","3.08","15.16K","0.98%"
"17/01/2017","3.07","3.08","3.08","3.07","2.15K","0.33%"
"16/01/2017","3.06","3.06","3.09","3.06","4.03K","0.33%"
"13/01/2017","3.05","2.96","3.05","2.96","0.29K","3.39%"
"12/01/2017","2.95","3.09","3.09","2.95","102.57K","-3.91%"
"11/01/2017","3.07","3.06","3.08","3.04","13.55K","0.66%"
"10/01/2017","3.05","3.09","3.09","3.03","11.17K","0.99%"
"09/01/2017","3.02","3.08","3.08","3.02","42.83K","-0.66%"
"05/01/2017","3.04","3.03","3.05","3.02","10.34K","0.00%"
"04/01/2017","3.04","3.03","3.04","3.02","3.63K","-0.33%"
"03/01/2017","3.05","3.02","3.05","3.02","2.54K","-1.29%"
"02/01/2017","3.09","2.98","3.10","2.95","3.90K","3.00%"
"30/12/2016","3.00","2.97","3.00","2.97","0.34K","0.00%"
"29/12/2016","3.00","2.98","3.00","2.95","4.03K","1.69%"
"28/12/2016","2.95","2.96","2.96","2.94","7.44K","-1.01%"
"27/12/2016","2.98","2.95","3.00","2.95","3.33K","-0.33%"
"23/12/2016","2.99","2.98","3.00","2.97","9.08K","0.67%"
"22/12/2016","2.97","2.98","2.98","2.92","6.40K","-1.00%"
"21/12/2016","3.00","3.00","3.00","2.95","3.90K","0.00%"
"20/12/2016","3.00","2.97","3.00","2.97","4.63K","0.33%"
"19/12/2016","2.99","2.97","2.99","2.91","11.49K","1.01%"
"16/12/2016","2.96","2.98","2.98","2.96","2.73K","-0.67%"
"15/12/2016","2.98","3.00","3.00","2.95","6.87K","-0.67%"
"14/12/2016","3.00","3.00","3.00","2.97","1.39K","0.00%"
"13/12/2016","3.00","2.98","3.00","2.96","4.90K","0.00%"
"12/12/2016","3.00","3.00","3.00","2.99","11.98K","0.00%"
"09/12/2016","3.00","2.97","3.00","2.97","0.67K","0.00%"
"08/12/2016","3.00","2.95","3.00","2.95","3.85K","1.69%"
"07/12/2016","2.95","2.96","2.99","2.95","44.10K","-1.01%"
"06/12/2016","2.98","2.96","2.99","2.93","21.07K","-0.33%"
"05/12/2016","2.99","3.00","3.00","2.97","15.14K","0.34%"
"02/12/2016","2.98","2.96","2.98","2.96","2.26K","-0.67%"
"01/12/2016","3.00","2.99","3.00","2.95","21.18K","0.00%"
"30/11/2016","3.00","2.98","3.00","2.98","0.09K","0.00%"
"29/11/2016","3.00","3.00","3.00","2.98","8.65K","0.00%"
"28/11/2016","3.00","3.00","3.05","3.00","5.96K","-1.64%"
"25/11/2016","3.05","3.05","3.08","2.98","6.46K","0.00%"
"24/11/2016","3.05","3.06","3.06","2.97","8.65K","-0.65%"
"22/11/2016","3.07","3.05","3.07","2.97","4.87K","-0.32%"
"21/11/2016","3.08","3.09","3.09","3.00","3.30K","-0.32%"
"18/11/2016","3.09","3.05","3.09","3.00","9.59K","0.65%"
"17/11/2016","3.07","3.07","3.07","3.03","4.61K","-0.97%"
"16/11/2016","3.10","3.07","3.10","3.04","6.69K","0.32%"
"15/11/2016","3.09","3.09","3.09","3.06","2.61K","-0.96%"
"14/11/2016","3.12","3.08","3.14","3.08","16.51K","-1.27%"
"10/11/2016","3.16","3.17","3.17","3.08","8.64K","0.00%"
"09/11/2016","3.16","3.08","3.18","3.08","7.95K","-0.94%"
"08/11/2016","3.19","3.19","3.19","3.08","0.61K","0.00%"
"07/11/2016","3.19","3.18","3.19","3.08","1.15K","0.31%"
"04/11/2016","3.18","3.20","3.20","3.08","2.61K","-0.62%"
"03/11/2016","3.20","3.14","3.22","3.08","2.68K","-0.62%"
"02/11/2016","3.22","3.16","3.22","3.16","1.01K","1.90%"
"31/10/2016","3.16","3.16","3.16","3.16","0.00K","0.00%"
"28/10/2016","3.16","3.08","3.16","3.08","1.64K","0.32%"
"27/10/2016","3.15","3.08","3.15","3.08","3.13K","0.32%"
"26/10/2016","3.14","3.06","3.14","3.06","1.24K","2.61%"
"25/10/2016","3.06","3.10","3.14","3.06","48.40K","-2.55%"
"24/10/2016","3.14","3.19","3.19","3.10","7.26K","-0.32%"
"21/10/2016","3.15","3.19","3.19","3.15","7.71K","-1.25%"
"20/10/2016","3.19","3.22","3.22","3.16","12.08K","-0.93%"
"19/10/2016","3.22","3.20","3.22","3.19","10.38K","0.00%"
"18/10/2016","3.22","3.22","3.25","3.18","15.82K","-0.92%"
"17/10/2016","3.25","3.29","3.29","3.25","3.23K","-1.22%"
"14/10/2016","3.29","3.24","3.29","3.24","1.12K","0.00%"
"13/10/2016","3.29","3.31","3.31","3.26","8.16K","-0.60%"
"12/10/2016","3.31","3.24","3.32","3.24","6.92K","0.30%"
"11/10/2016","3.30","3.25","3.30","3.25","26.96K","1.54%"
"10/10/2016","3.25","3.17","3.25","3.17","6.15K","0.62%"
"07/10/2016","3.23","3.23","3.23","3.17","4.43K","-0.31%"
"06/10/2016","3.24","3.16","3.24","3.16","17.41K","1.25%"
"05/10/2016","3.20","3.15","3.20","3.13","20.32K","0.31%"
"04/10/2016","3.19","3.19","3.20","3.15","7.68K","0.00%"
"03/10/2016","3.19","3.12","3.19","3.12","0.55K","0.95%"
"30/09/2016","3.16","3.14","3.16","3.13","3.88K","0.00%"
"29/09/2016","3.16","3.15","3.16","3.15","1.64K","-0.63%"
"28/09/2016","3.18","3.14","3.19","3.14","2.45K","0.00%"
"27/09/2016","3.18","3.17","3.19","3.17","1.12K","-0.31%"
"26/09/2016","3.19","3.21","3.21","3.10","49.33K","-1.85%"
"23/09/2016","3.25","3.37","3.37","3.25","17.99K","-10.22%"
"22/09/2016","3.62","3.61","3.65","3.61","42.21K","1.12%"
"21/09/2016","3.58","3.56","3.62","3.56","55.82K","-0.56%"
"20/09/2016","3.60","3.66","3.66","3.57","22.75K","0.28%"
"19/09/2016","3.59","3.47","3.80","3.47","142.70K","3.16%"
"16/09/2016","3.48","3.53","3.53","3.44","21.63K","-1.69%"
"15/09/2016","3.54","3.58","3.58","3.50","21.74K","-0.84%"
"14/09/2016","3.57","3.58","3.60","3.56","7.97K","0.00%"
"13/09/2016","3.57","3.57","3.58","3.57","16.81K","0.00%"
"12/09/2016","3.57","3.53","3.57","3.49","18.04K","1.13%"
"09/09/2016","3.53","3.53","3.58","3.53","108.97K","-0.28%"
"08/09/2016","3.54","3.47","3.54","3.46","83.13K","1.72%"
"07/09/2016","3.48","3.43","3.48","3.42","49.83K","1.46%"
"06/09/2016","3.43","3.42","3.43","3.40","11.64K","0.59%"
"05/09/2016","3.41","3.42","3.43","3.40","14.65K","-0.58%"
"02/09/2016","3.43","3.41","3.43","3.40","12.66K","0.59%"
"01/09/2016","3.41","3.39","3.42","3.38","12.90K","0.59%"
"31/08/2016","3.39","3.40","3.40","3.33","21.21K","-0.59%"
"30/08/2016","3.41","3.43","3.45","3.41","10.59K","-0.58%"
"29/08/2016","3.43","3.42","3.43","3.42","5.57K","0.29%"
"26/08/2016","3.42","3.42","3.43","3.41","6.91K","0.00%"
"25/08/2016","3.42","3.42","3.42","3.40","3.20K","-0.29%"
"24/08/2016","3.43","3.43","3.43","3.43","0.85K","0.00%"
"23/08/2016","3.43","3.35","3.45","3.34","88.27K","1.18%"
"22/08/2016","3.39","3.38","3.39","3.36","6.85K","0.30%"
"19/08/2016","3.38","3.38","3.38","3.38","2.51K","0.30%"
"18/08/2016","3.37","3.36","3.38","3.35","6.56K","-0.30%"
"17/08/2016","3.38","3.38","3.38","3.36","6.20K","0.00%"
"16/08/2016","3.38","3.39","3.39","3.34","8.53K","0.00%"
"12/08/2016","3.38","3.37","3.38","3.36","42.73K","0.30%"
"11/08/2016","3.37","3.40","3.41","3.35","9.57K","-0.30%"
"10/08/2016","3.38","3.39","3.39","3.32","250.25K","0.30%"
"09/08/2016","3.37","3.40","3.40","3.36","15.21K","-0.59%"
"08/08/2016","3.39","3.39","3.40","3.36","5.61K","1.80%"
"05/08/2016","3.33","3.36","3.36","3.33","5.05K","-0.89%"
"04/08/2016","3.36","3.40","3.41","3.36","12.39K","-1.18%"
"03/08/2016","3.40","3.40","3.42","3.38","9.21K","-0.58%"
"02/08/2016","3.42","3.43","3.43","3.40","8.67K","-0.58%"
"01/08/2016","3.44","3.41","3.44","3.38","24.15K","1.18%"
"29/07/2016","3.40","3.37","3.42","3.37","47.44K","0.89%"
"28/07/2016","3.37","3.30","3.37","3.30","39.71K","3.06%"
"27/07/2016","3.27","3.24","3.35","3.24","77.04K","0.93%"
"26/07/2016","3.24","3.23","3.24","3.23","13.07K","0.62%"
"25/07/2016","3.22","3.22","3.23","3.21","7.27K","0.00%"
"22/07/2016","3.22","3.22","3.22","3.21","11.56K","0.31%"
"21/07/2016","3.21","3.20","3.21","3.20","7.52K","-0.31%"
"20/07/2016","3.22","3.20","3.22","3.19","8.49K","0.00%"
"19/07/2016","3.22","3.20","3.22","3.19","7.19K","0.62%"
"18/07/2016","3.20","3.22","3.22","3.19","10.46K","0.31%"
"15/07/2016","3.19","3.20","3.20","3.19","10.74K","0.31%"
"14/07/2016","3.18","3.19","3.19","3.15","6.81K","-0.31%"
"13/07/2016","3.19","3.17","3.19","3.17","1.56K","0.00%"
"12/07/2016","3.19","3.19","3.20","3.17","25.53K","0.63%"
"11/07/2016","3.17","3.17","3.19","3.16","5.12K","-0.31%"
"08/07/2016","3.18","3.17","3.19","3.15","13.97K","0.32%"
"07/07/2016","3.17","3.12","3.18","3.07","19.13K","1.93%"
"06/07/2016","3.11","3.10","3.11","3.04","16.27K","0.32%"
"05/07/2016","3.10","3.08","3.10","3.06","23.73K","2.65%"
"04/07/2016","3.02","3.11","3.11","2.99","96.94K","-4.73%"
"01/07/2016","3.17","3.10","3.17","3.10","5.34K","1.28%"
"30/06/2016","3.13","3.15","3.15","3.10","50.92K","-0.63%"
"29/06/2016","3.15","3.11","3.15","3.10","3.07K","-0.32%"
"28/06/2016","3.16","3.10","3.18","3.10","9.34K","2.60%"
"27/06/2016","3.08","3.03","3.08","3.00","5.29K","3.01%"
"24/06/2016","2.99","2.85","2.99","2.85","15.64K","-1.32%"
"23/06/2016","3.03","3.03","3.03","2.98","58.57K","0.33%"
"22/06/2016","3.02","3.00","3.02","2.98","2.41K","0.67%"
"21/06/2016","3.00","2.99","3.02","2.99","0.96K","0.00%"
"20/06/2016","3.00","2.98","3.03","2.95","4.33K","-1.32%"
"17/06/2016","3.04","3.04","3.04","3.04","2.01K","0.00%"
"16/06/2016","3.04","2.99","3.05","2.96","14.33K","0.00%"
"15/06/2016","3.04","3.00","3.07","2.99","15.75K","1.33%"
"14/06/2016","3.00","3.08","3.09","3.00","30.79K","-3.23%"
"13/06/2016","3.10","3.08","3.10","3.08","1.02K","-0.32%"
"10/06/2016","3.11","3.11","3.11","3.11","0.50K","-0.32%"
"09/06/2016","3.12","3.10","3.12","3.08","4.68K","-0.64%"
"08/06/2016","3.14","3.10","3.14","3.10","1.82K","1.29%"
"07/06/2016","3.10","3.12","3.12","3.10","5.57K","-0.32%"
"06/06/2016","3.11","3.10","3.12","3.10","0.44K","0.65%"
"03/06/2016","3.09","3.12","3.12","3.09","0.52K","-0.96%"
"02/06/2016","3.12","3.09","3.12","3.09","0.73K","0.97%"
"01/06/2016","3.09","3.12","3.12","3.08","18.32K","-0.32%"
"31/05/2016","3.10","3.07","3.10","3.07","7.73K","-0.64%"
"30/05/2016","3.12","3.10","3.12","3.07","0.97K","-0.64%"
"27/05/2016","3.14","3.06","3.14","3.03","10.79K","-0.32%"
"25/05/2016","3.15","3.12","3.15","3.12","4.50K","-0.32%"
"24/05/2016","3.16","3.06","3.16","3.06","0.49K","-0.32%"
"23/05/2016","3.17","3.18","3.18","3.17","15.56K","2.92%"
"20/05/2016","3.08","3.08","3.08","3.08","0.20K","-0.65%"
"19/05/2016","3.10","3.10","3.10","3.10","2.00K","-0.64%"
"18/05/2016","3.12","3.11","3.13","3.10","12.92K","0.00%"
"17/05/2016","3.12","3.12","3.12","3.12","1.93K","-1.27%"
"16/05/2016","3.16","3.20","3.20","3.00","8.51K","-1.25%"
"12/05/2016","3.20","3.16","3.20","3.15","7.61K","0.00%"
"11/05/2016","3.20","3.19","3.21","3.12","2.09K","-0.62%"
"10/05/2016","3.22","3.22","3.22","3.22","0.33K","-0.31%"
"09/05/2016","3.23","3.24","3.24","3.23","13.52K","-0.31%"
"06/05/2016","3.24","3.24","3.24","3.24","0.22K","-0.61%"
"05/05/2016","3.26","3.25","3.26","3.18","0.66K","0.31%"
"04/05/2016","3.25","3.23","3.25","3.15","8.20K","0.93%"
"02/05/2016","3.22","3.20","3.22","3.20","3.11K","0.94%"
"29/04/2016","3.19","3.19","3.19","3.19","0.20K","0.00%"
"28/04/2016","3.19","3.15","3.19","3.10","3.85K","1.27%"
"27/04/2016","3.15","3.11","3.20","3.11","12.40K","0.00%"
"26/04/2016","3.15","3.15","3.15","3.10","4.30K","-1.25%"
"25/04/2016","3.19","3.15","3.19","3.15","2.75K","0.00%"
"22/04/2016","3.19","3.12","3.22","3.12","8.97K","1.92%"
"21/04/2016","3.13","3.16","3.17","3.11","4.37K","0.64%"
"20/04/2016","3.11","3.13","3.13","3.11","3.01K","-1.27%"
"19/04/2016","3.15","3.08","3.17","3.08","1.04K","0.32%"
"18/04/2016","3.14","3.08","3.14","3.08","2.09K","1.29%"
"15/04/2016","3.10","3.11","3.13","3.10","8.30K","-1.59%"
"14/04/2016","3.15","3.12","3.15","3.12","4.33K","1.29%"
"13/04/2016","3.11","3.16","3.20","3.11","29.35K","-0.64%"
"12/04/2016","3.13","3.05","3.15","3.05","32.87K","2.62%"
"11/04/2016","3.05","2.96","3.05","2.96","18.05K","3.04%"
"08/04/2016","2.96","2.97","2.97","2.96","30.25K","-0.34%"
"07/04/2016","2.97","2.97","2.97","2.96","21.01K","0.00%"
"06/04/2016","2.97","2.95","2.97","2.94","22.77K","0.00%"
"05/04/2016","2.97","2.95","2.97","2.94","23.52K","0.00%"
"04/04/2016","2.97","2.96","2.97","2.96","1.53K","0.34%"
"01/04/2016","2.96","2.96","2.96","2.93","5.91K","-0.34%"
"31/03/2016","2.97","2.95","2.97","2.95","4.22K","0.00%"
"30/03/2016","2.97","2.97","2.97","2.94","3.53K","0.00%"
"29/03/2016","2.97","2.97","2.97","2.94","2.57K","-0.34%"
"24/03/2016","2.98","2.97","2.98","2.97","1.82K","-0.33%"
"23/03/2016","2.99","2.97","2.99","2.97","4.35K","0.67%"
"22/03/2016","2.97","2.93","2.97","2.93","6.18K","0.34%"
"21/03/2016","2.96","2.95","2.96","2.93","14.79K","0.00%"
"18/03/2016","2.96","2.97","2.97","2.92","32.64K","-0.67%"
"17/03/2016","2.98","2.99","2.99","2.97","4.97K","-0.33%"
"16/03/2016","2.99","2.97","2.99","2.97","2.56K","0.00%"
"15/03/2016","2.99","3.00","3.03","2.96","11.36K","0.00%"
"14/03/2016","2.99","3.00","3.00","2.95","1.02K","0.34%"
"11/03/2016","2.98","2.95","3.00","2.93","12.42K","-0.33%"
"10/03/2016","2.99","2.95","3.03","2.94","26.42K","0.67%"
"09/03/2016","2.97","2.97","2.97","2.97","0.17K","-0.34%"
"08/03/2016","2.98","2.99","2.99","2.95","9.31K","0.00%"
"07/03/2016","2.98","2.97","2.98","2.97","9.49K","-0.33%"
"04/03/2016","2.99","2.97","2.99","2.96","25.24K","0.67%"
"03/03/2016","2.97","2.97","2.97","2.96","7.17K","0.00%"
"02/03/2016","2.97","2.97","2.97","2.96","13.62K","-1.98%"
"01/03/2016","3.03","3.04","3.04","2.95","4.16K","2.36%"
"29/02/2016","2.96","2.97","2.97","2.96","35.19K","-0.34%"
"26/02/2016","2.97","2.97","2.97","2.97","1.67K","0.00%"
"25/02/2016","2.97","2.97","2.97","2.97","2.50K","0.68%"
"24/02/2016","2.95","2.96","2.96","2.95","2.25K","-0.67%"
"23/02/2016","2.97","2.97","2.97","2.97","5.80K","0.00%"
"22/02/2016","2.97","2.98","2.98","2.90","3.98K","0.68%"
"19/02/2016","2.95","2.87","2.95","2.87","0.15K","0.00%"
"18/02/2016","2.95","2.95","2.95","2.85","38.42K","0.00%"
"17/02/2016","2.95","2.92","2.95","2.89","11.70K","0.00%"
"16/02/2016","2.95","2.93","2.97","2.93","3.24K","0.00%"
"15/02/2016","2.95","2.93","2.97","2.93","5.34K","-1.01%"
"12/02/2016","2.98","2.98","2.98","2.95","21.42K","0.68%"
"10/02/2016","2.96","2.98","2.98","2.94","10.04K","-0.67%"
"09/02/2016","2.98","2.98","2.98","2.98","0.01K","1.02%"
"08/02/2016","2.95","2.94","2.95","2.92","2.91K","-0.34%"
"05/02/2016","2.96","2.93","2.97","2.93","12.50K","0.34%"
"04/02/2016","2.95","2.95","2.95","2.95","5.16K","-1.34%"
"03/02/2016","2.99","2.95","2.99","2.95","3.51K","0.00%"
"02/02/2016","2.99","3.00","3.00","2.95","39.58K","-0.66%"
"01/02/2016","3.01","3.00","3.01","3.00","41.77K","1.01%"
"29/01/2016","2.98","2.98","2.98","2.98","0.24K","1.36%"
"28/01/2016","2.94","2.95","2.95","2.94","2.79K","-1.67%"
"27/01/2016","2.99","2.98","2.99","2.95","2.16K","0.34%"
"25/01/2016","2.98","2.98","2.98","2.95","2.01K","2.05%"
"22/01/2016","2.92","2.99","2.99","2.92","1.55K","-2.01%"
"21/01/2016","2.98","2.85","2.98","2.85","9.39K","1.02%"
"20/01/2016","2.95","2.92","2.95","2.85","21.70K","-0.34%"
"19/01/2016","2.96","2.96","2.96","2.90","3.50K","-0.34%"
"18/01/2016","2.97","2.92","2.98","2.90","0.76K","-0.34%"
"15/01/2016","2.98","2.95","2.98","2.95","1.63K","1.02%"
"14/01/2016","2.95","2.99","2.99","2.95","13.20K","-1.34%"
"13/01/2016","2.99","2.99","2.99","2.95","44.74K","0.00%"
"12/01/2016","2.99","2.96","2.99","2.95","41.26K","0.67%"
"11/01/2016","2.97","2.95","2.98","2.93","16.23K","-0.34%"
"08/01/2016","2.98","2.98","2.99","2.98","13.00K","-0.33%"
"07/01/2016","2.99","2.95","2.99","2.92","21.52K","0.34%"
"05/01/2016","2.98","2.95","2.99","2.95","7.73K","-1.00%"
"04/01/2016","3.01","2.95","3.01","2.95","1.90K","0.00%"
"30/12/2015","3.01","3.01","3.01","2.98","3.12K","0.00%"
"29/12/2015","3.01","3.01","3.01","2.95","1.77K","0.00%"
"28/12/2015","3.01","2.90","3.04","2.90","8.66K","4.88%"
"23/12/2015","2.87","2.99","3.04","2.87","9.78K","-4.01%"
"22/12/2015","2.99","2.86","2.99","2.85","12.75K","4.55%"
"21/12/2015","2.86","2.83","2.90","2.80","7.72K","0.70%"
"18/12/2015","2.84","2.75","2.85","2.75","6.40K","2.90%"
"17/12/2015","2.76","2.75","2.76","2.75","2.30K","0.36%"
"16/12/2015","2.75","2.79","2.79","2.75","50.90K","-1.43%"
"15/12/2015","2.79","2.78","2.79","2.75","4.70K","0.36%"
"14/12/2015","2.78","2.72","2.78","2.72","138.50K","0.00%"
"11/12/2015","2.78","2.79","2.79","2.71","0.16K","-0.36%"
"10/12/2015","2.79","2.75","2.79","2.75","0.90K","1.45%"
"09/12/2015","2.75","2.74","2.79","2.72","21.41K","-1.43%"
"08/12/2015","2.79","2.77","2.80","2.75","21.03K","0.00%"
"07/12/2015","2.79","2.80","2.80","2.76","25.94K","-0.36%"
"04/12/2015","2.80","2.85","2.85","2.75","61.18K","-2.44%"
"03/12/2015","2.87","2.81","2.89","2.81","3.16K","-0.69%"
"02/12/2015","2.89","2.81","2.89","2.80","9.38K","3.21%"
"01/12/2015","2.80","2.86","2.86","2.78","63.59K","-3.78%"
"30/11/2015","2.91","2.86","2.91","2.86","7.92K","0.34%"
"27/11/2015","2.90","2.85","2.90","2.85","17.17K","0.00%"
"26/11/2015","2.90","2.91","2.91","2.88","19.35K","0.00%"
"25/11/2015","2.90","2.84","2.90","2.84","18.40K","0.00%"
"24/11/2015","2.90","2.90","2.90","2.81","18.22K","0.00%"
"23/11/2015","2.90","2.90","2.91","2.86","12.20K","0.00%"
"20/11/2015","2.90","2.90","2.92","2.88","54.75K","0.35%"
"19/11/2015","2.89","2.89","2.90","2.88","8.93K","-1.70%"
"18/11/2015","2.94","2.91","2.94","2.90","3.34K","-0.34%"
"17/11/2015","2.95","2.96","2.96","2.90","6.33K","-0.67%"
"16/11/2015","2.97","2.97","2.97","2.90","7.23K","-3.26%"
"13/11/2015","3.07","3.08","3.08","2.95","3.41K","-0.32%"
"12/11/2015","3.08","3.05","3.08","3.00","11.42K","1.65%"
"10/11/2015","3.03","3.03","3.05","3.03","0.41K","0.66%"
"09/11/2015","3.01","3.00","3.04","2.92","6.61K","0.33%"
"06/11/2015","3.00","3.01","3.04","2.97","18.83K","-2.60%"
"05/11/2015","3.08","3.01","3.08","3.00","1.01K","-0.32%"
"04/11/2015","3.09","3.10","3.10","3.01","1.86K","-0.32%"
"03/11/2015","3.10","3.12","3.12","2.85","144.01K","-0.64%"
"02/11/2015","3.12","3.07","3.12","3.07","8.41K","1.96%"
"30/10/2015","3.06","3.04","3.06","3.01","11.19K","0.66%"
"29/10/2015","3.04","3.05","3.05","3.03","25.03K","-0.33%"
"28/10/2015","3.05","3.07","3.07","3.04","0.79K","-0.65%"
"27/10/2015","3.07","3.05","3.07","3.05","0.68K","0.33%"
"26/10/2015","3.06","3.05","3.06","3.03","8.13K","0.00%"
"23/10/2015","3.06","3.05","3.07","3.05","1.67K","0.00%"
"22/10/2015","3.06","3.05","3.06","3.04","0.43K","-0.33%"
"21/10/2015","3.07","3.08","3.08","3.05","6.02K","0.66%"
"20/10/2015","3.05","3.09","3.09","3.05","2.70K","-1.61%"
"19/10/2015","3.10","3.06","3.10","3.04","5.01K","1.64%"
"16/10/2015","3.05","3.07","3.12","3.05","17.16K","-1.93%"
"15/10/2015","3.11","3.11","3.11","3.11","0.50K","-0.32%"
"14/10/2015","3.12","3.07","3.12","3.06","1.78K","0.00%"
"13/10/2015","3.12","3.10","3.12","3.07","7.43K","-0.32%"
"12/10/2015","3.13","3.13","3.14","3.08","5.91K","0.00%"
"09/10/2015","3.13","3.10","3.14","3.07","14.68K","0.00%"
"08/10/2015","3.13","3.05","3.13","3.05","0.75K","0.00%"
"07/10/2015","3.13","3.03","3.13","3.03","6.37K","-0.32%"
"05/10/2015","3.14","3.11","3.14","3.11","4.35K","0.00%"
"02/10/2015","3.14","3.17","3.17","3.05","0.61K","-0.32%"
"01/10/2015","3.15","3.15","3.15","3.15","0.20K","0.64%"
"30/09/2015","3.13","3.13","3.13","3.08","7.83K","0.00%"
"29/09/2015","3.13","3.11","3.13","3.08","2.61K","0.64%"
"28/09/2015","3.11","3.14","3.14","3.11","9.43K","-0.96%"
"25/09/2015","3.14","3.14","3.14","3.11","19.31K","0.00%"
"24/09/2015","3.14","3.10","3.17","3.08","9.46K","-7.10%"
"23/09/2015","3.38","3.42","3.42","3.35","34.59K","0.00%"
"22/09/2015","3.38","3.43","3.43","3.38","24.07K","-1.17%"
"21/09/2015","3.42","3.37","3.43","3.37","28.16K","0.59%"
"18/09/2015","3.40","3.39","3.40","3.37","18.86K","0.00%"
"17/09/2015","3.40","3.44","3.44","3.36","25.23K","-1.16%"
"16/09/2015","3.44","3.45","3.45","3.42","11.53K","-0.29%"
"15/09/2015","3.45","3.46","3.47","3.42","7.51K","-0.58%"
"14/09/2015","3.47","3.44","3.49","3.44","11.69K","1.17%"
"11/09/2015","3.43","3.42","3.44","3.42","2.06K","0.29%"
"10/09/2015","3.42","3.38","3.42","3.38","9.78K","1.18%"
"09/09/2015","3.38","3.40","3.40","3.38","4.97K","0.00%"
"08/09/2015","3.38","3.39","3.40","3.38","1.38K","0.30%"
"07/09/2015","3.37","3.37","3.39","3.34","11.08K","-0.30%"
"04/09/2015","3.38","3.44","3.44","3.35","17.07K","-0.88%"
"03/09/2015","3.41","3.47","3.47","3.38","35.42K","-2.57%"
"02/09/2015","3.50","3.50","3.50","3.47","11.79K","0.57%"
"01/09/2015","3.48","3.53","3.55","3.44","21.52K","-1.42%"
"31/08/2015","3.53","3.51","3.54","3.49","35.80K","1.15%"
"28/08/2015","3.49","3.34","3.49","3.34","204.86K","2.35%"
"27/08/2015","3.41","3.43","3.47","3.41","8.05K","0.00%"
"26/08/2015","3.41","3.34","3.48","3.34","3.93K","2.40%"
"25/08/2015","3.33","3.34","3.34","3.13","23.54K","0.91%"
"24/08/2015","3.30","3.44","3.45","3.29","80.45K","-5.17%"
"21/08/2015","3.48","3.53","3.53","3.48","4.31K","-1.69%"
"20/08/2015","3.54","3.55","3.56","3.50","4.72K","-0.56%"
"19/08/2015","3.56","3.55","3.57","3.50","12.86K","0.56%"
"18/08/2015","3.54","3.50","3.55","3.49","124.68K","1.43%"
"17/08/2015","3.49","3.50","3.52","3.44","23.69K","0.87%"
"14/08/2015","3.46","3.45","3.50","3.45","9.36K","0.29%"
"13/08/2015","3.45","3.43","3.49","3.42","21.05K","0.00%"
"12/08/2015","3.45","3.42","3.48","3.42","34.40K","1.47%"
"11/08/2015","3.40","3.39","3.40","3.38","14.36K","0.29%"
"10/08/2015","3.39","3.38","3.39","3.35","17.47K","0.30%"
"07/08/2015","3.38","3.35","3.38","3.33","16.22K","0.00%"
"06/08/2015","3.38","3.36","3.38","3.32","27.84K","0.00%"
"05/08/2015","3.38","3.36","3.38","3.36","37.82K","0.00%"
"04/08/2015","3.38","3.37","3.38","3.35","62.32K","0.30%"
"03/08/2015","3.37","3.35","3.37","3.33","30.46K","0.90%"
"31/07/2015","3.34","3.33","3.34","3.30","6.88K","0.30%"
"30/07/2015","3.33","3.32","3.34","3.28","11.09K","0.30%"
"29/07/2015","3.32","3.30","3.32","3.29","4.50K","-0.60%"
"28/07/2015","3.34","3.27","3.34","3.27","7.21K","0.30%"
"27/07/2015","3.33","3.32","3.33","3.27","18.25K","0.30%"
"24/07/2015","3.32","3.32","3.32","3.28","2.73K","0.00%"
"23/07/2015","3.32","3.29","3.32","3.25","11.65K","1.22%"
"22/07/2015","3.28","3.33","3.33","3.28","5.16K","-1.80%"
"21/07/2015","3.34","3.31","3.34","3.30","1.61K","0.00%"
"20/07/2015","3.34","3.34","3.34","3.31","0.88K","0.00%"
"17/07/2015","3.34","3.34","3.34","3.30","4.58K","0.00%"
"16/07/2015","3.34","3.35","3.35","3.30","18.83K","0.00%"
"15/07/2015","3.34","3.35","3.35","3.30","57.42K","1.21%"
"14/07/2015","3.30","3.30","3.35","3.30","109.08K","0.00%"
"13/07/2015","3.30","3.28","3.40","3.28","102.98K","0.30%"
"10/07/2015","3.29","3.18","3.30","3.18","55.30K","3.46%"
"09/07/2015","3.18","3.15","3.18","3.15","18.91K","1.27%"
"08/07/2015","3.14","3.16","3.16","3.14","16.64K","-1.26%"
"07/07/2015","3.18","3.17","3.18","3.16","3.08K","0.63%"
"06/07/2015","3.16","3.13","3.18","3.10","10.30K","-0.63%"
"03/07/2015","3.18","3.16","3.19","3.12","9.31K","-0.31%"
"02/07/2015","3.19","3.19","3.19","3.13","11.03K","1.92%"
"01/07/2015","3.13","3.04","3.19","3.02","3.83K","4.33%"
"30/06/2015","3.00","3.05","3.06","2.98","31.76K","0.33%"
"29/06/2015","2.99","3.04","3.06","2.86","40.98K","-2.92%"
"26/06/2015","3.08","3.10","3.10","3.07","16.39K","0.00%"
"25/06/2015","3.08","3.19","3.19","3.06","42.87K","-3.45%"
"24/06/2015","3.19","3.15","3.19","3.11","15.75K","0.00%"
"23/06/2015","3.19","3.21","3.23","3.17","17.46K","-1.24%"
"22/06/2015","3.23","3.25","3.25","3.21","1.59K","-0.62%"
"19/06/2015","3.25","3.25","3.25","3.20","2.56K","0.31%"
"18/06/2015","3.24","3.19","3.24","3.16","0.42K","-0.31%"
"17/06/2015","3.25","3.20","3.25","3.20","0.32K","0.00%"
"16/06/2015","3.25","3.25","3.25","3.19","2.60K","0.00%"
"15/06/2015","3.25","3.27","3.27","3.20","9.21K","-0.61%"
"12/06/2015","3.27","3.23","3.28","3.23","1.37K","0.00%"
"11/06/2015","3.27","3.22","3.27","3.20","32.12K","0.00%"
"10/06/2015","3.27","3.20","3.27","3.20","11.34K","3.48%"
"09/06/2015","3.16","3.20","3.20","3.16","16.94K","-1.25%"
"08/06/2015","3.20","3.24","3.24","3.19","10.33K","-1.23%"
"05/06/2015","3.24","3.29","3.29","3.17","23.22K","-1.22%"
"03/06/2015","3.28","3.29","3.29","3.24","21.14K","0.00%"
"02/06/2015","3.28","3.25","3.29","3.17","30.04K","0.61%"
"01/06/2015","3.26","3.27","3.27","3.23","4.09K","-0.61%"
"29/05/2015","3.28","3.21","3.28","3.21","1.21K","0.00%"
"28/05/2015","3.28","3.24","3.28","3.24","3.88K","1.23%"
"27/05/2015","3.24","3.30","3.30","3.21","30.07K","-1.22%"
"26/05/2015","3.28","3.28","3.30","3.28","80.41K","0.00%"
"25/05/2015","3.28","3.22","3.28","3.22","24.43K","0.92%"
"22/05/2015","3.25","3.23","3.26","3.11","20.63K","-0.61%"
"21/05/2015","3.27","3.21","3.27","3.20","5.71K","-0.30%"
"20/05/2015","3.28","3.23","3.28","3.22","11.85K","0.61%"
"19/05/2015","3.26","3.22","3.27","3.22","10.42K","-0.31%"
"18/05/2015","3.27","3.29","3.30","3.21","30.03K","0.62%"
"15/05/2015","3.25","3.22","3.33","3.15","144.80K","0.93%"
"14/05/2015","3.22","3.10","3.22","3.10","8.60K","-0.31%"
"13/05/2015","3.23","3.23","3.23","3.23","0.50K","-0.31%"
"12/05/2015","3.24","3.24","3.24","3.24","0.01K","3.18%"
"11/05/2015","3.14","3.18","3.18","3.00","13.73K","-3.09%"
"08/05/2015","3.24","3.25","3.25","3.12","8.88K","-0.31%"
"06/05/2015","3.25","3.20","3.28","3.16","2.84K","0.00%"
"05/05/2015","3.25","3.25","3.28","3.11","11.49K","-1.81%"
"04/05/2015","3.31","3.35","3.35","3.25","4.78K","0.00%"
"30/04/2015","3.31","3.31","3.33","3.17","13.17K","-0.60%"
"29/04/2015","3.33","3.32","3.33","3.32","0.81K","0.00%"
"28/04/2015","3.33","3.35","3.35","3.32","21.18K","-0.30%"
"27/04/2015","3.34","3.31","3.35","3.30","8.64K","1.21%"
"24/04/2015","3.30","3.33","3.33","3.29","1.31K","-0.60%"
"23/04/2015","3.32","3.32","3.32","3.32","16.01K","-0.60%"
"22/04/2015","3.34","3.34","3.35","3.32","15.96K","0.00%"
"21/04/2015","3.34","3.32","3.34","3.32","7.20K","0.60%"
"20/04/2015","3.32","3.33","3.33","3.22","2.57K","-0.30%"
"17/04/2015","3.33","3.33","3.34","3.26","2.65K","0.00%"
"16/04/2015","3.33","3.35","3.36","3.31","22.16K","0.30%"
"15/04/2015","3.32","3.25","3.35","3.25","88.85K","2.15%"
"14/04/2015","3.25","3.19","3.25","3.19","34.45K","2.20%"
"13/04/2015","3.18","3.14","3.20","3.11","21.56K","1.27%"
"10/04/2015","3.14","3.15","3.15","3.09","3.88K","-0.32%"
"09/04/2015","3.15","3.13","3.18","3.09","2.96K","-0.94%"
"08/04/2015","3.18","3.19","3.19","3.08","3.83K","0.63%"
"07/04/2015","3.16","3.19","3.19","3.16","1.88K","-0.63%"
"02/04/2015","3.18","3.12","3.18","3.07","1.44K","-0.31%"
"01/04/2015","3.19","3.06","3.22","3.06","15.35K","2.90%"
"31/03/2015","3.10","3.18","3.18","3.06","4.85K","-2.52%"
"30/03/2015","3.18","3.20","3.20","3.18","0.32K","1.27%"
"27/03/2015","3.14","3.22","3.22","3.09","8.63K","0.00%"
"26/03/2015","3.14","3.08","3.14","3.08","0.64K","0.32%"
"25/03/2015","3.13","3.25","3.25","3.12","3.40K","0.32%"
"24/03/2015","3.12","3.27","3.27","3.12","13.87K","-4.59%"
"23/03/2015","3.27","3.11","3.29","3.10","8.33K","0.62%"
"20/03/2015","3.25","3.24","3.26","3.22","3.13K","-0.31%"
"19/03/2015","3.26","3.29","3.30","3.23","35.83K","0.31%"
"18/03/2015","3.25","3.28","3.30","3.22","9.34K","-0.91%"
"17/03/2015","3.28","3.24","3.29","3.24","13.02K","1.55%"
"16/03/2015","3.23","3.11","3.25","3.10","25.72K","3.86%"
"13/03/2015","3.11","3.10","3.14","3.10","4.27K","-0.64%"
"11/03/2015","3.13","3.13","3.13","3.07","2.46K","-0.63%"
"10/03/2015","3.15","3.10","3.16","3.10","46.66K","1.61%"
"09/03/2015","3.10","3.08","3.10","3.08","5.37K","2.31%"
"06/03/2015","3.03","3.01","3.08","3.01","0.95K","-1.94%"
"05/03/2015","3.09","3.10","3.10","3.01","5.70K","-0.32%"
"04/03/2015","3.10","3.00","3.10","3.00","12.38K","3.33%"
"03/03/2015","3.00","3.14","3.14","3.00","12.53K","-3.23%"
"02/03/2015","3.10","3.17","3.17","3.10","3.20K","0.00%"
"27/02/2015","3.10","3.05","3.18","3.05","47.48K","1.64%"
"26/02/2015","3.05","3.03","3.05","3.03","1.36K","0.99%"
"25/02/2015","3.02","3.01","3.02","2.86","7.89K","0.00%"
"24/02/2015","3.02","3.11","3.11","3.02","1.54K","-1.95%"
"23/02/2015","3.08","3.08","3.08","3.08","6.17K","0.00%"
"20/02/2015","3.08","3.08","3.08","3.02","8.98K","0.00%"
"19/02/2015","3.08","3.09","3.10","3.07","10.58K","-0.65%"
"18/02/2015","3.10","3.10","3.12","3.06","29.54K","0.32%"
"17/02/2015","3.09","2.98","3.09","2.98","20.22K","3.69%"
"16/02/2015","2.98","2.99","3.05","2.95","14.17K","0.34%"
"13/02/2015","2.97","2.97","2.97","2.96","3.46K","0.34%"
"12/02/2015","2.96","2.95","2.97","2.91","8.33K","2.78%"
"11/02/2015","2.88","2.89","2.95","2.88","15.20K","-0.69%"
"10/02/2015","2.90","2.95","2.95","2.88","6.85K","-1.69%"
"09/02/2015","2.95","2.95","2.95","2.95","0.10K","0.00%"
"06/02/2015","2.95","2.96","2.96","2.90","0.90K","-0.67%"
"05/02/2015","2.97","2.96","2.97","2.95","13.28K","-0.34%"
"04/02/2015","2.98","2.88","2.99","2.88","24.83K","3.47%"
"03/02/2015","2.88","2.87","2.95","2.87","8.64K","0.35%"
"02/02/2015","2.87","2.85","2.89","2.85","9.39K","-1.03%"
"30/01/2015","2.90","2.83","2.90","2.83","2.78K","0.35%"
"29/01/2015","2.89","2.85","2.89","2.85","15.43K","-0.34%"
"28/01/2015","2.90","2.90","2.90","2.85","3.77K","0.00%"
"27/01/2015","2.90","2.86","2.92","2.85","2.02K","1.75%"
"26/01/2015","2.85","2.86","2.90","2.85","1.03K","-1.38%"
"23/01/2015","2.89","2.89","2.94","2.88","9.04K","-1.70%"
"22/01/2015","2.94","2.89","2.94","2.88","4.52K","0.00%"
"21/01/2015","2.94","2.95","2.97","2.88","7.77K","1.73%"
"20/01/2015","2.89","2.89","2.89","2.89","6.94K","-2.69%"
"19/01/2015","2.97","2.87","2.97","2.87","2.19K","0.68%"
"16/01/2015","2.95","2.90","2.98","2.90","3.59K","1.72%"
"15/01/2015","2.90","2.90","2.94","2.85","6.54K","-2.36%"
"14/01/2015","2.97","2.99","2.99","2.93","9.17K","-0.67%"
"13/01/2015","2.99","2.90","2.99","2.83","43.42K","4.91%"
"12/01/2015","2.85","2.88","2.88","2.85","1.15K","-0.70%"
"09/01/2015","2.87","2.83","2.90","2.83","9.32K","0.00%"
"08/01/2015","2.87","2.72","2.88","2.72","33.27K","3.99%"
"07/01/2015","2.76","2.73","2.77","2.73","3.50K","1.47%"
"05/01/2015","2.72","2.75","2.75","2.72","0.61K","0.00%"
"02/01/2015","2.72","2.82","2.82","2.72","5.78K","-1.09%"
"30/12/2014","2.75","2.73","2.75","2.68","2.87K","-0.36%"
"29/12/2014","2.76","2.68","2.76","2.68","3.78K","3.37%"
"23/12/2014","2.67","2.76","2.77","2.66","49.55K","-3.61%"
"22/12/2014","2.77","2.70","2.88","2.68","22.26K","2.59%"
"19/12/2014","2.70","2.70","2.74","2.70","5.61K","-1.82%"
"18/12/2014","2.75","2.68","2.75","2.65","26.20K","3.77%"
"17/12/2014","2.65","2.58","2.69","2.58","5.94K","1.92%"
"16/12/2014","2.60","2.62","2.64","2.57","10.73K","-2.99%"
"15/12/2014","2.68","2.69","2.76","2.62","9.82K","0.37%"
"12/12/2014","2.67","2.51","2.68","2.51","109.59K","3.49%"
"11/12/2014","2.58","2.51","2.58","2.51","5.41K","0.00%"
"10/12/2014","2.58","2.60","2.62","2.50","25.61K","-0.77%"
"09/12/2014","2.60","2.57","2.62","2.45","6.41K","-1.52%"
"08/12/2014","2.64","2.60","2.64","2.59","9.96K","-0.75%"
"05/12/2014","2.66","2.63","2.66","2.60","11.20K","0.38%"
"04/12/2014","2.65","2.65","2.65","2.60","6.04K","0.00%"
"03/12/2014","2.65","2.65","2.65","2.60","7.26K","0.00%"
"02/12/2014","2.65","2.65","2.65","2.60","14.03K","-0.75%"
"01/12/2014","2.67","2.68","2.68","2.60","10.35K","2.69%"
"28/11/2014","2.60","2.65","2.75","2.60","59.82K","-1.89%"
"27/11/2014","2.65","2.60","2.67","2.60","26.52K","1.92%"
"26/11/2014","2.60","2.62","2.63","2.47","32.45K","0.00%"
"25/11/2014","2.60","2.60","2.65","2.60","15.85K","-1.89%"
"24/11/2014","2.65","2.65","2.69","2.64","11.86K","0.38%"
"21/11/2014","2.64","2.66","2.66","2.62","7.55K","-1.49%"
"20/11/2014","2.68","2.65","2.68","2.55","3.98K","0.00%"
"19/11/2014","2.68","2.69","2.69","2.65","6.99K","0.00%"
"18/11/2014","2.68","2.62","2.69","2.62","8.56K","-0.37%"
"17/11/2014","2.69","2.66","2.69","2.65","8.48K","-1.10%"
"14/11/2014","2.72","2.75","2.76","2.68","23.47K","2.64%"
"13/11/2014","2.65","2.75","2.75","2.65","8.99K","-1.85%"
"12/11/2014","2.70","2.83","2.83","2.65","13.29K","-2.53%"
"10/11/2014","2.77","2.79","2.79","2.75","6.51K","1.47%"
"07/11/2014","2.73","2.80","2.86","2.73","20.24K","-4.21%"
"06/11/2014","2.85","2.86","2.86","2.81","3.63K","1.42%"
"05/11/2014","2.81","2.80","2.85","2.79","27.14K","1.08%"
"04/11/2014","2.78","2.84","2.87","2.78","21.60K","-3.81%"
"03/11/2014","2.89","2.89","2.89","2.85","4.22K","0.35%"
"31/10/2014","2.88","2.88","2.88","2.86","5.95K","0.00%"
"30/10/2014","2.88","2.85","2.88","2.84","4.47K","1.05%"
"29/10/2014","2.85","2.85","2.89","2.85","26.08K","-1.72%"
"28/10/2014","2.90","2.86","2.90","2.84","24.35K","0.00%"
"27/10/2014","2.90","2.84","2.90","2.84","1.30K","1.40%"
"24/10/2014","2.86","2.89","2.89","2.86","6.18K","-1.04%"
"23/10/2014","2.89","2.87","2.89","2.86","6.46K","-0.34%"
"22/10/2014","2.90","2.86","2.93","2.86","5.03K","-1.02%"
"21/10/2014","2.93","2.90","2.93","2.87","5.33K","2.45%"
"20/10/2014","2.86","2.93","2.95","2.86","7.87K","-3.70%"
"17/10/2014","2.97","2.90","2.98","2.89","10.83K","1.02%"
"16/10/2014","2.94","2.90","2.94","2.87","16.51K","2.44%"
"15/10/2014","2.87","2.96","2.96","2.87","3.95K","-3.04%"
"14/10/2014","2.96","2.94","2.97","2.85","6.99K","0.68%"
"13/10/2014","2.94","2.85","2.94","2.83","6.90K","-1.34%"
"10/10/2014","2.98","3.00","3.00","2.83","11.94K","0.00%"
"09/10/2014","2.98","2.96","2.98","2.94","2.07K","1.36%"
"08/10/2014","2.94","2.94","2.95","2.94","16.10K","-0.34%"
"07/10/2014","2.95","2.90","2.95","2.90","0.53K","1.72%"
"06/10/2014","2.90","2.98","2.98","2.81","8.60K","-3.33%"
"03/10/2014","3.00","2.96","3.03","2.96","4.50K","0.33%"
"02/10/2014","2.99","3.01","3.01","2.97","8.07K","-0.66%"
"01/10/2014","3.01","3.06","3.06","3.00","11.37K","-1.63%"
"30/09/2014","3.06","3.05","3.06","3.04","9.34K","0.99%"
"29/09/2014","3.03","3.08","3.08","3.03","9.63K","-1.62%"
"26/09/2014","3.08","3.06","3.09","3.05","11.12K","0.00%"
"25/09/2014","3.08","3.04","3.13","3.03","49.23K","0.98%"
"24/09/2014","3.05","3.08","3.09","3.02","34.98K","-8.96%"
"23/09/2014","3.35","3.37","3.41","3.30","140.08K","-0.59%"
"22/09/2014","3.37","3.36","3.40","3.30","140.90K","0.30%"
"19/09/2014","3.36","3.30","3.36","3.26","122.56K","2.13%"
"18/09/2014","3.29","3.32","3.37","3.29","83.52K","-1.20%"
"17/09/2014","3.33","3.37","3.37","3.33","74.00K","-1.48%"
"16/09/2014","3.38","3.42","3.42","3.31","58.40K","-1.17%"
"15/09/2014","3.42","3.42","3.47","3.42","33.40K","-0.58%"
"12/09/2014","3.44","3.43","3.47","3.39","21.06K","0.29%"
"11/09/2014","3.43","3.44","3.44","3.36","78.74K","-0.29%"
"10/09/2014","3.44","3.29","3.44","3.29","106.28K","4.56%"
"09/09/2014","3.29","3.26","3.32","3.25","87.70K","1.86%"
"08/09/2014","3.23","3.21","3.27","3.17","62.41K","-0.31%"
"05/09/2014","3.24","3.09","3.25","3.09","135.75K","5.54%"
"04/09/2014","3.07","3.01","3.07","3.00","117.41K","1.99%"
"03/09/2014","3.01","3.04","3.08","3.00","93.89K","0.33%"
"02/09/2014","3.00","3.02","3.10","3.00","73.53K","0.33%"
"01/09/2014","2.99","2.99","3.02","2.96","31.66K","0.00%"