"Date","Price","Open","High","Low","Vol.","Change %"
"30/09/2025","10.850","10.900","11.000","10.600","5.43K","-0.91%"
"29/09/2025","10.950","10.950","11.100","10.800","18.80K","0.00%"
"26/09/2025","10.950","11.100","11.100","10.600","28.63K","-1.35%"
"25/09/2025","11.100","11.150","11.150","11.000","8.29K","-0.45%"
"24/09/2025","11.150","11.200","11.200","10.900","9.23K","-0.45%"
"23/09/2025","11.200","11.300","11.350","11.000","43.80K","-1.75%"
"22/09/2025","11.400","11.700","11.700","11.350","8.93K","-2.56%"
"19/09/2025","11.700","11.450","11.700","11.350","13.08K","2.18%"
"18/09/2025","11.450","11.450","11.600","11.350","14.24K","2.23%"
"17/09/2025","11.200","11.600","11.600","11.200","158.42K","-3.45%"
"16/09/2025","11.600","11.550","11.600","11.300","12.46K","-0.85%"
"15/09/2025","11.700","11.650","11.700","11.500","13.76K","0.43%"
"12/09/2025","11.650","11.600","11.700","11.550","10.37K","2.19%"
"11/09/2025","11.400","11.500","11.550","11.100","4.35K","-0.44%"
"10/09/2025","11.450","11.700","11.700","10.900","5.89K","-2.14%"
"09/09/2025","11.700","11.700","11.700","11.500","16.97K","0.00%"
"08/09/2025","11.700","11.500","11.750","11.450","6.40K","1.74%"
"05/09/2025","11.500","11.400","11.550","11.200","8.75K","0.44%"
"04/09/2025","11.450","11.300","11.450","11.000","8.29K","1.33%"
"03/09/2025","11.300","11.400","11.450","11.150","7.89K","-0.88%"
"02/09/2025","11.400","11.400","11.500","10.850","28.66K","2.70%"
"01/09/2025","11.100","11.450","11.600","11.000","30.47K","-3.06%"
"29/08/2025","11.450","11.900","11.900","11.200","41.88K","-3.78%"
"28/08/2025","11.900","11.850","11.950","11.850","2.73K","0.00%"
"27/08/2025","11.900","11.900","12.000","11.850","15.13K","-0.83%"
"26/08/2025","12.000","12.100","12.100","11.900","5.73K","-1.23%"
"25/08/2025","12.150","12.000","12.150","11.900","5.48K","0.83%"
"22/08/2025","12.050","12.000","12.100","11.950","3.51K","0.00%"
"21/08/2025","12.050","11.850","12.100","11.850","7.96K","1.26%"
"20/08/2025","11.900","12.350","12.350","11.900","24.83K","-3.25%"
"19/08/2025","12.300","11.850","12.350","11.750","13.68K","4.24%"
"18/08/2025","11.800","11.900","12.000","11.800","31.44K","0.00%"
"14/08/2025","11.800","12.050","12.200","11.700","397.12K","-2.07%"
"13/08/2025","12.050","12.050","12.050","11.750","78.45K","0.42%"
"12/08/2025","12.000","11.650","12.250","11.250","45.68K","3.45%"
"11/08/2025","11.600","11.400","11.600","11.400","213.31K","1.75%"
"08/08/2025","11.400","11.500","11.500","11.000","10.86K","0.44%"
"07/08/2025","11.350","11.500","11.500","11.350","2.93K","-1.30%"
"06/08/2025","11.500","11.400","11.500","11.350","10.17K","1.32%"
"05/08/2025","11.350","10.950","11.500","10.950","32.75K","1.79%"
"04/08/2025","11.150","10.900","11.150","10.700","8.76K","4.21%"
"01/08/2025","10.700","10.750","11.100","10.700","13.21K","-3.60%"
"31/07/2025","11.100","11.450","11.450","10.500","33.14K","-1.77%"
"30/07/2025","11.300","11.500","11.500","11.300","509.13K","0.44%"
"29/07/2025","11.250","11.550","11.550","11.250","319.83K","-2.60%"
"28/07/2025","11.550","11.600","11.600","11.400","296.08K","-0.43%"
"25/07/2025","11.600","11.500","11.650","11.450","5.55K","0.00%"
"24/07/2025","11.600","11.350","11.650","11.200","4.90K","0.43%"
"23/07/2025","11.550","11.350","11.650","11.150","11.25K","3.59%"
"22/07/2025","11.150","11.350","11.450","11.150","3.76K","-3.04%"
"21/07/2025","11.500","11.450","11.550","11.350","3.10K","-0.43%"
"18/07/2025","11.550","11.650","11.700","11.250","7.37K","-0.86%"
"17/07/2025","11.650","11.450","11.700","11.000","15.99K","1.75%"
"16/07/2025","11.450","11.400","11.450","11.150","7.44K","0.88%"
"15/07/2025","11.350","11.050","11.350","11.000","3.87K","2.71%"
"14/07/2025","11.050","10.850","11.050","10.850","1.45K","1.84%"
"11/07/2025","10.850","11.150","11.150","10.700","7.24K","-1.81%"
"10/07/2025","11.050","11.100","11.150","10.900","9.47K","1.38%"
"09/07/2025","10.900","10.700","11.100","10.650","15.69K","1.87%"
"08/07/2025","10.700","10.600","10.800","10.600","5.18K","-0.47%"
"07/07/2025","10.750","10.850","10.900","10.550","4.82K","-1.38%"
"04/07/2025","10.900","10.500","10.900","10.450","18.30K","3.81%"
"03/07/2025","10.500","10.400","10.800","10.300","14.01K","0.48%"
"02/07/2025","10.450","10.450","10.450","10.050","8.30K","-0.48%"
"01/07/2025","10.500","10.500","10.600","10.200","4.17K","0.00%"
"30/06/2025","10.500","10.750","10.750","10.400","11.93K","-2.33%"
"27/06/2025","10.750","10.700","10.750","10.500","6.88K","0.94%"
"26/06/2025","10.650","10.350","10.700","10.350","9.30K","0.00%"
"25/06/2025","10.650","10.500","10.750","10.450","7.89K","-0.93%"
"24/06/2025","10.750","10.700","10.750","10.600","6.53K","1.42%"
"23/06/2025","10.600","10.600","10.600","10.400","11.08K","1.92%"
"20/06/2025","10.400","10.500","10.650","10.200","17.03K","0.00%"
"18/06/2025","10.400","10.100","10.400","10.050","243.62K","1.96%"
"17/06/2025","10.200","10.100","10.400","10.100","25.69K","0.49%"
"16/06/2025","10.150","10.400","10.500","10.050","12.96K","-0.49%"
"13/06/2025","10.200","10.900","11.000","10.100","50.76K","-6.42%"
"12/06/2025","10.900","11.150","11.150","10.700","9.25K","-2.24%"
"11/06/2025","11.150","11.100","11.150","10.600","19.01K","0.00%"
"10/06/2025","11.150","11.100","11.350","10.950","11.92K","1.36%"
"09/06/2025","11.000","11.250","11.350","11.000","14.15K","-3.08%"
"06/06/2025","11.350","11.250","11.400","11.100","4.95K","-0.44%"
"05/06/2025","11.400","11.700","11.700","11.000","37.90K","-2.56%"
"04/06/2025","11.700","11.100","11.700","11.100","8.25K","1.30%"
"03/06/2025","11.550","11.700","11.700","11.200","4.79K","-0.86%"
"02/06/2025","11.650","11.500","11.650","11.150","9.28K","1.30%"
"30/05/2025","11.500","11.250","11.700","11.050","16.46K","2.22%"
"29/05/2025","11.250","11.000","11.400","11.000","3.03K","0.90%"
"28/05/2025","11.150","11.200","11.200","11.000","4.57K","-0.45%"
"27/05/2025","11.200","11.050","11.250","10.950","4.66K","1.36%"
"26/05/2025","11.050","11.000","11.250","10.800","25.59K","0.45%"
"23/05/2025","11.000","11.250","11.250","10.900","15.98K","-1.79%"
"22/05/2025","11.200","11.400","11.400","11.100","13.23K","-1.32%"
"21/05/2025","11.350","11.300","11.350","11.150","3.82K","-0.44%"
"20/05/2025","11.400","11.400","11.400","11.000","8.41K","2.24%"
"19/05/2025","11.150","11.450","11.450","10.800","30.32K","-2.62%"
"16/05/2025","11.450","11.450","11.500","11.200","10.82K","-0.43%"
"15/05/2025","11.500","11.700","11.750","11.150","28.78K","-1.71%"
"14/05/2025","11.700","11.950","11.950","11.650","7.86K","-1.68%"
"13/05/2025","11.900","11.800","11.900","11.700","7.75K","0.85%"
"12/05/2025","11.800","11.700","12.200","11.450","76.51K","3.51%"
"09/05/2025","11.400","11.500","11.650","11.300","9.63K","-1.72%"
"08/05/2025","11.600","11.650","11.700","11.100","46.68K","-0.43%"
"07/05/2025","11.650","11.150","11.650","11.150","37.90K","4.95%"
"06/05/2025","11.100","10.950","11.400","10.700","40.56K","0.91%"
"05/05/2025","11.000","10.950","11.000","10.750","17.20K","1.38%"
"02/05/2025","10.850","10.500","11.000","10.500","33.21K","3.83%"
"30/04/2025","10.450","10.450","10.600","10.400","55.26K","0.48%"
"29/04/2025","10.400","10.250","10.400","9.920","15.38K","1.46%"
"28/04/2025","10.250","10.450","10.500","10.200","15.33K","-1.91%"
"25/04/2025","10.450","10.400","10.500","10.200","16.93K","1.95%"
"24/04/2025","10.250","10.350","10.400","10.150","6.16K","0.49%"
"23/04/2025","10.200","10.300","10.400","9.780","10.60K","-0.97%"
"22/04/2025","10.300","10.400","10.450","10.200","9.37K","-0.96%"
"17/04/2025","10.400","10.450","10.500","10.400","16.16K","0.00%"
"16/04/2025","10.400","10.400","10.500","10.200","20.41K","0.00%"
"15/04/2025","10.400","10.400","10.400","10.150","11.15K","0.00%"
"14/04/2025","10.400","10.400","10.400","10.050","9.68K","2.97%"
"11/04/2025","10.100","9.900","10.400","9.820","48.23K","3.06%"
"10/04/2025","9.800","9.700","10.000","9.700","25.37K","1.24%"
"09/04/2025","9.680","9.660","9.800","9.540","8.02K","-0.41%"
"08/04/2025","9.720","9.740","9.880","9.500","16.92K","-0.21%"
"07/04/2025","9.740","9.100","9.900","8.320","49.36K","4.06%"
"04/04/2025","9.360","9.400","9.800","9.220","43.82K","-0.21%"
"03/04/2025","9.380","9.820","9.900","9.260","41.57K","-4.48%"
"02/04/2025","9.820","9.800","9.880","9.760","23.54K","0.61%"
"01/04/2025","9.760","9.520","9.800","9.520","15.90K","2.52%"
"31/03/2025","9.520","9.580","9.700","9.460","14.66K","-0.42%"
"28/03/2025","9.560","9.760","9.760","9.460","15.02K","0.21%"
"27/03/2025","9.540","9.780","9.780","9.540","11.15K","-2.25%"
"26/03/2025","9.760","9.980","9.980","9.560","28.33K","-2.20%"
"25/03/2025","9.980","9.800","9.980","9.800","55.57K","2.67%"
"24/03/2025","9.720","9.660","9.780","9.660","29.01K","3.18%"
"21/03/2025","9.420","9.640","9.740","9.420","61.08K","-0.84%"
"20/03/2025","9.500","9.640","9.640","9.400","16.77K","-0.42%"
"19/03/2025","9.540","9.500","9.640","9.360","11.71K","0.42%"
"18/03/2025","9.500","9.380","9.500","9.200","78.82K","1.28%"
"17/03/2025","9.380","9.380","9.380","9.220","3.13K","0.43%"
"14/03/2025","9.340","9.080","9.340","9.060","16.74K","3.09%"
"13/03/2025","9.060","9.180","9.260","8.800","32.99K","-1.31%"
"12/03/2025","9.180","9.160","9.260","9.120","10.37K","0.22%"
"11/03/2025","9.160","9.120","9.160","8.880","18.61K","1.33%"
"10/03/2025","9.040","9.140","9.240","9.040","3.70K","-1.09%"
"07/03/2025","9.140","9.180","9.240","9.000","15.12K","-0.44%"
"06/03/2025","9.180","9.100","9.300","8.600","27.33K","0.88%"
"05/03/2025","9.100","9.000","9.200","9.000","11.78K","1.11%"
"04/03/2025","9.000","9.060","9.100","8.940","8.59K","0.00%"
"03/03/2025","9.000","9.000","9.080","8.920","2.35K","0.22%"
"28/02/2025","8.980","8.900","9.080","8.620","9.23K","0.90%"
"27/02/2025","8.900","8.960","9.140","8.840","4.27K","-0.89%"
"26/02/2025","8.980","9.160","9.200","8.620","5.59K","-1.97%"
"25/02/2025","9.160","9.180","9.200","9.040","3.92K","-0.43%"
"24/02/2025","9.200","9.020","9.200","8.920","4.35K","0.66%"
"21/02/2025","9.140","9.080","9.200","9.080","13.86K","0.88%"
"20/02/2025","9.060","8.760","9.080","8.760","62.59K","4.14%"
"19/02/2025","8.700","8.780","8.780","8.620","3.60K","-0.23%"
"18/02/2025","8.720","8.800","8.800","8.500","14.51K","-0.91%"
"17/02/2025","8.800","8.540","8.800","8.220","23.36K","3.04%"
"14/02/2025","8.540","8.460","8.700","8.160","33.72K","1.67%"
"13/02/2025","8.400","8.580","8.660","8.400","8.29K","0.72%"
"12/02/2025","8.340","8.600","8.780","8.320","29.63K","-0.71%"
"11/02/2025","8.400","8.080","8.460","8.040","50.43K","5.00%"
"10/02/2025","8.000","8.000","8.080","7.940","9.31K","0.00%"
"07/02/2025","8.000","7.880","8.040","7.880","14.24K","0.00%"
"06/02/2025","8.000","7.900","8.000","7.800","11.33K","3.09%"
"05/02/2025","7.760","7.960","7.980","7.720","5.23K","-1.77%"
"04/02/2025","7.900","7.820","8.000","7.800","20.85K","0.77%"
"03/02/2025","7.840","7.700","7.840","7.500","6.74K","0.51%"
"31/01/2025","7.800","7.700","7.800","7.680","2.42K","1.04%"
"30/01/2025","7.720","7.720","7.840","7.720","2.50K","-1.53%"
"29/01/2025","7.840","7.800","8.000","7.660","14.35K","0.26%"
"28/01/2025","7.820","7.880","7.880","7.740","1.82K","0.51%"
"27/01/2025","7.780","7.880","8.000","7.620","14.54K","-1.77%"
"24/01/2025","7.920","8.060","8.060","7.920","2.59K","-1.49%"
"23/01/2025","8.040","8.000","8.060","7.940","11.39K","0.75%"
"22/01/2025","7.980","7.940","8.080","7.920","5.38K","-0.50%"
"21/01/2025","8.020","8.020","8.100","8.000","5.76K","0.25%"
"20/01/2025","8.000","7.900","8.040","7.720","16.56K","1.27%"
"17/01/2025","7.900","7.820","7.900","7.720","12.03K","1.02%"
"16/01/2025","7.820","7.760","7.840","7.700","4.14K","-0.76%"
"15/01/2025","7.880","7.920","7.920","7.740","4.73K","-0.25%"
"14/01/2025","7.900","7.900","7.900","7.680","4.89K","0.25%"
"13/01/2025","7.880","7.920","7.960","7.740","5.12K","-0.51%"
"10/01/2025","7.920","7.920","7.920","7.700","16.32K","1.28%"
"09/01/2025","7.820","7.760","7.820","7.620","10.51K","0.77%"
"08/01/2025","7.760","7.700","7.820","7.700","5.80K","-0.51%"
"07/01/2025","7.800","7.780","7.800","7.600","4.73K","0.00%"
"03/01/2025","7.800","7.740","7.800","7.600","10.54K","1.04%"
"02/01/2025","7.720","7.520","7.800","7.520","12.92K","0.78%"
"30/12/2024","7.660","7.660","7.720","7.480","7.84K","2.13%"
"27/12/2024","7.500","7.540","7.800","7.480","10.41K","-1.32%"
"23/12/2024","7.600","7.700","7.880","7.400","17.83K","-1.04%"
"20/12/2024","7.680","7.860","7.860","7.120","84.68K","-0.26%"
"19/12/2024","7.700","7.980","7.980","7.640","28.14K","-2.78%"
"18/12/2024","7.920","7.960","8.040","7.800","16.42K","-1.25%"
"17/12/2024","8.020","8.160","8.160","7.960","43.34K","-1.72%"
"16/12/2024","8.160","8.060","8.200","8.060","9.92K","1.49%"
"13/12/2024","8.040","8.000","8.060","7.800","4.67K","1.01%"
"12/12/2024","7.960","8.000","8.000","7.880","2.75K","0.76%"
"11/12/2024","7.900","8.020","8.040","7.880","4.86K","-1.50%"
"10/12/2024","8.020","7.800","8.040","7.800","10.43K","2.82%"
"09/12/2024","7.800","7.900","7.900","7.640","6.16K","0.00%"
"06/12/2024","7.800","7.900","8.040","7.800","10.26K","-1.27%"
"05/12/2024","7.900","7.660","7.900","7.580","1.35M","2.86%"
"04/12/2024","7.680","7.680","7.720","7.400","19.62K","-1.54%"
"03/12/2024","7.800","7.980","8.040","7.760","3.86K","-1.52%"
"02/12/2024","7.920","7.900","7.920","7.780","2.43K","2.06%"
"29/11/2024","7.760","7.820","7.880","7.760","4.35K","-1.02%"
"28/11/2024","7.840","7.880","7.900","7.760","4.69K","-0.51%"
"27/11/2024","7.880","7.840","7.900","7.840","3.98K","2.87%"
"26/11/2024","7.660","7.840","7.900","7.660","7.79K","-2.30%"
"25/11/2024","7.840","7.820","7.900","7.620","4.51K","-0.76%"
"22/11/2024","7.900","7.880","7.900","7.460","13.11K","0.25%"
"21/11/2024","7.880","7.820","7.900","7.800","6.28K","0.00%"
"20/11/2024","7.880","7.720","7.980","7.720","12.13K","1.29%"
"19/11/2024","7.780","8.120","8.220","7.700","11.65K","-3.95%"
"18/11/2024","8.100","7.940","8.200","7.900","6.33K","-0.25%"
"15/11/2024","8.120","8.120","8.120","8.020","18.23K","0.00%"
"14/11/2024","8.120","8.280","8.300","8.120","9.57K","-0.98%"
"13/11/2024","8.200","8.140","8.300","8.100","6.28K","1.23%"
"12/11/2024","8.100","8.360","8.420","8.020","15.27K","-3.34%"
"08/11/2024","8.380","8.480","8.480","8.260","2.95K","-0.48%"
"07/11/2024","8.420","8.400","8.500","8.400","7.38K","0.24%"
"06/11/2024","8.400","8.360","8.500","8.360","22.78K","0.72%"
"05/11/2024","8.340","8.240","8.400","8.240","980.00K","1.71%"
"04/11/2024","8.200","8.140","8.400","8.000","20.53K","2.50%"
"31/10/2024","8.000","8.000","8.000","7.700","6.02K","1.27%"
"30/10/2024","7.900","8.160","8.180","7.840","13.04K","-2.71%"
"29/10/2024","8.120","7.980","8.120","7.960","17.70K","1.75%"
"28/10/2024","7.980","7.980","8.000","7.980","4.85K","0.00%"
"25/10/2024","7.980","7.960","8.000","7.920","7.30K","0.50%"
"24/10/2024","7.940","8.100","8.200","7.940","18.21K","-1.98%"
"23/10/2024","8.100","8.040","8.140","8.000","22.12K","0.00%"
"22/10/2024","8.100","8.160","8.180","7.920","26.70K","0.50%"
"21/10/2024","8.060","8.020","8.160","7.840","91.60K","2.03%"
"18/10/2024","7.900","7.620","7.940","7.320","48.65K","2.86%"
"17/10/2024","7.680","7.620","7.900","7.620","16.17K","-1.03%"
"16/10/2024","7.760","7.700","7.800","7.620","2.33K","-0.26%"
"15/10/2024","7.780","7.700","7.780","7.680","5.55K","1.04%"
"14/10/2024","7.700","7.880","7.900","7.620","8.28K","-3.51%"
"11/10/2024","7.980","7.900","7.980","7.880","6.01K","0.00%"
"10/10/2024","7.980","8.000","8.000","7.980","0.57K","0.00%"
"09/10/2024","7.980","8.000","8.020","7.980","2.06K","-0.50%"
"08/10/2024","8.020","7.940","8.020","7.660","11.40K","0.50%"
"07/10/2024","7.980","7.920","8.140","7.920","18.31K","0.76%"
"04/10/2024","7.920","7.840","7.980","7.820","14.38K","1.02%"
"03/10/2024","7.840","7.880","7.880","7.840","3.62K","-0.25%"
"02/10/2024","7.860","7.800","7.880","7.800","3.15K","0.51%"
"01/10/2024","7.820","7.980","7.980","7.760","6.64K","-0.26%"
"30/09/2024","7.840","7.940","7.940","7.600","34.08K","-2.00%"
"27/09/2024","8.000","8.000","8.080","7.900","6.66K","-0.50%"
"26/09/2024","8.040","8.000","8.080","8.000","7.34K","0.25%"
"25/09/2024","8.020","8.040","8.120","7.860","4.35K","-0.99%"
"24/09/2024","8.100","8.140","8.140","8.040","5.36K","-0.74%"
"23/09/2024","8.160","8.160","8.180","8.020","3.55K","0.00%"
"20/09/2024","8.160","8.260","8.280","8.020","20.41K","0.74%"
"19/09/2024","8.100","8.160","8.240","8.080","12.47K","0.25%"
"18/09/2024","8.080","7.940","8.100","7.940","31.77K","3.06%"
"17/09/2024","7.840","7.800","7.840","7.740","90.35K","1.55%"
"16/09/2024","7.720","7.800","7.800","7.560","7.52K","-1.03%"
"13/09/2024","7.800","7.600","7.860","7.560","36.90K","4.28%"
"12/09/2024","7.480","7.580","7.800","7.460","31.59K","0.00%"
"11/09/2024","7.480","7.560","7.720","7.340","15.99K","-2.09%"
"10/09/2024","7.640","7.660","7.880","7.500","9.41K","-0.26%"
"09/09/2024","7.660","7.640","7.880","7.640","18.36K","0.79%"
"06/09/2024","7.600","7.480","7.660","7.480","22.32K","1.88%"
"05/09/2024","7.460","7.440","7.580","7.340","19.14K","0.27%"
"04/09/2024","7.440","7.580","7.660","7.300","7.48K","-2.11%"
"03/09/2024","7.600","7.800","7.800","7.600","42.99K","-2.56%"
"02/09/2024","7.800","7.800","8.020","7.520","56.86K","0.26%"
"30/08/2024","7.780","7.320","7.900","7.320","92.09K","5.71%"
"29/08/2024","7.360","7.300","7.380","7.220","31.38K","0.55%"
"28/08/2024","7.320","6.800","7.360","6.800","64.33K","6.71%"
"27/08/2024","6.860","6.880","6.940","6.780","16.65K","1.78%"
"26/08/2024","6.740","6.800","6.860","6.740","18.63K","-0.88%"
"23/08/2024","6.800","6.620","6.800","6.620","0.99K","3.03%"
"22/08/2024","6.600","6.740","6.740","6.600","6.87K","-2.08%"
"21/08/2024","6.740","6.900","6.900","6.700","6.41K","0.30%"
"20/08/2024","6.720","6.860","6.900","6.720","18.96K","-1.75%"
"19/08/2024","6.840","6.840","6.880","6.660","11.84K","0.59%"
"16/08/2024","6.800","6.800","6.840","6.720","52.82K","1.49%"
"14/08/2024","6.700","6.760","6.760","6.600","4.64K","-0.59%"
"13/08/2024","6.740","6.700","6.760","6.560","43.22K","0.90%"
"12/08/2024","6.680","6.500","6.760","6.480","54.32K","2.77%"
"09/08/2024","6.500","6.120","6.520","6.120","27.98K","6.21%"
"08/08/2024","6.120","6.100","6.160","6.000","9.50K","-0.65%"
"07/08/2024","6.160","6.060","6.200","5.980","10.04K","-0.65%"
"06/08/2024","6.200","5.980","6.200","5.980","22.42K","3.68%"
"05/08/2024","5.980","6.160","6.200","5.760","76.83K","-5.38%"
"02/08/2024","6.320","6.440","6.440","6.240","8.14K","-2.77%"
"01/08/2024","6.500","6.500","6.500","6.360","17.17K","1.25%"
"31/07/2024","6.420","6.380","6.500","6.320","12.56K","2.88%"
"30/07/2024","6.240","6.200","6.400","6.180","1.10K","-0.95%"
"29/07/2024","6.300","6.180","6.340","6.180","6.01K","1.94%"
"26/07/2024","6.180","6.260","6.260","6.140","3.02K","1.31%"
"25/07/2024","6.100","6.200","6.480","6.060","30.65K","-3.17%"
"24/07/2024","6.300","6.440","6.500","6.300","4.52K","-2.17%"
"23/07/2024","6.440","6.420","6.500","6.420","2.30K","0.00%"
"22/07/2024","6.440","6.560","6.680","6.380","16.87K","-1.53%"
"19/07/2024","6.540","6.580","6.580","6.280","7.81K","-0.61%"
"18/07/2024","6.580","6.280","6.580","6.240","7.52K","4.78%"
"17/07/2024","6.280","6.260","6.440","6.260","2.85K","0.64%"
"16/07/2024","6.240","6.400","6.400","6.060","7.73K","-2.50%"
"15/07/2024","6.400","6.520","6.520","6.400","4.73K","-1.84%"
"12/07/2024","6.520","6.540","6.600","6.520","4.53K","0.00%"
"11/07/2024","6.520","6.580","6.660","6.520","3.33K","-0.31%"
"10/07/2024","6.540","6.540","6.540","6.500","3.11K","0.00%"
"09/07/2024","6.540","6.600","6.660","6.540","17.27K","-0.91%"
"08/07/2024","6.600","6.500","6.640","6.500","11.10K","1.54%"
"05/07/2024","6.500","6.400","6.560","6.360","11.34K","0.00%"
"04/07/2024","6.500","6.300","6.500","6.300","41.34K","3.50%"
"03/07/2024","6.280","6.120","6.300","6.100","6.47K","2.95%"
"02/07/2024","6.100","6.140","6.280","6.000","6.64K","-3.17%"
"01/07/2024","6.300","6.040","6.400","5.900","12.02K","4.30%"
"28/06/2024","6.040","6.060","6.100","6.000","5.04K","-0.98%"
"27/06/2024","6.100","6.060","6.100","6.020","3.48K","0.33%"
"26/06/2024","6.080","6.220","6.220","6.000","1.25K","-1.94%"
"25/06/2024","6.200","6.160","6.220","6.140","14.30K","-0.32%"
"24/06/2024","6.220","6.240","6.300","6.220","5.47K","-0.32%"
"21/06/2024","6.240","6.140","6.340","6.140","3.74K","1.63%"
"20/06/2024","6.140","6.060","6.340","6.040","7.90K","1.32%"
"19/06/2024","6.060","6.080","6.300","6.020","11.26K","1.00%"
"18/06/2024","6.000","5.900","6.080","5.860","18.57K","1.69%"
"17/06/2024","5.900","6.040","6.040","5.800","25.20K","-1.99%"
"14/06/2024","6.020","6.360","6.420","5.940","95.16K","-5.94%"
"13/06/2024","6.400","6.420","6.440","6.360","34.45K","-0.31%"
"12/06/2024","6.420","6.640","6.640","6.340","142.75K","-3.89%"
"11/06/2024","6.680","6.600","6.700","6.580","56.35K","1.21%"
"10/06/2024","6.600","6.480","6.600","6.440","56.22K","1.85%"
"07/06/2024","6.480","6.360","6.480","6.360","5.48K","1.25%"
"06/06/2024","6.400","6.480","6.500","6.400","18.05K","-0.93%"
"05/06/2024","6.460","6.460","6.460","6.400","10.05K","0.62%"
"04/06/2024","6.420","6.460","6.500","6.400","78.47K","-0.31%"
"03/06/2024","6.440","6.460","6.540","6.440","6.86K","-0.31%"
"31/05/2024","6.460","6.320","6.480","6.240","32.52K","2.22%"
"29/05/2024","6.320","6.500","6.500","6.300","16.53K","-3.07%"
"28/05/2024","6.520","6.440","6.600","6.400","12.09K","1.24%"
"27/05/2024","6.440","6.540","6.540","6.400","21.27K","-1.53%"
"24/05/2024","6.540","6.500","6.580","6.420","9.48K","0.31%"
"23/05/2024","6.520","6.460","6.620","6.400","28.69K","0.31%"
"22/05/2024","6.500","6.540","6.560","6.260","31.51K","-0.61%"
"21/05/2024","6.540","6.600","6.640","6.540","5.03K","-1.51%"
"20/05/2024","6.640","6.700","6.780","6.500","33.25K","-0.90%"
"17/05/2024","6.700","6.700","6.700","6.600","2.51K","0.90%"
"16/05/2024","6.640","6.620","6.800","6.600","5.61K","-1.78%"
"15/05/2024","6.760","6.880","6.880","6.600","9.24K","0.90%"
"14/05/2024","6.700","6.940","6.940","6.660","24.00K","-3.18%"
"13/05/2024","6.920","6.940","6.940","6.780","15.78K","0.29%"
"10/05/2024","6.900","6.820","6.940","6.740","66.34K","1.47%"
"09/05/2024","6.800","6.600","6.860","6.600","73.43K","3.34%"
"08/05/2024","6.580","6.500","6.600","6.500","13.07K","0.92%"
"07/05/2024","6.520","6.500","6.580","6.420","10.44K","0.62%"
"06/05/2024","6.480","6.460","6.520","6.380","19.89K","1.89%"
"02/05/2024","6.360","6.480","6.520","6.260","8.14K","-0.31%"
"30/04/2024","6.380","6.420","6.520","6.360","22.13K","-1.24%"
"29/04/2024","6.460","6.460","6.480","6.380","7.62K","0.00%"
"26/04/2024","6.460","6.520","6.520","6.460","8.32K","-0.62%"
"25/04/2024","6.500","6.620","6.640","6.480","12.44K","-2.40%"
"24/04/2024","6.660","6.520","6.660","6.520","2.39K","2.15%"
"23/04/2024","6.520","6.580","6.660","6.520","6.74K","-1.81%"
"22/04/2024","6.640","6.400","6.680","6.400","7.82K","2.15%"
"19/04/2024","6.500","6.700","6.820","6.340","24.41K","-2.69%"
"18/04/2024","6.680","6.660","6.760","6.300","37.72K","1.21%"
"17/04/2024","6.600","6.440","6.740","6.360","21.93K","2.17%"
"16/04/2024","6.460","6.480","6.500","6.300","30.10K","-1.22%"
"15/04/2024","6.540","6.520","6.560","6.020","85.70K","0.31%"
"12/04/2024","6.520","6.580","6.640","6.520","14.93K","-1.21%"
"11/04/2024","6.600","6.560","6.740","6.540","8.66K","0.30%"
"10/04/2024","6.580","6.660","6.660","6.500","10.90K","-0.30%"
"09/04/2024","6.600","6.560","6.680","6.500","25.28K","1.54%"
"08/04/2024","6.500","6.600","6.600","6.500","10.44K","-0.91%"
"05/04/2024","6.560","6.660","6.660","6.320","35.15K","-1.50%"
"04/04/2024","6.660","6.680","6.780","6.500","8.25K","-0.30%"
"03/04/2024","6.680","6.680","6.800","6.560","7.42K","0.00%"
"02/04/2024","6.680","6.720","6.740","6.520","20.80K","-0.30%"
"28/03/2024","6.700","6.860","6.860","6.700","9.33K","-2.33%"
"27/03/2024","6.860","6.700","6.860","6.680","12.91K","3.00%"
"26/03/2024","6.660","6.500","6.700","6.500","2.95K","2.46%"
"25/03/2024","6.500","6.860","6.860","6.420","96.49K","-4.41%"
"22/03/2024","6.800","6.900","6.980","6.680","48.10K","-1.45%"
"21/03/2024","6.900","6.700","7.000","6.520","46.13K","3.29%"
"20/03/2024","6.680","6.680","6.700","6.600","5.74K","1.83%"
"19/03/2024","6.560","6.640","6.760","6.500","15.83K","-0.91%"
"18/03/2024","6.620","6.540","6.800","6.420","21.28K","1.53%"
"15/03/2024","6.520","6.860","6.880","6.520","16.22K","-4.96%"
"14/03/2024","6.860","6.880","7.000","6.800","39.14K","-0.29%"
"13/03/2024","6.880","6.860","6.900","6.640","12.64K","0.29%"
"12/03/2024","6.860","6.400","6.880","6.400","178.93K","5.21%"
"11/03/2024","6.520","6.440","6.540","6.380","4.58K","1.24%"
"08/03/2024","6.440","6.520","6.520","6.400","4.44K","-1.23%"
"07/03/2024","6.520","6.360","6.520","6.340","3.18K","0.31%"
"06/03/2024","6.500","6.580","6.600","6.360","9.71K","-1.22%"
"05/03/2024","6.580","6.560","6.600","6.300","35.24K","0.30%"
"04/03/2024","6.560","6.400","6.560","6.400","26.77K","2.50%"
"01/03/2024","6.400","6.340","6.400","6.240","14.07K","0.95%"
"29/02/2024","6.340","6.300","6.340","6.120","15.64K","1.28%"
"28/02/2024","6.260","6.240","6.360","6.240","18.41K","0.32%"
"27/02/2024","6.240","6.140","6.240","6.120","11.81K","0.00%"
"26/02/2024","6.240","6.300","6.380","6.080","21.29K","-2.19%"
"23/02/2024","6.380","6.380","6.380","6.260","8.60K","1.27%"
"22/02/2024","6.300","6.500","6.600","6.240","45.52K","-1.56%"
"21/02/2024","6.400","6.460","6.480","6.300","28.68K","0.95%"
"20/02/2024","6.340","6.360","6.420","6.300","350.00K","0.63%"
"19/02/2024","6.300","6.020","6.320","6.020","44.25K","6.06%"
"16/02/2024","5.940","5.880","6.060","5.820","33.67K","2.41%"
"15/02/2024","5.800","5.700","5.960","5.660","9.96K","0.35%"
"14/02/2024","5.780","5.720","5.840","5.720","4.55K","-1.70%"
"13/02/2024","5.880","5.800","6.000","5.640","20.96K","1.73%"
"12/02/2024","5.780","5.880","5.900","5.760","4.14K","-0.34%"
"09/02/2024","5.800","6.000","6.040","5.760","20.09K","-3.33%"
"08/02/2024","6.000","6.000","6.000","5.900","3.58K","0.67%"
"07/02/2024","5.960","5.960","6.000","5.900","8.49K","0.00%"
"06/02/2024","5.960","5.760","5.980","5.760","27.53K","2.76%"
"05/02/2024","5.800","5.800","5.820","5.760","25.59K","1.75%"
"02/02/2024","5.700","5.660","5.820","5.660","38.61K","1.79%"
"01/02/2024","5.600","5.500","5.600","5.420","16.19K","1.82%"
"31/01/2024","5.500","5.480","5.500","5.220","7.84K","1.48%"
"30/01/2024","5.420","5.400","5.480","5.360","8.59K","0.37%"
"29/01/2024","5.400","5.380","5.500","5.360","2.43K","0.37%"
"26/01/2024","5.380","5.500","5.500","5.380","6.68K","-0.37%"
"25/01/2024","5.400","5.660","5.660","5.400","4.33K","-4.59%"
"24/01/2024","5.660","5.480","5.660","5.460","10.56K","3.66%"
"23/01/2024","5.460","5.480","5.480","5.400","2.49K","-0.73%"
"22/01/2024","5.500","5.440","5.560","5.440","10.07K","2.23%"
"19/01/2024","5.380","5.320","5.560","5.320","20.26K","1.13%"
"18/01/2024","5.320","5.320","5.480","5.240","24.58K","-0.37%"
"17/01/2024","5.340","5.520","5.560","5.260","20.65K","-3.61%"
"16/01/2024","5.540","5.620","5.620","5.360","15.12K","-0.72%"
"15/01/2024","5.580","5.640","5.660","5.520","4.67K","0.72%"
"12/01/2024","5.540","5.580","5.800","5.500","36.04K","1.84%"
"11/01/2024","5.440","5.440","5.500","5.320","11.33K","1.12%"
"10/01/2024","5.380","5.500","5.500","5.300","25.04K","-0.74%"
"09/01/2024","5.420","5.500","5.520","5.260","31.57K","1.12%"
"08/01/2024","5.360","5.440","5.560","5.220","38.82K","-2.55%"
"05/01/2024","5.500","5.640","5.640","5.360","31.87K","-2.48%"
"04/01/2024","5.640","5.680","5.880","5.540","31.69K","-1.74%"
"03/01/2024","5.740","5.720","5.960","5.700","29.46K","0.35%"
"02/01/2024","5.720","5.900","5.900","5.700","30.63K","-1.38%"
"29/12/2023","5.800","5.840","5.900","5.660","19.61K","0.35%"
"28/12/2023","5.780","6.040","6.080","5.600","399.41K","-3.34%"
"27/12/2023","5.980","5.820","6.200","5.520","71.32K","2.75%"
"22/12/2023","5.820","5.800","5.940","5.780","40.27K","1.39%"
"21/12/2023","5.740","5.600","5.800","5.600","151.86K","2.50%"
"20/12/2023","5.600","5.460","5.740","5.340","130.21K","5.66%"
"19/12/2023","5.300","5.180","5.420","5.120","140.60K","3.52%"
"18/12/2023","5.120","5.100","5.180","5.100","22.29K","-0.78%"
"15/12/2023","5.160","5.100","5.180","5.060","34.72K","0.39%"
"14/12/2023","5.140","5.120","5.180","4.980","48.10K","1.58%"
"13/12/2023","5.060","5.000","5.060","4.980","32.48K","1.81%"
"12/12/2023","4.970","4.830","5.060","4.830","118.85K","2.05%"
"11/12/2023","4.870","4.790","4.880","4.790","8.43K","2.10%"
"08/12/2023","4.770","4.850","4.880","4.770","10.83K","-0.63%"
"07/12/2023","4.800","4.800","4.880","4.800","2.94K","0.00%"
"06/12/2023","4.800","4.780","4.880","4.720","23.83K","1.69%"
"05/12/2023","4.720","4.750","4.780","4.720","3.65K","-0.63%"
"04/12/2023","4.750","4.750","4.780","4.700","4.44K","0.42%"
"01/12/2023","4.730","4.630","4.780","4.630","39.58K","0.00%"
"30/11/2023","4.730","4.600","4.740","4.600","5.01K","1.50%"
"29/11/2023","4.660","4.750","4.750","4.660","4.06K","-1.89%"
"28/11/2023","4.750","4.570","4.750","4.570","31.90K","4.17%"
"27/11/2023","4.560","4.630","4.630","4.500","5.59K","-1.72%"
"24/11/2023","4.640","4.650","4.650","4.610","0.63K","0.87%"
"23/11/2023","4.600","4.730","4.730","4.600","4.50K","-2.75%"
"22/11/2023","4.730","4.750","4.750","4.600","6.33K","1.72%"
"21/11/2023","4.650","4.640","4.700","4.630","4.07K","-1.48%"
"20/11/2023","4.720","4.740","4.740","4.640","3.88K","-1.05%"
"17/11/2023","4.770","4.780","4.780","4.600","6.99K","-0.21%"
"16/11/2023","4.780","4.700","4.780","4.550","12.64K","2.36%"
"15/11/2023","4.670","4.760","4.780","4.670","10.74K","-2.30%"
"14/11/2023","4.780","4.750","4.800","4.560","22.72K","2.80%"
"13/11/2023","4.650","4.660","4.780","4.600","51.10K","2.20%"
"10/11/2023","4.550","4.640","4.640","4.550","0.62K","-2.15%"
"09/11/2023","4.650","4.590","4.650","4.550","5.09K","1.09%"
"08/11/2023","4.600","4.600","4.600","4.570","2.58K","-0.22%"
"07/11/2023","4.610","4.680","4.680","4.560","5.07K","-1.50%"
"06/11/2023","4.680","4.580","4.680","4.580","19.27K","2.63%"
"03/11/2023","4.560","4.450","4.580","4.430","31.28K","2.01%"
"02/11/2023","4.470","4.470","4.470","4.380","4.17K","0.00%"
"31/10/2023","4.470","4.310","4.480","4.310","22.69K","2.05%"
"30/10/2023","4.380","4.370","4.380","4.290","0.60K","0.00%"
"27/10/2023","4.380","4.300","4.380","4.300","1.32K","0.00%"
"26/10/2023","4.380","4.390","4.400","4.300","9.60K","-0.45%"
"25/10/2023","4.400","4.350","4.400","4.300","18.59K","1.15%"
"24/10/2023","4.350","4.260","4.350","4.260","1.49K","2.11%"
"23/10/2023","4.260","4.240","4.380","4.240","13.93K","-0.93%"
"20/10/2023","4.300","4.250","4.450","4.200","46.66K","2.38%"
"19/10/2023","4.200","4.250","4.260","4.170","7.23K","0.24%"
"18/10/2023","4.190","4.260","4.270","4.190","2.55K","-1.64%"
"17/10/2023","4.260","4.210","4.260","4.200","17.25K","-0.47%"
"16/10/2023","4.280","4.500","4.500","4.170","9.82K","-0.47%"
"13/10/2023","4.300","4.100","4.330","4.090","15.85K","5.13%"
"12/10/2023","4.090","4.080","4.120","4.080","1.01K","-3.08%"
"11/10/2023","4.220","4.320","4.330","4.200","7.36K","-2.54%"
"10/10/2023","4.330","4.250","4.360","4.160","12.29K","1.64%"
"09/10/2023","4.260","4.120","4.260","4.040","34.47K","5.71%"
"06/10/2023","4.030","4.070","4.120","3.970","8.76K","1.51%"
"05/10/2023","3.970","4.000","4.070","3.950","23.36K","-1.24%"
"04/10/2023","4.020","3.950","4.020","3.910","8.53K","1.77%"
"03/10/2023","3.950","3.920","3.950","3.920","1.92K","0.00%"
"02/10/2023","3.950","4.050","4.050","3.950","17.60K","-2.95%"
"29/09/2023","4.070","4.090","4.090","4.000","11.06K","-1.69%"
"28/09/2023","4.140","4.140","4.140","4.140","4.60K","-0.96%"
"27/09/2023","4.180","4.120","4.200","4.100","3.33K","1.46%"
"26/09/2023","4.120","4.080","4.190","4.080","4.04K","2.49%"
"25/09/2023","4.020","4.100","4.100","4.010","3.10K","-1.23%"
"22/09/2023","4.070","4.100","4.100","4.070","7.95K","-0.73%"
"21/09/2023","4.100","4.160","4.160","4.070","4.14K","-1.20%"
"20/09/2023","4.150","4.050","4.160","4.050","20.34K","2.47%"
"19/09/2023","4.050","4.100","4.100","4.050","10.90K","-1.22%"
"18/09/2023","4.100","4.100","4.100","4.100","1.18K","-0.49%"
"15/09/2023","4.120","4.080","4.120","4.080","3.88K","2.49%"
"14/09/2023","4.020","4.090","4.090","4.020","4.45K","0.25%"
"13/09/2023","4.010","4.100","4.100","4.010","0.03K","-2.20%"
"12/09/2023","4.100","4.050","4.130","4.010","14.75K","0.24%"
"11/09/2023","4.090","4.100","4.100","4.040","9.21K","-0.24%"
"08/09/2023","4.100","4.150","4.280","4.030","16.56K","1.74%"
"07/09/2023","4.030","4.160","4.250","4.030","13.96K","-3.36%"
"06/09/2023","4.170","4.000","4.170","3.900","37.65K","5.57%"
"05/09/2023","3.950","3.970","3.970","3.950","0.58K","0.00%"
"04/09/2023","3.950","4.000","4.000","3.940","7.12K","-0.25%"
"01/09/2023","3.960","3.970","4.050","3.960","6.36K","-2.22%"
"31/08/2023","4.050","4.130","4.130","4.050","1.16K","-1.70%"
"30/08/2023","4.120","4.090","4.120","4.040","6.51K","0.73%"
"29/08/2023","4.090","3.950","4.090","3.950","32.22K","4.87%"
"28/08/2023","3.900","3.920","3.950","3.900","15.50K","0.78%"
"25/08/2023","3.870","3.920","3.980","3.870","7.48K","-2.76%"
"24/08/2023","3.980","4.020","4.100","3.980","9.93K","-0.75%"
"23/08/2023","4.010","3.920","4.020","3.920","17.39K","2.04%"
"22/08/2023","3.930","4.000","4.080","3.920","19.30K","-1.75%"
"21/08/2023","4.000","4.140","4.140","4.000","8.34K","-0.74%"
"18/08/2023","4.030","4.180","4.260","4.020","15.95K","-4.95%"
"17/08/2023","4.240","4.160","4.260","4.140","8.71K","-0.93%"
"16/08/2023","4.280","4.310","4.310","4.160","2.67K","-1.15%"
"14/08/2023","4.330","4.300","4.340","4.200","8.94K","0.70%"
"11/08/2023","4.300","4.250","4.360","4.200","24.12K","-0.69%"
"10/08/2023","4.330","4.320","4.360","4.190","14.52K","2.12%"
"09/08/2023","4.240","4.400","4.400","4.160","12.34K","-3.64%"
"08/08/2023","4.400","4.250","4.410","4.160","26.00K","3.77%"
"07/08/2023","4.240","4.280","4.480","4.220","11.46K","-2.30%"
"04/08/2023","4.340","4.420","4.460","4.300","18.99K","-1.36%"
"03/08/2023","4.400","4.190","4.580","4.190","92.15K","6.28%"
"02/08/2023","4.140","4.300","4.300","4.040","36.55K","-4.83%"
"01/08/2023","4.350","4.380","4.380","4.290","8.74K","-0.68%"
"31/07/2023","4.380","4.310","4.400","4.310","8.79K","0.00%"
"28/07/2023","4.380","4.300","4.380","4.300","3.15K","0.00%"
"27/07/2023","4.380","4.290","4.400","4.280","7.39K","-0.45%"
"26/07/2023","4.400","4.280","4.400","4.220","30.25K","2.33%"
"25/07/2023","4.300","4.350","4.350","4.250","16.90K","-0.23%"
"24/07/2023","4.310","4.280","4.350","4.220","15.20K","-0.46%"
"21/07/2023","4.330","4.190","4.350","4.120","31.95K","3.34%"
"20/07/2023","4.190","4.270","4.350","4.160","55.63K","-1.64%"
"19/07/2023","4.260","3.920","4.450","3.920","144.24K","6.77%"
"18/07/2023","3.990","3.800","3.990","3.750","114.84K","6.40%"
"17/07/2023","3.750","3.810","3.810","3.740","1.22K","1.08%"
"14/07/2023","3.710","3.810","3.820","3.710","12.32K","-2.62%"
"13/07/2023","3.810","3.810","3.810","3.740","8.24K","0.00%"
"12/07/2023","3.810","3.800","3.810","3.720","9.95K","0.79%"
"11/07/2023","3.780","3.660","3.780","3.660","2.91K","3.56%"
"10/07/2023","3.650","3.780","3.780","3.650","2.68K","-3.44%"
"07/07/2023","3.780","3.700","3.780","3.630","2.63K","2.16%"
"06/07/2023","3.700","3.800","3.800","3.700","5.29K","-2.63%"
"05/07/2023","3.800","3.800","3.800","3.750","5.40K","1.33%"
"04/07/2023","3.750","3.820","3.820","3.750","5.09K","-4.34%"
"03/07/2023","3.920","3.660","3.920","3.610","53.82K","8.89%"
"30/06/2023","3.600","3.600","3.610","3.600","7.95K","-1.91%"
"29/06/2023","3.670","3.670","3.670","3.580","2.76K","-1.61%"
"28/06/2023","3.730","3.700","3.740","3.700","4.02K","-0.53%"
"27/06/2023","3.750","3.770","3.770","3.670","14.56K","-0.53%"
"26/06/2023","3.770","3.710","3.780","3.710","14.89K","-1.31%"
"23/06/2023","3.820","3.830","3.830","3.710","6.38K","0.26%"
"22/06/2023","3.810","3.820","3.820","3.720","6.23K","-0.52%"
"21/06/2023","3.830","3.830","3.840","3.830","0.42K","0.00%"
"20/06/2023","3.830","3.850","3.850","3.760","3.02K","1.32%"
"19/06/2023","3.780","3.760","3.790","3.760","3.61K","0.53%"
"16/06/2023","3.760","3.710","3.760","3.710","1.23K","-3.34%"
"15/06/2023","3.890","3.700","3.900","3.700","5.22K","4.57%"
"14/06/2023","3.720","3.800","3.800","3.720","9.25K","-2.87%"
"13/06/2023","3.830","3.830","3.830","3.830","0.00K","-0.78%"
"12/06/2023","3.860","3.730","3.880","3.700","17.09K","4.04%"
"09/06/2023","3.710","3.790","3.800","3.660","9.81K","-2.37%"
"07/06/2023","3.800","3.820","3.820","3.790","11.42K","0.26%"
"06/06/2023","3.790","3.820","3.860","3.790","7.21K","-0.79%"
"05/06/2023","3.820","3.790","3.880","3.780","15.75K","0.79%"
"02/06/2023","3.790","3.670","3.800","3.660","18.58K","2.71%"
"01/06/2023","3.690","3.690","3.690","3.690","6.75K","0.00%"
"31/05/2023","3.690","3.670","3.690","3.620","30.02K","0.82%"
"30/05/2023","3.660","3.670","3.670","3.660","4.18K","0.83%"
"29/05/2023","3.630","3.630","3.630","3.630","0.20K","-0.27%"
"26/05/2023","3.640","3.610","3.640","3.610","1.10K","0.00%"
"25/05/2023","3.640","3.600","3.640","3.600","1.44K","1.11%"
"24/05/2023","3.600","3.610","3.620","3.600","7.89K","-0.55%"
"23/05/2023","3.620","3.630","3.630","3.620","3.10K","0.28%"
"22/05/2023","3.610","3.670","3.680","3.610","2.66K","0.28%"
"19/05/2023","3.600","3.660","3.660","3.600","2.43K","-2.70%"
"18/05/2023","3.700","3.640","3.700","3.630","9.49K","0.82%"
"17/05/2023","3.670","3.640","3.690","3.600","7.80K","-0.54%"
"16/05/2023","3.690","3.690","3.690","3.670","3.29K","0.54%"
"15/05/2023","3.670","3.720","3.740","3.670","9.50K","-1.34%"
"12/05/2023","3.720","3.700","3.720","3.670","5.32K","0.54%"
"11/05/2023","3.700","3.690","3.740","3.660","4.19K","0.27%"
"10/05/2023","3.690","3.630","3.730","3.550","10.33K","1.65%"
"09/05/2023","3.630","3.590","3.630","3.590","8.31K","3.71%"
"08/05/2023","3.500","3.580","3.600","3.500","9.05K","-1.13%"
"05/05/2023","3.540","3.560","3.560","3.510","8.54K","0.28%"
"04/05/2023","3.530","3.600","3.690","3.530","8.98K","1.15%"
"02/05/2023","3.490","3.670","3.670","3.470","12.59K","-1.97%"
"28/04/2023","3.560","3.620","3.620","3.560","4.08K","0.00%"
"27/04/2023","3.560","3.540","3.630","3.490","12.37K","0.56%"
"26/04/2023","3.540","3.540","3.540","3.540","1.40K","-2.48%"
"25/04/2023","3.630","3.600","3.630","3.600","2.99K","2.54%"
"24/04/2023","3.540","3.600","3.620","3.540","16.71K","0.57%"
"21/04/2023","3.520","3.460","3.580","3.460","12.53K","2.03%"
"20/04/2023","3.450","3.500","3.500","3.450","3.95K","-1.43%"
"19/04/2023","3.500","3.500","3.500","3.480","3.50K","0.00%"
"18/04/2023","3.500","3.550","3.550","3.500","17.09K","-1.96%"
"17/04/2023","3.570","3.590","3.590","3.570","0.40K","0.56%"
"14/04/2023","3.550","3.520","3.550","3.520","0.35K","0.57%"
"13/04/2023","3.530","3.600","3.600","3.520","4.09K","-1.67%"
"12/04/2023","3.590","3.600","3.610","3.550","6.15K","-1.37%"
"11/04/2023","3.640","3.680","3.680","3.590","11.06K","1.11%"
"06/04/2023","3.600","3.590","3.680","3.580","10.33K","-1.64%"
"05/04/2023","3.660","3.560","3.670","3.560","0.36K","2.81%"
"04/04/2023","3.560","3.700","3.700","3.560","14.03K","-2.73%"
"03/04/2023","3.660","3.660","3.660","3.660","2.45K","-0.54%"
"31/03/2023","3.680","3.660","3.800","3.510","22.13K","0.55%"
"30/03/2023","3.660","3.580","3.660","3.530","7.54K","4.87%"
"29/03/2023","3.490","3.450","3.590","3.450","9.53K","-0.29%"
"28/03/2023","3.500","3.540","3.540","3.420","9.18K","-1.41%"
"27/03/2023","3.550","3.500","3.600","3.500","2.95K","1.43%"
"24/03/2023","3.500","3.530","3.540","3.500","2.66K","-0.85%"
"23/03/2023","3.530","3.440","3.530","3.420","5.83K","6.97%"
"22/03/2023","3.300","3.540","3.540","3.300","7.36K","-6.78%"
"21/03/2023","3.540","3.640","3.650","3.540","4.92K","-2.48%"
"20/03/2023","3.630","3.560","3.630","3.530","1.82K","-0.27%"
"17/03/2023","3.640","3.710","3.710","3.600","4.03K","2.54%"
"16/03/2023","3.550","3.650","3.710","3.550","6.57K","-1.93%"
"15/03/2023","3.620","3.710","3.740","3.620","12.26K","-3.21%"
"14/03/2023","3.740","3.660","3.740","3.660","1.16K","3.31%"
"13/03/2023","3.620","3.710","3.710","3.610","6.12K","-3.72%"
"10/03/2023","3.760","3.790","3.840","3.750","15.21K","0.27%"
"09/03/2023","3.750","3.800","3.800","3.740","7.30K","-1.32%"
"08/03/2023","3.800","3.780","3.800","3.700","9.60K","0.26%"
"07/03/2023","3.790","3.920","3.920","3.650","22.80K","-3.81%"
"06/03/2023","3.940","3.890","3.950","3.870","20.71K","2.07%"
"03/03/2023","3.860","3.740","3.890","3.740","39.19K","4.32%"
"02/03/2023","3.700","3.790","3.790","3.650","12.44K","0.00%"
"01/03/2023","3.700","3.560","3.770","3.560","15.05K","3.93%"
"28/02/2023","3.560","3.520","3.560","3.450","4.18K","1.14%"
"27/02/2023","3.520","3.520","3.540","3.520","2.16K","1.15%"
"24/02/2023","3.480","3.470","3.510","3.470","1.55K","-1.69%"
"22/02/2023","3.540","3.430","3.540","3.430","0.99K","1.14%"
"21/02/2023","3.500","3.450","3.500","3.410","9.41K","-0.85%"
"20/02/2023","3.530","3.530","3.530","3.440","4.66K","0.28%"
"17/02/2023","3.520","3.470","3.520","3.470","0.73K","0.00%"
"16/02/2023","3.520","3.520","3.520","3.520","1.00K","0.00%"
"15/02/2023","3.520","3.520","3.520","3.520","0.07K","0.00%"
"14/02/2023","3.520","3.520","3.520","3.520","0.45K","-1.68%"
"13/02/2023","3.580","3.510","3.580","3.500","1.33K","2.29%"
"10/02/2023","3.500","3.530","3.540","3.470","9.26K","-2.78%"
"09/02/2023","3.600","3.540","3.630","3.500","10.01K","-1.10%"
"08/02/2023","3.640","3.530","3.640","3.530","0.51K","1.11%"
"07/02/2023","3.600","3.640","3.640","3.600","0.71K","1.69%"
"06/02/2023","3.540","3.570","3.640","3.530","2.48K","-2.75%"
"03/02/2023","3.640","3.530","3.640","3.530","6.77K","0.83%"
"02/02/2023","3.610","3.690","3.700","3.610","5.24K","-0.28%"
"01/02/2023","3.620","3.570","3.680","3.570","7.68K","0.56%"
"31/01/2023","3.600","3.530","3.700","3.530","5.87K","0.00%"
"30/01/2023","3.600","3.540","3.600","3.520","5.96K","1.12%"
"27/01/2023","3.560","3.580","3.580","3.560","1.50K","0.85%"
"26/01/2023","3.530","3.650","3.650","3.530","2.95K","0.00%"
"25/01/2023","3.530","3.520","3.530","3.520","2.25K","-3.29%"
"24/01/2023","3.650","3.580","3.650","3.540","4.70K","0.00%"
"23/01/2023","3.650","3.640","3.650","3.530","1.58K","1.39%"
"20/01/2023","3.600","3.600","3.600","3.510","4.69K","1.12%"
"19/01/2023","3.560","3.650","3.650","3.560","0.91K","-2.20%"
"18/01/2023","3.640","3.670","3.670","3.610","5.04K","-0.82%"
"17/01/2023","3.670","3.700","3.700","3.600","6.89K","-1.34%"
"16/01/2023","3.720","3.700","3.770","3.600","7.30K","0.54%"
"13/01/2023","3.700","3.700","3.740","3.550","6.98K","-0.54%"
"12/01/2023","3.720","3.700","3.730","3.600","10.44K","0.00%"
"11/01/2023","3.720","3.720","3.720","3.720","0.00K","0.00%"
"10/01/2023","3.720","3.700","3.720","3.700","2.02K","0.00%"
"09/01/2023","3.720","3.700","3.750","3.650","14.60K","2.76%"
"05/01/2023","3.620","3.630","3.640","3.530","3.56K","0.56%"
"04/01/2023","3.600","3.570","3.640","3.560","14.46K","3.45%"
"03/01/2023","3.480","3.350","3.580","3.320","22.15K","3.88%"
"02/01/2023","3.350","3.200","3.450","3.200","20.82K","4.69%"
"30/12/2022","3.200","3.160","3.240","3.110","0.74K","1.27%"
"29/12/2022","3.160","3.100","3.170","3.090","6.74K","0.32%"
"28/12/2022","3.150","3.080","3.180","3.060","29.06K","-0.94%"
"27/12/2022","3.180","3.120","3.190","3.040","10.89K","0.32%"
"23/12/2022","3.170","3.200","3.200","3.120","13.31K","-0.94%"
"22/12/2022","3.200","3.260","3.260","3.140","21.18K","-2.44%"
"21/12/2022","3.280","3.250","3.290","3.250","7.16K","0.92%"
"20/12/2022","3.250","3.270","3.290","3.170","1.65K","-0.61%"
"19/12/2022","3.270","3.190","3.290","3.190","17.87K","2.83%"
"16/12/2022","3.180","3.160","3.300","3.160","10.40K","-1.24%"
"15/12/2022","3.220","3.210","3.220","3.160","8.30K","0.31%"
"14/12/2022","3.210","3.300","3.300","3.200","2.70K","-2.73%"
"13/12/2022","3.300","3.230","3.330","3.230","1.20K","-2.08%"
"12/12/2022","3.370","3.390","3.390","3.200","8.43K","-0.59%"
"09/12/2022","3.390","3.390","3.400","3.300","4.65K","0.00%"
"08/12/2022","3.390","3.380","3.390","3.370","5.69K","2.73%"
"07/12/2022","3.300","3.320","3.320","3.300","1.86K","-1.49%"
"06/12/2022","3.350","3.350","3.420","3.350","5.22K","-1.47%"
"05/12/2022","3.400","3.300","3.400","3.260","2.07K","1.80%"
"02/12/2022","3.340","3.340","3.340","3.340","1.28K","0.00%"
"01/12/2022","3.340","3.200","3.340","3.200","15.52K","3.73%"
"30/11/2022","3.220","3.260","3.260","3.220","2.22K","-0.62%"
"29/11/2022","3.240","3.250","3.250","3.240","15.26K","0.00%"
"28/11/2022","3.240","3.280","3.280","3.220","10.28K","-1.22%"
"25/11/2022","3.280","3.320","3.320","3.270","0.12K","-0.61%"
"24/11/2022","3.300","3.290","3.300","3.290","6.02K","0.30%"
"23/11/2022","3.290","3.250","3.290","3.240","3.61K","-0.30%"
"22/11/2022","3.300","3.240","3.300","3.240","2.01K","0.00%"
"21/11/2022","3.300","3.290","3.300","3.260","10.25K","0.00%"
"18/11/2022","3.300","3.280","3.300","3.250","2.18K","0.00%"
"17/11/2022","3.300","3.280","3.300","3.270","0.98K","0.61%"
"16/11/2022","3.280","3.200","3.290","3.200","5.32K","-0.30%"
"15/11/2022","3.290","3.250","3.350","3.220","2.52K","2.81%"
"14/11/2022","3.200","3.260","3.330","3.170","2.65K","-1.84%"
"10/11/2022","3.260","3.180","3.260","3.180","1.68K","2.52%"
"09/11/2022","3.180","3.180","3.180","3.180","1.50K","-2.75%"
"08/11/2022","3.270","3.330","3.330","3.100","2.05K","-2.68%"
"07/11/2022","3.360","3.160","3.360","3.100","13.44K","5.99%"
"04/11/2022","3.170","3.190","3.190","3.050","6.26K","-0.94%"
"03/11/2022","3.200","3.090","3.350","3.090","26.69K","4.58%"
"02/11/2022","3.060","3.090","3.090","3.030","5.68K","-1.61%"
"31/10/2022","3.110","3.100","3.110","3.030","7.96K","0.00%"
"28/10/2022","3.110","3.110","3.110","3.110","0.02K","-0.32%"
"27/10/2022","3.120","3.120","3.120","3.050","1.37K","0.00%"
"26/10/2022","3.120","2.900","3.120","2.900","18.66K","4.00%"
"25/10/2022","3.000","2.840","3.080","2.840","21.28K","6.01%"
"24/10/2022","2.830","2.800","2.840","2.800","1.65K","1.43%"
"21/10/2022","2.790","2.770","2.800","2.770","5.72K","0.72%"
"20/10/2022","2.770","2.770","2.770","2.770","0.04K","-0.72%"
"19/10/2022","2.790","2.660","2.790","2.660","1.00K","3.33%"
"18/10/2022","2.700","2.750","2.780","2.660","7.88K","0.00%"
"17/10/2022","2.700","2.770","2.770","2.700","9.25K","-2.88%"
"14/10/2022","2.780","2.680","2.780","2.670","1.30K","-1.77%"
"13/10/2022","2.830","2.730","2.830","2.700","2.10K","4.81%"
"12/10/2022","2.700","2.740","2.740","2.700","2.32K","-1.46%"
"11/10/2022","2.740","2.750","2.750","2.740","0.58K","3.40%"
"10/10/2022","2.650","2.750","2.750","2.650","3.73K","-4.68%"
"07/10/2022","2.780","2.700","2.780","2.700","6.93K","1.46%"
"06/10/2022","2.740","2.750","2.750","2.700","3.26K","0.37%"
"05/10/2022","2.730","2.890","2.890","2.730","7.97K","-2.50%"
"04/10/2022","2.800","2.810","2.890","2.800","7.77K","-0.71%"
"03/10/2022","2.820","2.770","2.830","2.720","1.30K","0.00%"
"30/09/2022","2.820","2.820","2.830","2.760","5.76K","2.92%"
"29/09/2022","2.740","2.830","2.830","2.740","6.99K","-3.18%"
"28/09/2022","2.830","2.820","2.840","2.710","22.66K","-0.35%"
"27/09/2022","2.840","2.840","2.840","2.840","0.95K","0.00%"
"26/09/2022","2.840","2.860","2.860","2.840","2.02K","-2.07%"
"23/09/2022","2.900","2.910","2.910","2.860","4.45K","-2.03%"
"22/09/2022","2.960","2.960","2.960","2.960","21.54K","-0.34%"
"21/09/2022","2.970","2.920","2.970","2.920","1.28K","2.06%"
"20/09/2022","2.910","2.930","2.930","2.910","5.66K","-2.68%"
"19/09/2022","2.990","3.020","3.020","2.900","4.77K","-0.99%"
"16/09/2022","3.020","3.050","3.050","2.950","1.32K","1.34%"
"15/09/2022","2.980","3.040","3.040","2.980","0.21K","0.00%"
"14/09/2022","2.980","3.010","3.010","2.980","8.98K","-2.30%"
"13/09/2022","3.050","3.110","3.140","3.010","7.28K","-0.97%"
"12/09/2022","3.080","3.080","3.080","3.070","2.79K","0.33%"
"09/09/2022","3.070","3.060","3.090","3.020","3.82K","-0.32%"
"08/09/2022","3.080","3.070","3.090","3.010","1.89K","2.67%"
"07/09/2022","3.000","3.010","3.090","2.900","5.75K","-0.66%"
"06/09/2022","3.020","3.100","3.100","3.020","0.42K","-2.89%"
"05/09/2022","3.110","3.020","3.110","3.020","1.90K","1.30%"
"02/09/2022","3.070","3.070","3.070","3.070","0.19K","0.33%"
"01/09/2022","3.060","3.060","3.060","3.060","0.50K","-1.29%"
"31/08/2022","3.100","3.100","3.100","3.100","1.49K","0.65%"
"30/08/2022","3.080","3.100","3.100","3.080","15.62K","0.98%"
"29/08/2022","3.050","3.080","3.080","3.050","5.73K","0.00%"
"26/08/2022","3.050","3.070","3.070","3.050","4.76K","-2.87%"
"25/08/2022","3.140","3.130","3.140","3.130","1.90K","1.62%"
"24/08/2022","3.090","3.090","3.090","3.090","0.01K","-2.22%"
"23/08/2022","3.160","3.090","3.160","3.090","0.02K","2.27%"
"22/08/2022","3.090","3.090","3.110","3.090","15.44K","-0.64%"
"19/08/2022","3.110","3.120","3.120","3.090","5.13K","-1.27%"
"18/08/2022","3.150","3.250","3.250","3.100","21.77K","-2.48%"
"17/08/2022","3.230","3.300","3.300","3.230","5.30K","-1.52%"
"16/08/2022","3.280","3.230","3.280","3.230","23.75K","0.92%"
"12/08/2022","3.250","3.300","3.300","3.230","28.41K","-1.52%"
"11/08/2022","3.300","3.280","3.300","3.280","0.05K","1.54%"
"10/08/2022","3.250","3.230","3.250","3.230","0.91K","0.31%"
"09/08/2022","3.240","3.230","3.240","3.230","5.40K","0.00%"
"08/08/2022","3.240","3.370","3.370","3.240","7.21K","-4.71%"
"05/08/2022","3.400","3.400","3.400","3.400","0.14K","-0.58%"
"04/08/2022","3.420","3.420","3.420","3.270","1.20K","1.48%"
"03/08/2022","3.370","3.390","3.400","3.370","1.04K","-0.30%"
"02/08/2022","3.380","3.270","3.380","3.250","2.43K","0.60%"
"01/08/2022","3.360","3.360","3.370","3.270","3.67K","-0.59%"
"29/07/2022","3.380","3.380","3.380","3.380","0.01K","4.00%"
"28/07/2022","3.250","3.260","3.260","3.250","1.73K","0.00%"
"27/07/2022","3.250","3.250","3.260","3.250","3.63K","0.00%"
"26/07/2022","3.250","3.250","3.250","3.250","0.40K","0.00%"
"25/07/2022","3.250","3.250","3.260","3.250","3.45K","0.00%"
"22/07/2022","3.250","3.280","3.290","3.250","4.68K","0.00%"
"21/07/2022","3.250","3.250","3.250","3.250","5.27K","-1.52%"
"20/07/2022","3.300","3.250","3.300","3.250","4.06K","1.54%"
"19/07/2022","3.250","3.300","3.300","3.250","10.06K","-1.22%"
"18/07/2022","3.290","3.250","3.350","3.250","13.76K","5.79%"
"15/07/2022","3.110","3.190","3.190","3.110","0.23K","-2.51%"
"14/07/2022","3.190","3.150","3.190","3.110","1.53K","0.63%"
"13/07/2022","3.170","3.170","3.170","3.140","6.91K","-1.86%"
"12/07/2022","3.230","3.200","3.230","3.200","4.20K","0.94%"
"11/07/2022","3.200","3.200","3.200","3.110","1.49K","0.00%"
"08/07/2022","3.200","3.180","3.230","3.100","3.89K","0.95%"
"07/07/2022","3.170","3.350","3.350","3.150","33.79K","-5.93%"
"06/07/2022","3.370","3.310","3.370","3.250","12.03K","0.60%"
"05/07/2022","3.350","3.330","3.350","3.280","3.76K","0.60%"
"04/07/2022","3.330","3.410","3.410","3.200","13.91K","-2.63%"
"01/07/2022","3.420","3.410","3.500","3.410","2.71K","0.00%"
"30/06/2022","3.420","3.420","3.420","3.360","0.35K","-3.39%"
"29/06/2022","3.540","3.400","3.540","3.400","6.06K","3.81%"
"28/06/2022","3.410","3.390","3.500","3.390","3.04K","-5.01%"
"27/06/2022","3.590","3.470","3.590","3.470","3.76K","5.59%"
"24/06/2022","3.400","3.480","3.480","3.330","8.90K","-2.86%"
"23/06/2022","3.500","3.380","3.500","3.380","3.30K","5.42%"
"22/06/2022","3.320","3.350","3.350","3.320","0.68K","-0.90%"
"21/06/2022","3.350","3.350","3.430","3.350","0.65K","0.00%"
"20/06/2022","3.350","3.350","3.390","3.350","1.64K","-4.01%"
"17/06/2022","3.490","3.450","3.490","3.300","1.32K","4.18%"
"15/06/2022","3.350","3.450","3.540","3.290","2.28K","-5.37%"
"14/06/2022","3.540","3.600","3.600","3.510","3.42K","0.57%"
"13/06/2022","3.520","3.590","3.630","3.510","13.09K","-3.56%"
"10/06/2022","3.650","3.730","3.730","3.590","14.14K","-2.41%"
"09/06/2022","3.740","3.650","3.740","3.650","35.38K","2.47%"
"08/06/2022","3.650","3.700","3.700","3.620","4.20K","-1.08%"
"07/06/2022","3.690","3.740","3.740","3.630","8.81K","-1.34%"
"06/06/2022","3.740","3.710","3.740","3.640","12.81K","3.31%"
"03/06/2022","3.620","3.700","3.700","3.620","3.75K","-1.09%"
"02/06/2022","3.660","3.700","3.700","3.650","9.66K","-1.08%"
"01/06/2022","3.700","3.740","3.740","3.670","5.60K","-1.07%"
"31/05/2022","3.740","3.620","3.740","3.600","33.38K","3.89%"
"30/05/2022","3.600","3.580","3.610","3.560","2.20K","1.12%"
"27/05/2022","3.560","3.510","3.560","3.510","1.80K","1.42%"
"26/05/2022","3.510","3.530","3.530","3.510","3.23K","-1.40%"
"25/05/2022","3.560","3.530","3.560","3.530","0.84K","0.85%"
"24/05/2022","3.530","3.580","3.590","3.530","0.43K","0.28%"
"23/05/2022","3.520","3.600","3.600","3.520","1.77K","-2.76%"
"20/05/2022","3.620","3.620","3.620","3.620","0.05K","3.43%"
"19/05/2022","3.500","3.540","3.540","3.500","1.38K","-1.13%"
"18/05/2022","3.540","3.560","3.630","3.540","10.14K","-0.56%"
"17/05/2022","3.560","3.570","3.570","3.500","1.85K","-0.84%"
"16/05/2022","3.590","3.530","3.630","3.490","5.50K","1.70%"
"13/05/2022","3.530","3.420","3.560","3.390","17.00K","3.82%"
"12/05/2022","3.400","3.590","3.590","3.400","10.54K","-5.56%"
"11/05/2022","3.600","3.550","3.600","3.500","4.98K","1.41%"
"10/05/2022","3.550","3.500","3.590","3.400","4.53K","1.43%"
"09/05/2022","3.500","3.460","3.540","3.460","3.13K","1.16%"
"06/05/2022","3.460","3.630","3.630","3.330","24.66K","-4.95%"
"05/05/2022","3.640","3.680","3.690","3.600","8.02K","1.11%"
"04/05/2022","3.600","3.700","3.700","3.600","1.53K","-2.70%"
"02/05/2022","3.700","3.750","3.750","3.520","15.54K","-1.33%"
"29/04/2022","3.750","3.770","3.770","3.680","3.34K","2.18%"
"28/04/2022","3.670","3.780","3.780","3.660","16.97K","-3.17%"
"27/04/2022","3.790","3.740","3.790","3.740","3.32K","0.00%"
"26/04/2022","3.790","3.810","3.810","3.660","4.56K","0.26%"
"25/04/2022","3.780","3.840","3.840","3.600","15.32K","-1.56%"
"22/04/2022","3.840","3.880","3.880","3.740","6.49K","2.13%"
"21/04/2022","3.760","3.800","3.800","3.730","12.63K","-1.57%"
"20/04/2022","3.820","3.900","3.940","3.820","10.19K","-1.29%"
"19/04/2022","3.870","3.950","3.960","3.820","21.12K","-1.28%"
"14/04/2022","3.920","3.900","4.000","3.900","16.42K","-0.25%"
"13/04/2022","3.930","3.890","3.940","3.840","9.11K","2.08%"
"12/04/2022","3.850","3.850","3.900","3.850","1.72K","-0.52%"
"11/04/2022","3.870","3.800","3.880","3.800","6.93K","1.84%"
"08/04/2022","3.800","3.730","3.880","3.710","10.64K","1.88%"
"07/04/2022","3.730","3.730","3.730","3.700","14.20K","0.81%"
"06/04/2022","3.700","3.850","3.850","3.660","16.54K","-3.90%"
"05/04/2022","3.850","3.850","3.900","3.800","11.04K","-0.26%"
"04/04/2022","3.860","3.780","3.900","3.720","26.16K","0.52%"
"01/04/2022","3.840","3.850","3.850","3.780","9.44K","-0.26%"
"31/03/2022","3.850","3.880","3.940","3.850","11.91K","-0.77%"
"30/03/2022","3.880","3.880","3.930","3.820","7.03K","1.57%"
"29/03/2022","3.820","3.700","3.900","3.630","44.69K","3.24%"
"28/03/2022","3.700","3.650","3.700","3.610","3.19K","2.78%"
"25/03/2022","3.600","3.660","3.670","3.600","2.08K","-1.91%"
"24/03/2022","3.670","3.740","3.740","3.600","17.09K","0.82%"
"23/03/2022","3.640","3.530","3.760","3.480","69.03K","3.41%"
"22/03/2022","3.520","3.490","3.550","3.490","5.33K","0.86%"
"21/03/2022","3.490","3.450","3.500","3.350","15.26K","5.76%"
"18/03/2022","3.300","3.500","3.510","3.300","11.38K","-5.71%"
"17/03/2022","3.500","3.400","3.550","3.400","6.37K","2.94%"
"16/03/2022","3.400","3.250","3.400","3.200","5.40K","1.19%"
"15/03/2022","3.360","3.510","3.520","3.190","26.08K","-5.88%"
"14/03/2022","3.570","3.510","3.580","3.510","1.65K","1.71%"
"11/03/2022","3.510","3.440","3.590","3.440","9.33K","2.03%"
"10/03/2022","3.440","3.370","3.490","3.190","26.72K","5.52%"
"09/03/2022","3.260","3.300","3.370","3.170","6.58K","-0.61%"
"08/03/2022","3.280","3.070","3.600","3.040","23.15K","3.80%"
"07/03/2022","3.160","3.150","3.160","3.020","14.62K","-1.25%"
"04/03/2022","3.200","3.220","3.220","3.130","3.86K","-0.62%"
"03/03/2022","3.220","3.220","3.320","3.080","3.97K","0.00%"
"02/03/2022","3.220","3.280","3.280","3.100","38.13K","0.62%"
"01/03/2022","3.200","3.380","3.380","3.150","10.71K","-4.19%"
"28/02/2022","3.340","3.100","3.380","3.100","19.64K","6.37%"
"25/02/2022","3.140","3.050","3.250","3.050","61.88K","1.29%"
"24/02/2022","3.100","3.390","3.390","2.700","206.17K","-11.68%"
"23/02/2022","3.510","3.600","3.640","3.510","15.88K","-2.50%"
"22/02/2022","3.600","3.530","3.600","3.420","21.76K","-1.37%"
"21/02/2022","3.650","3.700","3.760","3.550","13.90K","-3.44%"
"18/02/2022","3.780","3.700","3.790","3.700","6.85K","-0.53%"
"17/02/2022","3.800","3.690","3.800","3.680","6.22K","0.80%"
"16/02/2022","3.770","3.760","3.890","3.730","26.47K","0.80%"
"15/02/2022","3.740","3.760","3.760","3.670","13.26K","1.91%"
"14/02/2022","3.670","3.750","3.830","3.620","8.34K","-4.43%"
"11/02/2022","3.840","3.690","3.870","3.670","17.73K","4.63%"
"10/02/2022","3.670","3.610","3.670","3.610","1.99K","0.00%"
"09/02/2022","3.670","3.640","3.670","3.640","7.15K","2.23%"
"08/02/2022","3.590","3.650","3.690","3.560","12.36K","-1.64%"
"07/02/2022","3.650","3.650","3.650","3.630","5.95K","0.83%"
"04/02/2022","3.620","3.640","3.650","3.610","6.65K","0.28%"
"03/02/2022","3.610","3.610","3.620","3.610","15.62K","0.28%"
"02/02/2022","3.600","3.640","3.670","3.600","18.05K","-0.55%"
"01/02/2022","3.620","3.670","3.670","3.620","13.81K","0.84%"
"31/01/2022","3.590","3.590","3.650","3.590","9.45K","-0.83%"
"28/01/2022","3.620","3.610","3.640","3.570","31.03K","0.28%"
"27/01/2022","3.610","3.600","3.670","3.540","34.42K","0.28%"
"26/01/2022","3.600","3.550","3.680","3.550","43.87K","1.41%"
"25/01/2022","3.550","3.680","3.680","3.500","41.12K","-0.56%"
"24/01/2022","3.570","3.900","3.940","3.550","85.34K","-8.93%"
"21/01/2022","3.920","3.950","3.950","3.910","24.01K","-0.25%"
"20/01/2022","3.930","3.970","4.010","3.920","19.36K","-0.76%"
"19/01/2022","3.960","3.960","4.050","3.960","9.32K","-1.25%"
"18/01/2022","4.010","4.140","4.140","3.990","26.47K","-1.47%"
"17/01/2022","4.070","4.010","4.070","4.000","19.02K","0.74%"
"14/01/2022","4.040","4.070","4.070","4.030","4.04K","-0.98%"
"13/01/2022","4.080","4.040","4.120","4.040","14.48K","1.49%"
"12/01/2022","4.020","4.120","4.120","4.020","13.03K","-2.19%"
"11/01/2022","4.110","4.060","4.160","4.060","6.31K","-1.20%"
"10/01/2022","4.160","4.080","4.170","4.000","17.06K","1.96%"
"07/01/2022","4.080","4.170","4.190","4.060","15.96K","-2.39%"
"05/01/2022","4.180","4.150","4.250","4.150","7.07K","0.72%"
"04/01/2022","4.150","4.250","4.320","3.950","43.11K","-1.19%"
"03/01/2022","4.200","4.080","4.250","4.070","29.84K","2.44%"
"30/12/2021","4.100","4.100","4.100","4.080","4.94K","0.00%"
"29/12/2021","4.100","4.000","4.150","4.000","13.19K","0.49%"
"28/12/2021","4.080","4.020","4.120","4.010","110.47K","-0.73%"
"27/12/2021","4.110","4.110","4.110","3.970","61.88K","1.48%"
"23/12/2021","4.050","4.090","4.140","4.030","43.08K","-1.22%"
"22/12/2021","4.100","4.000","4.120","3.960","74.18K","1.49%"
"21/12/2021","4.040","4.060","4.140","4.010","34.52K","-2.18%"
"20/12/2021","4.130","4.010","4.140","4.000","22.25K","2.99%"
"17/12/2021","4.010","4.140","4.150","4.000","2.40K","-3.14%"
"16/12/2021","4.140","4.060","4.150","4.060","4.99K","1.97%"
"15/12/2021","4.060","4.050","4.160","3.970","108.90K","1.00%"
"14/12/2021","4.020","4.100","4.100","3.950","24.35K","-1.47%"
"13/12/2021","4.080","3.950","4.100","3.940","31.50K","3.03%"
"10/12/2021","3.960","4.010","4.010","3.910","6.54K","0.00%"
"09/12/2021","3.960","3.990","3.990","3.960","9.25K","-1.49%"
"08/12/2021","4.020","4.090","4.100","4.010","4.20K","-1.95%"
"07/12/2021","4.100","4.050","4.100","3.980","33.09K","1.23%"
"06/12/2021","4.050","4.040","4.160","3.970","59.33K","-2.64%"
"03/12/2021","4.160","4.150","4.160","4.010","12.70K","2.97%"
"02/12/2021","4.040","4.150","4.170","4.040","3.58K","-3.12%"
"01/12/2021","4.170","4.000","4.170","4.000","0.90K","2.71%"
"30/11/2021","4.060","4.020","4.060","4.020","5.45K","-0.49%"
"29/11/2021","4.080","4.010","4.120","4.000","30.64K","1.49%"
"26/11/2021","4.020","4.030","4.130","3.960","22.25K","-1.47%"
"25/11/2021","4.080","4.200","4.200","4.060","5.76K","-3.09%"
"24/11/2021","4.210","4.200","4.260","4.100","11.62K","0.48%"
"23/11/2021","4.190","4.110","4.200","4.100","6.38K","0.24%"
"22/11/2021","4.180","4.130","4.200","4.100","15.41K","1.21%"
"19/11/2021","4.130","4.230","4.290","4.120","25.06K","-2.36%"
"18/11/2021","4.230","4.350","4.350","4.150","17.67K","0.00%"
"17/11/2021","4.230","4.300","4.370","4.130","52.71K","-3.20%"
"16/11/2021","4.370","4.270","4.380","4.250","15.95K","3.07%"
"15/11/2021","4.240","4.380","4.440","4.200","30.39K","-5.15%"
"12/11/2021","4.470","4.400","4.540","4.310","23.76K","1.59%"
"10/11/2021","4.400","4.510","4.540","4.340","9.57K","1.15%"
"09/11/2021","4.350","4.560","4.560","4.320","13.23K","-2.68%"
"08/11/2021","4.470","4.440","4.570","4.440","32.26K","0.68%"
"05/11/2021","4.440","4.380","4.490","4.380","24.30K","1.83%"
"04/11/2021","4.360","4.360","4.440","4.310","47.61K","0.69%"
"03/11/2021","4.330","4.210","4.400","4.210","37.09K","4.09%"
"02/11/2021","4.160","4.040","4.240","4.040","61.62K","3.48%"
"29/10/2021","4.020","4.060","4.200","3.950","91.94K","-0.50%"
"28/10/2021","4.040","4.150","4.170","4.030","52.82K","-3.12%"
"27/10/2021","4.170","4.180","4.280","4.150","34.70K","-1.88%"
"26/10/2021","4.250","4.230","4.270","4.140","20.45K","0.47%"
"25/10/2021","4.230","4.300","4.320","4.230","16.75K","-1.63%"
"22/10/2021","4.300","4.340","4.380","4.300","18.65K","-0.92%"
"21/10/2021","4.340","4.440","4.440","4.300","5.55K","-1.36%"
"20/10/2021","4.400","4.440","4.440","4.300","27.01K","-0.90%"
"19/10/2021","4.440","4.450","4.500","4.350","20.75K","1.37%"
"18/10/2021","4.380","4.400","4.450","4.230","4.99K","-0.45%"
"15/10/2021","4.400","4.450","4.450","4.300","12.83K","0.23%"
"14/10/2021","4.390","4.460","4.500","4.390","14.39K","-1.57%"
"13/10/2021","4.460","4.400","4.510","4.400","11.77K","1.36%"
"12/10/2021","4.400","4.460","4.530","4.340","20.71K","-0.23%"
"11/10/2021","4.410","4.500","4.500","4.400","18.99K","0.00%"
"08/10/2021","4.410","4.420","4.500","4.400","26.56K","0.68%"
"07/10/2021","4.380","4.280","4.400","4.220","8.78K","3.06%"
"06/10/2021","4.250","4.310","4.310","4.200","17.24K","-1.39%"
"05/10/2021","4.310","4.310","4.420","4.270","22.54K","1.17%"
"04/10/2021","4.260","4.190","4.300","4.160","21.31K","1.67%"
"01/10/2021","4.190","4.110","4.220","4.100","41.97K","-0.24%"
"30/09/2021","4.200","4.280","4.280","4.100","69.56K","-2.55%"
"29/09/2021","4.310","4.300","4.340","4.300","28.86K","-0.69%"
"28/09/2021","4.340","4.330","4.450","4.300","23.95K","0.23%"
"27/09/2021","4.330","4.400","4.410","4.310","13.26K","-1.59%"
"24/09/2021","4.400","4.480","4.550","4.400","8.21K","-0.68%"
"23/09/2021","4.430","4.510","4.670","4.430","15.66K","0.00%"
"22/09/2021","4.430","4.450","4.470","4.420","19.03K","0.68%"
"21/09/2021","4.400","4.370","4.500","4.360","29.22K","0.69%"
"20/09/2021","4.370","4.670","4.750","4.160","201.94K","-5.41%"
"17/09/2021","4.620","4.700","4.700","4.620","11.55K","-1.70%"
"16/09/2021","4.700","4.670","4.700","4.560","35.14K","1.51%"
"15/09/2021","4.630","4.680","4.680","4.630","12.19K","-1.07%"
"14/09/2021","4.680","4.720","4.740","4.630","70.51K","-0.85%"
"13/09/2021","4.720","4.880","4.880","4.700","44.33K","-3.28%"
"10/09/2021","4.880","4.890","4.890","4.820","8.21K","-0.41%"
"09/09/2021","4.900","4.950","4.950","4.810","7.84K","-0.61%"
"08/09/2021","4.930","4.820","4.990","4.820","11.54K","0.41%"
"07/09/2021","4.910","4.760","4.960","4.750","15.64K","2.29%"
"06/09/2021","4.800","4.890","4.890","4.800","7.02K","-1.84%"
"03/09/2021","4.890","4.900","4.910","4.880","7.14K","-1.41%"
"02/09/2021","4.960","4.980","4.980","4.890","9.41K","1.64%"
"01/09/2021","4.880","4.900","5.000","4.880","26.96K","-0.81%"
"31/08/2021","4.920","4.930","4.930","4.800","18.21K","-0.20%"
"30/08/2021","4.930","4.800","4.950","4.710","71.93K","6.48%"
"27/08/2021","4.630","4.700","4.710","4.630","8.47K","-0.22%"
"26/08/2021","4.640","4.680","4.730","4.640","4.91K","-0.43%"
"25/08/2021","4.660","4.690","4.690","4.610","10.14K","-1.27%"
"24/08/2021","4.720","4.730","4.730","4.650","3.33K","0.43%"
"23/08/2021","4.700","4.630","4.730","4.560","29.23K","1.51%"
"20/08/2021","4.630","4.630","4.630","4.600","12.38K","0.65%"
"19/08/2021","4.600","4.660","4.770","4.600","21.32K","-1.50%"
"18/08/2021","4.670","4.750","4.800","4.660","17.66K","-0.64%"
"17/08/2021","4.700","4.700","4.700","4.660","42.98K","0.86%"
"16/08/2021","4.660","4.680","4.700","4.600","11.66K","-0.85%"
"13/08/2021","4.700","4.700","4.700","4.650","71.83K","0.43%"
"12/08/2021","4.680","4.710","4.710","4.630","8.58K","0.00%"
"11/08/2021","4.680","4.700","4.740","4.640","6.28K","0.43%"
"10/08/2021","4.660","4.730","4.830","4.660","20.06K","-1.89%"
"09/08/2021","4.750","4.920","4.980","4.550","109.23K","-3.46%"
"06/08/2021","4.920","4.980","4.980","4.910","4.00K","-1.20%"
"05/08/2021","4.980","5.000","5.000","4.900","4.87K","0.00%"
"04/08/2021","4.980","4.800","5.100","4.800","27.16K","3.97%"
"03/08/2021","4.790","4.720","4.790","4.700","6.23K","1.48%"
"02/08/2021","4.720","4.680","4.780","4.680","13.43K","1.72%"
"30/07/2021","4.640","4.670","4.670","4.540","10.05K","-0.64%"
"29/07/2021","4.670","4.700","4.700","4.540","16.90K","-0.64%"
"28/07/2021","4.700","4.530","4.780","4.530","9.00K","3.98%"
"27/07/2021","4.520","4.650","4.650","4.520","14.15K","-2.80%"
"26/07/2021","4.650","4.710","4.800","4.620","19.47K","-1.06%"
"23/07/2021","4.700","4.550","4.790","4.550","82.66K","4.21%"
"22/07/2021","4.510","4.440","4.600","4.440","22.76K","1.58%"
"21/07/2021","4.440","4.470","4.480","4.320","102.29K","-0.22%"
"20/07/2021","4.450","4.650","4.740","4.340","106.70K","-4.51%"
"19/07/2021","4.660","4.910","4.920","4.620","46.01K","-4.90%"
"16/07/2021","4.900","4.900","4.930","4.860","8.53K","0.00%"
"15/07/2021","4.900","4.900","5.160","4.850","32.76K","0.00%"
"14/07/2021","4.900","4.900","4.950","4.900","22.00K","-1.01%"
"13/07/2021","4.950","4.850","4.950","4.810","12.14K","2.06%"
"12/07/2021","4.850","4.850","4.900","4.850","8.13K","-0.21%"
"09/07/2021","4.860","4.920","4.950","4.810","20.94K","-1.42%"
"08/07/2021","4.930","5.020","5.040","4.930","18.09K","-1.40%"
"07/07/2021","5.000","5.040","5.060","4.950","11.97K","-1.19%"
"06/07/2021","5.060","5.080","5.100","5.060","3.38K","-0.78%"
"05/07/2021","5.100","5.100","5.160","5.040","11.64K","0.00%"
"02/07/2021","5.100","5.180","5.180","5.080","7.74K","-1.16%"
"01/07/2021","5.160","5.060","5.160","5.040","15.42K","1.98%"
"30/06/2021","5.060","5.100","5.160","5.020","15.96K","-0.78%"
"29/06/2021","5.100","5.060","5.200","5.060","12.22K","-1.16%"
"28/06/2021","5.160","5.100","5.180","5.060","13.93K","-0.39%"
"25/06/2021","5.180","5.080","5.200","5.040","17.88K","1.97%"
"24/06/2021","5.080","5.020","5.160","5.020","18.59K","1.20%"
"23/06/2021","5.020","5.180","5.180","5.000","24.44K","-2.71%"
"22/06/2021","5.160","5.160","5.260","5.080","52.87K","1.98%"
"21/06/2021","5.060","5.020","5.060","4.950","26.28K","0.00%"
"18/06/2021","5.060","5.100","5.100","5.060","8.52K","-0.39%"
"17/06/2021","5.080","5.160","5.160","5.060","20.68K","-1.55%"
"16/06/2021","5.160","5.180","5.180","5.140","18.44K","-0.39%"
"15/06/2021","5.180","5.200","5.240","5.160","15.68K","-1.15%"
"14/06/2021","5.240","5.260","5.300","5.160","49.42K","1.16%"
"11/06/2021","5.180","5.140","5.240","5.140","66.94K","0.00%"
"10/06/2021","5.180","5.220","5.240","5.140","31.44K","-0.38%"
"09/06/2021","5.200","5.160","5.220","5.060","59.94K","0.78%"
"08/06/2021","5.160","5.180","5.220","5.140","10.39K","-0.39%"
"07/06/2021","5.180","5.240","5.260","5.160","26.90K","-1.52%"
"04/06/2021","5.260","4.980","5.300","4.980","124.09K","5.41%"
"02/06/2021","4.990","4.870","5.000","4.870","27.14K","2.46%"
"01/06/2021","4.870","4.900","4.970","4.840","36.50K","-1.22%"
"31/05/2021","4.930","4.900","4.990","4.900","21.31K","-1.00%"
"28/05/2021","4.980","4.970","4.990","4.900","16.74K","0.40%"
"27/05/2021","4.960","4.970","4.970","4.810","32.22K","2.06%"
"26/05/2021","4.860","5.080","5.080","4.820","88.34K","-4.33%"
"25/05/2021","5.080","5.100","5.120","5.020","13.59K","0.79%"
"24/05/2021","5.040","5.040","5.100","5.040","15.09K","0.00%"
"21/05/2021","5.040","5.000","5.160","5.000","17.30K","1.20%"
"20/05/2021","4.980","5.000","5.000","4.900","13.25K","-0.40%"
"19/05/2021","5.000","5.000","5.260","4.940","28.26K","0.81%"
"18/05/2021","4.960","5.160","5.180","4.930","115.47K","-4.62%"
"17/05/2021","5.200","5.300","5.380","5.200","32.23K","0.00%"
"14/05/2021","5.200","5.140","5.420","5.100","57.24K","1.56%"
"13/05/2021","5.120","5.140","5.140","5.080","8.25K","-0.39%"
"12/05/2021","5.140","5.080","5.140","5.080","20.70K","0.39%"
"11/05/2021","5.120","5.100","5.120","5.080","27.02K","-1.54%"
"10/05/2021","5.200","5.220","5.220","5.120","21.79K","0.00%"
"07/05/2021","5.200","5.200","5.240","5.160","22.69K","0.00%"
"06/05/2021","5.200","5.200","5.260","5.200","146.54K","-0.38%"
"05/05/2021","5.220","5.280","5.280","5.140","19.75K","0.77%"
"04/05/2021","5.180","5.180","5.260","5.020","57.71K","0.00%"
"30/04/2021","5.180","5.180","5.180","5.080","138.01K","1.57%"
"29/04/2021","5.100","5.100","5.180","5.080","26.11K","0.00%"
"28/04/2021","5.100","4.980","5.160","4.980","355.77K","2.00%"
"27/04/2021","5.000","5.020","5.040","4.960","43.74K","-0.40%"
"26/04/2021","5.020","5.140","5.140","4.950","32.63K","-1.95%"
"23/04/2021","5.120","5.060","5.120","4.980","26.91K","1.19%"
"22/04/2021","5.060","5.080","5.140","4.990","27.28K","1.61%"
"21/04/2021","4.980","4.950","5.080","4.730","67.08K","1.43%"
"20/04/2021","4.910","5.060","5.100","4.610","130.69K","-2.58%"
"19/04/2021","5.040","5.080","5.100","5.040","21.48K","-0.79%"
"16/04/2021","5.080","5.120","5.120","5.040","21.14K","0.00%"
"15/04/2021","5.080","5.200","5.220","5.040","77.90K","-0.39%"
"14/04/2021","5.100","5.260","5.280","5.060","75.28K","-2.67%"
"13/04/2021","5.240","5.260","5.300","5.200","47.55K","0.00%"
"12/04/2021","5.240","5.140","5.240","5.080","58.97K","2.75%"
"09/04/2021","5.100","5.120","5.180","5.060","34.00K","0.00%"
"08/04/2021","5.100","5.020","5.180","5.000","302.30K","3.66%"
"07/04/2021","4.920","5.080","5.120","4.920","47.83K","-2.38%"
"06/04/2021","5.040","5.000","5.100","4.960","156.58K","1.41%"
"01/04/2021","4.970","4.950","5.040","4.880","95.36K","1.64%"
"31/03/2021","4.890","5.080","5.120","4.860","108.09K","-3.74%"
"30/03/2021","5.080","5.180","5.320","5.040","178.19K","-2.31%"
"29/03/2021","5.200","4.970","5.200","4.880","211.86K","4.84%"
"26/03/2021","4.960","4.950","4.970","4.900","37.31K","1.22%"
"25/03/2021","4.900","4.970","4.970","4.860","50.24K","0.62%"
"24/03/2021","4.870","5.000","5.020","4.820","127.18K","-2.01%"
"23/03/2021","4.970","4.870","4.990","4.720","80.89K","2.69%"
"22/03/2021","4.840","4.750","4.950","4.690","53.12K","1.89%"
"19/03/2021","4.750","4.760","4.760","4.660","17.70K","0.00%"
"18/03/2021","4.750","4.680","4.780","4.650","18.68K","1.50%"
"17/03/2021","4.680","4.800","4.800","4.540","40.42K","-2.50%"
"16/03/2021","4.800","4.750","4.830","4.710","14.55K","1.27%"
"15/03/2021","4.740","4.770","4.780","4.680","95.63K","1.50%"
"12/03/2021","4.670","4.700","4.740","4.650","8.59K","-0.64%"
"11/03/2021","4.700","4.690","4.750","4.690","27.00K","0.43%"
"10/03/2021","4.680","4.670","4.750","4.550","32.55K","1.74%"
"09/03/2021","4.600","4.700","4.810","4.580","47.81K","0.22%"
"08/03/2021","4.590","4.700","4.700","4.420","50.77K","0.66%"
"05/03/2021","4.560","4.680","4.720","4.520","38.86K","-1.94%"
"04/03/2021","4.650","4.720","4.760","4.610","19.13K","-2.31%"
"03/03/2021","4.760","4.890","4.890","4.760","24.66K","-0.63%"
"02/03/2021","4.790","4.860","4.990","4.720","47.23K","1.91%"
"01/03/2021","4.700","4.510","4.730","4.510","18.96K","3.98%"
"26/02/2021","4.520","4.550","4.610","4.480","38.19K","-3.42%"
"25/02/2021","4.680","4.690","4.800","4.600","20.82K","1.52%"
"24/02/2021","4.610","4.400","4.610","4.400","34.31K","3.83%"
"23/02/2021","4.440","4.660","4.660","4.320","82.15K","-3.69%"
"22/02/2021","4.610","4.700","4.740","4.540","43.03K","-1.91%"
"19/02/2021","4.700","4.700","4.740","4.540","67.81K","0.00%"
"18/02/2021","4.700","4.880","4.880","4.630","125.23K","-3.09%"
"17/02/2021","4.850","4.900","4.980","4.800","48.01K","-1.02%"
"16/02/2021","4.900","4.920","5.080","4.900","184.40K","1.24%"
"15/02/2021","4.840","4.710","4.900","4.710","76.08K","4.09%"
"12/02/2021","4.650","4.700","4.780","4.620","59.43K","-1.06%"
"11/02/2021","4.700","4.430","4.700","4.430","109.87K","6.09%"
"10/02/2021","4.430","4.490","4.520","4.420","25.06K","-0.45%"
"09/02/2021","4.450","4.400","4.500","4.400","20.03K","1.14%"
"08/02/2021","4.400","4.380","4.490","4.280","64.53K","1.85%"
"05/02/2021","4.320","4.240","4.400","4.240","69.80K","2.37%"
"04/02/2021","4.220","4.360","4.420","4.220","40.83K","-2.99%"
"03/02/2021","4.350","4.260","4.560","4.250","118.02K","2.35%"
"02/02/2021","4.250","4.300","4.350","4.210","65.28K","-1.16%"
"01/02/2021","4.300","4.310","4.390","4.250","34.03K","0.47%"
"29/01/2021","4.280","4.310","4.310","4.220","18.41K","1.42%"
"28/01/2021","4.220","4.200","4.350","4.170","62.32K","0.00%"
"27/01/2021","4.220","4.500","4.600","4.210","95.50K","-2.99%"
"26/01/2021","4.350","4.150","4.500","4.140","90.97K","4.07%"
"25/01/2021","4.180","4.190","4.200","4.110","50.11K","-0.24%"
"22/01/2021","4.190","4.250","4.250","3.940","125.41K","-4.12%"
"21/01/2021","4.370","4.510","4.590","4.370","39.71K","-2.02%"
"20/01/2021","4.460","4.260","4.620","4.260","124.12K","5.69%"
"19/01/2021","4.220","4.150","4.250","4.150","46.28K","1.93%"
"18/01/2021","4.140","4.110","4.190","4.000","17.61K","2.99%"
"15/01/2021","4.020","4.140","4.200","3.900","42.03K","-2.90%"
"14/01/2021","4.140","4.140","4.210","4.130","8.64K","0.73%"
"13/01/2021","4.110","4.150","4.250","4.100","32.65K","-0.24%"
"12/01/2021","4.120","4.150","4.230","4.100","38.02K","0.00%"
"11/01/2021","4.120","3.990","4.290","3.990","165.85K","3.52%"
"08/01/2021","3.980","3.980","3.980","3.850","50.52K","1.02%"
"07/01/2021","3.940","3.900","3.980","3.900","79.87K","3.14%"
"05/01/2021","3.820","3.760","3.940","3.750","98.55K","1.87%"
"04/01/2021","3.750","3.700","3.760","3.660","50.53K","2.46%"
"30/12/2020","3.660","3.590","3.680","3.560","65.71K","3.10%"
"29/12/2020","3.550","3.460","3.600","3.460","63.96K","5.65%"
"28/12/2020","3.360","3.280","3.410","3.280","61.24K","1.20%"
"23/12/2020","3.320","3.400","3.400","3.260","17.83K","-2.35%"
"22/12/2020","3.400","3.260","3.400","3.260","23.96K","4.62%"
"21/12/2020","3.250","3.250","3.440","3.230","26.61K","-1.52%"
"18/12/2020","3.300","3.330","3.330","3.230","23.40K","-0.90%"
"17/12/2020","3.330","3.380","3.450","3.320","44.59K","-1.48%"
"16/12/2020","3.380","3.400","3.410","3.330","15.07K","-0.29%"
"15/12/2020","3.390","3.410","3.420","3.330","14.39K","-0.88%"
"14/12/2020","3.420","3.400","3.420","3.400","2.50K","0.59%"
"11/12/2020","3.400","3.400","3.440","3.320","13.81K","-1.16%"
"10/12/2020","3.440","3.410","3.490","3.380","22.53K","-1.43%"
"09/12/2020","3.490","3.420","3.550","3.360","36.45K","2.05%"
"08/12/2020","3.420","3.400","3.420","3.320","28.42K","3.64%"
"07/12/2020","3.300","3.160","3.410","3.030","91.38K","4.43%"
"04/12/2020","3.160","3.140","3.180","3.110","23.35K","0.64%"
"03/12/2020","3.140","3.140","3.190","3.130","1.56K","0.32%"
"02/12/2020","3.130","3.090","3.220","3.090","22.04K","0.97%"
"01/12/2020","3.100","3.130","3.200","3.100","18.09K","-0.32%"
"30/11/2020","3.110","3.100","3.120","3.090","5.15K","-0.32%"
"27/11/2020","3.120","3.130","3.130","3.120","4.69K","0.65%"
"26/11/2020","3.100","3.180","3.180","3.100","9.65K","-2.52%"
"25/11/2020","3.180","3.220","3.220","3.150","24.76K","0.00%"
"24/11/2020","3.180","3.180","3.280","3.170","17.92K","1.27%"
"23/11/2020","3.140","3.090","3.180","3.080","32.27K","1.95%"
"20/11/2020","3.080","3.100","3.130","3.080","11.03K","-0.65%"
"19/11/2020","3.100","3.170","3.170","3.100","8.78K","-1.59%"
"18/11/2020","3.150","3.100","3.150","3.100","14.03K","1.61%"
"17/11/2020","3.100","3.110","3.180","3.100","23.42K","-1.59%"
"16/11/2020","3.150","3.240","3.240","3.150","20.01K","-2.78%"
"13/11/2020","3.240","3.200","3.240","3.200","3.21K","0.00%"
"12/11/2020","3.240","3.280","3.280","3.220","8.26K","-1.52%"
"10/11/2020","3.290","3.190","3.290","3.060","41.32K","5.45%"
"09/11/2020","3.120","2.960","3.230","2.900","50.92K","5.05%"
"06/11/2020","2.970","2.920","2.970","2.910","21.43K","1.37%"
"05/11/2020","2.930","2.930","3.000","2.920","22.71K","1.03%"
"04/11/2020","2.900","2.910","2.910","2.900","6.50K","-0.34%"
"03/11/2020","2.910","2.820","2.950","2.820","29.18K","3.56%"
"02/11/2020","2.810","2.820","2.870","2.640","62.41K","-0.35%"
"30/10/2020","2.820","2.800","2.820","2.760","41.03K","0.71%"
"29/10/2020","2.800","2.800","2.800","2.700","48.60K","-0.71%"
"28/10/2020","2.820","3.170","3.170","2.800","143.44K","-11.32%"
"27/10/2020","3.180","3.290","3.340","3.040","31.44K","-2.15%"
"26/10/2020","3.250","3.380","3.380","3.250","79.23K","-3.27%"
"23/10/2020","3.360","3.310","3.390","3.300","5.92K","1.20%"
"22/10/2020","3.320","3.310","3.370","3.310","1.86K","-2.06%"
"21/10/2020","3.390","3.390","3.400","3.300","50.96K","-0.29%"
"20/10/2020","3.400","3.440","3.440","3.350","35.80K","-1.45%"
"19/10/2020","3.450","3.350","3.540","3.350","23.80K","0.88%"
"16/10/2020","3.420","3.400","3.440","3.320","39.74K","0.29%"
"15/10/2020","3.410","3.620","3.620","3.300","54.70K","-5.80%"
"14/10/2020","3.620","3.600","3.750","3.460","60.10K","0.56%"
"13/10/2020","3.600","3.470","3.600","3.460","31.89K","3.15%"
"12/10/2020","3.490","3.500","3.500","3.430","9.90K","-0.29%"
"09/10/2020","3.500","3.400","3.500","3.400","48.87K","0.00%"
"08/10/2020","3.500","3.470","3.650","3.390","544.22K","1.74%"
"07/10/2020","3.440","3.420","3.440","3.360","26.44K","-1.43%"
"06/10/2020","3.490","3.490","3.520","3.350","37.44K","1.75%"
"05/10/2020","3.430","3.520","3.520","3.410","11.95K","-2.00%"
"02/10/2020","3.500","3.440","3.600","3.340","32.80K","0.00%"
"01/10/2020","3.500","3.430","3.540","3.420","5.60K","0.57%"
"30/09/2020","3.480","3.490","3.490","3.420","5.07K","-0.57%"
"29/09/2020","3.500","3.540","3.540","3.450","5.24K","-0.28%"
"28/09/2020","3.510","3.490","3.550","3.300","27.58K","0.57%"
"25/09/2020","3.490","3.480","3.500","3.380","7.54K","0.29%"
"24/09/2020","3.480","3.450","3.500","3.430","6.22K","-0.85%"
"23/09/2020","3.510","3.650","3.650","3.500","8.93K","-3.84%"
"22/09/2020","3.650","3.480","3.680","3.420","37.65K","4.29%"
"21/09/2020","3.500","3.710","3.710","3.340","58.69K","-4.11%"
"18/09/2020","3.650","3.700","3.700","3.650","6.74K","-1.35%"
"17/09/2020","3.700","3.630","3.700","3.620","10.24K","1.09%"
"16/09/2020","3.660","3.720","3.720","3.620","10.38K","-0.81%"
"15/09/2020","3.690","3.680","3.710","3.680","4.11K","-0.81%"
"14/09/2020","3.720","3.740","3.840","3.680","22.61K","1.09%"
"11/09/2020","3.680","3.670","3.700","3.670","5.63K","2.22%"
"10/09/2020","3.600","3.680","3.680","3.530","7.52K","-0.28%"
"09/09/2020","3.610","3.600","3.710","3.510","9.98K","0.84%"
"08/09/2020","3.580","3.580","3.580","3.510","111.07K","-1.92%"
"07/09/2020","3.650","3.690","3.690","3.600","68.08K","-1.08%"
"04/09/2020","3.690","3.670","3.750","3.550","57.39K","-0.27%"
"03/09/2020","3.700","3.620","3.880","3.620","103.27K","2.78%"
"02/09/2020","3.600","3.460","3.620","3.420","54.56K","3.15%"
"01/09/2020","3.490","3.650","3.650","3.410","34.95K","-3.06%"
"31/08/2020","3.600","3.340","3.600","3.250","110.57K","7.14%"
"28/08/2020","3.360","3.420","3.470","3.340","26.84K","-3.17%"
"27/08/2020","3.470","3.350","3.480","3.340","28.76K","2.06%"
"26/08/2020","3.400","3.550","3.550","3.350","72.86K","-4.49%"
"25/08/2020","3.560","3.690","3.720","3.460","46.70K","-2.47%"
"24/08/2020","3.650","3.700","3.740","3.630","10.78K","-2.67%"
"21/08/2020","3.750","3.700","3.760","3.600","35.64K","1.90%"
"20/08/2020","3.680","3.620","3.700","3.620","9.08K","1.94%"
"19/08/2020","3.610","3.810","3.810","3.600","43.58K","-5.50%"
"18/08/2020","3.820","3.810","3.820","3.790","17.78K","1.06%"
"17/08/2020","3.780","3.660","3.780","3.660","15.17K","1.07%"
"14/08/2020","3.740","3.850","3.850","3.620","31.13K","-0.27%"
"13/08/2020","3.750","3.910","3.920","3.740","36.24K","-4.09%"
"12/08/2020","3.910","3.800","3.910","3.600","91.46K","2.89%"
"11/08/2020","3.800","4.140","4.140","3.800","148.02K","-9.74%"
"10/08/2020","4.210","4.000","4.300","4.000","107.10K","9.64%"
"07/08/2020","3.840","4.030","4.040","3.800","17.78K","-4.00%"
"06/08/2020","4.000","4.150","4.150","3.770","37.92K","-3.85%"
"05/08/2020","4.160","3.760","4.200","3.760","169.67K","9.47%"
"04/08/2020","3.800","3.950","4.000","3.620","62.49K","-2.56%"
"03/08/2020","3.900","3.360","3.900","3.360","90.56K","18.18%"
"31/07/2020","3.300","3.140","3.410","3.140","118.35K","5.77%"
"30/07/2020","3.120","3.890","3.890","3.120","208.66K","-18.96%"
"29/07/2020","3.850","3.950","4.000","3.770","78.44K","-3.27%"
"28/07/2020","3.980","4.130","4.130","3.980","23.78K","-1.73%"
"27/07/2020","4.050","3.980","4.180","3.890","41.12K","1.76%"
"24/07/2020","3.980","4.110","4.140","3.860","71.83K","-2.69%"
"23/07/2020","4.090","4.020","4.120","4.020","26.23K","1.74%"
"22/07/2020","4.020","4.100","4.190","4.000","36.63K","-4.29%"
"21/07/2020","4.200","4.280","4.280","4.160","92.69K","-2.33%"
"20/07/2020","4.300","4.050","4.360","3.760","124.62K","3.61%"
"17/07/2020","4.150","4.240","4.240","4.100","38.46K","-2.81%"
"16/07/2020","4.270","4.340","4.350","4.150","60.23K","-1.16%"
"15/07/2020","4.320","3.890","4.320","3.890","279.55K","11.05%"
"14/07/2020","3.890","3.700","3.920","3.700","137.88K","7.46%"
"13/07/2020","3.620","3.800","3.800","3.500","118.41K","-4.99%"
"10/07/2020","3.810","3.930","3.930","3.760","54.85K","-3.30%"
"09/07/2020","3.940","4.000","4.150","3.940","23.27K","-4.14%"
"08/07/2020","4.110","4.170","4.170","3.940","19.51K","-1.44%"
"07/07/2020","4.170","4.040","4.190","3.920","31.25K","2.46%"
"06/07/2020","4.070","3.660","4.400","3.660","150.88K","11.51%"
"03/07/2020","3.650","3.700","3.700","3.520","58.99K","-1.35%"
"02/07/2020","3.700","3.300","3.700","3.300","71.49K","12.46%"
"01/07/2020","3.290","3.280","3.300","3.240","23.66K","1.23%"
"30/06/2020","3.250","3.400","3.400","3.250","46.17K","-4.97%"
"29/06/2020","3.420","3.400","3.440","3.300","30.24K","2.09%"
"26/06/2020","3.350","3.430","3.480","3.300","56.01K","-4.29%"
"25/06/2020","3.500","3.430","3.520","3.430","52.83K","1.45%"
"24/06/2020","3.450","3.500","3.580","3.420","32.48K","-1.43%"
"23/06/2020","3.500","3.500","3.600","3.470","50.00K","0.00%"
"22/06/2020","3.500","3.540","3.550","3.450","75.50K","2.04%"
"19/06/2020","3.430","3.550","3.590","3.430","25.92K","-3.38%"
"18/06/2020","3.550","3.680","3.700","3.500","79.07K","-3.53%"
"17/06/2020","3.680","3.500","3.700","3.450","421.78K","10.51%"
"16/06/2020","3.330","3.260","3.340","3.230","17.49K","3.42%"
"15/06/2020","3.220","3.240","3.260","3.190","31.84K","-2.42%"
"12/06/2020","3.300","3.220","3.370","3.180","40.14K","-3.51%"
"10/06/2020","3.420","3.520","3.570","3.400","99.70K","-1.72%"
"09/06/2020","3.480","3.230","3.480","3.120","76.63K","5.45%"
"08/06/2020","3.300","3.400","3.400","3.170","30.22K","-2.94%"
"05/06/2020","3.400","3.380","3.480","3.380","52.82K","0.29%"
"04/06/2020","3.390","3.420","3.460","3.340","58.58K","0.00%"
"03/06/2020","3.390","3.600","3.760","3.240","109.59K","-2.59%"
"02/06/2020","3.480","3.270","3.590","3.270","163.79K","7.08%"
"01/06/2020","3.250","2.900","3.260","2.900","126.83K","12.46%"
"29/05/2020","2.890","2.870","2.900","2.870","10.65K","1.05%"
"28/05/2020","2.860","2.820","2.880","2.820","8.27K","1.78%"
"27/05/2020","2.810","2.850","2.900","2.780","26.21K","-2.77%"
"26/05/2020","2.890","2.800","2.890","2.770","11.44K","2.48%"
"25/05/2020","2.820","2.840","2.890","2.750","25.70K","0.36%"
"22/05/2020","2.810","2.910","2.910","2.810","21.78K","-3.77%"
"21/05/2020","2.920","2.920","2.930","2.830","11.29K","0.69%"
"20/05/2020","2.900","2.900","2.960","2.830","26.04K","1.40%"
"19/05/2020","2.860","2.980","2.990","2.840","19.52K","-3.38%"
"18/05/2020","2.960","2.840","2.960","2.720","44.89K","3.86%"
"15/05/2020","2.850","2.800","2.880","2.800","19.88K","2.15%"
"14/05/2020","2.790","2.900","2.900","2.650","46.62K","-4.45%"
"13/05/2020","2.920","2.820","3.010","2.820","37.27K","3.18%"
"12/05/2020","2.830","2.870","3.070","2.830","105.47K","-1.39%"
"11/05/2020","2.870","2.700","2.940","2.620","217.55K","16.67%"
"08/05/2020","2.460","2.450","2.460","2.400","16.38K","0.00%"
"07/05/2020","2.460","2.440","2.460","2.320","44.86K","-0.40%"
"06/05/2020","2.470","2.670","2.670","2.450","63.92K","-7.49%"
"05/05/2020","2.670","2.800","2.840","2.650","46.24K","-3.96%"
"04/05/2020","2.780","2.690","2.780","2.600","39.19K","3.73%"
"30/04/2020","2.680","2.680","2.700","2.610","19.94K","1.52%"
"29/04/2020","2.640","2.700","2.750","2.630","59.67K","-3.65%"
"28/04/2020","2.740","2.700","2.760","2.700","21.90K","1.48%"
"27/04/2020","2.700","2.740","2.870","2.650","91.82K","-1.82%"
"24/04/2020","2.750","2.710","2.800","2.700","77.28K","0.73%"
"23/04/2020","2.730","2.550","2.800","2.550","116.35K","7.91%"
"22/04/2020","2.530","2.350","2.530","2.350","17.17K","3.27%"
"21/04/2020","2.450","2.480","2.490","2.320","58.56K","-2.39%"
"20/04/2020","2.510","2.650","2.650","2.480","62.75K","-2.71%"
"17/04/2020","2.580","2.450","2.640","2.450","98.98K","5.31%"
"16/04/2020","2.450","2.400","2.500","2.400","27.55K","1.24%"
"15/04/2020","2.420","2.460","2.460","2.340","21.40K","-0.82%"
"14/04/2020","2.440","2.300","2.480","2.250","79.79K","6.09%"
"09/04/2020","2.300","2.320","2.380","2.210","13.06K","0.00%"
"08/04/2020","2.300","2.240","2.330","2.200","36.78K","0.00%"
"07/04/2020","2.300","2.330","2.400","2.300","77.37K","0.44%"
"06/04/2020","2.290","2.150","2.290","2.120","83.44K","7.01%"
"03/04/2020","2.140","2.180","2.210","2.130","5.60K","0.94%"
"02/04/2020","2.120","2.130","2.220","2.100","9.45K","-0.93%"
"01/04/2020","2.140","2.220","2.220","2.130","9.76K","-0.47%"
"31/03/2020","2.150","2.180","2.230","2.150","42.58K","0.00%"
"30/03/2020","2.150","2.030","2.150","2.020","46.42K","3.37%"
"27/03/2020","2.080","2.090","2.090","2.020","12.20K","-0.48%"
"26/03/2020","2.090","2.060","2.100","2.060","14.40K","-0.48%"
"25/03/2020","2.100","2.090","2.180","2.060","25.37K","0.48%"
"24/03/2020","2.090","2.050","2.100","1.970","36.91K","6.09%"
"23/03/2020","1.970","2.010","2.180","1.930","22.04K","-3.43%"
"20/03/2020","2.040","2.100","2.250","2.020","47.61K","-0.49%"
"19/03/2020","2.050","1.950","2.140","1.950","18.21K","3.02%"
"18/03/2020","1.990","1.900","2.040","1.900","41.85K","4.74%"
"17/03/2020","1.900","1.820","1.950","1.800","31.31K","2.15%"
"16/03/2020","1.860","1.880","1.880","1.770","44.63K","-2.62%"
"13/03/2020","1.910","1.870","2.100","1.870","58.49K","-2.55%"
"12/03/2020","1.960","2.000","2.160","1.860","81.62K","-11.71%"
"11/03/2020","2.220","2.460","2.520","2.020","49.12K","-9.76%"
"10/03/2020","2.460","2.640","2.640","2.460","17.18K","-2.77%"
"09/03/2020","2.530","2.650","2.650","2.440","152.70K","-9.32%"
"06/03/2020","2.790","2.890","2.890","2.720","14.62K","-1.76%"
"05/03/2020","2.840","2.910","2.940","2.800","12.69K","-2.41%"
"04/03/2020","2.910","2.730","2.920","2.730","21.50K","3.93%"
"03/03/2020","2.800","2.750","2.890","2.750","73.53K","2.94%"
"02/03/2020","2.720","2.850","2.960","2.690","62.61K","-4.56%"
"28/02/2020","2.850","2.900","2.900","2.620","149.06K","-3.72%"
"27/02/2020","2.960","3.050","3.340","2.920","147.74K","-4.82%"
"26/02/2020","3.110","3.000","3.180","2.830","80.58K","0.32%"
"25/02/2020","3.100","3.090","3.200","2.930","84.06K","-1.59%"
"24/02/2020","3.150","3.400","3.400","3.120","76.15K","-10.00%"
"21/02/2020","3.500","3.410","3.500","3.360","63.53K","-0.57%"
"20/02/2020","3.520","3.490","3.520","3.400","21.34K","0.86%"
"19/02/2020","3.490","3.450","3.530","3.450","7.30K","-1.13%"
"18/02/2020","3.530","3.430","3.530","3.430","15.68K","0.86%"
"17/02/2020","3.500","3.400","3.550","3.340","33.64K","6.06%"
"14/02/2020","3.300","3.380","3.380","3.300","25.65K","-1.79%"
"13/02/2020","3.360","3.400","3.400","3.340","10.96K","-1.18%"
"12/02/2020","3.400","3.400","3.400","3.350","17.60K","0.00%"
"11/02/2020","3.400","3.560","3.560","3.340","58.58K","-4.49%"
"10/02/2020","3.560","3.680","3.680","3.520","39.97K","-1.11%"
"07/02/2020","3.600","3.450","3.740","3.450","354.00K","3.75%"
"06/02/2020","3.470","3.410","3.470","3.400","22.41K","0.00%"
"05/02/2020","3.470","3.350","3.650","3.110","464.18K","3.58%"
"04/02/2020","3.350","3.180","3.400","3.120","72.29K","6.69%"
"03/02/2020","3.140","3.170","3.180","3.120","8.03K","-0.63%"
"31/01/2020","3.160","3.160","3.200","3.100","22.73K","-2.17%"
"30/01/2020","3.230","3.230","3.240","3.160","20.04K","-0.62%"
"29/01/2020","3.250","3.160","3.250","3.130","73.09K","3.83%"
"28/01/2020","3.130","3.170","3.180","3.130","15.37K","0.64%"
"27/01/2020","3.110","3.200","3.200","3.010","56.77K","-2.81%"
"24/01/2020","3.200","3.170","3.200","3.160","17.36K","0.31%"
"23/01/2020","3.190","3.300","3.300","3.120","62.91K","-2.74%"
"22/01/2020","3.280","3.200","3.300","3.200","118.95K","4.46%"
"21/01/2020","3.140","3.150","3.340","3.080","326.66K","1.95%"
"20/01/2020","3.080","2.900","3.150","2.900","166.82K","6.21%"
"17/01/2020","2.900","2.750","2.910","2.740","63.84K","3.57%"
"16/01/2020","2.800","2.800","2.810","2.740","31.45K","1.82%"
"15/01/2020","2.750","2.820","2.820","2.740","61.85K","-0.72%"
"14/01/2020","2.770","2.840","2.920","2.770","82.30K","-3.48%"
"13/01/2020","2.870","2.650","2.870","2.640","87.52K","8.71%"
"10/01/2020","2.640","2.770","2.770","2.640","48.10K","-2.22%"
"09/01/2020","2.700","2.720","2.900","2.670","146.87K","1.89%"
"08/01/2020","2.650","2.490","2.650","2.440","143.49K","8.16%"
"07/01/2020","2.450","2.500","2.500","2.430","594.79K","-0.81%"
"03/01/2020","2.470","2.530","2.530","2.470","37.28K","-1.98%"
"02/01/2020","2.520","2.360","2.530","2.360","127.60K","8.15%"
"30/12/2019","2.330","2.350","2.350","2.300","12.18K","0.00%"
"27/12/2019","2.330","2.320","2.350","2.300","18.26K","1.30%"
"23/12/2019","2.300","2.250","2.360","2.250","80.19K","0.00%"
"20/12/2019","2.300","2.250","2.330","2.240","75.23K","2.22%"
"19/12/2019","2.250","2.220","2.250","2.210","54.45K","1.35%"
"18/12/2019","2.220","2.260","2.290","2.200","45.16K","-1.33%"
"17/12/2019","2.250","2.330","2.330","2.230","27.35K","-3.85%"
"16/12/2019","2.340","2.340","2.340","2.340","2.01K","0.00%"
"13/12/2019","2.340","2.290","2.340","2.280","3.39K","2.18%"
"12/12/2019","2.290","2.370","2.380","2.290","37.10K","-1.72%"
"11/12/2019","2.330","2.220","2.480","2.210","119.36K","3.10%"
"10/12/2019","2.260","2.220","2.260","2.210","7.16K","1.80%"
"09/12/2019","2.220","2.230","2.230","2.200","18.19K","-1.33%"
"06/12/2019","2.250","2.270","2.270","2.240","21.15K","-2.17%"
"05/12/2019","2.300","2.260","2.300","2.260","6.41K","1.32%"
"04/12/2019","2.270","2.300","2.300","2.270","9.50K","-1.30%"
"03/12/2019","2.300","2.370","2.370","2.300","27.03K","-2.13%"
"02/12/2019","2.350","2.340","2.350","2.310","10.33K","0.43%"
"29/11/2019","2.340","2.270","2.340","2.270","8.32K","3.08%"
"28/11/2019","2.270","2.260","2.270","2.250","2.23K","0.89%"
"27/11/2019","2.250","2.240","2.260","2.230","6.08K","0.45%"
"26/11/2019","2.240","2.240","2.240","2.240","3.25K","-0.88%"
"25/11/2019","2.260","2.340","2.350","2.220","25.58K","-3.42%"
"22/11/2019","2.340","2.280","2.340","2.280","3.49K","1.30%"
"21/11/2019","2.310","2.320","2.320","2.270","6.44K","-0.86%"
"20/11/2019","2.330","2.400","2.400","2.320","22.86K","-3.32%"
"19/11/2019","2.410","2.470","2.470","2.410","8.70K","-2.43%"
"18/11/2019","2.470","2.410","2.490","2.400","60.92K","4.22%"
"15/11/2019","2.370","2.350","2.370","2.350","1.80K","-1.25%"
"14/11/2019","2.400","2.350","2.410","2.350","5.88K","-0.41%"
"13/11/2019","2.410","2.360","2.410","2.360","29.96K","2.12%"
"12/11/2019","2.360","2.240","2.360","2.240","47.80K","6.79%"
"08/11/2019","2.210","2.200","2.210","2.200","1.70K","0.45%"
"07/11/2019","2.200","2.200","2.250","2.150","15.42K","-1.79%"
"06/11/2019","2.240","2.220","2.240","2.220","3.81K","1.36%"
"05/11/2019","2.210","2.200","2.250","2.200","7.85K","0.00%"
"04/11/2019","2.210","2.210","2.210","2.200","10.14K","0.00%"
"31/10/2019","2.210","2.240","2.240","2.210","1.32K","-1.34%"
"30/10/2019","2.240","2.240","2.240","2.240","0.16K","0.00%"
"29/10/2019","2.240","2.240","2.240","2.240","4.10K","0.00%"
"28/10/2019","2.240","2.250","2.250","2.240","1.50K","0.90%"
"25/10/2019","2.220","2.230","2.230","2.220","2.10K","-0.45%"
"24/10/2019","2.230","2.220","2.270","2.220","3.77K","-0.45%"
"23/10/2019","2.240","2.240","2.240","2.240","5.53K","0.90%"
"22/10/2019","2.220","2.200","2.220","2.160","32.55K","0.91%"
"21/10/2019","2.200","2.170","2.200","2.150","18.89K","2.33%"
"18/10/2019","2.150","2.100","2.150","2.100","14.97K","1.42%"
"17/10/2019","2.120","2.050","2.120","2.050","1.11K","1.92%"
"16/10/2019","2.080","2.100","2.120","2.080","1.56K","-1.89%"
"14/10/2019","2.120","2.120","2.120","2.120","0.09K","0.95%"
"11/10/2019","2.100","2.130","2.130","2.080","1.67K","-1.87%"
"10/10/2019","2.140","2.050","2.140","2.050","9.23K","4.90%"
"09/10/2019","2.040","2.060","2.060","1.990","21.74K","0.99%"
"08/10/2019","2.020","2.090","2.100","2.000","21.25K","-3.35%"
"07/10/2019","2.090","2.050","2.100","2.050","1.70K","1.46%"
"04/10/2019","2.060","2.010","2.060","2.010","0.58K","0.98%"
"03/10/2019","2.040","2.050","2.060","2.000","21.30K","0.00%"
"02/10/2019","2.040","2.100","2.100","2.000","36.31K","-2.86%"
"01/10/2019","2.100","2.140","2.140","2.100","7.00K","0.00%"
"30/09/2019","2.100","2.100","2.100","2.100","76.67K","0.00%"
"27/09/2019","2.100","2.100","2.100","2.100","15.55K","-2.33%"
"25/09/2019","2.150","2.150","2.150","2.060","4.00K","-0.46%"
"24/09/2019","2.160","2.160","2.160","2.160","0.81K","-2.26%"
"23/09/2019","2.210","2.210","2.210","2.210","0.30K","2.31%"
"20/09/2019","2.160","2.190","2.190","2.160","9.94K","-1.82%"
"19/09/2019","2.200","2.200","2.200","2.200","1.00K","0.00%"
"18/09/2019","2.200","2.200","2.200","2.190","2.94K","-0.90%"
"17/09/2019","2.220","2.200","2.220","2.200","1.66K","0.00%"
"16/09/2019","2.220","2.210","2.240","2.210","3.54K","-1.33%"
"13/09/2019","2.250","2.210","2.250","2.180","30.24K","1.81%"
"12/09/2019","2.210","2.250","2.250","2.210","8.89K","-1.78%"
"11/09/2019","2.250","2.250","2.250","2.250","0.45K","1.35%"
"10/09/2019","2.220","2.220","2.220","2.220","1.10K","-0.45%"
"09/09/2019","2.230","2.270","2.270","2.230","6.57K","-1.33%"
"06/09/2019","2.260","2.250","2.260","2.250","4.00K","-0.44%"
"05/09/2019","2.270","2.230","2.270","2.230","2.57K","1.79%"
"04/09/2019","2.230","2.270","2.270","2.230","2.07K","-0.45%"
"03/09/2019","2.240","2.260","2.260","2.240","4.02K","0.00%"
"02/09/2019","2.240","2.280","2.280","2.240","5.63K","-1.75%"
"30/08/2019","2.280","2.280","2.280","2.270","11.07K","0.00%"
"29/08/2019","2.280","2.280","2.280","2.280","0.50K","1.33%"
"27/08/2019","2.250","2.260","2.260","2.250","28.35K","-2.17%"
"26/08/2019","2.300","2.320","2.320","2.300","2.84K","-0.86%"
"23/08/2019","2.320","2.300","2.320","2.300","1.73K","-0.85%"
"21/08/2019","2.340","2.290","2.350","2.260","11.44K","3.54%"
"20/08/2019","2.260","2.260","2.300","2.260","7.80K","1.35%"
"19/08/2019","2.230","2.260","2.320","2.230","31.74K","-2.19%"
"16/08/2019","2.280","2.210","2.290","2.210","12.39K","0.88%"
"14/08/2019","2.260","2.240","2.260","2.210","14.19K","0.44%"
"13/08/2019","2.250","2.250","2.250","2.250","4.00K","-1.75%"
"12/08/2019","2.290","2.240","2.290","2.230","5.19K","-0.43%"
"09/08/2019","2.300","2.290","2.300","2.220","12.66K","2.22%"
"08/08/2019","2.250","2.270","2.280","2.250","3.99K","1.81%"
"07/08/2019","2.210","2.270","2.270","2.210","4.74K","-2.64%"
"05/08/2019","2.270","2.290","2.290","2.200","4.06K","-0.87%"
"02/08/2019","2.290","2.320","2.320","2.200","15.14K","1.33%"
"31/07/2019","2.260","2.260","2.260","2.260","3.16K","0.00%"
"30/07/2019","2.260","2.320","2.320","2.260","5.49K","-0.44%"
"29/07/2019","2.270","2.310","2.370","2.270","6.52K","-3.40%"
"26/07/2019","2.350","2.410","2.410","2.350","1.06K","2.17%"
"25/07/2019","2.300","2.310","2.310","2.300","2.00K","-0.86%"
"24/07/2019","2.320","2.300","2.330","2.300","2.67K","0.87%"
"23/07/2019","2.300","2.300","2.300","2.300","30.12K","-2.13%"
"22/07/2019","2.350","2.350","2.360","2.320","8.00K","-0.42%"
"19/07/2019","2.360","2.350","2.360","2.350","6.37K","0.43%"
"18/07/2019","2.350","2.410","2.410","2.260","23.48K","-2.89%"
"17/07/2019","2.420","2.400","2.430","2.400","10.56K","0.83%"
"16/07/2019","2.400","2.270","2.450","2.220","46.08K","5.73%"
"15/07/2019","2.270","2.260","2.270","2.260","2.20K","0.00%"
"12/07/2019","2.270","2.250","2.270","2.200","13.78K","2.25%"
"11/07/2019","2.220","2.240","2.240","2.220","1.23K","-1.33%"
"10/07/2019","2.250","2.270","2.270","2.210","12.41K","0.90%"
"09/07/2019","2.230","2.290","2.300","2.230","5.94K","-2.19%"
"08/07/2019","2.280","2.270","2.280","2.230","7.05K","2.24%"
"05/07/2019","2.230","2.250","2.250","2.200","6.49K","-0.89%"
"04/07/2019","2.250","2.250","2.250","2.250","0.90K","0.00%"
"03/07/2019","2.250","2.280","2.280","2.250","13.62K","-1.32%"
"02/07/2019","2.280","2.280","2.280","2.270","3.42K","0.00%"
"01/07/2019","2.280","2.300","2.300","2.280","1.60K","-0.44%"
"28/06/2019","2.290","2.180","2.310","2.180","14.27K","5.53%"
"27/06/2019","2.170","2.250","2.250","2.170","4.23K","-3.56%"
"26/06/2019","2.250","2.250","2.250","2.250","0.40K","0.00%"
"25/06/2019","2.250","2.200","2.250","2.200","2.20K","1.35%"
"24/06/2019","2.220","2.240","2.250","2.220","8.16K","-0.89%"
"21/06/2019","2.240","2.190","2.240","2.140","2.51K","0.45%"
"19/06/2019","2.230","2.230","2.230","2.230","1.16K","-0.45%"
"18/06/2019","2.240","2.170","2.250","2.170","3.00K","3.70%"
"17/06/2019","2.160","2.190","2.200","2.160","4.13K","-1.82%"
"14/06/2019","2.200","2.240","2.240","2.140","24.77K","-0.90%"
"13/06/2019","2.220","2.350","2.350","2.220","2.57K","-3.06%"
"12/06/2019","2.290","2.300","2.300","2.190","8.30K","2.23%"
"11/06/2019","2.240","2.240","2.250","2.240","3.20K","-4.68%"
"10/06/2019","2.350","2.300","2.350","2.190","11.78K","0.00%"
"07/06/2019","2.350","2.300","2.350","2.300","8.60K","3.07%"
"06/06/2019","2.280","2.300","2.300","2.250","15.04K","-2.15%"
"05/06/2019","2.330","2.360","2.360","2.330","0.10K","3.56%"
"04/06/2019","2.250","2.360","2.360","2.250","0.83K","-4.66%"
"03/06/2019","2.360","2.310","2.360","2.250","6.19K","2.16%"
"31/05/2019","2.310","2.270","2.370","2.260","13.46K","-2.12%"
"29/05/2019","2.360","2.300","2.360","2.260","5.63K","0.85%"
"28/05/2019","2.340","2.320","2.340","2.320","3.87K","-1.68%"
"24/05/2019","2.380","2.390","2.390","2.230","14.12K","0.00%"
"22/05/2019","2.380","2.230","2.380","2.230","10.79K","7.21%"
"21/05/2019","2.220","2.300","2.350","2.220","1.93K","-3.48%"
"20/05/2019","2.300","2.300","2.300","2.300","0.20K","-2.13%"
"17/05/2019","2.350","2.220","2.350","2.210","5.49K","5.86%"
"16/05/2019","2.220","2.300","2.300","2.220","3.51K","-3.48%"
"15/05/2019","2.300","2.200","2.300","2.200","10.69K","4.55%"
"14/05/2019","2.200","2.250","2.300","2.200","16.75K","-2.22%"
"13/05/2019","2.250","2.350","2.360","2.250","16.98K","-4.26%"
"10/05/2019","2.350","2.300","2.350","2.300","1.09K","2.17%"
"09/05/2019","2.300","2.390","2.390","2.300","8.27K","0.00%"
"08/05/2019","2.300","2.350","2.350","2.240","4.85K","2.22%"
"07/05/2019","2.250","2.400","2.400","2.250","15.25K","-6.64%"
"06/05/2019","2.410","2.350","2.440","2.350","14.34K","-0.82%"
"02/05/2019","2.430","2.360","2.430","2.350","8.62K","1.25%"
"30/04/2019","2.400","2.430","2.470","2.380","20.23K","-3.61%"
"29/04/2019","2.490","2.400","2.530","2.400","2.59K","3.75%"
"26/04/2019","2.400","2.450","2.550","2.250","28.10K","-2.04%"
"25/04/2019","2.450","2.480","2.530","2.450","4.92K","-2.00%"
"24/04/2019","2.500","2.500","2.500","2.450","6.77K","-1.96%"
"23/04/2019","2.550","2.460","2.560","2.450","38.80K","3.66%"
"18/04/2019","2.460","2.580","2.580","2.400","29.88K","-5.75%"
"17/04/2019","2.610","2.600","2.610","2.600","3.10K","-1.51%"
"16/04/2019","2.650","2.690","2.690","2.650","0.35K","1.15%"
"15/04/2019","2.620","2.650","2.650","2.610","6.73K","-1.13%"
"12/04/2019","2.650","2.690","2.700","2.630","12.89K","0.76%"
"11/04/2019","2.630","2.650","2.690","2.610","33.10K","-0.75%"
"10/04/2019","2.650","2.660","2.660","2.620","11.02K","0.76%"
"09/04/2019","2.630","2.620","2.670","2.620","12.91K","0.38%"
"08/04/2019","2.620","2.690","2.690","2.610","6.71K","0.77%"
"05/04/2019","2.600","2.600","2.720","2.600","21.04K","-2.26%"
"04/04/2019","2.660","2.710","2.730","2.630","69.42K","-1.85%"
"03/04/2019","2.710","2.700","2.710","2.650","413.73K","0.74%"
"02/04/2019","2.690","2.590","2.690","2.580","45.96K","4.26%"
"01/04/2019","2.580","2.580","2.580","2.550","8.22K","0.00%"
"29/03/2019","2.580","2.590","2.590","2.540","16.83K","0.00%"
"28/03/2019","2.580","2.530","2.580","2.500","9.19K","1.98%"
"27/03/2019","2.530","2.550","2.550","2.530","12.29K","-1.56%"
"26/03/2019","2.570","2.570","2.570","2.550","3.50K","-0.77%"
"25/03/2019","2.590","2.550","2.590","2.530","7.51K","0.00%"
"22/03/2019","2.590","2.610","2.650","2.560","22.55K","-0.77%"
"21/03/2019","2.610","2.570","2.650","2.540","5.15K","2.35%"
"20/03/2019","2.550","2.600","2.600","2.520","11.12K","-1.92%"
"19/03/2019","2.600","2.660","2.690","2.600","69.90K","-0.38%"
"18/03/2019","2.610","2.620","2.750","2.570","107.31K","0.38%"
"15/03/2019","2.600","2.580","2.640","2.510","58.15K","0.78%"
"14/03/2019","2.580","2.600","2.600","2.580","7.73K","-0.77%"
"13/03/2019","2.600","2.600","2.600","2.570","7.02K","-1.52%"
"12/03/2019","2.640","2.600","2.640","2.550","15.71K","1.54%"
"11/03/2019","2.600","2.650","2.650","2.580","13.43K","0.00%"
"08/03/2019","2.600","2.650","2.650","2.580","31.84K","-1.89%"
"07/03/2019","2.650","2.660","2.720","2.630","15.10K","-1.49%"
"06/03/2019","2.690","2.610","2.690","2.610","8.27K","2.67%"
"05/03/2019","2.620","2.560","2.620","2.560","18.03K","2.34%"
"04/03/2019","2.560","2.540","2.580","2.540","16.50K","-0.78%"
"01/03/2019","2.580","2.650","2.650","2.550","28.22K","-1.90%"
"28/02/2019","2.630","2.680","2.700","2.620","11.83K","-2.59%"
"27/02/2019","2.700","2.650","2.710","2.650","4.51K","3.05%"
"26/02/2019","2.620","2.800","2.800","2.570","43.78K","-5.42%"
"25/02/2019","2.770","2.630","2.780","2.630","31.51K","5.73%"
"22/02/2019","2.620","2.570","2.670","2.570","261.95K","3.15%"
"21/02/2019","2.540","2.600","2.600","2.510","15.49K","-3.42%"
"20/02/2019","2.630","2.570","2.630","2.500","38.60K","3.14%"
"19/02/2019","2.550","2.600","2.610","2.540","7.69K","-1.54%"
"18/02/2019","2.590","2.610","2.610","2.590","3.99K","-1.52%"
"15/02/2019","2.630","2.500","2.700","2.500","34.65K","5.20%"
"14/02/2019","2.500","2.640","2.640","2.430","154.00K","-4.94%"
"13/02/2019","2.630","2.890","2.900","2.610","201.90K","-7.07%"
"12/02/2019","2.830","2.950","3.120","2.710","138.24K","-4.39%"
"11/02/2019","2.960","2.880","3.160","2.880","341.60K","6.09%"
"08/02/2019","2.790","2.600","2.920","2.600","197.58K","7.31%"
"07/02/2019","2.600","2.550","2.630","2.500","29.44K","1.96%"
"06/02/2019","2.550","2.580","2.650","2.520","40.99K","1.19%"
"05/02/2019","2.520","2.400","2.620","2.400","48.85K","5.00%"
"04/02/2019","2.400","2.300","2.410","2.300","31.00K","4.35%"
"01/02/2019","2.300","2.300","2.300","2.290","3.19K","0.00%"
"31/01/2019","2.300","2.300","2.300","2.300","0.93K","0.00%"
"30/01/2019","2.300","2.340","2.340","2.300","3.75K","-2.13%"
"29/01/2019","2.350","2.350","2.350","2.350","0.00K","2.17%"
"28/01/2019","2.300","2.300","2.300","2.280","7.21K","0.88%"
"25/01/2019","2.280","2.320","2.320","2.280","11.11K","-1.72%"
"24/01/2019","2.320","2.320","2.320","2.300","10.74K","0.00%"
"23/01/2019","2.320","2.350","2.400","2.310","11.40K","0.00%"
"22/01/2019","2.320","2.280","2.320","2.280","4.43K","0.00%"
"21/01/2019","2.320","2.340","2.340","2.280","7.63K","-1.28%"
"18/01/2019","2.350","2.330","2.380","2.330","11.95K","0.43%"
"17/01/2019","2.340","2.340","2.340","2.230","34.07K","0.00%"
"16/01/2019","2.340","2.360","2.360","2.310","7.65K","-1.68%"
"15/01/2019","2.380","2.310","2.400","2.300","1.26K","3.03%"
"14/01/2019","2.310","2.320","2.320","2.180","27.54K","-1.28%"
"11/01/2019","2.340","2.440","2.440","2.340","9.73K","-4.10%"
"10/01/2019","2.440","2.400","2.510","2.400","19.68K","1.67%"
"09/01/2019","2.400","2.290","2.400","2.280","14.74K","4.80%"
"08/01/2019","2.290","2.300","2.300","2.270","7.35K","-0.43%"
"07/01/2019","2.300","2.300","2.300","2.300","2.48K","0.00%"
"04/01/2019","2.300","2.300","2.300","2.300","8.45K","-1.29%"
"03/01/2019","2.330","2.290","2.330","2.290","1.13K","1.30%"
"02/01/2019","2.300","2.250","2.300","2.250","0.31K","2.22%"
"28/12/2018","2.250","2.230","2.250","2.200","17.96K","-1.32%"
"27/12/2018","2.280","2.300","2.300","2.250","3.41K","-0.87%"
"21/12/2018","2.300","2.260","2.300","2.250","52.01K","1.77%"
"20/12/2018","2.260","2.330","2.330","2.260","24.10K","-3.00%"
"19/12/2018","2.330","2.340","2.360","2.260","17.53K","-0.43%"
"18/12/2018","2.340","2.320","2.340","2.280","1.20K","-0.85%"
"17/12/2018","2.360","2.310","2.390","2.290","2.91K","2.16%"
"14/12/2018","2.310","2.270","2.310","2.260","3.58K","2.21%"
"13/12/2018","2.260","2.270","2.270","2.260","1.55K","0.00%"
"12/12/2018","2.260","2.270","2.270","2.260","1.20K","0.44%"
"11/12/2018","2.250","2.250","2.300","2.250","1.67K","1.35%"
"10/12/2018","2.220","2.300","2.300","2.210","10.21K","-5.53%"
"07/12/2018","2.350","2.350","2.350","2.350","2.66K","-2.08%"
"06/12/2018","2.400","2.430","2.600","2.400","19.07K","-1.23%"
"05/12/2018","2.430","2.200","2.640","2.200","126.22K","8.00%"
"04/12/2018","2.250","2.230","2.250","2.230","5.31K","2.27%"
"03/12/2018","2.200","2.240","2.240","2.170","2.83K","1.38%"
"30/11/2018","2.170","2.240","2.250","2.170","4.71K","-2.69%"
"29/11/2018","2.230","2.230","2.230","2.230","0.23K","0.00%"
"28/11/2018","2.230","2.230","2.230","2.100","3.19K","0.00%"
"27/11/2018","2.230","2.280","2.280","2.230","0.35K","-1.76%"
"26/11/2018","2.270","2.380","2.380","2.200","6.26K","-0.44%"
"23/11/2018","2.280","2.280","2.350","2.280","2.45K","0.00%"
"22/11/2018","2.280","2.350","2.390","2.280","24.80K","8.06%"
"21/11/2018","2.110","2.180","2.200","2.000","20.81K","-3.65%"
"20/11/2018","2.190","2.190","2.190","2.190","3.83K","-0.90%"
"19/11/2018","2.210","2.220","2.220","2.210","3.43K","0.00%"
"16/11/2018","2.210","2.300","2.350","2.160","2.19K","-7.92%"
"15/11/2018","2.400","2.400","2.400","2.390","3.73K","0.00%"
"14/11/2018","2.400","2.400","2.400","2.400","0.57K","4.80%"
"13/11/2018","2.290","2.290","2.290","2.290","0.80K","-0.43%"
"09/11/2018","2.300","2.330","2.330","2.290","5.52K","-6.12%"
"08/11/2018","2.450","2.430","2.450","2.290","17.32K","0.00%"
"07/11/2018","2.450","2.650","2.650","2.400","47.82K","-6.84%"
"06/11/2018","2.630","2.660","2.660","2.500","5.05K","0.77%"
"05/11/2018","2.610","2.700","2.700","2.610","4.23K","-4.40%"
"02/11/2018","2.730","2.870","2.870","2.680","9.11K","0.37%"
"31/10/2018","2.720","2.700","2.870","2.700","3.63K","1.87%"
"30/10/2018","2.670","2.580","2.700","2.580","6.09K","3.49%"
"29/10/2018","2.580","2.600","2.650","2.520","6.45K","-4.09%"
"26/10/2018","2.690","2.660","2.700","2.660","1.20K","-0.37%"
"25/10/2018","2.700","2.600","2.700","2.600","4.81K","0.00%"
"24/10/2018","2.700","2.730","2.730","2.650","2.07K","-1.82%"
"23/10/2018","2.750","2.700","2.800","2.670","2.01K","3.38%"
"22/10/2018","2.660","2.800","2.800","2.660","8.13K","-5.00%"
"19/10/2018","2.800","2.950","2.950","2.670","30.41K","-3.45%"
"18/10/2018","2.900","2.800","2.900","2.600","30.51K","2.84%"
"17/10/2018","2.820","2.740","2.850","2.730","4.41K","0.00%"
"16/10/2018","2.820","2.820","2.820","2.820","2.00K","-1.05%"
"15/10/2018","2.850","2.870","2.900","2.820","5.92K","1.42%"
"12/10/2018","2.810","2.940","2.950","2.700","14.88K","-4.75%"
"11/10/2018","2.950","2.900","2.950","2.880","7.99K","1.72%"
"10/10/2018","2.900","2.950","2.950","2.900","0.74K","0.00%"
"09/10/2018","2.900","2.950","2.950","2.900","11.35K","-1.69%"
"08/10/2018","2.950","2.930","2.950","2.930","17.66K","0.00%"
"05/10/2018","2.950","2.930","2.950","2.930","2.50K","1.03%"
"04/10/2018","2.920","2.970","2.970","2.920","9.33K","-2.34%"
"03/10/2018","2.990","3.000","3.000","2.950","12.06K","-3.55%"
"02/10/2018","3.100","3.040","3.110","3.030","6.76K","2.31%"
"01/10/2018","3.030","3.010","3.040","3.010","21.04K","-2.26%"
"28/09/2018","3.100","3.180","3.180","3.100","1.65K","-3.13%"
"27/09/2018","3.200","3.180","3.200","3.180","1.56K","0.31%"
"26/09/2018","3.190","3.130","3.280","3.110","38.75K","2.90%"
"25/09/2018","3.100","3.140","3.170","3.000","14.93K","3.33%"
"24/09/2018","3.000","3.150","3.150","3.000","4.62K","-3.23%"
"21/09/2018","3.100","3.100","3.100","2.970","2.64K","0.00%"
"20/09/2018","3.100","3.050","3.150","3.040","3.34K","1.64%"
"19/09/2018","3.050","3.050","3.050","2.840","2.45K","-1.61%"
"18/09/2018","3.100","3.080","3.100","3.050","2.61K","0.32%"
"17/09/2018","3.090","3.100","3.100","3.090","2.16K","-0.32%"
"14/09/2018","3.100","3.160","3.160","3.050","1.82K","-1.90%"
"13/09/2018","3.160","3.180","3.180","3.000","1.70K","-0.63%"
"12/09/2018","3.180","3.000","3.180","2.990","12.09K","6.00%"
"11/09/2018","3.000","3.000","3.020","3.000","5.94K","0.00%"
"10/09/2018","3.000","3.100","3.100","3.000","42.51K","-3.23%"
"07/09/2018","3.100","2.990","3.100","2.950","12.25K","3.33%"
"06/09/2018","3.000","2.940","3.000","2.740","235.95K","0.00%"
"05/09/2018","3.000","3.020","3.020","2.890","14.83K","0.33%"
"04/09/2018","2.990","2.960","2.990","2.820","50.79K","-0.33%"
"03/09/2018","3.000","3.180","3.180","3.000","16.05K","-5.66%"
"31/08/2018","3.180","3.120","3.180","2.980","29.09K","1.92%"
"30/08/2018","3.120","3.060","3.230","3.060","15.38K","-6.02%"
"29/08/2018","3.320","3.470","3.470","3.210","24.66K","-4.05%"
"28/08/2018","3.460","3.440","3.500","3.440","10.54K","-1.14%"
"27/08/2018","3.500","3.550","3.550","3.480","46.51K","0.00%"
"24/08/2018","3.500","3.500","3.500","3.490","74.49K","0.00%"
"23/08/2018","3.500","3.700","3.700","3.480","35.52K","0.00%"
"22/08/2018","3.500","3.470","3.520","3.450","27.01K","0.00%"
"21/08/2018","3.500","3.500","3.520","3.470","34.22K","0.00%"
"20/08/2018","3.500","3.500","3.510","3.470","43.80K","0.00%"
"17/08/2018","3.500","3.500","3.500","3.400","53.66K","0.00%"
"16/08/2018","3.500","3.400","3.500","3.400","20.87K","1.45%"
"14/08/2018","3.450","3.430","3.460","3.430","6.51K","0.88%"
"13/08/2018","3.420","3.430","3.430","3.400","31.20K","-0.29%"
"10/08/2018","3.430","3.490","3.550","3.420","22.22K","-1.72%"
"09/08/2018","3.490","3.600","3.600","3.400","68.66K","-0.29%"
"08/08/2018","3.500","3.520","3.550","3.500","14.50K","-0.57%"
"07/08/2018","3.520","3.590","3.750","3.520","38.33K","0.57%"
"06/08/2018","3.500","3.580","3.600","3.460","92.85K","1.16%"
"03/08/2018","3.460","3.460","3.460","3.400","30.16K","1.76%"
"02/08/2018","3.400","3.450","3.490","3.350","85.16K","0.00%"
"01/08/2018","3.400","3.400","3.580","3.400","67.28K","0.00%"
"31/07/2018","3.400","3.450","3.470","3.300","49.49K","-2.02%"
"30/07/2018","3.470","3.480","3.490","3.400","42.81K","-0.29%"
"27/07/2018","3.480","3.380","3.540","3.370","108.79K","2.96%"
"26/07/2018","3.380","3.370","3.410","3.310","14.04K","0.60%"
"25/07/2018","3.360","3.270","3.360","3.270","2.69K","0.00%"
"24/07/2018","3.360","3.360","3.480","3.210","24.64K","0.30%"
"23/07/2018","3.350","3.390","3.390","3.210","6.83K","4.36%"
"20/07/2018","3.210","3.400","3.400","3.150","10.54K","-2.43%"
"19/07/2018","3.290","3.400","3.500","3.200","21.95K","-3.24%"
"18/07/2018","3.400","3.430","3.600","3.380","65.06K","4.62%"
"17/07/2018","3.250","3.100","3.410","3.100","137.52K","4.84%"
"16/07/2018","3.100","3.100","3.150","3.050","64.07K","0.98%"
"13/07/2018","3.070","3.000","3.070","2.990","6.41K","3.72%"
"12/07/2018","2.960","3.040","3.040","2.950","47.97K","0.34%"
"11/07/2018","2.950","3.000","3.000","2.910","122.36K","0.00%"
"10/07/2018","2.950","2.910","2.980","2.910","26.27K","1.37%"
"09/07/2018","2.910","3.070","3.070","2.910","23.62K","0.34%"
"06/07/2018","2.900","2.860","2.900","2.840","32.60K","1.40%"
"05/07/2018","2.860","2.880","2.920","2.810","17.63K","-0.35%"
"04/07/2018","2.870","2.970","2.970","2.840","57.52K","-2.71%"
"03/07/2018","2.950","2.990","2.990","2.950","12.97K","0.00%"
"02/07/2018","2.950","3.100","3.100","2.950","12.06K","-1.67%"
"29/06/2018","3.000","2.990","3.140","2.960","34.35K","1.01%"
"28/06/2018","2.970","2.980","2.990","2.940","13.90K","2.41%"
"27/06/2018","2.900","2.920","2.920","2.900","35.68K","-0.68%"
"26/06/2018","2.920","3.000","3.000","2.900","8.83K","0.69%"
"25/06/2018","2.900","3.050","3.050","2.900","13.93K","-2.36%"
"22/06/2018","2.970","2.950","2.980","2.930","42.65K","0.68%"
"21/06/2018","2.950","2.940","2.950","2.930","6.00K","1.03%"
"20/06/2018","2.920","2.980","2.980","2.920","2.50K","-1.02%"
"19/06/2018","2.950","3.000","3.000","2.920","11.10K","-1.67%"
"18/06/2018","3.000","3.000","3.020","2.940","14.94K","0.33%"
"15/06/2018","2.990","3.020","3.020","2.990","140.25K","-0.33%"
"14/06/2018","3.000","3.080","3.080","2.950","28.72K","-0.66%"
"13/06/2018","3.020","3.050","3.050","2.910","73.12K","-2.58%"
"12/06/2018","3.100","3.140","3.140","3.030","21.97K","-1.59%"
"11/06/2018","3.150","3.170","3.190","3.100","19.32K","0.00%"
"08/06/2018","3.150","3.160","3.180","3.010","57.01K","-0.63%"
"07/06/2018","3.170","3.230","3.230","3.100","19.64K","-0.63%"
"06/06/2018","3.190","3.310","3.310","3.110","46.98K","-3.33%"
"05/06/2018","3.300","3.300","3.420","3.300","22.14K","0.00%"
"04/06/2018","3.300","3.400","3.400","3.200","21.44K","-2.94%"
"01/06/2018","3.400","3.400","3.450","3.300","18.87K","-1.16%"
"30/05/2018","3.440","3.450","3.490","3.400","17.28K","-1.43%"
"29/05/2018","3.490","3.490","3.650","3.360","109.38K","3.25%"
"28/05/2018","3.380","3.030","3.460","3.030","887.79K","13.42%"
"25/05/2018","2.980","2.970","2.980","2.800","120.59K","3.11%"
"24/05/2018","2.890","3.150","3.150","2.820","205.91K","-6.17%"
"23/05/2018","3.080","3.350","3.360","3.020","402.22K","-8.61%"
"22/05/2018","3.370","3.390","3.390","3.370","14.80K","-0.30%"
"21/05/2018","3.380","3.430","3.460","3.340","74.28K","-2.87%"
"18/05/2018","3.480","3.490","3.500","3.440","7.85K","0.00%"
"17/05/2018","3.480","3.520","3.520","3.400","31.65K","-0.29%"
"16/05/2018","3.490","3.510","3.510","3.480","69.31K","0.00%"
"15/05/2018","3.490","3.500","3.500","3.400","100.50K","0.00%"
"14/05/2018","3.490","3.510","3.550","3.450","60.70K","-0.29%"
"11/05/2018","3.500","3.550","3.550","3.480","352.81K","1.45%"
"10/05/2018","3.450","3.390","3.500","3.290","123.70K","1.47%"
"09/05/2018","3.400","3.390","3.400","3.260","10.68K","0.00%"
"08/05/2018","3.400","3.420","3.500","3.400","17.40K","0.00%"
"07/05/2018","3.400","3.450","3.470","3.390","22.77K","-4.76%"
"04/05/2018","3.570","3.570","3.570","3.500","5.96K","-0.83%"
"02/05/2018","3.600","3.600","3.630","3.500","18.09K","0.00%"
"30/04/2018","3.600","3.590","3.740","3.590","33.90K","2.86%"
"27/04/2018","3.500","3.510","3.520","3.200","93.53K","-0.28%"
"26/04/2018","3.510","3.610","3.620","3.490","122.44K","0.86%"
"25/04/2018","3.480","3.520","3.540","3.460","50.98K","0.29%"
"24/04/2018","3.470","3.630","3.630","3.470","162.24K","0.00%"
"23/04/2018","3.470","3.660","3.660","3.470","164.78K","0.58%"
"20/04/2018","3.450","3.720","3.830","3.400","258.87K","-5.74%"
"19/04/2018","3.660","3.770","3.900","3.640","200.23K","-5.91%"
"18/04/2018","3.890","3.900","4.070","3.890","163.63K","2.10%"
"17/04/2018","3.810","3.500","4.050","3.500","345.94K","7.63%"
"16/04/2018","3.540","4.050","4.060","3.500","262.61K","-9.00%"
"13/04/2018","3.890","4.150","4.200","3.880","239.94K","-6.27%"
"12/04/2018","4.150","4.360","4.390","4.120","32.27K","-7.16%"
"11/04/2018","4.470","4.590","4.590","4.250","9.34K","-0.67%"
"10/04/2018","4.500","4.640","4.640","4.500","10.43K","-1.10%"
"09/04/2018","4.550","4.550","4.640","4.500","3.79K","0.00%"
"06/04/2018","4.550","4.530","4.570","4.460","5.54K","0.66%"
"05/04/2018","4.520","4.560","4.560","4.440","10.99K","2.73%"
"04/04/2018","4.400","4.600","4.950","4.270","156.12K","2.33%"
"03/04/2018","4.300","5.100","5.180","4.300","176.18K","-18.25%"
"29/03/2018","5.260","5.240","5.360","5.180","11.38K","1.15%"
"28/03/2018","5.200","5.160","5.260","5.160","18.40K","-0.76%"
"27/03/2018","5.240","5.160","5.240","5.160","12.08K","3.97%"
"26/03/2018","5.040","5.120","5.120","5.020","4.98K","-4.55%"
"23/03/2018","5.280","5.240","5.280","5.100","7.33K","-0.75%"
"22/03/2018","5.320","5.360","5.360","5.040","11.29K","-0.37%"
"21/03/2018","5.340","5.320","5.360","5.320","2.51K","0.75%"
"20/03/2018","5.300","5.340","5.340","5.180","7.62K","1.15%"
"19/03/2018","5.240","5.040","5.360","5.040","6.25K","3.15%"
"16/03/2018","5.080","5.140","5.180","5.040","11.37K","-0.39%"
"15/03/2018","5.100","5.120","5.220","5.060","7.53K","-1.16%"
"14/03/2018","5.160","5.300","5.380","5.060","46.45K","-2.64%"
"13/03/2018","5.300","5.440","5.440","5.280","21.57K","-2.57%"
"12/03/2018","5.440","5.440","5.440","5.440","0.81K","-1.09%"
"09/03/2018","5.500","5.520","5.520","5.400","18.69K","2.23%"
"08/03/2018","5.380","5.380","5.520","5.360","6.18K","-0.37%"
"07/03/2018","5.400","5.540","5.540","5.400","32.60K","0.00%"
"06/03/2018","5.400","5.460","5.460","5.360","9.80K","-1.10%"
"05/03/2018","5.460","5.660","5.660","5.460","15.14K","-2.15%"
"02/03/2018","5.580","5.480","5.680","5.360","10.31K","1.82%"
"01/03/2018","5.480","5.600","5.760","5.480","25.96K","-3.86%"
"28/02/2018","5.700","5.760","5.760","5.580","11.60K","-1.04%"
"27/02/2018","5.760","5.720","5.780","5.700","13.35K","-0.69%"
"26/02/2018","5.800","5.840","5.880","5.760","65.25K","0.00%"
"23/02/2018","5.800","5.780","5.920","5.780","3.91K","1.75%"
"22/02/2018","5.700","5.600","5.760","5.600","3.44K","1.79%"
"21/02/2018","5.600","5.700","5.700","5.560","7.03K","-1.41%"
"20/02/2018","5.680","5.760","5.840","5.640","7.33K","-2.74%"
"19/02/2018","5.840","5.800","5.840","5.800","0.50K","0.34%"
"16/02/2018","5.820","5.840","5.840","5.680","2.28K","-0.68%"
"15/02/2018","5.860","5.860","5.860","5.680","7.61K","0.00%"
"14/02/2018","5.860","5.860","5.860","5.760","1.17K","2.09%"
"13/02/2018","5.740","5.740","5.880","5.700","2.67K","-2.38%"
"12/02/2018","5.880","5.800","5.880","5.800","1.20K","1.38%"
"09/02/2018","5.800","5.780","5.800","5.700","1.15K","-1.02%"
"08/02/2018","5.860","5.820","5.860","5.820","0.16K","-0.34%"
"07/02/2018","5.880","5.840","5.880","5.760","9.21K","1.38%"
"06/02/2018","5.800","5.500","5.880","5.500","29.22K","-1.69%"
"05/02/2018","5.900","6.000","6.040","5.620","7.33K","-3.28%"
"02/02/2018","6.100","6.140","6.160","6.000","19.40K","0.00%"
"01/02/2018","6.100","5.980","6.200","5.980","96.64K","2.35%"
"31/01/2018","5.960","5.900","5.960","5.900","0.50K","1.02%"
"30/01/2018","5.900","6.060","6.060","5.900","1.80K","-2.64%"
"29/01/2018","6.060","5.840","6.060","5.760","6.05K","1.00%"
"26/01/2018","6.000","5.920","6.000","5.920","4.92K","0.33%"
"25/01/2018","5.980","5.940","5.980","5.940","3.70K","-1.32%"
"24/01/2018","6.060","6.060","6.060","6.000","3.48K","0.00%"
"23/01/2018","6.060","6.080","6.100","6.060","8.32K","0.00%"
"22/01/2018","6.060","6.040","6.060","6.040","26.84K","0.00%"
"19/01/2018","6.060","6.000","6.060","6.000","8.45K","1.00%"
"18/01/2018","6.000","6.040","6.060","6.000","2.38K","-0.99%"
"17/01/2018","6.060","5.960","6.060","5.960","6.21K","1.00%"
"16/01/2018","6.000","6.140","6.140","6.000","3.62K","-1.32%"
"15/01/2018","6.080","6.020","6.100","6.020","5.78K","-0.33%"
"12/01/2018","6.100","6.100","6.240","6.060","34.60K","0.00%"
"11/01/2018","6.100","6.000","6.180","6.000","24.83K","1.67%"
"10/01/2018","6.000","5.900","6.000","5.900","7.41K","0.00%"
"09/01/2018","6.000","6.000","6.060","6.000","29.44K","0.33%"
"08/01/2018","5.980","5.860","5.980","5.840","12.94K","3.82%"
"05/01/2018","5.760","5.880","5.880","5.760","4.99K","-0.69%"
"04/01/2018","5.800","5.680","5.800","5.680","5.04K","5.07%"
"03/01/2018","5.520","5.700","6.240","5.480","4.65K","1.28%"
"29/12/2017","5.450","5.490","5.490","5.450","0.06K","-0.73%"
"28/12/2017","5.490","5.500","5.600","5.490","2.21K","-2.83%"
"27/12/2017","5.650","5.450","5.650","5.400","43.00K","3.67%"
"22/12/2017","5.450","5.410","5.450","5.410","2.97K","0.00%"
"20/12/2017","5.450","5.400","5.450","5.390","5.11K","0.74%"
"19/12/2017","5.410","5.410","5.480","5.280","22.91K","-0.18%"
"18/12/2017","5.420","5.350","5.420","5.250","30.98K","-0.55%"
"15/12/2017","5.450","5.330","5.450","5.310","28.34K","0.18%"
"14/12/2017","5.440","5.280","5.450","5.260","17.39K","0.74%"
"13/12/2017","5.400","5.300","5.450","5.300","3.36K","1.12%"
"12/12/2017","5.340","5.260","5.340","5.260","4.35K","0.75%"
"11/12/2017","5.300","5.350","5.350","5.210","8.22K","0.00%"
"08/12/2017","5.300","5.250","5.340","5.240","13.96K","0.00%"
"07/12/2017","5.300","5.350","5.350","5.260","9.55K","-0.93%"
"06/12/2017","5.350","5.360","5.360","5.300","3.80K","-0.93%"
"05/12/2017","5.400","5.410","5.420","5.400","1.68K","-4.59%"
"04/12/2017","5.660","5.270","5.660","5.210","3.07K","4.62%"
"01/12/2017","5.410","5.270","5.410","5.270","1.17K","0.93%"
"30/11/2017","5.360","5.360","5.370","5.280","3.24K","0.37%"
"29/11/2017","5.340","5.300","5.350","5.300","4.69K","-1.11%"
"28/11/2017","5.400","5.360","5.410","5.300","4.82K","0.19%"
"27/11/2017","5.390","5.440","5.590","5.390","2.61K","0.00%"
"24/11/2017","5.390","5.470","5.470","5.320","21.40K","-1.46%"
"23/11/2017","5.470","5.470","5.590","5.470","12.18K","-1.44%"
"22/11/2017","5.550","5.580","5.600","5.460","6.82K","-0.54%"
"21/11/2017","5.580","5.390","5.580","5.360","14.33K","3.53%"
"20/11/2017","5.390","5.350","5.420","5.090","33.54K","0.75%"
"17/11/2017","5.350","5.420","5.420","5.070","11.95K","-1.29%"
"16/11/2017","5.420","5.500","5.500","5.420","4.04K","-1.81%"
"15/11/2017","5.520","5.520","5.580","5.510","2.69K","-1.25%"
"14/11/2017","5.590","5.590","5.590","5.520","0.63K","1.45%"
"13/11/2017","5.510","5.520","5.590","5.500","4.33K","-1.96%"
"10/11/2017","5.620","5.550","5.620","5.510","3.80K","1.26%"
"09/11/2017","5.550","5.570","5.570","5.510","4.05K","-0.89%"
"08/11/2017","5.600","5.580","5.610","5.580","50.37K","1.27%"
"07/11/2017","5.530","5.620","5.700","5.530","11.25K","-1.60%"
"06/11/2017","5.620","5.790","5.790","5.620","6.63K","-3.10%"
"03/11/2017","5.800","5.850","5.850","5.800","4.89K","-0.85%"
"02/11/2017","5.850","5.850","5.860","5.850","1.10K","0.00%"
"31/10/2017","5.850","5.860","5.930","5.850","1.97K","-1.52%"
"27/10/2017","5.940","5.830","5.940","5.810","4.96K","1.71%"
"26/10/2017","5.840","5.860","5.920","5.810","2.45K","0.52%"
"25/10/2017","5.810","5.920","5.930","5.810","6.98K","-0.17%"
"24/10/2017","5.820","6.190","6.190","5.790","15.26K","-3.80%"
"23/10/2017","6.050","6.040","6.200","5.900","36.80K","0.67%"
"20/10/2017","6.010","5.960","6.070","5.960","19.42K","0.84%"
"19/10/2017","5.960","5.810","6.030","5.800","13.42K","1.02%"
"18/10/2017","5.900","5.890","5.960","5.670","31.18K","1.72%"
"17/10/2017","5.800","5.800","5.890","5.790","6.73K","-0.51%"
"16/10/2017","5.830","5.710","5.900","5.710","31.97K","2.28%"
"13/10/2017","5.700","5.680","5.850","5.680","18.66K","1.79%"
"12/10/2017","5.600","5.660","5.690","5.600","2.71K","-1.06%"
"11/10/2017","5.660","5.600","5.660","5.550","3.82K","1.07%"
"10/10/2017","5.600","5.600","5.640","5.600","7.14K","1.08%"
"09/10/2017","5.540","5.580","5.600","5.510","1.05K","-0.72%"
"06/10/2017","5.580","5.540","5.600","5.520","21.67K","1.45%"
"05/10/2017","5.500","5.510","5.600","5.500","8.36K","-0.72%"
"04/10/2017","5.540","5.600","5.600","5.540","0.10K","-1.60%"
"03/10/2017","5.630","5.510","5.630","5.510","0.39K","3.87%"
"02/10/2017","5.420","5.500","5.500","5.420","1.93K","0.18%"
"29/09/2017","5.410","5.600","5.600","5.410","15.80K","-1.64%"
"28/09/2017","5.500","5.610","5.650","5.430","18.98K","-1.61%"
"27/09/2017","5.590","5.700","5.700","5.570","3.46K","-1.06%"
"26/09/2017","5.650","5.650","5.690","5.630","8.77K","0.00%"
"25/09/2017","5.650","5.650","5.650","5.650","1.25K","0.36%"
"22/09/2017","5.630","5.720","5.720","5.630","4.11K","-1.05%"
"21/09/2017","5.690","5.560","5.700","5.560","11.68K","0.18%"
"20/09/2017","5.680","5.600","5.740","5.600","15.75K","1.43%"
"19/09/2017","5.600","5.620","5.650","5.600","2.74K","0.18%"
"18/09/2017","5.590","5.640","5.650","5.590","1.98K","0.72%"
"15/09/2017","5.550","5.540","5.550","5.540","0.79K","0.54%"
"14/09/2017","5.520","5.570","5.570","5.510","11.00K","-0.18%"
"13/09/2017","5.530","5.600","5.650","5.530","4.60K","-2.12%"
"12/09/2017","5.650","5.590","5.690","5.500","10.64K","1.62%"
"11/09/2017","5.560","5.680","5.690","5.530","6.18K","-0.54%"
"08/09/2017","5.590","5.600","5.700","5.580","4.80K","-1.76%"
"07/09/2017","5.690","5.650","5.700","5.630","11.43K","0.71%"
"06/09/2017","5.650","5.650","5.750","5.640","5.18K","0.36%"
"05/09/2017","5.630","5.610","5.650","5.520","5.43K","0.36%"
"04/09/2017","5.610","5.530","5.670","5.410","22.67K","0.54%"
"01/09/2017","5.580","5.610","5.680","5.410","20.10K","-1.41%"
"31/08/2017","5.660","5.770","5.920","5.610","18.72K","-2.25%"
"30/08/2017","5.790","5.950","5.960","5.700","15.58K","-2.36%"
"29/08/2017","5.930","5.920","5.970","5.860","7.55K","-0.84%"
"28/08/2017","5.980","5.970","5.980","5.900","4.99K","0.34%"
"25/08/2017","5.960","5.940","5.980","5.910","2.92K","-0.83%"
"24/08/2017","6.010","6.030","6.030","5.910","6.10K","0.17%"
"23/08/2017","6.000","5.870","6.030","5.850","13.81K","-0.66%"
"22/08/2017","6.040","6.050","6.050","5.820","4.24K","0.33%"
"21/08/2017","6.020","6.020","6.020","5.790","7.43K","0.33%"
"18/08/2017","6.000","6.050","6.050","6.000","2.90K","0.00%"
"17/08/2017","6.000","6.040","6.050","5.900","17.75K","-0.50%"
"16/08/2017","6.030","6.000","6.080","5.970","46.92K","0.67%"
"14/08/2017","5.990","5.940","6.000","5.940","5.00K","1.01%"
"11/08/2017","5.930","5.940","5.940","5.820","0.32K","0.00%"
"10/08/2017","5.930","5.920","5.970","5.830","10.07K","2.60%"
"09/08/2017","5.780","5.890","6.050","5.760","37.06K","-0.69%"
"08/08/2017","5.820","5.740","5.880","5.720","6.88K","0.17%"
"07/08/2017","5.810","5.850","5.890","5.810","8.45K","-0.17%"
"04/08/2017","5.820","5.730","5.900","5.730","8.82K","0.34%"
"03/08/2017","5.800","5.840","5.840","5.700","12.80K","0.00%"
"02/08/2017","5.800","5.580","5.880","5.580","21.83K","3.57%"
"01/08/2017","5.600","5.510","5.720","5.510","2.91K","0.54%"
"31/07/2017","5.570","5.560","5.650","5.530","14.54K","0.00%"
"28/07/2017","5.570","5.720","5.720","5.550","16.15K","-1.42%"
"27/07/2017","5.650","5.640","5.700","5.640","3.11K","1.07%"
"26/07/2017","5.590","5.680","5.680","5.530","38.72K","-1.93%"
"25/07/2017","5.700","5.700","5.700","5.650","2.67K","1.06%"
"24/07/2017","5.640","5.660","5.700","5.640","2.03K","-1.57%"
"21/07/2017","5.730","5.700","5.760","5.640","26.80K","1.24%"
"20/07/2017","5.660","5.700","5.740","5.640","5.41K","-0.35%"
"19/07/2017","5.680","5.690","5.800","5.680","13.90K","-0.18%"
"18/07/2017","5.690","5.700","5.750","5.660","2.84K","-0.18%"
"17/07/2017","5.700","5.770","5.770","5.660","11.18K","0.00%"
"14/07/2017","5.700","5.730","5.800","5.670","12.72K","-0.52%"
"13/07/2017","5.730","5.720","5.800","5.620","69.07K","-1.04%"
"12/07/2017","5.790","5.940","5.940","5.790","2.84K","-2.69%"
"11/07/2017","5.950","5.940","5.950","5.750","5.36K","2.41%"
"10/07/2017","5.810","5.940","6.090","5.630","7.26K","-2.35%"
"07/07/2017","5.950","5.980","5.990","5.950","2.25K","-1.49%"
"06/07/2017","6.040","6.040","6.090","5.970","12.89K","-0.98%"
"05/07/2017","6.100","5.960","6.100","5.960","13.86K","2.35%"
"04/07/2017","5.960","6.090","6.090","5.950","8.88K","-2.13%"
"03/07/2017","6.090","6.080","6.120","5.860","22.25K","-0.49%"
"30/06/2017","6.120","6.160","6.160","6.120","15.07K","-1.29%"
"29/06/2017","6.200","6.330","6.330","6.200","6.88K","-2.05%"
"28/06/2017","6.330","6.490","6.490","6.250","5.37K","-1.09%"
"27/06/2017","6.400","6.250","6.500","6.250","28.68K","0.95%"
"26/06/2017","6.340","6.150","6.340","6.150","2.41K","2.76%"
"23/06/2017","6.170","6.150","6.250","6.150","0.83K","-1.44%"
"22/06/2017","6.260","6.450","6.450","6.150","1.13K","0.97%"
"21/06/2017","6.200","6.300","6.300","6.200","1.50K","0.00%"
"20/06/2017","6.200","6.270","6.270","6.050","3.23K","-1.12%"
"19/06/2017","6.270","6.390","6.390","6.270","2.32K","0.32%"
"16/06/2017","6.250","6.320","6.320","6.250","1.83K","-1.11%"
"14/06/2017","6.320","6.360","6.390","6.320","9.28K","-0.63%"
"13/06/2017","6.360","6.400","6.400","6.350","2.93K","0.32%"
"12/06/2017","6.340","6.400","6.450","6.340","16.65K","-0.94%"
"09/06/2017","6.400","6.390","6.410","6.310","7.17K","0.16%"
"08/06/2017","6.390","6.410","6.540","6.390","30.26K","-0.16%"
"07/06/2017","6.400","6.380","6.410","6.380","9.88K","0.63%"
"06/06/2017","6.360","6.450","6.450","6.310","15.04K","-2.15%"
"05/06/2017","6.500","6.550","6.620","6.500","5.73K","-0.46%"
"02/06/2017","6.530","6.620","6.620","6.520","9.44K","-1.66%"
"01/06/2017","6.640","6.610","6.640","6.520","2.48K","2.15%"
"31/05/2017","6.500","6.640","6.640","6.430","2.84K","0.15%"
"30/05/2017","6.490","6.550","6.610","6.490","4.04K","-1.67%"
"29/05/2017","6.600","6.490","6.600","6.430","6.94K","1.54%"
"26/05/2017","6.500","6.650","6.690","6.500","10.26K","-2.99%"
"25/05/2017","6.700","6.790","6.880","6.550","32.00K","3.08%"
"24/05/2017","6.500","6.600","6.600","6.460","14.96K","0.15%"
"23/05/2017","6.490","6.650","6.650","6.430","13.30K","-1.67%"
"22/05/2017","6.600","6.600","6.650","6.600","4.95K","0.00%"
"19/05/2017","6.600","6.640","6.640","6.600","1.01K","0.00%"
"18/05/2017","6.600","6.510","6.640","6.270","23.30K","-0.75%"
"17/05/2017","6.650","6.700","6.700","6.650","9.67K","-0.45%"
"16/05/2017","6.680","6.740","6.790","6.670","8.38K","-0.30%"
"15/05/2017","6.700","6.600","6.720","6.600","23.28K","1.52%"
"12/05/2017","6.600","6.540","6.620","6.500","3.66K","0.30%"
"11/05/2017","6.580","6.600","6.600","6.580","3.02K","-0.30%"
"10/05/2017","6.600","6.640","6.640","6.500","5.63K","1.54%"
"09/05/2017","6.500","6.580","6.640","6.500","34.59K","0.00%"
"08/05/2017","6.500","6.600","6.600","6.500","6.26K","-1.52%"
"05/05/2017","6.600","6.600","6.600","6.500","9.20K","-0.75%"
"04/05/2017","6.650","6.580","6.680","6.580","1.30K","-0.45%"
"02/05/2017","6.680","6.680","6.680","6.520","8.05K","2.77%"
"28/04/2017","6.500","6.900","6.940","6.370","35.30K","-4.27%"
"27/04/2017","6.790","6.540","6.800","6.490","37.12K","2.57%"
"26/04/2017","6.620","6.590","6.620","6.520","4.37K","0.46%"
"25/04/2017","6.590","6.640","6.640","6.400","5.95K","-0.15%"
"24/04/2017","6.600","6.600","6.640","6.360","18.45K","-0.45%"
"21/04/2017","6.630","6.640","6.640","6.570","2.38K","-0.15%"
"20/04/2017","6.640","6.500","6.640","6.500","18.43K","2.15%"
"19/04/2017","6.500","6.280","6.560","6.280","23.60K","4.00%"
"18/04/2017","6.250","6.450","6.600","6.050","26.96K","-3.10%"
"13/04/2017","6.450","6.450","6.450","6.310","0.35K","1.57%"
"12/04/2017","6.350","6.450","6.450","6.350","0.93K","-1.55%"
"11/04/2017","6.450","6.360","6.450","6.360","1.49K","-0.77%"
"10/04/2017","6.500","6.400","6.570","6.400","2.39K","0.00%"
"07/04/2017","6.500","6.460","6.500","6.460","2.90K","0.78%"
"06/04/2017","6.450","6.330","6.450","6.140","30.01K","1.42%"
"05/04/2017","6.360","6.260","6.370","6.120","20.85K","1.60%"
"04/04/2017","6.260","6.500","6.500","6.100","22.55K","-3.69%"
"03/04/2017","6.500","6.360","6.600","6.360","165.98K","7.97%"
"31/03/2017","6.020","6.240","6.280","6.010","37.55K","-3.53%"
"30/03/2017","6.240","6.520","6.520","6.220","47.23K","-4.29%"
"29/03/2017","6.520","6.790","6.790","6.400","28.01K","-3.98%"
"28/03/2017","6.790","6.730","6.790","6.730","2.10K","1.34%"
"27/03/2017","6.700","6.790","6.790","6.600","4.81K","-1.33%"
"24/03/2017","6.790","6.870","6.970","6.610","4.98K","0.00%"
"23/03/2017","6.790","6.790","6.790","6.790","1.70K","0.00%"
"22/03/2017","6.790","6.710","6.800","6.600","22.65K","0.74%"
"21/03/2017","6.740","6.810","6.940","6.720","4.13K","-3.16%"
"20/03/2017","6.960","6.870","7.030","6.870","3.67K","0.00%"
"17/03/2017","6.960","6.990","7.050","6.960","8.20K","-0.43%"
"16/03/2017","6.990","7.090","7.090","6.840","3.28K","-1.41%"
"15/03/2017","7.090","7.000","7.090","6.810","9.62K","1.29%"
"14/03/2017","7.000","7.100","7.130","7.000","9.57K","-1.27%"
"13/03/2017","7.090","6.870","7.150","6.870","11.47K","3.20%"
"10/03/2017","6.870","6.600","6.980","6.600","16.33K","3.15%"
"09/03/2017","6.660","6.750","6.770","6.630","11.55K","-3.48%"
"08/03/2017","6.900","6.850","6.930","6.780","10.52K","-0.43%"
"07/03/2017","6.930","6.900","6.930","6.850","11.43K","-1.70%"
"06/03/2017","7.050","7.110","7.110","6.920","53.10K","-1.40%"
"03/03/2017","7.150","7.220","7.220","7.050","91.02K","-0.97%"
"02/03/2017","7.220","6.890","7.400","6.880","205.27K","4.79%"
"01/03/2017","6.890","6.530","6.950","6.520","222.83K","6.16%"
"28/02/2017","6.490","6.500","6.530","6.490","61.74K","-0.15%"
"27/02/2017","6.500","6.490","6.600","6.470","9.65K","0.31%"
"24/02/2017","6.480","6.550","6.550","6.400","9.81K","-1.82%"
"23/02/2017","6.600","6.660","6.680","6.450","26.36K","-0.90%"
"22/02/2017","6.660","6.460","6.800","6.460","120.46K","3.26%"
"21/02/2017","6.450","6.380","6.490","6.350","251.43K","2.38%"
"20/02/2017","6.300","6.180","6.300","5.770","262.57K","3.45%"
"17/02/2017","6.090","6.500","6.500","6.060","105.42K","-6.16%"
"16/02/2017","6.490","6.790","6.790","6.420","71.92K","-0.31%"
"15/02/2017","6.510","6.600","6.670","6.510","17.77K","-1.36%"
"14/02/2017","6.600","6.500","6.600","6.460","15.36K","0.00%"
"13/02/2017","6.600","6.600","6.660","6.490","21.24K","-0.75%"
"10/02/2017","6.650","6.610","6.700","6.580","30.07K","0.76%"
"09/02/2017","6.600","6.550","6.600","6.420","125.17K","2.01%"
"08/02/2017","6.470","6.450","6.470","6.400","130.30K","0.78%"
"07/02/2017","6.420","6.550","6.590","6.410","109.14K","-1.98%"
"06/02/2017","6.550","6.420","6.650","6.400","53.20K","2.18%"
"03/02/2017","6.410","6.390","6.440","6.300","21.94K","0.31%"
"02/02/2017","6.390","6.330","6.390","6.200","34.64K","2.24%"
"01/02/2017","6.250","6.230","6.250","6.220","7.62K","0.48%"
"31/01/2017","6.220","6.050","6.230","6.050","25.09K","2.81%"
"30/01/2017","6.050","6.180","6.180","6.000","5.84K","-1.94%"
"27/01/2017","6.170","6.110","6.170","6.020","34.23K","0.82%"
"26/01/2017","6.120","6.130","6.200","6.100","10.05K","-0.49%"
"25/01/2017","6.150","6.180","6.190","6.070","36.32K","-0.65%"
"24/01/2017","6.190","5.800","6.250","5.750","163.15K","5.81%"
"23/01/2017","5.850","5.350","5.870","5.350","46.54K","7.73%"
"20/01/2017","5.430","5.520","5.600","5.430","2.64K","-1.45%"
"19/01/2017","5.510","5.420","5.510","5.420","20.47K","0.18%"
"18/01/2017","5.500","5.550","5.550","5.440","7.29K","-0.36%"
"17/01/2017","5.520","5.200","5.520","5.180","51.24K","6.77%"
"16/01/2017","5.170","5.240","5.240","5.030","25.32K","-1.34%"
"13/01/2017","5.240","5.230","5.240","5.180","9.00K","-0.95%"
"12/01/2017","5.290","5.300","5.310","5.180","31.69K","-0.19%"
"11/01/2017","5.300","5.300","5.360","5.290","16.47K","-0.75%"
"10/01/2017","5.340","5.300","5.430","5.290","11.24K","0.75%"
"09/01/2017","5.300","5.250","5.300","5.240","10.18K","0.19%"
"05/01/2017","5.290","5.250","5.300","5.220","24.29K","0.57%"
"04/01/2017","5.260","5.270","5.330","5.220","11.29K","-0.19%"
"03/01/2017","5.270","5.340","5.390","5.220","14.36K","-1.50%"
"02/01/2017","5.350","5.350","5.350","5.300","2.09K","0.19%"
"30/12/2016","5.340","5.400","5.440","5.280","7.66K","-0.93%"
"29/12/2016","5.390","5.340","5.390","5.210","7.72K","1.70%"
"28/12/2016","5.300","5.390","5.390","5.160","21.37K","1.92%"
"27/12/2016","5.200","5.300","5.330","5.200","4.28K","0.19%"
"23/12/2016","5.190","5.300","5.300","5.160","14.67K","-3.17%"
"22/12/2016","5.360","5.390","5.390","5.300","0.17K","-0.19%"
"21/12/2016","5.370","5.400","5.400","5.290","2.43K","-0.56%"
"20/12/2016","5.400","5.310","5.480","5.290","2.10K","0.19%"
"19/12/2016","5.390","5.240","5.390","5.240","7.36K","3.65%"
"16/12/2016","5.200","5.190","5.260","5.180","8.65K","0.19%"
"15/12/2016","5.190","5.190","5.270","5.180","10.82K","-0.95%"
"14/12/2016","5.240","5.230","5.450","5.230","9.55K","0.77%"
"13/12/2016","5.200","5.460","5.500","5.200","24.18K","-5.45%"
"12/12/2016","5.500","5.610","5.610","5.480","27.18K","-1.79%"
"09/12/2016","5.600","5.560","5.600","5.550","4.58K","-0.53%"
"08/12/2016","5.630","5.670","5.680","5.540","16.00K","-0.71%"
"07/12/2016","5.670","5.670","5.670","5.550","7.10K","0.00%"
"06/12/2016","5.670","5.580","5.670","5.550","9.02K","1.61%"
"05/12/2016","5.580","5.500","5.590","5.480","7.44K","0.90%"
"02/12/2016","5.530","5.550","5.550","5.450","2.39K","0.18%"
"01/12/2016","5.520","5.580","5.640","5.520","4.45K","-2.13%"
"30/11/2016","5.640","5.500","5.650","5.500","9.28K","0.89%"
"29/11/2016","5.590","5.730","5.730","5.510","2.07K","-1.93%"
"28/11/2016","5.700","5.710","5.770","5.550","3.75K","0.18%"
"25/11/2016","5.690","5.420","5.690","5.420","11.59K","3.64%"
"24/11/2016","5.490","5.500","5.500","5.380","6.54K","-1.08%"
"23/11/2016","5.550","5.490","5.550","5.450","1.31K","1.09%"
"22/11/2016","5.490","5.500","5.590","5.430","10.29K","-1.44%"
"21/11/2016","5.570","5.370","5.600","5.370","6.44K","3.53%"
"18/11/2016","5.380","5.560","5.560","5.300","21.74K","-4.27%"
"17/11/2016","5.620","5.630","5.700","5.610","3.67K","-1.58%"
"16/11/2016","5.710","5.630","5.710","5.630","1.42K","0.18%"
"15/11/2016","5.700","5.970","5.970","5.650","6.13K","-0.87%"
"14/11/2016","5.750","5.860","5.860","5.750","5.48K","-3.04%"
"10/11/2016","5.930","5.800","6.070","5.800","26.84K","3.13%"
"09/11/2016","5.750","5.600","5.750","5.600","10.48K","-0.69%"
"08/11/2016","5.790","5.670","5.800","5.670","16.03K","-0.86%"
"07/11/2016","5.840","5.700","5.850","5.700","11.68K","0.69%"
"04/11/2016","5.800","5.600","5.850","5.520","37.57K","1.58%"
"03/11/2016","5.710","5.600","5.710","5.600","50.23K","0.53%"
"02/11/2016","5.680","5.850","5.850","5.610","52.30K","-4.86%"
"31/10/2016","5.970","5.850","5.980","5.850","27.23K","2.58%"
"28/10/2016","5.820","5.750","5.820","5.700","26.29K","1.39%"
"27/10/2016","5.740","5.670","5.750","5.670","17.57K","1.23%"
"26/10/2016","5.670","5.670","5.670","5.640","10.23K","1.25%"
"25/10/2016","5.600","5.580","5.660","5.580","24.69K","0.90%"
"24/10/2016","5.550","5.680","5.680","5.510","10.07K","-2.29%"
"21/10/2016","5.680","5.520","5.680","5.520","34.17K","2.90%"
"20/10/2016","5.520","5.490","5.520","5.400","17.65K","0.73%"
"19/10/2016","5.480","5.490","5.490","5.400","7.29K","1.11%"
"18/10/2016","5.420","5.450","5.450","5.360","7.91K","-0.55%"
"17/10/2016","5.450","5.300","5.490","5.200","36.15K","4.61%"
"14/10/2016","5.210","5.270","5.330","5.100","15.13K","-1.14%"
"13/10/2016","5.270","5.200","5.270","5.120","17.79K","0.19%"
"12/10/2016","5.260","5.220","5.270","5.160","3.48K","0.77%"
"11/10/2016","5.220","5.300","5.310","5.220","9.75K","-2.25%"
"10/10/2016","5.340","5.300","5.390","5.270","6.35K","-0.93%"
"07/10/2016","5.390","5.390","5.390","5.300","5.43K","0.00%"
"06/10/2016","5.390","5.310","5.500","5.310","0.32K","-1.28%"
"05/10/2016","5.460","5.370","5.470","5.300","6.93K","1.11%"
"04/10/2016","5.400","5.310","5.400","5.270","20.81K","1.89%"
"03/10/2016","5.300","5.400","5.400","5.260","23.58K","-3.28%"
"30/09/2016","5.480","5.430","5.480","5.400","1.86K","0.92%"
"29/09/2016","5.430","5.530","5.650","5.420","6.92K","-2.16%"
"28/09/2016","5.550","5.550","5.560","5.530","5.11K","0.00%"
"27/09/2016","5.550","5.700","5.700","5.530","5.33K","-1.77%"
"26/09/2016","5.650","5.610","5.650","5.530","1.15K","-0.70%"
"23/09/2016","5.690","5.640","5.700","5.570","34.22K","1.61%"
"22/09/2016","5.600","5.690","5.740","5.530","11.36K","-0.88%"
"21/09/2016","5.650","5.650","5.700","5.570","11.38K","0.00%"
"20/09/2016","5.650","5.740","5.740","5.650","4.90K","0.00%"
"19/09/2016","5.650","5.500","5.800","5.500","32.22K","1.44%"
"16/09/2016","5.570","5.450","5.570","5.450","4.88K","1.64%"
"15/09/2016","5.480","5.500","5.580","5.480","5.07K","0.55%"
"14/09/2016","5.450","5.460","5.460","5.450","5.10K","-0.18%"
"13/09/2016","5.460","5.460","5.590","5.460","3.05K","0.18%"
"12/09/2016","5.450","5.430","5.490","5.370","12.80K","-0.91%"
"09/09/2016","5.500","5.600","5.600","5.500","4.62K","-1.79%"
"08/09/2016","5.600","5.660","5.710","5.600","2.27K","-1.93%"
"07/09/2016","5.710","5.650","5.710","5.500","21.39K","2.51%"
"06/09/2016","5.570","5.540","5.700","5.540","21.65K","0.54%"
"05/09/2016","5.540","5.490","5.540","5.490","5.38K","0.73%"
"02/09/2016","5.500","5.490","5.500","5.350","9.18K","0.55%"
"01/09/2016","5.470","5.400","5.470","5.400","20.55K","0.37%"
"31/08/2016","5.450","5.390","5.470","5.310","4.89K","1.11%"
"30/08/2016","5.390","5.310","5.390","5.310","18.51K","0.56%"
"29/08/2016","5.360","5.380","5.380","5.300","4.20K","-0.37%"
"26/08/2016","5.380","5.350","5.380","5.350","1.25K","-0.55%"
"25/08/2016","5.410","5.400","5.410","5.400","3.10K","-0.73%"
"24/08/2016","5.450","5.500","5.550","5.450","14.20K","-1.45%"
"23/08/2016","5.530","5.350","5.530","5.310","18.42K","3.36%"
"22/08/2016","5.350","5.440","5.440","5.280","19.53K","-0.56%"
"19/08/2016","5.380","5.380","5.450","5.230","3.27K","2.48%"
"18/08/2016","5.250","5.260","5.260","5.200","11.00K","0.57%"
"17/08/2016","5.220","5.330","5.330","5.200","8.32K","-0.38%"
"16/08/2016","5.240","5.100","5.250","5.100","21.33K","2.95%"
"12/08/2016","5.090","5.330","5.330","5.090","6.14K","-1.17%"
"11/08/2016","5.150","5.150","5.180","5.150","3.83K","0.00%"
"10/08/2016","5.150","5.380","5.380","5.120","17.36K","-2.83%"
"09/08/2016","5.300","5.520","5.520","5.280","25.27K","-3.64%"
"08/08/2016","5.500","5.550","5.550","5.400","6.14K","0.00%"
"05/08/2016","5.500","5.420","5.550","5.420","7.25K","0.00%"
"04/08/2016","5.500","5.500","5.500","5.490","6.24K","0.18%"
"03/08/2016","5.490","5.590","5.590","5.490","0.76K","0.37%"
"02/08/2016","5.470","5.590","5.590","5.470","10.70K","-2.15%"
"01/08/2016","5.590","5.630","5.630","5.560","2.02K","-0.71%"
"29/07/2016","5.630","5.540","5.630","5.500","3.07K","-0.35%"
"28/07/2016","5.650","5.690","5.690","5.540","3.27K","-0.70%"
"27/07/2016","5.690","5.650","5.690","5.600","15.77K","-1.73%"
"26/07/2016","5.790","5.640","5.790","5.600","35.17K","3.58%"
"25/07/2016","5.590","5.450","5.590","5.450","37.40K","3.52%"
"22/07/2016","5.400","5.450","5.490","5.390","23.44K","-0.92%"
"21/07/2016","5.450","5.530","5.530","5.430","3.70K","-0.91%"
"20/07/2016","5.500","5.500","5.500","5.500","0.44K","0.00%"
"19/07/2016","5.500","5.530","5.550","5.450","6.82K","-1.43%"
"18/07/2016","5.580","5.570","5.660","5.570","2.75K","0.72%"
"15/07/2016","5.540","5.450","5.550","5.450","3.52K","-0.18%"
"14/07/2016","5.550","5.460","5.580","5.450","7.15K","-0.54%"
"13/07/2016","5.580","5.440","5.580","5.440","7.83K","1.64%"
"12/07/2016","5.490","5.440","5.600","5.440","12.99K","0.73%"
"11/07/2016","5.450","5.380","5.450","5.380","0.74K","1.30%"
"08/07/2016","5.380","5.090","5.390","5.050","12.21K","6.53%"
"07/07/2016","5.050","5.140","5.200","5.000","12.56K","-0.59%"
"06/07/2016","5.080","5.050","5.100","4.910","8.82K","-0.39%"
"05/07/2016","5.100","5.330","5.330","5.090","18.22K","-3.77%"
"04/07/2016","5.300","5.000","5.340","4.900","23.16K","0.95%"
"01/07/2016","5.250","5.360","5.370","5.250","3.51K","-1.69%"
"30/06/2016","5.340","5.340","5.350","5.220","5.47K","0.75%"
"29/06/2016","5.300","5.170","5.380","5.170","9.54K","2.91%"
"28/06/2016","5.150","5.010","5.170","5.010","19.35K","3.00%"
"27/06/2016","5.000","5.080","5.140","5.000","20.79K","-0.99%"
"24/06/2016","5.050","4.800","5.060","4.510","38.36K","-0.20%"
"23/06/2016","5.060","5.150","5.190","5.060","16.29K","-2.69%"
"22/06/2016","5.200","5.280","5.280","5.110","18.20K","-1.89%"
"21/06/2016","5.300","5.260","5.440","5.260","0.15K","1.92%"
"20/06/2016","5.200","5.270","5.450","5.200","4.35K","-1.33%"
"17/06/2016","5.270","5.490","5.490","5.270","6.26K","-1.50%"
"16/06/2016","5.350","5.360","5.450","5.330","39.74K","-2.19%"
"15/06/2016","5.470","5.500","5.680","5.350","36.01K","-0.55%"
"14/06/2016","5.500","5.370","5.500","5.070","24.86K","1.85%"
"13/06/2016","5.400","5.750","5.750","5.300","35.86K","-6.09%"
"10/06/2016","5.750","5.860","5.860","5.700","9.44K","-0.86%"
"09/06/2016","5.800","5.900","5.900","5.700","9.56K","0.52%"
"08/06/2016","5.770","5.940","5.940","5.770","8.74K","-1.03%"
"07/06/2016","5.830","5.840","5.900","5.810","18.56K","0.69%"
"06/06/2016","5.790","5.720","5.790","5.680","18.56K","-1.03%"
"03/06/2016","5.850","5.830","5.870","5.700","14.61K","2.27%"
"02/06/2016","5.720","5.860","5.870","5.720","13.89K","0.00%"
"01/06/2016","5.720","5.980","5.980","5.720","11.83K","-4.19%"
"31/05/2016","5.970","6.040","6.040","5.910","2.93K","-1.16%"
"30/05/2016","6.040","6.080","6.080","5.850","5.87K","0.67%"
"27/05/2016","6.000","6.150","6.150","5.850","39.68K","-1.64%"
"25/05/2016","6.100","6.170","6.550","5.950","123.52K","2.69%"
"24/05/2016","5.940","5.940","5.990","5.860","7.11K","2.06%"
"23/05/2016","5.820","5.840","5.940","5.800","8.56K","-0.34%"
"20/05/2016","5.840","5.870","5.870","5.800","1.71K","0.34%"
"19/05/2016","5.820","5.760","5.890","5.750","22.49K","-1.02%"
"18/05/2016","5.880","5.940","5.940","5.830","11.92K","0.00%"
"17/05/2016","5.880","5.890","5.900","5.830","17.32K","0.86%"
"16/05/2016","5.830","5.920","5.920","5.800","9.39K","1.39%"
"13/05/2016","5.750","5.830","5.830","5.750","3.10K","-0.52%"
"12/05/2016","5.780","5.760","5.830","5.750","34.13K","0.52%"
"11/05/2016","5.750","5.740","5.830","5.740","1.54K","-0.69%"
"10/05/2016","5.790","5.790","5.890","5.710","33.78K","-1.03%"
"09/05/2016","5.850","5.750","5.960","5.700","9.60K","2.63%"
"06/05/2016","5.700","5.800","5.890","5.400","33.40K","-1.89%"
"05/05/2016","5.810","6.050","6.050","5.750","28.46K","-3.97%"
"04/05/2016","6.050","6.060","6.110","6.010","23.57K","0.33%"
"02/05/2016","6.030","6.120","6.120","6.020","6.29K","-0.99%"
"29/04/2016","6.090","6.150","6.180","6.000","20.35K","-0.98%"
"28/04/2016","6.150","6.330","6.330","6.100","16.44K","-1.60%"
"27/04/2016","6.250","6.190","6.420","6.060","35.12K","0.97%"
"26/04/2016","6.190","6.140","6.280","6.140","56.97K","1.81%"
"25/04/2016","6.080","6.130","6.130","6.030","6.60K","-0.82%"
"22/04/2016","6.130","6.080","6.130","6.060","10.51K","0.66%"
"21/04/2016","6.090","6.090","6.090","6.050","34.23K","0.00%"
"20/04/2016","6.090","6.100","6.100","6.000","14.27K","-0.98%"
"19/04/2016","6.150","6.200","6.200","5.990","49.75K","-0.81%"
"18/04/2016","6.200","6.110","6.250","6.030","14.79K","-0.16%"
"15/04/2016","6.210","6.350","6.360","6.000","42.39K","-2.20%"
"14/04/2016","6.350","6.350","6.430","6.320","2.87K","-1.40%"
"13/04/2016","6.440","6.440","6.440","6.330","2.68K","0.00%"
"12/04/2016","6.440","6.470","6.480","6.400","4.69K","-0.77%"
"11/04/2016","6.490","6.550","6.550","6.400","2.84K","0.15%"
"08/04/2016","6.480","6.480","6.480","6.400","1.23K","-0.15%"
"07/04/2016","6.490","6.500","6.500","6.400","7.57K","0.00%"
"06/04/2016","6.490","6.440","6.530","6.440","2.65K","1.41%"
"05/04/2016","6.400","6.490","6.580","6.310","39.52K","-1.39%"
"04/04/2016","6.490","6.540","6.590","6.410","20.64K","-0.76%"
"01/04/2016","6.540","6.600","6.610","6.490","6.32K","-0.15%"
"31/03/2016","6.550","6.720","6.790","6.500","43.38K","-0.91%"
"30/03/2016","6.610","6.400","6.700","6.310","67.49K","4.92%"
"29/03/2016","6.300","6.250","6.360","6.250","3.58K","3.28%"
"24/03/2016","6.100","6.350","6.350","6.090","15.91K","-3.94%"
"23/03/2016","6.350","6.390","6.400","6.280","8.65K","-0.63%"
"22/03/2016","6.390","6.430","6.440","6.270","9.83K","-0.78%"
"21/03/2016","6.440","6.400","6.440","6.400","1.74K","0.16%"
"18/03/2016","6.430","6.400","6.430","6.400","0.51K","-0.16%"
"17/03/2016","6.440","6.420","6.440","6.300","3.52K","0.62%"
"16/03/2016","6.400","6.400","6.400","6.310","2.83K","0.00%"
"15/03/2016","6.400","6.420","6.420","6.320","3.41K","-0.31%"
"14/03/2016","6.420","6.400","6.440","6.220","4.58K","1.10%"
"11/03/2016","6.350","6.470","6.470","6.350","8.31K","-0.31%"
"10/03/2016","6.370","6.200","6.480","6.200","86.16K","2.74%"
"09/03/2016","6.200","6.200","6.200","6.160","1.55K","0.00%"
"08/03/2016","6.200","6.190","6.220","6.160","6.99K","0.16%"
"07/03/2016","6.190","6.180","6.190","6.150","6.62K","0.65%"
"04/03/2016","6.150","6.200","6.230","6.020","7.22K","-1.28%"
"03/03/2016","6.230","6.100","6.240","6.100","7.26K","1.63%"
"02/03/2016","6.130","6.150","6.150","6.010","14.91K","3.90%"
"01/03/2016","5.900","6.000","6.180","5.900","16.20K","-3.28%"
"29/02/2016","6.100","6.100","6.180","6.000","7.12K","-1.45%"
"26/02/2016","6.190","5.950","6.200","5.860","28.20K","4.21%"
"25/02/2016","5.940","5.590","6.000","5.590","38.41K","6.64%"
"24/02/2016","5.570","5.550","5.600","5.450","32.79K","-0.54%"
"23/02/2016","5.600","5.500","5.800","5.500","25.24K","2.19%"
"22/02/2016","5.480","5.210","5.500","5.210","74.41K","5.38%"
"19/02/2016","5.200","5.050","5.200","4.950","8.84K","5.48%"
"18/02/2016","4.930","5.000","5.100","4.930","35.23K","-1.40%"
"17/02/2016","5.000","5.000","5.100","4.910","27.19K","0.60%"
"16/02/2016","4.970","5.020","5.020","4.900","7.70K","-1.39%"
"15/02/2016","5.040","5.050","5.150","5.040","3.47K","-1.56%"
"12/02/2016","5.120","5.150","5.150","5.020","4.71K","-0.58%"
"11/02/2016","5.150","4.900","5.190","4.900","127.31K","5.10%"
"10/02/2016","4.900","4.720","4.950","4.720","123.49K","1.66%"
"09/02/2016","4.820","4.700","4.890","4.700","30.21K","1.47%"
"08/02/2016","4.750","4.700","4.890","4.700","44.25K","1.06%"
"05/02/2016","4.700","4.970","4.970","4.680","37.89K","-1.47%"
"04/02/2016","4.770","4.600","4.830","4.600","50.35K","3.92%"
"03/02/2016","4.590","4.770","4.770","4.540","124.35K","0.00%"
"02/02/2016","4.590","4.700","4.720","4.560","84.04K","0.66%"
"01/02/2016","4.560","4.840","4.840","4.520","24.80K","-1.30%"
"29/01/2016","4.620","4.800","4.830","4.620","15.46K","-3.75%"
"28/01/2016","4.800","4.810","4.930","4.680","86.34K","1.48%"
"27/01/2016","4.730","4.780","4.820","4.600","10.05K","-1.05%"
"26/01/2016","4.780","4.600","4.780","4.600","8.57K","1.92%"
"25/01/2016","4.690","4.650","4.800","4.560","35.40K","-0.21%"
"22/01/2016","4.700","4.550","4.760","4.550","13.79K","3.30%"
"21/01/2016","4.550","4.470","4.650","4.470","32.55K","2.02%"
"20/01/2016","4.460","4.800","4.800","4.450","34.22K","-5.11%"
"19/01/2016","4.700","4.660","4.890","4.660","35.95K","0.86%"
"18/01/2016","4.660","4.700","4.940","4.610","21.45K","-2.92%"
"15/01/2016","4.800","4.800","4.900","4.800","1.22K","-1.23%"
"14/01/2016","4.860","4.780","4.940","4.780","23.06K","1.67%"
"13/01/2016","4.780","4.800","4.850","4.780","6.86K","0.00%"
"12/01/2016","4.780","4.800","4.900","4.670","26.24K","-0.62%"
"11/01/2016","4.810","4.900","5.000","4.810","13.58K","-1.84%"
"08/01/2016","4.900","4.890","4.990","4.800","37.78K","0.00%"
"07/01/2016","4.900","4.850","5.000","4.810","22.87K","0.62%"
"05/01/2016","4.870","4.820","5.000","4.810","10.56K","-2.60%"
"04/01/2016","5.000","5.250","5.250","4.890","3.09K","0.00%"
"30/12/2015","5.000","5.100","5.100","4.980","40.99K","-0.20%"
"29/12/2015","5.010","4.990","5.100","4.990","16.83K","0.60%"
"28/12/2015","4.980","4.980","5.080","4.980","112.82K","-1.97%"
"23/12/2015","5.080","5.100","5.100","5.010","9.10K","-0.39%"
"22/12/2015","5.100","5.100","5.170","5.050","9.94K","-0.97%"
"21/12/2015","5.150","5.000","5.150","4.980","11.02K","3.41%"
"18/12/2015","4.980","4.890","4.980","4.800","12.40K","3.11%"
"17/12/2015","4.830","4.520","4.850","4.520","184.37K","7.33%"
"16/12/2015","4.500","4.780","4.870","4.500","69.31K","-5.86%"
"15/12/2015","4.780","5.110","5.110","4.650","59.30K","-2.25%"
"14/12/2015","4.890","5.230","5.240","4.890","79.04K","-4.68%"
"11/12/2015","5.130","5.640","5.640","5.080","225.41K","-6.73%"
"10/12/2015","5.500","5.520","5.590","5.410","18.66K","-2.14%"
"09/12/2015","5.620","5.800","5.800","5.530","12.39K","-3.10%"
"08/12/2015","5.800","5.910","5.980","5.700","66.67K","-1.86%"
"07/12/2015","5.910","5.990","5.990","5.910","0.30K","-1.34%"
"04/12/2015","5.990","6.190","6.190","5.610","9.10K","-1.80%"
"03/12/2015","6.100","6.080","6.100","6.050","3.39K","0.33%"
"02/12/2015","6.080","6.140","6.140","6.040","24.07K","-0.82%"
"01/12/2015","6.130","6.100","6.230","6.050","4.78K","-0.97%"
"30/11/2015","6.190","6.290","6.290","6.100","2.53K","-1.12%"
"27/11/2015","6.260","6.200","6.300","6.120","3.95K","1.79%"
"26/11/2015","6.150","6.230","6.300","6.150","2.20K","-1.28%"
"25/11/2015","6.230","6.280","6.280","5.950","12.44K","-0.95%"
"24/11/2015","6.290","6.100","6.290","6.090","219.13K","0.64%"
"23/11/2015","6.250","6.250","6.390","6.250","263.86K","-2.34%"
"20/11/2015","6.400","6.430","6.430","6.230","1.00K","0.00%"
"19/11/2015","6.400","6.390","6.450","6.350","30.16K","0.16%"
"18/11/2015","6.390","6.210","6.390","6.210","0.29K","-0.78%"
"17/11/2015","6.440","6.340","6.450","6.340","22.27K","3.87%"
"16/11/2015","6.200","6.150","6.390","6.020","63.73K","-2.67%"
"13/11/2015","6.370","6.290","6.390","6.160","4.75K","1.27%"
"12/11/2015","6.290","6.280","6.290","6.120","8.32K","2.61%"
"10/11/2015","6.130","6.030","6.280","6.030","43.78K","1.32%"
"09/11/2015","6.050","6.490","6.490","5.860","8.01K","-5.47%"
"06/11/2015","6.400","6.300","6.500","6.260","6.38K","-0.93%"
"05/11/2015","6.460","6.480","6.480","6.410","61.77K","0.00%"
"04/11/2015","6.460","6.270","6.550","6.270","5.29K","-1.37%"
"03/11/2015","6.550","6.630","6.640","6.430","44.86K","-0.76%"
"02/11/2015","6.600","6.430","6.600","6.420","3.78K","0.92%"
"30/10/2015","6.540","6.590","6.600","6.300","50.18K","-0.76%"
"29/10/2015","6.590","6.650","6.650","6.530","31.63K","0.00%"
"28/10/2015","6.590","6.540","6.590","6.480","172.82K","-0.45%"
"27/10/2015","6.620","6.310","6.650","6.310","12.32K","2.32%"
"26/10/2015","6.470","6.250","6.470","6.110","6.61K","0.47%"
"23/10/2015","6.440","6.300","6.440","6.280","11.79K","2.22%"
"22/10/2015","6.300","6.360","6.360","6.300","54.19K","-0.79%"
"21/10/2015","6.350","6.340","6.430","6.300","65.44K","0.79%"
"20/10/2015","6.300","6.240","6.300","6.190","1.33K","-0.63%"
"19/10/2015","6.340","6.200","6.340","6.200","34.65K","0.79%"
"16/10/2015","6.290","6.150","6.290","6.150","42.33K","2.11%"
"15/10/2015","6.160","6.110","6.160","6.080","3.65K","0.00%"
"14/10/2015","6.160","6.120","6.200","6.110","3.98K","-2.53%"
"13/10/2015","6.320","6.450","6.450","6.320","1.05K","-2.02%"
"12/10/2015","6.450","6.450","6.450","6.450","0.50K","-0.31%"
"09/10/2015","6.470","6.470","6.470","6.310","2.57K","0.00%"
"08/10/2015","6.470","6.480","6.480","6.350","3.13K","-0.46%"
"07/10/2015","6.500","6.360","6.700","6.360","20.79K","3.34%"
"06/10/2015","6.290","6.010","6.340","6.000","22.45K","4.83%"
"05/10/2015","6.000","5.990","6.020","5.900","48.86K","0.00%"
"02/10/2015","6.000","5.990","6.000","5.900","29.38K","0.17%"
"01/10/2015","5.990","5.920","5.990","5.920","1.17K","-0.33%"
"30/09/2015","6.010","6.000","6.010","5.870","3.36K","0.00%"
"29/09/2015","6.010","5.920","6.010","5.920","5.10K","0.00%"
"28/09/2015","6.010","6.000","6.010","6.000","1.09K","-0.17%"
"25/09/2015","6.020","5.980","6.020","5.920","1.22K","0.00%"
"24/09/2015","6.020","5.990","6.020","5.980","68.95K","-0.17%"
"23/09/2015","6.030","5.980","6.030","5.980","8.44K","0.00%"
"22/09/2015","6.030","6.000","6.030","5.980","2.41K","-0.17%"
"21/09/2015","6.040","5.950","6.040","5.920","13.45K","0.67%"
"18/09/2015","6.000","5.980","6.040","5.980","3.55K","0.00%"
"17/09/2015","6.000","6.040","6.040","5.960","5.94K","-0.66%"
"16/09/2015","6.040","6.040","6.040","6.000","2.34K","0.00%"
"15/09/2015","6.040","5.950","6.040","5.950","7.82K","0.33%"
"14/09/2015","6.020","6.020","6.020","6.010","3.81K","0.17%"
"11/09/2015","6.010","5.950","6.040","5.830","35.55K","0.17%"
"10/09/2015","6.000","6.020","6.020","6.000","12.84K","-0.17%"
"09/09/2015","6.010","5.910","6.010","5.900","5.89K","0.00%"
"08/09/2015","6.010","5.920","6.010","5.920","8.46K","-0.17%"
"07/09/2015","6.020","6.000","6.030","5.920","9.61K","-0.17%"
"04/09/2015","6.030","5.990","6.030","5.990","0.45K","-0.17%"
"03/09/2015","6.040","6.000","6.040","5.900","19.11K","1.00%"
"02/09/2015","5.980","5.970","6.000","5.850","15.39K","0.17%"
"01/09/2015","5.970","5.990","5.990","5.970","0.10K","1.53%"
"31/08/2015","5.880","5.760","5.890","5.760","3.17K","-1.34%"
"28/08/2015","5.960","5.910","6.050","5.900","5.13K","0.85%"
"27/08/2015","5.910","5.860","6.000","5.820","11.51K","0.17%"
"26/08/2015","5.900","5.800","5.900","5.800","60.66K","0.00%"
"25/08/2015","5.900","5.760","5.990","5.760","8.05K","0.00%"
"24/08/2015","5.900","6.050","6.090","5.700","128.83K","-2.80%"
"21/08/2015","6.070","6.110","6.200","6.070","5.88K","-2.10%"
"20/08/2015","6.200","6.110","6.300","6.110","5.22K","-1.43%"
"19/08/2015","6.290","6.110","6.300","6.090","36.07K","3.11%"
"18/08/2015","6.100","6.220","6.280","6.100","10.89K","-2.87%"
"17/08/2015","6.280","6.500","6.500","6.120","10.21K","-3.38%"
"14/08/2015","6.500","6.680","6.690","6.320","2.57K","-1.52%"
"13/08/2015","6.600","6.380","6.600","6.310","34.82K","3.45%"
"12/08/2015","6.380","6.230","6.380","6.230","9.09K","0.47%"
"11/08/2015","6.350","6.100","6.350","6.100","27.27K","1.76%"
"10/08/2015","6.240","6.240","6.240","6.240","1.56K","1.96%"
"07/08/2015","6.120","6.050","6.120","6.050","10.28K","1.66%"
"06/08/2015","6.020","6.120","6.230","6.000","23.53K","-3.68%"
"05/08/2015","6.250","6.090","6.250","6.010","35.87K","2.63%"
"04/08/2015","6.090","6.100","6.100","6.000","43.93K","1.50%"
"03/08/2015","6.000","6.010","6.060","6.000","23.46K","-1.64%"
"31/07/2015","6.100","6.000","6.100","6.000","5.41K","0.00%"
"30/07/2015","6.100","6.060","6.100","6.000","5.36K","0.83%"
"29/07/2015","6.050","5.870","6.180","5.850","57.33K","4.49%"
"28/07/2015","5.790","5.860","5.870","5.700","31.94K","-1.03%"
"27/07/2015","5.850","6.200","6.200","5.700","38.62K","-5.34%"
"24/07/2015","6.180","6.250","6.450","5.920","13.88K","-0.32%"
"23/07/2015","6.200","6.490","6.490","6.200","12.71K","-1.27%"
"22/07/2015","6.280","6.770","6.770","6.280","14.97K","-6.13%"
"21/07/2015","6.690","6.690","6.840","6.420","94.03K","2.92%"
"20/07/2015","6.500","6.750","6.750","6.430","16.18K","-3.70%"
"17/07/2015","6.750","6.800","6.900","6.750","34.08K","0.00%"
"16/07/2015","6.750","6.350","6.840","6.350","89.04K","7.14%"
"15/07/2015","6.300","6.480","6.480","6.150","17.12K","-1.56%"
"14/07/2015","6.400","6.270","6.450","6.270","15.77K","2.73%"
"13/07/2015","6.230","6.050","6.480","6.050","43.92K","4.71%"
"10/07/2015","5.950","5.410","5.950","5.410","120.39K","11.84%"
"09/07/2015","5.320","5.760","5.990","5.320","139.69K","-7.64%"
"08/07/2015","5.760","6.000","6.000","5.570","97.67K","-2.37%"
"07/07/2015","5.900","6.200","6.200","5.900","37.13K","-3.12%"
"06/07/2015","6.090","5.920","6.340","5.920","125.77K","-5.58%"
"03/07/2015","6.450","6.400","6.540","6.310","12.05K","-1.68%"
"02/07/2015","6.560","6.570","6.660","6.400","34.90K","-2.09%"
"01/07/2015","6.700","6.800","6.800","6.600","10.77K","1.21%"
"30/06/2015","6.620","6.880","6.880","6.450","40.20K","-2.50%"
"29/06/2015","6.790","6.890","7.270","6.760","86.38K","-9.47%"
"26/06/2015","7.500","7.310","7.580","7.310","102.20K","2.60%"
"25/06/2015","7.310","7.430","7.490","7.310","3.32K","-1.48%"
"24/06/2015","7.420","7.820","7.820","7.360","3.26K","-5.36%"
"23/06/2015","7.840","7.450","7.890","7.260","16.32K","5.95%"
"22/06/2015","7.400","7.400","7.450","7.400","4.93K","-1.20%"
"19/06/2015","7.490","7.170","7.490","7.150","19.95K","4.76%"
"18/06/2015","7.150","6.850","7.150","6.850","35.70K","3.47%"
"17/06/2015","6.910","7.200","7.300","6.660","92.17K","-5.34%"
"16/06/2015","7.300","7.420","7.420","7.190","4.94K","-1.22%"
"15/06/2015","7.390","7.220","7.510","7.200","6.99K","0.82%"
"12/06/2015","7.330","7.700","7.700","7.300","52.57K","-4.81%"
"11/06/2015","7.700","7.800","7.800","7.700","23.77K","-1.28%"
"10/06/2015","7.800","7.760","7.900","7.740","8.89K","-0.38%"
"09/06/2015","7.830","7.870","7.970","7.750","221.41K","-0.76%"
"08/06/2015","7.890","7.880","8.010","7.880","63.33K","-0.88%"
"05/06/2015","7.960","7.960","7.980","7.860","13.55K","0.76%"
"03/06/2015","7.900","7.950","7.950","7.830","256.09K","0.89%"
"02/06/2015","7.830","7.800","7.960","7.800","27.34K","-2.00%"
"01/06/2015","7.990","7.710","7.990","7.700","34.27K","3.63%"
"29/05/2015","7.710","7.750","7.760","7.660","22.09K","-0.52%"
"28/05/2015","7.750","7.700","7.780","7.700","1.54K","1.17%"
"27/05/2015","7.660","7.790","7.790","7.640","9.63K","1.86%"
"26/05/2015","7.520","7.390","7.700","7.390","7.94K","0.00%"
"25/05/2015","7.520","7.580","7.580","7.440","25.35K","-0.79%"
"22/05/2015","7.580","7.330","7.580","7.330","15.70K","0.40%"
"21/05/2015","7.550","7.730","7.730","7.120","62.71K","-2.58%"
"20/05/2015","7.750","7.700","7.750","7.600","15.60K","-0.13%"
"19/05/2015","7.760","7.790","7.810","7.760","11.39K","-0.51%"
"18/05/2015","7.800","7.980","7.980","7.800","11.84K","-2.26%"
"15/05/2015","7.980","7.850","7.980","7.800","12.27K","2.18%"
"14/05/2015","7.810","8.030","8.030","7.700","45.02K","-3.34%"
"13/05/2015","8.080","8.020","8.120","8.010","25.32K","-0.12%"
"12/05/2015","8.090","8.100","8.100","8.020","2.98K","-0.37%"
"11/05/2015","8.120","8.100","8.130","8.020","10.67K","0.00%"
"08/05/2015","8.120","8.040","8.130","7.950","21.01K","1.50%"
"07/05/2015","8.000","8.100","8.100","7.960","11.58K","-1.23%"
"06/05/2015","8.100","8.150","8.150","8.040","7.36K","0.37%"
"05/05/2015","8.070","7.990","8.200","7.930","99.72K","1.51%"
"04/05/2015","7.950","7.830","7.990","7.830","10.91K","1.27%"
"30/04/2015","7.850","7.850","7.890","7.850","9.08K","-1.51%"
"29/04/2015","7.970","7.940","7.990","7.860","54.85K","0.89%"
"28/04/2015","7.900","7.940","7.970","7.870","19.03K","-0.38%"
"27/04/2015","7.930","7.850","7.950","7.730","23.76K","0.38%"
"24/04/2015","7.900","8.000","8.000","7.850","13.36K","-1.50%"
"23/04/2015","8.020","8.000","8.020","8.000","4.29K","0.25%"
"22/04/2015","8.000","7.930","8.000","7.920","20.86K","0.76%"
"21/04/2015","7.940","8.010","8.010","7.920","9.20K","-0.75%"
"20/04/2015","8.000","7.770","8.060","7.560","59.66K","0.63%"
"17/04/2015","7.950","7.880","7.970","7.770","32.16K","0.89%"
"16/04/2015","7.880","8.010","8.060","7.880","134.35K","-1.62%"
"15/04/2015","8.010","8.050","8.050","8.000","60.38K","-0.25%"
"14/04/2015","8.030","8.060","8.060","8.000","43.41K","-0.37%"
"13/04/2015","8.060","7.910","8.080","7.910","69.17K","1.90%"
"10/04/2015","7.910","8.000","8.000","7.910","21.51K","-1.13%"
"09/04/2015","8.000","8.040","8.040","7.940","20.79K","0.00%"
"08/04/2015","8.000","8.000","8.040","7.960","16.37K","-0.50%"
"07/04/2015","8.040","7.960","8.060","7.960","50.87K","1.01%"
"02/04/2015","7.960","7.990","7.990","7.890","59.00K","-0.25%"
"01/04/2015","7.980","7.950","7.980","7.930","43.12K","0.50%"
"31/03/2015","7.940","7.970","8.000","7.930","10.07K","-0.25%"
"30/03/2015","7.960","7.990","8.000","7.950","13.66K","1.66%"
"27/03/2015","7.830","7.750","7.990","7.750","7.21K","-0.13%"
"26/03/2015","7.840","7.870","7.900","7.710","13.68K","-1.38%"
"25/03/2015","7.950","7.960","7.960","7.900","7.39K","-0.13%"
"24/03/2015","7.960","7.910","8.050","7.910","12.60K","0.38%"
"23/03/2015","7.930","8.190","8.190","7.800","26.21K","-1.61%"
"20/03/2015","8.060","8.200","8.200","8.030","24.98K","-1.71%"
"19/03/2015","8.200","8.180","8.200","8.050","104.76K","1.86%"
"18/03/2015","8.050","8.040","8.200","8.040","364.41K","0.88%"
"17/03/2015","7.980","7.920","8.050","7.900","236.83K","0.38%"
"16/03/2015","7.950","7.970","7.970","7.760","13.18K","1.79%"
"13/03/2015","7.810","7.850","8.050","7.800","152.08K","-2.38%"
"12/03/2015","8.000","7.960","8.050","7.960","213.62K","0.00%"
"11/03/2015","8.000","7.720","8.040","7.720","87.67K","2.96%"
"10/03/2015","7.770","8.090","8.100","7.520","96.15K","-4.07%"
"09/03/2015","8.100","8.120","8.150","8.000","49.88K","-0.12%"
"06/03/2015","8.110","8.010","8.200","8.010","49.85K","1.37%"
"05/03/2015","8.000","8.010","8.200","7.930","94.10K","-0.62%"
"04/03/2015","8.050","8.030","8.100","7.760","88.09K","-0.86%"
"03/03/2015","8.120","7.980","8.150","7.920","176.87K","2.78%"
"02/03/2015","7.900","7.800","7.910","7.710","199.29K","1.28%"
"27/02/2015","7.800","7.490","7.830","7.400","529.11K","7.00%"
"26/02/2015","7.290","6.980","7.450","6.800","467.68K","3.40%"
"25/02/2015","7.050","6.460","7.050","6.460","263.18K","9.30%"
"24/02/2015","6.450","6.490","6.690","6.400","107.57K","0.00%"
"23/02/2015","6.450","6.500","6.500","6.380","16.88K","0.00%"
"20/02/2015","6.450","6.460","6.470","6.450","54.43K","0.78%"
"19/02/2015","6.400","6.460","6.460","6.310","4.83K","-0.78%"
"18/02/2015","6.450","6.470","6.500","6.370","63.71K","-0.62%"
"17/02/2015","6.490","6.520","6.530","6.420","6.93K","-0.92%"
"16/02/2015","6.550","6.450","6.590","6.320","19.64K","2.02%"
"13/02/2015","6.420","6.350","6.470","6.350","5.86K","1.90%"
"12/02/2015","6.300","6.190","6.360","6.190","319.20K","1.78%"
"11/02/2015","6.190","6.200","6.240","6.100","11.80K","1.14%"
"10/02/2015","6.120","6.210","6.210","6.110","2.68K","-1.29%"
"09/02/2015","6.200","6.240","6.240","6.150","9.96K","0.00%"
"06/02/2015","6.200","5.970","6.200","5.940","773.40K","3.85%"
"05/02/2015","5.970","6.100","6.100","5.830","77.43K","-2.29%"
"04/02/2015","6.110","6.380","6.380","5.900","62.20K","-3.17%"
"03/02/2015","6.310","6.420","6.500","6.300","29.06K","-1.71%"
"02/02/2015","6.420","6.500","6.520","6.410","12.37K","-1.53%"
"30/01/2015","6.520","6.570","6.580","6.500","27.30K","-0.46%"
"29/01/2015","6.550","6.600","6.600","6.500","41.04K","-1.21%"
"28/01/2015","6.630","6.400","6.630","6.400","37.32K","3.76%"
"27/01/2015","6.390","6.370","6.400","6.300","8.37K","0.31%"
"26/01/2015","6.370","6.270","6.400","6.260","6.36K","-0.47%"
"23/01/2015","6.400","6.440","6.440","6.200","13.43K","-0.62%"
"22/01/2015","6.440","6.450","6.460","6.380","9.71K","-0.46%"
"21/01/2015","6.470","6.400","6.470","6.400","14.99K","0.47%"
"20/01/2015","6.440","6.140","6.500","6.120","25.30K","4.89%"
"19/01/2015","6.140","6.090","6.150","6.010","6.30K","0.66%"
"16/01/2015","6.100","6.020","6.100","6.000","11.51K","0.33%"
"15/01/2015","6.080","6.230","6.230","5.900","27.47K","-3.34%"
"14/01/2015","6.290","6.390","6.390","6.220","11.35K","-0.79%"
"13/01/2015","6.340","6.250","6.350","6.250","11.86K","1.44%"
"12/01/2015","6.250","6.130","6.350","6.130","58.59K","4.17%"
"09/01/2015","6.000","6.190","6.190","6.000","8.05K","-2.76%"
"08/01/2015","6.170","6.160","6.220","6.100","24.90K","0.65%"
"07/01/2015","6.130","6.040","6.150","6.030","14.16K","1.32%"
"05/01/2015","6.050","6.000","6.050","5.800","24.50K","0.83%"
"02/01/2015","6.000","5.820","6.090","5.820","5.10K","1.35%"
"30/12/2014","5.920","5.850","5.960","5.850","347.16K","0.51%"
"29/12/2014","5.890","5.690","6.000","5.690","15.53K","3.33%"
"23/12/2014","5.700","5.820","5.900","5.650","41.48K","-1.89%"
"22/12/2014","5.810","6.090","6.090","5.810","14.01K","-2.35%"
"19/12/2014","5.950","6.010","6.010","5.900","6.75K","-0.83%"
"18/12/2014","6.000","6.150","6.150","5.810","16.26K","-2.28%"
"17/12/2014","6.140","6.030","6.200","6.030","27.09K","1.82%"
"16/12/2014","6.030","6.290","6.300","5.670","117.24K","-4.13%"
"15/12/2014","6.290","6.590","6.630","6.180","39.24K","-5.27%"
"12/12/2014","6.640","6.590","6.790","6.470","73.52K","2.15%"
"11/12/2014","6.500","6.180","6.500","6.180","137.79K","5.18%"
"10/12/2014","6.180","6.050","6.180","6.020","10.98K","1.48%"
"09/12/2014","6.090","6.150","6.150","6.050","8.29K","-1.77%"
"08/12/2014","6.200","6.290","6.290","6.150","14.53K","-1.59%"
"05/12/2014","6.300","6.250","6.300","6.240","50.05K","0.96%"
"04/12/2014","6.240","6.160","6.250","6.140","43.75K","1.63%"
"03/12/2014","6.140","5.800","6.180","5.800","98.32K","5.68%"
"02/12/2014","5.810","5.770","5.840","5.710","24.29K","0.69%"
"01/12/2014","5.770","5.790","5.800","5.720","9.50K","-1.37%"
"28/11/2014","5.850","5.890","5.890","5.790","21.71K","0.17%"
"27/11/2014","5.840","5.800","5.860","5.730","21.51K","0.69%"
"26/11/2014","5.800","5.680","5.800","5.660","4.17K","2.47%"
"25/11/2014","5.660","5.700","5.810","5.650","3.91K","-0.70%"
"24/11/2014","5.700","5.830","5.830","5.700","85.81K","-2.06%"
"21/11/2014","5.820","5.800","5.850","5.760","7.69K","1.22%"
"20/11/2014","5.750","5.890","5.890","5.740","18.24K","-2.38%"
"19/11/2014","5.890","5.800","5.900","5.800","10.99K","0.86%"
"18/11/2014","5.840","5.660","5.840","5.600","30.63K","3.00%"
"17/11/2014","5.670","5.560","5.680","5.520","23.83K","-0.18%"
"14/11/2014","5.680","5.600","5.690","5.600","16.41K","1.43%"
"13/11/2014","5.600","5.600","5.600","5.600","26.17K","-0.36%"
"12/11/2014","5.620","5.560","5.630","5.560","3.75K","0.36%"
"10/11/2014","5.600","5.640","5.640","5.540","4.52K","1.27%"
"07/11/2014","5.530","5.730","5.730","5.530","15.83K","-3.49%"
"06/11/2014","5.730","5.780","5.800","5.710","12.47K","-0.69%"
"05/11/2014","5.770","5.830","5.840","5.770","20.89K","-0.52%"
"04/11/2014","5.800","5.780","5.830","5.770","103.41K","0.35%"
"03/11/2014","5.780","5.800","5.820","5.730","8.96K","-0.86%"
"31/10/2014","5.830","5.800","5.830","5.800","9.02K","0.52%"
"30/10/2014","5.800","5.710","5.820","5.710","10.12K","-0.17%"
"29/10/2014","5.810","5.810","5.830","5.670","10.21K","-0.34%"
"28/10/2014","5.830","5.800","5.830","5.800","7.79K","0.52%"
"27/10/2014","5.800","5.800","5.850","5.800","15.57K","0.52%"
"24/10/2014","5.770","5.780","5.820","5.770","74.84K","0.00%"
"23/10/2014","5.770","5.790","5.860","5.760","91.78K","-1.37%"
"22/10/2014","5.850","5.850","5.900","5.770","91.97K","0.86%"
"21/10/2014","5.800","5.680","5.850","5.680","12.58K","0.52%"
"20/10/2014","5.770","5.750","5.830","5.720","122.90K","2.12%"
"17/10/2014","5.650","5.510","5.650","5.510","526.38K","2.91%"
"16/10/2014","5.490","5.190","5.550","5.190","281.86K","4.57%"
"15/10/2014","5.250","5.830","5.830","5.250","102.27K","-8.54%"
"14/10/2014","5.740","5.820","5.820","5.650","11.03K","0.17%"
"13/10/2014","5.730","5.750","5.950","5.700","17.31K","-0.52%"
"10/10/2014","5.760","5.850","5.850","5.720","23.68K","-3.19%"
"09/10/2014","5.950","5.730","5.950","5.720","13.57K","2.94%"
"08/10/2014","5.780","5.760","5.810","5.710","11.20K","-1.70%"
"07/10/2014","5.880","5.890","5.890","5.810","5.81K","-1.18%"
"06/10/2014","5.950","5.870","5.950","5.860","25.32K","1.71%"
"03/10/2014","5.850","5.700","5.850","5.700","10.62K","1.92%"
"02/10/2014","5.740","6.020","6.030","5.430","96.81K","-6.36%"
"01/10/2014","6.130","6.490","6.500","6.130","27.99K","-3.01%"
"30/09/2014","6.320","6.350","6.500","6.310","23.80K","-0.47%"
"29/09/2014","6.350","6.350","6.440","6.330","37.93K","0.00%"
"26/09/2014","6.350","6.310","6.370","6.310","33.75K","-1.55%"
"25/09/2014","6.450","6.300","6.540","6.300","77.75K","3.20%"
"24/09/2014","6.250","6.250","6.300","6.200","12.76K","-1.57%"
"23/09/2014","6.350","6.300","6.350","6.110","32.90K","0.00%"
"22/09/2014","6.350","6.380","6.480","6.260","22.07K","-1.55%"
"19/09/2014","6.450","6.390","6.470","6.320","64.03K","2.38%"
"18/09/2014","6.300","5.940","6.300","5.940","630.48K","6.78%"
"17/09/2014","5.900","5.890","5.950","5.870","54.74K","1.03%"
"16/09/2014","5.840","5.870","5.930","5.840","12.95K","-1.35%"
"15/09/2014","5.920","5.970","5.970","5.740","18.03K","-0.84%"
"12/09/2014","5.970","5.910","6.010","5.880","21.32K","1.02%"
"11/09/2014","5.910","5.980","6.020","5.910","33.42K","-1.17%"
"10/09/2014","5.980","6.050","6.060","5.940","56.96K","-1.97%"
"09/09/2014","6.100","6.200","6.200","6.070","43.89K","0.66%"
"08/09/2014","6.060","5.740","6.060","5.740","127.85K","5.76%"
"05/09/2014","5.730","5.740","5.750","5.630","24.30K","0.53%"
"04/09/2014","5.700","5.750","5.750","5.630","14.88K","-0.70%"
"03/09/2014","5.740","5.650","5.750","5.650","37.91K","1.77%"
"02/09/2014","5.640","5.710","5.710","5.630","18.94K","-1.40%"
"01/09/2014","5.720","5.700","5.910","5.700","40.35K","-0.52%"