"Date","Price","Open","High","Low","Vol.","Change %"
"30/09/2025","98.000","100.000","101.500","96.200","3.09K","-2.00%"
"29/09/2025","100.000","102.500","103.000","99.000","4.64K","-1.96%"
"26/09/2025","102.000","104.500","104.500","100.000","2.11K","-0.97%"
"25/09/2025","103.000","106.000","106.500","103.000","3.24K","-2.83%"
"24/09/2025","106.000","107.000","107.000","103.000","4.92K","-1.40%"
"23/09/2025","107.500","108.000","108.000","106.500","0.75K","0.00%"
"22/09/2025","107.500","108.000","108.000","106.000","1.24K","-0.46%"
"19/09/2025","108.000","109.500","110.000","106.000","3.18K","-1.37%"
"18/09/2025","109.500","108.500","110.000","107.000","1.35K","0.92%"
"17/09/2025","108.500","109.000","110.000","106.000","1.95K","-0.46%"
"16/09/2025","109.000","109.500","110.000","107.500","1.14K","0.00%"
"15/09/2025","109.000","108.000","110.500","108.000","2.48K","0.93%"
"12/09/2025","108.000","109.500","111.500","107.000","3.26K","0.47%"
"11/09/2025","107.500","108.000","111.500","107.500","1.71K","-0.46%"
"10/09/2025","108.000","114.000","114.000","107.000","1.78K","-4.42%"
"09/09/2025","113.000","111.000","113.000","107.000","3.44K","2.73%"
"08/09/2025","110.000","114.000","114.500","110.000","2.54K","-1.79%"
"05/09/2025","112.000","110.000","117.500","109.500","6.86K","1.82%"
"04/09/2025","110.000","108.000","110.000","107.000","1.15K","1.85%"
"03/09/2025","108.000","105.500","109.500","105.500","1.08K","0.93%"
"02/09/2025","107.000","105.500","108.500","105.000","0.55K","1.42%"
"01/09/2025","105.500","107.000","108.500","105.000","2.14K","-2.76%"
"29/08/2025","108.500","109.000","109.000","107.000","0.37K","0.00%"
"28/08/2025","108.500","108.000","109.500","106.000","0.76K","-1.36%"
"27/08/2025","110.000","107.500","110.000","107.000","0.30K","2.33%"
"26/08/2025","107.500","110.000","111.000","103.500","1.11K","-3.15%"
"25/08/2025","111.000","110.000","111.000","109.500","1.49K","0.91%"
"22/08/2025","110.000","108.500","111.000","107.000","1.07K","0.92%"
"21/08/2025","109.000","108.000","110.000","106.000","1.47K","0.46%"
"20/08/2025","108.500","108.000","110.000","106.000","2.06K","0.46%"
"19/08/2025","108.000","104.000","108.000","98.400","6.52K","3.85%"
"18/08/2025","104.000","108.500","109.500","103.000","7.47K","-3.70%"
"14/08/2025","108.000","109.000","109.000","106.000","1.77K","-0.92%"
"13/08/2025","109.000","106.000","110.000","106.000","2.98K","2.35%"
"12/08/2025","106.500","107.500","109.000","106.000","2.89K","-4.05%"
"11/08/2025","111.000","111.500","113.000","105.000","2.05K","-1.33%"
"08/08/2025","112.500","111.000","113.000","110.000","3.81K","1.35%"
"07/08/2025","111.000","109.500","112.500","109.500","5.75K","2.78%"
"06/08/2025","108.000","107.000","108.500","106.000","1.17K","0.93%"
"05/08/2025","107.000","110.500","110.500","104.000","5.50K","-2.73%"
"04/08/2025","110.000","111.000","111.000","108.000","4.66K","-0.45%"
"01/08/2025","110.500","115.000","118.000","110.000","4.72K","-5.56%"
"31/07/2025","117.000","118.000","118.000","116.000","1.17K","-0.85%"
"30/07/2025","118.000","116.000","118.000","116.000","1.33K","1.72%"
"29/07/2025","116.000","115.000","117.000","113.500","5.05K","0.87%"
"28/07/2025","115.000","115.000","115.500","113.000","0.94K","0.00%"
"25/07/2025","115.000","115.000","115.500","113.000","1.76K","0.00%"
"24/07/2025","115.000","112.500","115.000","112.000","18.00K","2.22%"
"23/07/2025","112.500","107.000","112.500","106.000","7.98K","4.65%"
"22/07/2025","107.500","108.000","108.500","106.500","0.39K","-1.38%"
"21/07/2025","109.000","110.000","111.000","106.000","2.07K","-0.91%"
"18/07/2025","110.000","109.000","111.000","107.500","0.49K","0.46%"
"17/07/2025","109.500","111.000","112.000","109.500","1.45K","-1.35%"
"16/07/2025","111.000","108.500","111.000","108.000","1.76K","3.74%"
"15/07/2025","107.000","112.500","112.500","104.500","3.47K","-4.46%"
"14/07/2025","112.000","116.000","116.000","109.500","2.18K","-3.45%"
"11/07/2025","116.000","115.000","116.000","110.000","1.78K","0.00%"
"10/07/2025","116.000","113.000","119.000","110.000","2.99K","2.65%"
"09/07/2025","113.000","113.000","119.000","111.500","3.21K","-2.16%"
"08/07/2025","115.500","113.000","116.000","111.500","2.94K","2.21%"
"07/07/2025","113.000","109.500","114.000","109.500","3.94K","3.20%"
"04/07/2025","109.500","105.500","110.000","105.500","1.29K","3.79%"
"03/07/2025","105.500","112.000","112.000","105.000","4.46K","-5.38%"
"02/07/2025","111.500","111.500","114.000","110.000","3.71K","0.00%"
"01/07/2025","111.500","115.000","115.000","110.000","2.32K","-2.62%"
"30/06/2025","114.500","116.000","118.000","113.500","8.84K","-1.29%"
"27/06/2025","116.000","116.500","117.000","112.000","5.58K","-0.43%"
"26/06/2025","116.500","118.000","118.000","116.000","1.32K","0.00%"
"25/06/2025","116.500","117.500","119.000","116.000","2.77K","0.43%"
"24/06/2025","116.000","111.000","119.000","109.000","10.10K","4.98%"
"23/06/2025","110.500","105.500","110.500","104.000","4.62K","4.74%"
"20/06/2025","105.500","105.000","105.500","102.000","5.48K","2.43%"
"18/06/2025","103.000","101.000","105.500","101.000","4.46K","0.00%"
"17/06/2025","103.000","102.000","104.000","99.600","4.31K","0.00%"
"16/06/2025","103.000","98.400","103.000","98.000","3.79K","4.25%"
"13/06/2025","98.800","100.000","101.000","97.600","1.77K","-2.18%"
"12/06/2025","101.000","99.400","101.000","96.800","2.13K","1.81%"
"11/06/2025","99.200","95.000","99.200","94.800","5.46K","4.64%"
"10/06/2025","94.800","97.000","98.200","94.200","2.17K","-2.27%"
"09/06/2025","97.000","98.400","98.400","94.000","3.85K","-1.02%"
"06/06/2025","98.000","99.000","99.000","97.000","3.26K","-1.01%"
"05/06/2025","99.000","99.200","100.500","98.800","1.34K","0.00%"
"04/06/2025","99.000","100.000","100.500","98.200","0.62K","1.02%"
"03/06/2025","98.000","100.000","101.000","98.000","1.44K","-2.00%"
"02/06/2025","100.000","99.000","100.000","98.000","1.38K","1.01%"
"30/05/2025","99.000","100.000","101.000","96.400","11.02K","0.00%"
"29/05/2025","99.000","98.800","99.000","97.000","2.70K","0.20%"
"28/05/2025","98.800","96.200","98.800","96.200","3.78K","2.28%"
"27/05/2025","96.600","95.800","97.000","95.600","1.87K","1.05%"
"26/05/2025","95.600","95.000","97.000","94.800","2.88K","0.63%"
"23/05/2025","95.000","96.800","97.000","94.600","2.26K","-2.06%"
"22/05/2025","97.000","96.800","97.000","92.200","1.31K","0.00%"
"21/05/2025","97.000","98.000","98.400","94.800","2.33K","-1.02%"
"20/05/2025","98.000","98.000","98.400","94.800","2.72K","0.00%"
"19/05/2025","98.000","92.600","98.000","92.000","1.74K","3.16%"
"16/05/2025","95.000","92.000","95.000","90.200","2.75K","3.26%"
"15/05/2025","92.000","89.400","92.000","89.400","1.86K","1.55%"
"14/05/2025","90.600","92.000","92.000","89.600","1.79K","-1.52%"
"13/05/2025","92.000","91.000","93.800","89.200","5.34K","1.10%"
"12/05/2025","91.000","89.000","96.000","89.000","4.37K","3.41%"
"09/05/2025","88.000","85.000","90.000","85.000","4.57K","3.53%"
"08/05/2025","85.000","83.200","85.000","82.200","6.68K","2.41%"
"07/05/2025","83.000","82.000","83.000","80.600","1.24K","1.22%"
"06/05/2025","82.000","81.000","83.800","80.400","2.38K","-2.38%"
"05/05/2025","84.000","80.000","84.000","80.000","2.04K","5.00%"
"02/05/2025","80.000","81.000","82.000","79.400","2.22K","-0.50%"
"30/04/2025","80.400","80.800","82.000","79.200","5.13K","0.50%"
"29/04/2025","80.000","79.200","81.000","79.200","1.67K","0.00%"
"28/04/2025","80.000","81.000","84.000","80.000","5.02K","-2.44%"
"25/04/2025","82.000","81.000","85.000","80.000","6.04K","1.49%"
"24/04/2025","80.800","78.600","81.000","77.200","16.97K","2.80%"
"23/04/2025","78.600","78.600","78.600","78.200","0.92K","0.00%"
"22/04/2025","78.600","78.600","79.600","77.800","3.01K","0.00%"
"17/04/2025","78.600","79.600","80.000","78.600","1.42K","-1.26%"
"16/04/2025","79.600","80.800","80.800","78.800","7.39K","-0.50%"
"15/04/2025","80.000","79.000","80.000","77.800","3.84K","2.30%"
"14/04/2025","78.200","76.600","78.600","76.200","4.24K","0.00%"
"11/04/2025","78.200","76.600","78.200","76.600","1.37K","1.56%"
"10/04/2025","77.000","76.000","78.600","74.200","3.76K","1.58%"
"09/04/2025","75.800","74.400","75.800","74.000","1.38K","1.88%"
"08/04/2025","74.400","72.000","75.000","72.000","9.98K","2.48%"
"07/04/2025","72.600","73.000","75.000","72.000","6.43K","-3.46%"
"04/04/2025","75.200","78.000","80.000","75.000","5.46K","-3.59%"
"03/04/2025","78.000","79.000","81.000","77.200","2.37K","-2.26%"
"02/04/2025","79.800","75.000","79.800","75.000","6.68K","5.00%"
"01/04/2025","76.000","76.000","76.000","74.800","11.10K","1.33%"
"31/03/2025","75.000","76.000","76.000","74.800","8.89K","-1.32%"
"28/03/2025","76.000","75.000","76.000","74.800","11.83K","2.15%"
"27/03/2025","74.400","75.000","75.600","73.200","25.02K","-0.80%"
"26/03/2025","75.000","75.600","75.600","75.000","3.85K","-0.53%"
"25/03/2025","75.400","75.000","76.000","74.800","3.20K","0.53%"
"24/03/2025","75.000","75.000","76.000","75.000","5.56K","0.00%"
"21/03/2025","75.000","75.000","75.400","74.200","32.16K","-0.53%"
"20/03/2025","75.400","75.400","75.400","74.200","5.78K","0.27%"
"19/03/2025","75.200","75.200","75.800","74.000","2.17K","-0.53%"
"18/03/2025","75.600","74.800","76.000","73.800","41.21K","2.44%"
"17/03/2025","73.800","74.600","76.000","73.800","54.46K","-0.27%"
"14/03/2025","74.000","73.800","76.200","73.600","75.37K","0.27%"
"13/03/2025","73.800","74.000","74.000","72.600","0.54K","-0.27%"
"12/03/2025","74.000","73.800","74.000","72.200","2.59K","0.82%"
"11/03/2025","73.400","75.000","75.000","70.200","1.58K","-1.87%"
"10/03/2025","74.800","78.000","78.000","74.800","3.40K","-1.06%"
"07/03/2025","75.600","73.200","78.000","73.200","36.23K","-0.53%"
"06/03/2025","76.000","74.000","76.000","73.400","4.51K","3.83%"
"05/03/2025","73.200","71.800","74.000","71.800","1.67K","1.39%"
"04/03/2025","72.200","74.400","75.000","71.600","2.68K","-4.24%"
"03/03/2025","75.400","75.400","75.400","74.000","1.30K","0.80%"
"28/02/2025","74.800","75.400","75.600","74.200","1.36K","0.54%"
"27/02/2025","74.400","75.600","76.000","74.200","1.84K","-0.80%"
"26/02/2025","75.000","75.000","76.400","74.600","2.35K","0.00%"
"25/02/2025","75.000","77.800","77.800","75.000","2.02K","-2.34%"
"24/02/2025","76.800","77.000","80.000","75.200","2.63K","-1.54%"
"21/02/2025","78.000","78.000","79.000","76.000","4.05K","0.00%"
"20/02/2025","78.000","78.000","81.400","76.000","7.30K","1.04%"
"19/02/2025","77.200","68.200","82.000","67.000","40.86K","14.54%"
"18/02/2025","67.400","69.400","69.400","66.000","5.67K","-2.88%"
"17/02/2025","69.400","69.800","70.400","68.000","2.21K","1.46%"
"14/02/2025","68.400","66.600","68.600","66.000","1.38K","2.70%"
"13/02/2025","66.600","65.800","66.800","65.800","1.95K","1.22%"
"12/02/2025","65.800","68.000","68.000","64.400","3.62K","-2.95%"
"11/02/2025","67.800","65.800","68.000","65.800","1.13K","3.35%"
"10/02/2025","65.600","65.800","66.000","64.000","7.74K","-0.61%"
"07/02/2025","66.000","65.000","66.600","65.000","3.07K","1.54%"
"06/02/2025","65.000","64.400","65.000","64.000","3.12K","0.62%"
"05/02/2025","64.600","64.600","64.800","64.000","0.91K","0.00%"
"04/02/2025","64.600","64.800","64.800","63.200","0.83K","-0.92%"
"03/02/2025","65.200","65.600","65.800","63.800","2.29K","-0.91%"
"31/01/2025","65.800","66.200","66.400","65.400","0.88K","-0.30%"
"30/01/2025","66.000","66.000","66.000","65.000","0.28K","0.30%"
"29/01/2025","65.800","66.000","68.000","64.400","1.83K","0.00%"
"28/01/2025","65.800","64.800","65.800","64.800","1.83K","1.54%"
"27/01/2025","64.800","65.600","65.600","64.800","0.49K","-1.22%"
"24/01/2025","65.600","64.400","65.800","64.400","1.02K","4.13%"
"23/01/2025","63.000","64.800","64.800","63.000","2.07K","-1.56%"
"22/01/2025","64.000","63.400","64.600","63.000","10.83K","0.95%"
"21/01/2025","63.400","63.400","63.400","62.200","2.14K","0.00%"
"20/01/2025","63.400","65.600","65.600","63.400","2.23K","-3.65%"
"17/01/2025","65.800","66.000","66.600","65.800","2.18K","-0.30%"
"16/01/2025","66.000","65.600","66.600","64.600","4.82K","0.61%"
"15/01/2025","65.600","65.200","66.600","65.200","3.17K","1.23%"
"14/01/2025","64.800","63.000","64.800","61.600","3.45K","2.86%"
"13/01/2025","63.000","65.000","66.600","63.000","1.55K","-3.67%"
"10/01/2025","65.400","66.000","66.600","65.200","1.94K","-1.80%"
"09/01/2025","66.600","66.000","66.600","66.000","2.55K","0.00%"
"08/01/2025","66.600","67.200","67.200","66.600","2.73K","-0.89%"
"07/01/2025","67.200","67.800","68.000","67.000","6.30K","-0.88%"
"03/01/2025","67.800","68.000","68.000","67.200","2.36K","-1.74%"
"02/01/2025","69.000","69.200","70.000","67.600","2.07K","-0.58%"
"30/12/2024","69.400","67.000","69.600","67.000","0.85K","3.89%"
"27/12/2024","66.800","68.000","70.200","66.800","3.42K","-2.62%"
"23/12/2024","68.600","69.000","69.000","66.800","0.49K","-0.58%"
"20/12/2024","69.000","68.200","70.000","68.000","1.31K","2.07%"
"19/12/2024","67.600","67.600","68.000","66.000","1.90K","-0.29%"
"18/12/2024","67.800","66.200","67.800","66.200","0.44K","1.19%"
"17/12/2024","67.000","66.000","67.600","66.000","1.49K","3.08%"
"16/12/2024","65.000","69.000","69.000","65.000","4.69K","-6.34%"
"13/12/2024","69.400","69.000","70.000","68.000","1.32K","1.76%"
"12/12/2024","68.200","69.000","69.600","68.000","1.30K","-2.01%"
"11/12/2024","69.600","70.000","70.000","68.000","0.66K","0.00%"
"10/12/2024","69.600","69.800","70.000","68.400","0.35K","0.87%"
"09/12/2024","69.000","69.800","70.000","68.000","0.64K","-1.15%"
"06/12/2024","69.800","69.000","70.000","68.400","1.15K","1.16%"
"05/12/2024","69.000","69.200","69.800","68.400","2.45K","-0.29%"
"04/12/2024","69.200","69.200","71.000","69.200","1.09K","-1.14%"
"03/12/2024","70.000","70.000","71.200","69.400","0.87K","-1.41%"
"02/12/2024","71.000","72.000","72.000","70.000","1.61K","0.00%"
"29/11/2024","71.000","70.000","72.000","68.400","1.12K","-0.56%"
"28/11/2024","71.400","71.400","72.000","71.400","0.17K","0.00%"
"27/11/2024","71.400","72.000","72.000","70.600","0.31K","-0.83%"
"26/11/2024","72.000","71.800","72.000","71.000","0.56K","2.27%"
"25/11/2024","70.400","72.000","72.400","70.400","0.70K","-1.68%"
"22/11/2024","71.600","73.000","73.200","70.200","1.25K","-0.56%"
"21/11/2024","72.000","72.200","72.600","71.000","0.26K","1.41%"
"20/11/2024","71.000","72.800","72.800","71.000","0.77K","-2.74%"
"19/11/2024","73.000","72.800","73.200","72.600","0.69K","0.55%"
"18/11/2024","72.600","72.000","72.600","70.400","3.60K","0.83%"
"15/11/2024","72.000","71.800","73.000","70.600","0.78K","1.12%"
"14/11/2024","71.200","73.000","73.000","70.600","1.06K","-1.93%"
"13/11/2024","72.600","73.000","73.400","71.000","0.52K","0.83%"
"12/11/2024","72.000","73.000","73.800","72.000","3.22K","0.00%"
"08/11/2024","72.000","72.400","74.000","71.000","1.47K","0.28%"
"07/11/2024","71.800","70.400","72.400","70.200","2.23K","1.99%"
"06/11/2024","70.400","72.800","74.000","69.000","3.45K","-3.30%"
"05/11/2024","72.800","68.400","72.800","68.400","3.07K","7.06%"
"04/11/2024","68.000","67.000","68.400","66.200","3.29K","3.34%"
"31/10/2024","65.800","64.200","67.000","64.000","6.81K","1.86%"
"30/10/2024","64.600","68.000","68.200","63.600","4.39K","-4.72%"
"29/10/2024","67.800","62.400","68.000","62.400","10.94K","11.15%"
"28/10/2024","61.000","60.000","61.000","58.600","7.66K","1.67%"
"25/10/2024","60.000","60.000","60.000","58.800","0.65K","0.00%"
"24/10/2024","60.000","59.600","60.000","58.600","0.77K","0.67%"
"23/10/2024","59.600","59.600","59.600","58.600","0.17K","0.34%"
"22/10/2024","59.400","59.200","59.400","57.600","0.42K","0.34%"
"21/10/2024","59.200","58.800","59.200","58.800","0.39K","0.68%"
"18/10/2024","58.800","58.200","58.800","57.600","0.32K","2.08%"
"17/10/2024","57.600","57.400","58.200","57.400","0.77K","0.35%"
"16/10/2024","57.400","57.800","58.600","57.400","0.48K","0.35%"
"15/10/2024","57.200","58.000","58.800","57.200","1.17K","-2.72%"
"14/10/2024","58.800","57.200","59.000","57.200","0.96K","-0.34%"
"11/10/2024","59.000","59.800","59.800","58.400","0.20K","-1.67%"
"10/10/2024","60.000","58.400","60.000","58.200","2.67K","3.45%"
"09/10/2024","58.000","57.200","59.000","57.200","0.62K","-1.69%"
"08/10/2024","59.000","58.400","59.000","58.200","0.64K","0.34%"
"07/10/2024","58.800","58.000","58.800","58.000","0.35K","1.38%"
"04/10/2024","58.000","57.800","58.000","57.000","0.89K","0.35%"
"03/10/2024","57.800","57.000","58.400","57.000","0.50K","-0.34%"
"02/10/2024","58.000","57.800","59.000","56.800","1.43K","0.00%"
"01/10/2024","58.000","59.600","59.600","58.000","1.57K","-2.68%"
"30/09/2024","59.600","59.600","60.000","59.600","0.21K","1.71%"
"27/09/2024","58.600","59.600","60.000","58.200","1.09K","-1.68%"
"26/09/2024","59.600","60.000","60.000","58.000","2.29K","-0.67%"
"25/09/2024","60.000","60.000","60.800","59.000","4.77K","0.00%"
"24/09/2024","60.000","61.400","61.400","60.000","195.06K","-2.28%"
"23/09/2024","61.400","59.400","61.400","58.000","3.17K","5.86%"
"20/09/2024","58.000","58.200","59.400","58.000","1.01K","-2.36%"
"19/09/2024","59.400","58.600","59.400","58.000","1.98K","1.37%"
"18/09/2024","58.600","59.400","59.400","58.000","0.85K","1.03%"
"17/09/2024","58.000","59.200","59.600","58.000","3.01K","-3.33%"
"16/09/2024","60.000","57.800","60.000","57.800","0.76K","-0.33%"
"13/09/2024","60.200","59.000","60.200","58.600","1.50K","2.03%"
"12/09/2024","59.000","59.600","59.600","59.000","0.64K","-1.67%"
"11/09/2024","60.000","60.800","60.800","59.800","1.47K","-0.66%"
"10/09/2024","60.400","60.800","61.000","60.400","0.50K","1.34%"
"09/09/2024","59.600","60.000","61.400","59.400","1.14K","-0.67%"
"06/09/2024","60.000","61.000","62.200","59.600","2.19K","-0.33%"
"05/09/2024","60.200","61.400","62.000","60.200","1.76K","-1.31%"
"04/09/2024","61.000","60.000","61.400","59.600","1.68K","2.01%"
"03/09/2024","59.800","60.000","61.000","59.200","1.15K","-0.33%"
"02/09/2024","60.000","60.000","60.200","58.400","1.13K","0.33%"
"30/08/2024","59.800","59.800","61.000","59.200","5.72K","0.00%"
"29/08/2024","59.800","61.000","61.400","59.800","3.19K","-1.97%"
"28/08/2024","61.000","58.600","61.000","58.600","0.41K","2.35%"
"27/08/2024","59.600","59.200","61.000","59.200","1.25K","0.68%"
"26/08/2024","59.200","59.600","60.800","59.000","2.97K","1.37%"
"23/08/2024","58.400","58.600","59.600","57.800","1.02K","-1.35%"
"22/08/2024","59.200","58.400","59.200","57.800","1.44K","2.42%"
"21/08/2024","57.800","59.400","59.400","56.600","2.16K","-3.02%"
"20/08/2024","59.600","61.000","61.000","57.200","5.87K","-0.67%"
"19/08/2024","60.000","60.600","60.800","59.000","0.57K","-0.99%"
"16/08/2024","60.600","58.800","60.800","58.800","0.59K","3.06%"
"14/08/2024","58.800","57.400","60.800","57.400","0.37K","3.16%"
"13/08/2024","57.000","56.600","57.000","55.600","0.99K","1.79%"
"12/08/2024","56.000","58.000","58.000","55.600","1.09K","-3.11%"
"09/08/2024","57.800","57.000","58.000","56.200","0.45K","1.40%"
"08/08/2024","57.000","55.200","57.400","54.200","0.62K","2.15%"
"07/08/2024","55.800","58.600","58.600","53.600","4.12K","-4.45%"
"06/08/2024","58.400","54.200","58.400","54.200","4.10K","10.61%"
"05/08/2024","52.800","56.000","56.000","51.800","16.21K","-7.04%"
"02/08/2024","56.800","62.000","62.600","56.800","15.46K","-8.39%"
"01/08/2024","62.000","61.000","63.200","61.000","4.18K","2.99%"
"31/07/2024","60.200","62.000","62.000","60.200","1.11K","0.00%"
"30/07/2024","60.200","60.800","62.000","60.000","0.27K","-0.99%"
"29/07/2024","60.800","60.000","60.800","60.000","9.49K","0.00%"
"26/07/2024","60.800","58.000","61.000","58.000","13.11K","4.83%"
"25/07/2024","58.000","59.000","59.400","54.000","11.27K","-3.33%"
"24/07/2024","60.000","60.000","61.000","59.600","2.96K","0.00%"
"23/07/2024","60.000","61.600","61.600","60.000","1.67K","-1.64%"
"22/07/2024","61.000","61.800","62.000","61.000","1.89K","-0.65%"
"19/07/2024","61.400","61.200","62.000","61.000","3.63K","-0.97%"
"18/07/2024","62.000","61.000","62.000","61.000","2.69K","1.64%"
"17/07/2024","61.000","61.400","62.000","61.000","0.89K","-0.65%"
"16/07/2024","61.400","61.000","61.600","61.000","3.14K","0.33%"
"15/07/2024","61.200","62.000","62.000","61.000","1.64K","-1.29%"
"12/07/2024","62.000","62.400","62.400","61.000","2.35K","0.00%"
"11/07/2024","62.000","62.800","62.800","61.400","4.63K","-0.32%"
"10/07/2024","62.200","63.000","63.000","62.200","1.78K","-1.27%"
"09/07/2024","63.000","63.400","63.400","63.000","0.21K","0.00%"
"08/07/2024","63.000","62.200","63.200","62.200","1.09K","1.29%"
"05/07/2024","62.200","63.200","63.200","62.200","1.89K","-2.20%"
"04/07/2024","63.600","63.000","63.600","63.000","0.70K","0.95%"
"03/07/2024","63.000","63.200","63.200","63.000","0.88K","-0.32%"
"02/07/2024","63.200","64.000","64.000","62.000","3.02K","-0.63%"
"01/07/2024","63.600","64.000","64.000","62.400","1.60K","-0.31%"
"28/06/2024","63.800","63.600","64.000","63.600","0.32K","1.92%"
"27/06/2024","62.600","63.800","64.000","62.400","0.89K","0.97%"
"26/06/2024","62.000","62.200","63.800","62.000","0.34K","-0.64%"
"25/06/2024","62.400","62.400","64.400","62.400","0.44K","-0.64%"
"24/06/2024","62.800","64.000","64.600","62.800","2.04K","-1.26%"
"21/06/2024","63.600","63.200","63.600","61.800","0.42K","2.58%"
"20/06/2024","62.000","64.000","64.000","61.600","1.61K","-3.13%"
"19/06/2024","64.000","64.000","64.800","64.000","0.63K","0.00%"
"18/06/2024","64.000","63.400","64.000","63.000","0.97K","0.63%"
"17/06/2024","63.600","64.000","66.000","61.600","4.72K","-0.63%"
"14/06/2024","64.000","63.600","64.000","63.000","0.49K","0.95%"
"13/06/2024","63.400","63.000","63.600","63.000","0.06K","2.26%"
"12/06/2024","62.000","62.200","64.000","62.000","1.03K","-1.59%"
"11/06/2024","63.000","65.000","65.600","62.400","2.76K","-2.48%"
"10/06/2024","64.600","63.200","65.000","62.000","4.32K","2.22%"
"07/06/2024","63.200","64.000","64.000","62.800","0.36K","-0.94%"
"06/06/2024","63.800","62.000","64.000","62.000","0.36K","2.90%"
"05/06/2024","62.000","64.000","64.000","62.000","1.04K","-2.21%"
"04/06/2024","63.400","65.000","65.000","63.200","2.11K","-0.94%"
"03/06/2024","64.000","63.800","64.000","63.000","3.19K","0.95%"
"31/05/2024","63.400","64.000","64.200","63.400","2.30K","0.00%"
"29/05/2024","63.400","64.200","65.000","63.400","0.38K","0.00%"
"28/05/2024","63.400","63.800","64.000","63.400","2.14K","-0.31%"
"27/05/2024","63.600","63.000","64.000","62.800","0.62K","-0.31%"
"24/05/2024","63.800","63.400","63.800","62.200","0.28K","1.27%"
"23/05/2024","63.000","63.400","63.400","62.000","0.52K","0.96%"
"22/05/2024","62.400","62.000","63.800","61.800","1.39K","0.32%"
"21/05/2024","62.200","63.400","64.000","62.000","1.16K","-2.20%"
"20/05/2024","63.600","64.000","65.000","63.600","3.22K","-0.63%"
"17/05/2024","64.000","63.200","64.400","63.200","4.08K","0.00%"
"16/05/2024","64.000","65.000","66.800","63.400","0.96K","0.00%"
"15/05/2024","64.000","65.400","65.400","64.000","0.87K","-2.14%"
"14/05/2024","65.400","63.800","65.400","62.600","10.37K","3.15%"
"13/05/2024","63.400","64.000","64.000","61.000","1.21K","-0.94%"
"10/05/2024","64.000","62.800","64.000","62.800","1.12K","1.91%"
"09/05/2024","62.800","61.600","63.600","61.600","3.01K","1.62%"
"08/05/2024","61.800","62.400","63.800","61.600","3.66K","-0.32%"
"07/05/2024","62.000","63.200","64.400","62.000","82.18K","-4.62%"
"06/05/2024","65.000","64.800","65.200","63.000","2.76K","1.56%"
"02/05/2024","64.000","63.000","64.400","62.800","13.32K","-1.54%"
"30/04/2024","65.000","65.000","65.000","63.200","0.37K","0.00%"
"29/04/2024","65.000","65.400","65.400","63.800","1.50K","-0.61%"
"26/04/2024","65.400","63.800","65.400","63.000","1.35K","2.83%"
"25/04/2024","63.600","63.600","64.000","60.600","4.49K","0.00%"
"24/04/2024","63.600","62.400","64.000","62.400","1.16K","1.92%"
"23/04/2024","62.400","62.000","62.600","58.200","2.08K","0.65%"
"22/04/2024","62.000","61.000","62.600","60.400","2.04K","0.00%"
"19/04/2024","62.000","62.800","62.800","61.000","1.04K","-0.96%"
"18/04/2024","62.600","61.200","62.800","61.000","1.28K","0.97%"
"17/04/2024","62.000","62.400","62.800","59.200","6.98K","-1.27%"
"16/04/2024","62.800","63.600","64.000","62.200","2.76K","-1.88%"
"15/04/2024","64.000","64.000","65.200","64.000","1.54K","0.00%"
"12/04/2024","64.000","65.600","65.800","64.000","3.32K","-2.74%"
"11/04/2024","65.800","69.000","69.000","65.400","1.39K","-0.90%"
"10/04/2024","66.400","68.000","68.600","66.000","1.95K","-2.35%"
"09/04/2024","68.000","67.600","68.000","65.600","1.59K","1.49%"
"08/04/2024","67.000","68.000","69.000","66.800","2.05K","0.90%"
"05/04/2024","66.400","67.200","67.600","65.000","0.93K","-1.78%"
"04/04/2024","67.600","62.800","68.000","62.000","6.00K","8.33%"
"03/04/2024","62.400","65.200","65.400","61.800","7.79K","-3.11%"
"02/04/2024","64.400","68.200","68.600","63.000","17.33K","-5.29%"
"28/03/2024","68.000","68.000","68.000","66.000","6.55K","0.00%"
"27/03/2024","68.000","67.800","68.000","67.000","3.46K","0.59%"
"26/03/2024","67.600","68.200","69.200","66.000","14.24K","-0.59%"
"25/03/2024","68.000","66.000","69.000","65.000","8.86K","3.03%"
"22/03/2024","66.000","66.000","71.200","66.000","19.08K","0.30%"
"21/03/2024","65.800","62.000","68.000","60.000","12.05K","4.44%"
"20/03/2024","63.000","55.600","63.000","55.200","9.72K","12.50%"
"19/03/2024","56.000","54.200","57.000","54.000","4.84K","3.32%"
"18/03/2024","54.200","54.600","55.600","54.000","0.32K","0.37%"
"15/03/2024","54.000","56.800","56.800","54.000","11.81K","-4.93%"
"14/03/2024","56.800","54.800","56.800","53.000","5.36K","3.65%"
"13/03/2024","54.800","55.200","56.000","53.000","2.48K","-1.44%"
"12/03/2024","55.600","55.800","56.400","55.600","1.93K","0.00%"
"11/03/2024","55.600","57.200","57.200","55.000","3.41K","-2.80%"
"08/03/2024","57.200","56.200","57.400","55.600","2.09K","-0.35%"
"07/03/2024","57.400","58.000","58.000","56.000","1.74K","-1.03%"
"06/03/2024","58.000","59.000","60.000","55.600","6.62K","0.00%"
"05/03/2024","58.000","55.000","58.000","55.000","15.94K","7.01%"
"04/03/2024","54.200","50.000","54.200","50.000","33.72K","9.27%"
"01/03/2024","49.600","47.700","49.600","47.700","26.62K","4.42%"
"29/02/2024","47.500","48.000","48.000","47.000","1.68K","-1.04%"
"28/02/2024","48.000","48.000","48.000","46.600","2.30K","-0.21%"
"27/02/2024","48.100","47.500","48.100","46.800","4.23K","0.42%"
"26/02/2024","47.900","47.800","48.100","47.300","3.17K","0.84%"
"23/02/2024","47.500","47.900","47.900","46.800","4.10K","0.00%"
"22/02/2024","47.500","47.600","48.000","47.000","0.43K","-0.42%"
"21/02/2024","47.700","48.100","48.100","47.000","2.68K","-1.04%"
"20/02/2024","48.200","48.400","48.400","47.000","0.87K","-0.41%"
"19/02/2024","48.400","48.400","48.400","48.200","2.75K","0.00%"
"16/02/2024","48.400","48.000","48.400","48.000","1.60K","2.11%"
"15/02/2024","47.400","47.000","47.400","46.800","1.08K","1.50%"
"14/02/2024","46.700","47.500","47.500","46.000","3.31K","-1.68%"
"13/02/2024","47.500","48.200","48.200","46.800","1.22K","-1.45%"
"12/02/2024","48.200","47.100","48.200","47.100","3.18K","2.55%"
"09/02/2024","47.000","48.200","48.200","47.000","1.25K","-2.49%"
"08/02/2024","48.200","46.900","48.300","46.900","1.10K","2.77%"
"07/02/2024","46.900","47.800","48.400","45.000","2.08K","0.00%"
"06/02/2024","46.900","47.300","47.800","46.500","2.32K","-0.85%"
"05/02/2024","47.300","46.400","47.300","46.400","1.79K","2.38%"
"02/02/2024","46.200","46.900","46.900","45.100","1.68K","-1.70%"
"01/02/2024","47.000","46.600","47.400","46.600","3.88K","1.08%"
"31/01/2024","46.500","46.500","47.000","46.500","2.54K","1.09%"
"30/01/2024","46.000","45.600","46.900","45.000","3.51K","-1.29%"
"29/01/2024","46.600","47.800","47.800","46.600","1.71K","-2.92%"
"26/01/2024","48.000","48.400","48.400","47.700","1.24K","0.00%"
"25/01/2024","48.000","47.000","48.000","47.000","0.62K","2.13%"
"24/01/2024","47.000","46.800","48.000","45.700","4.20K","2.84%"
"23/01/2024","45.700","46.300","47.000","45.700","2.89K","-1.08%"
"22/01/2024","46.200","45.900","46.200","45.700","5.52K","0.65%"
"19/01/2024","45.900","44.000","46.000","44.000","9.80K","2.68%"
"18/01/2024","44.700","44.500","44.700","44.000","1.44K","0.45%"
"17/01/2024","44.500","44.900","45.000","43.700","2.24K","-0.67%"
"16/01/2024","44.800","45.000","45.000","43.600","10.01K","-0.22%"
"15/01/2024","44.900","43.900","44.900","43.500","6.17K","2.28%"
"12/01/2024","43.900","43.100","43.900","43.100","2.28K","1.86%"
"11/01/2024","43.100","43.000","43.100","43.000","1.65K","0.23%"
"10/01/2024","43.000","43.000","43.000","42.100","8.77K","0.23%"
"09/01/2024","42.900","43.000","43.000","42.000","5.91K","-0.23%"
"08/01/2024","43.000","43.100","43.500","42.800","6.83K","-0.23%"
"05/01/2024","43.100","42.500","43.100","42.300","5.20K","1.89%"
"04/01/2024","42.300","44.000","44.500","41.000","4.27K","-3.86%"
"03/01/2024","44.000","44.000","44.500","43.100","3.47K","0.23%"
"02/01/2024","43.900","42.000","45.100","42.000","2.77K","5.02%"
"29/12/2023","41.800","43.000","43.000","40.400","8.20K","-2.34%"
"28/12/2023","42.800","44.000","45.200","42.100","12.69K","-2.06%"
"27/12/2023","43.700","40.400","43.700","40.400","3.88K","8.71%"
"22/12/2023","40.200","39.600","40.200","39.100","5.97K","4.96%"
"21/12/2023","38.300","39.900","39.900","38.300","0.08K","-4.01%"
"20/12/2023","39.900","39.800","39.900","38.000","3.00K","1.01%"
"19/12/2023","39.500","38.200","39.500","38.000","3.84K","3.95%"
"18/12/2023","38.000","38.000","39.800","38.000","0.90K","0.00%"
"15/12/2023","38.000","40.000","41.000","38.000","5.68K","-5.47%"
"14/12/2023","40.200","40.000","40.200","39.800","3.94K","0.50%"
"13/12/2023","40.000","40.000","40.000","39.800","1.99K","0.00%"
"12/12/2023","40.000","39.800","40.100","39.800","4.56K","5.54%"
"11/12/2023","37.900","39.900","40.000","36.900","1.48K","-5.01%"
"08/12/2023","39.900","39.900","40.000","39.500","1.88K","0.00%"
"07/12/2023","39.900","39.500","39.900","39.500","0.22K","1.27%"
"06/12/2023","39.400","39.400","40.000","39.400","2.77K","1.03%"
"05/12/2023","39.000","38.800","39.000","38.800","0.68K","3.45%"
"04/12/2023","37.700","36.600","37.900","36.500","0.91K","-3.33%"
"01/12/2023","39.000","39.800","39.800","36.800","1.04K","-1.52%"
"30/11/2023","39.600","39.000","39.600","39.000","1.20K","0.25%"
"29/11/2023","39.500","39.900","39.900","39.000","0.40K","2.86%"
"28/11/2023","38.400","37.900","38.900","37.900","0.69K","1.59%"
"27/11/2023","37.800","38.000","38.000","36.700","1.09K","2.16%"
"24/11/2023","37.000","36.700","38.000","36.400","1.96K","1.37%"
"23/11/2023","36.500","37.000","37.000","36.300","2.12K","-1.08%"
"22/11/2023","36.900","36.300","37.000","36.300","0.25K","1.37%"
"21/11/2023","36.400","36.400","37.000","36.000","0.55K","0.83%"
"20/11/2023","36.100","36.300","36.300","36.100","0.41K","-0.82%"
"17/11/2023","36.400","36.100","36.400","36.100","0.21K","0.00%"
"16/11/2023","36.400","36.400","36.500","34.200","3.90K","2.54%"
"15/11/2023","35.500","35.300","36.200","35.300","2.88K","2.60%"
"14/11/2023","34.600","35.000","35.300","34.200","0.50K","-1.14%"
"13/11/2023","35.000","34.000","35.200","34.000","3.84K","4.79%"
"10/11/2023","33.400","32.800","33.800","32.800","2.62K","4.38%"
"09/11/2023","32.000","32.000","32.000","31.900","0.04K","0.63%"
"08/11/2023","31.800","31.600","31.800","31.400","0.05K","-1.85%"
"07/11/2023","32.400","32.500","32.500","32.400","0.01K","3.18%"
"06/11/2023","31.400","31.400","32.900","31.400","0.05K","0.00%"
"03/11/2023","31.400","31.800","32.200","31.000","5.31K","2.61%"
"02/11/2023","30.600","31.400","31.800","30.600","0.13K","-0.65%"
"31/10/2023","30.800","32.000","32.000","30.500","0.85K","-3.75%"
"30/10/2023","32.000","30.000","32.000","30.000","1.89K","6.31%"
"27/10/2023","30.100","29.900","31.000","29.900","2.84K","0.67%"
"26/10/2023","29.900","29.900","29.900","29.900","0.05K","0.00%"
"25/10/2023","29.900","30.000","30.000","29.900","0.01K","-0.99%"
"24/10/2023","30.200","28.300","30.800","28.000","0.15K","7.09%"
"23/10/2023","28.200","29.000","29.000","28.200","2.24K","-2.76%"
"20/10/2023","29.000","29.800","29.800","29.000","0.11K","-4.92%"
"19/10/2023","30.500","31.000","31.000","30.500","0.01K","-1.61%"
"18/10/2023","31.000","30.000","31.000","29.300","1.73K","5.44%"
"17/10/2023","29.400","28.700","29.400","28.700","0.87K","5.00%"
"16/10/2023","28.000","27.000","28.000","27.000","2.61K","3.70%"
"13/10/2023","27.000","27.900","27.900","27.000","0.73K","-2.88%"
"12/10/2023","27.800","27.700","27.800","27.600","0.01K","2.96%"
"11/10/2023","27.000","26.900","27.400","26.900","0.92K","0.00%"
"10/10/2023","27.000","27.500","27.500","27.000","1.14K","-0.74%"
"09/10/2023","27.200","28.600","28.900","27.200","2.11K","-4.90%"
"06/10/2023","28.600","28.500","29.000","28.500","0.20K","0.35%"
"05/10/2023","28.500","26.900","28.500","26.900","0.07K","0.00%"
"04/10/2023","28.500","29.000","29.000","28.500","0.72K","-2.06%"
"03/10/2023","29.100","28.200","29.100","28.100","2.03K","1.04%"
"02/10/2023","28.800","29.800","29.800","28.200","1.70K","-4.00%"
"29/09/2023","30.000","30.000","30.000","29.900","0.16K","0.00%"
"28/09/2023","30.000","29.800","30.000","29.500","11.99K","-1.64%"
"27/09/2023","30.500","29.200","30.700","29.200","0.65K","4.45%"
"26/09/2023","29.200","31.900","31.900","29.200","0.51K","-7.30%"
"25/09/2023","31.500","31.600","31.600","31.500","0.19K","-3.67%"
"22/09/2023","32.700","32.800","32.800","31.700","0.40K","4.81%"
"21/09/2023","31.200","32.900","32.900","31.200","0.10K","0.00%"
"20/09/2023","31.200","33.300","33.300","31.200","0.13K","-6.31%"
"19/09/2023","33.300","33.300","33.300","33.300","0.01K","-0.30%"
"18/09/2023","33.400","31.500","33.400","31.400","0.31K","3.41%"
"15/09/2023","32.300","33.900","33.900","31.500","1.68K","-1.52%"
"14/09/2023","32.800","33.600","34.000","32.800","0.33K","-2.67%"
"13/09/2023","33.700","33.000","33.700","32.700","2.40K","4.01%"
"12/09/2023","32.400","32.900","32.900","32.000","0.32K","-0.31%"
"11/09/2023","32.500","32.400","32.500","32.400","0.07K","-0.61%"
"08/09/2023","32.700","32.500","32.700","32.000","0.64K","0.62%"
"07/09/2023","32.500","32.100","32.700","32.000","1.51K","0.93%"
"06/09/2023","32.200","32.200","32.300","32.200","0.90K","-0.31%"
"05/09/2023","32.300","32.600","33.600","32.200","0.14K","-4.44%"
"04/09/2023","33.800","33.200","33.800","32.000","0.80K","1.81%"
"01/09/2023","33.200","33.300","33.300","32.500","0.07K","-0.60%"
"31/08/2023","33.400","33.600","33.600","32.300","7.43K","-1.18%"
"30/08/2023","33.800","33.900","33.900","33.800","0.53K","3.05%"
"29/08/2023","32.800","32.100","33.200","32.100","0.51K","-0.91%"
"28/08/2023","33.100","33.200","33.700","31.400","2.63K","0.30%"
"25/08/2023","33.000","32.000","33.400","32.000","0.52K","2.17%"
"24/08/2023","32.300","33.800","34.000","32.300","0.88K","0.31%"
"23/08/2023","32.200","34.000","34.000","31.400","2.22K","-3.88%"
"22/08/2023","33.500","32.700","33.500","32.100","2.30M","4.69%"
"21/08/2023","32.000","31.600","32.000","31.500","1.75K","0.00%"
"18/08/2023","32.000","31.500","32.200","31.500","0.72K","0.00%"
"17/08/2023","32.000","32.500","32.500","32.000","0.45K","-0.62%"
"16/08/2023","32.200","32.500","33.000","32.000","5.43K","-1.83%"
"14/08/2023","32.800","33.600","33.600","32.800","0.17K","-1.50%"
"11/08/2023","33.300","32.800","33.600","32.800","0.21K","0.91%"
"10/08/2023","33.000","33.900","33.900","33.000","0.54K","-2.37%"
"09/08/2023","33.800","33.800","34.000","33.800","0.69K","2.42%"
"08/08/2023","33.000","34.000","34.000","32.500","1.17K","-2.94%"
"07/08/2023","34.000","34.000","34.000","33.600","0.47K","0.00%"
"04/08/2023","34.000","35.000","35.000","34.000","0.12K","-0.29%"
"03/08/2023","34.100","34.900","34.900","33.600","0.45K","0.29%"
"02/08/2023","34.000","35.200","36.500","33.800","2.11K","0.89%"
"01/08/2023","33.700","33.800","34.500","33.600","1.48K","-2.60%"
"31/07/2023","34.600","34.500","34.600","33.300","3.05K","-0.57%"
"28/07/2023","34.800","35.400","35.400","34.800","0.10K","-1.69%"
"27/07/2023","35.400","34.900","35.400","34.900","0.21K","1.14%"
"26/07/2023","35.000","35.000","35.000","35.000","1.08K","0.00%"
"25/07/2023","35.000","34.100","35.000","34.100","1.92K","-0.57%"
"24/07/2023","35.200","34.800","35.200","34.200","0.69K","1.15%"
"21/07/2023","34.800","34.700","34.800","34.700","0.22K","0.29%"
"20/07/2023","34.700","34.700","34.700","34.000","0.84K","0.87%"
"19/07/2023","34.400","33.700","34.400","33.500","1.33K","-0.29%"
"18/07/2023","34.500","34.800","34.800","34.500","0.07K","2.07%"
"17/07/2023","33.800","34.000","34.700","33.800","0.22K","-3.15%"
"14/07/2023","34.900","35.100","35.100","34.300","0.15K","-0.85%"
"13/07/2023","35.200","35.400","35.400","33.300","0.30K","0.57%"
"12/07/2023","35.000","34.700","35.000","34.500","3.46K","2.34%"
"11/07/2023","34.200","34.300","35.000","33.000","6.84K","-1.72%"
"10/07/2023","34.800","34.000","34.800","33.600","0.85K","2.35%"
"07/07/2023","34.000","33.500","34.000","33.500","0.38K","0.59%"
"06/07/2023","33.800","34.000","34.000","33.000","0.11K","-0.59%"
"05/07/2023","34.000","34.200","34.200","32.700","0.55K","0.89%"
"04/07/2023","33.700","34.300","34.300","32.900","0.52K","-2.03%"
"03/07/2023","34.400","34.000","34.400","33.000","1.66K","-0.29%"
"30/06/2023","34.500","34.000","34.900","33.100","0.50K","-0.29%"
"29/06/2023","34.600","34.800","34.800","34.000","0.81K","1.76%"
"28/06/2023","34.000","34.000","34.800","34.000","0.92K","0.00%"
"27/06/2023","34.000","33.800","34.000","32.200","0.81K","-2.86%"
"26/06/2023","35.000","33.800","35.400","33.800","0.48K","1.74%"
"23/06/2023","34.400","35.000","35.800","34.400","0.63K","-1.71%"
"22/06/2023","35.000","33.200","35.000","33.100","0.67K","5.42%"
"21/06/2023","33.200","34.000","34.400","33.200","1.40K","-6.74%"
"20/06/2023","35.600","35.400","35.600","34.000","0.52K","2.89%"
"19/06/2023","34.600","34.200","34.600","33.100","2.17K","1.76%"
"16/06/2023","34.000","36.500","38.100","34.000","5.76K","-8.36%"
"15/06/2023","37.100","37.800","38.000","37.100","1.38K","-1.85%"
"14/06/2023","37.800","38.000","38.500","37.200","0.60K","1.34%"
"13/06/2023","37.300","38.800","38.800","37.300","3.99K","0.27%"
"12/06/2023","37.200","36.900","37.200","36.800","0.77K","0.81%"
"09/06/2023","36.900","36.600","38.500","36.600","9.13K","0.82%"
"07/06/2023","36.600","36.000","36.900","36.000","0.50K","1.67%"
"06/06/2023","36.000","36.200","38.000","36.000","13.76K","1.69%"
"05/06/2023","35.400","35.300","35.500","35.000","0.40K","0.00%"
"02/06/2023","35.400","34.600","36.100","34.600","0.17K","-1.67%"
"01/06/2023","36.000","34.100","36.500","34.100","2.39K","3.45%"
"31/05/2023","34.800","36.000","36.000","34.800","0.78K","-0.57%"
"30/05/2023","35.000","35.700","36.000","34.800","0.80K","0.00%"
"29/05/2023","35.000","35.700","35.700","35.000","0.20K","-2.23%"
"26/05/2023","35.800","36.000","36.000","34.800","0.25K","4.07%"
"25/05/2023","34.400","35.000","36.000","34.200","0.80K","-1.71%"
"24/05/2023","35.000","35.100","35.500","33.900","0.62K","-0.28%"
"23/05/2023","35.100","35.200","35.200","34.600","10.31K","0.29%"
"22/05/2023","35.000","36.000","36.000","35.000","0.64K","-0.57%"
"19/05/2023","35.200","35.000","36.400","35.000","1.50K","-2.22%"
"18/05/2023","36.000","35.400","37.000","34.900","0.56K","3.15%"
"17/05/2023","34.900","35.000","35.900","34.900","10.45K","-0.57%"
"16/05/2023","35.100","36.000","37.000","35.100","0.95K","-2.50%"
"15/05/2023","36.000","36.300","37.200","35.500","1.30K","-0.83%"
"12/05/2023","36.300","34.800","36.300","34.800","0.53K","0.83%"
"11/05/2023","36.000","35.600","36.000","35.000","0.59K","-1.37%"
"10/05/2023","36.500","34.800","36.500","34.700","2.23K","4.89%"
"09/05/2023","34.800","33.000","34.900","32.100","3.70K","6.75%"
"08/05/2023","32.600","31.800","33.800","31.500","3.51K","1.87%"
"05/05/2023","32.000","33.200","34.200","32.000","5.44K","-6.98%"
"04/05/2023","34.400","35.200","35.200","33.300","7.69K","-2.55%"
"02/05/2023","35.300","39.000","39.000","35.300","16.17K","-12.19%"
"28/04/2023","40.200","42.600","42.800","40.200","2.37K","-4.51%"
"27/04/2023","42.100","42.000","45.000","42.000","9.93K","0.24%"
"26/04/2023","42.000","40.100","44.000","40.100","3.88K","3.70%"
"25/04/2023","40.500","41.800","41.800","39.100","2.26K","0.00%"
"24/04/2023","40.500","40.700","42.500","40.500","13.22K","1.50%"
"21/04/2023","39.900","38.000","40.000","38.000","10.23K","1.01%"
"20/04/2023","39.500","39.700","40.500","39.500","1.42K","-0.50%"
"19/04/2023","39.700","38.900","40.000","38.800","10.83K","4.47%"
"18/04/2023","38.000","39.000","39.600","38.000","2.74K","-2.31%"
"17/04/2023","38.900","36.700","38.900","36.700","10.80K","3.18%"
"14/04/2023","37.700","38.400","38.400","36.400","3.69K","-2.33%"
"13/04/2023","38.600","40.400","41.100","38.000","9.68K","-9.81%"
"12/04/2023","42.800","43.900","44.000","41.200","12.16K","-2.51%"
"11/04/2023","43.900","41.000","44.900","41.000","14.56K","5.78%"
"06/04/2023","41.500","38.800","44.000","38.800","11.32K","7.79%"
"05/04/2023","38.500","36.000","39.400","36.000","20.46K","6.35%"
"04/04/2023","36.200","34.500","37.000","34.500","7.08K","4.62%"
"03/04/2023","34.600","33.600","34.800","33.600","95.21K","2.98%"
"31/03/2023","33.600","33.500","33.800","32.800","6.28K","0.30%"
"30/03/2023","33.500","32.500","33.500","32.000","7.41K","1.82%"
"29/03/2023","32.900","32.000","32.900","31.400","3.05K","2.81%"
"28/03/2023","32.000","31.700","33.000","31.700","6.12K","0.00%"
"27/03/2023","32.000","31.800","32.000","30.800","6.03K","0.63%"
"24/03/2023","31.800","31.000","31.800","30.500","0.88K","2.58%"
"23/03/2023","31.000","31.000","31.000","30.500","7.92K","0.98%"
"22/03/2023","30.700","31.000","31.000","30.700","0.92K","0.33%"
"21/03/2023","30.600","30.600","30.600","30.600","0.09K","1.32%"
"20/03/2023","30.200","30.600","30.600","30.000","0.40K","-1.63%"
"17/03/2023","30.700","30.700","30.800","30.700","0.37K","0.00%"
"16/03/2023","30.700","30.500","31.000","30.500","1.79K","-0.97%"
"15/03/2023","31.000","30.400","31.000","30.100","4.13K","1.97%"
"14/03/2023","30.400","30.500","30.500","30.100","0.79K","-0.65%"
"13/03/2023","30.600","32.000","32.000","30.400","2.18K","-4.37%"
"10/03/2023","32.000","32.000","32.300","30.300","2.30K","-3.03%"
"09/03/2023","33.000","32.900","33.000","31.300","1.73K","0.00%"
"08/03/2023","33.000","32.200","33.000","31.200","1.86K","2.48%"
"07/03/2023","32.200","31.500","32.500","31.500","4.23K","2.22%"
"06/03/2023","31.500","31.900","32.000","31.000","20.13K","-0.94%"
"03/03/2023","31.800","29.100","31.800","29.100","3.61K","3.92%"
"02/03/2023","30.600","31.200","31.600","29.300","2.50K","-3.47%"
"01/03/2023","31.700","31.700","32.600","31.200","4.17K","0.63%"
"28/02/2023","31.500","31.200","32.000","31.200","2.55K","-2.78%"
"27/02/2023","32.400","32.500","34.000","31.500","11.77K","-0.92%"
"24/02/2023","32.700","29.000","33.000","29.000","10.89K","11.22%"
"23/02/2023","29.400","27.000","29.400","27.000","17.37K","9.70%"
"22/02/2023","26.800","26.200","26.800","26.000","4.84K","2.29%"
"21/02/2023","26.200","26.100","26.200","26.000","1.90K","0.77%"
"20/02/2023","26.000","26.000","26.200","26.000","5.71K","0.39%"
"17/02/2023","25.900","26.000","26.000","25.600","0.75K","1.17%"
"16/02/2023","25.600","26.100","26.100","25.600","1.33K","0.00%"
"15/02/2023","25.600","26.000","26.000","25.500","2.75K","-1.54%"
"14/02/2023","26.000","25.400","26.000","25.100","1.21K","1.96%"
"13/02/2023","25.500","25.200","26.000","25.200","4.10K","0.00%"
"10/02/2023","25.500","25.800","26.000","25.500","2.71K","-1.16%"
"09/02/2023","25.800","24.000","25.800","24.000","6.36K","4.03%"
"08/02/2023","24.800","22.700","24.800","22.200","9.02K","9.25%"
"07/02/2023","22.700","22.000","22.700","22.000","0.99K","4.61%"
"06/02/2023","21.700","22.600","22.600","21.600","100.83K","-2.69%"
"03/02/2023","22.300","22.200","22.400","21.600","1.74K","0.00%"
"02/02/2023","22.300","22.400","22.400","21.700","0.66K","-0.45%"
"01/02/2023","22.400","22.400","22.400","21.800","1.99K","0.45%"
"31/01/2023","22.300","22.300","22.300","22.300","1.27K","-0.45%"
"30/01/2023","22.400","21.800","22.400","21.800","1.70K","1.36%"
"27/01/2023","22.100","22.400","22.400","21.700","0.77K","-1.34%"
"26/01/2023","22.400","22.200","22.400","22.200","0.98K","1.82%"
"25/01/2023","22.000","22.400","22.500","22.000","1.62K","-1.35%"
"24/01/2023","22.300","22.500","25.000","22.300","0.49K","-0.45%"
"23/01/2023","22.400","22.200","22.500","22.200","1.10K","0.90%"
"20/01/2023","22.200","22.100","22.200","22.000","3.33K","1.37%"
"19/01/2023","21.900","22.200","22.200","21.900","0.54K","-1.35%"
"18/01/2023","22.200","22.200","22.200","21.700","0.06K","1.83%"
"17/01/2023","21.800","22.100","22.100","21.800","0.45K","-1.36%"
"16/01/2023","22.100","22.100","22.100","21.600","0.98K","0.45%"
"13/01/2023","22.000","22.200","22.200","21.600","1.93K","-0.45%"
"12/01/2023","22.100","22.100","22.100","22.000","0.47K","0.00%"
"11/01/2023","22.100","22.100","22.100","22.000","0.49K","0.00%"
"10/01/2023","22.100","22.100","22.200","21.300","11.05K","0.45%"
"09/01/2023","22.000","22.100","22.100","22.000","1.15K","-0.90%"
"05/01/2023","22.200","22.100","22.200","21.700","2.13K","0.45%"
"04/01/2023","22.100","22.000","22.100","21.600","0.76K","-1.34%"
"03/01/2023","22.400","22.000","22.400","21.600","4.82K","2.75%"
"02/01/2023","21.800","21.700","22.600","21.700","1.12K","0.46%"
"30/12/2022","21.700","22.200","22.500","21.300","1.85K","-2.25%"
"29/12/2022","22.200","22.700","22.700","22.200","0.44K","0.91%"
"28/12/2022","22.000","21.700","22.200","21.100","1.34K","3.77%"
"27/12/2022","21.200","22.700","22.700","21.100","3.04K","-5.78%"
"23/12/2022","22.500","22.000","22.500","22.000","0.14K","-0.44%"
"22/12/2022","22.600","22.000","22.600","22.000","0.67K","-0.44%"
"21/12/2022","22.700","22.700","22.700","22.500","0.34K","1.79%"
"20/12/2022","22.300","22.000","22.300","22.000","0.06K","-1.76%"
"19/12/2022","22.700","22.700","22.700","22.200","0.75K","0.00%"
"16/12/2022","22.700","22.500","22.700","22.500","0.68K","0.00%"
"15/12/2022","22.700","22.700","22.900","22.700","0.27K","0.89%"
"14/12/2022","22.500","22.900","23.000","22.500","10.37K","-1.32%"
"13/12/2022","22.800","22.400","22.800","22.300","8.20K","3.64%"
"12/12/2022","22.000","22.500","22.500","21.800","12.70K","-1.35%"
"09/12/2022","22.300","21.800","22.500","21.800","4.87K","-0.89%"
"08/12/2022","22.500","22.700","22.700","22.500","8.70K","-0.88%"
"07/12/2022","22.700","22.000","22.700","22.000","8.99K","0.44%"
"06/12/2022","22.600","22.400","22.700","22.400","4.32K","-0.44%"
"05/12/2022","22.700","22.600","22.700","22.000","13.89K","0.44%"
"02/12/2022","22.600","21.600","22.600","21.500","5.48K","0.00%"
"01/12/2022","22.600","22.500","22.600","22.200","1.41K","1.35%"
"30/11/2022","22.300","21.000","22.400","20.200","4.76K","0.00%"
"29/11/2022","22.300","22.400","22.600","22.200","10.24K","-0.45%"
"28/11/2022","22.400","22.000","22.400","21.300","6.77K","1.36%"
"25/11/2022","22.100","22.000","22.100","21.600","2.84K","0.45%"
"24/11/2022","22.000","21.900","22.000","21.500","11.20K","0.46%"
"23/11/2022","21.900","22.000","22.100","21.900","11.47K","0.00%"
"22/11/2022","21.900","20.500","22.000","20.500","8.57K","-0.45%"
"21/11/2022","22.000","21.600","22.000","20.500","6.13K","1.85%"
"18/11/2022","21.600","21.000","21.800","21.000","1.05K","2.86%"
"17/11/2022","21.000","21.800","21.800","20.700","0.14K","-2.33%"
"16/11/2022","21.500","20.700","21.900","20.700","1.71K","-1.83%"
"15/11/2022","21.900","21.400","21.900","21.100","6.24K","1.39%"
"14/11/2022","21.600","20.000","21.600","20.000","3.95K","7.46%"
"10/11/2022","20.100","21.500","21.500","20.000","3.76K","-4.29%"
"09/11/2022","21.000","21.900","21.900","21.000","0.67K","-1.41%"
"08/11/2022","21.300","22.300","22.300","21.100","0.21K","-4.48%"
"07/11/2022","22.300","22.600","22.700","21.000","1.17K","-0.89%"
"04/11/2022","22.500","21.900","22.500","21.300","10.19K","5.63%"
"03/11/2022","21.300","21.000","22.500","21.000","6.16K","1.91%"
"02/11/2022","20.900","20.000","20.900","19.200","2.22K","5.82%"
"31/10/2022","19.750","18.300","19.750","18.300","6.56K","4.50%"
"28/10/2022","18.900","18.900","18.900","18.900","0.01K","0.00%"
"27/10/2022","18.900","18.200","18.900","18.000","0.93K","3.28%"
"26/10/2022","18.300","18.900","18.900","18.300","1.74K","-2.66%"
"25/10/2022","18.800","18.150","18.950","18.100","1.34K","3.58%"
"24/10/2022","18.150","18.300","18.500","18.150","2.34K","-0.55%"
"21/10/2022","18.250","18.000","18.350","17.950","5.43K","0.55%"
"20/10/2022","18.150","18.000","18.150","18.000","1.23K","-1.89%"
"19/10/2022","18.500","18.100","18.500","18.050","2.51K","1.65%"
"18/10/2022","18.200","18.150","18.250","17.150","6.01K","0.28%"
"17/10/2022","18.150","18.000","19.000","17.550","7.48K","-1.09%"
"14/10/2022","18.350","19.000","20.700","18.350","9.11K","-8.02%"
"13/10/2022","19.950","20.600","20.600","19.050","16.22K","-3.62%"
"12/10/2022","20.700","21.600","22.000","20.700","0.74K","-4.17%"
"11/10/2022","21.600","20.600","21.600","20.600","2.43K","-0.92%"
"10/10/2022","21.800","22.500","22.500","21.200","2.31K","-2.68%"
"07/10/2022","22.400","22.400","22.400","22.400","0.46K","0.00%"
"06/10/2022","22.400","22.400","22.400","22.000","1.28K","1.36%"
"05/10/2022","22.100","22.500","22.500","22.000","2.56K","0.45%"
"04/10/2022","22.000","21.800","22.000","21.800","2.43K","0.46%"
"03/10/2022","21.900","21.500","23.000","20.000","21.33K","-0.90%"
"30/09/2022","22.100","22.700","22.700","22.100","0.96K","-1.78%"
"29/09/2022","22.500","22.700","22.700","22.500","29.05K","-1.32%"
"28/09/2022","22.800","23.000","23.000","22.500","7.03K","-0.87%"
"27/09/2022","23.000","23.000","23.100","22.000","6.08K","2.22%"
"26/09/2022","22.500","23.000","23.000","22.500","11.00K","-1.75%"
"23/09/2022","22.900","22.600","22.900","22.300","1.42K","0.00%"
"22/09/2022","22.900","23.000","23.000","22.400","15.78K","-0.43%"
"21/09/2022","23.000","22.500","23.000","22.500","9.96K","2.68%"
"20/09/2022","22.400","22.500","22.800","22.400","4.20K","-1.32%"
"19/09/2022","22.700","22.600","22.800","22.400","5.07K","0.44%"
"16/09/2022","22.600","22.600","22.600","22.400","17.40K","0.44%"
"15/09/2022","22.500","22.400","22.500","22.000","2.95K","0.45%"
"14/09/2022","22.400","22.400","22.400","22.000","0.78K","1.82%"
"13/09/2022","22.000","21.700","22.000","21.700","1.50K","0.00%"
"12/09/2022","22.000","21.700","22.000","21.500","6.26K","0.00%"
"09/09/2022","22.000","21.600","22.300","21.600","0.62K","0.00%"
"08/09/2022","22.000","22.200","22.400","21.700","4.94K","-1.79%"
"07/09/2022","22.400","22.500","22.500","21.700","0.43K","-0.44%"
"06/09/2022","22.500","22.600","22.600","22.200","4.17K","0.00%"
"05/09/2022","22.500","21.500","22.500","21.500","5.77K","1.35%"
"02/09/2022","22.200","22.300","22.500","21.600","4.71K","-0.45%"
"01/09/2022","22.300","22.600","22.600","22.100","6.36K","-1.76%"
"31/08/2022","22.700","22.400","22.800","22.000","50.26K","3.18%"
"30/08/2022","22.000","21.700","22.500","21.500","33.95K","1.38%"
"29/08/2022","21.700","22.600","22.600","21.400","16.88K","-3.98%"
"26/08/2022","22.600","22.700","22.800","22.600","2.96K","-0.88%"
"25/08/2022","22.800","22.600","22.900","22.500","112.07K","0.44%"
"24/08/2022","22.700","22.700","22.800","22.400","16.76K","0.00%"
"23/08/2022","22.700","22.700","22.800","22.200","5.57K","0.00%"
"22/08/2022","22.700","22.800","22.800","22.100","3.27K","1.34%"
"19/08/2022","22.400","22.500","22.500","22.000","14.54K","0.90%"
"18/08/2022","22.200","21.800","22.900","21.800","30.32K","4.23%"
"17/08/2022","21.300","20.400","21.700","20.300","58.81K","4.41%"
"16/08/2022","20.400","20.000","20.400","20.000","15.00K","2.26%"
"12/08/2022","19.950","19.500","19.950","19.500","66.19K","1.27%"
"11/08/2022","19.700","19.950","19.950","19.350","5.41K","-0.51%"
"10/08/2022","19.800","19.200","19.950","19.200","7.38K","4.21%"
"09/08/2022","19.000","18.500","19.500","18.100","4.35K","2.15%"
"08/08/2022","18.600","18.400","19.000","18.300","2.87K","2.20%"
"05/08/2022","18.200","18.500","18.500","18.200","1.39K","0.00%"
"04/08/2022","18.200","18.500","18.500","18.000","1.21K","-0.27%"
"03/08/2022","18.250","18.000","18.550","17.600","4.12K","3.69%"
"02/08/2022","17.600","18.400","18.400","16.650","26.90K","-4.35%"
"01/08/2022","18.400","19.000","19.550","18.300","6.06K","-5.88%"
"29/07/2022","19.550","20.000","20.000","19.200","2.99K","-2.25%"
"28/07/2022","20.000","20.000","20.100","19.400","16.15K","0.25%"
"27/07/2022","19.950","19.350","20.000","19.300","21.09K","3.37%"
"26/07/2022","19.300","18.500","19.300","18.500","37.07K","4.89%"
"25/07/2022","18.400","18.000","18.650","18.000","87.02K","2.22%"
"22/07/2022","18.000","17.800","18.400","17.800","473.75K","2.86%"
"21/07/2022","17.500","16.500","17.900","16.000","17.18K","7.36%"
"20/07/2022","16.300","16.000","16.450","15.550","4.24K","2.19%"
"19/07/2022","15.950","15.500","16.000","15.500","1.48K","0.00%"
"18/07/2022","15.950","16.000","16.000","14.600","4.19K","0.00%"
"15/07/2022","15.950","15.600","15.950","15.200","5.91K","2.24%"
"14/07/2022","15.600","15.800","15.800","15.500","0.61K","-0.95%"
"13/07/2022","15.750","16.450","16.500","15.750","3.83K","-3.96%"
"12/07/2022","16.400","15.950","16.400","15.500","19.62K","3.14%"
"11/07/2022","15.900","15.000","15.900","15.000","19.69K","3.92%"
"08/07/2022","15.300","15.100","15.300","14.900","6.92K","-3.16%"
"07/07/2022","15.800","16.100","16.800","15.650","11.45K","-1.25%"
"06/07/2022","16.000","14.550","16.000","14.550","14.18K","10.34%"
"05/07/2022","14.500","14.300","14.500","14.200","4.77K","2.11%"
"04/07/2022","14.200","13.900","14.350","13.900","17.04K","2.90%"
"01/07/2022","13.800","13.800","13.800","13.800","31.08K","1.85%"
"30/06/2022","13.550","13.400","13.800","13.300","6.99K","2.26%"
"29/06/2022","13.250","12.850","13.250","12.850","11.67K","3.11%"
"28/06/2022","12.850","12.800","12.850","12.600","3.54K","1.98%"
"27/06/2022","12.600","12.700","12.850","12.500","5.89K","0.80%"
"24/06/2022","12.500","12.700","12.700","12.050","1.46K","-2.72%"
"23/06/2022","12.850","12.500","12.850","12.350","10.67K","3.21%"
"22/06/2022","12.450","12.400","12.500","11.800","16.43K","2.89%"
"21/06/2022","12.100","12.300","12.300","12.100","4.57K","-1.63%"
"20/06/2022","12.300","12.250","12.300","12.250","7.04K","0.82%"
"17/06/2022","12.200","12.200","12.400","11.300","21.83K","0.83%"
"15/06/2022","12.100","11.900","12.100","11.650","175.71K","4.31%"
"14/06/2022","11.600","12.000","12.000","11.600","8.89K","0.87%"
"13/06/2022","11.500","11.350","11.500","11.350","0.68K","-4.17%"
"10/06/2022","12.000","12.100","12.100","11.900","18.46K","0.00%"
"09/06/2022","12.000","12.050","12.050","11.800","11.10K","0.84%"
"08/06/2022","11.900","11.950","12.000","11.450","10.15K","0.85%"
"07/06/2022","11.800","11.900","12.000","11.450","4.68K","3.51%"
"06/06/2022","11.400","11.500","11.950","11.400","1.53K","-5.39%"
"03/06/2022","12.050","12.000","12.200","11.500","5.35K","1.26%"
"02/06/2022","11.900","11.900","12.300","11.800","37.44K","1.28%"
"01/06/2022","11.750","11.900","11.900","11.300","8.88K","1.29%"
"31/05/2022","11.600","11.500","11.600","11.400","3.88K","0.87%"
"30/05/2022","11.500","11.550","11.550","11.200","11.13K","1.77%"
"27/05/2022","11.300","11.550","11.550","10.800","13.33K","2.26%"
"26/05/2022","11.050","11.550","11.600","10.750","6.68K","-3.91%"
"25/05/2022","11.500","11.400","11.500","10.900","10.93K","0.88%"
"24/05/2022","11.400","10.550","11.600","10.550","13.17K","8.06%"
"23/05/2022","10.550","11.350","11.350","10.550","3.64K","-7.05%"
"20/05/2022","11.350","11.000","11.400","11.000","12.23K","2.25%"
"19/05/2022","11.100","11.100","11.150","10.700","4.88K","4.23%"
"18/05/2022","10.650","9.980","11.600","9.980","37.96K","7.58%"
"17/05/2022","9.900","9.800","9.900","9.540","26.33K","0.00%"
"16/05/2022","9.900","9.860","9.960","9.800","9.26K","3.56%"
"13/05/2022","9.560","9.600","9.600","9.400","20.73K","-0.42%"
"12/05/2022","9.600","9.700","9.700","9.360","2.52K","1.69%"
"11/05/2022","9.440","9.880","9.880","9.400","2.59K","-1.67%"
"10/05/2022","9.600","9.600","9.700","9.380","84.63K","0.00%"
"09/05/2022","9.600","9.640","9.740","9.520","68.40K","-3.03%"
"06/05/2022","9.900","9.420","9.940","9.400","113.05K","5.32%"
"05/05/2022","9.400","9.300","9.520","9.200","276.28K","1.73%"
"04/05/2022","9.240","9.500","9.500","9.240","122.00K","-21.69%"
"02/05/2022","11.800","11.750","11.800","11.750","19.49K","0.43%"
"29/04/2022","11.750","11.750","11.750","11.700","11.21K","0.43%"
"28/04/2022","11.700","11.750","11.750","11.650","9.60K","0.00%"
"27/04/2022","11.700","11.750","11.750","11.700","17.24K","-0.43%"
"26/04/2022","11.750","11.750","11.750","11.750","5.71K","0.00%"
"25/04/2022","11.750","11.800","11.800","11.700","12.15K","-0.42%"
"22/04/2022","11.800","11.800","11.850","11.800","8.52K","0.00%"
"21/04/2022","11.800","11.800","11.850","11.800","7.89K","0.00%"
"20/04/2022","11.800","11.800","11.850","11.800","17.41K","-0.42%"
"19/04/2022","11.850","11.850","11.850","11.800","45.81K","0.00%"
"14/04/2022","11.850","11.850","11.850","11.800","16.55K","0.00%"
"13/04/2022","11.850","11.850","11.850","11.850","11.98K","0.00%"
"12/04/2022","11.850","11.850","11.850","11.800","26.39K","0.00%"
"11/04/2022","11.850","11.800","11.850","11.800","48.68K","0.00%"
"08/04/2022","11.850","11.800","11.850","11.800","49.02K","0.42%"
"07/04/2022","11.800","11.800","11.850","11.750","28.83K","0.00%"
"06/04/2022","11.800","11.850","11.850","11.800","34.78K","0.00%"
"05/04/2022","11.800","11.750","11.850","11.750","9.93K","0.00%"
"04/04/2022","11.800","11.800","11.850","11.800","15.72K","0.00%"
"01/04/2022","11.800","11.800","11.900","11.800","20.57K","-0.42%"
"31/03/2022","11.850","11.850","11.850","11.800","94.30K","0.00%"
"30/03/2022","11.850","11.800","11.850","11.800","7.76K","0.00%"
"29/03/2022","11.850","11.850","11.850","11.750","61.44K","0.42%"
"28/03/2022","11.800","11.800","11.850","11.750","94.45K","-0.42%"
"25/03/2022","11.850","11.800","11.850","11.750","63.31K","0.42%"
"24/03/2022","11.800","11.800","11.850","11.750","113.77K","0.43%"
"23/03/2022","11.750","11.750","11.850","11.700","66.46K","0.00%"
"22/03/2022","11.750","11.900","11.950","11.750","599.76K","6.82%"
"21/03/2022","11.000","10.950","11.000","10.500","101.85K","0.00%"
"18/03/2022","11.000","10.450","11.150","10.200","44.32K","4.27%"
"17/03/2022","10.550","10.500","10.700","10.250","34.57K","0.48%"
"16/03/2022","10.500","10.000","10.500","9.800","38.68K","5.63%"
"15/03/2022","9.940","9.080","10.000","9.080","72.01K","9.23%"
"14/03/2022","9.100","9.000","9.100","9.000","3.64K","1.11%"
"11/03/2022","9.000","8.960","9.020","8.860","4.51K","0.22%"
"10/03/2022","8.980","9.300","9.300","8.820","7.08K","-1.97%"
"09/03/2022","9.160","9.180","9.180","8.940","7.12K","2.46%"
"08/03/2022","8.940","9.000","9.000","8.700","2.69K","-0.67%"
"07/03/2022","9.000","8.880","9.000","8.300","28.24K","0.00%"
"04/03/2022","9.000","9.000","9.180","8.620","25.12K","-1.96%"
"03/03/2022","9.180","9.180","9.180","9.000","11.14K","0.00%"
"02/03/2022","9.180","9.200","9.280","8.620","9.71K","2.00%"
"01/03/2022","9.000","9.000","9.260","8.960","2.58K","1.12%"
"28/02/2022","8.900","8.600","8.980","8.560","7.61K","0.00%"
"25/02/2022","8.900","9.200","9.260","8.620","18.01K","3.01%"
"24/02/2022","8.640","9.500","9.500","8.020","71.09K","-11.84%"
"23/02/2022","9.800","9.880","9.880","9.800","47.19K","-0.81%"
"22/02/2022","9.880","9.600","9.980","9.420","61.01K","-0.60%"
"21/02/2022","9.940","9.900","10.000","9.400","46.09K","0.61%"
"18/02/2022","9.880","9.500","9.900","9.440","35.10K","4.66%"
"17/02/2022","9.440","9.220","9.500","9.120","21.56K","4.89%"
"16/02/2022","9.000","8.900","9.200","8.900","9.49K","1.12%"
"15/02/2022","8.900","8.900","8.900","8.780","3.48K","0.00%"
"14/02/2022","8.900","8.980","8.980","8.720","9.47K","-1.11%"
"11/02/2022","9.000","8.920","9.000","8.740","12.83K","0.45%"
"10/02/2022","8.960","8.700","9.000","8.700","5.91K","1.36%"
"09/02/2022","8.840","8.960","8.960","8.800","2.10K","-1.56%"
"08/02/2022","8.980","8.980","9.000","8.620","11.97K","0.22%"
"07/02/2022","8.960","8.960","8.960","8.900","1.11K","0.45%"
"04/02/2022","8.920","8.780","8.940","8.640","5.00K","1.83%"
"03/02/2022","8.760","8.760","8.760","8.580","3.12K","0.23%"
"02/02/2022","8.740","8.760","8.780","8.700","3.86K","0.46%"
"01/02/2022","8.700","8.420","8.800","8.420","7.02K","2.35%"
"31/01/2022","8.500","8.600","8.720","8.500","8.98K","-0.23%"
"28/01/2022","8.520","8.760","8.800","8.300","13.78K","-3.18%"
"27/01/2022","8.800","8.760","8.800","8.760","2.20K","-0.45%"
"26/01/2022","8.840","8.980","8.980","8.700","7.04K","-1.56%"
"25/01/2022","8.980","8.400","9.300","8.400","23.82K","6.15%"
"24/01/2022","8.460","8.740","8.980","8.400","15.40K","-5.79%"
"21/01/2022","8.980","8.980","8.980","8.840","7.39K","-0.22%"
"20/01/2022","9.000","9.140","9.140","8.900","2.77K","-1.53%"
"19/01/2022","9.140","9.140","9.140","9.000","0.82K","-0.65%"
"18/01/2022","9.200","9.300","9.300","9.000","11.21K","0.44%"
"17/01/2022","9.160","9.160","9.300","9.140","2.48K","0.00%"
"14/01/2022","9.160","9.180","9.280","9.160","1.85K","-1.29%"
"13/01/2022","9.280","9.100","9.280","9.100","0.78K","2.43%"
"12/01/2022","9.060","9.280","9.300","9.060","16.29K","-2.37%"
"11/01/2022","9.280","9.280","9.280","9.240","0.32K","0.00%"
"10/01/2022","9.280","9.360","9.380","9.040","2.91K","-0.85%"
"07/01/2022","9.360","9.540","9.540","9.120","0.56K","-1.06%"
"05/01/2022","9.460","9.560","9.560","9.220","3.21K","-1.05%"
"04/01/2022","9.560","9.180","9.580","9.160","9.77K","5.05%"
"03/01/2022","9.100","8.860","9.100","8.860","5.77K","2.71%"
"30/12/2021","8.860","8.780","8.980","8.740","0.87K","1.37%"
"29/12/2021","8.740","8.800","8.800","8.700","6.13K","0.46%"
"28/12/2021","8.700","8.860","8.860","8.700","42.73K","-1.81%"
"27/12/2021","8.860","8.980","9.000","8.840","7.49K","-1.34%"
"23/12/2021","8.980","9.000","9.000","8.860","11.82K","0.67%"
"22/12/2021","8.920","9.040","9.040","8.880","2.92K","-0.89%"
"21/12/2021","9.000","9.000","9.060","8.840","14.24K","-3.02%"
"20/12/2021","9.280","9.380","9.380","9.000","34.75K","-1.07%"
"17/12/2021","9.380","9.300","9.500","9.200","10.83K","1.74%"
"16/12/2021","9.220","9.160","9.220","9.020","60.00K","1.54%"
"15/12/2021","9.080","9.200","9.200","8.700","4.93K","-0.22%"
"14/12/2021","9.100","9.240","9.300","9.100","4.13K","-1.30%"
"13/12/2021","9.220","9.180","9.220","9.100","1.51K","1.77%"
"10/12/2021","9.060","9.200","9.200","9.020","0.86K","-1.52%"
"09/12/2021","9.200","9.000","9.200","9.000","0.02K","-0.22%"
"08/12/2021","9.220","9.300","9.300","9.120","0.61K","-0.43%"
"07/12/2021","9.260","9.240","9.280","9.200","1.14K","2.89%"
"06/12/2021","9.000","9.280","9.280","9.000","1.47K","-3.02%"
"03/12/2021","9.280","9.100","9.300","9.100","1.62K","0.22%"
"02/12/2021","9.260","9.260","9.260","9.040","1.88K","0.22%"
"01/12/2021","9.240","9.100","9.300","9.100","5.05K","1.54%"
"30/11/2021","9.100","8.980","9.100","8.700","5.04K","1.34%"
"29/11/2021","8.980","9.160","9.160","8.880","2.38K","-1.32%"
"26/11/2021","9.100","8.900","9.100","8.560","7.34K","0.00%"
"25/11/2021","9.100","8.760","9.140","8.700","8.36K","0.66%"
"24/11/2021","9.040","9.100","9.100","8.760","14.96K","-0.66%"
"23/11/2021","9.100","9.180","9.200","9.040","6.28K","-0.87%"
"22/11/2021","9.180","9.040","9.340","9.040","68.63K","-1.92%"
"19/11/2021","9.360","9.300","9.500","9.020","21.15K","-1.27%"
"18/11/2021","9.480","9.680","9.680","9.240","11.22K","-2.07%"
"17/11/2021","9.680","9.780","9.780","9.580","61.00K","-1.02%"
"16/11/2021","9.780","9.900","9.900","9.600","6.97K","-1.01%"
"15/11/2021","9.880","10.000","10.000","9.740","5.39K","-0.40%"
"12/11/2021","9.920","9.860","9.920","9.760","2.58K","1.22%"
"10/11/2021","9.800","10.000","10.000","9.520","7.70K","-2.00%"
"09/11/2021","10.000","10.000","10.000","9.920","10.57K","0.00%"
"08/11/2021","10.000","10.100","10.150","9.960","5.20K","-0.50%"
"05/11/2021","10.050","10.150","10.150","9.960","13.31K","0.50%"
"04/11/2021","10.000","10.000","10.250","9.800","7.47K","0.00%"
"03/11/2021","10.000","10.250","10.250","9.900","4.41K","-2.44%"
"02/11/2021","10.250","10.200","10.350","10.000","51.63K","0.49%"
"29/10/2021","10.200","10.100","10.200","9.920","11.08K","2.00%"
"28/10/2021","10.000","10.000","10.100","9.940","3.30K","-0.99%"
"27/10/2021","10.100","10.050","10.200","9.940","7.17K","0.50%"
"26/10/2021","10.050","10.250","10.400","10.000","16.52K","-1.95%"
"25/10/2021","10.250","10.150","10.400","10.000","50.00K","1.49%"
"22/10/2021","10.100","10.100","10.200","10.050","2.96K","-0.98%"
"21/10/2021","10.200","10.300","10.300","10.100","2.31K","-0.97%"
"20/10/2021","10.300","10.250","10.600","10.100","13.64K","-1.44%"
"19/10/2021","10.450","10.650","10.800","10.400","9.46K","-1.42%"
"18/10/2021","10.600","10.000","10.600","10.000","27.78K","6.00%"
"15/10/2021","10.000","10.000","10.000","9.960","0.62K","0.00%"
"14/10/2021","10.000","10.100","10.100","9.940","24.56K","-0.99%"
"13/10/2021","10.100","10.050","10.150","9.940","104.08K","0.50%"
"12/10/2021","10.050","10.000","10.100","9.940","19.04K","-0.50%"
"11/10/2021","10.100","10.050","10.100","9.960","5.83K","1.00%"
"08/10/2021","10.000","10.000","10.000","9.920","6.83K","-0.99%"
"07/10/2021","10.100","10.000","10.100","9.920","9.16K","1.00%"
"06/10/2021","10.000","10.150","10.150","9.900","3.95K","-1.48%"
"05/10/2021","10.150","10.100","10.150","9.960","50.00K","1.50%"
"04/10/2021","10.000","10.250","10.250","9.900","12.59K","-2.44%"
"01/10/2021","10.250","9.920","10.400","9.920","7.32K","3.54%"
"30/09/2021","9.900","10.200","10.200","9.900","19.64K","-2.46%"
"29/09/2021","10.150","10.200","10.200","9.900","15.43K","-0.49%"
"28/09/2021","10.200","10.400","10.400","10.150","1.85K","-0.49%"
"27/09/2021","10.250","10.250","10.350","10.150","7.03K","-1.44%"
"24/09/2021","10.400","9.940","10.500","9.940","9.39K","1.46%"
"23/09/2021","10.250","9.940","10.300","9.940","20.51K","2.50%"
"22/09/2021","10.000","9.920","10.350","9.600","33.28K","2.04%"
"21/09/2021","9.800","10.000","10.200","9.800","14.64K","-1.01%"
"20/09/2021","9.900","10.950","11.100","9.900","55.37K","-10.00%"
"17/09/2021","11.000","11.150","11.300","11.000","47.92K","-1.35%"
"16/09/2021","11.150","10.900","11.350","10.700","35.05K","2.29%"
"15/09/2021","10.900","10.700","10.900","10.500","14.00K","2.35%"
"14/09/2021","10.650","10.850","10.900","10.600","14.18K","0.00%"
"13/09/2021","10.650","10.100","10.800","10.100","24.09K","2.90%"
"10/09/2021","10.350","10.350","10.350","10.250","9.01K","-0.48%"
"09/09/2021","10.400","10.350","10.450","10.300","3.63K","0.48%"
"08/09/2021","10.350","10.700","10.700","10.250","13.52K","-0.48%"
"07/09/2021","10.400","10.450","10.750","10.300","29.48K","-0.48%"
"06/09/2021","10.450","10.150","10.450","10.000","51.62K","4.50%"
"03/09/2021","10.000","9.880","10.200","9.880","46.56K","2.25%"
"02/09/2021","9.780","9.640","9.780","9.520","4.68K","1.45%"
"01/09/2021","9.640","9.820","9.820","9.600","4.50K","-2.23%"
"31/08/2021","9.860","9.860","9.900","9.840","2.76K","-1.00%"
"30/08/2021","9.960","9.820","9.980","9.760","2.07K","1.43%"
"27/08/2021","9.820","9.840","9.900","9.740","3.99K","-0.20%"
"26/08/2021","9.840","9.900","9.900","9.840","2.12K","-0.20%"
"25/08/2021","9.860","9.700","9.880","9.700","1.22K","0.61%"
"24/08/2021","9.800","9.900","9.900","9.740","1.29K","0.00%"
"23/08/2021","9.800","9.700","9.900","9.700","2.09K","-1.01%"
"20/08/2021","9.900","9.780","9.920","9.760","1.43K","1.23%"
"19/08/2021","9.780","9.940","9.940","9.700","4.57K","-1.61%"
"18/08/2021","9.940","9.860","9.940","9.840","6.17K","-0.40%"
"17/08/2021","9.980","10.000","10.000","9.840","1.57K","-0.20%"
"16/08/2021","10.000","9.840","10.150","9.840","4.96K","1.63%"
"13/08/2021","9.840","10.100","10.200","9.720","9.91K","-0.40%"
"12/08/2021","9.880","10.100","10.100","9.820","2.14K","-0.40%"
"11/08/2021","9.920","10.000","10.100","9.840","2.37K","-0.80%"
"10/08/2021","10.000","10.100","10.100","9.800","5.60K","0.00%"
"09/08/2021","10.000","9.980","10.000","9.840","15.15K","0.20%"
"06/08/2021","9.980","9.940","9.980","9.720","3.63K","0.40%"
"05/08/2021","9.940","9.920","9.940","9.820","1.59K","0.20%"
"04/08/2021","9.920","9.900","9.960","9.740","8.45K","0.20%"
"03/08/2021","9.900","9.700","9.960","9.660","7.17K","0.20%"
"02/08/2021","9.880","9.440","9.900","9.440","11.46K","4.44%"
"30/07/2021","9.460","9.400","9.460","9.400","1.69K","0.64%"
"29/07/2021","9.400","9.600","9.600","9.400","12.06K","0.00%"
"28/07/2021","9.400","9.260","9.500","9.260","7.29K","0.86%"
"27/07/2021","9.320","9.540","9.560","9.180","25.01K","-3.32%"
"26/07/2021","9.640","9.700","9.800","9.520","7.34K","-0.62%"
"23/07/2021","9.700","9.900","9.900","9.700","2.18K","-0.61%"
"22/07/2021","9.760","9.960","9.960","9.700","0.17K","-1.41%"
"21/07/2021","9.900","9.960","9.960","9.700","0.54K","1.23%"
"20/07/2021","9.780","9.740","9.900","9.700","2.69K","-1.01%"
"19/07/2021","9.880","9.980","10.100","9.760","3.23K","-1.00%"
"16/07/2021","9.980","10.000","10.000","9.740","0.18K","0.81%"
"15/07/2021","9.900","10.150","10.150","9.700","5.55K","-1.00%"
"14/07/2021","10.000","10.250","10.250","9.920","9.28K","-2.44%"
"13/07/2021","10.250","10.300","10.300","9.900","1.94K","1.49%"
"12/07/2021","10.100","10.100","10.300","9.900","7.44K","0.50%"
"09/07/2021","10.050","10.150","10.150","10.050","2.01K","-0.99%"
"08/07/2021","10.150","10.200","10.250","9.920","3.52K","1.50%"
"07/07/2021","10.000","10.400","10.400","10.000","21.18K","-1.96%"
"06/07/2021","10.200","10.400","10.400","10.150","2.56K","-1.92%"
"05/07/2021","10.400","10.500","10.500","10.150","5.77K","-0.48%"
"02/07/2021","10.450","10.300","10.500","9.740","32.12K","2.45%"
"01/07/2021","10.200","9.580","10.400","9.560","36.76K","6.69%"
"30/06/2021","9.560","9.620","9.620","9.400","5.06K","0.84%"
"29/06/2021","9.480","9.600","9.700","9.300","8.92K","-1.25%"
"28/06/2021","9.600","9.500","9.600","9.400","8.79K","1.27%"
"25/06/2021","9.480","9.600","9.600","9.000","113.20K","-1.25%"
"24/06/2021","9.600","9.500","9.600","9.360","6.49K","0.00%"
"23/06/2021","9.600","10.000","10.000","9.480","37.77K","-3.03%"
"22/06/2021","9.900","9.900","9.980","9.660","3.34K","2.06%"
"21/06/2021","9.700","10.000","10.000","9.520","5.53K","-1.02%"
"18/06/2021","9.800","10.200","10.350","9.800","4.88K","-3.92%"
"17/06/2021","10.200","10.400","10.450","9.920","17.02K","0.00%"
"16/06/2021","10.200","10.450","10.450","10.200","6.91K","-0.49%"
"15/06/2021","10.250","10.550","10.650","10.200","17.42K","-0.49%"
"14/06/2021","10.300","10.000","10.600","10.000","23.14K","3.21%"
"11/06/2021","9.980","9.900","9.980","9.760","4.27K","0.81%"
"10/06/2021","9.900","10.100","10.100","9.900","8.98K","-1.98%"
"09/06/2021","10.100","10.150","10.200","9.940","11.83K","0.00%"
"08/06/2021","10.100","9.940","10.150","9.940","3.50K","-0.49%"
"07/06/2021","10.150","10.300","10.400","9.900","8.19K","-0.98%"
"04/06/2021","10.250","10.200","10.400","10.100","0.49K","0.49%"
"02/06/2021","10.200","10.300","10.400","10.150","3.30K","-0.97%"
"01/06/2021","10.300","10.400","10.450","10.150","5.11K","1.48%"
"31/05/2021","10.150","10.400","10.600","10.100","8.05K","-2.40%"
"28/05/2021","10.400","10.600","10.650","10.350","6.40K","-1.42%"
"27/05/2021","10.550","10.400","10.550","10.200","4.74K","0.96%"
"26/05/2021","10.450","10.450","10.600","10.100","4.75K","-0.48%"
"25/05/2021","10.500","10.500","10.550","10.350","13.05K","1.94%"
"24/05/2021","10.300","9.800","10.500","9.600","33.53K","6.63%"
"21/05/2021","9.660","9.480","9.900","9.480","19.48K","2.33%"
"20/05/2021","9.440","9.600","9.600","9.360","8.60K","-0.84%"
"19/05/2021","9.520","9.620","9.640","9.440","8.88K","0.21%"
"18/05/2021","9.500","9.780","9.780","9.500","16.19K","-2.06%"
"17/05/2021","9.700","9.880","10.000","9.680","11.19K","-1.82%"
"14/05/2021","9.880","9.720","10.000","9.680","17.00K","1.65%"
"13/05/2021","9.720","10.150","10.150","9.440","31.00K","-4.24%"
"12/05/2021","10.150","9.920","10.300","9.900","4.87K","2.53%"
"11/05/2021","9.900","10.000","10.300","9.900","12.90K","-1.49%"
"10/05/2021","10.050","10.250","10.400","10.050","14.19K","-1.95%"
"07/05/2021","10.250","10.750","10.800","10.250","23.07K","-3.30%"
"06/05/2021","10.600","10.700","10.900","10.600","7.09K","0.00%"
"05/05/2021","10.600","10.700","10.700","10.300","10.91K","0.47%"
"04/05/2021","10.550","10.300","10.700","10.300","9.52K","2.43%"
"30/04/2021","10.300","10.300","10.450","10.300","5.48K","-0.96%"
"29/04/2021","10.400","10.650","10.700","10.400","5.94K","-0.48%"
"28/04/2021","10.450","10.150","10.550","10.000","9.75K","1.46%"
"27/04/2021","10.300","10.000","10.400","9.900","16.10K","1.98%"
"26/04/2021","10.100","10.150","10.300","10.100","12.10K","-0.98%"
"23/04/2021","10.200","10.200","10.400","10.100","10.15K","0.49%"
"22/04/2021","10.150","10.200","10.400","10.000","5.51K","0.50%"
"21/04/2021","10.100","10.500","10.500","9.580","40.80K","-3.35%"
"20/04/2021","10.450","10.900","10.900","10.350","10.57K","-4.13%"
"19/04/2021","10.900","11.300","11.300","10.650","17.39K","-2.24%"
"16/04/2021","11.150","11.200","11.200","10.850","12.01K","-0.45%"
"15/04/2021","11.200","11.100","11.200","10.200","26.35K","1.36%"
"14/04/2021","11.050","11.500","11.500","11.000","25.63K","-3.07%"
"13/04/2021","11.400","11.400","11.400","11.200","2.86K","-0.87%"
"12/04/2021","11.500","11.050","11.600","11.050","11.39K","0.88%"
"09/04/2021","11.400","11.250","11.450","11.050","9.01K","1.33%"
"08/04/2021","11.250","11.600","11.600","11.250","6.49K","-3.02%"
"07/04/2021","11.600","11.650","11.750","11.500","4.77K","-0.85%"
"06/04/2021","11.700","11.650","11.750","11.600","7.34K","0.43%"
"01/04/2021","11.650","11.100","11.700","11.100","18.26K","3.56%"
"31/03/2021","11.250","11.250","11.400","11.000","8.19K","-0.44%"
"30/03/2021","11.300","11.200","11.350","11.200","4.28K","0.89%"
"29/03/2021","11.200","11.350","11.350","10.800","10.53K","-1.32%"
"26/03/2021","11.350","10.950","11.350","10.650","7.00K","5.09%"
"25/03/2021","10.800","10.750","10.950","10.650","9.35K","-0.46%"
"24/03/2021","10.850","10.950","10.950","10.600","6.91K","0.00%"
"23/03/2021","10.850","10.550","10.950","10.550","7.19K","2.84%"
"22/03/2021","10.550","10.800","10.950","10.150","34.04K","-2.31%"
"19/03/2021","10.800","10.950","11.000","10.650","21.81K","-1.82%"
"18/03/2021","11.000","11.000","11.100","10.850","13.57K","-0.90%"
"17/03/2021","11.100","11.500","11.700","10.650","21.72K","-3.48%"
"16/03/2021","11.500","11.750","11.750","11.400","25.78K","-2.13%"
"15/03/2021","11.750","11.650","11.850","11.400","9.21K","0.43%"
"12/03/2021","11.700","11.800","11.900","11.200","15.49K","-0.85%"
"11/03/2021","11.800","11.900","11.950","11.600","7.55K","-0.42%"
"10/03/2021","11.850","11.900","12.000","11.700","13.11K","0.00%"
"09/03/2021","11.850","11.150","11.900","11.150","33.86K","3.04%"
"08/03/2021","11.500","11.400","11.500","11.050","11.23K","1.77%"
"05/03/2021","11.300","11.350","11.350","11.250","3.23K","0.44%"
"04/03/2021","11.250","11.100","11.300","10.950","30.85K","1.35%"
"03/03/2021","11.100","11.000","11.100","10.600","24.08K","1.37%"
"02/03/2021","10.950","10.700","11.000","10.600","12.54K","2.82%"
"01/03/2021","10.650","10.900","10.900","10.550","9.53K","-0.47%"
"26/02/2021","10.700","11.000","11.200","10.550","32.00K","-2.73%"
"25/02/2021","11.000","11.250","11.400","11.000","11.31K","0.00%"
"24/02/2021","11.000","11.100","11.200","11.000","4.85K","-1.35%"
"23/02/2021","11.150","11.250","11.300","11.000","20.22K","-0.89%"
"22/02/2021","11.250","11.000","11.250","11.000","9.19K","0.45%"
"19/02/2021","11.200","11.000","11.250","10.900","11.24K","0.45%"
"18/02/2021","11.150","11.300","11.400","11.000","36.57K","-1.33%"
"17/02/2021","11.300","11.400","11.400","11.000","11.45K","0.89%"
"16/02/2021","11.200","11.450","11.500","11.100","12.40K","-1.75%"
"15/02/2021","11.400","11.000","11.500","11.000","9.67K","2.70%"
"12/02/2021","11.100","11.400","11.400","10.950","12.72K","0.00%"
"11/02/2021","11.100","11.000","11.500","10.950","19.91K","1.83%"
"10/02/2021","10.900","11.100","11.450","10.900","37.16K","-0.91%"
"09/02/2021","11.000","10.800","11.100","10.650","26.33K","1.85%"
"08/02/2021","10.800","10.200","11.200","9.800","126.82K","6.93%"
"05/02/2021","10.100","10.200","10.200","9.900","7.04K","1.41%"
"04/02/2021","9.960","10.000","10.300","9.700","17.18K","0.61%"
"03/02/2021","9.900","10.400","10.400","9.900","12.04K","-1.98%"
"02/02/2021","10.100","9.900","10.200","9.900","19.79K","2.02%"
"01/02/2021","9.900","9.640","9.900","9.640","8.22K","3.12%"
"29/01/2021","9.600","9.880","9.900","9.600","11.52K","-2.64%"
"28/01/2021","9.860","9.600","9.860","9.500","7.54K","1.86%"
"27/01/2021","9.680","9.800","10.000","9.680","12.98K","-1.22%"
"26/01/2021","9.800","9.960","9.960","9.800","4.18K","-1.41%"
"25/01/2021","9.940","9.800","9.980","9.700","2.33K","0.81%"
"22/01/2021","9.860","9.960","9.980","9.680","2.25K","-1.40%"
"21/01/2021","10.000","10.100","10.100","9.700","5.79K","1.01%"
"20/01/2021","9.900","10.100","10.100","9.900","6.77K","-1.00%"
"19/01/2021","10.000","10.200","10.200","9.980","12.33K","-1.96%"
"18/01/2021","10.200","10.200","10.250","9.900","4.82K","0.00%"
"15/01/2021","10.200","10.400","10.400","10.050","20.67K","-1.92%"
"14/01/2021","10.400","10.100","10.400","10.100","61.65K","0.00%"
"13/01/2021","10.400","8.820","10.400","8.820","111.75K","9.47%"
"12/01/2021","9.500","9.600","9.600","9.500","7.33K","-1.04%"
"11/01/2021","9.600","9.480","9.700","9.320","40.18K","1.05%"
"08/01/2021","9.500","9.500","9.520","9.140","21.05K","1.06%"
"07/01/2021","9.400","9.280","9.480","9.120","27.25K","1.29%"
"05/01/2021","9.280","9.500","9.600","9.100","20.59K","-2.11%"
"04/01/2021","9.480","9.100","9.600","9.100","52.13K","4.41%"
"30/12/2020","9.080","8.480","9.100","8.260","148.59K","7.08%"
"29/12/2020","8.480","8.360","8.640","8.200","70.32K","3.92%"
"28/12/2020","8.160","8.300","8.300","8.060","25.36K","-1.69%"
"23/12/2020","8.300","8.300","8.300","8.200","15.80K","-0.72%"
"22/12/2020","8.360","8.060","8.360","8.060","5.18K","1.21%"
"21/12/2020","8.260","8.280","8.380","8.080","16.67K","-3.50%"
"18/12/2020","8.560","8.980","8.980","8.420","66.77K","0.71%"
"17/12/2020","8.500","8.120","8.660","8.100","83.29K","1.67%"
"16/12/2020","8.360","8.220","8.400","8.220","20.62K","0.72%"
"15/12/2020","8.300","8.380","8.380","8.100","17.39K","-0.24%"
"14/12/2020","8.320","8.200","8.380","8.060","20.16K","-1.19%"
"11/12/2020","8.420","8.280","8.420","7.980","26.34K","1.94%"
"10/12/2020","8.260","8.480","8.480","8.020","26.25K","-2.59%"
"09/12/2020","8.480","8.280","8.700","8.240","22.10K","1.19%"
"08/12/2020","8.380","8.500","8.500","8.260","5.79K","-0.95%"
"07/12/2020","8.460","8.240","8.740","8.220","51.53K","2.67%"
"04/12/2020","8.240","8.200","8.780","8.160","58.63K","0.49%"
"03/12/2020","8.200","8.180","8.240","8.100","4.82K","0.24%"
"02/12/2020","8.180","8.060","8.180","7.960","4.24K","0.49%"
"01/12/2020","8.140","8.160","8.200","8.080","3.61K","0.00%"
"30/11/2020","8.140","8.200","8.200","8.040","1.85K","-0.73%"
"27/11/2020","8.200","8.280","8.280","8.100","4.78K","-0.97%"
"26/11/2020","8.280","8.160","8.300","7.960","13.15K","0.98%"
"25/11/2020","8.200","8.220","8.220","8.000","8.43K","-0.73%"
"24/11/2020","8.260","8.320","8.320","8.080","4.31K","0.73%"
"23/11/2020","8.200","8.320","8.320","8.020","7.36K","0.24%"
"20/11/2020","8.180","8.300","8.300","8.020","1.82K","-0.24%"
"19/11/2020","8.200","8.380","8.380","7.840","3.42K","-1.91%"
"18/11/2020","8.360","8.400","8.420","8.260","12.10K","1.21%"
"17/11/2020","8.260","8.360","8.400","8.160","22.86K","-0.48%"
"16/11/2020","8.300","7.840","8.300","7.840","24.82K","3.23%"
"13/11/2020","8.040","7.900","8.040","7.840","7.59K","1.77%"
"12/11/2020","7.900","7.780","8.060","7.780","6.03K","-1.00%"
"10/11/2020","7.980","7.980","7.980","7.560","37.16K","2.05%"
"09/11/2020","7.820","7.920","8.060","7.540","16.19K","0.26%"
"06/11/2020","7.800","7.860","8.100","7.700","36.81K","2.36%"
"05/11/2020","7.620","7.020","7.660","7.020","13.10K","5.54%"
"04/11/2020","7.220","7.300","7.300","6.960","5.81K","-1.63%"
"03/11/2020","7.340","7.020","7.340","6.900","16.84K","5.16%"
"02/11/2020","6.980","6.760","7.100","6.700","15.04K","2.95%"
"30/10/2020","6.780","6.600","6.780","6.420","19.82K","3.04%"
"29/10/2020","6.580","6.520","6.800","6.500","26.03K","-4.36%"
"28/10/2020","6.880","7.120","7.360","6.420","37.43K","-3.10%"
"27/10/2020","7.100","7.660","7.700","7.060","18.09K","-6.58%"
"26/10/2020","7.600","7.520","7.680","7.500","7.05K","0.53%"
"23/10/2020","7.560","7.700","7.700","7.560","19.25K","-1.82%"
"22/10/2020","7.700","7.600","7.720","7.500","13.47K","1.85%"
"21/10/2020","7.560","7.540","7.720","7.500","8.69K","-2.33%"
"20/10/2020","7.740","7.560","7.760","7.500","15.89K","0.00%"
"19/10/2020","7.740","7.560","7.800","7.560","8.67K","-0.26%"
"16/10/2020","7.760","7.580","7.800","7.520","19.10K","2.11%"
"15/10/2020","7.600","7.840","7.960","7.540","27.23K","-2.56%"
"14/10/2020","7.800","7.800","7.800","7.640","6.73K","-0.51%"
"13/10/2020","7.840","7.680","7.860","7.600","14.36K","-0.25%"
"12/10/2020","7.860","7.700","8.000","7.700","7.29K","0.77%"
"09/10/2020","7.800","7.820","8.000","7.760","13.15K","-2.50%"
"08/10/2020","8.000","8.100","8.120","7.820","14.88K","-0.50%"
"07/10/2020","8.040","8.000","8.040","7.860","17.64K","0.50%"
"06/10/2020","8.000","7.700","8.120","7.660","26.91K","4.99%"
"05/10/2020","7.620","7.540","7.620","7.520","19.66K","-0.78%"
"02/10/2020","7.680","7.520","7.760","7.440","8.44K","0.00%"
"01/10/2020","7.680","7.560","7.760","7.520","27.15K","1.05%"
"30/09/2020","7.600","7.740","7.740","7.400","4.72K","0.80%"
"29/09/2020","7.540","7.500","7.760","7.360","7.67K","2.45%"
"28/09/2020","7.360","7.600","7.600","7.300","16.88K","-0.27%"
"25/09/2020","7.380","7.300","7.520","7.300","10.11K","-1.86%"
"24/09/2020","7.520","7.700","7.700","7.340","6.41K","0.27%"
"23/09/2020","7.500","7.740","7.740","7.500","9.00K","-1.83%"
"22/09/2020","7.640","7.560","7.840","7.560","3.81K","0.79%"
"21/09/2020","7.580","7.540","7.780","7.400","14.38K","-1.56%"
"18/09/2020","7.700","7.600","7.780","7.400","20.21K","1.05%"
"17/09/2020","7.620","7.660","7.800","7.020","28.68K","-1.04%"
"16/09/2020","7.700","7.560","7.780","7.560","16.84K","1.32%"
"15/09/2020","7.600","7.840","7.840","7.500","33.11K","-3.06%"
"14/09/2020","7.840","8.000","8.200","7.720","10.79K","-2.00%"
"11/09/2020","8.000","8.100","8.120","8.000","13.39K","0.00%"
"10/09/2020","8.000","8.080","8.160","7.660","43.58K","2.04%"
"09/09/2020","7.840","7.700","7.860","7.500","14.91K","4.53%"
"08/09/2020","7.500","8.160","8.160","7.140","77.82K","-8.09%"
"07/09/2020","8.160","8.120","8.500","7.620","50.86K","1.24%"
"04/09/2020","8.060","8.300","8.400","8.040","30.31K","-3.36%"
"03/09/2020","8.340","8.500","8.500","8.300","88.62K","1.46%"
"02/09/2020","8.220","8.800","8.800","8.120","76.90K","-4.20%"
"01/09/2020","8.580","7.400","8.940","7.300","287.37K","19.17%"
"31/08/2020","7.200","7.200","7.400","7.140","37.46K","-0.55%"
"28/08/2020","7.240","7.500","7.500","7.140","34.02K","-2.69%"
"27/08/2020","7.440","7.500","7.500","7.300","18.89K","0.54%"
"26/08/2020","7.400","7.500","7.500","7.320","5.09K","0.00%"
"25/08/2020","7.400","7.480","7.540","7.300","3.81K","-0.80%"
"24/08/2020","7.460","7.280","7.480","7.220","2.09K","2.47%"
"21/08/2020","7.280","7.300","7.300","7.040","4.97K","1.11%"
"20/08/2020","7.200","7.580","7.580","7.120","17.45K","-3.23%"
"19/08/2020","7.440","7.580","7.660","7.440","21.80K","-1.85%"
"18/08/2020","7.580","7.780","7.780","7.540","27.91K","-2.82%"
"17/08/2020","7.800","7.700","7.820","7.600","24.50K","1.30%"
"14/08/2020","7.700","7.800","7.840","7.460","33.51K","-0.52%"
"13/08/2020","7.740","7.400","7.960","7.400","66.75K","7.50%"
"12/08/2020","7.200","7.480","7.480","7.200","27.77K","-4.00%"
"11/08/2020","7.500","7.580","7.580","7.020","19.92K","-0.79%"
"10/08/2020","7.560","7.380","7.580","7.380","30.26K","2.72%"
"07/08/2020","7.360","7.000","7.380","6.840","41.19K","5.14%"
"06/08/2020","7.000","6.960","7.080","6.900","25.43K","2.04%"
"05/08/2020","6.860","6.800","6.980","6.760","5.67K","0.00%"
"04/08/2020","6.860","6.980","7.000","6.800","13.29K","-2.00%"
"03/08/2020","7.000","7.140","7.140","6.800","4.63K","1.45%"
"31/07/2020","6.900","6.420","7.000","6.420","10.20K","7.48%"
"30/07/2020","6.420","7.000","7.280","6.320","83.06K","-8.29%"
"29/07/2020","7.000","6.800","7.200","6.700","17.96K","0.29%"
"28/07/2020","6.980","7.680","7.680","6.660","65.97K","-7.92%"
"27/07/2020","7.580","7.840","7.840","7.540","10.51K","-0.52%"
"24/07/2020","7.620","7.840","7.840","7.580","22.81K","-3.54%"
"23/07/2020","7.900","7.860","8.020","7.700","25.29K","-1.50%"
"22/07/2020","8.020","8.000","8.060","7.640","59.85K","-2.20%"
"21/07/2020","8.200","8.100","8.360","8.000","36.14K","1.99%"
"20/07/2020","8.040","8.100","8.160","8.000","28.90K","-0.99%"
"17/07/2020","8.120","7.940","8.200","7.660","26.88K","0.25%"
"16/07/2020","8.100","8.500","8.500","7.960","23.29K","-4.03%"
"15/07/2020","8.440","8.740","8.740","8.420","45.89K","0.48%"
"14/07/2020","8.400","8.000","8.420","7.800","70.34K","6.33%"
"13/07/2020","7.900","7.340","7.920","7.180","72.75K","7.34%"
"10/07/2020","7.360","7.100","7.380","6.860","73.64K","3.95%"
"09/07/2020","7.080","6.880","7.100","6.520","36.61K","1.14%"
"08/07/2020","7.000","7.000","7.100","6.900","26.19K","0.00%"
"07/07/2020","7.000","7.000","7.100","6.620","61.44K","4.48%"
"06/07/2020","6.700","6.480","6.760","6.160","43.51K","8.41%"
"03/07/2020","6.180","6.400","6.400","6.100","30.41K","-1.90%"
"02/07/2020","6.300","6.500","6.500","6.200","7.98K","0.00%"
"01/07/2020","6.300","6.520","6.640","6.220","28.70K","-5.12%"
"30/06/2020","6.640","6.160","6.760","6.100","50.79K","7.79%"
"29/06/2020","6.160","6.440","6.440","6.040","66.24K","-4.94%"
"26/06/2020","6.480","7.060","7.060","6.460","67.10K","-7.16%"
"25/06/2020","6.980","7.160","7.300","6.820","46.36K","-2.51%"
"24/06/2020","7.160","7.500","7.500","6.900","64.97K","-2.45%"
"23/06/2020","7.340","6.600","7.460","6.600","153.09K","12.92%"
"22/06/2020","6.500","6.160","6.500","6.120","44.53K","5.86%"
"19/06/2020","6.140","6.240","6.280","6.040","19.43K","-2.54%"
"18/06/2020","6.300","6.100","6.380","5.820","57.15K","1.29%"
"17/06/2020","6.220","6.320","6.480","6.020","66.61K","-0.32%"
"16/06/2020","6.240","5.980","6.380","5.900","100.09K","5.76%"
"15/06/2020","5.900","5.520","6.360","5.520","237.52K","10.49%"
"12/06/2020","5.340","4.500","5.400","4.160","233.19K","18.67%"
"10/06/2020","4.500","4.470","4.680","4.460","16.25K","-2.17%"
"09/06/2020","4.600","4.640","4.700","4.460","16.26K","0.00%"
"08/06/2020","4.600","4.600","4.600","4.220","40.48K","0.00%"
"05/06/2020","4.600","4.480","4.740","4.420","42.57K","3.60%"
"04/06/2020","4.440","4.450","4.450","4.350","16.76K","-0.89%"
"03/06/2020","4.480","4.330","4.640","4.330","54.00K","3.46%"
"02/06/2020","4.330","4.390","4.390","4.330","80.72K","-0.92%"
"01/06/2020","4.370","4.050","4.440","4.050","100.10K","9.80%"
"29/05/2020","3.980","4.060","4.060","3.980","13.65K","-1.97%"
"28/05/2020","4.060","3.950","4.060","3.800","268.94K","3.84%"
"27/05/2020","3.910","3.900","3.990","3.870","30.68K","-1.51%"
"26/05/2020","3.970","3.980","3.980","3.830","45.86K","1.79%"
"25/05/2020","3.900","3.800","3.950","3.700","31.02K","2.63%"
"22/05/2020","3.800","3.720","3.800","3.700","19.52K","2.70%"
"21/05/2020","3.700","3.650","3.900","3.650","41.69K","2.78%"
"20/05/2020","3.600","3.500","3.650","3.500","18.56K","2.56%"
"19/05/2020","3.510","3.600","3.600","3.500","7.83K","-4.36%"
"18/05/2020","3.670","3.500","3.670","3.330","15.95K","1.94%"
"15/05/2020","3.600","3.570","3.730","3.460","42.47K","2.86%"
"14/05/2020","3.500","3.500","3.700","3.450","93.06K","-5.41%"
"13/05/2020","3.700","3.780","3.800","3.700","26.20K","0.00%"
"12/05/2020","3.700","3.650","3.760","3.610","84.46K","1.37%"
"11/05/2020","3.650","3.690","3.860","3.520","68.39K","1.11%"
"08/05/2020","3.610","3.420","3.690","3.420","18.18K","4.03%"
"07/05/2020","3.470","3.650","3.680","3.120","49.94K","-0.86%"
"06/05/2020","3.500","3.200","3.600","3.140","81.74K","11.46%"
"05/05/2020","3.140","3.200","3.270","3.100","13.28K","-1.57%"
"04/05/2020","3.190","2.950","3.200","2.950","21.55K","0.31%"
"30/04/2020","3.180","3.200","3.270","3.000","40.35K","2.25%"
"29/04/2020","3.110","3.040","3.110","2.920","12.78K","2.30%"
"28/04/2020","3.040","3.040","3.150","3.020","14.77K","0.00%"
"27/04/2020","3.040","2.940","3.180","2.900","33.07K","4.83%"
"24/04/2020","2.900","2.950","2.950","2.820","0.49K","-2.03%"
"23/04/2020","2.960","2.950","2.960","2.830","3.22K","2.07%"
"22/04/2020","2.900","2.890","2.900","2.760","8.70K","0.69%"
"21/04/2020","2.880","2.960","2.960","2.730","19.70K","-3.03%"
"20/04/2020","2.970","3.010","3.010","2.860","15.28K","-1.98%"
"17/04/2020","3.030","3.090","3.150","3.030","9.42K","1.00%"
"16/04/2020","3.000","2.980","3.090","2.800","34.67K","0.67%"
"15/04/2020","2.980","2.990","3.090","2.850","12.82K","1.02%"
"14/04/2020","2.950","2.790","2.990","2.770","52.26K","5.36%"
"09/04/2020","2.800","2.800","2.800","2.680","6.73K","0.00%"
"08/04/2020","2.800","2.850","2.850","2.700","7.76K","-1.75%"
"07/04/2020","2.850","2.880","2.880","2.770","41.31K","0.00%"
"06/04/2020","2.850","2.640","2.850","2.640","20.94K","8.37%"
"03/04/2020","2.630","2.650","2.680","2.560","19.78K","-2.95%"
"02/04/2020","2.710","2.800","2.800","2.650","8.68K","-3.21%"
"01/04/2020","2.800","2.750","2.800","2.630","20.55K","1.45%"
"31/03/2020","2.760","2.600","2.760","2.600","37.10K","6.15%"
"30/03/2020","2.600","2.600","2.680","2.560","33.51K","0.00%"
"27/03/2020","2.600","2.700","2.700","2.560","17.27K","-3.70%"
"26/03/2020","2.700","2.620","2.780","2.620","2.51K","1.12%"
"25/03/2020","2.670","2.730","2.820","2.600","11.46K","-1.84%"
"24/03/2020","2.720","2.700","2.930","2.700","9.70K","2.26%"
"23/03/2020","2.660","2.760","2.880","2.660","6.17K","-8.28%"
"20/03/2020","2.900","2.800","3.090","2.700","45.18K","5.07%"
"19/03/2020","2.760","2.460","2.800","2.400","38.27K","12.20%"
"18/03/2020","2.460","2.300","2.500","2.300","5.15K","2.50%"
"17/03/2020","2.400","2.560","2.600","2.350","9.93K","-5.51%"
"16/03/2020","2.540","2.560","2.560","2.100","21.66K","6.28%"
"13/03/2020","2.390","2.200","2.590","2.200","25.01K","0.00%"
"12/03/2020","2.390","2.520","2.520","2.160","58.91K","-5.16%"
"11/03/2020","2.520","2.780","2.790","2.500","35.06K","-3.82%"
"10/03/2020","2.620","2.700","2.870","2.620","14.51K","-1.13%"
"09/03/2020","2.650","3.100","3.100","2.650","53.06K","-19.45%"
"06/03/2020","3.290","3.350","3.400","3.200","6.42K","-1.79%"
"05/03/2020","3.350","3.500","3.580","3.350","40.89K","-3.18%"
"04/03/2020","3.460","3.290","3.460","3.220","29.38K","7.45%"
"03/03/2020","3.220","3.380","3.400","3.220","28.53K","-3.01%"
"02/03/2020","3.320","3.500","3.730","3.160","44.69K","-3.77%"
"28/02/2020","3.450","3.410","3.640","3.400","74.60K","-0.29%"
"27/02/2020","3.460","3.560","3.690","3.400","62.89K","-1.14%"
"26/02/2020","3.500","3.400","3.500","3.400","37.76K","0.57%"
"25/02/2020","3.480","3.480","3.500","3.360","39.72K","0.00%"
"24/02/2020","3.480","3.700","3.750","3.330","49.99K","-7.20%"
"21/02/2020","3.750","3.860","3.860","3.750","8.30K","0.81%"
"20/02/2020","3.720","3.830","3.830","3.650","23.94K","-2.87%"
"19/02/2020","3.830","3.970","3.990","3.760","22.14K","-3.28%"
"18/02/2020","3.960","3.940","3.990","3.880","11.54K","0.51%"
"17/02/2020","3.940","3.860","4.170","3.800","113.93K","3.96%"
"14/02/2020","3.790","3.590","3.880","3.590","28.97K","6.46%"
"13/02/2020","3.560","3.560","3.600","3.450","95.46K","-0.56%"
"12/02/2020","3.580","3.520","3.590","3.520","3.58K","1.70%"
"11/02/2020","3.520","3.640","3.640","3.500","4.14K","-0.85%"
"10/02/2020","3.550","3.500","3.550","3.450","19.73K","2.90%"
"07/02/2020","3.450","3.660","3.660","3.320","68.70K","-4.17%"
"06/02/2020","3.600","3.670","3.670","3.500","10.53K","-2.17%"
"05/02/2020","3.680","3.490","3.680","3.440","84.20K","6.05%"
"04/02/2020","3.470","3.380","3.700","3.300","166.90K","2.66%"
"03/02/2020","3.380","3.370","3.490","3.300","61.10K","-0.29%"
"31/01/2020","3.390","3.370","3.400","3.300","15.34K","1.19%"
"30/01/2020","3.350","3.400","3.470","3.300","108.15K","-0.30%"
"29/01/2020","3.360","3.190","3.490","3.180","148.59K","4.35%"
"28/01/2020","3.220","2.780","3.350","2.780","213.35K","15.00%"
"27/01/2020","2.800","2.780","2.800","2.700","42.48K","0.72%"
"24/01/2020","2.780","2.800","2.890","2.720","47.51K","-1.77%"
"23/01/2020","2.830","2.620","2.930","2.620","160.98K","7.20%"
"22/01/2020","2.640","2.470","2.700","2.380","151.79K","6.02%"
"21/01/2020","2.490","2.410","2.550","2.390","82.37K","2.47%"
"20/01/2020","2.430","2.420","2.430","2.380","28.39K","2.10%"
"17/01/2020","2.380","2.420","2.420","2.380","40.89K","-2.06%"
"16/01/2020","2.430","2.380","2.450","2.380","28.27K","2.10%"
"15/01/2020","2.380","2.420","2.420","2.380","17.66K","-1.65%"
"14/01/2020","2.420","2.440","2.440","2.350","40.11K","0.41%"
"13/01/2020","2.410","2.480","2.520","2.390","38.32K","-3.60%"
"10/01/2020","2.500","2.480","2.510","2.480","39.65K","0.81%"
"09/01/2020","2.480","2.500","2.550","2.480","43.72K","-2.36%"
"08/01/2020","2.540","2.540","2.540","2.480","31.06K","-0.39%"
"07/01/2020","2.550","2.580","2.580","2.480","16.66K","-1.16%"
"03/01/2020","2.580","2.610","2.610","2.510","15.80K","-0.77%"
"02/01/2020","2.600","2.600","2.600","2.400","51.91K","2.36%"
"30/12/2019","2.540","2.460","2.540","2.460","15.65K","-0.39%"
"27/12/2019","2.550","2.520","2.550","2.470","13.99K","2.00%"
"23/12/2019","2.500","2.580","2.580","2.450","44.39K","-3.10%"
"20/12/2019","2.580","2.530","2.580","2.450","71.43K","2.38%"
"19/12/2019","2.520","2.500","2.690","2.430","111.80K","7.23%"
"18/12/2019","2.350","2.360","2.440","2.340","14.29K","-3.29%"
"17/12/2019","2.430","2.440","2.440","2.360","3.00K","-0.41%"
"16/12/2019","2.440","2.400","2.440","2.300","36.50K","1.67%"
"13/12/2019","2.400","2.370","2.400","2.290","43.39K","1.27%"
"12/12/2019","2.370","2.300","2.410","2.290","44.71K","-1.25%"
"11/12/2019","2.400","2.440","2.440","2.300","11.00K","-1.23%"
"10/12/2019","2.430","2.440","2.440","2.420","2.71K","0.00%"
"09/12/2019","2.430","2.420","2.430","2.300","11.44K","0.00%"
"06/12/2019","2.430","2.470","2.470","2.350","12.75K","-1.62%"
"05/12/2019","2.470","2.520","2.520","2.400","7.35K","-0.40%"
"04/12/2019","2.480","2.590","2.590","2.480","5.25K","-4.62%"
"03/12/2019","2.600","2.600","2.600","2.500","9.30K","0.00%"
"02/12/2019","2.600","2.640","2.640","2.550","3.87K","-1.14%"
"29/11/2019","2.630","2.570","2.750","2.550","7.95K","0.38%"
"28/11/2019","2.620","2.730","2.730","2.550","9.58K","-4.03%"
"27/11/2019","2.730","2.740","2.830","2.640","11.82K","-0.36%"
"26/11/2019","2.740","2.820","2.820","2.600","4.77K","-3.18%"
"25/11/2019","2.830","2.690","2.860","2.690","9.63K","5.20%"
"22/11/2019","2.690","2.740","2.740","2.670","6.28K","-1.82%"
"21/11/2019","2.740","2.770","2.770","2.690","6.77K","-1.44%"
"20/11/2019","2.780","2.720","2.880","2.700","16.74K","2.21%"
"19/11/2019","2.720","2.680","2.750","2.680","3.71K","0.74%"
"18/11/2019","2.700","2.590","2.830","2.550","19.15K","4.65%"
"15/11/2019","2.580","2.500","2.600","2.500","7.30K","2.38%"
"14/11/2019","2.520","2.530","2.590","2.510","11.64K","0.00%"
"13/11/2019","2.520","2.530","2.540","2.520","5.93K","-3.08%"
"12/11/2019","2.600","2.610","2.610","2.530","1.05K","0.00%"
"08/11/2019","2.600","2.560","2.600","2.530","2.02K","1.56%"
"07/11/2019","2.560","2.700","2.700","2.550","16.23K","-5.19%"
"06/11/2019","2.700","2.700","2.700","2.700","0.00K","0.75%"
"05/11/2019","2.680","2.680","2.680","2.530","11.24K","0.00%"
"04/11/2019","2.680","2.700","2.700","2.680","0.05K","1.13%"
"31/10/2019","2.650","2.700","2.700","2.590","2.75K","-2.57%"
"30/10/2019","2.720","2.720","2.720","2.700","1.50K","-0.37%"
"29/10/2019","2.730","2.790","2.790","2.660","4.89K","-1.09%"
"28/10/2019","2.760","2.790","2.790","2.680","4.30K","-1.43%"
"25/10/2019","2.800","2.800","2.800","2.700","2.67K","-3.78%"
"24/10/2019","2.910","2.800","2.910","2.780","4.34K","9.81%"
"23/10/2019","2.650","2.850","2.990","2.650","89.91K","-7.02%"
"22/10/2019","2.850","2.750","2.850","2.620","23.98K","0.35%"
"21/10/2019","2.840","2.600","2.890","2.600","26.86K","6.77%"
"18/10/2019","2.660","2.470","2.700","2.470","14.47K","6.40%"
"17/10/2019","2.500","2.490","2.500","2.450","1.65K","0.40%"
"16/10/2019","2.490","2.450","2.490","2.450","0.23K","-2.35%"
"15/10/2019","2.550","2.550","2.550","2.550","1.00K","0.00%"
"14/10/2019","2.550","2.550","2.680","2.550","16.97K","-0.39%"
"11/10/2019","2.560","2.520","2.560","2.420","5.01K","1.59%"
"10/10/2019","2.520","2.520","2.540","2.450","6.30K","1.61%"
"09/10/2019","2.480","2.480","2.500","2.450","4.70K","-0.80%"
"08/10/2019","2.500","2.380","2.500","2.370","22.69K","5.93%"
"07/10/2019","2.360","2.340","2.500","2.300","13.06K","0.85%"
"04/10/2019","2.340","2.370","2.370","2.190","45.62K","-1.27%"
"03/10/2019","2.370","2.270","2.380","2.270","20.54K","3.95%"
"02/10/2019","2.280","2.280","2.280","2.160","10.06K","0.00%"
"01/10/2019","2.280","2.350","2.350","2.190","22.06K","-4.20%"
"30/09/2019","2.380","2.550","2.550","2.350","15.78K","-6.67%"
"27/09/2019","2.550","2.500","2.680","2.500","32.41K","2.41%"
"26/09/2019","2.490","2.540","2.540","2.410","2.75K","2.89%"
"25/09/2019","2.420","2.530","2.540","2.420","2.07K","-4.72%"
"24/09/2019","2.540","2.500","2.580","2.420","3.69K","0.79%"
"23/09/2019","2.520","2.700","2.700","2.440","2.48K","-3.08%"
"20/09/2019","2.600","2.600","2.600","2.550","2.11K","0.39%"
"19/09/2019","2.590","2.780","2.780","2.540","12.52K","-6.83%"
"18/09/2019","2.780","2.860","2.860","2.690","10.72K","-1.42%"
"17/09/2019","2.820","2.760","2.840","2.700","14.29K","-0.70%"
"16/09/2019","2.840","2.750","2.890","2.670","6.16K","3.27%"
"13/09/2019","2.750","2.600","2.760","2.600","29.87K","8.27%"
"12/09/2019","2.540","2.500","2.540","2.480","10.56K","1.60%"
"11/09/2019","2.500","2.430","2.540","2.420","31.17K","0.00%"
"10/09/2019","2.500","2.480","2.540","2.430","10.63K","0.00%"
"09/09/2019","2.500","2.450","2.590","2.430","27.70K","2.04%"
"06/09/2019","2.450","2.430","2.450","2.400","2.08K","0.00%"
"05/09/2019","2.450","2.440","2.450","2.380","14.47K","2.08%"
"04/09/2019","2.400","2.470","2.480","2.350","22.37K","0.00%"
"03/09/2019","2.400","2.450","2.450","2.350","9.24K","0.00%"
"02/09/2019","2.400","2.440","2.520","2.340","20.55K","-2.04%"
"30/08/2019","2.450","2.470","2.550","2.430","21.88K","0.00%"
"29/08/2019","2.450","2.410","2.530","2.390","27.76K","-1.21%"
"28/08/2019","2.480","2.450","2.590","2.410","49.29K","-1.59%"
"27/08/2019","2.520","2.460","2.520","2.400","18.60K","0.00%"
"26/08/2019","2.520","2.550","2.550","2.460","11.55K","-3.45%"
"23/08/2019","2.610","2.550","2.650","2.540","3.75K","0.77%"
"22/08/2019","2.590","2.600","2.660","2.550","7.27K","0.39%"
"21/08/2019","2.580","2.620","2.700","2.560","42.97K","-1.15%"
"20/08/2019","2.610","2.670","2.870","2.600","248.59K","-1.14%"
"19/08/2019","2.640","2.610","2.740","2.520","69.95K","1.93%"
"16/08/2019","2.590","2.550","2.940","2.510","333.45K","0.00%"
"14/08/2019","2.590","2.000","2.660","2.000","629.14K","29.82%"
"13/08/2019","1.995","2.020","2.020","1.980","13.36K","0.00%"
"12/08/2019","1.995","2.040","2.040","1.930","201.48K","-1.72%"
"09/08/2019","2.030","1.990","2.030","1.990","32.49K","0.00%"
"08/08/2019","2.030","2.050","2.070","1.990","83.77K","0.00%"
"07/08/2019","2.030","2.000","2.060","2.000","20.04K","1.50%"
"06/08/2019","2.000","2.000","2.040","1.990","12.26K","-1.96%"
"05/08/2019","2.040","2.070","2.070","1.995","14.83K","2.00%"
"02/08/2019","2.000","2.060","2.090","2.000","33.17K","-4.31%"
"01/08/2019","2.090","2.060","2.090","2.060","11.48K","0.48%"
"31/07/2019","2.080","2.130","2.130","2.060","22.43K","-3.26%"
"30/07/2019","2.150","2.210","2.300","2.120","48.91K","-2.71%"
"29/07/2019","2.210","2.180","2.350","2.170","36.76K","1.84%"
"26/07/2019","2.170","2.120","2.190","2.100","12.74K","2.84%"
"25/07/2019","2.110","2.180","2.180","2.110","1.92K","-3.21%"
"24/07/2019","2.180","2.080","2.180","2.060","15.19K","5.31%"
"23/07/2019","2.070","2.190","2.190","2.060","11.75K","-0.48%"
"22/07/2019","2.080","2.120","2.260","2.060","6.20K","-1.42%"
"19/07/2019","2.110","2.180","2.180","2.100","13.46K","-4.95%"
"18/07/2019","2.220","2.220","2.220","2.190","24.11K","-0.89%"
"17/07/2019","2.240","2.200","2.320","2.200","180.00K","0.90%"
"16/07/2019","2.220","2.260","2.260","2.220","7.72K","-1.33%"
"15/07/2019","2.250","2.270","2.270","2.220","15.64K","-2.60%"
"12/07/2019","2.310","2.310","2.310","2.250","14.78K","3.59%"
"11/07/2019","2.230","2.350","2.350","2.220","15.21K","-0.89%"
"10/07/2019","2.250","2.280","2.300","2.240","18.96K","-0.44%"
"09/07/2019","2.260","2.320","2.380","2.260","171.98K","-4.64%"
"08/07/2019","2.370","2.310","2.370","2.300","30.06K","-0.84%"
"05/07/2019","2.390","2.360","2.390","2.310","7.90K","0.00%"
"04/07/2019","2.390","2.420","2.540","2.320","29.93K","-2.45%"
"03/07/2019","2.450","2.440","2.520","2.400","13.14K","-1.21%"
"02/07/2019","2.480","2.480","2.480","2.420","15.60K","0.81%"
"01/07/2019","2.460","2.640","2.640","2.460","7.45K","1.23%"
"28/06/2019","2.430","2.740","2.800","2.430","8.55K","-10.00%"
"27/06/2019","2.700","2.750","2.750","2.700","3.09K","-3.57%"
"26/06/2019","2.800","2.850","2.850","2.800","0.23K","0.00%"
"25/06/2019","2.800","2.750","2.800","2.750","1.11K","0.00%"
"24/06/2019","2.800","2.760","2.860","2.760","1.39K","-2.78%"
"21/06/2019","2.880","2.800","2.880","2.800","0.23K","-0.35%"
"19/06/2019","2.890","2.990","2.990","2.800","1.39K","1.76%"
"18/06/2019","2.840","2.840","2.840","2.800","0.69K","-0.35%"
"17/06/2019","2.850","2.980","2.980","2.840","1.06K","1.79%"
"14/06/2019","2.800","2.850","2.850","2.800","21.30K","-1.75%"
"13/06/2019","2.850","2.800","2.990","2.800","8.05K","4.01%"
"12/06/2019","2.740","2.850","2.850","2.740","8.74K","-4.86%"
"11/06/2019","2.880","2.930","3.000","2.880","11.76K","-1.71%"
"10/06/2019","2.930","3.000","3.000","2.930","4.00K","-3.62%"
"07/06/2019","3.040","3.020","3.040","3.020","0.79K","2.01%"
"06/06/2019","2.980","2.900","2.980","2.880","3.90K","0.00%"
"05/06/2019","2.980","2.890","3.010","2.880","5.93K","1.02%"
"04/06/2019","2.950","3.070","3.070","2.950","0.51K","-3.28%"
"03/06/2019","3.050","3.080","3.080","3.000","1.00K","1.67%"
"31/05/2019","3.000","3.000","3.100","2.910","4.99K","-1.96%"
"30/05/2019","3.060","3.040","3.060","3.040","0.93K","0.99%"
"29/05/2019","3.030","3.020","3.040","3.020","3.67K","1.00%"
"28/05/2019","3.000","3.000","3.020","2.910","1.63K","0.33%"
"27/05/2019","2.990","2.980","2.990","2.980","3.32K","0.00%"
"24/05/2019","2.990","2.900","2.990","2.900","0.04K","0.00%"
"23/05/2019","2.990","2.900","2.990","2.900","0.01K","-0.33%"
"22/05/2019","3.000","2.990","3.000","2.900","1.97K","3.45%"
"21/05/2019","2.900","2.900","3.000","2.900","0.35K","0.00%"
"20/05/2019","2.900","3.000","3.000","2.900","2.63K","0.00%"
"17/05/2019","2.900","3.000","3.000","2.900","2.45K","-3.33%"
"16/05/2019","3.000","2.890","3.000","2.880","21.08K","0.00%"
"15/05/2019","3.000","2.980","3.000","2.880","6.27K","1.69%"
"14/05/2019","2.950","2.870","3.000","2.870","5.98K","2.79%"
"13/05/2019","2.870","2.860","2.990","2.860","6.25K","0.70%"
"10/05/2019","2.850","2.810","2.920","2.670","9.75K","1.06%"
"09/05/2019","2.820","2.820","2.820","2.820","0.54K","0.00%"
"08/05/2019","2.820","2.830","2.830","2.780","3.18K","-0.35%"
"07/05/2019","2.830","2.840","2.840","2.800","10.99K","-0.35%"
"06/05/2019","2.840","2.880","2.880","2.750","9.93K","-1.39%"
"02/05/2019","2.880","2.920","2.920","2.820","5.50K","0.00%"
"30/04/2019","2.880","3.090","3.090","2.790","20.43K","-0.69%"
"29/04/2019","2.900","3.010","3.050","2.850","0.77K","-5.84%"
"26/04/2019","3.080","2.900","3.080","2.900","3.13K","2.67%"
"25/04/2019","3.000","2.950","3.000","2.900","5.11K","1.69%"
"24/04/2019","2.950","2.950","2.950","2.950","0.01K","0.34%"
"23/04/2019","2.940","2.950","2.950","2.940","0.44K","-0.34%"
"18/04/2019","2.950","2.980","2.980","2.950","0.00K","-1.01%"
"17/04/2019","2.980","2.920","2.980","2.810","3.72K","1.71%"
"16/04/2019","2.930","2.930","2.930","2.850","2.50K","-1.01%"
"15/04/2019","2.960","2.970","2.970","2.840","0.22K","-0.34%"
"12/04/2019","2.970","2.970","2.970","2.840","0.36K","0.00%"
"11/04/2019","2.970","2.970","2.970","2.950","0.42K","-0.34%"
"10/04/2019","2.980","2.980","2.980","2.980","0.00K","0.00%"
"09/04/2019","2.980","3.000","3.000","2.880","1.33K","-0.67%"
"08/04/2019","3.000","3.000","3.000","3.000","0.05K","0.00%"
"05/04/2019","3.000","3.000","3.000","3.000","0.00K","0.00%"
"04/04/2019","3.000","3.000","3.000","3.000","0.00K","0.00%"
"03/04/2019","3.000","3.000","3.000","2.920","1.48K","0.00%"
"02/04/2019","3.000","2.990","3.000","2.990","0.27K","0.33%"
"01/04/2019","2.990","2.990","2.990","2.950","1.66K","1.01%"
"29/03/2019","2.960","3.000","3.000","2.960","1.06K","-1.33%"
"28/03/2019","3.000","3.000","3.000","2.960","0.19K","1.01%"
"27/03/2019","2.970","3.040","3.040","2.970","0.62K","-1.00%"
"26/03/2019","3.000","3.060","3.060","3.000","2.78K","-0.66%"
"25/03/2019","3.020","3.100","3.100","3.020","50.35K","-2.58%"
"22/03/2019","3.100","3.000","3.100","2.970","401.73K","0.98%"
"21/03/2019","3.070","3.000","3.070","2.970","2.03K","0.66%"
"20/03/2019","3.050","3.020","3.050","2.950","1.32K","-1.61%"
"19/03/2019","3.100","3.020","3.100","3.020","0.30K","0.00%"
"18/03/2019","3.100","3.100","3.100","3.020","3.14K","-1.27%"
"15/03/2019","3.140","3.140","3.140","3.140","0.00K","0.32%"
"14/03/2019","3.130","3.140","3.140","3.100","2.07K","-0.32%"
"13/03/2019","3.140","3.030","3.140","3.000","5.12K","3.63%"
"12/03/2019","3.030","3.060","3.060","2.920","14.75K","-0.33%"
"11/03/2019","3.040","3.030","3.060","3.030","1.07K","-1.30%"
"08/03/2019","3.080","3.000","3.080","2.900","3.54K","2.33%"
"07/03/2019","3.010","2.990","3.010","2.950","1.93K","1.35%"
"06/03/2019","2.970","2.860","2.990","2.860","2.57K","-1.00%"
"05/03/2019","3.000","3.060","3.060","2.900","3.26K","-2.91%"
"04/03/2019","3.090","3.150","3.250","3.000","14.67K","2.66%"
"01/03/2019","3.010","3.030","3.050","2.970","14.94K","-0.66%"
"28/02/2019","3.030","3.040","3.040","2.950","0.31K","0.33%"
"27/02/2019","3.020","3.050","3.050","2.930","1.22K","0.33%"
"26/02/2019","3.010","3.050","3.100","3.010","10.25K","-2.90%"
"25/02/2019","3.100","3.180","3.180","3.100","2.00K","-1.59%"
"22/02/2019","3.150","3.080","3.190","3.060","2.23K","-0.94%"
"21/02/2019","3.180","3.050","3.200","3.040","15.66K","3.58%"
"20/02/2019","3.070","3.070","3.070","3.070","0.05K","0.33%"
"19/02/2019","3.060","3.080","3.080","3.060","0.02K","-0.65%"
"18/02/2019","3.080","3.090","3.090","2.970","1.33K","-0.65%"
"15/02/2019","3.100","3.070","3.100","3.010","5.18K","0.00%"
"14/02/2019","3.100","3.090","3.100","3.090","0.05K","0.32%"
"13/02/2019","3.090","3.100","3.100","3.090","0.01K","0.00%"
"12/02/2019","3.090","3.050","3.110","3.050","3.54K","-0.96%"
"11/02/2019","3.120","2.980","3.130","2.980","15.41K","4.70%"
"08/02/2019","2.980","2.920","3.150","2.920","46.49K","1.02%"
"07/02/2019","2.950","2.880","2.950","2.740","4.31K","2.43%"
"06/02/2019","2.880","2.890","2.890","2.720","1.57K","-0.69%"
"05/02/2019","2.900","2.900","2.900","2.660","7.88K","2.11%"
"04/02/2019","2.840","2.730","2.850","2.690","2.86K","4.03%"
"01/02/2019","2.730","2.690","2.730","2.690","0.47K","1.87%"
"31/01/2019","2.680","2.850","2.850","2.680","0.30K","-5.96%"
"30/01/2019","2.850","2.850","2.850","2.850","0.01K","-1.04%"
"29/01/2019","2.880","2.880","2.880","2.880","0.38K","0.00%"
"28/01/2019","2.880","2.880","2.880","2.880","0.03K","0.00%"
"25/01/2019","2.880","2.750","2.880","2.750","0.35K","-0.69%"
"24/01/2019","2.900","2.900","2.900","2.900","1.36K","0.00%"
"22/01/2019","2.900","2.910","2.910","2.900","0.72K","3.57%"
"21/01/2019","2.800","2.800","2.800","2.800","0.80K","-4.11%"
"18/01/2019","2.920","2.930","2.930","2.920","10.08K","-0.34%"
"17/01/2019","2.930","2.930","2.930","2.930","3.74K","0.34%"
"16/01/2019","2.920","2.920","2.920","2.920","1.50K","-0.68%"
"15/01/2019","2.940","2.940","2.940","2.940","0.15K","0.00%"
"14/01/2019","2.940","2.940","2.940","2.940","2.75K","0.00%"
"11/01/2019","2.940","2.940","2.940","2.940","0.03K","0.00%"
"10/01/2019","2.940","2.940","2.940","2.940","0.05K","-0.34%"
"09/01/2019","2.950","2.950","2.950","2.950","2.29K","1.72%"
"08/01/2019","2.900","2.900","2.900","2.900","11.40K","1.05%"
"07/01/2019","2.870","2.870","2.870","2.870","0.40K","-0.69%"
"04/01/2019","2.890","2.750","2.890","2.750","2.76K","7.04%"
"03/01/2019","2.700","2.700","2.700","2.700","0.46K","-1.82%"
"02/01/2019","2.750","2.730","2.750","2.730","3.61K","2.23%"
"28/12/2018","2.690","2.590","2.790","2.590","3.12K","3.86%"
"27/12/2018","2.590","2.880","2.880","2.590","6.65K","-4.07%"
"21/12/2018","2.700","2.750","2.900","2.700","4.51K","-2.88%"
"20/12/2018","2.780","2.770","2.850","2.750","6.33K","-3.47%"
"19/12/2018","2.880","2.780","2.890","2.780","0.59K","0.35%"
"18/12/2018","2.870","2.780","2.890","2.780","0.34K","-1.03%"
"17/12/2018","2.900","2.770","2.900","2.770","4.22K","0.00%"
"14/12/2018","2.900","2.820","2.900","2.820","0.34K","0.00%"
"13/12/2018","2.900","2.780","2.900","2.770","0.62K","0.00%"
"12/12/2018","2.900","2.770","2.900","2.770","0.19K","1.05%"
"11/12/2018","2.870","2.760","2.870","2.760","0.06K","-1.03%"
"10/12/2018","2.900","2.750","2.900","2.750","0.69K","0.00%"
"07/12/2018","2.900","2.750","2.900","2.750","1.45K","5.45%"
"06/12/2018","2.750","2.800","2.870","2.750","0.32K","-4.84%"
"05/12/2018","2.890","2.760","2.900","2.660","2.40K","-0.34%"
"04/12/2018","2.900","2.850","2.900","2.740","8.34K","1.75%"
"03/12/2018","2.850","2.610","2.870","2.610","0.12K","-1.04%"
"30/11/2018","2.880","2.870","2.880","2.850","2.33K","0.35%"
"29/11/2018","2.870","2.700","2.890","2.700","4.24K","6.30%"
"28/11/2018","2.700","2.700","2.700","2.650","2.35K","0.00%"
"27/11/2018","2.700","2.630","2.700","2.630","0.93K","-1.82%"
"26/11/2018","2.750","2.650","2.750","2.650","3.74K","0.00%"
"23/11/2018","2.750","2.650","2.750","2.650","4.08K","4.56%"
"22/11/2018","2.630","2.750","2.750","2.610","3.66K","-4.36%"
"21/11/2018","2.750","2.750","2.890","2.750","8.10K","0.00%"
"20/11/2018","2.750","2.760","2.800","2.750","4.45K","-4.51%"
"19/11/2018","2.880","2.840","2.970","2.720","9.62K","-3.36%"
"16/11/2018","2.980","2.840","2.990","2.840","5.42K","-0.33%"
"15/11/2018","2.990","3.000","3.000","2.900","1.29K","-2.61%"
"14/11/2018","3.070","3.070","3.070","3.000","1.01K","-0.65%"
"09/11/2018","3.090","3.090","3.090","2.910","0.32K","6.19%"
"08/11/2018","2.910","3.090","3.090","2.900","1.62K","-5.83%"
"07/11/2018","3.090","2.950","3.090","2.900","0.45K","-0.32%"
"06/11/2018","3.100","3.100","3.100","2.930","1.24K","0.32%"
"05/11/2018","3.090","3.000","3.090","3.000","0.31K","0.00%"
"02/11/2018","3.090","3.030","3.090","2.950","0.41K","1.98%"
"31/10/2018","3.030","2.930","3.030","2.930","0.04K","-1.94%"
"25/10/2018","3.090","2.950","3.090","2.930","2.99K","2.32%"
"24/10/2018","3.020","3.090","3.090","2.960","0.78K","0.67%"
"23/10/2018","3.000","3.050","3.050","2.960","24.30K","1.01%"
"22/10/2018","2.970","3.090","3.090","2.970","0.30K","-1.00%"
"19/10/2018","3.000","3.000","3.090","2.970","0.60K","-2.60%"
"18/10/2018","3.080","3.000","3.080","3.000","0.02K","-0.32%"
"17/10/2018","3.090","2.970","3.090","2.970","0.41K","-0.32%"
"16/10/2018","3.100","3.100","3.100","3.100","0.00K","4.03%"
"15/10/2018","2.980","3.180","3.180","2.960","2.54K","-0.67%"
"12/10/2018","3.000","3.090","3.120","2.980","12.44K","-0.33%"
"11/10/2018","3.010","3.260","3.260","3.010","3.11K","-8.23%"
"10/10/2018","3.280","3.110","3.300","3.010","11.09K","5.13%"
"09/10/2018","3.120","3.000","3.120","3.000","0.53K","-0.32%"
"08/10/2018","3.130","3.130","3.130","3.000","0.12K","4.33%"
"05/10/2018","3.000","3.140","3.140","3.000","0.53K","0.00%"
"04/10/2018","3.000","3.200","3.200","2.910","4.11K","-4.76%"
"03/10/2018","3.150","3.190","3.190","2.900","0.16K","8.25%"
"02/10/2018","2.910","2.890","3.210","2.860","0.29K","-9.35%"
"28/09/2018","3.210","3.210","3.210","3.210","0.00K","0.00%"
"27/09/2018","3.210","3.090","3.210","3.020","2.04K","3.55%"
"26/09/2018","3.100","3.000","3.100","3.000","0.20K","0.32%"
"25/09/2018","3.090","3.000","3.110","3.000","1.75K","-0.32%"
"24/09/2018","3.100","3.000","3.110","3.000","2.26K","4.73%"
"21/09/2018","2.960","3.000","3.000","2.960","0.01K","0.00%"
"20/09/2018","2.960","2.960","3.000","2.960","2.19K","0.00%"
"19/09/2018","2.960","2.990","3.110","2.950","1.63K","-5.13%"
"18/09/2018","3.120","3.000","3.120","2.710","15.62K","0.00%"
"17/09/2018","3.120","3.010","3.120","3.000","1.83K","-1.58%"
"14/09/2018","3.170","3.010","3.170","3.010","3.06K","0.00%"
"13/09/2018","3.170","3.170","3.170","3.170","0.00K","3.93%"
"12/09/2018","3.050","3.010","3.210","3.010","1.57K","1.33%"
"11/09/2018","3.010","3.200","3.200","3.010","10.34K","-8.79%"
"10/09/2018","3.300","3.050","3.300","3.050","6.31K","0.00%"
"07/09/2018","3.300","3.060","3.300","3.060","16.78K","3.45%"
"06/09/2018","3.190","3.110","3.200","3.050","6.53K","-0.31%"
"05/09/2018","3.200","3.250","3.250","3.200","1.39K","-2.44%"
"04/09/2018","3.280","3.120","3.280","3.120","0.76K","-0.91%"
"03/09/2018","3.310","3.310","3.310","3.310","0.75K","0.30%"
"31/08/2018","3.300","3.290","3.310","3.190","10.25K","-0.30%"
"30/08/2018","3.310","3.280","3.310","3.250","6.02K","0.30%"
"29/08/2018","3.300","3.060","3.300","3.060","14.71K","8.20%"
"28/08/2018","3.050","3.160","3.180","3.000","213.85K","-4.69%"
"27/08/2018","3.200","3.250","3.330","3.160","17.63K","0.95%"
"24/08/2018","3.170","3.180","3.360","3.170","3.17K","-5.93%"
"23/08/2018","3.370","3.410","3.410","3.090","12.64K","3.37%"
"22/08/2018","3.260","3.210","3.400","3.210","7.65K","-4.96%"
"21/08/2018","3.430","3.470","3.470","3.280","10.05K","-0.87%"
"20/08/2018","3.460","3.500","3.500","3.270","3.36K","2.67%"
"17/08/2018","3.370","3.510","3.510","3.370","0.31K","-3.71%"
"16/08/2018","3.500","3.310","3.550","3.310","9.20K","4.17%"
"14/08/2018","3.360","3.470","3.550","3.360","5.78K","-3.45%"
"13/08/2018","3.480","3.240","3.500","3.200","11.54K","7.08%"
"10/08/2018","3.250","3.430","3.430","3.250","1.97K","-2.40%"
"09/08/2018","3.330","3.420","3.440","3.300","8.16K","-5.93%"
"08/08/2018","3.540","3.400","3.540","3.400","0.05K","1.43%"
"07/08/2018","3.490","3.670","3.680","3.440","8.17K","-1.41%"
"06/08/2018","3.540","3.720","3.800","3.540","28.63K","0.00%"
"03/08/2018","3.540","3.350","3.540","3.340","29.60K","5.99%"
"02/08/2018","3.340","3.280","3.340","3.280","9.65K","7.40%"
"01/08/2018","3.110","3.330","3.330","3.050","7.52K","-5.76%"
"30/07/2018","3.300","3.290","3.330","3.290","2.15K","0.00%"
"27/07/2018","3.300","3.300","3.300","3.300","1.00K","-0.90%"
"26/07/2018","3.330","3.250","3.330","3.250","0.10K","1.52%"
"25/07/2018","3.280","3.250","3.280","3.250","0.49K","-1.20%"
"24/07/2018","3.320","3.320","3.320","3.320","0.31K","0.00%"
"23/07/2018","3.320","3.330","3.330","3.280","4.48K","6.41%"
"20/07/2018","3.120","3.240","3.240","3.120","0.12K","-3.70%"
"19/07/2018","3.240","3.100","3.240","3.100","8.44K","0.62%"
"18/07/2018","3.220","3.100","3.220","3.100","1.23K","0.00%"
"17/07/2018","3.220","3.080","3.220","3.080","1.18K","4.55%"
"16/07/2018","3.080","3.180","3.180","3.080","1.03K","-3.14%"
"13/07/2018","3.180","3.300","3.480","3.050","59.24K","-6.47%"
"12/07/2018","3.400","3.480","3.480","3.300","0.69K","-2.58%"
"11/07/2018","3.490","3.490","3.490","3.350","4.24K","2.65%"
"10/07/2018","3.400","3.290","3.400","3.290","6.88K","2.72%"
"09/07/2018","3.310","3.380","3.380","3.100","13.29K","0.30%"
"06/07/2018","3.300","3.370","3.370","3.300","17.35K","4.76%"
"05/07/2018","3.150","3.260","3.300","3.150","6.52K","-3.96%"
"04/07/2018","3.280","3.220","3.470","3.220","13.86K","-1.20%"
"03/07/2018","3.320","3.070","3.450","3.070","45.64K","3.43%"
"02/07/2018","3.210","2.980","3.280","2.980","56.18K","7.36%"
"29/06/2018","2.990","2.780","2.990","2.780","22.41K","6.03%"
"27/06/2018","2.820","2.820","2.830","2.820","1.83K","0.71%"
"26/06/2018","2.800","2.560","2.800","2.560","3.47K","0.00%"
"25/06/2018","2.800","2.750","2.800","2.750","1.38K","-2.10%"
"22/06/2018","2.860","2.800","2.860","2.800","1.31K","-0.35%"
"19/06/2018","2.870","2.650","2.870","2.650","7.70K","7.89%"
"18/06/2018","2.660","2.670","2.670","2.660","3.30K","0.00%"
"15/06/2018","2.660","2.750","2.930","2.660","3.26K","-9.22%"
"14/06/2018","2.930","2.930","2.930","2.930","0.00K","-1.68%"
"13/06/2018","2.980","2.850","3.020","2.810","13.95K","4.56%"
"11/06/2018","2.850","2.700","2.850","2.700","1.02K","2.52%"
"08/06/2018","2.780","2.760","2.860","2.630","2.32K","0.00%"
"07/06/2018","2.780","2.470","2.980","2.470","75.19K","11.65%"
"06/06/2018","2.490","2.360","2.490","2.360","3.91K","5.06%"
"05/06/2018","2.370","2.400","2.460","2.370","3.16K","-0.84%"
"04/06/2018","2.390","2.400","2.400","2.380","1.15K","-0.42%"
"01/06/2018","2.400","2.390","2.400","2.390","3.35K","1.69%"
"30/05/2018","2.360","2.260","2.360","2.260","6.56K","2.61%"
"29/05/2018","2.300","2.460","2.460","2.300","85.26K","-6.12%"
"28/05/2018","2.450","2.500","2.580","2.450","1.67K","-2.00%"
"25/05/2018","2.500","2.430","2.500","2.400","4.40K","3.31%"
"24/05/2018","2.420","2.660","2.660","2.420","50.38K","-13.88%"
"23/05/2018","2.810","2.750","2.810","2.660","0.94K","-1.06%"
"22/05/2018","2.840","2.880","2.890","2.650","4.38K","-2.07%"
"21/05/2018","2.900","2.770","2.900","2.770","0.06K","-0.68%"
"18/05/2018","2.920","2.760","2.920","2.760","6.24K","-1.68%"
"17/05/2018","2.970","2.890","2.970","2.750","5.49K","3.12%"
"16/05/2018","2.880","2.960","3.000","2.850","7.41K","-1.03%"
"15/05/2018","2.910","2.970","3.070","2.910","7.34K","-5.52%"
"14/05/2018","3.080","2.800","3.080","2.790","30.94K","9.61%"
"11/05/2018","2.810","2.890","2.890","2.800","14.74K","-3.10%"
"10/05/2018","2.900","2.650","2.900","2.570","34.50K","12.84%"
"09/05/2018","2.570","2.480","2.650","2.480","22.63K","4.90%"
"08/05/2018","2.450","2.350","2.450","2.290","53.00K","2.94%"
"07/05/2018","2.380","2.440","2.450","2.290","23.05K","-2.06%"
"04/05/2018","2.430","2.300","2.430","2.290","25.70K","5.19%"
"02/05/2018","2.310","2.520","2.670","2.200","102.15K","-12.83%"
"30/04/2018","2.650","2.980","3.070","2.600","43.28K","-11.07%"
"27/04/2018","2.980","3.060","3.060","2.980","8.29K","-2.30%"
"26/04/2018","3.050","2.970","3.080","2.970","5.99K","0.99%"
"25/04/2018","3.020","3.010","3.090","2.950","20.45K","0.33%"
"24/04/2018","3.010","3.300","3.390","3.000","17.69K","-11.21%"
"23/04/2018","3.390","3.380","3.420","3.300","6.41K","-0.88%"
"20/04/2018","3.420","3.340","3.420","3.330","4.93K","0.59%"
"19/04/2018","3.400","3.400","3.400","3.340","5.84K","0.29%"
"18/04/2018","3.390","3.330","3.420","3.330","4.13K","-0.88%"
"17/04/2018","3.420","3.430","3.430","3.330","0.86K","-0.58%"
"16/04/2018","3.440","3.440","3.440","3.340","1.99K","1.78%"
"13/04/2018","3.380","3.370","3.490","3.350","13.13K","-2.87%"
"12/04/2018","3.480","3.520","3.520","3.370","22.82K","-3.33%"
"11/04/2018","3.600","3.600","3.680","3.600","2.95K","2.27%"
"10/04/2018","3.520","3.600","3.680","3.490","3.86K","-2.22%"
"09/04/2018","3.600","3.400","3.600","3.340","16.31K","3.15%"
"06/04/2018","3.490","3.540","3.540","3.330","1.22K","2.05%"
"05/04/2018","3.420","3.430","3.430","3.300","8.91K","0.59%"
"04/04/2018","3.400","3.360","3.430","3.260","13.20K","-1.16%"
"03/04/2018","3.440","3.400","3.640","3.310","20.60K","-6.01%"
"29/03/2018","3.660","3.690","3.690","3.400","7.04K","4.57%"
"28/03/2018","3.500","3.630","3.820","3.410","12.01K","-2.78%"
"27/03/2018","3.600","3.700","3.820","3.600","5.88K","-2.70%"
"26/03/2018","3.700","3.800","3.800","3.650","1.78K","-2.37%"
"23/03/2018","3.790","3.800","3.920","3.750","5.80K","1.61%"
"22/03/2018","3.730","3.890","3.890","3.730","16.20K","-4.85%"
"21/03/2018","3.920","3.510","3.920","3.510","35.34K","12.00%"
"20/03/2018","3.500","3.650","3.840","3.450","34.66K","-4.89%"
"19/03/2018","3.680","3.700","4.070","3.680","22.74K","-3.92%"
"16/03/2018","3.830","3.860","3.860","3.650","13.01K","-0.52%"
"15/03/2018","3.850","3.980","3.990","3.850","7.16K","-1.28%"
"14/03/2018","3.900","3.900","4.020","3.800","16.25K","1.30%"
"13/03/2018","3.850","4.030","4.030","3.800","29.32K","-4.47%"
"12/03/2018","4.030","3.880","4.170","3.860","53.52K","6.05%"
"09/03/2018","3.800","4.080","4.080","3.740","319.04K","-9.09%"
"08/03/2018","4.180","3.890","4.200","3.890","106.84K","8.57%"
"07/03/2018","3.850","3.660","3.890","3.510","60.28K","9.69%"
"06/03/2018","3.510","3.600","3.950","3.510","154.41K","-1.96%"
"05/03/2018","3.580","3.470","3.620","3.400","81.41K","5.29%"
"02/03/2018","3.400","3.250","3.430","3.250","37.91K","3.03%"
"01/03/2018","3.300","3.420","3.420","3.240","51.37K","-5.17%"
"28/02/2018","3.480","3.550","3.550","3.320","7.60K","-0.57%"
"27/02/2018","3.500","3.600","3.600","3.350","22.48K","-1.13%"
"26/02/2018","3.540","3.440","3.700","3.440","97.71K","5.67%"
"23/02/2018","3.350","2.800","3.370","2.800","80.89K","19.22%"
"22/02/2018","2.810","2.810","2.820","2.800","8.49K","-0.71%"
"21/02/2018","2.830","2.820","2.920","2.820","1.34K","-1.74%"
"20/02/2018","2.880","2.950","2.950","2.800","9.45K","-2.70%"
"19/02/2018","2.960","3.100","3.100","2.960","7.74K","-1.33%"
"16/02/2018","3.000","3.000","3.000","2.950","1.86K","-1.64%"
"15/02/2018","3.050","3.050","3.050","3.050","0.04K","4.81%"
"14/02/2018","2.910","2.990","2.990","2.910","0.50K","0.00%"
"13/02/2018","2.910","2.920","3.000","2.900","2.42K","0.00%"
"12/02/2018","2.910","3.000","3.000","2.910","1.40K","-3.00%"
"09/02/2018","3.000","3.000","3.000","3.000","0.20K","0.00%"
"08/02/2018","3.000","3.090","3.090","2.970","2.04K","1.35%"
"07/02/2018","2.960","2.960","3.090","2.960","3.20K","0.34%"
"06/02/2018","2.950","3.010","3.010","2.910","12.99K","-1.99%"
"05/02/2018","3.010","3.100","3.100","3.010","5.54K","-2.90%"
"02/02/2018","3.100","3.100","3.100","3.100","0.10K","2.31%"
"31/01/2018","3.030","3.110","3.120","3.030","0.45K","-3.19%"
"30/01/2018","3.130","3.050","3.130","3.010","5.74K","1.62%"
"29/01/2018","3.080","3.110","3.110","3.080","4.91K","-0.96%"
"26/01/2018","3.110","3.150","3.190","3.090","3.17K","-0.96%"
"25/01/2018","3.140","3.190","3.190","3.140","1.51K","0.00%"
"23/01/2018","3.140","3.220","3.230","3.140","5.93K","-3.38%"
"22/01/2018","3.250","3.190","3.260","3.190","25.31K","2.20%"
"19/01/2018","3.180","3.130","3.240","3.120","18.24K","6.00%"
"18/01/2018","3.000","3.000","3.010","3.000","1.32K","-0.33%"
"17/01/2018","3.010","3.000","3.090","3.000","3.29K","0.33%"
"16/01/2018","3.000","3.180","3.260","3.000","20.86K","1.01%"
"15/01/2018","2.970","3.130","3.150","2.970","8.14K","-3.88%"
"12/01/2018","3.090","2.980","3.100","2.980","15.47K","3.34%"
"11/01/2018","2.990","2.970","2.990","2.960","3.06K","0.67%"
"10/01/2018","2.970","2.900","2.980","2.790","21.58K","0.34%"
"09/01/2018","2.960","2.960","2.960","2.920","2.96K","0.00%"
"08/01/2018","2.960","2.860","2.960","2.860","9.13K","4.23%"
"05/01/2018","2.840","2.800","2.940","2.800","2.89K","0.35%"
"04/01/2018","2.830","2.900","2.930","2.830","8.12K","-1.74%"
"03/01/2018","2.880","2.840","2.940","2.750","2.86K","2.13%"
"29/12/2017","2.820","2.660","2.830","2.650","7.05K","6.42%"
"28/12/2017","2.650","2.600","2.680","2.600","8.93K","0.38%"
"27/12/2017","2.640","2.600","2.640","2.580","23.19K","1.54%"
"22/12/2017","2.600","2.630","2.650","2.600","15.97K","-1.14%"
"21/12/2017","2.630","2.710","2.750","2.600","41.12K","-3.66%"
"20/12/2017","2.730","2.700","2.760","2.660","10.88K","-2.15%"
"19/12/2017","2.790","2.920","2.950","2.730","20.09K","-4.78%"
"18/12/2017","2.930","3.000","3.000","2.910","23.65K","-2.98%"
"15/12/2017","3.020","3.000","3.020","2.960","15.65K","0.67%"
"14/12/2017","3.000","3.000","3.020","2.970","10.01K","-0.99%"
"13/12/2017","3.030","3.000","3.090","3.000","16.81K","1.00%"
"12/12/2017","3.000","3.070","3.070","2.900","3.46K","-0.66%"
"11/12/2017","3.020","3.110","3.130","3.010","14.13K","-3.21%"
"08/12/2017","3.120","3.090","3.140","3.050","7.51K","0.97%"
"07/12/2017","3.090","3.060","3.130","3.040","2.87K","1.31%"
"06/12/2017","3.050","3.060","3.100","3.050","2.55K","-2.87%"
"05/12/2017","3.140","3.100","3.140","3.020","3.30K","1.29%"
"04/12/2017","3.100","3.100","3.190","3.100","0.42K","-2.52%"
"01/12/2017","3.180","3.020","3.200","3.010","7.26K","2.58%"
"30/11/2017","3.100","3.170","3.170","3.100","4.21K","-2.21%"
"29/11/2017","3.170","3.000","3.190","3.000","9.00K","3.93%"
"28/11/2017","3.050","3.000","3.050","3.000","1.47K","1.67%"
"27/11/2017","3.000","3.040","3.050","3.000","2.42K","0.00%"
"24/11/2017","3.000","3.000","3.050","2.930","3.32K","-0.99%"
"23/11/2017","3.030","3.060","3.060","2.970","2.36K","1.34%"
"22/11/2017","2.990","2.920","2.990","2.910","2.18K","2.75%"
"21/11/2017","2.910","2.900","2.970","2.890","4.02K","0.69%"
"20/11/2017","2.890","2.940","2.940","2.890","2.04K","-1.70%"
"17/11/2017","2.940","2.860","2.940","2.860","1.48K","-0.34%"
"16/11/2017","2.950","2.840","2.950","2.840","2.62K","0.34%"
"15/11/2017","2.940","2.970","2.970","2.820","6.65K","-0.34%"
"14/11/2017","2.950","2.880","2.970","2.860","5.98K","3.15%"
"13/11/2017","2.860","3.000","3.010","2.860","16.83K","-4.67%"
"10/11/2017","3.000","3.150","3.240","2.990","13.70K","-7.69%"
"09/11/2017","3.250","3.140","3.250","3.140","1.86K","1.56%"
"08/11/2017","3.200","3.270","3.270","3.200","9.48K","-2.14%"
"07/11/2017","3.270","3.260","3.330","3.260","6.16K","-1.51%"
"06/11/2017","3.320","3.360","3.470","3.250","5.39K","-2.06%"
"03/11/2017","3.390","3.500","3.500","3.360","4.72K","-2.31%"
"02/11/2017","3.470","3.340","3.490","3.250","42.20K","5.47%"
"31/10/2017","3.290","3.190","3.370","3.190","39.98K","3.79%"
"30/10/2017","3.170","3.000","3.180","2.960","18.09K","2.26%"
"27/10/2017","3.100","2.950","3.100","2.950","20.86K","6.53%"
"26/10/2017","2.910","2.920","2.990","2.900","33.88K","-0.34%"
"25/10/2017","2.920","2.800","2.920","2.610","53.99K","0.69%"
"24/10/2017","2.900","3.010","3.020","2.800","26.78K","-4.61%"
"23/10/2017","3.040","3.100","3.100","2.900","12.62K","-3.18%"
"20/10/2017","3.140","3.200","3.210","3.050","7.56K","-2.48%"
"19/10/2017","3.220","3.180","3.250","3.080","8.97K","1.90%"
"18/10/2017","3.160","3.160","3.200","3.090","14.48K","-1.25%"
"17/10/2017","3.200","3.210","3.280","3.200","5.50K","-0.93%"
"16/10/2017","3.230","3.250","3.320","3.210","4.56K","-1.22%"
"13/10/2017","3.270","3.240","3.280","3.200","10.38K","-0.30%"
"12/10/2017","3.280","3.230","3.280","3.220","1.40K","-1.80%"
"11/10/2017","3.340","3.220","3.360","3.220","9.62K","3.41%"
"10/10/2017","3.230","3.360","3.360","3.230","6.83K","-4.15%"
"09/10/2017","3.370","3.300","3.380","3.250","11.16K","4.66%"
"06/10/2017","3.220","3.360","3.440","3.220","31.86K","-2.42%"
"05/10/2017","3.300","3.120","3.430","3.100","81.58K","5.77%"
"04/10/2017","3.120","3.080","3.270","3.010","18.98K","1.30%"
"03/10/2017","3.080","3.070","3.080","3.010","3.77K","0.98%"
"02/10/2017","3.050","3.120","3.150","2.920","11.95K","-1.61%"
"29/09/2017","3.100","3.100","3.240","3.050","26.03K","2.31%"
"28/09/2017","3.030","3.350","3.350","3.020","50.30K","-8.46%"
"27/09/2017","3.310","3.310","3.540","3.080","74.37K","1.22%"
"26/09/2017","3.270","3.350","3.580","3.130","308.80K","8.28%"
"25/09/2017","3.020","2.500","3.020","2.420","99.44K","22.76%"
"22/09/2017","2.460","2.570","2.570","2.420","61.67K","-4.28%"
"21/09/2017","2.570","2.640","2.700","2.550","26.45K","-4.46%"
"20/09/2017","2.690","2.750","2.840","2.630","23.00K","-2.18%"
"19/09/2017","2.750","2.830","2.880","2.750","10.66K","-3.51%"
"18/09/2017","2.850","2.900","3.080","2.850","49.36K","-3.06%"
"15/09/2017","2.940","2.970","2.970","2.820","27.81K","1.38%"
"14/09/2017","2.900","2.950","2.950","2.900","16.23K","-1.69%"
"13/09/2017","2.950","3.040","3.100","2.950","2.65K","-2.96%"
"12/09/2017","3.040","3.050","3.050","2.940","6.29K","-1.94%"
"11/09/2017","3.100","3.050","3.190","3.050","1.62K","0.00%"
"08/09/2017","3.100","3.150","3.150","3.010","5.54K","-1.59%"
"07/09/2017","3.150","3.180","3.180","3.150","4.10K","-2.78%"
"06/09/2017","3.240","3.240","3.240","3.240","1.42K","-0.31%"
"05/09/2017","3.250","3.230","3.250","3.150","8.68K","0.31%"
"04/09/2017","3.240","3.240","3.250","3.230","7.06K","-1.82%"
"01/09/2017","3.300","3.210","3.310","3.200","6.76K","2.80%"
"31/08/2017","3.210","3.320","3.320","3.210","5.36K","-3.31%"
"30/08/2017","3.320","3.210","3.320","3.210","6.62K","3.43%"
"29/08/2017","3.210","3.250","3.250","3.210","1.05K","-2.43%"
"28/08/2017","3.290","3.300","3.300","3.290","1.03K","0.00%"
"25/08/2017","3.290","3.260","3.330","3.250","7.83K","1.23%"
"24/08/2017","3.250","3.360","3.400","3.220","14.87K","-3.27%"
"23/08/2017","3.360","3.430","3.450","3.250","8.04K","-2.33%"
"22/08/2017","3.440","3.400","3.450","3.400","14.87K","1.18%"
"21/08/2017","3.400","3.600","3.630","3.400","19.54K","7.26%"
"18/08/2017","3.170","3.550","3.550","3.170","24.88K","-13.15%"
"17/08/2017","3.650","3.760","3.760","3.510","12.02K","-2.93%"
"16/08/2017","3.760","3.500","3.770","3.500","53.13K","8.99%"
"14/08/2017","3.450","3.410","3.450","3.380","3.14K","-0.58%"
"11/08/2017","3.470","3.520","3.520","3.430","6.97K","-2.80%"
"10/08/2017","3.570","3.540","3.570","3.540","3.97K","0.56%"
"09/08/2017","3.550","3.550","3.550","3.500","4.86K","0.00%"
"08/08/2017","3.550","3.600","3.640","3.500","6.81K","-1.11%"
"07/08/2017","3.590","3.480","3.650","3.480","16.84K","4.06%"
"04/08/2017","3.450","3.490","3.490","3.440","3.18K","0.88%"
"03/08/2017","3.420","3.440","3.440","3.380","3.35K","-0.58%"
"02/08/2017","3.440","3.500","3.500","3.380","6.88K","-1.71%"
"01/08/2017","3.500","3.580","3.580","3.430","8.15K","-1.69%"
"31/07/2017","3.560","3.510","3.650","3.400","27.02K","5.33%"
"28/07/2017","3.380","3.260","3.380","3.260","6.22K","3.68%"
"27/07/2017","3.260","3.420","3.420","3.230","5.32K","-4.12%"
"26/07/2017","3.400","3.420","3.420","3.350","9.29K","1.49%"
"25/07/2017","3.350","3.490","3.540","3.350","22.69K","-4.01%"
"24/07/2017","3.490","3.570","3.580","3.340","83.48K","16.33%"
"21/07/2017","3.000","3.700","3.700","3.000","97.15K","-17.13%"
"20/07/2017","3.620","3.610","3.760","3.600","5.74K","-0.82%"
"19/07/2017","3.650","3.720","3.730","3.600","9.90K","-2.93%"
"18/07/2017","3.760","3.890","3.890","3.760","8.80K","-1.57%"
"17/07/2017","3.820","3.750","3.890","3.750","16.97K","3.52%"
"14/07/2017","3.690","3.650","3.710","3.450","28.64K","2.50%"
"13/07/2017","3.600","3.700","3.800","3.410","44.74K","-3.23%"
"12/07/2017","3.720","3.940","3.940","3.600","70.94K","-5.34%"
"11/07/2017","3.930","4.070","4.180","3.810","34.47K","-3.68%"
"10/07/2017","4.080","4.070","4.350","4.000","149.07K","8.51%"
"07/07/2017","3.760","3.610","4.140","3.500","315.77K","12.24%"
"06/07/2017","3.350","3.500","3.510","3.110","182.81K","-5.63%"
"05/07/2017","3.550","3.760","3.760","3.470","233.68K","-7.07%"
"04/07/2017","3.820","4.050","4.220","3.760","96.29K","-7.73%"
"03/07/2017","4.140","3.890","4.250","3.890","47.63K","6.15%"
"30/06/2017","3.900","3.820","3.950","3.820","13.03K","0.00%"
"29/06/2017","3.900","3.800","3.920","3.760","13.72K","2.63%"
"28/06/2017","3.800","3.740","3.820","3.740","35.34K","1.33%"
"27/06/2017","3.750","3.760","3.760","3.650","41.49K","-0.79%"
"26/06/2017","3.780","3.860","3.880","3.690","32.52K","-3.82%"
"23/06/2017","3.930","3.900","3.940","3.700","42.41K","-0.25%"
"22/06/2017","3.940","4.160","4.160","3.750","108.52K","-13.41%"
"21/06/2017","4.550","4.660","4.660","4.550","8.69K","-2.99%"
"20/06/2017","4.690","4.650","4.720","4.650","0.83K","-0.85%"
"19/06/2017","4.730","4.700","4.750","4.700","1.20K","-0.63%"
"16/06/2017","4.760","4.700","4.760","4.660","2.25K","1.28%"
"14/06/2017","4.700","4.700","4.720","4.590","19.69K","0.64%"
"13/06/2017","4.670","4.630","4.670","4.570","22.50K","0.86%"
"12/06/2017","4.630","4.900","4.930","4.630","14.91K","-4.54%"
"09/06/2017","4.850","4.760","4.850","4.760","5.64K","1.46%"
"08/06/2017","4.780","4.700","4.790","4.700","2.15K","1.70%"
"07/06/2017","4.700","4.840","4.890","4.650","22.11K","-1.67%"
"06/06/2017","4.780","4.720","4.820","4.650","48.84K","-0.42%"
"05/06/2017","4.800","5.320","5.320","4.800","98.35K","-11.11%"
"02/06/2017","5.400","5.500","5.600","5.360","11.65K","-1.82%"
"01/06/2017","5.500","5.550","5.550","5.460","5.93K","-1.79%"
"31/05/2017","5.600","5.630","5.630","5.540","4.16K","-0.36%"
"30/05/2017","5.620","5.630","5.630","5.600","3.54K","-0.18%"
"29/05/2017","5.630","5.690","5.690","5.600","6.94K","-1.23%"
"26/05/2017","5.700","5.760","5.760","5.520","16.78K","1.42%"
"25/05/2017","5.620","5.770","5.770","5.620","2.35K","-2.60%"
"24/05/2017","5.770","5.700","5.770","5.690","3.92K","1.23%"
"23/05/2017","5.700","5.780","5.790","5.700","3.37K","-1.55%"
"22/05/2017","5.790","5.610","5.850","5.610","2.60K","0.00%"
"19/05/2017","5.790","5.790","5.790","5.770","1.10K","0.52%"
"18/05/2017","5.760","5.610","5.800","5.510","12.52K","2.67%"
"17/05/2017","5.610","5.500","5.620","5.500","10.98K","2.00%"
"16/05/2017","5.500","5.700","5.780","5.500","18.91K","-5.17%"
"15/05/2017","5.800","5.930","5.930","5.700","1.27K","1.58%"
"12/05/2017","5.710","5.780","5.780","5.600","4.01K","-1.55%"
"11/05/2017","5.800","5.800","5.800","5.740","5.46K","0.87%"
"10/05/2017","5.750","6.000","6.000","5.750","39.20K","-3.52%"
"09/05/2017","5.960","6.100","6.100","5.900","5.04K","-2.30%"
"08/05/2017","6.100","6.000","6.150","6.000","3.41K","1.67%"
"05/05/2017","6.000","6.020","6.050","5.860","2.71K","0.33%"
"04/05/2017","5.980","6.000","6.050","5.830","6.78K","-1.16%"
"02/05/2017","6.050","6.140","6.150","6.000","7.49K","-1.47%"
"28/04/2017","6.140","6.030","6.140","5.950","11.65K","-0.16%"
"27/04/2017","6.150","6.250","6.280","6.030","6.67K","-0.65%"
"26/04/2017","6.190","6.310","6.310","6.100","12.37K","-2.98%"
"25/04/2017","6.380","6.510","6.520","6.310","7.04K","-1.85%"
"24/04/2017","6.500","6.400","6.560","6.270","35.91K","3.50%"
"21/04/2017","6.280","6.230","6.290","6.230","20.76K","0.80%"
"20/04/2017","6.230","6.040","6.250","5.990","45.69K","4.01%"
"19/04/2017","5.990","6.000","6.200","5.900","26.66K","-4.01%"
"18/04/2017","6.240","5.500","6.250","5.500","64.76K","13.25%"
"13/04/2017","5.510","5.880","5.880","5.500","39.42K","-4.17%"
"12/04/2017","5.750","5.800","5.800","5.500","51.32K","-1.71%"
"11/04/2017","5.850","6.680","6.680","5.770","66.27K","-11.09%"
"10/04/2017","6.580","6.620","6.650","6.500","11.82K","-0.30%"
"07/04/2017","6.600","6.620","6.620","6.500","5.04K","1.07%"
"06/04/2017","6.530","6.590","6.590","6.210","35.05K","-0.15%"
"05/04/2017","6.540","6.380","6.670","6.380","10.43K","1.87%"
"04/04/2017","6.420","6.840","6.840","6.360","89.71K","-6.82%"
"03/04/2017","6.890","7.210","7.440","6.550","39.26K","-4.70%"
"31/03/2017","7.230","7.320","7.500","7.190","13.31K","-1.50%"
"30/03/2017","7.340","7.300","7.400","7.260","6.17K","-1.08%"
"29/03/2017","7.420","7.350","7.450","7.220","6.71K","1.09%"
"28/03/2017","7.340","7.250","7.340","7.180","3.01K","0.55%"
"27/03/2017","7.300","7.400","7.490","7.160","6.80K","-2.01%"
"24/03/2017","7.450","7.280","7.490","7.280","6.49K","2.19%"
"23/03/2017","7.290","7.380","7.390","7.220","1.26K","-1.22%"
"22/03/2017","7.380","7.670","7.670","7.160","27.71K","-2.89%"
"21/03/2017","7.600","7.800","7.890","7.500","14.58K","-3.18%"
"20/03/2017","7.850","7.800","7.900","7.740","8.10K","1.16%"
"17/03/2017","7.760","7.590","7.860","7.590","14.91K","2.24%"
"16/03/2017","7.590","7.400","7.600","7.400","4.40K","2.71%"
"15/03/2017","7.390","7.610","7.610","7.260","28.12K","-3.40%"
"14/03/2017","7.650","7.650","7.780","7.620","7.94K","-1.92%"
"13/03/2017","7.800","7.900","7.900","7.520","7.82K","1.30%"
"10/03/2017","7.700","7.650","7.980","7.560","25.64K","0.52%"
"09/03/2017","7.660","7.970","7.990","7.510","36.37K","-5.20%"
"08/03/2017","8.080","8.200","8.200","7.970","17.90K","-1.34%"
"07/03/2017","8.190","7.800","8.190","7.750","99.63K","5.68%"
"06/03/2017","7.750","7.410","7.750","7.230","42.54K","4.59%"
"03/03/2017","7.410","7.200","7.480","7.120","46.86K","2.92%"
"02/03/2017","7.200","7.290","7.290","7.000","40.18K","0.14%"
"01/03/2017","7.190","7.320","7.320","7.100","17.85K","-1.24%"
"28/02/2017","7.280","7.190","7.280","7.030","51.22K","2.54%"
"27/02/2017","7.100","6.800","7.100","6.700","27.62K","5.19%"
"24/02/2017","6.750","6.770","6.830","6.400","62.88K","2.27%"
"23/02/2017","6.600","6.990","6.990","6.440","96.81K","-3.79%"
"22/02/2017","6.860","7.080","7.150","6.750","35.01K","-4.72%"
"21/02/2017","7.200","7.140","7.270","7.100","38.07K","0.56%"
"20/02/2017","7.160","7.020","7.320","7.020","64.75K","3.02%"
"17/02/2017","6.950","6.660","7.000","6.620","95.12K","6.27%"
"16/02/2017","6.540","6.300","6.750","6.300","136.92K","4.98%"
"15/02/2017","6.230","6.240","6.310","6.200","17.41K","1.80%"
"14/02/2017","6.120","5.950","6.280","5.950","26.98K","2.86%"
"13/02/2017","5.950","5.960","5.970","5.910","10.40K","0.68%"
"10/02/2017","5.910","5.960","6.020","5.830","47.44K","-0.84%"
"09/02/2017","5.960","5.960","6.000","5.760","19.92K","1.02%"
"08/02/2017","5.900","5.950","6.000","5.800","34.09K","0.85%"
"07/02/2017","5.850","5.740","5.900","5.690","8.09K","1.74%"
"06/02/2017","5.750","5.950","6.000","5.660","36.35K","-7.70%"
"03/02/2017","6.230","6.100","6.250","6.100","4.33K","0.81%"
"02/02/2017","6.180","6.260","6.370","6.050","17.60K","-3.29%"
"01/02/2017","6.390","6.330","6.400","6.200","28.56K","0.95%"
"31/01/2017","6.330","6.200","6.340","6.150","34.03K","1.61%"
"30/01/2017","6.230","6.150","6.400","6.100","84.00K","2.13%"
"27/01/2017","6.100","5.790","6.100","5.790","31.96K","7.39%"
"26/01/2017","5.680","5.910","5.910","5.630","13.37K","-3.73%"
"25/01/2017","5.900","5.650","5.900","5.650","41.79K","5.17%"
"24/01/2017","5.610","5.450","5.730","5.450","32.31K","2.00%"
"23/01/2017","5.500","5.700","5.750","5.500","14.73K","-3.34%"
"20/01/2017","5.690","5.700","5.700","5.600","0.64K","0.89%"
"19/01/2017","5.640","5.660","5.700","5.600","3.49K","-0.18%"
"18/01/2017","5.650","5.700","5.700","5.600","4.09K","-1.22%"
"17/01/2017","5.720","5.760","5.760","5.620","2.27K","-0.35%"
"16/01/2017","5.740","5.740","5.760","5.680","14.02K","0.00%"
"13/01/2017","5.740","5.630","5.800","5.600","14.49K","2.50%"
"12/01/2017","5.600","5.470","5.600","5.430","18.83K","3.51%"
"11/01/2017","5.410","5.470","5.490","5.410","21.50K","1.50%"
"10/01/2017","5.330","5.490","5.550","5.320","17.50K","-3.09%"
"09/01/2017","5.500","5.400","5.500","5.210","80.99K","1.85%"
"05/01/2017","5.400","5.300","5.400","5.300","16.95K","2.27%"
"04/01/2017","5.280","4.820","5.300","4.820","69.68K","7.98%"
"03/01/2017","4.890","4.920","4.960","4.890","46.70K","-1.41%"
"02/01/2017","4.960","4.820","4.960","4.820","1.07K","1.64%"
"30/12/2016","4.880","4.920","4.930","4.830","9.03K","-0.41%"
"29/12/2016","4.900","4.730","5.060","4.710","14.08K","3.81%"
"28/12/2016","4.720","4.740","4.800","4.700","29.41K","-0.63%"
"27/12/2016","4.750","4.860","4.870","4.730","17.98K","-2.46%"
"23/12/2016","4.870","4.930","5.000","4.850","31.68K","-1.22%"
"22/12/2016","4.930","4.910","4.960","4.910","5.23K","0.61%"
"21/12/2016","4.900","4.950","5.000","4.900","23.50K","-2.00%"
"20/12/2016","5.000","5.080","5.100","4.900","30.17K","-3.29%"
"19/12/2016","5.170","5.170","5.180","4.670","43.46K","-2.45%"
"16/12/2016","5.300","5.250","5.300","5.220","8.51K","-0.19%"
"15/12/2016","5.310","5.270","5.310","5.200","8.92K","0.19%"
"14/12/2016","5.300","5.240","5.300","5.190","8.45K","0.57%"
"13/12/2016","5.270","5.200","5.360","5.180","6.87K","1.35%"
"12/12/2016","5.200","5.310","5.380","5.170","28.65K","-3.70%"
"09/12/2016","5.400","5.400","5.460","5.260","20.10K","0.00%"
"08/12/2016","5.400","5.400","5.400","5.400","1.04K","-0.74%"
"07/12/2016","5.440","5.370","5.440","5.360","2.27K","-0.73%"
"06/12/2016","5.480","5.480","5.480","5.330","7.89K","0.37%"
"05/12/2016","5.460","5.480","5.490","5.270","9.70K","-0.18%"
"02/12/2016","5.470","5.380","5.490","5.080","20.78K","1.67%"
"01/12/2016","5.380","5.300","5.430","5.280","3.16K","1.51%"
"30/11/2016","5.300","5.270","5.300","5.250","5.41K","0.57%"
"29/11/2016","5.270","5.140","5.270","5.130","3.56K","-0.38%"
"28/11/2016","5.290","5.180","5.290","5.120","3.74K","2.12%"
"25/11/2016","5.180","5.310","5.320","5.150","12.75K","-4.95%"
"24/11/2016","5.450","5.400","5.450","5.300","2.69K","0.74%"
"23/11/2016","5.410","5.300","5.410","5.220","2.97K","2.27%"
"22/11/2016","5.290","5.170","5.330","5.170","4.54K","-1.67%"
"21/11/2016","5.380","5.300","5.380","5.130","12.30K","-1.10%"
"18/11/2016","5.440","5.390","5.440","5.050","12.85K","0.93%"
"17/11/2016","5.390","5.800","5.850","5.280","24.94K","-9.26%"
"16/11/2016","5.940","5.810","5.940","5.810","0.23K","0.00%"
"15/11/2016","5.940","5.950","5.950","5.810","1.13K","0.68%"
"14/11/2016","5.900","5.900","5.900","5.850","1.08K","-1.17%"
"10/11/2016","5.970","5.910","5.990","5.900","4.88K","1.02%"
"09/11/2016","5.910","5.820","5.940","5.780","8.76K","-1.34%"
"08/11/2016","5.990","6.000","6.000","5.900","1.29K","-0.17%"
"07/11/2016","6.000","6.120","6.240","5.900","12.63K","-2.28%"
"04/11/2016","6.140","6.060","6.230","6.050","3.28K","-0.81%"
"03/11/2016","6.190","6.250","6.250","6.050","0.82K","-0.96%"
"02/11/2016","6.250","6.370","6.370","6.100","6.09K","-2.34%"
"31/10/2016","6.400","6.350","6.480","6.250","26.17K","2.56%"
"28/10/2016","6.240","6.200","6.260","6.150","44.96K","1.13%"
"27/10/2016","6.170","6.180","6.300","6.160","10.94K","0.16%"
"26/10/2016","6.160","5.950","6.300","5.950","49.67K","2.84%"
"25/10/2016","5.990","5.850","6.000","5.850","14.40K","2.74%"
"24/10/2016","5.830","5.750","5.830","5.640","7.24K","1.39%"
"21/10/2016","5.750","5.870","5.870","5.700","13.63K","-0.86%"
"20/10/2016","5.800","5.800","5.870","5.780","22.63K","0.00%"
"19/10/2016","5.800","5.810","5.900","5.780","22.22K","-1.69%"
"18/10/2016","5.900","5.950","5.960","5.770","13.08K","0.68%"
"17/10/2016","5.860","6.100","6.100","5.860","18.28K","-2.50%"
"14/10/2016","6.010","5.880","6.060","5.760","27.39K","2.04%"
"13/10/2016","5.890","5.930","5.950","5.790","51.14K","-0.34%"
"12/10/2016","5.910","5.400","5.920","5.400","64.06K","8.44%"
"11/10/2016","5.450","5.200","5.540","5.140","15.92K","2.06%"
"10/10/2016","5.340","5.530","5.630","5.070","37.48K","-5.49%"
"07/10/2016","5.650","5.540","5.790","5.540","48.76K","2.17%"
"06/10/2016","5.530","5.800","5.800","5.520","80.89K","-2.47%"
"05/10/2016","5.670","5.400","5.730","5.340","97.70K","5.98%"
"04/10/2016","5.350","5.200","5.480","5.070","107.86K","3.88%"
"03/10/2016","5.150","4.950","5.310","4.860","124.06K","5.10%"
"30/09/2016","4.900","4.500","4.970","4.500","156.01K","8.89%"
"29/09/2016","4.500","4.450","4.500","4.400","24.60K","2.27%"
"28/09/2016","4.400","4.460","4.500","4.340","11.86K","-0.90%"
"27/09/2016","4.440","4.570","4.570","4.410","24.14K","1.14%"
"26/09/2016","4.390","4.410","4.600","4.350","127.13K","-0.45%"
"23/09/2016","4.410","4.350","4.460","4.310","49.47K","1.61%"
"22/09/2016","4.340","4.360","4.400","4.270","24.23K","-0.46%"
"21/09/2016","4.360","4.310","4.370","4.300","22.10K","0.93%"
"20/09/2016","4.320","4.380","4.540","4.320","45.81K","-1.37%"
"19/09/2016","4.380","4.350","4.380","4.260","32.21K","0.00%"
"16/09/2016","4.380","4.380","4.400","4.350","28.81K","-0.45%"
"15/09/2016","4.400","4.570","4.570","4.400","22.96K","-2.87%"
"14/09/2016","4.530","4.530","4.600","4.500","13.33K","-0.66%"
"13/09/2016","4.560","4.500","4.680","4.500","27.04K","0.66%"
"12/09/2016","4.530","4.550","4.580","4.450","23.07K","-0.44%"
"09/09/2016","4.550","4.770","4.770","4.520","70.44K","-4.01%"
"08/09/2016","4.740","4.390","4.900","4.330","156.95K","7.97%"
"07/09/2016","4.390","4.460","4.500","4.380","24.74K","-1.57%"
"06/09/2016","4.460","4.470","4.510","4.440","35.06K","-0.89%"
"05/09/2016","4.500","4.400","4.520","4.370","10.54K","0.00%"
"02/09/2016","4.500","4.650","4.650","4.500","15.53K","-0.22%"
"01/09/2016","4.510","4.510","4.660","4.460","18.83K","0.22%"
"31/08/2016","4.500","4.510","4.510","4.450","8.02K","-0.66%"
"30/08/2016","4.530","4.310","4.530","4.240","25.60K","4.86%"
"29/08/2016","4.320","4.410","4.410","4.290","49.47K","-2.92%"
"26/08/2016","4.450","4.500","4.500","4.430","18.74K","-1.98%"
"25/08/2016","4.540","4.530","4.560","4.460","20.50K","0.00%"
"24/08/2016","4.540","4.460","4.750","4.320","49.72K","2.48%"
"23/08/2016","4.430","4.600","4.600","4.210","45.58K","-3.70%"
"22/08/2016","4.600","4.800","4.830","4.590","71.74K","-4.76%"
"19/08/2016","4.830","4.510","4.840","4.500","84.69K","7.33%"
"18/08/2016","4.500","4.600","4.690","4.500","80.92K","-1.32%"
"17/08/2016","4.560","4.420","4.580","4.250","95.29K","2.01%"
"16/08/2016","4.470","4.900","4.900","4.350","154.76K","-8.40%"
"12/08/2016","4.880","5.300","5.300","4.770","237.14K","-9.63%"
"11/08/2016","5.400","5.640","5.650","5.310","75.87K","-4.42%"
"10/08/2016","5.650","5.620","5.670","5.620","43.71K","0.18%"
"09/08/2016","5.640","5.650","5.690","5.630","35.45K","-0.18%"
"08/08/2016","5.650","5.780","5.790","5.650","41.47K","-2.42%"
"05/08/2016","5.790","5.650","5.790","5.650","41.98K","2.48%"
"04/08/2016","5.650","5.630","5.690","5.580","30.80K","0.00%"
"03/08/2016","5.650","5.830","5.830","5.650","43.22K","-2.92%"
"02/08/2016","5.820","5.830","5.850","5.790","35.24K","-0.51%"
"01/08/2016","5.850","6.020","6.020","5.800","44.70K","-1.02%"
"29/07/2016","5.910","6.390","6.390","5.850","52.75K","-6.04%"
"28/07/2016","6.290","6.200","6.290","6.180","9.44K","1.62%"
"27/07/2016","6.190","6.300","6.400","6.190","9.33K","-2.06%"
"26/07/2016","6.320","6.470","6.480","6.320","11.89K","-0.63%"
"25/07/2016","6.360","6.150","6.400","6.100","38.86K","3.41%"
"22/07/2016","6.150","6.100","6.300","6.050","31.69K","0.82%"
"21/07/2016","6.100","5.990","6.150","5.900","28.76K","4.27%"
"20/07/2016","5.850","5.900","5.900","5.800","15.97K","-0.85%"
"19/07/2016","5.900","5.950","5.950","5.860","5.65K","-1.34%"
"18/07/2016","5.980","6.140","6.140","5.980","41.92K","-2.92%"
"15/07/2016","6.160","6.030","6.190","5.980","73.72K","2.16%"
"14/07/2016","6.030","5.870","6.030","5.810","6.06K","1.01%"
"13/07/2016","5.970","6.000","6.140","5.810","1.85K","-0.50%"
"12/07/2016","6.000","6.000","6.090","5.950","4.71K","0.00%"
"11/07/2016","6.000","6.040","6.070","6.000","2.38K","-0.50%"
"08/07/2016","6.030","6.110","6.110","5.920","2.20K","-0.33%"
"07/07/2016","6.050","5.830","6.050","5.700","23.71K","5.03%"
"06/07/2016","5.760","6.160","6.160","5.730","9.93K","-3.52%"
"05/07/2016","5.970","6.200","6.200","5.950","6.79K","-3.86%"
"04/07/2016","6.210","6.320","6.320","5.930","3.17K","-2.51%"
"01/07/2016","6.370","6.390","6.390","6.370","0.57K","-1.09%"
"30/06/2016","6.440","6.480","6.480","6.200","7.68K","2.22%"
"29/06/2016","6.300","6.400","6.410","6.300","9.20K","-1.72%"
"28/06/2016","6.410","6.630","6.630","6.330","8.34K","-2.88%"
"27/06/2016","6.600","6.600","6.600","6.500","2.03K","0.76%"
"24/06/2016","6.550","6.400","6.580","6.280","39.02K","-3.39%"
"23/06/2016","6.780","6.700","6.990","6.690","52.99K","0.89%"
"22/06/2016","6.720","6.600","6.740","6.600","22.03K","0.30%"
"21/06/2016","6.700","6.620","6.750","6.600","5.72K","0.30%"
"20/06/2016","6.680","6.780","6.780","6.560","2.49K","0.60%"
"17/06/2016","6.640","6.660","6.660","6.560","3.84K","-0.30%"
"16/06/2016","6.660","6.740","6.740","6.660","3.85K","-1.48%"
"15/06/2016","6.760","6.700","6.790","6.700","2.40K","0.90%"
"14/06/2016","6.700","6.720","6.720","6.680","2.13K","-2.76%"
"13/06/2016","6.890","6.800","6.890","6.710","0.34K","0.15%"
"10/06/2016","6.880","6.890","6.890","6.820","2.70K","-1.57%"
"09/06/2016","6.990","6.900","6.990","6.820","0.84K","1.75%"
"08/06/2016","6.870","6.870","6.880","6.800","1.55K","1.78%"
"06/06/2016","6.750","6.810","6.810","6.750","2.10K","-1.46%"
"03/06/2016","6.850","6.820","6.910","6.820","2.23K","0.44%"
"02/06/2016","6.820","6.950","6.950","6.800","4.43K","-1.87%"
"01/06/2016","6.950","7.030","7.030","6.900","2.77K","0.72%"
"31/05/2016","6.900","6.880","7.090","6.880","10.82K","1.47%"
"30/05/2016","6.800","6.850","6.850","6.800","6.04K","-0.73%"
"27/05/2016","6.850","7.020","7.020","6.750","22.15K","0.74%"
"25/05/2016","6.800","6.950","6.960","6.800","17.73K","-3.13%"
"24/05/2016","7.020","7.020","7.040","7.010","3.33K","-0.85%"
"23/05/2016","7.080","7.180","7.200","6.950","6.10K","-0.14%"
"20/05/2016","7.090","7.000","7.090","6.900","0.42K","1.29%"
"19/05/2016","7.000","7.000","7.000","6.840","4.00K","0.72%"
"18/05/2016","6.950","7.200","7.350","6.950","14.07K","-4.14%"
"17/05/2016","7.250","7.300","7.450","7.250","8.68K","-0.41%"
"16/05/2016","7.280","7.350","7.350","7.220","11.76K","-0.82%"
"13/05/2016","7.340","7.340","7.340","7.340","1.66K","0.00%"
"12/05/2016","7.340","7.300","7.350","7.220","1.18K","-0.41%"
"11/05/2016","7.370","7.000","7.370","6.950","8.41K","5.29%"
"10/05/2016","7.000","7.390","7.390","6.950","24.20K","-5.28%"
"09/05/2016","7.390","7.400","7.410","7.380","16.82K","-1.47%"
"06/05/2016","7.500","7.490","7.500","7.490","1.27K","0.40%"
"05/05/2016","7.470","7.470","7.530","7.470","0.18K","-0.80%"
"04/05/2016","7.530","7.420","7.610","7.370","7.31K","-1.31%"
"02/05/2016","7.630","7.570","7.630","7.350","2.11K","-0.26%"
"29/04/2016","7.650","7.700","7.700","7.320","9.89K","0.53%"
"28/04/2016","7.610","7.690","7.700","7.510","2.67K","-1.55%"
"27/04/2016","7.730","7.510","7.730","7.500","5.85K","2.93%"
"26/04/2016","7.510","7.690","7.700","7.440","20.60K","-2.72%"
"25/04/2016","7.720","8.040","8.050","7.710","50.39K","-4.69%"
"22/04/2016","8.100","8.130","8.150","8.060","20.77K","-1.22%"
"21/04/2016","8.200","8.250","8.250","8.120","4.29K","0.00%"
"20/04/2016","8.200","8.250","8.250","8.200","3.50K","-1.20%"
"19/04/2016","8.300","8.340","8.340","8.220","2.65K","-0.95%"
"18/04/2016","8.380","8.240","8.380","8.160","12.17K","-0.83%"
"15/04/2016","8.450","8.310","8.450","8.210","10.56K","1.68%"
"14/04/2016","8.310","8.330","8.430","8.310","4.27K","-1.31%"
"13/04/2016","8.420","8.350","8.420","8.350","6.66K","0.84%"
"12/04/2016","8.350","8.500","8.500","8.350","7.70K","-2.34%"
"11/04/2016","8.550","8.540","8.550","8.540","4.70K","0.47%"
"08/04/2016","8.510","8.480","8.510","8.480","4.15K","0.59%"
"07/04/2016","8.460","8.310","8.460","8.250","3.74K","0.00%"
"06/04/2016","8.460","8.260","8.460","8.260","0.12K","0.95%"
"05/04/2016","8.380","8.300","8.380","8.260","1.99K","0.60%"
"04/04/2016","8.330","8.290","8.330","8.230","5.09K","0.36%"
"01/04/2016","8.300","8.420","8.420","8.260","4.94K","0.00%"
"31/03/2016","8.300","8.430","8.450","8.300","10.88K","-2.81%"
"30/03/2016","8.540","8.300","8.540","8.260","16.30K","2.40%"
"29/03/2016","8.340","8.420","8.530","8.110","31.97K","-0.83%"
"24/03/2016","8.410","8.580","8.600","8.410","2.42K","-1.64%"
"23/03/2016","8.550","8.660","8.660","8.350","5.88K","0.47%"
"22/03/2016","8.510","8.610","8.880","8.400","15.19K","-2.74%"
"21/03/2016","8.750","8.580","9.160","8.580","36.33K","2.10%"
"18/03/2016","8.570","8.350","8.600","8.340","11.34K","4.00%"
"17/03/2016","8.240","8.290","8.290","8.110","4.52K","0.37%"
"16/03/2016","8.210","8.400","8.400","8.170","13.36K","-2.61%"
"15/03/2016","8.430","8.420","8.430","8.350","2.94K","-0.12%"
"14/03/2016","8.440","8.430","8.450","8.350","4.17K","-0.12%"
"11/03/2016","8.450","8.410","8.450","8.300","0.72K","1.68%"
"10/03/2016","8.310","8.290","8.470","8.270","2.43K","0.73%"
"09/03/2016","8.250","8.240","8.320","8.240","1.02K","-1.79%"
"08/03/2016","8.400","8.240","8.430","8.240","1.45K","1.82%"
"07/03/2016","8.250","8.450","8.500","8.220","2.80K","-2.37%"
"04/03/2016","8.450","8.240","8.450","8.180","6.02K","1.81%"
"03/03/2016","8.300","8.340","8.340","8.300","2.80K","-1.43%"
"02/03/2016","8.420","8.650","8.650","8.420","0.96K","0.24%"
"01/03/2016","8.400","8.400","8.400","8.330","1.04K","-1.75%"
"29/02/2016","8.550","8.480","8.590","8.450","17.22K","1.18%"
"26/02/2016","8.450","8.350","8.460","8.350","2.08K","2.42%"
"25/02/2016","8.250","8.150","8.350","8.000","14.56K","1.85%"
"24/02/2016","8.100","8.080","8.100","7.990","19.06K","0.25%"
"23/02/2016","8.080","8.100","8.100","7.940","79.00K","-0.86%"
"22/02/2016","8.150","8.400","8.600","8.090","22.51K","-2.98%"
"19/02/2016","8.400","8.360","8.400","8.350","5.08K","-0.94%"
"18/02/2016","8.480","8.650","8.700","8.380","5.60K","-0.59%"
"17/02/2016","8.530","8.590","8.590","8.400","14.63K","-1.39%"
"16/02/2016","8.650","8.790","8.850","8.480","32.19K","-1.59%"
"15/02/2016","8.790","8.700","8.790","8.480","20.15K","1.15%"
"12/02/2016","8.690","8.450","8.690","8.450","16.30K","3.21%"
"11/02/2016","8.420","8.480","8.600","8.300","14.33K","-0.12%"
"10/02/2016","8.430","8.100","8.460","8.100","15.53K","4.07%"
"09/02/2016","8.100","7.950","8.100","7.850","4.30K","0.62%"
"08/02/2016","8.050","8.080","8.100","7.950","6.02K","-0.37%"
"05/02/2016","8.080","8.250","8.250","7.960","36.06K","-2.53%"
"04/02/2016","8.290","8.160","8.290","8.110","11.52K","-0.12%"
"03/02/2016","8.300","8.380","8.380","8.160","19.84K","-0.95%"
"02/02/2016","8.380","8.650","8.650","8.360","11.46K","-3.01%"
"01/02/2016","8.640","8.540","8.700","8.450","5.47K","1.65%"
"29/01/2016","8.500","8.510","8.600","8.350","33.94K","-1.05%"
"28/01/2016","8.590","8.510","8.770","8.500","37.64K","1.06%"
"27/01/2016","8.500","8.210","8.550","8.210","28.00K","3.53%"
"26/01/2016","8.210","8.460","8.530","8.110","60.80K","-3.75%"
"25/01/2016","8.530","7.820","8.540","7.820","91.77K","8.39%"
"22/01/2016","7.870","7.210","7.930","7.210","541.67K","10.69%"
"21/01/2016","7.110","7.100","7.150","6.960","163.64K","-1.11%"
"20/01/2016","7.190","7.000","7.290","7.000","53.38K","0.84%"
"19/01/2016","7.130","6.980","7.130","6.980","154.53K","0.56%"
"18/01/2016","7.090","7.140","7.140","6.960","6.92K","-0.70%"
"15/01/2016","7.140","7.050","7.140","7.000","2.98K","-0.83%"
"14/01/2016","7.200","7.270","7.270","7.000","6.44K","-1.10%"
"13/01/2016","7.280","7.280","7.300","7.200","35.99K","0.55%"
"12/01/2016","7.240","7.230","7.270","7.080","63.94K","2.26%"
"11/01/2016","7.080","6.920","7.330","6.920","62.84K","2.16%"
"08/01/2016","6.930","6.820","6.940","6.770","62.88K","1.91%"
"07/01/2016","6.800","6.950","6.970","6.770","42.17K","-0.73%"
"05/01/2016","6.850","6.770","7.070","6.770","74.60K","1.18%"
"04/01/2016","6.770","6.770","6.770","6.740","12.43K","-0.15%"
"30/12/2015","6.780","6.740","6.800","6.740","41.56K","0.59%"
"29/12/2015","6.740","6.610","6.770","6.610","77.73K","1.97%"
"28/12/2015","6.610","6.790","6.800","6.580","50.20K","-0.60%"
"23/12/2015","6.650","6.360","6.690","6.360","140.14K","5.39%"
"22/12/2015","6.310","6.600","6.680","6.310","98.52K","-3.96%"
"21/12/2015","6.570","6.550","6.750","6.550","32.93K","-1.20%"
"18/12/2015","6.650","6.820","7.150","6.560","182.43K","-10.14%"
"17/12/2015","7.400","7.900","7.980","7.400","29.26K","-6.33%"
"16/12/2015","7.900","7.830","8.000","7.510","2.18K","4.64%"
"15/12/2015","7.550","7.670","7.670","7.460","8.06K","-1.56%"
"14/12/2015","7.670","7.920","7.930","7.220","8.47K","-3.28%"
"11/12/2015","7.930","8.070","8.170","7.930","13.17K","-1.73%"
"10/12/2015","8.070","8.000","8.180","8.000","18.56K","-0.12%"
"09/12/2015","8.080","8.090","8.090","7.930","16.54K","-1.34%"
"08/12/2015","8.190","8.300","8.620","7.900","20.58K","-1.33%"
"07/12/2015","8.300","8.240","8.300","8.150","14.87K","0.73%"
"04/12/2015","8.240","8.440","8.500","8.220","36.85K","-4.74%"
"03/12/2015","8.650","8.700","8.700","8.420","7.31K","0.00%"
"02/12/2015","8.650","8.680","8.780","8.560","4.25K","-3.35%"
"01/12/2015","8.950","8.800","8.950","8.700","1.71K","1.70%"
"30/11/2015","8.800","8.950","8.950","8.600","2.82K","0.11%"
"27/11/2015","8.790","9.080","9.080","8.400","16.19K","-0.11%"
"26/11/2015","8.800","8.900","8.900","8.800","5.46K","-0.23%"
"25/11/2015","8.820","9.050","9.240","8.800","9.12K","-0.68%"
"24/11/2015","8.880","9.090","9.090","8.410","18.31K","-1.99%"
"23/11/2015","9.060","9.240","9.280","9.000","8.57K","-1.95%"
"20/11/2015","9.240","9.300","9.380","9.200","5.07K","-0.65%"
"19/11/2015","9.300","9.400","9.590","9.300","6.43K","-3.02%"
"18/11/2015","9.590","9.470","9.590","9.300","3.05K","1.16%"
"17/11/2015","9.480","9.030","9.500","9.030","4.41K","4.64%"
"16/11/2015","9.060","9.450","9.450","9.050","10.76K","-4.63%"
"13/11/2015","9.500","9.690","9.690","9.470","4.24K","-0.11%"
"12/11/2015","9.510","9.730","9.730","9.510","0.75K","0.11%"
"10/11/2015","9.500","9.830","9.830","9.500","9.77K","-2.56%"
"09/11/2015","9.750","9.900","9.900","9.750","7.01K","-2.11%"
"06/11/2015","9.960","10.050","10.050","9.880","3.36K","-1.19%"
"05/11/2015","10.080","10.000","10.100","9.840","6.79K","-0.20%"
"04/11/2015","10.100","10.300","10.350","9.830","9.48K","-0.20%"
"03/11/2015","10.120","10.220","10.220","9.770","8.18K","-0.20%"
"02/11/2015","10.140","10.300","10.300","10.030","4.41K","-1.55%"
"30/10/2015","10.300","10.750","10.780","10.220","36.10K","0.00%"
"29/10/2015","10.300","10.480","10.480","10.200","35.77K","0.19%"
"28/10/2015","10.280","9.800","10.330","9.800","96.16K","7.08%"
"27/10/2015","9.600","9.430","9.660","9.350","16.35K","1.80%"
"26/10/2015","9.430","9.130","9.430","9.050","7.09K","2.72%"
"23/10/2015","9.180","9.300","9.430","9.040","9.21K","-1.29%"
"22/10/2015","9.300","8.880","9.490","8.800","25.35K","4.73%"
"21/10/2015","8.880","9.120","9.120","8.830","3.88K","-2.63%"
"20/10/2015","9.120","9.010","9.120","9.010","4.52K","1.22%"
"19/10/2015","9.010","9.120","9.120","9.010","6.30K","-1.21%"
"16/10/2015","9.120","9.300","9.300","9.010","3.43K","-1.83%"
"15/10/2015","9.290","9.300","9.380","9.290","22.82K","-0.11%"
"14/10/2015","9.300","9.230","9.490","9.230","37.93K","3.22%"
"13/10/2015","9.010","8.880","9.200","8.700","24.78K","1.46%"
"12/10/2015","8.880","8.680","8.880","8.670","6.33K","2.30%"
"09/10/2015","8.680","8.680","8.720","8.400","13.43K","0.81%"
"08/10/2015","8.610","8.590","8.700","8.590","2.45K","-1.94%"
"07/10/2015","8.780","8.850","8.850","8.610","4.14K","-1.13%"
"06/10/2015","8.880","8.850","8.880","8.850","0.70K","0.91%"
"05/10/2015","8.800","8.820","8.820","8.800","3.54K","0.00%"
"02/10/2015","8.800","8.770","8.900","8.740","4.79K","0.34%"
"01/10/2015","8.770","8.400","8.820","8.360","6.23K","4.40%"
"30/09/2015","8.400","8.650","8.650","8.260","48.29K","-2.33%"
"29/09/2015","8.600","8.800","8.800","8.500","7.13K","-2.60%"
"28/09/2015","8.830","8.800","8.870","8.610","1.59K","0.11%"
"25/09/2015","8.820","8.610","8.820","8.610","0.60K","2.08%"
"24/09/2015","8.640","8.750","8.770","8.640","2.85K","-1.82%"
"23/09/2015","8.800","8.920","8.920","8.610","2.55K","-1.35%"
"22/09/2015","8.920","8.930","8.940","8.920","1.55K","-1.98%"
"18/09/2015","9.100","9.150","9.150","8.950","3.78K","0.55%"
"17/09/2015","9.050","8.950","9.080","8.950","1.83K","-0.98%"
"16/09/2015","9.140","9.140","9.140","9.000","2.17K","0.99%"
"15/09/2015","9.050","9.090","9.160","9.000","1.80K","0.00%"
"14/09/2015","9.050","9.070","9.070","8.880","2.92K","2.03%"
"11/09/2015","8.870","8.860","8.990","8.850","9.90K","0.23%"
"10/09/2015","8.850","8.980","9.000","8.850","2.69K","-1.67%"
"09/09/2015","9.000","9.140","9.140","9.000","5.16K","-1.53%"
"08/09/2015","9.140","9.170","9.170","8.950","4.49K","-0.65%"
"07/09/2015","9.200","9.110","9.240","9.100","1.10K","0.44%"
"04/09/2015","9.160","9.200","9.200","9.160","0.73K","-0.33%"
"03/09/2015","9.190","9.060","9.200","9.060","1.62K","0.44%"
"02/09/2015","9.150","9.140","9.150","9.060","1.68K","-0.33%"
"01/09/2015","9.180","9.000","9.200","9.000","202.31K","1.77%"
"31/08/2015","9.020","9.090","9.100","9.020","1.51K","-1.64%"
"28/08/2015","9.170","9.200","9.240","9.070","3.31K","-1.29%"
"27/08/2015","9.290","9.200","9.300","9.200","4.16K","1.53%"
"26/08/2015","9.150","9.300","9.300","9.000","6.49K","0.55%"
"25/08/2015","9.100","9.140","9.360","9.100","31.46K","-0.55%"
"24/08/2015","9.150","9.720","9.720","8.810","21.24K","-6.63%"
"21/08/2015","9.800","9.500","9.800","9.500","0.60K","2.62%"
"20/08/2015","9.550","9.750","9.750","9.500","4.04K","-2.55%"
"19/08/2015","9.800","9.890","9.890","9.800","2.06K","-0.91%"
"18/08/2015","9.890","9.620","9.920","9.620","1.11K","1.96%"
"17/08/2015","9.700","9.980","10.000","9.670","6.47K","-2.12%"
"14/08/2015","9.910","9.570","9.950","9.330","14.64K","6.33%"
"13/08/2015","9.320","9.420","9.500","9.080","7.72K","-2.00%"
"12/08/2015","9.510","9.800","9.800","9.510","3.01K","-2.96%"
"11/08/2015","9.800","9.400","9.950","9.400","20.67K","4.81%"
"10/08/2015","9.350","9.690","9.690","9.040","20.64K","-2.60%"
"07/08/2015","9.600","9.900","9.900","9.600","10.54K","-4.00%"
"06/08/2015","10.000","10.050","10.050","9.800","6.31K","-0.50%"
"05/08/2015","10.050","10.160","10.290","9.810","11.69K","-1.37%"
"04/08/2015","10.190","9.710","10.190","9.550","28.21K","5.16%"
"03/08/2015","9.690","9.100","9.690","9.100","10.59K","6.60%"
"31/07/2015","9.090","8.850","9.090","8.850","13.65K","1.00%"
"30/07/2015","9.000","9.300","9.300","8.930","7.58K","-3.74%"
"29/07/2015","9.350","9.300","9.350","9.100","7.66K","0.54%"
"28/07/2015","9.300","8.800","9.410","8.800","29.41K","6.90%"
"27/07/2015","8.700","8.600","8.700","8.520","13.65K","1.05%"
"24/07/2015","8.610","8.480","8.610","8.450","5.59K","1.53%"
"23/07/2015","8.480","8.100","8.480","8.100","8.17K","3.92%"
"22/07/2015","8.160","8.500","8.550","8.130","42.18K","-7.48%"
"21/07/2015","8.820","9.080","9.150","8.600","35.60K","-2.86%"
"20/07/2015","9.080","9.410","9.410","9.080","18.44K","-3.51%"
"17/07/2015","9.410","9.320","9.450","9.300","35.79K","0.64%"
"16/07/2015","9.350","9.270","9.410","9.270","69.62K","1.74%"
"15/07/2015","9.190","9.170","9.200","9.140","44.60K","0.11%"
"14/07/2015","9.180","9.240","9.240","9.150","42.99K","-0.43%"
"13/07/2015","9.220","9.140","9.300","9.140","32.46K","0.99%"
"10/07/2015","9.130","9.180","9.260","9.120","57.20K","-0.22%"
"09/07/2015","9.150","9.180","9.180","9.110","58.71K","0.99%"
"08/07/2015","9.060","9.900","9.900","8.950","48.92K","-8.48%"
"07/07/2015","9.900","10.220","10.380","9.900","68.00K","-3.41%"
"06/07/2015","10.250","10.470","10.470","10.200","1.31K","-0.49%"
"03/07/2015","10.300","10.500","10.580","10.300","9.72K","-1.53%"
"02/07/2015","10.460","10.510","10.600","10.440","8.04K","-0.38%"
"01/07/2015","10.500","10.760","10.760","10.440","14.87K","-2.14%"
"30/06/2015","10.730","10.800","10.810","10.710","10.57K","-2.45%"
"29/06/2015","11.000","11.160","11.160","10.740","11.21K","-1.43%"
"26/06/2015","11.160","11.160","11.200","11.160","10.14K","-0.18%"
"25/06/2015","11.180","11.300","11.300","11.180","3.85K","-1.15%"
"24/06/2015","11.310","11.230","11.390","11.160","3.17K","1.34%"
"23/06/2015","11.160","11.240","11.470","11.160","4.38K","0.36%"
"22/06/2015","11.120","11.290","11.290","11.080","5.69K","-0.27%"
"19/06/2015","11.150","11.160","11.160","11.120","9.56K","-0.09%"
"18/06/2015","11.160","11.250","11.250","11.080","10.48K","-1.06%"
"17/06/2015","11.280","11.300","11.300","11.110","4.89K","-0.79%"
"16/06/2015","11.370","11.690","11.840","11.370","5.23K","-3.15%"
"15/06/2015","11.740","11.130","11.900","11.120","6.71K","5.48%"
"12/06/2015","11.130","11.310","11.310","11.100","3.37K","-1.85%"
"11/06/2015","11.340","11.250","11.470","11.050","5.92K","0.27%"
"10/06/2015","11.310","11.640","11.640","11.110","13.69K","-4.48%"
"09/06/2015","11.840","11.900","12.110","11.620","6.40K","-0.59%"
"08/06/2015","11.910","12.110","12.110","11.910","1.24K","-3.09%"
"05/06/2015","12.290","12.200","12.300","12.130","1.10K","-0.89%"
"03/06/2015","12.400","12.490","12.540","12.200","4.37K","-1.20%"
"02/06/2015","12.550","12.280","12.880","12.280","17.53K","2.20%"
"01/06/2015","12.280","11.900","12.280","11.900","11.24K","2.42%"
"29/05/2015","11.990","11.990","11.990","11.750","2.97K","0.00%"
"28/05/2015","11.990","11.750","12.060","11.600","12.49K","3.54%"
"27/05/2015","11.580","11.750","11.930","11.580","18.85K","-1.19%"
"26/05/2015","11.720","11.980","11.980","11.720","9.44K","-3.22%"
"25/05/2015","12.110","12.120","12.120","11.970","2.22K","0.08%"
"22/05/2015","12.100","11.900","12.100","11.770","5.51K","1.60%"
"21/05/2015","11.910","12.100","12.100","11.850","7.22K","-1.57%"
"20/05/2015","12.100","12.040","12.150","12.020","3.91K","0.41%"
"19/05/2015","12.050","12.180","12.180","12.000","3.73K","-1.23%"
"18/05/2015","12.200","12.240","12.240","12.000","4.01K","0.83%"
"15/05/2015","12.100","12.100","12.200","12.000","5.94K","0.50%"
"14/05/2015","12.040","12.400","12.510","11.650","17.33K","-2.90%"
"13/05/2015","12.400","12.750","12.750","12.400","20.87K","-2.82%"
"12/05/2015","12.760","12.790","12.880","12.760","5.27K","0.08%"
"11/05/2015","12.750","12.890","12.890","12.710","15.30K","-0.39%"
"08/05/2015","12.800","12.800","12.860","12.760","4.46K","0.00%"
"07/05/2015","12.800","12.800","12.820","12.700","46.49K","0.00%"
"06/05/2015","12.800","12.760","12.850","12.720","9.03K","0.31%"
"05/05/2015","12.760","12.880","12.880","12.760","26.84K","-0.39%"
"04/05/2015","12.810","12.910","13.000","12.810","6.59K","-0.77%"
"30/04/2015","12.910","13.050","13.050","12.850","3.95K","-0.62%"
"29/04/2015","12.990","12.710","13.080","12.700","22.11K","2.93%"
"28/04/2015","12.620","13.100","13.100","12.550","26.78K","-2.62%"
"27/04/2015","12.960","13.080","13.100","12.960","45.70K","-0.46%"
"24/04/2015","13.020","13.280","13.280","13.020","3.11K","-2.03%"
"23/04/2015","13.290","13.120","13.290","13.100","4.53K","2.55%"
"22/04/2015","12.960","12.800","12.980","12.800","6.15K","1.57%"
"21/04/2015","12.760","13.100","13.100","12.750","15.42K","-1.85%"
"20/04/2015","13.000","13.120","13.140","13.000","10.66K","-0.76%"
"17/04/2015","13.100","13.400","13.400","12.940","28.89K","-2.24%"
"16/04/2015","13.400","13.510","13.570","13.150","22.25K","-1.83%"
"15/04/2015","13.650","13.710","13.760","13.290","23.33K","-1.23%"
"14/04/2015","13.820","14.120","14.120","13.820","10.11K","-0.79%"
"13/04/2015","13.930","14.200","14.200","13.880","3.60K","-1.76%"
"10/04/2015","14.180","14.060","14.180","13.780","6.14K","0.78%"
"09/04/2015","14.070","14.150","14.250","14.060","4.94K","-1.26%"
"08/04/2015","14.250","14.040","14.330","14.040","6.18K","1.57%"
"07/04/2015","14.030","14.440","14.580","14.010","20.69K","-2.43%"
"02/04/2015","14.380","13.800","14.390","13.100","119.93K","4.20%"
"01/04/2015","13.800","13.250","14.030","13.250","27.37K","4.55%"
"31/03/2015","13.200","13.180","13.200","13.100","2.38K","0.15%"
"30/03/2015","13.180","13.170","13.180","13.050","13.86K","2.01%"
"27/03/2015","12.920","13.010","13.060","12.920","2.29K","-0.69%"
"26/03/2015","13.010","13.200","13.200","13.010","6.37K","-0.61%"
"25/03/2015","13.090","13.250","13.250","13.090","4.03K","-0.91%"
"24/03/2015","13.210","13.400","13.400","13.210","1.71K","-0.97%"
"23/03/2015","13.340","13.490","13.560","13.340","4.50K","0.23%"
"20/03/2015","13.310","13.490","13.490","13.310","4.36K","-1.33%"
"19/03/2015","13.490","13.440","13.590","13.360","6.33K","0.37%"
"18/03/2015","13.440","13.280","13.480","13.200","2.83K","1.05%"
"17/03/2015","13.300","13.450","13.450","13.300","3.83K","-0.75%"
"16/03/2015","13.400","13.500","13.560","13.400","2.56K","-0.74%"
"13/03/2015","13.500","13.200","13.530","13.200","7.08K","2.97%"
"12/03/2015","13.110","13.100","13.280","13.100","3.49K","0.31%"
"11/03/2015","13.070","13.190","13.200","13.070","1.79K","-1.73%"
"10/03/2015","13.300","13.530","13.530","13.240","3.76K","-1.48%"
"09/03/2015","13.500","13.500","13.600","13.500","1.76K","-0.22%"
"06/03/2015","13.530","13.650","13.740","13.500","9.99K","-0.51%"
"05/03/2015","13.600","13.500","13.750","13.500","13.72K","1.64%"
"04/03/2015","13.380","13.000","13.490","13.000","18.42K","3.40%"
"03/03/2015","12.940","12.610","12.950","12.610","6.64K","2.70%"
"02/03/2015","12.600","12.750","12.790","12.600","5.96K","-0.79%"
"27/02/2015","12.700","12.610","12.790","12.560","5.90K","0.71%"
"26/02/2015","12.610","12.540","12.870","12.540","6.24K","2.02%"
"25/02/2015","12.360","13.000","13.000","12.120","6.59K","-4.63%"
"24/02/2015","12.960","13.120","13.120","12.960","16.82K","-1.29%"
"23/02/2015","13.130","13.350","13.350","13.100","3.03K","-1.28%"
"20/02/2015","13.300","13.270","13.380","13.250","7.81K","0.61%"
"19/02/2015","13.220","13.100","13.300","13.100","7.28K","1.69%"
"18/02/2015","13.000","12.850","13.090","12.850","2.19K","1.17%"
"17/02/2015","12.850","12.860","12.960","12.780","12.01K","0.63%"
"16/02/2015","12.770","12.720","12.850","12.720","9.88K","0.31%"
"13/02/2015","12.730","13.050","13.110","12.650","48.49K","-1.77%"
"12/02/2015","12.960","12.940","13.120","12.860","9.91K","-0.23%"
"11/02/2015","12.990","13.700","13.700","12.890","110.80K","-5.87%"
"10/02/2015","13.800","14.000","14.000","13.760","3.02K","-1.64%"
"09/02/2015","14.030","14.030","14.030","14.020","2.05K","0.00%"
"06/02/2015","14.030","14.150","14.190","14.000","2.50K","-0.85%"
"05/02/2015","14.150","14.260","14.260","14.000","3.77K","-0.63%"
"04/02/2015","14.240","14.210","14.280","14.160","1.65K","-1.11%"
"03/02/2015","14.400","14.430","14.430","14.200","4.66K","-0.14%"
"02/02/2015","14.420","14.200","14.450","14.100","11.16K","3.67%"
"30/01/2015","13.910","14.010","14.110","13.800","5.84K","-0.78%"
"29/01/2015","14.020","14.440","14.440","14.020","7.23K","-1.27%"
"28/01/2015","14.200","13.470","14.450","13.470","13.12K","6.61%"
"27/01/2015","13.320","13.380","13.500","13.300","4.12K","-1.33%"
"26/01/2015","13.500","13.500","13.550","13.400","0.86K","-0.74%"
"23/01/2015","13.600","13.200","13.790","13.200","10.36K","3.03%"
"22/01/2015","13.200","13.170","13.200","13.100","2.40K","0.08%"
"21/01/2015","13.190","13.000","13.190","13.000","3.92K","1.46%"
"20/01/2015","13.000","12.900","13.000","12.320","7.34K","0.46%"
"19/01/2015","12.940","12.990","13.000","12.800","2.83K","0.31%"
"16/01/2015","12.900","13.100","13.100","12.720","6.13K","-2.35%"
"15/01/2015","13.210","13.440","13.460","13.120","4.15K","-1.78%"
"14/01/2015","13.450","13.400","13.470","13.370","6.42K","0.52%"
"13/01/2015","13.380","13.410","13.480","13.310","2.03K","0.53%"
"12/01/2015","13.310","13.830","13.930","13.210","16.59K","-3.76%"
"09/01/2015","13.830","14.000","14.080","13.630","7.23K","0.95%"
"08/01/2015","13.700","13.330","13.870","13.300","19.95K","3.47%"
"07/01/2015","13.240","13.440","13.440","13.140","6.02K","-1.63%"
"05/01/2015","13.460","13.650","13.740","13.460","3.82K","-1.39%"
"02/01/2015","13.650","13.650","13.680","13.200","3.42K","0.00%"
"30/12/2014","13.650","13.500","13.800","13.430","62.19K","1.04%"
"29/12/2014","13.510","13.430","13.620","13.400","6.02K","1.58%"
"23/12/2014","13.300","13.200","13.490","13.140","102.12K","-1.55%"
"22/12/2014","13.510","13.900","13.900","13.150","25.22K","-1.67%"
"19/12/2014","13.740","13.140","13.900","13.140","18.65K","3.31%"
"18/12/2014","13.300","14.270","14.530","13.100","113.98K","-6.60%"
"17/12/2014","14.240","14.950","15.250","14.240","36.97K","-5.88%"
"16/12/2014","15.130","15.450","15.450","15.130","29.42K","-3.32%"
"15/12/2014","15.650","15.600","15.860","15.500","32.94K","0.00%"
"12/12/2014","15.650","15.850","15.850","15.650","44.54K","-1.51%"
"11/12/2014","15.890","15.900","15.900","15.850","0.85K","-0.63%"
"10/12/2014","15.990","15.900","16.180","15.800","21.13K","0.57%"
"09/12/2014","15.900","16.030","16.340","15.900","11.76K","-1.18%"
"08/12/2014","16.090","16.350","16.350","16.090","3.20K","-0.06%"
"05/12/2014","16.100","16.400","16.440","16.090","5.33K","-1.77%"
"04/12/2014","16.390","16.280","16.440","16.280","5.19K","0.55%"
"03/12/2014","16.300","16.590","16.590","16.300","7.03K","-1.03%"
"02/12/2014","16.470","16.590","16.600","16.470","2.36K","-0.18%"
"01/12/2014","16.500","16.420","16.900","16.420","2.14K","0.55%"
"28/11/2014","16.410","16.690","16.690","16.300","10.92K","-0.55%"
"27/11/2014","16.500","16.490","16.940","16.490","15.97K","0.18%"
"26/11/2014","16.470","16.400","16.490","16.350","4.19K","1.29%"
"25/11/2014","16.260","16.400","16.400","16.210","21.75K","0.68%"
"24/11/2014","16.150","16.130","16.540","16.120","26.61K","0.19%"
"21/11/2014","16.120","15.710","16.130","15.710","7.77K","2.48%"
"20/11/2014","15.730","15.910","15.930","15.710","8.86K","-1.26%"
"19/11/2014","15.930","15.970","16.050","15.930","58.50K","-0.75%"
"18/11/2014","16.050","15.960","16.050","15.900","6.59K","0.82%"
"17/11/2014","15.920","16.150","16.200","15.920","2.39K","-1.30%"
"14/11/2014","16.130","16.270","16.290","16.000","6.92K","-0.86%"
"13/11/2014","16.270","16.230","16.720","16.230","1.25K","0.31%"
"12/11/2014","16.220","16.260","16.260","16.220","0.56K","0.12%"
"10/11/2014","16.200","16.380","16.390","16.200","3.49K","0.00%"
"07/11/2014","16.200","16.510","16.790","16.200","7.13K","-2.70%"
"06/11/2014","16.650","16.650","16.750","16.650","4.45K","-0.48%"
"05/11/2014","16.730","16.690","16.750","16.680","2.65K","0.30%"
"04/11/2014","16.680","16.690","16.690","16.440","2.71K","-0.12%"
"03/11/2014","16.700","16.500","16.700","16.500","3.39K","0.97%"
"31/10/2014","16.540","16.550","16.750","16.400","8.40K","0.67%"
"30/10/2014","16.430","16.440","16.440","16.430","2.63K","0.00%"
"29/10/2014","16.430","16.420","16.430","16.420","3.65K","0.12%"
"28/10/2014","16.410","16.210","16.700","16.210","2.59K","1.30%"
"27/10/2014","16.200","16.750","16.750","16.200","0.70K","-3.80%"
"24/10/2014","16.840","16.550","16.850","16.550","0.96K","-0.36%"
"23/10/2014","16.900","16.700","16.900","16.530","1.80K","0.60%"
"22/10/2014","16.800","16.450","16.910","16.450","2.34K","2.13%"
"21/10/2014","16.450","16.180","16.450","16.180","4.43K","1.54%"
"20/10/2014","16.200","16.240","16.240","16.050","1.75K","0.31%"
"17/10/2014","16.150","16.060","16.180","16.060","0.88K","0.56%"
"16/10/2014","16.060","16.090","16.280","16.050","8.07K","-0.12%"
"15/10/2014","16.080","16.110","16.160","16.060","5.35K","0.82%"
"14/10/2014","15.950","16.200","16.300","15.610","12.93K","-0.62%"
"13/10/2014","16.050","16.610","16.610","16.030","29.54K","-4.92%"
"10/10/2014","16.880","16.990","16.990","16.500","3.73K","-1.80%"
"09/10/2014","17.190","16.990","17.190","16.740","8.83K","1.12%"
"08/10/2014","17.000","17.110","17.480","17.000","2.15K","-1.16%"
"07/10/2014","17.200","17.580","17.590","17.200","6.37K","-2.22%"
"06/10/2014","17.590","17.590","17.590","17.500","1.50K","0.00%"
"03/10/2014","17.590","17.280","17.600","17.280","0.96K","0.29%"
"02/10/2014","17.540","17.600","17.600","17.250","3.42K","-1.18%"
"01/10/2014","17.750","17.700","17.800","17.700","0.56K","0.23%"
"30/09/2014","17.710","17.720","17.900","17.710","2.08K","-1.06%"
"29/09/2014","17.900","18.100","18.100","17.900","0.51K","1.70%"
"26/09/2014","17.600","17.850","17.850","17.550","3.56K","-0.85%"
"25/09/2014","17.750","17.850","18.070","17.750","10.27K","1.02%"
"24/09/2014","17.570","17.600","17.880","17.570","7.34K","-0.17%"
"23/09/2014","17.600","17.880","17.880","17.600","13.45K","-1.57%"
"22/09/2014","17.880","18.140","18.140","17.810","3.88K","-1.43%"
"19/09/2014","18.140","18.240","18.240","17.950","1.60K","-0.06%"
"18/09/2014","18.150","18.260","18.370","18.000","7.39K","-1.57%"
"17/09/2014","18.440","18.300","18.440","18.200","6.26K","0.77%"
"16/09/2014","18.300","18.340","18.340","18.040","4.31K","-0.16%"
"15/09/2014","18.330","17.880","18.370","17.820","8.93K","2.69%"
"12/09/2014","17.850","17.900","17.950","17.850","5.57K","-0.28%"
"11/09/2014","17.900","17.890","17.900","17.800","22.84K","0.00%"
"10/09/2014","17.900","17.810","17.990","17.750","5.08K","0.51%"
"09/09/2014","17.810","18.100","18.100","17.810","16.21K","0.06%"
"08/09/2014","17.800","17.100","17.990","17.100","14.72K","3.55%"
"05/09/2014","17.190","17.050","17.240","17.050","6.37K","-0.29%"
"04/09/2014","17.240","16.910","17.240","16.740","2.48K","0.06%"
"03/09/2014","17.230","16.700","17.240","16.700","7.27K","1.71%"
"02/09/2014","16.940","16.900","16.940","16.670","1.60K","0.18%"
"01/09/2014","16.910","16.780","16.980","16.560","3.28K","1.14%"