"Date","Price","Open","High","Low","Vol.","Change %"
"30/09/2025","2.35","2.35","2.35","2.35","0.00K","0.00%"
"29/09/2025","2.35","2.35","2.35","2.33","0.26K","0.86%"
"26/09/2025","2.33","2.35","2.35","2.33","3.88K","-0.85%"
"25/09/2025","2.35","2.39","2.39","2.33","5.06K","0.43%"
"24/09/2025","2.34","2.39","2.40","2.34","3.27K","-0.43%"
"23/09/2025","2.35","2.41","2.41","2.34","2.92K","-2.49%"
"22/09/2025","2.41","2.37","2.44","2.37","20.02K","1.26%"
"19/09/2025","2.38","2.26","2.38","2.25","23.01K","5.78%"
"18/09/2025","2.25","2.26","2.26","2.25","4.50K","0.00%"
"17/09/2025","2.25","2.35","2.35","2.25","2.21K","0.90%"
"16/09/2025","2.23","2.29","2.35","2.21","15.16K","0.00%"
"15/09/2025","2.23","2.31","2.31","2.23","3.01K","-0.45%"
"12/09/2025","2.24","2.25","2.25","2.24","1.13K","-0.44%"
"11/09/2025","2.25","2.32","2.32","2.24","7.10K","0.00%"
"10/09/2025","2.25","2.36","2.36","2.25","12.74K","-3.85%"
"09/09/2025","2.34","2.36","2.36","2.29","5.26K","2.63%"
"08/09/2025","2.28","2.28","2.28","2.28","0.05K","0.44%"
"05/09/2025","2.27","2.36","2.36","2.26","3.86K","-2.16%"
"04/09/2025","2.32","2.30","2.32","2.27","0.84K","0.00%"
"03/09/2025","2.32","2.36","2.36","2.26","4.58K","0.87%"
"02/09/2025","2.30","2.36","2.36","2.30","0.09K","-3.36%"
"01/09/2025","2.38","2.38","2.38","2.38","0.00K","2.15%"
"29/08/2025","2.33","2.33","2.33","2.32","1.53K","0.00%"
"28/08/2025","2.33","2.38","2.38","2.32","3.49K","0.00%"
"27/08/2025","2.33","2.39","2.39","2.33","0.81K","-2.51%"
"26/08/2025","2.39","2.39","2.39","2.39","0.00K","2.58%"
"25/08/2025","2.33","2.39","2.39","2.33","4.29K","-2.10%"
"22/08/2025","2.38","2.38","2.38","2.38","0.00K","0.00%"
"21/08/2025","2.38","2.43","2.43","2.37","9.30K","-2.06%"
"20/08/2025","2.43","2.43","2.43","2.43","0.49K","0.00%"
"19/08/2025","2.43","2.43","2.43","2.43","0.00K","0.00%"
"18/08/2025","2.43","2.43","2.43","2.43","0.84K","1.67%"
"14/08/2025","2.39","2.39","2.39","2.39","0.55K","0.00%"
"13/08/2025","2.39","2.41","2.41","2.39","6.67K","0.00%"
"12/08/2025","2.39","2.44","2.44","2.39","10.64K","-0.42%"
"11/08/2025","2.40","2.38","2.44","2.34","25.14K","0.42%"
"08/08/2025","2.39","2.33","2.40","2.31","17.86K","2.14%"
"07/08/2025","2.34","2.35","2.35","2.34","0.59K","1.74%"
"06/08/2025","2.30","2.35","2.35","2.30","0.36K","-2.13%"
"05/08/2025","2.35","2.31","2.36","2.31","13.65K","3.98%"
"04/08/2025","2.26","2.31","2.31","2.26","2.10K","-2.16%"
"01/08/2025","2.31","2.27","2.35","2.27","8.61K","2.21%"
"31/07/2025","2.26","2.26","2.26","2.26","2.99K","0.44%"
"30/07/2025","2.25","2.26","2.26","2.20","2.45K","-0.44%"
"29/07/2025","2.26","2.26","2.26","2.23","0.16K","0.44%"
"28/07/2025","2.25","2.22","2.27","2.22","0.13K","-0.88%"
"25/07/2025","2.27","2.26","2.27","2.26","0.40K","0.44%"
"24/07/2025","2.26","2.26","2.27","2.26","1.26K","0.00%"
"23/07/2025","2.26","2.26","2.26","2.21","0.20K","0.00%"
"22/07/2025","2.26","2.25","2.27","2.22","12.94K","0.00%"
"21/07/2025","2.26","2.30","2.31","2.20","16.92K","-3.00%"
"18/07/2025","2.33","2.36","2.36","2.33","0.04K","1.30%"
"17/07/2025","2.30","2.37","2.37","2.30","1.90K","1.32%"
"16/07/2025","2.27","2.38","2.38","2.27","13.00K","-4.62%"
"15/07/2025","2.38","2.38","2.38","2.38","1.07K","0.00%"
"14/07/2025","2.38","2.39","2.39","2.36","0.77K","2.59%"
"11/07/2025","2.32","2.40","2.40","2.32","7.31K","-1.28%"
"10/07/2025","2.35","2.40","2.40","2.34","3.15K","0.86%"
"09/07/2025","2.33","2.40","2.40","2.33","5.31K","-2.92%"
"08/07/2025","2.40","2.40","2.40","2.40","0.02K","1.69%"
"07/07/2025","2.36","2.39","2.40","2.36","5.61K","-1.26%"
"04/07/2025","2.39","2.39","2.39","2.39","0.06K","-0.42%"
"03/07/2025","2.40","2.40","2.40","2.37","1.35K","2.13%"
"02/07/2025","2.35","2.40","2.40","2.35","0.01K","-2.08%"
"01/07/2025","2.40","2.27","2.43","2.27","8.55K","-0.83%"
"30/06/2025","2.42","2.45","2.45","2.42","3.59K","-0.41%"
"27/06/2025","2.43","2.49","2.49","2.43","1.93K","-0.82%"
"26/06/2025","2.45","2.45","2.45","2.45","0.01K","-1.61%"
"25/06/2025","2.49","2.49","2.49","2.49","0.01K","1.22%"
"24/06/2025","2.46","2.47","2.49","2.45","6.80K","0.41%"
"23/06/2025","2.45","2.48","2.48","2.45","0.09K","-1.21%"
"20/06/2025","2.48","2.44","2.48","2.44","5.60K","1.22%"
"18/06/2025","2.45","2.31","2.45","2.31","10.99K","6.06%"
"17/06/2025","2.31","2.44","2.44","2.25","54.73K","-3.75%"
"16/06/2025","2.40","2.44","2.44","2.39","7.89K","0.42%"
"13/06/2025","2.39","2.43","2.48","2.39","5.73K","-1.65%"
"12/06/2025","2.43","2.48","2.48","2.40","2.59K","0.00%"
"11/06/2025","2.43","2.48","2.48","2.43","0.36K","-1.62%"
"10/06/2025","2.47","2.42","2.47","2.40","3.95K","2.07%"
"09/06/2025","2.42","2.48","2.49","2.41","4.96K","1.26%"
"06/06/2025","2.39","2.49","2.49","2.39","1.17K","-0.42%"
"05/06/2025","2.40","2.52","2.52","2.39","7.96K","-0.83%"
"04/06/2025","2.42","2.49","2.54","2.42","11.44K","-2.81%"
"03/06/2025","2.49","2.47","2.49","2.47","2.07K","0.81%"
"02/06/2025","2.47","2.49","2.49","2.39","32.58K","-1.59%"
"30/05/2025","2.51","2.53","2.53","2.50","3.87K","2.45%"
"29/05/2025","2.45","2.69","2.69","2.45","42.00K","-8.92%"
"28/05/2025","2.69","2.84","2.84","2.56","23.05K","-2.54%"
"27/05/2025","2.76","2.68","2.89","2.65","25.38K","2.99%"
"26/05/2025","2.68","2.48","2.70","2.48","26.04K","11.67%"
"23/05/2025","2.40","2.39","2.51","2.37","22.59K","0.42%"
"22/05/2025","2.39","2.37","2.39","2.36","3.84K","0.84%"
"21/05/2025","2.37","2.39","2.39","2.32","9.00K","0.00%"
"20/05/2025","2.37","2.43","2.51","2.36","21.41K","-5.20%"
"19/05/2025","2.50","2.48","2.54","2.45","10.63K","1.63%"
"16/05/2025","2.46","2.46","2.49","2.45","2.45K","0.00%"
"15/05/2025","2.46","2.45","2.46","2.45","2.16K","0.41%"
"14/05/2025","2.45","2.49","2.49","2.45","3.28K","-0.41%"
"13/05/2025","2.46","2.49","2.49","2.45","0.29K","-1.20%"
"12/05/2025","2.49","2.49","2.49","2.49","0.01K","0.00%"
"09/05/2025","2.49","2.49","2.49","2.44","0.73K","1.63%"
"08/05/2025","2.45","2.49","2.49","2.44","10.20K","-2.00%"
"07/05/2025","2.50","2.56","2.56","2.49","16.35K","-1.57%"
"06/05/2025","2.54","2.54","2.58","2.54","5.59K","0.40%"
"05/05/2025","2.53","2.56","2.56","2.53","2.14K","-1.17%"
"02/05/2025","2.56","2.55","2.56","2.50","10.77K","0.00%"
"30/04/2025","2.56","2.58","2.58","2.54","3.82K","0.79%"
"29/04/2025","2.54","2.65","2.65","2.54","6.05K","-1.93%"
"28/04/2025","2.59","2.67","2.67","2.59","8.85K","-3.72%"
"25/04/2025","2.69","2.69","2.69","2.56","9.22K","0.37%"
"24/04/2025","2.68","2.69","2.69","2.62","3.76K","1.52%"
"23/04/2025","2.64","2.66","2.68","2.64","2.29K","0.76%"
"22/04/2025","2.62","2.67","2.67","2.62","0.17K","-2.24%"
"17/04/2025","2.68","2.68","2.68","2.58","13.68K","-0.37%"
"16/04/2025","2.69","2.73","2.76","2.69","1.88K","-0.74%"
"15/04/2025","2.71","2.76","2.76","2.71","0.24K","-1.45%"
"14/04/2025","2.75","2.76","2.76","2.71","0.23K","0.36%"
"11/04/2025","2.74","2.70","2.74","2.68","1.60K","-0.36%"
"10/04/2025","2.75","2.65","2.86","2.65","3.39K","5.36%"
"09/04/2025","2.61","2.71","2.71","2.61","0.08K","0.00%"
"08/04/2025","2.61","2.58","2.65","2.58","0.95K","1.16%"
"07/04/2025","2.58","2.61","2.61","2.57","2.39K","-1.15%"
"04/04/2025","2.61","2.72","2.72","2.55","15.65K","-5.09%"
"03/04/2025","2.75","2.85","2.92","2.75","9.14K","-4.18%"
"02/04/2025","2.87","3.02","3.02","2.87","5.99K","-2.71%"
"01/04/2025","2.95","3.02","3.02","2.95","0.83K","-1.99%"
"31/03/2025","3.01","3.07","3.07","2.98","8.33K","0.33%"
"28/03/2025","3.00","3.08","3.08","3.00","10.12K","0.00%"
"27/03/2025","3.00","3.03","3.03","3.00","1.76K","1.01%"
"26/03/2025","2.97","3.07","3.07","2.97","5.74K","-2.30%"
"25/03/2025","3.04","3.10","3.10","3.04","4.38K","-1.30%"
"24/03/2025","3.08","3.07","3.11","3.07","74.73K","2.67%"
"21/03/2025","3.00","3.03","3.07","3.00","6.76K","0.00%"
"20/03/2025","3.00","3.04","3.04","3.00","3.24K","-1.32%"
"19/03/2025","3.04","3.06","3.06","3.03","5.02K","0.00%"
"18/03/2025","3.04","3.07","3.07","3.00","15.30K","0.00%"
"17/03/2025","3.04","3.04","3.08","2.98","22.36K","0.33%"
"14/03/2025","3.03","3.00","3.06","2.98","54.32K","1.34%"
"13/03/2025","2.99","2.97","2.99","2.90","23.37K","0.34%"
"12/03/2025","2.98","2.90","2.98","2.90","1.40K","0.68%"
"11/03/2025","2.96","2.94","2.97","2.89","17.89K","0.34%"
"10/03/2025","2.95","2.97","2.97","2.93","4.34K","-0.67%"
"07/03/2025","2.97","2.97","3.04","2.90","21.30K","0.00%"
"06/03/2025","2.97","2.85","3.00","2.85","15.23K","4.95%"
"05/03/2025","2.83","2.86","2.89","2.83","10.01K","-0.35%"
"04/03/2025","2.84","2.85","2.85","2.83","22.67K","-0.35%"
"03/03/2025","2.85","2.90","2.90","2.85","9.81K","0.00%"
"28/02/2025","2.85","2.94","2.94","2.85","5.81K","0.00%"
"27/02/2025","2.85","2.90","2.94","2.85","2.33K","-1.72%"
"26/02/2025","2.90","2.94","2.94","2.86","0.65K","-1.02%"
"25/02/2025","2.93","2.91","2.93","2.85","1.49K","1.03%"
"24/02/2025","2.90","2.80","2.93","2.78","60.03K","-1.36%"
"21/02/2025","2.94","2.93","2.98","2.90","17.64K","1.38%"
"20/02/2025","2.90","2.90","2.93","2.83","16.24K","1.05%"
"19/02/2025","2.87","2.90","2.90","2.85","1.45K","1.77%"
"18/02/2025","2.82","2.90","2.90","2.82","2.12K","-1.05%"
"17/02/2025","2.85","2.91","2.91","2.85","2.35K","-2.06%"
"14/02/2025","2.91","2.95","2.95","2.86","0.44K","-1.36%"
"13/02/2025","2.95","2.85","2.95","2.85","16.52K","3.51%"
"12/02/2025","2.85","2.78","2.85","2.74","9.57K","4.01%"
"11/02/2025","2.74","2.78","2.78","2.74","0.96K","-1.44%"
"10/02/2025","2.78","2.74","2.78","2.74","0.81K","1.46%"
"07/02/2025","2.74","2.79","2.79","2.70","8.53K","-1.79%"
"06/02/2025","2.79","2.72","2.79","2.72","10.60K","4.10%"
"05/02/2025","2.68","2.71","2.72","2.68","7.85K","-0.74%"
"04/02/2025","2.70","2.67","2.70","2.67","11.27K","0.75%"
"03/02/2025","2.68","2.70","2.70","2.62","5.19K","-0.74%"
"31/01/2025","2.70","2.73","2.73","2.64","4.78K","0.00%"
"30/01/2025","2.70","2.65","2.76","2.65","4.23K","1.89%"
"29/01/2025","2.65","2.58","2.65","2.55","11.58K","3.11%"
"28/01/2025","2.57","2.57","2.57","2.57","1.00K","-1.15%"
"27/01/2025","2.60","2.61","2.61","2.47","12.03K","-0.38%"
"24/01/2025","2.61","2.64","2.64","2.53","7.98K","2.35%"
"23/01/2025","2.55","2.60","2.63","2.53","5.33K","-0.39%"
"22/01/2025","2.56","2.56","2.56","2.56","0.51K","0.00%"
"21/01/2025","2.56","2.61","2.61","2.56","1.57K","0.00%"
"20/01/2025","2.56","2.67","2.67","2.56","7.41K","-4.12%"
"17/01/2025","2.67","2.43","2.67","2.43","27.35K","10.33%"
"16/01/2025","2.42","2.42","2.42","2.38","0.32K","0.00%"
"15/01/2025","2.42","2.44","2.44","2.39","1.31K","-0.82%"
"14/01/2025","2.44","2.38","2.46","2.35","17.63K","4.72%"
"13/01/2025","2.33","2.25","2.33","2.25","9.23K","4.48%"
"10/01/2025","2.23","2.25","2.26","2.22","4.63K","-0.45%"
"09/01/2025","2.24","2.24","2.27","2.20","6.02K","0.00%"
"08/01/2025","2.24","2.29","2.29","2.24","6.71K","-1.32%"
"07/01/2025","2.27","2.29","2.29","2.27","3.10K","-1.30%"
"03/01/2025","2.30","2.33","2.35","2.27","8.09K","-1.29%"
"02/01/2025","2.33","2.33","2.34","2.24","15.87K","4.02%"
"30/12/2024","2.24","2.15","2.27","2.12","19.65K","4.67%"
"27/12/2024","2.14","2.09","2.14","2.09","3.03K","2.39%"
"23/12/2024","2.09","2.14","2.16","2.08","16.76K","-2.34%"
"20/12/2024","2.14","2.12","2.19","2.06","30.24K","0.94%"
"19/12/2024","2.12","2.15","2.15","2.06","10.62K","2.42%"
"18/12/2024","2.07","2.25","2.25","2.07","68.37K","-8.00%"
"17/12/2024","2.25","2.27","2.27","2.22","4.16K","-0.88%"
"16/12/2024","2.27","2.25","2.28","2.25","8.40K","0.89%"
"13/12/2024","2.25","2.35","2.35","2.22","18.80K","-4.26%"
"12/12/2024","2.35","2.34","2.35","2.28","5.31K","1.73%"
"11/12/2024","2.31","2.37","2.37","2.31","5.56K","-2.53%"
"10/12/2024","2.37","2.29","2.39","2.29","16.70K","2.16%"
"09/12/2024","2.32","2.39","2.39","2.27","8.42K","-3.33%"
"06/12/2024","2.40","2.40","2.40","2.34","0.66K","0.00%"
"05/12/2024","2.40","2.40","2.40","2.40","0.56K","-0.41%"
"04/12/2024","2.41","2.39","2.41","2.32","7.46K","2.12%"
"03/12/2024","2.36","2.40","2.40","2.36","2.41K","-0.42%"
"02/12/2024","2.37","2.37","2.39","2.34","10.14K","1.28%"
"29/11/2024","2.34","2.38","2.39","2.34","3.79K","-0.43%"
"28/11/2024","2.35","2.36","2.36","2.34","5.05K","-0.42%"
"27/11/2024","2.36","2.35","2.36","2.34","0.36K","0.43%"
"26/11/2024","2.35","2.39","2.39","2.35","9.27K","-1.67%"
"25/11/2024","2.39","2.41","2.41","2.39","6.57K","-0.42%"
"22/11/2024","2.40","2.43","2.43","2.40","2.45K","-1.23%"
"21/11/2024","2.43","2.43","2.43","2.41","2.68K","0.00%"
"20/11/2024","2.43","2.44","2.44","2.43","0.54K","-0.41%"
"19/11/2024","2.44","2.47","2.48","2.41","18.82K","-0.41%"
"18/11/2024","2.45","2.54","2.54","2.45","5.93K","-3.54%"
"15/11/2024","2.54","2.54","2.54","2.50","13.10K","1.20%"
"14/11/2024","2.51","2.59","2.59","2.50","1.97K","-1.18%"
"13/11/2024","2.54","2.53","2.54","2.51","4.27K","0.40%"
"12/11/2024","2.53","2.59","2.59","2.51","11.60K","-1.17%"
"08/11/2024","2.56","2.56","2.56","2.55","2.76K","-1.16%"
"07/11/2024","2.59","2.59","2.59","2.59","0.02K","0.39%"
"06/11/2024","2.58","2.58","2.58","2.55","1.35K","1.18%"
"05/11/2024","2.55","2.59","2.59","2.55","1.94K","-1.54%"
"04/11/2024","2.59","2.60","2.60","2.59","0.08K","-0.38%"
"31/10/2024","2.60","2.58","2.60","2.55","0.74K","1.56%"
"30/10/2024","2.56","2.60","2.60","2.56","1.94K","-1.54%"
"29/10/2024","2.60","2.60","2.60","2.56","2.30K","0.00%"
"28/10/2024","2.60","2.60","2.60","2.53","0.63K","0.00%"
"25/10/2024","2.60","2.60","2.60","2.46","18.43K","-2.99%"
"24/10/2024","2.68","2.69","2.69","2.68","0.49K","-0.37%"
"23/10/2024","2.69","2.69","2.69","2.69","0.02K","1.89%"
"22/10/2024","2.64","2.69","2.69","2.64","0.02K","0.00%"
"21/10/2024","2.64","2.69","2.69","2.64","0.55K","0.00%"
"18/10/2024","2.64","2.63","2.64","2.63","0.59K","0.38%"
"17/10/2024","2.63","2.69","2.69","2.63","9.08K","-2.23%"
"16/10/2024","2.69","2.74","2.74","2.69","0.38K","-1.10%"
"15/10/2024","2.72","2.74","2.74","2.65","2.95K","0.00%"
"14/10/2024","2.72","2.71","2.72","2.71","0.96K","0.37%"
"11/10/2024","2.71","2.74","2.74","2.66","1.03K","-1.09%"
"10/10/2024","2.74","2.72","2.74","2.71","0.39K","1.11%"
"09/10/2024","2.71","2.75","2.75","2.65","1.20K","0.37%"
"08/10/2024","2.70","2.70","2.70","2.68","8.84K","-2.53%"
"07/10/2024","2.77","2.72","2.77","2.72","2.29K","0.00%"
"04/10/2024","2.77","2.85","2.85","2.71","20.12K","-1.07%"
"03/10/2024","2.80","2.85","2.85","2.80","0.07K","-1.75%"
"02/10/2024","2.85","2.87","2.87","2.79","3.01K","0.00%"
"01/10/2024","2.85","2.87","2.87","2.84","0.87K","-0.70%"
"30/09/2024","2.87","2.87","2.87","2.87","0.14K","1.06%"
"27/09/2024","2.84","2.84","2.84","2.83","3.40K","0.35%"
"26/09/2024","2.83","2.84","2.84","2.80","2.48K","0.00%"
"25/09/2024","2.83","2.86","2.86","2.83","0.46K","-1.05%"
"24/09/2024","2.86","2.86","2.86","2.86","0.02K","0.00%"
"23/09/2024","2.86","2.88","2.88","2.80","0.94K","-0.35%"
"20/09/2024","2.87","2.88","2.88","2.82","0.31K","0.70%"
"19/09/2024","2.85","2.89","2.89","2.84","2.41K","0.00%"
"18/09/2024","2.85","2.89","2.89","2.85","0.66K","-1.38%"
"17/09/2024","2.89","2.89","2.89","2.89","0.01K","1.40%"
"16/09/2024","2.85","2.86","2.89","2.85","1.11K","-0.35%"
"13/09/2024","2.86","2.88","2.88","2.83","1.41K","-0.35%"
"12/09/2024","2.87","2.88","2.88","2.87","0.50K","0.00%"
"11/09/2024","2.87","2.87","2.87","2.87","0.50K","0.00%"
"10/09/2024","2.87","2.87","2.87","2.87","0.00K","0.00%"
"09/09/2024","2.87","2.87","2.87","2.87","0.16K","0.00%"
"06/09/2024","2.87","2.87","2.87","2.87","0.02K","0.00%"
"05/09/2024","2.87","2.87","2.87","2.87","0.81K","0.00%"
"04/09/2024","2.87","2.87","2.87","2.82","1.16K","1.77%"
"03/09/2024","2.82","2.89","2.89","2.82","0.72K","-1.05%"
"02/09/2024","2.85","2.87","2.88","2.85","0.73K","-0.70%"
"30/08/2024","2.87","2.82","2.87","2.82","3.20K","0.70%"
"29/08/2024","2.85","2.82","2.85","2.82","2.33K","-0.70%"
"28/08/2024","2.87","2.93","2.93","2.83","5.39K","-2.05%"
"27/08/2024","2.93","2.93","2.93","2.93","0.00K","0.00%"
"26/08/2024","2.93","2.93","2.93","2.93","0.00K","0.00%"
"23/08/2024","2.93","2.93","2.93","2.93","0.01K","0.00%"
"22/08/2024","2.93","2.91","2.93","2.91","3.23K","0.69%"
"21/08/2024","2.91","2.91","2.91","2.91","0.00K","0.00%"
"20/08/2024","2.91","2.93","2.93","2.91","0.02K","-0.34%"
"19/08/2024","2.92","2.89","2.92","2.83","6.95K","2.46%"
"16/08/2024","2.85","2.89","2.89","2.83","0.90K","-1.38%"
"14/08/2024","2.89","2.89","2.89","2.89","0.00K","0.00%"
"13/08/2024","2.89","2.89","2.89","2.89","0.00K","0.00%"
"12/08/2024","2.89","2.89","2.89","2.88","0.13K","0.00%"
"09/08/2024","2.89","2.89","2.89","2.89","0.00K","0.00%"
"08/08/2024","2.89","2.89","2.89","2.89","0.01K","0.00%"
"07/08/2024","2.89","2.89","2.89","2.81","5.55K","2.48%"
"06/08/2024","2.82","2.93","2.93","2.81","6.20K","-1.74%"
"05/08/2024","2.87","2.86","2.87","2.80","7.57K","-2.71%"
"02/08/2024","2.95","3.04","3.04","2.81","15.13K","-2.96%"
"01/08/2024","3.04","3.00","3.04","2.95","4.54K","1.67%"
"31/07/2024","2.99","3.00","3.00","2.99","3.67K","-1.97%"
"30/07/2024","3.05","3.05","3.05","3.05","0.10K","0.00%"
"29/07/2024","3.05","3.05","3.05","3.05","1.35K","0.33%"
"26/07/2024","3.04","3.05","3.05","2.99","0.63K","0.00%"
"25/07/2024","3.04","3.05","3.05","3.00","2.61K","-0.33%"
"24/07/2024","3.05","3.05","3.05","3.05","0.00K","0.00%"
"23/07/2024","3.05","3.05","3.05","3.00","2.34K","1.33%"
"22/07/2024","3.01","3.05","3.05","3.00","4.59K","-1.31%"
"19/07/2024","3.05","3.08","3.08","3.02","1.38K","-0.97%"
"18/07/2024","3.08","3.02","3.08","3.02","0.76K","1.99%"
"17/07/2024","3.02","3.05","3.05","3.02","1.44K","-0.66%"
"16/07/2024","3.04","3.05","3.05","3.04","6.16K","-0.33%"
"15/07/2024","3.05","3.10","3.10","3.05","2.94K","-0.33%"
"12/07/2024","3.06","3.10","3.10","3.06","7.75K","-0.97%"
"11/07/2024","3.09","3.14","3.14","3.09","0.17K","-1.90%"
"10/07/2024","3.15","3.13","3.15","3.13","4.40K","0.64%"
"09/07/2024","3.13","3.17","3.17","3.10","10.43K","-0.95%"
"08/07/2024","3.16","3.12","3.16","3.12","1.05K","-0.32%"
"05/07/2024","3.17","3.19","3.19","3.11","0.79K","-0.63%"
"04/07/2024","3.19","3.18","3.19","3.11","0.70K","0.31%"
"03/07/2024","3.18","3.10","3.18","3.10","9.70K","2.58%"
"02/07/2024","3.10","3.03","3.12","3.03","9.65K","-0.96%"
"01/07/2024","3.13","3.10","3.13","3.08","1.59K","0.00%"
"28/06/2024","3.13","3.10","3.13","3.10","0.02K","0.00%"
"27/06/2024","3.13","3.18","3.18","3.08","3.14K","-1.57%"
"26/06/2024","3.18","3.18","3.18","3.09","2.48K","0.00%"
"25/06/2024","3.18","3.19","3.19","3.13","0.59K","-0.31%"
"24/06/2024","3.19","3.19","3.19","3.14","0.42K","0.00%"
"21/06/2024","3.19","3.17","3.19","3.14","10.17K","0.95%"
"20/06/2024","3.16","3.16","3.16","3.16","0.58K","-0.32%"
"19/06/2024","3.17","3.14","3.17","3.14","4.26K","0.00%"
"18/06/2024","3.17","3.19","3.19","3.09","6.77K","-0.94%"
"17/06/2024","3.20","3.20","3.20","3.20","0.01K","0.00%"
"14/06/2024","3.20","3.20","3.20","3.12","6.83K","0.00%"
"13/06/2024","3.20","3.10","3.20","3.10","5.05K","1.27%"
"12/06/2024","3.16","3.11","3.16","3.09","7.47K","0.32%"
"11/06/2024","3.15","3.25","3.25","3.14","5.62K","-2.78%"
"10/06/2024","3.24","3.16","3.26","3.16","6.66K","1.25%"
"07/06/2024","3.20","3.16","3.20","3.14","1.25K","0.63%"
"06/06/2024","3.18","3.19","3.20","3.18","1.13K","-0.62%"
"05/06/2024","3.20","3.18","3.20","3.18","2.01K","0.31%"
"04/06/2024","3.19","3.16","3.19","3.11","3.15K","0.95%"
"03/06/2024","3.16","3.18","3.18","3.11","1.45K","-0.63%"
"31/05/2024","3.18","3.13","3.18","3.06","11.30K","0.95%"
"29/05/2024","3.15","3.24","3.25","3.15","10.88K","-4.55%"
"28/05/2024","3.30","3.30","3.30","3.30","0.00K","0.00%"
"27/05/2024","3.30","3.30","3.30","3.24","3.81K","0.00%"
"24/05/2024","3.30","3.31","3.31","3.24","12.39K","-0.30%"
"23/05/2024","3.31","3.30","3.31","3.22","13.25K","0.00%"
"22/05/2024","3.31","3.20","3.34","3.19","34.69K","3.44%"
"21/05/2024","3.20","3.19","3.20","3.19","10.66K","-0.31%"
"20/05/2024","3.21","3.16","3.21","3.15","7.38K","0.94%"
"17/05/2024","3.18","3.19","3.19","3.12","13.17K","0.00%"
"16/05/2024","3.18","3.16","3.18","3.13","7.65K","0.63%"
"15/05/2024","3.16","3.15","3.16","3.13","1.17K","0.32%"
"14/05/2024","3.15","3.09","3.15","3.07","11.19K","1.94%"
"13/05/2024","3.09","3.10","3.10","3.06","1.30K","-0.32%"
"10/05/2024","3.10","3.12","3.12","3.07","3.36K","-0.64%"
"09/05/2024","3.12","3.07","3.12","3.07","1.03K","1.63%"
"08/05/2024","3.07","3.12","3.12","3.04","22.42K","-4.06%"
"07/05/2024","3.20","3.20","3.21","3.16","9.19K","0.00%"
"06/05/2024","3.20","3.20","3.20","3.18","1.76K","0.00%"
"02/05/2024","3.20","3.21","3.21","3.20","0.24K","-0.31%"
"30/04/2024","3.21","3.21","3.21","3.17","7.23K","0.00%"
"29/04/2024","3.21","3.21","3.21","3.17","1.21K","0.00%"
"26/04/2024","3.21","3.19","3.21","3.18","4.92K","0.94%"
"25/04/2024","3.18","3.21","3.21","3.17","2.39K","-0.31%"
"24/04/2024","3.19","3.15","3.19","3.15","8.45K","1.27%"
"23/04/2024","3.15","3.15","3.15","3.10","0.24K","0.00%"
"22/04/2024","3.15","3.08","3.15","3.07","5.17K","1.94%"
"19/04/2024","3.09","3.09","3.09","3.07","11.59K","-0.96%"
"18/04/2024","3.12","3.13","3.14","3.10","2.39K","-0.64%"
"17/04/2024","3.14","3.12","3.14","3.10","1.91K","1.29%"
"16/04/2024","3.10","3.08","3.15","3.00","49.26K","4.03%"
"15/04/2024","2.98","2.95","2.98","2.95","4.88K","1.02%"
"12/04/2024","2.95","2.98","2.98","2.94","1.01K","-1.01%"
"11/04/2024","2.98","2.98","2.99","2.90","4.77K","0.00%"
"10/04/2024","2.98","2.99","2.99","2.91","7.71K","-0.67%"
"09/04/2024","3.00","3.04","3.04","2.98","2.57K","-1.32%"
"08/04/2024","3.04","3.06","3.06","2.99","4.85K","-0.65%"
"05/04/2024","3.06","3.04","3.06","3.02","7.30K","0.66%"
"04/04/2024","3.04","2.99","3.04","2.95","8.21K","1.67%"
"03/04/2024","2.99","3.01","3.01","2.92","5.71K","-0.66%"
"02/04/2024","3.01","2.99","3.04","2.91","21.18K","0.67%"
"28/03/2024","2.99","3.00","3.00","2.95","0.90K","-0.33%"
"27/03/2024","3.00","3.04","3.04","2.94","15.51K","-1.32%"
"26/03/2024","3.04","3.03","3.04","2.99","8.49K","1.67%"
"25/03/2024","2.99","3.06","3.06","2.92","6.42K","-1.97%"
"22/03/2024","3.05","3.09","3.09","2.90","23.40K","-1.29%"
"21/03/2024","3.09","3.13","3.13","2.98","10.63K","-0.32%"
"20/03/2024","3.10","3.10","3.10","3.08","1.02K","0.65%"
"19/03/2024","3.08","3.15","3.15","3.08","0.84K","0.33%"
"18/03/2024","3.07","3.13","3.15","3.07","2.61K","-2.54%"
"15/03/2024","3.15","3.15","3.15","3.15","0.15K","0.00%"
"14/03/2024","3.15","3.08","3.15","3.08","0.30K","2.61%"
"13/03/2024","3.07","3.15","3.15","3.06","3.65K","0.33%"
"12/03/2024","3.06","3.09","3.10","3.06","1.80K","0.33%"
"11/03/2024","3.05","3.20","3.20","3.05","6.83K","-4.39%"
"08/03/2024","3.19","3.18","3.19","3.18","1.82K","0.31%"
"07/03/2024","3.18","3.15","3.19","3.15","1.03K","0.95%"
"06/03/2024","3.15","3.20","3.20","3.15","1.60K","-1.56%"
"05/03/2024","3.20","3.22","3.22","3.18","4.16K","-0.62%"
"04/03/2024","3.22","3.20","3.27","3.20","46.24K","3.87%"
"01/03/2024","3.10","3.00","3.10","3.00","15.99K","4.03%"
"29/02/2024","2.98","2.96","3.03","2.95","22.86K","0.00%"
"28/02/2024","2.98","3.02","3.02","2.98","1.03K","-1.32%"
"27/02/2024","3.02","3.02","3.02","3.02","0.02K","2.03%"
"26/02/2024","2.96","3.02","3.02","2.96","0.79K","-1.99%"
"23/02/2024","3.02","3.02","3.02","3.02","0.68K","0.00%"
"22/02/2024","3.02","3.02","3.02","2.98","2.80K","2.03%"
"21/02/2024","2.96","3.02","3.02","2.96","0.45K","0.00%"
"20/02/2024","2.96","3.02","3.02","2.96","2.21K","-1.99%"
"19/02/2024","3.02","3.05","3.05","2.98","1.04K","1.34%"
"16/02/2024","2.98","3.05","3.05","2.98","0.52K","-1.97%"
"15/02/2024","3.04","3.07","3.07","3.04","0.57K","0.00%"
"14/02/2024","3.04","3.08","3.08","2.95","6.66K","-1.30%"
"13/02/2024","3.08","3.15","3.15","3.07","3.67K","-2.22%"
"12/02/2024","3.15","3.07","3.15","3.07","3.25K","2.61%"
"09/02/2024","3.07","3.07","3.08","3.01","12.81K","0.00%"
"08/02/2024","3.07","3.07","3.07","3.07","0.13K","0.00%"
"07/02/2024","3.07","3.07","3.07","3.07","0.01K","0.33%"
"06/02/2024","3.06","3.07","3.07","3.06","0.75K","-0.65%"
"05/02/2024","3.08","3.09","3.11","3.04","3.75K","1.99%"
"02/02/2024","3.02","3.11","3.11","3.02","3.79K","-1.95%"
"01/02/2024","3.08","3.08","3.10","3.06","4.26K","1.65%"
"31/01/2024","3.03","3.07","3.07","3.03","0.54K","-1.62%"
"30/01/2024","3.08","3.08","3.08","3.08","0.14K","1.32%"
"29/01/2024","3.04","3.04","3.10","3.04","0.97K","-0.33%"
"26/01/2024","3.05","3.05","3.05","3.05","2.02K","0.99%"
"25/01/2024","3.02","3.05","3.05","3.02","1.37K","-0.98%"
"24/01/2024","3.05","3.05","3.05","3.01","1.28K","0.00%"
"23/01/2024","3.05","3.04","3.05","3.03","5.68K","0.33%"
"22/01/2024","3.04","3.17","3.17","3.04","10.64K","-4.10%"
"19/01/2024","3.17","2.99","3.48","2.95","56.07K","7.46%"
"18/01/2024","2.95","2.95","2.95","2.95","0.01K","0.34%"
"17/01/2024","2.94","2.95","3.01","2.94","16.63K","-0.34%"
"16/01/2024","2.95","2.96","2.96","2.94","0.40K","0.34%"
"15/01/2024","2.94","2.96","2.96","2.94","5.95K","-0.68%"
"12/01/2024","2.96","2.96","2.96","2.96","0.18K","0.68%"
"11/01/2024","2.94","2.97","2.98","2.93","4.63K","-1.01%"
"10/01/2024","2.97","2.91","2.97","2.91","6.86K","2.06%"
"09/01/2024","2.91","2.91","2.91","2.89","1.46K","2.11%"
"08/01/2024","2.85","2.91","2.91","2.85","1.00K","-0.35%"
"05/01/2024","2.86","2.91","2.94","2.86","2.72K","-1.72%"
"04/01/2024","2.91","2.89","2.91","2.84","2.28K","0.69%"
"03/01/2024","2.89","2.91","2.91","2.84","5.36K","-0.34%"
"02/01/2024","2.90","2.86","2.90","2.86","4.60K","1.40%"
"29/12/2023","2.86","2.86","2.86","2.86","0.05K","2.14%"
"28/12/2023","2.80","2.80","2.86","2.80","13.12K","-0.71%"
"27/12/2023","2.82","2.82","2.84","2.78","46.89K","-0.70%"
"22/12/2023","2.84","2.89","2.89","2.83","5.98K","-1.39%"
"21/12/2023","2.88","2.85","2.88","2.80","17.79K","0.70%"
"20/12/2023","2.86","2.95","2.95","2.86","12.75K","-2.39%"
"19/12/2023","2.93","2.95","2.95","2.92","3.86K","0.34%"
"18/12/2023","2.92","2.98","2.98","2.92","7.78K","-1.68%"
"15/12/2023","2.97","2.99","3.00","2.97","3.82K","-0.67%"
"14/12/2023","2.99","2.99","2.99","2.95","4.91K","1.36%"
"13/12/2023","2.95","3.01","3.01","2.95","2.51K","-1.67%"
"12/12/2023","3.00","2.99","3.00","2.98","3.37K","0.33%"
"11/12/2023","2.99","3.02","3.02","2.99","0.94K","-0.99%"
"08/12/2023","3.02","3.02","3.02","3.01","0.39K","0.67%"
"07/12/2023","3.00","3.03","3.03","3.00","0.86K","0.33%"
"06/12/2023","2.99","3.02","3.02","2.99","0.40K","-0.33%"
"05/12/2023","3.00","3.00","3.02","2.96","3.58K","0.00%"
"04/12/2023","3.00","2.96","3.03","2.96","5.30K","1.35%"
"01/12/2023","2.96","2.99","2.99","2.95","6.30K","0.00%"
"30/11/2023","2.96","2.99","2.99","2.96","1.39K","0.34%"
"29/11/2023","2.95","3.00","3.00","2.95","1.59K","-1.67%"
"28/11/2023","3.00","2.98","3.00","2.95","4.94K","2.04%"
"27/11/2023","2.94","2.94","2.98","2.94","2.18K","-1.34%"
"24/11/2023","2.98","2.99","2.99","2.94","3.35K","1.36%"
"23/11/2023","2.94","3.00","3.00","2.94","0.96K","-2.00%"
"22/11/2023","3.00","3.00","3.00","2.99","0.30K","0.00%"
"21/11/2023","3.00","2.97","3.00","2.94","9.90K","1.69%"
"20/11/2023","2.95","2.93","2.95","2.93","8.76K","0.68%"
"17/11/2023","2.93","2.95","2.95","2.93","1.83K","0.00%"
"16/11/2023","2.93","2.95","2.95","2.93","1.31K","-1.01%"
"15/11/2023","2.96","2.97","2.98","2.93","2.64K","-0.34%"
"14/11/2023","2.97","2.92","2.97","2.92","1.74K","1.02%"
"13/11/2023","2.94","2.97","2.98","2.94","1.23K","-1.01%"
"10/11/2023","2.97","2.99","2.99","2.94","1.22K","-0.67%"
"09/11/2023","2.99","2.98","2.99","2.97","2.39K","-0.33%"
"08/11/2023","3.00","2.98","3.00","2.98","2.48K","0.67%"
"07/11/2023","2.98","2.95","3.00","2.95","2.38K","1.02%"
"06/11/2023","2.95","2.95","2.95","2.92","1.79K","0.00%"
"03/11/2023","2.95","2.96","2.96","2.95","0.17K","-0.34%"
"02/11/2023","2.96","2.98","2.98","2.96","0.15K","-0.67%"
"31/10/2023","2.98","3.06","3.06","2.90","7.80K","-2.61%"
"30/10/2023","3.06","3.07","3.07","3.00","3.62K","0.33%"
"27/10/2023","3.05","3.07","3.08","3.05","8.37K","1.67%"
"26/10/2023","3.00","2.96","3.04","2.96","3.52K","1.35%"
"25/10/2023","2.96","2.94","2.98","2.91","8.02K","0.68%"
"24/10/2023","2.94","2.94","2.94","2.90","15.76K","0.68%"
"23/10/2023","2.92","2.94","2.94","2.90","7.10K","-0.34%"
"20/10/2023","2.93","2.94","2.94","2.90","3.78K","1.03%"
"19/10/2023","2.90","2.93","2.93","2.90","2.21K","-1.02%"
"18/10/2023","2.93","2.92","2.93","2.90","4.68K","1.03%"
"17/10/2023","2.90","2.91","2.91","2.90","5.00K","-0.34%"
"16/10/2023","2.91","2.92","2.92","2.85","1.61K","-0.34%"
"13/10/2023","2.92","2.86","2.92","2.84","6.42K","2.10%"
"12/10/2023","2.86","2.87","2.87","2.83","1.00K","-0.35%"
"11/10/2023","2.87","2.87","2.88","2.83","2.37K","0.00%"
"10/10/2023","2.87","2.86","2.87","2.77","2.68K","0.35%"
"09/10/2023","2.86","2.90","2.90","2.78","0.83K","3.25%"
"06/10/2023","2.77","2.90","2.90","2.77","7.60K","-1.07%"
"05/10/2023","2.80","2.93","2.93","2.77","5.88K","-5.08%"
"04/10/2023","2.95","2.95","2.95","2.76","4.44K","4.24%"
"03/10/2023","2.83","2.91","2.91","2.75","22.11K","-2.75%"
"02/10/2023","2.91","3.16","3.16","2.89","13.28K","-6.13%"
"29/09/2023","3.10","3.14","3.14","3.07","0.99K","1.31%"
"28/09/2023","3.06","3.16","3.16","3.06","7.62K","-3.16%"
"27/09/2023","3.16","3.16","3.16","3.16","0.01K","0.00%"
"26/09/2023","3.16","3.16","3.16","3.16","0.13K","2.27%"
"25/09/2023","3.09","3.17","3.17","3.09","4.19K","-1.90%"
"22/09/2023","3.15","3.15","3.18","3.12","6.23K","-0.63%"
"21/09/2023","3.17","3.11","3.18","3.11","1.56K","0.00%"
"20/09/2023","3.17","3.20","3.20","3.10","12.87K","-1.55%"
"19/09/2023","3.22","3.25","3.25","3.18","6.11K","0.31%"
"18/09/2023","3.21","3.28","3.28","3.21","0.61K","-0.31%"
"15/09/2023","3.22","3.28","3.28","3.22","0.41K","-1.23%"
"14/09/2023","3.26","3.26","3.26","3.26","0.80K","-1.81%"
"13/09/2023","3.32","3.22","3.32","3.21","1.66K","2.15%"
"12/09/2023","3.25","3.24","3.25","3.24","2.09K","0.31%"
"11/09/2023","3.24","3.24","3.24","3.24","0.52K","0.00%"
"08/09/2023","3.24","3.24","3.24","3.24","0.03K","0.00%"
"07/09/2023","3.24","3.24","3.24","3.24","0.30K","0.93%"
"06/09/2023","3.21","3.25","3.25","3.20","2.12K","-1.23%"
"05/09/2023","3.25","3.19","3.25","3.19","1.31K","1.56%"
"04/09/2023","3.20","3.24","3.24","3.16","2.38K","0.00%"
"01/09/2023","3.20","3.29","3.31","3.20","13.63K","-2.74%"
"31/08/2023","3.29","3.25","3.29","3.25","3.70K","0.00%"
"30/08/2023","3.29","3.31","3.31","3.24","1.40K","0.92%"
"29/08/2023","3.26","3.33","3.33","3.25","2.55K","-0.91%"
"28/08/2023","3.29","3.39","3.39","3.25","14.49K","-1.20%"
"25/08/2023","3.33","3.39","3.39","3.32","7.15K","-3.20%"
"24/08/2023","3.44","3.44","3.44","3.39","0.06K","0.58%"
"23/08/2023","3.42","3.42","3.42","3.41","1.00K","0.88%"
"22/08/2023","3.39","3.43","3.43","3.39","4.12K","0.00%"
"21/08/2023","3.39","3.44","3.44","3.39","3.69K","-1.45%"
"18/08/2023","3.44","3.47","3.47","3.35","15.74K","-4.18%"
"17/08/2023","3.59","3.60","3.64","3.54","34.45K","-1.37%"
"16/08/2023","3.64","3.65","3.70","3.53","32.28K","0.28%"
"14/08/2023","3.63","3.65","3.65","3.63","15.92K","0.83%"
"11/08/2023","3.60","3.59","3.60","3.56","7.54K","0.84%"
"10/08/2023","3.57","3.60","3.60","3.56","2.82K","0.28%"
"09/08/2023","3.56","3.58","3.60","3.56","2.35K","0.00%"
"08/08/2023","3.56","3.60","3.60","3.56","2.56K","-0.56%"
"07/08/2023","3.58","3.64","3.64","3.58","5.37K","-0.83%"
"04/08/2023","3.61","3.59","3.61","3.59","9.52K","1.69%"
"03/08/2023","3.55","3.59","3.59","3.55","5.00K","-0.56%"
"02/08/2023","3.57","3.64","3.64","3.57","2.34K","-1.92%"
"01/08/2023","3.64","3.56","3.64","3.56","12.24K","2.25%"
"31/07/2023","3.56","3.51","3.56","3.51","7.28K","1.42%"
"28/07/2023","3.51","3.50","3.53","3.47","4.34K","-0.57%"
"27/07/2023","3.53","3.50","3.53","3.43","9.32K","0.86%"
"26/07/2023","3.50","3.52","3.53","3.49","2.86K","-0.57%"
"25/07/2023","3.52","3.51","3.53","3.47","5.70K","0.28%"
"24/07/2023","3.51","3.51","3.51","3.50","1.82K","2.63%"
"21/07/2023","3.42","3.53","3.53","3.42","10.99K","-2.29%"
"20/07/2023","3.50","3.45","3.53","3.45","25.27K","2.34%"
"19/07/2023","3.42","3.38","3.43","3.38","11.31K","1.18%"
"18/07/2023","3.38","3.39","3.40","3.34","11.35K","0.00%"
"17/07/2023","3.38","3.34","3.38","3.34","4.98K","0.90%"
"14/07/2023","3.35","3.35","3.35","3.33","7.86K","0.00%"
"13/07/2023","3.35","3.35","3.35","3.35","4.09K","0.00%"
"12/07/2023","3.35","3.34","3.35","3.34","5.31K","0.00%"
"11/07/2023","3.35","3.35","3.37","3.35","2.60K","-0.59%"
"10/07/2023","3.37","3.36","3.37","3.33","1.60K","0.00%"
"07/07/2023","3.37","3.33","3.38","3.33","3.06K","0.60%"
"06/07/2023","3.35","3.37","3.37","3.29","4.62K","-0.89%"
"05/07/2023","3.38","3.38","3.38","3.32","9.25K","-0.29%"
"04/07/2023","3.39","3.42","3.46","3.37","25.91K","-0.88%"
"03/07/2023","3.42","3.46","3.46","3.41","1.55K","-1.16%"
"30/06/2023","3.46","3.46","3.46","3.45","1.26K","-0.29%"
"29/06/2023","3.47","3.43","3.47","3.40","1.31K","0.29%"
"28/06/2023","3.46","3.46","3.46","3.46","0.00K","1.76%"
"27/06/2023","3.40","3.42","3.42","3.40","1.55K","-0.58%"
"26/06/2023","3.42","3.45","3.48","3.42","8.35K","-0.29%"
"23/06/2023","3.43","3.42","3.43","3.37","2.61K","0.00%"
"22/06/2023","3.43","3.45","3.45","3.43","0.02K","-0.58%"
"21/06/2023","3.45","3.37","3.48","3.37","13.96K","2.68%"
"20/06/2023","3.36","3.28","3.36","3.28","7.66K","1.20%"
"19/06/2023","3.32","3.33","3.33","3.32","0.12K","1.22%"
"16/06/2023","3.28","3.31","3.32","3.28","1.68K","-0.91%"
"15/06/2023","3.31","3.32","3.32","3.30","1.48K","-0.30%"
"14/06/2023","3.32","3.33","3.33","3.29","0.88K","-0.60%"
"13/06/2023","3.34","3.34","3.34","3.34","0.00K","1.52%"
"12/06/2023","3.29","3.34","3.34","3.29","0.14K","-1.50%"
"09/06/2023","3.34","3.36","3.36","3.30","1.91K","-0.30%"
"07/06/2023","3.35","3.36","3.36","3.35","0.20K","0.00%"
"06/06/2023","3.35","3.35","3.35","3.30","1.29K","0.00%"
"05/06/2023","3.35","3.35","3.35","3.33","1.44K","0.60%"
"02/06/2023","3.33","3.33","3.33","3.26","7.14K","1.22%"
"01/06/2023","3.29","3.34","3.34","3.28","0.10K","0.30%"
"31/05/2023","3.28","3.34","3.34","3.28","0.46K","-1.20%"
"30/05/2023","3.32","3.33","3.33","3.28","1.40K","0.61%"
"29/05/2023","3.30","3.30","3.30","3.29","0.16K","0.30%"
"26/05/2023","3.29","3.30","3.31","3.29","2.64K","-0.60%"
"25/05/2023","3.31","3.31","3.31","3.31","0.03K","0.00%"
"24/05/2023","3.31","3.31","3.31","3.28","3.00K","0.91%"
"23/05/2023","3.28","3.35","3.35","3.28","2.57K","-2.38%"
"22/05/2023","3.36","3.36","3.36","3.36","0.03K","1.82%"
"19/05/2023","3.30","3.36","3.36","3.30","2.14K","-1.79%"
"18/05/2023","3.36","3.36","3.36","3.36","1.52K","0.60%"
"17/05/2023","3.34","3.36","3.36","3.34","0.32K","-0.60%"
"16/05/2023","3.36","3.35","3.36","3.34","3.56K","1.20%"
"15/05/2023","3.32","3.30","3.33","3.25","3.52K","-0.30%"
"12/05/2023","3.33","3.28","3.33","3.28","7.57K","0.91%"
"11/05/2023","3.30","3.35","3.35","3.30","0.23K","-1.20%"
"10/05/2023","3.34","3.33","3.34","3.30","4.02K","1.21%"
"09/05/2023","3.30","3.33","3.34","3.30","1.76K","0.61%"
"08/05/2023","3.28","3.37","3.37","3.26","6.94K","-2.38%"
"05/05/2023","3.36","3.28","3.36","3.28","4.51K","0.30%"
"04/05/2023","3.35","3.34","3.35","3.34","1.25K","1.82%"
"02/05/2023","3.29","3.29","3.35","3.29","4.87K","0.61%"
"28/04/2023","3.27","3.37","3.37","3.27","10.99K","-2.97%"
"27/04/2023","3.37","3.40","3.40","3.30","7.50K","-0.88%"
"26/04/2023","3.40","3.40","3.40","3.32","9.39K","0.89%"
"25/04/2023","3.37","3.44","3.44","3.36","9.71K","-2.88%"
"24/04/2023","3.47","3.56","3.56","3.40","11.07K","-2.53%"
"21/04/2023","3.56","3.55","3.56","3.44","3.72K","0.28%"
"20/04/2023","3.55","3.34","3.56","3.34","23.16K","6.93%"
"19/04/2023","3.32","3.32","3.32","3.31","21.59K","1.53%"
"18/04/2023","3.27","3.32","3.32","3.27","2.46K","-1.51%"
"17/04/2023","3.32","3.32","3.32","3.30","10.21K","0.61%"
"14/04/2023","3.30","3.30","3.30","3.30","1.96K","0.00%"
"13/04/2023","3.30","3.32","3.32","3.26","11.63K","-0.60%"
"12/04/2023","3.32","3.31","3.37","3.27","65.44K","0.00%"
"11/04/2023","3.32","3.30","3.32","3.30","4.91K","0.61%"
"06/04/2023","3.30","3.30","3.30","3.28","2.14K","0.30%"
"05/04/2023","3.29","3.29","3.29","3.27","0.24K","0.00%"
"04/04/2023","3.29","3.30","3.30","3.27","0.98K","0.00%"
"03/04/2023","3.29","3.33","3.34","3.24","2.59K","-0.30%"
"31/03/2023","3.30","3.39","3.39","3.30","8.69K","-2.65%"
"30/03/2023","3.39","3.25","3.39","3.25","4.31K","2.42%"
"29/03/2023","3.31","3.33","3.33","3.26","13.50K","-0.60%"
"28/03/2023","3.33","3.33","3.33","3.27","4.91K","1.22%"
"27/03/2023","3.29","3.37","3.38","3.29","38.95K","-2.37%"
"24/03/2023","3.37","3.34","3.37","3.33","0.42K","0.00%"
"23/03/2023","3.37","3.40","3.40","3.31","5.52K","-1.17%"
"22/03/2023","3.41","3.40","3.42","3.35","3.58K","0.29%"
"21/03/2023","3.40","3.39","3.40","3.34","1.75K","0.29%"
"20/03/2023","3.39","3.32","3.39","3.32","0.34K","0.00%"
"17/03/2023","3.39","3.39","3.39","3.39","0.00K","2.11%"
"16/03/2023","3.32","3.39","3.41","3.31","8.89K","0.00%"
"15/03/2023","3.32","3.36","3.37","3.32","1.70K","-0.60%"
"14/03/2023","3.34","3.38","3.38","3.34","30.81K","-0.30%"
"13/03/2023","3.35","3.45","3.45","3.28","19.11K","-2.62%"
"10/03/2023","3.44","3.40","3.44","3.31","6.56K","-0.86%"
"09/03/2023","3.47","3.48","3.48","3.40","0.72K","-0.29%"
"08/03/2023","3.48","3.42","3.48","3.42","1.55K","0.87%"
"07/03/2023","3.45","3.51","3.52","3.38","9.15K","1.47%"
"06/03/2023","3.40","3.57","3.57","3.40","10.71K","-5.03%"
"03/03/2023","3.58","3.49","3.58","3.49","0.51K","1.70%"
"02/03/2023","3.52","3.58","3.58","3.52","0.39K","-2.22%"
"01/03/2023","3.60","3.58","3.60","3.48","9.50K","1.98%"
"28/02/2023","3.53","3.59","3.59","3.51","2.38K","-1.67%"
"27/02/2023","3.59","3.59","3.59","3.58","0.85K","1.13%"
"24/02/2023","3.55","3.59","3.59","3.55","1.15K","-1.11%"
"23/02/2023","3.59","3.60","3.60","3.55","0.01K","0.28%"
"22/02/2023","3.58","3.60","3.60","3.52","6.10K","-0.83%"
"21/02/2023","3.61","3.56","3.61","3.56","4.92K","0.00%"
"20/02/2023","3.61","3.60","3.61","3.58","2.16K","0.28%"
"17/02/2023","3.60","3.60","3.60","3.52","2.98K","-0.28%"
"16/02/2023","3.61","3.68","3.68","3.53","0.74K","-0.28%"
"15/02/2023","3.62","3.61","3.62","3.61","0.63K","0.00%"
"14/02/2023","3.62","3.69","3.69","3.52","5.32K","-1.63%"
"13/02/2023","3.68","3.69","3.69","3.68","0.36K","0.27%"
"10/02/2023","3.67","3.66","3.67","3.62","6.54K","0.27%"
"09/02/2023","3.66","3.62","3.66","3.62","4.43K","0.55%"
"08/02/2023","3.64","3.62","3.64","3.62","2.04K","0.55%"
"07/02/2023","3.62","3.55","3.62","3.55","0.57K","1.97%"
"06/02/2023","3.55","3.64","3.64","3.55","3.23K","-0.56%"
"03/02/2023","3.57","3.61","3.65","3.55","3.43K","-0.83%"
"02/02/2023","3.60","3.62","3.62","3.53","2.54K","-0.55%"
"01/02/2023","3.62","3.55","3.62","3.55","4.59K","0.00%"
"31/01/2023","3.62","3.62","3.62","3.52","4.84K","0.00%"
"30/01/2023","3.62","3.65","3.65","3.52","7.76K","-1.63%"
"27/01/2023","3.68","3.67","3.68","3.56","7.09K","1.66%"
"26/01/2023","3.62","3.61","3.68","3.60","8.31K","0.56%"
"25/01/2023","3.60","3.62","3.62","3.52","3.42K","1.98%"
"24/01/2023","3.53","3.62","3.62","3.53","17.09K","-2.75%"
"23/01/2023","3.63","3.63","3.63","3.56","1.05K","0.00%"
"20/01/2023","3.63","3.60","3.63","3.54","1.31K","1.97%"
"19/01/2023","3.56","3.72","3.72","3.55","16.53K","-2.47%"
"18/01/2023","3.65","3.73","3.73","3.65","1.50K","-1.88%"
"17/01/2023","3.72","3.70","3.73","3.66","1.36K","0.54%"
"16/01/2023","3.70","3.67","3.70","3.67","5.19K","3.64%"
"13/01/2023","3.57","3.78","3.78","3.57","10.70K","-3.25%"
"12/01/2023","3.69","3.67","3.69","3.50","12.38K","-1.60%"
"11/01/2023","3.75","3.77","3.77","3.59","8.92K","-0.53%"
"10/01/2023","3.77","3.52","3.77","3.52","20.49K","7.10%"
"09/01/2023","3.52","3.48","3.52","3.48","3.52K","1.73%"
"05/01/2023","3.46","3.48","3.48","3.46","9.01K","0.29%"
"04/01/2023","3.45","3.36","3.45","3.36","3.88K","0.58%"
"03/01/2023","3.43","3.43","3.44","3.36","3.36K","0.59%"
"02/01/2023","3.41","3.48","3.48","3.22","9.50K","3.02%"
"30/12/2022","3.31","3.30","3.32","3.21","7.96K","0.30%"
"29/12/2022","3.30","3.25","3.30","3.20","4.80K","0.61%"
"28/12/2022","3.28","3.28","3.30","3.14","17.85K","2.18%"
"27/12/2022","3.21","3.38","3.38","3.21","9.78K","-3.02%"
"23/12/2022","3.31","3.41","3.41","3.31","46.23K","-0.90%"
"22/12/2022","3.34","3.44","3.44","3.34","2.49K","-1.76%"
"21/12/2022","3.40","3.38","3.40","3.35","1.91K","0.00%"
"20/12/2022","3.40","3.47","3.47","3.38","3.38K","-1.73%"
"19/12/2022","3.46","3.47","3.47","3.37","4.55K","0.00%"
"16/12/2022","3.46","3.50","3.50","3.45","14.24K","-2.81%"
"15/12/2022","3.56","3.56","3.56","3.56","0.01K","0.00%"
"14/12/2022","3.56","3.56","3.56","3.54","0.81K","1.71%"
"13/12/2022","3.50","3.56","3.56","3.50","1.06K","-1.69%"
"12/12/2022","3.56","3.56","3.56","3.49","2.48K","-0.56%"
"09/12/2022","3.58","3.58","3.58","3.58","0.05K","-0.28%"
"08/12/2022","3.59","3.59","3.59","3.59","0.70K","0.00%"
"07/12/2022","3.59","3.58","3.59","3.58","0.73K","2.87%"
"06/12/2022","3.49","3.58","3.58","3.49","1.37K","-2.51%"
"05/12/2022","3.58","3.59","3.59","3.51","3.60K","1.13%"
"02/12/2022","3.54","3.59","3.59","3.54","1.76K","-1.39%"
"01/12/2022","3.59","3.59","3.59","3.52","1.14K","0.28%"
"30/11/2022","3.58","3.56","3.58","3.51","3.47K","0.56%"
"29/11/2022","3.56","3.61","3.61","3.53","0.91K","-1.39%"
"28/11/2022","3.61","3.63","3.63","3.55","1.20K","-0.55%"
"25/11/2022","3.63","3.66","3.66","3.54","1.60K","-1.09%"
"24/11/2022","3.67","3.62","3.67","3.62","1.32K","3.97%"
"23/11/2022","3.53","3.67","3.67","3.52","23.34K","-2.49%"
"22/11/2022","3.62","3.66","3.66","3.54","1.73K","-0.82%"
"21/11/2022","3.65","3.68","3.68","3.54","1.07K","0.55%"
"18/11/2022","3.63","3.68","3.68","3.63","1.88K","-1.36%"
"17/11/2022","3.68","3.69","3.69","3.68","1.50K","0.27%"
"16/11/2022","3.67","3.70","3.70","3.62","6.40K","1.38%"
"15/11/2022","3.62","3.62","3.62","3.62","5.63K","0.00%"
"14/11/2022","3.62","3.64","3.64","3.50","23.72K","-0.55%"
"10/11/2022","3.64","3.60","3.72","3.58","8.32K","1.39%"
"09/11/2022","3.59","3.50","3.59","3.50","2.41K","2.57%"
"08/11/2022","3.50","3.71","3.75","3.46","19.50K","-4.37%"
"07/11/2022","3.66","3.67","3.87","3.60","4.66K","-0.27%"
"04/11/2022","3.67","3.63","3.67","3.63","10.28K","1.10%"
"03/11/2022","3.63","3.60","3.63","3.50","3.06K","1.11%"
"02/11/2022","3.59","3.49","3.59","3.47","8.01K","3.46%"
"31/10/2022","3.47","3.45","3.47","3.45","4.98K","0.58%"
"28/10/2022","3.45","3.45","3.45","3.35","1.10K","0.00%"
"27/10/2022","3.45","3.45","3.45","3.45","0.01K","0.00%"
"26/10/2022","3.45","3.46","3.46","3.38","1.25K","-0.29%"
"25/10/2022","3.46","3.46","3.46","3.46","0.00K","0.00%"
"24/10/2022","3.46","3.44","3.46","3.33","5.15K","0.29%"
"21/10/2022","3.45","3.43","3.45","3.38","0.37K","2.07%"
"20/10/2022","3.38","3.43","3.43","3.38","5.78K","-0.29%"
"19/10/2022","3.39","3.43","3.43","3.39","0.20K","0.00%"
"18/10/2022","3.39","3.43","3.43","3.39","0.50K","-1.17%"
"17/10/2022","3.43","3.37","3.46","3.37","7.64K","2.39%"
"14/10/2022","3.35","3.26","3.35","3.18","7.57K","2.76%"
"13/10/2022","3.26","3.26","3.26","3.16","7.40K","0.00%"
"12/10/2022","3.26","3.32","3.32","3.20","6.98K","-2.10%"
"11/10/2022","3.33","3.32","3.33","3.32","0.68K","0.30%"
"10/10/2022","3.32","3.35","3.35","3.25","1.30K","1.84%"
"07/10/2022","3.26","3.35","3.35","3.26","1.31K","0.31%"
"06/10/2022","3.25","3.37","3.37","3.25","1.00K","-0.91%"
"05/10/2022","3.28","3.27","3.38","3.27","4.82K","2.18%"
"04/10/2022","3.21","3.30","3.32","3.18","13.96K","-3.31%"
"03/10/2022","3.32","3.38","3.38","3.22","3.12K","-1.19%"
"30/09/2022","3.36","3.28","3.37","3.28","2.58K","1.82%"
"29/09/2022","3.30","3.37","3.37","3.26","3.04K","-2.94%"
"28/09/2022","3.40","3.40","3.40","3.40","0.26K","0.00%"
"27/09/2022","3.40","3.36","3.40","3.31","1.13K","2.10%"
"26/09/2022","3.33","3.24","3.39","3.24","8.26K","2.78%"
"23/09/2022","3.24","3.50","3.64","3.24","14.94K","-6.63%"
"22/09/2022","3.47","3.64","3.64","3.47","3.17K","-2.25%"
"21/09/2022","3.55","3.67","3.67","3.55","13.63K","-2.74%"
"20/09/2022","3.65","3.68","3.68","3.65","4.20K","-1.88%"
"19/09/2022","3.72","3.75","3.75","3.69","3.37K","0.54%"
"16/09/2022","3.70","3.83","3.83","3.70","0.83K","-1.86%"
"15/09/2022","3.77","3.89","3.89","3.70","0.29K","-0.26%"
"14/09/2022","3.78","3.89","3.89","3.72","4.66K","-1.82%"
"13/09/2022","3.85","3.90","3.90","3.85","0.79K","0.00%"
"12/09/2022","3.85","3.90","3.90","3.85","0.37K","-1.03%"
"09/09/2022","3.89","3.90","3.90","3.84","1.42K","0.52%"
"08/09/2022","3.87","3.80","3.87","3.79","2.84K","-1.28%"
"07/09/2022","3.92","3.80","3.92","3.68","8.81K","3.16%"
"06/09/2022","3.80","3.82","3.82","3.70","2.89K","0.00%"
"05/09/2022","3.80","3.83","3.83","3.80","0.98K","0.26%"
"02/09/2022","3.79","3.79","3.79","3.79","0.00K","-0.26%"
"01/09/2022","3.80","3.87","3.87","3.68","3.85K","-1.81%"
"31/08/2022","3.87","3.89","3.89","3.78","2.40K","0.00%"
"30/08/2022","3.87","3.80","3.95","3.78","3.39K","-0.77%"
"29/08/2022","3.90","3.96","3.96","3.78","10.71K","-1.52%"
"26/08/2022","3.96","3.80","3.96","3.80","6.37K","4.21%"
"25/08/2022","3.80","3.77","3.80","3.72","7.81K","1.33%"
"24/08/2022","3.75","3.77","3.77","3.70","0.62K","-0.53%"
"23/08/2022","3.77","3.90","3.90","3.69","41.19K","-3.33%"
"22/08/2022","3.90","3.85","3.90","3.80","3.18K","1.30%"
"19/08/2022","3.85","3.94","3.94","3.85","0.40K","-2.28%"
"18/08/2022","3.94","3.98","3.98","3.86","2.25K","-1.01%"
"17/08/2022","3.98","3.99","3.99","3.90","2.25K","0.00%"
"16/08/2022","3.98","3.90","3.98","3.90","9.48K","3.11%"
"12/08/2022","3.86","4.13","4.13","3.86","37.81K","-6.54%"
"11/08/2022","4.13","4.14","4.14","4.05","2.23K","-0.48%"
"10/08/2022","4.15","4.16","4.16","3.94","11.46K","0.24%"
"09/08/2022","4.14","4.00","4.14","4.00","8.63K","0.49%"
"08/08/2022","4.12","4.19","4.20","4.12","1.16K","-1.20%"
"05/08/2022","4.17","4.25","4.25","4.10","5.52K","-1.88%"
"04/08/2022","4.25","4.19","4.25","4.10","7.13K","2.66%"
"03/08/2022","4.14","4.11","4.18","4.00","31.09K","-0.72%"
"02/08/2022","4.17","3.89","4.17","3.89","24.39K","4.25%"
"01/08/2022","4.00","3.84","4.00","3.84","22.13K","4.17%"
"29/07/2022","3.84","3.75","3.84","3.75","7.45K","2.67%"
"28/07/2022","3.74","3.69","3.75","3.64","5.97K","1.36%"
"27/07/2022","3.69","3.64","3.75","3.64","2.54K","2.22%"
"26/07/2022","3.61","3.61","3.61","3.52","23.01K","0.28%"
"25/07/2022","3.60","3.63","3.63","3.56","2.18K","-1.10%"
"22/07/2022","3.64","3.64","3.64","3.56","0.91K","-0.27%"
"21/07/2022","3.65","3.60","3.65","3.60","2.18K","1.39%"
"20/07/2022","3.60","3.63","3.63","3.56","2.44K","-0.83%"
"19/07/2022","3.63","3.58","3.63","3.57","1.00K","1.40%"
"18/07/2022","3.58","3.54","3.65","3.54","2.05K","1.42%"
"15/07/2022","3.53","3.59","3.71","3.53","12.53K","-1.40%"
"14/07/2022","3.58","3.65","3.71","3.58","6.99K","-5.04%"
"13/07/2022","3.77","3.73","3.77","3.60","13.62K","-1.57%"
"12/07/2022","3.83","3.89","3.89","3.73","2.31K","-0.78%"
"11/07/2022","3.86","3.79","3.94","3.73","13.36K","2.66%"
"08/07/2022","3.76","3.90","3.94","3.70","42.38K","-2.08%"
"07/07/2022","3.84","3.59","4.33","3.46","75.78K","8.78%"
"06/07/2022","3.53","3.59","3.59","3.53","2.60K","-1.67%"
"05/07/2022","3.59","3.70","3.70","3.41","16.68K","-6.51%"
"04/07/2022","3.84","3.86","3.86","3.72","21.02K","-0.26%"
"01/07/2022","3.85","3.87","3.87","3.68","5.78K","-0.77%"
"30/06/2022","3.88","3.78","3.88","3.70","4.63K","2.65%"
"29/06/2022","3.78","3.71","3.78","3.70","4.86K","0.00%"
"28/06/2022","3.78","3.71","3.78","3.71","6.35K","1.89%"
"27/06/2022","3.71","3.68","3.71","3.67","3.58K","1.09%"
"24/06/2022","3.67","3.71","3.71","3.60","6.81K","-0.81%"
"23/06/2022","3.70","3.80","3.83","3.70","6.24K","-1.33%"
"22/06/2022","3.75","3.56","3.75","3.56","20.77K","7.14%"
"21/06/2022","3.50","3.51","3.58","3.50","1.85K","-2.23%"
"20/06/2022","3.58","3.54","3.58","3.50","6.53K","2.29%"
"17/06/2022","3.50","3.54","3.54","3.50","0.01K","-1.13%"
"15/06/2022","3.54","3.56","3.56","3.46","3.25K","1.72%"
"14/06/2022","3.48","3.49","3.59","3.48","6.32K","-0.57%"
"13/06/2022","3.50","3.52","3.52","3.46","4.29K","-2.23%"
"10/06/2022","3.58","3.52","3.59","3.49","8.50K","1.70%"
"09/06/2022","3.52","3.45","3.52","3.40","6.35K","1.73%"
"08/06/2022","3.46","3.40","3.46","3.37","8.45K","1.76%"
"07/06/2022","3.40","3.37","3.44","3.37","7.53K","1.49%"
"06/06/2022","3.35","3.39","3.39","3.32","0.71K","-1.18%"
"03/06/2022","3.39","3.39","3.39","3.32","0.75K","0.89%"
"02/06/2022","3.36","3.30","3.36","3.24","10.94K","1.82%"
"01/06/2022","3.30","3.30","3.30","3.24","1.26K","1.54%"
"31/05/2022","3.25","3.33","3.33","3.25","3.68K","-2.69%"
"30/05/2022","3.34","3.27","3.34","3.25","2.82K","0.30%"
"27/05/2022","3.33","3.33","3.33","3.26","0.78K","0.00%"
"26/05/2022","3.33","3.25","3.33","3.25","0.67K","0.91%"
"25/05/2022","3.30","3.32","3.34","3.27","4.12K","0.92%"
"24/05/2022","3.27","3.40","3.40","3.27","6.77K","-3.82%"
"23/05/2022","3.40","3.40","3.40","3.38","0.61K","0.89%"
"20/05/2022","3.37","3.40","3.40","3.33","2.15K","-0.88%"
"19/05/2022","3.40","3.40","3.40","3.36","3.21K","1.19%"
"18/05/2022","3.36","3.50","3.50","3.28","19.82K","-5.62%"
"17/05/2022","3.56","3.28","3.60","3.20","30.65K","8.54%"
"16/05/2022","3.28","3.39","3.39","3.20","1.70K","-0.61%"
"13/05/2022","3.30","3.27","3.30","3.11","14.73K","0.30%"
"12/05/2022","3.29","3.39","3.39","3.28","2.46K","-3.24%"
"11/05/2022","3.40","3.48","3.48","3.30","7.74K","0.00%"
"10/05/2022","3.40","3.40","3.40","3.34","4.07K","0.00%"
"09/05/2022","3.40","3.44","3.46","3.37","1.53K","-1.16%"
"06/05/2022","3.44","3.40","3.44","3.34","3.72K","-0.58%"
"05/05/2022","3.46","3.42","3.46","3.41","3.97K","1.47%"
"04/05/2022","3.41","3.40","3.41","3.30","2.70K","0.29%"
"02/05/2022","3.40","3.40","3.40","3.30","1.93K","0.00%"
"29/04/2022","3.40","3.37","3.48","3.30","10.45K","0.89%"
"28/04/2022","3.37","3.46","3.46","3.31","6.94K","-2.60%"
"27/04/2022","3.46","3.42","3.46","3.25","9.64K","0.87%"
"26/04/2022","3.43","3.49","3.49","3.38","8.20K","-1.72%"
"25/04/2022","3.49","3.67","3.67","3.40","10.15K","-2.51%"
"22/04/2022","3.58","3.60","3.61","3.51","8.13K","-1.10%"
"21/04/2022","3.62","3.65","3.69","3.62","2.63K","-1.09%"
"20/04/2022","3.66","3.71","3.71","3.62","6.50K","-1.35%"
"19/04/2022","3.71","3.79","3.79","3.65","8.55K","-1.07%"
"14/04/2022","3.75","3.81","3.81","3.74","0.96K","-1.06%"
"13/04/2022","3.79","3.83","3.83","3.74","1.70K","-0.26%"
"12/04/2022","3.80","3.74","3.94","3.70","33.15K","2.43%"
"11/04/2022","3.71","3.74","3.74","3.69","4.27K","-0.80%"
"08/04/2022","3.74","3.74","3.74","3.67","1.68K","0.00%"
"07/04/2022","3.74","3.78","3.79","3.70","16.87K","0.00%"
"06/04/2022","3.74","3.80","3.80","3.70","8.92K","0.27%"
"05/04/2022","3.73","3.86","3.86","3.73","5.43K","0.27%"
"04/04/2022","3.72","3.90","3.90","3.70","13.14K","-4.62%"
"01/04/2022","3.90","3.85","3.96","3.78","20.92K","0.26%"
"31/03/2022","3.89","3.72","3.89","3.72","23.02K","4.43%"
"30/03/2022","3.72","3.68","3.72","3.60","10.60K","1.09%"
"29/03/2022","3.68","3.66","3.69","3.61","14.27K","1.24%"
"28/03/2022","3.64","3.61","3.66","3.53","20.11K","0.28%"
"25/03/2022","3.63","3.70","3.70","3.60","8.03K","-2.42%"
"24/03/2022","3.72","3.62","3.72","3.58","16.76K","1.50%"
"23/03/2022","3.66","3.79","3.79","3.61","38.97K","-2.27%"
"22/03/2022","3.75","3.80","3.86","3.66","25.93K","-2.09%"
"21/03/2022","3.83","4.22","4.22","3.81","191.51K","-8.59%"
"18/03/2022","4.19","3.30","4.46","3.30","312.76K","27.16%"
"17/03/2022","3.30","3.34","3.34","3.20","5.96K","-1.35%"
"16/03/2022","3.34","3.28","3.34","3.25","9.85K","1.83%"
"15/03/2022","3.28","3.30","3.30","3.15","3.83K","-0.61%"
"14/03/2022","3.30","3.30","3.30","3.10","7.26K","1.54%"
"11/03/2022","3.25","3.21","3.25","3.13","4.61K","1.25%"
"10/03/2022","3.21","3.18","3.21","3.15","4.02K","1.10%"
"09/03/2022","3.17","3.21","3.21","3.10","4.10K","-1.70%"
"08/03/2022","3.23","3.25","3.25","3.21","0.86K","-2.12%"
"07/03/2022","3.30","3.25","3.35","3.21","19.37K","2.64%"
"04/03/2022","3.21","3.36","3.36","3.21","2.59K","-3.74%"
"03/03/2022","3.34","3.36","3.36","3.28","28.80K","-0.60%"
"02/03/2022","3.36","3.13","3.39","3.13","54.94K","7.18%"
"01/03/2022","3.13","3.12","3.13","3.08","7.21K","0.00%"
"28/02/2022","3.13","3.06","3.19","3.06","3.10K","1.29%"
"25/02/2022","3.09","2.83","3.10","2.83","15.29K","7.29%"
"24/02/2022","2.88","3.05","3.05","2.80","14.41K","-10.00%"
"23/02/2022","3.20","3.20","3.20","3.20","1.00K","0.00%"
"22/02/2022","3.20","3.14","3.20","3.09","4.22K","1.91%"
"21/02/2022","3.14","3.25","3.25","3.13","10.03K","-3.38%"
"18/02/2022","3.25","3.30","3.30","3.18","2.85K","-2.84%"
"17/02/2022","3.35","3.35","3.35","3.16","6.75K","1.52%"
"16/02/2022","3.30","3.23","3.30","3.15","5.15K","1.70%"
"15/02/2022","3.24","3.24","3.24","3.24","1.83K","0.15%"
"14/02/2022","3.23","3.27","3.27","3.20","8.06K","-1.37%"
"11/02/2022","3.28","3.30","3.30","3.22","0.24K","1.23%"
"10/02/2022","3.24","3.36","3.36","3.24","4.31K","-1.22%"
"09/02/2022","3.28","3.37","3.37","3.28","2.90K","-2.09%"
"08/02/2022","3.35","3.22","3.35","3.22","2.42K","4.04%"
"07/02/2022","3.22","3.39","3.39","3.22","6.53K","-3.88%"
"04/02/2022","3.35","3.39","3.39","3.25","2.45K","-1.18%"
"03/02/2022","3.39","3.39","3.39","3.30","0.22K","0.00%"
"02/02/2022","3.39","3.38","3.39","3.38","0.41K","0.15%"
"01/02/2022","3.38","3.35","3.39","3.27","2.48K","1.20%"
"31/01/2022","3.35","3.25","3.35","3.25","4.40K","4.53%"
"28/01/2022","3.20","3.27","3.27","3.20","1.10K","-1.99%"
"27/01/2022","3.27","3.19","3.27","3.17","1.56K","0.00%"
"26/01/2022","3.27","3.28","3.28","3.16","3.52K","3.98%"
"25/01/2022","3.14","3.02","3.16","3.02","3.24K","-0.63%"
"24/01/2022","3.16","3.33","3.42","3.16","24.78K","-5.11%"
"21/01/2022","3.33","3.48","3.48","3.33","2.10K","-2.20%"
"20/01/2022","3.40","3.49","3.49","3.40","1.98K","-2.44%"
"19/01/2022","3.49","3.45","3.49","3.41","0.60K","2.05%"
"18/01/2022","3.42","3.52","3.55","3.42","3.80K","-2.01%"
"17/01/2022","3.49","3.51","3.51","3.48","0.14K","-0.43%"
"14/01/2022","3.51","3.51","3.51","3.49","0.54K","1.59%"
"13/01/2022","3.45","3.50","3.54","3.45","14.64K","-1.43%"
"12/01/2022","3.50","3.60","3.60","3.50","6.85K","-0.14%"
"11/01/2022","3.51","3.63","3.63","3.51","3.21K","-2.37%"
"10/01/2022","3.59","3.54","3.62","3.53","1.44K","-0.28%"
"07/01/2022","3.60","3.63","3.63","3.53","2.92K","0.98%"
"05/01/2022","3.57","3.63","3.65","3.57","2.37K","-1.93%"
"04/01/2022","3.63","3.55","3.63","3.55","13.31K","1.11%"
"03/01/2022","3.60","3.36","3.63","3.36","40.88K","8.12%"
"30/12/2021","3.33","3.10","3.35","3.10","19.37K","4.40%"
"29/12/2021","3.18","3.09","3.18","3.09","18.03K","4.43%"
"28/12/2021","3.05","3.05","3.05","2.99","34.53K","1.16%"
"27/12/2021","3.02","3.00","3.04","3.00","32.29K","0.00%"
"23/12/2021","3.02","3.05","3.05","2.91","33.60K","-0.82%"
"22/12/2021","3.05","3.12","3.12","3.01","23.19K","-1.46%"
"21/12/2021","3.09","3.14","3.14","3.06","15.29K","0.98%"
"20/12/2021","3.06","3.26","3.26","3.00","51.45K","-6.13%"
"17/12/2021","3.26","3.38","3.38","3.26","6.97K","-2.98%"
"16/12/2021","3.36","3.39","3.39","3.32","28.13K","-0.74%"
"15/12/2021","3.38","3.40","3.42","3.38","15.74K","-1.74%"
"14/12/2021","3.44","3.45","3.45","3.38","73.86K","1.32%"
"13/12/2021","3.40","3.56","3.56","3.40","22.71K","-4.09%"
"10/12/2021","3.55","3.56","3.58","3.55","3.74K","-0.56%"
"09/12/2021","3.57","3.58","3.58","3.47","6.72K","-0.42%"
"08/12/2021","3.58","3.55","3.58","3.53","3.62K","0.00%"
"07/12/2021","3.58","3.58","3.59","3.55","1.36K","0.28%"
"06/12/2021","3.57","3.58","3.58","3.53","3.68K","-0.14%"
"03/12/2021","3.58","3.52","3.58","3.52","2.91K","2.88%"
"02/12/2021","3.47","3.60","3.60","3.47","10.12K","-3.34%"
"01/12/2021","3.60","3.51","3.60","3.51","9.38K","0.00%"
"30/11/2021","3.60","3.51","3.60","3.51","9.24K","2.56%"
"29/11/2021","3.51","3.55","3.55","3.51","15.65K","-2.23%"
"26/11/2021","3.59","3.60","3.60","3.50","10.97K","-1.37%"
"25/11/2021","3.64","3.67","3.68","3.55","10.33K","-0.82%"
"24/11/2021","3.67","3.69","3.69","3.54","3.20K","-0.27%"
"23/11/2021","3.68","3.58","3.68","3.57","2.51K","3.08%"
"22/11/2021","3.57","3.75","3.75","3.56","16.00K","-3.77%"
"19/11/2021","3.71","3.80","3.80","3.62","18.78K","-6.08%"
"18/11/2021","3.95","4.00","4.00","3.81","3.86K","-0.50%"
"17/11/2021","3.97","4.02","4.10","3.83","14.00K","-1.00%"
"16/11/2021","4.01","4.10","4.13","4.01","3.69K","-2.20%"
"15/11/2021","4.10","4.30","4.30","4.02","18.28K","-4.65%"
"12/11/2021","4.30","4.30","4.30","4.30","0.32K","0.00%"
"10/11/2021","4.30","4.32","4.32","4.24","2.79K","-0.58%"
"09/11/2021","4.32","4.34","4.34","4.26","4.27K","-0.23%"
"08/11/2021","4.34","4.34","4.34","4.28","0.57K","-0.12%"
"05/11/2021","4.34","4.36","4.36","4.30","1.72K","-0.46%"
"04/11/2021","4.36","4.36","4.36","4.27","5.29K","0.11%"
"03/11/2021","4.36","4.36","4.38","4.30","1.18K","1.04%"
"02/11/2021","4.31","4.39","4.39","4.27","2.65K","-1.82%"
"29/10/2021","4.39","4.35","4.39","4.30","1.75K","0.92%"
"28/10/2021","4.35","4.34","4.35","4.30","0.97K","1.64%"
"27/10/2021","4.28","4.35","4.35","4.28","2.30K","-1.61%"
"26/10/2021","4.35","4.35","4.35","4.35","0.00K","1.52%"
"25/10/2021","4.28","4.39","4.39","4.27","9.26K","-2.28%"
"22/10/2021","4.39","4.34","4.39","4.27","4.56K","0.80%"
"21/10/2021","4.35","4.35","4.35","4.27","2.30K","1.16%"
"20/10/2021","4.30","4.33","4.33","4.28","5.90K","-1.83%"
"19/10/2021","4.38","4.30","4.38","4.30","0.81K","0.00%"
"18/10/2021","4.38","4.30","4.38","4.30","0.46K","1.39%"
"15/10/2021","4.32","4.36","4.38","4.32","0.92K","-0.80%"
"14/10/2021","4.36","4.38","4.38","4.26","12.39K","0.58%"
"13/10/2021","4.33","4.49","4.49","4.30","10.36K","-1.93%"
"12/10/2021","4.41","4.41","4.50","4.40","11.07K","-2.32%"
"11/10/2021","4.52","4.49","4.52","4.43","4.43K","0.44%"
"08/10/2021","4.50","4.52","4.52","4.40","7.00K","1.12%"
"07/10/2021","4.45","4.42","4.50","4.40","3.59K","-1.87%"
"06/10/2021","4.53","4.64","4.73","4.40","26.76K","-2.16%"
"05/10/2021","4.64","4.38","4.69","4.30","27.65K","7.04%"
"04/10/2021","4.33","4.38","4.38","4.32","2.58K","0.00%"
"01/10/2021","4.33","4.40","4.40","4.32","2.58K","-1.81%"
"30/09/2021","4.41","4.30","4.41","4.30","5.30K","2.56%"
"29/09/2021","4.30","4.33","4.34","4.28","2.58K","0.00%"
"28/09/2021","4.30","4.34","4.34","4.28","1.09K","-0.92%"
"27/09/2021","4.34","4.39","4.39","4.28","1.69K","-0.91%"
"24/09/2021","4.38","4.39","4.40","4.38","11.90K","-0.34%"
"23/09/2021","4.39","4.33","4.40","4.28","5.07K","2.21%"
"22/09/2021","4.30","4.40","4.41","4.30","1.74K","-1.15%"
"21/09/2021","4.35","4.28","4.41","4.28","16.00K","-1.47%"
"20/09/2021","4.41","4.58","4.58","4.26","17.56K","-3.60%"
"17/09/2021","4.58","4.60","4.60","4.58","2.87K","-0.43%"
"16/09/2021","4.60","4.64","4.64","4.58","1.73K","-0.97%"
"15/09/2021","4.64","4.60","4.64","4.60","1.76K","0.98%"
"14/09/2021","4.60","4.57","4.68","4.41","18.79K","1.77%"
"13/09/2021","4.52","4.57","4.57","4.52","3.82K","0.00%"
"10/09/2021","4.52","4.57","4.57","4.49","1.59K","-0.99%"
"09/09/2021","4.57","4.50","4.57","4.43","11.52K","1.11%"
"08/09/2021","4.51","4.55","4.55","4.46","4.25K","-0.77%"
"07/09/2021","4.55","4.53","4.55","4.50","4.24K","0.00%"
"06/09/2021","4.55","4.55","4.55","4.48","15.23K","0.78%"
"03/09/2021","4.51","4.57","4.57","4.51","7.23K","-0.55%"
"02/09/2021","4.54","4.55","4.58","4.54","8.74K","-0.22%"
"01/09/2021","4.55","4.64","4.64","4.54","5.99K","-0.66%"
"31/08/2021","4.58","4.57","4.68","4.53","18.50K","1.22%"
"30/08/2021","4.53","4.55","4.57","4.50","6.50K","-0.55%"
"27/08/2021","4.55","4.58","4.60","4.48","17.83K","-0.76%"
"26/08/2021","4.59","4.70","4.70","4.57","4.20K","-2.34%"
"25/08/2021","4.70","4.70","4.70","4.70","1.94K","1.19%"
"24/08/2021","4.64","4.64","4.70","4.64","6.43K","0.00%"
"23/08/2021","4.64","4.63","4.64","4.63","4.03K","0.43%"
"20/08/2021","4.62","4.56","4.63","4.55","5.46K","1.32%"
"19/08/2021","4.56","4.67","4.67","4.56","16.68K","-2.15%"
"18/08/2021","4.66","4.66","4.67","4.66","5.82K","-0.21%"
"17/08/2021","4.67","4.71","4.71","4.62","12.03K","-0.21%"
"16/08/2021","4.68","4.90","4.90","4.64","64.77K","-4.49%"
"13/08/2021","4.90","5.17","5.17","4.86","81.74K","-6.84%"
"12/08/2021","5.26","5.20","5.28","5.16","31.59K","2.33%"
"11/08/2021","5.14","5.05","5.20","4.96","32.50K","2.59%"
"10/08/2021","5.01","5.06","5.06","4.97","2.60K","-0.99%"
"09/08/2021","5.06","4.99","5.06","4.94","4.28K","2.43%"
"06/08/2021","4.94","5.05","5.05","4.92","3.68K","-0.80%"
"05/08/2021","4.98","5.08","5.08","4.98","4.01K","-1.97%"
"04/08/2021","5.08","5.08","5.08","5.08","0.01K","0.00%"
"03/08/2021","5.08","5.06","5.09","4.98","6.50K","1.60%"
"02/08/2021","5.00","5.13","5.13","5.00","11.85K","-2.34%"
"30/07/2021","5.12","5.06","5.18","5.00","18.69K","1.99%"
"29/07/2021","5.02","5.10","5.10","4.92","2.16K","-0.99%"
"28/07/2021","5.07","5.06","5.12","4.93","1.31K","0.60%"
"27/07/2021","5.04","5.24","5.24","4.95","12.29K","-3.82%"
"26/07/2021","5.24","5.18","5.25","5.07","17.83K","1.16%"
"23/07/2021","5.18","4.87","5.35","4.87","122.56K","6.91%"
"22/07/2021","4.84","4.80","4.84","4.80","16.19K","0.94%"
"21/07/2021","4.80","4.78","4.80","4.77","2.34K","0.42%"
"20/07/2021","4.78","4.80","4.80","4.70","4.43K","-0.42%"
"19/07/2021","4.80","4.86","4.86","4.70","7.03K","-3.32%"
"16/07/2021","4.97","4.92","4.97","4.82","1.72K","0.00%"
"15/07/2021","4.97","4.98","4.98","4.81","23.28K","-0.50%"
"14/07/2021","4.99","4.99","4.99","4.93","7.72K","1.22%"
"13/07/2021","4.93","4.99","5.01","4.93","5.16K","-1.40%"
"12/07/2021","5.00","4.98","5.00","4.95","3.78K","0.40%"
"09/07/2021","4.98","4.92","4.99","4.92","3.87K","1.43%"
"08/07/2021","4.91","4.99","5.00","4.91","3.72K","-0.10%"
"07/07/2021","4.91","5.02","5.02","4.91","4.74K","-1.70%"
"06/07/2021","5.00","5.04","5.04","5.00","2.67K","0.00%"
"05/07/2021","5.00","5.00","5.04","4.98","7.61K","0.00%"
"02/07/2021","5.00","5.08","5.08","4.92","8.67K","-1.19%"
"01/07/2021","5.06","4.92","5.10","4.87","41.71K","5.42%"
"30/06/2021","4.80","4.80","4.80","4.70","3.57K","-0.21%"
"29/06/2021","4.81","4.68","4.82","4.68","6.34K","3.44%"
"28/06/2021","4.65","4.67","4.67","4.65","1.18K","0.65%"
"25/06/2021","4.62","4.59","4.62","4.55","5.66K","1.43%"
"24/06/2021","4.55","4.55","4.55","4.55","2.45K","-0.87%"
"23/06/2021","4.59","4.55","4.59","4.51","1.94K","0.00%"
"22/06/2021","4.59","4.52","4.59","4.50","14.12K","1.10%"
"21/06/2021","4.55","4.61","4.65","4.55","5.56K","-2.88%"
"18/06/2021","4.68","4.68","4.68","4.68","0.00K","1.85%"
"17/06/2021","4.59","4.70","4.70","4.58","11.39K","-2.13%"
"16/06/2021","4.70","4.68","4.70","4.60","8.90K","-0.63%"
"15/06/2021","4.72","4.70","4.72","4.67","14.33K","0.85%"
"14/06/2021","4.68","4.69","4.69","4.68","1.72K","0.11%"
"11/06/2021","4.68","4.70","4.70","4.60","4.52K","1.85%"
"10/06/2021","4.59","4.71","4.71","4.57","12.52K","-1.18%"
"09/06/2021","4.65","4.66","4.68","4.61","2.73K","1.09%"
"08/06/2021","4.60","4.74","4.74","4.56","10.88K","-2.85%"
"07/06/2021","4.74","4.74","4.74","4.72","0.48K","0.74%"
"04/06/2021","4.70","4.70","4.86","4.70","14.09K","0.21%"
"02/06/2021","4.69","4.74","4.76","4.68","5.26K","-0.85%"
"01/06/2021","4.73","4.79","4.79","4.70","8.61K","-0.42%"
"31/05/2021","4.75","4.82","4.82","4.74","7.85K","-1.45%"
"28/05/2021","4.82","4.80","4.82","4.76","4.96K","0.42%"
"27/05/2021","4.80","4.87","4.87","4.76","3.73K","-1.23%"
"26/05/2021","4.86","4.89","4.89","4.75","0.83K","-0.31%"
"25/05/2021","4.88","4.91","4.91","4.72","6.94K","0.72%"
"24/05/2021","4.84","4.87","4.89","4.81","2.87K","0.52%"
"21/05/2021","4.82","4.80","4.82","4.75","6.37K","0.42%"
"20/05/2021","4.80","4.78","4.80","4.70","3.01K","2.90%"
"19/05/2021","4.66","4.76","4.76","4.62","6.76K","-2.10%"
"18/05/2021","4.76","4.79","4.79","4.75","4.75K","-0.63%"
"17/05/2021","4.79","4.76","4.80","4.64","22.96K","1.16%"
"14/05/2021","4.74","4.90","4.90","4.42","75.22K","-5.68%"
"13/05/2021","5.02","5.00","5.04","4.96","6.50K","-0.59%"
"12/05/2021","5.05","5.09","5.09","4.96","4.96K","1.00%"
"11/05/2021","5.00","5.08","5.08","4.95","5.05K","-1.57%"
"10/05/2021","5.08","5.09","5.09","4.91","5.16K","-0.20%"
"07/05/2021","5.09","5.19","5.19","4.91","8.83K","-0.20%"
"06/05/2021","5.10","5.00","5.17","5.00","26.39K","1.59%"
"05/05/2021","5.02","4.98","5.05","4.91","15.86K","2.24%"
"04/05/2021","4.91","4.93","4.99","4.91","11.65K","-0.20%"
"30/04/2021","4.92","4.99","4.99","4.91","1.36K","0.31%"
"29/04/2021","4.91","5.02","5.05","4.91","11.26K","-2.29%"
"28/04/2021","5.02","4.88","5.02","4.82","12.58K","3.29%"
"27/04/2021","4.86","4.91","4.91","4.86","19.85K","-1.02%"
"26/04/2021","4.91","4.97","4.97","4.90","7.11K","-1.70%"
"23/04/2021","4.99","4.98","4.99","4.96","2.56K","0.71%"
"22/04/2021","4.96","4.97","4.98","4.96","6.12K","-0.20%"
"21/04/2021","4.97","4.95","4.97","4.92","18.68K","1.02%"
"20/04/2021","4.92","5.00","5.10","4.89","19.47K","-1.60%"
"19/04/2021","5.00","5.13","5.13","5.00","10.22K","-1.57%"
"16/04/2021","5.08","5.15","5.15","5.07","5.81K","-0.59%"
"15/04/2021","5.11","5.18","5.18","5.11","5.19K","-0.78%"
"14/04/2021","5.15","5.11","5.20","5.11","5.99K","-0.58%"
"13/04/2021","5.18","5.24","5.24","5.11","10.58K","-0.77%"
"12/04/2021","5.22","5.24","5.24","5.17","14.93K","0.77%"
"09/04/2021","5.18","5.14","5.22","5.06","21.13K","0.19%"
"08/04/2021","5.17","5.29","5.29","5.06","34.19K","-2.27%"
"07/04/2021","5.29","5.40","5.45","5.12","85.52K","0.76%"
"06/04/2021","5.25","5.19","5.30","5.11","53.59K","1.94%"
"01/04/2021","5.15","5.05","5.21","5.00","34.73K","3.41%"
"31/03/2021","4.98","4.98","4.98","4.94","2.05K","0.40%"
"30/03/2021","4.96","4.96","4.98","4.90","3.49K","0.00%"
"29/03/2021","4.96","4.98","4.98","4.86","10.79K","-0.40%"
"26/03/2021","4.98","4.98","4.98","4.90","5.14K","0.00%"
"25/03/2021","4.98","4.98","5.05","4.90","8.17K","-0.40%"
"24/03/2021","5.00","5.15","5.15","4.96","6.51K","-2.91%"
"23/03/2021","5.15","5.20","5.20","5.05","4.32K","0.00%"
"22/03/2021","5.15","5.00","5.20","5.00","22.85K","3.00%"
"19/03/2021","5.00","4.92","5.00","4.92","9.54K","0.81%"
"18/03/2021","4.96","4.96","5.00","4.76","23.37K","0.40%"
"17/03/2021","4.94","5.20","5.20","4.92","18.71K","-3.14%"
"16/03/2021","5.10","5.05","5.10","5.00","18.00K","0.99%"
"15/03/2021","5.05","5.20","5.20","5.05","18.14K","-1.94%"
"12/03/2021","5.15","4.96","5.20","4.92","41.66K","3.41%"
"11/03/2021","4.98","4.98","4.98","4.90","7.50K","0.81%"
"10/03/2021","4.94","5.15","5.15","4.88","55.79K","-2.18%"
"09/03/2021","5.05","5.30","5.30","5.00","45.23K","-4.72%"
"08/03/2021","5.30","4.98","5.40","4.92","127.03K","6.85%"
"05/03/2021","4.96","4.82","5.15","4.70","51.92K","5.08%"
"04/03/2021","4.72","4.78","4.88","4.72","10.89K","-2.48%"
"03/03/2021","4.84","4.78","4.92","4.76","19.78K","1.26%"
"02/03/2021","4.78","4.72","4.78","4.70","7.24K","1.27%"
"01/03/2021","4.72","4.56","4.72","4.56","8.50K","0.85%"
"26/02/2021","4.68","4.60","4.70","4.50","20.00K","-1.27%"
"25/02/2021","4.74","4.70","4.76","4.60","7.74K","0.85%"
"24/02/2021","4.70","4.74","4.74","4.64","11.15K","-1.26%"
"23/02/2021","4.76","4.82","4.82","4.58","67.10K","-2.46%"
"22/02/2021","4.88","4.96","4.96","4.74","26.70K","-1.61%"
"19/02/2021","4.96","4.96","4.96","4.88","7.93K","0.00%"
"18/02/2021","4.96","4.94","5.00","4.86","20.87K","0.40%"
"17/02/2021","4.94","5.10","5.10","4.94","22.51K","-2.18%"
"16/02/2021","5.05","5.20","5.20","5.05","18.99K","-0.98%"
"15/02/2021","5.10","5.15","5.15","5.05","3.78K","0.00%"
"12/02/2021","5.10","5.20","5.20","5.05","10.89K","-0.97%"
"11/02/2021","5.15","5.10","5.30","5.10","10.62K","-0.96%"
"10/02/2021","5.20","5.05","5.35","4.96","35.79K","4.42%"
"09/02/2021","4.98","4.96","5.05","4.94","7.07K","-1.39%"
"08/02/2021","5.05","5.15","5.15","4.96","8.97K","-0.98%"
"05/02/2021","5.10","5.20","5.20","4.90","19.40K","-1.92%"
"04/02/2021","5.20","5.15","5.30","5.10","16.61K","0.97%"
"03/02/2021","5.15","4.96","5.15","4.96","20.73K","4.67%"
"02/02/2021","4.92","4.98","5.00","4.90","9.63K","-2.57%"
"01/02/2021","5.05","5.10","5.10","4.92","4.67K","0.00%"
"29/01/2021","5.05","5.05","5.05","4.90","13.52K","0.00%"
"28/01/2021","5.05","4.92","5.20","4.86","24.49K","0.00%"
"27/01/2021","5.05","5.35","5.45","4.92","105.16K","-5.61%"
"26/01/2021","5.35","5.40","5.40","5.10","56.94K","-1.83%"
"25/01/2021","5.45","5.20","5.70","5.15","203.32K","7.92%"
"22/01/2021","5.05","4.68","5.05","4.60","209.85K","8.84%"
"21/01/2021","4.64","4.64","4.96","4.60","116.29K","0.87%"
"20/01/2021","4.60","4.60","4.60","4.52","21.07K","2.22%"
"19/01/2021","4.50","4.50","4.60","4.50","14.83K","-1.32%"
"18/01/2021","4.56","4.50","4.56","4.42","4.52K","0.88%"
"15/01/2021","4.52","4.46","4.52","4.42","8.55K","-0.88%"
"14/01/2021","4.56","4.52","4.56","4.48","9.25K","0.88%"
"13/01/2021","4.52","4.52","4.60","4.52","6.76K","0.00%"
"12/01/2021","4.52","4.66","4.68","4.52","11.33K","-3.00%"
"11/01/2021","4.66","4.70","4.70","4.58","11.74K","1.30%"
"08/01/2021","4.60","4.70","4.70","4.56","26.30K","-2.13%"
"07/01/2021","4.70","4.50","4.70","4.50","23.29K","5.86%"
"05/01/2021","4.44","4.62","4.68","4.28","51.46K","-3.06%"
"04/01/2021","4.58","4.48","4.58","4.38","41.37K","9.57%"
"30/12/2020","4.18","4.32","4.58","4.12","66.31K","-3.69%"
"29/12/2020","4.34","4.18","4.38","4.18","16.03K","4.83%"
"28/12/2020","4.14","4.16","4.22","4.12","68.65K","-0.48%"
"23/12/2020","4.16","4.24","4.26","4.12","22.91K","-1.89%"
"22/12/2020","4.24","4.32","4.36","4.12","19.55K","0.00%"
"21/12/2020","4.24","4.46","4.48","4.00","48.38K","-3.64%"
"18/12/2020","4.40","4.32","4.44","4.32","3.44K","1.85%"
"17/12/2020","4.32","4.48","4.50","4.30","17.23K","-2.70%"
"16/12/2020","4.44","4.42","4.44","4.40","2.95K","0.45%"
"15/12/2020","4.42","4.36","4.42","4.30","4.73K","0.45%"
"14/12/2020","4.40","4.54","4.54","4.32","17.04K","-1.79%"
"11/12/2020","4.48","4.46","4.58","4.46","19.90K","0.45%"
"10/12/2020","4.46","4.60","4.60","4.42","22.42K","-4.29%"
"09/12/2020","4.66","4.68","4.68","4.54","23.86K","0.00%"
"08/12/2020","4.66","4.78","4.78","4.58","31.50K","-1.69%"
"07/12/2020","4.74","4.60","4.80","4.60","36.52K","3.49%"
"04/12/2020","4.58","4.52","4.60","4.46","37.95K","1.33%"
"03/12/2020","4.52","4.26","4.60","4.26","37.30K","5.61%"
"02/12/2020","4.28","4.40","4.40","4.28","4.16K","-0.47%"
"01/12/2020","4.30","4.40","4.40","4.28","12.19K","-4.02%"
"30/11/2020","4.48","4.52","4.52","4.40","5.21K","-0.88%"
"27/11/2020","4.52","4.56","4.56","4.40","5.93K","-0.88%"
"26/11/2020","4.56","4.40","4.56","4.40","7.61K","0.00%"
"25/11/2020","4.56","4.58","4.60","4.40","10.76K","0.88%"
"24/11/2020","4.52","4.70","4.70","4.48","25.93K","-3.00%"
"23/11/2020","4.66","4.74","4.76","4.56","10.83K","-0.85%"
"20/11/2020","4.70","4.52","4.74","4.40","131.22K","8.29%"
"19/11/2020","4.34","4.22","4.34","4.20","11.37K","3.83%"
"18/11/2020","4.18","4.20","4.28","4.12","10.05K","-0.95%"
"17/11/2020","4.22","4.26","4.26","4.16","5.76K","-0.94%"
"16/11/2020","4.26","4.26","4.26","4.12","11.43K","3.40%"
"13/11/2020","4.12","4.10","4.26","4.10","42.53K","0.98%"
"12/11/2020","4.08","4.10","4.10","4.00","11.13K","0.49%"
"10/11/2020","4.06","3.92","4.20","3.76","63.46K","4.64%"
"09/11/2020","3.88","3.64","3.96","3.52","42.85K","10.23%"
"06/11/2020","3.52","3.78","3.78","3.50","47.20K","-5.38%"
"05/11/2020","3.72","3.58","3.72","3.58","14.41K","5.08%"
"04/11/2020","3.54","3.66","3.70","3.54","3.75K","-3.80%"
"03/11/2020","3.68","3.58","3.70","3.52","26.71K","2.22%"
"02/11/2020","3.60","3.44","3.64","3.44","26.65K","4.05%"
"30/10/2020","3.46","3.52","3.64","3.42","20.21K","-5.46%"
"29/10/2020","3.66","3.68","3.70","3.50","8.51K","-0.54%"
"28/10/2020","3.68","3.86","3.86","3.60","41.07K","-6.12%"
"27/10/2020","3.92","3.96","3.96","3.84","18.03K","0.00%"
"26/10/2020","3.92","4.00","4.00","3.92","5.68K","-2.49%"
"23/10/2020","4.02","4.04","4.04","3.98","4.75K","0.50%"
"22/10/2020","4.00","4.10","4.10","4.00","8.06K","-1.48%"
"21/10/2020","4.06","4.10","4.18","4.04","6.75K","0.00%"
"20/10/2020","4.06","4.18","4.18","4.04","4.22K","-1.93%"
"19/10/2020","4.14","4.00","4.28","4.00","27.70K","2.99%"
"16/10/2020","4.02","4.00","4.06","3.96","21.97K","-1.47%"
"15/10/2020","4.08","4.28","4.30","4.06","42.19K","-5.56%"
"14/10/2020","4.32","4.40","4.42","4.28","14.58K","-1.82%"
"13/10/2020","4.40","4.48","4.48","4.32","24.47K","-0.45%"
"12/10/2020","4.42","4.46","4.48","4.36","8.21K","-1.34%"
"09/10/2020","4.48","4.40","4.70","4.28","175.04K","0.90%"
"08/10/2020","4.44","4.50","4.50","4.42","30.10K","-0.89%"
"07/10/2020","4.48","4.48","4.48","4.44","6.09K","0.00%"
"06/10/2020","4.48","4.56","4.60","4.48","40.20K","-1.32%"
"05/10/2020","4.54","4.54","4.60","4.48","19.14K","-0.44%"
"02/10/2020","4.56","4.80","4.80","4.56","11.87K","-1.30%"
"01/10/2020","4.62","4.80","4.80","4.60","13.30K","-1.70%"
"30/09/2020","4.70","4.80","4.80","4.66","65.93K","-1.26%"
"29/09/2020","4.76","4.90","4.96","4.76","13.31K","-2.86%"
"28/09/2020","4.90","4.90","4.94","4.60","10.34K","1.66%"
"25/09/2020","4.82","4.76","4.82","4.32","23.23K","0.42%"
"24/09/2020","4.80","4.84","4.90","4.80","17.85K","-2.04%"
"23/09/2020","4.90","4.94","4.94","4.82","13.18K","0.82%"
"22/09/2020","4.86","4.86","4.94","4.82","13.53K","-0.41%"
"21/09/2020","4.88","5.05","5.05","4.86","7.70K","-1.21%"
"18/09/2020","4.94","5.00","5.00","4.90","15.48K","-1.20%"
"17/09/2020","5.00","5.05","5.05","4.90","3.81K","0.00%"
"16/09/2020","5.00","5.10","5.10","4.96","40.00K","0.00%"
"15/09/2020","5.00","5.25","5.25","4.98","12.58K","-2.91%"
"14/09/2020","5.15","5.05","5.25","4.96","29.00K","1.98%"
"11/09/2020","5.05","5.05","5.05","4.96","6.53K","0.00%"
"10/09/2020","5.05","5.05","5.05","4.98","6.16K","1.00%"
"09/09/2020","5.00","4.82","5.00","4.80","14.46K","2.88%"
"08/09/2020","4.86","5.15","5.15","4.86","80.65K","-2.80%"
"07/09/2020","5.00","5.10","5.10","5.00","7.39K","-0.99%"
"04/09/2020","5.05","5.00","5.10","5.00","27.26K","-0.98%"
"03/09/2020","5.10","5.25","5.25","5.10","5.64K","-1.92%"
"02/09/2020","5.20","4.92","5.20","4.90","22.34K","4.00%"
"01/09/2020","5.00","5.20","5.20","5.00","51.53K","-4.76%"
"31/08/2020","5.25","5.30","5.35","5.15","15.79K","-0.94%"
"28/08/2020","5.30","5.40","5.40","5.15","9.36K","0.00%"
"27/08/2020","5.30","5.35","5.35","5.20","4.06K","1.92%"
"26/08/2020","5.20","5.30","5.30","5.15","18.83K","-1.89%"
"25/08/2020","5.30","5.65","5.65","5.25","49.59K","-5.36%"
"24/08/2020","5.60","5.70","5.70","5.55","7.69K","0.00%"
"21/08/2020","5.60","5.80","5.85","5.60","18.48K","1.82%"
"20/08/2020","5.50","5.50","5.65","5.45","7.90K","0.00%"
"19/08/2020","5.50","5.60","5.70","5.50","11.67K","0.00%"
"18/08/2020","5.50","5.65","5.80","5.50","14.83K","-3.51%"
"17/08/2020","5.70","5.85","5.85","5.70","7.55K","-1.72%"
"14/08/2020","5.80","5.80","5.80","5.60","14.82K","0.00%"
"13/08/2020","5.80","5.60","5.80","5.50","20.03K","4.50%"
"12/08/2020","5.55","5.95","5.95","5.50","30.57K","-2.63%"
"11/08/2020","5.70","6.10","6.10","5.65","39.20K","-6.56%"
"10/08/2020","6.10","5.35","6.20","5.35","85.19K","14.02%"
"07/08/2020","5.35","5.35","5.40","5.10","29.66K","0.00%"
"06/08/2020","5.35","5.65","5.70","5.25","21.79K","-2.73%"
"05/08/2020","5.50","5.60","5.70","5.50","9.72K","0.00%"
"04/08/2020","5.50","5.75","5.80","5.50","17.88K","-3.51%"
"03/08/2020","5.70","5.65","5.70","5.50","21.61K","4.59%"
"31/07/2020","5.45","5.30","5.50","5.20","40.90K","4.81%"
"30/07/2020","5.20","5.95","5.95","5.05","101.63K","-12.61%"
"29/07/2020","5.95","6.25","6.30","5.85","51.30K","-4.03%"
"28/07/2020","6.20","6.20","6.40","6.00","87.34K","2.48%"
"27/07/2020","6.05","5.85","6.20","5.80","111.86K","4.31%"
"24/07/2020","5.80","6.05","6.10","5.65","24.45K","-3.33%"
"23/07/2020","6.00","6.20","6.45","5.80","181.98K","0.00%"
"22/07/2020","6.00","5.45","6.00","5.25","138.59K","13.21%"
"21/07/2020","5.30","5.30","5.40","5.10","68.74K","-0.93%"
"20/07/2020","5.35","5.25","5.35","4.90","246.45K","-2.73%"
"17/07/2020","5.50","5.75","5.85","5.40","76.17K","-4.35%"
"16/07/2020","5.75","5.60","5.85","5.40","59.27K","2.68%"
"15/07/2020","5.60","6.00","6.40","5.45","222.41K","-5.08%"
"14/07/2020","5.90","6.15","6.15","5.70","108.83K","-4.84%"
"13/07/2020","6.20","6.25","6.50","6.05","114.05K","-1.59%"
"10/07/2020","6.30","6.50","6.80","6.20","67.27K","-3.82%"
"09/07/2020","6.55","7.45","7.60","6.55","173.65K","-6.43%"
"08/07/2020","7.00","6.30","7.00","6.25","337.31K","13.82%"
"07/07/2020","6.15","5.35","6.40","5.25","321.48K","14.95%"
"06/07/2020","5.35","5.00","5.45","4.96","88.32K","7.00%"
"03/07/2020","5.00","5.00","5.15","4.88","86.04K","0.00%"
"02/07/2020","5.00","4.92","5.05","4.88","10.57K","2.04%"
"01/07/2020","4.90","4.94","4.94","4.74","15.91K","0.41%"
"30/06/2020","4.88","5.10","5.10","4.70","19.80K","-3.37%"
"29/06/2020","5.05","4.86","5.05","4.86","29.84K","5.21%"
"26/06/2020","4.80","4.98","5.05","4.80","43.08K","-2.83%"
"25/06/2020","4.94","5.05","5.10","4.88","48.69K","-4.08%"
"24/06/2020","5.15","5.55","5.60","5.05","85.20K","-6.36%"
"23/06/2020","5.50","5.15","5.70","5.10","140.93K","6.80%"
"22/06/2020","5.15","5.15","5.20","5.00","12.55K","0.98%"
"19/06/2020","5.10","5.20","5.20","5.05","9.19K","-0.97%"
"18/06/2020","5.15","5.10","5.25","5.05","11.84K","0.00%"
"17/06/2020","5.15","5.25","5.30","5.10","10.33K","0.98%"
"16/06/2020","5.10","5.15","5.30","5.05","48.93K","0.00%"
"15/06/2020","5.10","4.96","5.10","4.84","22.94K","2.82%"
"12/06/2020","4.96","4.80","4.96","4.72","31.60K","-0.80%"
"10/06/2020","5.00","5.00","5.00","4.90","27.44K","0.81%"
"09/06/2020","4.96","5.10","5.10","4.94","36.86K","-2.75%"
"08/06/2020","5.10","5.25","5.25","4.90","52.17K","-2.86%"
"05/06/2020","5.25","5.25","5.25","5.05","34.72K","0.96%"
"04/06/2020","5.20","5.20","5.40","5.15","44.18K","0.00%"
"03/06/2020","5.20","4.86","5.40","4.82","96.93K","5.69%"
"02/06/2020","4.92","4.80","4.96","4.76","20.54K","2.07%"
"01/06/2020","4.82","4.98","4.98","4.82","13.12K","0.42%"
"29/05/2020","4.80","4.82","4.84","4.76","21.86K","-2.04%"
"28/05/2020","4.90","4.78","4.98","4.74","21.06K","2.08%"
"27/05/2020","4.80","4.92","5.00","4.76","38.16K","-4.00%"
"26/05/2020","5.00","4.90","5.20","4.88","53.20K","2.04%"
"25/05/2020","4.90","4.84","4.96","4.82","24.01K","-1.61%"
"22/05/2020","4.98","5.15","5.25","4.86","46.75K","-4.23%"
"21/05/2020","5.20","5.15","5.20","5.00","16.54K","0.97%"
"20/05/2020","5.15","5.10","5.20","4.90","42.51K","0.98%"
"19/05/2020","5.10","5.05","5.30","4.92","87.50K","7.14%"
"18/05/2020","4.76","4.74","4.76","4.58","25.33K","2.15%"
"15/05/2020","4.66","4.64","4.94","4.50","78.38K","1.75%"
"14/05/2020","4.58","4.96","4.96","4.30","67.10K","-6.53%"
"13/05/2020","4.90","5.00","5.00","4.72","28.14K","-2.00%"
"12/05/2020","5.00","5.20","5.20","4.88","31.33K","-1.96%"
"11/05/2020","5.10","5.25","5.50","5.00","56.09K","-2.86%"
"08/05/2020","5.25","5.30","5.40","5.10","23.83K","0.00%"
"07/05/2020","5.25","5.15","5.25","4.80","51.42K","8.02%"
"06/05/2020","4.86","5.20","5.20","4.84","100.06K","-9.16%"
"05/05/2020","5.35","5.40","5.90","5.10","384.31K","4.90%"
"04/05/2020","5.10","4.02","5.10","4.02","290.61K","31.44%"
"30/04/2020","3.88","3.84","3.98","3.80","17.07K","1.04%"
"29/04/2020","3.84","3.80","3.86","3.70","6.89K","1.05%"
"28/04/2020","3.80","3.90","3.90","3.72","35.13K","-2.56%"
"27/04/2020","3.90","3.84","3.92","3.80","17.92K","1.56%"
"24/04/2020","3.84","4.00","4.00","3.82","15.04K","-4.00%"
"23/04/2020","4.00","3.90","4.04","3.90","21.23K","0.50%"
"22/04/2020","3.98","3.82","4.00","3.80","19.17K","1.02%"
"21/04/2020","3.94","4.08","4.12","3.74","48.34K","-2.48%"
"20/04/2020","4.04","3.82","4.10","3.82","61.61K","7.45%"
"17/04/2020","3.76","3.74","4.10","3.74","163.04K","-0.53%"
"16/04/2020","3.78","3.72","3.80","3.66","8.06K","1.07%"
"15/04/2020","3.74","3.80","3.80","3.62","18.92K","-1.58%"
"14/04/2020","3.80","3.70","3.88","3.70","48.34K","1.60%"
"09/04/2020","3.74","3.72","3.78","3.58","18.95K","0.54%"
"08/04/2020","3.72","3.86","3.86","3.58","18.75K","0.00%"
"07/04/2020","3.72","3.86","3.90","3.72","32.78K","0.54%"
"06/04/2020","3.70","3.72","3.96","3.62","51.04K","-3.65%"
"03/04/2020","3.84","4.00","4.00","3.70","33.35K","-1.54%"
"02/04/2020","3.90","4.00","4.08","3.78","81.37K","-5.80%"
"01/04/2020","4.14","4.10","4.26","3.96","44.79K","0.98%"
"31/03/2020","4.10","4.16","4.56","3.94","122.42K","-2.38%"
"30/03/2020","4.20","4.22","4.30","3.92","60.00K","-7.89%"
"27/03/2020","4.56","4.68","4.70","4.40","50.99K","-0.87%"
"26/03/2020","4.60","4.32","4.80","4.16","63.39K","10.05%"
"25/03/2020","4.18","4.40","4.40","4.02","31.48K","0.48%"
"24/03/2020","4.16","3.82","4.18","3.68","63.58K","12.43%"
"23/03/2020","3.70","3.68","3.96","3.66","26.20K","-6.57%"
"20/03/2020","3.96","4.18","4.46","3.90","67.46K","-4.81%"
"19/03/2020","4.16","3.76","4.20","3.76","47.05K","10.64%"
"18/03/2020","3.76","4.36","4.36","3.56","50.72K","-7.39%"
"17/03/2020","4.06","3.70","4.06","3.58","45.80K","14.04%"
"16/03/2020","3.56","3.16","3.60","3.00","69.18K","7.23%"
"13/03/2020","3.32","3.08","3.78","3.02","87.84K","3.75%"
"12/03/2020","3.20","3.54","3.60","3.20","122.48K","-18.37%"
"11/03/2020","3.92","4.56","4.56","3.76","80.51K","-12.89%"
"10/03/2020","4.50","4.62","4.88","4.50","28.57K","-2.17%"
"09/03/2020","4.60","4.42","4.92","4.32","82.11K","-9.80%"
"06/03/2020","5.10","5.10","5.25","4.90","31.48K","0.99%"
"05/03/2020","5.05","5.40","5.45","5.05","36.26K","-4.72%"
"04/03/2020","5.30","5.30","5.35","5.10","27.71K","-1.85%"
"03/03/2020","5.40","5.30","5.50","5.20","61.11K","6.93%"
"02/03/2020","5.05","5.10","5.50","4.80","69.42K","3.06%"
"28/02/2020","4.90","4.60","5.15","4.30","140.91K","-2.97%"
"27/02/2020","5.05","5.70","5.90","4.80","119.48K","-10.62%"
"26/02/2020","5.65","5.35","5.85","4.98","197.70K","5.61%"
"25/02/2020","5.35","5.80","5.80","5.05","198.06K","-7.76%"
"24/02/2020","5.80","6.55","6.80","5.70","347.76K","-14.71%"
"21/02/2020","6.80","5.40","6.80","5.30","313.95K","28.30%"
"20/02/2020","5.30","5.55","5.55","5.25","17.82K","-2.75%"
"19/02/2020","5.45","5.45","5.55","5.25","27.93K","1.87%"
"18/02/2020","5.35","5.65","5.65","5.25","34.39K","-5.31%"
"17/02/2020","5.65","5.25","5.65","5.25","44.37K","6.60%"
"14/02/2020","5.30","5.45","5.55","5.10","22.43K","-1.85%"
"13/02/2020","5.40","5.30","5.60","4.96","81.76K","3.85%"
"12/02/2020","5.20","4.96","5.35","4.94","43.57K","4.00%"
"11/02/2020","5.00","5.00","5.15","4.90","27.12K","1.63%"
"10/02/2020","4.92","5.05","5.20","4.82","45.69K","-2.57%"
"07/02/2020","5.05","5.25","5.25","5.00","29.48K","-3.81%"
"06/02/2020","5.25","5.50","5.55","5.25","23.45K","-5.41%"
"05/02/2020","5.55","5.30","5.60","5.25","69.88K","2.78%"
"04/02/2020","5.40","5.20","5.70","5.05","105.07K","2.86%"
"03/02/2020","5.25","5.50","5.65","5.10","99.69K","-0.94%"
"31/01/2020","5.30","4.50","5.80","4.34","349.11K","16.74%"
"30/01/2020","4.54","4.78","4.80","4.46","83.60K","-5.42%"
"29/01/2020","4.80","4.70","4.84","4.66","23.29K","1.69%"
"28/01/2020","4.72","4.52","4.80","4.40","105.69K","4.42%"
"27/01/2020","4.52","4.82","4.98","4.50","96.41K","-10.50%"
"24/01/2020","5.05","5.35","5.40","4.70","182.70K","-4.72%"
"23/01/2020","5.30","5.75","6.00","5.20","300.63K","-8.62%"
"22/01/2020","5.80","5.60","5.80","5.30","147.55K","0.00%"
"21/01/2020","5.80","6.10","6.20","5.45","458.16K","-1.69%"
"20/01/2020","5.90","4.66","5.90","4.66","432.04K","27.71%"
"17/01/2020","4.62","5.10","5.20","4.42","156.11K","-7.60%"
"16/01/2020","5.00","5.10","5.60","4.90","626.14K","16.28%"
"15/01/2020","4.30","3.20","4.30","3.20","206.56K","36.94%"
"14/01/2020","3.14","3.04","3.26","2.94","40.61K","4.67%"
"13/01/2020","3.00","3.00","3.10","2.96","23.67K","1.35%"
"10/01/2020","2.96","2.90","2.96","2.90","5.67K","1.37%"
"09/01/2020","2.92","2.96","2.96","2.90","1.35K","-1.35%"
"08/01/2020","2.96","3.10","3.10","2.92","15.55K","-5.13%"
"07/01/2020","3.12","2.94","3.12","2.94","4.33K","6.12%"
"03/01/2020","2.94","2.92","2.94","2.92","7.50K","1.38%"
"02/01/2020","2.90","2.90","2.90","2.90","0.00K","0.00%"
"30/12/2019","2.90","2.92","2.92","2.90","0.54K","-0.68%"
"27/12/2019","2.92","2.92","2.92","2.92","0.00K","0.00%"
"23/12/2019","2.92","2.94","2.94","2.86","2.66K","2.10%"
"20/12/2019","2.86","2.76","2.90","2.76","5.60K","-2.72%"
"19/12/2019","2.94","2.88","3.00","2.60","46.40K","-2.00%"
"18/12/2019","3.00","3.18","3.18","2.92","8.75K","0.00%"
"17/12/2019","3.00","3.18","3.18","3.00","3.05K","-5.66%"
"16/12/2019","3.18","3.18","3.18","2.94","2.01K","0.00%"
"13/12/2019","3.18","3.18","3.18","3.04","0.15K","0.00%"
"12/12/2019","3.18","3.18","3.18","3.18","0.00K","0.00%"
"11/12/2019","3.18","3.18","3.18","3.00","4.67K","-2.45%"
"10/12/2019","3.26","3.26","3.26","3.10","0.37K","4.49%"
"09/12/2019","3.12","3.26","3.26","3.00","2.91K","-4.29%"
"06/12/2019","3.26","3.18","3.26","3.10","4.17K","3.16%"
"05/12/2019","3.16","3.14","3.16","3.14","0.57K","-3.07%"
"04/12/2019","3.26","3.26","3.26","3.26","0.00K","0.62%"
"03/12/2019","3.24","3.24","3.24","3.16","2.08K","0.00%"
"02/12/2019","3.24","3.22","3.24","3.22","2.00K","0.62%"
"29/11/2019","3.22","3.22","3.22","3.22","0.00K","0.00%"
"28/11/2019","3.22","3.22","3.22","3.22","0.00K","-0.62%"
"27/11/2019","3.24","3.36","3.36","3.24","0.20K","2.53%"
"26/11/2019","3.16","3.38","3.38","3.16","2.35K","-6.51%"
"25/11/2019","3.38","3.38","3.38","3.10","1.15K","8.33%"
"22/11/2019","3.12","3.40","3.40","3.12","3.41K","-4.29%"
"21/11/2019","3.26","3.36","3.36","3.20","0.74K","-2.98%"
"20/11/2019","3.36","3.40","3.40","3.20","8.26K","-1.18%"
"19/11/2019","3.40","3.40","3.40","3.38","6.56K","-0.58%"
"18/11/2019","3.42","3.34","3.42","3.34","6.98K","2.40%"
"15/11/2019","3.34","3.34","3.42","3.22","13.56K","3.73%"
"14/11/2019","3.22","3.22","3.22","3.22","1.45K","0.00%"
"13/11/2019","3.22","3.22","3.22","3.22","0.00K","3.21%"
"12/11/2019","3.12","3.00","3.12","3.00","5.34K","4.00%"
"08/11/2019","3.00","3.02","3.12","2.94","2.74K","-0.66%"
"07/11/2019","3.02","3.14","3.14","2.94","8.44K","-3.82%"
"06/11/2019","3.14","3.16","3.24","3.10","6.27K","-0.63%"
"05/11/2019","3.16","2.98","3.16","2.98","0.64K","4.64%"
"04/11/2019","3.02","2.98","3.02","2.96","9.59K","2.03%"
"31/10/2019","2.96","2.94","2.98","2.94","0.45K","0.68%"
"30/10/2019","2.94","2.94","2.94","2.94","0.86K","0.00%"
"29/10/2019","2.94","2.94","2.94","2.94","0.46K","0.00%"
"28/10/2019","2.94","2.94","2.94","2.94","0.00K","0.00%"
"25/10/2019","2.94","2.94","2.94","2.82","1.41K","0.00%"
"24/10/2019","2.94","2.94","2.94","2.94","0.59K","0.00%"
"23/10/2019","2.94","2.84","2.94","2.82","2.51K","3.52%"
"22/10/2019","2.84","2.64","2.88","2.64","4.66K","7.58%"
"21/10/2019","2.64","2.52","2.64","2.52","5.48K","3.94%"
"18/10/2019","2.54","2.54","2.54","2.52","0.30K","0.00%"
"17/10/2019","2.54","2.54","2.54","2.54","0.37K","0.00%"
"16/10/2019","2.54","2.54","2.54","2.54","0.00K","0.00%"
"15/10/2019","2.54","2.54","2.54","2.54","0.00K","-2.31%"
"14/10/2019","2.60","2.48","2.60","2.48","7.80K","4.84%"
"11/10/2019","2.48","2.48","2.48","2.48","0.00K","0.00%"
"10/10/2019","2.48","2.48","2.48","2.48","0.00K","0.00%"
"09/10/2019","2.48","2.48","2.48","2.48","0.00K","0.00%"
"08/10/2019","2.48","2.48","2.48","2.48","0.00K","0.00%"
"07/10/2019","2.48","2.48","2.48","2.48","0.00K","0.00%"
"04/10/2019","2.48","2.48","2.48","2.48","0.00K","0.00%"
"03/10/2019","2.48","2.48","2.48","2.48","0.00K","0.00%"
"02/10/2019","2.48","2.48","2.48","2.48","0.00K","0.00%"
"01/10/2019","2.48","2.48","2.48","2.44","4.09K","0.00%"
"30/09/2019","2.48","2.50","2.50","2.48","0.10K","-0.80%"
"27/09/2019","2.50","2.48","2.50","2.44","6.14K","0.81%"
"26/09/2019","2.48","2.48","2.48","2.48","0.00K","0.00%"
"25/09/2019","2.48","2.48","2.48","2.38","1.40K","2.48%"
"24/09/2019","2.42","2.48","2.48","2.40","1.65K","-2.42%"
"23/09/2019","2.48","2.48","2.48","2.48","0.00K","0.81%"
"20/09/2019","2.46","2.48","2.48","2.46","0.50K","-0.81%"
"19/09/2019","2.48","2.48","2.48","2.48","0.00K","0.00%"
"18/09/2019","2.48","2.48","2.48","2.48","0.00K","1.64%"
"17/09/2019","2.44","2.44","2.44","2.44","0.00K","-1.61%"
"16/09/2019","2.48","2.48","2.48","2.48","0.00K","1.64%"
"13/09/2019","2.44","2.48","2.48","2.44","0.20K","-1.61%"
"12/09/2019","2.48","2.48","2.48","2.48","0.00K","0.00%"
"11/09/2019","2.48","2.48","2.48","2.48","0.00K","0.00%"
"10/09/2019","2.48","2.48","2.48","2.48","0.10K","-0.80%"
"09/09/2019","2.50","2.50","2.50","2.40","3.51K","-3.10%"
"06/09/2019","2.58","2.60","2.60","2.36","10.53K","-2.27%"
"05/09/2019","2.64","2.64","2.64","2.52","3.18K","0.00%"
"04/09/2019","2.64","2.64","2.64","2.64","0.00K","0.00%"
"03/09/2019","2.64","2.60","2.64","2.60","4.80K","1.54%"
"02/09/2019","2.60","2.60","2.60","2.60","0.00K","0.00%"
"30/08/2019","2.60","2.60","2.60","2.60","0.48K","0.00%"
"29/08/2019","2.60","2.60","2.60","2.50","3.53K","0.00%"
"28/08/2019","2.60","2.60","2.60","2.60","0.00K","0.00%"
"27/08/2019","2.60","2.60","2.60","2.48","1.00K","0.00%"
"26/08/2019","2.60","2.60","2.60","2.60","0.00K","4.00%"
"23/08/2019","2.50","2.60","2.60","2.50","0.28K","-3.85%"
"22/08/2019","2.60","2.60","2.60","2.60","0.00K","4.00%"
"21/08/2019","2.50","2.60","2.60","2.48","2.14K","-3.85%"
"20/08/2019","2.60","2.60","2.60","2.60","0.00K","0.00%"
"19/08/2019","2.60","2.64","2.64","2.60","0.39K","0.78%"
"16/08/2019","2.58","2.64","2.64","2.58","1.00K","3.20%"
"14/08/2019","2.50","2.50","2.50","2.48","4.89K","0.00%"
"13/08/2019","2.50","2.50","2.50","2.50","0.00K","0.00%"
"12/08/2019","2.50","2.50","2.50","2.50","0.00K","0.81%"
"09/08/2019","2.48","2.48","2.48","2.48","0.40K","0.00%"
"08/08/2019","2.48","2.50","2.50","2.40","2.02K","3.33%"
"07/08/2019","2.40","2.62","2.62","2.40","2.47K","-4.00%"
"06/08/2019","2.50","2.62","2.62","2.50","0.01K","0.00%"
"05/08/2019","2.50","2.62","2.62","2.50","0.01K","0.00%"
"02/08/2019","2.50","2.62","2.62","2.50","0.01K","4.17%"
"01/08/2019","2.40","2.40","2.40","2.40","0.12K","0.00%"
"31/07/2019","2.40","2.60","2.60","2.40","0.94K","-0.83%"
"30/07/2019","2.42","2.50","2.50","2.42","6.08K","-3.20%"
"29/07/2019","2.50","2.60","2.60","2.50","5.01K","-3.85%"
"26/07/2019","2.60","2.60","2.60","2.60","0.00K","0.00%"
"25/07/2019","2.60","2.60","2.60","2.50","1.08K","1.56%"
"24/07/2019","2.56","2.70","2.70","2.56","0.91K","-5.19%"
"23/07/2019","2.70","2.70","2.70","2.70","0.00K","0.00%"
"22/07/2019","2.70","2.70","2.70","2.64","1.00K","0.00%"
"19/07/2019","2.70","2.70","2.70","2.50","9.11K","0.00%"
"18/07/2019","2.70","2.70","2.70","2.64","8.12K","-0.74%"
"17/07/2019","2.72","2.72","2.72","2.68","1.03K","0.00%"
"16/07/2019","2.72","2.82","2.82","2.72","4.52K","-3.55%"
"15/07/2019","2.82","2.82","2.82","2.76","2.22K","0.00%"
"12/07/2019","2.82","2.82","2.82","2.82","0.00K","0.00%"
"11/07/2019","2.82","2.82","2.82","2.82","0.00K","0.00%"
"10/07/2019","2.82","2.84","2.84","2.80","1.17K","-0.70%"
"09/07/2019","2.84","2.84","2.84","2.84","1.99K","0.00%"
"08/07/2019","2.84","2.84","2.84","2.78","0.73K","-0.70%"
"05/07/2019","2.86","2.86","2.86","2.86","0.00K","0.00%"
"04/07/2019","2.86","2.80","2.86","2.80","3.81K","2.14%"
"03/07/2019","2.80","2.86","2.86","2.74","1.01K","-2.10%"
"02/07/2019","2.86","2.86","2.86","2.72","2.95K","0.00%"
"01/07/2019","2.86","2.60","2.86","2.60","1.00K","4.38%"
"28/06/2019","2.74","2.86","2.86","2.74","1.33K","0.00%"
"27/06/2019","2.74","2.86","2.86","2.74","2.40K","-4.20%"
"26/06/2019","2.86","2.86","2.86","2.76","0.53K","0.00%"
"25/06/2019","2.86","2.88","2.88","2.86","2.00K","-0.69%"
"24/06/2019","2.88","2.88","2.88","2.88","0.00K","2.86%"
"21/06/2019","2.80","2.88","2.88","2.80","0.21K","-3.45%"
"19/06/2019","2.90","2.90","2.90","2.90","0.00K","0.00%"
"18/06/2019","2.90","2.90","2.90","2.78","3.50K","0.00%"
"17/06/2019","2.90","2.74","2.90","2.74","1.00K","0.00%"
"14/06/2019","2.90","2.90","2.90","2.90","0.00K","0.00%"
"13/06/2019","2.90","2.90","2.90","2.80","2.37K","0.00%"
"12/06/2019","2.90","2.90","2.90","2.90","0.00K","0.00%"
"11/06/2019","2.90","2.90","2.90","2.90","0.00K","0.00%"
"10/06/2019","2.90","2.80","2.90","2.80","2.06K","0.00%"
"07/06/2019","2.90","2.90","2.90","2.90","0.00K","2.84%"
"06/06/2019","2.82","2.90","2.90","2.82","1.00K","-2.76%"
"05/06/2019","2.90","2.90","2.90","2.90","0.00K","0.00%"
"04/06/2019","2.90","2.94","2.94","2.86","3.50K","-1.36%"
"03/06/2019","2.94","2.94","2.94","2.94","0.00K","-1.34%"
"31/05/2019","2.98","2.98","2.98","2.96","3.00K","0.00%"
"30/05/2019","2.98","2.96","2.98","2.88","2.90K","0.68%"
"29/05/2019","2.96","2.96","2.96","2.96","0.00K","0.00%"
"28/05/2019","2.96","2.96","2.96","2.96","0.00K","2.78%"
"27/05/2019","2.88","2.96","2.96","2.88","0.02K","-2.70%"
"24/05/2019","2.96","2.96","2.96","2.96","0.00K","0.00%"
"23/05/2019","2.96","2.98","2.98","2.86","0.52K","-1.33%"
"22/05/2019","3.00","3.10","3.10","3.00","0.01K","0.00%"
"21/05/2019","3.00","2.98","3.00","2.86","3.72K","0.67%"
"20/05/2019","2.98","3.00","3.00","2.86","0.26K","-3.25%"
"17/05/2019","3.08","3.10","3.24","3.02","6.63K","-8.88%"
"16/05/2019","3.38","3.24","3.38","3.10","2.34K","4.32%"
"15/05/2019","3.24","3.38","3.38","3.10","3.77K","-4.14%"
"14/05/2019","3.38","3.38","3.38","3.38","0.00K","0.00%"
"13/05/2019","3.38","3.38","3.38","3.38","0.01K","-0.59%"
"10/05/2019","3.40","3.40","3.40","3.40","0.00K","0.00%"
"09/05/2019","3.40","3.40","3.40","3.40","0.00K","4.29%"
"08/05/2019","3.26","3.40","3.40","3.26","0.27K","-4.12%"
"07/05/2019","3.40","3.40","3.40","3.40","0.00K","0.00%"
"06/05/2019","3.40","3.40","3.40","3.32","3.41K","0.00%"
"02/05/2019","3.40","3.42","3.42","3.40","1.48K","0.00%"
"30/04/2019","3.40","3.56","3.56","3.40","6.88K","-1.16%"
"29/04/2019","3.44","3.56","3.56","3.44","0.75K","-3.37%"
"26/04/2019","3.56","3.56","3.56","3.56","0.00K","0.00%"
"25/04/2019","3.56","3.56","3.56","3.56","0.01K","0.00%"
"24/04/2019","3.56","3.66","3.66","3.52","2.99K","-2.73%"
"23/04/2019","3.66","3.66","3.66","3.66","0.00K","0.00%"
"18/04/2019","3.66","3.70","3.70","3.66","6.00K","-1.08%"
"17/04/2019","3.70","3.56","3.70","3.56","9.25K","3.93%"
"16/04/2019","3.56","3.56","3.56","3.50","6.59K","0.00%"
"15/04/2019","3.56","3.46","3.56","3.30","15.35K","0.56%"
"12/04/2019","3.54","3.56","3.56","3.52","11.70K","-0.56%"
"11/04/2019","3.56","3.54","3.56","3.44","17.22K","0.56%"
"10/04/2019","3.54","3.54","3.54","3.54","0.00K","0.00%"
"09/04/2019","3.54","3.54","3.54","3.40","4.18K","-0.56%"
"08/04/2019","3.56","3.56","3.56","3.56","0.00K","0.00%"
"05/04/2019","3.56","3.60","3.60","3.56","3.00K","-1.11%"
"04/04/2019","3.60","3.50","3.62","3.48","11.08K","2.86%"
"03/04/2019","3.50","3.50","3.50","3.50","0.00K","0.00%"
"02/04/2019","3.50","3.50","3.50","3.26","4.94K","0.00%"
"01/04/2019","3.50","3.50","3.50","3.50","0.00K","4.17%"
"29/03/2019","3.36","3.36","3.36","3.36","0.01K","0.00%"
"28/03/2019","3.36","3.36","3.36","3.36","0.26K","0.00%"
"27/03/2019","3.36","3.36","3.36","3.27","4.45K","0.00%"
"26/03/2019","3.36","3.58","3.59","3.26","10.42K","-6.41%"
"25/03/2019","3.59","3.70","3.70","3.57","3.71K","-3.23%"
"22/03/2019","3.71","3.63","3.71","3.63","9.53K","2.20%"
"21/03/2019","3.63","3.71","3.71","3.57","6.33K","-2.94%"
"20/03/2019","3.74","3.76","3.76","3.60","0.56K","0.54%"
"19/03/2019","3.72","3.70","3.76","3.58","16.18K","-1.33%"
"18/03/2019","3.77","3.70","3.77","3.63","16.59K","5.90%"
"15/03/2019","3.56","3.72","3.72","3.56","2.67K","-3.78%"
"14/03/2019","3.70","3.71","3.71","3.54","15.74K","4.82%"
"13/03/2019","3.53","3.49","3.53","3.49","9.00K","1.15%"
"12/03/2019","3.49","3.38","3.49","3.38","1.75K","0.00%"
"11/03/2019","3.49","3.55","3.55","3.40","16.69K","0.00%"
"08/03/2019","3.49","3.60","3.83","3.49","22.36K","-3.06%"
"07/03/2019","3.60","3.36","3.63","3.33","17.89K","7.14%"
"06/03/2019","3.36","3.20","3.45","3.19","27.13K","8.04%"
"05/03/2019","3.11","3.05","3.29","2.95","36.09K","1.97%"
"04/03/2019","3.05","3.07","3.10","2.95","13.09K","0.66%"
"01/03/2019","3.03","3.03","3.03","3.03","2.00K","0.00%"
"28/02/2019","3.03","3.03","3.03","3.03","0.00K","0.00%"
"27/02/2019","3.03","2.91","3.03","2.91","1.32K","0.00%"
"26/02/2019","3.03","3.03","3.03","3.03","3.00K","0.00%"
"25/02/2019","3.03","3.04","3.08","2.92","12.86K","0.00%"
"22/02/2019","3.03","3.04","3.04","2.91","9.20K","0.33%"
"21/02/2019","3.02","3.02","3.02","3.02","0.24K","0.00%"
"20/02/2019","3.02","3.02","3.02","3.02","0.00K","0.00%"
"19/02/2019","3.02","3.02","3.02","3.02","0.00K","0.00%"
"18/02/2019","3.02","2.96","3.02","2.85","1.73K","2.72%"
"15/02/2019","2.94","2.94","2.94","2.93","1.47K","0.00%"
"14/02/2019","2.94","2.94","2.94","2.93","0.60K","0.00%"
"13/02/2019","2.94","2.94","2.94","2.93","0.23K","0.00%"
"12/02/2019","2.94","3.02","3.02","2.83","0.46K","-2.65%"
"11/02/2019","3.02","3.04","3.04","2.90","3.65K","2.03%"
"08/02/2019","2.96","3.03","3.03","2.96","1.00K","-2.63%"
"07/02/2019","3.04","3.00","3.04","2.92","2.73K","1.33%"
"06/02/2019","3.00","2.91","3.00","2.91","9.35K","3.09%"
"05/02/2019","2.91","2.91","2.91","2.79","0.11K","0.34%"
"04/02/2019","2.90","2.90","2.90","2.89","0.48K","-0.34%"
"01/02/2019","2.91","2.91","2.91","2.91","0.15K","-0.34%"
"31/01/2019","2.92","2.92","2.92","2.92","0.20K","0.00%"
"30/01/2019","2.92","2.92","2.92","2.92","0.00K","-0.34%"
"29/01/2019","2.93","2.93","2.93","2.93","0.00K","3.17%"
"28/01/2019","2.84","2.94","2.94","2.84","0.20K","-0.70%"
"25/01/2019","2.86","2.95","2.95","2.86","0.50K","-3.38%"
"24/01/2019","2.96","2.96","2.96","2.96","0.00K","0.34%"
"23/01/2019","2.95","2.96","2.96","2.85","0.45K","-0.34%"
"22/01/2019","2.96","2.96","2.96","2.95","8.00K","0.00%"
"21/01/2019","2.96","2.86","2.96","2.86","1.01K","3.86%"
"18/01/2019","2.85","2.85","2.85","2.85","0.00K","-4.68%"
"17/01/2019","2.99","2.85","2.99","2.85","6.70K","-1.32%"
"16/01/2019","3.03","3.05","3.05","2.85","5.55K","-0.33%"
"15/01/2019","3.04","3.07","3.07","2.82","22.65K","1.00%"
"14/01/2019","3.01","2.80","3.01","2.80","10.12K","7.50%"
"11/01/2019","2.80","2.74","2.88","2.63","5.34K","3.70%"
"10/01/2019","2.70","2.66","2.86","2.57","28.64K","5.06%"
"09/01/2019","2.57","2.53","2.57","2.53","7.27K","1.58%"
"08/01/2019","2.53","2.53","2.53","2.53","0.19K","0.00%"
"07/01/2019","2.53","2.53","2.53","2.53","0.00K","-0.78%"
"04/01/2019","2.55","2.55","2.55","2.55","0.00K","0.39%"
"03/01/2019","2.54","2.46","2.56","2.43","5.01K","-0.78%"
"02/01/2019","2.56","2.60","2.60","2.56","1.13K","-1.54%"
"28/12/2018","2.60","2.61","2.61","2.48","87.22K","-0.38%"
"27/12/2018","2.61","2.61","2.61","2.61","0.00K","6.53%"
"21/12/2018","2.45","2.61","2.61","2.45","16.92K","-2.00%"
"20/12/2018","2.50","2.61","2.61","2.45","0.01K","-0.40%"
"19/12/2018","2.51","2.63","2.63","2.51","4.10K","-4.56%"
"18/12/2018","2.63","2.82","2.82","2.29","25.08K","1.15%"
"17/12/2018","2.60","2.62","2.64","2.59","5.13K","-6.81%"
"14/12/2018","2.79","2.83","2.83","2.72","1.80K","-1.76%"
"13/12/2018","2.84","2.84","2.84","2.84","0.00K","0.00%"
"12/12/2018","2.84","2.86","2.86","2.76","1.64K","-2.74%"
"11/12/2018","2.92","2.92","2.92","2.92","0.00K","0.00%"
"10/12/2018","2.92","2.94","2.94","2.81","3.41K","-0.68%"
"07/12/2018","2.94","3.17","3.17","2.94","3.72K","-6.67%"
"06/12/2018","3.15","3.17","3.17","2.92","3.40K","-0.63%"
"05/12/2018","3.17","3.17","3.17","3.17","0.00K","0.00%"
"04/12/2018","3.17","3.19","3.19","2.98","3.69K","-0.63%"
"03/12/2018","3.19","3.19","3.19","3.04","2.00K","0.00%"
"30/11/2018","3.19","2.76","3.19","2.76","8.76K","4.59%"
"29/11/2018","3.05","3.20","3.20","3.05","3.45K","-4.69%"
"28/11/2018","3.20","3.17","3.20","3.04","6.94K","0.95%"
"27/11/2018","3.17","2.94","3.20","2.91","20.47K","12.41%"
"26/11/2018","2.82","2.83","2.95","2.82","6.03K","0.71%"
"23/11/2018","2.80","2.77","2.89","2.70","11.10K","2.56%"
"22/11/2018","2.73","2.73","2.73","2.72","0.97K","-1.44%"
"21/11/2018","2.77","2.77","2.77","2.77","0.00K","5.32%"
"20/11/2018","2.63","2.80","2.80","2.63","0.07K","-4.36%"
"19/11/2018","2.75","2.75","2.80","2.66","10.92K","3.00%"
"16/11/2018","2.67","2.55","2.67","2.47","17.54K","2.30%"
"15/11/2018","2.61","2.67","2.67","2.61","2.00K","-2.25%"
"14/11/2018","2.67","2.67","2.67","2.67","0.00K","0.00%"
"13/11/2018","2.67","2.80","2.80","2.62","0.96K","0.38%"
"09/11/2018","2.66","2.80","2.80","2.58","5.67K","1.14%"
"08/11/2018","2.63","2.53","2.67","2.53","6.36K","-2.59%"
"07/11/2018","2.70","2.50","2.75","2.50","13.70K","0.00%"
"06/11/2018","2.70","2.50","2.70","2.41","16.95K","8.00%"
"05/11/2018","2.50","2.50","2.50","2.41","3.52K","0.00%"
"02/11/2018","2.50","2.50","2.50","2.50","0.00K","0.00%"
"31/10/2018","2.50","2.50","2.50","2.50","0.00K","0.81%"
"30/10/2018","2.48","2.50","2.50","2.39","2.06K","-3.12%"
"29/10/2018","2.56","2.56","2.56","2.39","6.62K","0.00%"
"26/10/2018","2.56","2.56","2.56","2.56","0.00K","0.79%"
"25/10/2018","2.54","2.54","2.54","2.39","1.52K","-0.78%"
"24/10/2018","2.56","2.56","2.56","2.41","0.57K","9.87%"
"23/10/2018","2.33","2.56","2.56","2.33","8.53K","-5.28%"
"22/10/2018","2.46","2.64","2.64","2.46","5.31K","-6.82%"
"19/10/2018","2.64","2.47","2.64","2.47","14.17K","5.60%"
"18/10/2018","2.50","2.58","2.58","2.50","0.12K","0.81%"
"17/10/2018","2.48","2.50","2.56","2.48","3.06K","-0.80%"
"16/10/2018","2.50","2.40","2.52","2.35","14.80K","9.17%"
"15/10/2018","2.29","2.38","2.38","2.29","0.10K","-3.78%"
"12/10/2018","2.38","2.25","2.38","2.21","11.68K","5.78%"
"11/10/2018","2.25","2.25","2.25","2.25","0.00K","2.27%"
"10/10/2018","2.20","2.28","2.28","2.20","4.48K","-3.93%"
"09/10/2018","2.29","2.29","2.29","2.29","0.00K","4.09%"
"08/10/2018","2.20","2.32","2.32","2.20","7.12K","2.80%"
"05/10/2018","2.14","2.12","2.14","2.01","6.57K","2.88%"
"04/10/2018","2.08","2.06","2.08","2.00","10.06K","0.97%"
"03/10/2018","2.06","2.06","2.06","2.06","0.00K","3.52%"
"02/10/2018","1.99","2.06","2.06","1.90","1.48K","4.74%"
"01/10/2018","1.90","1.99","1.99","1.90","1.17K","-4.52%"
"28/09/2018","1.99","2.06","2.06","1.91","5.30K","-3.40%"
"27/09/2018","2.06","2.06","2.06","2.06","0.00K","3.52%"
"26/09/2018","1.99","2.06","2.06","1.99","0.70K","0.00%"
"25/09/2018","1.99","2.06","2.06","1.93","1.40K","0.00%"
"24/09/2018","1.99","1.99","1.99","1.99","1.69K","0.00%"
"21/09/2018","1.99","1.99","1.99","1.99","0.79K","4.74%"
"20/09/2018","1.90","1.90","1.90","1.90","0.42K","-4.52%"
"19/09/2018","1.99","1.99","1.99","1.99","0.00K","0.00%"
"18/09/2018","1.99","1.99","1.99","1.99","0.67K","0.00%"
"17/09/2018","1.99","1.99","1.99","1.99","0.03K","0.00%"
"14/09/2018","1.99","2.04","2.04","1.99","4.80K","-2.45%"
"12/09/2018","2.04","2.04","2.04","2.04","0.41K","-2.86%"
"11/09/2018","2.10","2.12","2.12","1.99","0.75K","5.53%"
"10/09/2018","1.99","1.98","1.99","1.98","0.15K","0.51%"
"07/09/2018","1.98","2.02","2.12","1.98","7.61K","-5.26%"
"06/09/2018","2.09","2.12","2.12","2.09","0.65K","3.47%"
"05/09/2018","2.02","2.12","2.12","2.02","2.57K","-3.35%"
"04/09/2018","2.09","2.12","2.12","2.09","1.70K","2.96%"
"03/09/2018","2.03","2.12","2.12","2.03","4.07K","-3.33%"
"31/08/2018","2.10","2.16","2.16","2.10","2.13K","-2.78%"
"30/08/2018","2.16","2.16","2.16","2.16","1.10K","0.00%"
"29/08/2018","2.16","2.16","2.16","2.16","1.60K","0.00%"
"28/08/2018","2.16","2.16","2.16","2.12","0.61K","0.00%"
"27/08/2018","2.16","2.15","2.16","2.15","0.95K","2.86%"
"24/08/2018","2.10","2.15","2.15","2.10","1.00K","-2.78%"
"23/08/2018","2.16","2.16","2.16","2.16","0.00K","0.00%"
"22/08/2018","2.16","2.16","2.16","2.16","0.00K","0.00%"
"21/08/2018","2.16","2.16","2.16","2.09","2.55K","0.47%"
"20/08/2018","2.15","2.16","2.16","2.09","1.29K","-0.46%"
"17/08/2018","2.16","2.16","2.16","2.15","0.68K","0.00%"
"16/08/2018","2.16","2.18","2.18","2.07","4.68K","0.00%"
"14/08/2018","2.16","2.16","2.16","2.16","0.00K","0.00%"
"13/08/2018","2.16","2.16","2.16","2.08","2.75K","0.00%"
"10/08/2018","2.16","2.19","2.19","2.09","3.52K","0.00%"
"09/08/2018","2.16","2.16","2.16","2.16","0.00K","0.00%"
"08/08/2018","2.16","2.16","2.16","2.16","0.00K","0.00%"
"07/08/2018","2.16","2.19","2.19","2.16","0.62K","0.00%"
"06/08/2018","2.16","2.10","2.16","2.10","3.49K","3.85%"
"03/08/2018","2.08","2.15","2.15","2.08","1.20K","-3.26%"
"01/08/2018","2.15","2.15","2.15","2.15","0.00K","1.90%"
"31/07/2018","2.11","2.11","2.11","2.11","0.20K","0.00%"
"30/07/2018","2.11","2.19","2.19","2.11","2.52K","-3.65%"
"27/07/2018","2.19","2.19","2.19","2.19","0.00K","0.00%"
"26/07/2018","2.19","2.19","2.19","2.19","0.00K","0.46%"
"25/07/2018","2.18","2.18","2.18","2.11","2.82K","0.00%"
"24/07/2018","2.18","2.18","2.18","2.18","0.00K","0.00%"
"23/07/2018","2.18","2.18","2.18","2.08","0.01K","0.00%"
"20/07/2018","2.18","2.18","2.18","2.18","0.00K","0.00%"
"19/07/2018","2.18","2.18","2.18","2.18","0.00K","0.00%"
"18/07/2018","2.18","2.18","2.18","2.18","0.00K","0.00%"
"17/07/2018","2.18","2.18","2.18","2.18","0.00K","0.00%"
"16/07/2018","2.18","2.18","2.18","2.18","0.00K","3.81%"
"13/07/2018","2.10","2.16","2.19","2.10","0.51K","-4.11%"
"12/07/2018","2.19","2.14","2.19","2.14","0.30K","2.34%"
"11/07/2018","2.14","2.14","2.14","2.14","0.00K","0.00%"
"10/07/2018","2.14","2.10","2.14","2.06","2.46K","1.90%"
"09/07/2018","2.10","2.10","2.10","2.10","1.80K","0.48%"
"06/07/2018","2.09","2.00","2.10","2.00","7.12K","-0.48%"
"05/07/2018","2.10","2.10","2.10","2.10","0.00K","2.44%"
"04/07/2018","2.05","2.10","2.10","2.05","0.75K","-2.38%"
"03/07/2018","2.10","2.10","2.10","2.10","0.00K","5.00%"
"02/07/2018","2.00","2.10","2.10","2.00","6.54K","1.52%"
"29/06/2018","1.97","2.09","2.09","1.97","0.20K","-1.50%"
"28/06/2018","2.00","2.10","2.10","1.86","34.10K","-4.76%"
"27/06/2018","2.10","2.00","2.10","1.98","1.33K","0.00%"
"26/06/2018","2.10","2.10","2.10","2.10","0.00K","2.44%"
"25/06/2018","2.05","2.10","2.10","2.05","4.66K","-2.38%"
"22/06/2018","2.10","2.10","2.10","2.10","0.00K","0.00%"
"21/06/2018","2.10","2.10","2.10","2.10","0.00K","1.94%"
"20/06/2018","2.06","2.11","2.11","2.06","0.90K","-2.83%"
"19/06/2018","2.12","2.11","2.13","2.11","0.53K","4.95%"
"18/06/2018","2.02","1.99","2.13","1.99","15.63K","1.51%"
"15/06/2018","1.99","1.99","1.99","1.99","0.00K","0.00%"
"14/06/2018","1.99","1.99","1.99","1.99","0.00K","3.65%"
"13/06/2018","1.92","1.99","1.99","1.91","1.80K","-1.03%"
"12/06/2018","1.94","1.98","1.99","1.91","0.61K","-2.51%"
"11/06/2018","1.99","1.99","1.99","1.91","8.21K","0.00%"
"08/06/2018","1.99","1.99","1.99","1.99","0.00K","0.00%"
"07/06/2018","1.99","1.99","1.99","1.99","0.00K","0.00%"
"06/06/2018","1.99","1.99","1.99","1.99","0.00K","5.29%"
"05/06/2018","1.89","1.88","1.89","1.87","8.43K","6.18%"
"04/06/2018","1.78","1.89","1.89","1.78","1.50K","-3.26%"
"01/06/2018","1.84","1.80","1.84","1.80","6.35K","0.00%"
"30/05/2018","1.84","1.88","1.88","1.84","5.49K","0.00%"
"29/05/2018","1.84","1.88","1.88","1.75","11.99K","1.66%"
"28/05/2018","1.81","1.81","1.81","1.81","0.01K","9.04%"
"25/05/2018","1.66","1.66","1.66","1.66","0.00K","0.61%"
"24/05/2018","1.65","1.70","1.70","1.65","0.50K","-2.94%"
"23/05/2018","1.70","1.70","1.70","1.70","0.10K","0.00%"
"22/05/2018","1.70","1.70","1.70","1.69","1.50K","0.00%"
"21/05/2018","1.70","1.70","1.70","1.70","0.00K","-0.58%"
"18/05/2018","1.71","1.65","1.71","1.65","0.32K","3.64%"
"17/05/2018","1.65","1.69","1.71","1.65","13.04K","-2.37%"
"16/05/2018","1.69","1.69","1.69","1.69","0.00K","0.00%"
"15/05/2018","1.69","1.69","1.69","1.69","0.03K","0.00%"
"14/05/2018","1.69","1.69","1.69","1.69","0.00K","-0.59%"
"11/05/2018","1.70","1.74","1.74","1.70","0.21K","-0.58%"
"10/05/2018","1.71","1.85","1.85","1.69","16.86K","-8.06%"
"09/05/2018","1.86","1.89","1.89","1.77","1.35K","-1.06%"
"08/05/2018","1.88","1.88","1.88","1.88","0.00K","0.00%"
"07/05/2018","1.88","1.88","1.88","1.80","1.40K","-0.53%"
"04/05/2018","1.89","1.89","1.89","1.89","0.00K","5.00%"
"02/05/2018","1.80","1.89","1.89","1.80","0.30K","-4.76%"
"30/04/2018","1.89","1.89","1.89","1.80","0.30K","0.00%"
"27/04/2018","1.89","1.89","1.89","1.89","0.00K","2.16%"
"26/04/2018","1.85","1.89","1.89","1.85","1.35K","0.00%"
"25/04/2018","1.85","1.89","1.89","1.85","4.76K","-2.12%"
"24/04/2018","1.89","1.89","1.89","1.89","0.00K","2.16%"
"23/04/2018","1.85","1.88","1.88","1.85","12.14K","-1.60%"
"20/04/2018","1.88","1.93","1.93","1.88","2.02K","-1.05%"
"19/04/2018","1.90","1.94","1.97","1.90","8.02K","1.06%"
"18/04/2018","1.88","1.85","1.94","1.81","176.65K","3.87%"
"17/04/2018","1.81","1.85","1.85","1.81","0.62K","-4.23%"
"16/04/2018","1.89","1.89","1.89","1.89","5.24K","1.07%"
"13/04/2018","1.87","1.88","1.88","1.87","0.77K","0.00%"
"12/04/2018","1.87","1.88","1.88","1.87","0.00K","-1.06%"
"11/04/2018","1.89","1.89","1.89","1.89","0.00K","2.72%"
"10/04/2018","1.84","1.89","1.89","1.84","0.16K","-2.65%"
"09/04/2018","1.89","1.89","1.89","1.89","0.00K","0.00%"
"06/04/2018","1.89","1.88","1.89","1.84","1.40K","0.00%"
"05/04/2018","1.89","1.89","1.89","1.88","1.27K","0.00%"
"04/04/2018","1.89","1.89","1.89","1.89","0.00K","0.00%"
"03/04/2018","1.89","1.89","1.89","1.84","2.53K","2.72%"
"29/03/2018","1.84","1.84","1.84","1.84","1.05K","0.00%"
"28/03/2018","1.84","1.85","1.85","1.84","1.10K","0.00%"
"27/03/2018","1.84","1.86","1.86","1.84","0.41K","-1.08%"
"26/03/2018","1.86","1.94","1.94","1.86","22.01K","-4.12%"
"23/03/2018","1.94","1.88","1.94","1.88","0.99K","-2.51%"
"22/03/2018","1.99","1.99","1.99","1.99","0.00K","4.74%"
"21/03/2018","1.90","1.87","1.99","1.87","3.52K","1.60%"
"20/03/2018","1.87","1.99","1.99","1.87","0.40K","-6.03%"
"19/03/2018","1.99","1.99","1.99","1.99","0.00K","1.02%"
"16/03/2018","1.97","1.99","1.99","1.97","0.42K","5.35%"
"14/03/2018","1.87","1.99","1.99","1.87","0.41K","-1.58%"
"13/03/2018","1.90","1.99","1.99","1.90","0.16K","1.60%"
"12/03/2018","1.87","1.99","1.99","1.87","2.40K","-3.11%"
"09/03/2018","1.93","1.99","1.99","1.93","1.20K","1.58%"
"08/03/2018","1.90","1.90","1.90","1.90","2.70K","0.00%"
"07/03/2018","1.90","1.90","1.90","1.90","0.00K","0.00%"
"06/03/2018","1.90","1.88","1.90","1.88","3.21K","0.00%"
"05/03/2018","1.90","1.90","1.90","1.78","5.46K","0.00%"
"02/03/2018","1.90","1.90","1.90","1.85","1.01K","0.00%"
"01/03/2018","1.90","1.90","1.90","1.90","1.45K","0.00%"
"28/02/2018","1.90","1.85","1.90","1.85","0.01K","1.06%"
"27/02/2018","1.88","1.90","1.90","1.87","4.19K","-1.57%"
"26/02/2018","1.91","1.99","1.99","1.91","0.33K","-2.55%"
"23/02/2018","1.96","1.96","1.96","1.96","0.06K","0.51%"
"22/02/2018","1.95","1.95","1.95","1.95","1.00K","-0.51%"
"21/02/2018","1.96","1.96","1.96","1.96","1.76K","0.51%"
"20/02/2018","1.95","1.96","1.96","1.95","1.00K","0.00%"
"16/02/2018","1.95","1.95","1.95","1.95","0.20K","1.56%"
"15/02/2018","1.92","1.99","2.05","1.92","17.22K","-3.52%"
"14/02/2018","1.99","1.99","1.99","1.99","0.65K","-1.49%"
"13/02/2018","2.02","2.03","2.03","2.02","3.36K","-0.49%"
"12/02/2018","2.03","2.17","2.17","1.99","10.50K","-3.33%"
"09/02/2018","2.10","2.10","2.10","2.10","0.50K","0.00%"
"08/02/2018","2.10","2.17","2.17","2.10","0.30K","0.00%"
"07/02/2018","2.10","2.17","2.17","2.10","1.90K","1.45%"
"06/02/2018","2.07","2.11","2.11","2.07","2.00K","-4.61%"
"05/02/2018","2.17","2.18","2.18","2.11","12.71K","4.33%"
"02/02/2018","2.08","2.12","2.18","2.08","10.12K","-5.02%"
"01/02/2018","2.19","2.27","2.27","2.12","10.25K","-8.75%"
"31/01/2018","2.40","2.40","2.40","2.40","0.00K","0.00%"
"30/01/2018","2.40","2.40","2.40","2.40","0.00K","-1.23%"
"29/01/2018","2.43","2.43","2.43","2.43","0.00K","4.29%"
"26/01/2018","2.33","2.40","2.40","2.33","0.30K","-4.51%"
"25/01/2018","2.44","2.44","2.44","2.44","0.00K","0.00%"
"24/01/2018","2.44","2.44","2.44","2.44","0.00K","0.00%"
"23/01/2018","2.44","2.44","2.44","2.44","0.00K","0.00%"
"22/01/2018","2.44","2.43","2.44","2.27","6.09K","4.27%"
"19/01/2018","2.34","2.34","2.34","2.34","0.00K","0.00%"
"18/01/2018","2.34","2.41","2.41","2.33","5.10K","-2.90%"
"17/01/2018","2.41","2.41","2.41","2.41","0.16K","0.42%"
"16/01/2018","2.40","2.53","2.53","2.40","6.93K","-4.00%"
"15/01/2018","2.50","2.43","2.63","2.43","16.44K","3.31%"
"12/01/2018","2.42","2.42","2.42","2.42","0.10K","0.00%"
"11/01/2018","2.42","2.42","2.42","2.35","0.47K","2.11%"
"10/01/2018","2.37","2.49","2.49","2.37","16.72K","-5.20%"
"09/01/2018","2.50","2.50","2.51","2.50","6.81K","-1.19%"
"08/01/2018","2.53","2.51","2.53","2.51","4.71K","1.20%"
"05/01/2018","2.50","2.44","2.51","2.40","12.75K","6.38%"
"04/01/2018","2.35","2.25","2.71","2.25","26.14K","4.44%"
"03/01/2018","2.25","2.05","2.25","2.05","23.39K","10.84%"
"29/12/2017","2.03","1.90","2.07","1.90","10.12K","3.57%"
"28/12/2017","1.96","1.95","1.96","1.95","6.32K","3.16%"
"27/12/2017","1.90","1.92","2.00","1.88","56.80K","-0.52%"
"22/12/2017","1.91","1.91","1.91","1.91","2.55K","-3.05%"
"21/12/2017","1.97","1.89","1.98","1.89","14.17K","-0.51%"
"20/12/2017","1.98","1.95","1.98","1.88","1.10K","1.54%"
"19/12/2017","1.95","1.99","1.99","1.95","1.20K","-1.02%"
"18/12/2017","1.97","1.99","1.99","1.97","1.63K","-1.01%"
"15/12/2017","1.99","1.99","2.02","1.99","15.13K","0.00%"
"14/12/2017","1.99","2.07","2.07","1.95","40.50K","-1.00%"
"13/12/2017","2.01","2.01","2.07","2.01","2.12K","-3.83%"
"12/12/2017","2.09","2.09","2.09","2.09","0.00K","1.95%"
"11/12/2017","2.05","2.09","2.09","2.05","2.01K","-1.44%"
"08/12/2017","2.08","2.04","2.08","2.04","4.30K","0.00%"
"07/12/2017","2.08","2.00","2.08","1.92","28.25K","-0.48%"
"06/12/2017","2.09","2.35","2.35","2.05","36.58K","-11.06%"
"05/12/2017","2.35","2.35","2.35","2.34","2.55K","-3.29%"
"04/12/2017","2.43","2.59","2.59","2.34","4.53K","0.00%"
"01/12/2017","2.43","2.59","2.59","2.43","0.20K","2.53%"
"30/11/2017","2.37","2.63","2.63","2.37","0.50K","-4.82%"
"29/11/2017","2.49","2.58","2.58","2.44","1.31K","-0.40%"
"28/11/2017","2.50","2.66","2.66","2.50","5.00K","-6.37%"
"27/11/2017","2.67","2.67","2.67","2.67","0.00K","0.38%"
"24/11/2017","2.66","2.55","2.66","2.43","13.75K","-1.12%"
"23/11/2017","2.69","2.69","2.69","2.55","0.13K","0.00%"
"22/11/2017","2.69","2.69","2.69","2.69","0.00K","0.00%"
"21/11/2017","2.69","2.69","2.69","2.69","0.01K","0.00%"
"20/11/2017","2.69","2.69","2.69","2.69","0.00K","0.00%"
"16/11/2017","2.69","2.69","2.69","2.53","0.61K","0.00%"
"15/11/2017","2.69","2.69","2.69","2.69","0.00K","0.00%"
"14/11/2017","2.69","2.69","2.69","2.69","0.00K","-0.37%"
"13/11/2017","2.70","2.50","2.70","2.50","0.18K","0.37%"
"10/11/2017","2.69","2.59","2.69","2.50","0.15K","0.00%"
"09/11/2017","2.69","2.69","2.69","2.69","0.00K","0.00%"
"08/11/2017","2.69","2.69","2.69","2.58","0.23K","0.00%"
"07/11/2017","2.69","2.80","2.80","2.69","0.30K","-4.95%"
"06/11/2017","2.83","2.85","2.85","2.57","7.68K","-0.70%"
"03/11/2017","2.85","2.99","2.99","2.85","2.50K","-4.68%"
"02/11/2017","2.99","2.99","2.99","2.80","0.91K","0.00%"
"31/10/2017","2.99","2.89","2.99","2.89","0.02K","0.00%"
"30/10/2017","2.99","2.99","2.99","2.99","0.00K","0.00%"
"27/10/2017","2.99","3.00","3.00","2.86","1.76K","-0.33%"
"26/10/2017","3.00","3.00","3.00","3.00","0.00K","0.00%"
"25/10/2017","3.00","3.00","3.00","2.77","0.11K","0.00%"
"24/10/2017","3.00","2.81","3.00","2.80","1.30K","0.00%"
"23/10/2017","3.00","3.00","3.00","2.89","0.27K","0.00%"
"20/10/2017","3.00","3.00","3.00","3.00","0.00K","6.01%"
"19/10/2017","2.83","3.00","3.00","2.83","0.45K","-2.41%"
"18/10/2017","2.90","3.00","3.00","2.86","4.20K","0.00%"
"17/10/2017","2.90","3.00","3.00","2.90","3.31K","-3.33%"
"16/10/2017","3.00","2.99","3.00","2.90","0.41K","3.45%"
"13/10/2017","2.90","3.00","3.00","2.70","13.83K","-4.29%"
"12/10/2017","3.03","3.03","3.03","3.03","0.00K","1.00%"
"11/10/2017","3.00","3.03","3.03","2.92","0.37K","-0.99%"
"10/10/2017","3.03","3.03","3.03","3.03","0.08K","0.33%"
"09/10/2017","3.02","3.02","3.02","3.02","0.15K","-0.33%"
"06/10/2017","3.03","3.03","3.03","3.03","0.00K","3.77%"
"05/10/2017","2.92","3.03","3.03","2.92","1.90K","-3.63%"
"04/10/2017","3.03","3.02","3.05","2.91","7.28K","0.66%"
"03/10/2017","3.01","3.00","3.02","2.91","6.00K","0.33%"
"02/10/2017","3.00","3.01","3.03","3.00","7.58K","-0.33%"
"29/09/2017","3.01","3.05","3.05","3.01","0.89K","0.00%"
"28/09/2017","3.01","3.01","3.01","3.01","3.13K","0.00%"
"27/09/2017","3.01","3.05","3.05","3.01","4.06K","-1.31%"
"26/09/2017","3.05","3.05","3.05","3.05","0.00K","1.33%"
"25/09/2017","3.01","3.08","3.08","3.01","1.15K","0.00%"
"22/09/2017","3.01","3.08","3.08","3.01","0.26K","-2.27%"
"21/09/2017","3.08","3.07","3.08","3.01","2.70K","-0.32%"
"20/09/2017","3.09","3.09","3.09","3.09","0.00K","0.00%"
"19/09/2017","3.09","3.09","3.09","3.09","1.21K","0.65%"
"18/09/2017","3.07","3.10","3.10","3.07","1.90K","1.99%"
"15/09/2017","3.01","3.10","3.10","3.01","4.03K","-2.90%"
"14/09/2017","3.10","2.95","3.10","2.95","98.53K","5.08%"
"13/09/2017","2.95","2.86","2.98","2.86","16.79K","3.51%"
"12/09/2017","2.85","2.85","2.85","2.81","1.41K","1.79%"
"11/09/2017","2.80","2.80","2.86","2.80","0.02K","0.00%"
"08/09/2017","2.80","2.80","2.80","2.80","0.20K","0.00%"
"07/09/2017","2.80","2.95","2.95","2.80","0.04K","-1.41%"
"06/09/2017","2.84","2.88","2.98","2.74","12.08K","-4.05%"
"05/09/2017","2.96","2.99","2.99","2.84","3.62K","-0.67%"
"04/09/2017","2.98","2.99","3.03","2.90","10.72K","0.68%"
"01/09/2017","2.96","2.65","2.96","2.65","41.04K","13.41%"
"31/08/2017","2.61","2.66","2.70","2.61","7.82K","-2.61%"
"30/08/2017","2.68","2.46","2.68","2.46","11.96K","8.94%"
"29/08/2017","2.46","2.46","2.60","2.46","13.09K","-0.81%"
"28/08/2017","2.48","2.50","2.50","2.48","2.07K","-0.80%"
"25/08/2017","2.50","2.50","2.50","2.50","0.57K","0.00%"
"24/08/2017","2.50","2.50","2.50","2.50","0.01K","-0.79%"
"23/08/2017","2.52","2.51","2.52","2.51","0.30K","0.40%"
"22/08/2017","2.51","2.51","2.51","2.50","0.20K","0.00%"
"21/08/2017","2.51","2.68","2.68","2.45","6.40K","-6.34%"
"18/08/2017","2.68","2.68","2.68","2.68","0.00K","0.00%"
"17/08/2017","2.68","2.68","2.68","2.68","0.01K","0.00%"
"16/08/2017","2.68","2.68","2.68","2.68","0.01K","3.47%"
"14/08/2017","2.59","2.68","2.68","2.59","0.86K","0.00%"
"11/08/2017","2.59","2.55","2.59","2.55","0.60K","-0.38%"
"10/08/2017","2.60","2.60","2.60","2.50","2.03K","0.00%"
"09/08/2017","2.60","2.73","2.73","2.60","7.29K","0.00%"
"08/08/2017","2.60","2.63","2.63","2.60","1.18K","-1.89%"
"07/08/2017","2.65","2.70","2.70","2.65","5.08K","0.76%"
"04/08/2017","2.63","2.70","2.70","2.63","2.31K","0.77%"
"03/08/2017","2.61","2.70","2.70","2.54","2.10K","-3.33%"
"02/08/2017","2.70","2.70","2.70","2.70","0.01K","0.00%"
"01/08/2017","2.70","2.70","2.70","2.70","0.01K","0.00%"
"31/07/2017","2.70","2.70","2.70","2.70","0.00K","0.00%"
"28/07/2017","2.70","2.70","2.70","2.70","0.00K","0.00%"
"27/07/2017","2.70","2.70","2.70","2.66","0.36K","0.00%"
"26/07/2017","2.70","2.70","2.70","2.70","0.01K","0.00%"
"25/07/2017","2.70","2.70","2.70","2.70","0.01K","0.00%"
"24/07/2017","2.70","2.70","2.70","2.70","0.01K","0.00%"
"21/07/2017","2.70","2.70","2.70","2.70","0.00K","0.00%"
"20/07/2017","2.70","2.70","2.70","2.70","1.01K","0.00%"
"19/07/2017","2.70","2.70","2.70","2.70","0.01K","-1.10%"
"18/07/2017","2.73","2.71","2.73","2.65","0.88K","0.00%"
"17/07/2017","2.73","2.75","2.75","2.73","0.36K","-0.73%"
"14/07/2017","2.75","2.75","2.75","2.75","0.01K","0.00%"
"13/07/2017","2.75","2.75","2.75","2.75","0.00K","1.48%"
"12/07/2017","2.71","2.71","2.71","2.71","0.87K","0.00%"
"11/07/2017","2.71","2.65","2.71","2.65","0.04K","2.26%"
"10/07/2017","2.65","2.75","2.75","2.65","0.30K","-3.64%"
"07/07/2017","2.75","2.75","2.75","2.75","1.05K","0.00%"
"05/07/2017","2.75","2.71","2.75","2.71","2.85K","-3.17%"
"03/07/2017","2.84","2.79","2.84","2.79","1.97K","1.43%"
"30/06/2017","2.80","2.77","2.80","2.77","0.57K","1.08%"
"27/06/2017","2.77","2.75","2.77","2.75","2.71K","-3.48%"
"26/06/2017","2.87","2.87","2.87","2.87","0.00K","0.00%"
"23/06/2017","2.87","2.87","2.87","2.87","0.02K","0.00%"
"22/06/2017","2.87","2.87","2.87","2.87","0.01K","0.00%"
"21/06/2017","2.87","2.87","2.87","2.87","0.06K","1.41%"
"19/06/2017","2.83","2.83","2.83","2.83","0.34K","-1.39%"
"16/06/2017","2.87","2.75","2.87","2.75","0.01K","4.36%"
"14/06/2017","2.75","2.87","2.87","2.75","3.76K","-1.79%"
"13/06/2017","2.80","2.88","2.88","2.80","2.55K","-3.11%"
"12/06/2017","2.89","2.88","2.89","2.87","1.19K","-0.34%"
"09/06/2017","2.90","2.85","3.10","2.79","8.37K","2.84%"
"08/06/2017","2.82","2.99","2.99","2.82","0.41K","-5.69%"
"07/06/2017","2.99","2.99","2.99","2.99","0.00K","-0.33%"
"06/06/2017","3.00","3.00","3.00","3.00","0.01K","4.53%"
"05/06/2017","2.87","3.00","3.00","2.87","2.71K","-3.69%"
"01/06/2017","2.98","3.00","3.00","2.83","12.01K","5.30%"
"31/05/2017","2.83","2.84","2.84","2.83","0.35K","2.91%"
"30/05/2017","2.75","2.84","2.84","2.75","0.06K","-3.17%"
"29/05/2017","2.84","2.84","2.84","2.84","0.00K","1.79%"
"26/05/2017","2.79","2.84","2.84","2.75","10.73K","-0.36%"
"25/05/2017","2.80","2.85","2.85","2.80","2.03K","0.00%"
"24/05/2017","2.80","2.87","2.87","2.80","6.30K","-3.45%"
"23/05/2017","2.90","2.87","2.92","2.87","4.60K","0.35%"
"22/05/2017","2.89","2.96","3.00","2.85","12.59K","-1.70%"
"19/05/2017","2.94","2.94","2.94","2.94","0.07K","0.34%"
"18/05/2017","2.93","3.10","3.10","2.92","12.53K","-5.48%"
"17/05/2017","3.10","3.10","3.10","3.10","0.00K","0.00%"
"16/05/2017","3.10","3.10","3.10","3.10","0.01K","0.00%"
"12/05/2017","3.10","3.10","3.10","3.10","0.00K","0.00%"
"10/05/2017","3.10","3.10","3.10","3.04","4.51K","0.00%"
"09/05/2017","3.10","3.10","3.10","3.10","0.60K","0.00%"
"08/05/2017","3.10","3.10","3.10","3.10","0.00K","0.00%"
"05/05/2017","3.10","3.06","3.10","3.06","0.97K","1.64%"
"04/05/2017","3.05","3.05","3.05","3.05","1.23K","0.33%"
"02/05/2017","3.04","3.04","3.05","3.04","0.52K","-3.18%"
"28/04/2017","3.14","3.17","3.17","3.06","9.13K","-0.32%"
"27/04/2017","3.15","3.17","3.17","3.11","2.61K","-0.94%"
"26/04/2017","3.18","3.18","3.18","3.10","1.15K","-0.31%"
"25/04/2017","3.19","3.19","3.19","3.19","0.10K","-0.62%"
"24/04/2017","3.21","3.21","3.21","3.21","0.00K","1.58%"
"21/04/2017","3.16","3.22","3.22","3.16","3.00K","-2.17%"
"20/04/2017","3.23","3.22","3.23","3.22","3.41K","0.31%"
"19/04/2017","3.22","3.22","3.22","3.22","0.04K","1.58%"
"18/04/2017","3.17","3.17","3.20","3.17","5.06K","0.00%"
"13/04/2017","3.17","3.20","3.20","3.10","9.71K","-1.55%"
"12/04/2017","3.22","3.22","3.22","3.22","0.00K","0.00%"
"11/04/2017","3.22","3.22","3.22","3.22","2.60K","0.94%"
"10/04/2017","3.19","3.17","3.19","3.17","5.30K","1.92%"
"07/04/2017","3.13","3.13","3.13","3.13","3.20K","-1.88%"
"06/04/2017","3.19","3.19","3.19","3.15","0.64K","0.00%"
"05/04/2017","3.19","3.16","3.19","3.16","0.25K","0.31%"
"04/04/2017","3.18","3.18","3.18","3.18","1.00K","0.32%"
"03/04/2017","3.17","3.14","3.17","3.14","3.96K","0.96%"
"31/03/2017","3.14","3.14","3.14","3.10","1.62K","0.64%"
"30/03/2017","3.12","3.13","3.13","3.12","0.60K","-1.58%"
"29/03/2017","3.17","3.08","3.17","3.08","2.51K","4.62%"
"28/03/2017","3.03","3.05","3.05","3.03","1.77K","-0.66%"
"27/03/2017","3.05","3.10","3.10","3.05","5.71K","-2.87%"
"24/03/2017","3.14","3.08","3.17","3.02","16.06K","0.00%"
"23/03/2017","3.14","3.17","3.17","3.05","3.34K","-0.95%"
"22/03/2017","3.17","3.19","3.19","3.07","3.61K","-0.94%"
"21/03/2017","3.20","3.19","3.20","3.15","2.74K","-1.54%"
"20/03/2017","3.25","3.31","3.31","3.20","9.28K","-1.81%"
"17/03/2017","3.31","3.31","3.40","3.31","0.46K","0.00%"
"16/03/2017","3.31","3.32","3.32","3.25","2.10K","0.30%"
"15/03/2017","3.30","3.30","3.33","3.30","4.95K","0.30%"
"14/03/2017","3.29","3.24","3.29","3.20","9.49K","-0.30%"
"13/03/2017","3.30","3.37","3.37","3.30","0.90K","-0.90%"
"10/03/2017","3.33","3.37","3.37","3.24","4.60K","-1.19%"
"09/03/2017","3.37","3.39","3.39","3.30","6.35K","-0.59%"
"08/03/2017","3.39","3.47","3.47","3.30","4.34K","-2.31%"
"07/03/2017","3.47","3.31","3.52","3.31","21.53K","5.15%"
"06/03/2017","3.30","3.18","3.49","3.18","36.97K","1.85%"
"03/03/2017","3.24","3.24","3.24","3.15","105.72K","-0.31%"
"02/03/2017","3.25","3.09","3.39","3.09","33.56K","5.18%"
"01/03/2017","3.09","3.10","3.10","3.05","2.80K","-0.32%"
"28/02/2017","3.10","3.08","3.10","3.08","2.50K","2.99%"
"27/02/2017","3.01","3.09","3.09","3.01","0.76K","-2.59%"
"24/02/2017","3.09","3.10","3.10","3.03","2.09K","-0.32%"
"23/02/2017","3.10","3.10","3.10","3.04","3.35K","0.32%"
"22/02/2017","3.09","3.04","3.13","3.02","14.45K","1.98%"
"21/02/2017","3.03","3.04","3.04","2.99","2.20K","0.00%"
"20/02/2017","3.03","3.04","3.04","3.00","3.20K","1.00%"
"17/02/2017","3.00","3.00","3.04","3.00","0.23K","-1.32%"
"16/02/2017","3.04","3.04","3.04","3.04","0.00K","1.33%"
"15/02/2017","3.00","3.01","3.04","3.00","1.45K","-1.32%"
"14/02/2017","3.04","2.98","3.04","2.98","2.02K","0.00%"
"13/02/2017","3.04","3.04","3.04","2.98","3.41K","-0.33%"
"10/02/2017","3.05","3.05","3.05","3.05","0.11K","0.33%"
"09/02/2017","3.04","3.00","3.04","3.00","1.11K","1.33%"
"08/02/2017","3.00","3.05","3.05","3.00","0.15K","0.00%"
"07/02/2017","3.00","3.05","3.05","3.00","0.67K","-2.28%"
"06/02/2017","3.07","3.00","3.07","3.00","0.88K","-0.32%"
"03/02/2017","3.08","3.08","3.08","3.08","0.00K","0.00%"
"02/02/2017","3.08","3.08","3.08","3.08","0.42K","2.33%"
"01/02/2017","3.01","3.08","3.08","3.01","2.15K","-2.90%"
"31/01/2017","3.10","3.03","3.10","3.00","2.49K","2.31%"
"30/01/2017","3.03","3.05","3.05","3.02","3.27K","-0.98%"
"27/01/2017","3.06","3.06","3.08","3.06","1.48K","0.33%"
"26/01/2017","3.05","3.12","3.12","3.05","1.63K","-1.61%"
"25/01/2017","3.10","3.11","3.11","3.08","1.55K","0.00%"
"24/01/2017","3.10","3.03","3.10","3.03","0.38K","2.99%"
"23/01/2017","3.01","3.12","3.12","3.01","0.94K","-3.53%"
"20/01/2017","3.12","3.10","3.12","3.10","0.75K","2.30%"
"19/01/2017","3.05","3.12","3.12","3.05","0.82K","-2.24%"
"18/01/2017","3.12","3.12","3.12","3.12","0.92K","0.00%"
"17/01/2017","3.12","3.12","3.12","3.12","0.50K","0.00%"
"16/01/2017","3.12","3.03","3.12","3.03","0.90K","0.00%"
"13/01/2017","3.12","3.14","3.14","3.03","2.54K","-0.64%"
"12/01/2017","3.14","3.15","3.15","3.05","0.59K","0.00%"
"11/01/2017","3.14","3.11","3.14","3.11","0.02K","0.64%"
"10/01/2017","3.12","3.09","3.13","3.09","7.74K","2.63%"
"09/01/2017","3.04","3.04","3.05","3.00","6.09K","1.33%"
"05/01/2017","3.00","3.00","3.00","3.00","0.40K","-1.32%"
"04/01/2017","3.04","3.15","3.15","3.04","1.00K","0.00%"
"03/01/2017","3.04","2.90","3.04","2.90","0.07K","0.00%"
"02/01/2017","3.04","3.17","3.17","3.04","1.26K","-0.98%"
"30/12/2016","3.07","3.08","3.08","2.97","5.72K","-0.32%"
"29/12/2016","3.08","3.08","3.08","2.90","4.62K","3.70%"
"28/12/2016","2.97","3.05","3.07","2.92","10.20K","-2.62%"
"27/12/2016","3.05","3.07","3.07","3.03","3.80K","0.00%"
"23/12/2016","3.05","3.15","3.15","3.05","0.01K","-2.24%"
"22/12/2016","3.12","3.02","3.12","3.02","3.22K","0.97%"
"21/12/2016","3.09","3.12","3.12","3.04","6.01K","0.98%"
"20/12/2016","3.06","3.19","3.19","2.92","17.15K","-6.71%"
"19/12/2016","3.28","3.28","3.28","3.18","0.35K","0.00%"
"16/12/2016","3.28","3.28","3.28","3.28","0.05K","-0.61%"
"15/12/2016","3.30","3.20","3.30","3.20","0.87K","3.12%"
"14/12/2016","3.20","3.37","3.37","3.20","0.90K","-4.48%"
"13/12/2016","3.35","3.35","3.35","3.35","0.01K","2.13%"
"12/12/2016","3.28","3.35","3.35","3.28","3.57K","0.00%"
"09/12/2016","3.28","3.38","3.38","3.28","1.31K","-0.61%"
"08/12/2016","3.30","3.37","3.37","3.28","0.48K","-2.08%"
"07/12/2016","3.37","3.37","3.37","3.37","0.02K","-0.30%"
"06/12/2016","3.38","3.29","3.38","3.28","1.82K","2.74%"
"05/12/2016","3.29","3.25","3.29","3.25","0.64K","1.23%"
"02/12/2016","3.25","3.25","3.25","3.25","1.00K","-2.99%"
"01/12/2016","3.35","3.30","3.35","3.30","0.04K","-1.18%"
"30/11/2016","3.39","3.39","3.39","3.39","0.01K","0.00%"
"29/11/2016","3.39","3.39","3.39","3.39","0.02K","0.89%"
"28/11/2016","3.36","3.40","3.40","3.36","0.17K","-0.88%"
"25/11/2016","3.39","3.39","3.39","3.39","0.00K","2.73%"
"24/11/2016","3.30","3.40","3.40","3.30","0.83K","-2.94%"
"23/11/2016","3.40","3.36","3.40","3.35","6.10K","1.49%"
"22/11/2016","3.35","3.36","3.36","3.35","0.29K","-0.30%"
"21/11/2016","3.36","3.25","3.41","3.25","18.00K","3.70%"
"18/11/2016","3.24","3.36","3.36","3.11","7.11K","-2.41%"
"17/11/2016","3.32","3.35","3.35","3.22","7.71K","2.15%"
"16/11/2016","3.25","3.25","3.25","3.25","5.10K","2.20%"
"15/11/2016","3.18","3.15","3.20","3.15","8.90K","-0.62%"
"14/11/2016","3.20","3.20","3.22","3.20","2.57K","-1.23%"
"10/11/2016","3.24","3.21","3.25","3.21","0.57K","0.93%"
"09/11/2016","3.21","3.25","3.25","3.21","4.06K","-2.73%"
"08/11/2016","3.30","3.25","3.30","3.25","0.97K","-0.60%"
"07/11/2016","3.32","3.32","3.32","3.32","0.00K","0.00%"
"04/11/2016","3.32","3.37","3.37","3.32","2.67K","-2.06%"
"03/11/2016","3.39","3.39","3.39","3.39","0.02K","1.80%"
"02/11/2016","3.33","3.41","3.41","3.33","0.57K","-2.35%"
"31/10/2016","3.41","3.41","3.41","3.35","31.41K","0.00%"
"28/10/2016","3.41","3.11","3.41","3.10","89.77K","10.00%"
"27/10/2016","3.10","3.10","3.10","3.09","9.02K","0.65%"
"26/10/2016","3.08","3.05","3.08","3.05","11.13K","0.98%"
"25/10/2016","3.05","3.07","3.07","3.05","0.66K","-0.65%"
"24/10/2016","3.07","3.17","3.17","3.07","190.73K","-4.06%"
"21/10/2016","3.20","3.20","3.20","3.20","0.02K","0.00%"
"20/10/2016","3.20","3.20","3.20","3.20","0.02K","0.00%"
"19/10/2016","3.20","3.19","3.20","3.19","0.81K","0.95%"
"18/10/2016","3.17","3.17","3.17","3.17","0.02K","2.26%"
"17/10/2016","3.10","3.10","3.10","3.10","1.20K","-1.27%"
"14/10/2016","3.14","3.17","3.17","3.08","1.01K","-1.57%"
"13/10/2016","3.19","3.19","3.19","3.19","0.02K","1.59%"
"12/10/2016","3.14","3.11","3.14","3.10","1.53K","-0.63%"
"11/10/2016","3.16","3.29","3.29","3.16","2.06K","-1.56%"
"10/10/2016","3.21","3.29","3.29","3.21","2.68K","-3.60%"
"07/10/2016","3.33","3.30","3.33","3.30","1.57K","1.22%"
"06/10/2016","3.29","3.24","3.30","3.24","1.50K","-1.20%"
"05/10/2016","3.33","3.33","3.33","3.20","5.59K","4.06%"
"04/10/2016","3.20","3.20","3.20","3.15","2.27K","-0.93%"
"03/10/2016","3.23","3.23","3.23","3.20","0.70K","1.25%"
"30/09/2016","3.19","3.16","3.19","3.16","13.00K","0.95%"
"29/09/2016","3.16","3.16","3.16","3.15","0.35K","3.27%"
"28/09/2016","3.06","3.17","3.17","3.06","10.01K","-1.29%"
"27/09/2016","3.10","2.90","3.15","2.90","19.27K","9.54%"
"26/09/2016","2.83","2.97","2.97","2.83","4.08K","-4.71%"
"23/09/2016","2.97","2.96","2.97","2.96","0.77K","2.06%"
"22/09/2016","2.91","2.96","2.96","2.91","1.00K","-1.02%"
"21/09/2016","2.94","2.75","2.94","2.75","14.06K","7.30%"
"20/09/2016","2.74","2.74","2.74","2.74","0.20K","0.00%"
"19/09/2016","2.74","2.74","2.74","2.73","1.46K","0.00%"
"16/09/2016","2.74","2.74","2.74","2.74","0.63K","1.48%"
"15/09/2016","2.70","2.77","2.77","2.68","8.76K","-6.25%"
"14/09/2016","2.88","2.88","2.88","2.88","1.07K","0.00%"
"13/09/2016","2.88","2.95","2.95","2.88","7.96K","-3.03%"
"09/09/2016","2.97","2.97","2.97","2.97","0.54K","-1.00%"
"08/09/2016","3.00","3.04","3.04","3.00","3.24K","-0.66%"
"07/09/2016","3.02","3.05","3.05","3.02","1.71K","-0.98%"
"06/09/2016","3.05","3.07","3.07","3.05","3.25K","-0.65%"
"05/09/2016","3.07","3.07","3.07","3.07","1.00K","0.00%"
"02/09/2016","3.07","3.06","3.10","3.06","3.26K","0.66%"
"01/09/2016","3.05","3.18","3.18","3.05","27.31K","-4.09%"
"31/08/2016","3.18","3.24","3.24","3.17","21.82K","0.32%"
"30/08/2016","3.17","3.33","3.33","3.16","1.49K","-0.94%"
"29/08/2016","3.20","3.28","3.28","3.20","0.78K","-2.74%"
"26/08/2016","3.29","3.29","3.29","3.29","0.00K","4.44%"
"25/08/2016","3.15","3.22","3.24","3.15","3.07K","-4.55%"
"24/08/2016","3.30","3.30","3.30","3.30","0.00K","2.48%"
"23/08/2016","3.22","3.39","3.39","3.22","0.50K","-7.74%"
"22/08/2016","3.49","3.49","3.49","3.49","0.00K","0.00%"
"19/08/2016","3.49","3.49","3.49","3.49","0.00K","-0.29%"
"18/08/2016","3.50","3.50","3.50","3.50","0.00K","6.06%"
"17/08/2016","3.30","3.37","3.37","3.30","2.80K","-2.08%"
"16/08/2016","3.37","3.37","3.37","3.37","0.00K","0.00%"
"12/08/2016","3.37","3.37","3.37","3.37","0.10K","0.00%"
"11/08/2016","3.37","3.37","3.37","3.37","0.16K","-0.30%"
"10/08/2016","3.38","3.53","3.53","3.38","1.72K","-3.15%"
"09/08/2016","3.49","3.35","3.49","3.35","0.75K","2.65%"
"08/08/2016","3.40","3.49","3.49","3.40","0.99K","-0.58%"
"05/08/2016","3.42","3.49","3.49","3.42","2.70K","-0.29%"
"04/08/2016","3.43","3.54","3.54","3.43","0.28K","-3.11%"
"03/08/2016","3.54","3.54","3.54","3.54","0.26K","-0.28%"
"02/08/2016","3.55","3.55","3.55","3.55","0.00K","-0.56%"
"01/08/2016","3.57","3.45","3.57","3.45","1.25K","-0.56%"
"29/07/2016","3.59","3.59","3.59","3.59","0.00K","0.00%"
"28/07/2016","3.59","3.59","3.59","3.59","0.00K","0.00%"
"27/07/2016","3.59","3.59","3.59","3.59","0.00K","0.00%"
"26/07/2016","3.59","3.39","3.59","3.34","9.30K","5.59%"
"25/07/2016","3.40","3.40","3.40","3.40","4.06K","0.59%"
"22/07/2016","3.38","3.38","3.38","3.38","0.00K","1.20%"
"21/07/2016","3.34","3.39","3.39","3.22","0.80K","-1.76%"
"20/07/2016","3.40","3.40","3.40","3.40","0.00K","5.59%"
"19/07/2016","3.22","3.22","3.22","3.22","0.27K","0.31%"
"18/07/2016","3.21","3.21","3.21","3.21","0.00K","0.00%"
"15/07/2016","3.21","3.21","3.21","3.21","0.00K","0.00%"
"14/07/2016","3.21","3.21","3.21","3.21","0.34K","-5.59%"
"13/07/2016","3.40","3.40","3.40","3.40","0.00K","0.00%"
"12/07/2016","3.40","3.40","3.40","3.40","0.00K","0.00%"
"11/07/2016","3.40","3.40","3.40","3.40","0.00K","3.03%"
"08/07/2016","3.30","3.40","3.40","3.30","2.31K","-2.94%"
"07/07/2016","3.40","3.40","3.40","3.40","0.00K","3.03%"
"06/07/2016","3.30","3.40","3.40","3.30","1.00K","-1.49%"
"05/07/2016","3.35","3.35","3.35","3.35","0.28K","2.13%"
"04/07/2016","3.28","3.23","3.28","3.23","0.05K","5.13%"
"01/07/2016","3.12","3.12","3.12","3.12","0.00K","-0.32%"
"30/06/2016","3.13","3.42","3.42","3.12","7.76K","-2.80%"
"28/06/2016","3.22","3.20","3.22","3.20","0.08K","0.62%"
"27/06/2016","3.20","3.20","3.20","3.20","0.00K","1.59%"
"24/06/2016","3.15","3.26","3.30","3.15","882.24K","-7.35%"
"23/06/2016","3.40","3.40","3.40","3.40","0.06K","3.03%"
"22/06/2016","3.30","3.40","3.40","3.30","31.82K","0.00%"
"21/06/2016","3.30","3.40","3.40","3.25","25.00K","0.00%"
"20/06/2016","3.30","3.32","3.32","3.30","73.60K","0.00%"
"17/06/2016","3.30","3.30","3.30","3.30","1.00K","0.00%"
"16/06/2016","3.30","3.43","3.43","3.30","18.65K","-2.94%"
"15/06/2016","3.40","3.40","3.40","3.40","0.00K","2.41%"
"14/06/2016","3.32","3.30","3.47","3.30","4.98K","0.61%"
"13/06/2016","3.30","3.27","3.30","3.27","8.19K","-0.30%"
"10/06/2016","3.31","3.31","3.31","3.31","1.41K","0.00%"
"09/06/2016","3.31","3.31","3.32","3.31","11.40K","0.00%"
"08/06/2016","3.31","3.31","3.31","3.31","0.96K","0.00%"
"07/06/2016","3.31","3.48","3.48","3.31","7.33K","-4.89%"
"06/06/2016","3.48","3.48","3.48","3.48","0.01K","1.16%"
"03/06/2016","3.44","3.31","3.44","3.31","1.97K","3.93%"
"02/06/2016","3.31","3.45","3.45","3.31","4.29K","-4.06%"
"01/06/2016","3.45","3.49","3.49","3.35","0.24K","4.23%"
"31/05/2016","3.31","3.41","3.41","3.31","6.64K","0.00%"
"30/05/2016","3.31","3.41","3.41","3.31","1.05K","-4.06%"
"27/05/2016","3.45","3.49","3.49","3.45","0.70K","2.99%"
"25/05/2016","3.35","3.47","3.47","3.35","0.78K","-4.01%"
"24/05/2016","3.49","3.49","3.49","3.49","0.11K","-0.29%"
"19/05/2016","3.50","3.52","3.52","3.35","6.08K","0.86%"
"18/05/2016","3.47","3.47","3.47","3.47","4.95K","0.58%"
"17/05/2016","3.45","3.57","3.57","3.41","33.25K","-3.36%"
"16/05/2016","3.57","3.70","3.70","3.52","109.65K","-3.51%"
"13/05/2016","3.70","3.80","3.80","3.70","0.10K","0.00%"
"12/05/2016","3.70","3.80","3.80","3.70","0.55K","-2.63%"
"11/05/2016","3.80","3.80","3.80","3.70","1.75K","-1.55%"
"10/05/2016","3.86","3.86","3.86","3.86","0.00K","1.31%"
"09/05/2016","3.81","3.81","3.81","3.81","0.00K","-0.52%"
"06/05/2016","3.83","3.83","3.83","3.71","2.90K","2.96%"
"05/05/2016","3.72","3.83","3.83","3.72","0.50K","-3.12%"
"04/05/2016","3.84","3.89","3.89","3.72","13.09K","-1.54%"
"02/05/2016","3.90","3.97","3.97","3.89","1.20K","0.52%"
"29/04/2016","3.88","3.89","3.92","3.74","17.26K","-0.26%"
"28/04/2016","3.89","3.71","3.89","3.64","24.64K","4.85%"
"27/04/2016","3.71","3.69","3.71","3.60","11.24K","3.06%"
"26/04/2016","3.60","3.60","3.60","3.54","1.92K","0.00%"
"25/04/2016","3.60","3.68","3.68","3.60","6.15K","-2.44%"
"22/04/2016","3.69","3.54","3.69","3.54","10.07K","4.83%"
"21/04/2016","3.52","3.59","3.59","3.52","0.45K","-2.76%"
"20/04/2016","3.62","3.58","3.62","3.52","0.37K","1.12%"
"19/04/2016","3.58","3.65","3.65","3.52","10.96K","-0.56%"
"18/04/2016","3.60","3.70","3.70","3.55","5.42K","-2.70%"
"15/04/2016","3.70","3.69","3.71","3.69","9.41K","0.27%"
"14/04/2016","3.69","3.69","3.69","3.64","10.37K","0.54%"
"13/04/2016","3.67","3.64","3.67","3.53","9.33K","1.10%"
"12/04/2016","3.63","3.64","3.64","3.62","14.20K","0.83%"
"11/04/2016","3.60","3.64","3.64","3.60","0.15K","-1.37%"
"08/04/2016","3.65","3.55","3.65","3.55","2.62K","2.82%"
"07/04/2016","3.55","3.53","3.70","3.49","31.08K","0.57%"
"06/04/2016","3.53","3.53","3.53","3.53","0.00K","1.15%"
"05/04/2016","3.49","3.53","3.53","3.47","3.97K","-1.41%"
"04/04/2016","3.54","3.50","3.54","3.49","6.02K","1.14%"
"01/04/2016","3.50","3.51","3.51","3.39","6.61K","-0.28%"
"31/03/2016","3.51","3.40","3.51","3.37","12.87K","2.93%"
"30/03/2016","3.41","3.41","3.41","3.36","6.85K","0.00%"
"29/03/2016","3.41","3.43","3.43","3.35","7.89K","-2.29%"
"24/03/2016","3.49","3.50","3.50","3.40","5.23K","0.00%"
"23/03/2016","3.49","3.50","3.55","3.40","12.07K","-0.29%"
"22/03/2016","3.50","3.53","3.53","3.35","5.82K","-0.28%"
"21/03/2016","3.51","3.50","3.76","3.50","26.34K","3.54%"
"18/03/2016","3.39","3.39","3.39","3.39","1.17K","0.00%"
"17/03/2016","3.39","3.39","3.39","3.30","3.60K","0.00%"
"16/03/2016","3.39","3.39","3.39","3.32","1.10K","1.80%"
"15/03/2016","3.33","3.25","3.41","3.25","21.09K","2.15%"
"14/03/2016","3.26","3.19","3.26","3.12","13.94K","2.19%"
"11/03/2016","3.19","3.19","3.19","3.19","0.01K","1.59%"
"10/03/2016","3.14","3.19","3.19","3.14","0.75K","-1.57%"
"09/03/2016","3.19","3.19","3.19","3.19","0.02K","-0.31%"
"08/03/2016","3.20","3.20","3.20","3.20","0.01K","1.91%"
"07/03/2016","3.14","3.14","3.15","3.11","3.57K","1.29%"
"04/03/2016","3.10","3.10","3.13","3.10","0.53K","-1.27%"
"03/03/2016","3.14","3.13","3.14","3.13","0.40K","2.95%"
"02/03/2016","3.05","3.05","3.05","3.05","3.02K","0.00%"
"01/03/2016","3.05","3.13","3.13","3.05","4.92K","0.00%"
"29/02/2016","3.05","3.07","3.07","3.05","9.53K","-0.33%"
"26/02/2016","3.06","3.17","3.17","3.06","2.76K","-3.47%"
"25/02/2016","3.17","3.17","3.17","3.15","0.51K","3.59%"
"24/02/2016","3.06","3.18","3.18","3.06","3.12K","-3.16%"
"23/02/2016","3.16","3.20","3.20","3.16","1.51K","-1.25%"
"22/02/2016","3.20","3.20","3.26","3.20","4.34K","0.31%"
"19/02/2016","3.19","3.19","3.19","3.19","0.73K","0.00%"
"18/02/2016","3.19","3.19","3.19","3.19","0.30K","0.00%"
"17/02/2016","3.19","3.19","3.19","3.19","1.28K","0.00%"
"16/02/2016","3.19","3.17","3.19","3.17","1.88K","1.27%"
"15/02/2016","3.15","3.27","3.27","3.15","2.68K","-2.48%"
"12/02/2016","3.23","3.23","3.23","3.23","0.40K","3.86%"
"11/02/2016","3.11","3.11","3.11","3.11","0.13K","-4.31%"
"10/02/2016","3.25","3.25","3.25","3.25","0.00K","4.50%"
"09/02/2016","3.11","3.20","3.20","3.11","0.70K","-3.42%"
"05/02/2016","3.22","3.34","3.34","3.20","4.63K","0.00%"
"04/02/2016","3.22","3.30","3.30","3.22","1.39K","-3.59%"
"03/02/2016","3.34","3.40","3.40","3.28","17.15K","-1.47%"
"02/02/2016","3.39","3.24","3.39","3.19","10.66K","4.63%"
"01/02/2016","3.24","3.18","3.24","3.18","8.39K","2.86%"
"29/01/2016","3.15","3.06","3.15","3.06","6.43K","2.94%"
"28/01/2016","3.06","3.06","3.06","3.06","0.00K","0.00%"
"27/01/2016","3.06","3.06","3.06","3.06","0.40K","0.33%"
"26/01/2016","3.05","3.05","3.09","3.05","1.70K","0.00%"
"25/01/2016","3.05","3.05","3.05","3.05","0.50K","-1.29%"
"22/01/2016","3.09","3.05","3.09","3.05","0.90K","1.31%"
"21/01/2016","3.05","3.05","3.05","3.05","2.40K","-1.29%"
"20/01/2016","3.09","3.05","3.09","3.05","12.60K","1.31%"
"19/01/2016","3.05","3.18","3.18","3.05","62.58K","0.00%"
"18/01/2016","3.05","3.19","3.20","3.05","4.61K","-1.61%"
"15/01/2016","3.10","3.10","3.10","3.10","0.31K","-3.13%"
"14/01/2016","3.20","3.40","3.40","3.20","5.20K","-3.61%"
"13/01/2016","3.32","3.18","3.32","3.18","28.54K","4.40%"
"12/01/2016","3.18","3.06","3.18","3.06","12.09K","4.26%"
"11/01/2016","3.05","3.05","3.05","3.05","0.00K","-0.33%"
"08/01/2016","3.06","3.07","3.07","3.06","0.90K","-1.29%"
"07/01/2016","3.10","3.15","3.21","3.08","14.65K","-4.62%"
"05/01/2016","3.25","3.25","3.25","3.25","0.00K","1.56%"
"04/01/2016","3.20","3.25","3.25","3.20","5.44K","-1.23%"
"30/12/2015","3.24","3.20","3.24","3.16","0.97K","2.86%"
"29/12/2015","3.15","3.16","3.24","3.15","11.51K","0.00%"
"28/12/2015","3.15","3.26","3.29","3.15","18.53K","-3.08%"
"23/12/2015","3.25","3.16","3.25","3.16","4.47K","1.56%"
"22/12/2015","3.20","3.09","3.20","3.06","11.81K","3.56%"
"21/12/2015","3.09","3.09","3.09","3.05","1.13K","0.32%"
"18/12/2015","3.08","3.08","3.08","3.06","1.59K","0.98%"
"17/12/2015","3.05","3.06","3.09","3.05","6.07K","-0.33%"
"16/12/2015","3.06","3.05","3.10","3.05","1.45K","0.33%"
"15/12/2015","3.05","3.10","3.10","3.00","5.97K","0.00%"
"14/12/2015","3.05","3.11","3.11","3.02","66.23K","-1.61%"
"11/12/2015","3.10","3.05","3.10","3.05","1.26K","1.64%"
"10/12/2015","3.05","3.05","3.05","3.05","2.42K","0.00%"
"09/12/2015","3.05","3.16","3.16","3.05","74.22K","-1.61%"
"08/12/2015","3.10","3.18","3.18","3.09","1.04K","0.00%"
"07/12/2015","3.10","3.11","3.11","3.10","0.08K","-0.32%"
"04/12/2015","3.11","3.19","3.19","3.11","0.61K","-1.27%"
"03/12/2015","3.15","3.10","3.15","3.10","0.76K","1.61%"
"02/12/2015","3.10","3.18","3.18","3.10","0.77K","-1.90%"
"01/12/2015","3.16","3.16","3.16","3.16","0.33K","0.00%"
"30/11/2015","3.16","3.05","3.16","3.05","6.61K","3.61%"
"27/11/2015","3.05","3.05","3.09","3.05","2.99K","0.33%"
"26/11/2015","3.04","3.00","3.04","3.00","3.54K","1.33%"
"25/11/2015","3.00","3.14","3.14","3.00","3.23K","-4.46%"
"24/11/2015","3.14","3.10","3.14","3.10","0.66K","1.62%"
"23/11/2015","3.09","3.24","3.24","3.00","10.30K","-4.92%"
"20/11/2015","3.25","3.25","3.25","3.25","3.00K","0.00%"
"19/11/2015","3.25","3.20","3.25","3.20","1.50K","1.56%"
"18/11/2015","3.20","3.30","3.30","3.20","4.98K","-3.03%"
"17/11/2015","3.30","3.35","3.35","3.25","5.49K","0.00%"
"16/11/2015","3.30","3.35","3.35","3.30","0.54K","1.23%"
"13/11/2015","3.26","3.40","3.40","3.26","2.61K","-4.12%"
"12/11/2015","3.40","3.40","3.40","3.40","2.37K","-0.29%"
"10/11/2015","3.41","3.40","3.41","3.40","1.52K","0.29%"
"09/11/2015","3.40","3.29","3.40","3.29","0.26K","0.00%"
"06/11/2015","3.40","3.40","3.40","3.40","0.01K","1.49%"
"05/11/2015","3.35","3.42","3.42","3.35","2.29K","-2.05%"
"04/11/2015","3.42","3.42","3.42","3.42","0.61K","0.00%"
"03/11/2015","3.42","3.42","3.42","3.40","1.40K","0.29%"
"02/11/2015","3.41","3.51","3.51","3.41","2.22K","-2.85%"
"30/10/2015","3.51","3.53","3.53","3.51","0.46K","-0.57%"
"29/10/2015","3.53","3.74","3.74","3.53","2.69K","-2.75%"
"28/10/2015","3.63","3.70","3.70","3.62","2.88K","-3.71%"
"27/10/2015","3.77","3.77","3.77","3.77","0.03K","0.27%"
"26/10/2015","3.76","3.77","3.77","3.76","0.11K","0.53%"
"23/10/2015","3.74","3.70","3.77","3.65","9.10K","1.08%"
"22/10/2015","3.70","3.70","3.70","3.56","0.75K","-0.27%"
"21/10/2015","3.71","3.65","3.71","3.65","2.59K","1.64%"
"20/10/2015","3.65","3.69","3.81","3.65","16.37K","-1.35%"
"19/10/2015","3.70","3.50","3.70","3.50","11.72K","5.71%"
"16/10/2015","3.50","3.48","3.50","3.48","1.11K","1.45%"
"15/10/2015","3.45","3.45","3.45","3.40","3.93K","3.29%"
"14/10/2015","3.34","3.45","3.45","3.34","0.34K","-0.60%"
"13/10/2015","3.36","3.45","3.45","3.36","2.30K","-2.89%"
"12/10/2015","3.46","3.30","3.49","3.30","9.67K","1.76%"
"09/10/2015","3.40","3.48","3.48","3.33","5.03K","0.00%"
"08/10/2015","3.40","3.49","3.49","3.40","0.16K","-0.58%"
"07/10/2015","3.42","3.40","3.45","3.40","3.28K","0.59%"
"06/10/2015","3.40","3.40","3.40","3.40","0.01K","0.29%"
"05/10/2015","3.39","3.25","3.39","3.15","17.63K","4.31%"
"02/10/2015","3.25","3.30","3.30","3.25","0.57K","-1.52%"
"01/10/2015","3.30","3.30","3.30","3.11","28.57K","-2.94%"
"30/09/2015","3.40","3.40","3.40","3.40","3.87K","0.00%"
"29/09/2015","3.40","3.40","3.41","3.32","0.72K","0.00%"
"28/09/2015","3.40","3.31","3.40","3.31","1.39K","0.00%"
"25/09/2015","3.40","3.40","3.40","3.40","3.01K","2.72%"
"24/09/2015","3.31","3.47","3.47","3.31","5.29K","-2.65%"
"23/09/2015","3.40","3.48","3.48","3.40","2.67K","0.00%"
"22/09/2015","3.40","3.45","3.45","3.40","0.77K","0.00%"
"21/09/2015","3.40","3.44","3.44","3.40","0.51K","-0.58%"
"18/09/2015","3.42","3.45","3.45","3.40","6.37K","0.59%"
"17/09/2015","3.40","3.31","3.41","3.31","2.21K","2.72%"
"16/09/2015","3.31","3.39","3.40","3.31","1.16K","-1.19%"
"15/09/2015","3.35","3.35","3.35","3.35","0.10K","0.90%"
"14/09/2015","3.32","3.33","3.33","3.29","8.60K","0.30%"
"11/09/2015","3.31","3.31","3.33","3.31","4.98K","-1.19%"
"10/09/2015","3.35","3.44","3.44","3.32","5.69K","0.30%"
"09/09/2015","3.34","3.40","3.40","3.34","17.15K","-1.76%"
"08/09/2015","3.40","3.53","3.53","3.40","2.51K","-4.23%"
"07/09/2015","3.55","3.55","3.55","3.55","0.02K","2.90%"
"04/09/2015","3.45","3.46","3.46","3.40","49.89K","-0.86%"
"03/09/2015","3.48","3.46","3.55","3.46","3.61K","-3.60%"
"02/09/2015","3.61","3.61","3.61","3.61","0.01K","2.56%"
"01/09/2015","3.52","3.52","3.52","3.52","0.10K","0.57%"
"31/08/2015","3.50","3.50","3.50","3.50","0.64K","-1.41%"
"28/08/2015","3.55","3.60","3.61","3.55","3.75K","-1.11%"
"27/08/2015","3.59","3.64","3.64","3.59","2.00K","-2.45%"
"26/08/2015","3.68","3.52","3.68","3.52","12.51K","0.82%"
"25/08/2015","3.65","3.50","3.76","3.40","6.37K","7.35%"
"24/08/2015","3.40","3.69","3.70","3.40","17.82K","-8.11%"
"21/08/2015","3.70","3.72","3.72","3.70","7.20K","-0.54%"
"20/08/2015","3.72","3.68","3.72","3.68","1.32K","0.27%"
"19/08/2015","3.71","3.71","3.72","3.70","2.12K","0.54%"
"18/08/2015","3.69","3.69","3.70","3.62","6.48K","-0.27%"
"17/08/2015","3.70","3.85","3.85","3.70","9.35K","-0.80%"
"14/08/2015","3.73","3.77","3.77","3.73","1.76K","-1.84%"
"13/08/2015","3.80","3.85","3.85","3.73","12.62K","-2.81%"
"12/08/2015","3.91","4.04","4.04","3.72","12.27K","-3.22%"
"11/08/2015","4.04","4.04","4.04","3.92","8.20K","1.00%"
"10/08/2015","4.00","4.00","4.04","4.00","1.38K","0.00%"
"07/08/2015","4.00","4.00","4.00","4.00","0.00K","0.00%"
"06/08/2015","4.00","3.92","4.00","3.91","1.19K","-0.99%"
"05/08/2015","4.04","4.04","4.04","4.04","3.37K","0.00%"
"04/08/2015","4.04","4.04","4.04","4.04","0.00K","1.00%"
"03/08/2015","4.00","4.00","4.04","4.00","0.80K","-0.99%"
"31/07/2015","4.04","3.95","4.04","3.95","4.09K","2.28%"
"30/07/2015","3.95","3.95","3.95","3.95","0.02K","2.33%"
"29/07/2015","3.86","3.95","3.95","3.86","1.00K","-1.03%"
"28/07/2015","3.90","3.90","3.99","3.90","0.93K","-2.26%"
"27/07/2015","3.99","4.00","4.00","3.99","0.19K","1.79%"
"24/07/2015","3.92","3.98","3.98","3.92","0.80K","-0.25%"
"23/07/2015","3.93","3.93","3.93","3.93","0.97K","-0.25%"
"22/07/2015","3.94","3.96","3.96","3.94","1.33K","-1.50%"
"21/07/2015","4.00","4.14","4.14","3.91","19.23K","-3.61%"
"20/07/2015","4.15","3.98","4.15","3.98","19.55K","4.27%"
"17/07/2015","3.98","3.98","3.98","3.87","0.92K","0.00%"
"16/07/2015","3.98","3.78","3.98","3.75","13.00K","6.13%"
"15/07/2015","3.75","3.77","3.78","3.70","10.95K","0.00%"
"14/07/2015","3.75","3.79","3.79","3.68","1.22K","-3.60%"
"13/07/2015","3.89","3.63","3.90","3.63","3.66K","6.58%"
"10/07/2015","3.65","3.56","3.68","3.56","4.75K","-0.82%"
"09/07/2015","3.68","3.45","3.69","3.45","5.88K","6.67%"
"08/07/2015","3.45","3.33","3.46","3.33","8.00K","3.60%"
"07/07/2015","3.33","3.38","3.38","3.32","2.07K","-1.77%"
"06/07/2015","3.39","3.39","3.39","3.39","0.01K","0.00%"
"03/07/2015","3.39","3.40","3.40","3.39","2.95K","-0.29%"
"02/07/2015","3.40","3.40","3.40","3.40","3.69K","3.03%"
"01/07/2015","3.30","3.30","3.30","3.30","1.18K","-0.90%"
"30/06/2015","3.33","3.35","3.36","3.33","3.38K","-0.89%"
"29/06/2015","3.36","3.36","3.41","3.30","7.28K","0.00%"
"26/06/2015","3.36","3.39","3.39","3.36","0.31K","0.00%"
"24/06/2015","3.36","3.40","3.40","3.35","1.16K","-1.47%"
"23/06/2015","3.41","3.41","3.41","3.41","0.09K","0.00%"
"19/06/2015","3.41","3.41","3.41","3.41","1.32K","1.79%"
"18/06/2015","3.35","3.40","3.40","3.35","0.05K","-1.47%"
"17/06/2015","3.40","3.67","3.67","3.40","5.77K","-3.13%"
"12/06/2015","3.51","3.67","3.67","3.51","0.95K","-5.14%"
"10/06/2015","3.70","3.60","3.70","3.60","5.80K","4.23%"
"08/06/2015","3.55","3.59","3.59","3.55","0.62K","0.00%"
"05/06/2015","3.55","3.59","3.70","3.55","13.34K","0.00%"
"03/06/2015","3.55","3.59","3.59","3.55","2.11K","-1.11%"
"02/06/2015","3.59","3.77","3.77","3.58","4.61K","-0.55%"
"01/06/2015","3.61","3.70","3.70","3.61","0.72K","-2.70%"
"29/05/2015","3.71","3.71","3.71","3.71","0.00K","0.00%"
"28/05/2015","3.71","3.71","3.71","3.71","0.00K","0.27%"
"27/05/2015","3.70","3.70","3.70","3.70","0.61K","0.00%"
"26/05/2015","3.70","3.65","3.70","3.60","5.41K","-0.27%"
"25/05/2015","3.71","3.71","3.71","3.71","1.00K","-0.27%"
"22/05/2015","3.72","3.70","3.72","3.62","12.40K","3.05%"
"21/05/2015","3.61","3.61","3.61","3.61","1.02K","0.00%"
"20/05/2015","3.61","3.62","3.62","3.61","1.09K","-2.96%"
"19/05/2015","3.72","3.72","3.72","3.72","0.10K","-0.53%"
"18/05/2015","3.74","3.58","3.74","3.28","13.78K","4.76%"
"15/05/2015","3.57","3.62","3.64","3.57","8.32K","-0.83%"
"14/05/2015","3.60","3.69","3.70","3.60","1.23K","-3.49%"
"13/05/2015","3.73","3.83","3.84","3.63","5.35K","-2.61%"
"12/05/2015","3.83","3.74","3.83","3.73","2.05K","2.41%"
"11/05/2015","3.74","3.80","3.84","3.73","3.91K","-1.58%"
"08/05/2015","3.80","3.63","3.80","3.63","7.82K","4.97%"
"07/05/2015","3.62","3.71","3.71","3.62","1.27K","-2.43%"
"06/05/2015","3.71","3.82","3.83","3.71","2.47K","-0.80%"
"05/05/2015","3.74","3.75","3.75","3.74","0.01K","0.00%"
"04/05/2015","3.74","3.72","3.74","3.72","0.30K","0.54%"
"30/04/2015","3.72","3.73","3.84","3.72","5.31K","-1.85%"
"29/04/2015","3.79","3.84","3.84","3.79","0.65K","0.00%"
"28/04/2015","3.79","3.85","3.85","3.74","6.59K","-1.56%"
"27/04/2015","3.85","3.69","3.85","3.69","4.93K","4.62%"
"24/04/2015","3.68","3.73","3.73","3.67","6.00K","-1.34%"
"23/04/2015","3.73","3.73","3.73","3.70","4.90K","0.81%"
"22/04/2015","3.70","3.73","3.73","3.67","0.15K","-0.80%"
"21/04/2015","3.73","3.73","3.73","3.73","0.57K","0.00%"
"20/04/2015","3.73","3.73","3.73","3.73","0.00K","1.63%"
"17/04/2015","3.67","3.67","3.67","3.67","0.57K","0.55%"
"16/04/2015","3.65","3.73","3.73","3.65","1.00K","-2.14%"
"15/04/2015","3.73","3.73","3.73","3.68","1.73K","0.00%"
"14/04/2015","3.73","3.73","3.73","3.73","0.14K","0.81%"
"13/04/2015","3.70","3.69","3.70","3.69","0.47K","0.27%"
"10/04/2015","3.69","3.73","3.73","3.69","10.51K","-1.07%"
"09/04/2015","3.73","3.70","3.73","3.66","1.38K","0.00%"
"08/04/2015","3.73","3.69","3.73","3.69","0.90K","0.81%"
"07/04/2015","3.70","3.73","3.73","3.68","3.68K","-0.80%"
"02/04/2015","3.73","3.76","3.76","3.73","2.02K","0.00%"
"01/04/2015","3.73","3.63","3.75","3.63","7.74K","3.32%"
"31/03/2015","3.61","3.72","3.72","3.61","6.16K","-2.96%"
"30/03/2015","3.72","3.73","3.73","3.71","4.76K","-0.27%"
"27/03/2015","3.73","3.70","3.73","3.70","0.70K","0.81%"
"26/03/2015","3.70","3.73","3.75","3.70","3.48K","2.21%"
"25/03/2015","3.62","3.70","3.88","3.62","7.20K","-1.90%"
"24/03/2015","3.69","3.77","3.97","3.67","10.02K","-2.38%"
"23/03/2015","3.78","3.85","3.85","3.72","4.30K","-3.08%"
"20/03/2015","3.90","3.96","4.04","3.70","15.83K","-2.99%"
"19/03/2015","4.02","4.02","4.02","3.93","2.81K","0.00%"
"18/03/2015","4.02","4.03","4.03","4.02","0.14K","-0.74%"
"17/03/2015","4.05","4.05","4.05","4.05","0.01K","0.75%"
"16/03/2015","4.02","4.01","4.02","4.01","1.31K","0.25%"
"13/03/2015","4.01","4.02","4.02","4.01","1.10K","0.00%"
"12/03/2015","4.01","4.07","4.09","4.01","3.47K","0.00%"
"11/03/2015","4.01","4.09","4.09","4.01","11.05K","-1.72%"
"10/03/2015","4.08","4.07","4.10","4.02","14.13K","0.49%"
"09/03/2015","4.06","4.06","4.09","4.06","6.98K","-0.73%"
"06/03/2015","4.09","4.06","4.09","4.06","4.28K","0.25%"
"05/03/2015","4.08","4.08","4.08","4.08","0.00K","0.00%"
"04/03/2015","4.08","4.02","4.08","4.02","6.00K","2.51%"
"03/03/2015","3.98","4.10","4.10","3.98","6.13K","-3.40%"
"02/03/2015","4.12","3.97","4.12","3.97","1.06K","0.24%"
"27/02/2015","4.11","4.12","4.12","4.11","0.15K","-0.48%"
"26/02/2015","4.13","4.00","4.13","4.00","5.09K","3.25%"
"25/02/2015","4.00","4.06","4.06","4.00","4.19K","-2.44%"
"24/02/2015","4.10","4.15","4.15","4.00","6.48K","1.23%"
"23/02/2015","4.05","3.99","4.15","3.93","40.79K","2.53%"
"20/02/2015","3.95","3.90","3.99","3.90","7.89K","1.28%"
"19/02/2015","3.90","3.94","3.94","3.90","2.01K","0.00%"
"18/02/2015","3.90","3.92","3.92","3.90","2.97K","-0.26%"
"17/02/2015","3.91","3.90","3.91","3.82","36.96K","-0.76%"
"16/02/2015","3.94","3.94","3.94","3.94","0.01K","1.03%"
"13/02/2015","3.90","3.90","3.90","3.83","11.04K","0.26%"
"12/02/2015","3.89","3.80","3.90","3.77","4.35K","2.37%"
"11/02/2015","3.80","3.80","3.80","3.80","0.10K","0.00%"
"10/02/2015","3.80","3.79","3.80","3.79","4.73K","0.00%"
"09/02/2015","3.80","3.90","3.90","3.73","5.38K","-1.81%"
"06/02/2015","3.87","3.84","3.89","3.81","33.75K","0.78%"
"05/02/2015","3.84","3.85","3.85","3.80","0.86K","0.26%"
"04/02/2015","3.83","3.65","3.83","3.65","7.71K","5.22%"
"03/02/2015","3.64","3.65","3.65","3.64","1.33K","1.11%"
"02/02/2015","3.60","3.53","3.60","3.53","3.52K","1.98%"
"30/01/2015","3.53","3.59","3.59","3.53","0.71K","-0.28%"
"29/01/2015","3.54","3.53","3.64","3.53","2.44K","0.28%"
"28/01/2015","3.53","3.54","3.54","3.53","1.12K","0.00%"
"27/01/2015","3.53","3.53","3.53","3.53","0.54K","0.00%"
"26/01/2015","3.53","3.55","3.55","3.53","5.33K","-3.29%"
"23/01/2015","3.65","3.61","3.65","3.61","0.05K","1.11%"
"22/01/2015","3.61","3.56","3.61","3.55","1.54K","-1.10%"
"21/01/2015","3.65","3.70","3.72","3.54","2.11K","-1.88%"
"20/01/2015","3.72","3.72","3.72","3.72","0.01K","1.36%"
"19/01/2015","3.67","3.67","3.67","3.53","0.27K","0.82%"
"16/01/2015","3.64","3.64","3.64","3.64","0.53K","0.55%"
"15/01/2015","3.62","3.64","3.81","3.62","4.46K","-0.82%"
"14/01/2015","3.65","3.65","3.65","3.65","0.28K","-0.82%"
"13/01/2015","3.68","3.69","3.69","3.68","0.30K","-0.54%"
"12/01/2015","3.70","3.73","3.82","3.68","5.84K","1.09%"
"09/01/2015","3.66","3.66","3.66","3.66","0.10K","0.00%"
"08/01/2015","3.66","3.60","3.66","3.60","2.77K","1.67%"
"07/01/2015","3.60","3.60","3.62","3.52","2.43K","0.00%"
"05/01/2015","3.60","3.63","3.66","3.60","4.99K","-2.70%"
"02/01/2015","3.70","3.57","3.79","3.52","4.63K","3.64%"
"30/12/2014","3.57","3.59","3.59","3.42","1.27K","0.56%"
"29/12/2014","3.55","3.45","3.55","3.45","4.40K","1.72%"
"23/12/2014","3.49","3.42","3.49","3.40","24.43K","2.65%"
"22/12/2014","3.40","3.42","3.43","3.36","32.10K","0.00%"
"19/12/2014","3.40","3.33","3.52","3.27","6.54K","1.80%"
"18/12/2014","3.34","3.45","3.51","3.30","27.18K","-3.19%"
"17/12/2014","3.45","3.60","3.60","3.45","36.94K","-4.96%"
"16/12/2014","3.63","3.66","3.68","3.63","7.29K","-2.16%"
"15/12/2014","3.71","3.72","3.81","3.60","3.20K","-1.07%"
"12/12/2014","3.75","3.67","3.77","3.65","12.54K","-0.79%"
"11/12/2014","3.78","3.81","3.81","3.78","1.00K","0.27%"
"10/12/2014","3.77","3.89","3.89","3.77","2.02K","-3.08%"
"09/12/2014","3.89","3.84","3.90","3.75","0.52K","1.30%"
"08/12/2014","3.84","3.72","3.84","3.72","12.77K","3.23%"
"05/12/2014","3.72","3.84","3.85","3.72","9.84K","-2.11%"
"04/12/2014","3.80","3.90","3.90","3.80","57.89K","-2.56%"
"03/12/2014","3.90","3.89","3.90","3.89","0.70K","0.26%"
"02/12/2014","3.89","3.95","3.95","3.89","9.53K","-1.52%"
"01/12/2014","3.95","4.00","4.00","3.95","2.83K","0.25%"
"28/11/2014","3.94","4.05","4.05","3.94","2.16K","-1.25%"
"27/11/2014","3.99","4.00","4.00","3.89","10.40K","-1.48%"
"26/11/2014","4.05","4.00","4.05","4.00","1.56K","1.00%"
"25/11/2014","4.01","4.05","4.15","4.00","63.62K","0.00%"
"24/11/2014","4.01","4.10","4.11","4.01","29.54K","-3.37%"
"21/11/2014","4.15","4.24","4.24","4.15","1.26K","-2.35%"
"20/11/2014","4.25","4.30","4.30","4.25","0.01K","1.19%"
"19/11/2014","4.20","4.14","4.20","4.10","5.93K","2.94%"
"18/11/2014","4.08","4.05","4.13","4.05","4.89K","0.74%"
"17/11/2014","4.05","4.07","4.07","4.05","6.70K","-0.49%"
"14/11/2014","4.07","4.22","4.22","4.07","5.02K","-2.63%"
"13/11/2014","4.18","4.30","4.30","4.16","5.17K","-2.56%"
"12/11/2014","4.29","4.29","4.29","4.29","0.67K","0.00%"
"10/11/2014","4.29","4.30","4.30","4.29","2.15K","-0.46%"
"07/11/2014","4.31","4.40","4.40","4.31","4.15K","-3.58%"
"06/11/2014","4.47","4.47","4.47","4.34","6.77K","-0.22%"
"05/11/2014","4.48","4.68","4.68","4.33","28.01K","-4.48%"
"04/11/2014","4.69","4.52","4.70","4.45","9.37K","3.99%"
"03/11/2014","4.51","4.41","4.54","4.41","7.50K","2.04%"
"31/10/2014","4.42","4.38","4.43","4.24","3.89K","2.79%"
"30/10/2014","4.30","4.44","4.44","4.30","5.98K","-2.27%"
"29/10/2014","4.40","4.32","4.46","4.32","6.01K","0.00%"
"28/10/2014","4.40","4.47","4.49","4.40","8.12K","-1.57%"
"27/10/2014","4.47","4.49","4.49","4.40","0.73K","3.47%"
"24/10/2014","4.32","4.49","4.50","4.32","13.27K","-1.14%"
"23/10/2014","4.37","4.21","4.45","4.21","19.72K","4.30%"
"22/10/2014","4.19","4.06","4.20","4.06","12.35K","3.20%"
"21/10/2014","4.06","4.05","4.07","4.05","4.50K","0.25%"
"20/10/2014","4.05","4.07","4.07","4.05","2.42K","0.00%"
"17/10/2014","4.05","4.02","4.06","4.02","4.00K","0.75%"
"16/10/2014","4.02","4.08","4.08","4.02","0.26K","-1.47%"
"15/10/2014","4.08","4.05","4.08","4.05","1.26K","0.74%"
"14/10/2014","4.05","4.01","4.05","4.01","6.61K","0.75%"
"13/10/2014","4.02","4.05","4.06","4.02","3.61K","-0.25%"
"10/10/2014","4.03","4.06","4.06","4.03","38.33K","-0.49%"
"09/10/2014","4.05","4.09","4.09","4.05","1.30K","-0.98%"
"08/10/2014","4.09","4.05","4.09","4.05","1.55K","0.99%"
"07/10/2014","4.05","4.06","4.09","4.05","7.41K","0.00%"
"06/10/2014","4.05","4.05","4.08","4.05","2.35K","0.00%"
"03/10/2014","4.05","4.05","4.08","4.05","8.67K","0.00%"
"02/10/2014","4.05","4.02","4.11","4.02","5.92K","0.75%"
"01/10/2014","4.02","4.19","4.19","4.00","4.68K","-2.90%"
"30/09/2014","4.14","4.14","4.20","4.11","8.85K","0.00%"
"29/09/2014","4.14","4.20","4.20","4.14","5.55K","-1.43%"
"26/09/2014","4.20","4.23","4.23","4.15","1.90K","-0.71%"
"25/09/2014","4.23","4.23","4.23","4.23","0.01K","0.71%"
"24/09/2014","4.20","4.23","4.23","4.11","8.77K","0.72%"
"23/09/2014","4.17","4.27","4.27","4.17","47.90K","-1.65%"
"22/09/2014","4.24","4.12","4.27","4.12","4.07K","0.71%"
"19/09/2014","4.21","4.23","4.27","4.21","22.05K","0.72%"
"18/09/2014","4.18","4.18","4.23","4.15","25.81K","1.46%"
"17/09/2014","4.12","4.19","4.20","4.11","7.83K","-1.67%"
"16/09/2014","4.19","4.18","4.19","4.08","6.33K","0.72%"
"15/09/2014","4.16","4.09","4.18","4.05","7.04K","-0.48%"
"12/09/2014","4.18","4.18","4.25","4.18","16.78K","0.24%"
"11/09/2014","4.17","4.14","4.18","4.11","135.63K","1.71%"
"10/09/2014","4.10","4.09","4.17","4.05","19.98K","0.24%"
"09/09/2014","4.09","4.06","4.10","4.05","12.12K","-1.45%"
"08/09/2014","4.15","4.18","4.18","4.08","4.77K","0.00%"
"05/09/2014","4.15","4.08","4.15","3.99","29.25K","2.72%"
"04/09/2014","4.04","3.94","4.05","3.94","4.75K","2.02%"
"03/09/2014","3.96","4.13","4.17","3.96","13.41K","-3.88%"
"02/09/2014","4.12","4.25","4.25","4.12","4.69K","-3.06%"
"01/09/2014","4.25","4.11","4.29","4.11","8.52K","-2.07%"