"Date","Price","Open","High","Low","Vol.","Change %"
"30/09/2025","9.9700","9.8500","10.0400","9.7000","29.20K","1.22%"
"29/09/2025","9.8500","10.0000","10.1200","9.6400","38.50K","-0.91%"
"26/09/2025","9.9400","9.6000","9.9600","9.2800","124.99K","2.69%"
"25/09/2025","9.6800","10.0000","10.1000","9.5600","59.61K","-3.97%"
"24/09/2025","10.0800","10.0400","10.2200","9.9300","63.76K","0.00%"
"23/09/2025","10.0800","10.4400","10.6600","10.0000","127.06K","-3.45%"
"22/09/2025","10.4400","10.7000","11.2200","10.1000","136.37K","-0.38%"
"19/09/2025","10.4800","10.2000","10.4800","10.1000","41.56K","3.76%"
"18/09/2025","10.1000","10.2400","10.6600","9.8400","237.79K","-2.13%"
"17/09/2025","10.3200","10.9200","11.2200","10.3000","213.35K","-6.52%"
"16/09/2025","11.0400","10.8000","11.6400","10.5000","375.27K","3.18%"
"15/09/2025","10.7000","9.9900","10.7200","9.9500","174.71K","7.97%"
"12/09/2025","9.9100","9.4600","10.4000","9.3000","267.12K","4.87%"
"11/09/2025","9.4500","9.6200","9.7900","9.1900","202.69K","-1.77%"
"10/09/2025","9.6200","8.4800","9.7500","8.4800","534.21K","15.63%"
"09/09/2025","8.3200","8.1700","8.5900","8.0200","223.88K","1.59%"
"08/09/2025","8.1900","8.1200","8.4200","8.0000","132.28K","1.49%"
"05/09/2025","8.0700","7.8100","8.2000","7.7200","89.82K","3.20%"
"04/09/2025","7.8200","7.7800","7.8500","7.6300","27.59K","1.96%"
"03/09/2025","7.6700","7.8200","7.8500","7.6600","15.89K","-1.92%"
"02/09/2025","7.8200","7.8000","7.8500","7.6100","22.36K","-0.51%"
"01/09/2025","7.8600","7.7000","7.9000","7.7000","11.30K","2.08%"
"29/08/2025","7.7000","7.7600","7.9000","7.5100","123.32K","-0.77%"
"28/08/2025","7.7600","7.7800","8.0000","7.6900","35.83K","-1.15%"
"27/08/2025","7.8500","8.0800","8.1500","7.7200","41.43K","-3.09%"
"26/08/2025","8.1000","8.1200","8.1800","7.9300","47.26K","-1.22%"
"25/08/2025","8.2000","8.1500","8.3000","7.6000","275.29K","2.89%"
"22/08/2025","7.9700","6.9000","8.3400","6.8200","563.55K","14.18%"
"21/08/2025","6.9800","6.9900","7.0000","6.7500","16.53K","0.00%"
"20/08/2025","6.9800","6.9300","7.0000","6.8900","27.70K","-0.29%"
"19/08/2025","7.0000","7.2600","7.2600","7.0000","28.91K","-3.45%"
"18/08/2025","7.2500","7.0600","7.2500","6.9700","18.33K","3.57%"
"14/08/2025","7.0000","7.0300","7.1300","6.9500","11.38K","-1.82%"
"13/08/2025","7.1300","7.1300","7.2000","7.0400","7.34K","0.00%"
"12/08/2025","7.1300","7.0800","7.3700","7.0500","51.01K","0.71%"
"11/08/2025","7.0800","7.0900","7.2600","7.0500","21.20K","0.43%"
"08/08/2025","7.0500","7.0300","7.1400","7.0300","6.68K","0.43%"
"07/08/2025","7.0200","7.2900","7.2900","7.0000","36.16K","-3.70%"
"06/08/2025","7.2900","7.1700","7.3000","7.0800","11.93K","1.67%"
"05/08/2025","7.1700","7.1700","7.4400","7.0200","49.39K","0.14%"
"04/08/2025","7.1600","7.0500","7.3000","6.8500","47.87K","0.85%"
"01/08/2025","7.1000","7.2500","7.2900","7.0000","34.68K","-2.34%"
"31/07/2025","7.2700","7.3000","7.3000","7.1600","18.05K","0.28%"
"30/07/2025","7.2500","7.3900","7.3900","7.1200","34.62K","-1.89%"
"29/07/2025","7.3900","7.4500","7.4500","7.3000","12.28K","0.41%"
"28/07/2025","7.3600","7.4100","7.5100","7.3500","34.25K","-2.00%"
"25/07/2025","7.5100","7.4700","7.5700","7.4000","62.65K","1.49%"
"24/07/2025","7.4000","7.2500","7.5400","7.0000","81.53K","3.50%"
"23/07/2025","7.1500","6.8000","7.1900","6.8000","69.07K","5.15%"
"22/07/2025","6.8000","6.6000","6.8500","6.6000","37.91K","0.74%"
"21/07/2025","6.7500","6.6800","6.8000","6.6700","38.08K","1.05%"
"18/07/2025","6.6800","6.6000","6.7000","6.5200","17.71K","1.21%"
"17/07/2025","6.6000","6.4900","6.7000","6.4200","24.91K","1.69%"
"16/07/2025","6.4900","6.5000","6.6800","6.3600","25.70K","0.62%"
"15/07/2025","6.4500","6.7000","6.7500","6.4000","36.25K","-3.73%"
"14/07/2025","6.7000","6.5500","6.9800","6.5500","38.16K","2.29%"
"11/07/2025","6.5500","6.4300","6.5500","6.3500","17.29K","1.71%"
"10/07/2025","6.4400","6.6000","6.7000","6.4300","23.74K","-2.13%"
"09/07/2025","6.5800","6.5500","6.7000","6.5000","49.26K","-1.05%"
"08/07/2025","6.6500","6.3000","6.6500","6.2800","55.46K","5.56%"
"07/07/2025","6.3000","6.5500","6.6400","6.2500","122.19K","-5.97%"
"04/07/2025","6.7000","6.6800","6.7200","6.5000","43.89K","0.60%"
"03/07/2025","6.6600","6.9900","7.0300","6.5700","61.76K","-4.45%"
"02/07/2025","6.9700","7.2400","7.2700","6.7600","48.15K","-4.13%"
"01/07/2025","7.2700","7.3400","7.4000","7.2000","19.79K","-0.27%"
"30/06/2025","7.2900","7.4700","7.4700","7.2100","8.67K","-1.35%"
"27/06/2025","7.3900","7.2600","7.4000","7.2000","29.81K","1.79%"
"26/06/2025","7.2600","7.2200","7.3200","7.2000","10.64K","0.41%"
"25/06/2025","7.2300","7.3600","7.3600","7.1000","3.37K","-0.55%"
"24/06/2025","7.2700","7.1500","7.3800","7.0800","21.58K","0.28%"
"23/06/2025","7.2500","7.2800","7.5000","7.2000","20.65K","-1.49%"
"20/06/2025","7.3600","7.2000","7.4700","7.2000","35.44K","2.22%"
"18/06/2025","7.2000","7.2300","7.2500","7.1500","15.36K","-0.41%"
"17/06/2025","7.2300","7.4000","7.4000","7.1500","37.60K","-3.60%"
"16/06/2025","7.5000","7.6900","7.8800","7.4800","58.03K","-0.79%"
"13/06/2025","7.5600","7.2900","7.6400","7.2000","38.84K","4.28%"
"12/06/2025","7.2500","7.2800","7.3900","7.2100","9.80K","-0.14%"
"11/06/2025","7.2600","7.2000","7.6800","7.1600","51.67K","-0.41%"
"10/06/2025","7.2900","7.2600","7.7000","7.1400","49.90K","0.55%"
"09/06/2025","7.2500","7.3700","7.4000","6.9400","46.81K","-1.63%"
"06/06/2025","7.3700","7.5100","7.5100","7.2400","7.58K","-1.86%"
"05/06/2025","7.5100","7.7000","7.8000","7.3600","39.11K","-1.44%"
"04/06/2025","7.6200","7.4000","7.7000","7.1200","48.32K","4.38%"
"03/06/2025","7.3000","7.1700","7.4200","7.1000","44.07K","1.39%"
"02/06/2025","7.2000","7.2200","7.5800","7.1700","54.16K","-5.39%"
"30/05/2025","7.6100","7.7900","7.8400","7.6100","25.84K","-3.55%"
"29/05/2025","7.8900","8.0400","8.0400","7.8100","23.87K","-1.99%"
"28/05/2025","8.0500","7.8900","8.0800","7.8600","20.87K","1.13%"
"27/05/2025","7.9600","8.1100","8.2100","7.8200","36.43K","-1.85%"
"26/05/2025","8.1100","8.0000","8.4000","7.7000","107.67K","3.31%"
"23/05/2025","7.8500","8.1500","8.1700","7.7200","50.59K","-1.26%"
"22/05/2025","7.9500","7.6200","8.4200","7.6200","117.33K","6.00%"
"21/05/2025","7.5000","7.4200","7.6600","7.3000","61.85K","0.00%"
"20/05/2025","7.5000","8.1100","8.1100","7.4100","104.30K","-7.18%"
"19/05/2025","8.0800","7.9900","8.2400","7.9000","22.88K","1.00%"
"16/05/2025","8.0000","7.9200","8.0900","7.8900","21.43K","0.63%"
"15/05/2025","7.9500","7.9800","8.0100","7.8700","39.49K","-1.49%"
"14/05/2025","8.0700","8.1500","8.2000","7.9000","76.13K","-1.34%"
"13/05/2025","8.1800","8.1400","8.2800","8.0700","57.25K","0.37%"
"12/05/2025","8.1500","8.8000","9.0000","8.1500","262.49K","-6.86%"
"09/05/2025","8.7500","8.6900","8.8000","8.5200","59.06K","0.69%"
"08/05/2025","8.6900","8.7500","8.7800","8.3500","155.41K","-0.69%"
"07/05/2025","8.7500","8.4700","8.8400","8.4700","139.16K","3.55%"
"06/05/2025","8.4500","8.1600","8.5000","8.0100","205.86K","5.10%"
"05/05/2025","8.0400","7.6700","8.0900","7.6700","70.03K","3.34%"
"02/05/2025","7.7800","7.5900","7.9600","7.5900","47.64K","1.04%"
"30/04/2025","7.7000","7.7200","7.9000","7.5500","72.48K","0.13%"
"29/04/2025","7.6900","7.7700","8.2000","7.5700","101.04K","-1.41%"
"28/04/2025","7.8000","8.2500","8.2800","7.8000","89.25K","-5.11%"
"25/04/2025","8.2200","7.6600","8.4000","7.6000","217.37K","6.75%"
"24/04/2025","7.7000","7.7900","7.7900","7.5600","34.54K","0.26%"
"23/04/2025","7.6800","7.8200","7.8400","7.4500","111.56K","-1.79%"
"22/04/2025","7.8200","8.2000","8.3000","7.7700","156.22K","-3.81%"
"17/04/2025","8.1300","7.5800","8.8400","7.5200","639.41K","6.83%"
"16/04/2025","7.6100","7.8700","8.0000","7.5600","74.43K","-3.30%"
"15/04/2025","7.8700","8.2800","8.3100","7.8000","190.12K","-3.44%"
"14/04/2025","8.1500","7.7500","8.2800","7.7500","350.36K","6.96%"
"11/04/2025","7.6200","7.0600","7.7600","6.9700","359.76K","7.93%"
"10/04/2025","7.0600","6.6500","7.1400","6.6400","216.07K","11.01%"
"09/04/2025","6.3600","6.5800","6.7500","6.2100","102.33K","-4.07%"
"08/04/2025","6.6300","6.6000","6.8600","6.5000","181.35K","5.57%"
"07/04/2025","6.2800","6.4900","6.5500","5.9100","177.10K","-5.56%"
"04/04/2025","6.6500","7.0400","7.0600","6.5200","90.44K","-4.45%"
"03/04/2025","6.9600","7.0600","7.2900","6.8200","136.82K","-2.66%"
"02/04/2025","7.1500","6.9200","7.1500","6.8400","59.13K","3.77%"
"01/04/2025","6.8900","6.9500","7.0900","6.8200","38.97K","-1.29%"
"31/03/2025","6.9800","7.0300","7.2800","6.8800","126.38K","-0.71%"
"28/03/2025","7.0300","6.7900","7.1000","6.7200","147.10K","3.53%"
"27/03/2025","6.7900","6.8000","6.9400","6.7500","60.65K","0.15%"
"26/03/2025","6.7800","6.8700","6.8700","6.5400","68.78K","-1.31%"
"25/03/2025","6.8700","6.9500","6.9500","6.6300","103.06K","-1.15%"
"24/03/2025","6.9500","7.0900","7.0900","6.8700","50.73K","-1.84%"
"21/03/2025","7.0800","7.0300","7.1200","6.8500","50.39K","0.71%"
"20/03/2025","7.0300","7.1000","7.1600","6.8500","65.36K","-1.95%"
"19/03/2025","7.1700","7.1900","7.2000","7.0400","38.88K","0.14%"
"18/03/2025","7.1600","7.1000","7.3000","7.0700","80.00K","0.56%"
"17/03/2025","7.1200","7.0700","7.3400","7.0000","117.55K","0.99%"
"14/03/2025","7.0500","6.9300","7.1800","6.8600","132.64K","2.92%"
"13/03/2025","6.8500","7.2700","7.2900","6.8000","244.94K","-4.60%"
"12/03/2025","7.1800","7.1400","7.2900","7.0300","196.42K","-4.01%"
"11/03/2025","7.4800","7.2700","7.6300","7.0500","157.36K","2.47%"
"10/03/2025","7.3000","6.7000","7.8400","6.6600","544.11K","8.96%"
"07/03/2025","6.7000","7.1000","7.1200","6.6000","216.18K","-4.01%"
"06/03/2025","6.9800","7.0900","7.3000","6.8500","359.54K","1.45%"
"05/03/2025","6.8800","6.9000","7.1000","6.3600","445.89K","0.44%"
"04/03/2025","6.8500","6.5800","7.4800","6.5300","1.03M","9.78%"
"03/03/2025","6.2400","5.4700","6.4400","5.4100","689.13K","18.63%"
"28/02/2025","5.2600","5.1300","5.3400","5.0600","92.87K","2.53%"
"27/02/2025","5.1300","5.0500","5.1800","4.9900","53.43K","2.40%"
"26/02/2025","5.0100","5.1900","5.1900","5.0100","77.56K","-2.72%"
"25/02/2025","5.1500","5.0500","5.3300","5.0500","165.98K","1.98%"
"24/02/2025","5.0500","5.1400","5.2400","4.9900","91.27K","-0.98%"
"21/02/2025","5.1000","5.2300","5.3600","5.0000","140.29K","-1.35%"
"20/02/2025","5.1700","4.8250","5.4200","4.7900","886.63K","7.93%"
"19/02/2025","4.7900","4.8350","4.9900","4.6600","207.32K","0.74%"
"18/02/2025","4.7550","4.3500","4.8400","4.3500","355.32K","9.94%"
"17/02/2025","4.3250","4.1600","4.3600","4.1600","24.46K","2.61%"
"14/02/2025","4.2150","4.2650","4.3300","4.1500","59.35K","-1.98%"
"13/02/2025","4.3000","4.4350","4.4550","4.1800","132.40K","-3.04%"
"12/02/2025","4.4350","4.3650","4.4800","4.3550","32.48K","1.84%"
"11/02/2025","4.3550","4.4450","4.5400","4.2900","53.29K","-2.13%"
"10/02/2025","4.4500","4.4100","4.4800","4.3550","23.95K","2.06%"
"07/02/2025","4.3600","4.5200","4.6600","4.3600","74.67K","-3.54%"
"06/02/2025","4.5200","4.5000","4.5950","4.2900","105.86K","0.67%"
"05/02/2025","4.4900","4.5400","4.5950","4.4200","26.48K","-1.21%"
"04/02/2025","4.5450","4.5350","4.5900","4.4600","17.79K","0.66%"
"03/02/2025","4.5150","4.5000","4.5450","4.3900","30.28K","-1.53%"
"31/01/2025","4.5850","4.6600","4.7300","4.5050","86.12K","-1.61%"
"30/01/2025","4.6600","4.7950","4.9450","4.6500","95.29K","-2.92%"
"29/01/2025","4.8000","4.6100","4.8750","4.6100","154.30K","4.01%"
"28/01/2025","4.6150","4.4600","4.7200","4.4600","78.02K","1.99%"
"27/01/2025","4.5250","4.5250","4.5600","4.4400","13.51K","0.56%"
"24/01/2025","4.5000","4.4400","4.5500","4.4400","19.91K","0.22%"
"23/01/2025","4.4900","4.5950","4.5950","4.4000","27.56K","-0.77%"
"22/01/2025","4.5250","4.4200","4.6750","4.3800","83.31K","2.14%"
"21/01/2025","4.4300","4.4200","4.5750","4.4000","30.02K","-1.34%"
"20/01/2025","4.4900","4.5150","4.7000","4.4050","90.49K","-1.64%"
"17/01/2025","4.5650","4.4600","4.6550","4.4300","76.59K","1.44%"
"16/01/2025","4.5000","4.2550","4.5500","4.2000","74.78K","5.51%"
"15/01/2025","4.2650","4.2600","4.6500","4.1200","200.06K","0.35%"
"14/01/2025","4.2500","4.2000","4.2700","4.1600","1.19K","1.19%"
"13/01/2025","4.2000","4.2450","4.2700","4.1500","4.58K","-1.06%"
"10/01/2025","4.2450","4.3000","4.3000","4.1600","8.61K","1.07%"
"09/01/2025","4.2000","4.2700","4.3500","4.2000","20.31K","-3.11%"
"08/01/2025","4.3350","4.3850","4.4650","4.3000","22.62K","-1.37%"
"07/01/2025","4.3950","4.4050","4.5000","4.3950","28.79K","-0.11%"
"03/01/2025","4.4000","4.2450","4.4900","4.1750","41.57K","3.53%"
"02/01/2025","4.2500","4.2000","4.2500","4.0300","27.47K","1.43%"
"30/12/2024","4.1900","4.1600","4.2200","4.1000","6.38K","0.60%"
"27/12/2024","4.1650","4.1250","4.2300","4.0500","19.05K","0.85%"
"23/12/2024","4.1300","4.1550","4.3200","4.1200","39.16K","-1.31%"
"20/12/2024","4.1850","4.2700","4.2800","4.1550","7.87K","-2.22%"
"19/12/2024","4.2800","4.1000","4.3400","4.1000","30.12K","2.15%"
"18/12/2024","4.1900","4.1150","4.1900","4.0300","13.13K","-0.24%"
"17/12/2024","4.2000","4.1250","4.2450","3.8800","68.34K","0.72%"
"16/12/2024","4.1700","4.3100","4.3100","4.0300","34.14K","-3.70%"
"13/12/2024","4.3300","4.3500","4.3600","4.2600","12.98K","-0.46%"
"12/12/2024","4.3500","4.4350","4.4400","4.3400","7.30K","-2.25%"
"11/12/2024","4.4500","4.4800","4.5300","4.3500","11.62K","-0.78%"
"10/12/2024","4.4850","4.4700","4.4850","4.3600","9.75K","1.70%"
"09/12/2024","4.4100","4.3500","4.5100","4.3500","6.48K","-2.33%"
"06/12/2024","4.5150","4.4350","4.5200","4.3100","27.77K","0.33%"
"05/12/2024","4.5000","4.5400","4.5400","4.4100","7.63K","-0.44%"
"04/12/2024","4.5200","4.4600","4.5300","4.3800","13.44K","3.55%"
"03/12/2024","4.3650","4.4100","4.8500","4.2000","192.71K","-1.91%"
"02/12/2024","4.4500","4.5400","4.5400","4.3300","6.88K","-0.89%"
"29/11/2024","4.4900","4.4900","4.5200","4.3600","5.96K","0.11%"
"28/11/2024","4.4850","4.3900","4.5500","4.3400","49.29K","0.34%"
"27/11/2024","4.4700","4.4400","4.5500","4.3700","16.58K","-1.11%"
"26/11/2024","4.5200","4.4700","4.5200","4.3300","20.22K","0.44%"
"25/11/2024","4.5000","4.6900","4.6900","4.3900","58.60K","-2.70%"
"22/11/2024","4.6250","4.8000","4.8900","4.6200","67.27K","-3.24%"
"21/11/2024","4.7800","4.5500","4.8400","4.5500","88.40K","2.91%"
"20/11/2024","4.6450","4.6500","4.8000","4.5400","69.57K","-0.54%"
"19/11/2024","4.6700","4.7300","4.9500","4.5000","154.26K","-1.68%"
"18/11/2024","4.7500","4.2000","4.9100","4.1500","248.63K","13.10%"
"15/11/2024","4.2000","4.5100","4.5100","4.1200","155.53K","-6.56%"
"14/11/2024","4.4950","4.8650","4.9200","4.3900","235.49K","-5.17%"
"13/11/2024","4.7400","4.5000","4.9350","4.3700","334.45K","5.10%"
"12/11/2024","4.5100","4.1000","4.8200","4.0800","351.68K","8.28%"
"08/11/2024","4.1650","3.5500","4.2900","3.5500","483.52K","17.82%"
"07/11/2024","3.5350","3.5500","3.5500","3.5050","10.45K","0.14%"
"06/11/2024","3.5300","3.5650","3.7500","3.4800","78.71K","-0.70%"
"05/11/2024","3.5550","3.5500","3.6250","3.5300","9.62K","-0.97%"
"04/11/2024","3.5900","3.5250","3.7600","3.5200","29.71K","-0.28%"
"31/10/2024","3.6000","3.6000","3.6000","3.5500","0.25K","0.00%"
"30/10/2024","3.6000","3.5200","3.6100","3.5100","7.74K","3.00%"
"29/10/2024","3.4950","3.6350","3.7400","3.4650","10.26K","-4.25%"
"28/10/2024","3.6500","3.6250","3.7400","3.5200","15.35K","0.55%"
"25/10/2024","3.6300","3.5550","3.6800","3.5550","7.10K","2.11%"
"24/10/2024","3.5550","3.5100","3.5600","3.4500","11.26K","-0.14%"
"23/10/2024","3.5600","3.5300","3.5750","3.5050","3.12K","-0.84%"
"22/10/2024","3.5900","3.6200","3.6200","3.5100","7.62K","-0.69%"
"21/10/2024","3.6150","3.6550","3.6600","3.6100","3.91K","-1.23%"
"18/10/2024","3.6600","3.6050","3.6600","3.5800","3.92K","1.53%"
"17/10/2024","3.6050","3.5950","3.6300","3.5000","10.71K","0.42%"
"16/10/2024","3.5900","3.6400","3.6450","3.4900","35.23K","-0.83%"
"15/10/2024","3.6200","3.5950","3.8050","3.5800","49.11K","0.56%"
"14/10/2024","3.6000","3.6600","3.6850","3.4900","30.78K","-1.23%"
"11/10/2024","3.6450","3.6500","3.7300","3.5500","12.88K","-0.14%"
"10/10/2024","3.6500","3.6600","3.6600","3.6000","6.42K","0.27%"
"09/10/2024","3.6400","3.7000","3.7400","3.5900","9.79K","-1.36%"
"08/10/2024","3.6900","3.8000","3.8250","3.4750","36.82K","-2.51%"
"07/10/2024","3.7850","3.8500","3.8500","3.7500","3.30K","-1.30%"
"04/10/2024","3.8350","3.8550","3.8550","3.7800","3.57K","-0.65%"
"03/10/2024","3.8600","3.7750","3.8800","3.7700","8.53K","2.39%"
"02/10/2024","3.7700","3.8400","3.9750","3.7700","18.32K","-1.95%"
"01/10/2024","3.8450","3.7750","3.8600","3.7750","2.61K","0.13%"
"30/09/2024","3.8400","3.8650","3.8650","3.7550","6.01K","-0.65%"
"27/09/2024","3.8650","3.8750","3.8750","3.8000","0.25K","-0.26%"
"26/09/2024","3.8750","3.8300","3.9000","3.8000","14.98K","0.13%"
"25/09/2024","3.8700","3.8950","3.8950","3.8150","5.94K","-0.64%"
"24/09/2024","3.8950","3.8600","3.9300","3.8450","4.77K","0.39%"
"23/09/2024","3.8800","3.8800","3.9000","3.8400","12.85K","0.00%"
"20/09/2024","3.8800","3.8950","3.9000","3.8000","17.56K","0.78%"
"19/09/2024","3.8500","3.9000","3.9400","3.8500","0.92K","-0.77%"
"18/09/2024","3.8800","4.0000","4.0000","3.8550","6.88K","-2.27%"
"17/09/2024","3.9700","3.9100","4.0500","3.8900","10.32K","3.66%"
"16/09/2024","3.8300","3.9300","3.9300","3.8250","1.30K","-2.67%"
"13/09/2024","3.9350","3.8750","3.9350","3.8400","2.36K","0.90%"
"12/09/2024","3.9000","3.8050","3.9000","3.8050","2.20K","0.52%"
"11/09/2024","3.8800","3.8950","3.9000","3.8000","4.52K","0.26%"
"10/09/2024","3.8700","3.8850","3.8850","3.8250","2.06K","-0.26%"
"09/09/2024","3.8800","3.9100","3.9100","3.8100","0.70K","0.78%"
"06/09/2024","3.8500","3.9500","3.9500","3.8450","9.21K","-2.53%"
"05/09/2024","3.9500","3.9000","4.0000","3.8050","21.91K","1.41%"
"04/09/2024","3.8950","3.8000","3.9000","3.8000","8.00K","2.50%"
"03/09/2024","3.8000","3.9700","3.9800","3.8000","38.62K","-4.28%"
"02/09/2024","3.9700","3.9300","3.9850","3.9200","6.59K","1.28%"
"30/08/2024","3.9200","3.8600","3.9300","3.8600","3.86K","2.35%"
"29/08/2024","3.8300","3.8950","3.9850","3.8300","9.22K","-1.79%"
"28/08/2024","3.9000","3.9000","3.9000","3.8300","1.70K","-1.27%"
"27/08/2024","3.9500","3.9450","3.9500","3.9450","0.73K","0.38%"
"26/08/2024","3.9350","3.8500","3.9500","3.8500","3.19K","2.21%"
"23/08/2024","3.8500","3.9750","3.9750","3.8100","7.82K","-3.27%"
"22/08/2024","3.9800","4.0600","4.0600","3.8000","32.70K","-0.62%"
"21/08/2024","4.0050","4.1300","4.1350","3.9600","35.71K","-3.14%"
"20/08/2024","4.1350","4.2000","4.2300","4.0300","10.20K","-1.19%"
"19/08/2024","4.1850","4.0100","4.3600","3.8700","186.91K","10.42%"
"16/08/2024","3.7900","3.7150","3.8200","3.6300","13.23K","0.53%"
"14/08/2024","3.7700","3.7400","3.7950","3.6900","4.53K","0.80%"
"13/08/2024","3.7400","3.8000","3.8000","3.7400","0.52K","-1.06%"
"12/08/2024","3.7800","3.7850","3.8350","3.7800","2.14K","1.89%"
"09/08/2024","3.7100","3.7900","3.8300","3.7100","9.20K","-2.11%"
"08/08/2024","3.7900","3.7150","3.8350","3.6800","7.22K","0.40%"
"07/08/2024","3.7750","3.7950","3.8400","3.7000","6.03K","-0.66%"
"06/08/2024","3.8000","3.6600","3.8800","3.6600","53.07K","2.98%"
"05/08/2024","3.6900","3.8600","3.8600","3.5000","83.00K","-7.05%"
"02/08/2024","3.9700","3.8850","3.9750","3.8600","1.59K","0.25%"
"01/08/2024","3.9600","3.9500","3.9900","3.8500","2.67K","0.38%"
"31/07/2024","3.9450","3.9800","3.9800","3.8500","2.66K","-0.38%"
"30/07/2024","3.9600","3.8150","3.9700","3.8150","5.89K","2.06%"
"29/07/2024","3.8800","3.8800","3.9900","3.8200","20.67K","1.97%"
"26/07/2024","3.8050","3.9350","3.9500","3.8000","10.44K","-2.44%"
"25/07/2024","3.9000","3.8600","3.9900","3.7500","31.21K","-1.14%"
"24/07/2024","3.9450","3.9900","4.0000","3.8950","10.31K","-1.00%"
"23/07/2024","3.9850","3.9500","4.0700","3.8900","15.00K","0.00%"
"22/07/2024","3.9850","4.0250","4.0950","3.9200","43.57K","-2.45%"
"19/07/2024","4.0850","4.1800","4.1800","4.0000","17.79K","-0.73%"
"18/07/2024","4.1150","4.1550","4.2050","4.0500","8.29K","-0.96%"
"17/07/2024","4.1550","4.0500","4.2100","4.0500","52.23K","2.34%"
"16/07/2024","4.0600","4.1400","4.1900","4.0600","24.48K","-2.75%"
"15/07/2024","4.1750","4.1550","4.2000","4.1350","11.79K","-0.83%"
"12/07/2024","4.2100","4.2250","4.2250","4.1200","6.77K","-0.36%"
"11/07/2024","4.2250","4.1400","4.2500","4.1200","34.85K","2.05%"
"10/07/2024","4.1400","4.2000","4.2000","4.1400","6.14K","-1.43%"
"09/07/2024","4.2000","4.2200","4.2950","4.1750","5.45K","-1.41%"
"08/07/2024","4.2600","4.1800","4.2700","4.1800","10.09K","1.67%"
"05/07/2024","4.1900","4.2950","4.2950","4.1900","7.17K","-1.87%"
"04/07/2024","4.2700","4.2400","4.3550","4.0800","48.91K","1.67%"
"03/07/2024","4.2000","4.1550","4.2600","4.1100","6.03K","1.08%"
"02/07/2024","4.1550","4.2800","4.2850","4.1000","22.15K","-1.89%"
"01/07/2024","4.2350","4.2400","4.3000","4.2000","15.92K","-0.24%"
"28/06/2024","4.2450","4.3150","4.3150","4.2400","4.16K","-0.70%"
"27/06/2024","4.2750","4.3750","4.3750","4.2200","12.26K","0.12%"
"26/06/2024","4.2700","4.4900","4.5000","4.2500","13.77K","-3.17%"
"25/06/2024","4.4100","4.4400","4.4800","4.1950","24.85K","1.38%"
"24/06/2024","4.3500","4.0850","4.4900","4.0850","85.64K","4.82%"
"21/06/2024","4.1500","4.2100","4.2100","4.0650","21.97K","-1.54%"
"20/06/2024","4.2150","4.2100","4.2450","4.1200","21.09K","-0.94%"
"19/06/2024","4.2550","4.1950","4.2600","4.1000","9.68K","1.43%"
"18/06/2024","4.1950","4.3300","4.4100","4.0500","95.61K","-4.88%"
"17/06/2024","4.4100","4.5450","4.5450","4.3250","14.61K","-0.45%"
"14/06/2024","4.4300","4.4400","4.5000","4.2900","30.65K","-0.23%"
"13/06/2024","4.4400","4.1350","4.8500","4.1150","213.66K","8.03%"
"12/06/2024","4.1100","4.0700","4.1850","4.0500","7.06K","0.98%"
"11/06/2024","4.0700","4.1100","4.1900","4.0500","19.06K","-2.63%"
"10/06/2024","4.1800","4.2200","4.2200","4.1000","5.35K","-1.07%"
"07/06/2024","4.2250","4.3750","4.3750","4.1900","12.30K","-1.40%"
"06/06/2024","4.2850","4.3000","4.4000","4.2000","28.87K","-0.35%"
"05/06/2024","4.3000","4.1000","4.3750","4.0500","73.22K","2.63%"
"04/06/2024","4.1900","4.4100","4.6350","4.1300","103.64K","-5.31%"
"03/06/2024","4.4250","4.4800","4.4800","4.3050","11.07K","0.57%"
"31/05/2024","4.4000","4.4100","4.4200","4.3150","8.75K","1.03%"
"29/05/2024","4.3550","4.5800","4.5800","4.3000","86.39K","-5.02%"
"28/05/2024","4.5850","4.6800","4.7000","4.4550","65.31K","-2.45%"
"27/05/2024","4.7000","4.7800","4.8500","4.6300","51.68K","-1.67%"
"24/05/2024","4.7800","4.7600","4.8000","4.6000","111.67K","1.06%"
"23/05/2024","4.7300","4.5500","4.7900","4.2800","390.94K","6.53%"
"22/05/2024","4.4400","4.4600","4.5450","4.3050","40.47K","-0.45%"
"21/05/2024","4.4600","4.5600","4.6200","4.4200","50.32K","-2.19%"
"20/05/2024","4.5600","4.4200","4.5750","4.2900","104.76K","4.59%"
"17/05/2024","4.3600","4.3400","4.5350","4.2300","78.00K","0.46%"
"16/05/2024","4.3400","4.2900","4.5800","4.2550","138.41K","2.00%"
"15/05/2024","4.2550","4.0400","4.3450","4.0400","119.51K","6.11%"
"14/05/2024","4.0100","4.0300","4.0300","3.9600","6.91K","-0.50%"
"13/05/2024","4.0300","3.9400","4.0400","3.9200","26.40K","2.15%"
"10/05/2024","3.9450","3.9400","4.0600","3.8700","35.81K","1.15%"
"09/05/2024","3.9000","3.9300","3.9550","3.8500","4.35K","-0.26%"
"08/05/2024","3.9100","3.9500","3.9600","3.8200","9.65K","0.64%"
"07/05/2024","3.8850","3.9600","3.9600","3.8850","9.69K","-2.39%"
"06/05/2024","3.9800","3.7650","3.9900","3.7300","68.96K","6.70%"
"02/05/2024","3.7300","3.7200","3.7800","3.7200","4.90K","-1.45%"
"30/04/2024","3.7850","3.7850","3.7900","3.7200","3.24K","1.47%"
"29/04/2024","3.7300","3.7750","3.8150","3.7200","6.51K","-1.19%"
"26/04/2024","3.7750","3.7150","3.8100","3.7000","15.86K","1.75%"
"25/04/2024","3.7100","3.9000","3.9000","3.7000","25.20K","-4.87%"
"24/04/2024","3.9000","3.8750","3.9350","3.7600","27.81K","1.04%"
"23/04/2024","3.8600","3.9800","3.9850","3.8000","31.88K","-2.28%"
"22/04/2024","3.9500","3.9600","4.0000","3.8400","19.21K","2.33%"
"19/04/2024","3.8600","3.8200","3.9800","3.8200","8.11K","-0.52%"
"18/04/2024","3.8800","3.9200","3.9200","3.8100","5.98K","-1.27%"
"17/04/2024","3.9300","3.9250","3.9750","3.9000","7.53K","-0.13%"
"16/04/2024","3.9350","3.9500","3.9700","3.8000","20.36K","-0.38%"
"15/04/2024","3.9500","3.8800","4.0250","3.8700","13.04K","-0.25%"
"12/04/2024","3.9600","3.9400","3.9800","3.9200","8.20K","0.38%"
"11/04/2024","3.9450","3.9200","3.9650","3.8600","13.90K","-0.63%"
"10/04/2024","3.9700","3.9400","4.0300","3.9100","13.69K","0.00%"
"09/04/2024","3.9700","4.0400","4.1750","3.9300","82.67K","2.06%"
"08/04/2024","3.8900","3.8700","3.9300","3.8100","9.95K","-0.26%"
"05/04/2024","3.9000","3.8500","3.9500","3.7800","25.12K","-1.14%"
"04/04/2024","3.9450","3.9000","4.0650","3.8200","38.53K","-0.13%"
"03/04/2024","3.9500","3.9000","4.0600","3.8900","11.87K","1.28%"
"02/04/2024","3.9000","3.8950","4.0250","3.8800","15.57K","-3.11%"
"28/03/2024","4.0250","4.0300","4.0800","3.9400","10.30K","-0.12%"
"27/03/2024","4.0300","3.9950","4.0350","3.9350","4.95K","1.00%"
"26/03/2024","3.9900","3.9300","4.0800","3.9150","2.68K","-2.44%"
"25/03/2024","4.0900","4.0700","4.1450","3.8750","37.79K","0.49%"
"22/03/2024","4.0700","3.9150","4.0950","3.9150","15.06K","3.04%"
"21/03/2024","3.9500","3.9400","4.0500","3.7000","124.43K","-1.25%"
"20/03/2024","4.0000","4.1100","4.1100","3.9500","38.13K","-1.11%"
"19/03/2024","4.0450","4.1100","4.2300","3.9900","65.13K","-2.18%"
"18/03/2024","4.1350","4.3750","4.3750","4.1000","42.46K","-3.84%"
"15/03/2024","4.3000","4.3800","4.3800","4.1350","13.70K","-1.83%"
"14/03/2024","4.3800","4.4100","4.4500","4.2500","24.82K","1.15%"
"13/03/2024","4.3300","4.2500","4.4800","4.2500","79.34K","-0.69%"
"12/03/2024","4.3600","4.3000","4.3600","4.2300","10.68K","1.16%"
"11/03/2024","4.3100","4.1700","4.3950","4.1100","26.66K","3.36%"
"08/03/2024","4.1700","4.2200","4.2600","4.1700","11.81K","-1.18%"
"07/03/2024","4.2200","4.4200","4.4200","4.1750","75.04K","-4.95%"
"06/03/2024","4.4400","4.4500","4.4500","4.3350","16.20K","0.68%"
"05/03/2024","4.4100","4.4000","4.5000","4.3400","46.02K","0.23%"
"04/03/2024","4.4000","4.7000","4.7000","4.3400","74.93K","-5.38%"
"01/03/2024","4.6500","4.6900","4.7400","4.6050","9.83K","1.20%"
"29/02/2024","4.5950","4.6400","4.8500","4.5000","54.85K","0.33%"
"28/02/2024","4.5800","4.6500","4.6900","4.4750","68.05K","-1.72%"
"27/02/2024","4.6600","4.6900","4.8000","4.6600","20.00K","-0.64%"
"26/02/2024","4.6900","4.7750","4.9500","4.6500","201.22K","-1.78%"
"23/02/2024","4.7750","4.6800","4.8000","4.6100","169.66K","3.58%"
"22/02/2024","4.6100","4.6250","4.7000","4.5800","28.62K","1.65%"
"21/02/2024","4.5350","4.4500","4.7200","4.4100","157.00K","1.00%"
"20/02/2024","4.4900","4.3650","4.4900","4.3650","55.03K","2.86%"
"19/02/2024","4.3650","4.3950","4.5050","4.3500","46.49K","-0.80%"
"16/02/2024","4.4000","4.2650","4.5800","4.2000","87.72K","3.17%"
"15/02/2024","4.2650","4.1550","4.2700","4.1550","13.44K","2.03%"
"14/02/2024","4.1800","4.2600","4.2600","4.1450","50.13K","-2.56%"
"13/02/2024","4.2900","4.3050","4.3800","4.2400","28.32K","-0.92%"
"12/02/2024","4.3300","4.3000","4.4000","4.1900","51.25K","0.46%"
"09/02/2024","4.3100","4.4000","4.4650","4.2400","47.88K","-1.60%"
"08/02/2024","4.3800","4.2450","4.4800","4.2450","47.22K","4.04%"
"07/02/2024","4.2100","4.2950","4.2950","4.2050","6.41K","-0.94%"
"06/02/2024","4.2500","4.3000","4.3000","4.2000","12.44K","-1.16%"
"05/02/2024","4.3000","4.2900","4.3000","4.1700","24.34K","0.00%"
"02/02/2024","4.3000","4.2800","4.3000","4.2100","15.88K","0.47%"
"01/02/2024","4.2800","4.2400","4.3150","4.2000","15.45K","1.42%"
"31/01/2024","4.2200","4.3600","4.3600","4.2000","39.81K","-3.65%"
"30/01/2024","4.3800","4.0350","4.4350","4.0350","191.68K","8.68%"
"29/01/2024","4.0300","4.0550","4.1300","4.0050","8.61K","-0.37%"
"26/01/2024","4.0450","4.0550","4.0550","4.0100","8.04K","0.75%"
"25/01/2024","4.0150","4.1100","4.1100","4.0100","2.65K","-0.12%"
"24/01/2024","4.0200","4.1100","4.1150","4.0050","4.71K","-0.50%"
"23/01/2024","4.0400","4.0400","4.1350","4.0300","4.86K","-1.46%"
"22/01/2024","4.1000","4.1000","4.1300","4.0050","8.52K","-0.97%"
"19/01/2024","4.1400","4.0650","4.1500","4.0100","15.90K","2.10%"
"18/01/2024","4.0550","3.9800","4.1000","3.9500","16.00K","2.92%"
"17/01/2024","3.9400","4.0400","4.0900","3.9400","29.75K","-3.90%"
"16/01/2024","4.1000","4.2000","4.2300","4.0800","10.31K","-2.15%"
"15/01/2024","4.1900","4.0250","4.2000","4.0050","38.12K","3.71%"
"12/01/2024","4.0400","4.1600","4.1600","4.0400","11.09K","-0.98%"
"11/01/2024","4.0800","4.1900","4.2300","4.0600","20.99K","-0.85%"
"10/01/2024","4.1150","4.3250","4.3250","4.1050","21.90K","-4.86%"
"09/01/2024","4.3250","4.2700","4.3650","4.2400","37.36K","-1.03%"
"08/01/2024","4.3700","4.1500","4.4000","4.1500","86.64K","3.07%"
"05/01/2024","4.2400","4.1450","4.2800","4.1100","43.14K","0.47%"
"04/01/2024","4.2200","4.0800","4.2800","4.0600","51.05K","2.93%"
"03/01/2024","4.1000","4.1900","4.1900","4.0450","23.51K","-2.15%"
"02/01/2024","4.1900","3.7000","4.4300","3.7000","265.94K","13.24%"
"29/12/2023","3.7000","3.5850","3.7800","3.5550","41.85K","4.52%"
"28/12/2023","3.5400","3.6150","3.6500","3.5100","12.85K","0.00%"
"27/12/2023","3.5400","3.6000","3.6200","3.5300","72.31K","-3.01%"
"22/12/2023","3.6500","3.6900","3.6900","3.5800","35.21K","-1.08%"
"21/12/2023","3.6900","3.7500","3.7500","3.6550","13.78K","-2.12%"
"20/12/2023","3.7700","3.7950","3.7950","3.6000","29.28K","0.80%"
"19/12/2023","3.7400","3.7950","3.8100","3.7400","22.81K","-0.93%"
"18/12/2023","3.7750","3.6050","3.8000","3.6000","73.86K","4.86%"
"15/12/2023","3.6000","3.5400","3.7200","3.5400","36.66K","1.27%"
"14/12/2023","3.5550","3.4800","3.6600","3.4500","61.28K","2.45%"
"13/12/2023","3.4700","3.5050","3.5800","3.4650","11.67K","-3.07%"
"12/12/2023","3.5800","3.6350","3.6450","3.4600","22.34K","-1.51%"
"11/12/2023","3.6350","3.5300","3.6800","3.5300","9.04K","1.96%"
"08/12/2023","3.5650","3.6400","3.6600","3.5500","19.54K","-1.52%"
"07/12/2023","3.6200","3.6000","3.6800","3.5450","19.48K","0.42%"
"06/12/2023","3.6050","3.7000","3.7800","3.5850","15.84K","-3.61%"
"05/12/2023","3.7400","3.6500","3.8600","3.5250","76.07K","3.03%"
"04/12/2023","3.6300","3.5700","3.6600","3.4200","26.07K","1.82%"
"01/12/2023","3.5650","3.5600","3.7100","3.4150","55.89K","1.13%"
"30/11/2023","3.5250","3.4000","3.6000","3.3750","18.61K","3.68%"
"29/11/2023","3.4000","3.5050","3.6100","3.3000","43.93K","-5.95%"
"28/11/2023","3.6150","3.6300","3.6300","3.5200","1.29K","-0.69%"
"27/11/2023","3.6400","3.6450","3.6500","3.4800","10.86K","-0.27%"
"24/11/2023","3.6500","3.6150","3.7200","3.5200","15.08K","0.83%"
"23/11/2023","3.6200","3.6700","3.7300","3.6200","5.47K","-2.43%"
"22/11/2023","3.7100","3.8000","3.8000","3.7000","13.41K","-1.07%"
"21/11/2023","3.7500","3.7450","3.8900","3.7000","61.90K","1.35%"
"20/11/2023","3.7000","3.5300","3.7000","3.4100","69.29K","5.71%"
"17/11/2023","3.5000","3.4800","3.5500","3.4200","12.17K","0.86%"
"16/11/2023","3.4700","3.5050","3.5500","3.4100","24.56K","-1.42%"
"15/11/2023","3.5200","3.5500","3.6400","3.4700","9.87K","-0.85%"
"14/11/2023","3.5500","3.4500","3.5500","3.4200","27.22K","4.41%"
"13/11/2023","3.4000","3.4900","3.4900","3.3450","33.27K","-1.59%"
"10/11/2023","3.4550","3.5050","3.6200","3.4000","76.96K","-1.43%"
"09/11/2023","3.5050","3.8850","3.8850","3.4750","147.58K","-8.60%"
"08/11/2023","3.8350","3.9500","4.0050","3.6300","230.28K","-1.67%"
"07/11/2023","3.9000","3.0000","3.9900","2.9500","833.76K","30.00%"
"06/11/2023","3.0000","3.0000","3.0850","2.9500","14.69K","0.67%"
"03/11/2023","2.9800","3.0350","3.0350","2.9600","9.53K","-0.67%"
"02/11/2023","3.0000","2.9550","3.1200","2.9550","21.54K","0.00%"
"31/10/2023","3.0000","3.0300","3.0950","2.9350","16.17K","0.00%"
"30/10/2023","3.0000","2.9500","3.1200","2.9100","77.07K","1.69%"
"27/10/2023","2.9500","2.9150","2.9800","2.8900","13.53K","0.00%"
"26/10/2023","2.9500","2.9050","2.9500","2.8950","13.93K","-0.17%"
"25/10/2023","2.9550","2.9450","2.9950","2.8950","15.94K","-1.34%"
"24/10/2023","2.9950","3.0100","3.0100","2.9300","4.54K","0.17%"
"23/10/2023","2.9900","2.9950","3.0450","2.9200","6.81K","1.53%"
"20/10/2023","2.9450","3.0200","3.0250","2.9300","7.53K","0.68%"
"19/10/2023","2.9250","3.0350","3.0700","2.8950","32.55K","-3.62%"
"18/10/2023","3.0350","3.0400","3.0900","3.0000","13.52K","-0.16%"
"17/10/2023","3.0400","3.0350","3.1200","3.0150","10.74K","-0.65%"
"16/10/2023","3.0600","3.0900","3.1350","3.0050","18.03K","0.00%"
"13/10/2023","3.0600","3.1500","3.1600","3.0600","17.11K","-3.47%"
"12/10/2023","3.1700","3.1400","3.1850","3.0900","17.83K","1.28%"
"11/10/2023","3.1300","3.0700","3.1350","3.0100","26.02K","1.95%"
"10/10/2023","3.0700","3.1400","3.1400","3.0200","21.44K","-0.97%"
"09/10/2023","3.1000","2.9800","3.4500","2.9800","167.92K","6.16%"
"06/10/2023","2.9200","3.0500","3.0800","2.9200","19.56K","-4.11%"
"05/10/2023","3.0450","2.9600","3.0950","2.9600","11.08K","3.22%"
"04/10/2023","2.9500","2.9900","2.9900","2.9200","15.70K","-1.67%"
"03/10/2023","3.0000","3.0200","3.1700","2.9950","23.49K","-1.32%"
"02/10/2023","3.0400","3.0800","3.0800","3.0000","38.83K","-1.30%"
"29/09/2023","3.0800","3.0200","3.1250","3.0200","19.40K","1.99%"
"28/09/2023","3.0200","3.0600","3.0600","3.0200","12.24K","-1.31%"
"27/09/2023","3.0600","3.0600","3.1150","3.0250","10.93K","-1.77%"
"26/09/2023","3.1150","3.1250","3.1450","3.0600","19.76K","-0.16%"
"25/09/2023","3.1200","3.3000","3.3000","3.0800","23.58K","-4.88%"
"22/09/2023","3.2800","3.6300","3.6400","3.1000","78.94K","-6.29%"
"21/09/2023","3.5000","3.6250","3.6250","3.4800","11.03K","-3.58%"
"20/09/2023","3.6300","3.8000","3.8000","3.4700","104.07K","-4.47%"
"19/09/2023","3.8000","3.7900","3.9000","3.7500","14.90K","0.00%"
"18/09/2023","3.8000","3.9000","3.9400","3.7850","58.97K","-6.17%"
"15/09/2023","4.0500","4.1000","4.2000","4.0500","23.60K","-1.22%"
"14/09/2023","4.1000","4.1750","4.1800","4.0500","15.64K","-1.20%"
"13/09/2023","4.1500","4.1750","4.1750","4.1000","4.81K","-0.24%"
"12/09/2023","4.1600","4.1100","4.1650","4.0950","9.36K","-0.24%"
"11/09/2023","4.1700","4.1650","4.1700","4.0800","8.39K","0.24%"
"08/09/2023","4.1600","4.1000","4.1650","4.1000","17.10K","1.46%"
"07/09/2023","4.1000","3.9950","4.1500","3.9500","12.47K","2.50%"
"06/09/2023","4.0000","4.0800","4.1450","3.9900","16.05K","-2.20%"
"05/09/2023","4.0900","3.9750","4.1200","3.9750","9.59K","3.02%"
"04/09/2023","3.9700","4.0000","4.1400","3.9500","17.35K","-0.75%"
"01/09/2023","4.0000","4.0450","4.0500","4.0000","13.82K","0.00%"
"31/08/2023","4.0000","3.9950","4.1000","3.9950","8.66K","0.25%"
"30/08/2023","3.9900","3.9850","4.1600","3.9850","13.72K","0.13%"
"29/08/2023","3.9850","3.9450","4.1000","3.9100","28.19K","1.27%"
"28/08/2023","3.9350","3.9450","4.0000","3.8700","19.13K","-1.63%"
"25/08/2023","4.0000","4.1200","4.1200","3.9700","5.79K","-1.23%"
"24/08/2023","4.0500","4.0350","4.1700","3.9500","15.52K","0.25%"
"23/08/2023","4.0400","3.9900","4.0400","3.9150","18.47K","0.00%"
"22/08/2023","4.0400","3.9800","4.0400","3.9150","8.20K","3.32%"
"21/08/2023","3.9100","3.9300","4.1600","3.8800","54.07K","-0.76%"
"18/08/2023","3.9400","3.9000","3.9450","3.8950","17.51K","-1.50%"
"17/08/2023","4.0000","3.9600","4.0000","3.9150","26.55K","-0.74%"
"16/08/2023","4.0300","4.1350","4.1900","4.0100","25.27K","-4.62%"
"14/08/2023","4.2250","4.2000","4.3400","4.1150","14.07K","-0.24%"
"11/08/2023","4.2350","4.2850","4.2850","4.1250","8.79K","1.07%"
"10/08/2023","4.1900","4.3250","4.3250","4.1350","38.21K","-1.53%"
"09/08/2023","4.2550","4.4550","4.6200","4.2550","67.42K","-3.30%"
"08/08/2023","4.4000","4.2800","4.4000","4.2200","15.78K","1.27%"
"07/08/2023","4.3450","4.4000","4.4000","4.2850","8.75K","-1.03%"
"04/08/2023","4.3900","4.5500","4.5500","4.3400","14.50K","-1.13%"
"03/08/2023","4.4400","4.5200","4.5500","4.3900","13.78K","-1.11%"
"02/08/2023","4.4900","4.3900","4.4900","4.3000","47.71K","4.42%"
"01/08/2023","4.3000","4.3650","4.4500","4.2900","20.90K","0.47%"
"31/07/2023","4.2800","4.3400","4.4000","4.2400","10.12K","-1.15%"
"28/07/2023","4.3300","4.2700","4.4000","4.2700","5.70K","0.70%"
"27/07/2023","4.3000","4.3750","4.3750","4.2600","18.79K","-1.71%"
"26/07/2023","4.3750","4.5900","4.5900","4.3600","42.51K","-4.68%"
"25/07/2023","4.5900","4.6700","4.7400","4.5750","61.66K","-0.65%"
"24/07/2023","4.6200","4.7500","4.7500","4.5000","54.35K","0.43%"
"21/07/2023","4.6000","4.4200","4.7000","4.3200","209.07K","7.48%"
"20/07/2023","4.2800","4.0850","4.4200","4.0650","101.45K","6.47%"
"19/07/2023","4.0200","4.1000","4.2600","4.0050","105.79K","-1.95%"
"18/07/2023","4.1000","3.9600","4.1800","3.9500","68.69K","2.24%"
"17/07/2023","4.0100","4.1150","4.1600","4.0000","62.24K","-3.26%"
"14/07/2023","4.1450","3.9300","4.1700","3.9150","79.78K","3.62%"
"13/07/2023","4.0000","4.0150","4.0150","3.9200","20.79K","0.00%"
"12/07/2023","4.0000","3.9600","4.0850","3.9250","30.75K","-0.50%"
"11/07/2023","4.0200","4.0200","4.0500","3.9400","5.36K","-0.12%"
"10/07/2023","4.0250","3.9700","4.0500","3.9000","17.82K","1.26%"
"07/07/2023","3.9750","4.0250","4.0950","3.9000","16.23K","-1.12%"
"06/07/2023","4.0200","4.1000","4.2000","3.9300","63.40K","-1.71%"
"05/07/2023","4.0900","4.0000","4.2450","3.9000","226.09K","3.02%"
"04/07/2023","3.9700","4.0900","4.0900","3.9700","26.90K","-2.93%"
"03/07/2023","4.0900","4.1550","4.1750","4.0100","64.34K","-1.56%"
"30/06/2023","4.1550","4.3600","4.3600","4.1100","161.70K","-5.35%"
"29/06/2023","4.3900","3.8700","4.5950","3.7650","396.78K","13.44%"
"28/06/2023","3.8700","3.8850","3.9000","3.7000","86.54K","-0.26%"
"27/06/2023","3.8800","3.8500","3.9450","3.7850","74.26K","-0.51%"
"26/06/2023","3.9000","3.9650","4.0000","3.8200","97.72K","-2.01%"
"23/06/2023","3.9800","4.1400","4.1400","3.9700","76.94K","-2.45%"
"22/06/2023","4.0800","4.0500","4.3000","3.9950","109.54K","0.62%"
"21/06/2023","4.0550","4.1700","4.1700","4.0400","45.40K","-2.87%"
"20/06/2023","4.1750","4.1350","4.2000","4.0900","41.74K","-0.60%"
"19/06/2023","4.2000","4.2800","4.3850","4.1150","74.07K","-1.87%"
"16/06/2023","4.2800","4.3000","4.3800","4.2250","33.44K","0.47%"
"15/06/2023","4.2600","4.4200","4.4400","4.2200","52.65K","-3.18%"
"14/06/2023","4.4000","4.3100","4.4800","4.3100","55.73K","-1.35%"
"13/06/2023","4.4600","4.5150","4.5800","4.4600","31.12K","-2.94%"
"12/06/2023","4.5950","4.6500","4.7400","4.5250","51.61K","-2.34%"
"09/06/2023","4.7050","4.7000","4.7200","4.6550","16.94K","0.32%"
"07/06/2023","4.6900","4.6700","4.7250","4.6300","31.37K","-0.64%"
"06/06/2023","4.7200","4.6600","4.7750","4.6500","30.99K","1.51%"
"05/06/2023","4.6500","4.6550","4.7200","4.6200","40.10K","-1.48%"
"02/06/2023","4.7200","4.6550","4.7750","4.6500","41.94K","-0.21%"
"01/06/2023","4.7300","4.6500","4.7500","4.6100","13.17K","1.72%"
"31/05/2023","4.6500","4.7000","4.7500","4.6000","41.62K","-0.64%"
"30/05/2023","4.6800","4.7550","4.7550","4.6800","32.53K","-2.30%"
"29/05/2023","4.7900","4.7400","4.9500","4.5100","244.24K","1.91%"
"26/05/2023","4.7000","4.8000","4.8900","4.6600","46.50K","-2.29%"
"25/05/2023","4.8100","4.6700","5.1000","4.6300","269.59K","1.48%"
"24/05/2023","4.7400","4.7350","4.7500","4.6050","25.78K","-0.21%"
"23/05/2023","4.7500","4.5950","4.7650","4.5450","54.07K","3.37%"
"22/05/2023","4.5950","4.7000","4.7250","4.5700","50.43K","-1.92%"
"19/05/2023","4.6850","4.5500","4.7550","4.5500","99.07K","-0.11%"
"18/05/2023","4.6900","4.9200","5.0500","4.6500","354.05K","-6.20%"
"17/05/2023","5.0000","5.1900","5.2000","4.9500","136.30K","-3.66%"
"16/05/2023","5.1900","5.1800","5.3700","5.0000","241.53K","-0.19%"
"15/05/2023","5.2000","4.4100","5.3300","4.2000","777.22K","17.91%"
"12/05/2023","4.4100","4.5700","4.5700","4.1700","139.47K","-3.29%"
"11/05/2023","4.5600","4.5950","4.6000","4.4550","33.47K","-1.51%"
"10/05/2023","4.6300","4.5000","4.8200","4.3700","181.55K","2.43%"
"09/05/2023","4.5200","4.5400","4.6500","4.4900","138.81K","-3.83%"
"08/05/2023","4.7000","4.6800","4.8600","4.6500","82.51K","-0.42%"
"05/05/2023","4.7200","4.8700","4.8700","4.6000","46.31K","-1.36%"
"04/05/2023","4.7850","5.0800","5.0800","4.6250","122.81K","-5.81%"
"02/05/2023","5.0800","5.0800","5.1000","4.9600","21.85K","0.00%"
"28/04/2023","5.0800","5.0000","5.1500","4.9000","144.75K","1.80%"
"27/04/2023","4.9900","4.9800","5.1700","4.8800","100.27K","-0.20%"
"26/04/2023","5.0000","5.0100","5.1000","4.9200","59.29K","-1.77%"
"25/04/2023","5.0900","4.8650","5.1800","4.8650","155.79K","4.20%"
"24/04/2023","4.8850","5.2300","5.2400","4.8550","276.84K","-6.77%"
"21/04/2023","5.2400","5.0100","5.3700","4.9900","325.91K","5.86%"
"20/04/2023","4.9500","4.6700","4.9500","4.6300","375.99K","8.79%"
"19/04/2023","4.5500","4.3000","4.6900","4.2000","397.74K","5.32%"
"18/04/2023","4.3200","4.3800","4.4700","4.2200","269.32K","-0.69%"
"17/04/2023","4.3500","4.1000","4.3500","4.0000","258.80K","7.67%"
"14/04/2023","4.0400","4.1700","4.4600","3.9900","454.77K","-1.46%"
"13/04/2023","4.1000","3.9000","4.1500","3.8100","185.48K","6.49%"
"12/04/2023","3.8500","4.0000","4.0900","3.7400","266.44K","-3.75%"
"11/04/2023","4.0000","4.1000","4.1800","4.0000","170.33K","-3.61%"
"06/04/2023","4.1500","4.1000","4.1900","4.0900","85.55K","1.72%"
"05/04/2023","4.0800","3.7800","4.2800","3.7400","742.33K","8.22%"
"04/04/2023","3.7700","3.6500","3.7800","3.5600","332.74K","2.45%"
"03/04/2023","3.6800","3.8000","3.8600","3.6100","434.71K","-5.40%"
"31/03/2023","3.8900","4.1100","4.2600","3.8500","611.15K","-3.95%"
"30/03/2023","4.0500","4.2000","4.3000","3.8400","1.10M","-6.03%"
"29/03/2023","4.3100","4.0700","4.5700","4.0500","1.71M","7.75%"
"28/03/2023","4.0000","3.9500","4.8400","3.9000","3.11M","3.63%"
"27/03/2023","3.8600","3.1000","3.9000","3.1000","1.56M","25.73%"
"24/03/2023","3.0700","2.4400","3.3000","2.3800","1.65M","25.82%"
"23/03/2023","2.4400","2.4900","2.5000","2.4000","25.01K","-1.61%"
"22/03/2023","2.4800","2.4900","2.5000","2.3500","45.59K","-0.40%"
"21/03/2023","2.4900","2.4600","2.4900","2.3300","34.27K","1.63%"
"20/03/2023","2.4500","2.4000","2.4600","2.3100","32.89K","2.51%"
"17/03/2023","2.3900","2.3200","2.4100","2.3100","21.58K","3.02%"
"16/03/2023","2.3200","2.2900","2.3200","2.2300","26.62K","-0.85%"
"15/03/2023","2.3400","2.3600","2.4100","2.2300","42.09K","-2.50%"
"14/03/2023","2.4000","2.3600","2.4200","2.3500","23.94K","2.13%"
"13/03/2023","2.3500","2.3300","2.3600","2.2300","65.46K","0.00%"
"10/03/2023","2.3500","2.3500","2.4800","2.3300","35.26K","0.00%"
"09/03/2023","2.3500","2.5000","2.5100","2.3500","54.97K","-5.24%"
"08/03/2023","2.4800","2.5500","2.5500","2.4300","29.30K","-2.75%"
"07/03/2023","2.5500","2.4700","2.6000","2.4000","98.76K","3.24%"
"06/03/2023","2.4700","2.5800","2.6200","2.4000","112.77K","-4.26%"
"03/03/2023","2.5800","2.6000","2.6200","2.5500","50.55K","-0.77%"
"02/03/2023","2.6000","2.6000","2.6300","2.5000","96.86K","-0.38%"
"01/03/2023","2.6100","2.4300","2.6400","2.3900","165.29K","8.75%"
"28/02/2023","2.4000","2.5000","2.5000","2.3500","62.65K","-3.61%"
"27/02/2023","2.4900","2.3500","2.5600","2.2900","78.80K","7.33%"
"24/02/2023","2.3200","2.4400","2.4600","2.3000","75.17K","-5.31%"
"23/02/2023","2.4500","2.3300","2.5200","2.2700","197.29K","5.15%"
"22/02/2023","2.3300","2.3500","2.3500","2.2700","48.05K","1.30%"
"21/02/2023","2.3000","2.4700","2.4900","2.2600","118.90K","-5.74%"
"20/02/2023","2.4400","2.1500","2.4700","2.1400","384.37K","14.55%"
"17/02/2023","2.1300","2.1000","2.1800","2.0000","118.65K","1.91%"
"16/02/2023","2.0900","2.3900","2.4100","2.0900","226.93K","-9.13%"
"15/02/2023","2.3000","2.1700","2.3800","2.0000","432.43K","6.98%"
"14/02/2023","2.1500","1.9000","2.2300","1.9000","382.76K","13.76%"
"13/02/2023","1.8900","1.9100","1.9750","1.8200","114.98K","0.53%"
"10/02/2023","1.8800","1.8650","1.9200","1.8200","43.18K","0.00%"
"09/02/2023","1.8800","1.8750","1.9200","1.8200","25.49K","0.00%"
"08/02/2023","1.8800","1.8200","1.8800","1.8100","14.54K","2.17%"
"07/02/2023","1.8400","1.9200","1.9200","1.8400","17.02K","-1.08%"
"06/02/2023","1.8600","1.8700","1.8800","1.8600","18.76K","-0.53%"
"03/02/2023","1.8700","1.8800","1.9300","1.8650","14.91K","-1.58%"
"02/02/2023","1.9000","1.9400","1.9400","1.8700","8.36K","0.00%"
"01/02/2023","1.9000","1.9450","1.9700","1.8900","14.44K","-2.31%"
"31/01/2023","1.9450","1.9400","1.9800","1.8800","64.91K","2.10%"
"30/01/2023","1.9050","1.8650","1.9700","1.8600","82.07K","1.06%"
"27/01/2023","1.8850","1.8400","1.8850","1.8250","28.26K","0.27%"
"26/01/2023","1.8800","1.8500","1.8850","1.7800","32.98K","-0.79%"
"25/01/2023","1.8950","1.8700","1.9100","1.8200","23.51K","0.26%"
"24/01/2023","1.8900","1.8500","1.9250","1.8500","12.13K","-0.53%"
"23/01/2023","1.9000","1.9000","1.9000","1.8350","9.91K","0.00%"
"20/01/2023","1.9000","1.8150","1.9000","1.8100","12.21K","4.68%"
"19/01/2023","1.8150","1.8700","1.8700","1.8100","11.23K","-4.47%"
"18/01/2023","1.9000","1.8800","1.9000","1.8700","4.11K","2.15%"
"17/01/2023","1.8600","1.9300","1.9300","1.8200","17.90K","-3.12%"
"16/01/2023","1.9200","1.7950","1.9300","1.7200","221.78K","6.96%"
"13/01/2023","1.7950","1.7300","1.9000","1.7000","162.66K","3.76%"
"12/01/2023","1.7300","1.6950","1.7400","1.6700","30.53K","1.76%"
"11/01/2023","1.7000","1.7000","1.7300","1.6700","9.91K","-2.30%"
"10/01/2023","1.7400","1.7600","1.7600","1.6600","16.28K","-1.69%"
"09/01/2023","1.7700","1.7250","1.7700","1.7100","7.41K","1.72%"
"05/01/2023","1.7400","1.7900","1.7900","1.7250","10.93K","-2.25%"
"04/01/2023","1.7800","1.7900","1.7900","1.7300","10.01K","2.89%"
"03/01/2023","1.7300","1.7200","1.8000","1.7000","38.29K","-1.70%"
"02/01/2023","1.7600","1.6950","1.7800","1.6900","16.11K","3.83%"
"30/12/2022","1.6950","1.6400","1.7000","1.6200","16.89K","4.63%"
"29/12/2022","1.6200","1.5800","1.7000","1.5800","64.72K","-1.22%"
"28/12/2022","1.6400","1.6800","1.6950","1.6400","80.36K","-3.24%"
"27/12/2022","1.6950","1.7000","1.7000","1.6650","46.01K","-0.29%"
"23/12/2022","1.7000","1.7200","1.7350","1.7000","15.07K","-2.58%"
"22/12/2022","1.7450","1.7500","1.7500","1.6600","74.89K","-2.51%"
"21/12/2022","1.7900","1.7500","1.8100","1.7400","3.53K","-1.10%"
"20/12/2022","1.8100","1.7600","1.8200","1.7400","23.37K","2.84%"
"19/12/2022","1.7600","1.7900","1.8000","1.6350","32.07K","-1.68%"
"16/12/2022","1.7900","1.8000","1.8000","1.7350","32.13K","-3.24%"
"15/12/2022","1.8500","1.8650","1.8700","1.8300","16.68K","-0.80%"
"14/12/2022","1.8650","1.9000","1.9000","1.8600","6.16K","-1.84%"
"13/12/2022","1.9000","1.8800","1.9000","1.8700","7.19K","0.00%"
"12/12/2022","1.9000","1.8800","1.9200","1.8700","9.95K","-1.04%"
"09/12/2022","1.9200","1.8700","1.9250","1.8700","3.53K","-0.78%"
"08/12/2022","1.9350","1.9250","1.9400","1.9250","0.94K","0.26%"
"07/12/2022","1.9300","1.9200","1.9300","1.8900","0.60K","1.05%"
"06/12/2022","1.9100","1.9200","1.9300","1.8700","9.40K","0.53%"
"05/12/2022","1.9000","1.9050","1.9200","1.9000","13.52K","-1.04%"
"02/12/2022","1.9200","1.9050","1.9300","1.9000","8.15K","0.79%"
"01/12/2022","1.9050","1.8500","1.9050","1.8400","49.32K","1.06%"
"30/11/2022","1.8850","1.9200","1.9250","1.8300","43.82K","-0.53%"
"29/11/2022","1.8950","1.9200","1.9400","1.8950","33.39K","-1.56%"
"28/11/2022","1.9250","1.9400","1.9450","1.8700","33.17K","-1.03%"
"25/11/2022","1.9450","1.9050","1.9450","1.9000","45.29K","2.37%"
"24/11/2022","1.9000","1.9500","1.9800","1.9000","43.46K","-1.81%"
"23/11/2022","1.9350","1.9800","1.9900","1.9300","21.75K","-1.78%"
"22/11/2022","1.9700","1.9650","1.9950","1.9350","29.48K","-1.50%"
"21/11/2022","2.0000","2.0300","2.0300","1.9500","23.81K","-0.99%"
"18/11/2022","2.0200","2.0400","2.0400","1.9700","7.46K","1.00%"
"17/11/2022","2.0000","1.9900","2.0400","1.9400","73.40K","0.50%"
"16/11/2022","1.9900","2.0000","2.0500","1.9350","152.56K","3.11%"
"15/11/2022","1.9300","1.9900","1.9900","1.9300","37.36K","-3.02%"
"14/11/2022","1.9900","2.0300","2.0300","1.9300","156.84K","1.02%"
"10/11/2022","1.9700","1.8700","2.1300","1.8550","253.73K","1.81%"
"09/11/2022","1.9350","1.9700","1.9700","1.8600","30.60K","1.31%"
"08/11/2022","1.9100","1.9950","1.9950","1.9100","68.89K","-2.55%"
"07/11/2022","1.9600","1.9500","2.0400","1.9300","21.42K","0.51%"
"04/11/2022","1.9500","2.0100","2.0100","1.9500","19.26K","-1.02%"
"03/11/2022","1.9700","2.0100","2.0300","1.9650","54.59K","0.25%"
"02/11/2022","1.9650","2.0200","2.0600","1.9500","22.09K","-1.75%"
"31/10/2022","2.0000","1.9500","2.0000","1.9300","8.00K","0.00%"
"28/10/2022","2.0000","1.9700","2.0000","1.9500","1.09K","0.00%"
"27/10/2022","2.0000","1.9700","2.0000","1.9500","6.76K","1.52%"
"26/10/2022","1.9700","2.0000","2.0200","1.9600","10.45K","-1.01%"
"25/10/2022","1.9900","2.0200","2.0200","1.9550","10.36K","-0.50%"
"24/10/2022","2.0000","1.9800","2.0200","1.9650","9.80K","1.01%"
"21/10/2022","1.9800","1.9850","2.0600","1.9400","37.14K","-0.50%"
"20/10/2022","1.9900","2.0000","2.0200","1.9450","8.43K","-1.49%"
"19/10/2022","2.0200","1.9850","2.0200","1.9600","4.74K","-0.49%"
"18/10/2022","2.0300","2.0300","2.0300","1.9600","5.09K","0.00%"
"17/10/2022","2.0300","2.0200","2.0400","1.9600","0.76K","1.50%"
"14/10/2022","2.0000","1.9300","2.0100","1.9200","9.91K","3.63%"
"13/10/2022","1.9300","2.0300","2.0800","1.9200","56.54K","-3.98%"
"12/10/2022","2.0100","2.0500","2.0600","1.9600","24.69K","-3.37%"
"11/10/2022","2.0800","2.1200","2.1200","2.0200","10.11K","-1.89%"
"10/10/2022","2.1200","2.0200","2.1500","2.0000","121.52K","4.95%"
"07/10/2022","2.0200","2.0400","2.0400","1.9300","10.83K","0.00%"
"06/10/2022","2.0200","1.9700","2.0400","1.9100","19.95K","2.54%"
"05/10/2022","1.9700","1.9250","1.9700","1.9100","9.03K","1.03%"
"04/10/2022","1.9500","1.9200","1.9750","1.9200","3.44K","-1.02%"
"03/10/2022","1.9700","1.9100","1.9750","1.9100","1.53K","1.55%"
"30/09/2022","1.9400","1.9500","1.9800","1.9300","15.74K","-1.52%"
"29/09/2022","1.9700","1.9700","1.9900","1.9050","18.50K","-1.01%"
"28/09/2022","1.9900","1.9750","2.0500","1.9350","40.12K","0.00%"
"27/09/2022","1.9900","2.0200","2.0200","1.9250","11.81K","0.51%"
"26/09/2022","1.9800","2.0900","2.0900","1.9050","14.87K","-1.49%"
"23/09/2022","2.0100","2.1400","2.1700","2.0000","24.66K","-6.07%"
"22/09/2022","2.1400","2.2300","2.2300","2.0500","27.60K","-2.28%"
"21/09/2022","2.1900","1.9900","2.2400","1.9600","195.72K","7.35%"
"20/09/2022","2.0400","2.0300","2.1200","1.9600","34.83K","2.00%"
"19/09/2022","2.0000","1.9850","2.0900","1.9150","27.96K","1.52%"
"16/09/2022","1.9700","1.9400","1.9900","1.9100","7.96K","-1.01%"
"15/09/2022","1.9900","1.9250","2.0700","1.8750","95.37K","3.38%"
"14/09/2022","1.9250","1.8400","1.9500","1.8400","6.42K","1.85%"
"13/09/2022","1.8900","1.9200","1.9650","1.8300","19.63K","-4.55%"
"12/09/2022","1.9800","2.0000","2.0000","1.9050","15.57K","-0.50%"
"09/09/2022","1.9900","1.8300","2.0900","1.8200","120.39K","6.70%"
"08/09/2022","1.8650","1.8800","1.8800","1.8300","5.75K","0.27%"
"07/09/2022","1.8600","1.8600","1.8750","1.8300","4.56K","-0.80%"
"06/09/2022","1.8750","1.9900","2.0400","1.8050","33.75K","-5.78%"
"05/09/2022","1.9900","1.9800","2.0200","1.9150","10.04K","2.05%"
"02/09/2022","1.9500","1.9500","1.9500","1.9100","17.26K","0.52%"
"01/09/2022","1.9400","2.1000","2.1400","1.9300","27.35K","-7.62%"
"31/08/2022","2.1000","2.1300","2.1600","2.0600","19.97K","1.45%"
"30/08/2022","2.0700","2.0700","2.1700","2.0500","7.18K","0.00%"
"29/08/2022","2.0700","2.1000","2.1000","2.0100","14.88K","-2.36%"
"26/08/2022","2.1200","2.1700","2.1700","2.0600","25.87K","0.47%"
"25/08/2022","2.1100","2.1400","2.2200","2.1000","30.04K","-1.40%"
"24/08/2022","2.1400","2.2500","2.2500","2.1400","6.54K","-0.93%"
"23/08/2022","2.1600","2.1400","2.2800","2.1100","34.50K","-3.57%"
"22/08/2022","2.2400","2.2000","2.3000","2.1300","62.28K","1.82%"
"19/08/2022","2.2000","2.2600","2.2600","2.1500","5.42K","-2.65%"
"18/08/2022","2.2600","2.2100","2.2600","2.1200","19.53K","2.73%"
"17/08/2022","2.2000","2.2000","2.2200","2.1100","54.31K","0.46%"
"16/08/2022","2.1900","2.2600","2.2600","2.1700","14.64K","-3.10%"
"12/08/2022","2.2600","2.2400","2.2700","2.1900","20.94K","-0.88%"
"11/08/2022","2.2800","2.3200","2.3200","2.2200","33.73K","-1.72%"
"10/08/2022","2.3200","2.3400","2.3400","2.2500","39.09K","-0.85%"
"09/08/2022","2.3400","2.3700","2.3800","2.3100","15.81K","-1.27%"
"08/08/2022","2.3700","2.3400","2.3700","2.3000","28.04K","2.16%"
"05/08/2022","2.3200","2.3500","2.4000","2.3000","27.36K","-1.28%"
"04/08/2022","2.3500","2.4300","2.4300","2.3500","20.95K","-2.49%"
"03/08/2022","2.4100","2.4600","2.4600","2.3700","22.28K","-0.41%"
"02/08/2022","2.4200","2.4000","2.4600","2.3600","81.43K","1.68%"
"01/08/2022","2.3800","2.3000","2.4600","2.3000","150.51K","4.39%"
"29/07/2022","2.2800","2.2200","2.2800","2.1700","87.28K","5.07%"
"28/07/2022","2.1700","2.2000","2.2300","2.1100","16.98K","-1.36%"
"27/07/2022","2.2000","2.2000","2.2400","2.1300","27.33K","-1.35%"
"26/07/2022","2.2300","2.0600","2.2500","2.0300","143.17K","5.69%"
"25/07/2022","2.1100","2.0500","2.1600","2.0000","86.53K","0.96%"
"22/07/2022","2.0900","2.0800","2.1000","2.0400","25.82K","0.48%"
"21/07/2022","2.0800","2.1000","2.1000","2.0200","20.88K","-0.95%"
"20/07/2022","2.1000","2.0500","2.1600","2.0500","60.96K","2.44%"
"19/07/2022","2.0500","2.0500","2.0900","2.0300","26.09K","-1.44%"
"18/07/2022","2.0800","2.0300","2.0800","2.0200","11.06K","0.00%"
"15/07/2022","2.0800","2.0900","2.0900","2.0200","1.50K","1.46%"
"14/07/2022","2.0500","2.1000","2.1100","2.0100","12.78K","-2.38%"
"13/07/2022","2.1000","2.1000","2.1500","2.0000","24.57K","-0.47%"
"12/07/2022","2.1100","2.1000","2.1100","2.0600","18.85K","1.93%"
"11/07/2022","2.0700","2.1500","2.1500","2.0500","13.79K","-3.72%"
"08/07/2022","2.1500","2.2100","2.2100","2.0600","46.43K","-1.83%"
"07/07/2022","2.1900","2.0300","2.1900","2.0200","72.40K","9.50%"
"06/07/2022","2.0000","2.0900","2.1000","2.0000","36.92K","-5.66%"
"05/07/2022","2.1200","2.1900","2.2400","2.0200","46.47K","-3.20%"
"04/07/2022","2.1900","2.0200","2.3400","1.9050","211.13K","9.50%"
"01/07/2022","2.0000","2.0000","2.0600","1.9200","32.06K","-1.96%"
"30/06/2022","2.0400","2.1000","2.1900","2.0400","130.73K","4.08%"
"29/06/2022","1.9600","2.0500","2.0500","1.9600","8.22K","-2.00%"
"28/06/2022","2.0000","1.9500","2.0800","1.9500","39.70K","2.56%"
"27/06/2022","1.9500","1.9700","2.0000","1.9250","19.62K","2.63%"
"24/06/2022","1.9000","1.9800","1.9800","1.8600","4.60K","0.00%"
"23/06/2022","1.9000","1.8700","2.0000","1.7600","46.10K","1.60%"
"22/06/2022","1.8700","1.8550","1.8750","1.8100","6.85K","0.81%"
"21/06/2022","1.8550","1.8200","1.8650","1.8100","7.81K","-0.27%"
"20/06/2022","1.8600","1.8700","1.8850","1.8000","12.14K","-1.33%"
"17/06/2022","1.8850","1.9600","1.9600","1.8150","18.19K","-2.84%"
"15/06/2022","1.9400","1.9250","1.9400","1.8600","10.92K","1.04%"
"14/06/2022","1.9200","1.8200","1.9500","1.8000","26.42K","5.21%"
"13/06/2022","1.8250","1.8900","1.8900","1.7100","44.20K","-3.95%"
"10/06/2022","1.9000","1.8700","1.9200","1.8400","11.73K","-1.04%"
"09/06/2022","1.9200","1.9500","1.9500","1.8500","12.13K","-1.03%"
"08/06/2022","1.9400","1.9150","1.9600","1.8900","11.63K","0.52%"
"07/06/2022","1.9300","1.9200","1.9800","1.8900","13.96K","-1.78%"
"06/06/2022","1.9650","1.9350","1.9800","1.9000","13.97K","-0.76%"
"03/06/2022","1.9800","1.9100","1.9900","1.9100","26.01K","-0.25%"
"02/06/2022","1.9850","1.9300","2.0000","1.8950","31.68K","0.51%"
"01/06/2022","1.9750","2.0500","2.0500","1.9500","24.99K","-3.66%"
"31/05/2022","2.0500","2.1000","2.1700","2.0500","36.16K","-5.53%"
"30/05/2022","2.1700","2.1900","2.2100","2.1000","38.71K","-0.46%"
"27/05/2022","2.1800","2.0800","2.2000","2.0800","38.46K","4.81%"
"26/05/2022","2.0800","2.0800","2.1800","1.9800","73.21K","-0.95%"
"25/05/2022","2.1000","1.9100","2.1700","1.9000","194.35K","9.95%"
"24/05/2022","1.9100","1.9600","1.9700","1.9100","23.97K","-2.30%"
"23/05/2022","1.9550","1.8800","2.0000","1.8350","62.12K","3.71%"
"20/05/2022","1.8850","1.8750","1.9400","1.8300","13.36K","0.53%"
"19/05/2022","1.8750","1.9200","1.9200","1.8100","26.22K","-3.35%"
"18/05/2022","1.9400","1.9400","2.0700","1.9100","142.46K","3.74%"
"17/05/2022","1.8700","1.6950","1.9900","1.6700","105.71K","12.65%"
"16/05/2022","1.6600","1.7300","1.7300","1.6600","39.92K","0.61%"
"13/05/2022","1.6500","1.6250","1.7400","1.6250","66.88K","2.17%"
"12/05/2022","1.6150","1.7400","1.7400","1.5700","112.04K","-6.38%"
"11/05/2022","1.7250","1.7300","1.7550","1.6750","32.76K","0.00%"
"10/05/2022","1.7250","1.8050","1.8050","1.7200","29.74K","-4.43%"
"09/05/2022","1.8050","1.8600","1.8600","1.7500","13.11K","-1.63%"
"06/05/2022","1.8350","1.8200","1.9500","1.7700","38.72K","-0.81%"
"05/05/2022","1.8500","1.8700","2.0500","1.8100","131.30K","-2.37%"
"04/05/2022","1.8950","2.0300","2.0300","1.8350","70.98K","-2.82%"
"02/05/2022","1.9500","1.9700","2.0300","1.9400","6.95K","-3.94%"
"29/04/2022","2.0300","1.9800","2.1400","1.9500","88.05K","5.18%"
"28/04/2022","1.9300","1.9900","2.0500","1.9300","43.10K","-3.50%"
"27/04/2022","2.0000","2.1200","2.1200","1.9900","36.29K","-4.76%"
"26/04/2022","2.1000","2.1000","2.1400","2.0100","52.71K","-1.41%"
"25/04/2022","2.1300","2.2100","2.3000","2.0000","130.47K","-2.74%"
"22/04/2022","2.1900","2.3700","2.3700","2.1600","99.62K","-7.59%"
"21/04/2022","2.3700","2.5000","2.5500","2.3700","109.62K","-4.82%"
"20/04/2022","2.4900","2.5000","2.6000","2.4800","41.17K","0.40%"
"19/04/2022","2.4800","2.5300","2.6200","2.4700","80.08K","-2.36%"
"14/04/2022","2.5400","2.6300","2.6400","2.4700","62.44K","-4.15%"
"13/04/2022","2.6500","2.4600","2.7000","2.4300","149.43K","8.61%"
"12/04/2022","2.4400","2.4800","2.5200","2.4400","28.47K","-0.81%"
"11/04/2022","2.4600","2.5200","2.5800","2.4400","53.17K","-2.77%"
"08/04/2022","2.5300","2.5200","2.6400","2.4900","55.21K","-1.94%"
"07/04/2022","2.5800","2.5900","2.5900","2.5000","23.18K","1.98%"
"06/04/2022","2.5300","2.6000","2.6400","2.5000","38.60K","-0.78%"
"05/04/2022","2.5500","2.6400","2.7100","2.4900","116.83K","-3.04%"
"04/04/2022","2.6300","2.7800","2.7800","2.6200","70.16K","-5.05%"
"01/04/2022","2.7700","2.6700","2.8800","2.6700","130.32K","1.09%"
"31/03/2022","2.7400","2.7300","2.8200","2.7000","67.72K","-0.72%"
"30/03/2022","2.7600","2.6900","2.8100","2.6800","84.24K","2.99%"
"29/03/2022","2.6800","2.8600","2.8900","2.5800","263.40K","-6.29%"
"28/03/2022","2.8600","3.0500","3.0500","2.8600","161.20K","-3.70%"
"25/03/2022","2.9700","2.6300","3.3600","2.6300","699.36K","12.50%"
"24/03/2022","2.6400","2.7100","2.7700","2.6200","64.25K","-2.58%"
"23/03/2022","2.7100","2.7200","2.8000","2.6400","70.27K","-0.37%"
"22/03/2022","2.7200","2.8900","3.0800","2.7100","171.39K","-4.23%"
"21/03/2022","2.8400","2.6800","2.8900","2.5500","225.87K","7.98%"
"18/03/2022","2.6300","2.7200","2.7800","2.5800","187.51K","-2.59%"
"17/03/2022","2.7000","2.4300","2.7300","2.4300","220.89K","11.11%"
"16/03/2022","2.4300","2.7700","2.7700","2.4200","326.08K","-9.67%"
"15/03/2022","2.6900","2.9500","2.9800","2.6600","321.07K","-8.81%"
"14/03/2022","2.9500","3.1800","3.2100","2.9100","355.22K","-2.96%"
"11/03/2022","3.0400","3.3600","3.4800","3.0300","683.14K","-1.94%"
"10/03/2022","3.1000","2.8700","3.1000","2.7200","355.74K","14.81%"
"09/03/2022","2.7000","2.7400","3.1300","2.5700","463.09K","0.00%"
"08/03/2022","2.7000","3.2000","3.2000","2.6700","738.35K","-14.56%"
"07/03/2022","3.1600","3.9000","4.0800","3.1600","596.73K","-14.13%"
"04/03/2022","3.6800","3.7800","4.1800","3.3700","717.53K","-2.13%"
"03/03/2022","3.7600","4.3000","4.5900","3.5000","1.71M","-10.48%"
"02/03/2022","4.2000","3.2400","4.2400","3.1700","1.03M","37.25%"
"01/03/2022","3.0600","2.6500","3.1600","2.5400","1.67M","20.47%"
"28/02/2022","2.5400","2.5000","2.7200","2.3200","1.01M","27.00%"
"25/02/2022","2.0000","2.2800","2.5800","1.9150","1.43M","-8.68%"
"24/02/2022","2.1900","1.5000","2.1900","1.3600","1.46M","33.54%"
"23/02/2022","1.6400","1.6500","1.6950","1.6100","51.03K","-0.61%"
"22/02/2022","1.6500","1.6000","1.6850","1.5700","254.74K","-2.94%"
"21/02/2022","1.7000","1.8600","1.8900","1.6750","377.47K","-6.08%"
"18/02/2022","1.8100","1.7600","1.9350","1.7600","577.31K","3.43%"
"17/02/2022","1.7500","1.6100","1.7500","1.5650","147.02K","7.69%"
"16/02/2022","1.6250","1.6600","1.6850","1.6100","44.96K","-2.11%"
"15/02/2022","1.6600","1.6950","1.7000","1.6100","81.70K","0.00%"
"14/02/2022","1.6600","1.6500","1.7000","1.5600","94.64K","1.84%"
"11/02/2022","1.6300","1.6950","1.7200","1.6100","202.04K","-5.51%"
"10/02/2022","1.7250","1.5750","1.7300","1.5400","228.63K","8.83%"
"09/02/2022","1.5850","1.5900","1.6300","1.5200","122.66K","0.00%"
"08/02/2022","1.5850","1.6250","1.6400","1.5500","108.62K","-2.16%"
"07/02/2022","1.6200","1.6300","1.6550","1.5900","41.93K","-0.61%"
"04/02/2022","1.6300","1.6000","1.6600","1.5600","56.84K","1.56%"
"03/02/2022","1.6050","1.5850","1.6150","1.5600","34.50K","0.94%"
"02/02/2022","1.5900","1.6100","1.6500","1.5650","88.42K","-4.22%"
"01/02/2022","1.6600","1.6700","1.6800","1.5950","52.96K","-0.90%"
"31/01/2022","1.6750","1.7100","1.7100","1.6500","34.21K","-0.89%"
"28/01/2022","1.6900","1.6850","1.7000","1.6150","99.53K","0.60%"
"27/01/2022","1.6800","1.6050","1.6900","1.5650","65.26K","5.66%"
"26/01/2022","1.5900","1.6800","1.7200","1.5900","135.35K","-5.36%"
"25/01/2022","1.6800","1.5000","1.7400","1.5000","672.96K","12.75%"
"24/01/2022","1.4900","1.6300","1.6400","1.4450","298.94K","-8.02%"
"21/01/2022","1.6200","1.7150","1.7700","1.5850","186.41K","-7.16%"
"20/01/2022","1.7450","1.6800","1.7700","1.6100","177.09K","3.56%"
"19/01/2022","1.6850","1.5650","1.7000","1.5450","285.04K","5.31%"
"18/01/2022","1.6000","1.7200","1.7200","1.5600","419.43K","-7.25%"
"17/01/2022","1.7250","1.7900","1.8350","1.6700","189.62K","-2.27%"
"14/01/2022","1.7650","1.8900","1.8900","1.7300","185.46K","-4.59%"
"13/01/2022","1.8500","1.9400","1.9400","1.8400","56.13K","-3.65%"
"12/01/2022","1.9200","1.8800","1.9250","1.8150","91.55K","1.59%"
"11/01/2022","1.8900","1.9200","1.9200","1.8150","81.01K","2.16%"
"10/01/2022","1.8500","1.9000","1.9750","1.8200","123.14K","-2.63%"
"07/01/2022","1.9000","1.9900","1.9900","1.8500","187.06K","-4.52%"
"05/01/2022","1.9900","2.0900","2.1200","1.9250","233.68K","-5.24%"
"04/01/2022","2.1000","2.3400","2.3400","2.1000","313.31K","-10.26%"
"03/01/2022","2.3400","2.2300","2.4500","2.2000","188.74K","5.88%"
"30/12/2021","2.2100","2.0900","2.4800","1.9500","458.21K","8.33%"
"29/12/2021","2.0400","2.0200","2.1800","1.8650","398.88K","0.49%"
"28/12/2021","2.0300","2.1000","2.2500","1.9500","542.95K","-11.35%"
"27/12/2021","2.2900","2.3700","2.5500","2.1400","330.39K","-3.38%"
"23/12/2021","2.3700","2.2500","2.3800","2.1500","248.27K","3.49%"
"22/12/2021","2.2900","2.2300","2.5300","2.2000","847.60K","6.02%"
"21/12/2021","2.1600","2.0000","2.2000","1.9100","300.41K","8.00%"
"20/12/2021","2.0000","1.9350","2.0500","1.8550","419.16K","5.26%"
"17/12/2021","1.9000","1.7600","1.9300","1.6800","292.21K","4.97%"
"16/12/2021","1.8100","1.5700","1.8950","1.5700","464.60K","13.84%"
"15/12/2021","1.5900","1.7400","1.7400","1.5700","169.69K","-5.64%"
"14/12/2021","1.6850","1.7200","1.8900","1.6850","351.74K","-4.26%"
"13/12/2021","1.7600","1.4800","1.9250","1.4600","861.15K","20.96%"
"10/12/2021","1.4550","1.7000","1.7000","1.4500","443.75K","-14.91%"
"09/12/2021","1.7100","1.4300","1.7150","1.3800","399.83K","19.58%"
"08/12/2021","1.4300","1.2850","1.4800","1.2500","329.44K","10.42%"
"07/12/2021","1.2950","1.2950","1.2950","1.2500","17.24K","1.97%"
"06/12/2021","1.2700","1.2500","1.3100","1.2450","55.97K","-3.79%"
"03/12/2021","1.3200","1.3000","1.3300","1.2450","45.56K","2.33%"
"02/12/2021","1.2900","1.3400","1.3400","1.2500","20.70K","-1.53%"
"01/12/2021","1.3100","1.4900","1.4900","1.2200","438.97K","-10.88%"
"30/11/2021","1.4700","1.4700","1.5100","1.3900","28.49K","-0.68%"
"29/11/2021","1.4800","1.4100","1.5300","1.3200","209.11K","2.07%"
"26/11/2021","1.4500","1.5200","1.7550","1.3600","1.36M","-9.37%"
"25/11/2021","1.6000","1.0850","1.6000","1.0500","945.08K","46.79%"
"24/11/2021","1.0900","0.9880","1.1750","0.9880","224.45K","5.31%"
"23/11/2021","1.0350","1.0400","1.0450","0.9800","15.06K","0.49%"
"22/11/2021","1.0300","1.0400","1.0400","1.0000","55.94K","-1.44%"
"19/11/2021","1.0450","1.0800","1.0800","1.0100","52.73K","-3.24%"
"18/11/2021","1.0800","1.0800","1.0950","1.0250","27.75K","0.00%"
"17/11/2021","1.0800","1.0800","1.0850","1.0500","4.97K","0.00%"
"16/11/2021","1.0800","1.0900","1.0900","1.0800","2.11K","-0.92%"
"15/11/2021","1.0900","1.1050","1.1050","1.0350","16.47K","-1.36%"
"12/11/2021","1.1050","1.1000","1.1050","1.0500","14.79K","0.00%"
"10/11/2021","1.1050","1.1000","1.1050","1.0750","5.84K","-0.45%"
"09/11/2021","1.1100","1.1250","1.1250","1.0700","11.50K","-1.33%"
"08/11/2021","1.1250","1.1350","1.1350","1.0900","13.57K","-0.88%"
"05/11/2021","1.1350","1.1250","1.1400","1.0500","90.13K","0.89%"
"04/11/2021","1.1250","1.1750","1.1750","1.0250","107.47K","-3.02%"
"03/11/2021","1.1600","1.1800","1.1800","1.1400","16.72K","-1.69%"
"02/11/2021","1.1800","1.1850","1.1850","1.1450","1.99K","-1.67%"
"29/10/2021","1.2000","1.1850","1.2000","1.1250","65.74K","2.56%"
"28/10/2021","1.1700","1.1700","1.2000","1.1200","39.44K","4.00%"
"27/10/2021","1.1250","1.0950","1.1250","1.0800","69.27K","2.27%"
"26/10/2021","1.1000","1.0950","1.1000","1.0750","13.14K","0.92%"
"25/10/2021","1.0900","1.0950","1.0950","1.0900","0.20K","-0.46%"
"22/10/2021","1.0950","1.0900","1.0950","1.0700","3.91K","0.00%"
"21/10/2021","1.0950","1.1000","1.1000","1.0700","9.36K","-0.45%"
"20/10/2021","1.1000","1.1000","1.1000","1.0800","4.58K","0.00%"
"19/10/2021","1.1000","1.0800","1.1000","1.0800","18.52K","0.00%"
"18/10/2021","1.1000","1.1000","1.1000","1.0800","12.36K","0.00%"
"15/10/2021","1.1000","1.1000","1.1000","1.0800","19.93K","0.46%"
"14/10/2021","1.0950","1.0950","1.1000","1.0800","10.24K","-0.45%"
"13/10/2021","1.1000","1.0800","1.1000","1.0800","3.31K","-0.90%"
"12/10/2021","1.1100","1.1200","1.1200","1.0700","44.35K","-0.89%"
"11/10/2021","1.1200","1.1250","1.1300","1.0800","29.08K","0.00%"
"08/10/2021","1.1200","1.1350","1.1400","1.0600","114.96K","-0.44%"
"07/10/2021","1.1250","1.1200","1.1400","1.0900","41.44K","0.45%"
"06/10/2021","1.1200","1.1350","1.1650","1.0900","63.61K","-1.32%"
"05/10/2021","1.1350","1.0700","1.1400","1.0350","28.08K","5.09%"
"04/10/2021","1.0800","1.0600","1.0850","1.0150","54.72K","-0.92%"
"01/10/2021","1.0900","1.1000","1.1000","1.0300","25.42K","-0.91%"
"30/09/2021","1.1000","1.1100","1.1100","1.0600","20.96K","1.85%"
"29/09/2021","1.0800","1.1100","1.1600","1.0600","55.54K","-5.68%"
"28/09/2021","1.1450","1.2050","1.2050","1.1100","74.89K","-4.98%"
"27/09/2021","1.2050","1.2400","1.2400","1.1600","15.15K","0.84%"
"24/09/2021","1.1950","1.2000","1.2400","1.1200","30.44K","-1.24%"
"23/09/2021","1.2100","1.1650","1.2350","1.1200","76.68K","3.42%"
"22/09/2021","1.1700","1.2000","1.2350","1.1350","34.68K","0.00%"
"21/09/2021","1.1700","1.1950","1.2500","1.1100","64.43K","-3.31%"
"20/09/2021","1.2100","1.2600","1.3600","1.1000","382.41K","-2.81%"
"17/09/2021","1.2450","1.6000","1.6600","1.2300","1.33M","-9.12%"
"16/09/2021","1.3700","1.0000","1.3700","1.0000","666.11K","38.10%"
"15/09/2021","0.9920","0.9620","0.9980","0.9520","18.29K","-0.80%"
"14/09/2021","1.0000","1.0000","1.0000","0.9580","7.93K","0.00%"
"13/09/2021","1.0000","1.0000","1.0000","1.0000","0.01K","2.04%"
"10/09/2021","0.9800","1.0100","1.0100","0.9600","15.05K","-1.01%"
"09/09/2021","0.9900","1.0000","1.0150","0.9540","20.88K","-1.00%"
"08/09/2021","1.0000","1.0000","1.0100","0.9600","29.66K","0.20%"
"07/09/2021","0.9980","0.9700","0.9980","0.9700","12.61K","1.84%"
"06/09/2021","0.9800","0.9540","0.9800","0.9540","0.20K","0.00%"
"03/09/2021","0.9800","0.9800","0.9800","0.9800","0.25K","-0.81%"
"02/09/2021","0.9880","0.9880","0.9880","0.9880","0.01K","0.00%"
"01/09/2021","0.9880","0.9880","0.9880","0.9520","1.08K","0.00%"
"31/08/2021","0.9880","0.9800","0.9880","0.9800","2.56K","0.82%"
"30/08/2021","0.9800","0.9900","0.9900","0.9500","1.11K","-1.01%"
"27/08/2021","0.9900","0.9440","0.9900","0.9440","1.01K","-1.00%"
"26/08/2021","1.0000","0.9620","1.0000","0.9400","10.30K","0.20%"
"25/08/2021","0.9980","0.9820","1.0100","0.9300","15.30K","1.63%"
"24/08/2021","0.9820","0.9360","0.9820","0.9220","12.99K","2.29%"
"23/08/2021","0.9600","1.0000","1.0000","0.9120","12.93K","-4.00%"
"20/08/2021","1.0000","0.9900","1.0100","0.9900","6.07K","5.93%"
"19/08/2021","0.9440","0.9520","0.9520","0.9440","4.50K","-4.65%"
"18/08/2021","0.9900","0.9800","0.9900","0.9800","5.00K","0.00%"
"17/08/2021","0.9900","0.9800","0.9900","0.9500","6.22K","0.41%"
"16/08/2021","0.9860","0.9620","0.9960","0.9500","25.34K","-1.00%"
"13/08/2021","0.9960","0.9960","0.9980","0.9960","7.00K","3.32%"
"12/08/2021","0.9640","1.0000","1.0000","0.9520","33.65K","-2.82%"
"11/08/2021","0.9920","0.9940","1.0150","0.9920","2.51K","-2.75%"
"10/08/2021","1.0200","1.0000","1.0200","1.0000","7.71K","0.49%"
"09/08/2021","1.0150","1.0000","1.0150","0.9900","7.99K","0.00%"
"06/08/2021","1.0150","0.9900","1.0200","0.9800","10.73K","-0.49%"
"05/08/2021","1.0200","1.0200","1.0200","0.9880","3.02K","0.00%"
"04/08/2021","1.0200","1.0200","1.0200","1.0200","0.01K","-0.97%"
"03/08/2021","1.0300","1.0350","1.0350","0.9880","8.51K","0.98%"
"02/08/2021","1.0200","1.0100","1.0200","1.0100","10.20K","3.03%"
"30/07/2021","0.9900","1.0200","1.0200","0.9900","2.25K","-2.94%"
"29/07/2021","1.0200","1.0100","1.0250","1.0100","4.91K","0.99%"
"28/07/2021","1.0100","1.0100","1.0100","1.0100","2.20K","-1.46%"
"27/07/2021","1.0250","1.0150","1.0250","0.9900","16.21K","3.54%"
"26/07/2021","0.9900","1.0200","1.0350","0.9700","17.54K","-1.00%"
"23/07/2021","1.0000","1.0200","1.0200","1.0000","4.32K","-1.96%"
"22/07/2021","1.0200","1.0300","1.0300","1.0200","0.01K","-0.97%"
"21/07/2021","1.0300","1.0200","1.0300","1.0200","0.11K","0.00%"
"20/07/2021","1.0300","0.9900","1.0350","0.9900","10.59K","0.00%"
"19/07/2021","1.0300","1.0200","1.0300","0.9920","31.91K","-0.96%"
"16/07/2021","1.0400","1.0400","1.0450","1.0400","9.60K","0.00%"
"15/07/2021","1.0400","1.0450","1.0450","1.0100","2.60K","-0.48%"
"14/07/2021","1.0450","1.0200","1.0500","1.0000","11.73K","-0.48%"
"13/07/2021","1.0500","1.0500","1.0550","0.9900","15.37K","0.96%"
"12/07/2021","1.0400","1.0500","1.0500","1.0000","11.80K","3.48%"
"09/07/2021","1.0050","0.9900","1.0450","0.9900","8.88K","-3.83%"
"08/07/2021","1.0450","1.0350","1.0450","0.9720","6.69K","0.97%"
"07/07/2021","1.0350","1.0300","1.0350","0.9620","11.71K","5.61%"
"06/07/2021","0.9800","1.0300","1.0300","0.9620","24.91K","-2.00%"
"05/07/2021","1.0000","1.0100","1.0450","0.9920","12.31K","-5.21%"
"02/07/2021","1.0550","1.0550","1.0550","1.0550","0.02K","0.96%"
"01/07/2021","1.0450","1.0600","1.0600","1.0100","2.61K","1.46%"
"30/06/2021","1.0300","1.0450","1.0600","1.0300","17.04K","0.00%"
"29/06/2021","1.0300","1.0300","1.0300","1.0000","13.08K","0.00%"
"28/06/2021","1.0300","1.0700","1.0700","1.0300","7.00K","-4.19%"
"25/06/2021","1.0750","1.0800","1.0800","1.0700","5.58K","-0.92%"
"24/06/2021","1.0850","1.0400","1.0850","1.0300","7.37K","4.33%"
"23/06/2021","1.0400","1.1000","1.1000","1.0400","1.12K","-3.26%"
"22/06/2021","1.0750","1.1400","1.1400","1.0400","9.64K","0.47%"
"21/06/2021","1.0700","1.1500","1.1500","1.0500","18.04K","-0.93%"
"18/06/2021","1.0800","1.1350","1.1600","1.0800","7.54K","-4.42%"
"17/06/2021","1.1300","1.1300","1.1350","1.1000","4.50K","0.44%"
"16/06/2021","1.1250","1.1400","1.1400","1.1250","3.81K","0.00%"
"15/06/2021","1.1250","1.1450","1.1450","1.0500","8.73K","-1.32%"
"14/06/2021","1.1400","1.1700","1.1700","1.0550","30.75K","-3.39%"
"11/06/2021","1.1800","1.1800","1.1800","1.1050","8.13K","0.85%"
"10/06/2021","1.1700","1.0900","1.1800","1.0900","21.62K","7.34%"
"09/06/2021","1.0900","1.0800","1.1050","1.0700","8.80K","0.93%"
"08/06/2021","1.0800","1.0400","1.0800","1.0300","20.63K","4.85%"
"07/06/2021","1.0300","1.0300","1.0450","1.0300","5.86K","0.00%"
"04/06/2021","1.0300","1.0450","1.0450","1.0300","3.88K","1.98%"
"02/06/2021","1.0100","1.0150","1.0500","1.0100","19.74K","-2.42%"
"01/06/2021","1.0350","1.0100","1.0400","1.0100","6.70K","2.99%"
"31/05/2021","1.0050","1.0200","1.0500","1.0050","5.68K","-4.29%"
"28/05/2021","1.0500","1.0600","1.0650","1.0000","18.98K","-1.87%"
"27/05/2021","1.0700","1.0600","1.0700","0.9900","5.82K","0.94%"
"26/05/2021","1.0600","1.0600","1.0700","1.0150","19.85K","2.91%"
"25/05/2021","1.0300","1.0750","1.0750","0.9800","28.94K","3.00%"
"24/05/2021","1.0000","1.0100","1.0400","0.9900","54.53K","-0.99%"
"21/05/2021","1.0100","1.1000","1.1400","1.0100","101.33K","-8.18%"
"20/05/2021","1.1000","1.1200","1.1200","1.0100","82.51K","-3.08%"
"19/05/2021","1.1350","1.2600","1.2600","1.0300","154.36K","-10.28%"
"18/05/2021","1.2650","1.1400","1.2850","1.1400","45.39K","4.55%"
"17/05/2021","1.2100","1.1900","1.2100","1.1600","36.99K","-0.82%"
"14/05/2021","1.2200","1.2500","1.2600","1.1850","36.86K","-3.17%"
"13/05/2021","1.2600","1.2650","1.2650","1.2000","7.64K","3.28%"
"12/05/2021","1.2200","1.2550","1.2700","1.1850","26.18K","-3.17%"
"11/05/2021","1.2600","1.2950","1.2950","1.1700","89.62K","-2.70%"
"10/05/2021","1.2950","1.2900","1.2950","1.2500","4.43K","0.39%"
"07/05/2021","1.2900","1.3450","1.3450","1.2500","41.09K","-3.73%"
"06/05/2021","1.3400","1.3400","1.3400","1.3000","11.71K","0.00%"
"05/05/2021","1.3400","1.3400","1.3400","1.3050","15.21K","-2.19%"
"04/05/2021","1.3700","1.3000","1.4000","1.2500","88.44K","7.03%"
"30/04/2021","1.2800","1.3100","1.3300","1.2700","21.29K","-2.29%"
"29/04/2021","1.3100","1.2700","1.3450","1.2600","38.70K","0.77%"
"28/04/2021","1.3000","1.2900","1.3050","1.2600","6.53K","0.00%"
"27/04/2021","1.3000","1.3000","1.3000","1.2900","12.18K","-2.99%"
"26/04/2021","1.3400","1.3050","1.3400","1.3050","0.81K","-2.19%"
"23/04/2021","1.3700","1.3700","1.3700","1.2900","33.03K","0.37%"
"22/04/2021","1.3650","1.3500","1.3850","1.2850","57.24K","3.02%"
"21/04/2021","1.3250","1.3400","1.3400","1.2800","5.47K","-2.21%"
"20/04/2021","1.3550","1.3200","1.3550","1.2500","36.07K","6.27%"
"19/04/2021","1.2750","1.3100","1.3250","1.2700","8.48K","-3.04%"
"16/04/2021","1.3150","1.2900","1.3350","1.2500","28.25K","-1.87%"
"15/04/2021","1.3400","1.3300","1.3600","1.3000","76.58K","0.75%"
"14/04/2021","1.3300","1.3350","1.3400","1.2700","23.37K","0.00%"
"13/04/2021","1.3300","1.3000","1.3500","1.2600","12.94K","3.10%"
"12/04/2021","1.2900","1.3600","1.3800","1.2900","18.53K","-5.15%"
"09/04/2021","1.3600","1.3100","1.3600","1.3100","2.88K","-1.09%"
"08/04/2021","1.3750","1.3400","1.3850","1.3100","60.76K","5.77%"
"07/04/2021","1.3000","1.3750","1.3750","1.3000","33.01K","-5.45%"
"06/04/2021","1.3750","1.3450","1.4500","1.3100","73.16K","-2.83%"
"01/04/2021","1.4150","1.4300","1.4300","1.3500","8.04K","-1.05%"
"31/03/2021","1.4300","1.3900","1.4300","1.3400","12.07K","3.62%"
"30/03/2021","1.3800","1.3800","1.3800","1.3400","6.82K","0.00%"
"29/03/2021","1.3800","1.3200","1.3900","1.3200","18.64K","4.55%"
"26/03/2021","1.3200","1.3000","1.3900","1.2900","8.64K","-5.04%"
"25/03/2021","1.3900","1.4300","1.4500","1.3000","29.74K","-1.42%"
"24/03/2021","1.4100","1.2800","1.4500","1.2800","166.73K","9.30%"
"23/03/2021","1.2900","1.2800","1.3000","1.2400","7.71K","0.78%"
"22/03/2021","1.2800","1.3300","1.3300","1.2400","31.12K","-3.03%"
"19/03/2021","1.3200","1.2200","1.3400","1.2100","104.31K","4.76%"
"18/03/2021","1.2600","1.2200","1.3400","1.1500","171.11K","2.44%"
"17/03/2021","1.2300","1.2500","1.2500","1.1700","27.87K","-3.15%"
"16/03/2021","1.2700","1.2500","1.2700","1.1800","26.51K","0.79%"
"15/03/2021","1.2600","1.2500","1.2900","1.2100","29.87K","3.28%"
"12/03/2021","1.2200","1.2700","1.2900","1.2000","23.74K","-3.17%"
"11/03/2021","1.2600","1.2800","1.2800","1.1800","35.83K","1.61%"
"10/03/2021","1.2400","1.3000","1.3400","1.2200","62.44K","-8.15%"
"09/03/2021","1.3500","1.3700","1.3800","1.2900","17.89K","-1.46%"
"08/03/2021","1.3700","1.4000","1.4100","1.2900","79.87K","-1.44%"
"05/03/2021","1.3900","1.2100","1.4100","1.2000","329.07K","11.20%"
"04/03/2021","1.2500","1.2700","1.2700","1.2000","20.65K","-1.57%"
"03/03/2021","1.2700","1.2000","1.3200","1.2000","211.96K","8.55%"
"02/03/2021","1.1700","1.1600","1.1700","1.1000","67.05K","0.86%"
"01/03/2021","1.1600","1.2800","1.3000","1.1100","363.09K","-9.38%"
"26/02/2021","1.2800","1.2000","1.3600","1.2000","567.34K","21.90%"
"25/02/2021","1.0500","0.8900","1.0700","0.8850","107.54K","23.53%"
"24/02/2021","0.8500","0.8900","0.8900","0.8500","36.66K","-2.86%"
"23/02/2021","0.8750","0.9000","0.9000","0.8500","9.09K","-3.85%"
"22/02/2021","0.9100","0.9050","0.9100","0.8400","15.09K","7.06%"
"19/02/2021","0.8500","0.9150","0.9150","0.8500","20.30K","-7.10%"
"18/02/2021","0.9150","0.8800","0.9500","0.8800","22.20K","2.81%"
"17/02/2021","0.8900","0.8900","0.9000","0.8100","18.48K","1.14%"
"16/02/2021","0.8800","0.8950","0.8950","0.8600","4.52K","-1.12%"
"15/02/2021","0.8900","0.8650","0.9000","0.8100","17.80K","2.89%"
"12/02/2021","0.8650","0.8700","0.8950","0.8500","23.08K","-0.57%"
"11/02/2021","0.8700","0.8800","0.8800","0.8700","14.03K","0.00%"
"10/02/2021","0.8700","0.8000","0.8700","0.8000","43.03K","6.75%"
"09/02/2021","0.8150","0.8250","0.8250","0.7650","3.88K","0.62%"
"08/02/2021","0.8100","0.8250","0.8300","0.8100","6.00K","-1.82%"
"05/02/2021","0.8250","0.8250","0.8250","0.8250","0.01K","-0.60%"
"04/02/2021","0.8300","0.8300","0.8400","0.8300","1.24K","0.00%"
"03/02/2021","0.8300","0.7800","0.8500","0.7750","63.16K","7.10%"
"02/02/2021","0.7750","0.7650","0.7800","0.7350","20.75K","1.31%"
"01/02/2021","0.7650","0.7600","0.7650","0.7600","0.40K","0.00%"
"29/01/2021","0.7650","0.7450","0.7700","0.7450","4.79K","-1.29%"
"28/01/2021","0.7750","0.7450","0.7750","0.7300","34.88K","4.03%"
"27/01/2021","0.7450","0.7450","0.7450","0.7300","5.01K","0.00%"
"26/01/2021","0.7450","0.7450","0.7450","0.7450","1.10K","2.76%"
"25/01/2021","0.7250","0.7600","0.7600","0.7250","19.47K","-4.61%"
"22/01/2021","0.7600","0.7700","0.7700","0.7450","1.22K","0.66%"
"21/01/2021","0.7550","0.7750","0.7750","0.7400","5.72K","0.00%"
"20/01/2021","0.7550","0.7750","0.7750","0.7550","16.73K","-1.31%"
"19/01/2021","0.7650","0.7600","0.7750","0.7550","3.51K","1.32%"
"18/01/2021","0.7550","0.7550","0.7650","0.7550","6.74K","0.67%"
"15/01/2021","0.7500","0.7650","0.7650","0.7500","0.01K","1.35%"
"14/01/2021","0.7400","0.7650","0.7650","0.7400","3.10K","-3.27%"
"13/01/2021","0.7650","0.7500","0.7750","0.7400","19.35K","2.00%"
"12/01/2021","0.7500","0.7700","0.7700","0.7350","20.30K","-2.60%"
"11/01/2021","0.7700","0.7650","0.7750","0.7350","17.70K","-0.65%"
"08/01/2021","0.7750","0.7300","0.7800","0.7050","58.06K","2.65%"
"07/01/2021","0.7550","0.7350","0.7700","0.7300","19.02K","-1.95%"
"05/01/2021","0.7700","0.7650","0.7750","0.7350","16.59K","0.65%"
"04/01/2021","0.7650","0.7250","0.7800","0.7000","28.64K","5.52%"
"30/12/2020","0.7250","0.7200","0.7300","0.7000","23.83K","2.11%"
"29/12/2020","0.7100","0.6550","0.7200","0.6400","27.82K","1.43%"
"28/12/2020","0.7000","0.6500","0.7150","0.6500","34.67K","3.70%"
"23/12/2020","0.6750","0.6950","0.6950","0.6300","63.65K","-2.88%"
"22/12/2020","0.6950","0.6550","0.7000","0.6550","10.68K","-1.42%"
"21/12/2020","0.7050","0.7050","0.7050","0.6500","4.02K","3.68%"
"18/12/2020","0.6800","0.6700","0.6950","0.6700","2.24K","-1.45%"
"17/12/2020","0.6900","0.6700","0.7050","0.6700","14.56K","-1.43%"
"16/12/2020","0.7000","0.7150","0.7150","0.7000","2.12K","0.00%"
"15/12/2020","0.7000","0.7250","0.7250","0.7000","1.00K","-2.78%"
"14/12/2020","0.7200","0.6950","0.7200","0.6950","21.44K","3.60%"
"11/12/2020","0.6950","0.6800","0.7000","0.6600","3.85K","1.46%"
"10/12/2020","0.6850","0.6300","0.7000","0.6300","21.89K","6.20%"
"09/12/2020","0.6450","0.6100","0.6450","0.6100","22.24K","0.00%"
"08/12/2020","0.6450","0.6650","0.6650","0.6050","47.27K","-3.73%"
"07/12/2020","0.6700","0.6900","0.6900","0.6700","5.71K","-2.90%"
"04/12/2020","0.6900","0.6900","0.6900","0.6900","0.01K","1.47%"
"03/12/2020","0.6800","0.6900","0.6900","0.6750","10.00K","-1.45%"
"02/12/2020","0.6900","0.7150","0.7150","0.6750","11.88K","-1.43%"
"01/12/2020","0.7000","0.7250","0.7250","0.6900","0.66K","-3.45%"
"30/11/2020","0.7250","0.7250","0.7250","0.6800","4.00K","0.00%"
"27/11/2020","0.7250","0.7250","0.7250","0.7250","0.01K","0.00%"
"26/11/2020","0.7250","0.7250","0.7250","0.7250","0.01K","0.00%"
"25/11/2020","0.7250","0.7350","0.7350","0.6950","5.03K","-1.36%"
"24/11/2020","0.7350","0.7400","0.7400","0.7000","0.42K","5.00%"
"23/11/2020","0.7000","0.7400","0.7400","0.7000","18.02K","-5.41%"
"20/11/2020","0.7400","0.7400","0.7400","0.7400","1.50K","0.00%"
"19/11/2020","0.7400","0.7400","0.7400","0.7250","0.54K","-0.67%"
"18/11/2020","0.7450","0.7450","0.7450","0.7400","5.60K","0.00%"
"17/11/2020","0.7450","0.7450","0.7450","0.7100","1.50K","-0.67%"
"16/11/2020","0.7500","0.7500","0.7550","0.7500","1.35K","0.00%"
"13/11/2020","0.7500","0.7500","0.7500","0.7500","1.00K","0.00%"
"12/11/2020","0.7500","0.7500","0.7500","0.7100","0.10K","-0.66%"
"10/11/2020","0.7550","0.7500","0.7600","0.7150","5.10K","0.67%"
"09/11/2020","0.7500","0.7500","0.7500","0.7150","1.50K","-0.66%"
"06/11/2020","0.7550","0.7600","0.7600","0.7550","0.05K","-1.95%"
"05/11/2020","0.7700","0.7750","0.7750","0.7150","8.05K","0.00%"
"04/11/2020","0.7700","0.7700","0.7700","0.7600","4.01K","-0.65%"
"03/11/2020","0.7750","0.6850","0.7750","0.6850","15.08K","10.71%"
"02/11/2020","0.7000","0.7000","0.7050","0.7000","4.50K","-0.71%"
"30/10/2020","0.7050","0.6850","0.7100","0.6750","3.00K","-1.40%"
"29/10/2020","0.7150","0.7000","0.7350","0.6700","12.70K","-4.03%"
"28/10/2020","0.7450","0.7550","0.7550","0.6900","11.26K","-1.32%"
"27/10/2020","0.7550","0.7550","0.7550","0.7500","2.00K","0.00%"
"26/10/2020","0.7550","0.7550","0.7550","0.7450","1.84K","0.00%"
"23/10/2020","0.7550","0.7550","0.7550","0.7550","0.01K","0.00%"
"22/10/2020","0.7550","0.7450","0.7550","0.7450","1.35K","-1.95%"
"21/10/2020","0.7700","0.7700","0.7700","0.7700","1.24K","-0.65%"
"20/10/2020","0.7750","0.7500","0.7750","0.7500","0.90K","0.65%"
"19/10/2020","0.7700","0.7750","0.7750","0.7700","8.69K","-0.65%"
"16/10/2020","0.7750","0.7550","0.7800","0.6900","25.98K","2.65%"
"15/10/2020","0.7550","0.7450","0.7550","0.7450","1.30K","1.34%"
"14/10/2020","0.7450","0.8050","0.8050","0.7400","43.76K","-7.45%"
"13/10/2020","0.8050","0.8050","0.8050","0.7800","1.51K","-1.83%"
"12/10/2020","0.8200","0.7900","0.8200","0.7800","8.07K","3.80%"
"09/10/2020","0.7900","0.8000","0.8000","0.7600","0.51K","-1.25%"
"08/10/2020","0.8000","0.7900","0.8200","0.7300","20.40K","0.63%"
"07/10/2020","0.7950","0.8000","0.8000","0.7600","7.84K","-0.62%"
"06/10/2020","0.8000","0.8200","0.8200","0.7500","15.94K","-2.44%"
"05/10/2020","0.8200","0.8150","0.8350","0.7750","8.16K","1.86%"
"02/10/2020","0.8050","0.7100","0.8950","0.7100","216.99K","13.38%"
"01/10/2020","0.7100","0.7050","0.7250","0.6900","9.65K","0.71%"
"30/09/2020","0.7050","0.7100","0.7100","0.7050","2.35K","0.71%"
"29/09/2020","0.7000","0.6850","0.7000","0.6800","13.07K","0.72%"
"28/09/2020","0.6950","0.7100","0.7100","0.6900","9.09K","-2.11%"
"25/09/2020","0.7100","0.7150","0.7200","0.7000","7.17K","-0.70%"
"24/09/2020","0.7150","0.7150","0.7150","0.7150","0.01K","0.00%"
"23/09/2020","0.7150","0.6850","0.7150","0.6800","14.62K","4.38%"
"22/09/2020","0.6850","0.7000","0.7150","0.6850","5.36K","-2.14%"
"21/09/2020","0.7000","0.7050","0.7050","0.6800","2.53K","-0.71%"
"18/09/2020","0.7050","0.7400","0.7400","0.7000","15.47K","-5.37%"
"17/09/2020","0.7450","0.7450","0.7450","0.7450","0.01K","-0.67%"
"16/09/2020","0.7500","0.7550","0.7600","0.7500","3.64K","-5.06%"
"15/09/2020","0.7900","0.7950","0.7950","0.7500","7.03K","-0.63%"
"14/09/2020","0.7950","0.7950","0.7950","0.7600","6.50K","0.00%"
"11/09/2020","0.7950","0.7750","0.8150","0.7600","16.85K","2.58%"
"10/09/2020","0.7750","0.7600","0.7750","0.7600","0.08K","0.00%"
"09/09/2020","0.7750","0.7900","0.7900","0.7750","0.01K","-2.52%"
"08/09/2020","0.7950","0.8050","0.8050","0.7600","7.12K","-1.85%"
"07/09/2020","0.8100","0.8150","0.8150","0.8100","0.13K","3.85%"
"04/09/2020","0.7800","0.8000","0.8150","0.7800","5.78K","1.96%"
"03/09/2020","0.7650","0.8050","0.8050","0.7650","6.25K","-4.97%"
"02/09/2020","0.8050","0.8050","0.8050","0.7900","1.45K","1.26%"
"01/09/2020","0.7950","0.8150","0.8150","0.7950","2.03K","-1.85%"
"31/08/2020","0.8100","0.8250","0.8250","0.8100","0.01K","-1.22%"
"28/08/2020","0.8200","0.8200","0.8200","0.8150","5.40K","0.00%"
"27/08/2020","0.8200","0.8150","0.8250","0.8150","1.01K","0.00%"
"26/08/2020","0.8200","0.8150","0.8250","0.8000","7.63K","1.23%"
"25/08/2020","0.8100","0.7900","0.8200","0.7900","10.52K","2.53%"
"24/08/2020","0.7900","0.7900","0.7900","0.7800","0.71K","0.00%"
"21/08/2020","0.7900","0.7950","0.7950","0.7900","2.01K","-0.63%"
"20/08/2020","0.7950","0.7650","0.8000","0.7650","2.21K","0.00%"
"19/08/2020","0.7950","0.8000","0.8000","0.7950","1.11K","-0.62%"
"18/08/2020","0.8000","0.8150","0.8150","0.7600","124.27K","-2.44%"
"17/08/2020","0.8200","0.8200","0.8200","0.8200","0.01K","0.00%"
"14/08/2020","0.8200","0.8350","0.8350","0.8100","1.59K","1.23%"
"13/08/2020","0.8100","0.8150","0.8150","0.8100","2.50K","-1.22%"
"12/08/2020","0.8200","0.8500","0.8500","0.8150","3.83K","0.00%"
"11/08/2020","0.8200","0.8400","0.8500","0.8200","3.00K","-2.38%"
"10/08/2020","0.8400","0.8650","0.8650","0.8400","3.40K","-2.89%"
"07/08/2020","0.8650","0.8200","0.8750","0.8100","47.69K","5.49%"
"06/08/2020","0.8200","0.8250","0.8250","0.8200","1.11K","0.00%"
"05/08/2020","0.8200","0.8300","0.8300","0.8100","2.00K","-1.20%"
"04/08/2020","0.8300","0.8300","0.8300","0.8300","0.01K","3.11%"
"03/08/2020","0.8050","0.8300","0.8300","0.8000","6.25K","-3.01%"
"31/07/2020","0.8300","0.8250","0.8300","0.8100","17.01K","2.47%"
"30/07/2020","0.8100","0.8300","0.8300","0.8100","13.14K","-2.41%"
"29/07/2020","0.8300","0.8450","0.8450","0.8300","16.54K","0.00%"
"28/07/2020","0.8300","0.8550","0.8650","0.8300","20.71K","-2.92%"
"27/07/2020","0.8550","0.8500","0.8650","0.8500","0.60K","0.59%"
"24/07/2020","0.8500","0.8700","0.8750","0.8500","4.38K","1.19%"
"23/07/2020","0.8400","0.8500","0.8750","0.8400","9.03K","-1.75%"
"22/07/2020","0.8550","0.8600","0.8600","0.8300","5.60K","-0.58%"
"21/07/2020","0.8600","0.8200","0.8600","0.8200","15.77K","2.38%"
"20/07/2020","0.8400","0.8750","0.8750","0.8350","8.08K","0.00%"
"17/07/2020","0.8400","0.8900","0.8900","0.8300","2.02K","-4.55%"
"16/07/2020","0.8800","0.8300","0.8900","0.8300","0.53K","-1.68%"
"15/07/2020","0.8950","0.8400","0.8950","0.8200","8.99K","1.70%"
"14/07/2020","0.8800","0.8500","0.8800","0.8400","14.98K","3.53%"
"13/07/2020","0.8500","0.8750","0.8750","0.8200","4.11K","-2.86%"
"10/07/2020","0.8750","0.8850","0.8850","0.8150","1.14K","7.36%"
"09/07/2020","0.8150","0.8950","0.9000","0.8100","51.28K","-8.94%"
"08/07/2020","0.8950","0.9450","0.9450","0.8750","20.53K","-4.28%"
"07/07/2020","0.9350","0.9400","0.9750","0.9100","31.56K","-0.53%"
"06/07/2020","0.9400","0.9550","0.9550","0.9100","16.75K","-2.08%"
"03/07/2020","0.9600","0.9600","0.9600","0.9300","9.28K","0.00%"
"02/07/2020","0.9600","0.9750","0.9800","0.9350","7.38K","-1.54%"
"01/07/2020","0.9750","0.9300","0.9800","0.8750","48.91K","3.17%"
"30/06/2020","0.9450","0.9150","0.9450","0.9150","15.58K","2.72%"
"29/06/2020","0.9200","0.8700","0.9200","0.8700","74.90K","3.95%"
"26/06/2020","0.8850","0.8800","0.8850","0.8200","78.48K","0.57%"
"25/06/2020","0.8800","0.8250","0.8850","0.8100","51.10K","5.39%"
"24/06/2020","0.8350","0.8700","0.8700","0.8200","23.42K","-4.02%"
"23/06/2020","0.8700","0.8850","0.8850","0.8400","50.29K","-1.14%"
"22/06/2020","0.8800","0.8100","0.8850","0.8000","25.92K","2.92%"
"19/06/2020","0.8550","0.8500","0.8550","0.8000","24.76K","1.79%"
"18/06/2020","0.8400","0.8450","0.8550","0.8000","211.36K","-1.75%"
"17/06/2020","0.8550","0.7950","0.8700","0.7950","63.15K","7.55%"
"16/06/2020","0.7950","0.8150","0.8450","0.7950","38.83K","-2.45%"
"15/06/2020","0.8150","0.7900","0.8200","0.7750","25.30K","-0.61%"
"12/06/2020","0.8200","0.8000","0.8250","0.7900","36.48K","-1.20%"
"10/06/2020","0.8300","0.8100","0.8300","0.7750","22.64K","1.84%"
"09/06/2020","0.8150","0.8200","0.8200","0.7800","28.24K","-0.61%"
"08/06/2020","0.8200","0.8200","0.8200","0.7850","10.50K","0.00%"
"05/06/2020","0.8200","0.8100","0.8200","0.8000","19.10K","3.80%"
"04/06/2020","0.7900","0.8100","0.8250","0.7850","15.45K","-1.25%"
"03/06/2020","0.8000","0.7500","0.8200","0.7350","61.94K","6.67%"
"02/06/2020","0.7500","0.7500","0.7500","0.7500","0.41K","0.00%"
"01/06/2020","0.7500","0.7450","0.7600","0.7350","9.32K","1.35%"
"29/05/2020","0.7400","0.7350","0.7450","0.7300","17.27K","2.78%"
"28/05/2020","0.7200","0.7350","0.7400","0.7200","29.22K","2.13%"
"27/05/2020","0.7050","0.7350","0.7500","0.7050","50.69K","-1.40%"
"26/05/2020","0.7150","0.7450","0.7450","0.7000","24.42K","-4.03%"
"25/05/2020","0.7450","0.7500","0.7500","0.7000","6.34K","0.68%"
"22/05/2020","0.7400","0.7450","0.7450","0.6900","26.11K","-1.33%"
"21/05/2020","0.7500","0.7000","0.7500","0.6550","20.37K","7.91%"
"20/05/2020","0.6950","0.6400","0.7200","0.6400","51.14K","8.59%"
"19/05/2020","0.6400","0.6350","0.6450","0.6300","7.95K","2.40%"
"18/05/2020","0.6250","0.6200","0.6300","0.6200","3.98K","0.81%"
"15/05/2020","0.6200","0.6200","0.6200","0.6200","0.13K","0.00%"
"14/05/2020","0.6200","0.6300","0.6300","0.6200","0.34K","-2.36%"
"13/05/2020","0.6350","0.6450","0.6450","0.6200","6.81K","-2.31%"
"11/05/2020","0.6500","0.6150","0.6500","0.6150","23.73K","5.69%"
"08/05/2020","0.6150","0.6150","0.6150","0.6150","1.93K","0.00%"
"07/05/2020","0.6150","0.5900","0.6150","0.5900","12.03K","2.50%"
"06/05/2020","0.6000","0.6100","0.6100","0.5900","4.01K","-1.64%"
"05/05/2020","0.6100","0.6100","0.6100","0.6100","2.02K","0.00%"
"04/05/2020","0.6100","0.6100","0.6150","0.6100","2.20K","-0.81%"
"30/04/2020","0.6150","0.6100","0.6200","0.6000","8.98K","0.00%"
"29/04/2020","0.6150","0.5900","0.6150","0.5800","5.26K","-0.81%"
"28/04/2020","0.6200","0.5900","0.6200","0.5800","1.55K","0.00%"
"27/04/2020","0.6200","0.6500","0.6500","0.5600","33.51K","2.48%"
"24/04/2020","0.6050","0.6700","0.6700","0.6000","30.16K","-6.92%"
"23/04/2020","0.6500","0.6600","0.6700","0.6400","17.36K","0.00%"
"22/04/2020","0.6500","0.6300","0.6500","0.6300","6.07K","1.56%"
"21/04/2020","0.6400","0.6300","0.6500","0.6100","11.36K","1.59%"
"20/04/2020","0.6300","0.6200","0.6500","0.6200","12.49K","-1.56%"
"17/04/2020","0.6400","0.6400","0.6550","0.6100","31.13K","-3.76%"
"16/04/2020","0.6650","0.6300","0.6650","0.6000","33.52K","7.26%"
"15/04/2020","0.6200","0.6100","0.6700","0.5800","36.58K","-1.59%"
"14/04/2020","0.6300","0.5750","0.6500","0.5750","23.89K","0.80%"
"09/04/2020","0.6250","0.6300","0.6300","0.5700","14.56K","-0.79%"
"08/04/2020","0.6300","0.5900","0.6350","0.5900","6.69K","-0.79%"
"07/04/2020","0.6350","0.6000","0.6350","0.6000","2.10K","-0.78%"
"06/04/2020","0.6400","0.5500","0.6450","0.5500","24.49K","8.47%"
"03/04/2020","0.5900","0.5600","0.6000","0.5450","11.90K","0.00%"
"01/04/2020","0.5900","0.6100","0.6100","0.5600","12.51K","-3.28%"
"31/03/2020","0.6100","0.6050","0.6350","0.6000","5.34K","8.93%"
"30/03/2020","0.5600","0.5200","0.6200","0.5200","54.74K","1.82%"
"27/03/2020","0.5500","0.5500","0.5500","0.5500","11.52K","-0.90%"
"26/03/2020","0.5550","0.5550","0.5550","0.5550","0.18K","-0.89%"
"24/03/2020","0.5600","0.5600","0.5600","0.5600","0.70K","-1.75%"
"20/03/2020","0.5700","0.5600","0.5900","0.5600","3.79K","5.56%"
"19/03/2020","0.5400","0.5300","0.5400","0.5300","0.11K","1.89%"
"18/03/2020","0.5300","0.5300","0.5300","0.5300","1.89K","0.00%"
"17/03/2020","0.5300","0.5400","0.5400","0.5300","8.10K","0.95%"
"16/03/2020","0.5250","0.5400","0.5400","0.5000","17.03K","-7.08%"
"13/03/2020","0.5650","0.5200","0.5650","0.5200","11.15K","0.89%"
"12/03/2020","0.5600","0.5300","0.5600","0.5000","11.92K","-8.94%"
"11/03/2020","0.6150","0.6150","0.6150","0.6150","0.10K","0.00%"
"10/03/2020","0.6150","0.5600","0.6150","0.5550","10.56K","13.89%"
"09/03/2020","0.5400","0.5450","0.5450","0.5300","6.17K","-1.82%"
"06/03/2020","0.5500","0.6100","0.6200","0.5500","4.09K","-3.51%"
"05/03/2020","0.5700","0.6300","0.6300","0.5700","12.57K","-8.80%"
"04/03/2020","0.6250","0.5800","0.6250","0.5800","1.71K","-0.79%"
"03/03/2020","0.6300","0.6100","0.6300","0.6100","4.61K","-2.33%"
"02/03/2020","0.6450","0.6000","0.6450","0.5700","2.50K","0.00%"
"28/02/2020","0.6450","0.6200","0.6550","0.5500","30.53K","-0.77%"
"27/02/2020","0.6500","0.6350","0.6750","0.6300","3.01K","-3.70%"
"26/02/2020","0.6750","0.6300","0.6800","0.6300","5.27K","7.14%"
"25/02/2020","0.6300","0.6550","0.6950","0.6250","1.21K","-5.97%"
"24/02/2020","0.6700","0.6700","0.6950","0.6700","4.10K","-6.29%"
"21/02/2020","0.7150","0.6700","0.7150","0.6550","6.84K","9.16%"
"20/02/2020","0.6550","0.7050","0.7050","0.6550","0.31K","0.00%"
"19/02/2020","0.6550","0.7150","0.7150","0.6550","21.00K","-8.39%"
"18/02/2020","0.7150","0.6700","0.7150","0.6700","2.00K","-0.69%"
"17/02/2020","0.7200","0.6850","0.7200","0.6850","3.67K","5.88%"
"14/02/2020","0.6800","0.6750","0.6800","0.6750","9.29K","0.00%"
"13/02/2020","0.6800","0.6450","0.6800","0.6450","1.41K","3.03%"
"12/02/2020","0.6600","0.6400","0.6950","0.6300","10.81K","-4.35%"
"11/02/2020","0.6900","0.6600","0.6900","0.6600","4.25K","-0.72%"
"10/02/2020","0.6950","0.7000","0.7000","0.6700","0.69K","-0.71%"
"07/02/2020","0.7000","0.7000","0.7000","0.6700","3.66K","0.00%"
"06/02/2020","0.7000","0.7000","0.7000","0.6800","15.60K","-4.76%"
"05/02/2020","0.7350","0.7100","0.7350","0.7000","8.65K","0.00%"
"04/02/2020","0.7350","0.7350","0.7350","0.7100","2.16K","0.68%"
"03/02/2020","0.7300","0.7300","0.7400","0.7300","4.31K","0.00%"
"30/01/2020","0.7300","0.6950","0.7300","0.6950","6.68K","0.00%"
"29/01/2020","0.7300","0.7100","0.7300","0.7100","11.70K","1.39%"
"28/01/2020","0.7200","0.7200","0.7200","0.7000","16.12K","0.00%"
"27/01/2020","0.7200","0.7200","0.7200","0.7200","0.50K","1.41%"
"24/01/2020","0.7100","0.7850","0.7850","0.7100","15.82K","-7.79%"
"23/01/2020","0.7700","0.7150","0.7700","0.7000","30.45K","10.79%"
"22/01/2020","0.6950","0.7550","0.7550","0.6800","48.16K","-11.46%"
"21/01/2020","0.7850","0.8400","0.8400","0.7550","31.43K","-6.55%"
"20/01/2020","0.8400","0.8000","0.8600","0.8000","13.44K","5.00%"
"17/01/2020","0.8000","0.8900","0.9200","0.7600","69.25K","-6.98%"
"16/01/2020","0.8600","0.8500","0.9100","0.8200","59.83K","13.16%"
"15/01/2020","0.7600","0.6350","0.7600","0.6350","100.98K","22.58%"
"14/01/2020","0.6200","0.5700","0.6200","0.5700","21.33K","8.77%"
"13/01/2020","0.5700","0.5300","0.5700","0.5300","11.97K","8.57%"
"09/01/2020","0.5250","0.5250","0.5250","0.5250","0.20K","-3.67%"
"08/01/2020","0.5450","0.5450","0.5450","0.5450","0.10K","3.81%"
"07/01/2020","0.5250","0.5200","0.5500","0.5200","9.49K","0.00%"
"03/01/2020","0.5250","0.5250","0.5250","0.5250","1.63K","-3.67%"
"02/01/2020","0.5450","0.5200","0.5450","0.5200","3.10K","4.81%"
"30/12/2019","0.5200","0.5250","0.5250","0.5200","16.80K","-3.70%"
"27/12/2019","0.5400","0.5900","0.5900","0.5400","0.48K","-3.57%"
"23/12/2019","0.5600","0.5600","0.5600","0.5250","11.25K","7.69%"
"20/12/2019","0.5200","0.5200","0.5200","0.5200","4.72K","0.00%"
"19/12/2019","0.5200","0.5200","0.5200","0.5200","4.08K","-5.45%"
"18/12/2019","0.5500","0.5100","0.5500","0.5100","2.06K","-8.33%"
"17/12/2019","0.6000","0.5250","0.6000","0.5250","0.51K","3.45%"
"16/12/2019","0.5800","0.5700","0.6000","0.5050","8.11K","-4.13%"
"12/12/2019","0.6050","0.5600","0.6050","0.5600","1.77K","0.00%"
"11/12/2019","0.6050","0.6100","0.6100","0.5700","15.24K","-2.42%"
"10/12/2019","0.6200","0.6000","0.6200","0.6000","4.74K","3.33%"
"09/12/2019","0.6000","0.6000","0.6000","0.5900","3.69K","1.69%"
"04/12/2019","0.5900","0.5900","0.5900","0.5900","2.02K","-3.28%"
"27/11/2019","0.6100","0.6100","0.6100","0.6100","9.39K","4.27%"
"20/11/2019","0.5850","0.5850","0.5850","0.5850","14.98K","-0.85%"
"13/11/2019","0.5900","0.5900","0.5900","0.5900","14.95K","-1.67%"
"06/11/2019","0.6000","0.6000","0.6000","0.6000","6.01K","0.00%"
"30/10/2019","0.6000","0.6000","0.6000","0.6000","6.80K","2.56%"
"23/10/2019","0.5850","0.5850","0.5850","0.5850","13.38K","-0.85%"
"16/10/2019","0.5900","0.5900","0.5900","0.5900","8.92K","1.72%"
"09/10/2019","0.5800","0.5800","0.5800","0.5800","7.39K","0.00%"
"02/10/2019","0.5800","0.5800","0.5800","0.5800","12.36K","3.57%"
"25/09/2019","0.5600","0.5600","0.5600","0.5600","17.32K","-6.67%"
"18/09/2019","0.6000","0.6000","0.6000","0.6000","21.73K","0.00%"
"11/09/2019","0.6000","0.6000","0.6000","0.6000","13.09K","0.00%"
"04/09/2019","0.6000","0.6000","0.6000","0.6000","17.21K","1.69%"
"28/08/2019","0.5900","0.5900","0.5900","0.5900","14.02K","5.36%"
"21/08/2019","0.5600","0.5600","0.5600","0.5600","9.06K","0.00%"
"14/08/2019","0.5600","0.5600","0.5600","0.5600","54.49K","-8.20%"
"07/08/2019","0.6100","0.6100","0.6100","0.6100","12.02K","-1.61%"
"31/07/2019","0.6200","0.6200","0.6200","0.6200","29.52K","0.00%"
"24/07/2019","0.6200","0.6200","0.6200","0.6200","16.88K","-3.12%"
"17/07/2019","0.6400","0.6400","0.6400","0.6400","4.52K","-1.54%"
"10/07/2019","0.6500","0.6500","0.6500","0.6500","59.43K","8.33%"
"03/07/2019","0.6000","0.6000","0.6000","0.6000","5.25K","22.45%"
"28/09/2018","0.4900","0.4700","0.4900","0.4700","15.73K","-2.00%"
"27/09/2018","0.5000","0.5000","0.5000","0.5000","1.93K","0.00%"
"26/09/2018","0.5000","0.4500","0.5000","0.4500","7.20K","0.00%"
"25/09/2018","0.5000","0.5000","0.5000","0.5000","2.80K","2.04%"
"24/09/2018","0.4900","0.4900","0.4900","0.4900","13.98K","0.00%"
"21/09/2018","0.4900","0.4900","0.4900","0.4900","5.50K","-2.00%"
"20/09/2018","0.5000","0.4900","0.5000","0.4900","22.00K","2.04%"
"19/09/2018","0.4900","0.4800","0.4900","0.4800","14.75K","2.08%"
"18/09/2018","0.4800","0.4700","0.4800","0.4700","3.00K","0.00%"
"17/09/2018","0.4800","0.4600","0.4800","0.4600","5.64K","4.35%"
"14/09/2018","0.4600","0.4500","0.4600","0.4500","7.36K","2.22%"
"13/09/2018","0.4500","0.4100","0.4500","0.4100","7.00K","9.76%"
"12/09/2018","0.4100","0.4000","0.4100","0.4000","15.28K","0.00%"
"10/09/2018","0.4100","0.4000","0.4100","0.4000","6.00K","2.50%"
"07/09/2018","0.4000","0.4000","0.4000","0.4000","7.00K","0.00%"
"05/09/2018","0.4000","0.4000","0.4000","0.4000","3.50K","-2.44%"
"30/08/2018","0.4100","0.4100","0.4100","0.4100","0.50K","0.00%"
"28/08/2018","0.4100","0.4100","0.4100","0.4100","1.00K","2.50%"
"27/08/2018","0.4000","0.3700","0.4000","0.3700","7.00K","5.26%"
"24/08/2018","0.3800","0.3800","0.3800","0.3800","0.18K","-7.32%"
"22/08/2018","0.4100","0.4100","0.4100","0.4100","0.02K","0.00%"
"20/08/2018","0.4100","0.4100","0.4100","0.4100","0.98K","-2.38%"
"06/08/2018","0.4200","0.4200","0.4200","0.4200","0.01K","10.53%"
"03/08/2018","0.3800","0.3800","0.3800","0.3800","0.80K","-9.52%"
"02/08/2018","0.4200","0.4200","0.4200","0.4200","2.58K","0.00%"
"26/07/2018","0.4200","0.4200","0.4200","0.4200","1.11K","-2.33%"
"25/07/2018","0.4300","0.4200","0.4300","0.4200","3.22K","2.38%"
"24/07/2018","0.4200","0.4200","0.4200","0.4200","0.01K","10.53%"
"23/07/2018","0.3800","0.3700","0.3800","0.3700","1.64K","-9.52%"
"17/07/2018","0.4200","0.3900","0.4200","0.3900","0.50K","7.69%"
"16/07/2018","0.3900","0.4200","0.4200","0.3900","0.70K","-7.14%"
"12/07/2018","0.4200","0.4200","0.4200","0.4200","0.19K","0.00%"
"10/07/2018","0.4200","0.4200","0.4200","0.4200","0.50K","0.00%"
"09/07/2018","0.4200","0.4200","0.4200","0.4200","0.10K","7.69%"
"03/07/2018","0.3900","0.3800","0.3900","0.3800","10.20K","-13.33%"
"02/07/2018","0.4500","0.4200","0.4500","0.4200","7.47K","12.50%"
"25/06/2018","0.4000","0.4000","0.4000","0.4000","2.80K","-4.76%"
"19/06/2018","0.4200","0.4200","0.4200","0.4200","3.58K","-8.70%"
"13/06/2018","0.4600","0.4600","0.4600","0.4600","0.05K","6.98%"
"12/06/2018","0.4300","0.4300","0.4300","0.4300","1.01K","-6.52%"
"11/06/2018","0.4600","0.4600","0.4600","0.4600","0.15K","0.00%"
"08/06/2018","0.4600","0.4600","0.4600","0.4600","0.03K","0.00%"
"07/06/2018","0.4600","0.4600","0.4600","0.4600","0.50K","-4.17%"
"04/06/2018","0.4800","0.4800","0.4800","0.4800","0.01K","4.35%"
"01/06/2018","0.4600","0.4600","0.4600","0.4600","0.50K","-4.17%"
"29/05/2018","0.4800","0.4800","0.4800","0.4800","0.70K","0.00%"
"28/05/2018","0.4800","0.4800","0.4800","0.4800","1.00K","6.67%"
"25/05/2018","0.4500","0.4500","0.4500","0.4500","0.01K","-8.16%"
"21/05/2018","0.4900","0.4900","0.4900","0.4900","10.00K","0.00%"
"16/05/2018","0.4900","0.4900","0.4900","0.4900","10.28K","2.08%"
"15/05/2018","0.4800","0.4700","0.4800","0.4700","14.87K","4.35%"
"14/05/2018","0.4600","0.4400","0.4600","0.4400","4.89K","4.55%"
"11/05/2018","0.4400","0.4000","0.4400","0.4000","17.55K","-4.35%"
"10/05/2018","0.4600","0.4600","0.4600","0.4600","2.00K","-6.12%"
"09/05/2018","0.4900","0.4900","0.4900","0.4900","0.05K","8.89%"
"08/05/2018","0.4500","0.4500","0.4500","0.4500","0.06K","0.00%"
"07/05/2018","0.4500","0.4500","0.4500","0.4500","1.20K","-8.16%"
"02/05/2018","0.4900","0.4800","0.4900","0.4800","7.00K","4.26%"
"30/04/2018","0.4700","0.4600","0.4700","0.4600","8.56K","2.17%"
"27/04/2018","0.4600","0.4600","0.4600","0.4600","7.86K","4.55%"
"26/04/2018","0.4400","0.4000","0.4400","0.4000","6.86K","10.00%"
"25/04/2018","0.4000","0.4000","0.4000","0.4000","0.16K","0.00%"
"24/04/2018","0.4000","0.4000","0.4000","0.4000","0.28K","0.00%"
"18/04/2018","0.4000","0.4000","0.4000","0.4000","0.25K","0.00%"
"17/04/2018","0.4000","0.4000","0.4000","0.4000","0.50K","5.26%"
"16/04/2018","0.3800","0.3800","0.3800","0.3800","0.80K","-5.00%"
"13/04/2018","0.4000","0.4000","0.4000","0.4000","1.52K","0.00%"
"12/04/2018","0.4000","0.4200","0.4200","0.4000","2.20K","-9.09%"
"04/04/2018","0.4400","0.4400","0.4400","0.4400","0.45K","0.00%"
"29/03/2018","0.4400","0.4400","0.4400","0.4400","0.01K","2.33%"
"28/03/2018","0.4300","0.4200","0.4300","0.4200","12.00K","-4.44%"
"26/03/2018","0.4500","0.4200","0.4500","0.4200","6.76K","15.38%"
"23/03/2018","0.3900","0.4000","0.4000","0.3900","0.52K","5.41%"
"22/03/2018","0.3700","0.3700","0.3700","0.3700","8.10K","-17.78%"
"21/03/2018","0.4500","0.4500","0.4500","0.4500","2.39K","-4.26%"
"19/03/2018","0.4700","0.4700","0.4700","0.4700","0.02K","-4.08%"
"12/03/2018","0.4900","0.4900","0.4900","0.4900","11.00K","4.26%"
"08/03/2018","0.4700","0.4700","0.4700","0.4700","0.10K","4.44%"
"07/03/2018","0.4500","0.4500","0.4500","0.4500","4.48K","-4.26%"
"05/03/2018","0.4700","0.4700","0.4700","0.4700","0.10K","0.00%"
"02/03/2018","0.4700","0.4600","0.4700","0.4600","3.37K","2.17%"
"27/02/2018","0.4600","0.4700","0.4700","0.4600","7.40K","2.22%"
"26/02/2018","0.4500","0.4800","0.4800","0.4500","1.75K","-6.25%"
"16/02/2018","0.4800","0.4800","0.4800","0.4800","0.06K","6.67%"
"15/02/2018","0.4500","0.4500","0.4500","0.4500","6.00K","-10.00%"
"14/02/2018","0.5000","0.5000","0.5000","0.5000","10.00K","4.17%"
"13/02/2018","0.4800","0.4800","0.4800","0.4800","0.09K","-2.04%"
"12/02/2018","0.4900","0.4500","0.4900","0.4500","25.10K","0.00%"
"09/02/2018","0.4900","0.4900","0.4900","0.4900","12.31K","0.00%"
"08/02/2018","0.4900","0.4500","0.4900","0.4500","17.33K","0.00%"
"07/02/2018","0.4900","0.4900","0.4900","0.4900","0.03K","4.26%"
"06/02/2018","0.4700","0.4800","0.4800","0.4700","28.72K","-6.00%"
"05/02/2018","0.5000","0.5000","0.5000","0.5000","1.20K","0.00%"
"02/02/2018","0.5000","0.5000","0.5000","0.5000","17.25K","4.17%"
"01/02/2018","0.4800","0.4800","0.4800","0.4800","13.04K","0.00%"
"31/01/2018","0.4800","0.4800","0.4800","0.4800","10.33K","-4.00%"
"30/01/2018","0.5000","0.5000","0.5000","0.5000","0.13K","-3.85%"
"29/01/2018","0.5200","0.4900","0.5200","0.4900","27.04K","0.00%"
"26/01/2018","0.5200","0.5300","0.5300","0.5200","2.22K","-1.89%"
"25/01/2018","0.5300","0.5000","0.5300","0.5000","2.03K","3.92%"
"24/01/2018","0.5100","0.5200","0.5200","0.5100","18.84K","0.00%"
"23/01/2018","0.5100","0.5100","0.5100","0.5100","15.46K","2.00%"
"22/01/2018","0.5000","0.5000","0.5000","0.5000","13.80K","0.00%"
"19/01/2018","0.5000","0.5000","0.5000","0.5000","9.48K","0.00%"
"18/01/2018","0.5000","0.4900","0.5000","0.4900","12.30K","4.17%"
"17/01/2018","0.4800","0.4600","0.4800","0.4600","7.48K","14.29%"
"16/01/2018","0.4200","0.4200","0.4200","0.4200","0.60K","2.44%"
"15/01/2018","0.4100","0.4100","0.4100","0.4100","2.00K","0.00%"
"12/01/2018","0.4100","0.4500","0.4500","0.4100","15.31K","-8.89%"
"11/01/2018","0.4500","0.4600","0.4600","0.4500","13.19K","-2.17%"
"10/01/2018","0.4600","0.4600","0.4600","0.4600","2.00K","-2.13%"
"09/01/2018","0.4700","0.4600","0.4700","0.4600","10.20K","2.17%"
"08/01/2018","0.4600","0.4600","0.4600","0.4600","11.88K","0.00%"
"05/01/2018","0.4600","0.4600","0.4600","0.4600","35.90K","0.00%"
"04/01/2018","0.4600","0.4500","0.4600","0.4500","34.14K","9.52%"
"03/01/2018","0.4200","0.4200","0.4200","0.4200","68.53K","0.00%"
"29/12/2017","0.4200","0.4000","0.4200","0.4000","53.10K","0.00%"
"28/12/2017","0.4200","0.4000","0.4200","0.4000","61.70K","23.53%"
"27/12/2017","0.3400","0.3400","0.3400","0.3400","32.36K","30.77%"
"18/12/2017","0.2600","0.2500","0.2600","0.2500","18.44K","-13.33%"
"15/12/2017","0.3000","0.3000","0.3000","0.3000","24.05K","-11.76%"
"14/12/2017","0.3400","0.3400","0.3400","0.3400","0.50K","3.03%"
"13/12/2017","0.3300","0.3400","0.3400","0.3300","7.00K","-8.33%"
"12/12/2017","0.3600","0.3600","0.3600","0.3600","13.42K","0.00%"
"11/12/2017","0.3600","0.3300","0.3600","0.3300","23.83K","20.00%"
"08/12/2017","0.3000","0.3300","0.3300","0.3000","28.25K","-14.29%"
"07/12/2017","0.3500","0.3300","0.3500","0.3300","50.27K","16.67%"
"05/12/2017","0.3000","0.3000","0.3000","0.3000","16.84K","15.38%"
"04/12/2017","0.2600","0.2500","0.2600","0.2500","11.66K","8.33%"
"01/12/2017","0.2400","0.2300","0.2400","0.2300","33.59K","9.09%"
"30/11/2017","0.2200","0.2100","0.2200","0.2100","11.49K","0.00%"
"29/11/2017","0.2200","0.2200","0.2200","0.2200","4.83K","0.00%"
"28/11/2017","0.2200","0.2000","0.2200","0.2000","26.63K","15.79%"
"27/11/2017","0.1900","0.1900","0.1900","0.1900","8.30K","0.00%"
"24/11/2017","0.1900","0.1700","0.1900","0.1700","11.26K","0.00%"
"23/11/2017","0.1900","0.1900","0.1900","0.1900","0.30K","11.76%"
"22/11/2017","0.1700","0.1700","0.1700","0.1700","4.00K","0.00%"
"21/11/2017","0.1700","0.1900","0.1900","0.1700","10.29K","-5.56%"
"20/11/2017","0.1800","0.1900","0.1900","0.1800","6.74K","-5.26%"
"17/11/2017","0.1900","0.1900","0.1900","0.1900","2.40K","-5.00%"
"16/11/2017","0.2000","0.2000","0.2000","0.2000","4.00K","0.00%"
"15/11/2017","0.2000","0.2000","0.2000","0.2000","13.30K","0.00%"
"14/11/2017","0.2000","0.2000","0.2000","0.2000","7.47K","5.26%"
"13/11/2017","0.1900","0.2000","0.2000","0.1900","10.54K","-5.00%"
"10/11/2017","0.2000","0.2200","0.2200","0.2000","58.57K","-13.04%"
"09/11/2017","0.2300","0.2100","0.2300","0.2100","2.77K","9.52%"
"08/11/2017","0.2100","0.2100","0.2100","0.2100","24.56K","-12.50%"
"07/11/2017","0.2400","0.2400","0.2400","0.2400","12.31K","4.35%"
"06/11/2017","0.2300","0.2200","0.2300","0.2200","5.90K","0.00%"
"03/11/2017","0.2300","0.2300","0.2300","0.2300","13.93K","9.52%"
"02/11/2017","0.2100","0.2200","0.2200","0.2100","13.07K","0.00%"
"31/10/2017","0.2100","0.2100","0.2100","0.2100","11.95K","-8.70%"
"30/10/2017","0.2300","0.2300","0.2300","0.2300","0.45K","0.00%"
"27/10/2017","0.2300","0.2300","0.2300","0.2300","29.10K","-4.17%"
"26/10/2017","0.2400","0.2400","0.2400","0.2400","20.50K","-4.00%"
"25/10/2017","0.2500","0.2500","0.2500","0.2500","5.13K","4.17%"
"24/10/2017","0.2400","0.2400","0.2400","0.2400","0.10K","0.00%"
"23/10/2017","0.2400","0.2300","0.2400","0.2300","4.00K","4.35%"
"20/10/2017","0.2300","0.2200","0.2300","0.2200","11.04K","-8.00%"
"19/10/2017","0.2500","0.2500","0.2500","0.2500","13.52K","-3.85%"
"18/10/2017","0.2600","0.2700","0.2700","0.2600","2.05K","-3.70%"
"17/10/2017","0.2700","0.2800","0.2800","0.2700","13.73K","-6.90%"
"13/10/2017","0.2900","0.2900","0.2900","0.2900","4.29K","0.00%"
"12/10/2017","0.2900","0.2900","0.2900","0.2900","1.93K","-3.33%"
"11/10/2017","0.3000","0.3000","0.3000","0.3000","3.39K","0.00%"
"10/10/2017","0.3000","0.3000","0.3000","0.3000","2.78K","3.45%"
"09/10/2017","0.2900","0.2900","0.2900","0.2900","18.80K","-3.33%"
"06/10/2017","0.3000","0.3000","0.3000","0.3000","4.02K","-6.25%"
"05/10/2017","0.3200","0.3200","0.3200","0.3200","6.00K","3.23%"
"04/10/2017","0.3100","0.3100","0.3100","0.3100","38.05K","6.90%"
"03/10/2017","0.2900","0.3000","0.3000","0.2900","26.50K","7.41%"
"02/10/2017","0.2700","0.3300","0.3300","0.2700","21.66K","-22.86%"
"29/09/2017","0.3500","0.3500","0.3500","0.3500","4.96K","-5.41%"
"28/09/2017","0.3700","0.3700","0.3700","0.3700","18.54K","-5.13%"
"27/09/2017","0.3900","0.4000","0.4000","0.3900","10.17K","-4.88%"
"26/09/2017","0.4100","0.4100","0.4100","0.4100","0.74K","0.00%"
"25/09/2017","0.4100","0.4200","0.4200","0.4100","9.96K","-4.65%"
"22/09/2017","0.4300","0.4200","0.4300","0.4200","19.17K","2.38%"
"21/09/2017","0.4200","0.4200","0.4200","0.4200","1.15K","0.00%"
"20/09/2017","0.4200","0.4200","0.4200","0.4200","5.05K","-2.33%"
"19/09/2017","0.4300","0.4300","0.4300","0.4300","0.10K","4.88%"
"18/09/2017","0.4100","0.4100","0.4100","0.4100","0.05K","0.00%"
"15/09/2017","0.4100","0.4100","0.4100","0.4100","0.05K","-2.38%"
"14/09/2017","0.4200","0.4200","0.4200","0.4200","2.49K","0.00%"
"13/09/2017","0.4200","0.4200","0.4200","0.4200","3.15K","-2.33%"
"12/09/2017","0.4300","0.4200","0.4300","0.4200","6.64K","2.38%"
"11/09/2017","0.4200","0.4200","0.4200","0.4200","2.60K","-2.33%"
"08/09/2017","0.4300","0.4300","0.4300","0.4300","2.00K","2.38%"
"06/09/2017","0.4200","0.4200","0.4200","0.4200","14.05K","-2.33%"
"05/09/2017","0.4300","0.4300","0.4300","0.4300","1.90K","2.38%"
"04/09/2017","0.4200","0.4200","0.4200","0.4200","3.92K","0.00%"
"01/09/2017","0.4200","0.4300","0.4300","0.4200","8.76K","-4.55%"
"31/08/2017","0.4400","0.4500","0.4500","0.4400","5.19K","-4.35%"
"30/08/2017","0.4600","0.4600","0.4600","0.4600","0.98K","0.00%"
"29/08/2017","0.4600","0.4700","0.4700","0.4600","1.02K","-2.13%"
"25/08/2017","0.4700","0.4700","0.4700","0.4700","4.86K","2.17%"
"23/08/2017","0.4600","0.4600","0.4600","0.4600","3.51K","-2.13%"
"18/08/2017","0.4700","0.4700","0.4700","0.4700","0.04K","0.00%"
"17/08/2017","0.4700","0.4700","0.4700","0.4700","2.54K","-2.08%"
"10/08/2017","0.4800","0.4700","0.4800","0.4700","2.48K","0.00%"
"08/08/2017","0.4800","0.4800","0.4800","0.4800","12.10K","-2.04%"
"07/08/2017","0.4900","0.4900","0.4900","0.4900","2.00K","0.00%"
"04/08/2017","0.4900","0.4900","0.4900","0.4900","6.60K","2.08%"
"03/08/2017","0.4800","0.4700","0.4800","0.4700","8.80K","2.13%"
"02/08/2017","0.4700","0.4600","0.4700","0.4600","7.49K","4.44%"
"01/08/2017","0.4500","0.4500","0.4500","0.4500","1.50K","4.65%"
"31/07/2017","0.4300","0.4300","0.4300","0.4300","9.06K","2.38%"
"28/07/2017","0.4200","0.4100","0.4200","0.4100","15.31K","5.00%"
"27/07/2017","0.4000","0.4000","0.4000","0.4000","2.84K","0.00%"
"25/07/2017","0.4000","0.4100","0.4100","0.4000","3.07K","-2.44%"
"21/07/2017","0.4100","0.4000","0.4100","0.4000","6.13K","0.00%"
"19/07/2017","0.4100","0.4300","0.4300","0.4100","0.22K","0.00%"
"18/07/2017","0.4100","0.4100","0.4100","0.4100","6.16K","0.00%"
"13/07/2017","0.4100","0.4100","0.4100","0.4100","2.00K","0.00%"
"12/07/2017","0.4100","0.4100","0.4100","0.4100","5.23K","-2.38%"
"07/07/2017","0.4200","0.4100","0.4200","0.4100","4.10K","0.00%"
"06/07/2017","0.4200","0.4200","0.4200","0.4200","0.70K","2.44%"
"05/07/2017","0.4100","0.4200","0.4200","0.4100","1.56K","-2.38%"
"04/07/2017","0.4200","0.4100","0.4200","0.4100","3.10K","2.44%"
"03/07/2017","0.4100","0.4100","0.4100","0.4100","1.00K","2.50%"
"30/06/2017","0.4000","0.3800","0.4000","0.3800","15.41K","5.26%"
"28/06/2017","0.3800","0.3800","0.3800","0.3800","2.20K","-2.56%"
"27/06/2017","0.3900","0.4000","0.4000","0.3900","6.52K","-7.14%"
"23/06/2017","0.4200","0.4000","0.4200","0.4000","3.36K","5.00%"
"22/06/2017","0.4000","0.4000","0.4000","0.4000","2.00K","0.00%"
"21/06/2017","0.4000","0.4000","0.4000","0.4000","2.60K","2.56%"
"20/06/2017","0.3900","0.3900","0.3900","0.3900","0.68K","-2.50%"
"19/06/2017","0.4000","0.4000","0.4000","0.4000","0.05K","5.26%"
"14/06/2017","0.3800","0.3800","0.3800","0.3800","2.50K","0.00%"
"13/06/2017","0.3800","0.3800","0.3800","0.3800","1.91K","-5.00%"
"12/06/2017","0.4000","0.4000","0.4000","0.4000","9.78K","-6.98%"
"09/06/2017","0.4300","0.4300","0.4300","0.4300","2.50K","0.00%"
"02/06/2017","0.4300","0.4300","0.4300","0.4300","2.40K","7.50%"
"01/06/2017","0.4000","0.4000","0.4000","0.4000","31.00K","0.00%"
"31/05/2017","0.4000","0.4300","0.4300","0.4000","13.17K","-6.98%"
"29/05/2017","0.4300","0.4300","0.4300","0.4300","7.15K","-4.44%"
"26/05/2017","0.4500","0.4500","0.4500","0.4500","1.40K","4.65%"
"25/05/2017","0.4300","0.4300","0.4300","0.4300","0.31K","-8.51%"
"23/05/2017","0.4700","0.4700","0.4700","0.4700","0.31K","0.00%"
"22/05/2017","0.4700","0.4500","0.4700","0.4500","7.43K","4.44%"
"18/05/2017","0.4500","0.4500","0.4500","0.4500","1.00K","7.14%"
"16/05/2017","0.4200","0.4200","0.4200","0.4200","0.79K","0.00%"
"15/05/2017","0.4200","0.4200","0.4200","0.4200","1.40K","-2.33%"
"12/05/2017","0.4300","0.4300","0.4300","0.4300","0.52K","0.00%"
"10/05/2017","0.4300","0.4300","0.4300","0.4300","2.00K","2.38%"
"09/05/2017","0.4200","0.4200","0.4200","0.4200","0.35K","0.00%"
"05/05/2017","0.4200","0.4200","0.4200","0.4200","1.80K","0.00%"
"04/05/2017","0.4200","0.4500","0.4500","0.4200","1.45K","-6.67%"
"02/05/2017","0.4500","0.4500","0.4500","0.4500","0.22K","0.00%"
"28/04/2017","0.4500","0.4500","0.4500","0.4500","5.35K","-4.26%"
"24/04/2017","0.4700","0.4700","0.4700","0.4700","1.20K","0.00%"
"21/04/2017","0.4700","0.4500","0.4700","0.4500","1.26K","-6.00%"
"19/04/2017","0.5000","0.5000","0.5000","0.5000","6.50K","0.00%"
"18/04/2017","0.5000","0.5000","0.5000","0.5000","0.29K","6.38%"
"13/04/2017","0.4700","0.4700","0.4700","0.4700","6.68K","-2.08%"
"12/04/2017","0.4800","0.4800","0.4800","0.4800","0.51K","11.63%"
"11/04/2017","0.4300","0.4300","0.4300","0.4300","2.00K","2.38%"
"10/04/2017","0.4200","0.4200","0.4200","0.4200","0.65K","2.44%"
"07/04/2017","0.4100","0.4100","0.4100","0.4100","8.60K","-18.00%"
"06/04/2017","0.5000","0.5000","0.5000","0.5000","1.90K","4.17%"
"05/04/2017","0.4800","0.4800","0.4800","0.4800","3.81K","9.09%"
"04/04/2017","0.4400","0.4400","0.4400","0.4400","28.90K","-6.38%"
"03/04/2017","0.4700","0.4700","0.4700","0.4700","0.81K","-2.08%"
"31/03/2017","0.4800","0.4800","0.4800","0.4800","5.51K","-2.04%"
"30/03/2017","0.4900","0.4900","0.4900","0.4900","3.14K","-2.00%"
"29/03/2017","0.5000","0.5000","0.5000","0.5000","1.67K","0.00%"
"28/03/2017","0.5000","0.5000","0.5000","0.5000","3.00K","0.00%"
"27/03/2017","0.5000","0.5000","0.5000","0.5000","1.93K","0.00%"
"23/03/2017","0.5000","0.5000","0.5000","0.5000","4.10K","-7.41%"
"22/03/2017","0.5400","0.5500","0.5500","0.5400","1.30K","-1.82%"
"21/03/2017","0.5500","0.5500","0.5500","0.5500","0.51K","0.00%"
"20/03/2017","0.5500","0.5500","0.5500","0.5500","0.05K","0.00%"
"17/03/2017","0.5500","0.5500","0.5500","0.5500","2.50K","0.00%"
"15/03/2017","0.5500","0.5500","0.5500","0.5500","0.66K","0.00%"
"14/03/2017","0.5500","0.5500","0.5500","0.5500","7.50K","3.77%"
"13/03/2017","0.5300","0.5300","0.5300","0.5300","9.57K","3.92%"
"10/03/2017","0.5100","0.5100","0.5100","0.5100","23.40K","2.00%"
"09/03/2017","0.5000","0.5000","0.5000","0.5000","4.50K","2.04%"
"08/03/2017","0.4900","0.4900","0.4900","0.4900","31.85K","0.00%"
"07/03/2017","0.4900","0.4900","0.4900","0.4900","43.01K","-3.92%"
"06/03/2017","0.5100","0.5100","0.5100","0.5100","24.66K","0.00%"
"03/03/2017","0.5100","0.5200","0.5200","0.5100","36.17K","-8.93%"
"02/03/2017","0.5600","0.5600","0.5600","0.5600","0.10K","0.00%"
"01/03/2017","0.5600","0.5500","0.5600","0.5500","26.38K","1.82%"
"28/02/2017","0.5500","0.5500","0.5500","0.5500","4.80K","0.00%"
"27/02/2017","0.5500","0.5600","0.5600","0.5500","16.16K","-3.51%"
"24/02/2017","0.5700","0.6000","0.6000","0.5700","7.30K","-3.39%"
"23/02/2017","0.5900","0.5800","0.5900","0.5800","18.80K","1.72%"
"22/02/2017","0.5800","0.5800","0.5800","0.5800","11.11K","-1.69%"
"21/02/2017","0.5900","0.6000","0.6000","0.5900","2.89K","1.72%"
"20/02/2017","0.5800","0.5800","0.5800","0.5800","4.81K","-6.45%"
"17/02/2017","0.6200","0.5800","0.6200","0.5800","5.62K","0.00%"
"16/02/2017","0.6200","0.6200","0.6200","0.6200","17.81K","6.90%"
"15/02/2017","0.5800","0.5900","0.5900","0.5800","20.00K","-7.94%"
"14/02/2017","0.6300","0.6300","0.6300","0.6300","8.24K","0.00%"
"13/02/2017","0.6300","0.6500","0.6500","0.6300","8.70K","0.00%"
"10/02/2017","0.6300","0.6300","0.6300","0.6300","0.14K","6.78%"
"09/02/2017","0.5900","0.6500","0.6500","0.5900","2.58K","-3.28%"
"08/02/2017","0.6100","0.6000","0.6100","0.6000","9.24K","-1.61%"
"07/02/2017","0.6200","0.6200","0.6200","0.6200","105.10K","-3.12%"
"06/02/2017","0.6400","0.6400","0.6400","0.6400","2.00K","0.00%"
"03/02/2017","0.6400","0.6400","0.6400","0.6400","5.00K","-1.54%"
"02/02/2017","0.6500","0.6500","0.6500","0.6500","0.03K","0.00%"
"01/02/2017","0.6500","0.6500","0.6500","0.6500","0.02K","-1.52%"
"31/01/2017","0.6600","0.6600","0.6600","0.6600","0.60K","-2.94%"
"30/01/2017","0.6800","0.6800","0.6800","0.6800","0.05K","0.00%"
"27/01/2017","0.6800","0.6800","0.6800","0.6800","15.75K","1.49%"
"26/01/2017","0.6700","0.6700","0.6700","0.6700","42.28K","0.00%"
"25/01/2017","0.6700","0.6500","0.6700","0.6500","2.42K","-1.47%"
"24/01/2017","0.6800","0.6800","0.6800","0.6800","3.09K","0.00%"
"23/01/2017","0.6800","0.6800","0.6800","0.6800","0.06K","1.49%"
"20/01/2017","0.6700","0.6700","0.6700","0.6700","3.73K","0.00%"
"19/01/2017","0.6700","0.6700","0.6700","0.6700","4.32K","1.52%"
"18/01/2017","0.6600","0.6600","0.6600","0.6600","1.88K","-1.49%"
"17/01/2017","0.6700","0.6600","0.6700","0.6600","3.23K","1.52%"
"16/01/2017","0.6600","0.6600","0.6600","0.6600","6.00K","0.00%"
"13/01/2017","0.6600","0.6600","0.6600","0.6600","6.48K","1.54%"
"12/01/2017","0.6500","0.6500","0.6500","0.6500","6.35K","-4.41%"
"10/01/2017","0.6800","0.6500","0.6800","0.6500","4.18K","4.62%"
"09/01/2017","0.6500","0.6500","0.6500","0.6500","0.89K","0.00%"
"05/01/2017","0.6500","0.6500","0.6500","0.6500","6.76K","4.84%"
"04/01/2017","0.6200","0.6200","0.6200","0.6200","0.05K","-4.62%"
"03/01/2017","0.6500","0.6400","0.6500","0.6400","2.50K","3.17%"
"02/01/2017","0.6300","0.6300","0.6300","0.6300","4.14K","0.00%"
"29/12/2016","0.6300","0.6200","0.6300","0.6200","1.15K","1.61%"
"28/12/2016","0.6200","0.6300","0.6300","0.6200","5.00K","-1.59%"
"27/12/2016","0.6300","0.6300","0.6300","0.6300","4.95K","0.00%"
"23/12/2016","0.6300","0.6300","0.6300","0.6300","5.00K","5.00%"
"22/12/2016","0.6000","0.6000","0.6000","0.6000","6.94K","-4.76%"
"21/12/2016","0.6300","0.6300","0.6300","0.6300","1.59K","0.00%"
"20/12/2016","0.6300","0.6300","0.6300","0.6300","5.19K","0.00%"
"19/12/2016","0.6300","0.6300","0.6300","0.6300","11.43K","-1.56%"
"16/12/2016","0.6400","0.6500","0.6500","0.6400","8.30K","-1.54%"
"15/12/2016","0.6500","0.6500","0.6500","0.6500","8.00K","1.56%"
"14/12/2016","0.6400","0.6400","0.6400","0.6400","6.56K","0.00%"
"13/12/2016","0.6400","0.6300","0.6400","0.6300","18.11K","-5.88%"
"12/12/2016","0.6800","0.6400","0.6800","0.6400","16.54K","6.25%"
"09/12/2016","0.6400","0.6400","0.6400","0.6400","14.90K","-1.54%"
"08/12/2016","0.6500","0.6400","0.6500","0.6400","15.42K","1.56%"
"07/12/2016","0.6400","0.6400","0.6400","0.6400","0.08K","-5.88%"
"06/12/2016","0.6800","0.6800","0.6800","0.6800","0.09K","7.94%"
"05/12/2016","0.6300","0.6300","0.6300","0.6300","10.25K","-10.00%"
"02/12/2016","0.7000","0.7000","0.7000","0.7000","3.56K","2.94%"
"25/11/2016","0.6800","0.7000","0.7000","0.6800","3.60K","0.00%"
"24/11/2016","0.6800","0.6800","0.6800","0.6800","1.57K","-2.86%"
"23/11/2016","0.7000","0.7000","0.7000","0.7000","3.25K","2.94%"
"22/11/2016","0.6800","0.6800","0.6800","0.6800","0.57K","1.49%"
"18/11/2016","0.6700","0.6700","0.6700","0.6700","1.00K","0.00%"
"17/11/2016","0.6700","0.6700","0.6700","0.6700","2.04K","0.00%"
"16/11/2016","0.6700","0.6900","0.6900","0.6700","2.38K","-4.29%"
"15/11/2016","0.7000","0.6800","0.7000","0.6800","13.97K","-2.78%"
"14/11/2016","0.7200","0.7200","0.7200","0.7200","3.32K","1.41%"
"10/11/2016","0.7100","0.7100","0.7100","0.7100","0.50K","-5.33%"
"07/11/2016","0.7500","0.7500","0.7500","0.7500","0.21K","0.00%"
"04/11/2016","0.7500","0.7500","0.7500","0.7500","0.03K","-1.32%"
"28/10/2016","0.7600","0.7600","0.7600","0.7600","0.60K","5.56%"
"26/10/2016","0.7200","0.7200","0.7200","0.7200","0.42K","1.41%"
"25/10/2016","0.7100","0.7100","0.7100","0.7100","0.11K","0.00%"
"24/10/2016","0.7100","0.7100","0.7100","0.7100","2.00K","-8.97%"
"19/10/2016","0.7800","0.7800","0.7800","0.7800","0.60K","6.85%"
"17/10/2016","0.7300","0.7300","0.7300","0.7300","1.00K","0.00%"
"14/10/2016","0.7300","0.7300","0.7300","0.7300","0.81K","-2.67%"
"13/10/2016","0.7500","0.7800","0.7800","0.7500","1.71K","-1.32%"
"12/10/2016","0.7600","0.7600","0.7600","0.7600","10.54K","0.00%"
"11/10/2016","0.7600","0.7600","0.7600","0.7600","10.10K","2.70%"
"10/10/2016","0.7400","0.7400","0.7400","0.7400","1.20K","8.82%"
"07/10/2016","0.6800","0.6800","0.6800","0.6800","1.20K","0.00%"
"06/10/2016","0.6800","0.7000","0.7000","0.6800","13.74K","-5.56%"
"30/09/2016","0.7200","0.7200","0.7200","0.7200","0.99K","0.00%"
"29/09/2016","0.7200","0.7200","0.7200","0.7200","0.90K","-4.00%"
"28/09/2016","0.7500","0.7600","0.7600","0.7500","3.50K","7.14%"
"27/09/2016","0.7000","0.7000","0.7000","0.7000","1.30K","0.00%"
"26/09/2016","0.7000","0.6900","0.7000","0.6900","9.70K","1.45%"
"23/09/2016","0.6900","0.6700","0.6900","0.6700","3.55K","2.99%"
"22/09/2016","0.6700","0.6700","0.6700","0.6700","0.97K","-1.47%"
"21/09/2016","0.6800","0.6700","0.6800","0.6700","4.44K","3.03%"
"20/09/2016","0.6600","0.6700","0.6700","0.6600","4.44K","-1.49%"
"16/09/2016","0.6700","0.6700","0.6700","0.6700","2.97K","-1.47%"
"14/09/2016","0.6800","0.6800","0.6800","0.6800","2.29K","3.03%"
"13/09/2016","0.6600","0.6600","0.6600","0.6600","4.55K","-5.71%"
"09/09/2016","0.7000","0.7000","0.7000","0.7000","2.00K","1.45%"
"07/09/2016","0.6900","0.6900","0.6900","0.6900","0.56K","2.99%"
"05/09/2016","0.6700","0.6700","0.6700","0.6700","5.00K","0.00%"
"02/09/2016","0.6700","0.6700","0.6700","0.6700","5.05K","0.00%"
"01/09/2016","0.6700","0.7500","0.7500","0.6700","5.23K","-10.67%"
"30/08/2016","0.7500","0.7700","0.7700","0.7500","5.77K","10.29%"
"29/08/2016","0.6800","0.6800","0.6800","0.6800","3.70K","0.00%"
"26/08/2016","0.6800","0.6800","0.6800","0.6800","4.57K","-5.56%"
"23/08/2016","0.7200","0.7200","0.7200","0.7200","1.95K","-4.00%"
"17/08/2016","0.7500","0.7500","0.7500","0.7500","0.23K","0.00%"
"04/08/2016","0.7500","0.7500","0.7500","0.7500","0.54K","0.00%"
"27/07/2016","0.7500","0.7500","0.7500","0.7500","0.20K","0.00%"
"26/07/2016","0.7500","0.7500","0.7500","0.7500","2.31K","0.00%"
"25/07/2016","0.7500","0.7500","0.7500","0.7500","9.51K","1.35%"
"22/07/2016","0.7400","0.7400","0.7400","0.7400","3.20K","-1.33%"
"21/07/2016","0.7500","0.7500","0.7500","0.7500","1.50K","0.00%"
"20/07/2016","0.7500","0.7500","0.7500","0.7500","10.73K","-6.25%"
"06/07/2016","0.8000","0.8000","0.8000","0.8000","0.30K","0.00%"
"01/07/2016","0.8000","0.8000","0.8000","0.8000","1.70K","-2.44%"
"30/06/2016","0.8200","0.8200","0.8200","0.8200","1.25K","2.50%"
"29/06/2016","0.8000","0.7400","0.8000","0.7400","6.09K","1.27%"
"28/06/2016","0.7900","0.7400","0.7900","0.7400","4.57K","9.72%"
"27/06/2016","0.7200","0.7100","0.7200","0.7100","1.58K","1.41%"
"24/06/2016","0.7100","0.7100","0.7100","0.7100","3.30K","-4.05%"
"21/06/2016","0.7400","0.7100","0.7400","0.7100","6.94K","1.37%"
"20/06/2016","0.7300","0.7100","0.7300","0.7100","6.80K","0.00%"
"17/06/2016","0.7300","0.7300","0.7300","0.7300","8.00K","-1.35%"
"16/06/2016","0.7400","0.7400","0.7400","0.7400","0.02K","0.00%"
"15/06/2016","0.7400","0.7400","0.7400","0.7400","6.19K","2.78%"
"14/06/2016","0.7200","0.7200","0.7200","0.7200","3.20K","-1.37%"
"10/06/2016","0.7300","0.7300","0.7300","0.7300","6.45K","1.39%"
"09/06/2016","0.7200","0.7200","0.7200","0.7200","1.63K","1.41%"
"08/06/2016","0.7100","0.7200","0.7200","0.7100","8.54K","0.00%"
"07/06/2016","0.7100","0.7100","0.7100","0.7100","1.75K","-1.39%"
"06/06/2016","0.7200","0.7200","0.7200","0.7200","4.00K","0.00%"
"02/06/2016","0.7200","0.7200","0.7200","0.7200","3.91K","0.00%"
"01/06/2016","0.7200","0.7200","0.7200","0.7200","1.00K","0.00%"
"31/05/2016","0.7200","0.7200","0.7200","0.7200","0.32K","0.00%"
"30/05/2016","0.7200","0.7200","0.7200","0.7200","2.00K","0.00%"
"27/05/2016","0.7200","0.7200","0.7200","0.7200","4.50K","-2.70%"
"18/05/2016","0.7400","0.6900","0.7400","0.6900","7.84K","5.71%"
"17/05/2016","0.7000","0.7000","0.7000","0.7000","27.98K","-9.09%"
"16/05/2016","0.7700","0.8000","0.8000","0.7700","11.38K","-6.10%"
"13/05/2016","0.8200","0.8000","0.8200","0.8000","0.40K","-1.20%"
"12/05/2016","0.8300","0.8300","0.8300","0.8300","1.00K","2.47%"
"11/05/2016","0.8100","0.8100","0.8100","0.8100","0.20K","3.85%"
"10/05/2016","0.7800","0.7800","0.7800","0.7800","0.56K","-2.50%"
"09/05/2016","0.8000","0.8000","0.8000","0.8000","1.21K","0.00%"
"06/05/2016","0.8000","0.7800","0.8000","0.7800","14.50K","5.26%"
"05/05/2016","0.7600","0.7500","0.7600","0.7500","4.10K","1.33%"
"04/05/2016","0.7500","0.7500","0.7500","0.7500","5.91K","2.74%"
"02/05/2016","0.7300","0.7200","0.7300","0.7200","11.16K","1.39%"
"29/04/2016","0.7200","0.7200","0.7200","0.7200","2.11K","2.86%"
"28/04/2016","0.7000","0.7000","0.7000","0.7000","7.50K","-6.67%"
"27/04/2016","0.7500","0.7500","0.7500","0.7500","5.19K","0.00%"
"26/04/2016","0.7500","0.7500","0.7500","0.7500","4.40K","1.35%"
"25/04/2016","0.7400","0.7300","0.7400","0.7300","18.42K","2.78%"
"22/04/2016","0.7200","0.7000","0.7200","0.7000","8.36K","2.86%"
"21/04/2016","0.7000","0.6900","0.7000","0.6900","3.02K","2.94%"
"20/04/2016","0.6800","0.6800","0.6800","0.6800","14.09K","-2.86%"
"18/04/2016","0.7000","0.7000","0.7000","0.7000","0.52K","0.00%"
"15/04/2016","0.7000","0.7000","0.7000","0.7000","2.00K","0.00%"
"14/04/2016","0.7000","0.6800","0.7000","0.6800","4.00K","0.00%"
"13/04/2016","0.7000","0.6600","0.7000","0.6600","15.55K","-2.78%"
"08/04/2016","0.7200","0.7200","0.7200","0.7200","0.42K","0.00%"
"07/04/2016","0.7200","0.7200","0.7200","0.7200","5.38K","0.00%"
"06/04/2016","0.7200","0.7200","0.7200","0.7200","1.07K","0.00%"
"05/04/2016","0.7200","0.7200","0.7200","0.7200","8.49K","2.86%"
"04/04/2016","0.7000","0.6900","0.7000","0.6900","51.89K","1.45%"
"01/04/2016","0.6900","0.7000","0.7000","0.6900","10.39K","2.99%"
"31/03/2016","0.6700","0.6700","0.6700","0.6700","2.20K","0.00%"
"30/03/2016","0.6700","0.6800","0.6800","0.6700","5.65K","-1.47%"
"24/03/2016","0.6800","0.6800","0.6800","0.6800","4.15K","0.00%"
"23/03/2016","0.6800","0.6500","0.6800","0.6500","8.31K","4.62%"
"22/03/2016","0.6500","0.6500","0.6500","0.6500","9.71K","-5.80%"
"21/03/2016","0.6900","0.6900","0.6900","0.6900","1.20K","0.00%"
"18/03/2016","0.6900","0.6600","0.6900","0.6600","4.30K","0.00%"
"17/03/2016","0.6900","0.6900","0.6900","0.6900","2.00K","4.55%"
"15/03/2016","0.6600","0.6700","0.6700","0.6600","7.14K","-1.49%"
"14/03/2016","0.6700","0.6900","0.6900","0.6700","8.10K","-1.47%"
"11/03/2016","0.6800","0.6700","0.6800","0.6700","7.84K","1.49%"
"10/03/2016","0.6700","0.6700","0.6700","0.6700","7.10K","-1.47%"
"09/03/2016","0.6800","0.6800","0.6800","0.6800","9.95K","0.00%"
"08/03/2016","0.6800","0.7400","0.7400","0.6800","4.21K","-2.86%"
"07/03/2016","0.7000","0.7000","0.7000","0.7000","0.01K","0.00%"
"04/03/2016","0.7000","0.7000","0.7000","0.7000","2.26K","0.00%"
"03/03/2016","0.7000","0.7000","0.7000","0.7000","1.23K","0.00%"
"02/03/2016","0.7000","0.6900","0.7000","0.6900","13.21K","-5.41%"
"29/02/2016","0.7400","0.7400","0.7400","0.7400","0.22K","-3.90%"
"26/02/2016","0.7700","0.7700","0.7700","0.7700","0.02K","6.94%"
"25/02/2016","0.7200","0.7200","0.7200","0.7200","2.20K","1.41%"
"24/02/2016","0.7100","0.7100","0.7100","0.7100","0.91K","0.00%"
"23/02/2016","0.7100","0.7200","0.7200","0.7100","6.32K","-1.39%"
"22/02/2016","0.7200","0.7600","0.7600","0.7200","1.03K","-2.70%"
"18/02/2016","0.7400","0.7600","0.7600","0.7400","8.20K","-2.63%"
"17/02/2016","0.7600","0.7400","0.7600","0.7400","0.55K","2.70%"
"16/02/2016","0.7400","0.7000","0.7400","0.7000","3.04K","2.78%"
"15/02/2016","0.7200","0.7200","0.7200","0.7200","2.12K","-1.37%"
"12/02/2016","0.7300","0.7300","0.7300","0.7300","5.22K","0.00%"
"11/02/2016","0.7300","0.7300","0.7300","0.7300","3.52K","0.00%"
"10/02/2016","0.7300","0.7100","0.7300","0.7100","4.20K","-1.35%"
"09/02/2016","0.7400","0.7400","0.7400","0.7400","0.72K","0.00%"
"08/02/2016","0.7400","0.7500","0.7500","0.7400","1.01K","4.23%"
"05/02/2016","0.7100","0.7400","0.7400","0.7100","6.51K","-1.39%"
"04/02/2016","0.7200","0.7200","0.7200","0.7200","2.50K","-1.37%"
"02/02/2016","0.7300","0.7100","0.7300","0.7100","8.50K","1.39%"
"01/02/2016","0.7200","0.7200","0.7200","0.7200","3.00K","-4.00%"
"29/01/2016","0.7500","0.7500","0.7500","0.7500","2.00K","7.14%"
"28/01/2016","0.7000","0.7000","0.7000","0.7000","13.06K","-4.11%"
"27/01/2016","0.7300","0.7200","0.7300","0.7200","4.97K","-3.95%"
"22/01/2016","0.7600","0.7600","0.7600","0.7600","1.00K","0.00%"
"20/01/2016","0.7600","0.7600","0.7600","0.7600","0.10K","0.00%"
"19/01/2016","0.7600","0.7300","0.7600","0.7300","1.73K","0.00%"
"18/01/2016","0.7600","0.7600","0.7600","0.7600","2.00K","-2.56%"
"15/01/2016","0.7800","0.7800","0.7800","0.7800","0.17K","6.85%"
"14/01/2016","0.7300","0.7300","0.7300","0.7300","2.33K","-6.41%"
"12/01/2016","0.7800","0.7800","0.7800","0.7800","0.23K","-1.27%"
"05/01/2016","0.7900","0.7900","0.7900","0.7900","0.50K","-1.25%"
"04/01/2016","0.8000","0.8000","0.8000","0.8000","0.20K","11.11%"
"30/12/2015","0.7200","0.7200","0.7200","0.7200","8.11K","0.00%"
"29/12/2015","0.7200","0.7200","0.7200","0.7200","2.25K","5.88%"
"28/12/2015","0.6800","0.7300","0.7300","0.6800","10.66K","-6.85%"
"23/12/2015","0.7300","0.7700","0.7700","0.7300","2.78K","-7.59%"
"22/12/2015","0.7900","0.7900","0.7900","0.7900","0.10K","1.28%"
"21/12/2015","0.7800","0.7800","0.7800","0.7800","5.19K","4.00%"
"18/12/2015","0.7500","0.7500","0.7500","0.7500","0.53K","-1.32%"
"17/12/2015","0.7600","0.7700","0.7700","0.7600","3.27K","5.56%"
"16/12/2015","0.7200","0.7300","0.7300","0.7200","11.78K","-5.26%"
"15/12/2015","0.7600","0.7900","0.7900","0.7600","8.16K","4.11%"
"14/12/2015","0.7300","0.7300","0.7300","0.7300","4.35K","0.00%"
"11/12/2015","0.7300","0.7200","0.7300","0.7200","4.16K","1.39%"
"10/12/2015","0.7200","0.7700","0.7700","0.7200","8.30K","-10.00%"
"09/12/2015","0.8000","0.8000","0.8000","0.8000","6.80K","-5.88%"
"02/12/2015","0.8500","0.8500","0.8500","0.8500","0.21K","0.00%"
"01/12/2015","0.8500","0.8500","0.8500","0.8500","0.40K","0.00%"
"30/11/2015","0.8500","0.8500","0.8500","0.8500","0.50K","4.94%"
"27/11/2015","0.8100","0.8100","0.8100","0.8100","6.03K","0.00%"
"26/11/2015","0.8100","0.8100","0.8100","0.8100","1.20K","0.00%"
"25/11/2015","0.8100","0.8100","0.8100","0.8100","16.11K","-3.57%"
"24/11/2015","0.8400","0.8400","0.8400","0.8400","3.65K","1.20%"
"23/11/2015","0.8300","0.8300","0.8300","0.8300","2.30K","0.00%"
"20/11/2015","0.8300","0.8100","0.8300","0.8100","8.11K","2.47%"
"19/11/2015","0.8100","0.8100","0.8100","0.8100","0.29K","-6.90%"
"18/11/2015","0.8700","0.8700","0.8700","0.8700","2.46K","0.00%"
"17/11/2015","0.8700","0.8600","0.8700","0.8600","6.40K","-2.25%"
"16/11/2015","0.8900","0.8900","0.8900","0.8900","2.51K","-5.32%"
"13/11/2015","0.9400","0.9400","0.9400","0.9400","10.10K","0.00%"
"12/11/2015","0.9400","0.9400","0.9400","0.9400","10.31K","-6.93%"
"10/11/2015","1.0100","1.0300","1.0300","1.0100","25.25K","-7.34%"
"09/11/2015","1.0900","1.0900","1.0900","1.0900","0.34K","0.00%"
"06/11/2015","1.0900","1.0900","1.0900","1.0900","0.00K","4.81%"
"03/11/2015","1.0400","1.0400","1.0400","1.0400","7.60K","0.97%"
"02/11/2015","1.0300","1.0300","1.0300","1.0300","30.64K","-1.90%"
"30/10/2015","1.0500","1.0600","1.0600","1.0500","3.70K","-2.78%"
"29/10/2015","1.0800","1.0900","1.0900","1.0800","2.13K","-1.82%"
"28/10/2015","1.1000","1.1200","1.1200","1.1000","7.86K","-2.65%"
"27/10/2015","1.1300","1.1300","1.1300","1.1300","8.81K","-2.59%"
"26/10/2015","1.1600","1.1600","1.1600","1.1600","0.00K","1.75%"
"23/10/2015","1.1400","1.1400","1.1400","1.1400","0.31K","0.00%"
"22/10/2015","1.1400","1.1400","1.1400","1.1400","1.77K","-0.87%"
"21/10/2015","1.1500","1.1500","1.1500","1.1500","4.10K","0.88%"
"20/10/2015","1.1400","1.1400","1.1400","1.1400","5.94K","0.00%"
"19/10/2015","1.1400","1.1400","1.1400","1.1400","2.40K","-0.87%"
"16/10/2015","1.1500","1.1500","1.1500","1.1500","8.40K","-0.86%"
"15/10/2015","1.1600","1.1600","1.1600","1.1600","3.00K","0.00%"
"14/10/2015","1.1600","1.1600","1.1600","1.1600","2.48K","0.00%"
"13/10/2015","1.1600","1.1800","1.1800","1.1600","6.55K","-2.52%"
"12/10/2015","1.1900","1.1900","1.1900","1.1900","0.02K","0.00%"
"09/10/2015","1.1900","1.1900","1.1900","1.1900","5.71K","0.85%"
"08/10/2015","1.1800","1.1900","1.1900","1.1800","3.27K","-1.67%"
"07/10/2015","1.2000","1.2000","1.2000","1.2000","5.12K","0.84%"
"06/10/2015","1.1900","1.3000","1.3000","1.1900","38.29K","-4.80%"
"05/10/2015","1.2500","1.2500","1.2500","1.2500","70.32K","0.00%"
"02/10/2015","1.2500","1.2000","1.2500","1.2000","11.00K","4.17%"
"01/10/2015","1.2000","1.2000","1.2000","1.2000","2.35K","0.00%"
"30/09/2015","1.2000","1.1600","1.2000","1.1600","2.40K","0.00%"
"29/09/2015","1.2000","1.2200","1.2200","1.1400","9.92K","-4.76%"
"28/09/2015","1.2600","1.2200","1.2600","1.2200","17.08K","4.13%"
"25/09/2015","1.2100","1.2000","1.2100","1.2000","7.90K","-0.82%"
"24/09/2015","1.2200","1.2200","1.2400","1.1700","15.13K","0.83%"
"23/09/2015","1.2100","1.2000","1.2100","1.2000","37.08K","0.83%"
"22/09/2015","1.2000","1.1600","1.2200","1.1500","4.71K","-2.44%"
"21/09/2015","1.2300","1.2200","1.2300","1.2200","0.65K","0.82%"
"18/09/2015","1.2200","1.2200","1.2300","1.2200","6.05K","0.83%"
"17/09/2015","1.2100","1.1500","1.2100","1.1300","20.11K","0.00%"
"15/09/2015","1.2100","1.2300","1.2300","1.2100","4.83K","0.00%"
"14/09/2015","1.2100","1.2200","1.2200","1.2100","23.10K","0.83%"
"11/09/2015","1.2000","1.2200","1.2200","1.2000","9.50K","2.56%"
"10/09/2015","1.1700","1.1500","1.1700","1.1500","19.60K","1.74%"
"09/09/2015","1.1500","1.1500","1.1500","1.1500","9.00K","0.00%"
"08/09/2015","1.1500","1.2200","1.2200","1.1500","3.96K","-4.96%"
"07/09/2015","1.2100","1.1800","1.2200","1.1800","4.73K","4.31%"
"04/09/2015","1.1600","1.1600","1.1800","1.1600","4.51K","1.75%"
"03/09/2015","1.1400","1.1400","1.1400","1.1400","0.93K","6.54%"
"02/09/2015","1.0700","1.1500","1.1700","1.0500","5.93K","-6.96%"
"01/09/2015","1.1500","1.1000","1.1500","1.1000","2.44K","0.00%"
"31/08/2015","1.1500","1.1400","1.1500","1.1400","1.30K","4.55%"
"28/08/2015","1.1000","1.1000","1.1000","1.1000","4.20K","-4.35%"
"27/08/2015","1.1500","1.1000","1.1500","1.1000","6.45K","4.55%"
"26/08/2015","1.1000","1.0300","1.1000","1.0300","0.05K","0.00%"
"25/08/2015","1.1000","1.0800","1.1000","1.0000","33.78K","0.92%"
"24/08/2015","1.0900","1.1800","1.1800","1.0500","18.52K","-7.63%"
"21/08/2015","1.1800","1.1900","1.2400","1.1800","5.78K","-4.07%"
"20/08/2015","1.2300","1.2300","1.2300","1.2300","0.35K","3.36%"
"19/08/2015","1.1900","1.2000","1.2000","1.1900","79.01K","-2.46%"
"18/08/2015","1.2200","1.2200","1.2200","1.2200","2.00K","-3.94%"
"17/08/2015","1.2700","1.2700","1.2700","1.2700","0.01K","0.79%"
"14/08/2015","1.2600","1.2200","1.2600","1.2200","0.69K","3.28%"
"13/08/2015","1.2200","1.2200","1.2200","1.2200","0.93K","0.00%"
"11/08/2015","1.2200","1.2600","1.2700","1.2200","4.50K","-1.61%"
"07/08/2015","1.2400","1.2500","1.3000","1.2300","11.16K","-3.12%"
"06/08/2015","1.2800","1.2700","1.2800","1.2500","4.83K","-0.78%"
"05/08/2015","1.2900","1.3000","1.3000","1.2700","0.61K","-1.53%"
"03/08/2015","1.3100","1.2800","1.3100","1.2600","8.05K","3.15%"
"31/07/2015","1.2700","1.2700","1.2700","1.2700","1.12K","-4.51%"
"28/07/2015","1.3300","1.3300","1.3400","1.2600","4.52K","0.00%"
"27/07/2015","1.3300","1.2700","1.3300","1.2500","0.59K","0.76%"
"24/07/2015","1.3200","1.3200","1.3200","1.3200","0.54K","-1.49%"
"22/07/2015","1.3400","1.2700","1.3500","1.2000","56.50K","0.75%"
"21/07/2015","1.3300","1.2700","1.3400","1.2700","3.63K","-0.75%"
"17/07/2015","1.3400","1.3200","1.3400","1.3200","11.34K","6.35%"
"14/07/2015","1.2600","1.3000","1.3000","1.2600","3.10K","-3.08%"
"13/07/2015","1.3000","1.3200","1.3200","1.3000","3.01K","-1.52%"
"10/07/2015","1.3200","1.3000","1.3200","1.3000","12.10K","0.00%"
"09/07/2015","1.3200","1.3200","1.3200","1.3200","0.30K","0.00%"
"08/07/2015","1.3200","1.3200","1.3300","1.3200","4.70K","1.54%"
"07/07/2015","1.3000","1.2800","1.3200","1.2600","15.54K","1.56%"
"06/07/2015","1.2800","1.2700","1.2800","1.2600","12.79K","0.00%"
"03/07/2015","1.2800","1.2400","1.2800","1.1500","126.16K","3.23%"
"02/07/2015","1.2400","1.2700","1.2900","1.2300","30.92K","-0.80%"
"01/07/2015","1.2500","1.2700","1.2700","1.2500","7.21K","0.00%"
"30/06/2015","1.2500","1.2700","1.2700","1.2500","16.00K","-2.34%"
"29/06/2015","1.2800","1.2500","1.2800","1.2300","60.45K","2.40%"
"26/06/2015","1.2500","1.2500","1.2700","1.2500","7.28K","0.00%"
"25/06/2015","1.2500","1.2800","1.2800","1.2500","12.17K","0.00%"
"24/06/2015","1.2500","1.2900","1.2900","1.2500","8.40K","-2.34%"
"23/06/2015","1.2800","1.2800","1.2900","1.2500","10.16K","2.40%"
"22/06/2015","1.2500","1.2500","1.2500","1.2500","5.00K","0.00%"
"19/06/2015","1.2500","1.2600","1.2700","1.2500","20.40K","0.00%"
"18/06/2015","1.2500","1.2500","1.2500","1.2500","0.30K","0.00%"
"17/06/2015","1.2500","1.2600","1.2600","1.2500","7.00K","0.00%"
"16/06/2015","1.2500","1.2500","1.2900","1.2500","15.90K","0.00%"
"15/06/2015","1.2500","1.2700","1.3600","1.2500","20.04K","-3.85%"
"12/06/2015","1.3000","1.3600","1.3600","1.2700","24.49K","-4.41%"
"11/06/2015","1.3600","1.3800","1.3800","1.3100","21.67K","-0.73%"
"10/06/2015","1.3700","1.2700","1.3800","1.2700","8.49K","4.58%"
"09/06/2015","1.3100","1.3000","1.3100","1.3000","6.50K","-5.76%"
"08/06/2015","1.3900","1.3100","1.4000","1.3000","5.96K","6.11%"
"05/06/2015","1.3100","1.3500","1.3500","1.3100","5.54K","-2.96%"
"03/06/2015","1.3500","1.3800","1.3800","1.3500","1.60K","-3.57%"
"01/06/2015","1.4000","1.3700","1.4000","1.3500","3.32K","0.00%"
"29/05/2015","1.4000","1.4000","1.4000","1.4000","2.20K","0.00%"
"28/05/2015","1.4000","1.4200","1.4200","1.4000","7.00K","-2.78%"
"27/05/2015","1.4400","1.4400","1.4400","1.4400","2.59K","1.41%"
"26/05/2015","1.4200","1.4300","1.4300","1.4200","7.65K","-1.39%"
"25/05/2015","1.4400","1.4100","1.4700","1.4100","12.90K","0.00%"
"22/05/2015","1.4400","1.4200","1.4400","1.4200","5.03K","2.13%"
"21/05/2015","1.4100","1.4500","1.4500","1.4100","13.87K","-4.08%"
"20/05/2015","1.4700","1.4500","1.5000","1.4500","8.33K","5.00%"
"19/05/2015","1.4000","1.3400","1.4000","1.3200","17.41K","4.48%"
"18/05/2015","1.3400","1.3700","1.3900","1.3200","14.11K","-2.19%"
"15/05/2015","1.3700","1.4300","1.4300","1.3000","62.91K","-9.27%"
"14/05/2015","1.5100","1.5200","1.5500","1.5000","4.90K","-1.31%"
"13/05/2015","1.5300","1.5000","1.5400","1.4900","3.97K","1.32%"
"12/05/2015","1.5100","1.5200","1.5200","1.5100","4.16K","-0.66%"
"11/05/2015","1.5200","1.5200","1.5200","1.5200","1.00K","0.00%"
"08/05/2015","1.5200","1.5100","1.5700","1.5100","3.05K","0.66%"
"07/05/2015","1.5100","1.5400","1.5400","1.5100","22.88K","-1.95%"
"06/05/2015","1.5400","1.5500","1.5500","1.5400","1.51K","-3.75%"
"05/05/2015","1.6000","1.6000","1.6200","1.6000","1.68K","-1.23%"
"04/05/2015","1.6200","1.5900","1.6400","1.5900","5.52K","1.89%"
"30/04/2015","1.5900","1.5900","1.5900","1.5900","1.13K","1.27%"
"29/04/2015","1.5700","1.6000","1.6000","1.5000","1.87K","-1.26%"
"28/04/2015","1.5900","1.5300","1.5900","1.5300","13.79K","0.00%"
"27/04/2015","1.5900","1.5900","1.5900","1.5100","0.02K","-0.62%"
"24/04/2015","1.6000","1.6000","1.6200","1.4800","8.32K","1.27%"
"23/04/2015","1.5800","1.5200","1.5800","1.5000","14.59K","3.27%"
"22/04/2015","1.5300","1.5500","1.5500","1.5200","46.65K","-1.29%"
"21/04/2015","1.5500","1.5400","1.5500","1.5400","4.60K","0.00%"
"20/04/2015","1.5500","1.5500","1.5500","1.5200","9.15K","-2.52%"
"17/04/2015","1.5900","1.5500","1.6400","1.5500","3.56K","2.58%"
"16/04/2015","1.5500","1.5700","1.5700","1.5500","54.35K","-1.90%"
"15/04/2015","1.5800","1.6100","1.6100","1.5700","8.60K","-1.86%"
"14/04/2015","1.6100","1.6100","1.6100","1.6100","2.00K","-3.01%"
"13/04/2015","1.6600","1.6600","1.6600","1.6100","3.15K","0.61%"
"10/04/2015","1.6500","1.6500","1.6500","1.6500","0.50K","-1.20%"
"09/04/2015","1.6700","1.6600","1.6700","1.6100","4.07K","0.00%"
"08/04/2015","1.6700","1.6700","1.6700","1.6500","0.61K","0.00%"
"07/04/2015","1.6700","1.6700","1.6700","1.6100","3.34K","0.00%"
"02/04/2015","1.6700","1.6000","1.6700","1.6000","3.76K","-0.60%"
"01/04/2015","1.6800","1.6800","1.6800","1.6800","2.41K","-0.59%"
"31/03/2015","1.6900","1.6900","1.6900","1.6900","0.01K","0.00%"
"30/03/2015","1.6900","1.6400","1.7000","1.6400","22.22K","3.05%"
"27/03/2015","1.6400","1.6000","1.6400","1.5700","3.21K","0.00%"
"26/03/2015","1.6400","1.6000","1.6400","1.6000","1.01K","0.00%"
"25/03/2015","1.6400","1.6500","1.6500","1.5900","2.22K","1.86%"
"24/03/2015","1.6100","1.6600","1.6700","1.6000","25.23K","-3.59%"
"23/03/2015","1.6700","1.6800","1.6800","1.6500","0.98K","-0.60%"
"20/03/2015","1.6800","1.6800","1.6800","1.6800","4.71K","1.20%"
"19/03/2015","1.6600","1.6800","1.6800","1.6500","5.12K","-1.19%"
"18/03/2015","1.6800","1.6700","1.6800","1.6700","2.94K","0.00%"
"17/03/2015","1.6800","1.6100","1.6800","1.6100","1.31K","0.60%"
"16/03/2015","1.6700","1.6700","1.6700","1.6700","0.90K","0.00%"
"13/03/2015","1.6700","1.6700","1.6700","1.6700","1.19K","-0.60%"
"12/03/2015","1.6800","1.6800","1.6800","1.6800","0.00K","-0.59%"
"11/03/2015","1.6900","1.6300","1.6900","1.6200","4.36K","0.00%"
"10/03/2015","1.6900","1.7300","1.7300","1.6300","0.85K","-2.31%"
"09/03/2015","1.7300","1.7300","1.7300","1.7300","0.00K","-0.57%"
"06/03/2015","1.7400","1.6800","1.7400","1.6700","1.31K","0.00%"
"05/03/2015","1.7400","1.7500","1.7500","1.7000","2.73K","0.00%"
"04/03/2015","1.7400","1.6200","1.7400","1.6200","2.19K","2.35%"
"03/03/2015","1.7000","1.7300","1.7300","1.7000","4.05K","-1.73%"
"02/03/2015","1.7300","1.6600","1.7400","1.6500","27.33K","4.85%"
"27/02/2015","1.6500","1.6600","1.6600","1.5900","4.89K","-1.20%"
"26/02/2015","1.6700","1.6100","1.6700","1.5600","4.77K","3.73%"
"25/02/2015","1.6100","1.6200","1.6500","1.6100","4.86K","-3.59%"
"24/02/2015","1.6700","1.6700","1.7000","1.6500","20.13K","0.00%"
"23/02/2015","1.6700","1.5600","1.6900","1.5600","151.66K","6.37%"
"20/02/2015","1.5700","1.5500","1.5900","1.5400","38.80K","2.61%"
"19/02/2015","1.5300","1.4500","1.5500","1.4500","15.87K","4.79%"
"18/02/2015","1.4600","1.4900","1.4900","1.4400","2.01K","-2.67%"
"17/02/2015","1.5000","1.5000","1.5000","1.5000","1.88K","0.00%"
"16/02/2015","1.5000","1.4300","1.5000","1.4300","8.13K","2.04%"
"13/02/2015","1.4700","1.4700","1.4700","1.4700","0.81K","3.52%"
"12/02/2015","1.4200","1.4600","1.4700","1.4200","4.92K","-3.40%"
"11/02/2015","1.4700","1.4400","1.4700","1.4400","4.43K","2.08%"
"10/02/2015","1.4400","1.4300","1.4900","1.4300","9.45K","-4.00%"
"09/02/2015","1.5000","1.5200","1.5200","1.4300","0.25K","-0.66%"
"06/02/2015","1.5100","1.5100","1.5100","1.5100","0.01K","-0.66%"
"05/02/2015","1.5200","1.4500","1.5200","1.4500","3.51K","4.83%"
"04/02/2015","1.4500","1.4500","1.4500","1.4500","5.08K","0.00%"
"03/02/2015","1.4500","1.4500","1.4500","1.4500","5.97K","0.00%"
"02/02/2015","1.4500","1.4600","1.5000","1.4500","6.43K","-3.97%"
"30/01/2015","1.5100","1.4600","1.5500","1.4500","1.78K","0.00%"
"29/01/2015","1.5100","1.5100","1.5100","1.5100","0.77K","0.00%"
"27/01/2015","1.5100","1.5100","1.5100","1.5000","4.04K","-5.03%"
"26/01/2015","1.5900","1.5500","1.5900","1.5500","2.10K","2.58%"
"23/01/2015","1.5500","1.4500","1.5500","1.4400","4.19K","0.65%"
"22/01/2015","1.5400","1.5500","1.5500","1.5100","8.26K","-0.65%"
"21/01/2015","1.5500","1.5300","1.5500","1.5000","3.56K","-2.52%"
"20/01/2015","1.5900","1.5300","1.5900","1.5300","1.19K","3.25%"
"19/01/2015","1.5400","1.5900","1.5900","1.5400","1.63K","-1.91%"
"16/01/2015","1.5700","1.5200","1.5700","1.5200","1.70K","1.29%"
"15/01/2015","1.5500","1.4600","1.5600","1.4600","1.42K","-1.27%"
"14/01/2015","1.5700","1.5700","1.5700","1.5700","0.01K","-1.26%"
"13/01/2015","1.5900","1.5800","1.5900","1.5800","0.84K","1.27%"
"12/01/2015","1.5700","1.6000","1.6000","1.5400","1.46K","2.61%"
"09/01/2015","1.5300","1.6100","1.6100","1.5300","3.15K","-5.56%"
"08/01/2015","1.6200","1.5600","1.6200","1.5600","4.34K","2.53%"
"07/01/2015","1.5800","1.5300","1.5800","1.5000","11.28K","3.95%"
"05/01/2015","1.5200","1.4600","1.5300","1.4600","16.69K","2.70%"
"02/01/2015","1.4800","1.3400","1.4900","1.3400","6.06K","5.71%"
"30/12/2014","1.4000","1.4000","1.4000","1.3500","8.37K","0.00%"
"29/12/2014","1.4000","1.3700","1.4000","1.3700","11.05K","0.00%"
"23/12/2014","1.4000","1.4400","1.4400","1.3500","60.91K","-2.78%"
"22/12/2014","1.4400","1.4700","1.4700","1.3500","2.73K","-1.37%"
"19/12/2014","1.4600","1.4600","1.4900","1.3700","5.04K","0.00%"
"18/12/2014","1.4600","1.4000","1.5000","1.4000","8.55K","4.29%"
"17/12/2014","1.4000","1.3500","1.4000","1.3300","14.36K","6.87%"
"16/12/2014","1.3100","1.3500","1.4100","1.3100","11.90K","-2.96%"
"15/12/2014","1.3500","1.3900","1.3900","1.3300","9.05K","-4.93%"
"12/12/2014","1.4200","1.4000","1.4400","1.4000","6.09K","-2.07%"
"11/12/2014","1.4500","1.4200","1.4500","1.3900","12.89K","-2.03%"
"10/12/2014","1.4800","1.4500","1.4800","1.4400","2.48K","0.00%"
"09/12/2014","1.4800","1.4500","1.4800","1.4400","5.04K","0.00%"
"08/12/2014","1.4800","1.5300","1.5300","1.4400","13.22K","-3.90%"
"05/12/2014","1.5400","1.5400","1.5400","1.5400","0.00K","0.00%"
"04/12/2014","1.5400","1.5000","1.5400","1.4800","10.45K","2.67%"
"03/12/2014","1.5000","1.5000","1.5000","1.5000","0.01K","1.35%"
"02/12/2014","1.4800","1.4800","1.5000","1.4400","6.25K","1.37%"
"01/12/2014","1.4600","1.4800","1.4800","1.4400","7.80K","-2.67%"
"28/11/2014","1.5000","1.5000","1.5000","1.5000","0.02K","2.04%"
"27/11/2014","1.4700","1.5000","1.5000","1.4500","19.25K","-0.68%"
"26/11/2014","1.4800","1.5300","1.5300","1.4700","19.97K","-1.99%"
"25/11/2014","1.5100","1.5500","1.5500","1.5100","5.97K","-3.21%"
"24/11/2014","1.5600","1.5600","1.5600","1.5600","1.05K","-0.64%"
"21/11/2014","1.5700","1.6000","1.6000","1.5400","18.21K","-1.87%"
"19/11/2014","1.6000","1.6000","1.6000","1.5500","4.22K","1.27%"
"18/11/2014","1.5800","1.5600","1.6200","1.5600","45.61K","-1.25%"
"17/11/2014","1.6000","1.6100","1.6400","1.5900","54.30K","0.00%"
"14/11/2014","1.6000","1.5500","1.6100","1.5500","74.16K","5.96%"
"13/11/2014","1.5100","1.5200","1.5200","1.4900","4.82K","0.00%"
"12/11/2014","1.5100","1.5300","1.5300","1.5100","4.43K","-2.58%"
"10/11/2014","1.5500","1.5300","1.5500","1.5300","0.50K","1.31%"
"07/11/2014","1.5300","1.5400","1.5400","1.5300","4.94K","-0.65%"
"06/11/2014","1.5400","1.5600","1.5600","1.5300","23.03K","-3.14%"
"05/11/2014","1.5900","1.6000","1.6000","1.5900","3.37K","-1.85%"
"04/11/2014","1.6200","1.5700","1.6300","1.5700","1.09K","-0.61%"
"03/11/2014","1.6300","1.6300","1.6300","1.6000","5.73K","1.87%"
"31/10/2014","1.6000","1.6400","1.6400","1.6000","3.75K","-1.84%"
"30/10/2014","1.6300","1.6200","1.6300","1.6200","1.30K","0.00%"
"29/10/2014","1.6300","1.6300","1.6300","1.6000","3.01K","1.24%"
"28/10/2014","1.6100","1.5600","1.6100","1.5600","7.39K","3.21%"
"27/10/2014","1.5600","1.6300","1.6300","1.5600","4.59K","-3.11%"
"24/10/2014","1.6100","1.6600","1.6900","1.6100","0.76K","0.62%"
"23/10/2014","1.6000","1.5900","1.6000","1.5800","3.85K","0.00%"
"22/10/2014","1.6000","1.6100","1.6100","1.5800","7.15K","-3.03%"
"21/10/2014","1.6500","1.6300","1.6500","1.6000","8.97K","1.85%"
"20/10/2014","1.6200","1.6500","1.6900","1.6200","1.06K","-6.36%"
"15/10/2014","1.7300","1.7500","1.7500","1.6400","0.46K","-1.14%"
"13/10/2014","1.7500","1.7500","1.7500","1.7500","0.44K","2.94%"
"10/10/2014","1.7000","1.6800","1.7300","1.6800","0.65K","-1.73%"
"09/10/2014","1.7300","1.7500","1.7800","1.7300","0.48K","0.00%"
"08/10/2014","1.7300","1.7300","1.7300","1.7300","1.40K","-1.14%"
"07/10/2014","1.7500","1.6500","1.7500","1.6000","19.42K","4.79%"
"06/10/2014","1.6700","1.7200","1.7200","1.6700","1.60K","-2.91%"
"03/10/2014","1.7200","1.7400","1.7400","1.6800","6.28K","-0.58%"
"02/10/2014","1.7300","1.6900","1.7300","1.6700","6.51K","0.58%"
"01/10/2014","1.7200","1.7300","1.7300","1.6900","0.94K","-0.58%"
"30/09/2014","1.7300","1.7100","1.7300","1.7100","0.91K","0.00%"
"29/09/2014","1.7300","1.7400","1.7400","1.6700","0.22K","1.17%"
"26/09/2014","1.7100","1.7300","1.7300","1.7100","3.11K","-1.16%"
"25/09/2014","1.7300","1.6900","1.7300","1.6700","0.93K","0.58%"
"24/09/2014","1.7200","1.7100","1.7200","1.7100","0.30K","0.58%"
"23/09/2014","1.7100","1.7000","1.7400","1.7000","1.94K","1.18%"
"22/09/2014","1.6900","1.7400","1.7400","1.6900","20.37K","-2.87%"
"19/09/2014","1.7400","1.7500","1.7500","1.7400","1.81K","-0.57%"
"18/09/2014","1.7500","1.7900","1.7900","1.7100","3.02K","-2.23%"
"17/09/2014","1.7900","1.7500","1.8000","1.7200","5.19K","2.87%"
"16/09/2014","1.7400","1.8400","1.8700","1.7100","27.53K","-4.92%"
"15/09/2014","1.8300","1.8500","1.8500","1.7200","5.72K","5.17%"
"12/09/2014","1.7400","1.8700","1.8700","1.7400","3.08K","-4.40%"
"11/09/2014","1.8200","1.9000","1.9000","1.8100","11.05K","-4.21%"
"10/09/2014","1.9000","1.7700","1.9100","1.7400","80.64K","7.34%"
"09/09/2014","1.7700","1.7500","1.8000","1.7400","21.22K","1.14%"
"08/09/2014","1.7500","1.7200","1.7800","1.7200","11.21K","2.34%"
"05/09/2014","1.7100","1.7000","1.7200","1.7000","5.10K","0.59%"
"04/09/2014","1.7000","1.6900","1.7000","1.6400","1.55K","0.59%"
"03/09/2014","1.6900","1.7000","1.7000","1.6700","1.45K","-0.59%"
"02/09/2014","1.7000","1.6900","1.7900","1.6300","20.25K","3.66%"
"01/09/2014","1.6400","1.5700","1.6500","1.5700","83.99K","4.46%"